/*--------------------------------*- C++ -*----------------------------------*\
| =========                 |                                                 |
| \\      /  F ield         | OpenFOAM: The Open Source CFD Toolbox           |
|  \\    /   O peration     | Version:  2506                                  |
|   \\  /    A nd           | Website:  www.openfoam.com                      |
|    \\/     M anipulation  |                                                 |
\*---------------------------------------------------------------------------*/
FoamFile
{
    version     2.0;
    format      ascii;
    arch        "LSB;label=32;scalar=64";
    class       volScalarField;
    location    "500";
    object      k;
}
// * * * * * * * * * * * * * * * * * * * * * * * * * * * * * * * * * * * * * //

dimensions      [0 2 -2 0 0 0 0];

internalField   nonuniform List<scalar> 
48900
(
0.81035
2.04885
2.71549
2.94214
2.92404
2.85423
2.72779
2.60822
2.50334
2.41502
2.34132
2.28033
2.22891
2.18571
2.14816
2.11587
2.08673
2.06106
2.0372
2.01568
1.99549
1.97698
1.95943
1.94335
1.92812
1.91425
1.90117
1.88936
1.87832
1.86852
1.85941
1.85174
1.8444
1.83936
1.8338
1.83055
0.597241
0.770904
0.854585
0.904163
0.931322
0.956669
0.974958
0.999388
1.02467
1.05778
1.09237
1.13121
1.16765
1.20572
1.23809
1.27062
1.29548
1.32044
1.33724
1.35451
1.36565
1.37603
1.38236
1.3889
1.39226
1.39647
1.39817
1.40094
1.40184
1.40366
1.40414
1.40529
1.40532
1.40537
1.40565
1.40466
0.398366
0.492184
0.514174
0.510101
0.497482
0.480604
0.460685
0.449097
0.437762
0.437775
0.440739
0.448638
0.461093
0.48138
0.502435
0.530445
0.557586
0.590547
0.621241
0.656287
0.688198
0.72325
0.753969
0.787391
0.815504
0.846255
0.870915
0.898526
0.919351
0.943814
0.960745
0.982286
0.995477
1.01424
1.02381
1.03932
0.389992
0.405089
0.419711
0.418157
0.415751
0.408008
0.395749
0.383305
0.369821
0.357779
0.346872
0.338041
0.330413
0.325825
0.32252
0.322904
0.324221
0.328703
0.333658
0.342984
0.351734
0.365058
0.376872
0.393602
0.407788
0.427193
0.443022
0.464337
0.481021
0.5035
0.52021
0.543162
0.559028
0.581837
0.595778
0.617675
0.385857
0.387651
0.393271
0.39271
0.391825
0.389079
0.383506
0.37678
0.369293
0.361279
0.353128
0.345102
0.337338
0.330071
0.323596
0.317729
0.31269
0.308287
0.304699
0.301853
0.300021
0.298784
0.29884
0.299495
0.300596
0.303395
0.305756
0.310583
0.31412
0.320685
0.325279
0.333362
0.33868
0.348023
0.353638
0.363729
0.379624
0.380216
0.383118
0.382987
0.382503
0.3812
0.378373
0.374591
0.370282
0.365492
0.360463
0.355147
0.349864
0.344418
0.33911
0.33381
0.328916
0.324132
0.3198
0.315599
0.311912
0.308402
0.305377
0.302737
0.300454
0.298629
0.296898
0.295724
0.294664
0.294109
0.293762
0.29387
0.294067
0.294808
0.2954
0.296676
0.376468
0.376654
0.378192
0.378144
0.377843
0.377079
0.375392
0.373031
0.370313
0.367226
0.363935
0.360373
0.356743
0.352944
0.349161
0.345278
0.341512
0.337733
0.334128
0.330558
0.327184
0.323903
0.320801
0.317817
0.314951
0.312292
0.309848
0.307545
0.305494
0.303518
0.301844
0.300193
0.298874
0.297558
0.296579
0.295521
0.375137
0.374962
0.375505
0.375396
0.37516
0.374589
0.373399
0.371782
0.36991
0.367757
0.36544
0.362916
0.360301
0.357548
0.354761
0.351886
0.349024
0.346128
0.343283
0.340447
0.337681
0.334958
0.332319
0.329741
0.327252
0.324816
0.322523
0.320263
0.31819
0.316109
0.314265
0.312356
0.310752
0.308969
0.307617
0.305931
0.374672
0.374072
0.373996
0.373785
0.373481
0.372897
0.37198
0.370769
0.369367
0.367761
0.366024
0.364133
0.362153
0.360067
0.357932
0.355727
0.353502
0.351243
0.348987
0.346727
0.344489
0.342268
0.340086
0.337931
0.335835
0.333757
0.331767
0.329784
0.327922
0.326043
0.324328
0.322547
0.321003
0.3193
0.317949
0.316289
0.374519
0.373651
0.373189
0.372773
0.372322
0.371721
0.370928
0.369941
0.368814
0.367544
0.366166
0.364675
0.363108
0.361459
0.359761
0.358008
0.356227
0.354415
0.352592
0.350757
0.348927
0.347099
0.345291
0.343493
0.34173
0.339976
0.338275
0.336577
0.334955
0.333322
0.331796
0.330225
0.328817
0.327296
0.326033
0.324528
0.374472
0.373468
0.372744
0.372129
0.371539
0.370887
0.370136
0.369267
0.368301
0.367236
0.366089
0.364859
0.363567
0.362213
0.360815
0.359375
0.357907
0.356413
0.354904
0.353383
0.351858
0.350331
0.348813
0.347298
0.345803
0.344314
0.342857
0.341404
0.339998
0.338588
0.337247
0.33588
0.334621
0.333288
0.332136
0.330806
0.374456
0.373392
0.372505
0.371731
0.371015
0.370296
0.369541
0.368723
0.367847
0.366904
0.365905
0.364847
0.363741
0.362589
0.361403
0.360183
0.35894
0.357675
0.356397
0.355107
0.353811
0.352512
0.351216
0.349922
0.348639
0.347361
0.346102
0.344849
0.343625
0.342402
0.341223
0.340033
0.338912
0.337747
0.336707
0.335537
0.374449
0.373357
0.372377
0.371491
0.370672
0.369884
0.369099
0.368293
0.367457
0.366585
0.365677
0.364731
0.36375
0.362738
0.361699
0.360637
0.359556
0.358459
0.35735
0.356233
0.35511
0.353985
0.35286
0.351737
0.35062
0.349508
0.348409
0.347315
0.34624
0.34517
0.344129
0.343084
0.342086
0.341061
0.340124
0.339093
0.374443
0.373339
0.372308
0.37135
0.370455
0.369604
0.368779
0.367959
0.367135
0.366296
0.365439
0.364562
0.363665
0.362746
0.361811
0.360861
0.359897
0.358923
0.357941
0.356952
0.35596
0.354967
0.353974
0.352983
0.351997
0.351015
0.350043
0.349076
0.348123
0.347176
0.346249
0.345323
0.344428
0.343519
0.342672
0.341758
0.374438
0.373326
0.372267
0.371265
0.370318
0.369417
0.368552
0.367709
0.366876
0.366047
0.365215
0.364376
0.36353
0.362674
0.361809
0.360936
0.360056
0.359171
0.358281
0.357389
0.356496
0.355602
0.354711
0.353822
0.352938
0.352058
0.351186
0.350321
0.349466
0.348618
0.347784
0.346954
0.346146
0.345332
0.34456
0.343743
0.374433
0.373315
0.37224
0.371212
0.370231
0.369293
0.368394
0.367524
0.366675
0.365841
0.365015
0.364194
0.363376
0.362557
0.361738
0.360917
0.360095
0.359272
0.35845
0.357628
0.356808
0.35599
0.355176
0.354366
0.353561
0.352761
0.351968
0.351182
0.350405
0.349636
0.348878
0.348125
0.347389
0.346651
0.345944
0.345207
0.37443
0.373305
0.37222
0.371177
0.370173
0.36921
0.368284
0.36739
0.366522
0.365675
0.364846
0.364029
0.363222
0.362423
0.36163
0.360842
0.360059
0.359279
0.358503
0.357732
0.356965
0.356203
0.355446
0.354695
0.35395
0.353211
0.35248
0.351757
0.351041
0.350334
0.349636
0.348945
0.348267
0.347591
0.346938
0.346265
0.374427
0.373297
0.372205
0.37115
0.370133
0.369152
0.368206
0.367292
0.366407
0.365546
0.364707
0.363886
0.363081
0.36229
0.361509
0.360739
0.359979
0.359226
0.358481
0.357744
0.357014
0.356292
0.355576
0.354869
0.354169
0.353476
0.352792
0.352116
0.351449
0.350789
0.35014
0.349497
0.348866
0.348238
0.347628
0.347007
0.374424
0.37329
0.372192
0.371129
0.370102
0.369109
0.368149
0.36722
0.36632
0.365446
0.364596
0.363767
0.362958
0.362166
0.36139
0.360628
0.359879
0.359141
0.358415
0.3577
0.356994
0.356298
0.355612
0.354935
0.354267
0.353608
0.352958
0.352317
0.351686
0.351063
0.35045
0.349844
0.349249
0.34866
0.348085
0.347505
0.374422
0.373284
0.372181
0.371112
0.370078
0.369076
0.368106
0.367166
0.366254
0.365368
0.364508
0.363671
0.362855
0.362058
0.36128
0.36052
0.359774
0.359044
0.358327
0.357624
0.356932
0.356253
0.355585
0.354928
0.354282
0.353646
0.353021
0.352405
0.3518
0.351204
0.350617
0.35004
0.349472
0.348911
0.348363
0.347814
0.37442
0.373279
0.372172
0.371099
0.370058
0.36905
0.368072
0.367123
0.366202
0.365308
0.364438
0.363592
0.362769
0.361967
0.361185
0.360421
0.359675
0.358946
0.358233
0.357534
0.35685
0.35618
0.355522
0.354877
0.354245
0.353624
0.353014
0.352415
0.351827
0.35125
0.350682
0.350124
0.349577
0.349037
0.348508
0.347983
0.374419
0.373275
0.372164
0.371087
0.370042
0.369028
0.368044
0.367089
0.366161
0.365259
0.364382
0.363529
0.362699
0.361891
0.361103
0.360335
0.359586
0.358855
0.358141
0.357443
0.356761
0.356094
0.355442
0.354803
0.354177
0.353565
0.352964
0.352376
0.351799
0.351233
0.350678
0.350133
0.349599
0.349073
0.348558
0.348051
0.374418
0.373272
0.372159
0.371078
0.370029
0.369011
0.368022
0.367062
0.366129
0.365222
0.364339
0.363481
0.362645
0.361831
0.361039
0.360266
0.359513
0.358779
0.358062
0.357363
0.35668
0.356013
0.355361
0.354724
0.354102
0.353492
0.352896
0.352313
0.351741
0.351182
0.350633
0.350096
0.349569
0.349052
0.348545
0.348048
0.374417
0.373269
0.372154
0.37107
0.370018
0.368997
0.368005
0.36704
0.366103
0.365191
0.364304
0.363441
0.362601
0.361783
0.360985
0.360209
0.359452
0.358714
0.357994
0.357292
0.356607
0.355939
0.355286
0.354648
0.354026
0.353417
0.352822
0.35224
0.351671
0.351115
0.35057
0.350036
0.349514
0.349002
0.3485
0.348009
0.374416
0.373267
0.372149
0.371063
0.370009
0.368984
0.367988
0.367021
0.366079
0.365164
0.364273
0.363406
0.362561
0.361739
0.360938
0.360157
0.359396
0.358654
0.357931
0.357226
0.356538
0.355866
0.355211
0.354572
0.353948
0.353338
0.352743
0.352161
0.351592
0.351036
0.350492
0.34996
0.349439
0.34893
0.34843
0.347942
0.374415
0.373265
0.372145
0.371057
0.37
0.368972
0.367974
0.367003
0.366058
0.365139
0.364245
0.363374
0.362526
0.3617
0.360895
0.36011
0.359346
0.3586
0.357873
0.357165
0.356473
0.355799
0.355141
0.354499
0.353872
0.35326
0.352663
0.352079
0.351509
0.350952
0.350407
0.349875
0.349354
0.348844
0.348345
0.347859
0.374415
0.373263
0.372142
0.371052
0.369992
0.368962
0.367961
0.366987
0.366039
0.365117
0.36422
0.363346
0.362494
0.361665
0.360856
0.360069
0.359301
0.358552
0.357822
0.35711
0.356415
0.355737
0.355076
0.354431
0.353801
0.353187
0.352586
0.352
0.351428
0.350868
0.350322
0.349788
0.349265
0.348755
0.348255
0.347767
0.374414
0.373261
0.372139
0.371047
0.369986
0.368953
0.367949
0.366973
0.366023
0.365098
0.364197
0.36332
0.362466
0.361634
0.360823
0.360032
0.359261
0.358509
0.357776
0.357061
0.356363
0.355682
0.355018
0.35437
0.353737
0.353119
0.352516
0.351927
0.351352
0.35079
0.350241
0.349704
0.349179
0.348667
0.348165
0.347676
0.374414
0.373259
0.372136
0.371043
0.36998
0.368945
0.367939
0.36696
0.366008
0.365081
0.364178
0.363298
0.362441
0.361606
0.360792
0.359999
0.359225
0.358471
0.357735
0.357017
0.356317
0.355633
0.354966
0.354315
0.353679
0.353059
0.352453
0.351861
0.351283
0.350718
0.350166
0.349627
0.3491
0.348585
0.348081
0.347589
0.374413
0.373258
0.372134
0.371039
0.369975
0.368939
0.367931
0.36695
0.365995
0.365066
0.36416
0.363279
0.36242
0.361582
0.360766
0.35997
0.359194
0.358437
0.357699
0.356979
0.356276
0.35559
0.35492
0.354266
0.353628
0.353005
0.352396
0.351802
0.351221
0.350654
0.3501
0.349558
0.349028
0.348511
0.348005
0.347511
0.374413
0.373257
0.372132
0.371036
0.36997
0.368933
0.367923
0.366941
0.365984
0.365053
0.364146
0.363262
0.362401
0.361561
0.360743
0.359945
0.359167
0.358408
0.357668
0.356945
0.35624
0.355552
0.35488
0.354224
0.353583
0.352958
0.352347
0.35175
0.351167
0.350598
0.350041
0.349497
0.348966
0.348446
0.347938
0.347442
0.374412
0.373256
0.37213
0.371034
0.369967
0.368928
0.367917
0.366933
0.365975
0.365042
0.364133
0.363248
0.362385
0.361544
0.360724
0.359924
0.359144
0.358383
0.357641
0.356916
0.356209
0.355519
0.354845
0.354187
0.353545
0.352917
0.352304
0.351706
0.351121
0.350549
0.34999
0.349445
0.348911
0.348389
0.347879
0.347381
0.374412
0.373255
0.372129
0.371032
0.369964
0.368924
0.367912
0.366927
0.365968
0.365033
0.364123
0.363236
0.362372
0.361529
0.360707
0.359906
0.359124
0.358362
0.357618
0.356892
0.356183
0.355491
0.354815
0.354156
0.353512
0.352882
0.352268
0.351667
0.351081
0.350507
0.349947
0.3494
0.348864
0.348341
0.34783
0.34733
0.374412
0.373255
0.372128
0.37103
0.369962
0.368922
0.367909
0.366922
0.365962
0.365026
0.364115
0.363227
0.362361
0.361517
0.360694
0.359891
0.359108
0.358344
0.357599
0.356871
0.356161
0.355468
0.354791
0.35413
0.353484
0.352853
0.352237
0.351635
0.351047
0.350473
0.349911
0.349362
0.348826
0.348301
0.347788
0.347287
0.374412
0.373255
0.372127
0.371029
0.36996
0.36892
0.367906
0.366919
0.365958
0.365021
0.364109
0.36322
0.362353
0.361508
0.360684
0.35988
0.359096
0.358331
0.357584
0.356856
0.356144
0.35545
0.354771
0.354109
0.353462
0.35283
0.352213
0.35161
0.351021
0.350445
0.349882
0.349332
0.348795
0.348269
0.347755
0.347253
0.374412
0.373254
0.372127
0.371029
0.36996
0.368918
0.367904
0.366917
0.365955
0.365018
0.364105
0.363215
0.362348
0.361502
0.360677
0.359873
0.359088
0.358322
0.357574
0.356845
0.356132
0.355437
0.354758
0.354094
0.353447
0.352814
0.352196
0.351592
0.351001
0.350425
0.349861
0.34931
0.348772
0.348245
0.347731
0.347228
0.374412
0.373254
0.372127
0.371029
0.36996
0.368918
0.367904
0.366917
0.365955
0.365017
0.364104
0.363214
0.362346
0.3615
0.360674
0.359869
0.359084
0.358317
0.357569
0.356839
0.356126
0.35543
0.35475
0.354086
0.353438
0.352804
0.352186
0.351581
0.35099
0.350413
0.349849
0.349297
0.348758
0.348231
0.347716
0.347212
0.374412
0.373255
0.372127
0.37103
0.369961
0.36892
0.367906
0.366918
0.365956
0.365019
0.364106
0.363216
0.362348
0.361502
0.360676
0.359871
0.359086
0.358319
0.357571
0.35684
0.356127
0.355431
0.354751
0.354086
0.353438
0.352804
0.352185
0.35158
0.350989
0.350411
0.349847
0.349295
0.348755
0.348228
0.347713
0.347209
0.374412
0.373255
0.372128
0.371031
0.369963
0.368922
0.367909
0.366922
0.365961
0.365024
0.364111
0.363222
0.362354
0.361509
0.360684
0.359879
0.359094
0.358327
0.357579
0.356849
0.356136
0.35544
0.35476
0.354096
0.353447
0.352814
0.352195
0.35159
0.350999
0.350421
0.349857
0.349305
0.348766
0.348239
0.347724
0.34722
0.374412
0.373256
0.37213
0.371033
0.369965
0.368925
0.367913
0.366927
0.365966
0.36503
0.364119
0.36323
0.362363
0.361518
0.360694
0.359889
0.359105
0.358339
0.357591
0.356862
0.356149
0.355454
0.354774
0.354111
0.353462
0.352829
0.352211
0.351606
0.351016
0.350438
0.349874
0.349323
0.348784
0.348258
0.347743
0.347239
0.374413
0.373257
0.372131
0.371035
0.369968
0.368929
0.367918
0.366933
0.365974
0.365039
0.364128
0.363241
0.362375
0.361531
0.360708
0.359904
0.359121
0.358356
0.357609
0.35688
0.356169
0.355474
0.354795
0.354132
0.353485
0.352852
0.352234
0.351631
0.351041
0.350464
0.349901
0.34935
0.348812
0.348286
0.347772
0.347269
0.374413
0.373258
0.372133
0.371038
0.369973
0.368935
0.367925
0.366941
0.365984
0.36505
0.364141
0.363255
0.362391
0.361548
0.360726
0.359924
0.359142
0.358378
0.357633
0.356905
0.356195
0.355501
0.354824
0.354162
0.353516
0.352884
0.352268
0.351665
0.351076
0.350501
0.349938
0.349389
0.348852
0.348327
0.347813
0.347311
0.374414
0.37326
0.372136
0.371042
0.369978
0.368942
0.367934
0.366952
0.365996
0.365065
0.364158
0.363273
0.362411
0.36157
0.36075
0.35995
0.35917
0.358408
0.357664
0.356938
0.35623
0.355538
0.354862
0.354202
0.353558
0.352928
0.352313
0.351712
0.351125
0.350551
0.349989
0.349441
0.348905
0.34838
0.347868
0.347366
0.374414
0.373261
0.372139
0.371047
0.369985
0.368951
0.367945
0.366966
0.366012
0.365083
0.364179
0.363297
0.362437
0.361599
0.360782
0.359985
0.359207
0.358448
0.357707
0.356984
0.356278
0.355589
0.354916
0.354258
0.353616
0.352988
0.352375
0.351776
0.351189
0.350616
0.350056
0.349508
0.348972
0.348447
0.347934
0.347431
0.374415
0.373264
0.372143
0.371054
0.369994
0.368963
0.367959
0.366983
0.366033
0.365108
0.364206
0.363328
0.362473
0.361639
0.360826
0.360033
0.35926
0.358505
0.357769
0.35705
0.356348
0.355662
0.354991
0.354336
0.353696
0.35307
0.352457
0.351857
0.351271
0.350696
0.350134
0.349583
0.349044
0.348516
0.347998
0.34749
0.374416
0.373267
0.372149
0.371062
0.370005
0.368977
0.367978
0.367006
0.36606
0.365141
0.364246
0.363374
0.362526
0.361699
0.360893
0.360107
0.359341
0.358592
0.357861
0.357147
0.356448
0.355765
0.355096
0.35444
0.353799
0.35317
0.352554
0.351949
0.351356
0.350774
0.350203
0.349643
0.349093
0.348553
0.348022
0.347502
0.374417
0.37327
0.372155
0.371072
0.370019
0.368996
0.368003
0.367039
0.366102
0.365193
0.364309
0.36345
0.362613
0.361798
0.361003
0.360227
0.359468
0.358726
0.357999
0.357286
0.356587
0.3559
0.355226
0.354563
0.353912
0.353271
0.35264
0.352019
0.351409
0.350807
0.350216
0.349633
0.349059
0.348495
0.347939
0.347392
0.374418
0.373275
0.372164
0.371085
0.370039
0.369025
0.368044
0.367095
0.366178
0.365289
0.364426
0.363587
0.362769
0.36197
0.361187
0.360419
0.359665
0.358922
0.35819
0.357469
0.356757
0.356053
0.355359
0.354672
0.353993
0.353322
0.352659
0.352003
0.351356
0.350716
0.350084
0.34946
0.348844
0.348236
0.347635
0.347044
0.37442
0.37328
0.372174
0.371104
0.370072
0.36908
0.368128
0.367214
0.366333
0.36548
0.36465
0.363838
0.363041
0.362254
0.361476
0.360705
0.359939
0.359178
0.358421
0.357668
0.356918
0.356172
0.35543
0.354692
0.353959
0.35323
0.352507
0.35179
0.351078
0.350373
0.349675
0.348983
0.348298
0.347622
0.346951
0.346294
0.374421
0.373286
0.37219
0.371142
0.370149
0.369213
0.368325
0.367477
0.366657
0.365853
0.36506
0.36427
0.36348
0.362686
0.361886
0.361082
0.360271
0.359457
0.358636
0.357812
0.356985
0.356157
0.355329
0.354501
0.353674
0.35285
0.352029
0.351212
0.3504
0.349595
0.348794
0.348002
0.347215
0.346439
0.345667
0.344912
0.374421
0.373293
0.372227
0.371251
0.370365
0.369546
0.368774
0.368024
0.367276
0.366518
0.36574
0.364941
0.364116
0.363267
0.362396
0.361504
0.360594
0.359665
0.358724
0.357773
0.356812
0.355846
0.354875
0.353902
0.352928
0.351956
0.350986
0.350021
0.34906
0.348107
0.347159
0.346223
0.345291
0.344375
0.34346
0.342572
0.374411
0.373317
0.372362
0.371589
0.370925
0.370306
0.369692
0.369046
0.368346
0.367585
0.366762
0.36588
0.364943
0.363958
0.362932
0.361865
0.360766
0.359641
0.358495
0.357332
0.356155
0.354969
0.353777
0.352582
0.351386
0.350194
0.349004
0.347823
0.346647
0.345484
0.344328
0.34319
0.342057
0.340949
0.339839
0.338771
0.374383
0.373451
0.372833
0.37251
0.372205
0.371833
0.371377
0.370777
0.370035
0.369164
0.368176
0.367086
0.365906
0.364656
0.363332
0.361959
0.36054
0.359087
0.357604
0.356102
0.354584
0.353058
0.351527
0.349998
0.348471
0.346955
0.345446
0.343955
0.342474
0.341019
0.339572
0.338158
0.336748
0.335385
0.334014
0.332712
0.374369
0.374017
0.374198
0.374671
0.37478
0.374635
0.374263
0.373549
0.37258
0.371397
0.370032
0.368516
0.366876
0.365123
0.363283
0.361378
0.359413
0.357414
0.355381
0.353337
0.351279
0.349228
0.347178
0.345148
0.343132
0.341147
0.339182
0.33726
0.335355
0.333501
0.331658
0.329883
0.328113
0.326431
0.324736
0.323156
0.37462
0.37574
0.377667
0.379314
0.379785
0.37962
0.379102
0.377986
0.376429
0.374547
0.372397
0.370042
0.367499
0.364834
0.362049
0.359205
0.356294
0.353373
0.35043
0.347514
0.344606
0.341751
0.338927
0.336175
0.33347
0.330848
0.328287
0.325809
0.323357
0.321001
0.318686
0.316517
0.314381
0.312406
0.31043
0.308647
0.37533
0.381295
0.386269
0.389099
0.389537
0.389096
0.387904
0.385579
0.382645
0.379192
0.375374
0.371275
0.366956
0.3625
0.357945
0.353406
0.348855
0.344418
0.34004
0.33583
0.331721
0.327818
0.324043
0.320498
0.317093
0.313934
0.310912
0.308156
0.305572
0.303269
0.301108
0.299136
0.297309
0.29565
0.29416
0.292802
0.380181
0.397827
0.408508
0.412273
0.411809
0.410023
0.406119
0.40057
0.39421
0.387059
0.379666
0.371957
0.364395
0.356924
0.349809
0.343052
0.336708
0.330947
0.325615
0.320875
0.316631
0.312984
0.309855
0.307277
0.305241
0.303673
0.302683
0.302047
0.302108
0.30238
0.303132
0.304223
0.305899
0.307699
0.310175
0.312579
0.403337
0.45658
0.479317
0.479105
0.475412
0.467511
0.456226
0.443452
0.430855
0.418298
0.407326
0.397164
0.389347
0.38252
0.378357
0.375036
0.374437
0.375063
0.376833
0.380218
0.385007
0.391052
0.398167
0.406304
0.415335
0.425143
0.435701
0.446775
0.458505
0.470467
0.483059
0.495548
0.508733
0.521431
0.534996
0.547624
0.497286
0.590246
0.636962
0.671019
0.697166
0.717178
0.728905
0.737729
0.745574
0.753459
0.762591
0.773466
0.786287
0.801023
0.817438
0.835367
0.854385
0.874339
0.894775
0.915557
0.936255
0.956812
0.976828
0.996332
1.01496
1.03284
1.04963
1.06553
1.08027
1.09405
1.10671
1.11838
1.12911
1.13874
1.14787
1.15551
0.589574
1.20699
1.71238
2.04693
2.22416
2.30359
2.30186
2.28009
2.23969
2.18588
2.13242
2.08194
2.03564
1.99387
1.95654
1.92333
1.89384
1.86764
1.84431
1.82351
1.80488
1.78815
1.77303
1.75934
1.74685
1.73541
1.72487
1.71511
1.70602
1.69751
1.68952
1.68194
1.67476
1.6679
1.66134
1.65502
0.00276177
0.00445032
0.00638984
0.00836829
0.0102269
0.0119235
0.0134581
0.014843
0.0160918
0.0172185
0.018237
0.0191643
0.020037
0.0208502
0.0216129
0.0223361
0.0230301
0.0237037
0.0243638
0.025017
0.0256712
0.0263417
0.0270644
0.0279141
0.0289484
0.0301114
0.0313434
0.0326172
0.0339224
0.0352551
0.036614
0.0379984
0.0394084
0.0408441
0.042306
0.0437944
0.0453099
0.0468531
0.0484245
0.0500247
0.0516542
0.0533135
0.0550033
0.0567238
0.0584756
0.060259
0.0620743
0.0639219
0.0658019
0.0677146
0.0696603
0.071639
0.0736511
0.0756964
0.0777754
0.0798879
0.0820344
0.0842149
0.0864302
0.0886812
0.09097
0.0932965
0.0956565
0.0980506
0.100479
0.10294
0.105436
0.107966
0.110529
0.113125
0.115756
0.118419
0.121117
0.123847
0.126611
0.129408
0.132238
0.135101
0.137997
0.140926
0.143888
0.146885
0.149916
0.152982
0.156082
0.159219
0.162391
0.165599
0.168844
0.172126
0.175444
0.178799
0.182187
0.18561
0.189067
0.192558
0.196083
0.199643
0.203236
0.206864
0.210526
0.214223
0.217953
0.221718
0.225516
0.229348
0.233214
0.237113
0.241046
0.245012
0.249011
0.253043
0.257108
0.261205
0.265334
0.269495
0.273687
0.277911
0.282165
0.286451
0.290766
0.295113
0.299488
0.303893
0.308326
0.312788
0.317278
0.321795
0.326339
0.33091
0.335506
0.340128
0.344774
0.349445
0.354139
0.358855
0.363593
0.368353
0.373133
0.377934
0.382753
0.38759
0.392445
0.397317
0.402204
0.407107
0.412024
0.416954
0.421896
0.426851
0.431815
0.436789
0.441771
0.446761
0.451756
0.456758
0.461764
0.466773
0.471783
0.476795
0.481806
0.486816
0.491822
0.496825
0.501823
0.506815
0.511799
0.516775
0.52174
0.526695
0.531636
0.536566
0.541479
0.546377
0.551257
0.556117
0.560957
0.565776
0.570571
0.575342
0.580088
0.584807
0.589497
0.594158
0.598789
0.603386
0.607951
0.61248
0.616973
0.621429
0.625846
0.630224
0.634563
0.638861
0.643122
0.647349
0.651551
0.655744
0.659956
0.664237
0.668469
0.672634
0.676724
0.680752
0.68473
0.68864
0.692492
0.696284
0.700017
0.70369
0.707302
0.710854
0.714344
0.717773
0.721139
0.724443
0.727683
0.73086
0.733973
0.737023
0.740008
0.742929
0.745785
0.748577
0.751305
0.753967
0.756566
0.7591
0.761569
0.763975
0.766317
0.768595
0.770809
0.772961
0.77505
0.777077
0.779041
0.780945
0.782787
0.784569
0.786291
0.787954
0.789557
0.791102
0.792589
0.794017
0.795388
0.796702
0.79796
0.79916
0.800305
0.801395
0.80243
0.80341
0.804337
0.805211
0.806032
0.806802
0.807521
0.808188
0.808806
0.809373
0.809891
0.810359
0.810779
0.811149
0.811471
0.811744
0.811968
0.812144
0.812271
0.812348
0.812373
0.812341
0.812143
0.812077
0.811988
0.811819
0.811566
0.811331
0.810954
0.810573
0.810092
0.809571
0.809013
0.808405
0.807727
0.80698
0.806158
0.805257
0.804276
0.803231
0.80212
0.800916
0.799598
0.798191
0.796702
0.795056
0.793242
0.791303
0.789268
0.787121
0.784836
0.782413
0.779836
0.777099
0.774196
0.77112
0.767865
0.764424
0.760791
0.756955
0.75294
0.748815
0.745373
0.744877
0.744856
0.744729
0.744432
0.74394
0.743246
0.742348
0.741256
0.739962
0.738468
0.736775
0.734886
0.732805
0.730537
0.728086
0.725459
0.722664
0.719701
0.716599
0.713326
0.709907
0.706357
0.702686
0.698905
0.695022
0.69105
0.68699
0.682864
0.678674
0.674426
0.67011
0.665721
0.661258
0.656726
0.652125
0.647448
0.642681
0.637798
0.63275
0.627464
0.621756
0.615533
0.607611
0.599192
0.567666
0.00565731
0.00956527
0.0138368
0.0175842
0.0209111
0.0239204
0.0266778
0.029232
0.0316216
0.0338777
0.0360254
0.0380836
0.0400659
0.0420013
0.04391
0.0458068
0.0477028
0.0496065
0.0515242
0.0534612
0.0554227
0.0574153
0.0594478
0.0615309
0.0636712
0.0658653
0.0681063
0.070388
0.0727066
0.0750596
0.077446
0.0798651
0.0823169
0.0848013
0.0873189
0.08987
0.092455
0.0950747
0.0977297
0.100421
0.103148
0.105913
0.108716
0.111557
0.114437
0.117357
0.120318
0.123318
0.12636
0.129443
0.132569
0.135736
0.138947
0.1422
0.145498
0.148839
0.152225
0.155656
0.159133
0.162655
0.166224
0.16984
0.173503
0.177212
0.18097
0.184775
0.188629
0.192531
0.196483
0.200485
0.204537
0.208639
0.212793
0.216998
0.221255
0.225564
0.229926
0.234342
0.238812
0.243336
0.247916
0.252552
0.257246
0.261999
0.266812
0.271686
0.276621
0.28162
0.286684
0.291815
0.297015
0.302286
0.30762
0.313017
0.318478
0.324003
0.329592
0.335247
0.340967
0.346753
0.352606
0.358525
0.364512
0.370566
0.376689
0.382879
0.389139
0.395467
0.401864
0.40833
0.414866
0.421472
0.428146
0.434891
0.441706
0.44859
0.455545
0.462569
0.469663
0.476827
0.484061
0.491364
0.498736
0.506178
0.513689
0.521268
0.528915
0.536631
0.544413
0.552263
0.560178
0.56816
0.576206
0.584317
0.592491
0.600729
0.609028
0.617388
0.625809
0.634289
0.642827
0.651422
0.660074
0.66878
0.67754
0.686353
0.695217
0.704131
0.713093
0.722103
0.731158
0.740257
0.749398
0.75858
0.767801
0.777059
0.786352
0.795679
0.805037
0.814425
0.82384
0.83328
0.842744
0.852228
0.861732
0.871252
0.880787
0.890334
0.89989
0.909455
0.919025
0.928598
0.938171
0.947741
0.957307
0.966864
0.976411
0.985946
0.995465
1.00497
1.01445
1.0239
1.03334
1.04274
1.05211
1.06145
1.07075
1.08001
1.08923
1.09841
1.10753
1.11661
1.12564
1.13462
1.14354
1.15241
1.16121
1.16996
1.17865
1.18727
1.1958
1.20424
1.21259
1.22084
1.22896
1.23701
1.24497
1.25284
1.26063
1.26834
1.27596
1.2835
1.29094
1.2983
1.30557
1.31274
1.31983
1.32682
1.33372
1.34052
1.34723
1.35385
1.36037
1.3668
1.37313
1.37937
1.38551
1.39156
1.39752
1.40338
1.40915
1.41483
1.42041
1.42591
1.43131
1.43663
1.44186
1.447
1.45206
1.45703
1.46192
1.46673
1.47146
1.47611
1.48068
1.48517
1.48959
1.49394
1.49821
1.50241
1.50655
1.51061
1.51461
1.51854
1.52241
1.52622
1.52997
1.53366
1.5373
1.54088
1.54441
1.54788
1.55131
1.55469
1.55801
1.56129
1.56453
1.56772
1.57086
1.57395
1.57701
1.58002
1.58298
1.58589
1.58875
1.59162
1.59447
1.59728
1.60003
1.60275
1.60539
1.60798
1.6105
1.61296
1.61534
1.61765
1.61988
1.62201
1.62405
1.62599
1.62781
1.62952
1.6311
1.63255
1.63384
1.63497
1.63596
1.6367
1.63714
1.63733
1.63732
1.63712
1.63665
1.6359
1.63484
1.63347
1.63176
1.6297
1.62727
1.62445
1.62122
1.61758
1.61351
1.60907
1.60445
1.59986
1.59495
1.58958
1.58373
1.57741
1.57061
1.56333
1.55558
1.54736
1.53869
1.52956
1.51999
1.51
1.49959
1.48878
1.4776
1.46606
1.45418
1.44197
1.42941
1.41655
1.40344
1.3901
1.37656
1.36284
1.34898
1.335
1.32093
1.30679
1.2926
1.27838
1.2641
1.24977
1.23542
1.22108
1.20673
1.19239
1.17804
1.16365
1.14915
1.13448
1.11948
1.10323
1.08613
1.04151
0.00924908
0.0151406
0.0210025
0.0257948
0.0299244
0.0336326
0.0370491
0.0402511
0.0432897
0.046202
0.049017
0.0517584
0.0544465
0.0570993
0.0597317
0.0623562
0.0649831
0.0676207
0.0702762
0.0729557
0.0756649
0.0784094
0.081195
0.084027
0.0869084
0.0898395
0.0928187
0.0958437
0.0989123
0.102023
0.105175
0.108367
0.111599
0.114871
0.118184
0.121537
0.124931
0.128368
0.131846
0.135368
0.138933
0.142543
0.146198
0.149898
0.153645
0.157439
0.16128
0.16517
0.169108
0.173095
0.177132
0.181219
0.185357
0.189547
0.193788
0.198083
0.202431
0.206833
0.21129
0.215802
0.22037
0.224994
0.229676
0.234414
0.239212
0.244068
0.248983
0.253959
0.258996
0.264094
0.269255
0.274479
0.279767
0.285119
0.290537
0.296022
0.301573
0.307192
0.31288
0.318637
0.324466
0.330366
0.336339
0.342386
0.348508
0.354706
0.36098
0.367332
0.373762
0.380272
0.386863
0.393533
0.400283
0.407113
0.414024
0.421016
0.42809
0.435246
0.442485
0.449808
0.457214
0.464706
0.472282
0.479943
0.48769
0.495523
0.503443
0.511449
0.519542
0.527723
0.53599
0.544345
0.552787
0.561317
0.569935
0.57864
0.587432
0.596312
0.605279
0.614333
0.623474
0.632702
0.642016
0.651416
0.660902
0.670473
0.680128
0.689867
0.699689
0.709594
0.719581
0.729649
0.739797
0.750025
0.760331
0.770714
0.781174
0.791708
0.802317
0.812998
0.823751
0.834573
0.845464
0.856422
0.867446
0.878534
0.889684
0.900895
0.912165
0.923491
0.934873
0.946308
0.957794
0.96933
0.980912
0.992538
1.00421
1.01592
1.02766
1.03945
1.05126
1.0631
1.07498
1.08687
1.09879
1.11073
1.12269
1.13465
1.14663
1.15862
1.17061
1.18261
1.1946
1.20659
1.21857
1.23054
1.2425
1.25444
1.26636
1.27826
1.29012
1.30196
1.31377
1.32554
1.33727
1.34895
1.36059
1.37218
1.38371
1.39519
1.40661
1.41797
1.42926
1.44048
1.45164
1.46272
1.47372
1.48464
1.49548
1.50622
1.51687
1.52742
1.53786
1.5482
1.55843
1.56857
1.5786
1.58853
1.59835
1.60806
1.61767
1.62717
1.63655
1.64582
1.65498
1.66402
1.67295
1.68176
1.69045
1.69902
1.70748
1.71581
1.72402
1.73211
1.74008
1.74793
1.75566
1.76327
1.77076
1.77813
1.78537
1.79251
1.79952
1.80641
1.81319
1.81986
1.82641
1.83285
1.83918
1.8454
1.85152
1.85752
1.86343
1.86923
1.87492
1.88052
1.88602
1.89143
1.89674
1.90195
1.90708
1.91212
1.91707
1.92193
1.92672
1.93142
1.93605
1.9406
1.94507
1.94948
1.95381
1.95808
1.96228
1.96642
1.97049
1.9745
1.97845
1.98234
1.98617
1.98995
1.99366
1.99732
2.00092
2.00447
2.00796
2.0114
2.01479
2.01812
2.02139
2.02459
2.02772
2.03077
2.03374
2.03663
2.03942
2.04212
2.04471
2.04718
2.04954
2.05176
2.05385
2.05579
2.05756
2.05915
2.06055
2.06175
2.06273
2.06342
2.06379
2.06388
2.06373
2.06329
2.06252
2.0614
2.0599
2.058
2.05569
2.05294
2.04973
2.04604
2.04185
2.03715
2.03195
2.02628
2.02028
2.01392
2.00707
1.99965
1.99165
1.98305
1.97386
1.96408
1.95372
1.94279
1.93129
1.91923
1.90664
1.89353
1.87991
1.86582
1.85126
1.83628
1.82089
1.80511
1.78897
1.77249
1.75572
1.7387
1.72144
1.704
1.68639
1.66866
1.65082
1.63292
1.61497
1.597
1.57899
1.56093
1.54288
1.52487
1.5069
1.48899
1.47113
1.45331
1.4355
1.41766
1.39971
1.38139
1.36324
1.32653
0.0126686
0.0204787
0.0277005
0.0333527
0.0381137
0.0423477
0.0462414
0.0499004
0.053391
0.0567584
0.0600359
0.0632493
0.0664197
0.0695641
0.0726968
0.0758295
0.078972
0.0821325
0.085318
0.0885345
0.0917871
0.0950808
0.0984195
0.101807
0.105244
0.108733
0.112272
0.115861
0.119499
0.123184
0.126916
0.130694
0.134518
0.138387
0.142303
0.146265
0.150273
0.154329
0.158433
0.162585
0.166786
0.171037
0.175339
0.179692
0.184098
0.188556
0.193067
0.197633
0.202253
0.206929
0.211661
0.21645
0.221296
0.226201
0.231164
0.236187
0.241271
0.246415
0.251622
0.256892
0.262225
0.267622
0.273084
0.278611
0.284205
0.289866
0.295595
0.301393
0.30726
0.313198
0.319207
0.325288
0.331443
0.337672
0.343975
0.350355
0.356811
0.363345
0.369958
0.376651
0.383425
0.39028
0.397219
0.404241
0.411347
0.41854
0.425818
0.433184
0.440639
0.448182
0.455814
0.463536
0.471349
0.479253
0.487248
0.495335
0.503515
0.511789
0.520156
0.528618
0.537175
0.545828
0.554577
0.563423
0.572365
0.581405
0.590542
0.599777
0.60911
0.618542
0.628072
0.637701
0.647428
0.657254
0.667179
0.677203
0.687325
0.697545
0.707864
0.718281
0.728795
0.739408
0.750117
0.760922
0.771824
0.782822
0.793914
0.805101
0.816382
0.827755
0.83922
0.850776
0.862423
0.874159
0.885982
0.897893
0.909889
0.921969
0.934132
0.946377
0.958702
0.971106
0.983587
0.996143
1.00877
1.02147
1.03425
1.04709
1.05999
1.07296
1.08599
1.09908
1.11223
1.12544
1.13869
1.152
1.16535
1.17875
1.19219
1.20567
1.21919
1.23274
1.24632
1.25993
1.27357
1.28722
1.3009
1.31459
1.32829
1.342
1.35572
1.36944
1.38315
1.39687
1.41057
1.42426
1.43794
1.45159
1.46522
1.47883
1.4924
1.50594
1.51944
1.5329
1.54632
1.55968
1.57299
1.58625
1.59944
1.61257
1.62563
1.63862
1.65154
1.66437
1.67713
1.6898
1.70238
1.71487
1.72727
1.73956
1.75174
1.76381
1.77577
1.78762
1.79935
1.81097
1.82247
1.83385
1.84511
1.85624
1.86725
1.87813
1.88888
1.8995
1.90998
1.92033
1.93055
1.94062
1.95056
1.96036
1.97002
1.97954
1.98892
1.99815
2.00724
2.01619
2.025
2.03366
2.04218
2.05056
2.0588
2.0669
2.07485
2.08267
2.09035
2.09789
2.1053
2.11257
2.11971
2.12672
2.1336
2.14035
2.14697
2.15347
2.15985
2.16611
2.17224
2.17826
2.18417
2.18996
2.19564
2.20121
2.20668
2.21204
2.2173
2.22246
2.22753
2.2325
2.23738
2.24217
2.24687
2.25149
2.25603
2.26049
2.26486
2.26916
2.27338
2.27753
2.28161
2.28561
2.28954
2.2934
2.29719
2.30091
2.30456
2.30815
2.31166
2.3151
2.31846
2.32175
2.32494
2.32805
2.33106
2.33397
2.33678
2.33947
2.34204
2.34448
2.34678
2.34893
2.35093
2.35275
2.35437
2.3558
2.35701
2.35799
2.35871
2.3591
2.35917
2.35897
2.35846
2.35761
2.35639
2.35478
2.35275
2.35027
2.34732
2.34389
2.33993
2.33545
2.3304
2.3248
2.31864
2.31195
2.3048
2.29716
2.28893
2.28006
2.27054
2.26036
2.24952
2.23802
2.22588
2.21309
2.19967
2.18564
2.17101
2.1558
2.14003
2.12374
2.10694
2.08966
2.07195
2.05381
2.03529
2.01641
1.99723
1.97777
1.95807
1.93818
1.91812
1.89793
1.87765
1.8573
1.83693
1.81654
1.79616
1.77579
1.75547
1.73522
1.71506
1.695
1.67506
1.65522
1.6355
1.6159
1.59639
1.57693
1.55755
1.52678
0.0157147
0.0256242
0.0341253
0.0405821
0.0459335
0.0506497
0.0549673
0.0590191
0.062887
0.0666257
0.0702741
0.0738616
0.0774112
0.0809409
0.0844657
0.0879977
0.0915468
0.0951214
0.0987283
0.102373
0.106061
0.109795
0.113579
0.117415
0.121305
0.12525
0.129248
0.1333
0.137406
0.141563
0.145772
0.150032
0.154343
0.158705
0.163118
0.167582
0.172098
0.176665
0.181286
0.185959
0.190687
0.195469
0.200306
0.2052
0.21015
0.215158
0.220225
0.22535
0.230535
0.235781
0.241088
0.246457
0.25189
0.257386
0.262947
0.268573
0.274266
0.280026
0.285854
0.29175
0.297717
0.303754
0.309862
0.316043
0.322296
0.328624
0.335026
0.341503
0.348058
0.354689
0.361399
0.368189
0.375059
0.382011
0.389045
0.396162
0.403363
0.410651
0.418024
0.425485
0.433035
0.440674
0.448403
0.456224
0.464137
0.472143
0.480244
0.488439
0.49673
0.505117
0.513602
0.522185
0.530866
0.539646
0.548526
0.557507
0.566589
0.575773
0.58506
0.594449
0.603943
0.61354
0.623243
0.63305
0.642964
0.652983
0.663109
0.673341
0.683681
0.694128
0.704682
0.715343
0.726113
0.73699
0.747974
0.759067
0.770266
0.781574
0.792988
0.80451
0.816138
0.827872
0.839713
0.851659
0.86371
0.875865
0.888124
0.900486
0.912951
0.925517
0.938183
0.950949
0.963814
0.976777
0.989836
1.00299
1.01624
1.02958
1.04301
1.05653
1.07014
1.08383
1.09761
1.11148
1.12542
1.13944
1.15354
1.16772
1.18197
1.19629
1.21067
1.22512
1.23964
1.25422
1.26885
1.28354
1.29829
1.31308
1.32792
1.34281
1.35774
1.3727
1.3877
1.40273
1.41779
1.43287
1.44797
1.46309
1.47823
1.49338
1.50853
1.52368
1.53884
1.55399
1.56913
1.58426
1.59937
1.61446
1.62953
1.64457
1.65957
1.67454
1.68947
1.70435
1.71918
1.73395
1.74867
1.76333
1.77792
1.79244
1.80689
1.82126
1.83555
1.84975
1.86386
1.87787
1.89179
1.90561
1.91932
1.93292
1.9464
1.95976
1.973
1.98612
1.99911
2.01197
2.0247
2.03729
2.04975
2.06207
2.07425
2.08628
2.09817
2.10991
2.12149
2.13293
2.14421
2.15534
2.16631
2.17712
2.18777
2.19826
2.20859
2.21875
2.22876
2.2386
2.24828
2.25779
2.26714
2.27633
2.28535
2.29422
2.30292
2.31146
2.31984
2.32806
2.33613
2.34404
2.35179
2.35939
2.36684
2.37414
2.38129
2.3883
2.39516
2.40188
2.40846
2.4149
2.4212
2.42737
2.43341
2.43932
2.4451
2.45076
2.4563
2.46173
2.46703
2.47223
2.47731
2.48228
2.48716
2.49192
2.49659
2.50116
2.50564
2.51002
2.5143
2.5185
2.52261
2.52664
2.53058
2.53443
2.5382
2.54188
2.54548
2.549
2.55243
2.55578
2.55904
2.5622
2.56527
2.56823
2.57109
2.57383
2.57646
2.57896
2.58133
2.58356
2.58564
2.58755
2.58929
2.59083
2.59217
2.5933
2.59419
2.59483
2.59516
2.59517
2.59489
2.59429
2.59335
2.59204
2.59033
2.5882
2.58562
2.58256
2.579
2.57491
2.57027
2.56506
2.55926
2.55286
2.54587
2.5383
2.53018
2.52147
2.51211
2.50208
2.49134
2.47989
2.46773
2.45486
2.44129
2.42704
2.41211
2.39651
2.38028
2.36343
2.34598
2.32797
2.30942
2.29036
2.27083
2.25086
2.23049
2.20976
2.1887
2.16736
2.14577
2.12399
2.10204
2.07997
2.05781
2.0356
2.01337
1.99115
1.96897
1.94684
1.92479
1.90285
1.88104
1.85939
1.8379
1.8166
1.79551
1.77467
1.75409
1.73379
1.71342
1.6859
0.0183609
0.0305907
0.0403248
0.0475564
0.0534824
0.0586669
0.063391
0.0678118
0.0720257
0.076097
0.0800711
0.0839816
0.0878541
0.0917089
0.0955624
0.0994276
0.103315
0.107234
0.111191
0.115192
0.119241
0.123342
0.127497
0.131709
0.135979
0.140307
0.144693
0.149137
0.153639
0.158198
0.162813
0.167485
0.172212
0.176994
0.181832
0.186726
0.191677
0.196683
0.201747
0.206869
0.212049
0.217287
0.222586
0.227945
0.233364
0.238846
0.244391
0.249999
0.255671
0.261408
0.267212
0.273083
0.279022
0.28503
0.291108
0.297256
0.303475
0.309767
0.316133
0.322572
0.329087
0.335677
0.342344
0.349089
0.355912
0.362815
0.369798
0.376863
0.384011
0.391241
0.398557
0.405957
0.413445
0.421019
0.428683
0.436436
0.44428
0.452215
0.460243
0.468365
0.476582
0.484895
0.493304
0.501812
0.510418
0.519123
0.52793
0.536837
0.545848
0.554961
0.564178
0.5735
0.582927
0.592461
0.602102
0.61185
0.621707
0.631673
0.641749
0.651936
0.662233
0.672643
0.683164
0.693799
0.704547
0.715408
0.726384
0.737474
0.748679
0.759999
0.771435
0.782986
0.794652
0.806434
0.818332
0.830346
0.842476
0.854721
0.867081
0.879557
0.892147
0.904852
0.917672
0.930605
0.943651
0.95681
0.970081
0.983463
0.996956
1.01056
1.02427
1.03809
1.05202
1.06605
1.08018
1.09442
1.10877
1.12321
1.13775
1.15239
1.16712
1.18195
1.19687
1.21188
1.22698
1.24217
1.25744
1.27279
1.28822
1.30373
1.31932
1.33498
1.3507
1.3665
1.38236
1.39828
1.41426
1.43029
1.44638
1.46252
1.4787
1.49492
1.51119
1.52749
1.54382
1.56018
1.57656
1.59297
1.60939
1.62583
1.64227
1.65872
1.67517
1.69161
1.70805
1.72448
1.74089
1.75728
1.77364
1.78997
1.80627
1.82253
1.83875
1.85492
1.87103
1.88709
1.90309
1.91902
1.93488
1.95067
1.96638
1.982
1.99753
2.01298
2.02832
2.04356
2.0587
2.07372
2.08863
2.10342
2.11808
2.13262
2.14702
2.16129
2.17542
2.18941
2.20325
2.21694
2.23048
2.24387
2.25711
2.27018
2.28309
2.29583
2.30841
2.32082
2.33306
2.34512
2.35701
2.36872
2.38026
2.39161
2.40278
2.41377
2.42458
2.4352
2.44564
2.4559
2.46597
2.47585
2.48556
2.49507
2.50441
2.51356
2.52253
2.53132
2.53993
2.54837
2.55662
2.5647
2.5726
2.58034
2.5879
2.59529
2.60252
2.60958
2.61648
2.62322
2.6298
2.63623
2.6425
2.64862
2.6546
2.66043
2.66612
2.67167
2.67708
2.68236
2.68751
2.69254
2.69744
2.70222
2.70687
2.71142
2.71585
2.72017
2.72438
2.72848
2.73248
2.73638
2.74017
2.74387
2.74746
2.75096
2.75436
2.75767
2.76087
2.76398
2.76698
2.76988
2.77268
2.77536
2.77792
2.78036
2.78268
2.78486
2.78689
2.78878
2.7905
2.79206
2.79342
2.79459
2.79554
2.79627
2.79675
2.79694
2.79684
2.79643
2.79571
2.79466
2.79324
2.79144
2.78922
2.78656
2.78343
2.7798
2.77564
2.77094
2.76566
2.75979
2.75331
2.74621
2.73848
2.73012
2.72116
2.71154
2.70124
2.69022
2.67845
2.66594
2.65268
2.63868
2.62394
2.60847
2.59228
2.57541
2.55785
2.53965
2.52081
2.50138
2.48139
2.46087
2.43985
2.41838
2.39649
2.37423
2.35163
2.32874
2.30561
2.28227
2.25878
2.23516
2.21147
2.18774
2.164
2.14029
2.11664
2.09308
2.06963
2.04633
2.02319
2.00026
1.97756
1.95512
1.93297
1.91117
1.88976
1.86876
1.84763
1.82164
0.0206291
0.0353487
0.0462934
0.0542829
0.0607745
0.0664209
0.0715439
0.0763228
0.0808676
0.0852519
0.0895271
0.0937312
0.0978933
0.102036
0.106178
0.110332
0.114512
0.118726
0.122982
0.127286
0.131643
0.136056
0.140527
0.14506
0.149654
0.154311
0.15903
0.163812
0.168656
0.173561
0.178528
0.183555
0.188643
0.193791
0.198999
0.204267
0.209596
0.214986
0.220437
0.22595
0.231525
0.237164
0.242866
0.248633
0.254465
0.260363
0.266329
0.272362
0.278464
0.284636
0.290879
0.297193
0.30358
0.31004
0.316575
0.323185
0.329871
0.336634
0.343475
0.350394
0.357394
0.364474
0.371635
0.378879
0.386207
0.39362
0.401118
0.408703
0.416375
0.424136
0.431987
0.439929
0.447963
0.456089
0.46431
0.472626
0.481037
0.489546
0.498153
0.50686
0.515667
0.524575
0.533585
0.542699
0.551918
0.561242
0.570672
0.58021
0.589856
0.599611
0.609476
0.619453
0.629541
0.639741
0.650055
0.660483
0.671027
0.681686
0.692462
0.703355
0.714366
0.725495
0.736744
0.748112
0.759601
0.771211
0.782943
0.794796
0.806771
0.818868
0.831089
0.843433
0.855899
0.86849
0.881203
0.894041
0.907001
0.920085
0.933293
0.946624
0.960077
0.973654
0.987352
1.00117
1.01511
1.02918
1.04336
1.05766
1.07208
1.08662
1.10128
1.11605
1.13094
1.14594
1.16106
1.17628
1.19162
1.20707
1.22262
1.23828
1.25404
1.2699
1.28587
1.30193
1.31809
1.33434
1.35069
1.36712
1.38364
1.40025
1.41694
1.43371
1.45055
1.46747
1.48446
1.50152
1.51865
1.53583
1.55308
1.57038
1.58773
1.60512
1.62257
1.64005
1.65757
1.67512
1.6927
1.7103
1.72793
1.74557
1.76323
1.78089
1.79855
1.81621
1.83387
1.85152
1.86915
1.88675
1.90434
1.92189
1.93941
1.95689
1.97433
1.99171
2.00904
2.02631
2.04352
2.06066
2.07772
2.0947
2.1116
2.12841
2.14513
2.16175
2.17826
2.19466
2.21095
2.22712
2.24316
2.25908
2.27486
2.29051
2.30601
2.32136
2.33657
2.35162
2.36651
2.38124
2.3958
2.4102
2.42442
2.43847
2.45234
2.46603
2.47954
2.49286
2.50599
2.51893
2.53167
2.54422
2.55657
2.56872
2.58067
2.59242
2.60396
2.6153
2.62644
2.63736
2.64809
2.6586
2.66891
2.67902
2.68891
2.69861
2.70809
2.71738
2.72646
2.73533
2.74401
2.75249
2.76077
2.76885
2.77674
2.78444
2.79195
2.79926
2.8064
2.81334
2.82011
2.8267
2.83311
2.83935
2.84542
2.85132
2.85706
2.86264
2.86806
2.87332
2.87843
2.8834
2.88822
2.89289
2.89743
2.90184
2.90611
2.91025
2.91426
2.91815
2.92192
2.92557
2.9291
2.93251
2.93581
2.939
2.94208
2.94505
2.9479
2.95065
2.95328
2.95579
2.95819
2.96046
2.96261
2.96464
2.96652
2.96826
2.96986
2.9713
2.97257
2.97365
2.97456
2.97525
2.97573
2.97597
2.97595
2.97565
2.97507
2.97419
2.97298
2.97142
2.9695
2.96717
2.96443
2.96123
2.95755
2.95337
2.94865
2.94337
2.9375
2.93103
2.92393
2.91619
2.90781
2.89877
2.88907
2.87868
2.86757
2.85571
2.84309
2.82968
2.8155
2.80055
2.78482
2.76834
2.75111
2.73316
2.71451
2.69517
2.67518
2.65457
2.63337
2.61162
2.58936
2.56663
2.54346
2.51991
2.49602
2.47183
2.44739
2.42275
2.39795
2.37304
2.34806
2.32304
2.29804
2.27308
2.2482
2.22343
2.19881
2.17437
2.15014
2.12616
2.10245
2.07907
2.05607
2.03349
2.0114
1.98976
1.96803
1.94285
0.022563
0.039884
0.0520184
0.0607494
0.0677975
0.0739001
0.0794167
0.0845471
0.0894139
0.0940988
0.0986595
0.103138
0.107568
0.111973
0.116374
0.120787
0.125225
0.129698
0.134215
0.138783
0.143406
0.148088
0.152833
0.157642
0.162517
0.167458
0.172466
0.177541
0.182682
0.187889
0.193162
0.198501
0.203904
0.209373
0.214906
0.220503
0.226166
0.231894
0.237687
0.243546
0.249472
0.255465
0.261526
0.267656
0.273856
0.280125
0.286466
0.292879
0.299365
0.305925
0.312559
0.31927
0.326057
0.332922
0.339865
0.346887
0.35399
0.361175
0.368441
0.375791
0.383225
0.390744
0.39835
0.406042
0.413823
0.421693
0.429653
0.437705
0.445849
0.454087
0.462419
0.470847
0.479372
0.487994
0.496715
0.505536
0.514457
0.523481
0.532609
0.54184
0.551177
0.56062
0.570171
0.579831
0.5896
0.59948
0.609472
0.619577
0.629796
0.640129
0.650579
0.661145
0.671828
0.68263
0.693552
0.704594
0.715757
0.727043
0.738451
0.749983
0.761639
0.77342
0.785328
0.797362
0.809523
0.821812
0.834229
0.846775
0.859451
0.872256
0.885192
0.898258
0.911454
0.924782
0.938241
0.951831
0.965552
0.979405
0.993389
1.0075
1.02175
1.03613
1.05063
1.06527
1.08004
1.09494
1.10996
1.12511
1.1404
1.1558
1.17133
1.18699
1.20277
1.21868
1.2347
1.25085
1.26711
1.28349
1.29999
1.3166
1.33333
1.35016
1.3671
1.38415
1.40131
1.41857
1.43592
1.45338
1.47093
1.48857
1.5063
1.52412
1.54203
1.56001
1.57808
1.59622
1.61443
1.63271
1.65105
1.66946
1.68792
1.70644
1.725
1.74362
1.76227
1.78096
1.79969
1.81845
1.83722
1.85602
1.87484
1.89367
1.9125
1.93133
1.95016
1.96898
1.98779
2.00657
2.02533
2.04407
2.06277
2.08142
2.10004
2.1186
2.1371
2.15555
2.17393
2.19223
2.21046
2.2286
2.24665
2.26461
2.28248
2.30023
2.31788
2.3354
2.35281
2.37009
2.38724
2.40425
2.42111
2.43783
2.45439
2.4708
2.48704
2.50312
2.51902
2.53475
2.5503
2.56567
2.58085
2.59584
2.61064
2.62523
2.63963
2.65382
2.6678
2.68158
2.69514
2.70848
2.72161
2.73452
2.7472
2.75966
2.7719
2.78391
2.7957
2.80725
2.81858
2.82968
2.84055
2.85118
2.86159
2.87177
2.88172
2.89144
2.90093
2.9102
2.91924
2.92806
2.93665
2.94502
2.95317
2.96111
2.96883
2.97633
2.98363
2.99071
2.99759
3.00427
3.01074
3.01702
3.0231
3.02899
3.03469
3.04021
3.04555
3.0507
3.05569
3.0605
3.06514
3.06962
3.07394
3.07811
3.08212
3.08598
3.08969
3.09326
3.09669
3.09999
3.10314
3.10617
3.10907
3.11184
3.11448
3.117
3.11939
3.12167
3.12381
3.12583
3.12772
3.12949
3.13112
3.13261
3.13397
3.13517
3.13622
3.13712
3.13784
3.13838
3.13873
3.13887
3.13878
3.13847
3.1379
3.13707
3.13595
3.13452
3.13278
3.13069
3.12823
3.12537
3.12209
3.11835
3.11413
3.10941
3.10415
3.09832
3.09192
3.0849
3.07725
3.06895
3.05999
3.05035
3.04002
3.02898
3.01719
3.00463
2.99129
2.97714
2.9622
2.94646
2.92992
2.9126
2.89451
2.87567
2.8561
2.83583
2.81487
2.79328
2.77107
2.7483
2.72499
2.7012
2.67696
2.65232
2.62733
2.60204
2.5765
2.55075
2.52484
2.49883
2.47274
2.44664
2.42055
2.39453
2.3686
2.34281
2.31719
2.29179
2.26663
2.24175
2.21721
2.19304
2.16931
2.14608
2.12338
2.10118
2.07892
2.0542
0.0242064
0.0442017
0.0574865
0.0669378
0.0745313
0.0810831
0.0869875
0.0924632
0.0976446
0.102621
0.107456
0.112196
0.116876
0.121525
0.126164
0.130812
0.135482
0.140187
0.144936
0.149735
0.154592
0.15951
0.164494
0.169544
0.174663
0.179853
0.185113
0.190444
0.195845
0.201317
0.206859
0.212471
0.218152
0.223903
0.229723
0.235612
0.24157
0.247598
0.253696
0.259863
0.266102
0.272412
0.278794
0.285249
0.291777
0.29838
0.305057
0.311811
0.318642
0.325551
0.332538
0.339605
0.346753
0.353982
0.361293
0.368688
0.376168
0.383733
0.391384
0.399122
0.406949
0.414866
0.422872
0.43097
0.439161
0.447445
0.455823
0.464297
0.472868
0.481537
0.490304
0.499172
0.508141
0.517211
0.526386
0.535664
0.545048
0.554539
0.564138
0.573846
0.583664
0.593593
0.603635
0.613791
0.624061
0.634447
0.64495
0.655571
0.666311
0.677171
0.688153
0.699257
0.710484
0.721835
0.733312
0.744915
0.756645
0.768503
0.78049
0.792607
0.804855
0.817235
0.829747
0.842392
0.855171
0.868085
0.881134
0.894319
0.90764
0.921098
0.934694
0.948428
0.9623
0.976311
0.990461
1.00475
1.01918
1.03374
1.04845
1.0633
1.07828
1.09341
1.10867
1.12407
1.13961
1.15529
1.17111
1.18706
1.20315
1.21937
1.23573
1.25222
1.26885
1.2856
1.30249
1.31951
1.33665
1.35392
1.37131
1.38883
1.40647
1.42423
1.44211
1.4601
1.47821
1.49642
1.51475
1.53318
1.55172
1.57035
1.58909
1.60792
1.62684
1.64586
1.66496
1.68414
1.7034
1.72274
1.74214
1.76162
1.78116
1.80077
1.82042
1.84014
1.85989
1.8797
1.89954
1.91941
1.93931
1.95924
1.97919
1.99915
2.01912
2.0391
2.05908
2.07904
2.099
2.11894
2.13886
2.15874
2.1786
2.19841
2.21818
2.2379
2.25755
2.27715
2.29668
2.31613
2.3355
2.35478
2.37397
2.39306
2.41205
2.43092
2.44968
2.46832
2.48682
2.50519
2.52342
2.54151
2.55943
2.57721
2.59481
2.61225
2.62951
2.6466
2.66349
2.6802
2.69672
2.71304
2.72915
2.74506
2.76076
2.77624
2.7915
2.80654
2.82135
2.83594
2.85029
2.8644
2.87828
2.89192
2.90531
2.91846
2.93136
2.94401
2.95642
2.96857
2.98046
2.99211
3.0035
3.01463
3.02551
3.03613
3.04651
3.05662
3.06648
3.07609
3.08545
3.09456
3.10341
3.11202
3.12038
3.1285
3.13638
3.14401
3.15141
3.15857
3.16549
3.17219
3.17866
3.18491
3.19093
3.19674
3.20233
3.20771
3.21289
3.21786
3.22263
3.22721
3.23159
3.23579
3.2398
3.24364
3.2473
3.25079
3.25411
3.25726
3.26026
3.2631
3.26579
3.26832
3.27072
3.27297
3.27507
3.27704
3.27887
3.28057
3.28213
3.28355
3.28483
3.28598
3.28699
3.28787
3.28859
3.28916
3.28957
3.28984
3.28993
3.28982
3.28953
3.28904
3.28834
3.28741
3.28623
3.2848
3.28309
3.28109
3.27877
3.27611
3.27308
3.26967
3.26584
3.26157
3.25682
3.25158
3.2458
3.23948
3.23257
3.22506
3.21692
3.20813
3.19867
3.18852
3.17767
3.16609
3.15374
3.14061
3.12668
3.11194
3.09638
3.08001
3.06282
3.04482
3.02604
3.00648
2.98616
2.96513
2.94339
2.92098
2.89795
2.87433
2.85015
2.82548
2.80034
2.77479
2.74888
2.72266
2.69618
2.6695
2.64265
2.61569
2.58866
2.56162
2.53461
2.50768
2.48086
2.45419
2.42772
2.40148
2.37552
2.34989
2.32463
2.29979
2.27544
2.25164
2.2284
2.20568
2.18293
2.1584
0.0255997
0.0482886
0.0626802
0.0728294
0.0809555
0.0879477
0.0942325
0.100047
0.105535
0.110794
0.115893
0.120882
0.1258
0.130677
0.135538
0.140402
0.145285
0.1502
0.155157
0.160164
0.165229
0.170356
0.175549
0.180812
0.186147
0.191554
0.197036
0.202591
0.208221
0.213926
0.219705
0.225557
0.231484
0.237485
0.243559
0.249706
0.255928
0.262223
0.268592
0.275035
0.281553
0.288147
0.294817
0.301563
0.308387
0.315289
0.32227
0.329331
0.336473
0.343696
0.351002
0.358391
0.365865
0.373424
0.381069
0.388801
0.396622
0.404531
0.412531
0.420622
0.428806
0.437082
0.445453
0.453919
0.462482
0.471142
0.4799
0.488759
0.497718
0.506778
0.515942
0.52521
0.534583
0.544063
0.55365
0.563346
0.573152
0.583069
0.593098
0.603241
0.613498
0.623872
0.634363
0.644971
0.6557
0.666549
0.67752
0.688614
0.699833
0.711177
0.722647
0.734245
0.745971
0.757828
0.769815
0.781935
0.794187
0.806574
0.819096
0.831754
0.844549
0.857482
0.870554
0.883766
0.897118
0.910612
0.924249
0.938028
0.951951
0.966018
0.980231
0.994588
1.00909
1.02374
1.03854
1.05348
1.06858
1.08381
1.0992
1.11474
1.13042
1.14625
1.16223
1.17835
1.19462
1.21104
1.22761
1.24432
1.26118
1.27818
1.29533
1.31261
1.33004
1.34762
1.36533
1.38318
1.40117
1.41929
1.43755
1.45594
1.47446
1.49311
1.51189
1.53079
1.54981
1.56896
1.58822
1.6076
1.6271
1.6467
1.66641
1.68622
1.70614
1.72615
1.74626
1.76646
1.78674
1.80711
1.82756
1.84809
1.86869
1.88935
1.91008
1.93087
1.95171
1.9726
1.99353
2.01451
2.03552
2.05656
2.07762
2.0987
2.1198
2.1409
2.16201
2.18311
2.20421
2.22528
2.24634
2.26737
2.28837
2.30932
2.33023
2.35109
2.37189
2.39263
2.41329
2.43388
2.45438
2.4748
2.49511
2.51533
2.53543
2.55541
2.57528
2.59501
2.6146
2.63406
2.65336
2.6725
2.69149
2.7103
2.72894
2.7474
2.76567
2.78375
2.80163
2.81931
2.83678
2.85404
2.87107
2.88789
2.90447
2.92083
2.93694
2.95282
2.96844
2.98382
2.99895
3.01382
3.02843
3.04278
3.05686
3.07067
3.08421
3.09749
3.11048
3.1232
3.13564
3.14781
3.15969
3.17129
3.18261
3.19365
3.20441
3.21489
3.22508
3.235
3.24463
3.25399
3.26307
3.27187
3.2804
3.28865
3.29663
3.30435
3.3118
3.31898
3.3259
3.33256
3.33897
3.34512
3.35103
3.35669
3.36211
3.36728
3.37223
3.37694
3.38143
3.3857
3.38975
3.39358
3.39721
3.40064
3.40386
3.40689
3.40973
3.41239
3.41486
3.41716
3.41928
3.42124
3.42303
3.42466
3.42614
3.42746
3.42863
3.42965
3.43053
3.43126
3.43184
3.43227
3.43257
3.43273
3.43273
3.43257
3.43226
3.43179
3.43116
3.43034
3.42935
3.42815
3.42676
3.42515
3.4233
3.42121
3.41886
3.41622
3.41328
3.41002
3.40641
3.40243
3.39804
3.39323
3.38797
3.38222
3.37597
3.36918
3.36182
3.35386
3.34529
3.33608
3.3262
3.31563
3.30435
3.29233
3.27955
3.26597
3.25159
3.23639
3.22035
3.20349
3.1858
3.16728
3.14796
3.12785
3.10696
3.08532
3.06296
3.03991
3.01622
2.99191
2.96704
2.94164
2.91577
2.88947
2.8628
2.83581
2.80855
2.78107
2.75342
2.72566
2.69785
2.67001
2.64221
2.6145
2.58691
2.55949
2.53228
2.50534
2.4787
2.45241
2.42653
2.40112
2.37623
2.35191
2.32819
2.30497
2.28176
2.25724
0.0267837
0.0521321
0.0675873
0.0784129
0.0870573
0.0944783
0.101133
0.107276
0.113061
0.118593
0.123946
0.129173
0.134317
0.13941
0.144478
0.149544
0.154623
0.159729
0.164876
0.170071
0.175323
0.180637
0.186018
0.19147
0.196995
0.202595
0.208271
0.214025
0.219857
0.225767
0.231755
0.237821
0.243965
0.250187
0.256487
0.262864
0.269319
0.275852
0.282463
0.289153
0.295921
0.302769
0.309697
0.316705
0.323795
0.330966
0.338221
0.345559
0.352981
0.360488
0.368082
0.375762
0.383531
0.391388
0.399336
0.407374
0.415504
0.423726
0.432043
0.440454
0.448961
0.457565
0.466267
0.475068
0.48397
0.492972
0.502077
0.511285
0.520598
0.530016
0.539541
0.549175
0.558917
0.56877
0.578735
0.588812
0.599004
0.609311
0.619735
0.630276
0.640937
0.651717
0.66262
0.673646
0.684795
0.69607
0.707472
0.719002
0.730661
0.742451
0.754372
0.766427
0.778615
0.790939
0.803399
0.815998
0.828735
0.841612
0.854631
0.867791
0.881096
0.894544
0.908139
0.92188
0.935768
0.949805
0.963991
0.978328
0.992816
1.00746
1.02225
1.03719
1.05229
1.06755
1.08295
1.09852
1.11424
1.13011
1.14615
1.16233
1.17868
1.19518
1.21184
1.22866
1.24563
1.26276
1.28004
1.29748
1.31507
1.33282
1.35072
1.36878
1.38699
1.40534
1.42385
1.44251
1.46131
1.48026
1.49935
1.51859
1.53797
1.55748
1.57714
1.59693
1.61685
1.6369
1.65708
1.67738
1.69781
1.71836
1.73902
1.7598
1.78069
1.80168
1.82278
1.84398
1.86527
1.88666
1.90813
1.92969
1.95133
1.97304
1.99483
2.01668
2.03859
2.06056
2.08257
2.10464
2.12674
2.14888
2.17105
2.19324
2.21545
2.23768
2.2599
2.28213
2.30435
2.32656
2.34875
2.37092
2.39305
2.41514
2.43719
2.45919
2.48113
2.503
2.5248
2.54652
2.56815
2.58969
2.61112
2.63245
2.65367
2.67476
2.69572
2.71655
2.73723
2.75776
2.77813
2.79834
2.81837
2.83822
2.85789
2.87737
2.89664
2.91571
2.93457
2.95321
2.97163
2.98982
3.00777
3.02549
3.04295
3.06017
3.07713
3.09383
3.11026
3.12643
3.14232
3.15793
3.17326
3.1883
3.20306
3.21753
3.2317
3.24557
3.25914
3.27241
3.28538
3.29804
3.3104
3.32244
3.33418
3.34561
3.35673
3.36754
3.37804
3.38823
3.39811
3.40768
3.41695
3.42591
3.43456
3.44291
3.45096
3.45871
3.46617
3.47333
3.48019
3.48677
3.49307
3.49908
3.50481
3.51026
3.51545
3.52036
3.52501
3.52941
3.53355
3.53744
3.54108
3.54449
3.54766
3.5506
3.55331
3.55581
3.55809
3.56016
3.56203
3.5637
3.56517
3.56646
3.56756
3.56849
3.56925
3.56983
3.57024
3.5705
3.57061
3.57055
3.57033
3.56996
3.56945
3.56879
3.56798
3.56701
3.56589
3.56462
3.56318
3.56157
3.55979
3.55782
3.55566
3.5533
3.55072
3.54792
3.54486
3.54155
3.53795
3.53405
3.52983
3.52526
3.52031
3.51496
3.50919
3.50296
3.49624
3.48901
3.48124
3.47289
3.46394
3.45437
3.44415
3.43324
3.42163
3.40928
3.39616
3.38226
3.36755
3.35202
3.33565
3.31844
3.3004
3.28151
3.26181
3.24129
3.21998
3.1979
3.17508
3.15155
3.12735
3.10252
3.07711
3.05115
3.02469
2.9978
2.97051
2.94289
2.91498
2.88685
2.85855
2.83013
2.80165
2.77315
2.74468
2.71631
2.68806
2.66
2.63217
2.60462
2.5774
2.55055
2.52414
2.49822
2.47285
2.44808
2.42391
2.40023
2.37659
2.35191
0.0279664
0.0557601
0.0722253
0.0836996
0.0928403
0.100671
0.10768
0.114136
0.120205
0.125998
0.131593
0.137047
0.142404
0.147701
0.152965
0.158218
0.163479
0.168764
0.174084
0.179451
0.184872
0.190355
0.195905
0.201525
0.20722
0.212992
0.218842
0.224772
0.230782
0.236874
0.243047
0.249302
0.255638
0.262056
0.268556
0.275137
0.2818
0.288545
0.295372
0.302281
0.309274
0.316349
0.323508
0.330751
0.338079
0.345493
0.352993
0.36058
0.368255
0.376019
0.383872
0.391816
0.399851
0.407979
0.416199
0.424514
0.432925
0.441431
0.450035
0.458737
0.467538
0.47644
0.485443
0.494548
0.503757
0.513072
0.522492
0.532019
0.541654
0.551399
0.561254
0.571221
0.581301
0.591496
0.601806
0.612233
0.622778
0.633442
0.644228
0.655135
0.666166
0.677321
0.688603
0.700012
0.71155
0.723218
0.735017
0.74695
0.759016
0.771219
0.783558
0.796035
0.808652
0.82141
0.83431
0.847354
0.860542
0.873877
0.887359
0.90099
0.91477
0.928702
0.942786
0.957023
0.971415
0.985963
1.00067
1.01553
1.03055
1.04573
1.06107
1.07657
1.09223
1.10806
1.12405
1.1402
1.15652
1.173
1.18965
1.20647
1.22345
1.24059
1.2579
1.27538
1.29303
1.31084
1.32881
1.34695
1.36526
1.38373
1.40236
1.42116
1.44012
1.45924
1.47852
1.49796
1.51756
1.53731
1.55722
1.57728
1.5975
1.61786
1.63837
1.65903
1.67983
1.70077
1.72184
1.74306
1.7644
1.78588
1.80748
1.82921
1.85106
1.87302
1.89509
1.91728
1.93957
1.96196
1.98445
2.00703
2.0297
2.05245
2.07528
2.09819
2.12116
2.14419
2.16729
2.19043
2.21363
2.23686
2.26013
2.28342
2.30674
2.33008
2.35343
2.37678
2.40012
2.42346
2.44678
2.47008
2.49334
2.51657
2.53975
2.56288
2.58596
2.60896
2.63189
2.65474
2.6775
2.70016
2.72272
2.74517
2.76749
2.78969
2.81175
2.83367
2.85544
2.87704
2.89848
2.91975
2.94083
2.96172
2.98242
3.00291
3.02319
3.04325
3.06308
3.08268
3.10205
3.12117
3.14003
3.15864
3.17698
3.19506
3.21286
3.23038
3.24761
3.26456
3.2812
3.29755
3.31359
3.32933
3.34475
3.35985
3.37464
3.3891
3.40324
3.41704
3.43052
3.44367
3.45648
3.46895
3.48109
3.49289
3.50434
3.51546
3.52624
3.53668
3.54678
3.55654
3.56597
3.57505
3.5838
3.59222
3.6003
3.60805
3.61547
3.62256
3.62934
3.63579
3.64192
3.64774
3.65325
3.65845
3.66335
3.66795
3.67225
3.67627
3.68
3.68345
3.68663
3.68954
3.69219
3.69457
3.69671
3.6986
3.70025
3.70166
3.70285
3.70381
3.70456
3.70509
3.70543
3.70558
3.70553
3.70527
3.70485
3.70425
3.70349
3.70256
3.70147
3.70021
3.6988
3.69724
3.69553
3.69367
3.69165
3.68948
3.68716
3.68468
3.68203
3.67921
3.67622
3.67304
3.66966
3.66608
3.66227
3.65823
3.65393
3.64936
3.64449
3.63931
3.63379
3.62789
3.62161
3.6149
3.60774
3.6001
3.59195
3.58326
3.57399
3.56412
3.55362
3.54245
3.53059
3.51801
3.50468
3.49057
3.47565
3.45991
3.44334
3.42592
3.40766
3.38856
3.36861
3.34784
3.32627
3.3039
3.28078
3.25692
3.23238
3.20717
3.18136
3.15499
3.1281
3.10075
3.07299
3.04488
3.01647
2.98782
2.95899
2.93003
2.901
2.87195
2.84294
2.81401
2.78522
2.75662
2.72826
2.7002
2.67248
2.64515
2.61828
2.59193
2.56614
2.54096
2.51637
2.49226
2.46821
2.44331
0.0303036
0.0593669
0.0766797
0.0887326
0.0983234
0.106531
0.113867
0.120617
0.126953
0.132991
0.138814
0.144482
0.150042
0.155531
0.160978
0.166408
0.171839
0.177288
0.18277
0.188294
0.19387
0.199506
0.205208
0.210981
0.216829
0.222754
0.228758
0.234845
0.241014
0.247267
0.253605
0.260027
0.266533
0.273125
0.279802
0.286564
0.293412
0.300345
0.307364
0.314469
0.321661
0.328939
0.336304
0.343758
0.351299
0.35893
0.36665
0.374461
0.382363
0.390358
0.398445
0.406625
0.414901
0.423272
0.43174
0.440305
0.448968
0.457731
0.466595
0.47556
0.484628
0.493799
0.503075
0.512457
0.521947
0.531544
0.541251
0.551068
0.560997
0.571039
0.581196
0.591467
0.601856
0.612363
0.622989
0.633736
0.644605
0.655597
0.666714
0.677958
0.689329
0.700829
0.71246
0.724222
0.736118
0.748149
0.760316
0.772621
0.785065
0.79765
0.810376
0.823247
0.836262
0.849424
0.862734
0.876194
0.889804
0.903567
0.917483
0.931554
0.945782
0.960167
0.974712
0.989417
1.00428
1.01931
1.03451
1.04987
1.06539
1.08108
1.09695
1.11298
1.12918
1.14555
1.16209
1.17881
1.1957
1.21277
1.23001
1.24742
1.26501
1.28277
1.30072
1.31883
1.33713
1.3556
1.37424
1.39306
1.41206
1.43123
1.45058
1.47009
1.48979
1.50965
1.52969
1.54989
1.57027
1.59081
1.61152
1.63239
1.65342
1.67462
1.69597
1.71748
1.73914
1.76096
1.78292
1.80503
1.82728
1.84968
1.87221
1.89487
1.91767
1.94059
1.96363
1.98679
2.01007
2.03346
2.05696
2.08055
2.10424
2.12803
2.1519
2.17585
2.19988
2.22398
2.24814
2.27237
2.29664
2.32096
2.34533
2.36973
2.39415
2.4186
2.44306
2.46753
2.492
2.51646
2.54091
2.56534
2.58974
2.6141
2.63842
2.66268
2.68689
2.71103
2.73509
2.75907
2.78296
2.80675
2.83042
2.85399
2.87742
2.90073
2.92389
2.9469
2.96975
2.99243
3.01494
3.03727
3.0594
3.08133
3.10305
3.12456
3.14584
3.16689
3.1877
3.20826
3.22857
3.24861
3.26839
3.28789
3.30711
3.32605
3.34468
3.36302
3.38105
3.39877
3.41616
3.43324
3.44999
3.4664
3.48248
3.49822
3.51361
3.52865
3.54334
3.55768
3.57165
3.58527
3.59852
3.6114
3.62392
3.63607
3.64785
3.65926
3.6703
3.68097
3.69127
3.70119
3.71075
3.71993
3.72875
3.7372
3.74528
3.753
3.76036
3.76735
3.77399
3.78028
3.78621
3.7918
3.79704
3.80195
3.80652
3.81075
3.81466
3.81825
3.82152
3.82448
3.82714
3.8295
3.83156
3.83333
3.83482
3.83604
3.83699
3.83768
3.83812
3.83831
3.83826
3.83796
3.83745
3.83672
3.83578
3.83464
3.8333
3.83177
3.83006
3.82817
3.82611
3.82388
3.8215
3.81895
3.81626
3.81341
3.81041
3.80727
3.80398
3.80054
3.79695
3.79321
3.7893
3.78524
3.78099
3.77657
3.77195
3.76713
3.76208
3.7568
3.75126
3.74544
3.73932
3.73287
3.72607
3.71889
3.7113
3.70327
3.69477
3.68576
3.67622
3.66611
3.65539
3.64404
3.63202
3.6193
3.60585
3.59163
3.57662
3.5608
3.54416
3.52667
3.50833
3.48914
3.4691
3.44823
3.42654
3.40403
3.38076
3.35673
3.33198
3.30656
3.2805
3.25386
3.22668
3.19901
3.17092
3.14245
3.11367
3.08463
3.05539
3.02601
2.99655
2.96706
2.93761
2.90823
2.879
2.84996
2.82116
2.79267
2.76453
2.7368
2.70954
2.68281
2.65665
2.6311
2.60613
2.58163
2.55718
2.53203
0.0328385
0.0627956
0.0808847
0.0934762
0.103485
0.112041
0.119681
0.126703
0.133288
0.139556
0.145594
0.151463
0.157214
0.162883
0.168503
0.174097
0.179687
0.18529
0.19092
0.19659
0.202309
0.208085
0.213926
0.219837
0.225821
0.231884
0.238028
0.244254
0.250564
0.256961
0.263444
0.270014
0.276671
0.283417
0.290251
0.297173
0.304184
0.311284
0.318473
0.325752
0.33312
0.340579
0.348128
0.355768
0.3635
0.371324
0.379241
0.387252
0.395357
0.403558
0.411854
0.420248
0.428739
0.437328
0.446018
0.454808
0.4637
0.472694
0.481792
0.490994
0.500303
0.509718
0.519241
0.528873
0.538616
0.54847
0.558437
0.568518
0.578714
0.589027
0.599457
0.610006
0.620676
0.631468
0.642383
0.653422
0.664587
0.67588
0.687302
0.698854
0.710537
0.722355
0.734307
0.746395
0.758622
0.770988
0.783495
0.796145
0.808939
0.821878
0.834966
0.848202
0.861589
0.875128
0.888821
0.902669
0.916674
0.930838
0.945162
0.959647
0.974296
0.989109
1.00409
1.01924
1.03455
1.05004
1.0657
1.08153
1.09753
1.11371
1.13007
1.14661
1.16332
1.18022
1.1973
1.21455
1.232
1.24962
1.26743
1.28542
1.3036
1.32197
1.34052
1.35925
1.37818
1.39729
1.41658
1.43607
1.45573
1.47559
1.49563
1.51585
1.53626
1.55686
1.57763
1.59859
1.61972
1.64104
1.66253
1.6842
1.70604
1.72805
1.75024
1.77259
1.79511
1.81778
1.84062
1.86362
1.88677
1.91007
1.93352
1.95712
1.98085
2.00473
2.02873
2.05287
2.07712
2.1015
2.126
2.1506
2.17531
2.20013
2.22503
2.25003
2.27511
2.30027
2.3255
2.3508
2.37616
2.40157
2.42702
2.45252
2.47805
2.50361
2.52919
2.55477
2.58036
2.60595
2.63153
2.65709
2.68262
2.70811
2.73357
2.75897
2.78431
2.80958
2.83477
2.85988
2.8849
2.90981
2.93461
2.95929
2.98383
3.00824
3.03251
3.05661
3.08055
3.10431
3.12789
3.15127
3.17445
3.19742
3.22017
3.24269
3.26498
3.28701
3.3088
3.33032
3.35157
3.37254
3.39323
3.41362
3.43372
3.4535
3.47297
3.49212
3.51094
3.52943
3.54758
3.56538
3.58283
3.59992
3.61665
3.63301
3.649
3.66462
3.67985
3.6947
3.70916
3.72324
3.73692
3.7502
3.76309
3.77558
3.78767
3.79935
3.81064
3.82151
3.83199
3.84206
3.85172
3.86099
3.86985
3.87831
3.88636
3.89402
3.90129
3.90816
3.91463
3.92072
3.92642
3.93175
3.93669
3.94126
3.94545
3.94929
3.95276
3.95588
3.95864
3.96106
3.96315
3.9649
3.96632
3.96743
3.96822
3.96872
3.96891
3.96881
3.96842
3.96777
3.96685
3.96567
3.96424
3.96258
3.96068
3.95856
3.95623
3.95369
3.95096
3.94803
3.94493
3.94165
3.9382
3.93459
3.93083
3.92692
3.92286
3.91866
3.91432
3.90985
3.90523
3.90048
3.8956
3.89057
3.88539
3.88006
3.87458
3.86891
3.86307
3.85703
3.85077
3.84428
3.83754
3.83051
3.82319
3.81553
3.80751
3.79911
3.79027
3.78099
3.77121
3.7609
3.75003
3.73856
3.72646
3.71369
3.70021
3.68598
3.67099
3.65521
3.63861
3.62117
3.60289
3.58375
3.56377
3.54294
3.52127
3.49878
3.47549
3.45144
3.42664
3.40114
3.37499
3.34822
3.32089
3.29305
3.26475
3.23606
3.20703
3.17773
3.1482
3.11852
3.08874
3.05893
3.02913
2.99941
2.96983
2.94043
2.91129
2.88244
2.85396
2.8259
2.79831
2.77126
2.74478
2.7189
2.69359
2.66872
2.64392
2.61851
0.035329
0.0659905
0.0847998
0.0978979
0.108298
0.11718
0.125104
0.13238
0.139197
0.14568
0.151918
0.157976
0.163905
0.169743
0.175524
0.181273
0.187011
0.192757
0.198526
0.20433
0.21018
0.216085
0.222053
0.228088
0.234198
0.240385
0.246652
0.253003
0.25944
0.265963
0.272575
0.279276
0.286067
0.292949
0.299921
0.306984
0.314139
0.321386
0.328725
0.336157
0.343681
0.351299
0.359011
0.366816
0.374716
0.382712
0.390804
0.398992
0.407278
0.415662
0.424145
0.432728
0.441411
0.450196
0.459084
0.468075
0.477171
0.486372
0.49568
0.505096
0.51462
0.524255
0.534
0.543858
0.55383
0.563916
0.574118
0.584437
0.594875
0.605432
0.616111
0.626913
0.637838
0.648889
0.660067
0.671374
0.68281
0.694377
0.706077
0.717912
0.729883
0.741992
0.75424
0.766629
0.77916
0.791836
0.804658
0.817627
0.830746
0.844016
0.857438
0.871015
0.884749
0.89864
0.912691
0.926904
0.94128
0.955821
0.970528
0.985404
1.00045
1.01567
1.03106
1.04662
1.06237
1.07829
1.09439
1.11067
1.12713
1.14378
1.16062
1.17764
1.19485
1.21224
1.22983
1.24761
1.26558
1.28375
1.30211
1.32066
1.33941
1.35836
1.3775
1.39684
1.41638
1.43611
1.45605
1.47618
1.4965
1.51703
1.53775
1.55866
1.57978
1.60109
1.62259
1.64428
1.66617
1.68825
1.71051
1.73297
1.75561
1.77843
1.80143
1.82462
1.84798
1.87151
1.89522
1.9191
1.94314
1.96734
1.99171
2.01622
2.04089
2.06571
2.09067
2.11577
2.14101
2.16637
2.19186
2.21748
2.2432
2.26904
2.29498
2.32101
2.34714
2.37336
2.39966
2.42603
2.45246
2.47896
2.50551
2.5321
2.55874
2.5854
2.61209
2.6388
2.66551
2.69222
2.71892
2.74561
2.77227
2.7989
2.82548
2.85202
2.87849
2.9049
2.93122
2.95746
2.9836
3.00964
3.03556
3.06135
3.08701
3.11252
3.13788
3.16308
3.1881
3.21294
3.23759
3.26203
3.28626
3.31026
3.33404
3.35757
3.38086
3.40388
3.42664
3.44912
3.47131
3.49321
3.5148
3.53608
3.55705
3.57769
3.59799
3.61795
3.63756
3.65681
3.6757
3.69422
3.71237
3.73013
3.7475
3.76449
3.78107
3.79725
3.81302
3.82838
3.84332
3.85784
3.87194
3.88562
3.89886
3.91168
3.92406
3.93601
3.94752
3.95859
3.96923
3.97943
3.98919
3.99851
4.00739
4.01584
4.02385
4.03143
4.03857
4.04529
4.05158
4.05744
4.06289
4.06791
4.07252
4.07672
4.08051
4.08391
4.08691
4.08951
4.09173
4.09358
4.09504
4.09615
4.09689
4.09728
4.09733
4.09703
4.09641
4.09547
4.09421
4.09266
4.09081
4.08868
4.08628
4.08362
4.0807
4.07754
4.07414
4.07053
4.0667
4.06266
4.05844
4.05402
4.04944
4.04469
4.03978
4.03472
4.02952
4.02418
4.01872
4.01313
4.00741
4.00158
3.99564
3.98957
3.98339
3.97709
3.97067
3.96411
3.95741
3.95056
3.94354
3.93634
3.92894
3.92131
3.91344
3.90529
3.89684
3.88806
3.87891
3.86936
3.85937
3.84891
3.83793
3.82641
3.81429
3.80153
3.78811
3.77398
3.75911
3.74347
3.72703
3.70977
3.69167
3.67273
3.65293
3.63228
3.61078
3.58845
3.5653
3.54136
3.51666
3.49123
3.46512
3.43837
3.41103
3.38315
3.35479
3.326
3.29685
3.2674
3.23771
3.20784
3.17786
3.14782
3.11778
3.08781
3.05797
3.02831
2.9989
2.96979
2.94104
2.9127
2.88485
2.85752
2.83077
2.8046
2.77898
2.75379
2.72866
2.70301
0.0377483
0.0689426
0.0884117
0.101982
0.112748
0.121934
0.130123
0.137635
0.144668
0.151351
0.157776
0.16401
0.170105
0.176101
0.182033
0.187926
0.193802
0.199681
0.205578
0.211507
0.217478
0.223501
0.229584
0.235734
0.241956
0.248255
0.254634
0.261096
0.267645
0.274282
0.281007
0.287824
0.294732
0.301733
0.308827
0.316014
0.323295
0.330671
0.338141
0.345707
0.353368
0.361125
0.368979
0.37693
0.384978
0.393124
0.40137
0.409714
0.418159
0.426705
0.435353
0.444103
0.452957
0.461915
0.470978
0.480148
0.489425
0.498811
0.508306
0.517912
0.527629
0.53746
0.547404
0.557464
0.567641
0.577935
0.588348
0.598882
0.609538
0.620317
0.63122
0.64225
0.653407
0.664693
0.67611
0.687659
0.699342
0.71116
0.723115
0.735209
0.747443
0.75982
0.77234
0.785005
0.797818
0.81078
0.823893
0.837158
0.850578
0.864155
0.87789
0.891785
0.905842
0.920063
0.93445
0.949005
0.963729
0.978625
0.993694
1.00894
1.02436
1.03996
1.05574
1.07171
1.08786
1.10419
1.12072
1.13743
1.15433
1.17143
1.18872
1.20621
1.22389
1.24177
1.25986
1.27814
1.29663
1.31532
1.33421
1.35331
1.37262
1.39213
1.41185
1.43178
1.45192
1.47226
1.49282
1.51358
1.53455
1.55573
1.57712
1.59872
1.62053
1.64254
1.66476
1.68718
1.70981
1.73264
1.75568
1.77891
1.80234
1.82596
1.84978
1.87379
1.89799
1.92237
1.94694
1.97169
1.99662
2.02172
2.04699
2.07243
2.09803
2.12379
2.1497
2.17576
2.20197
2.22832
2.2548
2.28141
2.30815
2.33501
2.36198
2.38905
2.41623
2.4435
2.47086
2.4983
2.52581
2.55339
2.58103
2.60872
2.63645
2.66422
2.69202
2.71984
2.74767
2.77551
2.80333
2.83115
2.85894
2.88669
2.91441
2.94207
2.96968
2.99721
3.02467
3.05203
3.0793
3.10645
3.13349
3.16039
3.18716
3.21378
3.24023
3.26652
3.29262
3.31853
3.34424
3.36974
3.39501
3.42005
3.44485
3.46939
3.49368
3.51768
3.54141
3.56484
3.58797
3.61079
3.63328
3.65545
3.67728
3.69877
3.7199
3.74066
3.76106
3.78107
3.8007
3.81993
3.83877
3.8572
3.87521
3.8928
3.90997
3.92671
3.94301
3.95887
3.97428
3.98924
4.00375
4.01781
4.0314
4.04453
4.05719
4.06939
4.08112
4.09237
4.10316
4.11347
4.12331
4.13267
4.14156
4.14998
4.15793
4.16541
4.17242
4.17896
4.18504
4.19065
4.19581
4.20052
4.20477
4.20857
4.21193
4.21486
4.21735
4.21941
4.22106
4.22228
4.2231
4.22352
4.22354
4.22317
4.22242
4.2213
4.21982
4.21799
4.21582
4.21332
4.21049
4.20736
4.20393
4.2002
4.1962
4.19194
4.18742
4.18266
4.17766
4.17245
4.16703
4.16142
4.15562
4.14965
4.14352
4.13724
4.13082
4.12427
4.1176
4.11082
4.10393
4.09694
4.08986
4.08268
4.07543
4.06808
4.06065
4.05313
4.04552
4.0378
4.02997
4.02201
4.0139
4.00564
3.99718
3.98852
3.97963
3.97046
3.961
3.95119
3.94102
3.93043
3.91938
3.90784
3.89576
3.8831
3.86982
3.85586
3.84121
3.82581
3.80964
3.79267
3.77488
3.75625
3.73677
3.71644
3.69525
3.67322
3.65035
3.62668
3.60222
3.57701
3.55108
3.52449
3.49727
3.46949
3.44119
3.41244
3.3833
3.35382
3.32408
3.29414
3.26406
3.2339
3.20373
3.17361
3.1436
3.11376
3.08416
3.05486
3.02591
2.99737
2.96931
2.94176
2.91478
2.88837
2.86248
2.83699
2.81158
2.78572
0.0400828
0.0716492
0.0917157
0.105721
0.116826
0.126295
0.134729
0.14246
0.149693
0.156562
0.16316
0.169557
0.175807
0.181951
0.188022
0.194049
0.200054
0.206056
0.212072
0.218115
0.224198
0.230329
0.236518
0.242771
0.249095
0.255495
0.261974
0.268536
0.275184
0.28192
0.288747
0.295665
0.302676
0.30978
0.31698
0.324275
0.331666
0.339153
0.346737
0.354419
0.362199
0.370077
0.378055
0.386131
0.394308
0.402586
0.410965
0.419446
0.428029
0.436717
0.445508
0.454405
0.463408
0.472518
0.481736
0.491063
0.5005
0.510048
0.519709
0.529482
0.539371
0.549375
0.559496
0.569735
0.580094
0.590574
0.601177
0.611902
0.622753
0.633731
0.644836
0.656072
0.667438
0.678937
0.69057
0.702339
0.714246
0.726293
0.73848
0.75081
0.763285
0.775907
0.788676
0.801596
0.814668
0.827895
0.841277
0.854817
0.868517
0.882379
0.896405
0.910597
0.924957
0.939487
0.95419
0.969066
0.984119
0.999351
1.01476
1.03036
1.04614
1.0621
1.07826
1.0946
1.11114
1.12787
1.1448
1.16192
1.17925
1.19678
1.21451
1.23245
1.25059
1.26895
1.28751
1.30628
1.32527
1.34447
1.36389
1.38352
1.40337
1.42343
1.44372
1.46423
1.48495
1.5059
1.52706
1.54845
1.57006
1.59189
1.61394
1.63621
1.6587
1.68141
1.70434
1.72748
1.75085
1.77442
1.79821
1.82222
1.84643
1.87085
1.89548
1.92031
1.94534
1.97057
1.996
2.02162
2.04742
2.07342
2.09959
2.12594
2.15247
2.17917
2.20603
2.23305
2.26023
2.28756
2.31503
2.34264
2.37039
2.39826
2.42626
2.45437
2.48259
2.51091
2.53933
2.56783
2.59642
2.62508
2.6538
2.68259
2.71142
2.74029
2.76919
2.79812
2.82707
2.85602
2.88496
2.9139
2.94281
2.9717
3.00054
3.02933
3.05806
3.08671
3.11529
3.14378
3.17216
3.20043
3.22858
3.25659
3.28446
3.31217
3.33972
3.36708
3.39426
3.42124
3.44801
3.47455
3.50086
3.52693
3.55274
3.57829
3.60356
3.62854
3.65323
3.67761
3.70167
3.7254
3.74879
3.77184
3.79453
3.81685
3.8388
3.86036
3.88153
3.9023
3.92266
3.94261
3.96212
3.98121
3.99985
4.01805
4.03579
4.05308
4.0699
4.08625
4.10213
4.11752
4.13243
4.14686
4.16079
4.17422
4.18716
4.19959
4.21152
4.22295
4.23387
4.24428
4.25419
4.26358
4.27246
4.28084
4.28871
4.29607
4.30292
4.30927
4.31512
4.32047
4.32533
4.32969
4.33356
4.33695
4.33985
4.34228
4.34425
4.34574
4.34678
4.34736
4.34749
4.34718
4.34645
4.34529
4.34371
4.34173
4.33936
4.3366
4.33347
4.32998
4.32613
4.32195
4.31743
4.3126
4.30747
4.30204
4.29634
4.29038
4.28416
4.27771
4.27104
4.26415
4.25708
4.24982
4.2424
4.23483
4.22711
4.21928
4.21132
4.20327
4.19513
4.1869
4.17861
4.17026
4.16185
4.15339
4.14488
4.13633
4.12773
4.11908
4.11037
4.1016
4.09274
4.08379
4.07472
4.06551
4.05614
4.04657
4.03678
4.02672
4.01636
4.00566
3.99458
3.98306
3.97107
3.95855
3.94547
3.93177
3.91741
3.90236
3.88656
3.86999
3.85262
3.83443
3.8154
3.79551
3.77477
3.75318
3.73074
3.70747
3.68339
3.65853
3.63294
3.60664
3.57969
3.55214
3.52404
3.49545
3.46644
3.43707
3.40739
3.37749
3.34742
3.31725
3.28704
3.25686
3.22678
3.19685
3.16715
3.13772
3.10864
3.07997
3.05175
3.02405
2.99688
2.97027
2.94415
2.91842
2.89276
2.86671
0.0423206
0.0741096
0.094711
0.109115
0.120531
0.130259
0.138918
0.146852
0.154269
0.161309
0.168067
0.174616
0.181008
0.187288
0.193488
0.199639
0.205762
0.211878
0.218004
0.224153
0.230337
0.236568
0.242853
0.2492
0.255615
0.262105
0.268673
0.275324
0.28206
0.288884
0.295798
0.302804
0.309904
0.317099
0.32439
0.331777
0.339262
0.346846
0.354528
0.362309
0.370191
0.378173
0.386256
0.394441
0.402728
0.411118
0.419612
0.42821
0.436913
0.445722
0.454638
0.463661
0.472793
0.482035
0.491387
0.500851
0.510427
0.520117
0.529922
0.539843
0.549881
0.560038
0.570314
0.580712
0.591232
0.601876
0.612646
0.623543
0.634567
0.645722
0.657008
0.668427
0.679981
0.691671
0.7035
0.715468
0.727578
0.739831
0.75223
0.764775
0.77747
0.790316
0.803315
0.816469
0.82978
0.84325
0.856882
0.870677
0.884637
0.898765
0.913063
0.927533
0.942177
0.956997
0.971997
0.987177
1.00254
1.01809
1.03383
1.04975
1.06587
1.08219
1.0987
1.1154
1.13231
1.14943
1.16675
1.18427
1.20201
1.21995
1.23811
1.25649
1.27508
1.29389
1.31292
1.33217
1.35165
1.37135
1.39127
1.41143
1.43181
1.45242
1.47326
1.49434
1.51564
1.53718
1.55895
1.58096
1.60319
1.62566
1.64837
1.6713
1.69447
1.71787
1.74151
1.76537
1.78946
1.81378
1.83832
1.86309
1.88809
1.9133
1.93873
1.96438
1.99024
2.01631
2.04259
2.06908
2.09576
2.12264
2.14972
2.17699
2.20444
2.23207
2.25987
2.28785
2.316
2.3443
2.37276
2.40137
2.43012
2.45901
2.48803
2.51717
2.54643
2.5758
2.60527
2.63484
2.66449
2.69423
2.72403
2.7539
2.78382
2.81379
2.8438
2.87383
2.90388
2.93394
2.964
2.99405
3.02408
3.05408
3.08404
3.11395
3.14379
3.17357
3.20326
3.23285
3.26235
3.29172
3.32097
3.35008
3.37904
3.40784
3.43646
3.4649
3.49314
3.52117
3.54899
3.57657
3.60391
3.63099
3.65781
3.68435
3.7106
3.73655
3.76218
3.78749
3.81247
3.83711
3.86139
3.8853
3.90884
3.932
3.95475
3.9771
3.99904
4.02055
4.04163
4.06227
4.08246
4.10219
4.12146
4.14025
4.15856
4.17639
4.19372
4.21055
4.22688
4.2427
4.258
4.27278
4.28703
4.30076
4.31396
4.32662
4.33875
4.35034
4.36138
4.37188
4.38184
4.39125
4.40011
4.40843
4.4162
4.42343
4.43012
4.43626
4.44187
4.44694
4.45147
4.45547
4.45895
4.4619
4.46433
4.46625
4.46766
4.46856
4.46896
4.46888
4.4683
4.46725
4.46573
4.46376
4.46133
4.45846
4.45516
4.45144
4.44731
4.44279
4.43788
4.43261
4.42697
4.42099
4.41467
4.40804
4.40111
4.39389
4.3864
4.37866
4.37067
4.36246
4.35405
4.34545
4.33667
4.32773
4.31866
4.30946
4.30016
4.29077
4.2813
4.27177
4.26219
4.25258
4.24294
4.23329
4.22363
4.21398
4.20432
4.19467
4.18502
4.17536
4.1657
4.156
4.14626
4.13647
4.12658
4.11658
4.10644
4.09611
4.08557
4.07476
4.06365
4.05218
4.04031
4.02799
4.01516
4.00178
3.98779
3.97316
3.95783
3.94176
3.92492
3.90728
3.88882
3.86951
3.84935
3.82832
3.80645
3.78372
3.76017
3.73581
3.71068
3.68482
3.65828
3.63109
3.60332
3.57503
3.54628
3.51713
3.48764
3.45789
3.42794
3.39787
3.36772
3.33759
3.30752
3.27759
3.24785
3.21839
3.18925
3.1605
3.1322
3.10438
3.07708
3.05031
3.02402
2.99808
2.97222
2.94601
0.044451
0.0763241
0.0973989
0.112163
0.123863
0.133827
0.142693
0.150811
0.158397
0.165593
0.172498
0.179185
0.185708
0.192112
0.198432
0.204696
0.210928
0.217148
0.223374
0.229619
0.235897
0.242217
0.248589
0.25502
0.261518
0.268088
0.274735
0.281463
0.288276
0.295176
0.302167
0.309249
0.316426
0.323697
0.331066
0.338532
0.346097
0.353761
0.361525
0.369391
0.377358
0.385427
0.393599
0.401875
0.410255
0.41874
0.42733
0.436028
0.444832
0.453744
0.462766
0.471897
0.481139
0.490493
0.499959
0.50954
0.519236
0.529048
0.538977
0.549025
0.559193
0.569482
0.579894
0.59043
0.601091
0.61188
0.622797
0.633843
0.645022
0.656333
0.66778
0.679363
0.691084
0.702946
0.714949
0.727096
0.739389
0.75183
0.76442
0.777161
0.790057
0.803108
0.816317
0.829686
0.843217
0.856913
0.870776
0.884807
0.89901
0.913386
0.927938
0.942669
0.95758
0.972675
0.987955
1.00342
1.01908
1.03493
1.05098
1.06722
1.08367
1.10031
1.11717
1.13423
1.1515
1.16898
1.18667
1.20459
1.22272
1.24107
1.25965
1.27845
1.29748
1.31673
1.33622
1.35594
1.3759
1.39609
1.41652
1.43719
1.4581
1.47924
1.50064
1.52227
1.54415
1.56628
1.58864
1.61126
1.63412
1.65723
1.68058
1.70418
1.72802
1.75211
1.77644
1.80102
1.82584
1.8509
1.87619
1.90173
1.9275
1.9535
1.97974
2.0062
2.03289
2.0598
2.08693
2.11428
2.14184
2.16961
2.19759
2.22576
2.25413
2.2827
2.31145
2.34038
2.36949
2.39876
2.42821
2.45781
2.48756
2.51746
2.5475
2.57767
2.60796
2.63837
2.66889
2.69952
2.73023
2.76104
2.79191
2.82286
2.85387
2.88492
2.91602
2.94715
2.9783
3.00946
3.04062
3.07177
3.10291
3.13401
3.16508
3.19609
3.22704
3.25791
3.28871
3.3194
3.34999
3.38045
3.41079
3.44098
3.47102
3.50088
3.53057
3.56007
3.58936
3.61843
3.64728
3.67588
3.70423
3.73232
3.76012
3.78764
3.81485
3.84175
3.86832
3.89455
3.92043
3.94596
3.97111
3.99587
4.02025
4.04421
4.06776
4.09089
4.11358
4.13582
4.15761
4.17893
4.19978
4.22014
4.24001
4.25939
4.27825
4.2966
4.31443
4.33173
4.3485
4.36473
4.38041
4.39553
4.41011
4.42412
4.43757
4.45044
4.46275
4.47448
4.48564
4.49622
4.50621
4.51563
4.52446
4.53271
4.54038
4.54747
4.55397
4.5599
4.56525
4.57002
4.57422
4.57785
4.58091
4.58341
4.58536
4.58675
4.58758
4.58788
4.58763
4.58686
4.58556
4.58374
4.58142
4.5786
4.5753
4.57151
4.56726
4.56256
4.55741
4.55183
4.54583
4.53943
4.53263
4.52547
4.51794
4.51006
4.50186
4.49334
4.48453
4.47545
4.4661
4.45652
4.44671
4.4367
4.42651
4.41616
4.40567
4.39505
4.38433
4.37353
4.36266
4.35175
4.34082
4.32987
4.31894
4.30802
4.29714
4.2863
4.27551
4.26479
4.25412
4.24352
4.23297
4.22247
4.212
4.20156
4.19111
4.18064
4.17011
4.15949
4.14874
4.13781
4.12667
4.11527
4.10354
4.09144
4.07891
4.0659
4.05235
4.03821
4.02343
4.00796
3.99175
3.97477
3.95699
3.93838
3.91892
3.8986
3.87742
3.85538
3.83249
3.80877
3.78426
3.75897
3.73297
3.70628
3.67898
3.65112
3.62275
3.59394
3.56476
3.53528
3.50557
3.47569
3.44571
3.41571
3.38575
3.3559
3.32623
3.2968
3.26768
3.23892
3.21059
3.18272
3.15534
3.12846
3.10203
3.07594
3.04993
3.0236
0.0464644
0.0782944
0.0997825
0.11487
0.126826
0.137004
0.146056
0.154341
0.16208
0.169417
0.176455
0.183267
0.18991
0.196427
0.202855
0.209222
0.215553
0.221868
0.228185
0.234517
0.240878
0.247279
0.253728
0.260235
0.266806
0.273446
0.280163
0.286958
0.293837
0.300803
0.307859
0.315006
0.322246
0.329583
0.337016
0.344547
0.352178
0.359909
0.367741
0.375676
0.383713
0.391854
0.4001
0.40845
0.416906
0.425469
0.43414
0.442919
0.451807
0.460805
0.469914
0.479134
0.488468
0.497916
0.507479
0.517158
0.526954
0.536869
0.546904
0.557061
0.567339
0.577742
0.58827
0.598925
0.609708
0.620621
0.631666
0.642844
0.654157
0.665606
0.677194
0.688922
0.700792
0.712806
0.724966
0.737274
0.749731
0.762341
0.775104
0.788024
0.801102
0.814341
0.827743
0.84131
0.855045
0.868949
0.883026
0.897278
0.911707
0.926316
0.941108
0.956084
0.971248
0.986601
1.00215
1.01789
1.03383
1.04997
1.06631
1.08286
1.09962
1.11659
1.13377
1.15117
1.16879
1.18663
1.20469
1.22299
1.2415
1.26025
1.27924
1.29846
1.31792
1.33761
1.35755
1.37774
1.39817
1.41884
1.43977
1.46095
1.48238
1.50406
1.526
1.54819
1.57064
1.59335
1.61632
1.63954
1.66302
1.68676
1.71076
1.73502
1.75954
1.78432
1.80935
1.83464
1.86018
1.88598
1.91202
1.93832
1.96487
1.99166
2.0187
2.04598
2.07349
2.10125
2.12923
2.15744
2.18588
2.21453
2.2434
2.27249
2.30178
2.33127
2.36096
2.39085
2.42091
2.45116
2.48158
2.51217
2.54292
2.57383
2.60488
2.63607
2.66739
2.69884
2.7304
2.76207
2.79384
2.8257
2.85764
2.88966
2.92173
2.95387
2.98604
3.01825
3.05049
3.08273
3.11498
3.14723
3.17945
3.21164
3.2438
3.2759
3.30794
3.3399
3.37177
3.40355
3.43521
3.46675
3.49815
3.5294
3.5605
3.59141
3.62215
3.65268
3.683
3.71309
3.74294
3.77255
3.80189
3.83095
3.85972
3.88819
3.91635
3.94417
3.97166
3.99879
4.02555
4.05194
4.07794
4.10354
4.12873
4.15349
4.17781
4.20169
4.22511
4.24807
4.27054
4.29253
4.31402
4.335
4.35546
4.3754
4.3948
4.41366
4.43197
4.44973
4.46692
4.48354
4.49958
4.51504
4.52991
4.54419
4.55787
4.57096
4.58343
4.5953
4.60655
4.6172
4.62722
4.63663
4.64542
4.65359
4.66114
4.66807
4.67439
4.68008
4.68516
4.68963
4.69348
4.69673
4.69937
4.70141
4.70285
4.70369
4.70395
4.70362
4.70272
4.70124
4.6992
4.69661
4.69347
4.6898
4.6856
4.68088
4.67566
4.66994
4.66375
4.65709
4.64998
4.64243
4.63445
4.62607
4.61729
4.60815
4.59864
4.58879
4.57863
4.56817
4.55742
4.54642
4.53517
4.52372
4.51207
4.50024
4.48827
4.47618
4.46399
4.45172
4.43939
4.42704
4.41467
4.40233
4.39001
4.37776
4.36557
4.35348
4.34148
4.3296
4.31785
4.30621
4.29471
4.28333
4.27207
4.26092
4.24985
4.23885
4.22788
4.21693
4.20594
4.19488
4.1837
4.17235
4.16077
4.14891
4.13672
4.12412
4.11105
4.09747
4.08331
4.06851
4.05302
4.03681
4.01982
4.00202
3.98338
3.9639
3.94355
3.92232
3.90023
3.8773
3.85353
3.82896
3.80363
3.77759
3.75089
3.72358
3.69573
3.66739
3.63864
3.60955
3.58018
3.55061
3.52091
3.49114
3.46139
3.43171
3.40218
3.37286
3.34383
3.31513
3.28683
3.25896
3.23156
3.20463
3.17812
3.15192
3.1258
3.0994
0.0483523
0.0800235
0.101866
0.117241
0.129424
0.139794
0.149012
0.157447
0.165323
0.172787
0.179945
0.186869
0.193619
0.200238
0.206763
0.213223
0.219642
0.226042
0.23244
0.23885
0.245285
0.251757
0.258276
0.264848
0.271483
0.278185
0.28496
0.291814
0.298749
0.30577
0.31288
0.32008
0.327374
0.334763
0.342249
0.349833
0.357516
0.365301
0.373188
0.381177
0.38927
0.397468
0.405772
0.414181
0.422699
0.431324
0.440058
0.448902
0.457857
0.466924
0.476103
0.485397
0.494805
0.504329
0.513971
0.523731
0.53361
0.54361
0.553733
0.563979
0.574351
0.584849
0.595475
0.606231
0.617118
0.628138
0.639293
0.650585
0.662014
0.673584
0.685295
0.697151
0.709152
0.721301
0.7336
0.746052
0.758657
0.771419
0.784339
0.797421
0.810666
0.824077
0.837656
0.851405
0.865328
0.879427
0.893704
0.908162
0.922804
0.937632
0.95265
0.967859
0.983263
0.998864
1.01467
1.03067
1.04688
1.0633
1.07993
1.09677
1.11384
1.13112
1.14862
1.16636
1.18432
1.20251
1.22093
1.23959
1.25849
1.27764
1.29702
1.31666
1.33654
1.35667
1.37706
1.39771
1.41861
1.43977
1.46119
1.48287
1.50482
1.52704
1.54952
1.57227
1.5953
1.61859
1.64215
1.66598
1.69009
1.71446
1.73911
1.76404
1.78923
1.81469
1.84042
1.86643
1.8927
1.91924
1.94604
1.9731
2.00043
2.02801
2.05585
2.08395
2.11229
2.14088
2.16972
2.19879
2.2281
2.25764
2.28741
2.3174
2.34761
2.37803
2.40866
2.43949
2.47051
2.50173
2.53312
2.56469
2.59643
2.62834
2.66039
2.6926
2.72494
2.75741
2.79
2.82271
2.85552
2.88843
2.92142
2.95449
2.98763
3.02082
3.05406
3.08733
3.12063
3.15395
3.18727
3.22058
3.25388
3.28714
3.32036
3.35353
3.38663
3.41965
3.45259
3.48542
3.51813
3.55071
3.58316
3.61545
3.64757
3.67951
3.71126
3.7428
3.77412
3.8052
3.83604
3.86662
3.89692
3.92693
3.95664
3.98604
4.0151
4.04383
4.0722
4.1002
4.12783
4.15505
4.18188
4.20828
4.23425
4.25978
4.28486
4.30946
4.33359
4.35723
4.38037
4.40299
4.4251
4.44667
4.4677
4.48818
4.5081
4.52745
4.54622
4.56441
4.58201
4.599
4.61539
4.63116
4.64632
4.66085
4.67475
4.68802
4.70065
4.71264
4.72398
4.73467
4.74471
4.7541
4.76283
4.77091
4.77833
4.7851
4.79121
4.79666
4.80146
4.80561
4.80911
4.81196
4.81417
4.81573
4.81666
4.81696
4.81662
4.81566
4.81409
4.8119
4.80911
4.80573
4.80176
4.79722
4.79212
4.78645
4.78025
4.77352
4.76627
4.75851
4.75027
4.74155
4.73238
4.72276
4.71272
4.70227
4.69144
4.68024
4.6687
4.65682
4.64465
4.63219
4.61948
4.60654
4.59339
4.58005
4.56656
4.55294
4.53922
4.52543
4.51159
4.49773
4.48388
4.47006
4.45631
4.44263
4.42907
4.41564
4.40236
4.38925
4.37632
4.36359
4.35105
4.33871
4.32658
4.31464
4.30288
4.29129
4.27983
4.26849
4.25722
4.24599
4.23474
4.22343
4.212
4.20038
4.18853
4.17636
4.16383
4.15085
4.13736
4.12331
4.10863
4.09326
4.07716
4.06028
4.04259
4.02406
4.00466
3.98439
3.96324
3.94122
3.91834
3.89462
3.87012
3.84485
3.81888
3.79227
3.76506
3.73732
3.70912
3.68054
3.65163
3.62248
3.59315
3.56372
3.53427
3.50485
3.47555
3.44644
3.41756
3.389
3.3608
3.333
3.30563
3.2787
3.25216
3.22591
3.19973
3.17331
0.0501072
0.0815154
0.103656
0.119282
0.131667
0.142205
0.15157
0.160137
0.168134
0.175711
0.182974
0.189998
0.196842
0.203551
0.210162
0.216704
0.223202
0.229677
0.236146
0.242624
0.249125
0.255659
0.262237
0.268866
0.275555
0.282309
0.289135
0.296036
0.303018
0.310084
0.317237
0.32448
0.331816
0.339246
0.346773
0.354398
0.362122
0.369948
0.377875
0.385906
0.394042
0.402283
0.41063
0.419085
0.427648
0.43632
0.445102
0.453996
0.463003
0.472122
0.481356
0.490706
0.500173
0.509757
0.51946
0.529284
0.53923
0.549299
0.559493
0.569812
0.58026
0.590836
0.601544
0.612384
0.623359
0.634469
0.645717
0.657106
0.668636
0.680309
0.692128
0.704095
0.716212
0.72848
0.740903
0.753483
0.766221
0.77912
0.792183
0.805412
0.81881
0.832379
0.846121
0.860041
0.874139
0.888419
0.902885
0.917537
0.93238
0.947417
0.96265
0.978081
0.993715
1.00955
1.0256
1.04186
1.05833
1.07502
1.09193
1.10907
1.12643
1.14402
1.16184
1.1799
1.1982
1.21673
1.23552
1.25455
1.27383
1.29336
1.31315
1.3332
1.3535
1.37407
1.39491
1.41601
1.43739
1.45903
1.48095
1.50315
1.52562
1.54837
1.5714
1.59471
1.61831
1.64219
1.66635
1.6908
1.71553
1.74055
1.76585
1.79144
1.81731
1.84347
1.8699
1.89663
1.92363
1.95091
1.97847
2.0063
2.03441
2.06279
2.09144
2.12035
2.14952
2.17896
2.20864
2.23858
2.26877
2.29919
2.32986
2.36076
2.39188
2.42323
2.45479
2.48656
2.51854
2.55071
2.58307
2.61562
2.64834
2.68124
2.71429
2.74749
2.78084
2.81433
2.84794
2.88167
2.91551
2.94944
2.98347
3.01757
3.05175
3.08598
3.12027
3.15459
3.18893
3.22329
3.25766
3.29201
3.32635
3.36066
3.39492
3.42912
3.46326
3.49732
3.53128
3.56513
3.59887
3.63247
3.66592
3.69921
3.73233
3.76526
3.79799
3.8305
3.86279
3.89483
3.92661
3.95813
3.98935
4.02028
4.05089
4.08118
4.11112
4.14071
4.16993
4.19877
4.22722
4.25525
4.28286
4.31003
4.33676
4.36302
4.38881
4.41412
4.43892
4.46321
4.48698
4.51022
4.53291
4.55505
4.57662
4.59761
4.61802
4.63784
4.65704
4.67564
4.69361
4.71096
4.72767
4.74374
4.75916
4.77392
4.78802
4.80145
4.81422
4.82631
4.83771
4.84844
4.85848
4.86784
4.8765
4.88447
4.89175
4.89834
4.90423
4.90943
4.91394
4.91776
4.9209
4.92334
4.92511
4.92619
4.9266
4.92634
4.92541
4.92381
4.92156
4.91865
4.91511
4.91093
4.90613
4.90071
4.89469
4.88808
4.88089
4.87312
4.86481
4.85595
4.84657
4.83668
4.82629
4.81543
4.80411
4.79236
4.78019
4.76762
4.75467
4.74137
4.72775
4.71382
4.69961
4.68515
4.67047
4.65559
4.64055
4.62537
4.61008
4.59472
4.57931
4.56389
4.5485
4.53315
4.51789
4.50274
4.48773
4.47289
4.45825
4.44383
4.42965
4.41572
4.40207
4.38869
4.37561
4.3628
4.35027
4.33801
4.326
4.3142
4.3026
4.29114
4.27978
4.26848
4.25717
4.24579
4.23428
4.22257
4.21058
4.19824
4.18548
4.17223
4.15842
4.14399
4.12887
4.11301
4.09637
4.07891
4.06059
4.04139
4.02131
4.00034
3.97848
3.95576
3.93221
3.90787
3.88277
3.85697
3.83054
3.80353
3.77601
3.74805
3.71973
3.69111
3.66227
3.63328
3.60423
3.57517
3.54619
3.51735
3.48872
3.46036
3.43233
3.40466
3.37739
3.35052
3.324
3.29776
3.27158
3.24519
0.051723
0.0827749
0.105159
0.121001
0.13356
0.144245
0.153739
0.162421
0.170523
0.178198
0.185552
0.192663
0.199589
0.206377
0.213062
0.219675
0.226241
0.232781
0.239311
0.245848
0.252404
0.258991
0.265619
0.272296
0.27903
0.285827
0.292693
0.299633
0.306652
0.313753
0.320939
0.328215
0.335582
0.343043
0.350599
0.358253
0.366006
0.373861
0.381817
0.389877
0.398041
0.406312
0.41469
0.423175
0.43177
0.440475
0.449292
0.458221
0.467264
0.476422
0.485695
0.495086
0.504595
0.514224
0.523974
0.533847
0.543843
0.553965
0.564214
0.574592
0.585099
0.595739
0.606513
0.617422
0.628468
0.639654
0.650981
0.662451
0.674066
0.685829
0.697741
0.709805
0.722023
0.734397
0.74693
0.759625
0.772482
0.785506
0.798699
0.812063
0.825602
0.839317
0.853213
0.867291
0.881554
0.896006
0.91065
0.925488
0.940524
0.955761
0.971201
0.986848
1.00271
1.01878
1.03506
1.05157
1.0683
1.08526
1.10245
1.11987
1.13752
1.15542
1.17356
1.19194
1.21058
1.22946
1.2486
1.268
1.28766
1.30759
1.32778
1.34824
1.36898
1.38999
1.41128
1.43285
1.4547
1.47683
1.49926
1.52197
1.54497
1.56826
1.59185
1.61573
1.63991
1.66438
1.68915
1.71422
1.73959
1.76525
1.79122
1.81748
1.84404
1.87089
1.89805
1.92549
1.95324
1.98127
2.00959
2.0382
2.0671
2.09628
2.12573
2.15547
2.18548
2.21575
2.2463
2.2771
2.30816
2.33947
2.37103
2.40284
2.43487
2.46714
2.49963
2.53235
2.56527
2.59839
2.63172
2.66523
2.69893
2.73279
2.76683
2.80102
2.83536
2.86985
2.90446
2.93919
2.97404
3.00898
3.04402
3.07914
3.11433
3.14958
3.18488
3.22022
3.25558
3.29096
3.32634
3.36171
3.39705
3.43237
3.46764
3.50284
3.53798
3.57303
3.60798
3.64282
3.67754
3.71211
3.74653
3.78079
3.81486
3.84874
3.88241
3.91585
3.94906
3.98201
4.0147
4.0471
4.07921
4.11101
4.14248
4.17361
4.20439
4.2348
4.26483
4.29446
4.32368
4.35247
4.38083
4.40873
4.43617
4.46313
4.48959
4.51555
4.54099
4.5659
4.59026
4.61407
4.63732
4.65998
4.68206
4.70353
4.7244
4.74464
4.76425
4.78323
4.80155
4.81922
4.83622
4.85256
4.86821
4.88318
4.89745
4.91103
4.92391
4.93608
4.94753
4.95827
4.9683
4.9776
4.98617
4.99402
5.00114
5.00754
5.0132
5.01814
5.02235
5.02583
5.02858
5.03062
5.03194
5.03253
5.03242
5.03159
5.03005
5.02781
5.02487
5.02125
5.01695
5.01197
5.00633
5.00004
4.9931
4.98553
4.97735
4.96855
4.95917
4.94921
4.93869
4.92762
4.91602
4.90391
4.89131
4.87824
4.86472
4.85078
4.83642
4.82169
4.8066
4.79119
4.77547
4.75948
4.74325
4.7268
4.71018
4.69341
4.67652
4.65955
4.64255
4.62553
4.60854
4.59161
4.57479
4.5581
4.54158
4.52527
4.5092
4.49339
4.47787
4.46268
4.44783
4.43333
4.4192
4.40544
4.39206
4.37905
4.3664
4.35408
4.34206
4.33032
4.31881
4.30746
4.29624
4.28508
4.27389
4.26263
4.25119
4.23952
4.22752
4.21512
4.20224
4.18881
4.17475
4.16
4.14451
4.12822
4.1111
4.09311
4.07422
4.05443
4.03374
4.01215
3.9897
3.9664
3.94232
3.91748
3.89196
3.86581
3.83909
3.81189
3.78426
3.75629
3.72805
3.69961
3.67105
3.64245
3.61388
3.58541
3.55711
3.52903
3.50124
3.47378
3.44667
3.41992
3.39349
3.36731
3.34119
3.31487
0.0531943
0.0838076
0.106383
0.122406
0.135115
0.145925
0.155528
0.164309
0.1725
0.180258
0.187691
0.194875
0.201871
0.208725
0.215473
0.222147
0.22877
0.235363
0.241945
0.248531
0.255133
0.261763
0.268431
0.275146
0.281916
0.288746
0.295643
0.302613
0.309658
0.316785
0.323995
0.331293
0.338681
0.346162
0.353737
0.36141
0.369181
0.377052
0.385025
0.393102
0.401284
0.409572
0.417967
0.426471
0.435084
0.443809
0.452646
0.461597
0.470662
0.479844
0.489143
0.498561
0.508099
0.517759
0.527541
0.537448
0.547481
0.557641
0.567931
0.578352
0.588906
0.599595
0.61042
0.621384
0.632489
0.643736
0.655128
0.666667
0.678355
0.690195
0.702188
0.714336
0.726644
0.739112
0.751744
0.764541
0.777508
0.790646
0.803959
0.817448
0.831118
0.844972
0.859011
0.87324
0.887661
0.902278
0.917094
0.932112
0.947335
0.962767
0.978411
0.99427
1.01035
1.02665
1.04318
1.05993
1.07692
1.09414
1.11161
1.12931
1.14727
1.16547
1.18393
1.20264
1.22162
1.24085
1.26036
1.28013
1.30018
1.32051
1.34111
1.362
1.38317
1.40463
1.42638
1.44842
1.47076
1.4934
1.51633
1.53957
1.56311
1.58696
1.61111
1.63558
1.66035
1.68543
1.71082
1.73652
1.76254
1.78886
1.8155
1.84245
1.8697
1.89727
1.92515
1.95333
1.98182
2.01062
2.03971
2.06911
2.0988
2.12878
2.15906
2.18962
2.22047
2.25159
2.28299
2.31467
2.3466
2.3788
2.41126
2.44396
2.47691
2.51009
2.54351
2.57715
2.61101
2.64508
2.67936
2.71382
2.74848
2.78331
2.81831
2.85348
2.88879
2.92425
2.95984
2.99556
3.03138
3.06732
3.10334
3.13944
3.17562
3.21185
3.24813
3.28445
3.3208
3.35715
3.39351
3.42985
3.46617
3.50245
3.53868
3.57485
3.61094
3.64694
3.68284
3.71861
3.75426
3.78976
3.8251
3.86027
3.89524
3.93002
3.96457
3.9989
4.03297
4.06678
4.10032
4.13356
4.1665
4.19911
4.23139
4.26332
4.29487
4.32605
4.35683
4.3872
4.41715
4.44665
4.4757
4.50428
4.53238
4.55998
4.58707
4.61364
4.63967
4.66514
4.69006
4.7144
4.73815
4.7613
4.78383
4.80575
4.82703
4.84766
4.86764
4.88695
4.90559
4.92355
4.94081
4.95738
4.97324
4.98838
5.0028
5.01649
5.02946
5.04168
5.05316
5.06389
5.07387
5.08309
5.09156
5.09927
5.10622
5.1124
5.11782
5.12248
5.12637
5.1295
5.13187
5.13348
5.13434
5.13444
5.1338
5.13239
5.13025
5.12736
5.12374
5.11939
5.11432
5.10854
5.10207
5.0949
5.08705
5.07853
5.06935
5.05953
5.04908
5.03802
5.02636
5.01412
5.00131
4.98796
4.97408
4.9597
4.94484
4.92951
4.91376
4.89759
4.88104
4.86413
4.8469
4.82937
4.81158
4.79356
4.77534
4.75696
4.73846
4.71986
4.70122
4.68257
4.66396
4.64541
4.62698
4.6087
4.59062
4.57277
4.5552
4.53794
4.52102
4.50448
4.48834
4.47263
4.45738
4.44258
4.42826
4.41442
4.40104
4.38811
4.37561
4.36351
4.35177
4.34033
4.32915
4.31815
4.30727
4.29643
4.28555
4.27455
4.26333
4.25181
4.2399
4.22753
4.2146
4.20104
4.18679
4.17179
4.15597
4.1393
4.12173
4.10326
4.08386
4.06354
4.04232
4.02022
3.99728
3.97354
3.94906
3.9239
3.89812
3.87179
3.84499
3.81778
3.79025
3.76248
3.73453
3.70648
3.67842
3.65041
3.62251
3.5948
3.56733
3.54014
3.51326
3.4867
3.46043
3.43438
3.40837
3.38218
0.0545167
0.0846197
0.107335
0.123507
0.13634
0.147254
0.156949
0.165811
0.174077
0.181903
0.1894
0.196645
0.203698
0.210607
0.217407
0.224129
0.230798
0.237435
0.244058
0.250682
0.25732
0.263984
0.270683
0.277427
0.284223
0.291077
0.297996
0.304985
0.312049
0.319191
0.326416
0.333726
0.341125
0.348616
0.3562
0.36388
0.371658
0.379536
0.387515
0.395597
0.403785
0.412078
0.420479
0.428989
0.437609
0.446341
0.455186
0.464146
0.473221
0.482414
0.491726
0.501158
0.510712
0.520389
0.530191
0.540119
0.550176
0.560362
0.57068
0.581132
0.59172
0.602446
0.613311
0.624318
0.635469
0.646766
0.658212
0.669809
0.681559
0.693464
0.705528
0.717752
0.730139
0.742692
0.755413
0.768306
0.781373
0.794618
0.808043
0.821651
0.835446
0.849432
0.86361
0.877985
0.89256
0.907339
0.922324
0.937519
0.952928
0.968555
0.984402
1.00047
1.01677
1.03331
1.05007
1.06708
1.08433
1.10182
1.11957
1.13757
1.15583
1.17435
1.19313
1.21218
1.23151
1.25111
1.27099
1.29115
1.3116
1.33233
1.35336
1.37469
1.39631
1.41823
1.44046
1.46299
1.48583
1.50899
1.53245
1.55624
1.58034
1.60475
1.62949
1.65455
1.67993
1.70564
1.73166
1.75802
1.78469
1.8117
1.83902
1.86667
1.89464
1.92294
1.95155
1.98049
2.00974
2.0393
2.06918
2.09937
2.12987
2.16067
2.19177
2.22317
2.25486
2.28684
2.3191
2.35164
2.38446
2.41754
2.45089
2.48449
2.51835
2.55244
2.58678
2.62134
2.65613
2.69113
2.72634
2.76174
2.79734
2.83311
2.86906
2.90518
2.94144
2.97785
3.01439
3.05106
3.08784
3.12472
3.1617
3.19875
3.23587
3.27305
3.31028
3.34754
3.38482
3.42211
3.45939
3.49666
3.5339
3.5711
3.60824
3.64532
3.68231
3.7192
3.75599
3.79264
3.82916
3.86553
3.90173
3.93775
3.97357
4.00917
4.04455
4.07969
4.11457
4.14918
4.1835
4.21752
4.25122
4.28459
4.3176
4.35026
4.38253
4.41441
4.44588
4.47693
4.50754
4.53769
4.56737
4.59657
4.62527
4.65345
4.68111
4.70823
4.73479
4.76078
4.78619
4.811
4.83521
4.85879
4.88174
4.90404
4.92569
4.94666
4.96696
4.98657
5.00548
5.02369
5.04117
5.05793
5.07395
5.08923
5.10376
5.11754
5.13055
5.1428
5.15427
5.16497
5.17488
5.184
5.19234
5.19988
5.20663
5.21258
5.21774
5.2221
5.22566
5.22843
5.2304
5.23158
5.23196
5.23157
5.23038
5.2284
5.22563
5.22209
5.21778
5.21271
5.20688
5.2003
5.19299
5.18495
5.17618
5.16672
5.15656
5.14572
5.13421
5.12205
5.10926
5.09586
5.08185
5.06727
5.05212
5.03644
5.02024
5.00355
4.9864
4.96881
4.9508
4.93241
4.91367
4.89461
4.87526
4.85566
4.83585
4.81586
4.79572
4.77549
4.75521
4.73491
4.71464
4.69445
4.67437
4.65447
4.63478
4.61535
4.59622
4.57744
4.55905
4.54109
4.5236
4.5066
4.49013
4.47421
4.45886
4.44409
4.42989
4.41627
4.4032
4.39066
4.37861
4.36701
4.35581
4.34493
4.33431
4.32387
4.31352
4.30318
4.29275
4.28213
4.27123
4.25995
4.24821
4.23591
4.22299
4.20935
4.19495
4.17971
4.16359
4.14655
4.12858
4.10966
4.08981
4.06904
4.04738
4.02488
4.00158
3.97754
3.95283
3.92751
3.90166
3.87534
3.84864
3.82164
3.7944
3.76702
3.73956
3.7121
3.68471
3.65745
3.63037
3.60354
3.57696
3.55066
3.5246
3.49874
3.47292
3.44692
0.0556869
0.0852175
0.108024
0.124313
0.137245
0.148243
0.158011
0.166938
0.175263
0.183145
0.190692
0.197985
0.205083
0.212034
0.218874
0.225633
0.232338
0.239008
0.245661
0.252314
0.258978
0.265665
0.272386
0.279149
0.285961
0.29283
0.299762
0.306762
0.313834
0.320983
0.328213
0.335526
0.342927
0.350418
0.358001
0.365679
0.373453
0.381327
0.389302
0.39738
0.405561
0.413849
0.422245
0.43075
0.439365
0.448093
0.456935
0.465892
0.474966
0.484159
0.493472
0.502907
0.512465
0.522148
0.531958
0.541897
0.551966
0.562167
0.572503
0.582975
0.593586
0.604338
0.615233
0.626274
0.637462
0.6488
0.660291
0.671937
0.683741
0.695704
0.707831
0.720123
0.732583
0.745214
0.75802
0.771002
0.784165
0.797512
0.811046
0.82477
0.838688
0.852803
0.86712
0.88164
0.896369
0.91131
0.926466
0.941842
0.95744
0.973265
0.989321
1.00561
1.02214
1.03891
1.05593
1.07319
1.09071
1.10849
1.12653
1.14484
1.16341
1.18226
1.20138
1.22079
1.24048
1.26046
1.28073
1.3013
1.32216
1.34333
1.3648
1.38658
1.40868
1.43109
1.45381
1.47686
1.50022
1.52392
1.54794
1.57228
1.59696
1.62197
1.64732
1.673
1.69901
1.72536
1.75205
1.77908
1.80644
1.83414
1.86217
1.89055
1.91925
1.94829
1.97766
2.00736
2.03739
2.06774
2.09842
2.12942
2.16073
2.19236
2.22429
2.25653
2.28907
2.32191
2.35504
2.38845
2.42215
2.45611
2.49035
2.52485
2.5596
2.5946
2.62984
2.66531
2.70101
2.73692
2.77305
2.80937
2.84588
2.88258
2.91945
2.95648
2.99367
3.03099
3.06845
3.10603
3.14373
3.18152
3.2194
3.25736
3.29538
3.33346
3.37158
3.40973
3.44789
3.48606
3.52422
3.56236
3.60046
3.63851
3.67651
3.71442
3.75225
3.78997
3.82757
3.86504
3.90237
3.93953
3.97652
4.01331
4.0499
4.08627
4.1224
4.15828
4.19389
4.22922
4.26425
4.29897
4.33336
4.3674
4.40109
4.43439
4.46731
4.49982
4.5319
4.56355
4.59475
4.62547
4.65572
4.68546
4.71469
4.74339
4.77155
4.79914
4.82617
4.85261
4.87845
4.90367
4.92827
4.95222
4.97552
4.99816
5.02012
5.04138
5.06195
5.0818
5.10093
5.11933
5.13699
5.15389
5.17004
5.18541
5.20002
5.21383
5.22686
5.23909
5.25052
5.26115
5.27096
5.27995
5.28813
5.29548
5.302
5.3077
5.31257
5.31662
5.31983
5.32221
5.32377
5.3245
5.32441
5.3235
5.32175
5.31919
5.3158
5.31161
5.30661
5.30081
5.29421
5.28684
5.27869
5.26978
5.26011
5.2497
5.23857
5.22672
5.21416
5.20092
5.18702
5.17246
5.15727
5.14147
5.12507
5.10811
5.09059
5.07256
5.05402
5.03502
5.01557
4.99572
4.97549
4.95491
4.93402
4.91285
4.89145
4.86985
4.8481
4.82623
4.8043
4.78234
4.76041
4.73855
4.71682
4.69526
4.67393
4.65288
4.63216
4.61181
4.5919
4.57246
4.55353
4.53518
4.51742
4.50029
4.48382
4.46803
4.45292
4.43851
4.42478
4.41171
4.39928
4.38744
4.37614
4.36532
4.3549
4.34482
4.33497
4.32527
4.31561
4.30589
4.29602
4.28587
4.27536
4.26438
4.25285
4.24068
4.22777
4.21407
4.19951
4.18403
4.16761
4.15023
4.13188
4.11258
4.09234
4.07122
4.04924
4.02646
4.00295
3.97877
3.95399
3.92869
3.90294
3.87682
3.85042
3.8238
3.79705
3.77024
3.74344
3.71672
3.69013
3.66373
3.63753
3.61156
3.5858
3.5602
3.53462
3.50888
0.0567022
0.0856075
0.108459
0.124833
0.13784
0.148903
0.158726
0.167702
0.176072
0.183994
0.191579
0.198907
0.206038
0.213019
0.219887
0.226673
0.233401
0.240093
0.246767
0.253437
0.260118
0.266819
0.273551
0.280324
0.287144
0.294018
0.300953
0.307954
0.315026
0.322173
0.329399
0.336707
0.3441
0.351582
0.359155
0.366821
0.374583
0.382443
0.390404
0.398467
0.406634
0.414906
0.423287
0.431777
0.440378
0.449091
0.45792
0.466865
0.475927
0.48511
0.494414
0.503842
0.513394
0.523074
0.532883
0.542822
0.552894
0.563102
0.573447
0.583931
0.594557
0.605328
0.616245
0.627312
0.63853
0.649903
0.661433
0.673123
0.684976
0.696993
0.709179
0.721536
0.734066
0.746773
0.75966
0.772731
0.785989
0.799438
0.813081
0.826922
0.840964
0.855212
0.86967
0.884341
0.899229
0.914339
0.929673
0.945237
0.961034
0.977068
0.993343
1.00986
1.02663
1.04366
1.06094
1.07848
1.09629
1.11436
1.13272
1.15135
1.17026
1.18946
1.20894
1.22873
1.24881
1.26919
1.28988
1.31087
1.33218
1.35381
1.37575
1.39802
1.42061
1.44353
1.46679
1.49037
1.5143
1.53856
1.56316
1.58811
1.6134
1.63903
1.66501
1.69134
1.71802
1.74504
1.77242
1.80015
1.82822
1.85664
1.88541
1.91453
1.94399
1.9738
2.00395
2.03443
2.06526
2.09642
2.12791
2.15973
2.19187
2.22433
2.25711
2.2902
2.3236
2.3573
2.39129
2.42558
2.46014
2.49499
2.53011
2.56549
2.60113
2.63702
2.67314
2.70951
2.7461
2.7829
2.81992
2.85713
2.89454
2.93212
2.96987
3.00779
3.04585
3.08406
3.12239
3.16084
3.1994
3.23805
3.27679
3.3156
3.35446
3.39338
3.43233
3.47131
3.51029
3.54927
3.58823
3.62717
3.66606
3.7049
3.74366
3.78235
3.82093
3.8594
3.89775
3.93595
3.97399
4.01187
4.04956
4.08705
4.12432
4.16136
4.19816
4.23469
4.27095
4.30691
4.34256
4.37789
4.41288
4.44751
4.48178
4.51565
4.54912
4.58217
4.61478
4.64695
4.67865
4.70987
4.74058
4.77079
4.80047
4.8296
4.85818
4.88618
4.9136
4.94041
4.9666
4.99216
5.01708
5.04134
5.06492
5.08782
5.11003
5.13152
5.15229
5.17232
5.19162
5.21015
5.22793
5.24492
5.26114
5.27656
5.29118
5.305
5.31799
5.33017
5.34151
5.35203
5.3617
5.37053
5.37851
5.38564
5.39191
5.39733
5.40189
5.40559
5.40843
5.41041
5.41153
5.4118
5.41123
5.40978
5.40747
5.40431
5.4003
5.39544
5.38974
5.38322
5.37586
5.36769
5.35871
5.34893
5.33837
5.32703
5.31493
5.30208
5.28849
5.27418
5.25918
5.24349
5.22713
5.21013
5.1925
5.17428
5.15547
5.13611
5.11622
5.09583
5.07498
5.05368
5.03198
5.0099
4.9875
4.96479
4.94182
4.91864
4.89528
4.87179
4.84822
4.82461
4.80102
4.7775
4.7541
4.73088
4.7079
4.6852
4.66285
4.64091
4.61942
4.59845
4.57805
4.55827
4.53915
4.52074
4.50306
4.48617
4.47007
4.45477
4.44029
4.4266
4.41369
4.40152
4.39005
4.37921
4.36893
4.35914
4.34975
4.34065
4.33175
4.32293
4.31408
4.30509
4.29584
4.28622
4.27614
4.2655
4.25419
4.24212
4.22922
4.21542
4.20068
4.18496
4.16825
4.15055
4.13188
4.11226
4.09174
4.07037
4.0482
4.02529
4.00172
3.97755
3.95288
3.92777
3.9023
3.87657
3.85063
3.82457
3.79847
3.77238
3.74636
3.72047
3.69474
3.66918
3.64379
3.61852
3.59325
3.56784
0.0575609
0.0857953
0.108646
0.125076
0.138135
0.149242
0.159104
0.168114
0.176514
0.184463
0.192073
0.199423
0.206574
0.213573
0.220458
0.227259
0.234
0.240704
0.247387
0.254066
0.260752
0.267457
0.274191
0.280964
0.287782
0.294652
0.301582
0.308575
0.315638
0.322775
0.329989
0.337283
0.34466
0.352124
0.359678
0.367324
0.375065
0.382903
0.390841
0.39888
0.407023
0.415272
0.423629
0.432095
0.440673
0.449364
0.458171
0.467095
0.476138
0.485302
0.49459
0.504002
0.513542
0.52321
0.53301
0.542943
0.553012
0.563219
0.573567
0.584058
0.594694
0.605478
0.616414
0.627503
0.638748
0.650153
0.66172
0.673452
0.685353
0.697424
0.70967
0.722092
0.734695
0.74748
0.760449
0.773612
0.786969
0.800525
0.814283
0.828247
0.842421
0.856811
0.871419
0.886251
0.901311
0.916602
0.932129
0.947897
0.963908
0.980168
0.996681
1.01345
1.03048
1.04778
1.06535
1.08319
1.10131
1.11971
1.13841
1.15739
1.17667
1.19625
1.21613
1.23632
1.25682
1.27764
1.29878
1.32024
1.34203
1.36415
1.38661
1.4094
1.43253
1.456
1.47982
1.50399
1.5285
1.55337
1.5786
1.60418
1.63012
1.65641
1.68307
1.71008
1.73746
1.7652
1.7933
1.82175
1.85057
1.87975
1.90929
1.93918
1.96942
2.00002
2.03097
2.06227
2.09391
2.1259
2.15822
2.19087
2.22386
2.25717
2.2908
2.32474
2.359
2.39356
2.42842
2.46357
2.49901
2.53472
2.57071
2.60696
2.64347
2.68023
2.71722
2.75445
2.79191
2.82957
2.86744
2.90551
2.94376
2.98219
3.02079
3.05954
3.09843
3.13746
3.17661
3.21587
3.25524
3.29469
3.33421
3.3738
3.41345
3.45313
3.49284
3.53256
3.57229
3.612
3.65169
3.69134
3.73093
3.77047
3.80992
3.84927
3.88852
3.92765
3.96664
4.00548
4.04415
4.08264
4.12094
4.15902
4.19688
4.2345
4.27186
4.30894
4.34574
4.38223
4.41841
4.45425
4.48974
4.52486
4.55959
4.59393
4.62786
4.66135
4.69439
4.72698
4.75908
4.79069
4.8218
4.85237
4.8824
4.91188
4.94079
4.9691
4.99682
5.02391
5.05038
5.0762
5.10135
5.12583
5.14962
5.17271
5.19508
5.21673
5.23763
5.25778
5.27717
5.29578
5.3136
5.33063
5.34686
5.36227
5.37686
5.39061
5.40353
5.4156
5.42681
5.43717
5.44666
5.45529
5.46303
5.4699
5.47589
5.481
5.48521
5.48854
5.49098
5.49254
5.4932
5.493
5.49191
5.48992
5.48703
5.48327
5.47862
5.47309
5.46669
5.45943
5.45131
5.44235
5.43254
5.42191
5.41045
5.39819
5.38513
5.37129
5.35669
5.34133
5.32524
5.30844
5.29094
5.27277
5.25394
5.23447
5.2144
5.19375
5.17253
5.15079
5.12856
5.10585
5.08271
5.05918
5.03529
5.01107
4.98657
4.96183
4.93689
4.91181
4.88662
4.86139
4.83616
4.81099
4.78594
4.76107
4.73642
4.71208
4.68809
4.66453
4.64145
4.61891
4.59699
4.57573
4.55519
4.53543
4.51649
4.49837
4.48114
4.46484
4.44948
4.43506
4.42156
4.40895
4.39721
4.38626
4.37606
4.36651
4.35753
4.34902
4.34087
4.33295
4.32515
4.31735
4.30942
4.3012
4.29262
4.28357
4.27392
4.26358
4.25244
4.24043
4.22748
4.21355
4.19861
4.18265
4.16568
4.14772
4.1288
4.10896
4.08826
4.06676
4.04453
4.02164
3.99816
3.97418
3.94978
3.92503
3.90002
3.87482
3.84951
3.82415
3.7988
3.77351
3.74833
3.72327
3.69832
3.67346
3.64858
3.62355
0.0582563
0.0857793
0.108593
0.125047
0.138134
0.149268
0.159153
0.168183
0.176599
0.184562
0.192183
0.199543
0.206703
0.213709
0.220599
0.227404
0.234148
0.240852
0.247535
0.25421
0.260892
0.267592
0.274319
0.281082
0.287889
0.294747
0.301662
0.308639
0.315683
0.3228
0.329994
0.337266
0.34462
0.35206
0.359589
0.367208
0.374922
0.382733
0.390642
0.398653
0.406767
0.414986
0.423314
0.431752
0.440301
0.448965
0.457745
0.466643
0.475662
0.484803
0.494069
0.503461
0.512983
0.522636
0.532423
0.542347
0.552409
0.562612
0.572959
0.583453
0.594097
0.604893
0.615844
0.626954
0.638225
0.649661
0.661264
0.673039
0.684988
0.697114
0.709421
0.721913
0.734592
0.747461
0.760525
0.773791
0.787261
0.800937
0.814821
0.82892
0.843242
0.857788
0.872565
0.887577
0.902828
0.918322
0.934065
0.95006
0.966312
0.982826
0.999605
1.01665
1.03398
1.05158
1.06947
1.08765
1.10612
1.12489
1.14395
1.16333
1.18302
1.20302
1.22334
1.24398
1.26495
1.28625
1.30789
1.32986
1.35218
1.37484
1.39785
1.42122
1.44493
1.46901
1.49344
1.51824
1.5434
1.56893
1.59482
1.62108
1.64772
1.67472
1.7021
1.72984
1.75796
1.78645
1.81532
1.84455
1.87415
1.90412
1.93445
1.96515
1.99621
2.02763
2.05941
2.09154
2.12402
2.15685
2.19002
2.22352
2.25736
2.29153
2.32601
2.36082
2.39593
2.43135
2.46707
2.50308
2.53937
2.57594
2.61278
2.64988
2.68723
2.72483
2.76266
2.80072
2.839
2.87748
2.91617
2.95504
2.99409
3.03331
3.07269
3.11221
3.15187
3.19166
3.23156
3.27156
3.31165
3.35182
3.39206
3.43235
3.47268
3.51304
3.55342
3.5938
3.63417
3.67452
3.71484
3.7551
3.7953
3.83542
3.87545
3.91538
3.95519
3.99486
4.03439
4.07375
4.11294
4.15193
4.19072
4.22928
4.26761
4.30569
4.34349
4.38102
4.41824
4.45515
4.49173
4.52796
4.56383
4.59933
4.63443
4.66911
4.70338
4.7372
4.77057
4.80346
4.83586
4.86775
4.89913
4.92997
4.96025
4.98997
5.0191
5.04763
5.07554
5.10283
5.12947
5.15545
5.18075
5.20536
5.22927
5.25246
5.27492
5.29663
5.31759
5.33778
5.35718
5.37579
5.3936
5.4106
5.42676
5.4421
5.45659
5.47023
5.483
5.49491
5.50594
5.5161
5.52536
5.53373
5.5412
5.54777
5.55343
5.55818
5.56202
5.56495
5.56696
5.56806
5.56825
5.56756
5.56593
5.56337
5.55989
5.5555
5.55021
5.544
5.5369
5.5289
5.52002
5.51026
5.49963
5.48814
5.4758
5.46262
5.44862
5.43381
5.4182
5.40182
5.38467
5.36678
5.34816
5.32884
5.30883
5.28816
5.26686
5.24494
5.22244
5.19939
5.17581
5.15173
5.1272
5.10225
5.07691
5.05122
5.02523
4.99898
4.9725
4.94586
4.91911
4.89229
4.86545
4.83867
4.81199
4.78547
4.75919
4.73321
4.70759
4.68241
4.65773
4.63361
4.61012
4.5873
4.56525
4.54404
4.52372
4.50434
4.48599
4.46866
4.45238
4.43717
4.42301
4.4099
4.3978
4.38666
4.37644
4.36705
4.3584
4.35039
4.3429
4.33581
4.329
4.32233
4.31569
4.30892
4.30192
4.29457
4.28671
4.27818
4.26889
4.25877
4.24774
4.23572
4.22267
4.20859
4.19345
4.17727
4.16009
4.14193
4.12284
4.10289
4.08213
4.06065
4.0385
4.01578
3.99256
3.96892
3.94495
3.92072
3.89631
3.87177
3.84719
3.8226
3.79805
3.77357
3.74915
3.72478
3.70036
3.6758
0.0588197
0.085633
0.108363
0.124814
0.137906
0.149043
0.158929
0.167958
0.176373
0.184334
0.191952
0.199307
0.206462
0.213462
0.220346
0.227143
0.233878
0.240573
0.247245
0.253909
0.260578
0.267263
0.273974
0.280719
0.287508
0.294345
0.301238
0.308191
0.315211
0.3223
0.329464
0.336704
0.344026
0.351431
0.358924
0.366508
0.374185
0.381957
0.389829
0.397801
0.405877
0.414058
0.422348
0.430749
0.439262
0.44789
0.456636
0.465501
0.474488
0.4836
0.492839
0.502208
0.511708
0.521342
0.531114
0.541026
0.55108
0.56128
0.571628
0.582128
0.592782
0.603595
0.614568
0.625705
0.637011
0.648488
0.660139
0.671969
0.68398
0.696178
0.708564
0.721144
0.73392
0.746896
0.760074
0.77346
0.787057
0.800871
0.814904
0.829162
0.843654
0.858383
0.873356
0.888577
0.90405
0.919781
0.935774
0.952033
0.968563
0.985369
1.00246
1.01983
1.03749
1.05545
1.0737
1.09226
1.11113
1.13031
1.14981
1.16963
1.18978
1.21026
1.23108
1.25223
1.27373
1.29557
1.31776
1.34031
1.36322
1.38649
1.41012
1.43411
1.45848
1.48322
1.50833
1.53382
1.55968
1.58593
1.61255
1.63955
1.66694
1.69471
1.72286
1.75139
1.7803
1.80959
1.83927
1.86932
1.89974
1.93054
1.96172
1.99326
2.02517
2.05744
2.09007
2.12306
2.1564
2.19009
2.22412
2.25848
2.29318
2.3282
2.36355
2.39921
2.43517
2.47144
2.508
2.54485
2.58197
2.61937
2.65703
2.69494
2.7331
2.77149
2.81011
2.84895
2.888
2.92725
2.96669
3.0063
3.04608
3.08602
3.12611
3.16633
3.20668
3.24714
3.2877
3.32835
3.36908
3.40987
3.45072
3.49161
3.53253
3.57346
3.6144
3.65533
3.69623
3.7371
3.77792
3.81868
3.85937
3.89996
3.94045
3.98082
4.02106
4.06116
4.10109
4.14085
4.18042
4.21979
4.25893
4.29785
4.33651
4.37492
4.41304
4.45087
4.48838
4.52558
4.56243
4.59892
4.63505
4.67078
4.70612
4.74103
4.7755
4.80953
4.84309
4.87616
4.90873
4.94079
4.97232
5.0033
5.03372
5.06356
5.0928
5.12143
5.14944
5.1768
5.20351
5.22954
5.25489
5.27954
5.30346
5.32666
5.34911
5.37081
5.39173
5.41187
5.43121
5.44974
5.46745
5.48433
5.50037
5.51555
5.52988
5.54333
5.5559
5.56759
5.57838
5.58827
5.59725
5.60532
5.61246
5.61868
5.62397
5.62833
5.63176
5.63425
5.6358
5.63641
5.63611
5.63489
5.63269
5.62955
5.62546
5.62044
5.61448
5.60758
5.59976
5.59103
5.58138
5.57082
5.55937
5.54703
5.53381
5.51973
5.5048
5.48903
5.47244
5.45504
5.43685
5.41789
5.39818
5.37774
5.35659
5.33476
5.31226
5.28912
5.26537
5.24104
5.21616
5.19077
5.16489
5.13856
5.11183
5.08473
5.0573
5.02958
5.00162
4.97348
4.9452
4.91683
4.88844
4.86008
4.83182
4.80371
4.77583
4.74823
4.72097
4.69414
4.66781
4.64206
4.61698
4.59268
4.56919
4.54659
4.52493
4.50427
4.48468
4.46622
4.44892
4.4328
4.41788
4.40414
4.39158
4.38016
4.36983
4.36051
4.35213
4.34456
4.33771
4.33143
4.32559
4.32005
4.31471
4.30934
4.30388
4.29819
4.29211
4.28549
4.27819
4.27012
4.26115
4.25116
4.24013
4.22804
4.21487
4.20062
4.18531
4.16897
4.15164
4.13337
4.11423
4.09428
4.0736
4.05226
4.03035
4.00795
3.98513
3.96198
3.93857
3.91498
3.89125
3.86746
3.84364
3.81983
3.79603
3.77223
3.74836
3.72432
0.0592199
0.0852772
0.107879
0.124296
0.137372
0.148498
0.158372
0.167389
0.175791
0.183737
0.191341
0.198681
0.205819
0.212803
0.219669
0.226447
0.233163
0.239837
0.246488
0.253129
0.259774
0.266434
0.273118
0.279836
0.286595
0.293402
0.300262
0.307182
0.314167
0.32122
0.328345
0.335548
0.34283
0.350197
0.357651
0.365195
0.372831
0.380564
0.388395
0.396327
0.404363
0.412505
0.420756
0.429118
0.437594
0.446187
0.454899
0.463732
0.47269
0.481774
0.490988
0.500335
0.509817
0.519437
0.529197
0.539102
0.549155
0.559357
0.569713
0.580227
0.5909
0.601738
0.612743
0.62392
0.635271
0.646802
0.658515
0.670415
0.682505
0.69479
0.707274
0.719961
0.732855
0.745959
0.759279
0.772819
0.786584
0.800578
0.814803
0.829257
0.843955
0.858906
0.874116
0.889589
0.905331
0.921346
0.937638
0.954213
0.971076
0.98823
1.00568
1.02343
1.04149
1.05987
1.07855
1.09756
1.1169
1.13656
1.15656
1.1769
1.19759
1.21862
1.24
1.26175
1.28385
1.30631
1.32914
1.35234
1.37591
1.39986
1.42419
1.4489
1.474
1.49947
1.52534
1.55159
1.57824
1.60527
1.63269
1.66051
1.68871
1.71731
1.7463
1.77567
1.80544
1.83559
1.86612
1.89704
1.92834
1.96001
1.99206
2.02448
2.05727
2.09042
2.12393
2.15779
2.19201
2.22657
2.26146
2.29669
2.33225
2.36813
2.40432
2.44081
2.47761
2.5147
2.55208
2.58973
2.62765
2.66583
2.70426
2.74294
2.78184
2.82098
2.86032
2.89988
2.93962
2.97956
3.01966
3.05993
3.10036
3.14093
3.18163
3.22245
3.26338
3.3044
3.34552
3.38671
3.42796
3.46926
3.5106
3.55196
3.59334
3.63472
3.67609
3.71743
3.75874
3.79999
3.84119
3.8823
3.92332
3.96425
4.00505
4.04572
4.08625
4.12662
4.16681
4.20682
4.24662
4.28621
4.32557
4.36469
4.40354
4.44212
4.48041
4.51839
4.55605
4.59338
4.63036
4.66697
4.7032
4.73903
4.77445
4.80944
4.84399
4.87807
4.91168
4.9448
4.97741
5.0095
5.04105
5.07204
5.10246
5.13229
5.16152
5.19013
5.21811
5.24543
5.27209
5.29807
5.32335
5.34791
5.37175
5.39485
5.4172
5.43877
5.45956
5.47955
5.49874
5.5171
5.53463
5.55131
5.56713
5.58209
5.59618
5.60937
5.62167
5.63307
5.64356
5.65312
5.66176
5.66946
5.67623
5.68205
5.68692
5.69085
5.69382
5.69583
5.69688
5.69698
5.69617
5.69436
5.69158
5.68783
5.68311
5.67743
5.67079
5.6632
5.65465
5.64517
5.63474
5.62339
5.61112
5.59793
5.58384
5.56887
5.55302
5.53631
5.51874
5.50035
5.48115
5.46115
5.44038
5.41885
5.3966
5.37363
5.34997
5.32565
5.3007
5.27514
5.24901
5.22234
5.19517
5.16753
5.13946
5.111
5.08219
5.05307
5.02369
4.9941
4.96436
4.93452
4.90462
4.87471
4.84487
4.81517
4.78568
4.75649
4.72768
4.69933
4.67149
4.64425
4.61769
4.59187
4.56689
4.54282
4.51976
4.49776
4.4769
4.45726
4.43887
4.42178
4.40601
4.39158
4.37848
4.36669
4.35616
4.34684
4.33864
4.33145
4.32517
4.31965
4.31473
4.31027
4.30613
4.30216
4.29828
4.29435
4.29011
4.28543
4.28011
4.27411
4.26728
4.25947
4.25063
4.24072
4.22965
4.21746
4.20416
4.18978
4.17434
4.1579
4.14051
4.12223
4.10315
4.08333
4.06285
4.04181
4.02027
3.99832
3.97603
3.95348
3.93073
3.90783
3.88484
3.86179
3.8387
3.81556
3.79231
3.76889
0.0594682
0.0846781
0.107107
0.123456
0.13649
0.147581
0.157426
0.166414
0.174788
0.182707
0.190282
0.197594
0.204703
0.211657
0.218492
0.225241
0.231926
0.238568
0.245186
0.251795
0.258406
0.265031
0.27168
0.278361
0.285082
0.291851
0.298671
0.305551
0.312493
0.319503
0.326586
0.333745
0.340983
0.348305
0.355713
0.363212
0.370803
0.37849
0.386276
0.394164
0.402156
0.410256
0.418465
0.426788
0.435227
0.443784
0.452463
0.461266
0.470196
0.479257
0.488451
0.497782
0.507253
0.516866
0.526626
0.536536
0.546599
0.556818
0.567199
0.577743
0.588456
0.599341
0.610402
0.621643
0.633069
0.644684
0.656491
0.668497
0.680704
0.693117
0.705742
0.718583
0.731643
0.744929
0.758445
0.772197
0.786187
0.800419
0.814896
0.829617
0.844599
0.859851
0.875378
0.891188
0.907286
0.923678
0.940366
0.957356
0.974653
0.992261
1.01019
1.02843
1.04701
1.06591
1.08515
1.10474
1.12467
1.14495
1.16558
1.18657
1.20793
1.22965
1.25175
1.27422
1.29707
1.32029
1.34391
1.3679
1.39229
1.41707
1.44225
1.46781
1.49378
1.52014
1.5469
1.57406
1.60162
1.62958
1.65794
1.6867
1.71586
1.74541
1.77535
1.80569
1.83642
1.86754
1.89905
1.93093
1.9632
1.99584
2.02885
2.06223
2.09597
2.13007
2.16453
2.19932
2.23446
2.26994
2.30574
2.34187
2.37831
2.41506
2.45211
2.48946
2.52709
2.565
2.60318
2.64161
2.68031
2.71924
2.75841
2.7978
2.83741
2.87723
2.91724
2.95744
2.99781
3.03835
3.07905
3.11989
3.16086
3.20196
3.24317
3.28448
3.32588
3.36735
3.4089
3.4505
3.49214
3.53381
3.5755
3.6172
3.6589
3.70057
3.74222
3.78382
3.82537
3.86685
3.90825
3.94956
3.99076
4.03184
4.07278
4.11358
4.15422
4.19469
4.23497
4.27504
4.31491
4.35454
4.39393
4.43306
4.47192
4.5105
4.54877
4.58673
4.62436
4.66164
4.69856
4.73511
4.77126
4.80701
4.84234
4.87724
4.91168
4.94565
4.97914
5.01214
5.04461
5.07656
5.10796
5.1388
5.16906
5.19873
5.22779
5.25622
5.28401
5.31114
5.3376
5.36337
5.38844
5.41279
5.4364
5.45926
5.48136
5.50268
5.52321
5.54293
5.56183
5.5799
5.59713
5.6135
5.629
5.64362
5.65735
5.67018
5.6821
5.69311
5.70319
5.71233
5.72053
5.72778
5.73408
5.73941
5.74379
5.74719
5.74962
5.75107
5.75155
5.75109
5.74966
5.74722
5.74378
5.73936
5.73395
5.72756
5.72019
5.71184
5.70252
5.69223
5.68099
5.6688
5.65566
5.64159
5.6266
5.6107
5.5939
5.57622
5.55766
5.53826
5.51802
5.49696
5.47511
5.45249
5.42912
5.40501
5.38019
5.3547
5.32854
5.30176
5.27439
5.24646
5.21801
5.18907
5.15968
5.12985
5.09964
5.06911
5.03829
5.00725
4.97604
4.94471
4.91336
4.88202
4.85074
4.81959
4.78864
4.75797
4.72767
4.69778
4.66839
4.6396
4.61149
4.58415
4.55767
4.53213
4.50764
4.48427
4.46211
4.44123
4.4217
4.40357
4.3869
4.37169
4.35798
4.34573
4.33494
4.32553
4.31745
4.31059
4.30483
4.30003
4.29601
4.2926
4.28966
4.28709
4.28482
4.28269
4.28032
4.27757
4.27436
4.27058
4.26606
4.26049
4.25389
4.24626
4.23748
4.22755
4.21646
4.20419
4.1908
4.17632
4.16083
4.14437
4.12702
4.10885
4.08994
4.07038
4.05024
4.0296
4.00854
3.98714
3.96545
3.94355
3.92147
3.89927
3.87696
3.85455
3.83199
3.80925
0.0595282
0.0838405
0.106036
0.122282
0.135248
0.146286
0.156081
0.165023
0.173352
0.181227
0.188758
0.196026
0.203092
0.210004
0.216797
0.223503
0.230145
0.236746
0.243321
0.249887
0.256455
0.263036
0.269641
0.276279
0.282955
0.289678
0.296453
0.303286
0.310182
0.317146
0.324181
0.331293
0.338484
0.345759
0.353121
0.360574
0.36812
0.375763
0.383507
0.391353
0.399306
0.407369
0.415544
0.423835
0.432245
0.440777
0.449434
0.45822
0.467138
0.476191
0.485384
0.494719
0.504199
0.51383
0.523615
0.533557
0.54366
0.55393
0.564369
0.574983
0.585775
0.59675
0.607913
0.619269
0.630821
0.642576
0.654538
0.666712
0.679102
0.691714
0.704554
0.717628
0.730939
0.74449
0.758286
0.772332
0.786625
0.801179
0.816004
0.831108
0.846498
0.862181
0.878164
0.894451
0.911046
0.927955
0.945182
0.962735
0.980617
0.998835
1.01739
1.0363
1.05555
1.07516
1.09512
1.11545
1.13615
1.15723
1.17868
1.2005
1.22272
1.24532
1.26831
1.29169
1.31547
1.33965
1.36423
1.38921
1.41459
1.44038
1.46657
1.49317
1.52018
1.54759
1.57541
1.60364
1.63227
1.6613
1.69074
1.72057
1.75081
1.78144
1.81246
1.84388
1.87568
1.90786
1.94042
1.97336
2.00666
2.04033
2.07436
2.10875
2.14349
2.17856
2.21398
2.24973
2.2858
2.32219
2.35888
2.39589
2.43318
2.47077
2.50863
2.54677
2.58517
2.62382
2.66272
2.70186
2.74123
2.78082
2.82061
2.86061
2.90079
2.94116
2.9817
3.0224
3.06325
3.10424
3.14537
3.18661
3.22796
3.26941
3.31094
3.35256
3.39423
3.43597
3.47774
3.51955
3.56137
3.60321
3.64504
3.68686
3.72865
3.7704
3.8121
3.85374
3.8953
3.93678
3.97815
4.01942
4.06056
4.10156
4.14242
4.18311
4.22363
4.26396
4.30408
4.34399
4.38368
4.42312
4.46231
4.50122
4.53986
4.5782
4.61623
4.65393
4.69129
4.7283
4.76495
4.80121
4.83707
4.87252
4.90754
4.94212
4.97625
5.0099
5.04306
5.07572
5.10786
5.13947
5.17053
5.20102
5.23093
5.26025
5.28895
5.31702
5.34445
5.37121
5.3973
5.4227
5.44739
5.47136
5.49458
5.51706
5.53876
5.55968
5.5798
5.59911
5.6176
5.63524
5.65203
5.66796
5.68301
5.69718
5.71044
5.7228
5.73423
5.74474
5.75431
5.76293
5.7706
5.77731
5.78305
5.78782
5.7916
5.79441
5.79623
5.79705
5.79692
5.79582
5.7937
5.79057
5.78643
5.78129
5.77514
5.76799
5.75984
5.7507
5.74057
5.72946
5.71737
5.70432
5.6903
5.67533
5.65942
5.64259
5.62483
5.60617
5.58663
5.56621
5.54495
5.52285
5.49994
5.47624
5.45176
5.42652
5.40055
5.37387
5.34653
5.31854
5.28994
5.26076
5.23105
5.20084
5.17019
5.13913
5.10768
5.07589
5.0438
5.01148
4.97897
4.94634
4.91365
4.88092
4.84824
4.81567
4.78328
4.75116
4.71939
4.68803
4.65717
4.62691
4.59734
4.56854
4.54062
4.51367
4.48779
4.46308
4.43963
4.41753
4.39686
4.37769
4.36007
4.34407
4.32969
4.31695
4.30584
4.2963
4.28828
4.2817
4.27643
4.27231
4.26917
4.26679
4.26502
4.26381
4.26316
4.2629
4.26242
4.26162
4.26058
4.25913
4.25695
4.25376
4.24958
4.2444
4.23799
4.23039
4.2216
4.21164
4.20048
4.18817
4.17473
4.16023
4.14476
4.12838
4.11118
4.09323
4.07461
4.05541
4.0357
4.01556
3.99506
3.97425
3.95319
3.93194
3.9105
3.88892
3.86714
3.84516
0.0594343
0.0828614
0.104801
0.120922
0.1338
0.144764
0.154494
0.163376
0.171647
0.179467
0.186944
0.19416
0.201175
0.208036
0.21478
0.221437
0.228032
0.234584
0.241113
0.247631
0.254153
0.260689
0.267248
0.273839
0.28047
0.287148
0.293878
0.300666
0.307518
0.314437
0.321429
0.328498
0.335648
0.342883
0.350206
0.357621
0.365131
0.372741
0.380453
0.388272
0.3962
0.40424
0.412397
0.420674
0.429075
0.437602
0.446261
0.455054
0.463985
0.473058
0.482278
0.491648
0.501172
0.510855
0.520702
0.530716
0.540902
0.551266
0.561811
0.572544
0.583468
0.594589
0.605913
0.617444
0.629187
0.64115
0.653339
0.665756
0.678407
0.691297
0.704432
0.717813
0.731441
0.745329
0.759487
0.773922
0.788643
0.803656
0.818966
0.834583
0.850513
0.866761
0.88333
0.900225
0.917452
0.935018
0.952929
0.971189
0.989805
1.00878
1.02812
1.04784
1.06792
1.08839
1.10924
1.13047
1.1521
1.17412
1.19654
1.21936
1.24258
1.26621
1.29024
1.31468
1.33954
1.3648
1.39048
1.41657
1.44307
1.46998
1.49731
1.52505
1.5532
1.58175
1.61072
1.64009
1.66986
1.70003
1.7306
1.76157
1.79292
1.82466
1.85678
1.88928
1.92216
1.9554
1.989
2.02296
2.05728
2.09194
2.12694
2.16227
2.19793
2.23392
2.27021
2.30681
2.34371
2.3809
2.41838
2.45613
2.49415
2.53243
2.57096
2.60974
2.64875
2.68799
2.72744
2.7671
2.80696
2.84701
2.88724
2.92764
2.9682
3.00891
3.04977
3.09076
3.13187
3.17309
3.21442
3.25583
3.29733
3.3389
3.38053
3.42221
3.46393
3.50568
3.54744
3.58922
3.63099
3.67274
3.71447
3.75617
3.79781
3.83939
3.88091
3.92234
3.96368
4.00491
4.04602
4.08701
4.12786
4.16855
4.20908
4.24943
4.28959
4.32955
4.36929
4.40881
4.44809
4.48712
4.52589
4.56437
4.60256
4.64045
4.67802
4.71526
4.75216
4.78869
4.82485
4.86063
4.896
4.93096
4.96549
4.99957
5.03319
5.06634
5.099
5.13115
5.16279
5.19389
5.22444
5.25442
5.28383
5.31263
5.34083
5.36839
5.39531
5.42157
5.44715
5.47205
5.49623
5.51969
5.54241
5.56438
5.58557
5.60598
5.62559
5.64439
5.66236
5.67948
5.69575
5.71115
5.72567
5.7393
5.75203
5.76384
5.77472
5.78467
5.79368
5.80173
5.80881
5.81493
5.82007
5.82423
5.8274
5.82957
5.83075
5.83093
5.83019
5.8284
5.82559
5.82176
5.81691
5.81105
5.80416
5.79627
5.78735
5.77743
5.76651
5.75459
5.74169
5.72778
5.7129
5.69705
5.68024
5.66249
5.6438
5.6242
5.60369
5.5823
5.56005
5.53695
5.51302
5.4883
5.46281
5.43657
5.40959
5.38189
5.35351
5.32448
5.29483
5.26459
5.2338
5.2025
5.17076
5.13856
5.10595
5.07298
5.03971
5.00618
4.97245
4.93859
4.90464
4.87065
4.83669
4.80284
4.76916
4.73574
4.70264
4.66995
4.63776
4.60616
4.57525
4.54511
4.51586
4.4876
4.46043
4.43446
4.40979
4.38652
4.36474
4.34455
4.32601
4.30919
4.29414
4.28087
4.26938
4.25966
4.25165
4.24528
4.24044
4.23696
4.23464
4.23322
4.23256
4.23262
4.23333
4.23468
4.23616
4.23755
4.23877
4.23972
4.23998
4.2392
4.23748
4.23479
4.23087
4.22576
4.21941
4.21185
4.20299
4.19291
4.18169
4.16932
4.1559
4.14147
4.1261
4.10991
4.09295
4.07532
4.05709
4.03834
4.01914
3.99956
3.97964
3.95945
3.93901
3.91836
3.89746
3.87635
0.0592052
0.0817936
0.103448
0.119415
0.132185
0.14306
0.152711
0.161521
0.169725
0.17748
0.184895
0.192052
0.199009
0.205814
0.212504
0.219108
0.225651
0.232153
0.238633
0.245103
0.251578
0.258067
0.264581
0.271127
0.277714
0.284349
0.291037
0.297785
0.304598
0.31148
0.318436
0.325471
0.332589
0.339794
0.34709
0.35448
0.36197
0.369563
0.377262
0.385071
0.392994
0.401035
0.409198
0.417488
0.425907
0.43446
0.443151
0.451985
0.460966
0.470098
0.479386
0.488835
0.49845
0.508236
0.518197
0.528339
0.538668
0.549189
0.559907
0.570827
0.581957
0.593304
0.604871
0.616663
0.628687
0.640948
0.65345
0.66619
0.679183
0.692438
0.705965
0.719772
0.733866
0.748254
0.762941
0.777935
0.793246
0.80888
0.824841
0.841133
0.857762
0.874734
0.892055
0.909733
0.927772
0.946178
0.964957
0.984114
1.00365
1.02358
1.0439
1.06461
1.08573
1.10724
1.12917
1.1515
1.17424
1.1974
1.22097
1.24495
1.26936
1.29418
1.31942
1.34509
1.37116
1.39766
1.42458
1.45191
1.47965
1.50781
1.53638
1.56535
1.59473
1.62451
1.65469
1.68526
1.71623
1.74758
1.77931
1.81141
1.84389
1.87674
1.90994
1.9435
1.97741
2.01167
2.04626
2.08118
2.11642
2.15198
2.18786
2.22403
2.2605
2.29726
2.3343
2.37162
2.4092
2.44703
2.48512
2.52345
2.56202
2.60081
2.63981
2.67903
2.71844
2.75805
2.79784
2.8378
2.87793
2.91822
2.95865
2.99922
3.03992
3.08074
3.12166
3.16269
3.20381
3.24502
3.28629
3.32763
3.36902
3.41045
3.45192
3.49341
3.53492
3.57642
3.61792
3.65941
3.70087
3.74228
3.78366
3.82497
3.86621
3.90738
3.94845
3.98943
4.03029
4.07103
4.11164
4.1521
4.19241
4.23255
4.27252
4.31229
4.35187
4.39123
4.43037
4.46927
4.50792
4.54632
4.58444
4.62228
4.65982
4.69705
4.73395
4.77052
4.80675
4.84261
4.87809
4.91319
4.94789
4.98217
5.01601
5.04942
5.08236
5.11484
5.14682
5.1783
5.20927
5.2397
5.26959
5.29891
5.32765
5.35581
5.38335
5.41027
5.43654
5.46216
5.48711
5.51137
5.53493
5.55776
5.57986
5.60121
5.62179
5.64159
5.66059
5.67878
5.69614
5.71265
5.72832
5.74311
5.75703
5.77005
5.78216
5.79336
5.80363
5.81296
5.82135
5.82877
5.83523
5.84071
5.84521
5.84873
5.85124
5.85275
5.85325
5.85279
5.85134
5.84884
5.84532
5.84077
5.83519
5.82858
5.82095
5.81228
5.8026
5.79189
5.78018
5.76745
5.75373
5.73904
5.72336
5.7067
5.68907
5.67049
5.65096
5.63051
5.60915
5.5869
5.56377
5.53978
5.51496
5.48933
5.46294
5.43575
5.40781
5.37914
5.34978
5.31976
5.28911
5.25787
5.22606
5.19374
5.16094
5.12769
5.09403
5.05999
5.02565
4.99104
4.95622
4.92125
4.88617
4.85106
4.81597
4.78097
4.74613
4.71153
4.67726
4.64338
4.60999
4.57718
4.54506
4.51371
4.48325
4.45378
4.42542
4.39827
4.37246
4.34808
4.32525
4.30407
4.28463
4.267
4.25125
4.23742
4.22553
4.21557
4.20751
4.20129
4.19681
4.19391
4.19238
4.19185
4.19197
4.19315
4.1954
4.19841
4.20181
4.20532
4.20877
4.21198
4.2146
4.21641
4.2174
4.21733
4.21596
4.21345
4.20965
4.20456
4.19816
4.19048
4.18158
4.17143
4.16014
4.14779
4.13444
4.12015
4.10502
4.08909
4.07247
4.05524
4.03747
4.01923
4.00057
3.98156
3.96223
3.94262
3.92271
3.90257
0.0588723
0.0806528
0.102
0.117794
0.130438
0.141209
0.15077
0.159497
0.167625
0.175308
0.182655
0.189747
0.196642
0.203388
0.210021
0.21657
0.22306
0.229512
0.235942
0.242365
0.248794
0.255239
0.26171
0.268217
0.274765
0.281363
0.288017
0.294732
0.301515
0.30837
0.315302
0.322316
0.329417
0.336608
0.343895
0.351281
0.358772
0.36637
0.374081
0.381908
0.389856
0.39793
0.406134
0.414472
0.422949
0.43157
0.440339
0.449263
0.458345
0.467591
0.477007
0.486598
0.49637
0.506328
0.516479
0.526829
0.537386
0.548154
0.559138
0.570344
0.58178
0.593448
0.605347
0.617493
0.629895
0.642563
0.655506
0.668733
0.68225
0.696063
0.710181
0.724612
0.739367
0.75445
0.769866
0.785622
0.801722
0.818172
0.834982
0.852156
0.869701
0.887623
0.905927
0.924619
0.943704
0.963188
0.983073
1.00337
1.02407
1.04518
1.06672
1.08867
1.11104
1.13384
1.15706
1.18071
1.20478
1.22928
1.25421
1.27956
1.30534
1.33154
1.35816
1.3852
1.41265
1.44052
1.4688
1.49749
1.52658
1.55607
1.58596
1.61624
1.6469
1.67795
1.70937
1.74116
1.77332
1.80583
1.8387
1.87191
1.90547
1.93936
1.97358
2.00811
2.04296
2.07812
2.11358
2.14933
2.18536
2.22168
2.25826
2.29511
2.33221
2.36956
2.40716
2.44498
2.48303
2.5213
2.55978
2.59846
2.63733
2.67639
2.71563
2.75504
2.7946
2.83433
2.87419
2.9142
2.95433
2.99458
3.03494
3.07541
3.11597
3.15662
3.19734
3.23814
3.27899
3.31989
3.36084
3.40182
3.44283
3.48385
3.52488
3.5659
3.60692
3.64791
3.68888
3.7298
3.77067
3.81149
3.85224
3.89291
3.93349
3.97398
4.01436
4.05463
4.09476
4.13476
4.17462
4.21432
4.25385
4.2932
4.33237
4.37133
4.41009
4.44863
4.48693
4.525
4.56281
4.60035
4.63762
4.6746
4.71129
4.74765
4.7837
4.81941
4.85477
4.88977
4.92439
4.95863
4.99247
5.02589
5.05889
5.09144
5.12354
5.15518
5.18633
5.21698
5.24712
5.27674
5.30581
5.33433
5.36227
5.38964
5.4164
5.44254
5.46804
5.4929
5.51709
5.5406
5.56342
5.58552
5.6069
5.62752
5.64739
5.66648
5.68478
5.70227
5.71893
5.73476
5.74972
5.76382
5.77704
5.78937
5.80079
5.8113
5.82089
5.82953
5.83723
5.84396
5.84973
5.85452
5.85833
5.86114
5.86296
5.86379
5.86365
5.86255
5.8604
5.85721
5.853
5.84775
5.84147
5.83416
5.82581
5.81643
5.80602
5.79459
5.78213
5.76866
5.75419
5.73873
5.72226
5.70481
5.68638
5.66699
5.64665
5.62537
5.60318
5.58008
5.5561
5.53126
5.50558
5.47909
5.45179
5.42372
5.39489
5.36533
5.33507
5.30414
5.27258
5.24042
5.20769
5.17443
5.14069
5.10648
5.07187
5.03688
5.00157
4.96599
4.93019
4.89423
4.85817
4.82205
4.78595
4.74993
4.71406
4.67842
4.6431
4.60816
4.5737
4.53982
4.50661
4.47417
4.44262
4.41206
4.38261
4.35439
4.32752
4.30211
4.27828
4.25616
4.23583
4.21741
4.20096
4.18655
4.17422
4.16398
4.15582
4.14968
4.14551
4.14313
4.1422
4.14223
4.1432
4.14563
4.14933
4.15399
4.15925
4.16484
4.17049
4.17599
4.18104
4.1854
4.18897
4.19153
4.19304
4.19327
4.19211
4.18962
4.18579
4.18061
4.17413
4.16635
4.15736
4.14723
4.13596
4.12369
4.11048
4.09641
4.08155
4.06599
4.04979
4.03301
4.01573
3.99802
3.97991
3.96145
3.94264
3.92358
0.0584754
0.0794575
0.100479
0.116083
0.128585
0.13924
0.1487
0.157336
0.16538
0.172986
0.180261
0.187284
0.194115
0.2008
0.207375
0.21387
0.220309
0.226711
0.233095
0.239474
0.245862
0.252268
0.258704
0.265177
0.271696
0.278267
0.284898
0.291594
0.298361
0.305204
0.31213
0.319142
0.326247
0.333448
0.340751
0.348161
0.355682
0.36332
0.371078
0.378963
0.386978
0.39513
0.403423
0.411863
0.420454
0.429204
0.438117
0.4472
0.456457
0.465896
0.475523
0.485349
0.495375
0.505607
0.516053
0.526719
0.537606
0.54872
0.560073
0.571678
0.583544
0.595681
0.608098
0.620803
0.633803
0.647106
0.660722
0.674662
0.688934
0.703543
0.718496
0.733799
0.749456
0.765478
0.781871
0.798643
0.815799
0.833346
0.85129
0.869636
0.888391
0.907558
0.927141
0.947147
0.967576
0.988434
1.00972
1.03144
1.0536
1.07619
1.09922
1.12268
1.14658
1.17092
1.19568
1.22089
1.24652
1.27258
1.29906
1.32597
1.35329
1.38102
1.40917
1.43772
1.46667
1.49601
1.52575
1.55586
1.58635
1.61722
1.64845
1.68003
1.71197
1.74426
1.77688
1.80983
1.84311
1.8767
1.91061
1.94482
1.97932
2.01411
2.04919
2.08454
2.12015
2.15603
2.19215
2.22852
2.26513
2.30197
2.33904
2.37631
2.4138
2.45149
2.48937
2.52744
2.56569
2.60411
2.64269
2.68143
2.72033
2.75936
2.79853
2.83783
2.87725
2.91679
2.95643
2.99617
3.036
3.07591
3.1159
3.15596
3.19607
3.23625
3.27646
3.31672
3.357
3.39731
3.43763
3.47796
3.51829
3.5586
3.5989
3.63918
3.67941
3.71961
3.75976
3.79984
3.83986
3.87981
3.91966
3.95943
3.99909
4.03864
4.07807
4.11737
4.15654
4.19555
4.23441
4.27311
4.31162
4.34996
4.3881
4.42603
4.46375
4.50125
4.53851
4.57552
4.61228
4.64878
4.68499
4.72092
4.75655
4.79187
4.82686
4.86152
4.89584
4.9298
4.96339
4.9966
5.02941
5.06181
5.0938
5.12535
5.15645
5.18709
5.21726
5.24694
5.27612
5.30477
5.3329
5.36048
5.3875
5.41395
5.4398
5.46505
5.48967
5.51365
5.53697
5.5596
5.58156
5.6028
5.62334
5.64313
5.66217
5.68045
5.69794
5.71463
5.73051
5.74556
5.75978
5.77314
5.78563
5.79724
5.80795
5.81774
5.82662
5.83456
5.84155
5.84759
5.85266
5.85676
5.85988
5.862
5.86313
5.86326
5.86248
5.86065
5.85778
5.85389
5.84897
5.84301
5.83601
5.82797
5.8189
5.80879
5.79765
5.78548
5.77229
5.75807
5.74285
5.72662
5.70939
5.69117
5.67198
5.65181
5.63069
5.60863
5.58565
5.56176
5.53699
5.51135
5.48486
5.45755
5.42943
5.40054
5.37088
5.3405
5.30941
5.27765
5.24526
5.21225
5.17868
5.14458
5.10998
5.07493
5.03945
5.00361
4.96744
4.93099
4.89432
4.85749
4.82054
4.78353
4.74654
4.70962
4.67285
4.6363
4.60004
4.56417
4.52878
4.49394
4.45977
4.42637
4.39384
4.36231
4.33188
4.30268
4.27484
4.24848
4.22373
4.20071
4.17955
4.16035
4.14321
4.12822
4.11542
4.10486
4.09653
4.09043
4.08649
4.0846
4.08414
4.08451
4.08639
4.09
4.09508
4.10133
4.10841
4.11601
4.12384
4.13165
4.13913
4.14606
4.15225
4.1575
4.16171
4.1647
4.16648
4.16682
4.16565
4.16309
4.15915
4.15387
4.14729
4.13947
4.13046
4.12035
4.10922
4.0971
4.0841
4.0703
4.0558
4.04063
4.02487
4.00858
3.99181
3.97461
3.95701
3.93912
0.0580394
0.0782252
0.0989039
0.1143
0.126648
0.137176
0.146526
0.155063
0.163018
0.170542
0.177742
0.184696
0.191462
0.198087
0.204606
0.211049
0.217439
0.223798
0.230141
0.236483
0.242837
0.249215
0.255625
0.262077
0.268579
0.275139
0.281763
0.288458
0.29523
0.302085
0.309029
0.316068
0.323207
0.330452
0.337809
0.345282
0.352878
0.360603
0.368461
0.376459
0.384603
0.392899
0.401353
0.409971
0.418759
0.427726
0.43688
0.446224
0.455766
0.465512
0.475469
0.485637
0.496025
0.506647
0.517515
0.528639
0.540033
0.551704
0.563661
0.575912
0.588468
0.60134
0.614538
0.628073
0.641952
0.656181
0.67077
0.685723
0.701049
0.716759
0.732858
0.749356
0.766258
0.783571
0.801302
0.819456
0.838038
0.857054
0.876507
0.896402
0.916741
0.937526
0.958761
0.980445
1.00258
1.02517
1.0482
1.07169
1.09562
1.12
1.14482
1.17008
1.19578
1.2219
1.24846
1.27543
1.30282
1.33062
1.35883
1.38743
1.41642
1.4458
1.47555
1.50567
1.53616
1.567
1.59818
1.6297
1.66156
1.69374
1.72623
1.75903
1.79213
1.82552
1.8592
1.89316
1.92738
1.96186
1.9966
2.03158
2.06681
2.10226
2.13794
2.17384
2.20995
2.24626
2.28276
2.31946
2.35634
2.3934
2.43062
2.46801
2.50555
2.54325
2.58109
2.61906
2.65717
2.6954
2.73375
2.77222
2.81079
2.84945
2.88822
2.92707
2.966
3.005
3.04407
3.08321
3.1224
3.16164
3.20092
3.24024
3.27958
3.31895
3.35834
3.39774
3.43714
3.47653
3.51592
3.55529
3.59463
3.63395
3.67322
3.71245
3.75163
3.79074
3.82979
3.86877
3.90766
3.94646
3.98516
4.02376
4.06225
4.10061
4.13884
4.17694
4.21489
4.25268
4.29032
4.32778
4.36506
4.40215
4.43905
4.47574
4.51221
4.54846
4.58448
4.62025
4.65576
4.69101
4.72599
4.76068
4.79508
4.82917
4.86294
4.89639
4.9295
4.96225
4.99465
5.02667
5.05831
5.08955
5.12037
5.15077
5.18074
5.21025
5.23931
5.26789
5.29597
5.32354
5.35057
5.37708
5.40303
5.42842
5.45324
5.47746
5.50107
5.52406
5.54641
5.56811
5.58914
5.60948
5.62912
5.64803
5.66621
5.68363
5.70028
5.71614
5.73119
5.74543
5.75883
5.77139
5.78308
5.7939
5.80383
5.81285
5.82096
5.82814
5.83438
5.83967
5.844
5.84736
5.84974
5.85113
5.85154
5.85101
5.84949
5.84693
5.84335
5.83874
5.8331
5.82642
5.81871
5.80996
5.80017
5.78934
5.77748
5.76459
5.75067
5.73573
5.71977
5.70281
5.68485
5.66589
5.64596
5.62505
5.60319
5.58039
5.55666
5.53203
5.5065
5.48011
5.45287
5.4248
5.39592
5.36627
5.33585
5.30471
5.27286
5.24034
5.20718
5.17342
5.13909
5.10422
5.06885
5.03303
4.99679
4.96018
4.92324
4.88603
4.84859
4.81098
4.77325
4.73546
4.69768
4.65998
4.62241
4.58506
4.548
4.51132
4.4751
4.43943
4.40442
4.37017
4.33679
4.30438
4.27308
4.24301
4.2143
4.18707
4.16147
4.13763
4.11568
4.09574
4.07793
4.06235
4.04907
4.03816
4.02963
4.02349
4.01974
4.01822
4.01801
4.01882
4.02154
4.02624
4.03262
4.0404
4.04922
4.05878
4.06875
4.07884
4.08877
4.09826
4.1071
4.11509
4.12206
4.12786
4.13244
4.1356
4.13742
4.1377
4.13643
4.13376
4.1297
4.12434
4.11769
4.10987
4.10092
4.0909
4.0799
4.06801
4.05532
4.04186
4.02771
4.01294
3.99763
3.98182
3.96554
3.94894
0.057593
0.0769716
0.0972906
0.112464
0.124644
0.135035
0.144266
0.152699
0.160561
0.168001
0.175125
0.18201
0.188714
0.195281
0.201749
0.208145
0.214494
0.220816
0.227128
0.233444
0.239777
0.246139
0.252539
0.258988
0.265493
0.272062
0.278704
0.285425
0.292232
0.299132
0.306132
0.313238
0.320457
0.327796
0.33526
0.342856
0.350593
0.358476
0.366511
0.374707
0.383071
0.391611
0.400334
0.409246
0.418354
0.427665
0.437178
0.446903
0.456857
0.467051
0.477499
0.488214
0.499205
0.510481
0.522053
0.533934
0.546135
0.558669
0.571547
0.58478
0.598376
0.612344
0.626693
0.641428
0.656564
0.672108
0.688071
0.704459
0.721279
0.73854
0.756247
0.774408
0.793025
0.812105
0.83165
0.851664
0.872149
0.893106
0.914535
0.936437
0.95881
0.981653
1.00496
1.02874
1.05297
1.07766
1.10281
1.12839
1.15442
1.18088
1.20776
1.23506
1.26277
1.29088
1.31938
1.34827
1.37753
1.40716
1.43714
1.46747
1.49814
1.52914
1.56045
1.59208
1.62401
1.65623
1.68873
1.7215
1.75454
1.78783
1.82138
1.85516
1.88917
1.92341
1.95786
1.99253
2.02739
2.06245
2.09769
2.13311
2.16871
2.20447
2.2404
2.27648
2.3127
2.34907
2.38558
2.42221
2.45897
2.49585
2.53285
2.56995
2.60716
2.64447
2.68187
2.71936
2.75694
2.79459
2.83232
2.87011
2.90797
2.94589
2.98387
3.02189
3.05996
3.09806
3.1362
3.17437
3.21257
3.25078
3.28901
3.32724
3.36548
3.40371
3.44194
3.48015
3.51835
3.55652
3.59466
3.63276
3.67083
3.70884
3.7468
3.7847
3.82253
3.86029
3.89797
3.93557
3.97307
4.01048
4.04777
4.08496
4.12202
4.15896
4.19576
4.23242
4.26893
4.30529
4.34148
4.3775
4.41334
4.44899
4.48444
4.51969
4.55473
4.58955
4.62413
4.65848
4.69257
4.72641
4.75997
4.79327
4.82627
4.85898
4.89138
4.92346
4.95521
4.98662
5.01768
5.04838
5.07871
5.10864
5.13816
5.16727
5.19595
5.22419
5.25199
5.27932
5.30618
5.33255
5.35843
5.38379
5.40862
5.4329
5.45662
5.47977
5.50232
5.52426
5.54557
5.56624
5.58625
5.60559
5.62425
5.64219
5.65941
5.6759
5.69162
5.70657
5.72073
5.73409
5.74662
5.75832
5.76917
5.77915
5.78826
5.79647
5.80378
5.81016
5.81562
5.82013
5.82369
5.82629
5.82791
5.82856
5.82827
5.82703
5.82475
5.82146
5.81716
5.81183
5.80547
5.79807
5.78965
5.78019
5.76969
5.75815
5.74559
5.73199
5.71736
5.70172
5.68506
5.66739
5.64872
5.62906
5.60842
5.58681
5.56424
5.54074
5.51631
5.49097
5.46474
5.43765
5.4097
5.38093
5.35136
5.321
5.28989
5.25804
5.2255
5.19229
5.15844
5.12398
5.08896
5.0534
5.01735
4.98084
4.94391
4.90662
4.869
4.8311
4.79298
4.75469
4.71628
4.67781
4.63935
4.60096
4.5627
4.52466
4.4869
4.44951
4.41258
4.3762
4.34046
4.30547
4.27134
4.23819
4.20612
4.17528
4.1458
4.1178
4.09143
4.06683
4.04414
4.02351
4.00505
3.9889
3.97514
3.96385
3.95508
3.94886
3.94525
3.94409
3.94392
3.94516
3.94865
3.95433
3.96193
3.97114
3.98164
3.99308
4.00514
4.01749
4.02984
4.04189
4.0534
4.06414
4.07393
4.0826
4.09003
4.0961
4.10077
4.10391
4.10564
4.10579
4.10437
4.10159
4.09743
4.09204
4.08539
4.07759
4.06871
4.05885
4.04808
4.03646
4.02405
4.01094
3.99719
3.98286
3.96799
3.95277
0.057167
0.0757113
0.0956523
0.110587
0.122587
0.13283
0.141936
0.150261
0.158027
0.165384
0.172433
0.179252
0.185897
0.192414
0.198837
0.205197
0.211515
0.217813
0.224107
0.230412
0.236742
0.243108
0.249521
0.255991
0.262528
0.26914
0.275835
0.282622
0.28951
0.296505
0.303616
0.310852
0.318219
0.325726
0.33338
0.341191
0.349166
0.357319
0.365653
0.374176
0.382896
0.391815
0.400936
0.410282
0.419864
0.429698
0.439799
0.450177
0.460841
0.471805
0.483084
0.494692
0.506642
0.518946
0.531622
0.54468
0.558129
0.571982
0.586246
0.600933
0.616056
0.631626
0.647653
0.664144
0.681108
0.698554
0.716487
0.734913
0.753836
0.773261
0.79319
0.813624
0.834563
0.856008
0.877956
0.900404
0.923349
0.946787
0.970711
0.995115
1.01999
1.04534
1.07114
1.09738
1.12407
1.15118
1.17871
1.20665
1.23498
1.26369
1.29277
1.32222
1.35201
1.38214
1.4126
1.44337
1.47444
1.5058
1.53743
1.56934
1.60151
1.63392
1.66656
1.69944
1.73253
1.76583
1.79933
1.83302
1.86689
1.90093
1.93515
1.96952
2.00404
2.03871
2.07351
2.10845
2.14351
2.1787
2.214
2.2494
2.28492
2.32053
2.35623
2.39203
2.42791
2.46388
2.49992
2.53603
2.57222
2.60847
2.64478
2.68115
2.71758
2.75406
2.79059
2.82716
2.86377
2.90042
2.93711
2.97382
3.01057
3.04734
3.08413
3.12093
3.15775
3.19458
3.23142
3.26826
3.3051
3.34193
3.37875
3.41556
3.45235
3.48912
3.52587
3.56258
3.59926
3.6359
3.6725
3.70905
3.74554
3.78197
3.81834
3.85464
3.89087
3.92702
3.96308
3.99905
4.03492
4.07068
4.10634
4.14189
4.17731
4.2126
4.24776
4.28278
4.31765
4.35237
4.38692
4.42131
4.45552
4.48955
4.52339
4.55702
4.59045
4.62367
4.65666
4.68943
4.72195
4.75422
4.78623
4.81798
4.84945
4.88064
4.91153
4.94211
4.97236
5.00227
5.03185
5.06108
5.08995
5.11845
5.14657
5.17431
5.20165
5.22856
5.25505
5.28109
5.30666
5.33176
5.35638
5.38049
5.40409
5.42717
5.44969
5.47166
5.49306
5.51386
5.53405
5.55363
5.57256
5.59084
5.60844
5.62536
5.64157
5.65706
5.67181
5.6858
5.69902
5.71145
5.72307
5.73388
5.74384
5.75296
5.76121
5.76858
5.77505
5.78062
5.78526
5.78898
5.79175
5.79356
5.79441
5.79433
5.79334
5.79132
5.78831
5.78429
5.77926
5.77321
5.76614
5.75804
5.74891
5.73874
5.72755
5.71532
5.70206
5.68778
5.67247
5.65614
5.6388
5.62045
5.60111
5.58078
5.55946
5.53719
5.51396
5.48979
5.4647
5.4387
5.41182
5.38407
5.35547
5.32605
5.29583
5.26483
5.23307
5.20059
5.16741
5.13357
5.09909
5.06401
5.02836
4.99219
4.95552
4.9184
4.88087
4.84297
4.80474
4.76625
4.72753
4.68864
4.64964
4.61058
4.57153
4.53254
4.49369
4.45506
4.4167
4.37871
4.34117
4.30418
4.26782
4.2322
4.19743
4.16363
4.13091
4.0994
4.06924
4.04055
4.0135
3.98822
3.96487
3.94359
3.92453
3.90781
3.89357
3.88189
3.87285
3.86651
3.86296
3.86192
3.86189
3.86356
3.86771
3.87428
3.88299
3.89355
3.90563
3.91888
3.93295
3.94752
3.96225
3.97685
3.99103
4.00454
4.01718
4.02875
4.03911
4.04813
4.05573
4.06182
4.06642
4.06944
4.071
4.07101
4.06944
4.06661
4.06238
4.05693
4.05029
4.04258
4.03386
4.02419
4.01364
4.0023
3.99022
3.97748
3.96413
3.95041
0.056795
0.0744577
0.0940001
0.10868
0.120487
0.130574
0.139549
0.147764
0.155435
0.162709
0.169688
0.176447
0.183042
0.189517
0.195908
0.202244
0.208547
0.214838
0.221135
0.227452
0.233805
0.240205
0.246665
0.253195
0.259807
0.26651
0.273314
0.28023
0.287267
0.294436
0.301746
0.309207
0.316831
0.324628
0.332605
0.340775
0.349143
0.357707
0.366487
0.375502
0.384769
0.394304
0.404124
0.414237
0.42466
0.435408
0.446498
0.457946
0.469767
0.481975
0.494592
0.507631
0.521105
0.535028
0.549407
0.56426
0.579602
0.595445
0.611798
0.628673
0.646078
0.66402
0.682507
0.701543
0.72113
0.741271
0.761967
0.783215
0.805013
0.827358
0.850243
0.873661
0.897605
0.922066
0.947032
0.972494
0.998437
1.02485
1.05172
1.07903
1.10677
1.13492
1.16347
1.1924
1.2217
1.25135
1.28133
1.31164
1.34225
1.37316
1.40434
1.43578
1.46747
1.4994
1.53155
1.5639
1.59646
1.62921
1.66213
1.69521
1.72845
1.76184
1.79536
1.82901
1.86277
1.89665
1.93064
1.96472
1.99889
2.03315
2.06748
2.10189
2.13637
2.17091
2.20552
2.24018
2.27489
2.30964
2.34445
2.37929
2.41418
2.4491
2.48405
2.51904
2.55405
2.58909
2.62416
2.65925
2.69436
2.72949
2.76463
2.79979
2.83497
2.87016
2.90535
2.94056
2.97577
3.01099
3.04621
3.08144
3.11666
3.15188
3.18709
3.2223
3.2575
3.29269
3.32786
3.36302
3.39815
3.43327
3.46836
3.50342
3.53846
3.57346
3.60842
3.64334
3.67822
3.71304
3.74782
3.78255
3.81721
3.85181
3.88634
3.9208
3.95518
3.98948
4.02369
4.05781
4.09184
4.12576
4.15958
4.19328
4.22687
4.26033
4.29366
4.32685
4.35991
4.39282
4.42557
4.45816
4.49058
4.52283
4.5549
4.58678
4.61846
4.64994
4.6812
4.71225
4.74307
4.77365
4.80397
4.83403
4.86382
4.89334
4.92258
4.95153
4.9802
5.00857
5.03661
5.06432
5.0917
5.11871
5.14535
5.17162
5.19751
5.22299
5.24806
5.2727
5.2969
5.32065
5.34393
5.36673
5.38903
5.41083
5.4321
5.45283
5.47301
5.49262
5.51164
5.53005
5.54785
5.56502
5.58153
5.59738
5.61253
5.62699
5.64072
5.65371
5.66595
5.67742
5.6881
5.69798
5.70703
5.71525
5.72262
5.72913
5.73475
5.73948
5.7433
5.7462
5.74817
5.74919
5.74927
5.7485
5.74672
5.74396
5.74021
5.73546
5.72971
5.72295
5.71517
5.70637
5.69655
5.6857
5.67382
5.66092
5.64699
5.63204
5.61607
5.59909
5.5811
5.56211
5.54212
5.52115
5.4992
5.4763
5.45244
5.42765
5.40194
5.37533
5.34784
5.31948
5.29028
5.26026
5.22945
5.19785
5.16551
5.13245
5.0987
5.06429
5.02924
4.9936
4.9574
4.92067
4.88345
4.84579
4.80772
4.76929
4.73054
4.69152
4.65229
4.61288
4.57337
4.5338
4.49424
4.45475
4.4154
4.37626
4.3374
4.29891
4.26086
4.22334
4.18646
4.15032
4.11501
4.08066
4.04738
4.0153
3.98455
3.95528
3.92763
3.90175
3.8778
3.85593
3.8363
3.81906
3.80434
3.79227
3.78294
3.77643
3.77285
3.77188
3.77197
3.77401
3.77875
3.7861
3.79582
3.80763
3.82119
3.83615
3.85216
3.86888
3.88594
3.90304
3.91987
3.93616
3.95166
3.96617
3.97951
3.99154
4.00215
4.01125
4.01881
4.02478
4.02921
4.03204
4.03344
4.03338
4.03166
4.02869
4.0244
4.01896
4.01241
4.00482
3.99624
3.98677
3.97648
3.96544
3.95373
3.94159
0.0565137
0.0732233
0.0923437
0.106752
0.118353
0.128276
0.137117
0.14522
0.152799
0.159996
0.166912
0.173621
0.180178
0.186627
0.193003
0.199334
0.205645
0.211956
0.218285
0.224651
0.231066
0.237547
0.244106
0.250757
0.257513
0.264386
0.271389
0.278533
0.285834
0.293308
0.300962
0.308809
0.316859
0.325102
0.333574
0.342296
0.351286
0.360572
0.370165
0.38008
0.390339
0.400961
0.411969
0.423379
0.435211
0.447485
0.460221
0.473441
0.487161
0.501394
0.516152
0.531454
0.54732
0.563762
0.580793
0.598424
0.616665
0.635523
0.655002
0.675105
0.695832
0.717181
0.739148
0.761727
0.784911
0.808687
0.833046
0.857972
0.883452
0.909468
0.936004
0.963041
0.990559
1.01854
1.04696
1.0758
1.10505
1.13467
1.16465
1.19496
1.2256
1.25653
1.28775
1.31922
1.35093
1.38287
1.41501
1.44735
1.47986
1.51253
1.54534
1.57829
1.61136
1.64454
1.67781
1.71117
1.74461
1.77811
1.81167
1.84528
1.87894
1.91263
1.94635
1.9801
2.01387
2.04765
2.08144
2.11523
2.14903
2.18283
2.21662
2.25041
2.28419
2.31797
2.35173
2.38548
2.41921
2.45293
2.48664
2.52033
2.554
2.58765
2.62129
2.65491
2.68851
2.7221
2.75567
2.78922
2.82275
2.85627
2.88976
2.92325
2.95671
2.99016
3.02359
3.057
3.0904
3.12378
3.15714
3.19048
3.2238
3.2571
3.29038
3.32363
3.35687
3.39008
3.42326
3.45642
3.48954
3.52264
3.55571
3.58874
3.62173
3.65469
3.6876
3.72047
3.75329
3.78607
3.81879
3.85146
3.88407
3.91661
3.94909
3.9815
4.01384
4.0461
4.07827
4.11036
4.14236
4.17426
4.20606
4.23776
4.26935
4.30082
4.33217
4.3634
4.39449
4.42545
4.45626
4.48692
4.51743
4.54778
4.57796
4.60796
4.63777
4.66737
4.69677
4.72596
4.75495
4.7837
4.81226
4.84058
4.86866
4.89648
4.92404
4.95132
4.97832
5.00503
5.03144
5.05754
5.08331
5.10875
5.13384
5.15857
5.18294
5.20692
5.23052
5.2537
5.27647
5.29881
5.3207
5.34213
5.36308
5.38355
5.40352
5.42297
5.44189
5.46026
5.47806
5.49529
5.51191
5.52793
5.54331
5.55805
5.57212
5.58551
5.59819
5.61017
5.6214
5.63189
5.6416
5.65053
5.65866
5.66597
5.67244
5.67806
5.68282
5.6867
5.68969
5.69177
5.69294
5.69316
5.69256
5.691
5.68846
5.68496
5.68048
5.67501
5.66855
5.66109
5.65262
5.64313
5.63264
5.62112
5.60859
5.59504
5.58046
5.56488
5.54828
5.53067
5.51206
5.49245
5.47186
5.45029
5.42774
5.40425
5.37981
5.35444
5.32816
5.30098
5.27292
5.244
5.21425
5.18369
5.15233
5.1202
5.08733
5.05375
5.01948
4.98455
4.949
4.91286
4.87616
4.83895
4.80125
4.76312
4.72458
4.68569
4.64648
4.60701
4.56733
4.52749
4.48754
4.44754
4.40755
4.36764
4.32787
4.2883
4.24903
4.21011
4.17164
4.1337
4.09639
4.05981
4.02405
3.98925
3.9555
3.92295
3.89171
3.86194
3.83377
3.80737
3.78289
3.7605
3.74035
3.72261
3.70744
3.69497
3.68533
3.67861
3.67496
3.67403
3.67422
3.67656
3.68178
3.68981
3.70044
3.71339
3.72832
3.7449
3.76275
3.78153
3.80086
3.82042
3.83986
3.85891
3.87727
3.89473
3.91109
3.92617
3.93984
3.95201
3.96262
3.97162
3.97901
3.98477
3.98901
3.99184
3.99299
3.99265
3.99079
3.98776
3.98349
3.97809
3.97161
3.96413
3.95573
3.94651
3.93653
3.92608
0.0563818
0.0720224
0.0906914
0.104808
0.116192
0.125944
0.13465
0.142644
0.150135
0.157264
0.16413
0.170805
0.177343
0.183788
0.190174
0.196531
0.202885
0.209257
0.215668
0.222137
0.228681
0.235318
0.242066
0.248939
0.255955
0.263134
0.270491
0.278041
0.285795
0.293753
0.301945
0.310401
0.319148
0.328217
0.337625
0.347396
0.357556
0.368136
0.37916
0.390652
0.40264
0.41515
0.42821
0.441844
0.456079
0.470938
0.486438
0.502581
0.519387
0.536876
0.555062
0.573957
0.593571
0.613907
0.634968
0.65675
0.679248
0.702453
0.726353
0.750932
0.776174
0.802057
0.828559
0.855657
0.883324
0.911534
0.94026
0.969473
0.999143
1.02924
1.05974
1.09062
1.12184
1.15337
1.18519
1.21728
1.24961
1.28215
1.31488
1.34778
1.38083
1.41401
1.4473
1.48069
1.51415
1.54767
1.58124
1.61485
1.64847
1.68211
1.71575
1.74937
1.78298
1.81656
1.85011
1.88362
1.91709
1.9505
1.98386
2.01716
2.0504
2.08358
2.11669
2.14973
2.1827
2.21559
2.24842
2.28117
2.31386
2.34647
2.379
2.41147
2.44387
2.4762
2.50846
2.54066
2.57279
2.60486
2.63686
2.66881
2.7007
2.73253
2.76431
2.79604
2.82771
2.85934
2.89092
2.92246
2.95395
2.98541
3.01682
3.0482
3.07954
3.11085
3.14212
3.17336
3.20457
3.23575
3.26689
3.29801
3.3291
3.36017
3.3912
3.4222
3.45318
3.48413
3.51504
3.54593
3.57679
3.60762
3.63841
3.66917
3.6999
3.73059
3.76124
3.79185
3.82241
3.85294
3.88341
3.91384
3.94421
3.97453
4.00479
4.03498
4.06512
4.09518
4.12517
4.15508
4.18491
4.21466
4.24432
4.27388
4.30335
4.3327
4.36196
4.39111
4.42013
4.44904
4.4778
4.50642
4.53489
4.5632
4.59137
4.61937
4.64722
4.67491
4.70243
4.72975
4.75688
4.7838
4.81051
4.83701
4.86328
4.88931
4.9151
4.94063
4.9659
4.9909
5.01562
5.04005
5.06418
5.08799
5.11148
5.13463
5.15743
5.17988
5.20196
5.22365
5.24494
5.26583
5.28629
5.30632
5.32589
5.34501
5.36364
5.38178
5.3994
5.41651
5.43307
5.44907
5.4645
5.47935
5.49358
5.50719
5.52015
5.53246
5.54409
5.55502
5.56524
5.57472
5.58346
5.59144
5.59863
5.60502
5.61059
5.61533
5.61923
5.62226
5.62441
5.62568
5.62604
5.62557
5.62419
5.62186
5.61858
5.61435
5.60915
5.60298
5.59582
5.58768
5.57854
5.5684
5.55725
5.54509
5.53192
5.51775
5.50256
5.48637
5.46917
5.45097
5.43177
5.41159
5.39043
5.36829
5.34519
5.32115
5.29617
5.27026
5.24345
5.21575
5.18718
5.15776
5.12751
5.09645
5.0646
5.03199
4.99865
4.9646
4.92987
4.89449
4.8585
4.82192
4.78479
4.74716
4.70904
4.6705
4.63156
4.59227
4.55267
4.51282
4.47276
4.43255
4.39224
4.35188
4.31154
4.27128
4.23116
4.19125
4.15163
4.11238
4.07357
4.03529
3.99763
3.96069
3.92458
3.88941
3.85529
3.82234
3.79071
3.76052
3.73192
3.70508
3.68014
3.65728
3.63667
3.61848
3.60288
3.59002
3.58005
3.5731
3.56933
3.5684
3.56868
3.57124
3.57686
3.58548
3.59691
3.61087
3.62707
3.64514
3.66473
3.68547
3.70698
3.72892
3.75093
3.77269
3.79391
3.81432
3.8337
3.85186
3.86865
3.88394
3.89767
3.90976
3.9202
3.92898
3.93614
3.94177
3.94572
3.94828
3.94923
3.94875
3.94686
3.94379
3.93949
3.93413
3.92774
3.92044
3.9123
3.90364
0.0564444
0.0708659
0.0890491
0.102854
0.114008
0.123586
0.132156
0.140047
0.147463
0.154541
0.161376
0.168041
0.174589
0.181064
0.187502
0.193935
0.20039
0.206893
0.213468
0.220139
0.226926
0.233854
0.240951
0.248233
0.25572
0.263417
0.271347
0.279554
0.288073
0.296949
0.306205
0.315874
0.325994
0.336605
0.347742
0.359443
0.371745
0.384685
0.398301
0.41263
0.4277
0.443544
0.460199
0.477679
0.496016
0.515194
0.535212
0.556078
0.577803
0.600386
0.623823
0.648101
0.673202
0.699105
0.725783
0.753206
0.781339
0.810148
0.839595
0.869639
0.900241
0.931359
0.962954
0.994983
1.02741
1.06019
1.09329
1.12667
1.1603
1.19414
1.22816
1.26233
1.29662
1.331
1.36546
1.39996
1.43449
1.46902
1.50353
1.53802
1.57246
1.60684
1.64114
1.67536
1.70948
1.7435
1.77741
1.8112
1.84486
1.87839
1.91178
1.94503
1.97814
2.01111
2.04393
2.0766
2.10912
2.1415
2.17372
2.2058
2.23774
2.26953
2.30117
2.33268
2.36404
2.39527
2.42637
2.45734
2.48818
2.51889
2.54949
2.57997
2.61034
2.6406
2.67076
2.70081
2.73076
2.76063
2.7904
2.82008
2.84968
2.8792
2.90865
2.93802
2.96733
2.99657
3.02575
3.05487
3.08394
3.11295
3.14192
3.17084
3.19972
3.22855
3.25735
3.28611
3.31483
3.34352
3.37218
3.40081
3.42941
3.45798
3.48652
3.51504
3.54353
3.572
3.60044
3.62886
3.65725
3.68562
3.71396
3.74227
3.77055
3.79881
3.82704
3.85523
3.88339
3.91152
3.93961
3.96766
3.99567
4.02363
4.05155
4.07942
4.10724
4.135
4.1627
4.19033
4.2179
4.2454
4.27282
4.30017
4.32742
4.35458
4.38163
4.40859
4.43544
4.46218
4.48882
4.51536
4.54178
4.56807
4.59423
4.62024
4.6461
4.67181
4.69735
4.72273
4.74793
4.77295
4.79777
4.8224
4.84682
4.87103
4.89501
4.91876
4.94227
4.96553
4.98853
5.01126
5.03371
5.05587
5.07773
5.09927
5.12049
5.14138
5.16191
5.18209
5.20189
5.22131
5.24033
5.25893
5.27711
5.29485
5.31213
5.32894
5.34527
5.36109
5.3764
5.39117
5.4054
5.41905
5.43213
5.4446
5.45646
5.46767
5.47824
5.48813
5.49733
5.50582
5.51358
5.5206
5.52686
5.53233
5.53701
5.54088
5.54391
5.5461
5.54743
5.54789
5.54753
5.54631
5.54416
5.54109
5.53709
5.53215
5.52625
5.5194
5.51157
5.50277
5.49298
5.48221
5.47044
5.45767
5.4439
5.42913
5.41336
5.39659
5.37883
5.36008
5.34034
5.31962
5.29793
5.27528
5.25167
5.22712
5.20165
5.17526
5.14797
5.1198
5.09076
5.06089
5.03019
4.99869
4.96641
4.93338
4.89962
4.86516
4.83003
4.79426
4.75788
4.72092
4.68343
4.64542
4.60696
4.56806
4.52879
4.48917
4.44925
4.40908
4.36872
4.3282
4.28759
4.24694
4.20632
4.16578
4.12539
4.08521
4.04532
4.0058
3.96673
3.92818
3.89026
3.85305
3.81666
3.7812
3.74679
3.71354
3.68158
3.65106
3.62211
3.5949
3.56958
3.54632
3.52531
3.5067
3.4907
3.47746
3.46716
3.45996
3.45603
3.4551
3.45543
3.45814
3.46407
3.47318
3.48529
3.50017
3.51749
3.53694
3.55814
3.58072
3.60432
3.62854
3.65304
3.67747
3.70149
3.72484
3.74724
3.7685
3.78842
3.80689
3.82378
3.83903
3.8526
3.86447
3.87466
3.8832
3.89006
3.89538
3.89907
3.90144
3.90228
3.90168
3.89966
3.89652
3.89226
3.88699
3.8808
3.87403
0.0567227
0.0697603
0.0874194
0.10089
0.111804
0.121205
0.129647
0.137448
0.144809
0.151861
0.158699
0.165394
0.172
0.178565
0.185127
0.191724
0.198388
0.205151
0.212047
0.219109
0.226364
0.233836
0.241527
0.249497
0.257797
0.266482
0.275601
0.285195
0.295316
0.306024
0.317371
0.329415
0.342209
0.355808
0.370268
0.385647
0.401983
0.419315
0.437687
0.457143
0.477679
0.499311
0.522092
0.545953
0.570823
0.596699
0.623565
0.651399
0.680167
0.709823
0.740316
0.771592
0.803593
0.836261
0.869537
0.903361
0.937675
0.972422
1.00755
1.04299
1.07871
1.11466
1.15078
1.18704
1.22339
1.2598
1.29623
1.33265
1.36904
1.40536
1.44159
1.4777
1.51369
1.54953
1.58519
1.62068
1.65598
1.69108
1.72596
1.76062
1.79505
1.82926
1.86322
1.89695
1.93043
1.96367
1.99667
2.02942
2.06192
2.09419
2.12621
2.15799
2.18954
2.22085
2.25193
2.28279
2.31343
2.34385
2.37406
2.40406
2.43385
2.46345
2.49286
2.52208
2.55112
2.57998
2.60868
2.63721
2.66558
2.6938
2.72187
2.74981
2.7776
2.80527
2.83282
2.86024
2.88755
2.91476
2.94186
2.96887
2.99578
3.02261
3.04935
3.07601
3.10261
3.12913
3.15559
3.182
3.20834
3.23464
3.26089
3.28709
3.31325
3.33938
3.36547
3.39152
3.41755
3.44355
3.46952
3.49548
3.52141
3.54732
3.57321
3.59908
3.62494
3.65078
3.6766
3.70241
3.72821
3.754
3.77976
3.80552
3.83126
3.85698
3.88268
3.90837
3.93403
3.95968
3.9853
4.0109
4.03647
4.06201
4.08752
4.11299
4.13843
4.16383
4.18918
4.21446
4.23969
4.26485
4.28996
4.31501
4.33999
4.36493
4.3898
4.41459
4.43929
4.46391
4.48843
4.51285
4.53717
4.56138
4.58547
4.60944
4.63328
4.65698
4.68054
4.70395
4.72721
4.75031
4.77323
4.79598
4.81854
4.84091
4.86307
4.88503
4.90677
4.92828
4.94955
4.97058
4.99135
5.01185
5.03207
5.052
5.07163
5.09094
5.10994
5.1286
5.14691
5.16485
5.18243
5.19961
5.21639
5.23275
5.24868
5.26417
5.27919
5.29374
5.30779
5.32134
5.33436
5.34684
5.35876
5.37011
5.38085
5.39099
5.4005
5.40936
5.41755
5.42505
5.43185
5.43793
5.44326
5.44784
5.45163
5.45464
5.45683
5.4582
5.45872
5.45845
5.45736
5.45536
5.45248
5.4487
5.444
5.43837
5.43181
5.4243
5.41584
5.40641
5.39601
5.38463
5.37227
5.35892
5.34459
5.32927
5.31296
5.29566
5.27738
5.25811
5.23788
5.21667
5.19449
5.17137
5.1473
5.1223
5.09638
5.06955
5.04184
5.01325
4.9838
4.95353
4.92243
4.89055
4.8579
4.8245
4.79038
4.75557
4.7201
4.684
4.64729
4.61002
4.57222
4.53392
4.49516
4.45598
4.41643
4.37654
4.33636
4.29594
4.25533
4.21458
4.17374
4.13287
4.09203
4.05128
4.01068
3.97031
3.93022
3.89051
3.85124
3.8125
3.77438
3.73698
3.70039
3.66472
3.63009
3.59662
3.56442
3.53364
3.50443
3.47692
3.45129
3.4277
3.40633
3.38737
3.371
3.3574
3.34677
3.33928
3.33517
3.33421
3.33457
3.33737
3.34353
3.35304
3.36573
3.38138
3.39971
3.42039
3.44306
3.46736
3.4929
3.51931
3.5462
3.57321
3.59998
3.62622
3.65162
3.67597
3.69905
3.7207
3.7408
3.75926
3.77603
3.79106
3.80436
3.81593
3.82578
3.83398
3.84052
3.8456
3.84911
3.85126
3.85187
3.85109
3.84906
3.84594
3.8418
3.83701
0.0573493
0.0687204
0.0858035
0.098917
0.109581
0.118808
0.127137
0.134876
0.142217
0.14929
0.156188
0.162985
0.169742
0.176513
0.183342
0.190281
0.197378
0.204669
0.212188
0.219945
0.228031
0.236517
0.245497
0.255025
0.265171
0.276024
0.287672
0.300201
0.313691
0.328225
0.343889
0.36078
0.378951
0.398448
0.419325
0.441656
0.465419
0.490598
0.517204
0.545287
0.574685
0.605309
0.637002
0.669742
0.703457
0.738081
0.773545
0.809771
0.846668
0.884146
0.92212
0.960507
0.999229
1.03821
1.07739
1.1167
1.15609
1.19549
1.23487
1.27417
1.31335
1.35238
1.39123
1.42987
1.46826
1.5064
1.54425
1.5818
1.61904
1.65596
1.69253
1.72876
1.76464
1.80016
1.83531
1.8701
1.90453
1.93859
1.97228
2.00562
2.03859
2.0712
2.10346
2.13538
2.16695
2.19817
2.22907
2.25964
2.28989
2.31982
2.34945
2.37878
2.40782
2.43658
2.46505
2.49326
2.52121
2.5489
2.57635
2.60356
2.63054
2.6573
2.68385
2.71019
2.73633
2.76228
2.78804
2.81363
2.83906
2.86432
2.88943
2.9144
2.93922
2.96392
2.98849
3.01294
3.03728
3.06151
3.08564
3.10968
3.13363
3.1575
3.1813
3.20502
3.22867
3.25227
3.27581
3.2993
3.32275
3.34615
3.36952
3.39285
3.41615
3.43942
3.46267
3.4859
3.50911
3.53231
3.55549
3.57867
3.60184
3.625
3.64815
3.6713
3.69445
3.71759
3.74074
3.76388
3.78703
3.81018
3.83333
3.85648
3.87962
3.90277
3.92592
3.94906
3.9722
3.99534
4.01847
4.0416
4.06469
4.08776
4.11081
4.13384
4.15686
4.17984
4.20281
4.22577
4.2487
4.27159
4.29445
4.31726
4.34002
4.36273
4.38539
4.40799
4.43052
4.45298
4.47537
4.49768
4.5199
4.54203
4.56406
4.586
4.60782
4.62953
4.65111
4.67257
4.6939
4.71508
4.73611
4.75699
4.7777
4.79825
4.81861
4.83879
4.85877
4.87854
4.8981
4.91743
4.93653
4.95539
4.97399
4.99232
5.01037
5.02814
5.04561
5.06276
5.07959
5.09608
5.11222
5.128
5.1434
5.1584
5.173
5.18718
5.20091
5.2142
5.22702
5.23936
5.25119
5.26251
5.2733
5.28353
5.29319
5.30227
5.31073
5.31858
5.32578
5.33232
5.33817
5.34333
5.34776
5.35146
5.3544
5.35656
5.35794
5.35851
5.3583
5.35731
5.35546
5.35275
5.34917
5.3447
5.33934
5.33306
5.32587
5.31774
5.30867
5.29865
5.28767
5.27573
5.26282
5.24894
5.23408
5.21825
5.20144
5.18366
5.1649
5.14518
5.12449
5.10284
5.08023
5.05669
5.03221
5.00681
4.9805
4.95329
4.9252
4.89625
4.86646
4.83583
4.80441
4.7722
4.73923
4.70552
4.67111
4.63601
4.60026
4.56389
4.52692
4.4894
4.45134
4.41281
4.37382
4.33442
4.29465
4.25456
4.21419
4.17359
4.1328
4.09187
4.05087
4.00984
3.96885
3.92795
3.88722
3.84671
3.8065
3.76666
3.72726
3.6884
3.65016
3.61263
3.57592
3.54012
3.50535
3.47172
3.43936
3.40841
3.37899
3.35127
3.3254
3.30155
3.27989
3.26062
3.24392
3.22999
3.21903
3.21124
3.20692
3.2059
3.20627
3.20909
3.21541
3.22522
3.23839
3.2547
3.27389
3.29565
3.31964
3.34549
3.37284
3.40129
3.43045
3.45994
3.48938
3.51843
3.5468
3.5742
3.60042
3.62527
3.6486
3.67031
3.69032
3.70857
3.72505
3.73975
3.75267
3.76386
3.77335
3.78123
3.78751
3.79229
3.79551
3.79743
3.7979
3.79704
3.79506
3.79233
0.0584615
0.0677441
0.0841957
0.0969248
0.107335
0.116407
0.124659
0.132388
0.139779
0.146966
0.154046
0.1611
0.168211
0.175451
0.182877
0.190528
0.198445
0.206758
0.215577
0.225021
0.235178
0.246181
0.258196
0.271347
0.285755
0.301552
0.318897
0.337923
0.358705
0.3813
0.405779
0.432262
0.460667
0.490917
0.52296
0.556912
0.592482
0.629488
0.667736
0.706936
0.747058
0.788008
0.829648
0.871885
0.914614
0.957713
1.00107
1.04459
1.08818
1.13175
1.17525
1.21859
1.26173
1.3046
1.34717
1.3894
1.43124
1.47268
1.51369
1.55424
1.59432
1.63392
1.67302
1.71161
1.7497
1.78727
1.82431
1.86085
1.89686
1.93236
1.96734
2.00182
2.03579
2.06926
2.10225
2.13476
2.16679
2.19835
2.22946
2.26013
2.29035
2.32016
2.34954
2.37853
2.40711
2.43531
2.46314
2.4906
2.51771
2.54448
2.57091
2.59702
2.62283
2.64833
2.67354
2.69848
2.72314
2.74755
2.7717
2.79562
2.8193
2.84276
2.86601
2.88906
2.91192
2.93459
2.95708
2.97941
3.00158
3.0236
3.04547
3.06722
3.08883
3.11032
3.13171
3.15298
3.17416
3.19525
3.21625
3.23718
3.25802
3.27881
3.29953
3.32019
3.34081
3.36139
3.38192
3.40242
3.42289
3.44334
3.46376
3.48417
3.50457
3.52495
3.54532
3.56569
3.58606
3.60644
3.62682
3.6472
3.66759
3.688
3.70841
3.72884
3.74928
3.76973
3.79021
3.8107
3.83121
3.85174
3.87229
3.89285
3.91342
3.934
3.95458
3.97518
3.99579
4.01641
4.03704
4.05768
4.07835
4.09904
4.11972
4.14041
4.1611
4.18178
4.20245
4.22311
4.24375
4.26438
4.28498
4.30556
4.32611
4.34663
4.36711
4.38755
4.40795
4.42829
4.44858
4.46881
4.48897
4.50907
4.52908
4.54901
4.56886
4.58861
4.60826
4.6278
4.64723
4.66653
4.68571
4.70476
4.72366
4.74241
4.761
4.77943
4.79769
4.81576
4.83364
4.85132
4.86878
4.88602
4.90303
4.9198
4.93631
4.95256
4.96853
4.98421
4.9996
5.01466
5.0294
5.0438
5.05785
5.07153
5.08482
5.09772
5.1102
5.12226
5.13387
5.14502
5.1557
5.16589
5.17557
5.18472
5.19332
5.20136
5.20882
5.21568
5.22192
5.22753
5.23247
5.23673
5.2403
5.24314
5.24526
5.24662
5.24721
5.24705
5.24616
5.24442
5.24187
5.23848
5.23423
5.22912
5.22313
5.21625
5.20846
5.19975
5.19012
5.17955
5.16804
5.15559
5.14218
5.12781
5.11248
5.09618
5.07893
5.06071
5.04153
5.0214
5.00031
4.97827
4.95529
4.93138
4.90655
4.8808
4.85416
4.82663
4.79823
4.76898
4.73889
4.70798
4.67628
4.64381
4.61059
4.57664
4.54199
4.50667
4.4707
4.43412
4.39695
4.35924
4.321
4.28229
4.24314
4.20358
4.16367
4.12344
4.08294
4.04222
4.00131
3.96028
3.91918
3.87805
3.83698
3.796
3.7552
3.71462
3.67435
3.63445
3.595
3.55609
3.51779
3.48021
3.44344
3.40758
3.37275
3.33905
3.3066
3.27555
3.24601
3.21815
3.19211
3.16807
3.14619
3.12667
3.10969
3.09546
3.08418
3.07608
3.0715
3.07039
3.07074
3.07353
3.07995
3.08998
3.10351
3.12035
3.14025
3.16293
3.18806
3.2153
3.24429
3.27462
3.3059
3.33773
3.36972
3.4015
3.43274
3.46315
3.49248
3.52051
3.54707
3.57204
3.59533
3.61685
3.63657
3.65447
3.67055
3.68483
3.69733
3.70814
3.71727
3.72479
3.73072
3.7352
3.73819
3.73995
3.74035
3.73976
0.0601549
0.0668318
0.082574
0.0948981
0.105075
0.114045
0.122305
0.130145
0.137754
0.145284
0.15286
0.160577
0.168511
0.176736
0.185435
0.194772
0.204934
0.216112
0.22853
0.242406
0.25793
0.275341
0.294976
0.316984
0.341453
0.368456
0.398154
0.430608
0.465626
0.503021
0.542655
0.584717
0.628606
0.674004
0.720618
0.767859
0.815735
0.864162
0.912993
0.962068
1.01129
1.06052
1.10962
1.15849
1.20704
1.25519
1.30288
1.35004
1.39664
1.44263
1.48799
1.53269
1.5767
1.62002
1.66264
1.70453
1.74572
1.78618
1.82592
1.86495
1.90326
1.94087
1.97779
2.01402
2.04957
2.08446
2.11869
2.15228
2.18524
2.2176
2.24934
2.2805
2.31108
2.34111
2.37059
2.39954
2.42798
2.45591
2.48336
2.51034
2.53686
2.56294
2.5886
2.61384
2.63868
2.66312
2.6872
2.71091
2.73428
2.75731
2.78002
2.80242
2.82452
2.84633
2.86787
2.88915
2.91017
2.93096
2.95151
2.97184
2.99196
3.01188
3.03161
3.05115
3.07053
3.08974
3.10881
3.12773
3.14651
3.16516
3.1837
3.20212
3.22044
3.23867
3.2568
3.27486
3.29283
3.31074
3.32859
3.34637
3.36411
3.3818
3.39946
3.41708
3.43467
3.45224
3.4698
3.48734
3.50487
3.5224
3.53993
3.55746
3.57499
3.59253
3.61008
3.62766
3.64525
3.66286
3.6805
3.69816
3.71585
3.73357
3.75131
3.76909
3.78688
3.80469
3.82254
3.84043
3.85834
3.8763
3.89428
3.91231
3.93038
3.9485
3.96666
3.98484
4.00307
4.02132
4.0396
4.0579
4.07623
4.09457
4.11294
4.13133
4.14973
4.16815
4.18657
4.205
4.22343
4.24186
4.26029
4.27871
4.29712
4.31552
4.33389
4.35225
4.37058
4.38887
4.40713
4.42535
4.44352
4.46164
4.4797
4.49769
4.51562
4.53347
4.55125
4.56893
4.58652
4.60401
4.62139
4.63866
4.65581
4.67283
4.68971
4.70645
4.72303
4.73945
4.7557
4.77177
4.78766
4.80334
4.81881
4.83406
4.84908
4.86386
4.87838
4.89263
4.90661
4.9203
4.93369
4.94675
4.95949
4.97188
4.98392
4.99558
5.00685
5.01771
5.02816
5.03817
5.04773
5.05682
5.06543
5.07354
5.08112
5.08817
5.09466
5.10058
5.1059
5.1106
5.11467
5.11808
5.12082
5.12286
5.12418
5.12478
5.12466
5.12384
5.12222
5.11982
5.11661
5.11258
5.10772
5.10201
5.09544
5.08799
5.07965
5.07042
5.06027
5.04921
5.03722
5.0243
5.01044
4.99563
4.97988
4.96318
4.94553
4.92694
4.90739
4.8869
4.86547
4.84311
4.81982
4.7956
4.77048
4.74445
4.71754
4.68975
4.6611
4.6316
4.60129
4.57016
4.53825
4.50558
4.47217
4.43804
4.40323
4.36775
4.33163
4.29491
4.25761
4.21976
4.18141
4.14259
4.10334
4.0637
4.02371
3.98341
3.94284
3.90206
3.86111
3.82003
3.77889
3.73775
3.69665
3.65567
3.61486
3.57429
3.53402
3.49413
3.4547
3.4158
3.37752
3.33996
3.30321
3.26737
3.23255
3.19885
3.1664
3.13532
3.10574
3.07781
3.05169
3.02753
3.0055
2.98579
2.96859
2.9541
2.94253
2.9341
2.92921
2.92792
2.92825
2.93099
2.93747
2.94766
2.96145
2.97868
2.99913
3.02255
3.04863
3.07705
3.10747
3.13949
3.17271
3.20671
3.2411
3.27549
3.30951
3.34284
3.3752
3.40636
3.43613
3.46437
3.49094
3.51576
3.53877
3.55992
3.57922
3.59667
3.61228
3.6261
3.63818
3.64856
3.65728
3.66443
3.67005
3.67429
3.67712
3.679
0.0626576
0.0659375
0.0808926
0.0928389
0.102881
0.111909
0.120424
0.128756
0.137107
0.145611
0.154371
0.163693
0.173881
0.185275
0.198152
0.212843
0.229738
0.249352
0.272094
0.298191
0.327755
0.360906
0.398205
0.439259
0.483638
0.530929
0.581168
0.634088
0.688813
0.744814
0.801566
0.858205
0.914915
0.971629
1.02821
1.0845
1.14037
1.19569
1.25034
1.30423
1.3573
1.40949
1.46078
1.51111
1.56046
1.60882
1.65617
1.70251
1.74786
1.7922
1.83556
1.87795
1.91937
1.95984
1.99938
2.03802
2.07576
2.11262
2.14862
2.18379
2.21815
2.25171
2.28449
2.31652
2.34782
2.37841
2.4083
2.43753
2.4661
2.49405
2.52137
2.5481
2.57426
2.59987
2.62494
2.64949
2.67354
2.69711
2.72022
2.74287
2.7651
2.7869
2.80831
2.82934
2.85
2.8703
2.89026
2.90989
2.9292
2.94822
2.96695
2.98541
3.0036
3.02154
3.03924
3.05672
3.07398
3.09104
3.1079
3.12457
3.14107
3.1574
3.17358
3.18961
3.2055
3.22126
3.23691
3.25244
3.26787
3.28321
3.29846
3.31362
3.32872
3.34374
3.35871
3.37362
3.38849
3.40331
3.4181
3.43286
3.44759
3.4623
3.47701
3.4917
3.50639
3.52109
3.53579
3.5505
3.56522
3.57996
3.59472
3.60951
3.62432
3.63915
3.654
3.66889
3.68381
3.69877
3.71377
3.72882
3.74391
3.75904
3.77423
3.78947
3.80478
3.82015
3.83557
3.85104
3.86656
3.88213
3.89776
3.91344
3.92917
3.94495
3.96077
3.97665
3.99257
4.00854
4.02456
4.04061
4.05671
4.07284
4.08901
4.10521
4.12144
4.13771
4.15399
4.1703
4.18663
4.20297
4.21933
4.23569
4.25207
4.26844
4.28482
4.30118
4.31754
4.33388
4.35021
4.3665
4.38277
4.39901
4.4152
4.43135
4.44745
4.46349
4.47946
4.49537
4.51121
4.52696
4.54263
4.5582
4.57367
4.58903
4.60427
4.61939
4.63437
4.64921
4.66391
4.67844
4.6928
4.70699
4.72098
4.73478
4.74837
4.76173
4.77487
4.78776
4.80039
4.81276
4.82484
4.83663
4.84812
4.85928
4.8701
4.88058
4.89068
4.90041
4.90974
4.91866
4.92715
4.9352
4.94279
4.9499
4.95652
4.96262
4.96819
4.97321
4.97766
4.98152
4.98476
4.98736
4.98932
4.99059
4.99118
4.99109
4.99034
4.98883
4.98656
4.98353
4.97972
4.97511
4.96968
4.96342
4.95632
4.94836
4.93954
4.92983
4.91922
4.90772
4.89531
4.88198
4.86772
4.85254
4.83643
4.81938
4.8014
4.78249
4.76264
4.74186
4.72016
4.69753
4.67398
4.64953
4.62418
4.59794
4.57082
4.54283
4.514
4.48433
4.45386
4.42258
4.39053
4.35773
4.3242
4.28996
4.25504
4.21947
4.18328
4.14648
4.10912
4.07122
4.03282
3.99396
3.95468
3.91502
3.87501
3.83471
3.79415
3.75338
3.71245
3.6714
3.6303
3.58919
3.54815
3.50722
3.46648
3.42599
3.3858
3.34599
3.30664
3.26783
3.22965
3.19218
3.15552
3.11978
3.08505
3.05144
3.01906
2.98803
2.9585
2.93059
2.90446
2.88027
2.85818
2.83836
2.82101
2.80631
2.79448
2.78575
2.78047
2.7788
2.77919
2.78192
2.78843
2.7987
2.81264
2.83012
2.85096
2.87491
2.90172
2.9311
2.96272
2.99621
3.03115
3.06713
3.10373
3.14054
3.17719
3.21332
3.24862
3.28284
3.31576
3.34723
3.37708
3.4052
3.43151
3.45597
3.47854
3.49921
3.518
3.53494
3.55006
3.56339
3.575
3.58493
3.59326
3.60009
3.60548
3.60985
0.0658328
0.0646827
0.0791447
0.0909723
0.101316
0.111082
0.120736
0.130547
0.141091
0.15284
0.166294
0.181977
0.200698
0.223341
0.250398
0.282162
0.318878
0.361375
0.409601
0.462777
0.519997
0.580509
0.645382
0.712484
0.780743
0.849407
0.917391
0.984266
1.05032
1.11553
1.17984
1.24305
1.30503
1.36569
1.42499
1.48289
1.53938
1.59446
1.64812
1.70036
1.75121
1.80067
1.84878
1.89556
1.94102
1.98519
2.02811
2.06982
2.11035
2.14974
2.18801
2.2252
2.26135
2.29649
2.33064
2.36385
2.39615
2.42754
2.45808
2.48779
2.5167
2.54482
2.5722
2.59886
2.62481
2.65009
2.67471
2.69871
2.7221
2.74492
2.76717
2.78887
2.81006
2.83075
2.85096
2.87071
2.89001
2.90889
2.92736
2.94544
2.96314
2.98049
2.9975
3.01418
3.03055
3.04662
3.0624
3.0779
3.09315
3.10815
3.12292
3.13746
3.15179
3.16592
3.17987
3.19363
3.20722
3.22066
3.23395
3.2471
3.26011
3.273
3.28577
3.29844
3.31101
3.3235
3.33591
3.34824
3.36051
3.37271
3.38486
3.39697
3.40903
3.42107
3.43307
3.44505
3.45701
3.46896
3.48091
3.49284
3.50477
3.5167
3.52865
3.54061
3.55259
3.56459
3.57662
3.58869
3.60078
3.61292
3.6251
3.63732
3.64959
3.66194
3.67434
3.6868
3.69931
3.71188
3.72452
3.73721
3.74996
3.76278
3.77566
3.7886
3.8016
3.81468
3.82782
3.84103
3.85431
3.86765
3.88106
3.89454
3.90808
3.92169
3.93535
3.94909
3.96288
3.97673
3.99064
4.0046
4.01862
4.03269
4.04681
4.06098
4.07519
4.08944
4.10374
4.11806
4.13243
4.14682
4.16124
4.17568
4.19015
4.20463
4.21912
4.23363
4.24814
4.26265
4.27715
4.29164
4.30613
4.32059
4.33503
4.34943
4.36381
4.37814
4.39243
4.40666
4.42084
4.43495
4.44899
4.46296
4.47684
4.49063
4.50432
4.51791
4.53138
4.54472
4.55794
4.57101
4.58394
4.5967
4.6093
4.62172
4.63395
4.64597
4.65779
4.66938
4.68074
4.69185
4.70271
4.71329
4.72358
4.73357
4.74325
4.75261
4.76161
4.77026
4.77854
4.78643
4.79391
4.80097
4.8076
4.81377
4.81947
4.82468
4.82939
4.83357
4.8372
4.84027
4.84274
4.84459
4.84581
4.84638
4.84631
4.84563
4.84422
4.8421
4.83924
4.83565
4.83129
4.82615
4.82021
4.81347
4.8059
4.79749
4.78823
4.7781
4.7671
4.75522
4.74244
4.72877
4.71419
4.69869
4.68228
4.66496
4.64671
4.62754
4.60746
4.58646
4.56455
4.54172
4.518
4.49337
4.46786
4.44148
4.41422
4.38611
4.35717
4.3274
4.29683
4.26548
4.23336
4.2005
4.16692
4.13265
4.0977
4.06212
4.02591
3.98912
3.95176
3.91388
3.8755
3.83667
3.79743
3.75782
3.71788
3.67765
3.63717
3.59649
3.55564
3.51469
3.47369
3.4327
3.39178
3.35099
3.31039
3.27004
3.23001
3.19035
3.15116
3.11251
3.07449
3.0372
3.00072
2.96515
2.9306
2.89716
2.86494
2.83406
2.80466
2.77687
2.75084
2.72671
2.70465
2.68482
2.6674
2.65258
2.64056
2.63154
2.62579
2.62397
2.62416
2.62686
2.63339
2.64369
2.65768
2.67526
2.69629
2.72057
2.74786
2.77795
2.81052
2.84522
2.88162
2.91932
2.95789
2.99692
3.03599
3.07474
3.11285
3.15001
3.186
3.22063
3.25371
3.2851
3.31472
3.34249
3.36837
3.39232
3.41435
3.43447
3.45271
3.46909
3.48368
3.4965
3.50764
3.51718
3.5252
3.53214
0.0717361
0.0651345
0.0788117
0.0915417
0.103678
0.116559
0.131206
0.148821
0.170578
0.197581
0.230645
0.270414
0.318129
0.374679
0.43885
0.508899
0.583305
0.663063
0.746363
0.830695
0.91455
0.997079
1.07631
1.15318
1.22799
1.30085
1.37178
1.44051
1.50705
1.57137
1.63353
1.69359
1.7516
1.80763
1.86174
1.91398
1.96444
2.01316
2.06022
2.10568
2.14959
2.19198
2.23297
2.27256
2.31079
2.34774
2.38346
2.41798
2.45137
2.48367
2.51491
2.54514
2.5744
2.60273
2.63016
2.65675
2.6825
2.70745
2.73163
2.75508
2.77782
2.79989
2.82129
2.84207
2.86225
2.88184
2.90087
2.91937
2.93736
2.95486
2.9719
2.98848
3.00463
3.02037
3.03571
3.05068
3.06529
3.07955
3.09348
3.1071
3.12043
3.13348
3.14626
3.15878
3.17106
3.18311
3.19494
3.20656
3.21798
3.22922
3.24029
3.25119
3.26194
3.27255
3.28302
3.29336
3.30359
3.31372
3.32374
3.33367
3.34351
3.35326
3.36294
3.37255
3.38211
3.39162
3.40108
3.4105
3.4199
3.42927
3.43862
3.44796
3.45729
3.46662
3.47595
3.48529
3.49463
3.504
3.51338
3.52281
3.53227
3.54177
3.55131
3.56088
3.5705
3.58016
3.58987
3.59964
3.60946
3.61933
3.62927
3.63926
3.64932
3.65945
3.66964
3.67991
3.69024
3.70065
3.71113
3.72168
3.73231
3.74302
3.7538
3.76466
3.7756
3.78661
3.79771
3.80888
3.82014
3.83147
3.84288
3.85437
3.86594
3.87758
3.88929
3.90108
3.91294
3.92487
3.93687
3.94893
3.96106
3.97325
3.9855
3.99781
4.01017
4.02259
4.03506
4.04757
4.06013
4.07273
4.08537
4.09805
4.11076
4.1235
4.13626
4.14904
4.16184
4.17466
4.18748
4.2003
4.21312
4.22594
4.23875
4.25154
4.26431
4.27705
4.28977
4.30244
4.31507
4.32766
4.34018
4.35265
4.36505
4.37737
4.38961
4.40176
4.41381
4.42576
4.43759
4.4493
4.46087
4.47231
4.48359
4.49472
4.50567
4.51644
4.52702
4.5374
4.54756
4.55749
4.56719
4.57663
4.58581
4.59471
4.60332
4.61162
4.6196
4.62724
4.63453
4.64145
4.64799
4.65413
4.65985
4.66515
4.67
4.67439
4.6783
4.6817
4.68458
4.68691
4.68867
4.68983
4.69039
4.69034
4.68971
4.68841
4.68643
4.68376
4.68038
4.67628
4.67144
4.66583
4.65945
4.65228
4.64431
4.63551
4.62588
4.61541
4.60408
4.59188
4.57881
4.56486
4.55002
4.53428
4.51764
4.50011
4.48166
4.46232
4.44207
4.42092
4.39887
4.37593
4.35209
4.32738
4.30178
4.27532
4.24801
4.21985
4.19087
4.16108
4.13049
4.09913
4.06702
4.03418
4.00063
3.96639
3.9315
3.89597
3.85983
3.82311
3.78584
3.74805
3.70977
3.67105
3.63192
3.59244
3.55263
3.51255
3.47222
3.43169
3.39101
3.35022
3.3094
3.26859
3.22787
3.18729
3.1469
3.10678
3.06696
3.02753
2.98857
2.95016
2.91239
2.87535
2.83914
2.80384
2.76955
2.73638
2.70442
2.6738
2.64464
2.61708
2.59126
2.56732
2.54541
2.52569
2.50833
2.49349
2.48137
2.47215
2.466
2.46356
2.46381
2.46658
2.47314
2.48342
2.49734
2.51488
2.53589
2.56024
2.58777
2.61828
2.6515
2.6871
2.72464
2.76375
2.804
2.84495
2.8862
2.92735
2.96807
3.00801
3.04694
3.08462
3.12085
3.15547
3.18836
3.21943
3.24862
3.27587
3.30118
3.32454
3.34597
3.36549
3.38314
3.39895
3.41299
3.42535
3.4361
3.44567
0.0731256
0.0663849
0.087177
0.110222
0.137387
0.171525
0.214566
0.268742
0.335179
0.412771
0.498946
0.591423
0.690488
0.795409
0.900959
1.00409
1.10359
1.19766
1.28654
1.37132
1.45249
1.5306
1.60524
1.67643
1.74432
1.80911
1.87103
1.93021
1.98687
2.04103
2.09282
2.14241
2.18994
2.23551
2.27922
2.32117
2.36144
2.40013
2.43731
2.47304
2.50739
2.5404
2.57221
2.60278
2.63218
2.66049
2.68776
2.71403
2.73934
2.76375
2.78729
2.80999
2.83189
2.85304
2.87345
2.89317
2.91223
2.93064
2.94844
2.96565
2.98229
2.9984
3.01398
3.02906
3.04367
3.05783
3.07155
3.08485
3.09776
3.1103
3.12247
3.13431
3.14582
3.15702
3.16793
3.17854
3.18889
3.19897
3.20882
3.21844
3.22783
3.23702
3.24602
3.25483
3.26347
3.27196
3.28029
3.28848
3.29654
3.30448
3.31231
3.32003
3.32766
3.33519
3.34265
3.35003
3.35735
3.3646
3.3718
3.37895
3.38607
3.39318
3.40026
3.40732
3.41436
3.42139
3.4284
3.43542
3.44244
3.44946
3.4565
3.46355
3.47063
3.47772
3.48485
3.492
3.49919
3.50642
3.51369
3.52101
3.52837
3.53578
3.54325
3.55078
3.55837
3.56602
3.57374
3.58152
3.58937
3.59729
3.60529
3.61336
3.62151
3.62973
3.63804
3.64642
3.65489
3.66344
3.67207
3.68079
3.68959
3.69848
3.70746
3.71652
3.72566
3.73489
3.74421
3.75361
3.7631
3.77268
3.78234
3.79209
3.80191
3.81183
3.82182
3.83189
3.84204
3.85226
3.86256
3.87294
3.88338
3.8939
3.90448
3.91513
3.92584
3.93661
3.94744
3.95832
3.96926
3.98025
3.99128
4.00236
4.01349
4.02464
4.03584
4.04706
4.05831
4.06958
4.08086
4.09217
4.10348
4.11479
4.12611
4.13742
4.14872
4.16
4.17127
4.18251
4.19372
4.20489
4.21603
4.22711
4.23814
4.24911
4.26001
4.27083
4.28157
4.29222
4.30277
4.31322
4.32354
4.33374
4.34381
4.35373
4.3635
4.37311
4.38254
4.39178
4.40084
4.40968
4.4183
4.42669
4.43484
4.44272
4.45033
4.45766
4.46468
4.47138
4.47776
4.48379
4.48945
4.49475
4.49964
4.50414
4.50821
4.51184
4.51502
4.51771
4.51991
4.52157
4.52268
4.52322
4.52319
4.52263
4.52144
4.51961
4.51713
4.51398
4.51014
4.5056
4.50034
4.49434
4.48759
4.48006
4.47175
4.46264
4.45271
4.44196
4.43037
4.41794
4.40464
4.39048
4.37545
4.35955
4.34276
4.32509
4.30652
4.28708
4.26674
4.24552
4.22341
4.20042
4.17656
4.15182
4.12623
4.09977
4.07248
4.04435
4.01541
3.98567
3.95515
3.92387
3.89184
3.85909
3.82565
3.79153
3.75676
3.72137
3.68539
3.64882
3.6117
3.57407
3.53596
3.49742
3.45849
3.4192
3.37961
3.33974
3.29965
3.25934
3.21888
3.17833
3.13775
3.09719
3.05673
3.01643
2.97634
2.93651
2.89697
2.85783
2.81918
2.78109
2.74366
2.70696
2.67111
2.63617
2.60227
2.56949
2.53793
2.5077
2.47894
2.45176
2.4263
2.4027
2.38109
2.36163
2.34446
2.32974
2.31765
2.30834
2.30179
2.29884
2.29905
2.30209
2.30871
2.31891
2.33266
2.34995
2.37074
2.39492
2.42238
2.45296
2.48649
2.5226
2.5609
2.60105
2.64262
2.68516
2.72825
2.77152
2.81458
2.85709
2.89875
2.93933
2.97859
3.01634
3.05244
3.08677
3.11925
3.14981
3.17841
3.20505
3.22973
3.25244
3.27322
3.29211
3.30915
3.32442
3.33799
3.35027
0.135733
0.135175
0.210047
0.298172
0.395504
0.503973
0.621437
0.747701
0.879661
1.01025
1.13462
1.2515
1.36021
1.45967
1.55174
1.638
1.71955
1.79658
1.86904
1.93714
2.00117
2.0616
2.11875
2.1728
2.22399
2.2725
2.31858
2.36237
2.40417
2.44392
2.48179
2.51797
2.55254
2.58561
2.61725
2.64755
2.67658
2.70441
2.73109
2.75664
2.78115
2.80465
2.82722
2.84889
2.86969
2.88965
2.90883
2.92725
2.94496
2.96198
2.97835
2.9941
3.00927
3.02388
3.03796
3.05153
3.06461
3.07722
3.08938
3.10111
3.11242
3.12334
3.13389
3.14407
3.15392
3.16343
3.17264
3.18156
3.19019
3.19857
3.20669
3.21458
3.22225
3.2297
3.23695
3.24404
3.25096
3.25772
3.26433
3.27078
3.27708
3.28325
3.2893
3.29523
3.30105
3.30677
3.3124
3.31795
3.32342
3.32883
3.33417
3.33945
3.34469
3.34988
3.35503
3.36015
3.36525
3.37032
3.37537
3.38042
3.38545
3.39048
3.39551
3.40055
3.40561
3.41068
3.41576
3.42087
3.42601
3.43118
3.43638
3.44162
3.4469
3.45223
3.4576
3.46302
3.46849
3.47401
3.47959
3.48523
3.49094
3.4967
3.50254
3.50844
3.51441
3.52046
3.52658
3.53278
3.53906
3.54542
3.55185
3.55837
3.56498
3.57166
3.57843
3.58529
3.59223
3.59926
3.60638
3.61359
3.62089
3.62827
3.63575
3.64331
3.65097
3.65871
3.66654
3.67446
3.68247
3.69057
3.69876
3.70703
3.71539
3.72383
3.73235
3.74096
3.74965
3.75842
3.76726
3.77618
3.78518
3.79425
3.80338
3.81259
3.82186
3.8312
3.8406
3.85005
3.85956
3.86913
3.87875
3.88842
3.89814
3.9079
3.91769
3.92752
3.93739
3.94728
3.95719
3.96713
3.97708
3.98704
3.99702
4.00699
4.01696
4.02693
4.03688
4.04683
4.05675
4.06665
4.07651
4.08634
4.09613
4.10586
4.11554
4.12515
4.13469
4.14415
4.15353
4.16282
4.172
4.18107
4.19002
4.19884
4.20752
4.21605
4.22443
4.23264
4.24067
4.24851
4.25615
4.26357
4.27077
4.27772
4.28442
4.29085
4.297
4.30285
4.30839
4.3136
4.31847
4.32299
4.32714
4.3309
4.33427
4.33722
4.33974
4.3418
4.34338
4.34444
4.34498
4.34498
4.34449
4.34341
4.34174
4.33945
4.33654
4.33298
4.32876
4.32386
4.31825
4.31193
4.30487
4.29707
4.28849
4.27914
4.26899
4.25803
4.24626
4.23366
4.22022
4.20593
4.1908
4.1748
4.15793
4.1402
4.1216
4.10213
4.08179
4.06057
4.03849
4.01554
3.99173
3.96706
3.94154
3.91517
3.88798
3.85996
3.83114
3.80154
3.77116
3.74003
3.70817
3.6756
3.64234
3.60842
3.57386
3.53869
3.50292
3.46658
3.42969
3.39229
3.35443
3.31613
3.27746
3.23844
3.19913
3.15955
3.11975
3.07972
3.03954
2.99928
2.95901
2.91878
2.87865
2.83869
2.79896
2.75952
2.72041
2.68172
2.64353
2.60592
2.56899
2.5328
2.49747
2.46306
2.4297
2.39746
2.36645
2.33677
2.30855
2.28189
2.25693
2.2338
2.21262
2.19353
2.17667
2.16219
2.15022
2.14089
2.13384
2.13071
2.13102
2.13432
2.14112
2.15127
2.16484
2.18178
2.20215
2.22589
2.25291
2.28318
2.3166
2.35278
2.39136
2.43208
2.47453
2.51821
2.56273
2.60775
2.65284
2.69761
2.74175
2.785
2.82711
2.86784
2.90703
2.94454
2.98026
3.0141
3.04599
3.07592
3.10387
3.12983
3.1538
3.17583
3.19595
3.21423
3.23072
3.24578
0.479242
0.705785
0.926884
1.09994
1.24239
1.36627
1.47791
1.57853
1.66922
1.75258
1.83139
1.90563
1.97616
2.04239
2.10381
2.16116
2.21501
2.26565
2.31326
2.35807
2.40032
2.44026
2.47812
2.51407
2.54824
2.58075
2.61173
2.64125
2.66946
2.69641
2.72217
2.7468
2.77039
2.79298
2.81463
2.83538
2.85529
2.87438
2.89268
2.91029
2.9272
2.94344
2.95901
2.97396
2.98829
3.00204
3.01523
3.0279
3.04006
3.05174
3.06296
3.07376
3.08413
3.09412
3.10372
3.11297
3.12187
3.13043
3.13867
3.1466
3.15424
3.1616
3.16869
3.17552
3.18212
3.18849
3.19465
3.2006
3.20636
3.21195
3.21737
3.22263
3.22774
3.23271
3.23754
3.24225
3.24683
3.2513
3.25568
3.25995
3.26414
3.26825
3.27228
3.27624
3.28015
3.28399
3.28779
3.29155
3.29527
3.29895
3.30261
3.30625
3.30987
3.31347
3.31707
3.32066
3.32425
3.32784
3.33144
3.33505
3.33867
3.34231
3.34597
3.34965
3.35337
3.35711
3.36089
3.36471
3.36857
3.37248
3.37643
3.38042
3.38447
3.38857
3.39272
3.39693
3.4012
3.40554
3.40993
3.41439
3.41892
3.42351
3.42818
3.43292
3.43773
3.44262
3.44758
3.45263
3.45775
3.46295
3.46824
3.4736
3.47905
3.48459
3.4902
3.4959
3.50169
3.50756
3.51352
3.51957
3.5257
3.53193
3.53823
3.54463
3.55111
3.55768
3.56434
3.57108
3.57791
3.58482
3.59182
3.5989
3.60606
3.61331
3.62064
3.62805
3.63553
3.6431
3.65074
3.65845
3.66624
3.6741
3.68203
3.69002
3.69808
3.7062
3.71439
3.72263
3.73093
3.73929
3.74769
3.75615
3.76465
3.7732
3.78179
3.79041
3.79907
3.80777
3.81648
3.82523
3.83399
3.84277
3.85156
3.86035
3.86916
3.87796
3.88675
3.89554
3.90431
3.91307
3.9218
3.9305
3.93917
3.94779
3.95637
3.96489
3.97335
3.98174
3.99006
3.99829
4.00644
4.01448
4.02242
4.03024
4.03794
4.0455
4.05292
4.06019
4.0673
4.07423
4.08097
4.08751
4.09385
4.09996
4.10583
4.11145
4.11681
4.12189
4.12667
4.13115
4.13531
4.13913
4.1426
4.14571
4.14845
4.1508
4.15274
4.15424
4.15528
4.15582
4.15586
4.15545
4.1545
4.15299
4.15092
4.14826
4.14499
4.1411
4.13657
4.13137
4.1255
4.11893
4.11164
4.10363
4.09487
4.08535
4.07505
4.06397
4.0521
4.03941
4.0259
4.01157
3.9964
3.98039
3.96354
3.94583
3.92728
3.90786
3.88759
3.86647
3.84449
3.82167
3.79799
3.77347
3.74811
3.72191
3.69489
3.66707
3.63845
3.60906
3.5789
3.548
3.51638
3.48406
3.45107
3.41742
3.38314
3.34826
3.3128
3.27674
3.24013
3.20303
3.16547
3.12749
3.08913
3.05044
3.01147
2.97225
2.93281
2.89319
2.85344
2.81363
2.77382
2.73407
2.69444
2.655
2.6158
2.57691
2.53839
2.50031
2.46275
2.42579
2.38951
2.35401
2.31935
2.28565
2.25298
2.22144
2.19113
2.16215
2.1346
2.10861
2.08428
2.06174
2.0411
2.0225
2.00604
1.99187
1.9801
1.9708
1.96297
1.96038
1.96074
1.96424
1.97114
1.98115
1.99444
2.01101
2.03092
2.05417
2.08071
2.11047
2.14334
2.17905
2.21733
2.25806
2.30082
2.3451
2.3905
2.4368
2.48348
2.53011
2.57637
2.62201
2.66671
2.71021
2.75231
2.79287
2.83173
2.86878
2.90392
2.93713
2.96836
2.99758
3.0248
3.05002
3.07329
3.09465
3.11413
3.13203
1.66957
1.51256
1.50485
1.52315
1.56909
1.6411
1.72246
1.80554
1.88589
1.96099
2.03004
2.09338
2.15148
2.20538
2.25521
2.30149
2.3448
2.38551
2.42377
2.45984
2.49392
2.52617
2.55676
2.58581
2.61346
2.63978
2.66487
2.68879
2.71164
2.73347
2.75436
2.77434
2.79346
2.81177
2.8293
2.84611
2.86222
2.87764
2.89241
2.90654
2.92005
2.93299
2.94538
2.95724
2.96861
2.97951
2.98996
2.99998
3.0096
3.01884
3.02772
3.03624
3.04444
3.05232
3.0599
3.06718
3.07417
3.0809
3.08736
3.09357
3.09954
3.10529
3.11082
3.11615
3.12129
3.12626
3.13105
3.13569
3.14019
3.14454
3.14877
3.15287
3.15686
3.16074
3.16451
3.16818
3.17176
3.17526
3.17867
3.18201
3.18529
3.18851
3.19167
3.19478
3.19785
3.20089
3.20389
3.20686
3.20981
3.21274
3.21565
3.21855
3.22144
3.22433
3.22721
3.2301
3.23299
3.23589
3.2388
3.24172
3.24466
3.24763
3.25061
3.25363
3.25667
3.25975
3.26286
3.26601
3.2692
3.27243
3.27571
3.27903
3.28239
3.28581
3.28928
3.2928
3.29637
3.3
3.30369
3.30744
3.31125
3.31513
3.31906
3.32307
3.32714
3.33128
3.33549
3.33976
3.34411
3.34854
3.35303
3.3576
3.36224
3.36696
3.37176
3.37662
3.38157
3.38659
3.39169
3.39687
3.40213
3.40746
3.41288
3.41837
3.42393
3.42958
3.4353
3.4411
3.44698
3.45293
3.45896
3.46507
3.47125
3.4775
3.48382
3.49022
3.49669
3.50323
3.50983
3.51651
3.52325
3.53005
3.53692
3.54385
3.55084
3.55788
3.56498
3.57214
3.57935
3.5866
3.59391
3.60126
3.60866
3.61609
3.62357
3.63108
3.63862
3.64619
3.65379
3.66141
3.66905
3.67671
3.68438
3.69205
3.69974
3.70742
3.71511
3.72278
3.73045
3.7381
3.74573
3.75333
3.76091
3.76844
3.77594
3.78339
3.79078
3.79812
3.80538
3.81258
3.81969
3.82671
3.83363
3.84045
3.84716
3.85374
3.86019
3.8665
3.87266
3.87866
3.88449
3.89013
3.89558
3.90082
3.90583
3.91062
3.91516
3.91943
3.92343
3.92714
3.93055
3.93364
3.9364
3.93883
3.94092
3.94264
3.94397
3.94488
3.94535
3.94534
3.94492
3.944
3.94257
3.94061
3.93811
3.93505
3.93141
3.92716
3.9223
3.91679
3.91063
3.9038
3.89627
3.88804
3.87908
3.86939
3.85894
3.84773
3.83574
3.82296
3.80939
3.79501
3.77982
3.7638
3.74696
3.72928
3.71077
3.69143
3.67125
3.65023
3.62837
3.60568
3.58216
3.5578
3.5326
3.50659
3.47976
3.45214
3.42373
3.39456
3.36464
3.33399
3.30262
3.27057
3.23785
3.20448
3.1705
3.13592
3.10078
3.06507
3.02884
2.99212
2.95496
2.91739
2.87947
2.84122
2.80271
2.76397
2.72503
2.68595
2.64677
2.60755
2.56834
2.52922
2.49025
2.45148
2.41299
2.37483
2.33707
2.29977
2.26302
2.22689
2.19146
2.15682
2.12304
2.09021
2.05843
2.02777
1.99834
1.97023
1.94353
1.91835
1.8948
1.87299
1.85302
1.83501
1.81905
1.80527
1.79374
1.78444
1.77625
1.77372
1.77427
1.77799
1.78474
1.79444
1.80728
1.82329
1.84255
1.86509
1.89088
1.91988
1.95199
1.98699
2.02469
2.06487
2.10721
2.1513
2.19684
2.24384
2.29159
2.33962
2.3876
2.43535
2.48245
2.52859
2.57355
2.61716
2.65923
2.6996
2.73815
2.77484
2.80958
2.84233
2.87306
2.90178
2.92851
2.95326
2.97607
2.99709
1.39696
1.39163
1.39467
1.40425
1.42406
1.45431
1.49505
1.54288
1.59746
1.65676
1.71831
1.78103
1.84292
1.90375
1.96208
2.01799
2.07118
2.12136
2.16846
2.21286
2.25471
2.29412
2.3313
2.36637
2.39952
2.43084
2.4605
2.4886
2.51524
2.54053
2.56462
2.58753
2.60933
2.6301
2.64991
2.66881
2.68684
2.70402
2.7204
2.73601
2.75089
2.76508
2.77863
2.79157
2.80395
2.81579
2.82713
2.838
2.84842
2.85843
2.86804
2.87727
2.88614
2.89466
2.90285
2.91071
2.91825
2.9255
2.93246
2.93915
2.94558
2.95178
2.95774
2.9635
2.96905
2.97441
2.9796
2.98462
2.98949
2.99421
2.99879
3.00324
3.00755
3.01175
3.01583
3.01979
3.02366
3.02742
3.0311
3.03469
3.03821
3.04165
3.04504
3.04836
3.05163
3.05486
3.05804
3.06118
3.06429
3.06736
3.07041
3.07343
3.07643
3.07941
3.08237
3.08533
3.08827
3.09121
3.09415
3.09709
3.10004
3.10299
3.10596
3.10894
3.11193
3.11494
3.11798
3.12103
3.12411
3.12722
3.13035
3.13352
3.13672
3.13995
3.14321
3.14652
3.14986
3.15324
3.15667
3.16014
3.16366
3.16722
3.17083
3.1745
3.17821
3.18197
3.18579
3.18966
3.19359
3.19757
3.20161
3.20571
3.20986
3.21407
3.21834
3.22268
3.22707
3.23152
3.23603
3.24061
3.24525
3.24995
3.25471
3.25954
3.26443
3.26938
3.27439
3.27946
3.2846
3.2898
3.29506
3.30038
3.30576
3.3112
3.31669
3.32225
3.32787
3.33354
3.33927
3.34506
3.35089
3.35679
3.36273
3.36872
3.37477
3.38086
3.38699
3.39318
3.3994
3.40567
3.41197
3.41831
3.42469
3.43111
3.43755
3.44402
3.45052
3.45705
3.46359
3.47016
3.47674
3.48334
3.48994
3.49655
3.50317
3.50979
3.5164
3.523
3.52959
3.53617
3.54273
3.54927
3.55578
3.56225
3.56869
3.57508
3.58143
3.58771
3.59394
3.6001
3.60618
3.61218
3.6181
3.62391
3.62962
3.63522
3.6407
3.64605
3.65126
3.65631
3.66121
3.66594
3.67049
3.67484
3.67899
3.68292
3.68662
3.69007
3.69326
3.69618
3.69882
3.70116
3.70319
3.70492
3.70633
3.70741
3.7081
3.7084
3.70829
3.70775
3.70676
3.70531
3.70339
3.70096
3.69802
3.69453
3.69049
3.68587
3.68066
3.67483
3.66837
3.66126
3.65348
3.64501
3.63585
3.62597
3.61536
3.60401
3.59191
3.57905
3.5654
3.55098
3.53576
3.51974
3.50291
3.48527
3.46682
3.44755
3.42746
3.40656
3.38483
3.36229
3.33893
3.31476
3.28977
3.26398
3.2374
3.21004
3.18192
3.15304
3.12343
3.09311
3.06209
3.03039
2.99805
2.96508
2.93151
2.89737
2.86268
2.82745
2.79173
2.75555
2.71895
2.68196
2.64465
2.60704
2.56918
2.53112
2.49291
2.45458
2.41619
2.3778
2.33946
2.30124
2.26319
2.22538
2.18788
2.15075
2.11405
2.07786
2.04224
2.00727
1.97302
1.93958
1.90702
1.87543
1.84488
1.81546
1.78725
1.76035
1.73483
1.71081
1.68836
1.66758
1.64858
1.63144
1.61624
1.60309
1.59203
1.5828
1.57493
1.57254
1.57341
1.57732
1.58386
1.5932
1.6055
1.62087
1.63937
1.66105
1.68594
1.71399
1.74513
1.77923
1.8161
1.85554
1.89728
1.94099
1.9864
2.03329
2.08119
2.12971
2.17861
2.22786
2.27683
2.32513
2.37257
2.41898
2.46409
2.50765
2.54955
2.58972
2.62803
2.6644
2.69878
2.73116
2.76153
2.7899
2.81626
2.84055
1.04233
1.04455
1.04857
1.05396
1.06186
1.07295
1.08776
1.10659
1.13002
1.15824
1.19088
1.22806
1.26911
1.3138
1.36138
1.41125
1.46277
1.51524
1.56796
1.6204
1.67213
1.72273
1.77196
1.81954
1.86543
1.90945
1.95169
1.99207
2.03068
2.06765
2.10299
2.13661
2.16879
2.19954
2.22889
2.25689
2.28355
2.30894
2.33311
2.35614
2.37809
2.39903
2.41902
2.43814
2.45642
2.47392
2.49073
2.50684
2.52232
2.53718
2.55148
2.56522
2.57842
2.59112
2.60331
2.61502
2.62627
2.63709
2.64749
2.65751
2.66715
2.67646
2.68543
2.6941
2.70248
2.71059
2.71844
2.72605
2.73343
2.74059
2.74753
2.75426
2.76079
2.76713
2.77329
2.77928
2.7851
2.79077
2.79629
2.80167
2.80693
2.81206
2.81708
2.822
2.82682
2.83154
2.83618
2.84073
2.8452
2.8496
2.85393
2.85819
2.86239
2.86652
2.87061
2.87464
2.87863
2.88258
2.88649
2.89037
2.89422
2.89804
2.90184
2.90561
2.90938
2.91312
2.91686
2.92058
2.9243
2.92801
2.93172
2.93543
2.93914
2.94285
2.94657
2.9503
2.95404
2.95779
2.96156
2.96534
2.96914
2.97296
2.97679
2.98066
2.98454
2.98845
2.99239
2.99636
3.00035
3.00437
3.00843
3.01251
3.01663
3.02078
3.02497
3.02919
3.03345
3.03775
3.04208
3.04645
3.05087
3.05532
3.05981
3.06434
3.06891
3.07352
3.07817
3.08286
3.08759
3.09237
3.09718
3.10204
3.10693
3.11187
3.11685
3.12187
3.12692
3.13202
3.13716
3.14233
3.14754
3.15279
3.15808
3.1634
3.16875
3.17414
3.17956
3.18501
3.19049
3.196
3.20154
3.2071
3.21269
3.2183
3.22394
3.22959
3.23526
3.24095
3.24665
3.25236
3.25808
3.26381
3.26955
3.27528
3.28102
3.28675
3.29247
3.29818
3.30388
3.30957
3.31523
3.32087
3.32648
3.33206
3.3376
3.3431
3.34855
3.35395
3.35929
3.36457
3.36978
3.37491
3.37996
3.38492
3.38978
3.39454
3.39919
3.40371
3.40811
3.41236
3.41647
3.42042
3.4242
3.4278
3.4312
3.43441
3.43739
3.44015
3.44266
3.44492
3.44691
3.44861
3.45003
3.45118
3.45206
3.45263
3.45277
3.45262
3.45203
3.45103
3.44961
3.44776
3.44545
3.44267
3.43939
3.4356
3.43128
3.4264
3.42094
3.4149
3.40824
3.40096
3.39304
3.38446
3.3752
3.36525
3.35459
3.34322
3.33112
3.31828
3.30469
3.29033
3.27521
3.25931
3.24263
3.22516
3.20689
3.18783
3.16798
3.14733
3.12588
3.10363
3.08059
3.05676
3.03214
3.00674
2.98057
2.95364
2.92597
2.89758
2.86847
2.83867
2.80819
2.77707
2.74532
2.71296
2.68003
2.64656
2.61256
2.57806
2.5431
2.50771
2.47194
2.43582
2.3994
2.36272
2.32582
2.28877
2.2516
2.21436
2.1771
2.13988
2.10276
2.06579
2.02904
1.99258
1.95647
1.92076
1.88553
1.85084
1.81676
1.78336
1.75072
1.7189
1.68798
1.65804
1.62914
1.60137
1.5748
1.54951
1.52557
1.50307
1.4821
1.46272
1.44502
1.42908
1.41496
1.40275
1.39239
1.38368
1.3766
1.37454
1.37589
1.37985
1.38621
1.3952
1.40697
1.42165
1.43932
1.46007
1.48392
1.51088
1.5409
1.57389
1.60972
1.64821
1.68913
1.73221
1.77718
1.82378
1.87164
1.92041
1.96982
2.01966
2.06949
2.11899
2.16803
2.21655
2.26404
2.31022
2.35496
2.3982
2.43974
2.47942
2.51717
2.553
2.58686
2.61871
2.64851
2.67592
0.626192
0.632438
0.638787
0.645182
0.651705
0.658631
0.666188
0.674618
0.684176
0.69519
0.70784
0.722432
0.739135
0.758179
0.779703
0.803827
0.830618
0.860098
0.892205
0.926801
0.963736
1.00277
1.04366
1.08609
1.12978
1.17439
1.21962
1.26514
1.3107
1.35599
1.40094
1.44505
1.48853
1.5307
1.5715
1.61086
1.64882
1.68545
1.72077
1.75485
1.78772
1.81944
1.85003
1.87957
1.90804
1.93557
1.96217
1.98777
2.01252
2.03642
2.05947
2.08169
2.10309
2.12367
2.14348
2.16255
2.18091
2.19861
2.21568
2.23216
2.24808
2.26347
2.27836
2.29278
2.30674
2.32028
2.33341
2.34615
2.3585
2.37048
2.3821
2.39337
2.4043
2.41491
2.4252
2.43521
2.44493
2.45439
2.46359
2.47256
2.48129
2.48981
2.49813
2.50625
2.51418
2.52193
2.52951
2.53692
2.54416
2.55126
2.5582
2.565
2.57166
2.5782
2.58461
2.5909
2.59708
2.60315
2.60913
2.61501
2.6208
2.62651
2.63214
2.63769
2.64317
2.64857
2.65392
2.65919
2.66441
2.66958
2.67469
2.67975
2.68476
2.68973
2.69466
2.69956
2.70441
2.70924
2.71404
2.71881
2.72356
2.72829
2.733
2.73768
2.74236
2.74702
2.75166
2.7563
2.76092
2.76554
2.77016
2.77477
2.77937
2.78398
2.78858
2.79319
2.7978
2.80242
2.80704
2.81167
2.8163
2.82094
2.82559
2.83025
2.83493
2.83961
2.8443
2.84901
2.85373
2.85846
2.86321
2.86797
2.87275
2.87754
2.88235
2.88717
2.89201
2.89686
2.90173
2.90662
2.91152
2.91644
2.92138
2.92633
2.93129
2.93627
2.94126
2.94626
2.95128
2.95631
2.96135
2.9664
2.97146
2.97653
2.98161
2.98669
2.99178
2.99687
3.00197
3.00706
3.01216
3.01725
3.02234
3.02742
3.03249
3.03755
3.0426
3.04763
3.05265
3.05764
3.06261
3.06755
3.07245
3.07733
3.08216
3.08696
3.09171
3.0964
3.10104
3.10562
3.11013
3.11457
3.11893
3.1232
3.12739
3.13147
3.13545
3.13932
3.14306
3.14667
3.15015
3.15347
3.15664
3.15964
3.16246
3.16508
3.16751
3.16971
3.17169
3.17343
3.17491
3.17613
3.17708
3.1778
3.17834
3.17847
3.1783
3.17774
3.17682
3.17551
3.17381
3.17169
3.16914
3.16614
3.16267
3.1587
3.15423
3.14922
3.14366
3.13753
3.13082
3.1235
3.11557
3.107
3.09778
3.0879
3.07734
3.06609
3.05413
3.04146
3.02807
3.01394
2.99906
2.98344
2.96705
2.94991
2.932
2.91332
2.89386
2.87364
2.85264
2.83088
2.80834
2.78504
2.76099
2.73618
2.71063
2.68435
2.65735
2.62966
2.60128
2.57224
2.54256
2.51226
2.48136
2.44989
2.41788
2.38536
2.35235
2.31888
2.285
2.25072
2.21611
2.18119
2.14601
2.11062
2.07507
2.0394
2.00366
1.96791
1.93219
1.89657
1.86109
1.82583
1.79083
1.75617
1.7219
1.68809
1.6548
1.62209
1.59003
1.55869
1.52813
1.49841
1.46961
1.44179
1.41501
1.38934
1.36485
1.3416
1.31967
1.2991
1.27998
1.26236
1.24632
1.2319
1.21917
1.20816
1.19883
1.19109
1.18514
1.1838
1.18537
1.18924
1.19538
1.20396
1.21513
1.229
1.24571
1.26532
1.28792
1.31352
1.34213
1.3737
1.40813
1.44529
1.485
1.52704
1.57115
1.61709
1.66452
1.71313
1.76265
1.81277
1.86317
1.91353
1.96365
2.01333
2.06223
2.1101
2.15685
2.20253
2.24671
2.28919
2.32987
2.36879
2.40583
2.44091
2.47394
2.5042
0.368164
0.371651
0.375191
0.378795
0.382437
0.386162
0.389998
0.393996
0.398185
0.402642
0.407416
0.412604
0.418276
0.424546
0.431499
0.439263
0.447932
0.457644
0.468491
0.480609
0.494069
0.509001
0.525439
0.543503
0.563175
0.584555
0.607558
0.632269
0.65852
0.686394
0.715627
0.746348
0.778103
0.811269
0.845629
0.881048
0.917275
0.954131
0.99139
1.0289
1.06647
1.10398
1.14125
1.17821
1.21473
1.25071
1.28618
1.32089
1.35502
1.38823
1.42042
1.45159
1.48179
1.5111
1.53957
1.56723
1.59412
1.62028
1.64572
1.67047
1.69456
1.718
1.74081
1.76301
1.78461
1.80565
1.82613
1.84602
1.86533
1.88409
1.90229
1.91997
1.93714
1.95382
1.97005
1.98583
2.00119
2.01614
2.03072
2.04492
2.05876
2.07227
2.08546
2.09832
2.11088
2.12314
2.13511
2.14679
2.1582
2.16933
2.18021
2.19085
2.20124
2.21141
2.22135
2.23109
2.24062
2.24996
2.25911
2.26809
2.27689
2.28553
2.29401
2.30234
2.31051
2.31854
2.32643
2.33419
2.34181
2.34931
2.35668
2.36394
2.37109
2.37813
2.38506
2.3919
2.39865
2.4053
2.41187
2.41836
2.42476
2.43109
2.43734
2.44353
2.44964
2.45569
2.46167
2.4676
2.47346
2.47927
2.48503
2.49074
2.4964
2.50201
2.50758
2.5131
2.51859
2.52404
2.52945
2.53483
2.54017
2.54549
2.55077
2.55603
2.56126
2.56646
2.57164
2.57679
2.58192
2.58703
2.59213
2.5972
2.60225
2.60729
2.61232
2.61732
2.62232
2.6273
2.63227
2.63722
2.64217
2.6471
2.65202
2.65693
2.66184
2.66673
2.67161
2.67648
2.68135
2.6862
2.69104
2.69588
2.7007
2.70552
2.71032
2.71511
2.71989
2.72466
2.72942
2.73416
2.73888
2.7436
2.74829
2.75297
2.75762
2.76226
2.76687
2.77145
2.77601
2.78054
2.78504
2.78951
2.79393
2.79832
2.80267
2.80697
2.81122
2.81542
2.81956
2.82364
2.82765
2.83159
2.83546
2.83924
2.84293
2.84653
2.85003
2.85342
2.85669
2.85984
2.86286
2.86574
2.86847
2.87104
2.87344
2.87566
2.87769
2.87951
2.88112
2.8825
2.88365
2.88453
2.88519
2.88565
2.88598
2.88592
2.88551
2.88475
2.88365
2.88219
2.88036
2.87814
2.87551
2.87244
2.86893
2.86494
2.86047
2.85549
2.84998
2.84392
2.83731
2.83012
2.82233
2.81394
2.80492
2.79527
2.78497
2.774
2.76236
2.75003
2.73701
2.72328
2.70883
2.69367
2.67777
2.66115
2.64378
2.62568
2.60684
2.58725
2.56693
2.54586
2.52406
2.50153
2.47827
2.4543
2.42962
2.40424
2.37819
2.35148
2.32411
2.29613
2.26754
2.23837
2.20864
2.17839
2.14764
2.11642
2.08476
2.0527
2.02027
1.9875
1.95445
1.92115
1.88765
1.85399
1.82022
1.7864
1.75258
1.71879
1.68511
1.65159
1.61827
1.58522
1.55251
1.52018
1.4883
1.45693
1.42612
1.39595
1.36646
1.33771
1.30977
1.28269
1.25652
1.23133
1.20717
1.18409
1.16214
1.14138
1.12186
1.10363
1.08673
1.07123
1.05715
1.04456
1.03349
1.02395
1.01593
1.00949
1.00489
1.00428
1.00592
1.00967
1.0155
1.02354
1.03394
1.04683
1.06233
1.08054
1.10157
1.12546
1.15225
1.18195
1.21451
1.24983
1.2878
1.32823
1.37091
1.41562
1.46207
1.50996
1.55903
1.60896
1.65944
1.71018
1.76091
1.81141
1.86137
1.91057
1.95884
2.00607
2.052
2.09644
2.13929
2.18072
2.22045
2.2583
2.29421
2.32693
0.297462
0.298139
0.298883
0.299696
0.300566
0.301495
0.302481
0.30353
0.304638
0.305818
0.307073
0.308422
0.309872
0.311447
0.313159
0.315043
0.317113
0.319418
0.321972
0.324836
0.328026
0.331612
0.335623
0.340143
0.345178
0.350828
0.357091
0.364078
0.371777
0.380308
0.389646
0.399914
0.411081
0.423238
0.436411
0.450677
0.466035
0.482531
0.50013
0.518861
0.538658
0.559536
0.581399
0.604252
0.627973
0.652566
0.677874
0.703942
0.730503
0.757751
0.785672
0.814158
0.843069
0.872283
0.901684
0.931177
0.960673
0.990099
1.01938
1.04847
1.0773
1.10583
1.13404
1.16185
1.18931
1.21625
1.24256
1.26827
1.29336
1.31788
1.34189
1.36538
1.38839
1.41093
1.433
1.45462
1.4758
1.49653
1.51684
1.53673
1.5562
1.57528
1.59395
1.61221
1.63005
1.6475
1.66454
1.6812
1.69747
1.71338
1.72893
1.74414
1.75902
1.77358
1.78783
1.80179
1.81545
1.82885
1.84197
1.85483
1.86743
1.87978
1.89189
1.90376
1.91539
1.92679
1.93797
1.94894
1.95969
1.97023
1.98059
1.99074
2.00072
2.01052
2.02014
2.0296
2.03889
2.04803
2.05701
2.06585
2.07454
2.08309
2.0915
2.09978
2.10794
2.11596
2.12386
2.13165
2.13931
2.14687
2.15432
2.16166
2.1689
2.17604
2.18309
2.19004
2.19691
2.20368
2.21038
2.21699
2.22352
2.22997
2.23635
2.24265
2.24889
2.25505
2.26115
2.26718
2.27315
2.27905
2.2849
2.29069
2.29643
2.30211
2.30773
2.31331
2.31884
2.32432
2.32975
2.33514
2.34048
2.34579
2.35105
2.35627
2.36145
2.36659
2.37169
2.37676
2.38179
2.38678
2.39174
2.39667
2.40156
2.40642
2.41125
2.41604
2.4208
2.42553
2.43023
2.43489
2.43953
2.44413
2.4487
2.45323
2.45773
2.46219
2.46662
2.47101
2.47536
2.47967
2.48394
2.48817
2.49235
2.49649
2.50057
2.50461
2.50859
2.51251
2.51637
2.52017
2.52389
2.52755
2.53112
2.53462
2.53802
2.54134
2.54455
2.54766
2.55066
2.55354
2.5563
2.55892
2.5614
2.56373
2.5659
2.56789
2.56971
2.57133
2.57275
2.57394
2.57493
2.57565
2.5762
2.57656
2.57691
2.57677
2.57632
2.57555
2.57446
2.57303
2.57124
2.56909
2.56654
2.56359
2.56021
2.55637
2.55207
2.54729
2.542
2.53619
2.52985
2.52295
2.5155
2.50746
2.49883
2.48959
2.47973
2.46925
2.45811
2.44633
2.43388
2.42076
2.40696
2.39247
2.37728
2.3614
2.34482
2.32753
2.30954
2.29085
2.27145
2.25135
2.23055
2.20906
2.18689
2.16405
2.14054
2.11639
2.0916
2.06619
2.04019
2.01361
1.98648
1.95881
1.93065
1.90201
1.87293
1.84344
1.81358
1.78337
1.75285
1.72207
1.69107
1.65989
1.62857
1.59717
1.56573
1.53431
1.50296
1.47172
1.44065
1.40981
1.37925
1.34903
1.3192
1.28981
1.26093
1.23261
1.20489
1.17784
1.15151
1.12593
1.10117
1.07727
1.05428
1.03223
1.01117
0.991132
0.972164
0.954299
0.937571
0.922017
0.907669
0.894559
0.88272
0.872174
0.862973
0.855096
0.848624
0.843642
0.840461
0.840335
0.842012
0.845547
0.850923
0.858261
0.867689
0.879339
0.893339
0.909812
0.928871
0.950613
0.97511
1.0024
1.0325
1.06537
1.10093
1.13906
1.1796
1.22236
1.2671
1.31356
1.36146
1.41052
1.46044
1.51092
1.56169
1.61247
1.66299
1.71301
1.76233
1.81077
1.8581
1.90415
1.9488
1.99203
2.03367
2.07357
2.11174
2.14627
0.2949
0.294459
0.294071
0.293734
0.293445
0.293201
0.293001
0.292842
0.292727
0.292647
0.292614
0.292635
0.292686
0.292757
0.292901
0.293079
0.293325
0.293638
0.294015
0.294476
0.295016
0.295665
0.296394
0.297238
0.298193
0.299293
0.300544
0.301973
0.303584
0.305412
0.307465
0.309775
0.312355
0.315232
0.318431
0.321973
0.325901
0.330255
0.335044
0.340314
0.346069
0.35236
0.359184
0.366599
0.37459
0.383221
0.392465
0.402385
0.412957
0.424218
0.436184
0.448893
0.462351
0.476558
0.491496
0.507154
0.523503
0.540524
0.558174
0.576434
0.595248
0.614603
0.63442
0.654711
0.675349
0.696426
0.717993
0.739961
0.762257
0.784802
0.807527
0.830377
0.853299
0.876249
0.899186
0.922072
0.944875
0.967561
0.990111
1.01249
1.03469
1.05665
1.07824
1.09949
1.12038
1.14094
1.16118
1.18112
1.20075
1.22009
1.23914
1.2579
1.27637
1.29455
1.31244
1.33005
1.34736
1.36441
1.38117
1.39764
1.41382
1.4297
1.4453
1.46061
1.47564
1.49038
1.50486
1.51906
1.53301
1.54671
1.56016
1.57337
1.58635
1.5991
1.61163
1.62394
1.63603
1.64791
1.65959
1.67106
1.68234
1.69341
1.7043
1.71499
1.7255
1.73582
1.74597
1.75594
1.76575
1.77539
1.78487
1.79419
1.80336
1.81239
1.82126
1.83
1.83859
1.84705
1.85538
1.86358
1.87165
1.87959
1.88741
1.89511
1.9027
1.91017
1.91753
1.92478
1.93193
1.93897
1.94591
1.95276
1.9595
1.96616
1.97272
1.97919
1.98558
1.99188
1.9981
2.00424
2.0103
2.01628
2.02219
2.02803
2.03379
2.03948
2.04511
2.05067
2.05616
2.06159
2.06695
2.07226
2.0775
2.08269
2.08782
2.09289
2.0979
2.10286
2.10777
2.11263
2.11743
2.12218
2.12687
2.13152
2.13611
2.14065
2.14514
2.14958
2.15397
2.1583
2.16258
2.1668
2.17097
2.17508
2.17913
2.18312
2.18705
2.19091
2.19471
2.19843
2.20209
2.20566
2.20916
2.21257
2.21589
2.21913
2.22226
2.22529
2.22821
2.23101
2.2337
2.23625
2.23867
2.24094
2.24306
2.24502
2.2468
2.2484
2.2498
2.251
2.252
2.25273
2.25337
2.25374
2.25439
2.25433
2.25408
2.25347
2.25258
2.25134
2.24979
2.24788
2.24561
2.24295
2.23987
2.23637
2.23242
2.22801
2.22312
2.21774
2.21186
2.20546
2.19852
2.19104
2.18299
2.17438
2.16518
2.15538
2.14498
2.13396
2.12231
2.11003
2.09711
2.08354
2.06932
2.05445
2.03891
2.02272
2.00586
1.98835
1.97018
1.95135
1.93188
1.91177
1.89103
1.86967
1.84769
1.82513
1.80199
1.77829
1.75405
1.7293
1.70406
1.67836
1.65222
1.62568
1.59876
1.5715
1.54395
1.51612
1.48807
1.45984
1.43146
1.40298
1.37446
1.34593
1.31744
1.28905
1.26081
1.23276
1.20496
1.17746
1.15031
1.12357
1.09727
1.07147
1.04623
1.02157
0.997559
0.974228
0.951618
0.929769
0.908716
0.888492
0.869128
0.850653
0.833093
0.816473
0.800814
0.786139
0.772466
0.759816
0.748206
0.737651
0.728178
0.719791
0.712542
0.706416
0.701536
0.697987
0.696107
0.696237
0.697868
0.701053
0.705811
0.712245
0.720469
0.73061
0.7428
0.757175
0.773865
0.792995
0.814673
0.838985
0.865988
0.895705
0.928119
0.963169
1.00075
1.04072
1.08289
1.12704
1.17293
1.22028
1.26882
1.31825
1.36829
1.41866
1.46908
1.51929
1.56906
1.61818
1.66643
1.71362
1.75961
1.80428
1.84751
1.88912
1.92928
1.96529
0.305047
0.30437
0.303711
0.303073
0.302456
0.30186
0.301286
0.300733
0.300202
0.299693
0.299205
0.29874
0.298297
0.297875
0.297475
0.297097
0.296742
0.296414
0.29611
0.295837
0.295591
0.295381
0.295206
0.295084
0.294992
0.294971
0.295
0.295059
0.295191
0.295391
0.295667
0.296025
0.296464
0.297005
0.297636
0.298395
0.299243
0.300204
0.301282
0.302492
0.303845
0.305357
0.307034
0.308895
0.310942
0.3132
0.315664
0.318371
0.321328
0.32455
0.328045
0.331833
0.335928
0.34035
0.345114
0.350237
0.355731
0.361615
0.367897
0.374597
0.38172
0.389282
0.397284
0.405741
0.414654
0.42402
0.433871
0.444213
0.455061
0.466409
0.478247
0.490563
0.503341
0.516566
0.530217
0.544279
0.558724
0.573541
0.588692
0.604175
0.619933
0.635996
0.652429
0.669184
0.686203
0.703452
0.72088
0.738456
0.756147
0.773923
0.791759
0.809634
0.827519
0.845399
0.863243
0.881053
0.898779
0.916459
0.933937
0.951226
0.968326
0.985244
1.00197
1.01852
1.0349
1.05109
1.06712
1.08296
1.09863
1.11411
1.1294
1.1445
1.15942
1.17414
1.18867
1.20301
1.21713
1.23105
1.24476
1.25827
1.27156
1.28465
1.29753
1.31021
1.32268
1.33496
1.34704
1.35892
1.37063
1.38214
1.39347
1.40462
1.4156
1.4264
1.43703
1.44748
1.45777
1.46788
1.47784
1.48762
1.49725
1.50672
1.51604
1.5252
1.5342
1.54306
1.55178
1.56035
1.56878
1.57707
1.58523
1.59326
1.60116
1.60893
1.61658
1.62411
1.63152
1.63881
1.64598
1.65305
1.66
1.66685
1.67359
1.68022
1.68676
1.69319
1.69953
1.70578
1.71193
1.71798
1.72395
1.72984
1.73563
1.74135
1.74698
1.75253
1.758
1.76339
1.76871
1.77396
1.77913
1.78423
1.78926
1.79421
1.7991
1.80392
1.80867
1.81336
1.81797
1.82252
1.827
1.83141
1.83576
1.84003
1.84424
1.84838
1.85244
1.85643
1.86035
1.86419
1.86795
1.87163
1.87523
1.87873
1.88215
1.88548
1.8887
1.89183
1.89484
1.89774
1.90053
1.90319
1.90571
1.90809
1.91033
1.9124
1.91432
1.91606
1.91762
1.91897
1.92016
1.92108
1.92194
1.92248
1.92356
1.92387
1.92411
1.92378
1.92327
1.92239
1.92123
1.91975
1.91792
1.91572
1.91313
1.91012
1.9067
1.90284
1.89854
1.89378
1.88855
1.88283
1.87662
1.86989
1.86265
1.85487
1.84655
1.83768
1.82824
1.81823
1.80763
1.79645
1.78468
1.77231
1.75934
1.74576
1.73157
1.71678
1.70139
1.68539
1.66879
1.6516
1.63382
1.61546
1.59654
1.57707
1.55705
1.53651
1.51547
1.49394
1.47195
1.44952
1.42668
1.40346
1.37988
1.35599
1.3318
1.30737
1.28272
1.25789
1.23293
1.20787
1.18276
1.15765
1.13257
1.10758
1.08272
1.05803
1.03358
1.0094
0.985531
0.96203
0.938937
0.916296
0.894148
0.872532
0.851486
0.831045
0.811241
0.792104
0.773661
0.755937
0.738952
0.722726
0.707275
0.692613
0.678752
0.665702
0.65347
0.642067
0.631497
0.621767
0.612886
0.604854
0.597691
0.591399
0.586017
0.581561
0.578126
0.575819
0.574993
0.575164
0.576623
0.579331
0.583325
0.588686
0.595514
0.603927
0.614055
0.626038
0.640019
0.656141
0.674542
0.695348
0.718663
0.744564
0.773095
0.804261
0.838023
0.874299
0.91296
0.95384
0.996734
1.04141
1.0876
1.13505
1.18346
1.23255
1.28205
1.33167
1.38117
1.43031
1.47884
1.52658
1.57334
1.61897
1.66335
1.70624
1.74801
1.78507
0.315333
0.3146
0.31388
0.313172
0.312477
0.311793
0.311123
0.310464
0.309818
0.309185
0.308564
0.307957
0.307362
0.306779
0.30621
0.305654
0.305111
0.304581
0.304065
0.303564
0.303077
0.302606
0.30215
0.301714
0.301295
0.300898
0.300524
0.300172
0.299842
0.29954
0.299265
0.299021
0.298809
0.298632
0.298494
0.298392
0.298343
0.298357
0.298403
0.298498
0.298663
0.298889
0.299179
0.299537
0.299967
0.300471
0.301063
0.301724
0.302459
0.303275
0.304178
0.305176
0.306276
0.307486
0.308811
0.31026
0.311836
0.313553
0.315423
0.317449
0.319637
0.321995
0.324528
0.327245
0.330153
0.333259
0.336573
0.340105
0.343868
0.347874
0.352134
0.356656
0.361448
0.366518
0.37187
0.377513
0.383449
0.389686
0.396223
0.403068
0.410221
0.41768
0.42546
0.433576
0.442027
0.450818
0.459942
0.469389
0.479151
0.489215
0.499574
0.510214
0.521126
0.532293
0.543713
0.555354
0.567232
0.579286
0.591629
0.604221
0.61703
0.630026
0.643188
0.656489
0.66991
0.68343
0.697037
0.710709
0.724437
0.738202
0.751994
0.765797
0.779597
0.793393
0.807143
0.820792
0.834343
0.847796
0.861151
0.874405
0.887554
0.900599
0.913541
0.926377
0.939104
0.951717
0.964214
0.976589
0.988841
1.00097
1.01296
1.02482
1.03655
1.04813
1.05956
1.07084
1.08198
1.09296
1.10379
1.11447
1.12499
1.13536
1.14558
1.15565
1.16556
1.17534
1.18496
1.19444
1.20378
1.21297
1.22203
1.23095
1.23972
1.24836
1.25687
1.26524
1.27348
1.28158
1.28956
1.29741
1.30513
1.31273
1.3202
1.32756
1.33479
1.34191
1.34891
1.3558
1.36258
1.36925
1.37582
1.38228
1.38863
1.39489
1.40105
1.4071
1.41307
1.41894
1.42472
1.43041
1.43601
1.44152
1.44694
1.45229
1.45754
1.46272
1.46781
1.47282
1.47776
1.48261
1.48738
1.49208
1.4967
1.50124
1.5057
1.51008
1.51438
1.51861
1.52275
1.52681
1.53078
1.53467
1.53847
1.54219
1.54581
1.54934
1.55277
1.55609
1.55931
1.56242
1.56542
1.56829
1.57104
1.57364
1.57611
1.57842
1.58058
1.58257
1.58441
1.58604
1.58753
1.58876
1.58994
1.59084
1.59195
1.59268
1.59389
1.59426
1.59453
1.59404
1.59343
1.5925
1.59127
1.58966
1.58768
1.58532
1.58257
1.57943
1.57587
1.5719
1.5675
1.56265
1.55735
1.55159
1.54535
1.53862
1.5314
1.52368
1.51545
1.5067
1.49742
1.48761
1.47727
1.46639
1.45497
1.443
1.4305
1.41745
1.40387
1.38975
1.37511
1.35994
1.34427
1.32809
1.31143
1.2943
1.27671
1.25868
1.24023
1.22139
1.20218
1.18262
1.16274
1.14257
1.12215
1.1015
1.08066
1.05966
1.03855
1.01736
0.996129
0.974898
0.953707
0.9326
0.911616
0.890799
0.870189
0.849827
0.829754
0.810009
0.790628
0.771649
0.753104
0.735025
0.717443
0.700383
0.683871
0.667927
0.652571
0.637819
0.623683
0.610176
0.597304
0.585075
0.573491
0.562556
0.552269
0.542633
0.533643
0.5253
0.517602
0.510547
0.504138
0.498371
0.493257
0.488807
0.485035
0.48199
0.479729
0.478382
0.477962
0.478216
0.479457
0.481632
0.48479
0.489
0.494353
0.500952
0.508917
0.518382
0.529491
0.542397
0.557252
0.574211
0.593415
0.614992
0.639041
0.665632
0.694797
0.726523
0.760753
0.797385
0.836272
0.877229
0.920038
0.964453
1.01021
1.05704
1.10465
1.15277
1.20112
1.24945
1.29752
1.34508
1.39195
1.43792
1.48288
1.52649
1.56944
1.60706
0.323608
0.3229
0.322198
0.321502
0.320814
0.320133
0.319458
0.318791
0.318131
0.317479
0.316834
0.316196
0.315566
0.314944
0.31433
0.313724
0.313126
0.312536
0.311955
0.311382
0.310817
0.310261
0.309715
0.309178
0.308651
0.308134
0.307628
0.307134
0.306652
0.306182
0.305726
0.305284
0.304858
0.304447
0.304054
0.303679
0.303322
0.30299
0.30268
0.302392
0.30213
0.301896
0.30169
0.301514
0.301369
0.301259
0.301179
0.301146
0.301159
0.3012
0.301282
0.301417
0.301597
0.301825
0.302102
0.302432
0.302817
0.303256
0.303737
0.304274
0.304868
0.305522
0.306242
0.307031
0.307893
0.30883
0.309846
0.310948
0.312142
0.313432
0.314819
0.316308
0.317902
0.319608
0.321428
0.323368
0.325431
0.327623
0.329949
0.332415
0.335024
0.337782
0.340691
0.343761
0.346996
0.350405
0.353992
0.357763
0.361724
0.365874
0.370221
0.374764
0.379509
0.384452
0.389604
0.394952
0.400514
0.406271
0.412241
0.418428
0.42484
0.431473
0.438329
0.445402
0.452686
0.460171
0.467855
0.475726
0.483782
0.492012
0.500413
0.508971
0.517688
0.526541
0.53555
0.544749
0.554112
0.563619
0.573255
0.583004
0.592854
0.602792
0.612806
0.622887
0.633025
0.643209
0.653433
0.663685
0.673961
0.684245
0.69454
0.704819
0.715044
0.725216
0.735336
0.745401
0.755409
0.765357
0.775241
0.785055
0.7948
0.804476
0.814079
0.823607
0.833057
0.842424
0.851708
0.860902
0.870008
0.879019
0.887932
0.896743
0.905451
0.914051
0.922548
0.930932
0.939213
0.947382
0.955441
0.963392
0.971233
0.978965
0.986588
0.994102
1.00151
1.00881
1.016
1.02309
1.03008
1.03696
1.04374
1.05042
1.057
1.06348
1.06986
1.07615
1.08234
1.08843
1.09443
1.10034
1.10616
1.11189
1.11753
1.12308
1.12855
1.13393
1.13922
1.14443
1.14956
1.1546
1.15957
1.16445
1.16925
1.17397
1.17861
1.18317
1.18764
1.19204
1.19635
1.20059
1.20473
1.2088
1.21278
1.21668
1.22048
1.22419
1.2278
1.23132
1.23474
1.23806
1.24127
1.24435
1.24732
1.25015
1.25286
1.25542
1.25785
1.26012
1.26225
1.26419
1.26602
1.2676
1.26914
1.27041
1.2718
1.27286
1.27421
1.27516
1.27678
1.27738
1.27771
1.2773
1.27676
1.27577
1.27445
1.27281
1.27083
1.2685
1.26581
1.26276
1.25932
1.25549
1.25126
1.24662
1.24156
1.23608
1.23016
1.22381
1.217
1.20975
1.20203
1.19386
1.18522
1.17611
1.16654
1.1565
1.146
1.13505
1.12363
1.11177
1.09947
1.08674
1.07358
1.06002
1.04607
1.03174
1.01705
1.00202
0.986671
0.971026
0.955111
0.938951
0.922574
0.906009
0.889288
0.87244
0.8555
0.838501
0.821476
0.804461
0.787491
0.770601
0.753826
0.737202
0.720762
0.704539
0.688567
0.672877
0.657497
0.642456
0.62778
0.613491
0.599611
0.58616
0.573153
0.560605
0.548527
0.536929
0.525818
0.515199
0.505073
0.495444
0.486309
0.477667
0.469514
0.461848
0.454662
0.447954
0.441715
0.435944
0.430634
0.425783
0.421389
0.417451
0.41397
0.410971
0.408443
0.406453
0.405029
0.404226
0.403992
0.404254
0.405222
0.406853
0.409194
0.412303
0.416254
0.421134
0.427045
0.434104
0.442444
0.452209
0.463553
0.476639
0.491631
0.508686
0.527952
0.549555
0.573591
0.600123
0.62917
0.660705
0.694656
0.730904
0.769287
0.809607
0.851636
0.895121
0.939795
0.985383
1.03161
1.0782
1.1249
1.17145
1.21763
1.2632
1.30808
1.35173
1.39534
1.43293
0.329952
0.329292
0.328634
0.32798
0.32733
0.326682
0.326039
0.325399
0.324763
0.324131
0.323503
0.32288
0.322261
0.321647
0.321037
0.320432
0.319832
0.319237
0.318648
0.318063
0.317483
0.316909
0.31634
0.315777
0.31522
0.314668
0.314123
0.313584
0.313052
0.312527
0.31201
0.3115
0.310998
0.310504
0.310019
0.309544
0.309079
0.308624
0.308181
0.30775
0.307332
0.306927
0.306536
0.30616
0.305799
0.305456
0.305129
0.304821
0.304534
0.304267
0.30402
0.303796
0.303595
0.303418
0.303265
0.303138
0.303036
0.302967
0.302923
0.302925
0.302945
0.302993
0.303078
0.3032
0.303357
0.303549
0.303781
0.304045
0.30434
0.304669
0.305036
0.305445
0.305898
0.306395
0.306939
0.307533
0.308177
0.30888
0.309642
0.310463
0.311345
0.31229
0.313298
0.314374
0.315518
0.316734
0.318024
0.319393
0.320845
0.322381
0.324005
0.325718
0.327524
0.329424
0.331423
0.33352
0.33572
0.338022
0.340431
0.34295
0.345583
0.348334
0.351207
0.354204
0.357328
0.360579
0.36396
0.36747
0.371111
0.37488
0.378782
0.382812
0.386973
0.391263
0.395681
0.400234
0.404925
0.409757
0.414727
0.419833
0.425074
0.430445
0.435939
0.441553
0.447281
0.453119
0.459063
0.465108
0.471248
0.477483
0.4838
0.490209
0.496736
0.503364
0.510081
0.516875
0.52374
0.530667
0.537648
0.544678
0.551749
0.558855
0.565992
0.573153
0.580334
0.587528
0.594734
0.60194
0.609155
0.616335
0.623484
0.630601
0.637686
0.644736
0.651753
0.658727
0.665663
0.672553
0.679398
0.686191
0.692934
0.699628
0.70627
0.712859
0.719392
0.725869
0.732286
0.73864
0.744931
0.751154
0.757313
0.763401
0.769423
0.775374
0.781256
0.78707
0.792812
0.798484
0.804085
0.809616
0.815077
0.820467
0.825786
0.831035
0.836212
0.841318
0.846354
0.851321
0.856218
0.861046
0.865805
0.870495
0.875117
0.879669
0.884151
0.888564
0.892906
0.897179
0.90138
0.905511
0.909567
0.913553
0.917473
0.921311
0.925064
0.928734
0.932322
0.935828
0.939263
0.9426
0.945835
0.948959
0.951978
0.954878
0.957676
0.960344
0.962911
0.96533
0.967651
0.969795
0.971852
0.973698
0.975494
0.977071
0.978686
0.980082
0.981618
0.982919
0.984449
0.985945
0.987064
0.988681
0.989327
0.988636
0.987863
0.986924
0.985723
0.984232
0.98244
0.980337
0.977916
0.975169
0.972088
0.968667
0.964898
0.960774
0.95629
0.951441
0.946222
0.94063
0.934661
0.928314
0.921588
0.914484
0.907003
0.899147
0.890921
0.882329
0.873378
0.864076
0.854432
0.844457
0.834161
0.82356
0.812667
0.8015
0.790075
0.778413
0.766533
0.754458
0.74221
0.729814
0.717295
0.704679
0.691993
0.679263
0.666518
0.653785
0.641093
0.628468
0.615939
0.603531
0.591272
0.579185
0.567295
0.555625
0.544195
0.533025
0.522134
0.511537
0.501249
0.491281
0.481644
0.472347
0.463396
0.454797
0.446552
0.438663
0.431131
0.423954
0.417131
0.410659
0.404534
0.398751
0.393305
0.388193
0.383407
0.378945
0.374798
0.370967
0.367443
0.364228
0.361315
0.35871
0.356407
0.354437
0.352774
0.351484
0.350568
0.35001
0.349852
0.350062
0.350743
0.351879
0.353503
0.355664
0.358415
0.361825
0.365974
0.370956
0.376881
0.383871
0.392064
0.401614
0.41268
0.425431
0.440037
0.456659
0.475446
0.496523
0.519982
0.545877
0.574219
0.604968
0.638041
0.673305
0.710589
0.749683
0.790356
0.832349
0.8754
0.91923
0.96358
1.00817
1.05278
1.0971
1.14112
1.18405
1.22766
1.26457
0.334755
0.334148
0.333541
0.332936
0.332332
0.331729
0.331127
0.330527
0.329929
0.329332
0.328738
0.328146
0.327556
0.326968
0.326383
0.325801
0.325221
0.324645
0.324071
0.3235
0.322932
0.322367
0.321806
0.321248
0.320693
0.320142
0.319595
0.319051
0.318511
0.317975
0.317443
0.316916
0.316393
0.315876
0.315363
0.314855
0.314352
0.313856
0.313366
0.312882
0.312404
0.311934
0.311472
0.311018
0.310571
0.310134
0.309706
0.309288
0.30888
0.308484
0.308098
0.307725
0.307363
0.307015
0.30668
0.30636
0.306052
0.305761
0.305485
0.305227
0.304986
0.304761
0.304553
0.304365
0.304195
0.304045
0.303914
0.303806
0.303721
0.303659
0.303618
0.303603
0.303612
0.303638
0.303689
0.30377
0.303879
0.304009
0.304159
0.304333
0.304534
0.304763
0.30502
0.305309
0.305628
0.305981
0.306366
0.306791
0.307253
0.307755
0.308296
0.308877
0.3095
0.310165
0.310875
0.311629
0.312429
0.313276
0.314174
0.315122
0.316122
0.317176
0.318286
0.319453
0.320678
0.321964
0.323311
0.324721
0.326196
0.327735
0.329342
0.331015
0.332757
0.334569
0.33645
0.338402
0.340427
0.342527
0.344704
0.346959
0.349293
0.351707
0.354201
0.356775
0.359428
0.362159
0.364969
0.367856
0.370819
0.373857
0.37697
0.380154
0.383416
0.386758
0.390178
0.393676
0.39725
0.400897
0.404617
0.408406
0.41226
0.416176
0.42015
0.42418
0.428261
0.432393
0.43657
0.440795
0.445053
0.449377
0.453756
0.458181
0.462647
0.467149
0.471682
0.476242
0.480827
0.485431
0.490052
0.494687
0.499333
0.503987
0.508646
0.513308
0.51797
0.52263
0.527272
0.531895
0.536502
0.54109
0.545661
0.55021
0.55474
0.559246
0.563728
0.568185
0.572615
0.577017
0.581389
0.585729
0.590037
0.594309
0.598547
0.60275
0.606917
0.611049
0.615143
0.619201
0.62322
0.6272
0.631141
0.635041
0.638899
0.642715
0.646485
0.650212
0.653892
0.657529
0.661117
0.664658
0.66815
0.671594
0.674977
0.678306
0.68158
0.684797
0.687962
0.691064
0.694128
0.697096
0.699981
0.70278
0.705505
0.708142
0.710709
0.713178
0.715579
0.717864
0.720085
0.722165
0.72419
0.726047
0.727865
0.72951
0.731161
0.732653
0.734219
0.735634
0.737229
0.738525
0.740511
0.741815
0.744297
0.744303
0.744444
0.744192
0.743675
0.742915
0.741918
0.740682
0.739201
0.737469
0.735482
0.733234
0.730719
0.727934
0.724873
0.721532
0.71791
0.714004
0.709813
0.705336
0.700575
0.69553
0.690204
0.684602
0.678727
0.672585
0.666184
0.65953
0.652634
0.645505
0.638154
0.630594
0.622838
0.614901
0.606797
0.598544
0.590158
0.581657
0.573061
0.564387
0.555656
0.546887
0.538101
0.529317
0.520555
0.511836
0.503178
0.494599
0.486119
0.477753
0.469519
0.461432
0.453505
0.445752
0.438185
0.430814
0.423648
0.416696
0.409964
0.403457
0.39718
0.391135
0.385326
0.379752
0.374414
0.369311
0.364442
0.359805
0.355397
0.351215
0.347256
0.343517
0.339993
0.336682
0.333578
0.330681
0.327983
0.325489
0.323186
0.321084
0.319172
0.317461
0.315938
0.314639
0.313525
0.312658
0.312018
0.311529
0.311373
0.311481
0.311896
0.312621
0.313665
0.315073
0.31688
0.319136
0.321898
0.325239
0.32924
0.333996
0.339619
0.346235
0.353983
0.363018
0.373504
0.385612
0.399511
0.415364
0.433319
0.453496
0.475985
0.500831
0.528038
0.557557
0.589294
0.623109
0.658825
0.696226
0.735081
0.775126
0.816117
0.857753
0.899844
0.941987
0.984303
1.02563
1.06852
1.10404
0.338379
0.337822
0.337264
0.336707
0.336149
0.335591
0.335033
0.334475
0.333918
0.33336
0.332804
0.332248
0.331693
0.331139
0.330586
0.330034
0.329484
0.328934
0.328387
0.32784
0.327296
0.326753
0.326211
0.325672
0.325135
0.324599
0.324065
0.323534
0.323005
0.322478
0.321953
0.321431
0.320912
0.320395
0.319881
0.31937
0.318862
0.318357
0.317855
0.317357
0.316863
0.316373
0.315887
0.315406
0.314929
0.314457
0.31399
0.313528
0.313072
0.312623
0.312179
0.311742
0.311312
0.310889
0.310474
0.310067
0.309667
0.309277
0.308895
0.308522
0.308159
0.307807
0.307464
0.307132
0.30681
0.3065
0.306201
0.305915
0.30564
0.305379
0.305131
0.304896
0.304676
0.304469
0.304275
0.304096
0.303932
0.303785
0.303655
0.303541
0.303444
0.303363
0.303299
0.303253
0.303222
0.303214
0.303223
0.303242
0.303277
0.303331
0.303403
0.303494
0.303605
0.303738
0.303892
0.304068
0.304266
0.304492
0.304743
0.305019
0.305321
0.305647
0.306002
0.306384
0.306792
0.307229
0.307696
0.308193
0.308722
0.309284
0.309878
0.310506
0.311167
0.311862
0.312592
0.313356
0.314156
0.314993
0.315867
0.316778
0.317729
0.31872
0.319752
0.320825
0.321939
0.323094
0.324292
0.325531
0.326813
0.328136
0.329502
0.330909
0.332358
0.333851
0.335387
0.336968
0.338593
0.340264
0.341978
0.343738
0.345542
0.347389
0.349277
0.351208
0.353178
0.355188
0.357235
0.359321
0.36144
0.363597
0.365792
0.368026
0.370298
0.372606
0.374949
0.377326
0.379734
0.382174
0.384641
0.387137
0.389658
0.392201
0.394767
0.397351
0.399955
0.402574
0.405222
0.407894
0.410586
0.413294
0.416016
0.418751
0.421495
0.424249
0.427009
0.429775
0.432546
0.43532
0.438095
0.440863
0.443627
0.446385
0.449136
0.451882
0.454619
0.45735
0.46007
0.462782
0.465484
0.468173
0.470852
0.473518
0.476169
0.478805
0.481422
0.484023
0.486603
0.489165
0.491705
0.494225
0.496723
0.499199
0.501635
0.504042
0.506427
0.508781
0.51111
0.513399
0.515635
0.517835
0.519987
0.522091
0.524159
0.526176
0.528158
0.530079
0.531964
0.533773
0.535549
0.537231
0.538882
0.540422
0.541938
0.543336
0.544732
0.546013
0.547345
0.548562
0.549908
0.551068
0.552694
0.554046
0.555785
0.556922
0.558496
0.558471
0.558395
0.558129
0.557694
0.557093
0.556323
0.555381
0.554263
0.552967
0.551488
0.549823
0.547968
0.545922
0.543681
0.541245
0.538614
0.535788
0.532768
0.529555
0.526152
0.522563
0.518791
0.514842
0.51072
0.506432
0.501986
0.497389
0.492649
0.487776
0.482781
0.477672
0.472462
0.467161
0.461783
0.456339
0.450841
0.445304
0.439738
0.434159
0.428578
0.423008
0.417461
0.41195
0.406486
0.401081
0.395745
0.390487
0.385318
0.380246
0.375279
0.370424
0.365687
0.361074
0.35659
0.35224
0.348025
0.34395
0.340015
0.336224
0.332575
0.32907
0.325709
0.32249
0.319413
0.316477
0.313679
0.311019
0.308494
0.306102
0.303841
0.30171
0.299703
0.297825
0.296066
0.294434
0.292916
0.291526
0.290248
0.2891
0.288062
0.28717
0.286386
0.285743
0.285273
0.284757
0.284563
0.284478
0.284677
0.285084
0.285675
0.286519
0.287618
0.289018
0.290752
0.292877
0.295445
0.298529
0.302208
0.306579
0.311752
0.31785
0.325013
0.333394
0.343155
0.354463
0.367487
0.382385
0.399301
0.418351
0.439617
0.463139
0.488913
0.516882
0.546951
0.578968
0.612763
0.648104
0.684792
0.722513
0.761137
0.800151
0.839886
0.878693
0.920062
0.953459
0.341104
0.340593
0.34008
0.339566
0.339051
0.338535
0.338018
0.3375
0.336982
0.336463
0.335944
0.335424
0.334904
0.334384
0.333865
0.333345
0.332826
0.332307
0.331788
0.33127
0.330753
0.330236
0.32972
0.329204
0.32869
0.328176
0.327663
0.327152
0.326641
0.326132
0.325623
0.325117
0.324611
0.324107
0.323604
0.323103
0.322603
0.322106
0.32161
0.321116
0.320624
0.320134
0.319646
0.319161
0.318679
0.318199
0.317722
0.317247
0.316777
0.316309
0.315845
0.315384
0.314928
0.314475
0.314027
0.313583
0.313144
0.31271
0.31228
0.311857
0.311438
0.311026
0.310619
0.310219
0.309825
0.309437
0.309057
0.308683
0.308317
0.307959
0.307608
0.307265
0.30693
0.306604
0.306286
0.305977
0.305677
0.305386
0.305105
0.304834
0.304573
0.304322
0.304081
0.303851
0.303631
0.303423
0.303225
0.30304
0.302867
0.302706
0.302557
0.30242
0.302295
0.302183
0.302083
0.301997
0.301925
0.30186
0.301807
0.301764
0.301736
0.301717
0.301719
0.30173
0.301754
0.301795
0.301853
0.301929
0.302022
0.302132
0.302259
0.302404
0.302565
0.302744
0.302941
0.303157
0.30339
0.303642
0.303915
0.304206
0.304519
0.304853
0.305206
0.30558
0.305975
0.306393
0.306832
0.307292
0.307775
0.30828
0.308807
0.309357
0.309929
0.310523
0.31114
0.311781
0.312444
0.313131
0.313842
0.314576
0.315334
0.316116
0.316922
0.317751
0.318603
0.319479
0.320377
0.321297
0.322239
0.323202
0.324187
0.325194
0.326222
0.327273
0.328345
0.329439
0.330554
0.33169
0.332845
0.334021
0.335215
0.336428
0.337659
0.338905
0.340169
0.341446
0.34274
0.344049
0.345375
0.346716
0.348072
0.349441
0.350823
0.352216
0.353621
0.355037
0.356462
0.357896
0.359341
0.360798
0.362264
0.36374
0.365222
0.366711
0.368204
0.369701
0.371201
0.372704
0.374209
0.375715
0.377223
0.378731
0.380238
0.381744
0.383246
0.384746
0.386242
0.387734
0.38922
0.390701
0.392177
0.393646
0.395103
0.396545
0.397978
0.399397
0.400802
0.402183
0.403509
0.40482
0.406132
0.40743
0.408717
0.409982
0.411232
0.412452
0.413656
0.414821
0.41597
0.417068
0.418151
0.419174
0.420183
0.421128
0.422066
0.422942
0.423833
0.424674
0.425553
0.426402
0.42738
0.428379
0.429477
0.430451
0.431554
0.432383
0.432797
0.432793
0.432661
0.432409
0.432046
0.431575
0.430996
0.430307
0.429505
0.428588
0.427553
0.426399
0.425125
0.423729
0.422212
0.420573
0.418813
0.416933
0.414935
0.412821
0.410594
0.408256
0.405811
0.403264
0.400618
0.397879
0.395051
0.392141
0.389155
0.386099
0.38298
0.379804
0.37658
0.373314
0.370014
0.366688
0.363343
0.359988
0.356628
0.353273
0.349929
0.346603
0.343302
0.340032
0.336801
0.333613
0.330474
0.327388
0.324362
0.321398
0.318502
0.315675
0.312921
0.310243
0.307642
0.305121
0.302681
0.300322
0.298046
0.295853
0.293742
0.291715
0.289769
0.287905
0.286122
0.284419
0.282794
0.281248
0.279777
0.278384
0.277062
0.275818
0.274641
0.273542
0.272506
0.27155
0.270656
0.269844
0.269091
0.268432
0.26783
0.267305
0.266909
0.266426
0.266177
0.265775
0.265821
0.265954
0.266177
0.266618
0.267194
0.26798
0.268974
0.270231
0.271773
0.273659
0.275941
0.27869
0.281981
0.28591
0.290583
0.296122
0.302661
0.310346
0.319335
0.32979
0.341871
0.355731
0.371505
0.389302
0.409197
0.431221
0.455369
0.48157
0.50974
0.5397
0.571329
0.604312
0.638626
0.673618
0.709926
0.745315
0.784318
0.814892
0.343143
0.34267
0.342197
0.341721
0.341244
0.340766
0.340285
0.339804
0.339321
0.338837
0.338352
0.337866
0.33738
0.336892
0.336404
0.335916
0.335426
0.334937
0.334447
0.333958
0.333468
0.332977
0.332487
0.331997
0.331507
0.331017
0.330528
0.330038
0.329549
0.329061
0.328573
0.328085
0.327598
0.327111
0.326625
0.326139
0.325655
0.325171
0.324688
0.324206
0.323725
0.323245
0.322766
0.322289
0.321812
0.321337
0.320864
0.320392
0.319922
0.319453
0.318986
0.318522
0.318059
0.317599
0.317141
0.316686
0.316233
0.315783
0.315335
0.314891
0.31445
0.314012
0.313578
0.313147
0.31272
0.312297
0.311878
0.311463
0.311052
0.310646
0.310245
0.309848
0.309456
0.30907
0.308688
0.308312
0.307942
0.307577
0.307218
0.306865
0.306518
0.306177
0.305843
0.305516
0.305194
0.30488
0.304573
0.304273
0.30398
0.303694
0.303417
0.303146
0.302884
0.302629
0.302382
0.302144
0.301913
0.301692
0.30148
0.301277
0.301083
0.300896
0.30072
0.300552
0.300393
0.300242
0.300103
0.299968
0.299841
0.299721
0.299611
0.29951
0.299418
0.299336
0.299264
0.299203
0.299151
0.299112
0.299085
0.299068
0.299065
0.299072
0.299087
0.299114
0.299155
0.299208
0.299272
0.299348
0.299436
0.299537
0.299651
0.299777
0.299915
0.300066
0.30023
0.300406
0.300595
0.300796
0.30101
0.301236
0.301476
0.301729
0.301995
0.302274
0.302566
0.302871
0.303189
0.303518
0.303861
0.304215
0.304582
0.304961
0.305352
0.305755
0.30617
0.306598
0.307037
0.307488
0.307951
0.308425
0.308911
0.309408
0.309915
0.310433
0.310961
0.311499
0.312046
0.312603
0.313168
0.313742
0.314326
0.314918
0.315518
0.316126
0.316743
0.317367
0.317998
0.318637
0.319282
0.319935
0.320596
0.321266
0.321944
0.322628
0.323318
0.324015
0.324716
0.325423
0.326134
0.326849
0.327567
0.328288
0.329012
0.329738
0.330465
0.331195
0.331925
0.332657
0.333388
0.33412
0.334851
0.335581
0.336309
0.337031
0.337746
0.338457
0.339156
0.339844
0.340509
0.341159
0.341814
0.342467
0.343119
0.343763
0.344402
0.345029
0.345649
0.346251
0.346846
0.347419
0.347982
0.348519
0.349046
0.349544
0.350035
0.350497
0.350961
0.351403
0.351855
0.352306
0.352803
0.353315
0.353918
0.354488
0.355093
0.356168
0.356302
0.356369
0.356317
0.356183
0.35598
0.355711
0.355379
0.354982
0.354519
0.353989
0.353391
0.352723
0.351985
0.351176
0.350296
0.349345
0.348323
0.347231
0.346069
0.344838
0.343541
0.342178
0.340751
0.339262
0.337715
0.336111
0.334454
0.332746
0.330992
0.329194
0.327356
0.325482
0.323577
0.321644
0.319687
0.317712
0.315721
0.313721
0.311714
0.309705
0.307699
0.3057
0.303711
0.301736
0.29978
0.297845
0.295934
0.294052
0.2922
0.290382
0.288599
0.286855
0.28515
0.283486
0.281865
0.280288
0.278756
0.277269
0.275828
0.274434
0.273086
0.271784
0.270528
0.269319
0.268154
0.267034
0.265957
0.264925
0.263935
0.262988
0.262079
0.261215
0.260386
0.259603
0.258852
0.258148
0.257474
0.256851
0.256256
0.255716
0.255206
0.254738
0.254339
0.253907
0.253603
0.253046
0.252837
0.252676
0.252576
0.252786
0.252956
0.253323
0.25378
0.254435
0.255246
0.256297
0.2576
0.259215
0.261182
0.263577
0.266473
0.269962
0.274145
0.279135
0.285063
0.292066
0.300293
0.309896
0.321028
0.333827
0.348423
0.364907
0.383356
0.403778
0.426186
0.450464
0.476602
0.504288
0.533661
0.563908
0.596063
0.627246
0.663056
0.690196
0.344651
0.344212
0.343771
0.343329
0.342885
0.342438
0.34199
0.341541
0.341089
0.340636
0.340182
0.339726
0.339269
0.338811
0.338352
0.337892
0.337431
0.336969
0.336506
0.336043
0.335578
0.335114
0.334649
0.334183
0.333717
0.333251
0.332784
0.332317
0.33185
0.331382
0.330915
0.330447
0.32998
0.329512
0.329044
0.328577
0.32811
0.327642
0.327175
0.326709
0.326242
0.325776
0.325311
0.324846
0.324381
0.323917
0.323453
0.322991
0.322529
0.322068
0.321607
0.321148
0.32069
0.320233
0.319777
0.319322
0.318869
0.318417
0.317966
0.317518
0.317071
0.316625
0.316182
0.315741
0.315301
0.314864
0.31443
0.313997
0.313567
0.31314
0.312716
0.312294
0.311875
0.31146
0.311047
0.310638
0.310232
0.309829
0.30943
0.309035
0.308643
0.308256
0.307872
0.307492
0.307117
0.306745
0.306379
0.306016
0.305658
0.305305
0.304956
0.304613
0.304274
0.30394
0.303612
0.303288
0.30297
0.302657
0.30235
0.302048
0.301752
0.301462
0.301177
0.300899
0.300626
0.300359
0.300098
0.299844
0.299597
0.299356
0.299121
0.298892
0.29867
0.298454
0.298245
0.298042
0.297847
0.297655
0.297468
0.297285
0.297109
0.296939
0.296775
0.296618
0.296467
0.296323
0.296186
0.296057
0.295937
0.295824
0.295718
0.295619
0.295528
0.295444
0.295367
0.295297
0.295235
0.295179
0.295131
0.295091
0.295059
0.295035
0.295018
0.295007
0.295008
0.295014
0.295025
0.295044
0.295072
0.295107
0.295149
0.295198
0.295255
0.295318
0.295388
0.295466
0.29555
0.295641
0.295738
0.295842
0.295953
0.29607
0.296194
0.296324
0.29646
0.296602
0.296749
0.296903
0.297063
0.297228
0.297399
0.297574
0.297755
0.297942
0.298133
0.298329
0.29853
0.298735
0.298945
0.299158
0.299377
0.2996
0.299827
0.30006
0.300296
0.300537
0.300781
0.301029
0.301281
0.301535
0.301792
0.302051
0.302314
0.302579
0.302847
0.303117
0.303388
0.303661
0.303935
0.30421
0.304485
0.304761
0.305037
0.305311
0.30558
0.305846
0.306105
0.30636
0.306608
0.306849
0.307088
0.307326
0.307563
0.307797
0.30803
0.308257
0.308483
0.308701
0.308915
0.309119
0.309319
0.309507
0.30969
0.309859
0.310024
0.310174
0.310327
0.310464
0.31061
0.310761
0.310934
0.31111
0.311347
0.311595
0.311823
0.31237
0.312422
0.31242
0.312346
0.312217
0.312043
0.311829
0.311574
0.311281
0.31095
0.310579
0.310169
0.309719
0.309229
0.308699
0.308128
0.307517
0.306865
0.306173
0.305442
0.304671
0.303862
0.303014
0.302131
0.301211
0.300258
0.299271
0.298253
0.297205
0.296129
0.295027
0.293901
0.292753
0.291585
0.2904
0.2892
0.287987
0.286764
0.285533
0.284296
0.283057
0.281818
0.28058
0.279346
0.278119
0.276901
0.275694
0.274499
0.273318
0.272154
0.271007
0.26988
0.268772
0.267686
0.266623
0.265583
0.264566
0.263574
0.262606
0.261662
0.260744
0.25985
0.258981
0.258136
0.257315
0.256518
0.255744
0.254991
0.254262
0.253552
0.252865
0.252197
0.251551
0.250921
0.250314
0.249721
0.249153
0.248598
0.248069
0.247552
0.247063
0.246588
0.246133
0.245713
0.245279
0.244907
0.244475
0.244135
0.243845
0.243467
0.243301
0.242957
0.243099
0.243116
0.243359
0.24363
0.244124
0.244749
0.245594
0.246637
0.247973
0.249638
0.2517
0.254228
0.257307
0.261032
0.265511
0.270866
0.277225
0.284727
0.29351
0.303716
0.315465
0.328884
0.344035
0.361015
0.379766
0.400401
0.422611
0.446743
0.471806
0.499296
0.525704
0.557591
0.580848
0.345746
0.345336
0.344923
0.344508
0.344092
0.343673
0.343252
0.34283
0.342406
0.341979
0.341552
0.341122
0.340691
0.340259
0.339825
0.33939
0.338954
0.338517
0.338078
0.337639
0.337198
0.336757
0.336314
0.335871
0.335427
0.334983
0.334538
0.334092
0.333645
0.333198
0.332751
0.332303
0.331854
0.331406
0.330956
0.330507
0.330057
0.329607
0.329157
0.328706
0.328256
0.327805
0.327354
0.326903
0.326453
0.326002
0.325551
0.325101
0.32465
0.3242
0.32375
0.323301
0.322852
0.322403
0.321955
0.321507
0.32106
0.320613
0.320167
0.319722
0.319278
0.318834
0.318392
0.31795
0.31751
0.317071
0.316632
0.316196
0.31576
0.315326
0.314894
0.314463
0.314033
0.313606
0.31318
0.312756
0.312334
0.311914
0.311496
0.311081
0.310667
0.310256
0.309848
0.309441
0.309038
0.308637
0.308238
0.307843
0.30745
0.30706
0.306673
0.306289
0.305908
0.30553
0.305156
0.304785
0.304417
0.304053
0.303692
0.303335
0.302981
0.302631
0.302285
0.301943
0.301604
0.301269
0.300938
0.300612
0.300289
0.299971
0.299656
0.299346
0.299041
0.298739
0.298442
0.298149
0.29786
0.297576
0.297298
0.297023
0.296754
0.296488
0.296227
0.295971
0.295719
0.295471
0.295229
0.29499
0.294753
0.294519
0.294289
0.294063
0.293841
0.293623
0.29341
0.293201
0.292997
0.292797
0.292603
0.292414
0.29223
0.29205
0.291875
0.291704
0.291538
0.291376
0.291219
0.291065
0.290916
0.290772
0.290633
0.290498
0.290368
0.290242
0.29012
0.290003
0.28989
0.289781
0.289675
0.289574
0.289477
0.289384
0.289294
0.289209
0.289127
0.28905
0.288975
0.288905
0.288837
0.288775
0.288716
0.28866
0.288608
0.28856
0.288515
0.288473
0.288433
0.288396
0.288362
0.288331
0.288302
0.288276
0.288253
0.288232
0.288214
0.288199
0.288186
0.288175
0.288166
0.28816
0.288155
0.288152
0.288152
0.288154
0.288158
0.288163
0.28817
0.288177
0.288186
0.288196
0.288206
0.288213
0.288232
0.288243
0.288248
0.288248
0.288248
0.288247
0.288244
0.288238
0.28823
0.28822
0.288209
0.288197
0.288184
0.288168
0.288151
0.288132
0.28811
0.288084
0.288055
0.288021
0.287984
0.28794
0.287896
0.287842
0.287794
0.287728
0.287677
0.287672
0.287623
0.287622
0.287621
0.287623
0.287627
0.28764
0.287592
0.287497
0.287364
0.287198
0.287002
0.286779
0.286531
0.286259
0.285964
0.285646
0.285304
0.28494
0.284553
0.284143
0.28371
0.283254
0.282776
0.282275
0.281752
0.281208
0.280642
0.280055
0.279447
0.27882
0.278174
0.277509
0.276827
0.276128
0.275414
0.274685
0.273942
0.273187
0.272421
0.271646
0.270861
0.27007
0.269272
0.26847
0.267665
0.266859
0.266052
0.265245
0.264442
0.263641
0.262845
0.262055
0.261272
0.260497
0.25973
0.258973
0.258226
0.257489
0.256764
0.25605
0.255348
0.254659
0.253981
0.253315
0.252662
0.25202
0.25139
0.250771
0.250163
0.249566
0.248978
0.2484
0.247831
0.24727
0.246718
0.246173
0.245635
0.245104
0.244579
0.244062
0.243548
0.243043
0.242542
0.24205
0.241561
0.241082
0.240609
0.240141
0.239689
0.239228
0.238796
0.238349
0.237929
0.237534
0.23711
0.236743
0.236331
0.236144
0.235607
0.235439
0.235293
0.235504
0.235642
0.235993
0.236349
0.23698
0.237801
0.238895
0.24029
0.242053
0.244247
0.246954
0.250266
0.25428
0.259111
0.264872
0.271697
0.279699
0.289021
0.299743
0.312021
0.325823
0.341377
0.358362
0.37735
0.397172
0.41979
0.441177
0.468604
0.487759
0.346519
0.346132
0.345742
0.345351
0.344957
0.344562
0.344164
0.343764
0.343363
0.342959
0.342554
0.342147
0.341739
0.341328
0.340917
0.340504
0.340089
0.339673
0.339256
0.338837
0.338418
0.337997
0.337575
0.337152
0.336728
0.336303
0.335878
0.335451
0.335023
0.334595
0.334166
0.333736
0.333305
0.332874
0.332442
0.33201
0.331577
0.331143
0.330709
0.330274
0.329839
0.329404
0.328968
0.328532
0.328095
0.327658
0.327221
0.326784
0.326346
0.325908
0.32547
0.325032
0.324594
0.324156
0.323718
0.32328
0.322842
0.322404
0.321966
0.321529
0.321091
0.320654
0.320218
0.319781
0.319345
0.31891
0.318475
0.318041
0.317607
0.317174
0.316741
0.31631
0.315879
0.315449
0.31502
0.314592
0.314165
0.313739
0.313314
0.312891
0.312468
0.312048
0.311628
0.31121
0.310793
0.310378
0.309964
0.309552
0.309142
0.308733
0.308326
0.307922
0.307518
0.307117
0.306718
0.306321
0.305926
0.305534
0.305143
0.304755
0.304368
0.303985
0.303603
0.303224
0.302848
0.302474
0.302103
0.301734
0.301368
0.301004
0.300643
0.300285
0.29993
0.299578
0.299228
0.298881
0.298537
0.298196
0.297858
0.297524
0.297192
0.296863
0.296538
0.296215
0.295895
0.295579
0.295265
0.294955
0.294648
0.294345
0.294045
0.293748
0.293454
0.293163
0.292875
0.29259
0.292308
0.29203
0.291753
0.291477
0.291203
0.290931
0.290662
0.290396
0.290133
0.289872
0.289614
0.289359
0.289107
0.288859
0.288614
0.288371
0.288132
0.287895
0.28766
0.287428
0.287199
0.286972
0.286748
0.286526
0.286307
0.286091
0.285878
0.285667
0.285458
0.285252
0.285048
0.284846
0.284647
0.28445
0.284255
0.284062
0.283871
0.283683
0.283497
0.283313
0.283132
0.282953
0.282777
0.282602
0.282429
0.282258
0.282088
0.281921
0.281755
0.28159
0.281427
0.281265
0.281104
0.280945
0.280787
0.280631
0.280475
0.280321
0.280169
0.280017
0.279866
0.279717
0.279568
0.279419
0.279271
0.279124
0.278978
0.278831
0.278683
0.278534
0.278383
0.278232
0.27808
0.277926
0.27777
0.277614
0.277456
0.277297
0.277137
0.276976
0.276814
0.276651
0.276486
0.27632
0.276152
0.275981
0.27581
0.275634
0.275459
0.275279
0.275101
0.274916
0.274736
0.274562
0.27439
0.274225
0.274069
0.273916
0.273767
0.273619
0.273457
0.273277
0.273078
0.27286
0.272625
0.272374
0.272107
0.271827
0.271532
0.271224
0.270903
0.270568
0.270221
0.269861
0.269488
0.269103
0.268706
0.268296
0.267875
0.267442
0.266998
0.266542
0.266077
0.265601
0.265115
0.264619
0.264115
0.263603
0.263082
0.262554
0.26202
0.26148
0.260934
0.260384
0.259829
0.259272
0.258711
0.258149
0.257586
0.257023
0.25646
0.255898
0.255337
0.254779
0.254224
0.253671
0.253123
0.252579
0.252039
0.251504
0.250973
0.250448
0.249928
0.249413
0.248904
0.248399
0.247898
0.247402
0.246911
0.246423
0.245938
0.245456
0.244977
0.2445
0.244024
0.243549
0.243075
0.242601
0.242126
0.241651
0.241174
0.240696
0.240216
0.239735
0.239251
0.238767
0.238279
0.237791
0.2373
0.236809
0.236317
0.235822
0.235333
0.234835
0.234348
0.233856
0.233368
0.232898
0.232404
0.231958
0.231467
0.231078
0.230604
0.23023
0.229818
0.229595
0.229093
0.229178
0.228814
0.229096
0.22933
0.229798
0.230426
0.231308
0.232455
0.233951
0.235854
0.238235
0.24118
0.244777
0.249136
0.254348
0.260552
0.267812
0.276314
0.286018
0.297243
0.309629
0.323951
0.338885
0.356777
0.373287
0.396003
0.41112
0.347042
0.346673
0.346302
0.345929
0.345554
0.345178
0.344799
0.344418
0.344035
0.343651
0.343265
0.342876
0.342487
0.342095
0.341702
0.341307
0.340911
0.340514
0.340115
0.339714
0.339313
0.33891
0.338506
0.3381
0.337694
0.337286
0.336878
0.336468
0.336057
0.335645
0.335233
0.334819
0.334405
0.333989
0.333573
0.333156
0.332738
0.33232
0.331901
0.331481
0.33106
0.330639
0.330217
0.329795
0.329372
0.328948
0.328524
0.3281
0.327675
0.327249
0.326824
0.326397
0.325971
0.325544
0.325117
0.324689
0.324261
0.323833
0.323405
0.322977
0.322548
0.32212
0.321691
0.321262
0.320834
0.320405
0.319976
0.319548
0.319119
0.318691
0.318263
0.317835
0.317408
0.316981
0.316554
0.316128
0.315702
0.315276
0.314851
0.314427
0.314003
0.31358
0.313157
0.312735
0.312314
0.311894
0.311475
0.311056
0.310639
0.310222
0.309806
0.309392
0.308978
0.308566
0.308155
0.307745
0.307336
0.306928
0.306522
0.306117
0.305714
0.305312
0.304911
0.304512
0.304115
0.303719
0.303324
0.302931
0.30254
0.302151
0.301763
0.301377
0.300993
0.300611
0.30023
0.299852
0.299475
0.2991
0.298727
0.298356
0.297987
0.29762
0.297255
0.296892
0.296531
0.296173
0.295816
0.295461
0.295109
0.294759
0.29441
0.294064
0.293721
0.293379
0.293039
0.292702
0.292367
0.292033
0.291703
0.291374
0.291048
0.290724
0.290402
0.290082
0.289764
0.289448
0.289134
0.288822
0.288512
0.288202
0.287893
0.287585
0.287278
0.286973
0.28667
0.286368
0.286068
0.28577
0.285473
0.285178
0.284886
0.284595
0.284306
0.284019
0.283733
0.283448
0.283165
0.282884
0.282603
0.282325
0.282047
0.281771
0.281497
0.281224
0.280953
0.280683
0.280415
0.280148
0.279882
0.279618
0.279355
0.279093
0.278832
0.278572
0.278314
0.278057
0.277802
0.277548
0.277295
0.277044
0.276793
0.276543
0.276294
0.276046
0.275798
0.275551
0.275305
0.275059
0.274814
0.27457
0.274326
0.274082
0.273839
0.273596
0.273353
0.27311
0.272866
0.272622
0.272378
0.272133
0.271887
0.27164
0.271393
0.271145
0.270896
0.270646
0.270396
0.270145
0.269894
0.269641
0.269388
0.269134
0.268879
0.268622
0.268366
0.268107
0.267849
0.267589
0.26733
0.267072
0.266816
0.266563
0.266314
0.266069
0.265826
0.265585
0.265341
0.265092
0.264835
0.26457
0.264296
0.264015
0.263725
0.263427
0.263122
0.262809
0.262489
0.262162
0.261828
0.261488
0.261141
0.260788
0.260429
0.260063
0.259692
0.259316
0.258934
0.258547
0.258156
0.257759
0.257359
0.256954
0.256545
0.256133
0.255718
0.2553
0.25488
0.254457
0.254033
0.253607
0.25318
0.252752
0.252323
0.251895
0.251466
0.251038
0.250611
0.250185
0.24976
0.249337
0.248915
0.248495
0.248076
0.24766
0.247245
0.246832
0.24642
0.24601
0.245601
0.245193
0.244786
0.244379
0.243972
0.243564
0.243155
0.242745
0.242333
0.241919
0.241502
0.241081
0.240657
0.240228
0.239794
0.239355
0.23891
0.23846
0.238002
0.237539
0.237069
0.236592
0.236108
0.235617
0.23512
0.234616
0.234106
0.23359
0.23307
0.232542
0.232013
0.231476
0.230938
0.230399
0.229854
0.229321
0.228769
0.228245
0.227693
0.227192
0.226652
0.226178
0.225641
0.225235
0.224693
0.224317
0.223837
0.22358
0.223094
0.223242
0.223316
0.223636
0.224044
0.224734
0.225691
0.226965
0.228622
0.230724
0.233358
0.236589
0.240537
0.245242
0.250898
0.257434
0.265226
0.273862
0.28426
0.29499
0.308624
0.320775
0.338878
0.350314
0.347371
0.347017
0.346661
0.346303
0.345943
0.345581
0.345218
0.344852
0.344484
0.344115
0.343744
0.343371
0.342997
0.342621
0.342243
0.341864
0.341483
0.341101
0.340717
0.340332
0.339946
0.339558
0.339169
0.338778
0.338387
0.337994
0.3376
0.337205
0.336809
0.336412
0.336013
0.335614
0.335213
0.334812
0.33441
0.334007
0.333603
0.333198
0.332792
0.332385
0.331978
0.331569
0.33116
0.330751
0.33034
0.329929
0.329517
0.329104
0.328691
0.328277
0.327863
0.327448
0.327033
0.326616
0.3262
0.325783
0.325365
0.324947
0.324529
0.32411
0.323691
0.323271
0.322852
0.322431
0.322011
0.32159
0.321169
0.320748
0.320327
0.319905
0.319484
0.319062
0.31864
0.318218
0.317797
0.317375
0.316953
0.316531
0.31611
0.315688
0.315267
0.314846
0.314425
0.314004
0.313583
0.313163
0.312744
0.312324
0.311905
0.311487
0.311068
0.310651
0.310234
0.309817
0.309401
0.308986
0.308571
0.308157
0.307744
0.307331
0.30692
0.306509
0.306099
0.305689
0.305281
0.304873
0.304467
0.304061
0.303656
0.303253
0.30285
0.302449
0.302048
0.301649
0.301251
0.300854
0.300458
0.300063
0.29967
0.299278
0.298887
0.298497
0.298109
0.297722
0.297336
0.296951
0.296568
0.296187
0.295806
0.295428
0.29505
0.294674
0.294299
0.293926
0.293555
0.293184
0.292815
0.292448
0.292082
0.291718
0.291355
0.290993
0.290633
0.290275
0.289918
0.289562
0.289208
0.288855
0.288503
0.288154
0.287806
0.287459
0.287114
0.286769
0.286426
0.286085
0.285744
0.285405
0.285067
0.28473
0.284393
0.284056
0.28372
0.283384
0.28305
0.282716
0.282383
0.282052
0.281721
0.281391
0.281062
0.280735
0.280409
0.280083
0.279759
0.279435
0.279113
0.278791
0.278469
0.278149
0.277829
0.277511
0.277193
0.276876
0.27656
0.276245
0.275931
0.275618
0.275305
0.274994
0.274682
0.274372
0.274062
0.273753
0.273445
0.273137
0.272831
0.272525
0.272219
0.271915
0.27161
0.271306
0.271003
0.2707
0.270397
0.270094
0.269791
0.269488
0.269185
0.268882
0.268579
0.268275
0.267971
0.267667
0.267362
0.267057
0.266752
0.266447
0.266141
0.265835
0.265528
0.265222
0.264915
0.264607
0.264299
0.263991
0.263683
0.263375
0.263068
0.26276
0.262454
0.262149
0.261847
0.261546
0.261248
0.260951
0.260655
0.260358
0.260059
0.259758
0.259453
0.259145
0.258834
0.258519
0.2582
0.257878
0.257553
0.257224
0.256893
0.256559
0.256222
0.255882
0.25554
0.255196
0.254849
0.254501
0.254151
0.253799
0.253445
0.253091
0.252735
0.252378
0.25202
0.251662
0.251303
0.250944
0.250585
0.250225
0.249866
0.249507
0.249148
0.24879
0.248432
0.248075
0.247718
0.247363
0.247008
0.246654
0.2463
0.245948
0.245596
0.245244
0.244893
0.244541
0.24419
0.243838
0.243485
0.243132
0.242776
0.242419
0.24206
0.241698
0.241332
0.240963
0.240589
0.240211
0.239827
0.239438
0.239042
0.238639
0.238228
0.23781
0.237384
0.236949
0.236505
0.236052
0.23559
0.235118
0.234636
0.234144
0.233643
0.233132
0.232612
0.232083
0.231545
0.230998
0.230444
0.229882
0.229314
0.228739
0.228158
0.227574
0.226983
0.226397
0.225797
0.225212
0.22461
0.224034
0.223433
0.222876
0.222272
0.221748
0.221145
0.220653
0.220065
0.219602
0.21903
0.218741
0.218092
0.218135
0.217848
0.218077
0.218412
0.218959
0.219771
0.22088
0.222354
0.224232
0.226619
0.229526
0.233144
0.237364
0.242594
0.248368
0.255684
0.263068
0.27313
0.281701
0.295618
0.303973
0.347555
0.347212
0.346867
0.34652
0.346171
0.345821
0.345469
0.345116
0.34476
0.344403
0.344044
0.343684
0.343322
0.342958
0.342593
0.342226
0.341858
0.341488
0.341116
0.340744
0.34037
0.339994
0.339618
0.33924
0.338861
0.33848
0.338099
0.337716
0.337332
0.336947
0.336561
0.336174
0.335786
0.335396
0.335006
0.334615
0.334222
0.333829
0.333435
0.33304
0.332644
0.332247
0.331849
0.331451
0.331051
0.330651
0.33025
0.329848
0.329446
0.329042
0.328638
0.328234
0.327828
0.327422
0.327016
0.326608
0.3262
0.325792
0.325383
0.324973
0.324563
0.324152
0.323741
0.323329
0.322917
0.322505
0.322092
0.321678
0.321264
0.32085
0.320435
0.320021
0.319605
0.31919
0.318774
0.318358
0.317942
0.317526
0.317109
0.316692
0.316275
0.315858
0.315441
0.315024
0.314607
0.31419
0.313773
0.313355
0.312938
0.312521
0.312104
0.311687
0.311271
0.310854
0.310438
0.310022
0.309606
0.30919
0.308775
0.30836
0.307945
0.307531
0.307117
0.306704
0.30629
0.305878
0.305466
0.305054
0.304643
0.304232
0.303822
0.303412
0.303004
0.302595
0.302188
0.301781
0.301374
0.300969
0.300564
0.30016
0.299756
0.299353
0.298952
0.29855
0.29815
0.297751
0.297352
0.296954
0.296557
0.296161
0.295766
0.295372
0.294978
0.294586
0.294195
0.293804
0.293414
0.293026
0.292638
0.292251
0.291865
0.29148
0.291097
0.290714
0.290332
0.289951
0.289571
0.289192
0.288814
0.288437
0.288061
0.287686
0.287312
0.286939
0.286567
0.286195
0.285825
0.285456
0.285087
0.284719
0.284353
0.283988
0.283623
0.283259
0.282896
0.282534
0.282172
0.281811
0.281451
0.281092
0.280733
0.280374
0.280014
0.279655
0.279297
0.278938
0.278581
0.278224
0.277867
0.277511
0.277156
0.276801
0.276448
0.276095
0.275742
0.27539
0.275038
0.274687
0.274337
0.273987
0.273637
0.273288
0.27294
0.272592
0.272244
0.271898
0.271551
0.271205
0.27086
0.270515
0.27017
0.269826
0.269483
0.269139
0.268797
0.268455
0.268113
0.267772
0.267431
0.26709
0.266749
0.266409
0.266068
0.265727
0.265386
0.265046
0.264705
0.264364
0.264023
0.263683
0.263342
0.263001
0.262661
0.26232
0.26198
0.26164
0.2613
0.260961
0.260622
0.260284
0.259946
0.25961
0.259275
0.258942
0.25861
0.25828
0.257951
0.257623
0.257295
0.256968
0.25664
0.256311
0.255981
0.255651
0.25532
0.254988
0.254655
0.254321
0.253987
0.253652
0.253316
0.25298
0.252644
0.252308
0.251972
0.251635
0.251299
0.250964
0.250628
0.250293
0.249959
0.249625
0.249293
0.248961
0.248629
0.248299
0.24797
0.247642
0.247314
0.246988
0.246662
0.246338
0.246014
0.245692
0.24537
0.245048
0.244727
0.244407
0.244086
0.243765
0.243444
0.243123
0.2428
0.242476
0.242151
0.241823
0.241493
0.24116
0.240823
0.240483
0.240138
0.239788
0.239433
0.239072
0.238704
0.238329
0.237947
0.237556
0.237156
0.236748
0.23633
0.235902
0.235463
0.235014
0.234554
0.234083
0.2336
0.233106
0.232601
0.232085
0.231557
0.231018
0.230469
0.229909
0.22934
0.228761
0.228173
0.227577
0.226974
0.226363
0.225746
0.225125
0.224497
0.22387
0.223234
0.222604
0.221963
0.221336
0.220694
0.220078
0.219433
0.218835
0.218191
0.217615
0.216978
0.216428
0.215802
0.215295
0.2147
0.214329
0.213547
0.213271
0.213075
0.21321
0.21353
0.214021
0.214752
0.215746
0.217098
0.218789
0.221012
0.223619
0.227035
0.230756
0.23579
0.240704
0.24796
0.253838
0.264223
0.270238
0.347631
0.347296
0.346958
0.34662
0.34628
0.345938
0.345595
0.34525
0.344904
0.344556
0.344207
0.343856
0.343503
0.343149
0.342793
0.342437
0.342078
0.341718
0.341357
0.340995
0.340631
0.340266
0.339899
0.339532
0.339162
0.338792
0.338421
0.338048
0.337674
0.337299
0.336923
0.336546
0.336168
0.335789
0.335408
0.335027
0.334645
0.334261
0.333877
0.333492
0.333105
0.332718
0.33233
0.331941
0.331551
0.33116
0.330769
0.330376
0.329983
0.329589
0.329194
0.328799
0.328402
0.328005
0.327607
0.327209
0.32681
0.32641
0.326009
0.325608
0.325206
0.324803
0.3244
0.323996
0.323592
0.323187
0.322782
0.322376
0.321969
0.321562
0.321154
0.320746
0.320338
0.319929
0.31952
0.31911
0.3187
0.318289
0.317878
0.317467
0.317055
0.316643
0.316231
0.315819
0.315406
0.314993
0.31458
0.314166
0.313753
0.313339
0.312925
0.312511
0.312097
0.311682
0.311268
0.310854
0.310439
0.310025
0.30961
0.309196
0.308781
0.308367
0.307953
0.307538
0.307124
0.30671
0.306297
0.305883
0.305469
0.305056
0.304643
0.30423
0.303818
0.303405
0.302993
0.302581
0.30217
0.301759
0.301348
0.300938
0.300528
0.300118
0.299709
0.2993
0.298892
0.298484
0.298076
0.297669
0.297263
0.296857
0.296451
0.296046
0.295642
0.295238
0.294835
0.294432
0.29403
0.293628
0.293227
0.292826
0.292427
0.292027
0.291629
0.291231
0.290833
0.290436
0.29004
0.289645
0.28925
0.288855
0.288462
0.288069
0.287676
0.287285
0.286894
0.286503
0.286113
0.285724
0.285336
0.284948
0.28456
0.284174
0.283788
0.283402
0.283017
0.282633
0.28225
0.281867
0.281484
0.281102
0.280721
0.28034
0.27996
0.279581
0.279202
0.278823
0.278445
0.278068
0.277691
0.277314
0.276938
0.276561
0.276184
0.275808
0.275431
0.275055
0.274679
0.274303
0.273928
0.273553
0.273179
0.272805
0.272432
0.272059
0.271686
0.271313
0.270941
0.270569
0.270198
0.269827
0.269457
0.269087
0.268717
0.268347
0.267979
0.26761
0.267242
0.266874
0.266507
0.26614
0.265773
0.265407
0.265041
0.264676
0.264311
0.263946
0.263582
0.263217
0.262853
0.262489
0.262126
0.261763
0.2614
0.261037
0.260675
0.260314
0.259953
0.259593
0.259233
0.258874
0.258516
0.258159
0.257803
0.257449
0.257096
0.256745
0.256395
0.256046
0.255699
0.255353
0.255007
0.254663
0.254319
0.253976
0.253633
0.253291
0.252949
0.252608
0.252268
0.251928
0.25159
0.251252
0.250915
0.250579
0.250244
0.249911
0.249578
0.249247
0.248918
0.248589
0.248262
0.247937
0.247613
0.247291
0.24697
0.24665
0.246332
0.246015
0.245699
0.245385
0.245072
0.244759
0.244447
0.244136
0.243825
0.243515
0.243204
0.242893
0.242582
0.24227
0.241956
0.241641
0.241323
0.241004
0.240681
0.240355
0.240025
0.239691
0.239352
0.239007
0.238657
0.2383
0.237936
0.237564
0.237184
0.236796
0.236398
0.23599
0.235573
0.235145
0.234706
0.234255
0.233793
0.233319
0.232833
0.232335
0.231825
0.231302
0.230767
0.230221
0.229662
0.229092
0.228512
0.227921
0.22732
0.22671
0.226091
0.225464
0.22483
0.224191
0.223544
0.222895
0.222239
0.221584
0.220923
0.220265
0.2196
0.218945
0.21828
0.217632
0.216967
0.216331
0.21567
0.215051
0.214397
0.213799
0.213158
0.212581
0.21198
0.211447
0.210839
0.210405
0.209913
0.209378
0.209338
0.209452
0.209744
0.2102
0.2109
0.211812
0.213124
0.214668
0.21686
0.219199
0.222631
0.225866
0.231042
0.235088
0.242692
0.247137
0.347636
0.347305
0.346973
0.34664
0.346305
0.345969
0.345631
0.345292
0.344951
0.344609
0.344266
0.343921
0.343575
0.343228
0.342879
0.342529
0.342178
0.341825
0.341472
0.341116
0.34076
0.340402
0.340043
0.339683
0.339321
0.338959
0.338595
0.33823
0.337864
0.337497
0.337128
0.336759
0.336389
0.336017
0.335644
0.335271
0.334896
0.33452
0.334144
0.333766
0.333387
0.333008
0.332627
0.332246
0.331864
0.331481
0.331097
0.330712
0.330326
0.329939
0.329552
0.329164
0.328775
0.328385
0.327995
0.327603
0.327211
0.326818
0.326425
0.32603
0.325635
0.32524
0.324843
0.324446
0.324049
0.32365
0.323252
0.322852
0.322452
0.322051
0.32165
0.321248
0.320845
0.320442
0.320039
0.319635
0.31923
0.318825
0.31842
0.318014
0.317607
0.317201
0.316793
0.316386
0.315977
0.315569
0.31516
0.314751
0.314341
0.313932
0.313521
0.313111
0.3127
0.312289
0.311878
0.311466
0.311055
0.310643
0.310231
0.309818
0.309406
0.308993
0.30858
0.308168
0.307755
0.307342
0.306928
0.306515
0.306102
0.305689
0.305275
0.304862
0.304449
0.304035
0.303622
0.303209
0.302796
0.302383
0.30197
0.301557
0.301145
0.300732
0.30032
0.299907
0.299495
0.299083
0.298672
0.29826
0.297849
0.297438
0.297027
0.296617
0.296206
0.295796
0.295386
0.294977
0.294568
0.294159
0.29375
0.293342
0.292934
0.292527
0.29212
0.291713
0.291306
0.2909
0.290494
0.290089
0.289684
0.289279
0.288875
0.288471
0.288068
0.287665
0.287262
0.28686
0.286458
0.286057
0.285656
0.285255
0.284855
0.284455
0.284056
0.283657
0.283258
0.28286
0.282463
0.282065
0.281668
0.281272
0.280876
0.28048
0.280085
0.27969
0.279296
0.278901
0.278508
0.278114
0.277722
0.277329
0.276937
0.276545
0.276154
0.275763
0.275372
0.274982
0.274592
0.274202
0.273813
0.273424
0.273034
0.272645
0.272255
0.271866
0.271477
0.271088
0.270699
0.270311
0.269923
0.269535
0.269148
0.268761
0.268374
0.267988
0.267602
0.267216
0.266831
0.266446
0.266062
0.265678
0.265295
0.264911
0.264529
0.264146
0.263765
0.263383
0.263003
0.262622
0.262242
0.261862
0.261483
0.261105
0.260726
0.260349
0.259972
0.259596
0.25922
0.258845
0.258471
0.258098
0.257726
0.257355
0.256985
0.256616
0.256249
0.255883
0.255519
0.255156
0.254795
0.254435
0.254076
0.253719
0.253364
0.253009
0.252656
0.252304
0.251953
0.251604
0.251256
0.250909
0.250564
0.250221
0.249879
0.249538
0.249199
0.248862
0.248526
0.248193
0.247861
0.24753
0.247202
0.246875
0.24655
0.246226
0.245904
0.245583
0.245264
0.244946
0.244629
0.244313
0.243998
0.243684
0.24337
0.243056
0.242742
0.242428
0.242113
0.241797
0.241479
0.24116
0.240839
0.240516
0.240189
0.239859
0.239525
0.239186
0.238843
0.238494
0.238139
0.237778
0.237409
0.237033
0.236648
0.236255
0.235853
0.23544
0.235018
0.234585
0.23414
0.233684
0.233217
0.232737
0.232245
0.231741
0.231224
0.230694
0.230152
0.229597
0.229031
0.228452
0.227862
0.227261
0.22665
0.22603
0.2254
0.224762
0.224117
0.223466
0.222809
0.222148
0.221483
0.220815
0.220145
0.219476
0.218805
0.218137
0.217467
0.216806
0.21614
0.215487
0.214829
0.214189
0.213542
0.212919
0.212281
0.211679
0.211068
0.210495
0.209926
0.209394
0.208879
0.208436
0.208017
0.207646
0.207253
0.207138
0.207216
0.207392
0.207725
0.208211
0.208996
0.209947
0.211385
0.212935
0.215306
0.217603
0.221262
0.224349
0.229715
0.233496
0.347601
0.347274
0.346945
0.346615
0.346284
0.345952
0.345618
0.345283
0.344947
0.344609
0.34427
0.34393
0.343588
0.343245
0.342901
0.342556
0.342209
0.341861
0.341512
0.341162
0.34081
0.340458
0.340104
0.339749
0.339393
0.339037
0.338679
0.338319
0.337959
0.337598
0.337236
0.336872
0.336508
0.336142
0.335776
0.335409
0.33504
0.334671
0.3343
0.333929
0.333556
0.333183
0.332809
0.332434
0.332058
0.331681
0.331303
0.330924
0.330545
0.330164
0.329783
0.329401
0.329018
0.328634
0.32825
0.327864
0.327478
0.327091
0.326703
0.326315
0.325926
0.325536
0.325145
0.324754
0.324362
0.323969
0.323576
0.323182
0.322788
0.322392
0.321996
0.3216
0.321203
0.320805
0.320407
0.320008
0.319608
0.319208
0.318808
0.318406
0.318005
0.317602
0.3172
0.316796
0.316393
0.315989
0.315584
0.315179
0.314773
0.314367
0.313961
0.313554
0.313147
0.31274
0.312332
0.311923
0.311515
0.311106
0.310697
0.310287
0.309877
0.309467
0.309056
0.308646
0.308235
0.307823
0.307412
0.307
0.306588
0.306176
0.305764
0.305352
0.304939
0.304526
0.304113
0.3037
0.303287
0.302874
0.302461
0.302048
0.301634
0.301221
0.300807
0.300394
0.29998
0.299567
0.299153
0.29874
0.298326
0.297913
0.297499
0.297086
0.296672
0.296259
0.295846
0.295433
0.29502
0.294607
0.294194
0.293782
0.293369
0.292957
0.292544
0.292132
0.29172
0.291309
0.290897
0.290486
0.290074
0.289663
0.289253
0.288842
0.288432
0.288021
0.287612
0.287202
0.286792
0.286383
0.285974
0.285565
0.285157
0.284748
0.28434
0.283933
0.283525
0.283118
0.282711
0.282304
0.281898
0.281491
0.281085
0.28068
0.280274
0.279869
0.279464
0.27906
0.278656
0.278251
0.277848
0.277444
0.277041
0.276638
0.276236
0.275833
0.275431
0.275029
0.274628
0.274227
0.273826
0.273425
0.273025
0.272625
0.272225
0.271826
0.271427
0.271028
0.270629
0.270231
0.269833
0.269434
0.269035
0.268637
0.268239
0.267841
0.267443
0.267046
0.266649
0.266253
0.265857
0.265461
0.265066
0.264671
0.264276
0.263882
0.263488
0.263095
0.262702
0.26231
0.261918
0.261527
0.261137
0.260747
0.260357
0.259969
0.259581
0.259194
0.258807
0.258422
0.258037
0.257653
0.25727
0.256889
0.256508
0.256129
0.255751
0.255374
0.254999
0.254625
0.254253
0.253882
0.253513
0.253145
0.252779
0.252414
0.252051
0.25169
0.25133
0.250972
0.250615
0.25026
0.249907
0.249555
0.249205
0.248857
0.248511
0.248166
0.247823
0.247482
0.247143
0.246805
0.246469
0.246135
0.245802
0.245471
0.245141
0.244813
0.244485
0.244159
0.243833
0.243507
0.243183
0.242858
0.242533
0.242208
0.241882
0.241555
0.241226
0.240896
0.240564
0.240229
0.239892
0.239551
0.239206
0.238857
0.238503
0.238144
0.237779
0.237407
0.237029
0.236643
0.236249
0.235846
0.235435
0.235013
0.234582
0.23414
0.233687
0.233223
0.232747
0.232259
0.231759
0.231246
0.230722
0.230184
0.229634
0.229072
0.228497
0.227911
0.227313
0.226704
0.226085
0.225456
0.224819
0.224173
0.223521
0.222864
0.222201
0.221535
0.220866
0.220196
0.219525
0.218856
0.218188
0.217524
0.216863
0.216208
0.215558
0.21492
0.214282
0.213659
0.213042
0.212445
0.211852
0.211292
0.210756
0.210249
0.209762
0.209305
0.208875
0.208471
0.208067
0.207722
0.207427
0.207187
0.20696
0.206861
0.206847
0.206916
0.207084
0.207444
0.208038
0.208806
0.209934
0.211224
0.213104
0.215123
0.217964
0.220867
0.224824
0.228852
0.347537
0.347212
0.346885
0.346557
0.346229
0.345899
0.345568
0.345235
0.344902
0.344567
0.344231
0.343894
0.343556
0.343216
0.342876
0.342534
0.342191
0.341847
0.341502
0.341156
0.340808
0.34046
0.34011
0.339759
0.339408
0.339055
0.338701
0.338346
0.33799
0.337633
0.337275
0.336916
0.336556
0.336195
0.335833
0.33547
0.335107
0.334742
0.334377
0.33401
0.333643
0.333275
0.332906
0.332536
0.332165
0.331793
0.331421
0.331047
0.330673
0.330298
0.329922
0.329545
0.329167
0.328789
0.32841
0.328029
0.327649
0.327267
0.326885
0.326501
0.326117
0.325733
0.325347
0.324961
0.324574
0.324187
0.323799
0.32341
0.32302
0.322629
0.322238
0.321847
0.321454
0.321061
0.320667
0.320273
0.319878
0.319483
0.319086
0.31869
0.318292
0.317894
0.317496
0.317097
0.316697
0.316297
0.315897
0.315496
0.315094
0.314692
0.314289
0.313886
0.313482
0.313078
0.312674
0.312269
0.311864
0.311458
0.311051
0.310645
0.310238
0.30983
0.309422
0.309014
0.308605
0.308196
0.307787
0.307378
0.306968
0.306557
0.306147
0.305736
0.305325
0.304913
0.304502
0.30409
0.303678
0.303265
0.302853
0.30244
0.302027
0.301614
0.3012
0.300787
0.300373
0.299959
0.299545
0.299131
0.298716
0.298302
0.297888
0.297473
0.297058
0.296643
0.296228
0.295813
0.295398
0.294983
0.294568
0.294153
0.293738
0.293323
0.292907
0.292492
0.292077
0.291662
0.291247
0.290832
0.290416
0.290001
0.289586
0.289171
0.288757
0.288342
0.287927
0.287512
0.287098
0.286683
0.286269
0.285855
0.28544
0.285026
0.284612
0.284199
0.283785
0.283371
0.282958
0.282545
0.282132
0.281719
0.281306
0.280893
0.280481
0.280069
0.279656
0.279245
0.278833
0.278421
0.27801
0.277599
0.277188
0.276777
0.276366
0.275956
0.275546
0.275136
0.274726
0.274316
0.273907
0.273498
0.273089
0.27268
0.272272
0.271864
0.271456
0.271048
0.270641
0.270234
0.269827
0.26942
0.269014
0.268608
0.268203
0.267797
0.267392
0.266986
0.266581
0.266176
0.265771
0.265367
0.264963
0.264559
0.264155
0.263752
0.26335
0.262947
0.262546
0.262145
0.261744
0.261344
0.260945
0.260546
0.260148
0.259751
0.259354
0.258958
0.258563
0.258169
0.257775
0.257383
0.256991
0.2566
0.256211
0.255822
0.255435
0.255049
0.254665
0.254281
0.253899
0.253519
0.25314
0.252762
0.252386
0.252012
0.251639
0.251268
0.250898
0.25053
0.250163
0.249799
0.249435
0.249074
0.248714
0.248356
0.247999
0.247644
0.247291
0.246939
0.246589
0.24624
0.245893
0.245547
0.245202
0.244859
0.244516
0.244174
0.243833
0.243493
0.243152
0.242812
0.242471
0.24213
0.241789
0.241446
0.241102
0.240756
0.240408
0.240058
0.239705
0.239348
0.238988
0.238624
0.238255
0.237881
0.237501
0.237115
0.236723
0.236323
0.235915
0.2355
0.235075
0.234642
0.234198
0.233745
0.23328
0.232805
0.232319
0.23182
0.23131
0.230788
0.230254
0.229708
0.22915
0.22858
0.227997
0.227404
0.226799
0.226183
0.225558
0.224924
0.224282
0.223632
0.222976
0.222316
0.221653
0.220987
0.220321
0.219656
0.218993
0.218334
0.217678
0.217033
0.216395
0.215764
0.215143
0.214539
0.213951
0.213377
0.212844
0.212342
0.211858
0.211404
0.210974
0.210557
0.21015
0.209774
0.209439
0.20914
0.208866
0.20866
0.208443
0.208432
0.208385
0.208476
0.208531
0.208687
0.208749
0.2091
0.209273
0.209774
0.21046
0.211405
0.212538
0.214014
0.215741
0.217983
0.220415
0.223766
0.226843
0.231613
0.347454
0.34713
0.346804
0.346477
0.34615
0.345821
0.345491
0.34516
0.344828
0.344495
0.344161
0.343826
0.34349
0.343153
0.342814
0.342475
0.342135
0.341793
0.341451
0.341107
0.340763
0.340417
0.34007
0.339723
0.339374
0.339025
0.338674
0.338322
0.33797
0.337616
0.337262
0.336906
0.33655
0.336193
0.335835
0.335475
0.335115
0.334754
0.334392
0.33403
0.333666
0.333301
0.332936
0.33257
0.332202
0.331834
0.331466
0.331096
0.330725
0.330354
0.329982
0.329609
0.329236
0.328862
0.328486
0.328111
0.327734
0.327357
0.326979
0.3266
0.32622
0.32584
0.325459
0.325077
0.324694
0.324311
0.323927
0.323543
0.323157
0.322771
0.322384
0.321997
0.321609
0.32122
0.32083
0.32044
0.320049
0.319658
0.319266
0.318873
0.31848
0.318086
0.317692
0.317296
0.316901
0.316504
0.316108
0.31571
0.315312
0.314913
0.314514
0.314115
0.313714
0.313314
0.312912
0.31251
0.312108
0.311705
0.311302
0.310898
0.310494
0.310089
0.309684
0.309278
0.308872
0.308466
0.308059
0.307651
0.307244
0.306835
0.306427
0.306018
0.305609
0.305199
0.304789
0.304379
0.303968
0.303557
0.303146
0.302734
0.302322
0.30191
0.301497
0.301084
0.300671
0.300258
0.299844
0.29943
0.299016
0.298602
0.298187
0.297772
0.297357
0.296942
0.296526
0.296111
0.295695
0.295279
0.294863
0.294446
0.29403
0.293613
0.293197
0.29278
0.292363
0.291946
0.291528
0.291111
0.290694
0.290276
0.289859
0.289441
0.289024
0.288606
0.288188
0.28777
0.287353
0.286935
0.286517
0.286099
0.285681
0.285264
0.284846
0.284428
0.28401
0.283593
0.283175
0.282757
0.28234
0.281922
0.281505
0.281087
0.28067
0.280253
0.279836
0.279419
0.279002
0.278585
0.278168
0.277751
0.277335
0.276918
0.276502
0.276086
0.27567
0.275254
0.274838
0.274423
0.274007
0.273592
0.273177
0.272762
0.272347
0.271932
0.271518
0.271104
0.27069
0.270276
0.269863
0.269449
0.269036
0.268623
0.268211
0.267798
0.267386
0.266974
0.266563
0.266151
0.26574
0.265328
0.264918
0.264507
0.264097
0.263688
0.263278
0.262869
0.262461
0.262053
0.261645
0.261238
0.260832
0.260426
0.26002
0.259615
0.259211
0.258808
0.258405
0.258003
0.257602
0.257201
0.256801
0.256403
0.256005
0.255608
0.255212
0.254817
0.254424
0.254031
0.25364
0.25325
0.252861
0.252474
0.252088
0.251703
0.25132
0.250938
0.250558
0.250179
0.249801
0.249425
0.24905
0.248677
0.248305
0.247935
0.247565
0.247198
0.246831
0.246466
0.246102
0.245739
0.245377
0.245016
0.244655
0.244295
0.243936
0.243577
0.243218
0.242859
0.2425
0.24214
0.24178
0.241418
0.241055
0.24069
0.240323
0.239954
0.239582
0.239206
0.238828
0.238445
0.238057
0.237665
0.237268
0.236864
0.236454
0.236038
0.235614
0.235182
0.234742
0.234293
0.233835
0.233367
0.232889
0.232401
0.231902
0.231392
0.23087
0.230338
0.229793
0.229237
0.22867
0.228091
0.227502
0.226901
0.226291
0.22567
0.225041
0.224404
0.223759
0.22311
0.222455
0.221798
0.221139
0.220481
0.219825
0.219172
0.218526
0.217889
0.217258
0.21664
0.216036
0.215456
0.214886
0.214368
0.213881
0.213426
0.213
0.212609
0.212224
0.211856
0.211521
0.211226
0.210963
0.210749
0.21057
0.21052
0.210527
0.210579
0.210597
0.210758
0.210924
0.211293
0.211619
0.212146
0.212622
0.21326
0.213704
0.214492
0.215344
0.216433
0.217588
0.219118
0.220681
0.222821
0.224883
0.227887
0.230546
0.23484
0.238058
0.244177
0.347363
0.347038
0.346712
0.346386
0.346058
0.34573
0.3454
0.34507
0.344738
0.344406
0.344073
0.343739
0.343403
0.343067
0.34273
0.342392
0.342053
0.341713
0.341372
0.34103
0.340687
0.340343
0.339998
0.339653
0.339306
0.338959
0.33861
0.338261
0.337911
0.337559
0.337207
0.336854
0.3365
0.336146
0.33579
0.335434
0.335076
0.334718
0.334359
0.333999
0.333638
0.333277
0.332914
0.332551
0.332187
0.331822
0.331456
0.33109
0.330723
0.330355
0.329986
0.329616
0.329245
0.328874
0.328502
0.328129
0.327756
0.327381
0.327006
0.32663
0.326254
0.325877
0.325499
0.32512
0.32474
0.32436
0.323979
0.323598
0.323215
0.322833
0.322449
0.322065
0.32168
0.321295
0.320909
0.320522
0.320135
0.319747
0.319358
0.318969
0.318579
0.318188
0.317797
0.317405
0.317013
0.31662
0.316226
0.315832
0.315437
0.315042
0.314646
0.314249
0.313852
0.313454
0.313056
0.312657
0.312258
0.311858
0.311457
0.311056
0.310655
0.310253
0.30985
0.309447
0.309044
0.30864
0.308235
0.30783
0.307425
0.307019
0.306613
0.306206
0.305799
0.305391
0.304983
0.304574
0.304165
0.303756
0.303346
0.302936
0.302525
0.302114
0.301703
0.301291
0.300879
0.300467
0.300054
0.299641
0.299227
0.298814
0.298399
0.297985
0.29757
0.297155
0.29674
0.296324
0.295909
0.295493
0.295076
0.29466
0.294243
0.293826
0.293408
0.292991
0.292573
0.292155
0.291737
0.291319
0.2909
0.290482
0.290063
0.289644
0.289225
0.288805
0.288386
0.287966
0.287547
0.287127
0.286707
0.286287
0.285867
0.285447
0.285027
0.284606
0.284186
0.283766
0.283345
0.282925
0.282504
0.282084
0.281663
0.281242
0.280822
0.280401
0.279981
0.27956
0.279139
0.278719
0.278298
0.277878
0.277458
0.277037
0.276617
0.276197
0.275776
0.275356
0.274936
0.274516
0.274096
0.273676
0.273257
0.272837
0.272418
0.271998
0.271579
0.27116
0.270741
0.270322
0.269903
0.269484
0.269065
0.268647
0.268228
0.26781
0.267392
0.266975
0.266558
0.266141
0.265725
0.265308
0.264892
0.264476
0.26406
0.263645
0.26323
0.262815
0.2624
0.261986
0.261572
0.261159
0.260746
0.260333
0.259921
0.25951
0.259099
0.258688
0.258278
0.257868
0.257459
0.257051
0.256644
0.256237
0.255831
0.255425
0.255021
0.254617
0.254214
0.253813
0.253412
0.253012
0.252613
0.252215
0.251818
0.251423
0.251028
0.250635
0.250242
0.249851
0.249461
0.249071
0.248683
0.248296
0.24791
0.247525
0.247141
0.246758
0.246376
0.245994
0.245614
0.245233
0.244854
0.244474
0.244095
0.243716
0.243337
0.242957
0.242577
0.242196
0.241815
0.241432
0.241047
0.240661
0.240273
0.239882
0.239489
0.239092
0.238692
0.238288
0.23788
0.237467
0.237049
0.236626
0.236196
0.23576
0.235317
0.234867
0.234409
0.233943
0.233468
0.232984
0.232491
0.231988
0.231474
0.230951
0.230417
0.229872
0.229317
0.228751
0.228174
0.227587
0.22699
0.226383
0.225768
0.225145
0.224515
0.223878
0.223237
0.222591
0.221944
0.221296
0.220648
0.220005
0.219369
0.21874
0.21812
0.217515
0.216931
0.21636
0.215839
0.215357
0.214909
0.214496
0.214121
0.213759
0.21342
0.213119
0.212864
0.212645
0.212492
0.212375
0.212398
0.212427
0.21254
0.212703
0.21293
0.213278
0.213669
0.21418
0.214763
0.21548
0.216328
0.217276
0.218308
0.219455
0.220734
0.222139
0.223649
0.225396
0.22717
0.22924
0.231251
0.233766
0.236197
0.239431
0.242431
0.2467
0.250358
0.255927
0.260413
0.268341
0.34727
0.346945
0.346618
0.346291
0.345963
0.345634
0.345305
0.344974
0.344642
0.34431
0.343977
0.343643
0.343308
0.342972
0.342635
0.342297
0.341958
0.341619
0.341279
0.340937
0.340595
0.340252
0.339908
0.339564
0.339218
0.338872
0.338524
0.338176
0.337827
0.337477
0.337127
0.336775
0.336423
0.33607
0.335716
0.335361
0.335005
0.334649
0.334292
0.333934
0.333575
0.333215
0.332855
0.332493
0.332131
0.331769
0.331405
0.331041
0.330676
0.33031
0.329943
0.329576
0.329208
0.328839
0.328469
0.328099
0.327728
0.327356
0.326984
0.32661
0.326236
0.325862
0.325486
0.32511
0.324733
0.324356
0.323977
0.323598
0.323219
0.322839
0.322457
0.322076
0.321693
0.32131
0.320927
0.320542
0.320157
0.319772
0.319385
0.318998
0.318611
0.318223
0.317834
0.317444
0.317054
0.316663
0.316272
0.31588
0.315488
0.315095
0.314701
0.314307
0.313912
0.313517
0.313121
0.312725
0.312328
0.31193
0.311532
0.311133
0.310734
0.310335
0.309934
0.309534
0.309132
0.308731
0.308328
0.307925
0.307522
0.307118
0.306714
0.306309
0.305904
0.305498
0.305092
0.304685
0.304278
0.30387
0.303462
0.303053
0.302644
0.302235
0.301825
0.301414
0.301003
0.300592
0.300181
0.299769
0.299356
0.298944
0.29853
0.298117
0.297703
0.297289
0.296874
0.296459
0.296044
0.295628
0.295212
0.294796
0.29438
0.293963
0.293545
0.293128
0.29271
0.292292
0.291874
0.291455
0.291036
0.290617
0.290198
0.289779
0.289359
0.288939
0.288519
0.288098
0.287677
0.287257
0.286836
0.286415
0.285993
0.285572
0.28515
0.284728
0.284306
0.283884
0.283462
0.28304
0.282617
0.282195
0.281772
0.281349
0.280926
0.280503
0.28008
0.279657
0.279234
0.278811
0.278388
0.277965
0.277541
0.277118
0.276695
0.276271
0.275848
0.275424
0.275001
0.274577
0.274154
0.27373
0.273307
0.272883
0.27246
0.272037
0.271613
0.27119
0.270767
0.270344
0.269921
0.269499
0.269076
0.268654
0.268232
0.26781
0.267388
0.266966
0.266544
0.266123
0.265701
0.26528
0.264858
0.264437
0.264016
0.263595
0.263175
0.262754
0.262334
0.261914
0.261494
0.261074
0.260655
0.260236
0.259817
0.259398
0.25898
0.258562
0.258145
0.257727
0.257311
0.256894
0.256478
0.256063
0.255648
0.255233
0.25482
0.254406
0.253994
0.253581
0.25317
0.252759
0.252349
0.251939
0.251531
0.251123
0.250715
0.250308
0.249902
0.249497
0.249092
0.248688
0.248285
0.247882
0.24748
0.247078
0.246677
0.246276
0.245876
0.245475
0.245075
0.244675
0.244274
0.243874
0.243473
0.243071
0.242669
0.242266
0.241861
0.241456
0.241048
0.240639
0.240227
0.239813
0.239397
0.238977
0.238554
0.238127
0.237696
0.23726
0.23682
0.236375
0.235923
0.235466
0.235002
0.234532
0.234054
0.233568
0.233075
0.232573
0.232063
0.231544
0.231016
0.230478
0.229931
0.229373
0.228806
0.22823
0.227644
0.22705
0.226447
0.225838
0.22522
0.224598
0.22397
0.223339
0.222706
0.22207
0.221437
0.220806
0.220184
0.219565
0.218956
0.218369
0.217795
0.217261
0.216774
0.216325
0.215911
0.215542
0.215194
0.214867
0.214577
0.214335
0.214141
0.21402
0.213975
0.214
0.21413
0.214286
0.214561
0.214926
0.215393
0.215969
0.216657
0.217464
0.218384
0.219449
0.220627
0.221971
0.22344
0.225097
0.226906
0.228913
0.231052
0.233405
0.235891
0.238594
0.241369
0.244422
0.247474
0.250926
0.254274
0.258226
0.262008
0.266719
0.271198
0.277134
0.282321
0.28978
0.29581
0.306641
0.347182
0.346856
0.346529
0.346201
0.345872
0.345542
0.345212
0.34488
0.344548
0.344215
0.343881
0.343547
0.343211
0.342875
0.342538
0.3422
0.341861
0.341522
0.341181
0.34084
0.340498
0.340155
0.339812
0.339467
0.339122
0.338776
0.338429
0.338081
0.337733
0.337384
0.337033
0.336683
0.336331
0.335979
0.335625
0.335272
0.334917
0.334561
0.334205
0.333848
0.33349
0.333132
0.332773
0.332413
0.332052
0.33169
0.331328
0.330965
0.330602
0.330237
0.329872
0.329506
0.329139
0.328772
0.328404
0.328035
0.327666
0.327296
0.326925
0.326553
0.326181
0.325808
0.325435
0.32506
0.324685
0.32431
0.323933
0.323556
0.323178
0.3228
0.322421
0.322041
0.321661
0.32128
0.320898
0.320516
0.320133
0.319749
0.319365
0.31898
0.318595
0.318208
0.317822
0.317434
0.317046
0.316657
0.316268
0.315878
0.315488
0.315097
0.314705
0.314313
0.31392
0.313526
0.313132
0.312737
0.312342
0.311946
0.31155
0.311153
0.310755
0.310357
0.309959
0.30956
0.30916
0.30876
0.308359
0.307957
0.307556
0.307153
0.30675
0.306347
0.305943
0.305539
0.305134
0.304728
0.304322
0.303916
0.303509
0.303102
0.302694
0.302286
0.301877
0.301468
0.301059
0.300648
0.300238
0.299827
0.299416
0.299004
0.298592
0.298179
0.297766
0.297353
0.296939
0.296525
0.29611
0.295695
0.29528
0.294864
0.294448
0.294032
0.293615
0.293198
0.29278
0.292362
0.291944
0.291526
0.291107
0.290688
0.290269
0.289849
0.289429
0.289009
0.288588
0.288167
0.287746
0.287325
0.286903
0.286481
0.286059
0.285637
0.285215
0.284792
0.284369
0.283946
0.283523
0.283099
0.282675
0.282251
0.281827
0.281403
0.280979
0.280554
0.28013
0.279705
0.27928
0.278855
0.27843
0.278004
0.277579
0.277153
0.276728
0.276302
0.275877
0.275451
0.275025
0.2746
0.274174
0.273748
0.273322
0.272896
0.27247
0.272044
0.271618
0.271192
0.270766
0.27034
0.269914
0.269487
0.269061
0.268635
0.268209
0.267782
0.267356
0.266929
0.266503
0.266077
0.26565
0.265224
0.264797
0.264371
0.263945
0.263518
0.263092
0.262665
0.262239
0.261813
0.261386
0.26096
0.260534
0.260108
0.259682
0.259255
0.258829
0.258404
0.257978
0.257552
0.257126
0.256701
0.256276
0.255851
0.255426
0.255001
0.254576
0.254152
0.253728
0.253304
0.25288
0.252457
0.252034
0.251611
0.251188
0.250766
0.250344
0.249922
0.249501
0.249079
0.248658
0.248237
0.247816
0.247395
0.246974
0.246553
0.246131
0.24571
0.245288
0.244866
0.244444
0.244021
0.243597
0.243172
0.242746
0.242319
0.241891
0.241461
0.241029
0.240595
0.240159
0.239721
0.239279
0.238835
0.238387
0.237936
0.23748
0.237021
0.236557
0.236087
0.235613
0.235133
0.234647
0.234154
0.233656
0.23315
0.232636
0.232116
0.231588
0.231052
0.230507
0.229954
0.229393
0.228824
0.228247
0.227661
0.22707
0.22647
0.225865
0.225255
0.224639
0.224024
0.223403
0.222784
0.222166
0.221553
0.220945
0.22034
0.219754
0.219179
0.218629
0.218134
0.217677
0.217261
0.216883
0.216549
0.216223
0.215935
0.215696
0.21551
0.215411
0.215369
0.215422
0.215559
0.215811
0.216168
0.216633
0.217222
0.217938
0.218792
0.219789
0.220942
0.222254
0.223738
0.225401
0.227253
0.229294
0.231545
0.23399
0.236667
0.239539
0.242665
0.245984
0.249572
0.253343
0.257373
0.261567
0.266015
0.270553
0.275383
0.280183
0.285409
0.290465
0.296135
0.301585
0.307966
0.314232
0.321948
0.329044
0.338745
0.345988
0.364626
0.347102
0.346775
0.346447
0.346117
0.345788
0.345457
0.345126
0.344794
0.344461
0.344127
0.343792
0.343457
0.343121
0.342784
0.342446
0.342108
0.341769
0.341429
0.341088
0.340746
0.340404
0.340061
0.339717
0.339372
0.339027
0.338681
0.338334
0.337986
0.337638
0.337288
0.336939
0.336588
0.336236
0.335884
0.335531
0.335178
0.334823
0.334468
0.334112
0.333756
0.333398
0.33304
0.332682
0.332322
0.331962
0.331601
0.33124
0.330877
0.330514
0.330151
0.329786
0.329421
0.329056
0.328689
0.328322
0.327954
0.327586
0.327217
0.326847
0.326476
0.326105
0.325733
0.325361
0.324987
0.324614
0.324239
0.323864
0.323488
0.323112
0.322734
0.322357
0.321978
0.321599
0.321219
0.320839
0.320458
0.320076
0.319694
0.319311
0.318928
0.318544
0.318159
0.317774
0.317388
0.317001
0.316614
0.316226
0.315837
0.315448
0.315059
0.314669
0.314278
0.313886
0.313494
0.313102
0.312709
0.312315
0.31192
0.311526
0.31113
0.310734
0.310337
0.30994
0.309543
0.309144
0.308745
0.308346
0.307946
0.307546
0.307145
0.306743
0.306341
0.305938
0.305535
0.305132
0.304727
0.304323
0.303918
0.303512
0.303106
0.302699
0.302292
0.301884
0.301476
0.301067
0.300658
0.300249
0.299838
0.299428
0.299017
0.298606
0.298194
0.297781
0.297369
0.296955
0.296542
0.296128
0.295713
0.295299
0.294883
0.294468
0.294052
0.293635
0.293218
0.292801
0.292384
0.291966
0.291547
0.291129
0.29071
0.29029
0.289871
0.289451
0.28903
0.28861
0.288189
0.287768
0.287346
0.286924
0.286502
0.28608
0.285657
0.285234
0.284811
0.284387
0.283964
0.28354
0.283115
0.282691
0.282266
0.281841
0.281416
0.280991
0.280565
0.28014
0.279714
0.279287
0.278861
0.278435
0.278008
0.277581
0.277154
0.276727
0.276299
0.275872
0.275444
0.275016
0.274588
0.274159
0.273731
0.273302
0.272874
0.272445
0.272015
0.271586
0.271157
0.270727
0.270297
0.269868
0.269437
0.269007
0.268577
0.268146
0.267715
0.267284
0.266853
0.266422
0.26599
0.265559
0.265127
0.264695
0.264262
0.26383
0.263397
0.262964
0.262531
0.262098
0.261664
0.261231
0.260797
0.260363
0.259928
0.259494
0.259059
0.258624
0.258188
0.257753
0.257317
0.256881
0.256445
0.256009
0.255572
0.255136
0.254699
0.254262
0.253824
0.253387
0.252949
0.252511
0.252073
0.251635
0.251196
0.250758
0.250319
0.249879
0.24944
0.249
0.24856
0.248119
0.247678
0.247236
0.246794
0.246352
0.245908
0.245464
0.24502
0.244574
0.244127
0.243679
0.24323
0.24278
0.242328
0.241875
0.241419
0.240962
0.240503
0.240041
0.239576
0.239109
0.238639
0.238165
0.237688
0.237207
0.236722
0.236233
0.235739
0.235241
0.234737
0.234228
0.233713
0.233192
0.232665
0.232132
0.231592
0.231045
0.230491
0.229931
0.229365
0.228791
0.228212
0.227627
0.227035
0.226441
0.225839
0.225239
0.224633
0.224028
0.223424
0.22282
0.222228
0.221633
0.221055
0.220486
0.219935
0.219431
0.218966
0.218548
0.218157
0.217834
0.217506
0.217213
0.216973
0.216782
0.216694
0.216632
0.216694
0.216855
0.217147
0.217555
0.218087
0.218758
0.21958
0.220565
0.221729
0.223078
0.224631
0.226392
0.228379
0.230598
0.233063
0.23578
0.238761
0.242011
0.245539
0.249347
0.253443
0.257816
0.262487
0.267415
0.272647
0.278105
0.283858
0.289802
0.296012
0.302364
0.308959
0.315603
0.322488
0.329295
0.336415
0.343321
0.350691
0.357848
0.365753
0.373808
0.383059
0.392312
0.403358
0.414021
0.431994
0.347032
0.346703
0.346374
0.346044
0.345713
0.345381
0.345049
0.344716
0.344382
0.344048
0.343712
0.343376
0.34304
0.342702
0.342364
0.342025
0.341685
0.341344
0.341003
0.340661
0.340318
0.339974
0.33963
0.339285
0.338939
0.338593
0.338245
0.337898
0.337549
0.337199
0.336849
0.336498
0.336147
0.335794
0.335441
0.335088
0.334733
0.334378
0.334022
0.333666
0.333309
0.332951
0.332592
0.332233
0.331873
0.331512
0.331151
0.330789
0.330426
0.330063
0.329699
0.329334
0.328969
0.328603
0.328236
0.327868
0.3275
0.327132
0.326762
0.326392
0.326022
0.32565
0.325278
0.324906
0.324533
0.324159
0.323784
0.323409
0.323033
0.322657
0.32228
0.321902
0.321524
0.321145
0.320765
0.320385
0.320004
0.319623
0.319241
0.318858
0.318475
0.318091
0.317707
0.317321
0.316936
0.316549
0.316163
0.315775
0.315387
0.314998
0.314609
0.314219
0.313829
0.313438
0.313046
0.312654
0.312261
0.311868
0.311474
0.31108
0.310685
0.310289
0.309893
0.309496
0.309099
0.308701
0.308303
0.307904
0.307504
0.307104
0.306704
0.306302
0.305901
0.305499
0.305096
0.304693
0.304289
0.303885
0.30348
0.303075
0.302669
0.302263
0.301856
0.301449
0.301041
0.300632
0.300224
0.299814
0.299405
0.298994
0.298584
0.298173
0.297761
0.297349
0.296936
0.296523
0.29611
0.295696
0.295282
0.294867
0.294452
0.294036
0.29362
0.293204
0.292787
0.29237
0.291952
0.291534
0.291115
0.290697
0.290277
0.289858
0.289438
0.289017
0.288597
0.288176
0.287754
0.287333
0.28691
0.286488
0.286065
0.285642
0.285219
0.284795
0.284371
0.283946
0.283522
0.283097
0.282671
0.282246
0.28182
0.281394
0.280967
0.28054
0.280113
0.279686
0.279258
0.27883
0.278402
0.277974
0.277545
0.277116
0.276686
0.276257
0.275827
0.275397
0.274966
0.274535
0.274104
0.273673
0.273241
0.272809
0.272377
0.271945
0.271512
0.271078
0.270645
0.270211
0.269777
0.269342
0.268907
0.268472
0.268037
0.267601
0.267164
0.266727
0.26629
0.265853
0.265415
0.264976
0.264537
0.264098
0.263659
0.263218
0.262778
0.262337
0.261895
0.261453
0.26101
0.260567
0.260123
0.259679
0.259234
0.258789
0.258343
0.257897
0.25745
0.257002
0.256554
0.256105
0.255656
0.255205
0.254755
0.254303
0.253852
0.253399
0.252946
0.252492
0.252037
0.251582
0.251126
0.250669
0.250212
0.249754
0.249295
0.248835
0.248374
0.247912
0.24745
0.246986
0.246522
0.246056
0.245589
0.245121
0.244652
0.244181
0.243709
0.243236
0.24276
0.242283
0.241805
0.241324
0.240841
0.240355
0.239868
0.239377
0.238884
0.238388
0.237888
0.237386
0.23688
0.23637
0.235856
0.235338
0.234816
0.234289
0.233758
0.233222
0.23268
0.232133
0.23158
0.231023
0.23046
0.229892
0.22932
0.228743
0.228161
0.227577
0.226987
0.226398
0.225806
0.225212
0.224622
0.224029
0.223451
0.222866
0.222298
0.221735
0.22119
0.220679
0.220205
0.219787
0.219379
0.219068
0.218737
0.218435
0.218189
0.217984
0.217896
0.217798
0.217853
0.218012
0.218308
0.218729
0.219281
0.219984
0.220854
0.22191
0.223166
0.22464
0.226348
0.228307
0.230532
0.233044
0.235854
0.238981
0.242432
0.246225
0.25036
0.254854
0.259701
0.264911
0.270477
0.276396
0.282662
0.28926
0.296174
0.303395
0.310873
0.318627
0.326568
0.334743
0.343032
0.351507
0.36002
0.368674
0.377274
0.385987
0.394534
0.4032
0.411594
0.420186
0.428566
0.437389
0.446539
0.456638
0.46738
0.478565
0.493478
0.515498
0.34697
0.346641
0.346311
0.34598
0.345648
0.345316
0.344983
0.344649
0.344314
0.343979
0.343643
0.343306
0.342969
0.34263
0.342291
0.341952
0.341611
0.34127
0.340928
0.340586
0.340242
0.339898
0.339553
0.339208
0.338862
0.338515
0.338167
0.337819
0.33747
0.33712
0.336769
0.336418
0.336066
0.335714
0.335361
0.335007
0.334652
0.334297
0.333941
0.333584
0.333227
0.332869
0.33251
0.332151
0.331791
0.33143
0.331069
0.330707
0.330344
0.329981
0.329617
0.329252
0.328887
0.328521
0.328154
0.327787
0.327419
0.32705
0.326681
0.326311
0.325941
0.32557
0.325198
0.324826
0.324453
0.324079
0.323705
0.32333
0.322955
0.322579
0.322202
0.321825
0.321447
0.321068
0.320689
0.320309
0.319929
0.319548
0.319166
0.318784
0.318401
0.318018
0.317634
0.317249
0.316864
0.316478
0.316092
0.315705
0.315318
0.31493
0.314541
0.314152
0.313762
0.313371
0.31298
0.312589
0.312197
0.311804
0.311411
0.311017
0.310622
0.310227
0.309832
0.309436
0.309039
0.308642
0.308244
0.307846
0.307447
0.307048
0.306648
0.306248
0.305847
0.305445
0.305043
0.30464
0.304237
0.303834
0.30343
0.303025
0.30262
0.302214
0.301808
0.301401
0.300994
0.300586
0.300178
0.299769
0.29936
0.29895
0.29854
0.298129
0.297718
0.297306
0.296894
0.296482
0.296069
0.295655
0.295241
0.294827
0.294412
0.293996
0.29358
0.293164
0.292747
0.29233
0.291913
0.291495
0.291076
0.290657
0.290238
0.289818
0.289398
0.288978
0.288557
0.288135
0.287713
0.287291
0.286869
0.286446
0.286022
0.285598
0.285174
0.28475
0.284325
0.283899
0.283474
0.283047
0.282621
0.282194
0.281767
0.281339
0.280911
0.280482
0.280054
0.279624
0.279195
0.278765
0.278334
0.277904
0.277472
0.277041
0.276609
0.276176
0.275743
0.27531
0.274876
0.274442
0.274007
0.273572
0.273137
0.272701
0.272264
0.271827
0.27139
0.270952
0.270513
0.270074
0.269635
0.269194
0.268754
0.268312
0.26787
0.267428
0.266985
0.266541
0.266096
0.265651
0.265205
0.264759
0.264312
0.263864
0.263415
0.262965
0.262515
0.262064
0.261612
0.261159
0.260706
0.260251
0.259796
0.25934
0.258883
0.258424
0.257965
0.257505
0.257044
0.256582
0.256119
0.255655
0.25519
0.254724
0.254257
0.253789
0.25332
0.252849
0.252378
0.251905
0.251431
0.250956
0.25048
0.250003
0.249524
0.249044
0.248563
0.24808
0.247596
0.247111
0.246624
0.246136
0.245646
0.245155
0.244662
0.244168
0.243671
0.243173
0.242673
0.242171
0.241667
0.241161
0.240653
0.240142
0.239629
0.239114
0.238596
0.238075
0.237551
0.237024
0.236494
0.23596
0.235423
0.234883
0.234339
0.233791
0.233239
0.232683
0.232123
0.23156
0.230992
0.230421
0.229847
0.22927
0.22869
0.228107
0.227526
0.226942
0.226357
0.225777
0.225194
0.224624
0.22405
0.22349
0.222938
0.222397
0.221887
0.221409
0.220989
0.220572
0.220242
0.219926
0.21961
0.219352
0.219118
0.219027
0.218869
0.218896
0.219026
0.219294
0.21969
0.220211
0.220888
0.221738
0.222783
0.224041
0.225533
0.227279
0.229303
0.231626
0.234273
0.237265
0.240624
0.24437
0.24852
0.253094
0.258097
0.263546
0.269435
0.275777
0.28255
0.289763
0.297384
0.305414
0.313813
0.322566
0.331639
0.340992
0.350594
0.3604
0.370356
0.380447
0.390585
0.400791
0.41096
0.421141
0.431202
0.441232
0.451077
0.460876
0.470396
0.479859
0.488964
0.498023
0.506834
0.515757
0.524964
0.534921
0.54586
0.556518
0.570996
0.593709
0.346918
0.346588
0.346257
0.345925
0.345593
0.34526
0.344926
0.344591
0.344256
0.34392
0.343584
0.343246
0.342908
0.342569
0.34223
0.341889
0.341549
0.341207
0.340864
0.340521
0.340178
0.339833
0.339488
0.339142
0.338795
0.338448
0.3381
0.337751
0.337402
0.337052
0.336701
0.336349
0.335997
0.335644
0.335291
0.334937
0.334582
0.334226
0.33387
0.333513
0.333156
0.332798
0.332439
0.332079
0.331719
0.331358
0.330997
0.330635
0.330272
0.329908
0.329544
0.32918
0.328814
0.328448
0.328082
0.327714
0.327346
0.326978
0.326609
0.326239
0.325869
0.325498
0.325126
0.324754
0.324381
0.324007
0.323633
0.323258
0.322883
0.322507
0.322131
0.321753
0.321376
0.320997
0.320618
0.320239
0.319859
0.319478
0.319096
0.318714
0.318332
0.317949
0.317565
0.317181
0.316796
0.31641
0.316024
0.315638
0.31525
0.314863
0.314474
0.314085
0.313696
0.313306
0.312915
0.312524
0.312132
0.31174
0.311347
0.310953
0.310559
0.310165
0.309769
0.309374
0.308977
0.308581
0.308183
0.307785
0.307387
0.306988
0.306588
0.306188
0.305788
0.305387
0.304985
0.304583
0.30418
0.303777
0.303373
0.302968
0.302564
0.302158
0.301752
0.301346
0.300939
0.300531
0.300123
0.299715
0.299306
0.298896
0.298486
0.298076
0.297665
0.297253
0.296841
0.296429
0.296015
0.295602
0.295188
0.294773
0.294358
0.293943
0.293527
0.29311
0.292693
0.292276
0.291858
0.29144
0.291021
0.290601
0.290182
0.289761
0.28934
0.288919
0.288497
0.288075
0.287652
0.287229
0.286806
0.286381
0.285957
0.285532
0.285106
0.28468
0.284253
0.283826
0.283399
0.282971
0.282542
0.282113
0.281684
0.281254
0.280823
0.280392
0.279961
0.279529
0.279096
0.278663
0.278229
0.277795
0.27736
0.276925
0.276489
0.276052
0.275615
0.275177
0.274739
0.274299
0.27386
0.273419
0.272978
0.272537
0.272094
0.271651
0.271207
0.270762
0.270317
0.269871
0.269424
0.268976
0.268527
0.268077
0.267627
0.267176
0.266723
0.26627
0.265816
0.265361
0.264905
0.264447
0.263989
0.26353
0.263069
0.262608
0.262145
0.261681
0.261216
0.26075
0.260283
0.259814
0.259344
0.258873
0.2584
0.257926
0.257451
0.256974
0.256496
0.256017
0.255536
0.255054
0.25457
0.254085
0.253598
0.25311
0.25262
0.252128
0.251636
0.251141
0.250645
0.250147
0.249648
0.249147
0.248644
0.24814
0.247634
0.247126
0.246617
0.246105
0.245592
0.245077
0.24456
0.244041
0.243521
0.242998
0.242473
0.241946
0.241418
0.240887
0.240353
0.239818
0.239281
0.238741
0.238198
0.237654
0.237106
0.236556
0.236004
0.235449
0.234891
0.23433
0.233766
0.2332
0.232631
0.232059
0.231485
0.230908
0.230331
0.229751
0.229172
0.228592
0.228012
0.227433
0.226858
0.226283
0.225721
0.225155
0.224603
0.224059
0.223525
0.223022
0.22255
0.222126
0.221726
0.22137
0.221077
0.220759
0.220496
0.220241
0.22012
0.219993
0.219936
0.22002
0.220247
0.220616
0.221099
0.221735
0.22254
0.22354
0.224756
0.226211
0.22793
0.229939
0.232266
0.23494
0.237989
0.241443
0.245329
0.249675
0.254504
0.259839
0.265695
0.272087
0.279018
0.286494
0.294499
0.30303
0.312053
0.321556
0.331483
0.341827
0.352511
0.363529
0.374794
0.386291
0.397943
0.409708
0.421528
0.433348
0.44511
0.456785
0.468301
0.479659
0.490809
0.50174
0.512395
0.522831
0.532971
0.542908
0.552474
0.56184
0.570757
0.579502
0.587971
0.596366
0.604902
0.613659
0.623343
0.632454
0.645466
0.666551
0.346874
0.346543
0.346212
0.34588
0.345547
0.345213
0.344879
0.344544
0.344208
0.343871
0.343534
0.343196
0.342858
0.342518
0.342178
0.341838
0.341496
0.341154
0.340811
0.340468
0.340124
0.339779
0.339433
0.339087
0.33874
0.338392
0.338044
0.337695
0.337345
0.336995
0.336644
0.336292
0.33594
0.335587
0.335233
0.334878
0.334523
0.334168
0.333811
0.333454
0.333096
0.332738
0.332379
0.332019
0.331659
0.331298
0.330937
0.330574
0.330211
0.329848
0.329484
0.329119
0.328754
0.328388
0.328021
0.327654
0.327286
0.326917
0.326548
0.326178
0.325808
0.325437
0.325065
0.324693
0.32432
0.323946
0.323572
0.323198
0.322822
0.322446
0.32207
0.321693
0.321315
0.320937
0.320558
0.320178
0.319798
0.319418
0.319036
0.318655
0.318272
0.317889
0.317506
0.317121
0.316737
0.316351
0.315965
0.315579
0.315192
0.314804
0.314416
0.314027
0.313638
0.313248
0.312857
0.312466
0.312075
0.311683
0.31129
0.310897
0.310503
0.310108
0.309713
0.309318
0.308922
0.308525
0.308128
0.30773
0.307332
0.306933
0.306534
0.306134
0.305733
0.305332
0.304931
0.304528
0.304126
0.303722
0.303319
0.302914
0.302509
0.302104
0.301698
0.301292
0.300885
0.300477
0.300069
0.29966
0.299251
0.298841
0.298431
0.29802
0.297609
0.297197
0.296785
0.296372
0.295958
0.295544
0.295129
0.294714
0.294299
0.293882
0.293466
0.293048
0.29263
0.292212
0.291793
0.291373
0.290953
0.290533
0.290112
0.28969
0.289267
0.288845
0.288421
0.287997
0.287573
0.287147
0.286722
0.286295
0.285868
0.285441
0.285013
0.284584
0.284154
0.283724
0.283294
0.282862
0.28243
0.281998
0.281565
0.281131
0.280696
0.280261
0.279825
0.279388
0.278951
0.278512
0.278073
0.277634
0.277193
0.276752
0.27631
0.275867
0.275423
0.274979
0.274533
0.274087
0.27364
0.273192
0.272742
0.272292
0.271841
0.271389
0.270936
0.270482
0.270027
0.26957
0.269113
0.268654
0.268195
0.267734
0.267272
0.266808
0.266344
0.265878
0.26541
0.264942
0.264472
0.264001
0.263528
0.263054
0.262578
0.262101
0.261623
0.261142
0.260661
0.260177
0.259692
0.259206
0.258717
0.258228
0.257736
0.257243
0.256747
0.256251
0.255752
0.255251
0.254749
0.254245
0.253739
0.253231
0.252721
0.25221
0.251696
0.251181
0.250663
0.250144
0.249623
0.249099
0.248574
0.248047
0.247518
0.246987
0.246454
0.245919
0.245381
0.244842
0.244301
0.243758
0.243213
0.242666
0.242117
0.241566
0.241013
0.240458
0.239901
0.239342
0.238782
0.238219
0.237655
0.237088
0.23652
0.23595
0.235378
0.234804
0.234228
0.23365
0.233071
0.232491
0.231909
0.231327
0.230746
0.230164
0.229584
0.229005
0.228429
0.227854
0.227291
0.226728
0.226171
0.225626
0.225089
0.224566
0.224082
0.223624
0.223213
0.222816
0.222477
0.222178
0.221863
0.221594
0.221361
0.221196
0.22113
0.221029
0.22109
0.221267
0.221606
0.222061
0.222657
0.22342
0.224373
0.225542
0.226946
0.228615
0.230576
0.232862
0.235503
0.238536
0.241992
0.24591
0.25032
0.25526
0.260754
0.266838
0.273523
0.280839
0.288782
0.297367
0.306575
0.316401
0.326807
0.337773
0.349237
0.361168
0.373488
0.386157
0.399089
0.412255
0.425549
0.438969
0.452382
0.465808
0.479117
0.492318
0.5053
0.518067
0.530527
0.542677
0.554464
0.565872
0.576947
0.587537
0.597791
0.607643
0.617169
0.626338
0.635094
0.643498
0.651371
0.659034
0.666383
0.673697
0.68108
0.688029
0.695456
0.702535
0.712761
0.73164
0.346839
0.346508
0.346176
0.345843
0.34551
0.345176
0.344841
0.344505
0.344169
0.343832
0.343495
0.343156
0.342817
0.342478
0.342137
0.341796
0.341455
0.341112
0.340769
0.340425
0.340081
0.339736
0.33939
0.339043
0.338696
0.338348
0.337999
0.33765
0.3373
0.33695
0.336598
0.336246
0.335894
0.335541
0.335187
0.334832
0.334477
0.334121
0.333765
0.333407
0.33305
0.332691
0.332332
0.331972
0.331612
0.331251
0.330889
0.330527
0.330164
0.3298
0.329436
0.329071
0.328706
0.32834
0.327973
0.327606
0.327238
0.326869
0.3265
0.32613
0.32576
0.325389
0.325017
0.324645
0.324272
0.323899
0.323525
0.32315
0.322775
0.322399
0.322023
0.321646
0.321268
0.32089
0.320511
0.320132
0.319752
0.319371
0.31899
0.318608
0.318226
0.317843
0.317459
0.317075
0.316691
0.316305
0.31592
0.315533
0.315146
0.314759
0.314371
0.313982
0.313593
0.313203
0.312813
0.312422
0.31203
0.311638
0.311245
0.310852
0.310458
0.310064
0.309669
0.309273
0.308877
0.308481
0.308083
0.307686
0.307287
0.306888
0.306489
0.306089
0.305688
0.305287
0.304885
0.304482
0.304079
0.303676
0.303272
0.302867
0.302462
0.302056
0.301649
0.301242
0.300835
0.300426
0.300018
0.299608
0.299198
0.298788
0.298376
0.297965
0.297552
0.297139
0.296726
0.296311
0.295897
0.295481
0.295065
0.294648
0.294231
0.293813
0.293394
0.292975
0.292555
0.292135
0.291714
0.291292
0.290869
0.290446
0.290022
0.289597
0.289172
0.288746
0.288319
0.287892
0.287463
0.287034
0.286605
0.286174
0.285743
0.285311
0.284878
0.284445
0.28401
0.283575
0.283139
0.282702
0.282264
0.281826
0.281386
0.280946
0.280504
0.280062
0.279619
0.279175
0.278729
0.278283
0.277836
0.277388
0.276939
0.276488
0.276037
0.275584
0.275131
0.274676
0.27422
0.273763
0.273304
0.272845
0.272384
0.271922
0.271458
0.270993
0.270527
0.270059
0.26959
0.26912
0.268648
0.268175
0.2677
0.267223
0.266745
0.266266
0.265784
0.265301
0.264817
0.264331
0.263843
0.263353
0.262861
0.262368
0.261873
0.261376
0.260877
0.260376
0.259873
0.259369
0.258862
0.258353
0.257843
0.25733
0.256815
0.256298
0.255779
0.255258
0.254735
0.25421
0.253683
0.253153
0.252621
0.252088
0.251552
0.251014
0.250473
0.249931
0.249387
0.24884
0.248291
0.247741
0.247188
0.246633
0.246076
0.245517
0.244956
0.244393
0.243828
0.243261
0.242693
0.242123
0.241551
0.240977
0.240402
0.239825
0.239247
0.238667
0.238086
0.237505
0.236922
0.236338
0.235753
0.235166
0.234579
0.233991
0.233404
0.232817
0.23223
0.231644
0.23106
0.230477
0.229897
0.229323
0.228757
0.22819
0.227633
0.227084
0.226545
0.226022
0.22553
0.225068
0.224636
0.224243
0.223865
0.223564
0.223249
0.222946
0.222693
0.222467
0.222326
0.222246
0.222154
0.222217
0.222414
0.222744
0.223199
0.223784
0.22453
0.225461
0.226604
0.227984
0.229623
0.231556
0.23381
0.236424
0.239431
0.242874
0.246787
0.251215
0.256192
0.261763
0.267954
0.274808
0.282339
0.290579
0.299527
0.309202
0.319577
0.330657
0.342387
0.354756
0.367687
0.381146
0.395039
0.409322
0.423881
0.438675
0.453583
0.468567
0.483526
0.498427
0.513177
0.527769
0.54207
0.556146
0.569827
0.583204
0.596103
0.608649
0.62064
0.632172
0.643173
0.653605
0.663668
0.672962
0.682036
0.690509
0.698755
0.706437
0.713764
0.720464
0.726703
0.73259
0.738075
0.743633
0.749047
0.753863
0.759053
0.765057
0.769596
0.788201
0.346813
0.346482
0.346149
0.345816
0.345482
0.345148
0.344813
0.344477
0.34414
0.343803
0.343465
0.343127
0.342787
0.342448
0.342107
0.341766
0.341424
0.341081
0.340738
0.340394
0.340049
0.339704
0.339358
0.339011
0.338663
0.338315
0.337967
0.337617
0.337267
0.336917
0.336565
0.336213
0.335861
0.335507
0.335153
0.334799
0.334444
0.334088
0.333731
0.333374
0.333016
0.332658
0.332299
0.331939
0.331579
0.331218
0.330856
0.330494
0.330131
0.329767
0.329403
0.329039
0.328673
0.328307
0.327941
0.327573
0.327206
0.326837
0.326468
0.326098
0.325728
0.325357
0.324986
0.324614
0.324241
0.323868
0.323494
0.323119
0.322744
0.322369
0.321992
0.321615
0.321238
0.32086
0.320481
0.320102
0.319722
0.319342
0.318961
0.318579
0.318197
0.317814
0.31743
0.317046
0.316662
0.316277
0.315891
0.315505
0.315118
0.31473
0.314342
0.313953
0.313564
0.313174
0.312783
0.312392
0.312001
0.311608
0.311215
0.310822
0.310428
0.310033
0.309638
0.309242
0.308845
0.308448
0.308051
0.307652
0.307253
0.306854
0.306454
0.306053
0.305651
0.305249
0.304847
0.304443
0.304039
0.303635
0.30323
0.302824
0.302417
0.30201
0.301602
0.301193
0.300784
0.300374
0.299964
0.299553
0.299141
0.298728
0.298315
0.297901
0.297486
0.29707
0.296654
0.296237
0.295819
0.295401
0.294981
0.294561
0.294141
0.293719
0.293296
0.292873
0.292449
0.292024
0.291599
0.291172
0.290745
0.290316
0.289887
0.289457
0.289026
0.288594
0.288161
0.287727
0.287293
0.286857
0.28642
0.285982
0.285544
0.285104
0.284663
0.284221
0.283778
0.283334
0.282889
0.282443
0.281995
0.281547
0.281097
0.280646
0.280194
0.27974
0.279286
0.27883
0.278372
0.277914
0.277454
0.276992
0.27653
0.276066
0.2756
0.275133
0.274665
0.274195
0.273723
0.27325
0.272776
0.2723
0.271822
0.271342
0.270861
0.270378
0.269894
0.269408
0.26892
0.26843
0.267938
0.267445
0.266949
0.266452
0.265953
0.265452
0.264948
0.264443
0.263936
0.263427
0.262916
0.262403
0.261887
0.26137
0.26085
0.260328
0.259804
0.259278
0.25875
0.258219
0.257687
0.257152
0.256614
0.256075
0.255533
0.254989
0.254443
0.253894
0.253343
0.25279
0.252235
0.251677
0.251118
0.250556
0.249992
0.249425
0.248857
0.248286
0.247714
0.24714
0.246563
0.245985
0.245405
0.244823
0.24424
0.243655
0.243068
0.24248
0.241891
0.2413
0.240708
0.240116
0.239522
0.238928
0.238334
0.237739
0.237144
0.236549
0.235955
0.235361
0.234767
0.234174
0.233581
0.23299
0.2324
0.231814
0.231237
0.230661
0.230088
0.22952
0.228963
0.22841
0.227877
0.227364
0.226885
0.226427
0.226006
0.225611
0.225242
0.224932
0.224611
0.224305
0.224029
0.223809
0.223616
0.223538
0.22339
0.223409
0.223525
0.223772
0.224135
0.224623
0.225246
0.22603
0.227
0.22818
0.229593
0.231267
0.233231
0.235521
0.238169
0.241217
0.244701
0.248667
0.253154
0.258207
0.263867
0.270177
0.277171
0.284888
0.293348
0.302581
0.312584
0.323375
0.334927
0.347237
0.360253
0.373951
0.388252
0.403122
0.418451
0.434202
0.450243
0.466534
0.482931
0.499406
0.515798
0.532106
0.548168
0.564011
0.579507
0.594671
0.609437
0.623767
0.637609
0.65102
0.663837
0.676234
0.68798
0.699327
0.709883
0.71992
0.729304
0.737933
0.746322
0.753668
0.761055
0.767615
0.774176
0.779803
0.785357
0.789682
0.794452
0.797825
0.801118
0.804736
0.808115
0.810696
0.813856
0.82064
0.820771
0.833006
0.346798
0.346466
0.346133
0.3458
0.345466
0.345132
0.344796
0.34446
0.344124
0.343786
0.343448
0.34311
0.34277
0.34243
0.34209
0.341748
0.341406
0.341064
0.34072
0.340376
0.340032
0.339686
0.33934
0.338993
0.338646
0.338298
0.337949
0.3376
0.33725
0.3369
0.336548
0.336196
0.335844
0.335491
0.335137
0.334782
0.334427
0.334071
0.333715
0.333358
0.333
0.332642
0.332283
0.331923
0.331563
0.331202
0.330841
0.330479
0.330116
0.329753
0.329389
0.329024
0.328659
0.328293
0.327927
0.32756
0.327192
0.326824
0.326455
0.326085
0.325715
0.325345
0.324973
0.324601
0.324229
0.323856
0.323482
0.323108
0.322733
0.322357
0.321981
0.321604
0.321227
0.320849
0.32047
0.320091
0.319711
0.31933
0.318949
0.318568
0.318185
0.317802
0.317419
0.317035
0.31665
0.316265
0.315878
0.315492
0.315104
0.314716
0.314328
0.313939
0.313549
0.313158
0.312767
0.312375
0.311983
0.31159
0.311196
0.310802
0.310407
0.310011
0.309615
0.309218
0.30882
0.308421
0.308022
0.307622
0.307222
0.30682
0.306418
0.306016
0.305612
0.305208
0.304803
0.304397
0.303991
0.303584
0.303176
0.302767
0.302357
0.301947
0.301535
0.301123
0.300711
0.300297
0.299882
0.299467
0.29905
0.298633
0.298215
0.297796
0.297376
0.296955
0.296533
0.29611
0.295687
0.295262
0.294836
0.294409
0.293981
0.293553
0.293123
0.292692
0.29226
0.291827
0.291392
0.290957
0.29052
0.290083
0.289644
0.289204
0.288763
0.28832
0.287876
0.287431
0.286985
0.286538
0.286089
0.285639
0.285187
0.284734
0.28428
0.283824
0.283367
0.282909
0.282449
0.281987
0.281524
0.28106
0.280594
0.280126
0.279657
0.279186
0.278714
0.27824
0.277764
0.277287
0.276808
0.276327
0.275845
0.27536
0.274874
0.274386
0.273897
0.273405
0.272911
0.272416
0.271919
0.27142
0.270918
0.270415
0.26991
0.269403
0.268894
0.268382
0.267869
0.267354
0.266836
0.266316
0.265794
0.26527
0.264744
0.264216
0.263685
0.263152
0.262617
0.26208
0.26154
0.260998
0.260454
0.259908
0.259359
0.258808
0.258255
0.257699
0.257142
0.256581
0.256019
0.255455
0.254888
0.254319
0.253748
0.253174
0.252599
0.252021
0.251441
0.250859
0.250276
0.24969
0.249102
0.248513
0.247922
0.247329
0.246734
0.246138
0.245541
0.244942
0.244343
0.243742
0.24314
0.242538
0.241934
0.241331
0.240727
0.240123
0.239519
0.238916
0.238313
0.237711
0.23711
0.236511
0.235913
0.235318
0.234724
0.234136
0.233553
0.232969
0.232388
0.231809
0.231239
0.230672
0.230118
0.229592
0.22908
0.2286
0.228143
0.227713
0.227316
0.226935
0.226611
0.226274
0.22596
0.225663
0.225412
0.225202
0.225028
0.22495
0.22482
0.224838
0.224944
0.225182
0.22552
0.225984
0.22657
0.227305
0.228207
0.229301
0.230611
0.232161
0.233979
0.236094
0.238542
0.241357
0.244579
0.248248
0.252406
0.257099
0.262367
0.26826
0.274815
0.282077
0.290077
0.298851
0.308418
0.318797
0.329991
0.342
0.354799
0.368374
0.382666
0.397649
0.413237
0.429381
0.445988
0.462989
0.48028
0.497796
0.515416
0.533093
0.550682
0.568161
0.585375
0.602337
0.618852
0.635003
0.650579
0.665735
0.680259
0.694315
0.707775
0.720606
0.732875
0.74455
0.755552
0.766142
0.775966
0.78541
0.793827
0.801755
0.808959
0.815176
0.821611
0.826764
0.831986
0.836566
0.841009
0.844061
0.847761
0.848977
0.854528
0.852945
0.854126
0.855382
0.856852
0.857255
0.860984
0.86311
0.861348
0.867643
0.346794
0.346462
0.34613
0.345797
0.345463
0.345128
0.344793
0.344457
0.34412
0.343783
0.343445
0.343106
0.342767
0.342427
0.342086
0.341745
0.341403
0.341061
0.340717
0.340373
0.340029
0.339684
0.339338
0.338991
0.338644
0.338296
0.337948
0.337598
0.337249
0.336898
0.336547
0.336195
0.335843
0.33549
0.335136
0.334782
0.334427
0.334072
0.333715
0.333359
0.333001
0.332643
0.332284
0.331925
0.331565
0.331204
0.330843
0.330481
0.330119
0.329756
0.329392
0.329028
0.328663
0.328297
0.327931
0.327564
0.327197
0.326829
0.32646
0.32609
0.325721
0.32535
0.324979
0.324607
0.324234
0.323861
0.323487
0.323113
0.322738
0.322362
0.321986
0.321609
0.321231
0.320853
0.320474
0.320094
0.319714
0.319333
0.318951
0.318569
0.318186
0.317802
0.317418
0.317032
0.316647
0.31626
0.315873
0.315485
0.315096
0.314707
0.314317
0.313926
0.313534
0.313142
0.312748
0.312354
0.31196
0.311564
0.311168
0.310771
0.310373
0.309974
0.309574
0.309174
0.308772
0.30837
0.307967
0.307563
0.307158
0.306752
0.306345
0.305937
0.305529
0.305119
0.304708
0.304297
0.303884
0.303471
0.303056
0.30264
0.302223
0.301806
0.301387
0.300967
0.300545
0.300123
0.2997
0.299275
0.298849
0.298422
0.297994
0.297565
0.297134
0.296702
0.296269
0.295835
0.295399
0.294962
0.294523
0.294084
0.293643
0.2932
0.292756
0.292311
0.291864
0.291416
0.290966
0.290515
0.290062
0.289607
0.289152
0.288694
0.288235
0.287775
0.287312
0.286848
0.286383
0.285916
0.285447
0.284976
0.284504
0.28403
0.283554
0.283076
0.282597
0.282116
0.281632
0.281148
0.280661
0.280172
0.279681
0.279189
0.278694
0.278198
0.2777
0.277199
0.276697
0.276193
0.275686
0.275178
0.274667
0.274155
0.27364
0.273123
0.272604
0.272084
0.27156
0.271035
0.270508
0.269978
0.269446
0.268912
0.268376
0.267838
0.267297
0.266754
0.266209
0.265662
0.265112
0.264561
0.264007
0.26345
0.262892
0.262331
0.261768
0.261203
0.260636
0.260067
0.259495
0.258921
0.258345
0.257767
0.257187
0.256605
0.256021
0.255435
0.254847
0.254257
0.253665
0.253071
0.252476
0.251879
0.25128
0.25068
0.250078
0.249475
0.24887
0.248264
0.247657
0.247049
0.246441
0.245831
0.245221
0.244611
0.244
0.24339
0.242779
0.242169
0.24156
0.240951
0.240344
0.239738
0.239133
0.238531
0.237931
0.237333
0.236739
0.236151
0.235567
0.234985
0.234409
0.233837
0.233273
0.232717
0.232172
0.231648
0.231141
0.230659
0.230201
0.229762
0.229356
0.228967
0.228617
0.228271
0.227934
0.227623
0.227342
0.227095
0.226901
0.226724
0.226659
0.226519
0.226537
0.226631
0.226837
0.227138
0.227541
0.228068
0.228718
0.229515
0.230477
0.231628
0.232987
0.23458
0.236431
0.238568
0.241026
0.243833
0.247032
0.250655
0.25475
0.259353
0.264512
0.270266
0.276663
0.28374
0.291538
0.30009
0.309423
0.319564
0.33052
0.342301
0.354898
0.368294
0.382465
0.397369
0.412959
0.429178
0.445952
0.463225
0.480888
0.498899
0.517127
0.535523
0.553983
0.572427
0.590775
0.608957
0.626885
0.644513
0.661727
0.678523
0.694778
0.710521
0.725548
0.740033
0.75373
0.766918
0.77928
0.791228
0.802359
0.812842
0.822743
0.831977
0.84056
0.848885
0.856233
0.863332
0.869159
0.874666
0.879374
0.882719
0.88739
0.890346
0.892867
0.896576
0.89714
0.897131
0.899552
0.896799
0.898066
0.894751
0.895409
0.892509
0.892949
0.891768
0.891725
0.892703
0.891111
0.89306
0.346805
0.346474
0.346141
0.345808
0.345475
0.34514
0.344805
0.344469
0.344133
0.343796
0.343458
0.34312
0.342781
0.342441
0.342101
0.34176
0.341418
0.341076
0.340733
0.340389
0.340045
0.3397
0.339354
0.339008
0.338661
0.338314
0.337966
0.337617
0.337267
0.336917
0.336567
0.336215
0.335863
0.33551
0.335157
0.334803
0.334449
0.334093
0.333737
0.333381
0.333024
0.332666
0.332307
0.331948
0.331589
0.331228
0.330867
0.330505
0.330143
0.32978
0.329416
0.329052
0.328687
0.328321
0.327955
0.327588
0.32722
0.326852
0.326483
0.326113
0.325742
0.325371
0.324999
0.324627
0.324253
0.323879
0.323504
0.323128
0.322752
0.322375
0.321997
0.321618
0.321239
0.320859
0.320478
0.320096
0.319714
0.31933
0.318946
0.318561
0.318176
0.317789
0.317401
0.317013
0.316624
0.316234
0.315842
0.315451
0.315058
0.314664
0.314269
0.313873
0.313476
0.313079
0.31268
0.31228
0.311879
0.311478
0.311075
0.310671
0.310266
0.30986
0.309452
0.309044
0.308634
0.308224
0.307812
0.307399
0.306984
0.306569
0.306152
0.305734
0.305315
0.304894
0.304472
0.304049
0.303625
0.303199
0.302772
0.302343
0.301913
0.301482
0.301049
0.300614
0.300179
0.299741
0.299303
0.298862
0.29842
0.297977
0.297532
0.297085
0.296637
0.296187
0.295736
0.295283
0.294828
0.294372
0.293914
0.293454
0.292992
0.292529
0.292063
0.291597
0.291128
0.290657
0.290185
0.289711
0.289235
0.288757
0.288277
0.287795
0.287311
0.286826
0.286338
0.285849
0.285357
0.284864
0.284368
0.283871
0.283371
0.28287
0.282366
0.28186
0.281353
0.280843
0.280331
0.279817
0.279301
0.278783
0.278262
0.27774
0.277215
0.276689
0.27616
0.275629
0.275096
0.27456
0.274023
0.273483
0.272942
0.272398
0.271852
0.271303
0.270753
0.2702
0.269645
0.269089
0.268529
0.267968
0.267405
0.26684
0.266272
0.265702
0.265131
0.264557
0.263981
0.263403
0.262824
0.262242
0.261658
0.261072
0.260485
0.259895
0.259304
0.258711
0.258116
0.25752
0.256922
0.256322
0.255721
0.255118
0.254514
0.253909
0.253302
0.252695
0.252086
0.251476
0.250865
0.250254
0.249642
0.24903
0.248417
0.247804
0.24719
0.246578
0.245965
0.245352
0.24474
0.24413
0.243521
0.242913
0.242307
0.241703
0.241101
0.240501
0.239905
0.239312
0.238725
0.238144
0.237565
0.236991
0.236422
0.23586
0.235305
0.234759
0.234233
0.233722
0.233232
0.232761
0.232312
0.231885
0.231476
0.231102
0.230734
0.230396
0.230059
0.229746
0.229463
0.229204
0.229005
0.228814
0.228723
0.228629
0.228577
0.228627
0.228777
0.229009
0.229328
0.229738
0.230267
0.230906
0.231681
0.232606
0.233701
0.234985
0.236477
0.2382
0.240177
0.242437
0.245006
0.247917
0.251205
0.254904
0.259053
0.263689
0.268855
0.274587
0.28093
0.287918
0.295593
0.303981
0.31312
0.323021
0.333713
0.345193
0.35747
0.370527
0.38435
0.398908
0.414164
0.430071
0.446577
0.463617
0.481131
0.49904
0.517276
0.535767
0.554421
0.573192
0.591952
0.610706
0.629284
0.647708
0.665859
0.683685
0.70115
0.718185
0.734744
0.750777
0.766217
0.781077
0.795265
0.808754
0.821413
0.833466
0.844657
0.855305
0.865116
0.87463
0.883083
0.891082
0.89841
0.905243
0.91133
0.91745
0.922183
0.92701
0.930315
0.933776
0.935764
0.936134
0.940391
0.940839
0.940934
0.938793
0.936899
0.9345
0.932961
0.929648
0.926779
0.922687
0.921136
0.917581
0.914509
0.911661
0.909284
0.911314
0.91127
0.910285
0.346825
0.346494
0.346162
0.345829
0.345496
0.345162
0.344827
0.344492
0.344155
0.343819
0.343481
0.343143
0.342805
0.342465
0.342126
0.341785
0.341444
0.341102
0.340759
0.340416
0.340072
0.339727
0.339382
0.339036
0.33869
0.338343
0.337995
0.337646
0.337297
0.336947
0.336597
0.336245
0.335894
0.335541
0.335188
0.334834
0.33448
0.334124
0.333768
0.333412
0.333055
0.332697
0.332338
0.331979
0.331619
0.331258
0.330896
0.330534
0.330171
0.329807
0.329442
0.329077
0.328711
0.328344
0.327976
0.327608
0.327238
0.326868
0.326498
0.326126
0.325753
0.32538
0.325006
0.324631
0.324255
0.323879
0.323501
0.323123
0.322743
0.322363
0.321982
0.321599
0.321216
0.320832
0.320447
0.320061
0.319674
0.319285
0.318896
0.318506
0.318115
0.317722
0.317329
0.316934
0.316538
0.316141
0.315743
0.315344
0.314944
0.314542
0.314139
0.313735
0.31333
0.312923
0.312515
0.312106
0.311695
0.311283
0.31087
0.310455
0.310039
0.309622
0.309203
0.308783
0.308361
0.307938
0.307513
0.307087
0.306659
0.30623
0.305799
0.305367
0.304933
0.304497
0.30406
0.303621
0.30318
0.302738
0.302294
0.301848
0.301401
0.300952
0.300501
0.300048
0.299594
0.299138
0.298679
0.29822
0.297758
0.297294
0.296829
0.296361
0.295892
0.29542
0.294947
0.294472
0.293995
0.293516
0.293035
0.292552
0.292066
0.291579
0.29109
0.290599
0.290106
0.28961
0.289113
0.288613
0.288112
0.287608
0.287102
0.286594
0.286084
0.285572
0.285057
0.284541
0.284022
0.283501
0.282978
0.282453
0.281926
0.281396
0.280865
0.280331
0.279795
0.279257
0.278716
0.278174
0.277629
0.277082
0.276534
0.275982
0.275429
0.274874
0.274316
0.273757
0.273195
0.272631
0.272065
0.271497
0.270927
0.270355
0.269781
0.269205
0.268627
0.268047
0.267465
0.266881
0.266295
0.265708
0.265118
0.264527
0.263934
0.263339
0.262743
0.262145
0.261546
0.260945
0.260342
0.259738
0.259133
0.258526
0.257919
0.25731
0.2567
0.256088
0.255477
0.254864
0.25425
0.253636
0.253022
0.252407
0.251792
0.251177
0.250562
0.249947
0.249332
0.248718
0.248104
0.247492
0.246881
0.246272
0.245664
0.245057
0.244453
0.243851
0.243251
0.242655
0.242063
0.241478
0.240896
0.240316
0.239742
0.239171
0.238609
0.238052
0.237506
0.236975
0.23646
0.23596
0.23548
0.235016
0.234571
0.234147
0.23374
0.233364
0.232988
0.232636
0.232293
0.231973
0.231681
0.231418
0.231188
0.231008
0.230841
0.230783
0.230678
0.230688
0.230758
0.230909
0.23114
0.231445
0.231851
0.23235
0.232957
0.233688
0.234556
0.235576
0.236762
0.238133
0.239706
0.241502
0.243542
0.245853
0.248459
0.251391
0.254677
0.258351
0.262444
0.266995
0.272036
0.277606
0.283741
0.290477
0.297847
0.305883
0.314615
0.324063
0.334251
0.345184
0.356877
0.369316
0.382506
0.396411
0.411024
0.426293
0.442192
0.458661
0.475656
0.493114
0.510974
0.529171
0.547639
0.566309
0.585116
0.603986
0.622858
0.641672
0.660338
0.678845
0.697055
0.715031
0.732554
0.74975
0.766446
0.782649
0.798345
0.813463
0.827989
0.84187
0.855089
0.867669
0.8795
0.890472
0.900649
0.910187
0.918889
0.927001
0.934445
0.94157
0.947535
0.953254
0.958217
0.96308
0.966724
0.970904
0.973284
0.975814
0.97659
0.978921
0.977436
0.975143
0.975382
0.973108
0.971045
0.967801
0.964411
0.960437
0.956606
0.952068
0.947355
0.942068
0.938048
0.933681
0.929125
0.92491
0.920911
0.921884
0.921984
0.920095
0.346856
0.346525
0.346193
0.345861
0.345528
0.345195
0.34486
0.344525
0.34419
0.343854
0.343517
0.343179
0.342841
0.342502
0.342163
0.341822
0.341481
0.34114
0.340797
0.340455
0.340111
0.339767
0.339421
0.339076
0.338729
0.338382
0.338034
0.337686
0.337336
0.336986
0.336636
0.336284
0.335932
0.335579
0.335225
0.334871
0.334515
0.334159
0.333802
0.333444
0.333086
0.332726
0.332366
0.332004
0.331642
0.331279
0.330916
0.330551
0.330186
0.329819
0.329452
0.329084
0.328715
0.328345
0.327974
0.327602
0.327229
0.326855
0.32648
0.326103
0.325726
0.325348
0.324969
0.324588
0.324207
0.323824
0.32344
0.323055
0.322669
0.322282
0.321893
0.321504
0.321113
0.32072
0.320327
0.319932
0.319536
0.319138
0.31874
0.318339
0.317938
0.317535
0.31713
0.316725
0.316317
0.315909
0.315498
0.315087
0.314673
0.314259
0.313842
0.313424
0.313005
0.312584
0.312161
0.311736
0.31131
0.310883
0.310453
0.310022
0.309589
0.309155
0.308718
0.30828
0.30784
0.307398
0.306955
0.306509
0.306062
0.305613
0.305162
0.304709
0.304254
0.303797
0.303338
0.302878
0.302415
0.30195
0.301484
0.301015
0.300544
0.300072
0.299597
0.29912
0.298641
0.29816
0.297677
0.297192
0.296705
0.296216
0.295724
0.295231
0.294735
0.294237
0.293737
0.293235
0.29273
0.292224
0.291715
0.291204
0.290691
0.290176
0.289658
0.289139
0.288617
0.288093
0.287567
0.287038
0.286508
0.285975
0.28544
0.284903
0.284364
0.283822
0.283278
0.282732
0.282184
0.281634
0.281082
0.280528
0.279971
0.279412
0.278852
0.278289
0.277724
0.277157
0.276588
0.276017
0.275444
0.274869
0.274292
0.273713
0.273132
0.272549
0.271964
0.271378
0.27079
0.2702
0.269608
0.269015
0.26842
0.267823
0.267225
0.266625
0.266023
0.265421
0.264817
0.264211
0.263604
0.262997
0.262388
0.261777
0.261166
0.260554
0.259941
0.259328
0.258713
0.258098
0.257483
0.256867
0.256252
0.255636
0.255019
0.254403
0.253787
0.253172
0.252557
0.251943
0.25133
0.250718
0.250108
0.249499
0.248891
0.248285
0.247682
0.24708
0.246481
0.245887
0.245296
0.244712
0.24413
0.243551
0.242976
0.242405
0.241841
0.241283
0.240732
0.240197
0.239675
0.239165
0.238671
0.238193
0.237733
0.237288
0.236863
0.236454
0.236068
0.235685
0.23532
0.23497
0.234639
0.23433
0.234046
0.233797
0.233573
0.2334
0.233244
0.233179
0.233083
0.233089
0.233143
0.233273
0.233468
0.233739
0.234081
0.234522
0.235051
0.235687
0.236438
0.237317
0.238339
0.239513
0.240857
0.242386
0.244116
0.246068
0.24826
0.250717
0.253461
0.256519
0.259916
0.263683
0.267847
0.272442
0.277496
0.283043
0.289112
0.295738
0.302947
0.310769
0.319227
0.328346
0.338139
0.348621
0.3598
0.371674
0.384242
0.397488
0.4114
0.425943
0.441101
0.45682
0.473078
0.489808
0.506984
0.52453
0.542412
0.560556
0.578917
0.597431
0.61604
0.634689
0.653317
0.671873
0.690299
0.708538
0.726548
0.744282
0.76166
0.778705
0.795267
0.81147
0.827031
0.842206
0.856721
0.870675
0.884061
0.896788
0.908881
0.920287
0.931045
0.941148
0.950419
0.958714
0.966373
0.973357
0.979643
0.985221
0.990468
0.995145
0.998829
1.00236
1.00525
1.0081
1.00951
1.01216
1.01117
1.011
1.0093
1.00818
1.00575
1.00232
0.99955
0.995796
0.991926
0.987352
0.982545
0.977271
0.971878
0.966132
0.960189
0.953897
0.948234
0.942772
0.937195
0.931991
0.926782
0.926012
0.925951
0.923701
0.346898
0.346568
0.346237
0.345905
0.345573
0.34524
0.344906
0.344572
0.344236
0.343901
0.343564
0.343227
0.342889
0.34255
0.34221
0.34187
0.341529
0.341187
0.340845
0.340501
0.340157
0.339813
0.339467
0.33912
0.338773
0.338425
0.338075
0.337725
0.337374
0.337023
0.33667
0.336316
0.335961
0.335606
0.33525
0.334892
0.334534
0.334175
0.333814
0.333453
0.333091
0.332728
0.332363
0.331998
0.331631
0.331263
0.330895
0.330525
0.330153
0.329781
0.329407
0.329033
0.328657
0.32828
0.327901
0.327521
0.32714
0.326758
0.326374
0.325989
0.325602
0.325214
0.324825
0.324434
0.324042
0.323648
0.323253
0.322857
0.322458
0.322059
0.321657
0.321254
0.32085
0.320444
0.320036
0.319626
0.319215
0.318803
0.318388
0.317972
0.317554
0.317134
0.316713
0.316289
0.315864
0.315437
0.315008
0.314578
0.314145
0.313711
0.313274
0.312836
0.312396
0.311954
0.311509
0.311063
0.310615
0.310165
0.309713
0.309259
0.308802
0.308344
0.307884
0.307421
0.306957
0.30649
0.306021
0.30555
0.305077
0.304602
0.304125
0.303645
0.303164
0.30268
0.302194
0.301706
0.301215
0.300722
0.300228
0.299731
0.299231
0.29873
0.298226
0.29772
0.297212
0.296702
0.296189
0.295674
0.295157
0.294638
0.294116
0.293592
0.293066
0.292538
0.292007
0.291475
0.29094
0.290403
0.289863
0.289322
0.288778
0.288232
0.287684
0.287134
0.286582
0.286027
0.285471
0.284912
0.284351
0.283788
0.283223
0.282656
0.282087
0.281516
0.280943
0.280368
0.279791
0.279212
0.278632
0.278049
0.277464
0.276878
0.27629
0.2757
0.275109
0.274516
0.273921
0.273325
0.272727
0.272127
0.271526
0.270924
0.27032
0.269715
0.269109
0.268501
0.267893
0.267283
0.266672
0.266061
0.265448
0.264834
0.26422
0.263605
0.26299
0.262374
0.261758
0.261142
0.260525
0.259908
0.259292
0.258675
0.258059
0.257443
0.256828
0.256213
0.255599
0.254987
0.254377
0.253767
0.253159
0.252552
0.251947
0.251344
0.250744
0.250146
0.249552
0.248962
0.248379
0.247797
0.247218
0.246643
0.246072
0.245507
0.244947
0.244392
0.243851
0.243321
0.242804
0.242297
0.241805
0.241328
0.240866
0.24042
0.239989
0.239576
0.239179
0.238793
0.238414
0.238055
0.237708
0.237383
0.237081
0.236802
0.236557
0.236333
0.236153
0.236
0.235898
0.23584
0.235805
0.235829
0.235906
0.236058
0.236268
0.236552
0.236902
0.237341
0.237862
0.23848
0.239202
0.240039
0.241002
0.242101
0.243346
0.244754
0.246336
0.248109
0.250087
0.25229
0.254736
0.257445
0.260439
0.263741
0.267373
0.271362
0.275731
0.280509
0.285719
0.291391
0.297549
0.30422
0.311425
0.319191
0.327533
0.336473
0.346021
0.35619
0.366983
0.378405
0.390447
0.403106
0.416364
0.430204
0.444603
0.459532
0.474961
0.490851
0.50717
0.523866
0.54091
0.55824
0.57583
0.593608
0.611554
0.629592
0.647702
0.66581
0.68389
0.701883
0.719748
0.737442
0.754917
0.772139
0.789056
0.805634
0.821842
0.837645
0.852968
0.867869
0.882182
0.896076
0.909222
0.921986
0.933985
0.945419
0.956293
0.966448
0.97602
0.984885
0.99319
1.00079
1.00749
1.01316
1.01841
1.02299
1.0271
1.03026
1.03359
1.03573
1.03732
1.03882
1.04024
1.04101
1.03954
1.03874
1.03656
1.03422
1.03099
1.02775
1.02391
1.01934
1.01477
1.00965
1.0043
0.998496
0.992471
0.986112
0.979578
0.972835
0.965968
0.958923
0.95222
0.945871
0.939558
0.933677
0.927807
0.92469
0.924862
0.922668
0.346954
0.346624
0.346293
0.345962
0.345629
0.345296
0.344962
0.344627
0.344292
0.343955
0.343618
0.34328
0.342941
0.342601
0.34226
0.341919
0.341576
0.341232
0.340887
0.340541
0.340194
0.339847
0.339498
0.339148
0.338797
0.338445
0.338092
0.337738
0.337383
0.337027
0.336669
0.33631
0.33595
0.335589
0.335227
0.334863
0.334498
0.334131
0.333764
0.333394
0.333024
0.332652
0.332279
0.331904
0.331528
0.33115
0.330771
0.33039
0.330008
0.329624
0.329239
0.328852
0.328464
0.328073
0.327681
0.327288
0.326893
0.326496
0.326097
0.325696
0.325294
0.32489
0.324484
0.324076
0.323667
0.323255
0.322842
0.322426
0.322009
0.32159
0.321169
0.320746
0.320321
0.319894
0.319465
0.319034
0.3186
0.318165
0.317728
0.317288
0.316847
0.316403
0.315957
0.315509
0.315059
0.314607
0.314153
0.313696
0.313237
0.312776
0.312313
0.311847
0.31138
0.31091
0.310437
0.309963
0.309486
0.309007
0.308526
0.308042
0.307556
0.307068
0.306578
0.306085
0.30559
0.305093
0.304593
0.304091
0.303587
0.30308
0.302571
0.30206
0.301546
0.301031
0.300513
0.299992
0.299469
0.298944
0.298417
0.297888
0.297356
0.296822
0.296286
0.295747
0.295206
0.294663
0.294118
0.293571
0.293021
0.29247
0.291916
0.29136
0.290801
0.290241
0.289679
0.289114
0.288548
0.287979
0.287409
0.286836
0.286262
0.285685
0.285107
0.284527
0.283944
0.28336
0.282775
0.282187
0.281598
0.281007
0.280414
0.27982
0.279224
0.278627
0.278028
0.277427
0.276825
0.276222
0.275617
0.275011
0.274404
0.273796
0.273187
0.272576
0.271965
0.271352
0.270739
0.270125
0.26951
0.268895
0.268279
0.267662
0.267045
0.266428
0.265811
0.265193
0.264576
0.263959
0.263341
0.262724
0.262107
0.261491
0.260876
0.260261
0.259648
0.259037
0.258426
0.257817
0.257209
0.256603
0.255999
0.255396
0.254796
0.254199
0.253606
0.253016
0.252431
0.251851
0.251272
0.250697
0.250125
0.249558
0.248997
0.24844
0.247891
0.247354
0.246827
0.246313
0.245807
0.245314
0.244836
0.244371
0.24392
0.243485
0.243063
0.242662
0.242268
0.241883
0.24151
0.241153
0.240812
0.240491
0.240191
0.239915
0.239663
0.239441
0.239245
0.239091
0.238961
0.23889
0.238825
0.23883
0.238869
0.238966
0.239121
0.239329
0.239604
0.239942
0.240357
0.240851
0.241429
0.242098
0.242867
0.243746
0.244742
0.245865
0.247124
0.248531
0.250096
0.251834
0.253756
0.255878
0.258215
0.260784
0.263601
0.266685
0.270055
0.27373
0.277731
0.282078
0.286793
0.291897
0.297411
0.303356
0.309753
0.316621
0.323976
0.331838
0.340217
0.349129
0.35858
0.368577
0.379123
0.390217
0.401854
0.414028
0.426723
0.439929
0.453623
0.467787
0.482392
0.497414
0.512819
0.528579
0.544659
0.561024
0.577641
0.594466
0.61147
0.628605
0.645847
0.66314
0.680469
0.697767
0.715027
0.732183
0.749226
0.766093
0.782771
0.799212
0.815383
0.831259
0.846794
0.861976
0.87675
0.891108
0.905019
0.918462
0.931359
0.943802
0.955612
0.966985
0.977566
0.987789
0.997197
1.00607
1.01446
1.02203
1.02921
1.03559
1.04162
1.04678
1.05105
1.05428
1.05729
1.05982
1.06183
1.06305
1.06471
1.06407
1.06426
1.06385
1.06214
1.06043
1.05776
1.05501
1.05149
1.04759
1.04303
1.03825
1.0331
1.02746
1.02164
1.01547
1.00907
1.00234
0.995417
0.988257
0.980937
0.973483
0.965967
0.958378
0.950978
0.94395
0.937074
0.930683
0.924455
0.9199
0.919516
0.917803
0.347018
0.346687
0.346355
0.346022
0.345688
0.345353
0.345017
0.344679
0.344341
0.344001
0.343661
0.343319
0.342976
0.342632
0.342286
0.34194
0.341592
0.341243
0.340893
0.340541
0.340188
0.339833
0.339478
0.33912
0.338762
0.338401
0.33804
0.337676
0.337312
0.336945
0.336577
0.336208
0.335836
0.335464
0.335089
0.334713
0.334335
0.333955
0.333573
0.33319
0.332805
0.332418
0.332029
0.331638
0.331245
0.33085
0.330454
0.330055
0.329655
0.329252
0.328847
0.328441
0.328032
0.327621
0.327208
0.326793
0.326376
0.325956
0.325535
0.325111
0.324685
0.324257
0.323827
0.323394
0.322959
0.322522
0.322083
0.321641
0.321197
0.320751
0.320302
0.319851
0.319397
0.318942
0.318484
0.318023
0.31756
0.317095
0.316627
0.316157
0.315685
0.31521
0.314733
0.314253
0.313771
0.313287
0.3128
0.31231
0.311818
0.311324
0.310828
0.310329
0.309827
0.309323
0.308817
0.308308
0.307797
0.307283
0.306767
0.306249
0.305728
0.305205
0.30468
0.304152
0.303622
0.303089
0.302554
0.302017
0.301477
0.300936
0.300392
0.299845
0.299297
0.298746
0.298193
0.297637
0.29708
0.29652
0.295959
0.295395
0.294829
0.294261
0.293691
0.293118
0.292544
0.291968
0.29139
0.29081
0.290228
0.289644
0.289059
0.288471
0.287882
0.287291
0.286699
0.286104
0.285508
0.284911
0.284312
0.283711
0.283109
0.282506
0.281901
0.281295
0.280687
0.280079
0.279469
0.278858
0.278246
0.277634
0.27702
0.276405
0.27579
0.275173
0.274556
0.273939
0.273321
0.272702
0.272084
0.271465
0.270846
0.270227
0.269607
0.268988
0.268369
0.26775
0.267132
0.266514
0.265897
0.265281
0.264666
0.264052
0.26344
0.262829
0.262219
0.26161
0.261004
0.260399
0.259796
0.259195
0.258597
0.258003
0.257413
0.256826
0.256245
0.255666
0.25509
0.254517
0.253948
0.253383
0.252824
0.25227
0.251724
0.251189
0.250664
0.25015
0.249644
0.24915
0.248668
0.2482
0.247745
0.247304
0.246876
0.246464
0.246065
0.245675
0.245294
0.244927
0.244572
0.244235
0.243917
0.243617
0.24334
0.243086
0.242857
0.242655
0.242484
0.242347
0.242242
0.242177
0.242143
0.242155
0.242202
0.242304
0.242455
0.242659
0.242919
0.243242
0.243627
0.244088
0.24462
0.245235
0.245936
0.24673
0.247625
0.248627
0.249744
0.250985
0.252358
0.253873
0.255541
0.257371
0.259375
0.261566
0.263956
0.266558
0.269386
0.272456
0.275782
0.279379
0.283264
0.287453
0.291963
0.29681
0.30201
0.30758
0.313536
0.319892
0.326662
0.333859
0.341496
0.349582
0.358124
0.36713
0.376603
0.386545
0.396953
0.407827
0.419158
0.430939
0.443158
0.455803
0.468856
0.482302
0.496119
0.510287
0.524781
0.539579
0.554655
0.569982
0.585532
0.601278
0.61719
0.633241
0.649403
0.665644
0.681938
0.69825
0.714556
0.730819
0.747025
0.763125
0.779111
0.79493
0.81058
0.826009
0.841213
0.856136
0.870779
0.885099
0.899073
0.912684
0.925889
0.938698
0.951044
0.962947
0.974368
0.985301
0.995665
1.00557
1.01485
1.02369
1.03175
1.03945
1.04636
1.0528
1.05883
1.06392
1.06897
1.07298
1.07704
1.07986
1.08175
1.08302
1.08383
1.08501
1.08507
1.08361
1.08253
1.08068
1.07846
1.07628
1.07327
1.07005
1.06618
1.06204
1.0574
1.05236
1.0468
1.04095
1.03481
1.02832
1.02162
1.01465
1.00747
1.00003
0.992432
0.984673
0.976793
0.968839
0.960866
0.952907
0.945077
0.937606
0.930354
0.923601
0.917271
0.911591
0.911038
0.908427
0.347072
0.346736
0.346399
0.346061
0.345721
0.34538
0.345037
0.344693
0.344348
0.344001
0.343652
0.343302
0.34295
0.342597
0.342241
0.341884
0.341526
0.341165
0.340803
0.340438
0.340072
0.339704
0.339335
0.338963
0.338589
0.338213
0.337835
0.337456
0.337074
0.33669
0.336304
0.335915
0.335525
0.335132
0.334737
0.33434
0.333941
0.333539
0.333135
0.332729
0.332321
0.33191
0.331497
0.331081
0.330663
0.330243
0.32982
0.329394
0.328967
0.328536
0.328104
0.327669
0.327231
0.326791
0.326348
0.325902
0.325455
0.325004
0.324551
0.324096
0.323638
0.323177
0.322714
0.322248
0.321779
0.321308
0.320834
0.320358
0.319879
0.319397
0.318913
0.318427
0.317937
0.317445
0.316951
0.316453
0.315954
0.315451
0.314946
0.314439
0.313929
0.313416
0.312901
0.312383
0.311863
0.31134
0.310815
0.310287
0.309756
0.309224
0.308688
0.30815
0.30761
0.307068
0.306523
0.305975
0.305426
0.304873
0.304319
0.303762
0.303203
0.302642
0.302079
0.301513
0.300945
0.300375
0.299803
0.299229
0.298652
0.298074
0.297493
0.296911
0.296327
0.29574
0.295152
0.294562
0.29397
0.293377
0.292781
0.292184
0.291586
0.290985
0.290384
0.28978
0.289175
0.288569
0.287961
0.287352
0.286742
0.28613
0.285517
0.284904
0.284289
0.283673
0.283056
0.282438
0.281819
0.2812
0.28058
0.279959
0.279338
0.278716
0.278094
0.277472
0.276849
0.276226
0.275604
0.274981
0.274358
0.273736
0.273114
0.272492
0.27187
0.27125
0.27063
0.270011
0.269393
0.268777
0.268162
0.267549
0.266937
0.266326
0.265717
0.26511
0.264504
0.263901
0.263301
0.262704
0.26211
0.261521
0.260936
0.260356
0.259778
0.259202
0.25863
0.258062
0.257498
0.25694
0.256386
0.255841
0.255306
0.254781
0.254265
0.253759
0.253262
0.252776
0.252303
0.251842
0.251394
0.25096
0.250538
0.250133
0.249739
0.249352
0.248976
0.248612
0.248262
0.247928
0.247611
0.247313
0.247034
0.246778
0.246545
0.246337
0.246154
0.246005
0.245883
0.245799
0.24574
0.245731
0.245748
0.245802
0.245908
0.246058
0.246257
0.246508
0.246814
0.24718
0.247609
0.248105
0.248672
0.249317
0.250041
0.250852
0.251755
0.252757
0.253862
0.25508
0.256415
0.257877
0.259472
0.261211
0.2631
0.265151
0.267371
0.269773
0.272366
0.275161
0.278169
0.281403
0.284875
0.288596
0.292579
0.296836
0.30138
0.306223
0.311377
0.316854
0.322665
0.32882
0.335329
0.342202
0.349445
0.357067
0.365071
0.373463
0.382244
0.391416
0.400977
0.410925
0.421257
0.431966
0.443044
0.454484
0.466272
0.4784
0.490851
0.503612
0.516667
0.529999
0.543592
0.557426
0.571482
0.585741
0.600183
0.614787
0.629533
0.644399
0.659365
0.674406
0.689502
0.704631
0.71977
0.7349
0.750001
0.765044
0.780011
0.794873
0.809615
0.824212
0.838652
0.85289
0.866927
0.880718
0.894269
0.907536
0.920512
0.933155
0.945472
0.957427
0.968998
0.980179
0.990923
1.00127
1.01112
1.02054
1.02947
1.03792
1.0458
1.05324
1.06009
1.06654
1.07221
1.07751
1.08212
1.08636
1.09019
1.093
1.09613
1.09791
1.1005
1.10094
1.10063
1.09962
1.09861
1.09729
1.09561
1.093
1.09031
1.08727
1.08371
1.08008
1.07594
1.07154
1.06667
1.06149
1.05589
1.04994
1.04356
1.0369
1.03
1.02283
1.01549
1.00794
1.00022
0.992309
0.98427
0.976127
0.967902
0.959655
0.951416
0.943257
0.935201
0.92749
0.920034
0.913055
0.906754
0.900462
0.899466
0.896193
0.347071
0.346725
0.346377
0.346027
0.345675
0.345321
0.344965
0.344607
0.344247
0.343885
0.34352
0.343153
0.342784
0.342413
0.342039
0.341663
0.341284
0.340904
0.34052
0.340135
0.339746
0.339356
0.338963
0.338567
0.338168
0.337768
0.337364
0.336958
0.336549
0.336138
0.335723
0.335307
0.334887
0.334465
0.33404
0.333612
0.333181
0.332748
0.332312
0.331873
0.331431
0.330986
0.330539
0.330088
0.329635
0.329179
0.32872
0.328259
0.327794
0.327327
0.326856
0.326383
0.325907
0.325428
0.324946
0.324462
0.323974
0.323484
0.32299
0.322494
0.321995
0.321494
0.320989
0.320481
0.319971
0.319458
0.318942
0.318424
0.317902
0.317378
0.316852
0.316322
0.31579
0.315255
0.314717
0.314177
0.313634
0.313089
0.31254
0.31199
0.311437
0.310881
0.310323
0.309762
0.309199
0.308634
0.308066
0.307495
0.306923
0.306348
0.305771
0.305192
0.30461
0.304026
0.30344
0.302853
0.302263
0.301671
0.301077
0.300481
0.299883
0.299283
0.298682
0.298079
0.297474
0.296867
0.296259
0.295649
0.295038
0.294425
0.293811
0.293195
0.292578
0.29196
0.291341
0.290721
0.290099
0.289477
0.288853
0.288229
0.287603
0.286977
0.286351
0.285723
0.285095
0.284467
0.283838
0.28321
0.28258
0.281951
0.281322
0.280693
0.280064
0.279435
0.278806
0.278178
0.27755
0.276922
0.276296
0.27567
0.275045
0.274422
0.2738
0.27318
0.272561
0.271944
0.271328
0.270714
0.270102
0.269491
0.268883
0.268277
0.267675
0.267076
0.26648
0.265889
0.265302
0.264721
0.264141
0.263564
0.26299
0.262421
0.261856
0.261296
0.26074
0.260193
0.259655
0.259128
0.258609
0.258099
0.257599
0.257107
0.256627
0.25616
0.255705
0.255263
0.254833
0.254417
0.254016
0.253627
0.253243
0.252872
0.252511
0.252165
0.251835
0.251519
0.251222
0.250944
0.250686
0.25045
0.250238
0.250049
0.249887
0.249756
0.249653
0.249584
0.249544
0.249547
0.249574
0.249644
0.249756
0.249911
0.250111
0.250359
0.250658
0.251011
0.251421
0.251893
0.252428
0.253032
0.253709
0.25446
0.255293
0.25621
0.257219
0.258323
0.259528
0.26084
0.262265
0.263809
0.265479
0.267282
0.269225
0.271315
0.273561
0.27597
0.278551
0.281311
0.28426
0.287407
0.29076
0.294329
0.298122
0.302149
0.306419
0.31094
0.315722
0.320771
0.326097
0.331707
0.337608
0.343806
0.350307
0.357115
0.364236
0.371671
0.379424
0.387496
0.395885
0.404592
0.413615
0.42295
0.432593
0.442539
0.452781
0.463313
0.474126
0.485211
0.496559
0.508159
0.52
0.532071
0.544358
0.55685
0.569533
0.582393
0.595416
0.608589
0.621897
0.635326
0.64886
0.662485
0.676186
0.689947
0.703754
0.71759
0.731442
0.74529
0.759121
0.772912
0.786652
0.800323
0.813913
0.827406
0.840785
0.85402
0.867104
0.880014
0.892743
0.90527
0.917584
0.92964
0.941448
0.952976
0.964228
0.975168
0.985782
0.996042
1.00597
1.01551
1.02466
1.03342
1.04173
1.04967
1.05712
1.06414
1.07069
1.07679
1.08234
1.08747
1.09207
1.09633
1.0998
1.10291
1.10541
1.10769
1.10939
1.11013
1.11149
1.11124
1.11144
1.11025
1.10844
1.10598
1.10343
1.10052
1.09742
1.09375
1.08984
1.08568
1.08107
1.0763
1.07118
1.06581
1.0601
1.0541
1.04776
1.04113
1.03416
1.02694
1.01951
1.01189
1.00412
0.996198
0.988154
0.979975
0.971699
0.963363
0.954978
0.946613
0.938272
0.930063
0.921942
0.914159
0.906645
0.899569
0.89337
0.88685
0.885394
0.881622
0.346938
0.346572
0.346203
0.345831
0.345457
0.34508
0.3447
0.344317
0.343932
0.343543
0.343152
0.342758
0.34236
0.34196
0.341557
0.34115
0.340741
0.340328
0.339913
0.339494
0.339072
0.338647
0.338219
0.337788
0.337354
0.336916
0.336475
0.336031
0.335584
0.335134
0.33468
0.334223
0.333763
0.3333
0.332833
0.332363
0.33189
0.331414
0.330935
0.330452
0.329966
0.329477
0.328985
0.328489
0.32799
0.327489
0.326983
0.326475
0.325964
0.325449
0.324932
0.324411
0.323887
0.323361
0.322831
0.322298
0.321762
0.321223
0.320681
0.320136
0.319589
0.319038
0.318485
0.317928
0.317369
0.316808
0.316243
0.315676
0.315106
0.314533
0.313958
0.31338
0.3128
0.312217
0.311631
0.311044
0.310453
0.309861
0.309266
0.308669
0.30807
0.307468
0.306865
0.306259
0.305652
0.305042
0.30443
0.303817
0.303201
0.302584
0.301966
0.301345
0.300723
0.300099
0.299474
0.298848
0.29822
0.297591
0.296961
0.296329
0.295697
0.295063
0.294428
0.293793
0.293156
0.292519
0.291881
0.291243
0.290604
0.289964
0.289325
0.288685
0.288045
0.287405
0.286765
0.286125
0.285485
0.284845
0.284206
0.283567
0.282928
0.28229
0.281654
0.281018
0.280383
0.27975
0.279118
0.278488
0.277859
0.277232
0.276607
0.275983
0.275361
0.274741
0.274123
0.273508
0.272895
0.272286
0.271681
0.27108
0.270483
0.26989
0.269303
0.268718
0.268136
0.267557
0.266982
0.266412
0.265847
0.265287
0.264733
0.264189
0.263656
0.263131
0.262615
0.262108
0.261611
0.261122
0.260645
0.260181
0.25973
0.25929
0.258865
0.258451
0.258054
0.257667
0.257289
0.25692
0.256564
0.256222
0.255894
0.255581
0.255285
0.255008
0.254751
0.254515
0.254299
0.254109
0.25394
0.253802
0.253688
0.253611
0.253553
0.253545
0.253557
0.253601
0.253688
0.253814
0.25398
0.25419
0.254445
0.254748
0.2551
0.255507
0.25597
0.256492
0.257076
0.257727
0.258446
0.259238
0.260106
0.261055
0.262088
0.263211
0.264426
0.26574
0.267157
0.268682
0.27032
0.272077
0.273959
0.275971
0.278119
0.28041
0.282849
0.285443
0.288199
0.291122
0.294219
0.297498
0.300964
0.304625
0.308485
0.312552
0.316833
0.321331
0.326054
0.331007
0.336194
0.34162
0.347289
0.353205
0.359372
0.36579
0.372463
0.379391
0.386576
0.394017
0.401712
0.409662
0.417864
0.426315
0.435011
0.443949
0.453123
0.462529
0.47216
0.482011
0.492074
0.502341
0.512805
0.523459
0.534293
0.5453
0.55647
0.567796
0.579267
0.590876
0.602612
0.614467
0.62643
0.63849
0.650639
0.662867
0.675161
0.687514
0.699913
0.71235
0.724816
0.737296
0.749782
0.762262
0.774725
0.787163
0.799562
0.811911
0.8242
0.83641
0.848531
0.860544
0.872449
0.884232
0.895882
0.907388
0.918724
0.929866
0.940821
0.951569
0.962108
0.972419
0.982483
0.992257
1.00177
1.01099
1.01992
1.02853
1.03681
1.04473
1.05232
1.05954
1.06636
1.07281
1.07882
1.0845
1.08969
1.09448
1.09884
1.10279
1.1062
1.10916
1.11167
1.11385
1.11528
1.11634
1.11689
1.11754
1.11742
1.11657
1.11595
1.11445
1.11281
1.11037
1.10734
1.10368
1.09983
1.09567
1.09135
1.0867
1.08181
1.07673
1.07131
1.06571
1.05984
1.05376
1.04741
1.04082
1.03396
1.02686
1.0195
1.01193
1.00418
0.996289
0.988286
0.980177
0.971989
0.963712
0.955369
0.947003
0.938613
0.93028
0.921975
0.913844
0.905786
0.898067
0.890614
0.883555
0.877504
0.870996
0.869257
0.865043
0.34655
0.346151
0.345748
0.345342
0.344932
0.344518
0.344101
0.34368
0.343256
0.342828
0.342396
0.341961
0.341521
0.341079
0.340632
0.340182
0.339728
0.33927
0.338809
0.338344
0.337875
0.337402
0.336926
0.336446
0.335962
0.335475
0.334983
0.334489
0.33399
0.333488
0.332982
0.332473
0.33196
0.331443
0.330923
0.330399
0.329872
0.329341
0.328807
0.328269
0.327728
0.327184
0.326636
0.326084
0.32553
0.324972
0.32441
0.323846
0.323278
0.322708
0.322134
0.321557
0.320977
0.320394
0.319808
0.319219
0.318627
0.318033
0.317435
0.316835
0.316232
0.315627
0.315019
0.314409
0.313796
0.31318
0.312563
0.311943
0.31132
0.310696
0.310069
0.30944
0.30881
0.308177
0.307542
0.306906
0.306268
0.305628
0.304987
0.304344
0.3037
0.303054
0.302407
0.301759
0.30111
0.300459
0.299807
0.299155
0.298501
0.297847
0.297192
0.296537
0.295881
0.295225
0.294569
0.293912
0.293256
0.292599
0.291942
0.291286
0.290629
0.289973
0.289318
0.288663
0.288008
0.287355
0.286702
0.286051
0.285401
0.284753
0.284107
0.283462
0.282819
0.282177
0.281538
0.2809
0.280264
0.27963
0.278998
0.27837
0.277745
0.277123
0.276506
0.275893
0.275284
0.274679
0.27408
0.273484
0.272892
0.272302
0.271717
0.271136
0.27056
0.26999
0.269424
0.268869
0.268325
0.267789
0.267263
0.266746
0.266237
0.265739
0.265249
0.264772
0.264307
0.263855
0.263417
0.262991
0.262579
0.262182
0.261799
0.261423
0.261058
0.260705
0.260365
0.260039
0.25973
0.259436
0.259161
0.258905
0.25867
0.258455
0.258264
0.258095
0.257953
0.257835
0.25775
0.25769
0.257669
0.257676
0.25771
0.257784
0.257894
0.258042
0.25823
0.25846
0.258734
0.259055
0.259423
0.259843
0.260315
0.260845
0.261432
0.262082
0.262796
0.263578
0.26443
0.265356
0.266359
0.267444
0.268612
0.26987
0.271219
0.272665
0.274211
0.275862
0.277622
0.279496
0.281487
0.283602
0.285844
0.288218
0.29073
0.293383
0.296183
0.299134
0.302242
0.30551
0.308944
0.312548
0.316327
0.320284
0.324423
0.328749
0.333264
0.337973
0.342877
0.34798
0.353284
0.358791
0.364502
0.370417
0.376539
0.382866
0.3894
0.396137
0.403079
0.410222
0.417566
0.425106
0.432841
0.440767
0.448881
0.457177
0.465653
0.474302
0.483121
0.492104
0.501246
0.51054
0.519982
0.529566
0.539285
0.549134
0.559106
0.569195
0.579394
0.589697
0.600097
0.610588
0.621163
0.631816
0.642543
0.653334
0.664186
0.675093
0.686047
0.697043
0.708072
0.719131
0.730209
0.7413
0.752398
0.763496
0.774586
0.785663
0.796717
0.807743
0.818734
0.829676
0.840566
0.851397
0.862161
0.87285
0.883454
0.893963
0.904366
0.914645
0.924793
0.9348
0.944676
0.954403
0.963971
0.973366
0.982553
0.991521
1.00029
1.00885
1.01719
1.02529
1.03312
1.04065
1.04791
1.0549
1.0616
1.068
1.07405
1.07975
1.08515
1.09018
1.09485
1.09916
1.10306
1.10658
1.10962
1.1123
1.11461
1.11654
1.11798
1.119
1.1198
1.12036
1.12012
1.11954
1.11855
1.11748
1.11595
1.1138
1.1116
1.10886
1.10582
1.10221
1.09812
1.0935
1.08865
1.08354
1.07829
1.07284
1.0672
1.06142
1.0554
1.04922
1.04282
1.03624
1.02946
1.02248
1.01529
1.00791
1.00033
0.99258
0.984698
0.976702
0.968631
0.960491
0.952308
0.944078
0.935809
0.927548
0.91928
0.911101
0.902948
0.895002
0.887108
0.879562
0.872262
0.86532
0.859448
0.853108
0.851266
0.846634
0.345739
0.34529
0.344837
0.344379
0.343917
0.343451
0.34298
0.342504
0.342025
0.341541
0.341052
0.340559
0.340062
0.339561
0.339055
0.338545
0.338031
0.337512
0.336989
0.336462
0.335931
0.335395
0.334856
0.334312
0.333764
0.333213
0.332657
0.332097
0.331533
0.330966
0.330394
0.329819
0.32924
0.328658
0.328071
0.327481
0.326888
0.326291
0.32569
0.325086
0.324479
0.323869
0.323255
0.322638
0.322018
0.321395
0.320769
0.320139
0.319508
0.318873
0.318235
0.317595
0.316952
0.316307
0.315659
0.315009
0.314357
0.313702
0.313045
0.312387
0.311726
0.311063
0.310399
0.309733
0.309065
0.308396
0.307725
0.307052
0.306379
0.305704
0.305028
0.304351
0.303674
0.302995
0.302316
0.301636
0.300956
0.300276
0.299595
0.298915
0.298234
0.297553
0.296872
0.296191
0.29551
0.29483
0.294151
0.293473
0.292795
0.292119
0.291444
0.290771
0.290099
0.28943
0.288762
0.288095
0.287431
0.286768
0.286107
0.285449
0.284792
0.284139
0.283488
0.282842
0.282199
0.28156
0.280926
0.280297
0.279672
0.279052
0.278438
0.277827
0.277219
0.276615
0.276015
0.275421
0.274832
0.274248
0.273673
0.273109
0.272555
0.272011
0.271476
0.270951
0.270435
0.26993
0.269434
0.26895
0.26848
0.268023
0.26758
0.267151
0.266736
0.266336
0.265953
0.265578
0.265215
0.264862
0.264523
0.264199
0.263891
0.2636
0.263327
0.263073
0.26284
0.262627
0.262438
0.262271
0.262131
0.262014
0.261929
0.261868
0.261846
0.261853
0.261885
0.261957
0.262065
0.262209
0.262392
0.262615
0.26288
0.263188
0.263543
0.263946
0.264399
0.264903
0.265463
0.26608
0.266757
0.267496
0.2683
0.269172
0.270113
0.271129
0.27222
0.273391
0.274645
0.275984
0.277412
0.278933
0.28055
0.282266
0.284085
0.286011
0.288047
0.290197
0.292465
0.294854
0.297368
0.30001
0.302784
0.305694
0.308743
0.311934
0.31527
0.318755
0.322392
0.326183
0.330131
0.334237
0.338505
0.342937
0.347532
0.352294
0.357223
0.36232
0.367585
0.373019
0.37862
0.384389
0.390325
0.396427
0.402692
0.409119
0.415707
0.422451
0.429351
0.436403
0.443603
0.450949
0.458436
0.466061
0.47382
0.481709
0.489723
0.497857
0.506109
0.514472
0.522943
0.531516
0.540188
0.548954
0.557808
0.566747
0.575767
0.584861
0.594028
0.603261
0.612557
0.621912
0.631322
0.640781
0.650286
0.659832
0.669416
0.679033
0.688678
0.698348
0.708037
0.717743
0.727463
0.737191
0.746928
0.756665
0.766403
0.776137
0.78586
0.795572
0.805262
0.814929
0.824565
0.834164
0.843728
0.853248
0.862717
0.872137
0.88149
0.890784
0.900003
0.909138
0.918194
0.927166
0.936043
0.944818
0.953481
0.962023
0.97043
0.978685
0.986793
0.994751
1.00257
1.01024
1.01772
1.02502
1.03207
1.03891
1.04557
1.05201
1.05823
1.06422
1.06992
1.07531
1.08046
1.08535
1.08997
1.09431
1.0983
1.10186
1.10513
1.1081
1.11073
1.11304
1.11493
1.11654
1.11785
1.11881
1.11946
1.11977
1.11962
1.11907
1.11825
1.11718
1.11554
1.11356
1.11123
1.10872
1.10593
1.10267
1.09925
1.09544
1.09132
1.08677
1.08182
1.07645
1.07085
1.06504
1.05912
1.05307
1.04689
1.04062
1.03418
1.02761
1.02087
1.01399
1.00696
0.999769
0.992416
0.984913
0.977267
0.969489
0.961616
0.953659
0.945657
0.937618
0.929565
0.9215
0.913418
0.905374
0.897331
0.889406
0.881494
0.873823
0.866171
0.858885
0.851808
0.845068
0.839388
0.833327
0.831496
0.826451
0.344271
0.343753
0.343228
0.342699
0.342165
0.341625
0.341081
0.340531
0.339976
0.339417
0.338852
0.338283
0.337709
0.33713
0.336546
0.335958
0.335365
0.334767
0.334165
0.333559
0.332948
0.332333
0.331714
0.331091
0.330463
0.329831
0.329196
0.328556
0.327913
0.327266
0.326616
0.325961
0.325304
0.324643
0.323978
0.323311
0.32264
0.321967
0.32129
0.320611
0.319929
0.319244
0.318557
0.317867
0.317175
0.31648
0.315784
0.315085
0.314384
0.313682
0.312977
0.312272
0.311564
0.310856
0.310146
0.309435
0.308724
0.308011
0.307298
0.306584
0.305869
0.305154
0.304439
0.303723
0.303008
0.302292
0.301576
0.300861
0.300147
0.299433
0.298721
0.29801
0.2973
0.296591
0.295885
0.29518
0.294477
0.293776
0.293076
0.292378
0.291683
0.290989
0.290298
0.28961
0.288925
0.288245
0.287568
0.286896
0.286229
0.285567
0.28491
0.284258
0.283612
0.282971
0.282333
0.281698
0.281069
0.280444
0.279825
0.279212
0.278604
0.278009
0.277425
0.276852
0.276289
0.275736
0.275193
0.274662
0.27414
0.273631
0.273131
0.272647
0.272177
0.271723
0.271282
0.27086
0.27045
0.270061
0.269684
0.269317
0.268962
0.268621
0.268296
0.267987
0.267696
0.267424
0.267171
0.266939
0.266729
0.266543
0.26638
0.266245
0.266132
0.266054
0.265994
0.265982
0.265992
0.266033
0.266113
0.266229
0.266383
0.266575
0.266807
0.267081
0.267399
0.267762
0.268173
0.268632
0.269143
0.269706
0.270326
0.271002
0.271739
0.272539
0.273403
0.274334
0.275335
0.276408
0.277557
0.278782
0.280089
0.281478
0.282953
0.284516
0.286171
0.287921
0.289768
0.291715
0.293765
0.295922
0.298187
0.300564
0.303055
0.305664
0.308392
0.311243
0.314219
0.317323
0.320555
0.32392
0.327418
0.331051
0.334821
0.338729
0.342777
0.346965
0.351294
0.355766
0.360379
0.365134
0.37003
0.375069
0.380247
0.385566
0.391022
0.396616
0.402344
0.408206
0.414198
0.420319
0.426566
0.432936
0.439426
0.446033
0.452753
0.459584
0.466521
0.47356
0.4807
0.487934
0.49526
0.502673
0.510171
0.517748
0.525402
0.533128
0.540924
0.548784
0.556705
0.564684
0.572718
0.580803
0.588935
0.597111
0.605328
0.613582
0.621871
0.63019
0.638539
0.646913
0.65531
0.663727
0.672162
0.680613
0.689076
0.697551
0.706033
0.714523
0.723016
0.73151
0.740003
0.748493
0.756975
0.765449
0.773911
0.782358
0.790789
0.7992
0.807591
0.815959
0.824305
0.832623
0.840917
0.849178
0.857411
0.865605
0.873758
0.881869
0.889928
0.897936
0.905884
0.91377
0.921601
0.929362
0.937052
0.944673
0.952201
0.959659
0.967014
0.97427
0.981439
0.988515
0.995477
1.00232
1.00903
1.01561
1.02203
1.02829
1.03441
1.04039
1.04623
1.05191
1.05739
1.06266
1.06768
1.07251
1.07718
1.08164
1.08589
1.08991
1.09355
1.09689
1.09999
1.10289
1.10553
1.10795
1.10997
1.11166
1.11319
1.1145
1.11547
1.11614
1.11638
1.11639
1.11616
1.11553
1.11463
1.11342
1.11184
1.10992
1.10772
1.10531
1.10246
1.09932
1.09587
1.09223
1.08839
1.08422
1.07985
1.07518
1.07023
1.06494
1.05934
1.05341
1.04728
1.04097
1.03459
1.02813
1.0216
1.01501
1.00832
1.00153
0.994624
0.987608
0.980475
0.973222
0.965848
0.958361
0.950775
0.943095
0.93535
0.927551
0.919732
0.9119
0.904079
0.896274
0.888471
0.88073
0.872993
0.865403
0.857802
0.850476
0.843126
0.836169
0.829363
0.822895
0.817412
0.811713
0.809935
0.804445
0.341813
0.341199
0.340578
0.339952
0.339321
0.338683
0.338041
0.337393
0.33674
0.336081
0.335418
0.33475
0.334077
0.333399
0.332716
0.332029
0.331338
0.330642
0.329942
0.329238
0.32853
0.327818
0.327102
0.326383
0.32566
0.324933
0.324204
0.323471
0.322735
0.321997
0.321255
0.320512
0.319766
0.319018
0.318267
0.317515
0.316762
0.316006
0.315249
0.314491
0.313731
0.31297
0.312208
0.311445
0.310681
0.309916
0.309152
0.308387
0.307623
0.306858
0.306095
0.305332
0.30457
0.30381
0.303051
0.302293
0.301537
0.300783
0.30003
0.299279
0.29853
0.297782
0.297036
0.296293
0.295554
0.294818
0.294086
0.293358
0.292636
0.291918
0.291205
0.290498
0.289797
0.289101
0.288412
0.287728
0.287047
0.28637
0.285698
0.285031
0.284371
0.283716
0.283072
0.282441
0.281821
0.281213
0.280616
0.280031
0.279457
0.278895
0.278345
0.277807
0.277281
0.27677
0.276275
0.275797
0.275336
0.274893
0.274468
0.27406
0.273672
0.273295
0.272931
0.272582
0.272249
0.271934
0.271638
0.271362
0.271107
0.270875
0.270665
0.270482
0.270322
0.270192
0.270086
0.270017
0.269966
0.269966
0.269985
0.270043
0.270139
0.270274
0.270449
0.270665
0.270922
0.271224
0.27157
0.271964
0.272406
0.272899
0.273444
0.274045
0.2747
0.275416
0.27619
0.277028
0.277932
0.278902
0.279942
0.281054
0.282241
0.283504
0.284847
0.28627
0.287778
0.289372
0.291055
0.292829
0.294697
0.29666
0.298722
0.300885
0.303151
0.305522
0.308
0.310588
0.313288
0.316101
0.319029
0.322074
0.325237
0.328521
0.331925
0.335451
0.339101
0.342874
0.346772
0.350794
0.354941
0.359212
0.363608
0.368127
0.37277
0.377534
0.38242
0.387425
0.392549
0.397789
0.403143
0.40861
0.414187
0.419871
0.425661
0.431552
0.437542
0.443629
0.449809
0.456078
0.462433
0.468872
0.47539
0.481985
0.488651
0.495387
0.502188
0.509052
0.515974
0.522951
0.52998
0.537058
0.544181
0.551345
0.558549
0.565788
0.57306
0.580362
0.587692
0.595045
0.60242
0.609814
0.617226
0.624651
0.63209
0.639537
0.646995
0.654457
0.661925
0.669393
0.676864
0.684333
0.6918
0.699262
0.706719
0.714167
0.721607
0.729036
0.736454
0.743857
0.751247
0.75862
0.765978
0.773317
0.780639
0.787941
0.795223
0.802484
0.809722
0.816937
0.824126
0.831287
0.838418
0.845518
0.852584
0.859615
0.866611
0.873568
0.880487
0.887369
0.894211
0.901013
0.907777
0.914495
0.921175
0.927804
0.934388
0.940913
0.947383
0.953793
0.960133
0.966406
0.972605
0.978731
0.984792
0.990769
0.996664
1.00248
1.00819
1.01383
1.01935
1.02477
1.0301
1.03534
1.04044
1.0454
1.05023
1.05492
1.05945
1.06383
1.06808
1.07218
1.07618
1.07998
1.08357
1.0869
1.08994
1.09283
1.09559
1.09815
1.10055
1.10267
1.10442
1.10605
1.10744
1.10874
1.10977
1.11059
1.11101
1.111
1.11097
1.11076
1.11018
1.10934
1.10815
1.10673
1.10505
1.10308
1.10086
1.09838
1.09558
1.09251
1.08918
1.08566
1.08182
1.07772
1.07337
1.06886
1.06418
1.05927
1.05418
1.04885
1.04329
1.03747
1.0314
1.02508
1.01859
1.01198
1.00531
0.998611
0.991883
0.985129
0.978327
0.971468
0.96453
0.957511
0.950407
0.943216
0.93594
0.928584
0.921164
0.913683
0.906166
0.898619
0.891074
0.883536
0.876028
0.868559
0.861105
0.853737
0.846367
0.839173
0.831936
0.825014
0.818006
0.811434
0.804929
0.798791
0.793496
0.788224
0.786481
0.780454
0.337854
0.337112
0.336364
0.335611
0.334852
0.334089
0.33332
0.332546
0.331768
0.330985
0.330198
0.329407
0.328612
0.327813
0.32701
0.326205
0.325395
0.324583
0.323768
0.322949
0.322128
0.321305
0.320479
0.319652
0.318823
0.317992
0.317161
0.316328
0.315495
0.314662
0.313828
0.312995
0.312162
0.31133
0.310498
0.309668
0.308839
0.30801
0.307183
0.306356
0.305531
0.304706
0.303884
0.303065
0.302249
0.301437
0.300629
0.299826
0.299027
0.298234
0.297446
0.296663
0.295887
0.295117
0.294353
0.293597
0.292844
0.292095
0.29135
0.290611
0.289877
0.289151
0.288431
0.287726
0.287034
0.286356
0.285691
0.285039
0.284399
0.283772
0.283158
0.282559
0.281972
0.281402
0.280843
0.280305
0.279784
0.279285
0.278805
0.278346
0.277906
0.277491
0.277092
0.276708
0.276339
0.275988
0.275657
0.275347
0.275059
0.274794
0.274554
0.27434
0.274153
0.273995
0.273865
0.273769
0.273701
0.273674
0.27368
0.273716
0.273794
0.273914
0.274078
0.274285
0.274537
0.274836
0.275182
0.275579
0.276025
0.276526
0.27708
0.277692
0.278361
0.279092
0.279884
0.280742
0.281665
0.282658
0.283722
0.284859
0.286071
0.287361
0.288731
0.290183
0.29172
0.293343
0.295055
0.296858
0.298754
0.300745
0.302833
0.305021
0.307309
0.3097
0.312196
0.314798
0.317507
0.320326
0.323255
0.326296
0.32945
0.332718
0.336099
0.339596
0.343208
0.346936
0.350779
0.354738
0.358812
0.363
0.367303
0.371718
0.376244
0.380881
0.385627
0.39048
0.395438
0.4005
0.405662
0.410922
0.416278
0.421728
0.427268
0.432894
0.438605
0.444398
0.450267
0.456211
0.462226
0.468308
0.474454
0.480661
0.486924
0.493241
0.499609
0.506023
0.51248
0.518979
0.525514
0.532084
0.538685
0.545314
0.551968
0.558645
0.565341
0.572054
0.578782
0.585523
0.592272
0.59903
0.605792
0.612558
0.619325
0.626092
0.632856
0.639616
0.64637
0.653118
0.659856
0.666584
0.6733
0.680004
0.686693
0.693367
0.700024
0.706664
0.713285
0.719887
0.726469
0.73303
0.73957
0.746086
0.752581
0.759051
0.765498
0.771918
0.778314
0.784683
0.791026
0.79734
0.803629
0.809887
0.816117
0.822316
0.828486
0.834623
0.84073
0.846802
0.852845
0.858852
0.864829
0.870772
0.876684
0.882561
0.888403
0.894211
0.899984
0.905717
0.91141
0.917061
0.922664
0.928228
0.933741
0.939209
0.944629
0.95
0.95533
0.960616
0.965857
0.97105
0.976195
0.981288
0.986333
0.99132
0.996247
1.0011
1.0059
1.01062
1.01526
1.01983
1.02432
1.02873
1.03307
1.03731
1.04148
1.04557
1.04954
1.05345
1.05722
1.0609
1.06451
1.06799
1.07132
1.0745
1.07756
1.08044
1.08314
1.08573
1.08819
1.09047
1.09271
1.09467
1.09641
1.09801
1.09936
1.10065
1.10188
1.10288
1.10372
1.10425
1.1043
1.10444
1.10416
1.10407
1.10359
1.10291
1.10189
1.10056
1.09908
1.09742
1.09551
1.09336
1.09093
1.0883
1.08542
1.08231
1.07898
1.07545
1.07165
1.06763
1.06338
1.05898
1.05434
1.04949
1.04444
1.03925
1.03394
1.02847
1.02285
1.01705
1.01107
1.00488
0.998503
0.991944
0.985257
0.978486
0.971686
0.964891
0.958103
0.951323
0.944533
0.937721
0.930863
0.923952
0.916984
0.909957
0.902876
0.895744
0.888577
0.881377
0.874166
0.866945
0.859746
0.852571
0.845439
0.838365
0.831314
0.82437
0.817415
0.810664
0.803828
0.797353
0.790717
0.784573
0.778382
0.772621
0.7675
0.762707
0.760936
0.754202
0.331589
0.330684
0.329775
0.328862
0.327945
0.327026
0.326103
0.325178
0.324251
0.323322
0.322391
0.321459
0.320527
0.319594
0.318659
0.317724
0.316787
0.31585
0.314912
0.313975
0.313039
0.312106
0.311175
0.310247
0.309322
0.308402
0.307485
0.306574
0.305667
0.304766
0.30387
0.30298
0.302098
0.301221
0.300353
0.299489
0.298627
0.29777
0.296916
0.296069
0.295228
0.294394
0.293578
0.292776
0.291989
0.291217
0.29046
0.289716
0.288988
0.288274
0.287577
0.286893
0.286229
0.285578
0.284948
0.284332
0.283741
0.283174
0.28263
0.282111
0.281617
0.281148
0.280706
0.28028
0.279873
0.279486
0.27912
0.278779
0.278463
0.278175
0.277913
0.277685
0.277482
0.27732
0.277182
0.277092
0.277021
0.277015
0.277029
0.277087
0.277191
0.277341
0.277539
0.277788
0.278091
0.278446
0.278858
0.279326
0.279852
0.28044
0.281089
0.281803
0.282582
0.283431
0.284349
0.28534
0.286406
0.287548
0.28877
0.290072
0.291458
0.292929
0.294488
0.296137
0.297879
0.299715
0.301647
0.303677
0.305807
0.30804
0.310376
0.312818
0.315366
0.318023
0.320789
0.323666
0.326655
0.329756
0.332971
0.3363
0.339744
0.343302
0.346974
0.350761
0.354662
0.358677
0.362804
0.367044
0.371393
0.375852
0.380419
0.385091
0.389867
0.394744
0.39972
0.404793
0.40996
0.415218
0.420563
0.425994
0.431505
0.437095
0.442759
0.448495
0.454297
0.460163
0.46609
0.472072
0.478107
0.484191
0.49032
0.49649
0.502698
0.50894
0.515212
0.521512
0.527835
0.53418
0.540541
0.546917
0.553304
0.5597
0.566102
0.572507
0.578913
0.585317
0.591717
0.598111
0.604496
0.610871
0.617234
0.623582
0.629915
0.636231
0.64253
0.648808
0.655067
0.661305
0.667521
0.673714
0.679883
0.686027
0.692146
0.698239
0.704304
0.710342
0.716352
0.722333
0.728283
0.734205
0.740096
0.745957
0.751786
0.757585
0.763352
0.769087
0.77479
0.780461
0.786099
0.791704
0.797276
0.802815
0.808319
0.813791
0.819228
0.824632
0.830001
0.835337
0.840639
0.845906
0.851141
0.85634
0.861506
0.866635
0.871733
0.876792
0.881819
0.886806
0.891762
0.896679
0.901562
0.906407
0.911217
0.915987
0.920722
0.925415
0.930073
0.934688
0.939268
0.943808
0.948317
0.952784
0.957217
0.961607
0.965957
0.97027
0.974535
0.978754
0.982922
0.987038
0.991101
0.995124
0.999081
1.003
1.00686
1.01067
1.01444
1.01817
1.02186
1.02549
1.02907
1.03259
1.03605
1.03946
1.04278
1.04605
1.04923
1.05232
1.05535
1.0583
1.06116
1.06394
1.06665
1.06927
1.0718
1.07427
1.07661
1.07885
1.08094
1.08294
1.08488
1.08661
1.0882
1.08965
1.09101
1.09229
1.09342
1.09454
1.09551
1.09627
1.09703
1.09728
1.09756
1.0977
1.09735
1.09715
1.09707
1.0966
1.09596
1.09508
1.09385
1.09251
1.09095
1.08934
1.08752
1.08552
1.08325
1.08073
1.07803
1.07518
1.07212
1.06887
1.06539
1.06174
1.05788
1.05384
1.04961
1.04522
1.04062
1.03584
1.03088
1.02579
1.02052
1.01511
1.00954
1.00386
0.998091
0.992217
0.986238
0.980123
0.973873
0.967471
0.960933
0.954268
0.947517
0.940715
0.933911
0.927139
0.920405
0.913707
0.907033
0.900365
0.893681
0.886968
0.880222
0.873443
0.866634
0.8598
0.852956
0.846102
0.839259
0.832424
0.825626
0.818865
0.812158
0.805524
0.798916
0.792437
0.785928
0.779656
0.773245
0.767251
0.761003
0.75532
0.749445
0.744099
0.739127
0.734852
0.732953
0.725245
0.321792
0.3207
0.319608
0.318519
0.317432
0.316349
0.31527
0.314195
0.313124
0.31206
0.311001
0.309951
0.308904
0.307857
0.306813
0.30577
0.304733
0.303697
0.302675
0.301669
0.30068
0.299708
0.298752
0.297811
0.296887
0.295979
0.295088
0.294214
0.293358
0.292519
0.291701
0.290901
0.290123
0.289365
0.288628
0.287918
0.287238
0.286587
0.285967
0.285378
0.284821
0.284297
0.283792
0.28331
0.282853
0.282422
0.282021
0.281649
0.281313
0.281007
0.280742
0.280508
0.280322
0.280166
0.280068
0.279993
0.279993
0.280021
0.280101
0.280236
0.280425
0.280671
0.280975
0.281344
0.281777
0.282278
0.282848
0.283489
0.284201
0.28499
0.285854
0.286798
0.287822
0.288932
0.290125
0.291408
0.29278
0.294245
0.295806
0.297463
0.29922
0.301078
0.30304
0.305108
0.307284
0.30957
0.311967
0.314478
0.317105
0.319847
0.322708
0.325688
0.328787
0.332007
0.335349
0.338812
0.342398
0.346105
0.349934
0.353884
0.357955
0.362146
0.366456
0.370882
0.375425
0.380081
0.384849
0.389727
0.394711
0.3998
0.40499
0.410278
0.415661
0.421136
0.426698
0.432343
0.438069
0.44387
0.449742
0.455682
0.461685
0.467745
0.47386
0.480024
0.486234
0.492483
0.498769
0.505086
0.511431
0.517799
0.524185
0.530587
0.537
0.543421
0.549845
0.55627
0.562692
0.569108
0.575514
0.581909
0.58829
0.594653
0.600997
0.607319
0.613617
0.61989
0.626135
0.632352
0.638537
0.644691
0.650812
0.656898
0.662949
0.668964
0.674941
0.68088
0.686781
0.692642
0.698464
0.704245
0.709986
0.715686
0.721345
0.726963
0.732538
0.738073
0.743565
0.749015
0.754423
0.759788
0.76511
0.77039
0.775627
0.780823
0.785979
0.791094
0.796171
0.801208
0.806207
0.811167
0.816088
0.820972
0.825817
0.830624
0.835393
0.840124
0.844817
0.849471
0.854088
0.858668
0.863211
0.867717
0.872186
0.876619
0.881014
0.885375
0.889698
0.893986
0.898235
0.902451
0.906627
0.910771
0.914874
0.918945
0.922977
0.926976
0.930938
0.934867
0.938759
0.942616
0.946437
0.950223
0.953973
0.957686
0.961364
0.965002
0.968607
0.97217
0.975701
0.979189
0.982646
0.98606
0.98944
0.992775
0.996074
0.999328
1.00255
1.00572
1.00886
1.01196
1.01504
1.01806
1.02105
1.02399
1.02689
1.02976
1.03255
1.0353
1.03799
1.04062
1.0432
1.04575
1.04822
1.05065
1.05303
1.05535
1.05766
1.05993
1.06215
1.0643
1.0664
1.06844
1.07041
1.07232
1.07414
1.07589
1.07749
1.07898
1.08047
1.08179
1.08308
1.0843
1.08545
1.08651
1.08746
1.0884
1.08928
1.09009
1.09075
1.09133
1.09186
1.09192
1.09214
1.09201
1.09204
1.09193
1.09146
1.09135
1.0909
1.09024
1.08953
1.08857
1.08741
1.08612
1.08458
1.083
1.08139
1.07958
1.07763
1.07548
1.07309
1.07052
1.06779
1.06496
1.06197
1.05884
1.0555
1.05196
1.04826
1.04441
1.0404
1.03624
1.0319
1.02742
1.02277
1.01797
1.01303
1.00796
1.00274
0.997384
0.991878
0.986284
0.980561
0.97474
0.968804
0.962791
0.956725
0.950596
0.944402
0.938114
0.931733
0.925246
0.918669
0.912012
0.905306
0.898582
0.89188
0.885232
0.878647
0.872123
0.865648
0.859204
0.852769
0.846328
0.839873
0.833408
0.826935
0.820459
0.813993
0.807537
0.80111
0.794705
0.788352
0.782044
0.7758
0.769638
0.763504
0.757516
0.751476
0.74571
0.739739
0.734252
0.728396
0.7232
0.717632
0.712731
0.707878
0.704139
0.701985
0.692924
0.307103
0.305888
0.304693
0.303519
0.302366
0.301237
0.300129
0.299047
0.297989
0.296957
0.295951
0.294974
0.294027
0.29312
0.292251
0.291423
0.290633
0.289889
0.28918
0.288496
0.287842
0.287218
0.28663
0.286076
0.285563
0.285087
0.284658
0.284268
0.283932
0.283635
0.283401
0.283205
0.283083
0.282995
0.282993
0.283035
0.28314
0.283316
0.283562
0.283878
0.284269
0.284736
0.285287
0.285923
0.286647
0.28746
0.288366
0.289365
0.290462
0.291657
0.292955
0.294356
0.295865
0.297481
0.299212
0.301054
0.303014
0.305093
0.307293
0.309616
0.312065
0.314641
0.317346
0.320183
0.323152
0.326255
0.329493
0.332868
0.33638
0.34003
0.343818
0.347745
0.351809
0.356011
0.36035
0.364825
0.369434
0.374176
0.379049
0.384051
0.38918
0.394431
0.399804
0.405293
0.410897
0.416609
0.422428
0.428347
0.434363
0.44047
0.446665
0.452941
0.459293
0.465717
0.472205
0.478754
0.485357
0.492008
0.498702
0.505433
0.512196
0.518985
0.525795
0.53262
0.539455
0.546295
0.553135
0.559971
0.566797
0.573611
0.580407
0.587181
0.593931
0.600652
0.607341
0.613996
0.620613
0.62719
0.633724
0.640213
0.646656
0.653049
0.659392
0.665682
0.671919
0.678102
0.684228
0.690299
0.696312
0.702268
0.708166
0.714005
0.719786
0.725509
0.731173
0.736778
0.742325
0.747813
0.753243
0.758615
0.763929
0.769187
0.774386
0.77953
0.784617
0.789649
0.794625
0.799548
0.804415
0.80923
0.813991
0.8187
0.823357
0.827963
0.832519
0.837025
0.841481
0.845889
0.850249
0.854562
0.858827
0.863047
0.867221
0.871351
0.875436
0.879478
0.883476
0.887431
0.891343
0.895211
0.899037
0.902819
0.906562
0.910266
0.913933
0.917565
0.921162
0.924725
0.928254
0.931748
0.935208
0.938633
0.942025
0.945381
0.948702
0.951988
0.95524
0.958457
0.96164
0.96479
0.967907
0.97099
0.97404
0.977058
0.980041
0.982993
0.985908
0.988793
0.99164
0.994458
0.997236
0.999987
1.0027
1.00538
1.00803
1.01065
1.01323
1.01578
1.0183
1.02078
1.02323
1.02564
1.02802
1.03037
1.03267
1.03494
1.03718
1.03937
1.04154
1.04366
1.04575
1.0478
1.04981
1.05177
1.0537
1.05558
1.05744
1.05924
1.06103
1.06277
1.06449
1.06614
1.06777
1.06932
1.07087
1.07234
1.07373
1.07506
1.07636
1.07757
1.07877
1.07995
1.08102
1.08204
1.083
1.08387
1.08474
1.0856
1.0864
1.08713
1.08779
1.08839
1.08893
1.08942
1.08983
1.09012
1.09031
1.09041
1.09062
1.0904
1.09046
1.09038
1.09015
1.08988
1.08943
1.08904
1.08866
1.0881
1.08741
1.08662
1.08576
1.08468
1.08347
1.08213
1.0807
1.0792
1.07754
1.07592
1.07415
1.07221
1.0702
1.06804
1.06568
1.06317
1.06048
1.05771
1.05486
1.05187
1.04877
1.04553
1.04211
1.03851
1.03477
1.03092
1.02696
1.02287
1.01864
1.01425
1.00971
1.00506
1.00028
0.995381
0.990348
0.985213
0.979945
0.97457
0.969084
0.963511
0.957824
0.952045
0.946155
0.940209
0.934181
0.928095
0.921935
0.91573
0.9095
0.903246
0.896961
0.890622
0.884227
0.877767
0.871256
0.864706
0.85814
0.851585
0.845073
0.838634
0.832278
0.826003
0.819797
0.813644
0.80752
0.801409
0.795303
0.789206
0.783119
0.77705
0.771007
0.764991
0.759018
0.75308
0.747205
0.741381
0.735627
0.729963
0.724324
0.71885
0.713293
0.708051
0.702528
0.697567
0.692102
0.687412
0.682132
0.677698
0.672931
0.669709
0.667146
0.656205
0.291828
0.291109
0.290449
0.289854
0.289322
0.288859
0.288464
0.288146
0.287897
0.287732
0.28764
0.287648
0.287717
0.287885
0.288146
0.288499
0.288952
0.289503
0.29016
0.290929
0.291813
0.292813
0.293934
0.295176
0.296544
0.298039
0.299667
0.301426
0.303323
0.305357
0.307534
0.309854
0.312322
0.314937
0.317704
0.320623
0.323698
0.32693
0.33032
0.33387
0.337581
0.341454
0.345489
0.349688
0.35405
0.358574
0.363262
0.368111
0.373121
0.378289
0.383615
0.389095
0.394728
0.400509
0.406436
0.412504
0.41871
0.425049
0.431515
0.438105
0.444811
0.451628
0.45855
0.465571
0.472684
0.479881
0.487157
0.494502
0.501912
0.509377
0.516891
0.524445
0.532034
0.539648
0.547282
0.554927
0.562576
0.570224
0.577862
0.585485
0.593087
0.60066
0.608201
0.615703
0.623162
0.630572
0.637929
0.645229
0.65247
0.659645
0.666754
0.673792
0.680759
0.68765
0.694465
0.701202
0.70786
0.714436
0.720932
0.727345
0.733676
0.739923
0.746088
0.752168
0.758166
0.764081
0.769914
0.775666
0.781336
0.786926
0.792436
0.797867
0.80322
0.808495
0.813693
0.818814
0.823861
0.828832
0.83373
0.838554
0.843306
0.847987
0.852598
0.857138
0.86161
0.866013
0.870351
0.874623
0.878832
0.882979
0.887064
0.891089
0.895055
0.898962
0.902812
0.906606
0.910344
0.914029
0.917659
0.921238
0.924765
0.928241
0.931668
0.935046
0.938376
0.94166
0.944897
0.94809
0.951237
0.954342
0.957403
0.960423
0.963401
0.966339
0.969237
0.972096
0.974916
0.9777
0.980444
0.983154
0.985827
0.988465
0.991067
0.993636
0.996169
0.998671
1.00114
1.00357
1.00597
1.00833
1.01066
1.01295
1.01522
1.01745
1.01966
1.02185
1.02401
1.02615
1.02827
1.03036
1.03242
1.03445
1.03645
1.03843
1.04037
1.04229
1.04417
1.04603
1.04786
1.04966
1.05143
1.05318
1.05489
1.05658
1.05823
1.05986
1.06145
1.06302
1.06454
1.06605
1.06751
1.06896
1.07036
1.07176
1.0731
1.07444
1.07573
1.07699
1.07821
1.0794
1.08056
1.08169
1.08278
1.08384
1.08486
1.08585
1.0868
1.08771
1.08859
1.08943
1.09024
1.091
1.09172
1.09239
1.09303
1.09362
1.09417
1.09466
1.09512
1.09553
1.09592
1.09624
1.09655
1.09677
1.09702
1.09705
1.09712
1.09709
1.09709
1.09683
1.09671
1.09672
1.09654
1.09631
1.09602
1.0956
1.09523
1.09486
1.09441
1.09388
1.09328
1.09263
1.09191
1.09115
1.09029
1.08938
1.08832
1.08716
1.08601
1.08466
1.08329
1.08185
1.08033
1.07875
1.07707
1.0754
1.07368
1.07188
1.06994
1.06793
1.06582
1.06357
1.06116
1.05864
1.056
1.05328
1.05046
1.0476
1.04465
1.04158
1.03842
1.03516
1.03175
1.02819
1.02448
1.02067
1.01678
1.0128
1.00872
1.00454
1.00022
0.995758
0.991177
0.986495
0.981722
0.976862
0.971894
0.966807
0.96161
0.95632
0.950932
0.945464
0.939899
0.934268
0.92854
0.92274
0.916864
0.910935
0.904933
0.898875
0.892743
0.886586
0.880387
0.874165
0.867907
0.861632
0.855359
0.849095
0.84283
0.836547
0.830241
0.823905
0.817554
0.811198
0.804856
0.798549
0.792304
0.786146
0.780088
0.774127
0.768252
0.762447
0.756686
0.750957
0.745249
0.739566
0.73391
0.728288
0.722708
0.717168
0.711683
0.706242
0.700872
0.69556
0.690319
0.685174
0.680048
0.675102
0.670041
0.665336
0.660263
0.655844
0.650762
0.646587
0.641575
0.637611
0.632903
0.630121
0.626973
0.613429
0.31527
0.317602
0.320114
0.322807
0.325682
0.328742
0.331987
0.335421
0.339044
0.342858
0.346865
0.351065
0.35546
0.360049
0.364834
0.369814
0.37499
0.380359
0.385922
0.391677
0.397623
0.403755
0.410073
0.416573
0.42325
0.430101
0.43712
0.444303
0.451643
0.459135
0.466772
0.474546
0.482452
0.490479
0.498622
0.50687
0.515215
0.523648
0.53216
0.540741
0.549382
0.558073
0.566803
0.575564
0.584346
0.593138
0.601931
0.610716
0.619483
0.628224
0.63693
0.645593
0.654204
0.662757
0.671243
0.679656
0.687991
0.696241
0.7044
0.712465
0.72043
0.728292
0.736048
0.743695
0.75123
0.758651
0.765957
0.773146
0.780218
0.787172
0.794009
0.800727
0.807328
0.813812
0.820181
0.826434
0.832574
0.838601
0.844518
0.850324
0.856023
0.861615
0.867102
0.872486
0.877769
0.88295
0.888035
0.893022
0.897915
0.902713
0.907422
0.912037
0.916567
0.921007
0.925364
0.929635
0.933826
0.937933
0.941963
0.945912
0.949787
0.953584
0.957307
0.960957
0.964539
0.968051
0.971496
0.974875
0.97819
0.98144
0.984628
0.987755
0.990821
0.993828
0.996776
0.999667
1.0025
1.00528
1.008
1.01067
1.01329
1.01586
1.01838
1.02085
1.02327
1.02564
1.02797
1.03025
1.0325
1.0347
1.03686
1.03899
1.04107
1.04312
1.04512
1.04709
1.04903
1.05093
1.05279
1.05462
1.05641
1.05818
1.0599
1.0616
1.06327
1.06491
1.06651
1.06809
1.06964
1.07116
1.07265
1.07412
1.07555
1.07696
1.07835
1.07971
1.08104
1.08235
1.08363
1.08489
1.08612
1.08733
1.08851
1.08967
1.09081
1.09192
1.09301
1.09407
1.09511
1.09612
1.09709
1.09804
1.09897
1.09989
1.10079
1.10168
1.10256
1.10343
1.10427
1.10509
1.10588
1.10665
1.1074
1.10811
1.1088
1.10947
1.11011
1.11073
1.11132
1.11189
1.11243
1.11295
1.11344
1.11389
1.11432
1.11471
1.11508
1.11541
1.11572
1.116
1.11624
1.11647
1.11665
1.11681
1.1169
1.11701
1.11702
1.11702
1.11702
1.11696
1.11688
1.11678
1.11663
1.11645
1.11622
1.11597
1.11568
1.11536
1.11499
1.11459
1.11415
1.11368
1.11319
1.11267
1.11211
1.11151
1.11088
1.11019
1.10947
1.1087
1.1079
1.10703
1.10615
1.10519
1.10422
1.10317
1.10205
1.10087
1.09964
1.09831
1.09698
1.09565
1.09421
1.09274
1.09122
1.08961
1.08801
1.08639
1.08471
1.08296
1.08115
1.07928
1.07734
1.07538
1.07331
1.07121
1.06899
1.06667
1.0643
1.0618
1.05922
1.05656
1.05384
1.05106
1.04823
1.04538
1.04248
1.03952
1.03646
1.03331
1.03008
1.02674
1.02325
1.01966
1.01596
1.01217
1.00829
1.00437
1.00038
0.996306
0.992156
0.987926
0.983583
0.979119
0.974525
0.969838
0.965077
0.960243
0.955347
0.950376
0.945312
0.940135
0.934863
0.92951
0.924092
0.918614
0.913066
0.907437
0.901729
0.895958
0.89012
0.884235
0.878288
0.872307
0.866267
0.860187
0.854065
0.847921
0.841741
0.835538
0.829296
0.823058
0.816813
0.810578
0.804338
0.798109
0.791905
0.785737
0.779598
0.77347
0.767349
0.76123
0.755126
0.749047
0.743007
0.737024
0.73112
0.725315
0.719621
0.714036
0.70855
0.703147
0.697802
0.692504
0.687242
0.68202
0.67684
0.671708
0.66663
0.661603
0.65664
0.651729
0.646894
0.642119
0.637416
0.632811
0.628216
0.623813
0.619258
0.615103
0.610482
0.606615
0.601901
0.598243
0.593477
0.589942
0.585284
0.582754
0.578852
0.561731
0.559209
0.568592
0.578089
0.587678
0.597357
0.607108
0.616928
0.626797
0.636716
0.646661
0.656635
0.666611
0.676594
0.68656
0.696508
0.706419
0.716284
0.726095
0.735839
0.745507
0.755087
0.764567
0.773938
0.783192
0.792321
0.801317
0.810174
0.818887
0.827449
0.835857
0.844108
0.852197
0.860123
0.867885
0.87548
0.88291
0.890174
0.897273
0.904207
0.91098
0.917592
0.924046
0.930345
0.936492
0.94249
0.948342
0.954051
0.959622
0.965057
0.970361
0.975537
0.980588
0.985517
0.99033
0.995027
0.999614
1.00409
1.00846
1.01273
1.0169
1.02098
1.02496
1.02884
1.03263
1.03634
1.03996
1.04349
1.04694
1.0503
1.05359
1.0568
1.05993
1.06298
1.06596
1.06886
1.0717
1.07446
1.07715
1.07977
1.08233
1.08482
1.08725
1.08961
1.09191
1.09415
1.09633
1.09845
1.10052
1.10253
1.10448
1.10639
1.10823
1.11004
1.11179
1.11349
1.11515
1.11676
1.11833
1.11985
1.12133
1.12277
1.12415
1.12551
1.12683
1.12811
1.12936
1.13058
1.13176
1.1329
1.13401
1.13509
1.13613
1.13714
1.13812
1.13906
1.13997
1.14085
1.14171
1.14253
1.14332
1.14409
1.14484
1.14555
1.14624
1.14689
1.14752
1.14813
1.14873
1.1493
1.14985
1.15039
1.15089
1.15138
1.15185
1.15229
1.15272
1.15312
1.1535
1.15387
1.15421
1.15454
1.15484
1.15513
1.1554
1.15565
1.15589
1.1561
1.1563
1.15648
1.15665
1.15679
1.15693
1.15704
1.15713
1.15721
1.15727
1.15732
1.15735
1.15735
1.15735
1.15732
1.15728
1.15722
1.15714
1.15705
1.15693
1.1568
1.15664
1.15645
1.15621
1.15592
1.15563
1.15533
1.15504
1.15475
1.15445
1.15413
1.15379
1.15344
1.15306
1.15266
1.15224
1.1518
1.15133
1.15084
1.15032
1.14977
1.1492
1.14861
1.14799
1.14735
1.14668
1.14599
1.14528
1.14455
1.1438
1.14302
1.14221
1.14137
1.14052
1.13962
1.13871
1.13774
1.13677
1.13574
1.13469
1.13359
1.13246
1.1313
1.1301
1.12887
1.12761
1.12631
1.12498
1.12362
1.12222
1.12078
1.1193
1.11779
1.11624
1.11465
1.11302
1.11135
1.10964
1.1079
1.10612
1.1043
1.10243
1.10052
1.09856
1.09657
1.09452
1.09245
1.09031
1.08813
1.08592
1.08363
1.0813
1.07889
1.07642
1.07392
1.07138
1.06877
1.06611
1.06342
1.06066
1.0579
1.0551
1.05225
1.04934
1.04637
1.04335
1.04026
1.03715
1.03394
1.0307
1.02737
1.02395
1.02046
1.01686
1.01318
1.00941
1.00559
1.00172
0.997808
0.99387
0.98989
0.985871
0.981773
0.977599
0.973341
0.968998
0.964538
0.959982
0.955326
0.950588
0.945778
0.940934
0.936044
0.931094
0.926082
0.921012
0.91586
0.910615
0.905267
0.899842
0.894362
0.888831
0.883265
0.877652
0.871981
0.866234
0.860422
0.854553
0.848647
0.842708
0.836734
0.830714
0.824649
0.81855
0.812418
0.806269
0.800094
0.793915
0.787712
0.7815
0.775279
0.769067
0.762852
0.756645
0.750434
0.744252
0.738096
0.731976
0.725882
0.719822
0.71381
0.707857
0.701956
0.696095
0.690266
0.684468
0.678712
0.673008
0.667365
0.661798
0.656323
0.650957
0.645708
0.640577
0.635553
0.630621
0.625759
0.620957
0.616204
0.611506
0.60686
0.602276
0.597754
0.593293
0.5889
0.584566
0.580307
0.576113
0.571981
0.567949
0.563913
0.560073
0.556041
0.552449
0.548281
0.544973
0.540609
0.537445
0.53291
0.529662
0.525084
0.522306
0.517669
0.496098
1.16233
1.16753
1.17247
1.17713
1.18155
1.18574
1.1897
1.19344
1.19698
1.2003
1.20345
1.20638
1.20919
1.21181
1.21431
1.21661
1.2188
1.22089
1.22285
1.2247
1.22642
1.22803
1.22955
1.23098
1.23233
1.23362
1.23484
1.236
1.23711
1.23817
1.23919
1.24016
1.2411
1.242
1.24286
1.2437
1.2445
1.24527
1.24602
1.24673
1.24742
1.24808
1.24871
1.24931
1.24988
1.25043
1.25095
1.25143
1.25189
1.25233
1.25273
1.25311
1.25346
1.25378
1.25407
1.25434
1.25458
1.25479
1.25498
1.25515
1.25529
1.25541
1.2555
1.25557
1.25562
1.25565
1.25564
1.25563
1.2556
1.25554
1.25546
1.25537
1.25525
1.25512
1.25497
1.25479
1.25461
1.2544
1.25417
1.25393
1.25367
1.25339
1.2531
1.25279
1.25246
1.25212
1.25176
1.25139
1.251
1.25059
1.25017
1.24974
1.24929
1.24883
1.24836
1.24787
1.24738
1.24686
1.24634
1.2458
1.24526
1.2447
1.24413
1.24354
1.24295
1.24235
1.24174
1.24112
1.2405
1.23986
1.23921
1.23856
1.23789
1.23721
1.23653
1.23583
1.23512
1.23441
1.23369
1.23298
1.23227
1.23155
1.23081
1.23006
1.22929
1.22851
1.22772
1.22691
1.2261
1.22527
1.22443
1.22359
1.22273
1.22186
1.22098
1.22009
1.21919
1.21828
1.21735
1.21642
1.21548
1.21453
1.21356
1.21259
1.2116
1.21061
1.2096
1.20858
1.20754
1.20651
1.20544
1.20438
1.2033
1.20221
1.2011
1.19998
1.19884
1.1977
1.19653
1.19536
1.19416
1.19296
1.19173
1.19049
1.18923
1.18796
1.18666
1.18534
1.18396
1.18252
1.18101
1.17955
1.17812
1.17669
1.17527
1.17382
1.17235
1.17087
1.16936
1.16782
1.16627
1.16468
1.16308
1.16145
1.15979
1.15811
1.1564
1.15467
1.15291
1.15112
1.14931
1.14747
1.1456
1.14371
1.1418
1.13987
1.13791
1.13592
1.13391
1.13187
1.12979
1.12769
1.12555
1.12338
1.12117
1.11893
1.11666
1.11434
1.11199
1.10961
1.10718
1.10473
1.10224
1.09972
1.09716
1.09457
1.09194
1.08927
1.08657
1.08382
1.08104
1.07822
1.07536
1.07246
1.06953
1.06655
1.06353
1.06048
1.05738
1.05423
1.05105
1.04782
1.04455
1.04124
1.03787
1.03448
1.03103
1.02753
1.02397
1.02034
1.01665
1.01291
1.00911
1.00527
1.00139
0.997463
0.993512
0.989523
0.985488
0.981401
0.977265
0.973087
0.968849
0.964581
0.96024
0.955856
0.951407
0.946887
0.9423
0.937626
0.932881
0.928055
0.923181
0.918266
0.91332
0.908344
0.903337
0.898302
0.893212
0.888061
0.882845
0.877565
0.872202
0.866762
0.86125
0.855674
0.850047
0.844397
0.838722
0.833012
0.827265
0.821484
0.815659
0.809775
0.803825
0.797826
0.791797
0.785743
0.77968
0.773596
0.767496
0.761361
0.755199
0.749012
0.742819
0.736621
0.730424
0.724218
0.718005
0.711791
0.70558
0.699383
0.693198
0.687037
0.680892
0.674767
0.66867
0.662608
0.65658
0.650588
0.644629
0.638723
0.632874
0.627084
0.621354
0.615683
0.610085
0.604562
0.599112
0.593726
0.588395
0.583124
0.577918
0.57279
0.567742
0.562786
0.557932
0.553192
0.54857
0.544067
0.539673
0.535376
0.531158
0.527011
0.522925
0.518904
0.514944
0.511053
0.507229
0.503471
0.499784
0.496156
0.492599
0.489108
0.485656
0.482307
0.478917
0.475728
0.472294
0.469335
0.465671
0.462943
0.458988
0.456245
0.452046
0.448795
0.444561
0.440251
0.435935
0.408091
1.64989
1.64589
1.64195
1.63809
1.63427
1.63051
1.62679
1.62311
1.61948
1.61589
1.61235
1.60884
1.60537
1.60194
1.59855
1.59519
1.59187
1.58858
1.58532
1.5821
1.57891
1.57576
1.57263
1.56953
1.56645
1.56341
1.5604
1.55742
1.55447
1.55155
1.54866
1.54581
1.54298
1.54019
1.53743
1.5347
1.532
1.52933
1.5267
1.5241
1.52152
1.51898
1.51647
1.51399
1.51153
1.5091
1.5067
1.50433
1.50198
1.49966
1.49736
1.49509
1.49284
1.49061
1.48841
1.48622
1.48406
1.48192
1.47979
1.47769
1.4756
1.47353
1.47149
1.46945
1.46744
1.46544
1.46346
1.46149
1.45954
1.4576
1.45568
1.45377
1.45188
1.44999
1.44812
1.44627
1.44442
1.44259
1.44077
1.43895
1.43715
1.43536
1.43357
1.43179
1.43003
1.42827
1.42651
1.42477
1.42303
1.42129
1.41957
1.41784
1.41613
1.41441
1.41271
1.411
1.4093
1.4076
1.40591
1.40421
1.40252
1.40083
1.39915
1.39746
1.39578
1.39409
1.39241
1.39072
1.38904
1.38735
1.38567
1.38398
1.38229
1.3806
1.37891
1.37721
1.37551
1.37381
1.3721
1.37039
1.36868
1.36697
1.36524
1.36352
1.36178
1.36004
1.35829
1.35653
1.35476
1.35299
1.3512
1.3494
1.34759
1.34577
1.34394
1.3421
1.34024
1.33838
1.3365
1.33461
1.3327
1.33078
1.32885
1.3269
1.32494
1.32296
1.32097
1.31896
1.31694
1.31489
1.31284
1.31076
1.30867
1.30655
1.30442
1.30227
1.3001
1.29791
1.2957
1.29347
1.29122
1.28895
1.28666
1.28434
1.282
1.27963
1.27725
1.27483
1.27239
1.26991
1.26738
1.26483
1.26227
1.25969
1.2571
1.25448
1.25184
1.24917
1.24648
1.24376
1.24102
1.23824
1.23544
1.23261
1.22976
1.22687
1.22395
1.221
1.21803
1.21502
1.21198
1.20891
1.20581
1.20268
1.19952
1.19632
1.1931
1.18985
1.18657
1.18325
1.17991
1.17653
1.17311
1.16966
1.16618
1.16267
1.15911
1.15553
1.1519
1.14824
1.14454
1.14081
1.13704
1.13323
1.12939
1.12551
1.12159
1.11763
1.11363
1.1096
1.10552
1.1014
1.09724
1.09305
1.08882
1.08455
1.08024
1.07589
1.0715
1.06707
1.0626
1.05808
1.05352
1.04892
1.04428
1.03959
1.03485
1.03008
1.02525
1.02037
1.01544
1.01045
1.00541
1.00033
0.995194
0.990024
0.984819
0.979567
0.974263
0.96891
0.963514
0.958079
0.952598
0.94708
0.941516
0.935907
0.930251
0.924541
0.918775
0.912946
0.907059
0.901109
0.895108
0.889064
0.882983
0.87687
0.870731
0.864567
0.858377
0.852152
0.845891
0.839592
0.833254
0.826872
0.820451
0.813991
0.8075
0.800989
0.794467
0.787932
0.781386
0.774832
0.768273
0.761705
0.755125
0.748535
0.741941
0.735346
0.728764
0.722198
0.715658
0.709137
0.702637
0.696156
0.689703
0.683283
0.676905
0.670566
0.66427
0.658017
0.651813
0.645663
0.639572
0.633544
0.627582
0.621684
0.615859
0.610107
0.604437
0.598844
0.593335
0.587911
0.582586
0.577356
0.572229
0.567195
0.562268
0.557443
0.552721
0.548106
0.543593
0.539184
0.534883
0.5307
0.526635
0.52269
0.518868
0.515176
0.51161
0.508173
0.50486
0.501666
0.498578
0.495591
0.492693
0.489883
0.487154
0.484511
0.481947
0.47946
0.477046
0.474693
0.472396
0.470145
0.467903
0.465716
0.46346
0.461295
0.458912
0.456697
0.453995
0.451572
0.448359
0.445227
0.44135
0.436155
0.431822
0.419722
0.418072
0.3638
0.585949
0.601567
0.61361
0.621845
0.626497
0.629094
0.631061
0.632693
0.6342
0.635712
0.637244
0.63888
0.640666
0.642621
0.644758
0.647117
0.649712
0.652576
0.655723
0.659171
0.662933
0.667023
0.671463
0.676259
0.681433
0.687027
0.693046
0.69946
0.706272
0.713446
0.721163
0.729366
0.738003
0.74722
0.756999
0.767206
0.778081
0.789644
0.80174
0.814754
0.828101
0.842942
0.857676
0.875087
0.890749
0.912996
0.927929
0.961064
0.971985
1.02718
1.07646
1.08993
1.09299
1.09411
1.09162
1.08659
1.08106
1.07527
1.06947
1.0637
1.05799
1.05246
1.04717
1.04212
1.03732
1.03284
1.02868
1.02489
1.02148
1.01845
1.01582
1.01357
1.01174
1.01031
1.00929
1.00872
1.00859
1.00873
1.00909
1.0096
1.01067
1.01191
1.01323
1.01497
1.01673
1.0183
1.0202
1.02211
1.02371
1.02549
1.02644
1.02816
1.02832
1.02974
1.02896
1.03093
1.0282
1.03315
1.02568
1.03826
1.34354
1.35363
1.35594
1.35535
1.35203
1.34632
1.33975
1.33264
1.32534
1.31794
1.31056
1.30331
1.29631
1.28955
1.28306
1.27693
1.27116
1.26582
1.2609
1.25642
1.25239
1.2488
1.24568
1.243
1.24079
1.23903
1.23769
1.2367
1.236
1.23533
1.23535
1.23519
1.23522
1.23562
1.23569
1.23564
1.23582
1.23567
1.235
1.23421
1.23238
1.23091
1.22742
1.22525
1.21952
1.21712
1.20841
1.20719
1.19373
1.19762
1.53358
1.53972
1.5401
1.53843
1.53432
1.52825
1.52115
1.51342
1.50535
1.49713
1.4889
1.48077
1.47285
1.4652
1.45783
1.45085
1.44426
1.43813
1.43246
1.42727
1.42256
1.41835
1.41463
1.4114
1.40866
1.4064
1.40456
1.4031
1.40197
1.40098
1.40044
1.39992
1.39945
1.39915
1.3987
1.39797
1.39717
1.39606
1.39436
1.39236
1.38927
1.38621
1.38116
1.37702
1.36934
1.36438
1.35359
1.3484
1.33386
1.33157
1.68689
1.68964
1.68865
1.68567
1.68067
1.67413
1.66654
1.65833
1.64969
1.64089
1.63206
1.62331
1.61475
1.60646
1.59848
1.59089
1.58372
1.57702
1.57081
1.56511
1.55993
1.55526
1.55112
1.54749
1.54437
1.54175
1.53956
1.53777
1.5363
1.53505
1.53412
1.53328
1.53243
1.53165
1.53072
1.52947
1.52799
1.52614
1.52366
1.52073
1.51671
1.51242
1.50627
1.50051
1.49167
1.48433
1.47279
1.46387
1.44979
1.44148
1.81909
1.81936
1.81711
1.81273
1.80682
1.79964
1.79152
1.78282
1.77372
1.76444
1.75513
1.74591
1.73686
1.72807
1.71961
1.71153
1.7039
1.69673
1.69008
1.68396
1.67837
1.67332
1.66882
1.66484
1.66139
1.65845
1.65594
1.65383
1.65205
1.65051
1.64923
1.64804
1.64682
1.64558
1.64417
1.64242
1.64032
1.63777
1.63456
1.63077
1.62589
1.62048
1.61333
1.60607
1.59624
1.58673
1.5746
1.56222
1.54877
1.53493
1.93777
1.93627
1.93254
1.92701
1.92023
1.91237
1.9037
1.89449
1.88492
1.87519
1.86544
1.85578
1.84631
1.8371
1.82823
1.81976
1.81172
1.80416
1.79712
1.79062
1.78467
1.77927
1.77442
1.77012
1.76635
1.76308
1.76025
1.75782
1.75572
1.75385
1.75221
1.75063
1.74902
1.74731
1.74539
1.74309
1.74037
1.73714
1.73318
1.72854
1.72278
1.71629
1.70815
1.69946
1.68862
1.67711
1.66428
1.6488
1.63559
1.61672
2.04698
2.04404
2.03904
2.03256
2.02496
2.01643
2.0072
1.99749
1.98746
1.97729
1.96711
1.95703
1.94715
1.93755
1.9283
1.91945
1.91105
1.90313
1.89574
1.88888
1.88259
1.87685
1.87167
1.86704
1.86294
1.85934
1.85617
1.8534
1.85094
1.84872
1.84668
1.84469
1.84263
1.84042
1.83795
1.83507
1.8317
1.82775
1.82302
1.81751
1.81084
1.80327
1.7941
1.78403
1.77211
1.75873
1.74502
1.72675
1.7133
1.68987
2.14939
2.14519
2.13915
2.13181
2.12347
2.1143
2.10452
2.0943
2.08382
2.07321
2.06262
2.05213
2.04186
2.03187
2.02224
2.01302
2.00426
1.99599
1.98826
1.98106
1.97443
1.96836
1.96284
1.95787
1.95342
1.94947
1.94594
1.9428
1.93996
1.93734
1.93486
1.93241
1.92986
1.92711
1.92406
1.92055
1.91649
1.91179
1.90625
1.89983
1.89223
1.88356
1.87331
1.86188
1.8488
1.83365
1.81887
1.79806
1.78393
1.75631
2.24674
2.24142
2.23448
2.22637
2.21734
2.20757
2.19725
2.18654
2.1756
2.16456
2.15355
2.14266
2.132
2.12163
2.11162
2.10203
2.09291
2.08429
2.0762
2.06866
2.06168
2.05527
2.0494
2.04408
2.03926
2.03493
2.03102
2.02747
2.02421
2.02114
2.01819
2.01523
2.01214
2.00882
2.00513
2.00095
1.99616
1.99066
1.98428
1.97692
1.96833
1.95854
1.94717
1.93437
1.92006
1.9032
1.88719
1.86403
1.84885
1.81737
2.34022
2.33387
2.32611
2.31729
2.30763
2.29729
2.28645
2.27526
2.26387
2.2524
2.24097
2.22969
2.21862
2.20787
2.19748
2.18752
2.17803
2.16905
2.1606
2.1527
2.14536
2.13858
2.13234
2.12664
2.12144
2.1167
2.11236
2.10837
2.10465
2.1011
2.09763
2.09412
2.09045
2.08649
2.08213
2.07723
2.07167
2.06534
2.05806
2.04973
2.04011
2.02917
2.01663
2.00245
1.98684
1.96831
1.95094
1.92556
1.90906
1.87395
2.4306
2.42332
2.4148
2.40533
2.39507
2.38419
2.37285
2.36119
2.34935
2.33746
2.32561
2.31392
2.30246
2.29131
2.28054
2.27019
2.26032
2.25096
2.24213
2.23385
2.22614
2.21897
2.21234
2.20624
2.20062
2.19545
2.19066
2.18618
2.18196
2.17788
2.17385
2.16974
2.16543
2.1608
2.15572
2.15005
2.14368
2.13647
2.12826
2.11892
2.10823
2.09611
2.08235
2.06679
2.04982
2.02964
2.0108
1.98328
1.96531
1.92668
2.51846
2.5103
2.50108
2.49099
2.48017
2.46877
2.45694
2.44482
2.43255
2.42022
2.40796
2.39585
2.38399
2.37244
2.36127
2.35053
2.34026
2.33051
2.32128
2.31261
2.30449
2.29692
2.28987
2.28334
2.27727
2.27163
2.26636
2.26137
2.2566
2.25194
2.24731
2.24255
2.23757
2.23221
2.22637
2.2199
2.21267
2.20455
2.19536
2.18497
2.17317
2.15984
2.14482
2.12786
2.10948
2.08765
2.06726
2.03766
2.01812
1.97604
2.60416
2.5952
2.5853
2.57462
2.56327
2.55138
2.53908
2.52651
2.51379
2.50104
2.48836
2.47584
2.46356
2.4516
2.44002
2.42887
2.41819
2.40802
2.39839
2.38929
2.38074
2.37274
2.36525
2.35825
2.35171
2.34557
2.33978
2.33424
2.32889
2.32362
2.31833
2.31289
2.30718
2.30106
2.29441
2.28709
2.27897
2.26989
2.25969
2.24822
2.23527
2.2207
2.20439
2.186
2.16616
2.1427
2.12068
2.08906
2.06788
2.02241
2.68796
2.67826
2.66772
2.65647
2.6446
2.63223
2.61947
2.60645
2.5933
2.58012
2.56702
2.55408
2.54138
2.529
2.517
2.50543
2.49432
2.48372
2.47365
2.46411
2.45512
2.44665
2.43868
2.4312
2.42415
2.41748
2.41113
2.40501
2.39905
2.39313
2.38714
2.38097
2.37449
2.36757
2.36007
2.35186
2.3428
2.33274
2.32149
2.3089
2.29477
2.27894
2.2613
2.24147
2.22014
2.19505
2.17136
2.13772
2.11487
2.06607
2.77003
2.75962
2.74846
2.73667
2.7243
2.71146
2.69825
2.6848
2.67121
2.65761
2.64408
2.63072
2.61759
2.60478
2.59235
2.58034
2.56879
2.55774
2.54721
2.53721
2.52773
2.51878
2.51031
2.50231
2.49472
2.48749
2.48055
2.47382
2.46721
2.4606
2.45389
2.44694
2.43966
2.43189
2.42351
2.41438
2.40435
2.39326
2.38094
2.36719
2.35186
2.33473
2.31573
2.29445
2.27161
2.24487
2.21948
2.18386
2.15932
2.10725
2.85045
2.83936
2.82762
2.81529
2.80243
2.78913
2.77548
2.7616
2.74759
2.73356
2.7196
2.70581
2.69225
2.67901
2.66613
2.65366
2.64166
2.63014
2.61914
2.60865
2.59867
2.5892
2.58021
2.57166
2.5635
2.55567
2.54811
2.54074
2.53344
2.52612
2.51865
2.51091
2.50277
2.49412
2.48482
2.47473
2.4637
2.45156
2.43813
2.42322
2.40665
2.3882
2.36784
2.34509
2.32072
2.29232
2.26522
2.22762
2.20138
2.14611
2.92922
2.9175
2.90518
2.89234
2.87901
2.86525
2.85117
2.83686
2.82243
2.80798
2.79359
2.77937
2.76537
2.75168
2.73835
2.72542
2.71294
2.70095
2.68944
2.67845
2.66795
2.65794
2.6484
2.63927
2.63051
2.62207
2.61386
2.6058
2.59779
2.58973
2.58147
2.5729
2.56389
2.55432
2.54407
2.533
2.52094
2.50772
2.49315
2.47704
2.45922
2.43945
2.41769
2.39346
2.36756
2.33751
2.30869
2.26913
2.24118
2.1828
3.00633
2.994
2.98113
2.96779
2.95398
2.93978
2.92527
2.91055
2.8957
2.88082
2.86602
2.85136
2.83692
2.82277
2.80898
2.79558
2.78262
2.77013
2.75811
2.74659
2.73555
2.72499
2.71486
2.70513
2.69575
2.68666
2.67777
2.66901
2.66026
2.65142
2.64235
2.63293
2.62302
2.61251
2.60128
2.5892
2.57609
2.56177
2.54605
2.52873
2.50963
2.48852
2.46537
2.43965
2.4122
2.38049
2.34996
2.30846
2.27882
2.21742
3.0817
3.06879
3.05538
3.04155
3.02729
3.01266
2.99773
2.98258
2.96732
2.95203
2.9368
2.92171
2.90683
2.89223
2.87796
2.86409
2.85063
2.83763
2.82509
2.81303
2.80143
2.79029
2.77956
2.76921
2.75919
2.74942
2.73983
2.73033
2.72083
2.71119
2.70128
2.69099
2.68016
2.66869
2.65646
2.64334
2.62916
2.61372
2.59684
2.57829
2.55792
2.53546
2.5109
2.4837
2.4547
2.42134
2.3891
2.34569
2.31437
2.25006
3.15521
3.14175
3.12783
3.11352
3.09882
3.08376
3.06842
3.05287
3.0372
3.0215
3.00585
2.99032
2.975
2.95995
2.94521
2.93085
2.91689
2.90337
2.8903
2.87768
2.86551
2.85377
2.84243
2.83144
2.82075
2.81029
2.79998
2.78973
2.77944
2.76898
2.75822
2.74703
2.73527
2.72282
2.70958
2.69541
2.68014
2.66358
2.64552
2.62574
2.60408
2.58027
2.55431
2.52562
2.49509
2.46009
2.42615
2.38087
2.34787
2.28078
3.22674
3.21275
3.19835
3.18358
3.16844
3.15297
3.13723
3.12128
3.10522
3.08911
3.07304
3.05709
3.04133
3.02582
3.01061
2.99576
2.9813
2.96725
2.95363
2.94045
2.9277
2.91535
2.90338
2.89174
2.88037
2.8692
2.85815
2.84713
2.83603
2.82474
2.81311
2.80101
2.78831
2.77488
2.7606
2.74538
2.72902
2.71132
2.69208
2.67107
2.64812
2.62296
2.59561
2.56544
2.53339
2.49676
2.46115
2.41404
2.37936
2.30965
3.29612
3.28163
3.26676
3.25156
3.236
3.22014
3.204
3.18767
3.17122
3.15471
3.13824
3.12187
3.10567
3.08971
3.07404
3.0587
3.04373
3.02916
3.01499
3.00124
2.9879
2.97493
2.96232
2.95001
2.93794
2.92605
2.91425
2.90245
2.89054
2.8784
2.86589
2.85288
2.83923
2.82481
2.8095
2.79321
2.77575
2.75691
2.73649
2.71425
2.69002
2.66352
2.63478
2.60315
2.56959
2.53137
2.49412
2.44521
2.40887
2.33669
3.36318
3.34822
3.33291
3.31729
3.30134
3.28509
3.26858
3.25188
3.23504
3.21816
3.20129
3.18451
3.16789
3.15149
3.13535
3.11953
3.10406
3.08896
3.07424
3.05992
3.04598
3.0324
3.01914
3.00615
2.99339
2.98077
2.96821
2.95561
2.94288
2.92988
2.91649
2.90255
2.88795
2.87254
2.8562
2.83885
2.8203
2.80032
2.77872
2.75525
2.72975
2.70193
2.67181
2.63874
2.60371
2.56392
2.52506
2.47441
2.43645
2.36192
3.4277
3.41232
3.3966
3.38058
3.36426
3.34764
3.33078
3.31372
3.29653
3.27928
3.26203
3.24486
3.22783
3.21099
3.1944
3.1781
3.16213
3.14651
3.13125
3.11636
3.10182
3.08762
3.07371
3.06005
3.04658
3.03323
3.01991
3.00652
2.99296
2.9791
2.96482
2.94996
2.9344
2.91801
2.90065
2.88224
2.8626
2.8415
2.81873
2.79405
2.7673
2.73816
2.70669
2.67221
2.63573
2.59441
2.55399
2.50166
2.46212
2.38537
3.4895
3.47373
3.45763
3.44125
3.42458
3.40762
3.39043
3.37303
3.3555
3.3379
3.32029
3.30274
3.28531
3.26806
3.25103
3.23427
3.21781
3.20168
3.18589
3.17043
3.1553
3.14048
3.12593
3.11159
3.09742
3.08333
3.06925
3.05507
3.04069
3.02597
3.0108
2.99503
2.97852
2.96115
2.94279
2.92333
2.90262
2.8804
2.85648
2.83061
2.80261
2.77219
2.73941
2.70354
2.66565
2.62284
2.5809
2.52694
2.48588
2.40705
3.54835
3.53222
3.51579
3.49908
3.48209
3.46482
3.44732
3.42961
3.41177
3.39384
3.37589
3.35799
3.34018
3.32253
3.30508
3.28787
3.27094
3.25431
3.23799
3.22198
3.20627
3.19084
3.17565
3.16065
3.14578
3.13097
3.11613
3.10116
3.08596
3.0704
3.05435
3.03767
3.02023
3.0019
2.98254
2.96206
2.94028
2.91698
2.89192
2.86487
2.83567
2.804
2.76992
2.73271
2.69345
2.6492
2.6058
2.55028
2.50776
2.42696
3.60401
3.58759
3.57086
3.55386
3.53658
3.51904
3.50125
3.48327
3.46514
3.44692
3.42865
3.41041
3.39225
3.37423
3.35638
3.33875
3.32136
3.30425
3.28743
3.27088
3.25461
3.23858
3.22276
3.20711
3.19156
3.17603
3.16044
3.1447
3.12869
3.1123
3.09538
3.07781
3.05945
3.04018
3.01984
2.99835
2.97554
2.95117
2.92501
2.89681
2.86643
2.83354
2.79821
2.7597
2.71912
2.67348
2.62868
2.57167
2.52775
2.44512
3.65626
3.63959
3.62261
3.60536
3.58784
3.57006
3.55204
3.53381
3.51542
3.49693
3.47839
3.45984
3.44136
3.42299
3.40476
3.38673
3.36892
3.35136
3.33404
3.31698
3.30016
3.28356
3.26714
3.25084
3.23462
3.2184
3.20208
3.18558
3.16878
3.15157
3.1338
3.11536
3.09611
3.07591
3.05463
3.03216
3.00834
2.98293
2.95569
2.92639
2.89486
2.86079
2.82425
2.78449
2.74265
2.69568
2.64953
2.59111
2.54587
2.46152
3.70487
3.688
3.67082
3.65338
3.63566
3.61768
3.59945
3.58102
3.56242
3.5437
3.52491
3.5061
3.48733
3.46864
3.45007
3.43167
3.41347
3.39547
3.3777
3.36014
3.3428
3.32565
3.30864
3.29173
3.27486
3.25796
3.24094
3.2237
3.20613
3.18812
3.16954
3.15025
3.13013
3.10904
3.08683
3.06343
3.03863
3.0122
2.98393
2.95355
2.92092
2.88571
2.84802
2.80707
2.76401
2.71577
2.66836
2.60859
2.56211
2.47617
3.74957
3.73257
3.71526
3.69768
3.67981
3.66168
3.64331
3.62471
3.60593
3.58703
3.56803
3.54899
3.52997
3.511
3.49214
3.4734
3.45483
3.43644
3.41824
3.40023
3.38239
3.36471
3.34715
3.32966
3.31217
3.29461
3.27691
3.25896
3.24066
3.22188
3.2025
3.1824
3.16144
3.13948
3.1164
3.09208
3.06635
3.03895
3.00967
2.97827
2.94458
2.90829
2.8695
2.8274
2.78319
2.73376
2.68516
2.62412
2.57649
2.48909
3.79015
3.77308
3.7557
3.73803
3.72008
3.70186
3.68338
3.66467
3.64577
3.62672
3.60757
3.58835
3.56912
3.54992
3.53079
3.51177
3.49287
3.47412
3.45553
3.4371
3.41881
3.40064
3.38255
3.3645
3.34642
3.32825
3.3099
3.29127
3.27226
3.25275
3.23262
3.21173
3.18997
3.16719
3.14327
3.11808
3.09145
3.06312
3.03289
3.0005
2.96582
2.92849
2.88865
2.84548
2.80019
2.74962
2.69991
2.6377
2.589
2.50026
3.82634
3.80928
3.7919
3.77422
3.75625
3.73799
3.71947
3.70071
3.68174
3.66261
3.64334
3.624
3.60461
3.58523
3.56589
3.54661
3.52744
3.50838
3.48944
3.47062
3.45192
3.43329
3.41472
3.39616
3.37753
3.35878
3.33981
3.32055
3.30087
3.28066
3.25981
3.23819
3.21566
3.1921
3.16738
3.14138
3.11389
3.08468
3.05355
3.02023
2.98459
2.94629
2.90547
2.86128
2.81499
2.76337
2.71262
2.64933
2.59965
2.5097
3.8579
3.84094
3.82363
3.80601
3.78809
3.76987
3.75137
3.73262
3.71365
3.69449
3.67518
3.65576
3.63627
3.61676
3.59725
3.57778
3.55838
3.53906
3.51982
3.50067
3.48159
3.46257
3.44356
3.42452
3.40538
3.38609
3.36656
3.34669
3.32639
3.30553
3.28401
3.26169
3.23845
3.21416
3.18869
3.16191
3.13362
3.10359
3.0716
3.0374
3.00088
2.96167
2.91993
2.87481
2.82758
2.77499
2.72329
2.65901
2.60844
2.51742
3.88459
3.86781
3.85066
3.83318
3.81539
3.79728
3.77888
3.76021
3.7413
3.72218
3.70288
3.68346
3.66393
3.64435
3.62474
3.60514
3.58556
3.56603
3.54655
3.52712
3.50772
3.48834
3.46894
3.44948
3.42989
3.41011
3.39005
3.36964
3.34875
3.3273
3.30515
3.28218
3.25828
3.23331
3.20714
3.17965
3.15061
3.1198
3.08702
3.05201
3.01466
2.97461
2.93203
2.88603
2.83795
2.78447
2.73192
2.66674
2.61538
2.52341
3.90617
3.88966
3.87276
3.85551
3.83793
3.82002
3.80179
3.78328
3.76451
3.7455
3.7263
3.70693
3.68743
3.66785
3.6482
3.62853
3.60884
3.58917
3.5695
3.54985
3.53019
3.51052
3.49078
3.47095
3.45095
3.43074
3.41022
3.3893
3.36789
3.34589
3.32317
3.29962
3.27511
3.24951
3.22271
3.19455
3.16482
3.1333
3.09978
3.06403
3.02592
2.9851
2.94174
2.89496
2.8461
2.79182
2.73851
2.67253
2.62047
2.52769
3.92238
3.90625
3.8897
3.87278
3.8555
3.83787
3.81992
3.80165
3.78309
3.76428
3.74525
3.72601
3.70662
3.68711
3.6675
3.64782
3.6281
3.60834
3.58855
3.56874
3.54889
3.52898
3.50897
3.48883
3.46849
3.4479
3.42697
3.40562
3.38374
3.36125
3.33802
3.31394
3.28888
3.26272
3.23534
3.20658
3.17622
3.14405
3.10987
3.07343
3.03463
2.99312
2.94907
2.90158
2.85203
2.79704
2.74305
2.67638
2.62372
2.53027
3.933
3.91734
3.90125
3.88476
3.86789
3.85065
3.83305
3.81512
3.79687
3.77835
3.75956
3.74055
3.72135
3.70198
3.68248
3.66288
3.64319
3.62343
3.6036
3.5837
3.56372
3.54364
3.52343
3.50304
3.48243
3.46152
3.44025
3.41852
3.39625
3.37332
3.34965
3.3251
3.29956
3.2729
3.24501
3.21571
3.18479
3.15203
3.11725
3.08021
3.0408
2.99866
2.954
2.90589
2.85574
2.80013
2.74556
2.67829
2.62514
2.53116
3.93768
3.92264
3.90713
3.8912
3.87485
3.85811
3.84098
3.82349
3.80566
3.78752
3.76909
3.75039
3.73146
3.71233
3.69303
3.67358
3.65401
3.63432
3.61452
3.59461
3.57458
3.55441
3.53407
3.51351
3.49268
3.47153
3.44998
3.42795
3.40534
3.38206
3.35801
3.33306
3.30711
3.28003
3.25169
3.22192
3.1905
3.15723
3.12193
3.08435
3.0444
3.00172
2.95652
2.90789
2.85723
2.8011
2.74607
2.67832
2.62476
2.53041
3.93632
3.92201
3.90719
3.89192
3.87621
3.86007
3.84352
3.82657
3.80925
3.79159
3.77361
3.75532
3.73677
3.71798
3.69897
3.67978
3.66041
3.64088
3.6212
3.60137
3.58137
3.56119
3.54079
3.52014
3.49918
3.47787
3.45611
3.43385
3.41098
3.38742
3.36306
3.33778
3.31149
3.28405
3.25534
3.22516
3.19332
3.15962
3.12387
3.08584
3.04544
3.00232
2.95668
2.9076
2.85653
2.79999
2.74458
2.67645
2.62259
2.52799
3.92862
3.91516
3.90118
3.88671
3.87176
3.85635
3.8405
3.82422
3.80754
3.79047
3.77305
3.75528
3.7372
3.71883
3.70022
3.68136
3.66229
3.64302
3.62355
3.60388
3.584
3.56389
3.54352
3.52286
3.50186
3.48045
3.45858
3.43616
3.41312
3.38935
3.36476
3.33924
3.31269
3.28497
3.25597
3.22547
3.19329
3.15923
3.12311
3.08471
3.04394
3.00045
2.95447
2.90503
2.85364
2.79678
2.7411
2.67269
2.61863
2.52392
3.91436
3.9019
3.88889
3.87536
3.86132
3.84677
3.83175
3.81626
3.80033
3.78397
3.76721
3.75008
3.73258
3.71476
3.69664
3.67824
3.65957
3.64065
3.62149
3.60207
3.5824
3.56246
3.54222
3.52164
3.50067
3.47927
3.45736
3.43487
3.41173
3.38784
3.36311
3.33743
3.31069
3.28278
3.25355
3.22281
3.19036
3.15603
3.11963
3.08094
3.03989
2.99612
2.94987
2.90019
2.84857
2.79148
2.73564
2.66706
2.6129
2.51823
3.89331
3.882
3.87012
3.85767
3.84467
3.83114
3.81708
3.80252
3.78746
3.77195
3.75598
3.73959
3.72281
3.70565
3.68813
3.67029
3.65213
3.63367
3.61492
3.59587
3.57651
3.55683
3.53681
3.5164
3.49557
3.47425
3.4524
3.42994
3.40679
3.38286
3.35807
3.33231
3.30548
3.27746
3.24809
3.21718
3.18456
3.15002
3.11343
3.07454
3.0333
2.98934
2.94293
2.89308
2.84134
2.78414
2.72822
2.6596
2.60543
2.51094
3.86522
3.85524
3.84464
3.83344
3.82164
3.80926
3.79631
3.78282
3.76879
3.75424
3.73921
3.7237
3.70774
3.69137
3.67458
3.65742
3.63988
3.622
3.60377
3.58518
3.56625
3.54694
3.52723
3.5071
3.4865
3.46537
3.44367
3.42132
3.39826
3.37439
3.34962
3.32388
3.29704
3.269
3.23957
3.20858
3.17586
3.14122
3.10451
3.06552
3.02418
2.98013
2.93364
2.88374
2.83197
2.77475
2.71887
2.65032
2.59624
2.50208
3.82987
3.82139
3.81225
3.80246
3.79203
3.78096
3.76928
3.757
3.74414
3.73072
3.71675
3.70226
3.68727
3.6718
3.65588
3.63952
3.62273
3.60554
3.58795
3.56995
3.55155
3.53272
3.51344
3.49369
3.47342
3.45259
3.43114
3.409
3.38612
3.3624
3.33777
3.31213
3.28538
3.2574
3.228
3.19702
3.16429
3.12964
3.09291
3.0539
3.01255
2.9685
2.92204
2.87217
2.82048
2.76336
2.70762
2.63924
2.58536
2.49167
3.78703
3.78025
3.77275
3.76454
3.75564
3.74605
3.7358
3.7249
3.71337
3.70122
3.68847
3.67514
3.66126
3.64685
3.63192
3.61649
3.60059
3.58421
3.56738
3.5501
3.53235
3.51412
3.49538
3.47613
3.4563
3.43587
3.41477
3.39296
3.37035
3.34689
3.32249
3.29706
3.2705
3.24266
3.21338
3.1825
3.14986
3.11528
3.07863
3.03969
2.99843
2.95449
2.90815
2.85842
2.80691
2.74999
2.69449
2.62641
2.57282
2.47974
3.73647
3.73159
3.72592
3.71949
3.71229
3.70436
3.69572
3.68637
3.67633
3.66561
3.65424
3.64223
3.62961
3.6164
3.6026
3.58825
3.57336
3.55795
3.54201
3.52556
3.50859
3.49108
3.47302
3.45437
3.4351
3.41518
3.39456
3.37317
3.35096
3.32786
3.30379
3.27867
3.25238
3.22478
3.19572
3.16503
3.13257
3.09817
3.06168
3.02293
2.98185
2.93811
2.892
2.84252
2.79129
2.73467
2.67953
2.61186
2.55865
2.46634
3.67797
3.67524
3.67157
3.66711
3.66181
3.65572
3.64886
3.64124
3.63287
3.62376
3.61393
3.6034
3.5922
3.58034
3.56784
3.55471
3.54098
3.52666
3.51177
3.49629
3.48023
3.46357
3.4463
3.42839
3.4098
3.39051
3.37047
3.34962
3.32792
3.30529
3.28166
3.25696
3.23105
3.20379
3.17504
3.14465
3.11246
3.07833
3.04211
3.00363
2.96284
2.91941
2.87362
2.82449
2.77365
2.71745
2.66276
2.59562
2.54289
2.45149
3.61134
3.611
3.6095
3.60722
3.60401
3.59996
3.59506
3.58936
3.58285
3.57552
3.56741
3.55853
3.54891
3.53858
3.52752
3.51578
3.50336
3.49029
3.47658
3.46222
3.44721
3.43154
3.4152
3.39815
3.38037
3.36184
3.3425
3.32232
3.30124
3.2792
3.25613
3.23195
3.20651
3.1797
3.15136
3.12135
3.08955
3.05578
3.01994
2.98184
2.94144
2.89841
2.85305
2.80438
2.75403
2.69836
2.64423
2.57774
2.52557
2.43524
3.53615
3.53828
3.5395
3.53966
3.53872
3.53691
3.53416
3.53059
3.52613
3.52076
3.51455
3.5075
3.49965
3.49101
3.48158
3.47138
3.46043
3.44877
3.4364
3.4233
3.4095
3.39496
3.37968
3.36363
3.3468
3.32915
3.31065
3.29125
3.27092
3.24959
3.2272
3.20363
3.17878
3.15251
3.12469
3.09518
3.06386
3.03057
2.9952
2.95758
2.91768
2.87516
2.83034
2.78223
2.73248
2.67745
2.62397
2.55826
2.50675
2.41763
3.4524
3.45726
3.46113
3.4639
3.46575
3.46643
3.466
3.46477
3.46257
3.45936
3.45524
3.45021
3.44431
3.43755
3.42991
3.42143
3.41212
3.40203
3.39116
3.37949
3.36704
3.35378
3.33971
3.32481
3.30906
3.29243
3.2749
3.25643
3.23697
3.21648
3.19487
3.17204
3.14788
3.12226
3.09507
3.06616
3.03543
3.00272
2.96793
2.9309
2.8916
2.8497
2.80552
2.75809
2.70904
2.65476
2.60205
2.53724
2.48647
2.39871
3.35993
3.36773
3.37447
3.38009
3.38466
3.38802
3.39033
3.39178
3.39206
3.39118
3.38937
3.38653
3.38278
3.37809
3.37243
3.36585
3.35836
3.35002
3.34082
3.33074
3.3198
3.30799
3.29528
3.28167
3.26715
3.25169
3.23526
3.21785
3.1994
3.17987
3.15917
3.13719
3.11383
3.08898
3.06252
3.03433
3.00429
2.97227
2.93818
2.90184
2.86325
2.82208
2.77866
2.73201
2.68376
2.63035
2.5785
2.51471
2.46477
2.37853
3.25856
3.26954
3.27937
3.28805
3.29556
3.30187
3.30705
3.3112
3.31416
3.31611
3.31681
3.31635
3.31497
3.31256
3.30907
3.30458
3.29909
3.29267
3.28532
3.27701
3.26775
3.25754
3.24636
3.2342
3.22106
3.20691
3.19175
3.17553
3.15823
3.13979
3.12011
3.0991
3.07666
3.05269
3.02707
2.99971
2.97049
2.93927
2.90598
2.87046
2.83268
2.79236
2.74979
2.70403
2.6567
2.60427
2.55339
2.49075
2.44171
2.35715
3.14814
3.16252
3.17568
3.18762
3.19833
3.20779
3.21604
3.22314
3.22901
3.23374
3.23717
3.23946
3.24077
3.24087
3.23973
3.23754
3.23422
3.22993
3.22462
3.21825
3.21086
3.20242
3.19294
3.18239
3.17079
3.15811
3.14436
3.1295
3.11348
3.09625
3.07771
3.05779
3.03639
3.01342
2.98878
2.96236
2.93406
2.90377
2.87139
2.83679
2.79995
2.76057
2.71898
2.67423
2.62792
2.57659
2.52677
2.4654
2.41734
2.33462
3.01702
3.03536
3.05242
3.06819
3.08265
3.09579
3.10764
3.11823
3.12753
3.13556
3.14227
3.14774
3.15207
3.15511
3.15704
3.15759
3.15686
3.15513
3.15227
3.14822
3.14308
3.13679
3.12935
3.12075
3.11101
3.10013
3.0881
3.07487
3.06041
3.04464
3.02749
3.0089
2.98878
2.96704
2.94359
2.91833
2.89118
2.86202
2.83077
2.7973
2.7616
2.72339
2.68297
2.63945
2.59437
2.54437
2.49581
2.43598
2.38907
2.30853
2.86473
2.88754
2.90899
2.9291
2.94782
2.96516
2.98114
2.99575
3.00898
3.02083
3.0313
3.04042
3.04824
3.05472
3.0599
3.06364
3.0661
3.06746
3.06749
3.06613
3.06363
3.05985
3.05481
3.0485
3.04096
3.0322
3.02218
3.01085
2.99819
2.98413
2.96861
2.95158
2.93295
2.91265
2.89061
2.86672
2.84091
2.81307
2.78315
2.751
2.71663
2.67977
2.64073
2.59862
2.55497
2.50649
2.4594
2.40132
2.35575
2.27767
2.70437
2.7317
2.75763
2.78216
2.80526
2.82692
2.84716
2.86594
2.88325
2.89909
2.91347
2.9264
2.9379
2.94796
2.95659
2.96372
2.96947
2.97392
2.97696
2.97872
2.97904
2.97793
2.97543
2.97157
2.96637
2.95984
2.95193
2.9426
2.93184
2.91959
2.9058
2.89042
2.87339
2.85463
2.83407
2.81164
2.78726
2.76084
2.73231
2.70157
2.66861
2.63318
2.59558
2.55497
2.51281
2.46593
2.42037
2.36412
2.31995
2.24442
2.53686
2.56866
2.59905
2.62803
2.65556
2.68162
2.70619
2.72925
2.75075
2.77072
2.78914
2.80601
2.82135
2.83513
2.84737
2.85804
2.86721
2.87492
2.88115
2.88595
2.88924
2.89113
2.8914
2.8901
2.88733
2.88313
2.87745
2.8702
2.86145
2.85111
2.83916
2.82553
2.81019
2.79306
2.77409
2.75321
2.73034
2.70542
2.67839
2.64913
2.61766
2.58374
2.54766
2.5086
2.46802
2.42281
2.37886
2.3245
2.28181
2.2089
2.36352
2.39959
2.43431
2.46767
2.49959
2.53004
2.55897
2.58634
2.61211
2.63628
2.65882
2.67973
2.69902
2.71665
2.73264
2.74697
2.75968
2.77081
2.78036
2.78835
2.79476
2.7996
2.80275
2.80417
2.80397
2.80221
2.79885
2.79378
2.78713
2.77881
2.76879
2.75702
2.74346
2.72807
2.71078
2.69153
2.67028
2.64694
2.62148
2.5938
2.5639
2.53157
2.49708
2.45967
2.42072
2.37726
2.33498
2.28259
2.24145
2.17124
2.18623
2.22617
2.26493
2.30244
2.33859
2.37331
2.40652
2.43816
2.46818
2.49655
2.52324
2.54824
2.57153
2.59308
2.6129
2.63098
2.64734
2.66203
2.67501
2.68628
2.69586
2.70373
2.70982
2.71409
2.71648
2.71718
2.71629
2.71344
2.70901
2.70282
2.69482
2.68501
2.67334
2.65977
2.64425
2.62675
2.60719
2.58554
2.56174
2.53571
2.50746
2.4768
2.44399
2.40829
2.37107
2.32941
2.28888
2.23853
2.19899
2.13159
2.00764
2.05078
2.09307
2.13431
2.17434
2.21304
2.2503
2.28603
2.32016
2.35263
2.38341
2.41245
2.43973
2.46521
2.48889
2.51074
2.53076
2.54901
2.56542
2.58001
2.59279
2.60374
2.61282
2.61996
2.62518
2.62847
2.62977
2.62931
2.62724
2.62326
2.61741
2.60964
2.59996
2.58831
2.57467
2.55899
2.54123
2.52134
2.4993
2.47501
2.4485
2.41958
2.38853
2.35462
2.31919
2.27942
2.24071
2.19246
2.15458
2.09009
1.82984
1.87575
1.92105
1.96551
2.00895
2.05119
2.09211
2.13158
2.16951
2.20582
2.24045
2.27334
2.30444
2.33371
2.36113
2.38667
2.4103
2.43205
2.45189
2.46981
2.48581
2.49989
2.51198
2.52205
2.5301
2.5361
2.54003
2.54182
2.54189
2.54031
2.5367
2.53109
2.52348
2.51385
2.50218
2.48842
2.47255
2.45453
2.43432
2.41186
2.38718
2.36009
2.33087
2.29882
2.26525
2.22743
2.1906
2.14454
2.10836
2.04686
1.65398
1.7022
1.74998
1.79713
1.84344
1.88874
1.93286
1.97567
2.01704
2.05686
2.09505
2.13153
2.16625
2.19913
2.23014
2.25923
2.28637
2.31157
2.33478
2.356
2.37522
2.39244
2.40756
2.42062
2.43153
2.44031
2.44692
2.45139
2.45361
2.45404
2.4529
2.44952
2.44408
2.43657
2.42696
2.41522
2.40134
2.38526
2.36698
2.34643
2.32366
2.29848
2.27116
2.24106
2.20942
2.17362
2.13873
2.09492
2.06048
2.00208
1.48152
1.53149
1.58117
1.63041
1.67902
1.72682
1.77363
1.81929
1.86365
1.90659
1.948
1.98778
2.02583
2.06209
2.09649
2.12897
2.15948
2.18801
2.21452
2.23897
2.26137
2.28169
2.29987
2.31593
2.32974
2.34137
2.3507
2.35784
2.36273
2.36524
2.36613
2.36516
2.36198
2.35667
2.34922
2.33959
2.32778
2.31374
2.29748
2.27893
2.25814
2.23494
2.20961
2.18151
2.15187
2.11816
2.08526
2.04377
2.0111
1.95589
1.31415
1.3652
1.41612
1.4668
1.51706
1.56673
1.61563
1.66358
1.71044
1.75603
1.80023
1.84292
1.88398
1.92332
1.96085
1.9965
2.0302
2.06191
2.09159
2.11918
2.14468
2.16806
2.18926
2.20829
2.22503
2.23953
2.25166
2.26151
2.26903
2.27418
2.27734
2.27819
2.2774
2.27439
2.26918
2.26175
2.2521
2.2402
2.22603
2.20956
2.19083
2.16969
2.14642
2.12039
2.09281
2.06124
2.03039
1.99127
1.9604
1.90845
1.15377
1.20509
1.25649
1.30785
1.35904
1.40988
1.46021
1.50983
1.55858
1.60628
1.65278
1.69793
1.7416
1.78366
1.824
1.86254
1.89919
1.93388
1.96655
1.99715
2.02564
2.05199
2.07615
2.09811
2.11776
2.13512
2.1501
2.16271
2.1729
2.1807
2.1863
2.18959
2.19063
2.18994
2.1871
2.18196
2.17456
2.16486
2.15287
2.13855
2.12196
2.10295
2.0818
2.0579
2.03244
2.00307
1.97431
1.93762
1.90856
1.85995
1.00236
1.05301
1.10401
1.15524
1.20656
1.25781
1.30883
1.35942
1.4094
1.45859
1.50681
1.55389
1.59968
1.64403
1.68681
1.7279
1.76719
1.8046
1.84005
1.87347
1.9048
1.93401
1.96102
1.98583
2.00834
2.02854
2.04635
2.06175
2.07469
2.08518
2.09332
2.09912
2.10259
2.10377
2.10321
2.10049
2.09542
2.08801
2.07827
2.06618
2.05178
2.03497
2.01598
1.99428
1.97098
1.94385
1.91722
1.88301
1.85578
1.81056
0.861887
0.910849
0.960496
1.01068
1.06128
1.11211
1.16301
1.2138
1.26429
1.31427
1.36357
1.41198
1.45934
1.50548
1.55024
1.59347
1.63505
1.67487
1.71282
1.74882
1.7828
1.8147
1.84444
1.872
1.89728
1.92025
1.94086
1.95903
1.97476
1.98798
1.99875
2.00713
2.01308
2.0167
2.01806
2.01759
2.01499
2.00994
2.00251
1.99271
1.98057
1.966
1.94924
1.92977
1.90867
1.88382
1.85934
1.82766
1.80225
1.76048
0.734195
0.780402
0.827693
0.875894
0.924848
0.974386
1.02434
1.07451
1.12471
1.17475
1.22441
1.27349
1.3218
1.36915
1.41536
1.46027
1.50371
1.54556
1.58569
1.62399
1.66037
1.69475
1.72704
1.75721
1.78515
1.81082
1.83415
1.85507
1.87355
1.88951
1.90297
1.91398
1.9225
1.9286
1.93239
1.9339
1.93354
1.93098
1.92593
1.91846
1.90862
1.89634
1.88183
1.86463
1.84576
1.82322
1.8009
1.77177
1.74819
1.70988
0.620822
0.663259
0.707205
0.752463
0.798858
0.84621
0.894339
0.943056
0.992164
1.04146
1.09073
1.13976
1.18835
1.23629
1.28337
1.32941
1.37423
1.41768
1.45959
1.49985
1.53833
1.57494
1.60958
1.64217
1.67263
1.70087
1.72683
1.75042
1.7716
1.79026
1.80643
1.82009
1.83123
1.8399
1.84615
1.85008
1.85173
1.85142
1.84886
1.84376
1.83625
1.82628
1.81406
1.79915
1.78252
1.76231
1.74215
1.71558
1.6938
1.65898
0.522862
0.560653
0.600358
0.64178
0.684733
0.729031
0.774487
0.82091
0.868101
0.915855
0.96396
1.0122
1.06035
1.10819
1.15551
1.2021
1.24776
1.29231
1.33557
1.37739
1.41763
1.45617
1.49289
1.52769
1.56047
1.59113
1.61959
1.64576
1.66955
1.69087
1.70969
1.72599
1.73975
1.75101
1.75978
1.76616
1.77017
1.77191
1.7716
1.76898
1.76381
1.75617
1.74622
1.73361
1.71922
1.70133
1.68332
1.65933
1.63932
1.60798
0.440813
0.47333
0.508089
0.544922
0.583654
0.624106
0.666094
0.709428
0.753912
0.799343
0.845511
0.892196
0.939177
0.986225
1.03312
1.07963
1.12554
1.17066
1.21478
1.25772
1.29932
1.33944
1.37793
1.41467
1.44955
1.48243
1.51323
1.54183
1.56812
1.592
1.6134
1.63229
1.64863
1.66245
1.67372
1.68256
1.68897
1.69303
1.69479
1.69442
1.69167
1.68634
1.67866
1.66834
1.65615
1.64058
1.62469
1.60325
1.58498
1.55708
0.374457
0.401422
0.430819
0.462542
0.496459
0.532418
0.570255
0.609795
0.650852
0.693233
0.736734
0.781142
0.826238
0.871794
0.917581
0.963367
1.00893
1.05403
1.09848
1.14206
1.18459
1.22588
1.26579
1.30417
1.34086
1.37572
1.40864
1.43948
1.46812
1.49441
1.51829
1.53967
1.5585
1.57481
1.58854
1.59979
1.60857
1.61494
1.61894
1.62065
1.62012
1.61717
1.6117
1.60364
1.59362
1.58032
1.5665
1.54759
1.53101
1.5065
0.322855
0.344392
0.368376
0.394785
0.423557
0.454595
0.48778
0.522967
0.559999
0.5987
0.638884
0.680353
0.722896
0.766293
0.810319
0.854741
0.899325
0.943838
0.988055
1.03175
1.07472
1.11676
1.15769
1.19733
1.23551
1.27206
1.30684
1.33968
1.37045
1.39897
1.42514
1.44887
1.47007
1.48874
1.50484
1.51841
1.52948
1.5381
1.54428
1.54815
1.54966
1.54896
1.5457
1.53984
1.53191
1.52083
1.50902
1.49258
1.47764
1.45643
0.284501
0.301104
0.319995
0.341241
0.364861
0.390837
0.419112
0.449599
0.482183
0.516725
0.553069
0.591039
0.630447
0.671087
0.712745
0.755195
0.798206
0.84154
0.884963
0.928239
0.971142
1.01345
1.05495
1.09544
1.13473
1.17262
1.20893
1.24348
1.2761
1.3066
1.33484
1.3607
1.38408
1.40495
1.42325
1.43901
1.45224
1.46299
1.47126
1.47719
1.48072
1.48212
1.48096
1.47728
1.47133
1.4624
1.45251
1.43847
1.4251
1.40708
0.257654
0.270066
0.284474
0.301021
0.319807
0.34089
0.364291
0.389991
0.417937
0.448043
0.480197
0.51426
0.550075
0.587463
0.626231
0.666166
0.70705
0.748647
0.790723
0.833035
0.875343
0.917408
0.958998
0.999884
1.03985
1.07866
1.11612
1.15201
1.18613
1.21828
1.24829
1.27602
1.30133
1.32417
1.34446
1.36222
1.37743
1.39015
1.40035
1.40822
1.41361
1.41703
1.41777
1.41626
1.41218
1.4053
1.39723
1.38548
1.37361
1.35866
0.240935
0.249888
0.260519
0.273007
0.287503
0.304126
0.322964
0.344066
0.367447
0.393081
0.42091
0.450849
0.482781
0.516565
0.552038
0.589012
0.627288
0.666644
0.706851
0.747666
0.788848
0.830141
0.8713
0.912073
0.952215
0.991479
1.02963
1.06642
1.10164
1.13505
1.16646
1.1957
1.22262
1.24713
1.26914
1.28865
1.30561
1.3201
1.33204
1.34167
1.34874
1.35386
1.35652
1.35704
1.35473
1.34979
1.3434
1.33385
1.32339
1.31133
0.233649
0.239694
0.24717
0.256239
0.267068
0.279802
0.294578
0.311495
0.330618
0.351976
0.375575
0.40138
0.429331
0.459327
0.491246
0.524935
0.560222
0.596906
0.634776
0.673596
0.713129
0.753116
0.793301
0.833417
0.873201
0.912384
0.950703
0.987899
1.02372
1.05792
1.09029
1.12062
1.14875
1.17457
1.19795
1.21891
1.23733
1.25333
1.26677
1.27795
1.2865
1.29316
1.29723
1.29988
1.29911
1.29613
1.29127
1.28376
1.27464
1.26528
0.235015
0.239007
0.244021
0.250303
0.25807
0.267486
0.278765
0.292015
0.307327
0.324761
0.344391
0.366234
0.390276
0.416464
0.444719
0.474929
0.506955
0.540629
0.57576
0.612134
0.649525
0.687679
0.726339
0.765231
0.804081
0.842604
0.880517
0.917546
0.953415
0.987873
1.02067
1.05161
1.08048
1.10718
1.13155
1.15357
1.17313
1.19033
1.20498
1.21745
1.22725
1.23524
1.24052
1.24488
1.24557
1.24454
1.24102
1.23542
1.22756
1.22066
0.245851
0.248016
0.251148
0.25535
0.260828
0.267613
0.275962
0.286053
0.297984
0.311826
0.327788
0.345905
0.366198
0.388648
0.413221
0.439848
0.468428
0.498826
0.53088
0.564403
0.599188
0.634999
0.671584
0.708674
0.745988
0.783236
0.820123
0.856363
0.891668
0.925779
0.958431
0.989419
1.01852
1.04561
1.0705
1.09318
1.11348
1.13153
1.14707
1.16052
1.1713
1.18037
1.18665
1.19208
1.19407
1.19521
1.1928
1.189
1.18234
1.1776
0.269811
0.269992
0.271343
0.273426
0.276828
0.281193
0.287177
0.294695
0.303729
0.314515
0.327035
0.341575
0.358195
0.37692
0.397745
0.420675
0.445619
0.472479
0.501126
0.531398
0.563122
0.59608
0.630035
0.66473
0.699887
0.735215
0.770417
0.805206
0.839286
0.872401
0.904277
0.934711
0.96346
0.9904
1.01531
1.03818
1.05879
1.0773
1.09336
1.10748
1.11893
1.12881
1.13584
1.14214
1.14505
1.14803
1.14659
1.14466
1.13916
1.13623
0.309676
0.308849
0.309494
0.309971
0.313247
0.313928
0.317541
0.322034
0.327398
0.33451
0.34354
0.35456
0.367571
0.382639
0.399754
0.418773
0.439776
0.462743
0.487571
0.514116
0.542264
0.571818
0.602548
0.634223
0.666567
0.699295
0.732119
0.764757
0.796914
0.828345
0.858774
0.88801
0.915794
0.942005
0.966393
0.988949
1.00941
1.02794
1.04414
1.05856
1.07036
1.08075
1.08828
1.09519
1.09874
1.103
1.10252
1.10254
1.09815
1.0966
0.365489
0.362609
0.364222
0.366637
0.368555
0.368386
0.373701
0.375824
0.375181
0.377774
0.382206
0.388443
0.396873
0.407323
0.419989
0.43479
0.451578
0.470359
0.491025
0.513376
0.537365
0.562902
0.589758
0.617746
0.646585
0.675998
0.70572
0.735479
0.764985
0.794019
0.822308
0.849679
0.875859
0.900741
0.924038
0.945755
0.965571
0.983685
0.999604
1.01395
1.02577
1.03633
1.04409
1.05134
1.0553
1.06001
1.06074
1.06241
1.05931
1.05874
0.436156
0.435856
0.434032
0.434053
0.435397
0.435631
0.440928
0.442428
0.443712
0.444688
0.443176
0.444542
0.448359
0.453564
0.460855
0.470315
0.481903
0.49549
0.511118
0.528691
0.548078
0.569146
0.591667
0.615321
0.639974
0.665368
0.691286
0.717453
0.743599
0.769539
0.795006
0.819854
0.8438
0.866753
0.888392
0.908738
0.927418
0.944656
0.959877
0.973753
0.985241
0.995651
1.00337
1.01066
1.01481
1.01964
1.02119
1.0243
1.0228
1.02263
0.51518
0.51092
0.511087
0.509063
0.508648
0.508392
0.511364
0.512218
0.513248
0.513427
0.511118
0.513403
0.513877
0.513252
0.515787
0.520357
0.526995
0.535309
0.545747
0.558052
0.572309
0.58837
0.606062
0.625151
0.645392
0.666512
0.688233
0.710378
0.732719
0.755114
0.7773
0.799166
0.820422
0.840997
0.860541
0.879096
0.896234
0.91221
0.926376
0.93944
0.950285
0.960231
0.967652
0.974712
0.978833
0.98352
0.985502
0.989615
0.989237
0.989628
0.5914
0.584945
0.584073
0.582327
0.580539
0.579827
0.576594
0.578112
0.578249
0.577266
0.576661
0.575712
0.572961
0.574174
0.574774
0.574863
0.577661
0.581004
0.586917
0.594408
0.603995
0.615391
0.628487
0.642983
0.658686
0.675418
0.69301
0.711189
0.729673
0.748431
0.76721
0.785943
0.804336
0.822342
0.839586
0.856133
0.871512
0.886006
0.898905
0.91094
0.920944
0.93022
0.937162
0.943812
0.947747
0.95213
0.954302
0.95882
0.959243
0.960325
0.663785
0.656901
0.650985
0.64573
0.64229
0.642334
0.637878
0.637572
0.636464
0.632866
0.633568
0.629804
0.62836
0.627553
0.627274
0.627052
0.627468
0.627369
0.629742
0.63276
0.638322
0.645602
0.654522
0.664847
0.676414
0.689048
0.702581
0.716839
0.731649
0.746889
0.762311
0.777927
0.793435
0.808815
0.823684
0.838124
0.851631
0.864517
0.876023
0.886892
0.895926
0.904392
0.910732
0.916848
0.920485
0.924461
0.926682
0.930888
0.931991
0.933995
0.728318
0.721025
0.713718
0.706905
0.700895
0.697083
0.692438
0.688944
0.685614
0.684209
0.683069
0.678855
0.675077
0.672185
0.671983
0.671138
0.670389
0.669559
0.66967
0.66943
0.671604
0.675276
0.680607
0.687259
0.695179
0.704177
0.71412
0.724887
0.736262
0.748258
0.760589
0.77329
0.786069
0.798942
0.811509
0.823884
0.835537
0.846809
0.856902
0.866563
0.874582
0.882174
0.887854
0.893374
0.89665
0.90017
0.902327
0.906187
0.907469
0.910414
0.783565
0.775622
0.767829
0.760381
0.753223
0.747204
0.741352
0.736185
0.73153
0.727172
0.724066
0.720019
0.716103
0.712374
0.709729
0.707375
0.705524
0.7036
0.703018
0.702066
0.701817
0.702193
0.704549
0.708002
0.71279
0.718624
0.725453
0.733164
0.741578
0.75069
0.760289
0.770403
0.78074
0.791351
0.80182
0.812296
0.822232
0.83199
0.840747
0.84924
0.856277
0.863007
0.868033
0.872953
0.875855
0.878923
0.880924
0.884428
0.885838
0.889364
0.827804
0.819986
0.812274
0.804717
0.797145
0.790059
0.783229
0.776881
0.77111
0.765415
0.760649
0.755755
0.751143
0.746667
0.742709
0.739073
0.735871
0.732768
0.73017
0.727789
0.725828
0.725237
0.725226
0.725789
0.727965
0.731067
0.735241
0.740328
0.746211
0.752868
0.760118
0.768016
0.776253
0.784913
0.793561
0.802386
0.810822
0.819244
0.826823
0.834268
0.840421
0.846367
0.850799
0.855169
0.857729
0.860394
0.862189
0.865347
0.866817
0.8707
0.861976
0.854641
0.847324
0.840008
0.832445
0.824948
0.81755
0.810417
0.80375
0.797193
0.791268
0.785484
0.780046
0.774816
0.769908
0.765265
0.760912
0.756681
0.752678
0.748914
0.745479
0.742936
0.74093
0.740167
0.740104
0.740848
0.742799
0.745643
0.749393
0.753977
0.759257
0.765297
0.771776
0.778804
0.785933
0.793386
0.800576
0.807891
0.814495
0.82107
0.826494
0.831785
0.835727
0.83964
0.841925
0.844277
0.845866
0.848723
0.850207
0.854303
0.887221
0.880556
0.873878
0.867029
0.859723
0.852189
0.84455
0.836953
0.829638
0.822435
0.815671
0.80913
0.802929
0.796988
0.791301
0.785836
0.780556
0.775353
0.770248
0.765302
0.760606
0.756492
0.752886
0.750274
0.748455
0.747785
0.747967
0.748807
0.750795
0.753646
0.757289
0.761789
0.766818
0.772512
0.778406
0.784761
0.790963
0.797413
0.803263
0.809172
0.814055
0.818853
0.822441
0.826025
0.828132
0.83029
0.831721
0.834349
0.835867
0.840032
0.90492
0.899041
0.893095
0.886811
0.879886
0.872518
0.864856
0.857033
0.849288
0.841594
0.834193
0.827024
0.820166
0.813585
0.807237
0.801082
0.795051
0.789047
0.783055
0.777138
0.771392
0.766027
0.761131
0.757027
0.753738
0.751453
0.750274
0.749941
0.750382
0.751797
0.754085
0.757325
0.761166
0.765783
0.770691
0.776197
0.781648
0.787463
0.792775
0.79823
0.802763
0.807249
0.810635
0.814039
0.816086
0.818192
0.819542
0.822044
0.823639
0.827815
0.916042
0.911219
0.906071
0.90038
0.89389
0.886797
0.879246
0.871354
0.863344
0.855284
0.847387
0.839691
0.832274
0.82513
0.818216
0.811477
0.80483
0.798177
0.791476
0.784781
0.778188
0.771845
0.765924
0.76066
0.756182
0.752639
0.75011
0.748617
0.748204
0.748583
0.74969
0.75192
0.754798
0.758555
0.762689
0.76756
0.772463
0.77785
0.782817
0.788013
0.792379
0.796732
0.800077
0.803458
0.805576
0.807783
0.809155
0.811655
0.813347
0.817577
0.921666
0.918093
0.913752
0.908651
0.902621
0.895859
0.888494
0.880626
0.872464
0.86413
0.855841
0.847699
0.839805
0.832173
0.824777
0.817549
0.8104
0.803228
0.795971
0.788671
0.781421
0.774334
0.767629
0.761491
0.756097
0.751609
0.748072
0.745602
0.744194
0.743983
0.744333
0.745709
0.747803
0.750889
0.754431
0.758847
0.763373
0.768506
0.773298
0.778406
0.782768
0.787159
0.790616
0.794131
0.796454
0.798918
0.800432
0.803069
0.804887
0.809292
0.922971
0.920547
0.916922
0.912403
0.906857
0.900456
0.893309
0.885509
0.877255
0.868711
0.860105
0.851585
0.84329
0.83524
0.827442
0.819817
0.812269
0.804696
0.797018
0.789271
0.781535
0.773921
0.766657
0.759904
0.753848
0.748647
0.744352
0.741157
0.738954
0.738126
0.738127
0.738891
0.740325
0.742916
0.746025
0.750141
0.754432
0.759458
0.764214
0.769381
0.773883
0.778463
0.782176
0.785974
0.788635
0.791505
0.793301
0.796215
0.798202
0.802926
0.919196
0.918902
0.916231
0.912273
0.907253
0.901223
0.894291
0.886563
0.878244
0.869526
0.860661
0.851826
0.8432
0.834822
0.826717
0.818791
0.810951
0.803093
0.795124
0.787074
0.779016
0.771047
0.763396
0.756221
0.749709
0.744041
0.739235
0.735538
0.732779
0.731371
0.731204
0.731599
0.732566
0.7348
0.737621
0.741574
0.745752
0.750796
0.755636
0.760988
0.765751
0.770654
0.774752
0.778972
0.782096
0.785512
0.787739
0.791075
0.793301
0.798516
0.910867
0.912941
0.911941
0.908959
0.904503
0.898804
0.892035
0.884346
0.875958
0.867088
0.858013
0.848925
0.840044
0.831413
0.823069
0.814916
0.806866
0.798816
0.790659
0.782428
0.77418
0.766022
0.758172
0.75078
0.744021
0.738091
0.732987
0.728991
0.725898
0.724014
0.723739
0.723981
0.7247
0.726723
0.729391
0.733304
0.73748
0.74265
0.747678
0.753325
0.758455
0.763801
0.768398
0.773169
0.776876
0.780965
0.783775
0.787679
0.790229
0.796106
0.900138
0.903157
0.904174
0.902527
0.898849
0.893454
0.886803
0.879116
0.870644
0.861629
0.852378
0.843087
0.834021
0.825216
0.816739
0.80847
0.800326
0.792205
0.783987
0.775711
0.76742
0.759227
0.751339
0.743901
0.737076
0.73107
0.725857
0.721745
0.718515
0.716386
0.716026
0.716221
0.716889
0.718869
0.721515
0.725507
0.729786
0.735184
0.740496
0.746537
0.752131
0.758027
0.763228
0.768669
0.77307
0.777953
0.781493
0.786109
0.789091
0.795824
0.887298
0.891501
0.893321
0.893384
0.890635
0.885436
0.878813
0.871083
0.862521
0.853393
0.844032
0.834623
0.825473
0.816602
0.808098
0.79982
0.791694
0.783616
0.775453
0.767258
0.759056
0.750967
0.743191
0.735864
0.729136
0.723222
0.718074
0.714017
0.710819
0.708661
0.708296
0.708525
0.70931
0.711428
0.714179
0.718366
0.722855
0.728581
0.73427
0.740801
0.74695
0.753499
0.7594
0.765624
0.770828
0.776616
0.781027
0.786496
0.790041
0.797793
0.872568
0.878136
0.880708
0.881842
0.879756
0.874938
0.86826
0.860454
0.85181
0.842613
0.833213
0.823777
0.81465
0.805825
0.797409
0.789238
0.781246
0.773328
0.765338
0.757348
0.749363
0.741514
0.73399
0.726919
0.720441
0.714774
0.709851
0.706005
0.702999
0.701018
0.70075
0.701107
0.702167
0.7046
0.707579
0.71208
0.716893
0.723049
0.729214
0.736332
0.743127
0.750427
0.757123
0.764239
0.770348
0.777147
0.782563
0.78902
0.793306
0.80222
0.856142
0.863205
0.866494
0.868172
0.866476
0.861981
0.855212
0.847328
0.838635
0.829437
0.820092
0.810735
0.801752
0.793096
0.784892
0.776948
0.769213
0.761576
0.753879
0.746219
0.738578
0.7311
0.723963
0.717287
0.711206
0.70593
0.701387
0.697902
0.695245
0.693638
0.693567
0.694198
0.695701
0.698572
0.701923
0.706868
0.712124
0.718822
0.725569
0.733374
0.74091
0.749058
0.756643
0.764755
0.771873
0.77978
0.786337
0.793897
0.799129
0.809292
0.838129
0.84679
0.850711
0.852455
0.850893
0.84653
0.839671
0.831744
0.823072
0.813973
0.804799
0.795645
0.78694
0.778585
0.770725
0.763136
0.755785
0.748556
0.741275
0.734072
0.726905
0.719932
0.713317
0.707173
0.701631
0.696887
0.69288
0.689907
0.687759
0.686694
0.68692
0.688072
0.690129
0.693575
0.69745
0.702977
0.70881
0.716167
0.72361
0.732206
0.740585
0.749679
0.758249
0.767451
0.775684
0.784785
0.792616
0.801378
0.807751
0.819284
0.818563
0.828902
0.833266
0.834643
0.832985
0.828514
0.821594
0.813704
0.80516
0.79629
0.787425
0.778616
0.770337
0.762425
0.755048
0.74795
0.741117
0.734425
0.727692
0.721081
0.714522
0.708186
0.702235
0.696764
0.691912
0.687846
0.684535
0.682229
0.680763
0.680391
0.681083
0.682989
0.685706
0.689875
0.694434
0.700688
0.707239
0.715381
0.723642
0.733135
0.742463
0.752595
0.762247
0.772622
0.782077
0.792436
0.80168
0.811705
0.819412
0.832425
0.797398
0.80943
0.813917
0.814561
0.812593
0.807799
0.80089
0.793164
0.784897
0.776418
0.768023
0.759716
0.752023
0.744707
0.737962
0.731501
0.725327
0.719311
0.713269
0.707387
0.701589
0.696035
0.690902
0.686253
0.682256
0.679022
0.676582
0.67511
0.674512
0.674942
0.676412
0.679225
0.682734
0.687779
0.693184
0.700317
0.707734
0.716789
0.725992
0.736485
0.746866
0.758115
0.768943
0.780554
0.791336
0.802988
0.81379
0.825091
0.834332
0.84894
0.774509
0.788114
0.792261
0.791949
0.789397
0.784197
0.777429
0.770042
0.762236
0.754342
0.746598
0.738966
0.732035
0.725479
0.719529
0.713852
0.708496
0.703312
0.698123
0.693128
0.688257
0.68365
0.679506
0.675848
0.672889
0.670655
0.669282
0.668822
0.669262
0.670739
0.673208
0.677053
0.681541
0.687621
0.694036
0.702195
0.710623
0.720712
0.730974
0.742557
0.754079
0.766506
0.778589
0.791468
0.803677
0.81661
0.829126
0.841647
0.852638
0.868915
0.749654
0.764467
0.76748
0.766322
0.762911
0.757505
0.751019
0.744188
0.737069
0.729983
0.723089
0.716329
0.710341
0.704733
0.699766
0.69504
0.69068
0.686506
0.682358
0.678436
0.674686
0.671215
0.668259
0.665783
0.66407
0.663022
0.662941
0.663669
0.665401
0.668149
0.671771
0.676817
0.682462
0.689729
0.697309
0.706626
0.716192
0.727412
0.738825
0.751556
0.764284
0.777914
0.791307
0.805445
0.81916
0.833319
0.847697
0.861309
0.874289
0.892295
0.722428
0.737657
0.738946
0.736941
0.732668
0.727325
0.72136
0.715359
0.709188
0.703154
0.697335
0.691677
0.686842
0.682404
0.678638
0.675056
0.671901
0.668949
0.666065
0.66344
0.661037
0.658921
0.657382
0.656313
0.656071
0.656474
0.65783
0.660074
0.663225
0.667425
0.672397
0.678801
0.685762
0.694342
0.703203
0.713768
0.724555
0.736958
0.749567
0.763461
0.777411
0.792223
0.806937
0.822281
0.837545
0.852825
0.869193
0.883702
0.898911
0.918682
0.692087
0.706336
0.70576
0.702696
0.698012
0.693083
0.687979
0.683121
0.678215
0.673522
0.669044
0.664763
0.66134
0.658335
0.656034
0.653819
0.65213
0.650655
0.649304
0.648242
0.64745
0.646934
0.64707
0.64767
0.649124
0.651249
0.654267
0.658166
0.662919
0.668716
0.675189
0.683063
0.691438
0.701388
0.71158
0.723411
0.735431
0.749
0.762782
0.777783
0.792906
0.808819
0.824807
0.841252
0.858046
0.874312
0.892723
0.907922
0.925544
0.947163
0.657211
0.668533
0.666401
0.662217
0.657889
0.653859
0.650058
0.646748
0.643495
0.640498
0.637688
0.63512
0.633437
0.632197
0.631677
0.631063
0.631176
0.631491
0.631982
0.632782
0.633876
0.635291
0.637326
0.63985
0.643185
0.647193
0.652028
0.65771
0.664163
0.671622
0.67965
0.688999
0.698781
0.710051
0.721517
0.734523
0.747687
0.762302
0.777136
0.793103
0.809264
0.826125
0.843253
0.860645
0.878845
0.895958
0.9163
0.932076
0.952077
0.975817
0.614838
0.621277
0.617874
0.613677
0.610533
0.60808
0.606165
0.604936
0.603826
0.602978
0.602253
0.601794
0.602266
0.603202
0.604794
0.606376
0.608524
0.610881
0.613454
0.616354
0.619567
0.623115
0.627231
0.631823
0.637138
0.643084
0.649756
0.657195
0.665295
0.67431
0.68378
0.694445
0.705466
0.717844
0.730378
0.744318
0.758395
0.773807
0.789448
0.806123
0.823068
0.840628
0.858638
0.876753
0.896066
0.913913
0.935746
0.952283
0.974026
1.00068
0.558077
0.55932
0.555857
0.553691
0.552983
0.553013
0.553747
0.555301
0.556943
0.558773
0.560688
0.5629
0.565896
0.569291
0.573277
0.577287
0.581733
0.586337
0.591145
0.59625
0.601641
0.607331
0.613494
0.620064
0.627224
0.634917
0.643196
0.652114
0.661554
0.671773
0.682337
0.693925
0.705803
0.718864
0.732071
0.746511
0.761102
0.776889
0.792927
0.809894
0.827199
0.845057
0.863491
0.88199
0.901819
0.920343
0.942584
0.960722
0.982198
1.0138
0.471584
0.476452
0.477881
0.481246
0.484823
0.488777
0.493258
0.498263
0.503282
0.508358
0.513449
0.518748
0.524603
0.530713
0.537245
0.543791
0.550613
0.55751
0.564542
0.571791
0.579242
0.586921
0.594924
0.603224
0.611927
0.621017
0.63052
0.640494
0.650851
0.661803
0.673023
0.685035
0.69731
0.710534
0.723947
0.738368
0.752986
0.768614
0.784552
0.801309
0.818475
0.836212
0.854521
0.873198
0.892712
0.912454
0.933143
0.955982
0.972616
1.01486
0.416815
0.494573
0.529193
0.546386
0.564142
0.580656
0.595445
0.60986
0.623928
0.637568
0.650827
0.663913
0.677023
0.690123
0.703282
0.716388
0.7295
0.742593
0.755662
0.768797
0.781979
0.795262
0.80869
0.822275
0.836091
0.85016
0.864556
0.879305
0.894455
0.910088
0.926145
0.942861
0.960097
0.978195
0.99681
1.01641
1.03665
1.05794
1.07999
1.10313
1.12702
1.1522
1.17773
1.2057
1.23198
1.26573
1.28881
1.33947
1.34454
1.43717
)
;

boundaryField
{
    inlet
    {
        type            fixedValue;
        value           uniform 0.375;
    }
    outlet
    {
        type            zeroGradient;
    }
    upperWall
    {
        type            kqRWallFunction;
        value           nonuniform List<scalar> 
446
(
0.589574
1.20699
1.71238
2.04693
2.22416
2.30359
2.30186
2.28009
2.23969
2.18588
2.13242
2.08194
2.03564
1.99387
1.95654
1.92333
1.89384
1.86764
1.84431
1.82351
1.80488
1.78815
1.77303
1.75934
1.74685
1.73541
1.72487
1.71511
1.70602
1.69751
1.68952
1.68194
1.67476
1.6679
1.66134
1.65502
1.64989
1.64589
1.64195
1.63809
1.63427
1.63051
1.62679
1.62311
1.61948
1.61589
1.61235
1.60884
1.60537
1.60194
1.59855
1.59519
1.59187
1.58858
1.58532
1.5821
1.57891
1.57576
1.57263
1.56953
1.56645
1.56341
1.5604
1.55742
1.55447
1.55155
1.54866
1.54581
1.54298
1.54019
1.53743
1.5347
1.532
1.52933
1.5267
1.5241
1.52152
1.51898
1.51647
1.51399
1.51153
1.5091
1.5067
1.50433
1.50198
1.49966
1.49736
1.49509
1.49284
1.49061
1.48841
1.48622
1.48406
1.48192
1.47979
1.47769
1.4756
1.47353
1.47149
1.46945
1.46744
1.46544
1.46346
1.46149
1.45954
1.4576
1.45568
1.45377
1.45188
1.44999
1.44812
1.44627
1.44442
1.44259
1.44077
1.43895
1.43715
1.43536
1.43357
1.43179
1.43003
1.42827
1.42651
1.42477
1.42303
1.42129
1.41957
1.41784
1.41613
1.41441
1.41271
1.411
1.4093
1.4076
1.40591
1.40421
1.40252
1.40083
1.39915
1.39746
1.39578
1.39409
1.39241
1.39072
1.38904
1.38735
1.38567
1.38398
1.38229
1.3806
1.37891
1.37721
1.37551
1.37381
1.3721
1.37039
1.36868
1.36697
1.36524
1.36352
1.36178
1.36004
1.35829
1.35653
1.35476
1.35299
1.3512
1.3494
1.34759
1.34577
1.34394
1.3421
1.34024
1.33838
1.3365
1.33461
1.3327
1.33078
1.32885
1.3269
1.32494
1.32296
1.32097
1.31896
1.31694
1.31489
1.31284
1.31076
1.30867
1.30655
1.30442
1.30227
1.3001
1.29791
1.2957
1.29347
1.29122
1.28895
1.28666
1.28434
1.282
1.27963
1.27725
1.27483
1.27239
1.26991
1.26738
1.26483
1.26227
1.25969
1.2571
1.25448
1.25184
1.24917
1.24648
1.24376
1.24102
1.23824
1.23544
1.23261
1.22976
1.22687
1.22395
1.221
1.21803
1.21502
1.21198
1.20891
1.20581
1.20268
1.19952
1.19632
1.1931
1.18985
1.18657
1.18325
1.17991
1.17653
1.17311
1.16966
1.16618
1.16267
1.15911
1.15553
1.1519
1.14824
1.14454
1.14081
1.13704
1.13323
1.12939
1.12551
1.12159
1.11763
1.11363
1.1096
1.10552
1.1014
1.09724
1.09305
1.08882
1.08455
1.08024
1.07589
1.0715
1.06707
1.0626
1.05808
1.05352
1.04892
1.04428
1.03959
1.03485
1.03008
1.02525
1.02037
1.01544
1.01045
1.00541
1.00033
0.995194
0.990024
0.984819
0.979567
0.974263
0.96891
0.963514
0.958079
0.952598
0.94708
0.941516
0.935907
0.930251
0.924541
0.918775
0.912946
0.907059
0.901109
0.895108
0.889064
0.882983
0.87687
0.870731
0.864567
0.858377
0.852152
0.845891
0.839592
0.833254
0.826872
0.820451
0.813991
0.8075
0.800989
0.794467
0.787932
0.781386
0.774832
0.768273
0.761705
0.755125
0.748535
0.741941
0.735346
0.728764
0.722198
0.715658
0.709137
0.702637
0.696156
0.689703
0.683283
0.676905
0.670566
0.66427
0.658017
0.651813
0.645663
0.639572
0.633544
0.627582
0.621684
0.615859
0.610107
0.604437
0.598844
0.593335
0.587911
0.582586
0.577356
0.572229
0.567195
0.562268
0.557443
0.552721
0.548106
0.543593
0.539184
0.534883
0.5307
0.526635
0.52269
0.518868
0.515176
0.51161
0.508173
0.50486
0.501666
0.498578
0.495591
0.492693
0.489883
0.487154
0.484511
0.481947
0.47946
0.477046
0.474693
0.472396
0.470145
0.467903
0.465716
0.46346
0.461295
0.458912
0.456697
0.453995
0.451572
0.448359
0.445227
0.44135
0.436155
0.431822
0.419722
0.418072
0.3638
0.416815
0.494573
0.529193
0.546386
0.564142
0.580656
0.595445
0.60986
0.623928
0.637568
0.650827
0.663913
0.677023
0.690123
0.703282
0.716388
0.7295
0.742593
0.755662
0.768797
0.781979
0.795262
0.80869
0.822275
0.836091
0.85016
0.864556
0.879305
0.894455
0.910088
0.926145
0.942861
0.960097
0.978195
0.99681
1.01641
1.03665
1.05794
1.07999
1.10313
1.12702
1.1522
1.17773
1.2057
1.23198
1.26573
1.28881
1.33947
1.34454
1.43717
)
;
    }
    lowerWall
    {
        type            kqRWallFunction;
        value           nonuniform List<scalar> 
500
(
0.81035
2.04885
2.71549
2.94214
2.92404
2.85423
2.72779
2.60822
2.50334
2.41502
2.34132
2.28033
2.22891
2.18571
2.14816
2.11587
2.08673
2.06106
2.0372
2.01568
1.99549
1.97698
1.95943
1.94335
1.92812
1.91425
1.90117
1.88936
1.87832
1.86852
1.85941
1.85174
1.8444
1.83936
1.8338
1.83055
0.00276177
0.00565731
0.00924908
0.0126686
0.0157147
0.0183609
0.0206291
0.022563
0.0242064
0.0255997
0.0267837
0.0279664
0.0303036
0.0328385
0.035329
0.0377483
0.0400828
0.0423206
0.044451
0.0464644
0.0483523
0.0501072
0.051723
0.0531943
0.0545167
0.0556869
0.0567022
0.0575609
0.0582563
0.0588197
0.0592199
0.0594682
0.0595282
0.0594343
0.0592052
0.0588723
0.0584754
0.0580394
0.057593
0.057167
0.056795
0.0565137
0.0563818
0.0564444
0.0567227
0.0573493
0.0584615
0.0601549
0.0626576
0.0658328
0.0717361
0.0731256
0.135733
0.479242
0.00276177
0.00445032
0.00638984
0.00836829
0.0102269
0.0119235
0.0134581
0.014843
0.0160918
0.0172185
0.018237
0.0191643
0.020037
0.0208502
0.0216129
0.0223361
0.0230301
0.0237037
0.0243638
0.025017
0.0256712
0.0263417
0.0270644
0.0279141
0.0289484
0.0301114
0.0313434
0.0326172
0.0339224
0.0352551
0.036614
0.0379984
0.0394084
0.0408441
0.042306
0.0437944
0.0453099
0.0468531
0.0484245
0.0500247
0.0516542
0.0533135
0.0550033
0.0567238
0.0584756
0.060259
0.0620743
0.0639219
0.0658019
0.0677146
0.0696603
0.071639
0.0736511
0.0756964
0.0777754
0.0798879
0.0820344
0.0842149
0.0864302
0.0886812
0.09097
0.0932965
0.0956565
0.0980506
0.100479
0.10294
0.105436
0.107966
0.110529
0.113125
0.115756
0.118419
0.121117
0.123847
0.126611
0.129408
0.132238
0.135101
0.137997
0.140926
0.143888
0.146885
0.149916
0.152982
0.156082
0.159219
0.162391
0.165599
0.168844
0.172126
0.175444
0.178799
0.182187
0.18561
0.189067
0.192558
0.196083
0.199643
0.203236
0.206864
0.210526
0.214223
0.217953
0.221718
0.225516
0.229348
0.233214
0.237113
0.241046
0.245012
0.249011
0.253043
0.257108
0.261205
0.265334
0.269495
0.273687
0.277911
0.282165
0.286451
0.290766
0.295113
0.299488
0.303893
0.308326
0.312788
0.317278
0.321795
0.326339
0.33091
0.335506
0.340128
0.344774
0.349445
0.354139
0.358855
0.363593
0.368353
0.373133
0.377934
0.382753
0.38759
0.392445
0.397317
0.402204
0.407107
0.412024
0.416954
0.421896
0.426851
0.431815
0.436789
0.441771
0.446761
0.451756
0.456758
0.461764
0.466773
0.471783
0.476795
0.481806
0.486816
0.491822
0.496825
0.501823
0.506815
0.511799
0.516775
0.52174
0.526695
0.531636
0.536566
0.541479
0.546377
0.551257
0.556117
0.560957
0.565776
0.570571
0.575342
0.580088
0.584807
0.589497
0.594158
0.598789
0.603386
0.607951
0.61248
0.616973
0.621429
0.625846
0.630224
0.634563
0.638861
0.643122
0.647349
0.651551
0.655744
0.659956
0.664237
0.668469
0.672634
0.676724
0.680752
0.68473
0.68864
0.692492
0.696284
0.700017
0.70369
0.707302
0.710854
0.714344
0.717773
0.721139
0.724443
0.727683
0.73086
0.733973
0.737023
0.740008
0.742929
0.745785
0.748577
0.751305
0.753967
0.756566
0.7591
0.761569
0.763975
0.766317
0.768595
0.770809
0.772961
0.77505
0.777077
0.779041
0.780945
0.782787
0.784569
0.786291
0.787954
0.789557
0.791102
0.792589
0.794017
0.795388
0.796702
0.79796
0.79916
0.800305
0.801395
0.80243
0.80341
0.804337
0.805211
0.806032
0.806802
0.807521
0.808188
0.808806
0.809373
0.809891
0.810359
0.810779
0.811149
0.811471
0.811744
0.811968
0.812144
0.812271
0.812348
0.812373
0.812341
0.812143
0.812077
0.811988
0.811819
0.811566
0.811331
0.810954
0.810573
0.810092
0.809571
0.809013
0.808405
0.807727
0.80698
0.806158
0.805257
0.804276
0.803231
0.80212
0.800916
0.799598
0.798191
0.796702
0.795056
0.793242
0.791303
0.789268
0.787121
0.784836
0.782413
0.779836
0.777099
0.774196
0.77112
0.767865
0.764424
0.760791
0.756955
0.75294
0.748815
0.745373
0.744877
0.744856
0.744729
0.744432
0.74394
0.743246
0.742348
0.741256
0.739962
0.738468
0.736775
0.734886
0.732805
0.730537
0.728086
0.725459
0.722664
0.719701
0.716599
0.713326
0.709907
0.706357
0.702686
0.698905
0.695022
0.69105
0.68699
0.682864
0.678674
0.674426
0.67011
0.665721
0.661258
0.656726
0.652125
0.647448
0.642681
0.637798
0.63275
0.627464
0.621756
0.615533
0.607611
0.599192
0.567666
0.585949
0.601567
0.61361
0.621845
0.626497
0.629094
0.631061
0.632693
0.6342
0.635712
0.637244
0.63888
0.640666
0.642621
0.644758
0.647117
0.649712
0.652576
0.655723
0.659171
0.662933
0.667023
0.671463
0.676259
0.681433
0.687027
0.693046
0.69946
0.706272
0.713446
0.721163
0.729366
0.738003
0.74722
0.756999
0.767206
0.778081
0.789644
0.80174
0.814754
0.828101
0.842942
0.857676
0.875087
0.890749
0.912996
0.927929
0.961064
0.971985
1.02718
)
;
    }
    frontAndBack
    {
        type            empty;
    }
}


// ************************************************************************* //
