/*--------------------------------*- C++ -*----------------------------------*\
| =========                 |                                                 |
| \\      /  F ield         | OpenFOAM: The Open Source CFD Toolbox           |
|  \\    /   O peration     | Version:  2506                                  |
|   \\  /    A nd           | Website:  www.openfoam.com                      |
|    \\/     M anipulation  |                                                 |
\*---------------------------------------------------------------------------*/
FoamFile
{
    version     2.0;
    format      ascii;
    arch        "LSB;label=32;scalar=64";
    class       volScalarField;
    location    "500";
    object      nut;
}
// * * * * * * * * * * * * * * * * * * * * * * * * * * * * * * * * * * * * * //

dimensions      [0 2 -1 0 0 0 0];

internalField   nonuniform List<scalar> 
48900
(
1.56471e-05
2.58794e-05
2.95905e-05
3.08123e-05
3.06856e-05
3.03418e-05
2.96501e-05
2.89886e-05
2.83955e-05
2.78888e-05
2.74586e-05
2.7097e-05
2.67885e-05
2.65265e-05
2.62967e-05
2.60973e-05
2.59161e-05
2.57555e-05
2.56054e-05
2.54692e-05
2.53408e-05
2.52227e-05
2.51102e-05
2.50067e-05
2.49083e-05
2.48184e-05
2.47333e-05
2.46563e-05
2.45841e-05
2.45198e-05
2.44599e-05
2.44093e-05
2.4361e-05
2.4327e-05
2.42923e-05
2.42643e-05
6.57949e-05
3.32647e-05
2.17779e-05
1.91044e-05
1.84627e-05
1.86951e-05
1.92379e-05
2.01501e-05
2.10596e-05
2.22726e-05
2.346e-05
2.47421e-05
2.5957e-05
2.72151e-05
2.83297e-05
2.94613e-05
3.03968e-05
3.13611e-05
3.20942e-05
3.2903e-05
3.34869e-05
3.40975e-05
3.45837e-05
3.50872e-05
3.5494e-05
3.59263e-05
3.62754e-05
3.66553e-05
3.69678e-05
3.73048e-05
3.75905e-05
3.78957e-05
3.81488e-05
3.84167e-05
3.87052e-05
3.87087e-05
0.000313494
0.000103679
5.19326e-05
3.53608e-05
2.79417e-05
2.35673e-05
2.07686e-05
1.92762e-05
1.81275e-05
1.78182e-05
1.76722e-05
1.77198e-05
1.80637e-05
1.87474e-05
1.94761e-05
2.0506e-05
2.15141e-05
2.27848e-05
2.39696e-05
2.53715e-05
2.66544e-05
2.80992e-05
2.93834e-05
3.08131e-05
3.20397e-05
3.34114e-05
3.4541e-05
3.58321e-05
3.68424e-05
3.80504e-05
3.89291e-05
4.00645e-05
4.08069e-05
4.18801e-05
4.2498e-05
4.34568e-05
0.00045605
0.000303831
0.000150205
9.83253e-05
7.55586e-05
6.12154e-05
5.19473e-05
4.54291e-05
4.07226e-05
3.70761e-05
3.43294e-05
3.19941e-05
3.01716e-05
2.86171e-05
2.74199e-05
2.64923e-05
2.58021e-05
2.52569e-05
2.49238e-05
2.48591e-05
2.48891e-05
2.51813e-05
2.54943e-05
2.60867e-05
2.66216e-05
2.74491e-05
2.81533e-05
2.91544e-05
2.9978e-05
3.10956e-05
3.19912e-05
3.31735e-05
3.41008e-05
3.5298e-05
3.62281e-05
3.73683e-05
0.000544174
0.000512836
0.000325551
0.000229031
0.000179095
0.000146392
0.000124623
0.000108503
9.71879e-05
8.79943e-05
8.11906e-05
7.51465e-05
7.05468e-05
6.61374e-05
6.28319e-05
5.93983e-05
5.68225e-05
5.39439e-05
5.18733e-05
4.94008e-05
4.77891e-05
4.5666e-05
4.45063e-05
4.27709e-05
4.18134e-05
4.05257e-05
3.98451e-05
3.89554e-05
3.85334e-05
3.79657e-05
3.77904e-05
3.75011e-05
3.75257e-05
3.74805e-05
3.76853e-05
3.77405e-05
0.000694095
0.000673296
0.000512949
0.000397817
0.000326167
0.000274545
0.000237812
0.000209119
0.000188222
0.000171059
0.000158238
0.000146921
0.000138325
0.000130165
0.000123867
0.000117498
0.000112694
0.000107503
0.00010365
9.9225e-05
9.60016e-05
9.21413e-05
8.93645e-05
8.60001e-05
8.36369e-05
8.06274e-05
7.85415e-05
7.57702e-05
7.40104e-05
7.1469e-05
7.00542e-05
6.77844e-05
6.66542e-05
6.46595e-05
6.38429e-05
6.1889e-05
0.000792326
0.00077269
0.00065916
0.000556252
0.000480562
0.000419822
0.000372684
0.000333657
0.000303611
0.000278303
0.000258642
0.000241355
0.000227753
0.000215228
0.000205295
0.000195692
0.000188101
0.000180424
0.000174391
0.000168017
0.000163047
0.000157582
0.000153367
0.000148519
0.000144797
0.000140424
0.000137213
0.000133245
0.000130436
0.000126791
0.000124338
0.00012098
0.000118867
0.000115785
0.000114099
0.000110826
0.000833976
0.000823005
0.000753457
0.000677515
0.000612872
0.000554994
0.000505715
0.000462399
0.000426919
0.000396032
0.000370882
0.000348591
0.000330313
0.000313669
0.000299937
0.000287063
0.000276409
0.000266136
0.000257628
0.00024919
0.000242216
0.000235099
0.000229252
0.000223104
0.000218085
0.000212642
0.000208288
0.000203407
0.000199604
0.000195167
0.00019184
0.000187765
0.000184876
0.000181087
0.000178542
0.000174764
0.000847901
0.000842642
0.000807032
0.000758172
0.000710883
0.00066367
0.000619842
0.000578699
0.000542759
0.000510278
0.000482523
0.000457483
0.000436105
0.000416592
0.000399877
0.000384388
0.00037107
0.000358531
0.000347716
0.000337363
0.00032842
0.000319709
0.000312188
0.000304728
0.000298304
0.000291799
0.000286247
0.00028049
0.000275661
0.000270493
0.000266294
0.000261587
0.000257976
0.00025363
0.000250514
0.000246225
0.000851792
0.0008488
0.000834025
0.000805811
0.000775254
0.000741567
0.000707342
0.000672928
0.000640839
0.000610592
0.000583457
0.000558369
0.000536106
0.00051554
0.000497317
0.000480404
0.000465395
0.000451362
0.000438879
0.000427106
0.000416608
0.000406611
0.000397682
0.00038909
0.000381419
0.000373941
0.000367294
0.000360705
0.000354922
0.000349039
0.00034402
0.000338684
0.000334389
0.000329455
0.000325838
0.000320941
0.000852186
0.000851448
0.000845402
0.000831126
0.000813458
0.000792023
0.000768176
0.000742402
0.000716712
0.000691331
0.000667441
0.000644668
0.000623683
0.00060393
0.000585871
0.000568933
0.000553488
0.000538992
0.000525771
0.000513327
0.000501963
0.000491218
0.000481394
0.000472051
0.000463509
0.000455319
0.000447857
0.000440614
0.000434082
0.000427608
0.000421916
0.000416038
0.000411161
0.000405697
0.00040164
0.000396148
0.000851927
0.000852588
0.000849514
0.000843434
0.000834041
0.000821761
0.000806804
0.000789372
0.000770733
0.000751355
0.000732197
0.000713285
0.00069519
0.000677743
0.000661303
0.000645629
0.00063097
0.000617065
0.000604104
0.000591829
0.000580401
0.000569569
0.000559489
0.000549911
0.000541005
0.000532503
0.000524623
0.000517035
0.000510067
0.00050324
0.000497114
0.000490887
0.000485601
0.000479771
0.000475386
0.000469434
0.000851832
0.000852305
0.000851225
0.000848613
0.000843939
0.000837809
0.000829237
0.000818587
0.00080625
0.000792712
0.000778627
0.000764174
0.000749799
0.000735549
0.000721707
0.000708233
0.000695318
0.000682877
0.000671042
0.000659705
0.000648965
0.000638704
0.000629007
0.000619745
0.000611013
0.000602656
0.000594807
0.000587251
0.000580215
0.00057335
0.000567087
0.000560777
0.000555312
0.000549355
0.000544801
0.000538627
0.000851837
0.000852016
0.000851679
0.00085065
0.000848678
0.000845429
0.000840953
0.000835321
0.00082782
0.000819151
0.000809613
0.000799397
0.000788849
0.000778049
0.000767227
0.000756433
0.000745825
0.000735415
0.000725306
0.000715481
0.000706011
0.000696859
0.000688083
0.000679626
0.000671549
0.000663769
0.000656374
0.000649228
0.000642491
0.000635916
0.000629831
0.000623726
0.000618339
0.000612524
0.000607987
0.000601888
0.000851865
0.000851849
0.000851717
0.000851325
0.000850554
0.000849098
0.000846927
0.000843857
0.000839724
0.000834835
0.000828824
0.000822131
0.000814978
0.000807376
0.000799498
0.000791422
0.00078328
0.000775122
0.000767028
0.000759025
0.000751173
0.00074348
0.00073599
0.000728692
0.00072163
0.000714768
0.000708167
0.000701748
0.000695625
0.000689629
0.000684003
0.000678371
0.000673305
0.000667892
0.000663553
0.000657833
0.000851885
0.000851771
0.00085166
0.000851477
0.000851171
0.000850568
0.000849581
0.000848113
0.000845955
0.000843281
0.000839783
0.00083577
0.000831338
0.000826333
0.000820983
0.000815326
0.000809491
0.000803501
0.000797418
0.000791286
0.000785157
0.000779058
0.000773024
0.000767068
0.000761228
0.000755492
0.000749906
0.000744429
0.000739141
0.000733937
0.000728987
0.000724034
0.000719488
0.000714687
0.000710698
0.000705625
0.000851894
0.000851738
0.000851606
0.00085147
0.000851309
0.00085105
0.00085061
0.000849945
0.000848897
0.000847523
0.00084568
0.000843403
0.000840777
0.00083775
0.000834354
0.000830647
0.000826775
0.000822646
0.000818345
0.000813925
0.000809419
0.000804859
0.000800265
0.000795671
0.000791103
0.000786558
0.000782076
0.000777637
0.000773299
0.000769001
0.000764857
0.000760704
0.000756813
0.000752762
0.000749223
0.000744991
0.000851896
0.000851724
0.000851571
0.000851433
0.0008513
0.000851151
0.000850932
0.000850624
0.000850132
0.000849456
0.000848535
0.000847334
0.000845879
0.000844151
0.000842156
0.000839892
0.000837431
0.000834768
0.000831922
0.000828927
0.000825808
0.000822592
0.000819279
0.000815945
0.000812566
0.000809152
0.00080574
0.000802325
0.000798945
0.000795568
0.000792268
0.00078895
0.000785779
0.000782521
0.000779485
0.000776143
0.000851895
0.000851715
0.000851549
0.0008514
0.000851262
0.000851134
0.000850988
0.000850814
0.000850568
0.000850231
0.000849777
0.00084917
0.000848406
0.00084747
0.000846359
0.00084506
0.000843596
0.000841973
0.000840198
0.000838287
0.000836251
0.000834111
0.000831871
0.000829561
0.000827192
0.000824767
0.000822308
0.000819814
0.000817315
0.000814792
0.000812296
0.000809766
0.00080732
0.000804781
0.000802449
0.000799681
0.000851893
0.000851708
0.000851534
0.000851375
0.000851227
0.000851094
0.000850962
0.000850828
0.000850673
0.000850481
0.00085024
0.000849926
0.000849529
0.000849035
0.000848438
0.000847726
0.0008469
0.000845961
0.00084491
0.000843755
0.000842498
0.000841151
0.000839716
0.000838206
0.000836631
0.000834996
0.000833315
0.000831587
0.000829832
0.000828039
0.000826247
0.000824406
0.000822619
0.000820714
0.000819038
0.000816886
0.000851891
0.000851702
0.000851522
0.000851355
0.000851199
0.000851056
0.000850921
0.000850791
0.000850661
0.000850521
0.000850364
0.000850179
0.000849957
0.000849686
0.000849362
0.000848974
0.000848519
0.000847994
0.000847396
0.000846726
0.000845985
0.000845176
0.0008443
0.000843362
0.000842368
0.00084132
0.000840226
0.000839087
0.000837915
0.000836702
0.000835478
0.000834201
0.000832957
0.000831601
0.000830419
0.000828873
0.000851889
0.000851696
0.000851512
0.00085134
0.000851177
0.000851025
0.000850883
0.000850748
0.000850619
0.000850491
0.000850362
0.000850224
0.000850074
0.000849904
0.00084971
0.000849486
0.000849227
0.00084893
0.000848591
0.000848209
0.000847782
0.00084731
0.000846793
0.000846232
0.00084563
0.000844986
0.000844305
0.000843587
0.00084284
0.000842055
0.000841255
0.00084041
0.000839581
0.000838664
0.000837858
0.000836803
0.000851888
0.000851692
0.000851505
0.000851327
0.00085116
0.000851002
0.000850853
0.000850712
0.000850578
0.000850449
0.000850323
0.000850198
0.000850071
0.000849938
0.000849795
0.00084964
0.000849469
0.000849279
0.000849067
0.000848831
0.000848569
0.00084828
0.000847963
0.000847617
0.000847244
0.000846841
0.000846413
0.000845956
0.000845477
0.00084497
0.000844448
0.000843891
0.00084334
0.000842725
0.000842178
0.000841464
0.000851887
0.000851689
0.000851498
0.000851317
0.000851146
0.000850983
0.000850829
0.000850682
0.000850543
0.00085041
0.000850281
0.000850157
0.000850034
0.000849913
0.00084979
0.000849663
0.000849531
0.000849392
0.000849242
0.000849082
0.000848908
0.000848719
0.000848515
0.000848295
0.000848057
0.000847802
0.000847529
0.000847238
0.000846932
0.000846605
0.000846268
0.000845904
0.000845543
0.000845138
0.000844772
0.000844299
0.000851886
0.000851685
0.000851492
0.000851308
0.000851133
0.000850966
0.000850807
0.000850656
0.000850511
0.000850373
0.00085024
0.000850112
0.000849988
0.000849867
0.000849749
0.000849632
0.000849515
0.000849396
0.000849276
0.000849151
0.000849022
0.000848887
0.000848745
0.000848595
0.000848437
0.00084827
0.000848093
0.000847905
0.000847709
0.0008475
0.000847284
0.000847052
0.000846821
0.000846561
0.000846323
0.000846022
0.000851885
0.000851683
0.000851487
0.0008513
0.000851122
0.000850951
0.000850788
0.000850632
0.000850483
0.00085034
0.000850202
0.000850069
0.000849942
0.000849818
0.000849698
0.000849581
0.000849467
0.000849354
0.000849243
0.000849132
0.000849022
0.00084891
0.000848796
0.000848681
0.000848563
0.000848441
0.000848315
0.000848185
0.000848051
0.00084791
0.000847766
0.000847614
0.000847461
0.000847293
0.000847136
0.000846945
0.000851884
0.00085168
0.000851483
0.000851293
0.000851112
0.000850938
0.000850771
0.000850611
0.000850458
0.00085031
0.000850168
0.000850032
0.000849899
0.000849772
0.000849648
0.000849528
0.000849412
0.000849298
0.000849188
0.000849079
0.000848973
0.000848868
0.000848765
0.000848662
0.00084856
0.000848457
0.000848354
0.000848251
0.000848146
0.000848039
0.000847932
0.000847821
0.000847711
0.000847593
0.000847481
0.000847353
0.000851883
0.000851678
0.000851479
0.000851287
0.000851103
0.000850926
0.000850756
0.000850593
0.000850436
0.000850285
0.000850139
0.000849998
0.000849862
0.000849731
0.000849603
0.000849479
0.000849359
0.000849243
0.000849129
0.000849019
0.000848911
0.000848807
0.000848704
0.000848603
0.000848505
0.000848408
0.000848312
0.000848217
0.000848123
0.00084803
0.000847937
0.000847844
0.000847752
0.000847657
0.000847566
0.00084747
0.000851883
0.000851676
0.000851475
0.000851282
0.000851095
0.000850916
0.000850743
0.000850577
0.000850417
0.000850263
0.000850114
0.000849969
0.00084983
0.000849695
0.000849564
0.000849436
0.000849313
0.000849193
0.000849076
0.000848962
0.000848852
0.000848744
0.000848639
0.000848536
0.000848436
0.000848338
0.000848242
0.000848149
0.000848056
0.000847966
0.000847877
0.000847788
0.000847702
0.000847615
0.000847531
0.000847446
0.000851882
0.000851674
0.000851472
0.000851277
0.000851089
0.000850907
0.000850732
0.000850563
0.000850401
0.000850243
0.000850091
0.000849944
0.000849802
0.000849664
0.000849529
0.000849399
0.000849272
0.000849149
0.000849029
0.000848912
0.000848798
0.000848687
0.000848579
0.000848473
0.00084837
0.00084827
0.000848171
0.000848075
0.000847981
0.000847889
0.000847799
0.00084771
0.000847623
0.000847537
0.000847453
0.000847371
0.000851882
0.000851673
0.00085147
0.000851273
0.000851083
0.0008509
0.000850723
0.000850552
0.000850387
0.000850227
0.000850073
0.000849923
0.000849778
0.000849637
0.0008495
0.000849367
0.000849237
0.000849111
0.000848988
0.000848868
0.000848752
0.000848638
0.000848527
0.000848418
0.000848312
0.000848208
0.000848107
0.000848008
0.000847911
0.000847816
0.000847723
0.000847632
0.000847543
0.000847455
0.00084737
0.000847286
0.000851881
0.000851671
0.000851468
0.00085127
0.000851079
0.000850894
0.000850715
0.000850542
0.000850375
0.000850213
0.000850057
0.000849905
0.000849758
0.000849614
0.000849475
0.00084934
0.000849208
0.000849079
0.000848954
0.000848832
0.000848712
0.000848596
0.000848482
0.000848371
0.000848262
0.000848156
0.000848052
0.00084795
0.00084785
0.000847753
0.000847657
0.000847564
0.000847472
0.000847382
0.000847294
0.000847208
0.000851881
0.000851671
0.000851466
0.000851267
0.000851075
0.000850889
0.000850709
0.000850534
0.000850366
0.000850202
0.000850044
0.00084989
0.000849741
0.000849596
0.000849455
0.000849317
0.000849183
0.000849052
0.000848925
0.000848801
0.000848679
0.00084856
0.000848444
0.000848331
0.00084822
0.000848111
0.000848005
0.000847901
0.000847799
0.000847699
0.000847601
0.000847506
0.000847412
0.00084732
0.000847229
0.000847141
0.000851881
0.00085167
0.000851465
0.000851266
0.000851072
0.000850885
0.000850704
0.000850529
0.000850359
0.000850194
0.000850034
0.000849879
0.000849728
0.000849581
0.000849438
0.000849299
0.000849163
0.000849031
0.000848902
0.000848775
0.000848652
0.000848531
0.000848414
0.000848298
0.000848185
0.000848075
0.000847967
0.000847861
0.000847757
0.000847655
0.000847556
0.000847458
0.000847362
0.000847268
0.000847176
0.000847086
0.000851881
0.000851669
0.000851464
0.000851264
0.00085107
0.000850883
0.000850701
0.000850524
0.000850353
0.000850187
0.000850026
0.00084987
0.000849718
0.00084957
0.000849426
0.000849285
0.000849148
0.000849014
0.000848884
0.000848756
0.000848631
0.000848509
0.000848389
0.000848273
0.000848158
0.000848046
0.000847936
0.000847829
0.000847724
0.00084762
0.000847519
0.00084742
0.000847323
0.000847228
0.000847134
0.000847043
0.00085188
0.000851669
0.000851463
0.000851264
0.000851069
0.000850881
0.000850699
0.000850522
0.00085035
0.000850184
0.000850022
0.000849865
0.000849712
0.000849563
0.000849417
0.000849276
0.000849138
0.000849003
0.000848871
0.000848742
0.000848616
0.000848493
0.000848372
0.000848254
0.000848139
0.000848025
0.000847915
0.000847806
0.000847699
0.000847595
0.000847493
0.000847392
0.000847294
0.000847198
0.000847103
0.000847011
0.00085188
0.000851669
0.000851464
0.000851264
0.000851069
0.000850881
0.000850698
0.000850521
0.000850349
0.000850182
0.00085002
0.000849863
0.000849709
0.00084956
0.000849414
0.000849272
0.000849133
0.000848997
0.000848865
0.000848735
0.000848609
0.000848484
0.000848363
0.000848244
0.000848128
0.000848014
0.000847902
0.000847792
0.000847685
0.00084758
0.000847477
0.000847376
0.000847277
0.00084718
0.000847084
0.000846991
0.000851881
0.00085167
0.000851464
0.000851265
0.000851071
0.000850883
0.0008507
0.000850523
0.000850352
0.000850185
0.000850023
0.000849865
0.000849712
0.000849562
0.000849416
0.000849274
0.000849135
0.000848999
0.000848866
0.000848737
0.000848609
0.000848485
0.000848363
0.000848244
0.000848127
0.000848013
0.000847901
0.000847791
0.000847683
0.000847577
0.000847474
0.000847373
0.000847273
0.000847176
0.00084708
0.000846987
0.000851881
0.00085167
0.000851465
0.000851266
0.000851073
0.000850886
0.000850704
0.000850528
0.000850357
0.000850191
0.00085003
0.000849873
0.00084972
0.000849571
0.000849425
0.000849283
0.000849145
0.000849009
0.000848877
0.000848747
0.00084862
0.000848496
0.000848375
0.000848255
0.000848139
0.000848025
0.000847913
0.000847803
0.000847695
0.00084759
0.000847487
0.000847385
0.000847286
0.000847189
0.000847094
0.000847
0.000851881
0.000851671
0.000851467
0.000851269
0.000851076
0.00085089
0.000850709
0.000850534
0.000850364
0.000850199
0.000850038
0.000849882
0.00084973
0.000849582
0.000849438
0.000849296
0.000849159
0.000849024
0.000848892
0.000848763
0.000848637
0.000848513
0.000848392
0.000848274
0.000848157
0.000848044
0.000847932
0.000847823
0.000847716
0.000847611
0.000847508
0.000847407
0.000847308
0.000847211
0.000847116
0.000847023
0.000851882
0.000851672
0.000851469
0.000851272
0.000851081
0.000850895
0.000850716
0.000850542
0.000850373
0.00085021
0.000850051
0.000849896
0.000849745
0.000849598
0.000849455
0.000849315
0.000849178
0.000849045
0.000848914
0.000848786
0.000848661
0.000848538
0.000848418
0.0008483
0.000848185
0.000848072
0.000847961
0.000847852
0.000847745
0.000847641
0.000847538
0.000847437
0.000847337
0.00084724
0.000847143
0.000847049
0.000851882
0.000851674
0.000851472
0.000851276
0.000851086
0.000850902
0.000850725
0.000850553
0.000850386
0.000850224
0.000850067
0.000849914
0.000849765
0.00084962
0.000849478
0.00084934
0.000849205
0.000849073
0.000848944
0.000848817
0.000848693
0.000848571
0.000848452
0.000848334
0.000848219
0.000848105
0.000847993
0.000847883
0.000847774
0.000847666
0.000847559
0.000847453
0.000847348
0.000847244
0.00084714
0.000847038
0.000851883
0.000851676
0.000851475
0.000851281
0.000851093
0.000850912
0.000850736
0.000850566
0.000850402
0.000850243
0.000850088
0.000849938
0.000849791
0.000849648
0.000849509
0.000849373
0.000849239
0.000849108
0.00084898
0.000848853
0.000848728
0.000848604
0.000848481
0.000848358
0.000848236
0.000848113
0.00084799
0.000847867
0.000847742
0.000847617
0.000847489
0.000847361
0.00084723
0.000847099
0.000846962
0.000846829
0.000851883
0.000851678
0.000851479
0.000851287
0.000851102
0.000850923
0.000850751
0.000850584
0.000850423
0.000850267
0.000850115
0.000849968
0.000849825
0.000849684
0.000849546
0.000849409
0.000849274
0.000849139
0.000849002
0.000848865
0.000848724
0.000848581
0.000848433
0.00084828
0.000848122
0.000847958
0.000847788
0.00084761
0.000847426
0.000847234
0.000847034
0.000846827
0.00084661
0.000846391
0.000846155
0.000845927
0.000851884
0.000851681
0.000851485
0.000851296
0.000851114
0.000850938
0.000850769
0.000850607
0.00085045
0.000850298
0.00085015
0.000850004
0.00084986
0.000849715
0.000849566
0.000849413
0.000849252
0.000849081
0.000848899
0.000848703
0.000848492
0.000848265
0.000848019
0.000847755
0.000847472
0.000847168
0.000846845
0.000846502
0.00084614
0.000845759
0.000845357
0.000844941
0.000844502
0.000844058
0.000843577
0.00084312
0.000851886
0.000851685
0.000851492
0.000851306
0.000851128
0.000850957
0.000850794
0.000850637
0.000850484
0.000850333
0.000850179
0.000850017
0.000849844
0.000849651
0.000849434
0.000849189
0.000848909
0.000848592
0.000848233
0.000847831
0.000847385
0.000846893
0.000846356
0.000845774
0.000845147
0.000844479
0.00084377
0.000843024
0.00084224
0.000841424
0.000840574
0.000839701
0.000838791
0.000837881
0.000836908
0.000835997
0.000851887
0.00085169
0.000851501
0.00085132
0.000851148
0.000850984
0.000850827
0.000850668
0.000850503
0.000850317
0.000850097
0.000849826
0.000849498
0.000849091
0.000848605
0.000848026
0.00084735
0.000846578
0.000845708
0.000844743
0.000843685
0.000842539
0.00084131
0.000840005
0.000838629
0.000837189
0.000835691
0.000834143
0.000832551
0.000830922
0.000829259
0.000827576
0.000825855
0.000824152
0.000822368
0.000820716
0.000851891
0.000851694
0.000851512
0.00085134
0.000851178
0.000851017
0.000850844
0.00085062
0.00085034
0.000849939
0.000849397
0.000848687
0.000847801
0.000846699
0.000845415
0.000843904
0.000842207
0.000840341
0.000838303
0.000836113
0.000833787
0.000831343
0.000828797
0.000826163
0.000823457
0.000820697
0.000817892
0.000815057
0.000812198
0.00080933
0.000806458
0.000803582
0.000800728
0.00079789
0.000795045
0.000792378
0.0008519
0.000851693
0.000851536
0.000851375
0.000851208
0.000850984
0.000850619
0.000850036
0.000849214
0.000847954
0.000846333
0.000844322
0.000841904
0.000839066
0.000835924
0.000832341
0.000828622
0.000824682
0.0008205
0.000816176
0.000811739
0.000807222
0.000802653
0.00079806
0.00079346
0.000788875
0.000784314
0.000779801
0.000775331
0.000770936
0.000766586
0.000762347
0.000758124
0.000754091
0.00074995
0.000746241
0.00085192
0.000851687
0.000851608
0.000851391
0.000851066
0.000850358
0.000849058
0.00084716
0.000844466
0.000840662
0.000836401
0.000831404
0.000825673
0.000819446
0.000812857
0.000805963
0.000798879
0.000791697
0.00078445
0.000777202
0.000769997
0.000762876
0.000755858
0.000748974
0.000742229
0.000735651
0.000729227
0.00072299
0.000716905
0.000711028
0.000705277
0.000699772
0.000694326
0.000689224
0.000683999
0.000679405
0.000851977
0.000851711
0.000851736
0.000850966
0.000849676
0.000846855
0.000842537
0.000836953
0.000829373
0.000820446
0.000810563
0.000800007
0.000788971
0.000777683
0.000766311
0.000755003
0.00074384
0.000732915
0.000722269
0.000711959
0.000701981
0.000692375
0.000683116
0.000674235
0.000665691
0.000657517
0.000649652
0.000642147
0.000634909
0.00062803
0.000621353
0.000615067
0.000608868
0.00060317
0.000597321
0.000592284
0.000852216
0.000851791
0.000851326
0.000847873
0.00084282
0.00083469
0.000822115
0.000807361
0.000790901
0.000773462
0.0007556
0.000737803
0.000720325
0.000703416
0.000687158
0.000671654
0.00065689
0.000642934
0.000629707
0.000617249
0.000605458
0.000594368
0.000583865
0.000573991
0.000564619
0.000555813
0.000547421
0.000539547
0.000531996
0.000524942
0.000518102
0.000511782
0.000505521
0.000499891
0.000494053
0.000489143
0.000853182
0.000850998
0.000846975
0.000837004
0.000820046
0.00079621
0.000769201
0.000740941
0.000712673
0.000685367
0.000659431
0.000635202
0.000612657
0.000591886
0.00057266
0.000555021
0.000538717
0.000523758
0.000509892
0.000497152
0.000485288
0.000474367
0.000464139
0.000454706
0.000445811
0.000437603
0.000429795
0.000422604
0.000415684
0.000409348
0.000403144
0.000397544
0.000391904
0.000386972
0.000381742
0.000377466
0.000855839
0.000844865
0.000831524
0.000797774
0.000753953
0.000707927
0.000663231
0.000621667
0.000583955
0.000550381
0.000520524
0.000494169
0.000470764
0.000450045
0.00043151
0.000415038
0.000400149
0.000386845
0.00037469
0.000363775
0.000353686
0.000344592
0.000336083
0.000328396
0.000321107
0.000314524
0.000308187
0.000302488
0.000296892
0.000291903
0.000286877
0.000282487
0.000277907
0.000274048
0.000269797
0.000266433
0.000869103
0.000817735
0.000772099
0.000693096
0.000617575
0.000552386
0.000497687
0.000452163
0.000414153
0.000382638
0.00035611
0.000333809
0.000314689
0.000298362
0.000284087
0.000271727
0.000260701
0.000251059
0.000242284
0.000234558
0.00022738
0.000221039
0.000215021
0.000209704
0.000204544
0.000200002
0.000195493
0.000191547
0.000187478
0.000183968
0.000180252
0.00017716
0.000173759
0.000171029
0.000167855
0.000165444
0.000881404
0.00073325
0.000616809
0.000498073
0.000411492
0.000348919
0.00030237
0.000266939
0.000239416
0.000217856
0.000200446
0.000186335
0.000174522
0.00016464
0.000156101
0.000148808
0.000142313
0.000136691
0.000131532
0.000127034
0.000122782
0.000119072
0.000115458
0.000112323
0.000109173
0.000106478
0.000103674
0.000101331
9.88304e-05
9.68084e-05
9.45455e-05
9.27332e-05
9.06284e-05
8.89945e-05
8.70387e-05
8.55663e-05
0.000848356
0.000527321
0.000360766
0.000261201
0.000201822
0.000164162
0.000138252
0.000119893
0.000106342
9.60626e-05
8.799e-05
8.15135e-05
7.61822e-05
7.17336e-05
6.79268e-05
6.46577e-05
6.17587e-05
5.92455e-05
5.69406e-05
5.49259e-05
5.3042e-05
5.14017e-05
4.9839e-05
4.84924e-05
4.71898e-05
4.60859e-05
4.50049e-05
4.41078e-05
4.32413e-05
4.25407e-05
4.17839e-05
4.12667e-05
4.0685e-05
4.03213e-05
3.98827e-05
3.96483e-05
0.000587446
0.000244346
0.000143629
9.64926e-05
7.23356e-05
5.77169e-05
4.83709e-05
4.20766e-05
3.76683e-05
3.43948e-05
3.19801e-05
3.00721e-05
2.86634e-05
2.74968e-05
2.66917e-05
2.59892e-05
2.5599e-05
2.53022e-05
2.50984e-05
2.50419e-05
2.51021e-05
2.52666e-05
2.55077e-05
2.5836e-05
2.62236e-05
2.66838e-05
2.71879e-05
2.77525e-05
2.8347e-05
2.8992e-05
2.96543e-05
3.03565e-05
3.10671e-05
3.18076e-05
3.25499e-05
3.3311e-05
0.000184976
6.68816e-05
4.03604e-05
3.01157e-05
2.57075e-05
2.36643e-05
2.2826e-05
2.25291e-05
2.26061e-05
2.28962e-05
2.33472e-05
2.39172e-05
2.45835e-05
2.53252e-05
2.61278e-05
2.69791e-05
2.78643e-05
2.87782e-05
2.97039e-05
3.06385e-05
3.15672e-05
3.24897e-05
3.33913e-05
3.42751e-05
3.51268e-05
3.5953e-05
3.67392e-05
3.74966e-05
3.82089e-05
3.88929e-05
3.95287e-05
4.01402e-05
4.07014e-05
4.12452e-05
4.17362e-05
4.22192e-05
1.82766e-05
2.61305e-05
3.11308e-05
3.40314e-05
3.54749e-05
3.6103e-05
3.61118e-05
3.58475e-05
3.56379e-05
3.51788e-05
3.47378e-05
3.43218e-05
3.39373e-05
3.3587e-05
3.3271e-05
3.29874e-05
3.27334e-05
3.25061e-05
3.23025e-05
3.21198e-05
3.19552e-05
3.18067e-05
3.1672e-05
3.15494e-05
3.14372e-05
3.13341e-05
3.12388e-05
3.11503e-05
3.10677e-05
3.09901e-05
3.0917e-05
3.08476e-05
3.07817e-05
3.07185e-05
3.06581e-05
3.05997e-05
1.55467e-06
4.07636e-06
4.88317e-06
5.58729e-06
6.17578e-06
6.66749e-06
7.08251e-06
7.43685e-06
7.74207e-06
8.00714e-06
8.23903e-06
8.44424e-06
8.63259e-06
8.80421e-06
8.96182e-06
9.10851e-06
9.24682e-06
9.37889e-06
9.50631e-06
9.63059e-06
9.75328e-06
9.87735e-06
1.00092e-05
1.01623e-05
1.03459e-05
1.05491e-05
1.07602e-05
1.0974e-05
1.11888e-05
1.14037e-05
1.16186e-05
1.18334e-05
1.2048e-05
1.22625e-05
1.2477e-05
1.26915e-05
1.2906e-05
1.31208e-05
1.33357e-05
1.3551e-05
1.37665e-05
1.39825e-05
1.41989e-05
1.44158e-05
1.46332e-05
1.48511e-05
1.50695e-05
1.52885e-05
1.5508e-05
1.57281e-05
1.59487e-05
1.61699e-05
1.63916e-05
1.66139e-05
1.68366e-05
1.70599e-05
1.72836e-05
1.75079e-05
1.77327e-05
1.79582e-05
1.81844e-05
1.84114e-05
1.86388e-05
1.88665e-05
1.90946e-05
1.93229e-05
1.95516e-05
1.97806e-05
2.00097e-05
2.02392e-05
2.04688e-05
2.06987e-05
2.09287e-05
2.11589e-05
2.13893e-05
2.16197e-05
2.18503e-05
2.2081e-05
2.23118e-05
2.25427e-05
2.27736e-05
2.30048e-05
2.32361e-05
2.34676e-05
2.36993e-05
2.39312e-05
2.41633e-05
2.43957e-05
2.46284e-05
2.48613e-05
2.50945e-05
2.53278e-05
2.55611e-05
2.57945e-05
2.60279e-05
2.62613e-05
2.64947e-05
2.67281e-05
2.69615e-05
2.7195e-05
2.74284e-05
2.76618e-05
2.78952e-05
2.81285e-05
2.83618e-05
2.8595e-05
2.88282e-05
2.90613e-05
2.92943e-05
2.95272e-05
2.97599e-05
2.99926e-05
3.0225e-05
3.04574e-05
3.06895e-05
3.09214e-05
3.11531e-05
3.13846e-05
3.16158e-05
3.18468e-05
3.20775e-05
3.23079e-05
3.25379e-05
3.27677e-05
3.29971e-05
3.32261e-05
3.34547e-05
3.36829e-05
3.39106e-05
3.41379e-05
3.43647e-05
3.45909e-05
3.48167e-05
3.50419e-05
3.52664e-05
3.54904e-05
3.57137e-05
3.59364e-05
3.61584e-05
3.63796e-05
3.66001e-05
3.68198e-05
3.70388e-05
3.72569e-05
3.74741e-05
3.76905e-05
3.79059e-05
3.81204e-05
3.8334e-05
3.85465e-05
3.8758e-05
3.89685e-05
3.91779e-05
3.93861e-05
3.95932e-05
3.97992e-05
4.00039e-05
4.02074e-05
4.04096e-05
4.06105e-05
4.081e-05
4.10082e-05
4.12049e-05
4.14003e-05
4.15941e-05
4.17865e-05
4.19773e-05
4.21666e-05
4.23543e-05
4.25404e-05
4.27248e-05
4.29076e-05
4.30886e-05
4.32679e-05
4.34454e-05
4.36211e-05
4.3795e-05
4.3967e-05
4.41371e-05
4.43052e-05
4.44714e-05
4.46356e-05
4.47978e-05
4.4958e-05
4.51161e-05
4.5272e-05
4.54259e-05
4.55776e-05
4.57271e-05
4.58744e-05
4.60194e-05
4.61622e-05
4.63027e-05
4.6441e-05
4.6577e-05
4.67109e-05
4.68429e-05
4.69733e-05
4.71029e-05
4.72327e-05
4.73648e-05
4.74918e-05
4.76162e-05
4.77375e-05
4.78568e-05
4.79728e-05
4.80862e-05
4.81969e-05
4.8305e-05
4.84105e-05
4.85133e-05
4.86134e-05
4.87109e-05
4.88058e-05
4.8898e-05
4.89876e-05
4.90745e-05
4.91589e-05
4.92406e-05
4.93197e-05
4.93962e-05
4.94701e-05
4.95415e-05
4.96103e-05
4.96765e-05
4.97402e-05
4.98014e-05
4.98601e-05
4.99163e-05
4.99701e-05
5.00214e-05
5.00703e-05
5.01168e-05
5.01609e-05
5.02027e-05
5.02421e-05
5.02793e-05
5.03141e-05
5.03468e-05
5.03771e-05
5.04053e-05
5.04313e-05
5.04552e-05
5.04769e-05
5.04966e-05
5.05141e-05
5.05296e-05
5.05431e-05
5.05546e-05
5.0564e-05
5.05715e-05
5.0577e-05
5.05806e-05
5.05824e-05
5.05822e-05
5.05803e-05
5.05765e-05
5.05709e-05
5.05636e-05
5.05546e-05
5.05438e-05
5.05313e-05
5.05172e-05
5.05015e-05
5.04841e-05
5.04651e-05
5.04445e-05
5.04223e-05
5.03985e-05
5.03732e-05
5.03462e-05
5.03176e-05
5.02869e-05
5.02535e-05
5.02034e-05
5.01833e-05
5.01503e-05
5.0113e-05
5.00716e-05
5.00377e-05
5.00002e-05
4.99542e-05
4.99098e-05
4.98634e-05
4.98152e-05
4.9767e-05
4.97166e-05
4.96643e-05
4.96098e-05
4.95533e-05
4.94954e-05
4.94344e-05
4.93722e-05
4.9309e-05
4.92416e-05
4.91706e-05
4.91004e-05
4.90267e-05
4.89471e-05
4.88622e-05
4.87736e-05
4.86843e-05
4.85902e-05
4.84933e-05
4.8392e-05
4.82863e-05
4.8176e-05
4.80608e-05
4.79405e-05
4.78148e-05
4.76829e-05
4.75438e-05
4.74032e-05
4.72478e-05
4.69919e-05
4.69177e-05
4.68944e-05
4.68716e-05
4.68452e-05
4.68132e-05
4.67752e-05
4.67299e-05
4.6679e-05
4.66218e-05
4.65582e-05
4.64882e-05
4.64117e-05
4.63288e-05
4.62396e-05
4.61441e-05
4.60426e-05
4.59351e-05
4.5821e-05
4.57032e-05
4.55788e-05
4.54487e-05
4.53135e-05
4.51735e-05
4.50289e-05
4.48801e-05
4.47275e-05
4.45705e-05
4.44107e-05
4.42472e-05
4.40823e-05
4.39136e-05
4.37418e-05
4.35664e-05
4.33874e-05
4.3205e-05
4.3019e-05
4.28289e-05
4.26339e-05
4.24324e-05
4.22219e-05
4.19969e-05
4.17524e-05
4.14511e-05
4.113e-05
4.00062e-05
2.22401e-06
1.00792e-05
2.17723e-05
3.21074e-05
4.01502e-05
4.64573e-05
5.14955e-05
5.5633e-05
5.90894e-05
6.20405e-05
6.46099e-05
6.68635e-05
6.87803e-05
7.05368e-05
7.2225e-05
7.38913e-05
7.55565e-05
7.72269e-05
7.88992e-05
8.05619e-05
8.21943e-05
8.37634e-05
8.5222e-05
8.65167e-05
8.76291e-05
8.86056e-05
8.9504e-05
9.03626e-05
9.12017e-05
9.20311e-05
9.28555e-05
9.36772e-05
9.44971e-05
9.53159e-05
9.6134e-05
9.6952e-05
9.77701e-05
9.85892e-05
9.94097e-05
0.000100232
0.000101058
0.000101887
0.000102721
0.00010356
0.000104405
0.000105256
0.000106113
0.000106979
0.000107852
0.000108733
0.000109624
0.000110523
0.000111433
0.000112353
0.000113283
0.000114224
0.000115175
0.000116137
0.00011711
0.000118093
0.000119088
0.000120093
0.000121112
0.000122143
0.000123187
0.000124245
0.000125316
0.0001264
0.000127497
0.000128608
0.000129733
0.000130871
0.000132023
0.000133188
0.000134367
0.000135559
0.000136765
0.000137982
0.000139212
0.000140453
0.000141703
0.000142962
0.000144236
0.000145525
0.000146829
0.000148149
0.000149485
0.000150838
0.000152208
0.000153598
0.000155009
0.000156444
0.000157896
0.000159362
0.000160844
0.000162342
0.000163856
0.000165386
0.000166931
0.000168492
0.000170069
0.000171662
0.000173271
0.000174896
0.000176537
0.000178194
0.000179867
0.000181557
0.000183262
0.000184984
0.000186721
0.000188475
0.000190244
0.00019203
0.000193831
0.000195648
0.000197481
0.00019933
0.000201194
0.000203073
0.000204968
0.000206879
0.000208804
0.000210745
0.0002127
0.000214671
0.000216656
0.000218656
0.00022067
0.000222698
0.00022474
0.000226795
0.000228865
0.000230947
0.000233043
0.000235151
0.000237271
0.000239404
0.000241549
0.000243705
0.000245872
0.000248051
0.00025024
0.000252439
0.000254648
0.000256867
0.000259095
0.000261331
0.000263576
0.00026583
0.00026809
0.000270358
0.000272633
0.000274915
0.000277202
0.000279494
0.000281791
0.000284093
0.000286399
0.000288709
0.000291021
0.000293335
0.000295652
0.00029797
0.000300288
0.000302607
0.000304926
0.000307244
0.00030956
0.000311874
0.000314187
0.000316496
0.000318802
0.000321104
0.000323401
0.000325692
0.000327978
0.000330258
0.00033253
0.000334794
0.000337051
0.000339299
0.000341537
0.000343766
0.000345984
0.000348191
0.000350387
0.000352571
0.000354741
0.000356898
0.000359041
0.000361168
0.000363278
0.000365369
0.000367439
0.000369484
0.0003715
0.00037348
0.000375419
0.000377322
0.000379212
0.000381072
0.000382902
0.000384677
0.000386362
0.00038803
0.00038968
0.000391312
0.000392926
0.000394522
0.0003961
0.000397661
0.000399204
0.000400728
0.000402235
0.000403723
0.000405194
0.000406646
0.000408081
0.000409497
0.000410895
0.000412276
0.000413638
0.000414983
0.000416311
0.000417622
0.000418915
0.000420191
0.000421451
0.000422695
0.000423923
0.000425134
0.000426331
0.000427512
0.000428679
0.000429832
0.00043097
0.000432096
0.000433208
0.000434308
0.000435396
0.000436472
0.000437538
0.000438593
0.000439638
0.000440673
0.0004417
0.000442718
0.000443729
0.000444732
0.000445729
0.000446719
0.000447703
0.000448683
0.000449658
0.000450629
0.000451597
0.000452562
0.000453524
0.000454486
0.000455446
0.000456406
0.000457366
0.000458327
0.000459289
0.000460252
0.000461218
0.000462186
0.000463157
0.000464131
0.000465109
0.000466089
0.000467073
0.000468058
0.000469044
0.000470079
0.000471066
0.000472073
0.00047308
0.000474107
0.000475136
0.000476131
0.000477156
0.000478171
0.000479179
0.000480188
0.000481197
0.000482207
0.000483215
0.000484223
0.000485225
0.000486186
0.000487165
0.000488179
0.000489163
0.000490117
0.000491082
0.000492031
0.000492929
0.00049377
0.000494581
0.000495396
0.000496172
0.000496909
0.000497606
0.000498258
0.000498862
0.000499413
0.000499907
0.000500335
0.00050069
0.000500965
0.000501153
0.000501108
0.000500197
0.000498364
0.000496202
0.000493868
0.000491411
0.000488844
0.000486177
0.000483404
0.000480531
0.000477559
0.000474489
0.000471323
0.000468064
0.000464713
0.000461274
0.000457749
0.000454144
0.000450459
0.000446703
0.000442874
0.000438958
0.000434991
0.000430975
0.000426913
0.00042281
0.000418671
0.000414502
0.000410307
0.0004061
0.000401883
0.000397663
0.000393441
0.000389206
0.000384958
0.000380706
0.000376455
0.000372204
0.00036795
0.000363686
0.000359395
0.000355034
0.000350573
0.000345845
0.000340076
0.000330068
0.000304707
2.84388e-06
1.44625e-05
3.44276e-05
5.44978e-05
7.21674e-05
8.71243e-05
9.96148e-05
0.000110057
0.000118847
0.000126309
0.0001327
0.000138229
0.000143075
0.000147405
0.000151353
0.000155017
0.000158467
0.000161748
0.000164887
0.000167895
0.00017077
0.0001735
0.000176069
0.000178467
0.000180701
0.000182804
0.000184814
0.000186768
0.000188688
0.000190588
0.000192481
0.000194373
0.000196266
0.000198164
0.000200067
0.000201978
0.000203897
0.000205825
0.000207764
0.000209716
0.000211681
0.000213661
0.000215658
0.000217673
0.000219707
0.000221761
0.000223835
0.00022593
0.000228046
0.000230185
0.000232346
0.000234531
0.00023674
0.000238973
0.000241231
0.000243515
0.000245824
0.000248159
0.00025052
0.000252907
0.00025532
0.00025776
0.000260228
0.000262723
0.000265246
0.000267797
0.000270375
0.000272981
0.000275616
0.000278278
0.000280969
0.000283688
0.000286435
0.000289209
0.000292012
0.000294842
0.000297699
0.000300583
0.000303493
0.00030643
0.000309393
0.000312383
0.000315403
0.000318452
0.000321532
0.000324642
0.000327784
0.000330958
0.000334165
0.000337404
0.000340678
0.000343985
0.000347325
0.000350698
0.000354103
0.000357541
0.000361011
0.000364514
0.000368051
0.00037162
0.000375222
0.000378857
0.000382526
0.000386228
0.000389963
0.000393732
0.000397534
0.000401369
0.000405238
0.00040914
0.000413075
0.000417043
0.000421044
0.000425078
0.000429144
0.000433243
0.000437374
0.000441537
0.000445732
0.000449959
0.000454217
0.000458506
0.000462826
0.000467177
0.000471558
0.000475968
0.000480408
0.000484877
0.000489375
0.000493901
0.000498454
0.000503035
0.000507642
0.000512275
0.000516934
0.000521618
0.000526326
0.000531058
0.000535813
0.00054059
0.000545388
0.000550208
0.000555047
0.000559906
0.000564784
0.000569679
0.000574592
0.00057952
0.000584464
0.000589423
0.000594395
0.00059938
0.000604376
0.000609383
0.0006144
0.000619426
0.000624459
0.000629499
0.000634545
0.000639596
0.00064465
0.000649706
0.000654763
0.00065982
0.000664876
0.00066993
0.000674981
0.000680027
0.000685067
0.0006901
0.000695125
0.000700141
0.000705147
0.000710141
0.000715121
0.000720088
0.000725039
0.000729972
0.000734888
0.000739784
0.000744659
0.000749513
0.000754343
0.000759148
0.000763927
0.000768679
0.000773402
0.000778095
0.000782755
0.00078738
0.00079197
0.00079652
0.000801029
0.000805493
0.000809908
0.000814269
0.000818571
0.000822812
0.000826991
0.000831113
0.000835186
0.000839199
0.000843143
0.000847007
0.000850797
0.000854544
0.000858246
0.000861904
0.000865517
0.000869087
0.000872611
0.000876091
0.000879525
0.000882914
0.000886258
0.000889555
0.000892807
0.000896012
0.000899172
0.000902285
0.000905352
0.000908373
0.000911349
0.000914279
0.000917163
0.000920003
0.000922798
0.000925549
0.000928255
0.000930919
0.00093354
0.000936119
0.000938656
0.000941152
0.000943609
0.000946026
0.000948404
0.000950745
0.00095305
0.000955319
0.000957553
0.000959754
0.000961922
0.000964058
0.000966164
0.000968241
0.00097029
0.000972312
0.000974308
0.000976279
0.000978226
0.000980151
0.000982054
0.000983938
0.000985802
0.000987649
0.00098948
0.000991296
0.000993098
0.000994888
0.000996667
0.000998436
0.0010002
0.00100195
0.0010037
0.00100544
0.00100718
0.00100891
0.00101064
0.00101238
0.00101411
0.00101583
0.00101756
0.00101929
0.00102102
0.00102276
0.00102446
0.00102617
0.00102788
0.00102961
0.00103133
0.00103303
0.00103474
0.00103644
0.00103813
0.00103982
0.0010415
0.00104317
0.00104484
0.00104649
0.00104811
0.00104969
0.00105132
0.00105297
0.00105455
0.00105607
0.00105757
0.00105902
0.00106038
0.00106166
0.0010629
0.00106408
0.00106519
0.00106621
0.00106713
0.00106795
0.00106866
0.00106924
0.00106968
0.00106997
0.00107009
0.00107002
0.00106969
0.0010689
0.00106713
0.00106414
0.00106049
0.00105645
0.00105212
0.00104753
0.00104272
0.00103768
0.00103241
0.00102693
0.00102122
0.00101531
0.00100918
0.00100286
0.000996332
0.000989619
0.000982725
0.000975657
0.000968428
0.000961044
0.000953515
0.000945869
0.000938115
0.000930262
0.000922318
0.000914295
0.000906202
0.00089805
0.000889883
0.000881705
0.000873512
0.000865302
0.000857045
0.000848736
0.000840406
0.000832061
0.000823694
0.0008153
0.000806861
0.000798321
0.000789583
0.000780518
0.000770759
0.000759825
0.000743214
0.00070261
3.32868e-06
1.80284e-05
4.40074e-05
7.12055e-05
9.61391e-05
0.000118074
0.000137065
0.000153375
0.000167381
0.000179432
0.000189845
0.000198889
0.000206809
0.000213822
0.000220107
0.000225813
0.000231056
0.000235925
0.000240487
0.000244788
0.000248861
0.000252726
0.0002564
0.000259902
0.000263253
0.000266484
0.000269629
0.000272721
0.000275792
0.000278853
0.000281912
0.000284976
0.000288049
0.000291135
0.000294238
0.000297359
0.0003005
0.000303662
0.000306847
0.000310058
0.000313296
0.000316564
0.000319863
0.000323197
0.000326565
0.000329969
0.00033341
0.000336888
0.000340399
0.000343945
0.000347529
0.000351149
0.000354807
0.000358503
0.000362237
0.00036601
0.000369822
0.000373674
0.000377565
0.000381496
0.000385467
0.000389477
0.000393527
0.000397615
0.000401741
0.000405906
0.00041011
0.000414353
0.000418634
0.000422954
0.000427313
0.000431711
0.000436147
0.000440621
0.000445134
0.000449685
0.000454275
0.000458902
0.000463568
0.000468272
0.000473015
0.000477797
0.000482619
0.000487482
0.000492386
0.000497332
0.000502321
0.000507353
0.000512428
0.000517548
0.000522713
0.000527923
0.000533177
0.000538477
0.000543822
0.000549212
0.000554648
0.000560129
0.000565657
0.000571231
0.000576851
0.000582518
0.000588232
0.000593992
0.0005998
0.000605654
0.000611556
0.000617504
0.0006235
0.000629542
0.000635632
0.000641768
0.00064795
0.00065418
0.000660455
0.000666776
0.000673144
0.000679556
0.000686014
0.000692517
0.000699064
0.000705655
0.00071229
0.000718968
0.000725689
0.000732452
0.000739257
0.000746102
0.000752989
0.000759915
0.000766879
0.000773883
0.000780923
0.000788001
0.000795114
0.000802263
0.000809445
0.00081666
0.000823908
0.000831187
0.000838496
0.000845834
0.000853199
0.000860592
0.00086801
0.000875453
0.000882919
0.000890407
0.000897916
0.000905445
0.000912991
0.000920554
0.000928133
0.000935725
0.00094333
0.000950946
0.000958572
0.000966205
0.000973844
0.000981489
0.000989136
0.000996784
0.00100443
0.00101208
0.00101972
0.00102736
0.00103499
0.00104261
0.00105022
0.00105782
0.0010654
0.00107297
0.00108052
0.00108805
0.00109556
0.00110304
0.0011105
0.00111793
0.00112533
0.0011327
0.00114004
0.00114734
0.0011546
0.00116182
0.00116901
0.00117614
0.00118324
0.00119028
0.00119727
0.00120421
0.00121109
0.00121791
0.00122466
0.00123135
0.00123797
0.00124451
0.00125097
0.00125735
0.00126366
0.00126988
0.00127603
0.00128209
0.00128806
0.00129394
0.00129974
0.00130546
0.00131112
0.00131671
0.00132222
0.00132766
0.00133303
0.00133833
0.00134355
0.0013487
0.00135378
0.00135878
0.00136371
0.00136856
0.00137334
0.00137804
0.00138267
0.00138722
0.0013917
0.0013961
0.00140043
0.00140469
0.00140887
0.00141298
0.00141701
0.00142098
0.00142487
0.00142869
0.00143245
0.00143614
0.00143975
0.00144331
0.0014468
0.00145022
0.00145358
0.00145689
0.00146013
0.00146331
0.00146644
0.00146952
0.00147254
0.00147551
0.00147843
0.0014813
0.00148413
0.00148691
0.00148965
0.00149235
0.001495
0.00149762
0.00150021
0.00150276
0.00150528
0.00150777
0.00151023
0.00151267
0.00151509
0.00151748
0.00151985
0.00152221
0.00152455
0.00152688
0.00152919
0.00153149
0.00153379
0.00153608
0.00153836
0.00154063
0.0015429
0.00154517
0.00154743
0.00154969
0.00155192
0.00155415
0.00155639
0.00155863
0.00156087
0.0015631
0.00156534
0.00156756
0.00156978
0.00157198
0.00157417
0.00157636
0.00157853
0.00158068
0.0015828
0.00158493
0.00158711
0.00158923
0.00159127
0.00159326
0.00159519
0.00159701
0.00159874
0.00160042
0.001602
0.00160349
0.00160486
0.00160611
0.00160721
0.00160816
0.00160893
0.00160951
0.00160988
0.00161002
0.00160989
0.00160944
0.0016086
0.00160715
0.00160472
0.00160115
0.00159677
0.00159183
0.00158645
0.0015807
0.00157458
0.00156811
0.0015613
0.00155416
0.00154668
0.00153888
0.00153075
0.00152232
0.00151358
0.00150455
0.00149524
0.00148566
0.00147583
0.00146577
0.00145548
0.00144501
0.00143436
0.00142355
0.0014126
0.00140152
0.00139033
0.00137904
0.00136769
0.00135629
0.00134486
0.00133339
0.00132187
0.00131031
0.00129872
0.00128709
0.00127543
0.00126371
0.00125194
0.00123999
0.00122775
0.00121498
0.00120122
0.00118589
0.00116458
0.00111837
3.70765e-06
2.14603e-05
5.25998e-05
8.5542e-05
0.000116255
0.000143771
0.00016802
0.000189224
0.000207707
0.000223814
0.000237879
0.00025021
0.000261079
0.000270722
0.000279348
0.000287133
0.000294225
0.000300747
0.0003068
0.000312466
0.000317809
0.000322885
0.000327739
0.000332411
0.000336937
0.000341351
0.000345681
0.000349953
0.000354182
0.000358389
0.00036259
0.0003668
0.000371024
0.000375271
0.000379544
0.000383846
0.000388179
0.000392545
0.00039694
0.000401372
0.000405844
0.000410358
0.000414918
0.000419524
0.00042418
0.000428888
0.000433654
0.000438491
0.000443383
0.000448326
0.000453318
0.000458358
0.000463446
0.000468581
0.000473764
0.000478996
0.000484278
0.000489611
0.000494993
0.000500426
0.00050591
0.000511444
0.000517027
0.000522654
0.000528326
0.000534044
0.000539808
0.000545618
0.000551474
0.000557376
0.000563323
0.000569317
0.000575357
0.000581443
0.000587576
0.000593755
0.00059998
0.000606252
0.000612571
0.000618938
0.000625352
0.000631814
0.000638324
0.000644882
0.00065149
0.000658148
0.000664857
0.000671618
0.000678431
0.000685297
0.000692217
0.00069919
0.000706218
0.000713301
0.000720438
0.000727631
0.00073488
0.000742185
0.000749546
0.000756964
0.000764439
0.000771971
0.000779561
0.000787209
0.000794914
0.000802677
0.000810499
0.000818379
0.000826317
0.000834313
0.000842367
0.000850479
0.000858649
0.000866877
0.000875162
0.000883505
0.000891904
0.00090036
0.000908872
0.00091744
0.000926063
0.000934741
0.000943473
0.000952259
0.000961099
0.00096999
0.000978934
0.000987928
0.000996973
0.00100607
0.00101521
0.0010244
0.00103363
0.00104292
0.00105224
0.00106161
0.00107102
0.00108048
0.00108997
0.0010995
0.00110906
0.00111867
0.0011283
0.00113797
0.00114767
0.00115741
0.00116716
0.00117695
0.00118676
0.00119659
0.00120645
0.00121632
0.00122621
0.00123612
0.00124605
0.00125598
0.00126593
0.00127588
0.00128584
0.0012958
0.00130577
0.00131574
0.0013257
0.00133566
0.00134561
0.00135555
0.00136549
0.00137541
0.00138531
0.00139519
0.00140506
0.0014149
0.00142472
0.00143451
0.00144427
0.00145399
0.00146368
0.00147334
0.00148295
0.00149252
0.00150205
0.00151153
0.00152095
0.00153033
0.00153965
0.0015489
0.0015581
0.00156723
0.0015763
0.00158529
0.0015942
0.00160304
0.0016118
0.00162047
0.00162905
0.00163754
0.00164594
0.00165423
0.00166243
0.00167054
0.00167854
0.00168644
0.00169423
0.00170192
0.00170951
0.001717
0.0017244
0.00173171
0.00173891
0.00174603
0.00175304
0.00175996
0.00176678
0.0017735
0.00178012
0.00178664
0.00179305
0.00179937
0.00180559
0.0018117
0.00181771
0.00182362
0.00182943
0.00183514
0.00184074
0.00184625
0.00185166
0.00185696
0.00186217
0.00186728
0.0018723
0.00187722
0.00188204
0.00188677
0.00189141
0.00189596
0.00190042
0.00190479
0.00190907
0.00191327
0.00191739
0.00192143
0.00192539
0.00192928
0.00193309
0.00193683
0.0019405
0.0019441
0.00194763
0.00195111
0.00195452
0.00195787
0.00196117
0.00196441
0.00196761
0.00197075
0.00197385
0.00197691
0.00197993
0.00198291
0.00198585
0.00198876
0.00199165
0.00199451
0.00199734
0.00200016
0.00200295
0.00200573
0.0020085
0.00201125
0.002014
0.00201673
0.00201946
0.00202218
0.0020249
0.00202761
0.00203031
0.002033
0.0020357
0.0020384
0.00204112
0.00204383
0.00204653
0.00204925
0.00205196
0.00205465
0.00205733
0.00206002
0.00206268
0.00206533
0.002068
0.00207071
0.00207336
0.00207596
0.0020785
0.00208097
0.00208333
0.00208559
0.00208778
0.00208989
0.00209189
0.00209376
0.00209549
0.00209707
0.00209846
0.00209965
0.00210063
0.00210136
0.00210181
0.00210196
0.00210176
0.00210115
0.00210003
0.00209822
0.00209548
0.0020917
0.00208707
0.00208177
0.00207592
0.00206958
0.00206277
0.0020555
0.00204778
0.00203961
0.00203101
0.00202198
0.00201253
0.00200267
0.0019924
0.00198174
0.00197071
0.00195932
0.0019476
0.00193556
0.00192322
0.00191063
0.00189779
0.00188473
0.00187148
0.00185804
0.00184445
0.00183073
0.0018169
0.00180299
0.00178901
0.00177498
0.00176088
0.00174674
0.00173255
0.00171831
0.00170401
0.00168962
0.00167513
0.00166043
0.00164534
0.00162963
0.00161276
0.00159395
0.00156925
0.00152178
4.0079e-06
2.48886e-05
6.07431e-05
9.86445e-05
0.000134238
0.000166426
0.000195103
0.000220455
0.000242779
0.000262417
0.000279706
0.000294965
0.000308483
0.000320523
0.000331313
0.000341056
0.000349925
0.000358068
0.000365612
0.000372663
0.000379309
0.000385627
0.000391678
0.000397518
0.000403193
0.000408743
0.000414203
0.000419599
0.000424958
0.000430298
0.000435637
0.000440988
0.000446362
0.000451766
0.000457207
0.000462689
0.000468218
0.000473797
0.000479434
0.000485125
0.000490872
0.000496674
0.000502532
0.000508449
0.000514422
0.000520454
0.00052654
0.000532675
0.000538863
0.000545106
0.000551407
0.000557765
0.000564177
0.000570641
0.000577158
0.000583733
0.000590365
0.000597055
0.000603803
0.000610609
0.000617476
0.000624406
0.000631408
0.000638467
0.000645579
0.000652743
0.000659958
0.000667223
0.000674538
0.000681903
0.000689319
0.000696786
0.000704305
0.000711875
0.000719497
0.000727171
0.000734897
0.000742677
0.000750511
0.0007584
0.000766344
0.000774345
0.000782396
0.0007905
0.000798659
0.000806874
0.000815147
0.000823478
0.000831868
0.000840317
0.000848826
0.000857397
0.000866028
0.000874722
0.000883478
0.000892298
0.000901181
0.000910129
0.000919141
0.000928218
0.000937361
0.000946569
0.000955843
0.000965184
0.000974591
0.000984065
0.000993607
0.00100321
0.00101289
0.00102263
0.00103244
0.00104232
0.00105226
0.00106227
0.00107235
0.00108249
0.0010927
0.00110298
0.00111332
0.00112372
0.00113419
0.00114472
0.00115532
0.00116598
0.00117669
0.00118747
0.00119831
0.00120921
0.00122017
0.00123118
0.00124225
0.00125337
0.00126455
0.00127578
0.00128706
0.00129839
0.00130977
0.00132119
0.00133266
0.00134418
0.00135573
0.00136733
0.00137897
0.00139064
0.00140235
0.00141409
0.00142587
0.00143767
0.0014495
0.00146136
0.00147324
0.00148514
0.00149706
0.001509
0.00152096
0.00153292
0.0015449
0.00155688
0.00156887
0.00158087
0.00159286
0.00160485
0.00161684
0.00162882
0.00164079
0.00165275
0.00166469
0.00167661
0.00168852
0.0017004
0.00171225
0.00172408
0.00173587
0.00174763
0.00175935
0.00177103
0.00178266
0.00179425
0.00180579
0.00181728
0.00182871
0.00184008
0.00185139
0.00186264
0.00187381
0.00188492
0.00189594
0.00190689
0.00191776
0.00192854
0.00193923
0.00194983
0.00196033
0.00197073
0.00198103
0.00199122
0.0020013
0.00201127
0.00202113
0.00203087
0.0020405
0.00205
0.00205938
0.00206864
0.00207779
0.00208682
0.00209574
0.00210454
0.00211322
0.00212179
0.00213023
0.00213856
0.00214676
0.00215485
0.00216281
0.00217064
0.00217836
0.00218594
0.00219341
0.00220075
0.00220796
0.00221505
0.00222202
0.00222885
0.00223557
0.00224216
0.00224863
0.00225497
0.0022612
0.0022673
0.00227328
0.00227915
0.0022849
0.00229053
0.00229605
0.00230145
0.00230675
0.00231193
0.00231701
0.00232198
0.00232686
0.00233163
0.0023363
0.00234088
0.00234537
0.00234976
0.00235407
0.00235829
0.00236243
0.00236649
0.00237048
0.00237439
0.00237823
0.002382
0.00238571
0.00238935
0.00239294
0.00239648
0.00239996
0.0024034
0.0024068
0.00241015
0.00241347
0.00241675
0.00242001
0.00242324
0.00242645
0.00242963
0.00243281
0.00243596
0.00243911
0.00244224
0.00244537
0.0024485
0.00245162
0.00245474
0.00245786
0.00246098
0.0024641
0.00246723
0.00247039
0.00247356
0.00247672
0.0024799
0.00248311
0.00248627
0.00248943
0.00249264
0.00249587
0.00249907
0.00250228
0.00250549
0.00250867
0.00251181
0.00251488
0.00251786
0.00252075
0.00252357
0.00252631
0.00252895
0.00253147
0.00253384
0.00253605
0.00253808
0.0025399
0.00254149
0.00254283
0.00254388
0.00254461
0.00254498
0.00254493
0.0025444
0.00254329
0.00254146
0.00253873
0.00253505
0.00253051
0.00252525
0.00251935
0.00251286
0.00250581
0.00249821
0.00249006
0.00248137
0.00247216
0.00246241
0.00245216
0.00244139
0.00243014
0.0024184
0.0024062
0.00239357
0.00238051
0.00236707
0.00235326
0.00233911
0.00232466
0.00230993
0.00229495
0.00227975
0.00226434
0.00224875
0.00223302
0.00221718
0.00220123
0.00218521
0.0021691
0.00215293
0.00213671
0.00212042
0.00210405
0.00208758
0.00207096
0.0020541
0.00203683
0.00201886
0.00199966
0.00197828
0.00195114
0.00190442
4.2484e-06
2.82524e-05
6.84968e-05
0.000110849
0.000150748
0.000187031
0.000219555
0.000248536
0.000274241
0.000297011
0.000317191
0.000335107
0.000351062
0.000365333
0.000378167
0.000389781
0.000400371
0.000410102
0.000419121
0.000427551
0.000435501
0.00044306
0.000450306
0.000457305
0.000464114
0.00047078
0.000477342
0.000483834
0.000490285
0.000496717
0.000503149
0.000509596
0.00051607
0.000522582
0.000529138
0.000535744
0.000542406
0.000549128
0.000555911
0.000562759
0.000569671
0.000576648
0.00058369
0.000590799
0.000597974
0.000605213
0.000612517
0.000619884
0.000627315
0.000634811
0.000642373
0.00065
0.000657695
0.000665459
0.000673291
0.000681186
0.000689144
0.000697164
0.000705245
0.000713386
0.000721587
0.000729845
0.000738153
0.000746514
0.000754929
0.000763399
0.000771923
0.000780501
0.000789129
0.00079781
0.000806544
0.000815334
0.000824179
0.00083308
0.000842036
0.000851049
0.000860119
0.000869247
0.000878434
0.000887681
0.000896992
0.000906372
0.000915811
0.00092531
0.000934869
0.000944489
0.000954171
0.000963915
0.000973723
0.000983595
0.000993532
0.00100353
0.0010136
0.00102374
0.00103394
0.00104422
0.00105456
0.00106498
0.00107546
0.00108602
0.00109665
0.00110735
0.00111812
0.00112897
0.00113989
0.00115088
0.00116195
0.00117309
0.0011843
0.00119559
0.00120696
0.00121839
0.0012299
0.00124149
0.00125315
0.00126488
0.00127669
0.00128857
0.00130052
0.00131254
0.00132463
0.00133679
0.00134902
0.00136133
0.00137369
0.00138613
0.00139863
0.0014112
0.00142383
0.00143652
0.00144928
0.00146209
0.00147497
0.0014879
0.00150089
0.00151393
0.00152702
0.00154017
0.00155336
0.00156661
0.0015799
0.00159323
0.00160661
0.00162002
0.00163347
0.00164696
0.00166049
0.00167404
0.00168763
0.00170124
0.00171488
0.00172854
0.00174222
0.00175591
0.00176963
0.00178335
0.00179708
0.00181082
0.00182457
0.00183831
0.00185206
0.0018658
0.00187953
0.00189326
0.00190697
0.00192066
0.00193434
0.00194799
0.00196162
0.00197521
0.00198878
0.00200231
0.00201581
0.00202926
0.00204267
0.00205603
0.00206934
0.0020826
0.00209579
0.00210893
0.002122
0.002135
0.00214792
0.00216078
0.00217355
0.00218624
0.00219885
0.00221136
0.00222378
0.0022361
0.00224832
0.00226044
0.00227244
0.00228434
0.00229612
0.00230778
0.00231932
0.00233073
0.00234202
0.00235318
0.00236421
0.0023751
0.00238586
0.00239649
0.00240698
0.00241735
0.00242758
0.00243767
0.00244763
0.00245746
0.00246714
0.00247669
0.0024861
0.00249536
0.00250448
0.00251346
0.0025223
0.00253099
0.00253954
0.00254794
0.00255619
0.0025643
0.00257227
0.00258009
0.00258776
0.00259529
0.00260268
0.00260992
0.00261702
0.00262398
0.0026308
0.00263748
0.00264402
0.00265043
0.0026567
0.00266285
0.00266886
0.00267474
0.0026805
0.00268613
0.00269164
0.00269704
0.00270232
0.00270748
0.00271254
0.00271749
0.00272233
0.00272708
0.00273172
0.00273627
0.00274074
0.00274511
0.0027494
0.0027536
0.00275774
0.00276179
0.00276579
0.00276971
0.00277358
0.00277739
0.00278115
0.00278486
0.00278852
0.00279215
0.00279575
0.00279931
0.00280285
0.00280637
0.00280986
0.00281334
0.00281681
0.00282027
0.00282374
0.00282719
0.00283064
0.00283411
0.00283758
0.00284105
0.00284452
0.00284805
0.00285162
0.00285522
0.0028588
0.00286243
0.00286613
0.00286978
0.00287345
0.00287717
0.0028809
0.00288463
0.00288837
0.00289211
0.00289584
0.00289952
0.00290313
0.00290669
0.0029102
0.00291363
0.00291698
0.00292023
0.00292334
0.00292631
0.00292912
0.00293173
0.00293412
0.00293627
0.00293813
0.00293968
0.00294088
0.00294167
0.002942
0.0029418
0.00294098
0.00293942
0.00293702
0.00293371
0.00292956
0.00292465
0.00291903
0.00291274
0.00290581
0.00289824
0.00289005
0.00288123
0.0028718
0.00286176
0.00285112
0.00283989
0.00282809
0.00281572
0.00280281
0.00278938
0.00277546
0.00276108
0.00274626
0.00273104
0.00271546
0.00269954
0.00268331
0.00266681
0.00265006
0.00263309
0.00261595
0.00259865
0.00258122
0.00256368
0.00254605
0.00252833
0.00251054
0.00249267
0.00247471
0.00245664
0.0024384
0.0024199
0.00240097
0.00238131
0.00236041
0.00233723
0.0023086
0.00226383
4.44316e-06
3.15139e-05
7.58851e-05
0.000122295
0.000166072
0.000206028
0.000241987
0.00027422
0.000302969
0.000328578
0.000351397
0.00037176
0.000389981
0.000406345
0.000421114
0.00043452
0.00044677
0.000458046
0.000468509
0.000478297
0.000487532
0.000496317
0.00050474
0.000512879
0.000520797
0.000528549
0.000536181
0.000543731
0.000551232
0.00055871
0.000566186
0.000573678
0.000581199
0.000588762
0.000596374
0.000604042
0.000611772
0.000619569
0.000627433
0.000635369
0.000643377
0.000651457
0.00065961
0.000667837
0.000676136
0.000684508
0.000692952
0.000701468
0.000710055
0.000718714
0.000727443
0.000736244
0.000745116
0.000754059
0.00076307
0.000772149
0.000781294
0.000790504
0.000799777
0.000809113
0.000818509
0.000827964
0.000837477
0.000847047
0.000856674
0.000866359
0.000876102
0.000885903
0.000895765
0.000905686
0.000915664
0.000925699
0.000935791
0.00094594
0.000956146
0.000966411
0.000976734
0.000987116
0.000997558
0.00100806
0.00101862
0.00102924
0.00103992
0.00105066
0.00106147
0.00107233
0.00108327
0.00109426
0.00110533
0.00111646
0.00112766
0.00113893
0.00115027
0.00116168
0.00117317
0.00118472
0.00119636
0.00120806
0.00121985
0.00123171
0.00124364
0.00125565
0.00126775
0.00127992
0.00129216
0.00130449
0.0013169
0.00132938
0.00134195
0.0013546
0.00136732
0.00138013
0.00139301
0.00140597
0.00141902
0.00143214
0.00144534
0.00145862
0.00147197
0.00148541
0.00149892
0.0015125
0.00152616
0.00153989
0.0015537
0.00156757
0.00158152
0.00159554
0.00160963
0.00162378
0.001638
0.00165228
0.00166663
0.00168104
0.0016955
0.00171003
0.00172461
0.00173924
0.00175393
0.00176867
0.00178346
0.00179829
0.00181317
0.00182809
0.00184305
0.00185804
0.00187307
0.00188814
0.00190323
0.00191836
0.00193351
0.00194868
0.00196387
0.00197907
0.00199429
0.00200953
0.00202477
0.00204002
0.00205526
0.00207051
0.00208576
0.002101
0.00211623
0.00213144
0.00214664
0.00216182
0.00217698
0.00219211
0.00220721
0.00222227
0.0022373
0.00225229
0.00226724
0.00228214
0.00229699
0.00231178
0.00232652
0.00234119
0.0023558
0.00237034
0.00238481
0.0023992
0.00241351
0.00242773
0.00244187
0.00245591
0.00246986
0.00248371
0.00249745
0.00251109
0.00252461
0.00253803
0.00255132
0.00256449
0.00257753
0.00259045
0.00260323
0.00261589
0.0026284
0.00264077
0.00265301
0.0026651
0.00267705
0.00268885
0.0027005
0.00271201
0.00272337
0.00273458
0.00274564
0.00275654
0.00276729
0.00277789
0.00278833
0.00279861
0.00280873
0.0028187
0.0028285
0.00283814
0.00284761
0.00285693
0.00286608
0.00287506
0.00288389
0.00289255
0.00290105
0.00290938
0.00291755
0.00292557
0.00293342
0.00294111
0.00294864
0.00295602
0.00296324
0.00297031
0.00297723
0.002984
0.00299062
0.00299709
0.00300342
0.00300962
0.00301567
0.00302159
0.00302738
0.00303304
0.00303858
0.00304399
0.00304929
0.00305447
0.00305954
0.0030645
0.00306935
0.00307411
0.00307877
0.00308334
0.00308782
0.00309222
0.00309655
0.0031008
0.00310498
0.00310909
0.00311315
0.00311716
0.00312112
0.00312503
0.00312891
0.00313275
0.00313657
0.00314036
0.00314414
0.0031479
0.00315164
0.00315539
0.00315914
0.0031629
0.00316664
0.00317041
0.00317422
0.00317802
0.0031818
0.00318563
0.00318957
0.00319356
0.00319753
0.00320156
0.00320562
0.00320969
0.00321379
0.00321795
0.00322214
0.00322634
0.00323057
0.0032348
0.00323901
0.00324321
0.00324738
0.00325153
0.00325562
0.00325966
0.00326363
0.0032675
0.00327124
0.00327485
0.00327833
0.00328162
0.00328468
0.0032875
0.00329002
0.0032922
0.00329402
0.0032954
0.0032963
0.00329664
0.00329634
0.00329532
0.00329347
0.00329077
0.00328724
0.00328291
0.00327784
0.00327204
0.00326553
0.00325832
0.00325041
0.0032418
0.00323251
0.00322253
0.00321187
0.00320054
0.00318856
0.00317594
0.0031627
0.00314888
0.00313449
0.00311957
0.00310415
0.00308826
0.00307195
0.00305525
0.00303818
0.0030208
0.00300312
0.00298518
0.00296703
0.00294868
0.00293018
0.00291154
0.00289278
0.00287392
0.00285496
0.00283592
0.00281678
0.00279751
0.00277807
0.00275835
0.00273821
0.00271735
0.00269526
0.00267091
0.00264156
0.00259936
4.60216e-06
3.47137e-05
8.29393e-05
0.000133047
0.000180336
0.000223619
0.000262717
0.000297896
0.000329437
0.000357665
0.000382933
0.000405583
0.000425935
0.000444283
0.000460899
0.000476025
0.00048988
0.000502658
0.000514531
0.000525649
0.000536144
0.000546131
0.000555708
0.000564959
0.000573957
0.000582763
0.000591429
0.000599997
0.000608505
0.000616982
0.000625452
0.000633936
0.000642449
0.000651004
0.000659611
0.000668278
0.000677011
0.000685815
0.000694692
0.000703646
0.000712677
0.000721787
0.000730976
0.000740244
0.00074959
0.000759015
0.000768517
0.000778096
0.000787751
0.000797483
0.000807289
0.00081717
0.000827124
0.00083715
0.000847247
0.000857413
0.000867647
0.000877947
0.000888312
0.00089874
0.000909231
0.000919782
0.000930394
0.000941065
0.000951795
0.000962584
0.000973432
0.000984339
0.000995305
0.00100633
0.00101741
0.00102855
0.00103975
0.00105101
0.00106232
0.0010737
0.00108513
0.00109662
0.00110817
0.00111979
0.00113146
0.0011432
0.00115499
0.00116685
0.00117878
0.00119077
0.00120283
0.00121496
0.00122715
0.00123942
0.00125176
0.00126418
0.00127666
0.00128923
0.00130186
0.00131458
0.00132737
0.00134024
0.00135318
0.00136621
0.00137931
0.0013925
0.00140576
0.00141911
0.00143254
0.00144605
0.00145964
0.00147332
0.00148707
0.00150092
0.00151484
0.00152885
0.00154294
0.00155711
0.00157137
0.0015857
0.00160012
0.00161462
0.0016292
0.00164387
0.00165861
0.00167342
0.00168832
0.00170329
0.00171834
0.00173347
0.00174866
0.00176393
0.00177927
0.00179468
0.00181016
0.0018257
0.00184131
0.00185698
0.00187272
0.00188851
0.00190436
0.00192027
0.00193623
0.00195224
0.00196831
0.00198442
0.00200057
0.00201677
0.00203301
0.00204929
0.0020656
0.00208195
0.00209832
0.00211472
0.00213115
0.0021476
0.00216407
0.00218056
0.00219705
0.00221356
0.00223008
0.0022466
0.00226312
0.00227964
0.00229615
0.00231266
0.00232915
0.00234563
0.00236208
0.00237852
0.00239493
0.0024113
0.00242765
0.00244396
0.00246023
0.00247645
0.00249263
0.00250875
0.00252482
0.00254083
0.00255677
0.00257265
0.00258846
0.00260419
0.00261984
0.00263541
0.0026509
0.00266629
0.00268159
0.00269679
0.00271188
0.00272687
0.00274175
0.00275651
0.00277115
0.00278567
0.00280007
0.00281433
0.00282847
0.00284246
0.00285632
0.00287003
0.0028836
0.00289702
0.00291029
0.00292341
0.00293637
0.00294918
0.00296182
0.00297431
0.00298664
0.0029988
0.00301081
0.00302264
0.00303431
0.0030458
0.00305713
0.00306828
0.00307926
0.00309007
0.00310069
0.00311114
0.00312142
0.00313151
0.00314143
0.00315117
0.00316072
0.0031701
0.0031793
0.00318832
0.00319717
0.00320583
0.00321432
0.00322263
0.00323077
0.00323874
0.00324653
0.00325416
0.00326162
0.00326891
0.00327604
0.00328301
0.00328982
0.00329647
0.00330298
0.00330933
0.00331554
0.0033216
0.00332753
0.00333332
0.00333897
0.0033445
0.00334991
0.00335519
0.00336036
0.00336542
0.00337037
0.00337522
0.00337997
0.00338463
0.00338921
0.0033937
0.00339812
0.00340246
0.00340675
0.00341097
0.00341514
0.00341927
0.00342336
0.00342741
0.00343143
0.00343542
0.00343941
0.00344338
0.00344733
0.00345129
0.00345528
0.00345926
0.00346322
0.00346723
0.00347133
0.00347541
0.00347951
0.00348366
0.00348789
0.00349216
0.00349648
0.00350086
0.00350528
0.00350974
0.00351425
0.00351885
0.00352348
0.00352812
0.00353283
0.00353756
0.0035423
0.00354706
0.00355182
0.00355657
0.0035613
0.00356599
0.00357062
0.00357517
0.00357962
0.00358394
0.00358812
0.00359212
0.00359591
0.00359945
0.0036027
0.00360561
0.00360814
0.00361023
0.00361183
0.00361287
0.00361326
0.00361294
0.00361183
0.00360989
0.00360713
0.00360357
0.00359923
0.00359412
0.00358824
0.00358161
0.00357421
0.00356606
0.00355715
0.00354751
0.00353713
0.00352601
0.00351417
0.00350161
0.00348838
0.00347448
0.00345996
0.00344484
0.00342915
0.00341295
0.00339625
0.00337911
0.00336156
0.00334363
0.00332538
0.00330682
0.00328801
0.00326897
0.00324974
0.00323034
0.00321081
0.00319115
0.00317138
0.00315152
0.00313154
0.00311143
0.00309115
0.0030706
0.00304963
0.00302798
0.00300514
0.00298015
0.00295069
0.00291113
4.73277e-06
3.78208e-05
8.96171e-05
0.000143084
0.000193556
0.000239872
0.000281859
0.000319756
0.000353893
0.000384571
0.000412145
0.000436959
0.000459338
0.000479585
0.000497977
0.000514764
0.000530177
0.000544416
0.000557666
0.000570084
0.000581814
0.000592976
0.000603679
0.000614015
0.000624062
0.000633889
0.000643551
0.000653098
0.00066257
0.000672
0.000681415
0.000690838
0.000700287
0.000709777
0.000719319
0.000728922
0.000738594
0.000748339
0.000758161
0.000768063
0.000778046
0.000788112
0.000798261
0.000808493
0.000818808
0.000829205
0.000839684
0.000850243
0.000860882
0.000871599
0.000882393
0.000893264
0.000904209
0.000915227
0.000926317
0.000937477
0.000948706
0.000960001
0.000971362
0.000982787
0.000994275
0.00100582
0.00101743
0.0010291
0.00104083
0.00105262
0.00106447
0.00107637
0.00108834
0.00110036
0.00111244
0.00112458
0.00113677
0.00114902
0.00116133
0.0011737
0.00118613
0.00119861
0.00121116
0.00122377
0.00123644
0.00124917
0.00126196
0.00127482
0.00128774
0.00130073
0.00131379
0.00132692
0.00134012
0.00135339
0.00136673
0.00138015
0.00139364
0.0014072
0.00142085
0.00143457
0.00144837
0.00146225
0.0014762
0.00149024
0.00150436
0.00151856
0.00153285
0.00154721
0.00156167
0.0015762
0.00159082
0.00160552
0.00162031
0.00163519
0.00165015
0.00166519
0.00168032
0.00169554
0.00171083
0.00172622
0.00174168
0.00175723
0.00177287
0.00178858
0.00180438
0.00182026
0.00183621
0.00185225
0.00186836
0.00188455
0.00190082
0.00191715
0.00193357
0.00195005
0.0019666
0.00198322
0.00199991
0.00201666
0.00203347
0.00205035
0.00206728
0.00208427
0.00210132
0.00211841
0.00213556
0.00215276
0.00217
0.00218728
0.00220461
0.00222197
0.00223937
0.00225681
0.00227427
0.00229176
0.00230927
0.00232681
0.00234436
0.00236193
0.00237951
0.0023971
0.0024147
0.0024323
0.0024499
0.0024675
0.00248509
0.00250266
0.00252023
0.00253777
0.0025553
0.0025728
0.00259027
0.0026077
0.00262511
0.00264247
0.00265979
0.00267706
0.00269428
0.00271144
0.00272855
0.00274559
0.00276256
0.00277946
0.00279629
0.00281304
0.0028297
0.00284628
0.00286276
0.00287915
0.00289544
0.00291162
0.0029277
0.00294366
0.00295951
0.00297523
0.00299083
0.0030063
0.00302164
0.00303685
0.00305191
0.00306683
0.00308161
0.00309623
0.00311071
0.00312502
0.00313918
0.00315318
0.00316701
0.00318068
0.00319418
0.00320751
0.00322067
0.00323366
0.00324647
0.0032591
0.00327155
0.00328383
0.00329591
0.00330781
0.00331953
0.00333106
0.0033424
0.00335354
0.0033645
0.00337526
0.00338583
0.00339621
0.0034064
0.00341639
0.00342619
0.00343579
0.0034452
0.00345442
0.00346345
0.00347228
0.00348093
0.00348939
0.00349767
0.00350576
0.00351366
0.00352139
0.00352894
0.00353631
0.00354351
0.00355055
0.00355741
0.00356411
0.00357065
0.00357704
0.00358327
0.00358935
0.00359529
0.00360108
0.00360674
0.00361227
0.00361767
0.00362295
0.00362811
0.00363316
0.0036381
0.00364294
0.00364769
0.00365235
0.00365692
0.00366142
0.00366585
0.00367021
0.00367452
0.00367878
0.00368299
0.00368717
0.00369132
0.00369544
0.00369956
0.00370367
0.00370774
0.00371184
0.003716
0.00372015
0.00372429
0.00372849
0.00373273
0.00373701
0.00374134
0.00374572
0.00375017
0.00375468
0.00375927
0.00376395
0.00376868
0.00377345
0.00377831
0.00378327
0.00378829
0.00379337
0.00379852
0.00380372
0.00380898
0.00381427
0.0038196
0.00382495
0.0038303
0.00383564
0.00384095
0.00384621
0.0038514
0.00385648
0.00386143
0.00386623
0.00387084
0.00387521
0.00387929
0.00388306
0.00388645
0.0038894
0.00389187
0.00389378
0.00389506
0.00389564
0.00389547
0.00389449
0.00389271
0.00389012
0.00388672
0.00388252
0.00387751
0.00387169
0.00386507
0.00385762
0.00384937
0.00384031
0.00383044
0.00381977
0.00380831
0.00379607
0.00378309
0.00376939
0.003755
0.00373994
0.00372427
0.00370801
0.00369121
0.00367392
0.00365616
0.00363798
0.00361943
0.00360054
0.00358135
0.0035619
0.00354223
0.00352237
0.00350235
0.00348218
0.00346189
0.00344149
0.00342097
0.00340031
0.00337948
0.0033584
0.00333692
0.00331478
0.00329153
0.00326628
0.0032371
0.00320001
4.84095e-06
4.07674e-05
9.57906e-05
0.000152268
0.000205623
0.000254733
0.000299412
0.000339859
0.000376448
0.000409453
0.000439226
0.000466112
0.00049044
0.000512517
0.000532627
0.000551028
0.000567956
0.000583622
0.000598216
0.000611907
0.000624843
0.000637156
0.000648958
0.00066035
0.000671416
0.00068223
0.000692854
0.00070334
0.000713734
0.000724072
0.000734384
0.000744696
0.000755029
0.000765398
0.000775816
0.000786295
0.000796842
0.000807463
0.000818163
0.000828944
0.000839809
0.00085076
0.000861796
0.000872917
0.000884124
0.000895416
0.000906791
0.000918249
0.000929788
0.000941407
0.000953105
0.000964879
0.000976729
0.000988652
0.00100065
0.00101271
0.00102485
0.00103705
0.00104931
0.00106164
0.00107403
0.00108648
0.001099
0.00111157
0.0011242
0.00113689
0.00114963
0.00116244
0.0011753
0.00118822
0.00120119
0.00121422
0.0012273
0.00124045
0.00125365
0.0012669
0.00128022
0.00129359
0.00130702
0.00132052
0.00133407
0.00134768
0.00136136
0.0013751
0.00138891
0.00140278
0.00141672
0.00143073
0.00144481
0.00145896
0.00147318
0.00148748
0.00150185
0.00151629
0.00153082
0.00154542
0.0015601
0.00157485
0.00158969
0.00160461
0.00161961
0.0016347
0.00164986
0.00166511
0.00168045
0.00169587
0.00171137
0.00172696
0.00174264
0.0017584
0.00177425
0.00179019
0.00180621
0.00182231
0.0018385
0.00185478
0.00187114
0.00188759
0.00190412
0.00192073
0.00193743
0.0019542
0.00197106
0.001988
0.00200501
0.00202211
0.00203927
0.00205652
0.00207383
0.00209122
0.00210868
0.00212621
0.0021438
0.00216146
0.00217919
0.00219697
0.00221482
0.00223272
0.00225067
0.00226868
0.00228674
0.00230485
0.002323
0.0023412
0.00235944
0.00237771
0.00239602
0.00241437
0.00243274
0.00245114
0.00246956
0.00248801
0.00250647
0.00252495
0.00254344
0.00256194
0.00258044
0.00259894
0.00261745
0.00263595
0.00265443
0.00267291
0.00269137
0.00270982
0.00272824
0.00274663
0.00276499
0.00278332
0.00280161
0.00281986
0.00283807
0.00285622
0.00287432
0.00289236
0.00291034
0.00292825
0.0029461
0.00296387
0.00298156
0.00299917
0.00301669
0.00303412
0.00305145
0.00306869
0.00308582
0.00310284
0.00311975
0.00313655
0.00315322
0.00316977
0.00318619
0.00320248
0.00321863
0.00323464
0.0032505
0.00326622
0.00328178
0.00329719
0.00331245
0.00332753
0.00334246
0.00335722
0.0033718
0.00338621
0.00340045
0.00341451
0.00342839
0.00344208
0.00345559
0.00346891
0.00348204
0.00349498
0.00350773
0.00352027
0.00353263
0.00354478
0.00355673
0.00356847
0.00358002
0.00359136
0.00360249
0.00361342
0.00362414
0.00363465
0.00364496
0.00365506
0.00366495
0.00367464
0.00368412
0.0036934
0.00370248
0.00371135
0.00372002
0.00372849
0.00373677
0.00374485
0.00375274
0.00376044
0.00376795
0.00377528
0.00378243
0.0037894
0.0037962
0.00380283
0.00380929
0.00381558
0.00382172
0.00382771
0.00383355
0.00383924
0.0038448
0.00385022
0.00385551
0.00386068
0.00386574
0.00387068
0.00387552
0.00388027
0.00388492
0.00388949
0.00389398
0.00389841
0.00390277
0.00390708
0.00391134
0.00391557
0.00391975
0.00392391
0.00392809
0.00393228
0.00393643
0.0039406
0.0039448
0.00394902
0.00395325
0.00395753
0.00396186
0.00396626
0.00397073
0.00397526
0.00397984
0.00398452
0.00398929
0.00399417
0.00399913
0.00400417
0.00400933
0.00401458
0.00401994
0.00402539
0.00403094
0.00403657
0.00404229
0.00404809
0.00405395
0.00405986
0.00406582
0.0040718
0.00407779
0.00408377
0.0040897
0.00409556
0.00410133
0.00410697
0.00411245
0.00411771
0.00412272
0.00412743
0.00413178
0.00413572
0.00413919
0.00414211
0.00414444
0.00414608
0.00414701
0.00414716
0.00414651
0.00414506
0.00414278
0.00413968
0.00413574
0.00413095
0.00412531
0.00411879
0.00411142
0.00410317
0.00409406
0.00408409
0.00407327
0.00406162
0.00404916
0.00403592
0.00402192
0.0040072
0.0039918
0.00397577
0.00395913
0.00394195
0.00392425
0.00390608
0.0038875
0.00386853
0.00384923
0.00382964
0.00380979
0.00378972
0.00376946
0.00374903
0.00372847
0.00370777
0.00368695
0.003666
0.00364487
0.0036235
0.00360175
0.00357938
0.00355599
0.00353076
0.00350211
0.00346717
4.94593e-06
4.32773e-05
0.000101048
0.000160226
0.000216264
0.000268027
0.000315287
0.000358186
0.000397137
0.000432386
0.000464282
0.000493172
0.000519388
0.000543242
0.000565023
0.000584996
0.000603403
0.000620464
0.000636374
0.00065131
0.000665427
0.000678863
0.000691738
0.000704157
0.000716213
0.000727982
0.000739533
0.000750922
0.000762198
0.000773401
0.000784565
0.000795718
0.000806882
0.000818076
0.000829316
0.000840612
0.000851974
0.000863408
0.000874921
0.000886516
0.000898195
0.000909959
0.000921811
0.000933749
0.000945774
0.000957884
0.000970079
0.000982357
0.000994718
0.00100716
0.00101968
0.00103227
0.00104494
0.00105769
0.0010705
0.00108339
0.00109634
0.00110936
0.00112244
0.00113559
0.00114879
0.00116206
0.00117538
0.00118876
0.0012022
0.0012157
0.00122925
0.00124286
0.00125652
0.00127024
0.00128401
0.00129783
0.00131171
0.00132565
0.00133964
0.00135368
0.00136778
0.00138194
0.00139616
0.00141043
0.00142476
0.00143915
0.00145361
0.00146813
0.00148271
0.00149735
0.00151206
0.00152684
0.00154169
0.00155661
0.0015716
0.00158666
0.00160179
0.001617
0.00163228
0.00164764
0.00166308
0.0016786
0.0016942
0.00170987
0.00172563
0.00174147
0.00175739
0.0017734
0.00178949
0.00180567
0.00182193
0.00183827
0.0018547
0.00187122
0.00188782
0.00190451
0.00192128
0.00193814
0.00195509
0.00197212
0.00198923
0.00200643
0.00202372
0.00204108
0.00205853
0.00207606
0.00209368
0.00211137
0.00212914
0.00214698
0.00216491
0.00218291
0.00220098
0.00221912
0.00223733
0.00225562
0.00227397
0.00229238
0.00231086
0.0023294
0.002348
0.00236665
0.00238537
0.00240413
0.00242294
0.00244181
0.00246072
0.00247967
0.00249866
0.00251769
0.00253675
0.00255585
0.00257498
0.00259413
0.00261331
0.00263251
0.00265172
0.00267095
0.0026902
0.00270945
0.0027287
0.00274796
0.00276721
0.00278646
0.0028057
0.00282492
0.00284413
0.00286333
0.00288249
0.00290163
0.00292074
0.00293982
0.00295885
0.00297784
0.00299679
0.00301568
0.00303452
0.0030533
0.00307202
0.00309067
0.00310925
0.00312775
0.00314617
0.00316451
0.00318276
0.00320092
0.00321897
0.00323693
0.00325478
0.00327252
0.00329015
0.00330766
0.00332504
0.0033423
0.00335942
0.00337641
0.00339326
0.00340996
0.00342652
0.00344292
0.00345917
0.00347526
0.00349119
0.00350695
0.00352254
0.00353795
0.00355319
0.00356825
0.00358313
0.00359782
0.00361232
0.00362663
0.00364075
0.00365467
0.00366839
0.00368191
0.00369523
0.00370834
0.00372124
0.00373393
0.00374641
0.00375868
0.00377073
0.00378257
0.00379419
0.00380559
0.00381677
0.00382773
0.00383848
0.003849
0.00385931
0.00386939
0.00387926
0.0038889
0.00389834
0.00390755
0.00391655
0.00392534
0.00393392
0.00394228
0.00395045
0.0039584
0.00396616
0.00397372
0.00398108
0.00398825
0.00399524
0.00400204
0.00400866
0.0040151
0.00402138
0.00402748
0.00403343
0.00403922
0.00404486
0.00405035
0.0040557
0.00406092
0.00406601
0.00407098
0.00407584
0.00408059
0.00408524
0.00408981
0.00409429
0.00409869
0.00410303
0.0041073
0.00411153
0.00411573
0.00411992
0.00412406
0.0041282
0.00413234
0.00413646
0.00414059
0.00414475
0.00414897
0.0041532
0.00415746
0.00416179
0.00416621
0.0041707
0.00417528
0.00417994
0.00418471
0.00418959
0.00419458
0.0041997
0.00420493
0.00421029
0.00421578
0.0042214
0.00422715
0.00423304
0.00423904
0.00424517
0.00425141
0.00425776
0.00426421
0.00427074
0.00427734
0.00428399
0.00429066
0.00429734
0.004304
0.0043106
0.00431711
0.0043235
0.00432971
0.00433571
0.00434144
0.00434684
0.00435187
0.00435645
0.00436053
0.00436403
0.00436689
0.00436906
0.00437048
0.00437113
0.00437097
0.00436999
0.00436816
0.00436548
0.00436191
0.00435744
0.00435207
0.00434579
0.00433858
0.00433046
0.00432142
0.00431147
0.00430063
0.00428892
0.00427637
0.00426301
0.00424886
0.00423398
0.0042184
0.00420217
0.00418533
0.00416793
0.00415001
0.00413162
0.00411282
0.00409363
0.00407412
0.00405431
0.00403426
0.00401398
0.00399352
0.0039729
0.00395213
0.00393123
0.00391019
0.00388897
0.00386752
0.00384572
0.00382335
0.00380002
0.00377504
0.0037471
0.00371408
5.14775e-06
4.44609e-05
0.000104494
0.000166363
0.000225136
0.000279564
0.000329393
0.000374732
0.000415976
0.000453417
0.000487382
0.000518224
0.000546279
0.000571864
0.000595275
0.000616783
0.000636636
0.000655061
0.000672259
0.000688413
0.000703685
0.000718219
0.00073214
0.00074556
0.000758576
0.00077127
0.000783714
0.00079597
0.000808089
0.000820117
0.000832089
0.000844036
0.000855984
0.000867952
0.000879959
0.000892016
0.000904135
0.000916323
0.000928586
0.00094093
0.000953357
0.000965869
0.000978467
0.000991151
0.00100392
0.00101678
0.00102972
0.00104274
0.00105585
0.00106903
0.0010823
0.00109563
0.00110905
0.00112253
0.00113608
0.00114971
0.0011634
0.00117715
0.00119096
0.00120484
0.00121877
0.00123277
0.00124681
0.00126092
0.00127508
0.00128929
0.00130356
0.00131788
0.00133225
0.00134668
0.00136115
0.00137568
0.00139026
0.0014049
0.00141958
0.00143432
0.00144911
0.00146396
0.00147886
0.00149381
0.00150883
0.0015239
0.00153903
0.00155422
0.00156947
0.00158479
0.00160016
0.00161561
0.00163112
0.0016467
0.00166234
0.00167806
0.00169385
0.00170971
0.00172564
0.00174165
0.00175774
0.0017739
0.00179014
0.00180646
0.00182286
0.00183934
0.0018559
0.00187254
0.00188927
0.00190608
0.00192297
0.00193994
0.00195701
0.00197415
0.00199138
0.0020087
0.0020261
0.00204358
0.00206115
0.00207881
0.00209655
0.00211437
0.00213228
0.00215026
0.00216833
0.00218648
0.00220472
0.00222303
0.00224141
0.00225988
0.00227842
0.00229704
0.00231572
0.00233448
0.00235331
0.00237221
0.00239118
0.00241021
0.0024293
0.00244846
0.00246767
0.00248694
0.00250627
0.00252565
0.00254507
0.00256455
0.00258407
0.00260364
0.00262325
0.00264289
0.00266257
0.00268228
0.00270202
0.00272179
0.00274158
0.0027614
0.00278123
0.00280107
0.00282093
0.0028408
0.00286067
0.00288054
0.00290041
0.00292028
0.00294014
0.00295998
0.00297981
0.00299962
0.0030194
0.00303916
0.00305889
0.00307859
0.00309824
0.00311785
0.00313742
0.00315693
0.00317639
0.00319579
0.00321513
0.0032344
0.0032536
0.00327272
0.00329177
0.00331072
0.00332959
0.00334837
0.00336705
0.00338562
0.00340409
0.00342245
0.00344069
0.00345881
0.00347681
0.00349467
0.00351241
0.00353
0.00354746
0.00356477
0.00358193
0.00359893
0.00361578
0.00363246
0.00364897
0.00366532
0.00368149
0.00369748
0.00371329
0.00372892
0.00374436
0.0037596
0.00377466
0.00378951
0.00380416
0.00381861
0.00383285
0.00384689
0.00386071
0.00387431
0.0038877
0.00390087
0.00391381
0.00392654
0.00393903
0.00395131
0.00396335
0.00397516
0.00398674
0.0039981
0.00400922
0.0040201
0.00403076
0.00404118
0.00405137
0.00406133
0.00407106
0.00408056
0.00408983
0.00409888
0.0041077
0.00411629
0.00412467
0.00413283
0.00414077
0.0041485
0.00415602
0.00416333
0.00417044
0.00417735
0.00418407
0.0041906
0.00419694
0.00420311
0.0042091
0.00421492
0.00422057
0.00422607
0.00423141
0.00423661
0.00424167
0.00424659
0.0042514
0.00425608
0.00426067
0.00426515
0.00426954
0.00427384
0.00427809
0.00428228
0.0042864
0.00429049
0.00429455
0.00429857
0.00430258
0.00430659
0.00431059
0.00431458
0.00431862
0.00432271
0.00432684
0.00433102
0.00433527
0.00433961
0.00434405
0.00434858
0.00435322
0.00435799
0.00436288
0.00436791
0.00437309
0.00437841
0.00438389
0.00438953
0.00439534
0.00440131
0.00440745
0.00441376
0.00442022
0.00442685
0.00443364
0.00444056
0.00444762
0.0044548
0.00446207
0.00446943
0.00447684
0.00448429
0.00449173
0.00449913
0.00450646
0.00451366
0.0045207
0.00452751
0.00453405
0.00454025
0.00454606
0.00455139
0.00455619
0.0045604
0.00456395
0.00456679
0.00456887
0.00457016
0.00457064
0.00457026
0.004569
0.00456683
0.00456374
0.00455971
0.00455472
0.00454876
0.00454183
0.00453394
0.00452508
0.00451528
0.00450454
0.00449291
0.0044804
0.00446705
0.0044529
0.004438
0.00442238
0.00440611
0.00438922
0.00437176
0.00435379
0.00433534
0.00431649
0.00429725
0.0042777
0.00425785
0.00423776
0.00421746
0.00419697
0.00417632
0.00415553
0.00413458
0.00411346
0.00409212
0.00407045
0.00404825
0.00402517
0.0040006
0.00397348
0.00394221
5.359e-06
4.51064e-05
0.000106894
0.000171169
0.000232521
0.000289517
0.000341845
0.000389569
0.000433041
0.000472615
0.000508595
0.000541337
0.000571183
0.000598456
0.000623457
0.000646464
0.000667731
0.000687488
0.000705946
0.000723292
0.000739693
0.000755298
0.000770239
0.000784633
0.00079858
0.000812168
0.000825473
0.000838561
0.000851488
0.0008643
0.000877039
0.000889736
0.00090242
0.000915114
0.000927835
0.0009406
0.00095342
0.000966304
0.000979258
0.00099229
0.0010054
0.0010186
0.00103187
0.00104524
0.00105868
0.00107222
0.00108583
0.00109953
0.0011133
0.00112716
0.00114109
0.00115509
0.00116917
0.00118332
0.00119753
0.00121181
0.00122616
0.00124056
0.00125503
0.00126955
0.00128414
0.00129877
0.00131346
0.00132821
0.001343
0.00135785
0.00137275
0.00138769
0.00140269
0.00141773
0.00143283
0.00144797
0.00146316
0.0014784
0.00149369
0.00150903
0.00152442
0.00153986
0.00155535
0.0015709
0.0015865
0.00160215
0.00161786
0.00163363
0.00164945
0.00166534
0.00168129
0.00169729
0.00171337
0.0017295
0.00174571
0.00176198
0.00177832
0.00179473
0.00181121
0.00182776
0.00184438
0.00186108
0.00187786
0.00189471
0.00191164
0.00192865
0.00194573
0.0019629
0.00198015
0.00199748
0.00201489
0.00203238
0.00204995
0.00206761
0.00208535
0.00210318
0.00212109
0.00213908
0.00215715
0.00217531
0.00219355
0.00221187
0.00223028
0.00224877
0.00226733
0.00228598
0.00230471
0.00232351
0.00234239
0.00236135
0.00238038
0.00239949
0.00241867
0.00243792
0.00245724
0.00247662
0.00249608
0.00251559
0.00253518
0.00255482
0.00257452
0.00259428
0.00261409
0.00263396
0.00265387
0.00267384
0.00269385
0.0027139
0.002734
0.00275413
0.0027743
0.0027945
0.00281473
0.00283499
0.00285528
0.00287558
0.00289591
0.00291625
0.0029366
0.00295697
0.00297734
0.00299771
0.00301808
0.00303845
0.00305881
0.00307916
0.00309949
0.00311981
0.0031401
0.00316037
0.00318061
0.00320082
0.00322099
0.00324112
0.0032612
0.00328123
0.00330121
0.00332113
0.00334099
0.00336079
0.00338051
0.00340016
0.00341973
0.00343922
0.00345861
0.00347792
0.00349713
0.00351623
0.00353523
0.00355412
0.0035729
0.00359155
0.00361008
0.00362848
0.00364675
0.00366488
0.00368287
0.00370071
0.00371839
0.00373593
0.0037533
0.0037705
0.00378754
0.00380441
0.00382109
0.0038376
0.00385392
0.00387005
0.00388599
0.00390173
0.00391727
0.00393261
0.00394774
0.00396266
0.00397737
0.00399186
0.00400613
0.00402017
0.00403399
0.00404759
0.00406095
0.00407408
0.00408697
0.00409963
0.00411205
0.00412422
0.00413616
0.00414785
0.0041593
0.00417051
0.00418147
0.00419218
0.00420265
0.00421288
0.00422286
0.0042326
0.00424209
0.00425135
0.00426036
0.00426914
0.00427768
0.00428599
0.00429406
0.00430191
0.00430954
0.00431694
0.00432413
0.0043311
0.00433787
0.00434443
0.00435079
0.00435695
0.00436292
0.00436871
0.00437433
0.00437977
0.00438504
0.00439016
0.00439512
0.00439994
0.00440462
0.00440917
0.00441361
0.00441794
0.00442218
0.00442634
0.00443041
0.00443441
0.00443835
0.00444224
0.00444609
0.0044499
0.00445368
0.00445746
0.00446125
0.00446505
0.00446888
0.00447276
0.0044767
0.00448069
0.00448477
0.00448894
0.00449322
0.00449761
0.00450213
0.00450679
0.0045116
0.00451657
0.00452171
0.00452703
0.00453253
0.00453823
0.00454413
0.00455024
0.00455655
0.00456308
0.00456981
0.00457675
0.00458389
0.00459124
0.00459877
0.00460647
0.00461433
0.00462234
0.00463046
0.00463867
0.00464694
0.00465524
0.00466352
0.00467175
0.00467986
0.00468782
0.00469555
0.00470301
0.00471012
0.00471681
0.00472303
0.0047287
0.00473375
0.00473813
0.0047418
0.00474469
0.00474677
0.00474799
0.00474833
0.00474775
0.00474622
0.00474372
0.00474022
0.00473571
0.00473019
0.00472364
0.00471609
0.00470752
0.00469798
0.00468747
0.00467602
0.00466368
0.00465047
0.00463645
0.00462166
0.00460615
0.00458997
0.00457317
0.0045558
0.00453792
0.00451958
0.00450081
0.00448169
0.00446224
0.00444251
0.00442254
0.00440236
0.004382
0.00436147
0.00434079
0.00431993
0.00429885
0.00427745
0.00425557
0.00423288
0.00420886
0.00418263
0.00415298
5.55881e-06
4.55211e-05
0.000108701
0.000175058
0.000238741
0.000298124
0.000352811
0.000402816
0.000448428
0.00049006
0.000527989
0.000562573
0.000594158
0.000623073
0.000649623
0.000674091
0.000696737
0.000717796
0.000737484
0.000755993
0.000773495
0.000790145
0.000806079
0.000821418
0.000836267
0.000850719
0.000864853
0.00087874
0.000892437
0.000905997
0.000919461
0.000932865
0.000946241
0.000959612
0.000973
0.00098642
0.000999887
0.00101341
0.001027
0.00104066
0.00105439
0.00106821
0.0010821
0.00109608
0.00111013
0.00112427
0.00113849
0.00115279
0.00116717
0.00118162
0.00119614
0.00121074
0.00122541
0.00124014
0.00125494
0.0012698
0.00128473
0.00129971
0.00131475
0.00132984
0.00134499
0.00136019
0.00137544
0.00139074
0.00140609
0.00142149
0.00143693
0.00145242
0.00146796
0.00148354
0.00149916
0.00151483
0.00153055
0.00154631
0.00156211
0.00157797
0.00159387
0.00160981
0.00162581
0.00164185
0.00165794
0.00167409
0.00169029
0.00170654
0.00172284
0.0017392
0.00175562
0.0017721
0.00178864
0.00180523
0.0018219
0.00183862
0.00185541
0.00187227
0.00188919
0.00190618
0.00192325
0.00194038
0.00195759
0.00197487
0.00199222
0.00200965
0.00202716
0.00204474
0.00206241
0.00208015
0.00209797
0.00211587
0.00213385
0.00215191
0.00217005
0.00218827
0.00220657
0.00222496
0.00224342
0.00226197
0.0022806
0.00229931
0.0023181
0.00233697
0.00235592
0.00237495
0.00239405
0.00241323
0.00243249
0.00245182
0.00247123
0.00249071
0.00251027
0.00252989
0.00254958
0.00256934
0.00258916
0.00260905
0.00262901
0.00264902
0.00266909
0.00268922
0.00270941
0.00272965
0.00274994
0.00277027
0.00279066
0.00281109
0.00283156
0.00285207
0.00287262
0.0028932
0.00291381
0.00293446
0.00295512
0.00297582
0.00299653
0.00301726
0.003038
0.00305876
0.00307953
0.00310029
0.00312107
0.00314183
0.0031626
0.00318336
0.0032041
0.00322483
0.00324554
0.00326622
0.00328688
0.00330751
0.0033281
0.00334866
0.00336917
0.00338964
0.00341005
0.00343041
0.00345071
0.00347095
0.00349112
0.00351121
0.00353123
0.00355117
0.00357103
0.00359079
0.00361046
0.00363002
0.00364949
0.00366884
0.00368808
0.00370721
0.0037262
0.00374508
0.00376381
0.00378242
0.00380087
0.00381919
0.00383735
0.00385535
0.00387319
0.00389087
0.00390838
0.00392571
0.00394286
0.00395983
0.00397661
0.0039932
0.00400959
0.00402578
0.00404177
0.00405754
0.00407311
0.00408846
0.00410359
0.00411849
0.00413317
0.00414762
0.00416183
0.00417581
0.00418955
0.00420305
0.0042163
0.00422931
0.00424206
0.00425457
0.00426682
0.00427882
0.00429057
0.00430205
0.00431328
0.00432425
0.00433497
0.00434542
0.00435562
0.00436556
0.00437524
0.00438467
0.00439384
0.00440276
0.00441143
0.00441985
0.00442803
0.00443596
0.00444365
0.0044511
0.00445832
0.00446531
0.00447208
0.00447862
0.00448495
0.00449107
0.00449698
0.00450269
0.00450821
0.00451355
0.0045187
0.00452367
0.00452848
0.00453314
0.00453764
0.004542
0.00454625
0.00455037
0.0045544
0.00455831
0.00456214
0.00456587
0.00456954
0.00457314
0.00457669
0.00458021
0.00458371
0.0045872
0.00459069
0.00459419
0.00459773
0.00460132
0.00460496
0.00460868
0.00461248
0.00461639
0.00462041
0.00462457
0.00462886
0.00463332
0.00463794
0.00464275
0.00464776
0.00465297
0.0046584
0.00466406
0.00466995
0.00467609
0.00468249
0.00468913
0.00469604
0.00470321
0.00471064
0.00471832
0.00472625
0.00473442
0.00474282
0.00475142
0.00476021
0.00476916
0.00477825
0.00478743
0.00479667
0.00480592
0.00481514
0.00482427
0.00483325
0.00484202
0.00485051
0.00485866
0.00486639
0.00487362
0.0048803
0.00488635
0.00489172
0.00489635
0.00490019
0.00490318
0.00490529
0.00490646
0.00490667
0.00490588
0.00490406
0.0049012
0.00489728
0.0048923
0.00488624
0.00487913
0.00487097
0.00486179
0.00485162
0.00484048
0.00482842
0.00481548
0.0048017
0.00478715
0.00477187
0.00475591
0.00473933
0.00472219
0.00470453
0.00468641
0.00466788
0.00464899
0.00462979
0.00461031
0.00459059
0.00457067
0.00455056
0.00453028
0.00450982
0.00448914
0.00446815
0.0044467
0.00442452
0.00440115
0.00437585
0.00434772
5.7463e-06
4.57772e-05
0.000110077
0.000178232
0.000244
0.000305564
0.000362437
0.000414589
0.000462236
0.000505832
0.000545632
0.000581991
0.000615258
0.000645762
0.000673815
0.000699703
0.00072369
0.000746016
0.000766902
0.000786543
0.000805117
0.000822783
0.000839681
0.000855936
0.000871658
0.000886943
0.000901874
0.000916525
0.000930958
0.000945226
0.000959376
0.000973447
0.00098747
0.00100147
0.00101548
0.0010295
0.00104357
0.00105768
0.00107184
0.00108607
0.00110037
0.00111474
0.00112919
0.00114371
0.00115832
0.001173
0.00118775
0.00120259
0.00121749
0.00123247
0.00124752
0.00126264
0.00127782
0.00129307
0.00130838
0.00132375
0.00133918
0.00135466
0.00137019
0.00138578
0.00140142
0.0014171
0.00143284
0.00144861
0.00146444
0.0014803
0.00149621
0.00151216
0.00152815
0.00154418
0.00156026
0.00157637
0.00159252
0.00160872
0.00162496
0.00164123
0.00165756
0.00167392
0.00169033
0.00170678
0.00172328
0.00173983
0.00175642
0.00177306
0.00178976
0.0018065
0.0018233
0.00184015
0.00185706
0.00187402
0.00189105
0.00190813
0.00192528
0.00194248
0.00195975
0.00197709
0.00199449
0.00201196
0.0020295
0.00204711
0.00206479
0.00208254
0.00210037
0.00211827
0.00213624
0.00215429
0.00217241
0.00219062
0.0022089
0.00222725
0.00224569
0.0022642
0.0022828
0.00230147
0.00232022
0.00233905
0.00235796
0.00237695
0.00239601
0.00241516
0.00243438
0.00245368
0.00247306
0.00249251
0.00251204
0.00253164
0.00255131
0.00257106
0.00259088
0.00261076
0.00263072
0.00265074
0.00267083
0.00269099
0.00271121
0.00273149
0.00275182
0.00277222
0.00279267
0.00281318
0.00283374
0.00285435
0.00287501
0.00289571
0.00291646
0.00293725
0.00295807
0.00297894
0.00299983
0.00302076
0.00304172
0.0030627
0.00308371
0.00310473
0.00312578
0.00314684
0.00316791
0.00318899
0.00321007
0.00323115
0.00325224
0.00327332
0.00329439
0.00331544
0.00333649
0.00335751
0.00337851
0.00339948
0.00342043
0.00344133
0.0034622
0.00348303
0.00350381
0.00352454
0.00354521
0.00356583
0.00358637
0.00360686
0.00362726
0.00364759
0.00366784
0.003688
0.00370807
0.00372805
0.00374792
0.00376768
0.00378734
0.00380688
0.0038263
0.00384559
0.00386475
0.00388378
0.00390266
0.0039214
0.00393999
0.00395842
0.00397669
0.0039948
0.00401273
0.00403049
0.00404807
0.00406547
0.00408267
0.00409968
0.00411649
0.0041331
0.0041495
0.00416568
0.00418165
0.0041974
0.00421292
0.00422821
0.00424327
0.00425809
0.00427267
0.00428701
0.0043011
0.00431494
0.00432853
0.00434186
0.00435493
0.00436774
0.00438028
0.00439256
0.00440457
0.00441632
0.00442779
0.004439
0.00444993
0.00446059
0.00447098
0.00448109
0.00449094
0.00450051
0.00450982
0.00451885
0.00452762
0.00453613
0.00454437
0.00455235
0.00456007
0.00456755
0.00457477
0.00458174
0.00458847
0.00459497
0.00460123
0.00460726
0.00461307
0.00461867
0.00462405
0.00462923
0.00463422
0.00463901
0.00464362
0.00464805
0.00465233
0.00465646
0.00466046
0.00466431
0.00466804
0.00467165
0.00467516
0.00467856
0.00468188
0.00468514
0.00468834
0.0046915
0.00469463
0.00469775
0.00470086
0.00470399
0.00470715
0.00471036
0.00471362
0.00471697
0.0047204
0.00472395
0.00472762
0.00473144
0.00473541
0.00473956
0.00474389
0.00474844
0.0047532
0.0047582
0.00476345
0.00476896
0.00477475
0.00478082
0.00478719
0.00479387
0.00480085
0.00480816
0.00481578
0.00482372
0.00483197
0.00484053
0.00484938
0.00485852
0.00486793
0.00487757
0.00488743
0.00489747
0.00490765
0.00491794
0.00492827
0.0049386
0.00494886
0.00495899
0.00496893
0.00497859
0.00498792
0.00499682
0.00500522
0.00501306
0.00502026
0.00502676
0.0050325
0.00503741
0.00504144
0.00504454
0.00504667
0.00504778
0.00504783
0.00504681
0.00504469
0.00504146
0.00503711
0.00503165
0.00502509
0.00501743
0.00500872
0.00499899
0.00498826
0.00497659
0.00496403
0.00495062
0.00493641
0.00492148
0.00490586
0.00488962
0.00487282
0.0048555
0.00483773
0.00481955
0.00480102
0.00478217
0.00476306
0.00474371
0.00472416
0.00470441
0.00468447
0.0046643
0.00464384
0.00462294
0.00460136
0.00457871
0.00455438
0.00452767
5.92163e-06
4.59031e-05
0.000111093
0.000180796
0.000248413
0.000311954
0.000370833
0.000424983
0.000474565
0.000520002
0.000561587
0.000599646
0.000634528
0.000666564
0.000696068
0.000723329
0.000748616
0.000772171
0.000794218
0.000814959
0.000834573
0.000853223
0.000871054
0.000888195
0.000904758
0.000920844
0.000936539
0.00095192
0.000967052
0.000981992
0.000996789
0.00101148
0.00102611
0.0010407
0.00105528
0.00106986
0.00108447
0.00109911
0.0011138
0.00112854
0.00114335
0.00115822
0.00117316
0.00118817
0.00120325
0.00121841
0.00123364
0.00124894
0.0012643
0.00127974
0.00129525
0.00131081
0.00132644
0.00134213
0.00135788
0.00137368
0.00138954
0.00140545
0.0014214
0.00143741
0.00145345
0.00146955
0.00148568
0.00150186
0.00151807
0.00153433
0.00155062
0.00156695
0.00158332
0.00159972
0.00161616
0.00163263
0.00164914
0.00166569
0.00168227
0.00169889
0.00171555
0.00173224
0.00174898
0.00176575
0.00178257
0.00179943
0.00181633
0.00183327
0.00185026
0.0018673
0.00188439
0.00190152
0.00191871
0.00193595
0.00195324
0.00197059
0.001988
0.00200546
0.00202299
0.00204057
0.00205822
0.00207592
0.0020937
0.00211154
0.00212945
0.00214742
0.00216547
0.00218358
0.00220177
0.00222002
0.00223835
0.00225676
0.00227524
0.00229379
0.00231242
0.00233113
0.00234991
0.00236876
0.0023877
0.00240671
0.0024258
0.00244496
0.0024642
0.00248352
0.00250292
0.00252239
0.00254193
0.00256155
0.00258125
0.00260101
0.00262086
0.00264077
0.00266075
0.00268081
0.00270093
0.00272112
0.00274137
0.0027617
0.00278208
0.00280253
0.00282304
0.00284361
0.00286423
0.00288491
0.00290565
0.00292644
0.00294728
0.00296816
0.00298909
0.00301007
0.00303109
0.00305215
0.00307324
0.00309437
0.00311553
0.00313673
0.00315794
0.00317919
0.00320045
0.00322173
0.00324303
0.00326434
0.00328566
0.00330699
0.00332832
0.00334965
0.00337097
0.00339229
0.0034136
0.0034349
0.00345617
0.00347743
0.00349866
0.00351986
0.00354102
0.00356215
0.00358324
0.00360428
0.00362527
0.00364621
0.00366709
0.0036879
0.00370865
0.00372932
0.00374992
0.00377043
0.00379086
0.00381119
0.00383143
0.00385156
0.00387159
0.00389151
0.00391131
0.00393098
0.00395053
0.00396995
0.00398922
0.00400836
0.00402734
0.00404617
0.00406484
0.00408335
0.00410169
0.00411985
0.00413783
0.00415562
0.00417322
0.00419063
0.00420783
0.00422483
0.00424162
0.00425819
0.00427454
0.00429067
0.00430656
0.00432222
0.00433764
0.00435282
0.00436775
0.00438243
0.00439686
0.00441102
0.00442493
0.00443856
0.00445193
0.00446503
0.00447785
0.0044904
0.00450267
0.00451466
0.00452636
0.00453778
0.00454892
0.00455977
0.00457033
0.00458061
0.0045906
0.0046003
0.00460972
0.00461886
0.00462771
0.00463628
0.00464457
0.00465258
0.00466032
0.00466778
0.00467498
0.00468192
0.00468859
0.00469501
0.00470117
0.0047071
0.00471278
0.00471822
0.00472344
0.00472843
0.00473321
0.00473778
0.00474215
0.00474634
0.00475036
0.0047542
0.00475789
0.00476142
0.0047648
0.00476805
0.00477118
0.00477421
0.00477714
0.00477999
0.00478277
0.0047855
0.00478819
0.00479087
0.00479353
0.0047962
0.00479891
0.00480165
0.00480445
0.00480734
0.00481032
0.00481341
0.00481664
0.00482002
0.00482357
0.00482731
0.00483126
0.00483543
0.00483985
0.00484453
0.00484949
0.00485475
0.00486032
0.00486622
0.00487246
0.00487905
0.00488601
0.00489334
0.00490105
0.00490915
0.00491763
0.00492649
0.00493573
0.00494533
0.00495528
0.00496555
0.00497614
0.004987
0.00499809
0.00500938
0.00502082
0.00503235
0.00504391
0.00505544
0.00506686
0.0050781
0.00508909
0.00509973
0.00510996
0.00511969
0.00512884
0.00513733
0.00514511
0.00515208
0.0051582
0.00516339
0.0051676
0.00517079
0.0051729
0.00517391
0.00517379
0.00517251
0.00517006
0.00516645
0.00516167
0.00515575
0.0051487
0.00514056
0.00513136
0.00512115
0.00510997
0.00509788
0.00508494
0.00507119
0.0050567
0.00504153
0.00502573
0.00500938
0.00499251
0.00497519
0.00495747
0.0049394
0.00492102
0.00490237
0.00488349
0.0048644
0.00484509
0.00482554
0.0048057
0.00478544
0.00476454
0.00474267
0.00471933
0.00469398
6.08501e-06
4.59165e-05
0.000111793
0.000182815
0.000252062
0.000317379
0.000378089
0.000434085
0.000485481
0.000532644
0.000575914
0.000615587
0.000652011
0.000685514
0.000716412
0.000744995
0.000771534
0.000796276
0.000819446
0.000841248
0.000861866
0.000881467
0.000900198
0.00091819
0.000935562
0.000952414
0.000968839
0.000984914
0.00100071
0.00101628
0.00103169
0.00104696
0.00106215
0.00107728
0.00109238
0.00110747
0.00112257
0.0011377
0.00115285
0.00116806
0.00118331
0.00119862
0.001214
0.00122943
0.00124494
0.0012605
0.00127614
0.00129184
0.0013076
0.00132343
0.00133932
0.00135527
0.00137127
0.00138733
0.00140345
0.00141961
0.00143582
0.00145208
0.00146838
0.00148472
0.00150111
0.00151753
0.00153399
0.00155049
0.00156702
0.00158358
0.00160018
0.00161681
0.00163347
0.00165016
0.00166688
0.00168363
0.00170041
0.00171723
0.00173407
0.00175095
0.00176786
0.0017848
0.00180177
0.00181878
0.00183583
0.00185291
0.00187003
0.00188719
0.00190439
0.00192163
0.00193891
0.00195624
0.00197361
0.00199104
0.00200851
0.00202603
0.0020436
0.00206123
0.00207891
0.00209665
0.00211444
0.0021323
0.00215021
0.00216819
0.00218622
0.00220433
0.0022225
0.00224073
0.00225903
0.0022774
0.00229584
0.00231435
0.00233293
0.00235158
0.00237031
0.00238911
0.00240798
0.00242693
0.00244595
0.00246504
0.00248421
0.00250346
0.00252278
0.00254217
0.00256164
0.00258118
0.0026008
0.0026205
0.00264026
0.0026601
0.00268002
0.0027
0.00272006
0.00274019
0.00276038
0.00278065
0.00280098
0.00282138
0.00284184
0.00286237
0.00288296
0.00290362
0.00292433
0.0029451
0.00296593
0.00298681
0.00300775
0.00302874
0.00304978
0.00307087
0.003092
0.00311317
0.00313439
0.00315565
0.00317694
0.00319827
0.00321963
0.00324102
0.00326243
0.00328387
0.00330533
0.00332681
0.00334831
0.00336981
0.00339133
0.00341285
0.00343438
0.0034559
0.00347742
0.00349893
0.00352043
0.00354191
0.00356338
0.00358482
0.00360624
0.00362762
0.00364897
0.00367028
0.00369155
0.00371276
0.00373393
0.00375504
0.00377608
0.00379706
0.00381797
0.0038388
0.00385955
0.00388021
0.00390078
0.00392125
0.00394163
0.00396189
0.00398204
0.00400208
0.00402198
0.00404177
0.00406141
0.00408092
0.00410027
0.00411948
0.00413853
0.00415742
0.00417614
0.00419468
0.00421304
0.00423122
0.0042492
0.00426699
0.00428458
0.00430196
0.00431912
0.00433607
0.00435279
0.00436928
0.00438554
0.00440156
0.00441733
0.00443286
0.00444813
0.00446315
0.0044779
0.00449238
0.0045066
0.00452054
0.0045342
0.00454758
0.00456067
0.00457348
0.004586
0.00459822
0.00461015
0.00462178
0.00463312
0.00464415
0.00465489
0.00466532
0.00467545
0.00468527
0.0046948
0.00470402
0.00471295
0.00472157
0.0047299
0.00473793
0.00474567
0.00475312
0.00476028
0.00476716
0.00477376
0.00478009
0.00478614
0.00479193
0.00479746
0.00480274
0.00480776
0.00481255
0.0048171
0.00482142
0.00482553
0.00482944
0.00483315
0.00483668
0.00484001
0.00484317
0.00484617
0.00484902
0.00485174
0.00485434
0.00485682
0.00485921
0.00486152
0.00486377
0.00486597
0.00486813
0.00487028
0.00487243
0.0048746
0.00487681
0.00487907
0.00488141
0.00488385
0.00488641
0.0048891
0.00489195
0.00489499
0.00489822
0.00490168
0.00490538
0.00490935
0.0049136
0.00491816
0.00492306
0.0049283
0.00493391
0.00493991
0.00494631
0.00495313
0.00496038
0.00496807
0.00497622
0.00498482
0.00499389
0.0050034
0.00501338
0.00502379
0.00503462
0.00504586
0.00505747
0.00506943
0.00508169
0.0050942
0.00510692
0.00511978
0.00513271
0.00514564
0.0051585
0.0051712
0.00518366
0.00519579
0.00520749
0.0052187
0.00522931
0.00523924
0.00524842
0.00525676
0.0052642
0.00527067
0.00527611
0.00528047
0.00528369
0.00528575
0.00528662
0.00528628
0.00528471
0.00528192
0.00527792
0.00527273
0.00526637
0.00525889
0.00525032
0.00524071
0.00523012
0.0052186
0.00520621
0.00519301
0.00517907
0.00516444
0.00514918
0.00513336
0.00511704
0.00510026
0.00508309
0.00506557
0.00504775
0.00502966
0.00501132
0.00499274
0.00497391
0.00495478
0.00493523
0.00491509
0.00489406
0.00487172
0.00484767
6.23662e-06
4.58314e-05
0.000112209
0.000184338
0.000255006
0.000321907
0.000384276
0.000441961
0.000495036
0.000543811
0.000588662
0.00062986
0.000667744
0.000702645
0.000734873
0.000764722
0.000792462
0.000818342
0.00084259
0.000865412
0.000886996
0.00090751
0.000927103
0.000945912
0.000964055
0.000981639
0.000998756
0.00101549
0.00103191
0.00104808
0.00106405
0.00107986
0.00109557
0.0011112
0.00112677
0.00114232
0.00115787
0.00117342
0.00118899
0.0012046
0.00122024
0.00123594
0.00125168
0.00126749
0.00128334
0.00129926
0.00131524
0.00133127
0.00134737
0.00136352
0.00137972
0.00139598
0.00141229
0.00142865
0.00144506
0.00146151
0.001478
0.00149453
0.00151111
0.00152771
0.00154436
0.00156103
0.00157774
0.00159448
0.00161124
0.00162804
0.00164486
0.0016617
0.00167857
0.00169547
0.00171239
0.00172934
0.00174631
0.00176331
0.00178033
0.00179737
0.00181445
0.00183155
0.00184867
0.00186583
0.00188302
0.00190023
0.00191748
0.00193477
0.00195208
0.00196944
0.00198683
0.00200426
0.00202173
0.00203924
0.0020568
0.0020744
0.00209205
0.00210975
0.00212749
0.00214529
0.00216314
0.00218105
0.00219901
0.00221702
0.0022351
0.00225324
0.00227143
0.00228969
0.00230802
0.0023264
0.00234486
0.00236338
0.00238197
0.00240062
0.00241935
0.00243815
0.00245702
0.00247596
0.00249497
0.00251405
0.00253321
0.00255244
0.00257175
0.00259113
0.00261059
0.00263011
0.00264972
0.00266939
0.00268914
0.00270897
0.00272887
0.00274884
0.00276888
0.00278899
0.00280918
0.00282944
0.00284976
0.00287016
0.00289062
0.00291115
0.00293175
0.00295241
0.00297313
0.00299392
0.00301476
0.00303567
0.00305664
0.00307766
0.00309873
0.00311986
0.00314104
0.00316226
0.00318354
0.00320486
0.00322622
0.00324762
0.00326906
0.00329054
0.00331205
0.00333359
0.00335516
0.00337675
0.00339837
0.00342001
0.00344166
0.00346332
0.003485
0.00350668
0.00352836
0.00355005
0.00357173
0.0035934
0.00361506
0.00363671
0.00365834
0.00367994
0.00370152
0.00372306
0.00374457
0.00376604
0.00378746
0.00380883
0.00383015
0.0038514
0.0038726
0.00389372
0.00391477
0.00393573
0.00395662
0.00397741
0.0039981
0.0040187
0.00403918
0.00405955
0.00407981
0.00409994
0.00411994
0.0041398
0.00415952
0.00417909
0.0041985
0.00421776
0.00423685
0.00425577
0.0042745
0.00429306
0.00431142
0.00432958
0.00434754
0.0043653
0.00438283
0.00440015
0.00441724
0.0044341
0.00445072
0.00446709
0.00448322
0.00449909
0.00451471
0.00453005
0.00454513
0.00455994
0.00457447
0.00458871
0.00460267
0.00461633
0.0046297
0.00464277
0.00465554
0.00466801
0.00468016
0.00469201
0.00470355
0.00471477
0.00472567
0.00473626
0.00474653
0.00475648
0.00476611
0.00477543
0.00478442
0.0047931
0.00480147
0.00480952
0.00481726
0.00482469
0.00483181
0.00483863
0.00484515
0.00485137
0.00485731
0.00486296
0.00486832
0.00487342
0.00487824
0.0048828
0.00488711
0.00489118
0.00489501
0.00489861
0.00490199
0.00490516
0.00490812
0.00491089
0.00491348
0.0049159
0.00491817
0.0049203
0.0049223
0.00492419
0.00492598
0.00492769
0.00492934
0.00493095
0.00493252
0.00493409
0.00493566
0.00493727
0.00493893
0.00494066
0.00494248
0.00494442
0.0049465
0.00494874
0.00495116
0.0049538
0.00495667
0.0049598
0.00496321
0.00496694
0.004971
0.00497542
0.00498022
0.00498543
0.00499106
0.00499716
0.00500372
0.00501077
0.00501833
0.00502641
0.00503502
0.00504417
0.00505386
0.0050641
0.00507487
0.00508617
0.00509797
0.00511027
0.00512302
0.00513618
0.00514973
0.00516359
0.00517773
0.00519205
0.0052065
0.005221
0.00523545
0.00524976
0.00526385
0.00527761
0.00529095
0.00530378
0.00531599
0.0053275
0.00533821
0.00534805
0.00535694
0.0053648
0.00537157
0.0053772
0.00538163
0.00538484
0.00538679
0.00538746
0.00538686
0.00538498
0.00538183
0.00537745
0.00537187
0.00536513
0.00535727
0.00534835
0.00533842
0.00532756
0.00531581
0.00530324
0.00528992
0.00527592
0.00526128
0.00524609
0.00523039
0.00521424
0.0051977
0.00518081
0.00516361
0.00514613
0.00512838
0.00511036
0.00509201
0.00507326
0.00505394
0.00503379
0.00501247
0.00498968
6.37663e-06
4.56597e-05
0.00011237
0.000185404
0.000257296
0.000325594
0.000389452
0.000448664
0.000503282
0.00055355
0.000599875
0.000642502
0.000681763
0.000717984
0.000751475
0.000782527
0.000811411
0.000838377
0.000863655
0.000887452
0.000909957
0.000931341
0.000951758
0.000971343
0.000990219
0.00100849
0.00102626
0.00104361
0.00106062
0.00107734
0.00109383
0.00111015
0.00112632
0.0011424
0.00115841
0.00117437
0.0011903
0.00120623
0.00122216
0.00123812
0.0012541
0.00127012
0.00128618
0.00130228
0.00131843
0.00133463
0.00135089
0.00136719
0.00138355
0.00139995
0.0014164
0.0014329
0.00144945
0.00146603
0.00148266
0.00149933
0.00151603
0.00153276
0.00154953
0.00156632
0.00158315
0.0016
0.00161687
0.00163377
0.00165069
0.00166763
0.00168459
0.00170157
0.00171857
0.00173559
0.00175263
0.00176969
0.00178676
0.00180385
0.00182096
0.00183809
0.00185524
0.00187241
0.0018896
0.00190682
0.00192406
0.00194132
0.00195861
0.00197593
0.00199327
0.00201065
0.00202805
0.00204549
0.00206297
0.00208048
0.00209803
0.00211562
0.00213325
0.00215092
0.00216864
0.00218641
0.00220422
0.00222208
0.00223999
0.00225796
0.00227598
0.00229405
0.00231218
0.00233038
0.00234863
0.00236694
0.00238531
0.00240375
0.00242226
0.00244082
0.00245946
0.00247817
0.00249694
0.00251579
0.0025347
0.00255369
0.00257275
0.00259188
0.00261108
0.00263036
0.00264971
0.00266914
0.00268864
0.00270822
0.00272787
0.00274759
0.0027674
0.00278727
0.00280722
0.00282725
0.00284734
0.00286752
0.00288776
0.00290808
0.00292847
0.00294893
0.00296946
0.00299005
0.00301072
0.00303145
0.00305226
0.00307312
0.00309405
0.00311504
0.00313609
0.0031572
0.00317837
0.00319959
0.00322087
0.0032422
0.00326358
0.003285
0.00330648
0.00332799
0.00334955
0.00337115
0.00339278
0.00341444
0.00343614
0.00345786
0.00347961
0.00350138
0.00352317
0.00354498
0.00356679
0.00358862
0.00361045
0.00363228
0.00365411
0.00367593
0.00369774
0.00371954
0.00374132
0.00376307
0.0037848
0.00380649
0.00382815
0.00384976
0.00387133
0.00389285
0.00391431
0.00393571
0.00395704
0.0039783
0.00399948
0.00402057
0.00404158
0.00406249
0.0040833
0.004104
0.00412459
0.00414506
0.00416541
0.00418562
0.00420569
0.00422562
0.0042454
0.00426503
0.00428448
0.00430377
0.00432288
0.00434181
0.00436055
0.00437909
0.00439743
0.00441555
0.00443347
0.00445116
0.00446862
0.00448585
0.00450283
0.00451957
0.00453606
0.00455228
0.00456824
0.00458394
0.00459935
0.00461449
0.00462933
0.00464389
0.00465815
0.00467211
0.00468576
0.00469911
0.00471214
0.00472485
0.00473725
0.00474932
0.00476107
0.00477248
0.00478357
0.00479432
0.00480474
0.00481483
0.00482458
0.00483399
0.00484307
0.00485181
0.00486022
0.00486829
0.00487604
0.00488345
0.00489054
0.00489731
0.00490375
0.00490988
0.00491569
0.0049212
0.00492641
0.00493132
0.00493593
0.00494027
0.00494433
0.00494813
0.00495166
0.00495495
0.00495798
0.00496079
0.00496336
0.00496572
0.00496788
0.00496986
0.00497165
0.00497329
0.00497478
0.00497613
0.00497737
0.00497852
0.00497958
0.00498058
0.00498154
0.00498247
0.0049834
0.00498435
0.00498534
0.00498639
0.00498754
0.00498879
0.00499017
0.00499172
0.00499346
0.00499542
0.00499761
0.00500008
0.00500285
0.00500594
0.00500939
0.00501323
0.00501748
0.00502217
0.00502733
0.005033
0.00503918
0.00504591
0.00505321
0.0050611
0.00506959
0.00507871
0.00508845
0.00509883
0.00510985
0.0051215
0.00513377
0.00514664
0.00516009
0.00517409
0.00518859
0.00520355
0.0052189
0.00523459
0.00525054
0.00526666
0.00528287
0.00529907
0.00531516
0.00533103
0.00534658
0.00536171
0.0053763
0.00539026
0.00540347
0.00541585
0.0054273
0.00543775
0.0054471
0.00545531
0.0054623
0.00546804
0.00547247
0.00547559
0.00547736
0.00547779
0.00547689
0.00547468
0.00547118
0.00546645
0.00546052
0.00545344
0.00544528
0.0054361
0.00542596
0.00541492
0.00540306
0.00539045
0.00537714
0.0053632
0.0053487
0.0053337
0.00531824
0.00530239
0.00528619
0.00526966
0.00525283
0.0052357
0.00521823
0.00520034
0.00518189
0.00516267
0.00514238
0.00512082
6.50523e-06
4.54118e-05
0.000112298
0.000186051
0.000258973
0.000328486
0.000393663
0.000454247
0.000510267
0.000561909
0.000609591
0.00065355
0.000694098
0.000731559
0.000766237
0.000798425
0.000828391
0.000856386
0.000882639
0.00090736
0.000930738
0.000952947
0.000974141
0.000994459
0.00101402
0.00103295
0.00105133
0.00106925
0.0010868
0.00110403
0.001121
0.00113776
0.00115437
0.00117084
0.00118723
0.00120355
0.00121982
0.00123607
0.00125231
0.00126855
0.00128481
0.00130109
0.0013174
0.00133375
0.00135013
0.00136655
0.00138302
0.00139952
0.00141607
0.00143266
0.00144929
0.00146596
0.00148266
0.0014994
0.00151618
0.00153298
0.00154981
0.00156667
0.00158355
0.00160046
0.00161738
0.00163433
0.00165129
0.00166827
0.00168526
0.00170226
0.00171928
0.00173631
0.00175336
0.00177041
0.00178748
0.00180456
0.00182164
0.00183874
0.00185585
0.00187298
0.00189011
0.00190727
0.00192443
0.00194161
0.00195881
0.00197603
0.00199326
0.00201052
0.0020278
0.0020451
0.00206243
0.00207979
0.00209717
0.00211459
0.00213204
0.00214952
0.00216704
0.00218459
0.00220219
0.00221982
0.0022375
0.00225523
0.002273
0.00229082
0.00230869
0.00232661
0.00234459
0.00236262
0.0023807
0.00239885
0.00241705
0.00243532
0.00245364
0.00247204
0.00249049
0.00250902
0.00252761
0.00254627
0.002565
0.0025838
0.00260268
0.00262162
0.00264064
0.00265974
0.00267891
0.00269815
0.00271747
0.00273687
0.00275634
0.0027759
0.00279553
0.00281523
0.00283502
0.00285488
0.00287482
0.00289484
0.00291494
0.00293511
0.00295536
0.00297569
0.00299609
0.00301657
0.00303712
0.00305774
0.00307844
0.00309921
0.00312005
0.00314096
0.00316193
0.00318298
0.00320409
0.00322526
0.0032465
0.00326779
0.00328915
0.00331056
0.00333202
0.00335354
0.00337511
0.00339673
0.00341839
0.00344009
0.00346184
0.00348362
0.00350544
0.00352729
0.00354916
0.00357107
0.00359299
0.00361493
0.00363689
0.00365886
0.00368083
0.00370281
0.00372479
0.00374676
0.00376872
0.00379067
0.0038126
0.00383451
0.00385639
0.00387824
0.00390005
0.00392182
0.00394354
0.0039652
0.00398681
0.00400835
0.00402982
0.00405122
0.00407253
0.00409376
0.00411489
0.00413592
0.00415684
0.00417765
0.00419834
0.00421891
0.00423934
0.00425963
0.00427977
0.00429976
0.00431959
0.00433926
0.00435875
0.00437805
0.00439717
0.0044161
0.00443482
0.00445333
0.00447163
0.0044897
0.00450755
0.00452515
0.00454252
0.00455963
0.00457648
0.00459308
0.0046094
0.00462545
0.00464121
0.00465669
0.00467187
0.00468676
0.00470134
0.00471561
0.00472956
0.00474319
0.0047565
0.00476949
0.00478213
0.00479445
0.00480642
0.00481805
0.00482933
0.00484027
0.00485086
0.00486109
0.00487098
0.00488051
0.00488968
0.0048985
0.00490697
0.00491508
0.00492285
0.00493026
0.00493733
0.00494405
0.00495043
0.00495647
0.00496217
0.00496755
0.0049726
0.00497734
0.00498176
0.00498587
0.00498969
0.00499322
0.00499646
0.00499943
0.00500212
0.00500456
0.00500674
0.00500869
0.00501041
0.00501192
0.00501323
0.00501436
0.00501532
0.00501612
0.00501679
0.00501734
0.00501779
0.00501816
0.00501846
0.00501873
0.00501897
0.00501922
0.0050195
0.00501982
0.00502023
0.00502073
0.00502137
0.00502216
0.00502314
0.00502434
0.00502578
0.0050275
0.00502953
0.0050319
0.00503464
0.0050378
0.00504139
0.00504545
0.00505003
0.00505514
0.00506082
0.0050671
0.00507401
0.00508158
0.00508983
0.00509877
0.00510844
0.00511883
0.00512996
0.00514183
0.00515444
0.00516777
0.00518181
0.00519654
0.0052119
0.00522787
0.00524438
0.00526137
0.00527877
0.00529649
0.00531444
0.00533253
0.00535064
0.00536866
0.00538647
0.00540397
0.00542103
0.00543753
0.00545335
0.0054684
0.00548256
0.00549574
0.00550784
0.0055188
0.00552853
0.00553697
0.00554409
0.00554983
0.00555417
0.00555711
0.00555864
0.00555879
0.00555757
0.00555502
0.0055512
0.00554614
0.00553991
0.00553258
0.0055242
0.00551485
0.0055046
0.00549351
0.00548166
0.00546911
0.00545593
0.00544218
0.00542793
0.00541323
0.00539812
0.00538264
0.00536682
0.00535065
0.00533413
0.00531717
0.00529965
0.0052814
0.00526217
0.00524182
6.62258e-06
4.50965e-05
0.000112017
0.000186309
0.000260079
0.000330627
0.000396956
0.000458758
0.000516038
0.000568946
0.000617859
0.00066304
0.00070478
0.000743392
0.000779179
0.000812428
0.000843408
0.000872368
0.000899538
0.000925126
0.000949325
0.000972307
0.000994229
0.00101523
0.00103544
0.00105497
0.00107391
0.00109236
0.0011104
0.00112809
0.00114549
0.00116266
0.00117963
0.00119646
0.00121317
0.00122979
0.00124635
0.00126286
0.00127935
0.00129582
0.0013123
0.00132878
0.00134528
0.0013618
0.00137835
0.00139492
0.00141153
0.00142816
0.00144483
0.00146154
0.00147827
0.00149504
0.00151183
0.00152865
0.0015455
0.00156236
0.00157925
0.00159615
0.00161307
0.00163
0.00164694
0.0016639
0.00168086
0.00169783
0.00171481
0.00173179
0.00174878
0.00176577
0.00178277
0.00179977
0.00181678
0.00183378
0.00185079
0.00186781
0.00188483
0.00190185
0.00191888
0.00193592
0.00195296
0.00197001
0.00198708
0.00200415
0.00202124
0.00203834
0.00205545
0.00207259
0.00208974
0.00210692
0.00212412
0.00214134
0.00215859
0.00217587
0.00219318
0.00221053
0.0022279
0.00224532
0.00226277
0.00228026
0.0022978
0.00231538
0.002333
0.00235068
0.0023684
0.00238618
0.00240401
0.00242189
0.00243984
0.00245784
0.0024759
0.00249403
0.00251222
0.00253048
0.0025488
0.00256719
0.00258566
0.00260419
0.0026228
0.00264148
0.00266024
0.00267907
0.00269798
0.00271697
0.00273604
0.00275519
0.00277441
0.00279372
0.00281311
0.00283259
0.00285214
0.00287178
0.0028915
0.00291131
0.0029312
0.00295117
0.00297123
0.00299137
0.00301159
0.00303189
0.00305228
0.00307275
0.0030933
0.00311393
0.00313464
0.00315542
0.00317629
0.00319723
0.00321824
0.00323933
0.00326049
0.00328172
0.00330302
0.00332438
0.00334581
0.00336731
0.00338886
0.00341047
0.00343214
0.00345387
0.00347564
0.00349746
0.00351933
0.00354124
0.00356318
0.00358517
0.00360719
0.00362923
0.0036513
0.0036734
0.00369551
0.00371763
0.00373977
0.00376191
0.00378405
0.00380619
0.00382832
0.00385044
0.00387253
0.00389461
0.00391666
0.00393867
0.00396065
0.00398258
0.00400446
0.00402629
0.00404805
0.00406975
0.00409137
0.00411291
0.00413437
0.00415573
0.00417699
0.00419815
0.00421919
0.00424011
0.00426091
0.00428157
0.00430208
0.00432245
0.00434266
0.00436271
0.00438259
0.00440229
0.0044218
0.00444112
0.00446024
0.00447915
0.00449784
0.00451631
0.00453455
0.00455255
0.00457031
0.00458781
0.00460505
0.00462203
0.00463873
0.00465515
0.00467129
0.00468712
0.00470266
0.00471789
0.00473281
0.00474741
0.00476169
0.00477563
0.00478924
0.00480251
0.00481544
0.00482801
0.00484024
0.0048521
0.00486361
0.00487475
0.00488553
0.00489594
0.00490598
0.00491564
0.00492494
0.00493386
0.00494241
0.00495059
0.00495839
0.00496582
0.00497289
0.00497959
0.00498592
0.00499189
0.00499751
0.00500277
0.00500769
0.00501226
0.0050165
0.00502041
0.00502399
0.00502726
0.00503023
0.00503289
0.00503525
0.00503733
0.00503913
0.00504067
0.00504195
0.005043
0.00504383
0.00504444
0.00504487
0.00504511
0.0050452
0.00504514
0.00504496
0.00504467
0.0050443
0.00504388
0.00504341
0.00504293
0.00504245
0.00504202
0.00504164
0.00504135
0.00504119
0.00504117
0.00504133
0.00504171
0.00504233
0.00504323
0.00504444
0.005046
0.00504795
0.00505032
0.00505315
0.00505649
0.00506036
0.0050648
0.00506986
0.00507557
0.00508196
0.00508907
0.00509693
0.00510557
0.00511501
0.00512527
0.00513638
0.00514833
0.00516113
0.00517479
0.00518929
0.00520461
0.00522072
0.00523759
0.00525515
0.00527336
0.00529214
0.00531141
0.00533106
0.005351
0.00537112
0.0053913
0.00541141
0.00543132
0.0054509
0.00547003
0.00548857
0.00550639
0.00552338
0.00553943
0.00555444
0.0055683
0.00558094
0.00559228
0.00560225
0.00561081
0.00561792
0.00562355
0.00562771
0.0056304
0.00563165
0.00563147
0.00562993
0.00562707
0.00562294
0.00561762
0.00561116
0.00560365
0.00559514
0.00558573
0.00557546
0.00556443
0.00555269
0.00554033
0.00552738
0.00551393
0.00550001
0.00548568
0.00547095
0.00545584
0.00544032
0.00542436
0.00540783
0.00539059
0.00537244
0.0053533
6.72885e-06
4.47223e-05
0.000111545
0.000186208
0.000260648
0.000332059
0.000399374
0.00046224
0.000520638
0.000574683
0.000624709
0.000671003
0.000713832
0.000753503
0.000790313
0.000824545
0.000856465
0.000886321
0.000914341
0.000940735
0.000965695
0.000989393
0.00101199
0.00103362
0.00105442
0.00107449
0.00109395
0.00111288
0.00113136
0.00114945
0.00116723
0.00118475
0.00120205
0.00121917
0.00123615
0.00125302
0.0012698
0.00128651
0.00130319
0.00131983
0.00133645
0.00135307
0.00136969
0.00138631
0.00140295
0.00141961
0.00143629
0.00145298
0.0014697
0.00148644
0.0015032
0.00151999
0.0015368
0.00155362
0.00157046
0.00158731
0.00160416
0.00162103
0.0016379
0.00165477
0.00167165
0.00168852
0.0017054
0.00172227
0.00173915
0.00175602
0.00177288
0.00178974
0.0018066
0.00182345
0.0018403
0.00185714
0.00187398
0.00189082
0.00190764
0.00192447
0.00194129
0.00195812
0.00197494
0.00199176
0.00200859
0.00202542
0.00204226
0.00205911
0.00207596
0.00209283
0.00210971
0.0021266
0.00214352
0.00216045
0.0021774
0.00219438
0.00221138
0.00222841
0.00224547
0.00226257
0.00227969
0.00229686
0.00231406
0.00233131
0.0023486
0.00236593
0.00238331
0.00240074
0.00241822
0.00243576
0.00245336
0.00247101
0.00248872
0.0025065
0.00252434
0.00254225
0.00256022
0.00257827
0.00259638
0.00261458
0.00263284
0.00265118
0.00266961
0.00268811
0.00270669
0.00272535
0.0027441
0.00276293
0.00278185
0.00280086
0.00281995
0.00283914
0.00285841
0.00287777
0.00289722
0.00291676
0.0029364
0.00295612
0.00297594
0.00299585
0.00301585
0.00303594
0.00305613
0.0030764
0.00309677
0.00311723
0.00313777
0.00315841
0.00317913
0.00319994
0.00322083
0.00324181
0.00326287
0.00328402
0.00330524
0.00332654
0.00334792
0.00336938
0.0033909
0.0034125
0.00343416
0.00345589
0.00347768
0.00349953
0.00352144
0.0035434
0.00356542
0.00358748
0.00360958
0.00363173
0.00365391
0.00367613
0.00369837
0.00372065
0.00374294
0.00376525
0.00378757
0.00380989
0.00383222
0.00385455
0.00387687
0.00389918
0.00392147
0.00394374
0.00396598
0.00398818
0.00401035
0.00403246
0.00405452
0.00407653
0.00409847
0.00412033
0.00414212
0.00416382
0.00418543
0.00420694
0.00422835
0.00424964
0.0042708
0.00429184
0.00431274
0.0043335
0.00435411
0.00437456
0.00439484
0.00441494
0.00443486
0.00445459
0.00447412
0.00449344
0.00451255
0.00453143
0.00455009
0.0045685
0.00458667
0.00460458
0.00462223
0.00463961
0.00465671
0.00467353
0.00469006
0.00470628
0.0047222
0.0047378
0.00475308
0.00476804
0.00478266
0.00479694
0.00481088
0.00482446
0.00483769
0.00485056
0.00486306
0.00487519
0.00488694
0.00489832
0.00490931
0.00491992
0.00493015
0.00493998
0.00494942
0.00495847
0.00496713
0.0049754
0.00498327
0.00499075
0.00499784
0.00500454
0.00501086
0.00501679
0.00502234
0.00502752
0.00503233
0.00503676
0.00504084
0.00504456
0.00504794
0.00505098
0.00505369
0.00505607
0.00505811
0.00505984
0.00506127
0.00506241
0.00506328
0.00506388
0.00506423
0.00506434
0.00506424
0.00506392
0.00506343
0.00506276
0.00506195
0.00506101
0.00505996
0.00505883
0.00505763
0.0050564
0.00505516
0.00505393
0.00505275
0.00505164
0.00505063
0.00504976
0.00504906
0.00504856
0.0050483
0.00504832
0.00504865
0.00504933
0.0050504
0.00505191
0.00505389
0.00505639
0.00505946
0.00506313
0.00506745
0.00507246
0.0050782
0.00508472
0.00509206
0.00510024
0.00510931
0.00511929
0.00513021
0.00514209
0.00515493
0.00516876
0.00518357
0.00519934
0.00521605
0.00523368
0.00525218
0.00527149
0.00529155
0.00531226
0.00533355
0.0053553
0.00537739
0.00539971
0.00542211
0.00544445
0.0054666
0.00548841
0.00550973
0.00553043
0.00555037
0.00556941
0.00558746
0.00560438
0.00562009
0.00563448
0.0056475
0.00565906
0.00566911
0.00567764
0.00568461
0.00569004
0.00569393
0.00569631
0.00569723
0.00569674
0.00569489
0.00569174
0.00568736
0.00568183
0.00567523
0.00566762
0.00565908
0.00564969
0.00563952
0.00562864
0.00561712
0.00560502
0.0055924
0.00557929
0.00556574
0.00555176
0.00553734
0.00552243
0.00550695
0.00549077
0.00547373
0.00545578
6.82424e-06
4.42961e-05
0.000110901
0.000185775
0.000260715
0.000332819
0.000400958
0.000464735
0.000524102
0.000579152
0.000630171
0.000677463
0.000721276
0.000761908
0.000799649
0.000834779
0.000867559
0.000898235
0.000927034
0.000954165
0.000979819
0.00100417
0.00102738
0.00104958
0.00107091
0.00109147
0.00111139
0.00113073
0.00114959
0.00116804
0.00118614
0.00120395
0.0012215
0.00123886
0.00125605
0.0012731
0.00129004
0.0013069
0.00132369
0.00134041
0.00135712
0.0013738
0.00139047
0.00140714
0.0014238
0.00144046
0.00145713
0.0014738
0.00149049
0.00150719
0.0015239
0.00154062
0.00155737
0.00157412
0.00159086
0.00160761
0.00162436
0.00164109
0.00165783
0.00167455
0.00169127
0.00170797
0.00172467
0.00174135
0.00175802
0.00177468
0.00179133
0.00180796
0.00182458
0.00184118
0.00185777
0.00187435
0.00189091
0.00190746
0.00192399
0.00194052
0.00195703
0.00197354
0.00199003
0.00200653
0.00202301
0.0020395
0.00205598
0.00207247
0.00208895
0.00210545
0.00212195
0.00213846
0.00215498
0.00217152
0.00218808
0.00220465
0.00222124
0.00223786
0.00225451
0.00227118
0.00228789
0.00230463
0.0023214
0.00233822
0.00235507
0.00237197
0.00238892
0.00240592
0.00242296
0.00244007
0.00245722
0.00247444
0.00249172
0.00250907
0.00252648
0.00254395
0.00256151
0.00257913
0.00259683
0.0026146
0.00263246
0.0026504
0.00266842
0.00268652
0.00270472
0.002723
0.00274137
0.00275983
0.00277839
0.00279704
0.00281579
0.00283463
0.00285357
0.00287261
0.00289176
0.002911
0.00293034
0.00294978
0.00296933
0.00298898
0.00300873
0.00302858
0.00304854
0.0030686
0.00308876
0.00310902
0.00312939
0.00314985
0.00317042
0.00319108
0.00321184
0.0032327
0.00325366
0.00327471
0.00329585
0.00331708
0.0033384
0.00335981
0.0033813
0.00340288
0.00342454
0.00344627
0.00346808
0.00348997
0.00351192
0.00353394
0.00355602
0.00357816
0.00360036
0.00362261
0.00364491
0.00366726
0.00368965
0.00371207
0.00373453
0.00375701
0.00377952
0.00380205
0.00382459
0.00384713
0.00386969
0.00389224
0.00391478
0.00393731
0.00395982
0.00398231
0.00400476
0.00402718
0.00404955
0.00407188
0.00409414
0.00411635
0.00413848
0.00416054
0.00418251
0.00420438
0.00422616
0.00424783
0.00426939
0.00429082
0.00431212
0.00433329
0.0043543
0.00437516
0.00439586
0.00441639
0.00443673
0.00445689
0.00447685
0.00449661
0.00451615
0.00453547
0.00455456
0.00457341
0.00459201
0.00461035
0.00462843
0.00464624
0.00466376
0.004681
0.00469794
0.00471457
0.0047309
0.0047469
0.00476257
0.00477791
0.0047929
0.00480755
0.00482184
0.00483577
0.00484933
0.00486252
0.00487533
0.00488775
0.00489979
0.00491143
0.00492268
0.00493352
0.00494396
0.00495399
0.00496362
0.00497283
0.00498163
0.00499002
0.004998
0.00500556
0.00501271
0.00501945
0.00502578
0.0050317
0.00503722
0.00504234
0.00504707
0.0050514
0.00505535
0.00505892
0.00506212
0.00506496
0.00506745
0.00506955
0.00507131
0.00507273
0.00507382
0.00507459
0.00507505
0.00507523
0.00507512
0.00507475
0.00507413
0.00507328
0.00507222
0.00507095
0.00506952
0.00506793
0.0050662
0.00506437
0.00506244
0.00506046
0.00505844
0.00505641
0.00505441
0.00505246
0.00505059
0.00504884
0.00504724
0.00504583
0.00504465
0.00504374
0.00504313
0.00504287
0.005043
0.00504357
0.00504463
0.00504621
0.00504837
0.00505117
0.00505464
0.00505883
0.00506381
0.00506961
0.00507628
0.00508386
0.0050924
0.00510195
0.00511252
0.00512416
0.00513688
0.00515071
0.00516565
0.0051817
0.00519885
0.00521709
0.00523636
0.00525663
0.00527784
0.00529989
0.0053227
0.00534617
0.00537017
0.00539457
0.00541924
0.00544401
0.00546874
0.00549326
0.00551742
0.00554106
0.00556402
0.00558617
0.00560737
0.00562749
0.00564641
0.00566403
0.00568026
0.00569499
0.00570818
0.00571978
0.00572976
0.0057381
0.00574483
0.00574996
0.00575352
0.00575557
0.00575616
0.00575535
0.00575322
0.00574983
0.00574527
0.00573961
0.00573293
0.00572531
0.00571683
0.00570756
0.00569757
0.00568693
0.0056757
0.00566392
0.00565163
0.00563886
0.0056256
0.00561182
0.00559745
0.00558237
0.00556647
0.00554974
6.9089e-06
4.38244e-05
0.0001101
0.000185035
0.000260311
0.000332942
0.000401744
0.000466277
0.000526465
0.000582382
0.000634269
0.000682442
0.000727128
0.000768616
0.000807191
0.000843126
0.000876679
0.000908092
0.00093759
0.000965382
0.000991657
0.00101659
0.00104034
0.00106304
0.00108483
0.00110583
0.00112613
0.00114583
0.00116501
0.00118375
0.0012021
0.00122013
0.00123788
0.0012554
0.00127273
0.0012899
0.00130694
0.00132387
0.00134071
0.00135747
0.00137418
0.00139085
0.00140749
0.00142411
0.00144071
0.0014573
0.00147388
0.00149045
0.00150702
0.00152359
0.00154015
0.00155673
0.00157331
0.00158988
0.00160646
0.00162302
0.00163956
0.00165607
0.00167257
0.00168905
0.0017055
0.00172194
0.00173835
0.00175474
0.00177111
0.00178745
0.00180377
0.00182007
0.00183634
0.00185259
0.00186881
0.00188502
0.00190119
0.00191735
0.00193348
0.00194959
0.00196569
0.00198176
0.00199783
0.00201387
0.00202991
0.00204593
0.00206195
0.00207797
0.00209398
0.00210999
0.002126
0.00214202
0.00215805
0.00217409
0.00219014
0.0022062
0.00222229
0.00223839
0.00225452
0.00227067
0.00228686
0.00230307
0.00231933
0.00233562
0.00235195
0.00236832
0.00238475
0.00240122
0.00241774
0.00243433
0.00245097
0.00246767
0.00248444
0.00250127
0.00251818
0.00253516
0.00255222
0.00256935
0.00258657
0.00260386
0.00262125
0.00263872
0.00265629
0.00267395
0.0026917
0.00270955
0.0027275
0.00274555
0.0027637
0.00278196
0.00280032
0.00281879
0.00283738
0.00285607
0.00287487
0.00289378
0.00291281
0.00293195
0.00295121
0.00297058
0.00299006
0.00300966
0.00302938
0.00304921
0.00306916
0.00308923
0.00310941
0.0031297
0.0031501
0.00317062
0.00319125
0.003212
0.00323285
0.0032538
0.00327487
0.00329604
0.00331731
0.00333868
0.00336015
0.00338172
0.00340338
0.00342513
0.00344697
0.0034689
0.00349091
0.003513
0.00353516
0.0035574
0.0035797
0.00360207
0.00362451
0.003647
0.00366954
0.00369213
0.00371477
0.00373744
0.00376015
0.00378289
0.00380566
0.00382844
0.00385124
0.00387405
0.00389686
0.00391967
0.00394247
0.00396525
0.00398801
0.00401075
0.00403345
0.0040561
0.00407872
0.00410127
0.00412376
0.00414619
0.00416853
0.0041908
0.00421296
0.00423503
0.00425699
0.00427884
0.00430056
0.00432214
0.00434358
0.00436488
0.00438601
0.00440698
0.00442777
0.00444837
0.00446879
0.00448899
0.00450899
0.00452876
0.00454831
0.00456761
0.00458667
0.00460547
0.004624
0.00464226
0.00466024
0.00467792
0.0046953
0.00471237
0.00472913
0.00474555
0.00476164
0.00477739
0.00479279
0.00480784
0.00482252
0.00483682
0.00485075
0.00486429
0.00487744
0.00489019
0.00490254
0.00491449
0.00492602
0.00493713
0.00494783
0.00495809
0.00496794
0.00497735
0.00498633
0.00499488
0.005003
0.00501068
0.00501792
0.00502474
0.00503112
0.00503708
0.0050426
0.00504771
0.00505239
0.00505666
0.00506051
0.00506396
0.00506703
0.00506971
0.005072
0.00507388
0.00507539
0.00507653
0.00507731
0.00507774
0.00507784
0.00507761
0.00507708
0.00507626
0.00507515
0.00507379
0.00507218
0.00507035
0.00506831
0.00506609
0.0050637
0.00506118
0.00505854
0.00505581
0.00505302
0.0050502
0.00504737
0.00504457
0.00504184
0.00503919
0.00503668
0.00503434
0.00503221
0.00503034
0.00502875
0.00502751
0.00502665
0.00502622
0.00502628
0.00502688
0.00502806
0.00502988
0.00503241
0.00503568
0.00503977
0.00504472
0.00505059
0.00505744
0.00506531
0.00507425
0.00508432
0.00509554
0.00510796
0.00512161
0.0051365
0.00515265
0.00517006
0.00518871
0.00520859
0.00522965
0.00525184
0.00527508
0.00529929
0.00532435
0.00535016
0.00537657
0.00540343
0.00543059
0.00545787
0.00548511
0.00551213
0.00553875
0.00556481
0.00559015
0.00561461
0.00563804
0.00566031
0.0056813
0.00570089
0.00571897
0.00573547
0.00575032
0.00576348
0.00577494
0.00578468
0.00579273
0.00579912
0.00580389
0.00580709
0.00580879
0.00580906
0.00580797
0.0058056
0.00580203
0.00579735
0.00579163
0.00578497
0.00577742
0.00576908
0.00576
0.00575026
0.0057399
0.00572897
0.00571748
0.00570546
0.00569288
0.00567967
0.00566576
0.00565103
0.00563553
6.98301e-06
4.33128e-05
0.000109157
0.000184009
0.000259462
0.000332458
0.000401762
0.000466898
0.000527758
0.000584401
0.000637027
0.000685955
0.000731397
0.000773632
0.000812935
0.000849575
0.000883805
0.000915864
0.000945975
0.000974343
0.00100116
0.00102659
0.0010508
0.00107394
0.00109612
0.00111746
0.00113808
0.00115806
0.00117749
0.00119645
0.00121499
0.00123317
0.00125104
0.00126865
0.00128605
0.00130326
0.00132031
0.00133723
0.00135404
0.00137077
0.00138742
0.00140402
0.00142056
0.00143706
0.00145352
0.00146995
0.00148635
0.00150272
0.00151908
0.00153541
0.00155173
0.00156804
0.00158434
0.00160063
0.00161693
0.0016332
0.00164943
0.00166562
0.00168178
0.0016979
0.00171399
0.00173004
0.00174606
0.00176204
0.00177799
0.00179391
0.00180979
0.00182564
0.00184145
0.00185723
0.00187297
0.00188868
0.00190436
0.00192
0.00193562
0.0019512
0.00196675
0.00198228
0.00199779
0.00201327
0.00202874
0.00204419
0.00205963
0.00207506
0.00209048
0.00210589
0.00212131
0.00213672
0.00215214
0.00216757
0.00218301
0.00219846
0.00221392
0.00222941
0.00224492
0.00226046
0.00227602
0.00229162
0.00230725
0.00232293
0.00233864
0.00235441
0.00237022
0.00238609
0.00240201
0.00241799
0.00243404
0.00245016
0.00246634
0.0024826
0.00249894
0.00251536
0.00253186
0.00254845
0.00256513
0.0025819
0.00259876
0.00261573
0.00263279
0.00264996
0.00266724
0.00268462
0.00270212
0.00271972
0.00273745
0.00275529
0.00277325
0.00279133
0.00280953
0.00282786
0.00284631
0.00286489
0.00288359
0.00290242
0.00292139
0.00294048
0.0029597
0.00297905
0.00299853
0.00301815
0.00303789
0.00305776
0.00307777
0.0030979
0.00311816
0.00313855
0.00315906
0.0031797
0.00320046
0.00322135
0.00324235
0.00326348
0.00328472
0.00330608
0.00332755
0.00334912
0.00337081
0.0033926
0.00341449
0.00343649
0.00345857
0.00348075
0.00350302
0.00352537
0.00354781
0.00357032
0.00359291
0.00361556
0.00363829
0.00366107
0.0036839
0.00370679
0.00372972
0.0037527
0.00377571
0.00379875
0.00382181
0.0038449
0.00386799
0.0038911
0.0039142
0.0039373
0.00396039
0.00398346
0.0040065
0.00402951
0.00405249
0.00407541
0.00409828
0.00412109
0.00414383
0.00416649
0.00418907
0.00421155
0.00423393
0.00425621
0.00427836
0.00430038
0.00432227
0.00434402
0.0043656
0.00438703
0.00440828
0.00442936
0.00445024
0.00447092
0.00449139
0.00451164
0.00453166
0.00455144
0.00457098
0.00459026
0.00460927
0.004628
0.00464645
0.0046646
0.00468245
0.00469999
0.0047172
0.00473408
0.00475063
0.00476682
0.00478265
0.00479812
0.00481322
0.00482793
0.00484226
0.00485619
0.00486971
0.00488283
0.00489553
0.00490781
0.00491967
0.00493109
0.00494207
0.00495262
0.00496272
0.00497237
0.00498157
0.00499032
0.00499862
0.00500646
0.00501385
0.00502078
0.00502726
0.00503328
0.00503886
0.00504399
0.00504867
0.00505292
0.00505671
0.0050601
0.00506308
0.00506565
0.00506777
0.00506948
0.00507077
0.00507167
0.00507218
0.00507232
0.00507209
0.00507151
0.00507059
0.00506935
0.0050678
0.00506596
0.00506384
0.00506147
0.00505886
0.00505604
0.00505302
0.00504984
0.00504651
0.00504306
0.00503952
0.00503592
0.00503228
0.00502865
0.00502505
0.00502152
0.00501809
0.00501481
0.00501173
0.00500887
0.00500629
0.00500403
0.00500214
0.00500068
0.00499969
0.00499924
0.00499938
0.00500016
0.00500165
0.00500391
0.00500701
0.005011
0.00501595
0.00502192
0.00502897
0.00503717
0.00504656
0.00505719
0.00506913
0.00508241
0.00509706
0.00511311
0.00513057
0.00514944
0.00516972
0.00519137
0.00521436
0.00523861
0.00526404
0.00529055
0.00531803
0.00534632
0.00537528
0.00540475
0.00543454
0.00546447
0.00549434
0.00552396
0.00555315
0.00558173
0.00560952
0.00563636
0.00566209
0.00568658
0.00570968
0.00573127
0.00575124
0.00576952
0.00578605
0.00580079
0.00581374
0.0058249
0.00583429
0.00584195
0.00584794
0.00585231
0.00585514
0.0058565
0.00585648
0.00585515
0.00585261
0.00584893
0.0058442
0.0058385
0.00583192
0.00582451
0.00581636
0.00580752
0.00579802
0.00578792
0.00577722
0.0057659
0.00575392
0.00574122
0.00572772
0.00571348
7.04675e-06
4.2766e-05
0.000108085
0.000182718
0.000258194
0.000331395
0.000401042
0.000466624
0.000528005
0.00058523
0.000638459
0.000688013
0.000734087
0.000776949
0.000816868
0.000854105
0.000888907
0.000921511
0.000952137
0.000980986
0.00100825
0.00103409
0.00105868
0.00108215
0.00110464
0.00112626
0.00114712
0.00116729
0.00118688
0.00120596
0.00122461
0.00124287
0.0012608
0.00127845
0.00129585
0.00131304
0.00133004
0.00134688
0.00136359
0.00138018
0.00139667
0.00141307
0.00142941
0.00144568
0.00146189
0.00147805
0.00149416
0.00151024
0.00152627
0.00154227
0.00155823
0.00157417
0.0015901
0.001606
0.0016219
0.00163776
0.00165356
0.00166931
0.001685
0.00170065
0.00171624
0.0017318
0.0017473
0.00176276
0.00177817
0.00179353
0.00180885
0.00182413
0.00183936
0.00185454
0.00186968
0.00188477
0.00189982
0.00191483
0.00192979
0.00194472
0.00195961
0.00197446
0.00198929
0.00200409
0.00201886
0.00203361
0.00204834
0.00206306
0.00207777
0.00209248
0.00210717
0.00212187
0.00213657
0.00215128
0.00216599
0.00218072
0.00219547
0.00221024
0.00222503
0.00223985
0.0022547
0.00226958
0.00228451
0.00229948
0.0023145
0.00232957
0.00234469
0.00235988
0.00237513
0.00239045
0.00240584
0.0024213
0.00243685
0.00245247
0.00246819
0.002484
0.0024999
0.0025159
0.002532
0.0025482
0.00256452
0.00258094
0.00259748
0.00261414
0.00263092
0.00264782
0.00266485
0.002682
0.00269929
0.0027167
0.00273426
0.00275194
0.00276977
0.00278774
0.00280585
0.0028241
0.00284249
0.00286103
0.00287971
0.00289854
0.00291752
0.00293664
0.00295591
0.00297533
0.00299489
0.0030146
0.00303445
0.00305445
0.00307459
0.00309488
0.00311531
0.00313588
0.00315658
0.00317743
0.00319841
0.00321952
0.00324076
0.00326214
0.00328364
0.00330526
0.003327
0.00334887
0.00337084
0.00339293
0.00341513
0.00343743
0.00345983
0.00348233
0.00350493
0.00352761
0.00355038
0.00357323
0.00359616
0.00361915
0.00364222
0.00366534
0.00368852
0.00371176
0.00373504
0.00375835
0.00378171
0.00380509
0.0038285
0.00385192
0.00387535
0.00389878
0.00392222
0.00394564
0.00396904
0.00399243
0.00401578
0.00403909
0.00406235
0.00408556
0.00410871
0.00413179
0.00415479
0.00417771
0.00420053
0.00422324
0.00424584
0.00426832
0.00429067
0.00431288
0.00433495
0.00435685
0.00437858
0.00440014
0.00442151
0.00444268
0.00446364
0.00448439
0.00450491
0.00452519
0.00454522
0.004565
0.00458451
0.00460375
0.00462269
0.00464134
0.00465968
0.00467771
0.00469541
0.00471277
0.00472979
0.00474645
0.00476275
0.00477868
0.00479423
0.00480938
0.00482414
0.00483849
0.00485243
0.00486595
0.00487904
0.00489169
0.0049039
0.00491567
0.00492699
0.00493785
0.00494824
0.00495818
0.00496764
0.00497664
0.00498516
0.0049932
0.00500077
0.00500787
0.00501448
0.00502063
0.0050263
0.0050315
0.00503623
0.00504048
0.0050443
0.00504767
0.00505062
0.0050531
0.00505511
0.00505668
0.00505782
0.00505853
0.00505882
0.00505871
0.0050582
0.00505731
0.00505605
0.00505444
0.00505249
0.00505021
0.00504763
0.00504476
0.00504163
0.00503824
0.00503464
0.00503083
0.00502684
0.00502271
0.00501845
0.0050141
0.00500969
0.00500524
0.0050008
0.00499639
0.00499207
0.00498786
0.00498382
0.00497998
0.0049764
0.00497312
0.00497019
0.00496767
0.0049656
0.00496406
0.0049631
0.00496278
0.00496318
0.00496435
0.00496637
0.0049693
0.00497322
0.00497819
0.00498429
0.00499159
0.00500015
0.00501003
0.0050213
0.00503402
0.00504823
0.00506397
0.00508127
0.00510014
0.0051206
0.00514263
0.00516619
0.00519124
0.0052177
0.00524548
0.00527444
0.00530447
0.0053354
0.00536706
0.00539927
0.00543181
0.00546449
0.0054971
0.00552943
0.00556128
0.00559245
0.00562276
0.00565205
0.00568015
0.00570689
0.00573212
0.00575572
0.00577759
0.00579766
0.00581587
0.00583219
0.00584663
0.0058592
0.00586994
0.00587889
0.0058861
0.00589166
0.00589563
0.00589811
0.00589916
0.00589889
0.00589738
0.00589472
0.005891
0.00588629
0.00588067
0.00587421
0.00586698
0.00585903
0.00585039
0.00584108
0.0058311
0.00582043
0.005809
0.00579677
0.00578382
7.10029e-06
4.21872e-05
0.00010689
0.000181178
0.00025653
0.000329776
0.000399605
0.000465476
0.000527226
0.000584882
0.000638577
0.000688615
0.00073519
0.000778554
0.000818966
0.00085668
0.000891939
0.000924973
0.000956005
0.000985235
0.00101284
0.001039
0.00106385
0.00108756
0.00111025
0.00113204
0.00115304
0.00117335
0.00119305
0.0012122
0.00123089
0.00124915
0.00126704
0.0012846
0.00130189
0.00131893
0.00133576
0.0013524
0.00136889
0.00138523
0.00140145
0.00141756
0.00143358
0.00144951
0.00146536
0.00148115
0.00149686
0.00151251
0.00152811
0.00154366
0.00155917
0.00157467
0.00159012
0.00160554
0.00162089
0.00163619
0.00165141
0.00166658
0.00168167
0.00169671
0.00171169
0.0017266
0.00174146
0.00175625
0.00177099
0.00178567
0.0018003
0.00181486
0.00182937
0.00184383
0.00185823
0.00187258
0.00188687
0.0019011
0.00191527
0.0019294
0.00194349
0.00195754
0.00197155
0.00198552
0.00199947
0.0020134
0.0020273
0.00204119
0.00205506
0.00206893
0.0020828
0.00209666
0.00211053
0.00212441
0.0021383
0.0021522
0.00216613
0.00218008
0.00219405
0.00220806
0.00222211
0.00223621
0.00225034
0.00226453
0.00227878
0.00229309
0.00230746
0.0023219
0.00233642
0.00235101
0.00236569
0.00238046
0.00239532
0.00241028
0.00242534
0.0024405
0.00245578
0.00247117
0.00248667
0.0025023
0.00251805
0.00253392
0.00254993
0.00256608
0.00258236
0.00259878
0.00261535
0.00263206
0.00264892
0.00266593
0.0026831
0.00270041
0.00271789
0.00273552
0.00275332
0.00277127
0.00278939
0.00280766
0.0028261
0.00284471
0.00286348
0.00288241
0.00290151
0.00292077
0.0029402
0.00295978
0.00297953
0.00299944
0.00301951
0.00303974
0.00306013
0.00308067
0.00310137
0.00312222
0.00314322
0.00316436
0.00318565
0.00320708
0.00322866
0.00325037
0.00327221
0.00329419
0.00331629
0.00333851
0.00336086
0.00338332
0.0034059
0.00342858
0.00345137
0.00347426
0.00349724
0.00352032
0.00354348
0.00356672
0.00359004
0.00361343
0.00363689
0.00366041
0.00368398
0.0037076
0.00373127
0.00375497
0.00377871
0.00380247
0.00382625
0.00385004
0.00387383
0.00389763
0.00392141
0.00394518
0.00396892
0.00399264
0.00401631
0.00403994
0.00406352
0.00408703
0.00411046
0.00413382
0.00415709
0.00418027
0.00420333
0.00422628
0.00424911
0.0042718
0.00429434
0.00431673
0.00433896
0.00436102
0.00438289
0.00440457
0.00442604
0.0044473
0.00446833
0.00448913
0.00450968
0.00452998
0.00455001
0.00456976
0.00458923
0.00460839
0.00462725
0.00464579
0.004664
0.00468187
0.00469939
0.00471655
0.00473334
0.00474976
0.00476578
0.00478141
0.00479663
0.00481144
0.00482582
0.00483977
0.00485328
0.00486635
0.00487896
0.00489111
0.0049028
0.00491401
0.00492475
0.004935
0.00494477
0.00495405
0.00496284
0.00497114
0.00497893
0.00498624
0.00499304
0.00499935
0.00500516
0.00501048
0.0050153
0.00501964
0.00502351
0.00502693
0.00502989
0.00503233
0.00503429
0.00503577
0.0050368
0.00503737
0.0050375
0.00503719
0.00503646
0.00503531
0.00503377
0.00503184
0.00502954
0.00502688
0.00502389
0.00502057
0.00501696
0.00501307
0.00500892
0.00500453
0.00499994
0.00499517
0.00499024
0.00498518
0.00498002
0.0049748
0.00496955
0.00496431
0.00495911
0.004954
0.00494903
0.00494423
0.00493966
0.00493536
0.00493139
0.00492779
0.00492464
0.00492199
0.0049199
0.00491845
0.0049177
0.00491772
0.00491859
0.00492039
0.00492318
0.00492705
0.00493208
0.00493835
0.00494593
0.00495489
0.00496533
0.0049773
0.00499088
0.0050061
0.00502301
0.00504157
0.00506188
0.00508396
0.00510779
0.00513333
0.00516053
0.0051893
0.00521954
0.0052511
0.00528383
0.00531756
0.0053521
0.00538721
0.00542269
0.0054583
0.00549382
0.00552903
0.0055637
0.00559752
0.00563042
0.00566222
0.0056927
0.00572171
0.00574908
0.00577469
0.00579847
0.00582031
0.00584018
0.00585808
0.00587401
0.00588799
0.00590006
0.00591029
0.00591874
0.00592549
0.00593061
0.0059342
0.00593635
0.00593715
0.00593668
0.00593505
0.00593234
0.00592862
0.00592396
0.00591845
0.00591213
0.00590504
0.00589722
0.00588867
0.00587936
0.00586927
0.00585837
0.00584675
7.14339e-06
4.15771e-05
0.000105589
0.000179394
0.000254464
0.000327602
0.00039746
0.000463466
0.000525432
0.000583367
0.000637385
0.000687761
0.000734694
0.000778416
0.000819189
0.000857254
0.000892845
0.000926181
0.000957486
0.00098696
0.00101479
0.00104114
0.00106619
0.00109005
0.00111287
0.00113475
0.00115579
0.0011761
0.00119575
0.00121484
0.00123342
0.00125155
0.00126928
0.00128666
0.00130373
0.00132052
0.00133708
0.00135342
0.00136958
0.00138557
0.00140141
0.00141711
0.0014327
0.00144817
0.00146356
0.00147886
0.00149407
0.00150922
0.00152431
0.00153933
0.00155429
0.00156918
0.00158399
0.00159874
0.0016134
0.00162798
0.00164248
0.00165691
0.00167126
0.00168553
0.00169973
0.00171385
0.0017279
0.00174188
0.00175578
0.00176962
0.00178338
0.00179708
0.00181071
0.00182427
0.00183777
0.0018512
0.00186457
0.00187788
0.00189113
0.00190433
0.0019175
0.0019306
0.00194366
0.00195667
0.00196966
0.00198262
0.00199556
0.00200849
0.00202142
0.00203433
0.00204725
0.00206017
0.0020731
0.00208605
0.00209901
0.00211199
0.002125
0.00213805
0.00215113
0.00216425
0.00217743
0.00219065
0.00220394
0.00221729
0.0022307
0.0022442
0.00225777
0.00227142
0.00228517
0.00229901
0.00231296
0.002327
0.00234116
0.00235543
0.00236982
0.00238434
0.00239899
0.00241376
0.00242868
0.00244373
0.00245893
0.00247428
0.00248978
0.00250544
0.00252125
0.00253723
0.00255337
0.00256967
0.00258615
0.0026028
0.00261962
0.00263662
0.00265379
0.00267114
0.00268867
0.00270638
0.00272427
0.00274235
0.00276061
0.00277904
0.00279767
0.00281647
0.00283546
0.00285462
0.00287397
0.0028935
0.0029132
0.00293309
0.00295315
0.00297338
0.00299378
0.00301436
0.0030351
0.00305601
0.00307708
0.00309832
0.00311971
0.00314125
0.00316295
0.0031848
0.00320679
0.00322893
0.0032512
0.00327361
0.00329615
0.00331881
0.0033416
0.00336451
0.00338753
0.00341066
0.0034339
0.00345723
0.00348066
0.00350418
0.00352779
0.00355147
0.00357523
0.00359906
0.00362295
0.0036469
0.0036709
0.00369495
0.00371903
0.00374315
0.00376729
0.00379145
0.00381563
0.00383981
0.00386399
0.00388816
0.00391231
0.00393644
0.00396053
0.00398459
0.0040086
0.00403255
0.00405644
0.00408025
0.00410398
0.00412762
0.00415116
0.00417459
0.00419789
0.00422107
0.00424411
0.004267
0.00428974
0.0043123
0.00433468
0.00435688
0.00437887
0.00440065
0.00442221
0.00444354
0.00446462
0.00448545
0.00450602
0.00452631
0.00454631
0.00456601
0.0045854
0.00460447
0.00462321
0.00464161
0.00465966
0.00467734
0.00469465
0.00471157
0.0047281
0.00474423
0.00475994
0.00477524
0.00479009
0.00480451
0.00481848
0.00483199
0.00484503
0.00485761
0.0048697
0.00488131
0.00489242
0.00490304
0.00491316
0.00492276
0.00493186
0.00494045
0.00494852
0.00495608
0.00496312
0.00496964
0.00497564
0.00498112
0.00498609
0.00499058
0.00499456
0.00499809
0.00500107
0.00500354
0.0050055
0.00500696
0.00500793
0.00500842
0.00500844
0.00500799
0.00500709
0.00500575
0.00500398
0.00500179
0.0049992
0.00499622
0.00499287
0.00498917
0.00498514
0.00498079
0.00497616
0.00497126
0.00496611
0.00496075
0.0049552
0.00494949
0.00494365
0.0049377
0.00493169
0.00492565
0.00491963
0.00491366
0.00490779
0.00490206
0.00489653
0.00489124
0.00488624
0.00488159
0.00487735
0.00487359
0.00487037
0.00486776
0.00486584
0.00486468
0.00486435
0.00486495
0.00486654
0.00486922
0.00487309
0.00487821
0.00488468
0.00489259
0.00490198
0.00491292
0.00492555
0.00493994
0.00495614
0.00497423
0.00499429
0.0050163
0.00504025
0.00506612
0.00509387
0.00512342
0.0051547
0.00518756
0.00522187
0.00525745
0.00529408
0.00533156
0.00536964
0.00540806
0.00544657
0.00548497
0.00552305
0.00556049
0.00559715
0.00563284
0.00566729
0.00570019
0.00573144
0.00576094
0.00578857
0.00581421
0.00583779
0.00585932
0.00587877
0.00589617
0.00591155
0.00592496
0.00593646
0.00594614
0.00595407
0.00596034
0.00596505
0.0059683
0.00597017
0.00597076
0.00597016
0.00596845
0.00596572
0.00596202
0.00595744
0.005952
0.00594575
0.0059387
0.00593085
0.00592217
0.00591265
0.00590241
7.17822e-06
4.09761e-05
0.000104255
0.000177512
0.000252208
0.000325108
0.000394842
0.000460819
0.000522833
0.000580879
0.000635059
0.000685619
0.000732755
0.000776679
0.000817647
0.000855899
0.000891673
0.000925195
0.000956678
0.000986307
0.00101426
0.0010407
0.00106579
0.00108966
0.00111244
0.00113425
0.00115519
0.00117537
0.00119486
0.00121374
0.00123207
0.00124992
0.00126734
0.00128436
0.00130106
0.00131744
0.00133356
0.00134944
0.0013651
0.00138057
0.00139588
0.00141103
0.00142604
0.00144095
0.00145575
0.00147044
0.00148503
0.0014995
0.00151388
0.00152816
0.00154235
0.00155643
0.00157041
0.00158431
0.00159811
0.00161183
0.00162545
0.00163898
0.00165243
0.00166578
0.00167904
0.00169222
0.00170532
0.00171832
0.00173125
0.00174409
0.00175686
0.00176955
0.00178216
0.0017947
0.00180717
0.00181957
0.0018319
0.00184417
0.00185636
0.00186849
0.00188056
0.00189257
0.00190453
0.00191645
0.00192834
0.00194021
0.00195207
0.00196392
0.00197577
0.00198763
0.0019995
0.00201137
0.00202327
0.00203519
0.00204714
0.00205912
0.00207115
0.00208322
0.00209534
0.00210752
0.00211976
0.00213208
0.00214447
0.00215694
0.0021695
0.00218215
0.0021949
0.00220776
0.00222072
0.00223381
0.00224701
0.00226035
0.00227381
0.00228742
0.00230117
0.00231506
0.00232911
0.00234331
0.00235767
0.0023722
0.0023869
0.00240177
0.00241682
0.00243204
0.00244745
0.00246304
0.00247882
0.00249479
0.00251095
0.00252731
0.00254386
0.00256061
0.00257755
0.0025947
0.00261205
0.00262959
0.00264734
0.00266529
0.00268345
0.0027018
0.00272035
0.00273911
0.00275806
0.00277721
0.00279656
0.0028161
0.00283584
0.00285577
0.00287589
0.0028962
0.00291669
0.00293737
0.00295823
0.00297927
0.00300048
0.00302186
0.00304341
0.00306513
0.00308701
0.00310905
0.00313125
0.0031536
0.00317609
0.00319873
0.00322151
0.00324442
0.00326746
0.00329063
0.00331392
0.00333733
0.00336085
0.00338448
0.00340821
0.00343204
0.00345595
0.00347996
0.00350405
0.00352821
0.00355244
0.00357673
0.00360109
0.00362549
0.00364994
0.00367443
0.00369895
0.00372349
0.00374806
0.00377263
0.00379721
0.00382179
0.00384636
0.00387091
0.00389543
0.00391992
0.00394437
0.00396876
0.0039931
0.00401737
0.00404156
0.00406567
0.00408968
0.00411359
0.00413739
0.00416106
0.00418459
0.00420799
0.00423123
0.0042543
0.0042772
0.00429992
0.00432243
0.00434475
0.00436684
0.0043887
0.00441032
0.00443169
0.0044528
0.00447363
0.00449418
0.00451443
0.00453437
0.00455399
0.00457327
0.00459222
0.0046108
0.00462903
0.00464687
0.00466433
0.00468139
0.00469804
0.00471427
0.00473007
0.00474543
0.00476034
0.0047748
0.00478878
0.00480229
0.00481532
0.00482786
0.00483989
0.00485142
0.00486244
0.00487294
0.00488292
0.00489238
0.0049013
0.00490969
0.00491755
0.00492486
0.00493164
0.00493788
0.00494358
0.00494877
0.00495343
0.0049576
0.00496126
0.00496434
0.00496689
0.0049689
0.0049704
0.00497137
0.00497184
0.0049718
0.00497128
0.00497027
0.00496879
0.00496685
0.00496447
0.00496165
0.00495841
0.00495477
0.00495075
0.00494636
0.00494163
0.00493658
0.00493122
0.00492559
0.00491971
0.0049136
0.0049073
0.00490082
0.00489422
0.00488751
0.00488073
0.00487393
0.00486715
0.00486043
0.00485382
0.00484738
0.00484113
0.00483515
0.00482947
0.00482418
0.00481932
0.00481498
0.00481122
0.00480812
0.00480576
0.00480421
0.00480357
0.00480392
0.00480535
0.00480789
0.00481167
0.00481682
0.00482342
0.00483161
0.00484154
0.00485325
0.00486679
0.00488226
0.00489969
0.00491919
0.00494079
0.00496452
0.00499037
0.00501833
0.00504835
0.00508036
0.00511425
0.00514987
0.00518706
0.00522562
0.0052653
0.00530585
0.005347
0.00538847
0.00543002
0.00547148
0.00551235
0.00555261
0.00559206
0.00563035
0.00566731
0.00570267
0.00573633
0.00576807
0.00579764
0.00582509
0.00585041
0.00587355
0.00589453
0.00591337
0.00593013
0.00594486
0.00595762
0.00596851
0.00597762
0.00598504
0.00599088
0.00599522
0.00599816
0.00599981
0.00600023
0.00599953
0.00599777
0.00599501
0.00599132
0.00598674
0.00598128
0.00597496
0.00596776
0.00595969
0.00595089
7.20302e-06
4.0329e-05
0.000102769
0.000175333
0.000249493
0.000321996
0.00039145
0.000457242
0.000519142
0.000577127
0.000631279
0.000681831
0.000728986
0.000772963
0.000814002
0.000852322
0.000888147
0.000921689
0.000953154
0.000982733
0.00101061
0.00103694
0.00106189
0.00108558
0.00110816
0.00112973
0.0011504
0.00117026
0.00118941
0.00120791
0.00122583
0.00124324
0.00126019
0.00127672
0.00129289
0.00130873
0.00132428
0.00133956
0.00135464
0.00136951
0.00138418
0.00139868
0.00141301
0.00142718
0.0014412
0.00145508
0.00146881
0.00148242
0.00149588
0.00150923
0.00152246
0.00153557
0.00154858
0.00156147
0.00157426
0.00158694
0.00159951
0.00161197
0.00162433
0.00163659
0.00164874
0.0016608
0.00167275
0.00168461
0.00169638
0.00170805
0.00171964
0.00173115
0.00174257
0.00175391
0.00176517
0.00177636
0.00178748
0.00179854
0.00180953
0.00182046
0.00183134
0.00184217
0.00185295
0.00186365
0.00187431
0.00188497
0.00189563
0.00190631
0.00191699
0.0019277
0.00193842
0.00194918
0.00195997
0.0019708
0.00198168
0.00199261
0.0020036
0.00201466
0.00202579
0.002037
0.00204829
0.00205968
0.00207117
0.00208276
0.00209447
0.00210629
0.00211824
0.00213033
0.00214255
0.00215491
0.00216742
0.00218009
0.00219292
0.00220592
0.00221908
0.00223242
0.00224594
0.00225965
0.00227354
0.00228762
0.0023019
0.00231638
0.00233107
0.00234596
0.00236105
0.00237636
0.00239188
0.00240761
0.00242356
0.00243973
0.00245611
0.00247272
0.00248954
0.00250659
0.00252385
0.00254134
0.00255905
0.00257698
0.00259512
0.00261349
0.00263208
0.00265088
0.00266989
0.00268912
0.00270856
0.00272821
0.00274806
0.00276813
0.00278839
0.00280885
0.00282951
0.00285037
0.00287141
0.00289265
0.00291407
0.00293566
0.00295744
0.00297939
0.00300151
0.0030238
0.00304625
0.00306886
0.00309162
0.00311454
0.00313759
0.00316079
0.00318413
0.0032076
0.00323119
0.00325491
0.00327874
0.00330269
0.00332675
0.0033509
0.00337515
0.0033995
0.00342393
0.00344844
0.00347302
0.00349767
0.00352239
0.00354716
0.00357198
0.00359684
0.00362174
0.00364668
0.00367163
0.0036966
0.00372159
0.00374657
0.00377155
0.00379652
0.00382146
0.00384638
0.00387126
0.0038961
0.00392088
0.0039456
0.00397025
0.00399482
0.0040193
0.00404369
0.00406796
0.00409212
0.00411614
0.00414003
0.00416378
0.00418736
0.00421077
0.004234
0.00425704
0.00427988
0.0043025
0.0043249
0.00434706
0.00436897
0.00439063
0.00441201
0.0044331
0.0044539
0.00447439
0.00449457
0.00451441
0.0045339
0.00455305
0.00457182
0.00459022
0.00460822
0.00462583
0.00464302
0.00465978
0.00467612
0.004692
0.00470743
0.0047224
0.00473688
0.00475089
0.0047644
0.00477741
0.0047899
0.00480188
0.00481334
0.00482426
0.00483465
0.0048445
0.00485379
0.00486255
0.00487075
0.00487838
0.00488546
0.00489199
0.00489798
0.00490342
0.00490831
0.00491274
0.00491655
0.00491979
0.00492247
0.0049246
0.00492618
0.00492722
0.00492772
0.00492769
0.00492715
0.0049261
0.00492455
0.00492251
0.00491999
0.00491701
0.00491358
0.00490972
0.00490545
0.00490077
0.00489572
0.00489031
0.00488457
0.00487852
0.00487219
0.0048656
0.00485877
0.00485174
0.00484454
0.0048372
0.00482975
0.00482224
0.00481472
0.00480722
0.00479979
0.00479248
0.00478535
0.00477842
0.00477177
0.00476546
0.00475955
0.00475411
0.00474923
0.00474496
0.00474133
0.00473847
0.00473649
0.00473547
0.00473552
0.0047368
0.00473938
0.00474333
0.00474876
0.0047558
0.00476451
0.00477502
0.00478744
0.00480187
0.00481838
0.00483708
0.00485802
0.00488126
0.00490683
0.00493472
0.00496492
0.00499737
0.00503199
0.00506865
0.00510719
0.00514741
0.00518907
0.00523191
0.00527561
0.00531988
0.0053644
0.00540893
0.00545319
0.00549711
0.00554043
0.00558267
0.00562363
0.00566297
0.0057007
0.00573661
0.00577037
0.00580196
0.00583136
0.00585836
0.00588308
0.00590555
0.00592582
0.00594392
0.00595994
0.00597395
0.00598604
0.00599632
0.00600488
0.00601183
0.00601727
0.00602128
0.00602396
0.00602541
0.00602569
0.00602488
0.00602304
0.00602022
0.00601645
0.00601174
0.0060061
0.00599956
0.00599226
7.21834e-06
3.95979e-05
0.000101072
0.000172767
0.000246187
0.000318063
0.00038699
0.000452347
0.000513899
0.000571618
0.000625582
0.000675982
0.000723004
0.000766846
0.000807729
0.00084588
0.00088152
0.000914858
0.000946096
0.000975423
0.00100302
0.00102904
0.00105363
0.00107695
0.00109912
0.00112024
0.00114042
0.00115976
0.00117835
0.00119626
0.00121357
0.00123033
0.00124661
0.00126247
0.00127795
0.00129307
0.00130787
0.00132237
0.0013366
0.00135058
0.00136432
0.00137785
0.00139118
0.00140431
0.00141726
0.00143004
0.00144265
0.0014551
0.0014674
0.00147956
0.00149158
0.00150346
0.00151521
0.00152683
0.00153832
0.00154969
0.00156093
0.00157205
0.00158304
0.00159393
0.0016047
0.00161535
0.0016259
0.00163634
0.00164669
0.00165693
0.00166708
0.00167714
0.00168712
0.00169702
0.00170684
0.00171659
0.00172627
0.0017359
0.00174546
0.00175499
0.00176447
0.00177389
0.00178326
0.00179256
0.00180185
0.00181115
0.00182046
0.0018298
0.00183919
0.00184863
0.00185811
0.00186764
0.00187724
0.0018869
0.00189663
0.00190645
0.00191636
0.00192636
0.00193646
0.00194668
0.00195702
0.00196748
0.00197807
0.00198881
0.00199969
0.00201072
0.00202192
0.00203328
0.00204481
0.00205652
0.00206842
0.00208051
0.00209279
0.00210527
0.00211795
0.00213085
0.00214395
0.00215728
0.00217082
0.00218459
0.00219858
0.0022128
0.00222726
0.00224195
0.00225687
0.00227203
0.00228743
0.00230307
0.00231895
0.00233508
0.00235144
0.00236805
0.00238489
0.00240198
0.00241931
0.00243688
0.00245468
0.00247272
0.002491
0.00250952
0.00252826
0.00254724
0.00256644
0.00258587
0.00260552
0.00262539
0.00264549
0.00266579
0.00268631
0.00270703
0.00272796
0.0027491
0.00277043
0.00279195
0.00281367
0.00283557
0.00285766
0.00287992
0.00290236
0.00292497
0.00294775
0.00297069
0.00299379
0.00301704
0.00304045
0.00306399
0.00308768
0.0031115
0.00313545
0.00315952
0.00318372
0.00320803
0.00323245
0.00325697
0.0032816
0.00330632
0.00333112
0.00335601
0.00338098
0.00340602
0.00343113
0.00345629
0.00348151
0.00350677
0.00353208
0.00355742
0.00358279
0.00360818
0.00363358
0.003659
0.00368441
0.00370981
0.0037352
0.00376056
0.00378589
0.00381118
0.00383643
0.00386162
0.00388674
0.00391179
0.00393676
0.00396163
0.0039864
0.00401106
0.0040356
0.00406
0.00408426
0.00410837
0.00413232
0.00415609
0.00417967
0.00420306
0.00422624
0.0042492
0.00427193
0.00429441
0.00431663
0.00433859
0.00436027
0.00438165
0.00440273
0.00442349
0.00444393
0.00446402
0.00448375
0.00450312
0.0045221
0.0045407
0.00455889
0.00457667
0.00459402
0.00461093
0.0046274
0.00464339
0.00465892
0.00467397
0.00468852
0.00470257
0.00471611
0.00472912
0.00474161
0.00475356
0.00476497
0.00477583
0.00478613
0.00479587
0.00480505
0.00481366
0.00482167
0.00482914
0.00483604
0.00484237
0.00484812
0.00485337
0.00485805
0.00486211
0.00486558
0.00486847
0.00487078
0.00487252
0.0048737
0.00487431
0.00487437
0.00487388
0.00487286
0.00487131
0.00486925
0.00486668
0.00486362
0.00486007
0.00485607
0.00485161
0.00484673
0.00484144
0.00483575
0.00482971
0.00482332
0.00481661
0.00480962
0.00480235
0.00479484
0.00478712
0.00477922
0.00477118
0.00476304
0.00475484
0.00474662
0.00473844
0.00473034
0.00472231
0.00471444
0.0047068
0.00469945
0.00469245
0.00468589
0.00467984
0.00467445
0.00466975
0.00466579
0.00466268
0.0046605
0.00465937
0.00465941
0.00466064
0.00466322
0.00466727
0.00467292
0.00468028
0.00468947
0.00470063
0.00471385
0.00472926
0.00474695
0.00476702
0.00478953
0.00481455
0.0048421
0.00487221
0.00490483
0.00493991
0.00497735
0.00501699
0.00505864
0.00510208
0.00514702
0.00519315
0.00524008
0.00528747
0.00533503
0.0053826
0.00543016
0.0054774
0.00552356
0.0055684
0.00561192
0.005654
0.00569433
0.00573227
0.00576798
0.00580152
0.00583268
0.00586147
0.0058879
0.00591189
0.00593357
0.00595301
0.00597032
0.00598558
0.00599888
0.00601033
0.00602004
0.00602811
0.00603463
0.0060397
0.00604342
0.00604586
0.0060471
0.00604722
0.00604625
0.00604425
0.00604124
0.00603724
0.00603228
0.00602653
7.22258e-06
3.88246e-05
9.9181e-05
0.000169782
0.000242215
0.000313236
0.000381437
0.000446173
0.00050718
0.000564405
0.000617895
0.000667831
0.000714397
0.000757785
0.000798213
0.000835897
0.000871052
0.000903885
0.000934593
0.000963363
0.000990368
0.00101577
0.00103971
0.00106234
0.00108379
0.00110417
0.00112359
0.00114216
0.00115996
0.00117707
0.00119353
0.00120942
0.00122478
0.00123965
0.00125408
0.00126812
0.00128179
0.00129513
0.00130815
0.00132087
0.00133333
0.00134553
0.00135749
0.00136924
0.00138078
0.00139212
0.00140328
0.00141426
0.00142507
0.00143571
0.00144619
0.00145651
0.00146668
0.0014767
0.00148657
0.0014963
0.00150589
0.00151534
0.00152467
0.00153387
0.00154294
0.0015519
0.00156074
0.00156948
0.00157812
0.00158665
0.0015951
0.00160346
0.00161174
0.00161995
0.00162809
0.00163619
0.00164423
0.00165221
0.00166014
0.00166802
0.00167583
0.00168361
0.00169138
0.00169918
0.00170701
0.00171488
0.0017228
0.00173079
0.00173884
0.00174696
0.00175517
0.00176346
0.00177185
0.00178035
0.00178896
0.0017977
0.00180657
0.00181557
0.00182472
0.00183403
0.0018435
0.00185314
0.00186295
0.00187295
0.00188314
0.00189353
0.00190412
0.00191492
0.00192594
0.00193717
0.00194863
0.00196033
0.00197225
0.00198442
0.00199682
0.00200947
0.00202237
0.00203553
0.00204893
0.0020626
0.00207652
0.0020907
0.00210514
0.00211984
0.00213481
0.00215004
0.00216553
0.00218128
0.0021973
0.00221358
0.00223012
0.00224692
0.00226398
0.0022813
0.00229887
0.0023167
0.00233478
0.00235311
0.00237169
0.00239051
0.00240957
0.00242888
0.00244842
0.00246819
0.00248819
0.00250842
0.00252888
0.00254955
0.00257044
0.00259154
0.00261285
0.00263436
0.00265608
0.00267799
0.00270009
0.00272239
0.00274486
0.00276752
0.00279036
0.00281336
0.00283653
0.00285987
0.00288336
0.00290701
0.0029308
0.00295474
0.00297882
0.00300304
0.00302738
0.00305185
0.00307644
0.00310115
0.00312596
0.00315088
0.0031759
0.00320102
0.00322622
0.00325151
0.00327688
0.00330232
0.00332782
0.00335339
0.00337902
0.00340469
0.00343041
0.00345616
0.00348195
0.00350776
0.00353358
0.00355942
0.00358526
0.0036111
0.00363693
0.00366273
0.00368851
0.00371426
0.00373997
0.00376562
0.00379121
0.00381674
0.00384219
0.00386755
0.00389282
0.00391798
0.00394302
0.00396795
0.00399273
0.00401737
0.00404185
0.00406616
0.00409029
0.00411424
0.00413798
0.0041615
0.0041848
0.00420786
0.00423067
0.00425322
0.0042755
0.00429748
0.00431916
0.00434053
0.00436157
0.00438228
0.00440263
0.00442261
0.00444222
0.00446143
0.00448024
0.00449864
0.00451661
0.00453413
0.00455121
0.00456781
0.00458394
0.00459959
0.00461473
0.00462936
0.00464348
0.00465706
0.00467011
0.00468261
0.00469455
0.00470593
0.00471675
0.00472698
0.00473665
0.00474571
0.00475422
0.00476214
0.00476946
0.00477618
0.00478236
0.004788
0.004793
0.00479738
0.00480116
0.00480433
0.00480691
0.00480889
0.00481027
0.00481108
0.0048113
0.00481096
0.00481005
0.0048086
0.0048066
0.00480407
0.00480101
0.00479744
0.00479338
0.00478884
0.00478385
0.00477841
0.00477255
0.00476629
0.00475966
0.00475268
0.00474536
0.00473771
0.00472978
0.00472159
0.00471318
0.00470459
0.00469586
0.00468703
0.00467815
0.00466926
0.00466046
0.00465177
0.00464321
0.00463483
0.0046267
0.00461889
0.00461147
0.00460454
0.00459819
0.00459241
0.00458732
0.00458302
0.00457962
0.00457722
0.00457592
0.00457581
0.00457701
0.00457967
0.00458391
0.00458987
0.00459768
0.00460747
0.00461939
0.00463354
0.00465006
0.00466906
0.00469063
0.00471486
0.00474183
0.00477157
0.00480408
0.00483933
0.00487724
0.00491768
0.00496049
0.00500544
0.00505226
0.00510059
0.00515001
0.00520008
0.0052505
0.00530119
0.00535229
0.0054035
0.00545348
0.00550213
0.00554985
0.00559637
0.00564106
0.00568337
0.00572342
0.0057614
0.00579672
0.00582957
0.00585995
0.00588795
0.00591349
0.00593665
0.00595746
0.00597604
0.00599252
0.00600703
0.00601965
0.00603049
0.00603967
0.00604727
0.00605339
0.00605812
0.00606154
0.00606372
0.00606472
0.0060646
0.00606338
0.0060611
0.00605781
0.00605369
7.2173e-06
3.80377e-05
9.72737e-05
0.00016677
0.000238174
0.000308241
0.000375546
0.000439429
0.000499625
0.00055607
0.00060881
0.000658009
0.00070384
0.000746491
0.00078617
0.000823091
0.000857463
0.00088949
0.000919362
0.000947273
0.000973401
0.000997911
0.00102096
0.0010427
0.00106323
0.00108267
0.00110111
0.00111863
0.00113533
0.00115129
0.00116656
0.00118122
0.00119531
0.00120887
0.00122196
0.00123461
0.00124687
0.00125875
0.00127031
0.00128155
0.00129249
0.00130317
0.00131358
0.00132374
0.00133367
0.00134338
0.00135288
0.00136218
0.00137128
0.0013802
0.00138893
0.00139749
0.00140588
0.00141411
0.00142218
0.0014301
0.00143787
0.0014455
0.001453
0.00146037
0.00146761
0.00147475
0.00148177
0.00148869
0.00149552
0.00150226
0.00150893
0.00151553
0.00152206
0.00152853
0.00153495
0.0015413
0.00154758
0.00155383
0.00156007
0.00156631
0.00157259
0.0015789
0.00158526
0.00159168
0.00159818
0.00160477
0.00161144
0.0016182
0.00162507
0.00163205
0.00163916
0.00164641
0.0016538
0.00166135
0.00166906
0.00167695
0.00168501
0.00169327
0.00170172
0.00171037
0.00171924
0.00172832
0.00173763
0.00174717
0.00175695
0.00176697
0.00177724
0.00178776
0.00179854
0.00180958
0.00182089
0.00183246
0.0018443
0.00185642
0.00186882
0.00188149
0.00189444
0.00190768
0.00192119
0.00193499
0.00194907
0.00196344
0.00197808
0.00199301
0.00200823
0.00202372
0.00203949
0.00205554
0.00207187
0.00208848
0.00210535
0.0021225
0.00213992
0.0021576
0.00217554
0.00219375
0.00221221
0.00223093
0.0022499
0.00226912
0.00228858
0.00230829
0.00232823
0.00234841
0.00236881
0.00238945
0.0024103
0.00243137
0.00245266
0.00247416
0.00249587
0.00251778
0.00253989
0.00256219
0.00258468
0.00260735
0.00263021
0.00265325
0.00267645
0.00269983
0.00272337
0.00274707
0.00277092
0.00279492
0.00281907
0.00284337
0.00286779
0.00289235
0.00291704
0.00294185
0.00296678
0.00299182
0.00301697
0.00304223
0.00306758
0.00309303
0.00311856
0.00314418
0.00316988
0.00319565
0.00322148
0.00324738
0.00327334
0.00329935
0.0033254
0.00335149
0.00337762
0.00340377
0.00342994
0.00345612
0.00348232
0.00350851
0.0035347
0.00356087
0.00358702
0.00361314
0.00363922
0.00366526
0.00369125
0.00371717
0.00374302
0.0037688
0.00379448
0.00382006
0.00384554
0.0038709
0.00389613
0.00392122
0.00394616
0.00397094
0.00399555
0.00401997
0.00404421
0.00406823
0.00409203
0.00411561
0.00413894
0.00416201
0.00418482
0.00420734
0.00422957
0.00425148
0.00427308
0.00429434
0.00431526
0.00433581
0.00435599
0.00437577
0.00439516
0.00441414
0.00443268
0.00445078
0.00446843
0.00448561
0.00450232
0.00451853
0.00453424
0.00454944
0.00456411
0.00457825
0.00459184
0.00460487
0.00461734
0.00462923
0.00464057
0.00465128
0.00466147
0.00467103
0.00467999
0.00468835
0.00469611
0.00470324
0.00470991
0.00471591
0.00472127
0.004726
0.00473012
0.00473361
0.00473648
0.00473873
0.00474037
0.00474141
0.00474184
0.00474169
0.00474095
0.00473961
0.0047377
0.00473522
0.0047322
0.00472863
0.00472455
0.00471996
0.00471488
0.00470932
0.00470332
0.00469689
0.00469005
0.00468284
0.00467532
0.00466747
0.0046593
0.00465085
0.00464215
0.00463323
0.00462414
0.00461491
0.0046056
0.00459625
0.00458697
0.00457767
0.00456846
0.00455937
0.00455049
0.00454187
0.0045336
0.00452576
0.00451842
0.00451163
0.00450549
0.0045001
0.00449555
0.00449194
0.00448939
0.00448798
0.00448784
0.00448912
0.00449196
0.0044965
0.00450288
0.00451125
0.00452175
0.00453454
0.00454974
0.00456748
0.0045879
0.00461111
0.00463721
0.00466628
0.00469835
0.00473341
0.00477142
0.00481229
0.00485591
0.00490207
0.00495046
0.00500073
0.00505239
0.00510486
0.00515782
0.00521127
0.00526513
0.00531951
0.00537331
0.0054262
0.00547812
0.00552909
0.00557816
0.00562466
0.00566898
0.00571126
0.00575087
0.00578798
0.00582251
0.00585453
0.00588387
0.00591071
0.00593519
0.00595732
0.00597721
0.00599493
0.00601059
0.00602435
0.00603631
0.00604656
0.0060552
0.00606234
0.00606806
0.00607242
0.00607551
0.00607737
0.00607806
0.00607761
0.00607609
0.0060737
7.20398e-06
3.73072e-05
9.54595e-05
0.000163809
0.000234073
0.000303025
0.000369242
0.00043207
0.00049123
0.000546653
0.000598378
0.000646562
0.000691367
0.000732977
0.0007716
0.000807443
0.000840709
0.00087162
0.000900382
0.000927203
0.000952227
0.000975602
0.000997465
0.00101795
0.00103719
0.00105529
0.00107235
0.00108847
0.00110372
0.0011182
0.00113196
0.00114509
0.00115762
0.00116962
0.00118113
0.00119217
0.00120279
0.00121302
0.00122288
0.00123241
0.00124162
0.00125052
0.00125915
0.0012675
0.0012756
0.00128347
0.0012911
0.00129851
0.00130571
0.00131272
0.00131953
0.00132616
0.00133261
0.00133889
0.00134502
0.00135099
0.00135682
0.00136252
0.00136808
0.00137353
0.00137888
0.00138413
0.00138929
0.00139436
0.00139935
0.00140427
0.00140912
0.00141388
0.00141858
0.00142326
0.00142794
0.00143263
0.00143735
0.00144211
0.00144691
0.00145179
0.00145675
0.0014618
0.00146696
0.00147222
0.00147759
0.00148309
0.00148873
0.00149452
0.00150047
0.00150659
0.0015129
0.00151939
0.00152609
0.001533
0.00154013
0.00154749
0.00155508
0.00156292
0.001571
0.00157934
0.00158794
0.00159681
0.00160595
0.00161536
0.00162506
0.00163504
0.00164531
0.00165586
0.00166672
0.00167787
0.00168931
0.00170106
0.0017131
0.00172545
0.00173809
0.00175104
0.00176429
0.00177785
0.0017917
0.00180585
0.0018203
0.00183504
0.00185009
0.00186542
0.00188105
0.00189696
0.00191316
0.00192965
0.00194641
0.00196346
0.00198077
0.00199837
0.00201623
0.00203435
0.00205274
0.00207139
0.00209029
0.00210945
0.00212885
0.0021485
0.00216838
0.00218851
0.00220886
0.00222944
0.00225025
0.00227128
0.00229253
0.00231399
0.00233565
0.00235752
0.00237959
0.00240186
0.00242432
0.00244696
0.00246979
0.0024928
0.00251598
0.00253933
0.00256285
0.00258653
0.00261037
0.00263437
0.00265851
0.0026828
0.00270723
0.00273179
0.00275649
0.00278131
0.00280626
0.00283133
0.00285651
0.00288181
0.0029072
0.0029327
0.0029583
0.00298399
0.00300976
0.00303562
0.00306155
0.00308756
0.00311363
0.00313977
0.00316596
0.00319221
0.0032185
0.00324484
0.00327121
0.00329761
0.00332403
0.00335047
0.00337692
0.00340337
0.00342982
0.00345626
0.00348269
0.00350909
0.00353546
0.00356179
0.00358807
0.0036143
0.00364046
0.00366655
0.00369256
0.00371848
0.0037443
0.00377
0.00379559
0.00382105
0.00384636
0.00387153
0.00389653
0.00392135
0.00394599
0.00397043
0.00399466
0.00401867
0.00404244
0.00406597
0.00408923
0.00411223
0.00413493
0.00415733
0.00417941
0.00420117
0.00422258
0.00424364
0.00426433
0.00428464
0.00430455
0.00432405
0.00434312
0.00436176
0.00437994
0.00439765
0.00441489
0.00443164
0.00444789
0.00446362
0.00447881
0.00449347
0.00450758
0.00452112
0.00453413
0.00454649
0.00455836
0.00456959
0.00458024
0.00459027
0.00459969
0.00460847
0.00461664
0.00462427
0.00463129
0.00463764
0.00464336
0.00464844
0.00465287
0.00465667
0.00465983
0.00466235
0.00466425
0.00466551
0.00466616
0.0046662
0.00466564
0.00466452
0.0046628
0.0046605
0.00465763
0.0046542
0.00465022
0.00464572
0.0046407
0.00463519
0.0046292
0.00462276
0.00461589
0.00460863
0.00460102
0.00459301
0.00458464
0.00457597
0.004567
0.00455779
0.00454837
0.00453878
0.00452906
0.00451927
0.00450946
0.00449964
0.00448985
0.00448016
0.00447062
0.0044613
0.00445227
0.00444362
0.00443541
0.00442771
0.00442061
0.00441421
0.00440859
0.00440386
0.00440012
0.00439747
0.00439604
0.00439598
0.00439744
0.00440056
0.00440549
0.00441239
0.00442143
0.00443274
0.0044465
0.00446284
0.00448192
0.00450393
0.00452898
0.00455716
0.00458853
0.00462313
0.00466094
0.00470191
0.00474588
0.00479271
0.0048422
0.00489394
0.00494745
0.0050019
0.00505647
0.00511212
0.00516903
0.00522658
0.005284
0.00534082
0.0053968
0.00545173
0.00550491
0.00555595
0.00560503
0.00565171
0.0056955
0.00573686
0.0057755
0.00581151
0.00584484
0.00587555
0.00590378
0.00592942
0.0059527
0.00597378
0.00599269
0.00600957
0.00602449
0.00603752
0.00604881
0.00605847
0.00606661
0.00607328
0.00607856
0.00608252
0.00608522
0.0060867
0.00608705
0.00608648
7.18426e-06
3.66013e-05
9.36669e-05
0.000160825
0.000229864
0.000297574
0.000362544
0.000424118
0.000482016
0.000536162
0.000586594
0.000633467
0.000676931
0.000717174
0.000754408
0.000788862
0.000820771
0.000850321
0.00087768
0.000903021
0.000926516
0.000948322
0.000968579
0.000987428
0.001005
0.00102141
0.00103678
0.00105118
0.00106472
0.00107745
0.00108946
0.0011008
0.00111153
0.00112169
0.00113134
0.00114051
0.00114924
0.00115756
0.00116549
0.00117307
0.00118031
0.00118723
0.00119385
0.0012002
0.00120627
0.0012121
0.00121769
0.00122305
0.0012282
0.00123315
0.00123791
0.00124248
0.00124689
0.00125114
0.00125524
0.00125921
0.00126306
0.00126679
0.00127042
0.00127394
0.00127738
0.00128072
0.00128394
0.00128711
0.00129024
0.00129335
0.00129646
0.00129961
0.00130278
0.001306
0.00130927
0.00131262
0.00131608
0.00131965
0.00132332
0.00132712
0.00133104
0.00133511
0.00133934
0.00134374
0.00134831
0.00135308
0.00135806
0.00136325
0.00136866
0.00137431
0.0013802
0.00138634
0.00139275
0.00139942
0.00140637
0.0014136
0.00142112
0.00142893
0.00143703
0.00144544
0.00145415
0.00146317
0.0014725
0.00148214
0.0014921
0.00150237
0.00151296
0.00152386
0.00153509
0.00154663
0.0015585
0.00157068
0.00158317
0.00159598
0.00160911
0.00162254
0.00163629
0.00165035
0.00166471
0.00167937
0.00169434
0.0017096
0.00172516
0.00174101
0.00175714
0.00177357
0.00179027
0.00180726
0.00182452
0.00184205
0.00185985
0.00187791
0.00189623
0.00191482
0.00193365
0.00195273
0.00197206
0.00199163
0.00201144
0.00203148
0.00205175
0.00207225
0.00209297
0.00211391
0.00213506
0.00215642
0.00217799
0.00219976
0.00222172
0.00224388
0.00226624
0.00228877
0.00231149
0.00233439
0.00235747
0.00238071
0.00240412
0.00242769
0.00245142
0.00247531
0.00249934
0.00252353
0.00254785
0.00257232
0.00259692
0.00262165
0.00264651
0.00267149
0.00269659
0.00272181
0.00274713
0.00277256
0.0027981
0.00282373
0.00284946
0.00287527
0.00290118
0.00292716
0.00295322
0.00297935
0.00300556
0.00303182
0.00305814
0.00308452
0.00311094
0.00313741
0.00316391
0.00319045
0.00321701
0.0032436
0.00327019
0.0032968
0.00332341
0.00335002
0.00337661
0.00340318
0.00342973
0.00345625
0.00348273
0.00350916
0.00353553
0.00356184
0.00358807
0.00361423
0.00364029
0.00366625
0.00369209
0.00371782
0.00374342
0.00376887
0.00379417
0.0038193
0.00384426
0.00386903
0.0038936
0.00391796
0.00394209
0.00396598
0.00398963
0.00401301
0.00403611
0.00405891
0.00408141
0.00410359
0.00412544
0.00414694
0.00416808
0.00418884
0.00420921
0.00422917
0.00424872
0.00426783
0.00428649
0.00430469
0.00432239
0.0043396
0.00435631
0.00437251
0.00438817
0.00440329
0.00441788
0.00443186
0.00444534
0.00445821
0.00447049
0.00448218
0.00449325
0.00450371
0.00451355
0.00452278
0.00453144
0.00453956
0.00454698
0.00455376
0.00455989
0.00456537
0.00457019
0.00457437
0.00457789
0.00458077
0.004583
0.00458459
0.00458555
0.00458588
0.00458559
0.00458471
0.0045832
0.00458109
0.00457838
0.0045751
0.00457125
0.00456685
0.00456191
0.00455646
0.0045505
0.00454407
0.00453718
0.00452987
0.00452215
0.00451404
0.00450555
0.00449672
0.00448757
0.00447813
0.00446846
0.00445858
0.00444854
0.00443839
0.00442817
0.00441791
0.00440765
0.00439744
0.00438733
0.0043774
0.00436771
0.00435835
0.00434937
0.00434086
0.0043329
0.00432557
0.00431898
0.00431321
0.00430837
0.00430456
0.00430193
0.00430062
0.00430078
0.00430256
0.0043061
0.00431157
0.00431914
0.00432897
0.00434124
0.00435611
0.00437368
0.00439417
0.00441779
0.00444466
0.00447488
0.00450853
0.00454564
0.00458618
0.00463009
0.00467727
0.00472753
0.00478045
0.00483525
0.00489074
0.00494689
0.00500494
0.00506454
0.00512505
0.0051858
0.00524626
0.00530605
0.00536483
0.00542207
0.0054774
0.00553066
0.00558166
0.00563038
0.00567631
0.0057192
0.00575928
0.00579658
0.00583115
0.00586306
0.00589237
0.00591924
0.0059438
0.00596596
0.00598595
0.00600392
0.00601991
0.00603404
0.00604641
0.00605711
0.0060662
0.00607379
0.00607996
0.00608477
0.00608829
0.00609061
0.00609195
7.16059e-06
3.59069e-05
9.18909e-05
0.000157822
0.000225554
0.000291898
0.000355452
0.000415565
0.000471957
0.000524551
0.000573393
0.000618632
0.000660415
0.000698968
0.000734552
0.000767328
0.000797474
0.000825195
0.000850679
0.000874108
0.000895665
0.000915518
0.000933825
0.000950718
0.000966322
0.000980754
0.000994118
0.00100651
0.00101801
0.00102871
0.00103866
0.00104793
0.00105657
0.00106464
0.00107219
0.00107924
0.00108584
0.00109201
0.0010978
0.00110322
0.00110829
0.00111305
0.00111751
0.00112168
0.00112559
0.00112925
0.00113268
0.0011359
0.00113891
0.00114173
0.00114438
0.00114689
0.00114924
0.00115146
0.00115355
0.00115553
0.00115738
0.00115911
0.00116076
0.00116236
0.00116393
0.0011655
0.00116709
0.00116871
0.00117036
0.00117207
0.00117386
0.00117575
0.00117776
0.00117989
0.00118215
0.00118455
0.00118711
0.00118982
0.00119273
0.00119583
0.00119913
0.00120266
0.00120641
0.00121041
0.00121466
0.00121917
0.00122396
0.00122902
0.00123437
0.00124002
0.00124597
0.00125222
0.00125879
0.00126568
0.00127289
0.00128042
0.00128828
0.00129647
0.00130499
0.00131385
0.00132303
0.00133256
0.00134241
0.0013526
0.00136312
0.00137397
0.00138516
0.00139667
0.00140851
0.00142067
0.00143315
0.00144596
0.00145908
0.00147251
0.00148626
0.00150031
0.00151467
0.00152932
0.00154428
0.00155953
0.00157506
0.00159089
0.001607
0.00162338
0.00164004
0.00165698
0.00167418
0.00169165
0.00170937
0.00172735
0.00174559
0.00176407
0.0017828
0.00180177
0.00182098
0.00184042
0.00186009
0.00187999
0.00190011
0.00192045
0.00194101
0.00196177
0.00198275
0.00200393
0.00202531
0.00204688
0.00206865
0.00209061
0.00211276
0.00213509
0.00215759
0.00218027
0.00220313
0.00222615
0.00224934
0.00227269
0.00229619
0.00231985
0.00234366
0.00236762
0.00239172
0.00241596
0.00244034
0.00246485
0.00248949
0.00251425
0.00253914
0.00256414
0.00258926
0.00261449
0.00263983
0.00266528
0.00269082
0.00271646
0.00274219
0.00276801
0.00279391
0.0028199
0.00284596
0.0028721
0.0028983
0.00292457
0.00295089
0.00297728
0.00300371
0.00303019
0.00305671
0.00308327
0.00310986
0.00313647
0.0031631
0.00318974
0.0032164
0.00324305
0.0032697
0.00329634
0.00332296
0.00334955
0.00337611
0.00340263
0.00342911
0.00345553
0.00348188
0.00350816
0.00353436
0.00356047
0.00358648
0.00361237
0.00363815
0.00366379
0.00368929
0.00371464
0.00373982
0.00376482
0.00378964
0.00381425
0.00383865
0.00386283
0.00388677
0.00391045
0.00393386
0.00395699
0.00397981
0.00400231
0.00402448
0.00404632
0.0040678
0.00408892
0.00410965
0.00412999
0.00414991
0.00416941
0.00418847
0.00420706
0.00422521
0.00424289
0.00426005
0.00427673
0.00429284
0.00430843
0.00432351
0.004338
0.00435193
0.00436527
0.00437802
0.00439017
0.0044017
0.00441262
0.00442291
0.00443258
0.00444176
0.00445025
0.00445807
0.00446525
0.00447176
0.00447762
0.00448282
0.00448735
0.00449123
0.00449444
0.00449699
0.00449889
0.00450015
0.00450076
0.00450074
0.00450009
0.00449881
0.0044969
0.00449439
0.00449129
0.0044876
0.00448334
0.00447853
0.00447318
0.0044673
0.00446092
0.00445406
0.00444676
0.00443901
0.00443086
0.0044223
0.00441337
0.00440411
0.00439452
0.00438466
0.00437457
0.00436429
0.00435386
0.00434332
0.0043327
0.00432206
0.00431142
0.00430084
0.00429043
0.00428023
0.00427031
0.00426072
0.00425154
0.00424286
0.00423475
0.00422732
0.00422065
0.00421484
0.00420998
0.0042061
0.0042035
0.0042023
0.00420264
0.00420469
0.00420861
0.00421457
0.00422276
0.00423334
0.0042465
0.00426235
0.00428125
0.00430333
0.00432875
0.00435764
0.00439013
0.00442627
0.00446611
0.00450963
0.00455674
0.00460733
0.00466108
0.0047166
0.00477242
0.00483007
0.00489014
0.00495206
0.00501523
0.00507899
0.00514278
0.00520614
0.00526864
0.00532981
0.00538927
0.00544675
0.00550203
0.00555497
0.00560521
0.00565289
0.00569742
0.00573888
0.00577748
0.0058133
0.00584636
0.00587682
0.00590481
0.00593034
0.00595362
0.0059748
0.00599379
0.00601077
0.00602589
0.00603927
0.00605096
0.00606102
0.00606956
0.00607661
0.00608226
0.00608665
0.00609
7.13446e-06
3.52244e-05
9.01322e-05
0.000154803
0.000221143
0.000285987
0.000347941
0.000406363
0.000460978
0.000511713
0.00055863
0.000601888
0.000641706
0.000678266
0.000711734
0.000742319
0.000770224
0.000795672
0.000818877
0.000840029
0.000859304
0.000876866
0.00089287
0.000907454
0.000920744
0.000932858
0.000943901
0.000953967
0.000963142
0.000971504
0.000979123
0.00098606
0.000992372
0.00099811
0.00100332
0.00100804
0.00101231
0.00101617
0.00101964
0.00102276
0.00102554
0.00102802
0.00103022
0.00103214
0.00103382
0.00103528
0.00103655
0.00103763
0.00103852
0.00103926
0.00103985
0.00104027
0.00104055
0.00104073
0.00104085
0.00104093
0.00104101
0.00104109
0.00104119
0.00104133
0.00104152
0.0010418
0.00104218
0.00104269
0.00104333
0.00104412
0.00104506
0.00104617
0.00104746
0.00104895
0.00105066
0.00105259
0.00105476
0.00105719
0.00105988
0.00106284
0.00106609
0.00106963
0.00107348
0.00107764
0.00108211
0.00108691
0.00109204
0.0010975
0.00110331
0.00110945
0.00111594
0.00112277
0.00112996
0.00113749
0.00114537
0.0011536
0.00116218
0.0011711
0.00118037
0.00118999
0.00119994
0.00121024
0.00122087
0.00123184
0.00124313
0.00125475
0.0012667
0.00127896
0.00129154
0.00130444
0.00131764
0.00133114
0.00134495
0.00135905
0.00137344
0.00138813
0.0014031
0.00141834
0.00143387
0.00144967
0.00146573
0.00148206
0.00149866
0.00151551
0.00153261
0.00154996
0.00156756
0.00158541
0.00160349
0.0016218
0.00164035
0.00165913
0.00167813
0.00169736
0.0017168
0.00173646
0.00175633
0.0017764
0.00179669
0.00181717
0.00183786
0.00185874
0.00187981
0.00190108
0.00192253
0.00194416
0.00196597
0.00198796
0.00201013
0.00203246
0.00205496
0.00207763
0.00210046
0.00212345
0.00214659
0.00216989
0.00219333
0.00221692
0.00224066
0.00226453
0.00228854
0.00231269
0.00233697
0.00236137
0.0023859
0.00241055
0.00243532
0.00246021
0.0024852
0.00251031
0.00253552
0.00256083
0.00258624
0.00261175
0.00263735
0.00266303
0.00268881
0.00271466
0.00274059
0.0027666
0.00279267
0.00281882
0.00284502
0.00287129
0.0028976
0.00292397
0.00295038
0.00297684
0.00300333
0.00302984
0.00305639
0.00308295
0.00310953
0.00313612
0.0031627
0.00318929
0.00321586
0.00324242
0.00326895
0.00329545
0.00332192
0.00334834
0.0033747
0.00340101
0.00342724
0.00345339
0.00347944
0.0035054
0.00353125
0.00355698
0.00358259
0.00360805
0.00363335
0.00365848
0.00368341
0.00370816
0.0037327
0.00375703
0.00378114
0.003805
0.00382861
0.00385195
0.00387502
0.0038978
0.00392027
0.00394241
0.00396421
0.00398566
0.00400674
0.00402743
0.00404771
0.00406758
0.00408701
0.00410599
0.00412452
0.00414257
0.00416011
0.0041772
0.00419374
0.00420974
0.00422521
0.00424011
0.00425445
0.0042682
0.00428136
0.00429391
0.00430585
0.00431717
0.00432787
0.00433805
0.0043476
0.00435647
0.00436468
0.00437224
0.00437914
0.00438536
0.00439093
0.00439582
0.00440004
0.00440359
0.00440647
0.00440868
0.00441024
0.00441114
0.0044114
0.00441101
0.00440998
0.00440831
0.00440602
0.00440312
0.00439962
0.00439554
0.00439088
0.00438566
0.0043799
0.00437362
0.00436683
0.00435958
0.00435186
0.00434371
0.00433515
0.00432619
0.00431686
0.00430722
0.0042973
0.00428712
0.00427672
0.00426614
0.00425541
0.00424458
0.00423368
0.00422275
0.00421179
0.00420089
0.00419014
0.00417961
0.00416938
0.0041595
0.00415006
0.00414113
0.00413282
0.0041252
0.00411838
0.00411244
0.00410744
0.00410368
0.00410124
0.00410028
0.00410095
0.00410341
0.00410785
0.00411444
0.00412339
0.00413487
0.00414908
0.00416627
0.00418665
0.00421042
0.00423774
0.00426876
0.00430362
0.00434238
0.00438508
0.0044317
0.00448219
0.00453624
0.00459168
0.0046478
0.0047066
0.00476821
0.00483205
0.00489751
0.00496392
0.00503071
0.00509736
0.00516337
0.00522829
0.0052917
0.00535327
0.00541274
0.00546986
0.0055244
0.0055763
0.00562517
0.00567135
0.00571433
0.00575408
0.00579097
0.0058252
0.00585686
0.00588593
0.0059126
0.00593695
0.00595904
0.00597901
0.00599701
0.00601321
0.00602752
0.00604011
0.00605105
0.00606046
0.0060684
0.00607499
0.00608047
7.10762e-06
3.45514e-05
8.8389e-05
0.000151764
0.000216621
0.000279811
0.000339955
0.00039642
0.000448946
0.000497471
0.000542114
0.000583088
0.000620491
0.000654513
0.000685364
0.000713295
0.00073855
0.00076134
0.000781876
0.000800352
0.000816951
0.000831842
0.000845179
0.000857103
0.000867745
0.000877221
0.000885638
0.000893091
0.000899669
0.000905448
0.000910499
0.000914885
0.000918665
0.000921889
0.000924605
0.000926856
0.000928684
0.000930126
0.000931211
0.00093197
0.000932432
0.000932638
0.000932597
0.000932326
0.000931849
0.000931176
0.000930293
0.000929231
0.000928044
0.000926766
0.000925429
0.000924074
0.000922712
0.000921362
0.000920049
0.000918797
0.000917632
0.000916576
0.000915657
0.000914887
0.00091428
0.000913849
0.000913609
0.000913567
0.000913748
0.00091417
0.000914846
0.000915789
0.000917011
0.000918526
0.000920344
0.000922477
0.000924931
0.000927717
0.00093084
0.000934309
0.000938127
0.0009423
0.000946831
0.000951723
0.000956978
0.000962597
0.000968581
0.00097493
0.000981644
0.00098872
0.000996158
0.00100396
0.00101211
0.00102062
0.00102947
0.00103868
0.00104823
0.00105811
0.00106833
0.00107888
0.00108976
0.00110095
0.00111246
0.00112429
0.00113642
0.00114885
0.00116158
0.00117461
0.00118792
0.00120152
0.00121539
0.00122954
0.00124397
0.00125866
0.00127361
0.00128882
0.00130429
0.00132001
0.00133597
0.00135218
0.00136863
0.00138532
0.00140224
0.00141939
0.00143677
0.00145437
0.0014722
0.00149024
0.0015085
0.00152697
0.00154564
0.00156453
0.00158362
0.00160291
0.0016224
0.00164208
0.00166196
0.00168203
0.00170229
0.00172273
0.00174336
0.00176416
0.00178515
0.00180631
0.00182764
0.00184915
0.00187082
0.00189266
0.00191466
0.00193682
0.00195915
0.00198162
0.00200425
0.00202703
0.00204996
0.00207303
0.00209625
0.0021196
0.0021431
0.00216673
0.00219049
0.00221438
0.0022384
0.00226254
0.00228681
0.00231119
0.00233569
0.00236031
0.00238503
0.00240987
0.0024348
0.00245984
0.00248498
0.00251021
0.00253554
0.00256095
0.00258646
0.00261204
0.00263771
0.00266345
0.00268927
0.00271516
0.00274111
0.00276713
0.00279321
0.00281934
0.00284552
0.00287175
0.00289801
0.00292432
0.00295065
0.00297702
0.0030034
0.0030298
0.00305621
0.00308263
0.00310904
0.00313545
0.00316184
0.00318821
0.00321455
0.00324086
0.00326713
0.00329334
0.0033195
0.00334558
0.00337156
0.00339745
0.00342324
0.00344892
0.00347449
0.00349992
0.00352522
0.00355038
0.00357538
0.00360021
0.00362486
0.00364931
0.00367355
0.00369756
0.00372133
0.00374484
0.00376808
0.00379103
0.0038137
0.00383604
0.00385806
0.00387974
0.00390106
0.00392199
0.00394254
0.00396268
0.00398242
0.00400167
0.00402054
0.00403893
0.00405681
0.00407422
0.0040911
0.00410746
0.00412327
0.00413853
0.00415323
0.00416734
0.00418087
0.00419379
0.0042061
0.00421779
0.00422894
0.00423951
0.0042494
0.00425864
0.00426723
0.00427515
0.00428241
0.00428899
0.00429491
0.00430014
0.0043047
0.00430859
0.00431179
0.00431432
0.00431619
0.00431739
0.00431793
0.00431781
0.00431704
0.00431562
0.00431356
0.00431089
0.0043076
0.00430372
0.00429924
0.0042942
0.0042886
0.0042825
0.00427589
0.00426878
0.0042612
0.00425316
0.00424469
0.0042358
0.00422651
0.0042168
0.00420675
0.00419642
0.00418583
0.00417503
0.00416406
0.00415294
0.00414172
0.00413043
0.00411905
0.00410777
0.00409661
0.00408563
0.00407488
0.00406445
0.0040544
0.0040448
0.00403576
0.00402735
0.00401967
0.00401281
0.00400688
0.00400206
0.00399847
0.00399627
0.00399562
0.00399667
0.00399962
0.00400464
0.00401193
0.00402171
0.00403417
0.00404957
0.00406813
0.00409007
0.0041156
0.00414491
0.00417817
0.0042155
0.00425701
0.00430271
0.00435274
0.00440671
0.00446136
0.00451751
0.00457698
0.00463967
0.00470499
0.0047723
0.00484098
0.00491039
0.00497999
0.00504926
0.00511769
0.00518485
0.00525036
0.00531389
0.00537516
0.00543392
0.00549
0.00554319
0.00559351
0.00564069
0.00568508
0.00572626
0.00576428
0.00579969
0.00583234
0.00586251
0.00589024
0.00591562
0.00593874
0.00595973
0.00597874
0.00599581
0.00601103
0.0060245
0.00603637
0.00604663
0.00605547
0.00606314
7.08197e-06
3.38847e-05
8.66575e-05
0.000148696
0.00021196
0.000273313
0.000331392
0.000385586
0.000435653
0.000481615
0.000523629
0.000561754
0.000596177
0.000627149
0.000654939
0.000679791
0.000701947
0.000721637
0.000739077
0.000754472
0.000768009
0.000779861
0.000790185
0.000799126
0.000806817
0.000813374
0.000818908
0.000823515
0.000827284
0.000830295
0.000832618
0.000834318
0.000835455
0.000836083
0.000836249
0.000836
0.000835382
0.000834453
0.000833221
0.000831718
0.000829967
0.000827968
0.000825729
0.000823324
0.000820793
0.000818173
0.000815512
0.000812823
0.000810128
0.000807457
0.000804847
0.000802328
0.000799924
0.00079766
0.000795572
0.00079367
0.000791971
0.000790492
0.000789241
0.000788239
0.000787508
0.000787066
0.000786926
0.000787099
0.000787599
0.000788438
0.000789626
0.000791172
0.000793082
0.000795363
0.00079802
0.000801057
0.000804477
0.000808281
0.00081247
0.000817045
0.000822004
0.000827346
0.000833069
0.000839169
0.000845644
0.000852489
0.000859699
0.000867271
0.000875199
0.000883478
0.000892103
0.000901067
0.000910366
0.000919993
0.000929942
0.000940209
0.000950786
0.000961669
0.000972852
0.000984328
0.000996093
0.00100814
0.00102047
0.00103307
0.00104593
0.00105907
0.00107246
0.0010861
0.00109999
0.00111413
0.00112851
0.00114313
0.00115799
0.00117307
0.00118839
0.00120393
0.00121969
0.00123566
0.00125186
0.00126826
0.00128488
0.0013017
0.00131873
0.00133596
0.00135339
0.00137102
0.00138885
0.00140687
0.00142508
0.00144348
0.00146207
0.00148084
0.0014998
0.00151894
0.00153826
0.00155776
0.00157744
0.00159729
0.00161732
0.00163751
0.00165788
0.00167841
0.00169911
0.00171997
0.001741
0.00176218
0.00178353
0.00180503
0.00182668
0.00184849
0.00187045
0.00189255
0.00191481
0.00193721
0.00195975
0.00198243
0.00200525
0.0020282
0.0020513
0.00207452
0.00209787
0.00212135
0.00214496
0.00216868
0.00219253
0.0022165
0.00224059
0.00226478
0.00228909
0.00231351
0.00233803
0.00236266
0.00238738
0.00241221
0.00243712
0.00246213
0.00248724
0.00251242
0.0025377
0.00256305
0.00258848
0.00261399
0.00263957
0.00266522
0.00269093
0.0027167
0.00274253
0.00276841
0.00279434
0.00282031
0.00284632
0.00287237
0.00289845
0.00292455
0.00295067
0.0029768
0.00300294
0.00302909
0.00305523
0.00308135
0.00310744
0.0031335
0.00315952
0.00318551
0.00321145
0.00323733
0.00326316
0.00328892
0.0033146
0.00334019
0.00336568
0.00339106
0.00341631
0.00344141
0.00346637
0.00349116
0.0035158
0.00354025
0.0035645
0.00358854
0.00361234
0.00363591
0.00365923
0.00368228
0.00370505
0.00372751
0.00374966
0.00377149
0.00379298
0.00381408
0.00383481
0.00385519
0.00387514
0.00389465
0.00391374
0.00393238
0.00395053
0.0039682
0.00398537
0.00400201
0.00401813
0.00403369
0.00404869
0.00406313
0.00407697
0.00409021
0.00410285
0.00411492
0.00412648
0.00413735
0.00414758
0.00415716
0.00416609
0.00417435
0.00418195
0.00418887
0.00419512
0.00420069
0.00420558
0.00420978
0.0042133
0.00421614
0.00421831
0.0042198
0.00422063
0.00422079
0.00422031
0.0042192
0.00421745
0.00421507
0.00421207
0.00420846
0.00420425
0.00419944
0.00419403
0.00418803
0.0041815
0.00417445
0.0041669
0.00415888
0.00415041
0.0041415
0.00413216
0.00412241
0.00411233
0.00410195
0.00409129
0.00408039
0.00406928
0.004058
0.00404659
0.00403507
0.00402349
0.00401192
0.00400043
0.00398907
0.00397791
0.003967
0.00395642
0.00394625
0.00393656
0.00392745
0.00391901
0.00391132
0.0039045
0.0038987
0.00389405
0.00389069
0.00388879
0.00388849
0.00389
0.00389348
0.00389915
0.00390721
0.00391789
0.00393143
0.00394807
0.00396806
0.00399163
0.00401901
0.00405041
0.004086
0.00412594
0.00417033
0.00421938
0.0042725
0.00432625
0.00438212
0.00444179
0.00450506
0.00457137
0.00464009
0.00471058
0.0047822
0.00485438
0.00492656
0.00499823
0.00506889
0.00513814
0.00520558
0.00527089
0.00533379
0.00539405
0.00545147
0.00550594
0.00555735
0.0056058
0.00565109
0.00569365
0.00573313
0.00576943
0.00580337
0.00583452
0.00586327
0.00588959
0.00591366
0.00593569
0.00595566
0.00597367
0.00598981
0.00600416
0.00601686
0.00602805
0.006038
7.05961e-06
3.32204e-05
8.49317e-05
0.000145582
0.000207112
0.000266394
0.00032209
0.00037362
0.000420845
0.000463814
0.000502561
0.000537254
0.000568185
0.000595627
0.000619855
0.000641135
0.000659726
0.000675874
0.000689807
0.000701735
0.000711854
0.00072034
0.000727355
0.000733047
0.00073755
0.000740984
0.000743462
0.000745082
0.000745935
0.000746107
0.000745665
0.000744676
0.000743207
0.000741317
0.000739045
0.000736439
0.00073353
0.000730305
0.00072684
0.000723204
0.000719446
0.00071562
0.000711759
0.000707882
0.000704022
0.000700212
0.00069649
0.000692882
0.000689415
0.000686119
0.000683038
0.000680194
0.000677604
0.000675285
0.000673244
0.000671513
0.000670111
0.000669055
0.000668355
0.000668025
0.000668077
0.000668521
0.000669364
0.000670611
0.000672267
0.000674335
0.000676817
0.000679713
0.000683022
0.000686742
0.00069087
0.000695402
0.000700333
0.000705658
0.000711371
0.000717465
0.000723934
0.000730771
0.000737968
0.000745518
0.000753412
0.000761645
0.000770206
0.00077909
0.000788288
0.000797794
0.000807599
0.000817697
0.000828081
0.000838745
0.000849682
0.000860885
0.000872349
0.000884069
0.000896038
0.000908252
0.000920706
0.000933394
0.000946313
0.000959459
0.000972826
0.000986412
0.00100021
0.00101422
0.00102844
0.00104287
0.0010575
0.00107232
0.00108735
0.00110257
0.00111798
0.00113358
0.00114938
0.00116535
0.00118152
0.00119787
0.00121439
0.0012311
0.00124799
0.00126506
0.0012823
0.00129972
0.00131731
0.00133507
0.001353
0.00137111
0.00138938
0.00140782
0.00142643
0.00144521
0.00146415
0.00148325
0.00150252
0.00152195
0.00154154
0.00156129
0.0015812
0.00160127
0.00162149
0.00164187
0.0016624
0.00168309
0.00170392
0.00172491
0.00174604
0.00176732
0.00178875
0.00181032
0.00183204
0.00185389
0.00187589
0.00189802
0.00192029
0.00194269
0.00196523
0.00198789
0.00201069
0.00203361
0.00205666
0.00207983
0.00210313
0.00212654
0.00215007
0.00217372
0.00219747
0.00222134
0.00224532
0.0022694
0.00229359
0.00231788
0.00234226
0.00236674
0.00239132
0.00241599
0.00244075
0.00246559
0.00249053
0.00251554
0.00254062
0.00256578
0.00259102
0.00261632
0.00264168
0.00266711
0.00269258
0.00271811
0.00274369
0.00276932
0.00279498
0.00282067
0.00284637
0.00287208
0.00289781
0.00292355
0.0029493
0.00297505
0.00300082
0.00302659
0.00305233
0.00307805
0.00310373
0.00312937
0.00315494
0.00318046
0.00320591
0.00323128
0.00325657
0.00328176
0.00330683
0.00333178
0.0033566
0.00338127
0.00340579
0.00343015
0.00345432
0.00347829
0.00350205
0.00352559
0.0035489
0.00357196
0.00359475
0.00361723
0.00363942
0.00366134
0.00368292
0.00370413
0.00372499
0.00374548
0.00376557
0.00378525
0.00380451
0.00382332
0.00384167
0.00385955
0.00387693
0.00389381
0.00391016
0.00392597
0.00394123
0.00395592
0.00397004
0.00398355
0.00399649
0.00400897
0.00402077
0.00403194
0.00404248
0.00405237
0.0040616
0.00407018
0.00407808
0.00408532
0.00409188
0.00409776
0.00410296
0.00410752
0.0041114
0.0041146
0.00411711
0.00411896
0.00412012
0.00412062
0.00412041
0.00411951
0.00411796
0.00411576
0.00411294
0.00410949
0.00410542
0.00410076
0.00409547
0.00408963
0.00408325
0.00407635
0.00406893
0.00406102
0.00405263
0.0040438
0.00403453
0.00402484
0.0040148
0.00400442
0.00399373
0.00398278
0.00397159
0.0039602
0.00394866
0.00393698
0.00392522
0.00391344
0.00390169
0.00389003
0.00387851
0.00386721
0.00385618
0.00384551
0.00383527
0.00382555
0.00381642
0.00380799
0.00380037
0.00379367
0.00378804
0.00378361
0.00378053
0.00377896
0.00377909
0.00378109
0.00378518
0.00379155
0.00380044
0.00381209
0.00382675
0.0038447
0.00386618
0.00389145
0.00392076
0.00395434
0.0039924
0.00403509
0.00408269
0.0041345
0.00418707
0.00424223
0.0043016
0.00436494
0.00443173
0.00450136
0.00457318
0.00464656
0.00472089
0.0047956
0.00487016
0.00494404
0.00501677
0.00508793
0.00515714
0.00522406
0.00528843
0.00535001
0.00540864
0.00546422
0.00551675
0.00556619
0.00561273
0.00565616
0.00569694
0.00573495
0.00576955
0.0058018
0.00583141
0.00585877
0.00588389
0.00590686
0.00592772
0.00594661
0.00596358
0.00597885
0.00599253
0.00600487
7.04287e-06
3.25553e-05
8.32031e-05
0.000142388
0.000201993
0.000258895
0.000311795
0.000360232
0.000404111
0.00044339
0.000478228
0.000508939
0.000535819
0.000559176
0.000579316
0.000596535
0.000611112
0.000623307
0.000633362
0.000641496
0.000647911
0.000652788
0.000656292
0.000658572
0.000659766
0.000660002
0.000659391
0.000658035
0.000656029
0.000653482
0.000650436
0.000646956
0.000643084
0.000638796
0.000634231
0.00062947
0.00062458
0.000619642
0.000614678
0.000609728
0.000604835
0.000600048
0.000595403
0.000590926
0.000586649
0.0005826
0.000578803
0.000575292
0.000572085
0.000569202
0.000566656
0.000564478
0.000562694
0.000561318
0.000560361
0.000559838
0.000559756
0.000560121
0.000560938
0.000562207
0.000563929
0.000566102
0.000568722
0.000571784
0.000575283
0.00057921
0.000583559
0.00058832
0.000593485
0.000599043
0.000604984
0.000611297
0.000617974
0.000625002
0.000632372
0.000640072
0.000648094
0.000656428
0.000665062
0.00067399
0.0006832
0.000692686
0.000702438
0.000712448
0.000722711
0.000733217
0.00074396
0.000754935
0.000766135
0.000777554
0.000789188
0.000801031
0.000813079
0.000825328
0.000837773
0.00085041
0.000863238
0.000876251
0.000889448
0.000902825
0.00091638
0.00093011
0.000944015
0.00095809
0.000972336
0.00098675
0.00100133
0.00101608
0.00103099
0.00104606
0.0010613
0.0010767
0.00109226
0.00110797
0.00112385
0.00113989
0.00115608
0.00117244
0.00118895
0.00120561
0.00122244
0.00123942
0.00125655
0.00127384
0.00129129
0.00130889
0.00132664
0.00134455
0.00136261
0.00138083
0.0013992
0.00141773
0.0014364
0.00145523
0.00147422
0.00149335
0.00151263
0.00153206
0.00155165
0.00157138
0.00159126
0.00161129
0.00163146
0.00165178
0.00167224
0.00169285
0.0017136
0.00173449
0.00175552
0.0017767
0.00179801
0.00181945
0.00184104
0.00186275
0.0018846
0.00190659
0.0019287
0.00195094
0.0019733
0.0019958
0.00201841
0.00204115
0.00206401
0.00208698
0.00211007
0.00213328
0.0021566
0.00218002
0.00220356
0.00222719
0.00225094
0.00227478
0.00229872
0.00232276
0.0023469
0.00237114
0.00239546
0.00241987
0.00244436
0.00246893
0.00249358
0.00251831
0.00254311
0.00256797
0.00259289
0.00261785
0.00264286
0.00266792
0.00269303
0.00271818
0.0027434
0.00276865
0.00279393
0.00281924
0.00284457
0.0028699
0.00289524
0.00292059
0.00294593
0.00297125
0.00299655
0.00302182
0.00304705
0.00307222
0.00309734
0.00312241
0.0031474
0.00317231
0.00319712
0.00322182
0.0032464
0.00327085
0.00329518
0.00331935
0.00334336
0.00336718
0.0033908
0.0034142
0.00343744
0.00346042
0.00348315
0.00350559
0.00352777
0.00354966
0.00357123
0.00359247
0.00361337
0.0036339
0.00365407
0.00367383
0.00369318
0.00371211
0.00373059
0.00374861
0.00376614
0.00378318
0.00379971
0.00381571
0.00383117
0.00384607
0.00386041
0.00387414
0.00388745
0.00390013
0.00391218
0.00392361
0.00393441
0.00394459
0.00395415
0.00396306
0.0039713
0.00397888
0.00398578
0.003992
0.00399753
0.00400233
0.00400645
0.00400987
0.00401261
0.00401468
0.00401606
0.00401675
0.00401676
0.00401611
0.00401481
0.00401285
0.00401026
0.00400703
0.00400319
0.00399873
0.00399366
0.00398802
0.00398181
0.00397507
0.0039678
0.00396003
0.00395176
0.00394304
0.00393386
0.00392426
0.00391428
0.00390394
0.00389327
0.00388231
0.00387109
0.00385965
0.00384802
0.00383625
0.00382436
0.00381242
0.00380046
0.00378856
0.00377677
0.00376514
0.00375374
0.00374265
0.00373193
0.00372167
0.00371196
0.00370287
0.00369452
0.00368701
0.00368048
0.00367506
0.00367089
0.00366814
0.00366697
0.00366756
0.00367011
0.00367484
0.00368196
0.00369173
0.0037044
0.00372025
0.00373955
0.00376258
0.00378962
0.00382095
0.00385683
0.00389749
0.00394324
0.00399339
0.00404444
0.00409844
0.004157
0.00421991
0.00428666
0.00435667
0.00442931
0.00450393
0.00457993
0.00465674
0.00473378
0.00481053
0.00488645
0.00496108
0.00503398
0.00510478
0.00517315
0.00523881
0.00530156
0.00536127
0.00541789
0.00547144
0.00552198
0.00556948
0.00561413
0.0056563
0.00569515
0.0057311
0.005764
0.00579476
0.00582307
0.00584916
0.00587299
0.00589473
0.00591449
0.00593241
0.00594865
0.00596347
7.03553e-06
3.18814e-05
8.14544e-05
0.000139057
0.000196465
0.000250561
0.000300169
0.000344952
0.000384706
0.000419566
0.000449866
0.000475944
0.000498159
0.000516868
0.000532415
0.000545123
0.000555293
0.000563203
0.000569106
0.00057323
0.000575783
0.000576951
0.000576903
0.000575783
0.000573734
0.000570906
0.000567405
0.000563324
0.000558741
0.000553665
0.00054823
0.00054254
0.000536675
0.000530736
0.000524767
0.000518835
0.000513005
0.000507345
0.000501893
0.00049669
0.000491772
0.000487179
0.000482945
0.000479091
0.000475643
0.000472623
0.000470023
0.000467816
0.000466031
0.0004647
0.000463844
0.000463478
0.00046361
0.000464243
0.000465375
0.000467002
0.000469118
0.000471716
0.000474783
0.00047831
0.000482283
0.00048669
0.000491516
0.000496748
0.000502371
0.00050837
0.000514732
0.000521443
0.000528487
0.000535854
0.000543528
0.000551498
0.000559752
0.000568279
0.000577067
0.000586107
0.000595389
0.000604904
0.000614643
0.000624598
0.000634763
0.00064513
0.000655692
0.000666444
0.000677381
0.000688497
0.000699787
0.000711247
0.000722874
0.000734664
0.000746614
0.00075872
0.000770981
0.000783393
0.000795955
0.000808665
0.000821521
0.000834522
0.000847666
0.000860953
0.00087438
0.000887948
0.000901656
0.000915503
0.000929489
0.000943614
0.000957877
0.000972279
0.000986819
0.0010015
0.00101632
0.00103127
0.00104637
0.0010616
0.00107697
0.00109249
0.00110814
0.00112393
0.00113987
0.00115594
0.00117216
0.00118852
0.00120502
0.00122166
0.00123844
0.00125537
0.00127244
0.00128966
0.00130702
0.00132453
0.00134218
0.00135998
0.00137792
0.00139601
0.00141424
0.00143261
0.00145114
0.0014698
0.00148862
0.00150757
0.00152668
0.00154592
0.00156531
0.00158484
0.00160452
0.00162433
0.00164429
0.00166439
0.00168463
0.001705
0.00172552
0.00174617
0.00176696
0.00178789
0.00180894
0.00183014
0.00185146
0.00187291
0.0018945
0.00191621
0.00193804
0.00196001
0.00198209
0.0020043
0.00202663
0.00204907
0.00207163
0.00209431
0.0021171
0.00213999
0.00216299
0.00218611
0.00220932
0.00223265
0.00225607
0.0022796
0.00230322
0.00232694
0.00235074
0.00237461
0.00239856
0.00242259
0.0024467
0.00247088
0.00249515
0.0025195
0.00254392
0.0025684
0.00259294
0.00261752
0.00264216
0.00266683
0.00269155
0.0027163
0.00274108
0.00276589
0.00279072
0.00281556
0.00284041
0.00286525
0.00289009
0.0029149
0.00293969
0.00296442
0.00298914
0.00301381
0.00303842
0.00306297
0.00308743
0.00311178
0.00313604
0.00316017
0.00318423
0.00320814
0.0032319
0.00325549
0.0032789
0.00330212
0.00332515
0.00334796
0.00337054
0.00339287
0.00341493
0.00343672
0.00345822
0.0034794
0.00350026
0.00352077
0.00354093
0.0035607
0.00358009
0.00359905
0.0036176
0.00363569
0.00365331
0.00367045
0.00368709
0.00370322
0.00371882
0.00373387
0.00374841
0.00376249
0.00377601
0.00378892
0.00380124
0.00381294
0.00382401
0.00383443
0.00384418
0.00385328
0.00386172
0.00386949
0.00387659
0.00388302
0.00388875
0.0038938
0.00389818
0.00390186
0.00390487
0.00390719
0.00390882
0.00390978
0.00391005
0.00390965
0.0039086
0.00390689
0.00390453
0.00390153
0.00389791
0.00389367
0.00388881
0.00388337
0.00387736
0.0038708
0.0038637
0.00385608
0.00384796
0.00383937
0.00383031
0.00382082
0.00381093
0.00380066
0.00379005
0.00377912
0.00376792
0.00375646
0.0037448
0.00373296
0.003721
0.00370894
0.00369685
0.00368477
0.00367275
0.00366086
0.00364916
0.00363772
0.0036266
0.00361589
0.00360565
0.00359599
0.00358699
0.00357876
0.00357142
0.0035651
0.00355993
0.00355607
0.00355369
0.00355295
0.00355405
0.00355719
0.0035626
0.00357051
0.0035812
0.00359493
0.003612
0.0036327
0.00365734
0.00368622
0.00371968
0.003758
0.00380156
0.00384973
0.00389892
0.00395132
0.0040086
0.00407057
0.00413676
0.0042066
0.0042795
0.00435482
0.00443197
0.00451038
0.00458946
0.00466867
0.00474743
0.00482522
0.00490157
0.00497603
0.00504825
0.00511788
0.00518466
0.00524843
0.00530912
0.00536675
0.00542135
0.00547287
0.00552142
0.00556724
0.00560989
0.00565008
0.00568714
0.00572147
0.00575303
0.00578237
0.00580924
0.00583397
0.0058566
0.00587729
0.00589619
0.00591357
7.03995e-06
3.11927e-05
7.96614e-05
0.000135493
0.000190299
0.000241001
0.000286713
0.000326923
0.000361698
0.00039139
0.000416402
0.000437167
0.000454117
0.000467663
0.000478187
0.000486039
0.000491539
0.000494981
0.00049663
0.000496727
0.000495477
0.000493071
0.000489705
0.000485478
0.00048053
0.000474941
0.000468827
0.000462372
0.000455704
0.00044896
0.000442196
0.00043548
0.00042887
0.000422445
0.000416292
0.000410473
0.000405045
0.000400059
0.000395554
0.000391559
0.000388092
0.000385181
0.00038285
0.000381087
0.000379911
0.000379272
0.000379116
0.000379396
0.000380156
0.000381432
0.000383231
0.000385547
0.00038837
0.000391684
0.000395474
0.000399719
0.000404402
0.000409502
0.000414999
0.000420875
0.000427111
0.000433687
0.000440588
0.000447795
0.000455293
0.000463066
0.0004711
0.000479383
0.0004879
0.000496642
0.000505596
0.000514753
0.000524103
0.000533638
0.000543349
0.000553231
0.000563275
0.000573476
0.000583828
0.000594327
0.000604968
0.000615747
0.00062666
0.000637704
0.000648876
0.000660174
0.000671594
0.000683136
0.000694797
0.000706576
0.000718473
0.000730485
0.000742612
0.000754854
0.00076721
0.00077968
0.000792263
0.00080496
0.00081777
0.000830695
0.000843733
0.000856886
0.000870153
0.000883536
0.000897035
0.000910652
0.000924386
0.000938238
0.00095221
0.000966303
0.000980516
0.000994851
0.00100931
0.00102389
0.0010386
0.00105343
0.00106839
0.00108348
0.00109869
0.00111403
0.00112951
0.00114512
0.00116085
0.00117672
0.00119272
0.00120886
0.00122514
0.00124155
0.0012581
0.00127479
0.00129161
0.00130858
0.00132568
0.00134293
0.00136032
0.00137784
0.00139551
0.00141332
0.00143127
0.00144936
0.0014676
0.00148597
0.00150449
0.00152315
0.00154195
0.00156089
0.00157997
0.00159919
0.00161856
0.00163806
0.0016577
0.00167748
0.00169739
0.00171745
0.00173763
0.00175796
0.00177842
0.00179901
0.00181973
0.00184058
0.00186156
0.00188267
0.00190391
0.00192528
0.00194676
0.00196837
0.0019901
0.00201195
0.00203391
0.00205599
0.00207818
0.00210049
0.00212291
0.00214542
0.00216803
0.00219074
0.00221356
0.00223647
0.00225949
0.00228262
0.00230585
0.00232917
0.00235258
0.00237607
0.00239963
0.00242328
0.002447
0.00247079
0.00249465
0.00251856
0.00254254
0.00256656
0.00259063
0.00261475
0.00263892
0.00266312
0.00268736
0.00271162
0.00273589
0.00276018
0.00278446
0.00280875
0.00283301
0.00285723
0.00288145
0.00290566
0.00292981
0.00295391
0.00297794
0.00300189
0.00302575
0.00304951
0.00307319
0.00309674
0.00312017
0.00314344
0.00316656
0.0031895
0.00321226
0.00323483
0.00325718
0.0032793
0.00330117
0.00332279
0.00334414
0.00336519
0.00338593
0.00340635
0.00342643
0.00344614
0.00346548
0.00348443
0.00350297
0.00352111
0.00353881
0.00355604
0.00357278
0.00358903
0.00360476
0.00361995
0.00363466
0.00364883
0.00366242
0.00367543
0.00368785
0.00369966
0.00371087
0.00372144
0.00373138
0.00374068
0.00374933
0.00375732
0.00376464
0.0037713
0.00377727
0.00378256
0.00378717
0.0037911
0.00379434
0.00379691
0.00379879
0.00379999
0.00380051
0.00380035
0.00379954
0.00379806
0.00379594
0.00379317
0.00378977
0.00378575
0.00378112
0.00377588
0.00377007
0.0037637
0.00375678
0.00374934
0.00374138
0.00373294
0.00372403
0.00371467
0.0037049
0.00369473
0.0036842
0.00367334
0.00366218
0.00365075
0.00363909
0.00362724
0.00361524
0.00360312
0.00359093
0.00357872
0.00356654
0.00355445
0.00354251
0.00353078
0.00351933
0.00350824
0.00349756
0.0034874
0.00347783
0.00346895
0.00346089
0.00345375
0.00344768
0.00344281
0.0034393
0.00343732
0.00343704
0.00343868
0.00344243
0.00344855
0.00345729
0.00346892
0.00348374
0.00350206
0.0035242
0.00355051
0.00358134
0.00361707
0.00365815
0.00370405
0.00375107
0.00380147
0.00385701
0.00391754
0.00398263
0.00405177
0.00412435
0.00419979
0.00427752
0.00435697
0.0044376
0.0045188
0.00459999
0.00468059
0.00476007
0.00483794
0.00491381
0.00498726
0.00505794
0.00512566
0.00519035
0.00525202
0.00531067
0.00536623
0.00541872
0.0054683
0.00551483
0.00555865
0.00559942
0.00563794
0.00567353
0.00570631
0.00573624
0.00576408
0.00578968
0.00581323
0.00583491
0.00585495
7.05821e-06
3.04948e-05
7.779e-05
0.000131517
0.000183051
0.000229727
0.000270415
0.000305032
0.000333903
0.000357542
0.000376498
0.000391314
0.000402495
0.000410503
0.000415753
0.000418614
0.00041942
0.000418475
0.000416067
0.000412451
0.000407817
0.000402328
0.000396024
0.000389103
0.0003818
0.00037432
0.000366801
0.000359348
0.000352079
0.000345109
0.00033851
0.000332355
0.000326722
0.000321671
0.000317227
0.00031342
0.000310269
0.000307794
0.000306009
0.000304919
0.000304481
0.0003047
0.000305623
0.00030712
0.000309095
0.000311561
0.00031445
0.000317777
0.000321581
0.00032585
0.000330566
0.000335704
0.000341243
0.000347157
0.000353424
0.00036002
0.000366924
0.000374115
0.000381575
0.000389284
0.000397228
0.000405389
0.000413755
0.000422313
0.000431051
0.000439958
0.000449024
0.00045824
0.000467599
0.000477094
0.000486717
0.000496463
0.000506326
0.000516302
0.000526387
0.000536576
0.000546868
0.000557258
0.000567745
0.000578326
0.000589
0.000599765
0.00061062
0.000621564
0.000632597
0.000643716
0.000654922
0.000666215
0.000677595
0.000689063
0.000700618
0.00071226
0.000723991
0.000735811
0.000747721
0.000759721
0.000771812
0.000783996
0.000796273
0.000808644
0.000821111
0.000833674
0.000846333
0.000859092
0.000871952
0.000884914
0.00089798
0.00091115
0.000924425
0.000937808
0.0009513
0.000964902
0.000978615
0.00099244
0.00100638
0.00102044
0.00103461
0.0010489
0.00106331
0.00107784
0.00109249
0.00110727
0.00112217
0.00113719
0.00115234
0.00116762
0.00118303
0.00119857
0.00121425
0.00123005
0.00124599
0.00126207
0.00127828
0.00129463
0.00131111
0.00132773
0.00134448
0.00136138
0.00137842
0.00139559
0.00141291
0.00143036
0.00144795
0.00146569
0.00148356
0.00150158
0.00151973
0.00153803
0.00155646
0.00157504
0.00159375
0.00161261
0.0016316
0.00165073
0.00166999
0.0016894
0.00170894
0.00172861
0.00174842
0.00176836
0.00178844
0.00180864
0.00182898
0.00184945
0.00187004
0.00189076
0.0019116
0.00193255
0.00195361
0.00197478
0.00199606
0.00201747
0.00203901
0.00206068
0.00208248
0.00210438
0.00212639
0.00214851
0.00217073
0.00219305
0.00221547
0.00223799
0.0022606
0.0022833
0.00230609
0.00232897
0.00235193
0.00237497
0.00239808
0.00242126
0.00244451
0.00246781
0.00249116
0.00251459
0.00253809
0.00256162
0.00258519
0.0026088
0.00263244
0.00265609
0.00267976
0.00270344
0.00272712
0.00275078
0.00277444
0.00279808
0.0028217
0.00284528
0.0028688
0.00289226
0.00291565
0.00293896
0.00296219
0.00298532
0.00300833
0.00303121
0.00305396
0.00307655
0.00309898
0.00312122
0.00314327
0.00316511
0.00318672
0.00320809
0.00322922
0.00325011
0.00327071
0.00329101
0.00331098
0.00333062
0.0033499
0.00336879
0.00338727
0.00340532
0.00342292
0.00344008
0.00345676
0.00347297
0.00348866
0.00350391
0.0035187
0.00353292
0.00354659
0.0035597
0.00357223
0.00358417
0.00359551
0.00360623
0.00361632
0.00362579
0.00363461
0.00364278
0.00365029
0.00365714
0.00366332
0.00366882
0.00367365
0.00367779
0.00368126
0.00368405
0.00368615
0.00368758
0.00368833
0.00368841
0.00368783
0.00368658
0.00368469
0.00368214
0.00367897
0.00367517
0.00367075
0.00366573
0.00366013
0.00365395
0.00364723
0.00363997
0.00363219
0.00362392
0.00361517
0.00360596
0.00359633
0.00358629
0.00357587
0.0035651
0.00355401
0.00354264
0.00353103
0.0035192
0.0035072
0.00349506
0.00348282
0.00347053
0.00345824
0.003446
0.00343387
0.00342192
0.0034102
0.00339879
0.00338775
0.00337715
0.00336709
0.00335765
0.00334894
0.00334107
0.00333417
0.00332839
0.00332385
0.00332071
0.00331916
0.00331937
0.00332155
0.00332594
0.00333279
0.00334236
0.00335495
0.00337088
0.00339048
0.00341411
0.00344217
0.00347508
0.00351343
0.00355683
0.0036014
0.00364942
0.00370281
0.00376144
0.00382494
0.00389281
0.00396449
0.00403944
0.00411713
0.00419704
0.00427864
0.00436134
0.00444448
0.00452747
0.0046097
0.00469066
0.00476994
0.004847
0.00492143
0.00499296
0.00506152
0.00512715
0.00518986
0.00524942
0.00530586
0.00535932
0.00540975
0.00545727
0.00550184
0.00554389
0.00558311
0.00561992
0.00565371
0.0056848
0.00571346
0.00574
0.00576454
0.00578732
7.09811e-06
2.97704e-05
7.57448e-05
0.000126781
0.000174309
0.000215544
0.000249919
0.000277746
0.000299648
0.000316363
0.000328602
0.000337012
0.000342164
0.000344561
0.000344632
0.000342751
0.000339265
0.000334465
0.000328578
0.000321757
0.000314357
0.000306618
0.000298779
0.000291005
0.000283436
0.000276216
0.00026946
0.000263261
0.000257703
0.000252851
0.000248748
0.000245434
0.000242929
0.000241236
0.000240345
0.000240253
0.00024091
0.000242285
0.000244371
0.000247176
0.000250524
0.000254382
0.000258656
0.00026327
0.000268171
0.000273437
0.00027911
0.000285183
0.000291602
0.000298335
0.000305353
0.000312632
0.000320151
0.000327891
0.000335831
0.000343957
0.000352254
0.000360707
0.000369304
0.000378034
0.000386888
0.000395857
0.000404934
0.000414111
0.000423382
0.000432743
0.000442188
0.000451713
0.000461315
0.000470991
0.000480738
0.000490553
0.000500435
0.000510382
0.000520392
0.000530466
0.000540602
0.0005508
0.00056106
0.00057138
0.000581762
0.000592206
0.000602711
0.000613281
0.000623913
0.000634608
0.000645367
0.000656191
0.000667083
0.000678042
0.00068907
0.000700168
0.000711337
0.00072258
0.000733896
0.000745288
0.000756756
0.000768303
0.000779931
0.000791639
0.000803432
0.000815306
0.000827266
0.000839315
0.000851454
0.000863686
0.00087601
0.00088843
0.000900945
0.000913559
0.000926272
0.000939087
0.000952004
0.000965026
0.000978154
0.00099139
0.00100474
0.00101819
0.00103176
0.00104544
0.00105924
0.00107316
0.00108719
0.00110133
0.0011156
0.00113
0.00114453
0.00115917
0.00117395
0.00118885
0.00120389
0.00121905
0.00123434
0.00124977
0.00126533
0.00128102
0.00129685
0.00131281
0.00132891
0.00134515
0.00136152
0.00137803
0.00139468
0.00141147
0.0014284
0.00144546
0.00146267
0.00148001
0.0014975
0.00151512
0.00153289
0.00155079
0.00156883
0.00158701
0.00160532
0.00162378
0.00164238
0.00166111
0.00167998
0.00169898
0.0017181
0.00173735
0.00175672
0.00177623
0.00179586
0.00181563
0.00183552
0.00185557
0.00187573
0.00189601
0.0019164
0.00193696
0.00195763
0.00197842
0.00199933
0.00202035
0.00204148
0.00206273
0.00208408
0.00210554
0.00212711
0.00214878
0.00217055
0.00219242
0.00221439
0.00223644
0.00225859
0.00228083
0.00230314
0.00232554
0.00234801
0.00237055
0.00239315
0.00241582
0.00243857
0.00246137
0.00248422
0.00250712
0.00253005
0.00255302
0.00257602
0.00259903
0.00262206
0.00264509
0.00266812
0.00269114
0.00271416
0.00273715
0.00276011
0.00278301
0.00280587
0.00282865
0.00285137
0.002874
0.00289653
0.00291896
0.00294128
0.00296348
0.00298554
0.00300744
0.00302917
0.0030507
0.00307203
0.00309313
0.00311399
0.00313457
0.00315487
0.00317489
0.0031946
0.00321399
0.00323304
0.00325173
0.00327004
0.00328796
0.00330546
0.00332253
0.00333914
0.00335529
0.00337102
0.0033863
0.00340106
0.0034153
0.003429
0.00344216
0.00345475
0.00346676
0.00347819
0.00348901
0.00349922
0.00350881
0.00351777
0.00352609
0.00353375
0.00354077
0.00354711
0.0035528
0.00355781
0.00356215
0.00356581
0.0035688
0.00357112
0.00357276
0.00357372
0.00357402
0.00357366
0.00357263
0.00357096
0.00356864
0.00356568
0.00356209
0.00355789
0.00355309
0.00354769
0.00354173
0.0035352
0.00352813
0.00352054
0.00351245
0.00350388
0.00349484
0.00348537
0.00347547
0.00346518
0.00345453
0.00344355
0.00343227
0.00342073
0.00340896
0.00339699
0.00338487
0.00337262
0.00336029
0.00334794
0.0033356
0.00332334
0.00331122
0.0032993
0.00328763
0.00327628
0.00326533
0.00325484
0.0032449
0.00323563
0.00322711
0.00321948
0.00321286
0.00320738
0.00320319
0.00320045
0.00319933
0.00320003
0.00320278
0.0032078
0.00321537
0.00322578
0.00323934
0.00325638
0.00327729
0.00330247
0.0033324
0.00336781
0.0034085
0.00345039
0.0034957
0.00354658
0.0036029
0.00366433
0.00373038
0.00380057
0.0038744
0.00395141
0.00403114
0.00411312
0.00419675
0.00428131
0.00436622
0.00445077
0.00453441
0.00461683
0.00469724
0.00477518
0.00485034
0.0049226
0.00499208
0.00505881
0.00512233
0.00518268
0.00524006
0.00529442
0.00534575
0.00539412
0.00543979
0.00548267
0.00552293
0.0055603
0.00559541
0.00562767
0.00565732
0.00568483
0.00571041
7.16728e-06
2.89605e-05
7.32988e-05
0.000120796
0.000162688
0.000196751
0.000223202
0.000242876
0.000256812
0.000265959
0.000271166
0.000273147
0.000272521
0.00026981
0.000265434
0.000259742
0.000253003
0.000245625
0.000237922
0.000230193
0.000222634
0.000215442
0.000208797
0.000202832
0.000197648
0.000193318
0.000189896
0.000187419
0.000185885
0.000185272
0.00018555
0.000186736
0.000188746
0.00019151
0.000194972
0.000199175
0.000203938
0.000209191
0.000214853
0.000220713
0.000226732
0.000233025
0.000239593
0.000246465
0.000253638
0.000261047
0.000268666
0.000276477
0.000284459
0.000292592
0.000300859
0.000309247
0.000317742
0.000326335
0.000335016
0.000343778
0.000352613
0.000361516
0.000370479
0.000379499
0.000388573
0.000397697
0.000406868
0.000416084
0.000425343
0.000434643
0.000443983
0.000453363
0.000462782
0.000472241
0.000481736
0.000491268
0.000500838
0.000510446
0.000520094
0.00052978
0.000539507
0.000549275
0.000559085
0.000568937
0.000578833
0.000588774
0.000598761
0.0006088
0.000618885
0.000629017
0.000639201
0.000649439
0.000659732
0.000670081
0.000680489
0.000690955
0.000701483
0.000712074
0.000722729
0.00073345
0.000744239
0.000755098
0.000766028
0.000777031
0.000788111
0.000799259
0.000810488
0.000821801
0.000833197
0.000844676
0.000856242
0.000867895
0.000879637
0.00089147
0.000903396
0.000915417
0.000927534
0.000939749
0.000952064
0.00096448
0.000977
0.000989625
0.00100236
0.00101519
0.00102814
0.0010412
0.00105437
0.00106765
0.00108104
0.00109457
0.00110822
0.00112198
0.00113587
0.00114988
0.00116401
0.00117827
0.00119266
0.00120717
0.00122181
0.00123658
0.00125149
0.00126653
0.0012817
0.001297
0.00131244
0.00132802
0.00134373
0.00135957
0.00137555
0.00139167
0.00140793
0.00142432
0.00144086
0.00145753
0.00147434
0.00149129
0.00150837
0.00152558
0.00154292
0.0015604
0.00157801
0.00159576
0.00161365
0.00163167
0.00164985
0.00166816
0.00168662
0.0017052
0.00172392
0.00174277
0.00176175
0.00178086
0.00180009
0.00181945
0.00183893
0.00185854
0.00187829
0.00189816
0.00191815
0.00193826
0.00195849
0.00197883
0.00199929
0.00201986
0.00204055
0.00206134
0.00208223
0.00210323
0.00212433
0.00214553
0.00216683
0.00218823
0.00220971
0.00223128
0.00225293
0.00227466
0.00229646
0.00231834
0.00234029
0.00236231
0.00238439
0.00240653
0.00242872
0.00245095
0.00247321
0.00249551
0.00251783
0.00254017
0.00256252
0.00258488
0.00260724
0.0026296
0.00265195
0.00267429
0.00269659
0.00271883
0.00274102
0.00276314
0.00278518
0.00280712
0.00282894
0.00285062
0.00287217
0.00289358
0.00291482
0.00293589
0.00295677
0.00297745
0.00299792
0.00301815
0.00303814
0.00305786
0.00307729
0.00309642
0.00311523
0.0031337
0.00315181
0.00316954
0.00318687
0.00320379
0.00322028
0.00323637
0.00325206
0.00326725
0.00328196
0.00329616
0.00330984
0.003323
0.0033356
0.00334765
0.00335912
0.00337
0.00338028
0.00338996
0.00339901
0.00340743
0.00341522
0.00342236
0.00342885
0.00343469
0.00343986
0.00344436
0.0034482
0.00345137
0.00345388
0.00345571
0.00345687
0.00345737
0.00345722
0.0034564
0.00345493
0.00345283
0.00345008
0.00344671
0.00344272
0.00343813
0.00343295
0.00342719
0.00342086
0.003414
0.00340661
0.00339871
0.00339033
0.00338148
0.00337217
0.00336244
0.00335231
0.0033418
0.00333094
0.00331978
0.00330834
0.00329666
0.00328477
0.00327269
0.00326048
0.00324815
0.00323577
0.00322337
0.00321103
0.0031988
0.00318673
0.00317487
0.00316328
0.00315202
0.00314118
0.00313082
0.00312105
0.00311196
0.00310368
0.00309632
0.00308999
0.00308483
0.003081
0.00307864
0.00307795
0.00307914
0.00308243
0.00308808
0.00309637
0.0031076
0.00312211
0.00314028
0.00316251
0.00318935
0.00322164
0.00325941
0.00329846
0.00334079
0.00338888
0.00344252
0.00350145
0.00356516
0.00363327
0.00370534
0.00378099
0.00385987
0.00394161
0.00402555
0.00411095
0.00419728
0.00428359
0.00436944
0.00445471
0.00453815
0.00461932
0.00469787
0.00477356
0.00484672
0.00491748
0.00498483
0.005049
0.00511032
0.00516865
0.00522382
0.00527602
0.00532542
0.00537198
0.00541579
0.00545678
0.00549526
0.00553098
0.00556457
0.00559549
0.00562385
7.26951e-06
2.81163e-05
7.01168e-05
0.000112293
0.000146095
0.000170848
0.000187684
0.000198194
0.000203755
0.000205535
0.000204488
0.00020128
0.000196367
0.000190133
0.000183196
0.000176026
0.000168973
0.00016224
0.000156063
0.000150658
0.00014615
0.000142633
0.000140188
0.000138831
0.000138532
0.00013924
0.000140944
0.000143617
0.000147132
0.000151377
0.000156257
0.000161904
0.000168059
0.000174623
0.0001815
0.000188311
0.00019522
0.000202327
0.000209635
0.000217146
0.000224891
0.000232791
0.000240814
0.000248948
0.000257183
0.000265504
0.000273898
0.000282355
0.000290868
0.000299429
0.000308032
0.000316672
0.000325344
0.000334045
0.000342771
0.000351523
0.000360296
0.000369089
0.000377899
0.000386727
0.000395573
0.000404436
0.000413316
0.000422214
0.000431129
0.000440062
0.000449014
0.000457985
0.000466976
0.000475993
0.000485028
0.000494083
0.000503163
0.000512268
0.000521401
0.000530561
0.000539751
0.000548972
0.000558224
0.000567509
0.00057683
0.000586187
0.000595582
0.000605026
0.000614503
0.000624016
0.000633579
0.000643189
0.000652848
0.000662556
0.000672316
0.000682129
0.000691997
0.000701922
0.000711905
0.000721949
0.000732054
0.000742224
0.000752459
0.000762761
0.000773139
0.000783563
0.000794076
0.000804669
0.000815337
0.000826083
0.000836908
0.000847816
0.000858807
0.000869883
0.000881047
0.0008923
0.000903643
0.000915079
0.000926609
0.000938236
0.00094996
0.000961783
0.000973707
0.000985734
0.000997864
0.0010101
0.00102244
0.00103489
0.00104746
0.00106013
0.00107293
0.00108584
0.00109887
0.00111201
0.00112528
0.00113867
0.00115217
0.0011658
0.00117956
0.00119344
0.00120745
0.00122159
0.00123586
0.00125026
0.00126479
0.00127945
0.00129425
0.00130917
0.00132421
0.00133939
0.0013547
0.00137014
0.00138572
0.00140143
0.00141728
0.00143326
0.0014494
0.00146568
0.00148209
0.00149865
0.00151534
0.00153217
0.00154914
0.00156624
0.00158347
0.00160084
0.00161835
0.00163599
0.00165376
0.00167167
0.0016897
0.00170787
0.00172616
0.00174459
0.00176313
0.00178181
0.00180062
0.00181956
0.00183863
0.00185781
0.00187712
0.00189655
0.00191609
0.00193576
0.00195553
0.00197542
0.00199542
0.00201553
0.00203574
0.00205606
0.00207648
0.00209701
0.00211762
0.00213833
0.00215913
0.00218002
0.00220099
0.00222204
0.00224317
0.00226437
0.00228564
0.00230699
0.00232841
0.0023499
0.00237143
0.00239301
0.00241462
0.00243626
0.00245793
0.00247961
0.0025013
0.00252298
0.00254463
0.00256626
0.00258786
0.00260943
0.00263095
0.00265242
0.00267382
0.00269514
0.00271638
0.00273751
0.00275853
0.00277942
0.00280017
0.00282077
0.00284119
0.00286144
0.00288148
0.00290132
0.00292092
0.00294028
0.00295938
0.00297819
0.0029967
0.00301489
0.00303273
0.00305022
0.00306733
0.00308404
0.00310038
0.00311638
0.0031319
0.00314697
0.00316157
0.00317569
0.00318931
0.00320241
0.00321499
0.00322701
0.00323848
0.00324938
0.00325969
0.00326941
0.00327852
0.00328702
0.00329489
0.00330213
0.00330873
0.00331468
0.00331998
0.00332463
0.00332862
0.00333195
0.00333461
0.00333662
0.00333797
0.00333865
0.00333869
0.00333807
0.0033368
0.0033349
0.00333236
0.0033292
0.00332542
0.00332104
0.00331607
0.00331052
0.0033044
0.00329774
0.00329056
0.00328287
0.00327469
0.00326603
0.00325692
0.00324737
0.0032374
0.00322705
0.00321635
0.00320533
0.00319402
0.00318246
0.00317068
0.00315869
0.00314654
0.00313426
0.00312188
0.00310948
0.0030971
0.00308481
0.00307265
0.00306065
0.00304888
0.00303739
0.00302625
0.00301553
0.00300533
0.00299575
0.0029869
0.00297888
0.00297179
0.00296576
0.00296091
0.00295741
0.00295542
0.00295514
0.00295679
0.0029606
0.00296685
0.00297582
0.00298784
0.00300328
0.00302256
0.00304621
0.00307516
0.00310975
0.00314587
0.00318513
0.00323024
0.0032809
0.00333695
0.00339783
0.00346329
0.00353294
0.00360654
0.00368386
0.00376473
0.00384832
0.00393392
0.00402118
0.00410854
0.00419603
0.00428392
0.00436997
0.00445402
0.00453568
0.00461443
0.00469099
0.00476588
0.00483682
0.00490465
0.00496992
0.00503224
0.00509123
0.00514729
0.0052005
0.0052508
0.00529827
0.00534289
0.00538483
0.00542409
0.00546096
0.00549522
0.00552717
7.42872e-06
2.68668e-05
6.51582e-05
9.86626e-05
0.000121397
0.000134752
0.000141364
0.000143334
0.000142052
0.000138508
0.000133439
0.00012767
0.000121688
0.00011588
0.000110587
0.000106116
0.000102661
0.000100307
9.91154e-05
9.90919e-05
0.000100176
0.000102302
0.000105576
0.000109805
0.000114816
0.000120452
0.000126763
0.000133739
0.000141107
0.000148739
0.000156405
0.00016386
0.00017138
0.000179024
0.000186792
0.000194728
0.000202784
0.000210914
0.000219097
0.000227324
0.000235597
0.000243903
0.000252235
0.000260584
0.000268944
0.000277312
0.000285686
0.000294063
0.000302442
0.000310823
0.000319205
0.000327586
0.000335966
0.000344346
0.000352724
0.000361106
0.00036949
0.000377868
0.000386248
0.000394631
0.000403018
0.00041141
0.000419807
0.00042821
0.000436622
0.000445042
0.000453473
0.000461915
0.000470371
0.000478852
0.000487335
0.000495831
0.000504351
0.000512893
0.000521457
0.000530044
0.000538656
0.000547293
0.000555959
0.000564654
0.00057338
0.000582139
0.000590932
0.000599785
0.000608643
0.000617533
0.000626485
0.000635478
0.000644514
0.000653597
0.000662726
0.000671906
0.000681136
0.000690419
0.000699757
0.000709152
0.000718604
0.000728116
0.00073769
0.000747326
0.00075703
0.000766793
0.000776625
0.000786531
0.00079651
0.000806563
0.000816691
0.000826897
0.000837181
0.000847546
0.000857993
0.000868524
0.000879141
0.000889845
0.000900638
0.000911522
0.000922499
0.00093357
0.000944737
0.000955998
0.000967358
0.000978821
0.000990387
0.00100206
0.00101383
0.00102571
0.00103771
0.00104981
0.00106203
0.00107436
0.0010868
0.00109936
0.00111204
0.00112483
0.00113773
0.00115075
0.00116389
0.00117715
0.00119054
0.00120405
0.00121769
0.00123146
0.00124535
0.00125938
0.00127354
0.00128785
0.00130228
0.00131684
0.00133154
0.00134637
0.00136134
0.00137644
0.00139167
0.00140703
0.00142253
0.00143816
0.00145393
0.00146983
0.00148587
0.00150205
0.00151835
0.00153479
0.00155136
0.00156807
0.00158491
0.00160188
0.00161898
0.00163621
0.00165357
0.00167106
0.00168868
0.00170643
0.00172431
0.00174232
0.00176046
0.00177872
0.0017971
0.0018156
0.00183423
0.00185297
0.00187183
0.00189081
0.0019099
0.0019291
0.00194841
0.00196783
0.00198737
0.00200702
0.00202679
0.00204665
0.00206661
0.00208667
0.00210681
0.00212704
0.00214736
0.00216776
0.00218823
0.00220876
0.00222934
0.00224998
0.00227067
0.00229142
0.00231221
0.00233304
0.00235389
0.00237478
0.00239569
0.00241661
0.00243753
0.00245845
0.00247936
0.00250025
0.0025211
0.00254191
0.00256267
0.00258337
0.00260399
0.00262452
0.00264496
0.00266529
0.00268549
0.00270556
0.00272547
0.00274522
0.0027648
0.00278418
0.00280335
0.00282229
0.002841
0.00285943
0.00287759
0.00289543
0.00291296
0.00293015
0.00294698
0.00296347
0.00297965
0.00299539
0.00301073
0.00302562
0.00304007
0.00305406
0.00306757
0.00308057
0.00309307
0.00310503
0.00311646
0.00312733
0.00313763
0.00314735
0.00315648
0.00316502
0.00317294
0.00318024
0.00318692
0.00319296
0.00319836
0.00320313
0.00320724
0.0032107
0.00321351
0.00321568
0.00321718
0.00321804
0.00321826
0.00321782
0.00321675
0.00321504
0.0032127
0.00320974
0.00320617
0.003202
0.00319724
0.0031919
0.00318599
0.00317955
0.00317258
0.00316511
0.00315714
0.0031487
0.00313979
0.00313043
0.00312066
0.00311049
0.00309996
0.0030891
0.00307797
0.00306657
0.00305492
0.00304306
0.00303101
0.0030188
0.00300648
0.0029941
0.00298175
0.00296945
0.00295726
0.00294519
0.00293329
0.00292162
0.00291024
0.00289923
0.00288866
0.00287864
0.00286926
0.00286061
0.0028528
0.00284593
0.00284014
0.00283555
0.00283234
0.00283068
0.00283078
0.00283286
0.00283717
0.00284399
0.00285362
0.00286642
0.00288278
0.00290323
0.00292864
0.00295964
0.00299297
0.00302914
0.00307119
0.00311861
0.00317147
0.00322902
0.0032913
0.00335787
0.00342873
0.00350375
0.00358321
0.00366565
0.00375083
0.00383866
0.00392692
0.00401588
0.00410492
0.00419299
0.00427951
0.004364
0.00444609
0.00452626
0.0046041
0.00467817
0.00474941
0.00481868
0.00488506
0.00494774
0.00500768
0.00506481
0.00511888
0.00517011
0.00521837
0.00526388
0.00530671
0.00534696
0.0053847
0.00542013
7.5352e-06
2.52088e-05
5.62884e-05
7.6222e-05
8.54076e-05
8.81683e-05
8.72193e-05
8.40205e-05
7.9891e-05
7.56578e-05
7.18854e-05
6.88793e-05
6.68365e-05
6.58969e-05
6.61274e-05
6.75132e-05
7.0007e-05
7.3688e-05
7.84486e-05
8.40684e-05
9.03257e-05
9.70481e-05
0.000104709
0.000112766
0.000121015
0.000129269
0.000137226
0.000145035
0.000152868
0.000160756
0.000168747
0.000176823
0.000184917
0.000193014
0.000201109
0.000209207
0.000217307
0.000225402
0.000233485
0.000241554
0.000249608
0.000257643
0.00026567
0.000273678
0.000281662
0.000289628
0.000297578
0.000305512
0.000313433
0.00032134
0.000329235
0.000337119
0.000344993
0.000352859
0.000360715
0.000368575
0.00037643
0.000384265
0.000392104
0.000399944
0.000407785
0.000415628
0.000423475
0.000431326
0.000439184
0.000447049
0.000454923
0.000462807
0.000470708
0.000478645
0.000486547
0.000494476
0.000502439
0.00051042
0.000518421
0.000526444
0.00053449
0.00054256
0.000550657
0.000558783
0.00056694
0.000575128
0.000583349
0.000591613
0.000599907
0.000608233
0.000616602
0.000625013
0.000633466
0.000641963
0.000650506
0.000659097
0.000667736
0.000676425
0.000685166
0.00069396
0.00070281
0.000711716
0.00072068
0.000729704
0.00073879
0.000747936
0.000757145
0.000766423
0.00077577
0.000785187
0.000794675
0.000804236
0.000813871
0.000823582
0.000833371
0.000843239
0.000853187
0.000863219
0.000873334
0.000883535
0.000893823
0.0009042
0.000914667
0.000925221
0.000935866
0.000946603
0.000957436
0.000968366
0.000979395
0.000990525
0.00100176
0.0010131
0.00102454
0.00103609
0.00104775
0.00105952
0.0010714
0.00108341
0.00109553
0.00110778
0.00112013
0.00113261
0.00114521
0.00115792
0.00117075
0.00118371
0.00119679
0.00120999
0.00122332
0.00123677
0.00125035
0.00126405
0.00127789
0.00129185
0.00130594
0.00132017
0.00133452
0.001349
0.00136361
0.00137836
0.00139323
0.00140825
0.00142339
0.00143866
0.00145406
0.00146959
0.00148525
0.00150105
0.00151697
0.00153303
0.00154922
0.00156553
0.00158198
0.00159855
0.00161525
0.00163208
0.00164904
0.00166613
0.00168337
0.00170073
0.00171822
0.00173583
0.00175357
0.00177142
0.0017894
0.00180749
0.0018257
0.00184403
0.00186246
0.00188101
0.00189966
0.00191839
0.00193723
0.00195617
0.00197522
0.00199435
0.00201359
0.00203291
0.00205233
0.00207182
0.0020914
0.00211106
0.0021308
0.0021506
0.00217046
0.00219039
0.00221036
0.00223038
0.00225045
0.00227055
0.00229068
0.00231083
0.00233099
0.00235117
0.00237134
0.0023915
0.00241165
0.00243176
0.00245184
0.00247186
0.00249183
0.00251172
0.00253153
0.00255125
0.00257086
0.00259035
0.0026097
0.00262891
0.00264796
0.00266683
0.00268552
0.002704
0.00272226
0.00274027
0.00275801
0.00277547
0.00279263
0.00280946
0.00282599
0.00284225
0.00285812
0.0028736
0.0028887
0.00290338
0.00291763
0.00293143
0.00294478
0.00295764
0.00297002
0.00298188
0.00299322
0.00300402
0.00301427
0.00302396
0.00303308
0.00304161
0.00304955
0.00305689
0.00306361
0.00306971
0.00307519
0.00308004
0.00308426
0.00308783
0.00309077
0.00309307
0.00309472
0.00309574
0.00309612
0.00309586
0.00309497
0.00309344
0.0030913
0.00308854
0.00308517
0.00308121
0.00307666
0.00307153
0.00306584
0.00305962
0.00305288
0.00304564
0.00303791
0.00302969
0.003021
0.00301187
0.0030023
0.00299234
0.002982
0.00297134
0.00296041
0.00294921
0.00293775
0.00292605
0.00291413
0.00290205
0.00288982
0.00287751
0.00286518
0.00285286
0.00284061
0.00282844
0.00281639
0.00280451
0.00279288
0.00278155
0.00277062
0.00276016
0.00275027
0.00274103
0.00273254
0.00272491
0.00271823
0.00271265
0.00270831
0.00270539
0.00270408
0.00270459
0.00270713
0.00271197
0.00271939
0.00272971
0.00274331
0.00276067
0.00278242
0.00281035
0.00284033
0.00287349
0.00291244
0.00295634
0.00300572
0.00305934
0.00311798
0.0031808
0.00324819
0.0033202
0.0033979
0.0034791
0.00356343
0.00365026
0.00373863
0.00382809
0.003918
0.00400753
0.00409605
0.00418299
0.00426802
0.00435117
0.00443208
0.00450984
0.00458501
0.00465779
0.00472696
0.00479306
0.00485698
0.00491815
0.00497594
0.00503103
0.00508293
0.0051321
0.00517858
0.00522233
0.00526356
0.00530248
8.37409e-06
2.86387e-05
3.95024e-05
4.32013e-05
4.30589e-05
4.161e-05
4.00246e-05
3.88866e-05
3.8505e-05
3.91066e-05
4.07691e-05
4.34908e-05
4.73477e-05
5.23712e-05
5.83292e-05
6.4944e-05
7.20182e-05
7.99209e-05
8.83911e-05
9.7034e-05
0.000105606
0.000113914
0.000121848
0.000129689
0.000137516
0.000145383
0.000153331
0.00016125
0.000169134
0.000176971
0.000184772
0.000192548
0.000200295
0.000208009
0.00021569
0.000223338
0.000230956
0.000238546
0.000246109
0.000253644
0.000261154
0.00026863
0.000276105
0.000283545
0.000290949
0.00029834
0.000305715
0.000313075
0.00032042
0.000327754
0.000335076
0.000342389
0.000349694
0.000356993
0.000364282
0.000371594
0.000378888
0.000386143
0.000393434
0.000400724
0.000408017
0.000415313
0.000422615
0.000429923
0.00043724
0.000444567
0.000451905
0.000459255
0.000466618
0.000474006
0.0004814
0.00048881
0.000496242
0.000503696
0.000511173
0.000518671
0.000526193
0.000533739
0.000541313
0.000548917
0.000556553
0.000564221
0.000571921
0.000579657
0.000587429
0.000595236
0.000603081
0.000610967
0.000618893
0.000626863
0.000634876
0.000642935
0.000651041
0.000659195
0.000667399
0.000675653
0.000683961
0.000692322
0.000700739
0.000709213
0.000717744
0.00072633
0.000734977
0.000743684
0.000752453
0.000761287
0.000770187
0.000779156
0.000788194
0.000797303
0.000806485
0.000815741
0.000825073
0.000834482
0.00084397
0.000853538
0.000863188
0.00087292
0.000882737
0.000892652
0.000902659
0.000912757
0.000922945
0.000933227
0.000943601
0.000954071
0.000964639
0.000975304
0.00098607
0.000996937
0.00100791
0.00101898
0.00103016
0.00104144
0.00105283
0.00106434
0.00107595
0.00108768
0.00109951
0.00111146
0.00112353
0.0011357
0.001148
0.00116041
0.00117295
0.0011856
0.00119837
0.00121126
0.00122428
0.00123742
0.00125069
0.00126408
0.00127759
0.00129123
0.001305
0.00131889
0.00133291
0.00134707
0.00136136
0.00137578
0.00139033
0.001405
0.00141981
0.00143474
0.0014498
0.00146499
0.00148031
0.00149575
0.00151133
0.00152703
0.00154286
0.00155881
0.0015749
0.00159109
0.0016074
0.00162383
0.00164039
0.00165707
0.00167387
0.00169079
0.00170782
0.00172498
0.00174225
0.00175964
0.00177714
0.00179475
0.00181248
0.00183032
0.00184826
0.0018663
0.00188445
0.00190271
0.00192105
0.0019395
0.00195803
0.00197666
0.00199537
0.00201416
0.00203304
0.00205198
0.002071
0.00209008
0.00210922
0.00212841
0.00214765
0.00216694
0.00218626
0.00220562
0.002225
0.0022444
0.0022638
0.00228321
0.00230261
0.00232199
0.00234135
0.00236067
0.00237994
0.00239915
0.0024183
0.00243736
0.00245633
0.0024752
0.00249395
0.00251257
0.00253105
0.00254938
0.00256754
0.00258551
0.00260328
0.00262081
0.0026381
0.00265512
0.00267186
0.00268832
0.00270455
0.00272043
0.00273597
0.00275115
0.00276596
0.00278038
0.00279439
0.00280797
0.00282111
0.00283379
0.002846
0.00285772
0.00286893
0.00287963
0.0028898
0.00289942
0.00290848
0.00291699
0.00292491
0.00293225
0.00293899
0.00294513
0.00295066
0.00295557
0.00295987
0.00296354
0.00296658
0.00296899
0.00297078
0.00297195
0.00297248
0.00297239
0.00297167
0.00297033
0.00296837
0.00296581
0.00296265
0.00295889
0.00295455
0.00294965
0.00294418
0.00293819
0.0029317
0.00292471
0.00291723
0.00290927
0.00290082
0.00289193
0.0028826
0.00287287
0.00286275
0.0028523
0.00284154
0.0028305
0.00281919
0.0028076
0.00279578
0.00278376
0.00277157
0.00275928
0.00274693
0.00273456
0.00272221
0.00270991
0.00269767
0.00268556
0.00267364
0.00266199
0.00265069
0.0026398
0.00262942
0.00261963
0.00261053
0.0026022
0.00259473
0.00258825
0.00258293
0.00257891
0.00257637
0.00257549
0.0025765
0.00257961
0.00258508
0.00259319
0.00260429
0.00261878
0.00263717
0.00266112
0.00268848
0.00271904
0.00275512
0.0027953
0.00284115
0.0028901
0.0029447
0.00300277
0.00306634
0.00313549
0.00320994
0.0032887
0.00337114
0.00345649
0.00354412
0.00363341
0.00372359
0.00381399
0.00390394
0.00399283
0.00408026
0.00416604
0.00424981
0.00433097
0.00440962
0.00448578
0.00455872
0.00462884
0.00469627
0.00476032
0.0048217
0.00488079
0.00493626
0.00498917
0.00503942
0.00508674
0.00513152
0.00517397
6.43877e-06
9.23261e-06
1.54318e-05
1.64702e-05
1.77867e-05
1.98088e-05
2.26719e-05
2.65434e-05
3.1469e-05
3.73245e-05
4.38542e-05
5.09101e-05
5.86822e-05
6.72096e-05
7.5916e-05
8.44379e-05
9.26794e-05
0.000100579
0.000108236
0.000115809
0.000123366
0.000131009
0.000138596
0.000146102
0.000153535
0.000160907
0.000168244
0.000175535
0.000182804
0.000190009
0.000197162
0.000204283
0.000211371
0.000218429
0.000225455
0.000232453
0.000239423
0.00024637
0.000253294
0.000260194
0.000267077
0.000273925
0.000280814
0.000287622
0.000294404
0.000301207
0.000307995
0.000314774
0.000321546
0.000328312
0.000335074
0.000341832
0.000348587
0.000355343
0.000362097
0.000368859
0.000375626
0.000382386
0.000389154
0.00039593
0.000402714
0.000409506
0.000416308
0.000423121
0.000429945
0.000436782
0.000443634
0.000450501
0.000457385
0.000464288
0.00047121
0.000478151
0.000485113
0.000492098
0.000499107
0.000506137
0.000513191
0.000520271
0.00052738
0.000534515
0.000541681
0.000548877
0.000556106
0.000563369
0.000570668
0.000578002
0.000585374
0.000592785
0.000600236
0.000607728
0.000615263
0.000622841
0.000630465
0.000638135
0.000645852
0.000653618
0.000661434
0.000669301
0.000677222
0.000685197
0.000693231
0.00070133
0.000709489
0.000717708
0.000725985
0.000734322
0.000742723
0.000751188
0.000759719
0.000768316
0.000776983
0.000785719
0.000794526
0.000803405
0.000812359
0.000821388
0.000830493
0.000839677
0.00084894
0.000858282
0.000867707
0.000877216
0.00088681
0.000896491
0.00090626
0.000916118
0.000926066
0.000936106
0.00094624
0.000956469
0.000966793
0.000977215
0.000987735
0.000998354
0.00100908
0.00101991
0.00103084
0.00104188
0.00105303
0.00106429
0.00107565
0.00108713
0.00109871
0.00111041
0.00112222
0.00113414
0.00114617
0.00115832
0.00117059
0.00118298
0.00119548
0.00120811
0.00122085
0.00123371
0.00124669
0.0012598
0.00127302
0.00128635
0.0012998
0.00131337
0.00132707
0.00134088
0.00135482
0.00136889
0.00138307
0.00139738
0.00141182
0.00142637
0.00144105
0.00145586
0.00147079
0.00148584
0.00150102
0.00151632
0.00153174
0.00154729
0.00156295
0.00157874
0.00159464
0.00161067
0.00162681
0.00164307
0.00165944
0.00167593
0.00169253
0.00170924
0.00172607
0.00174301
0.00176005
0.0017772
0.00179446
0.00181182
0.00182928
0.00184683
0.00186448
0.00188223
0.00190006
0.00191798
0.00193598
0.00195405
0.00197221
0.00199043
0.00200872
0.00202707
0.00204547
0.00206393
0.00208242
0.00210096
0.00211954
0.00213813
0.00215675
0.00217537
0.002194
0.00221262
0.00223123
0.00224981
0.00226836
0.00228686
0.0023053
0.00232368
0.00234198
0.00236019
0.00237829
0.00239629
0.00241417
0.00243191
0.0024495
0.00246692
0.00248415
0.00250117
0.00251796
0.0025345
0.00255079
0.0025669
0.00258269
0.00259818
0.00261335
0.00262818
0.00264267
0.00265678
0.0026705
0.00268382
0.00269672
0.00270918
0.00272118
0.00273272
0.00274378
0.00275433
0.00276438
0.0027739
0.00278289
0.00279133
0.00279921
0.00280652
0.00281325
0.0028194
0.00282496
0.00282992
0.00283427
0.00283802
0.00284115
0.00284367
0.00284559
0.00284689
0.00284757
0.00284764
0.00284709
0.00284593
0.00284417
0.0028418
0.00283885
0.00283531
0.0028312
0.00282652
0.0028213
0.00281554
0.00280927
0.00280251
0.00279525
0.00278749
0.00277925
0.00277054
0.0027614
0.00275184
0.00274189
0.00273159
0.00272096
0.00271004
0.00269881
0.00268727
0.00267547
0.00266344
0.00265124
0.0026389
0.00262647
0.00261399
0.00260151
0.00258904
0.00257655
0.00256415
0.00255192
0.00253993
0.00252824
0.00251694
0.0025061
0.00249581
0.00248615
0.00247723
0.00246911
0.00246193
0.00245582
0.00245092
0.00244739
0.0024454
0.00244514
0.00244682
0.00245066
0.0024569
0.00246585
0.00247783
0.00249298
0.00251345
0.00253818
0.00256695
0.00260056
0.00263681
0.00267963
0.00272275
0.00277216
0.00282566
0.00288493
0.00294979
0.00302019
0.0030954
0.00317484
0.00325794
0.00334406
0.00343245
0.00352221
0.0036128
0.00370358
0.00379384
0.00388309
0.00397107
0.00405738
0.00414149
0.0042233
0.00430274
0.00437934
0.00445313
0.00452411
0.00459197
0.00465733
0.00471911
0.00477797
0.00483477
0.00488897
0.00493983
0.00498829
0.00503428
1.27289e-05
9.04588e-06
1.1613e-05
1.60197e-05
2.1202e-05
2.71623e-05
3.37587e-05
4.11046e-05
4.90735e-05
5.72013e-05
6.50852e-05
7.2778e-05
8.02728e-05
8.7463e-05
9.44857e-05
0.000101493
0.000108552
0.000115595
0.000122568
0.000129463
0.000136284
0.000143065
0.000149807
0.000156503
0.000163154
0.00016976
0.00017633
0.000182868
0.00018942
0.000195869
0.000202299
0.000208732
0.000215141
0.00022153
0.000227901
0.000234256
0.000240597
0.000246925
0.000253242
0.000259541
0.000265832
0.000272106
0.000278386
0.000284654
0.000290908
0.000297161
0.000303413
0.000309663
0.000315911
0.000322159
0.000328409
0.000334662
0.00034092
0.000347184
0.000353454
0.000359732
0.000366021
0.000372317
0.000378623
0.00038494
0.000391269
0.00039761
0.000403965
0.000410335
0.00041672
0.000423122
0.000429541
0.000435979
0.000442436
0.000448914
0.000455415
0.000461937
0.000468483
0.000475054
0.000481649
0.000488277
0.000494938
0.00050163
0.000508351
0.000515102
0.000521883
0.000528695
0.00053554
0.000542419
0.000549332
0.000556282
0.000563267
0.000570291
0.000577354
0.000584457
0.000591601
0.000598787
0.000606016
0.00061329
0.000620609
0.000627974
0.000635387
0.000642849
0.000650363
0.000657929
0.000665547
0.000673216
0.000680941
0.000688723
0.000696562
0.00070446
0.000712418
0.000720436
0.000728516
0.000736658
0.000744864
0.000753136
0.000761474
0.00076988
0.000778355
0.0007869
0.000795516
0.000804205
0.000812968
0.000821805
0.000830719
0.000839711
0.000848783
0.000857935
0.000867168
0.000876485
0.000885886
0.000895373
0.000904947
0.000914609
0.00092436
0.000934203
0.000944136
0.000954164
0.000964278
0.000974482
0.000984781
0.000995178
0.00100567
0.00101627
0.00102697
0.00103777
0.00104867
0.00105967
0.00107078
0.001082
0.00109332
0.00110475
0.00111629
0.00112794
0.0011397
0.00115158
0.00116356
0.00117566
0.00118787
0.00120019
0.00121263
0.00122519
0.00123786
0.00125064
0.00126355
0.00127657
0.0012897
0.00130296
0.00131633
0.00132982
0.00134343
0.00135715
0.001371
0.00138496
0.00139905
0.00141325
0.00142757
0.00144201
0.00145658
0.00147125
0.00148605
0.00150096
0.00151599
0.00153114
0.0015464
0.00156177
0.00157726
0.00159287
0.00160858
0.0016244
0.00164034
0.00165638
0.00167254
0.0016888
0.00170516
0.00172163
0.0017382
0.00175487
0.00177163
0.00178849
0.00180544
0.00182248
0.0018396
0.0018568
0.00187408
0.00189144
0.00190886
0.00192635
0.0019439
0.00196151
0.00197916
0.00199687
0.00201461
0.00203239
0.00205019
0.00206801
0.00208585
0.00210368
0.00212151
0.00213933
0.00215712
0.00217488
0.00219259
0.00221025
0.00222785
0.00224537
0.0022628
0.00228014
0.00229738
0.0023145
0.00233149
0.00234833
0.00236499
0.00238146
0.0023977
0.00241374
0.00242962
0.00244522
0.00246057
0.00247563
0.00249039
0.00250485
0.00251896
0.00253273
0.00254614
0.00255916
0.00257178
0.00258398
0.00259575
0.00260708
0.00261794
0.00262832
0.00263822
0.00264761
0.00265649
0.00266484
0.00267265
0.00267992
0.00268662
0.00269276
0.00269833
0.00270332
0.00270772
0.00271153
0.00271474
0.00271736
0.00271937
0.00272079
0.00272159
0.00272179
0.00272138
0.00272037
0.00271876
0.00271656
0.00271378
0.00271042
0.00270648
0.00270199
0.00269695
0.00269139
0.0026853
0.00267872
0.00267163
0.00266402
0.00265591
0.00264732
0.00263829
0.00262883
0.00261898
0.00260875
0.00259819
0.0025873
0.00257609
0.00256451
0.00255263
0.00254051
0.00252819
0.00251571
0.00250313
0.00249048
0.0024778
0.00246512
0.00245245
0.00243986
0.00242741
0.00241518
0.00240324
0.00239165
0.00238049
0.00236984
0.00235979
0.00235042
0.00234182
0.00233411
0.00232739
0.0023218
0.00231749
0.00231461
0.00231332
0.00231382
0.00231629
0.00232095
0.00232806
0.00233783
0.00234973
0.00236765
0.00239034
0.00241796
0.00244967
0.00248196
0.00252008
0.00255793
0.00260235
0.00265142
0.00270574
0.00276558
0.00283114
0.00290179
0.00297703
0.00305659
0.00313986
0.00322603
0.00331439
0.00340444
0.0034954
0.00358638
0.00367681
0.00376648
0.00385492
0.00394153
0.00402615
0.00410863
0.0041886
0.00426589
0.00434041
0.00441206
0.00448106
0.00454675
0.00460966
0.00466997
0.00472695
0.00478121
0.00483356
0.00488309
2.04707e-05
2.15891e-05
2.81378e-05
3.47328e-05
4.10782e-05
4.73219e-05
5.35557e-05
5.97118e-05
6.57689e-05
7.18092e-05
7.79812e-05
8.41874e-05
9.05058e-05
9.67657e-05
0.000102897
0.000109038
0.000115157
0.000121249
0.000127304
0.000133326
0.000139314
0.000145275
0.000151215
0.000157137
0.000163041
0.000168927
0.0001748
0.000180654
0.000186509
0.000192347
0.00019817
0.000203988
0.0002098
0.000215608
0.000221412
0.000227214
0.000233013
0.000238812
0.000244608
0.000250414
0.000256227
0.000262041
0.00026786
0.000273684
0.00027951
0.000285339
0.000291173
0.000297014
0.000302862
0.000308716
0.00031458
0.000320453
0.000326336
0.00033223
0.000338137
0.000344055
0.000349987
0.000355932
0.000361891
0.000367864
0.000373851
0.000379855
0.000385874
0.000391911
0.000397966
0.00040404
0.000410133
0.000416247
0.000422383
0.000428541
0.000434723
0.000440928
0.000447158
0.000453414
0.000459695
0.000466001
0.000472334
0.000478696
0.000485087
0.000491509
0.00049796
0.000504443
0.000510959
0.000517507
0.000524089
0.000530706
0.000537359
0.000544048
0.000550776
0.000557541
0.000564347
0.000571192
0.000578079
0.000585008
0.000591979
0.000598995
0.000606055
0.000613161
0.000620309
0.000627501
0.000634742
0.000642031
0.00064937
0.000656762
0.000664207
0.000671707
0.000679262
0.000686873
0.000694541
0.000702268
0.000710054
0.000717901
0.000725809
0.00073378
0.000741814
0.000749913
0.000758079
0.000766311
0.000774611
0.00078298
0.00079142
0.000799932
0.000808516
0.000817175
0.000825909
0.000834719
0.000843607
0.000852574
0.000861621
0.000870749
0.000879959
0.000889252
0.00089863
0.000908094
0.000917646
0.000927285
0.000937013
0.00094683
0.000956739
0.00096674
0.000976835
0.000987024
0.000997309
0.00100769
0.00101817
0.00102875
0.00103942
0.0010502
0.00106108
0.00107206
0.00108314
0.00109433
0.00110562
0.00111702
0.00112852
0.00114013
0.00115185
0.00116367
0.00117561
0.00118765
0.00119981
0.00121207
0.00122445
0.00123694
0.00124953
0.00126224
0.00127507
0.001288
0.00130105
0.00131421
0.00132748
0.00134087
0.00135437
0.00136799
0.00138172
0.00139556
0.00140952
0.00142359
0.00143777
0.00145207
0.00146647
0.00148099
0.00149561
0.00151035
0.0015252
0.00154015
0.00155521
0.00157038
0.00158566
0.00160104
0.00161652
0.00163211
0.00164779
0.00166358
0.00167946
0.00169543
0.0017115
0.00172765
0.00174389
0.00176021
0.00177662
0.00179309
0.00180965
0.00182627
0.00184295
0.0018597
0.0018765
0.00189336
0.00191026
0.0019272
0.00194417
0.00196117
0.00197819
0.00199522
0.00201225
0.00202928
0.00204629
0.00206328
0.00208024
0.00209715
0.00211401
0.00213081
0.00214754
0.00216419
0.00218076
0.00219724
0.00221359
0.00222981
0.00224587
0.00226175
0.00227743
0.00229299
0.00230832
0.00232342
0.00233828
0.00235288
0.00236721
0.00238124
0.00239496
0.00240835
0.0024214
0.00243408
0.00244639
0.0024583
0.0024698
0.00248088
0.00249151
0.00250169
0.0025114
0.00252063
0.00252937
0.00253759
0.00254531
0.00255249
0.00255913
0.00256523
0.00257077
0.00257575
0.00258016
0.002584
0.00258725
0.00258993
0.00259201
0.0025935
0.00259438
0.00259467
0.00259435
0.00259344
0.00259194
0.00258985
0.00258718
0.00258394
0.00258013
0.00257576
0.00257085
0.0025654
0.00255943
0.00255295
0.00254596
0.00253841
0.00253034
0.00252179
0.00251277
0.00250332
0.00249345
0.0024832
0.00247259
0.00246164
0.00245037
0.00243875
0.00242684
0.00241468
0.0024023
0.00238976
0.0023771
0.00236435
0.00235156
0.00233877
0.002326
0.0023133
0.00230074
0.00228838
0.00227629
0.00226453
0.00225318
0.00224231
0.002232
0.00222234
0.00221342
0.00220532
0.00219817
0.00219207
0.00218715
0.00218357
0.00218146
0.00218099
0.00218233
0.00218565
0.00219117
0.00219898
0.00220718
0.00222442
0.0022453
0.00227257
0.00230249
0.00233033
0.00236219
0.00239681
0.00243666
0.00248129
0.00253089
0.00258568
0.00264576
0.00271085
0.00278069
0.00285545
0.00293452
0.00301705
0.00310245
0.00319052
0.00328028
0.00337087
0.00346172
0.00355251
0.00364262
0.00373122
0.0038182
0.00390342
0.00398649
0.00406703
0.00414495
0.00422021
0.00429284
0.00436246
0.00442918
0.00449311
0.00455391
0.00461208
0.00466703
0.00471999
2.53608e-05
2.73497e-05
3.18035e-05
3.60946e-05
4.08802e-05
4.64529e-05
5.2338e-05
5.83409e-05
6.43603e-05
7.03112e-05
7.6175e-05
8.19606e-05
8.76789e-05
9.33711e-05
9.89953e-05
0.000104585
0.000110153
0.000115692
0.000121201
0.00012669
0.000132161
0.000137617
0.000143062
0.000148495
0.000153922
0.00015934
0.000164753
0.000170161
0.000175567
0.000180973
0.000186379
0.000191784
0.00019719
0.000202599
0.000208011
0.000213428
0.000218849
0.000224274
0.000229704
0.000235135
0.000240571
0.000246012
0.000251459
0.000256915
0.000262379
0.000267852
0.000273336
0.00027883
0.000284337
0.000289856
0.000295388
0.000300934
0.000306495
0.00031207
0.00031766
0.000323266
0.000328886
0.000334522
0.000340174
0.000345842
0.000351526
0.000357228
0.000362948
0.000368687
0.000374446
0.000380225
0.000386025
0.000391848
0.000397694
0.000403563
0.000409456
0.000415373
0.000421315
0.000427283
0.000433276
0.000439295
0.00044534
0.000451412
0.000457513
0.000463643
0.000469802
0.000475991
0.000482212
0.000488464
0.000494749
0.000501068
0.00050742
0.000513808
0.000520231
0.000526691
0.000533188
0.000539722
0.000546295
0.000552907
0.000559559
0.000566251
0.000572985
0.000579762
0.000586582
0.000593447
0.000600356
0.00060731
0.000614311
0.000621359
0.000628456
0.000635603
0.000642801
0.00065005
0.000657351
0.000664706
0.000672116
0.00067958
0.0006871
0.000694678
0.000702313
0.000710008
0.000717762
0.000725578
0.000733455
0.000741396
0.000749401
0.000757471
0.000765607
0.000773811
0.000782083
0.000790425
0.000798837
0.000807321
0.000815877
0.000824508
0.000833213
0.000841994
0.000850851
0.000859787
0.000868802
0.000877897
0.000887073
0.000896331
0.000905672
0.000915097
0.000924607
0.000934204
0.000943887
0.000953659
0.00096352
0.000973471
0.000983513
0.000993646
0.00100387
0.00101419
0.00102461
0.00103512
0.00104572
0.00105643
0.00106723
0.00107813
0.00108913
0.00110022
0.00111142
0.00112273
0.00113413
0.00114563
0.00115724
0.00116895
0.00118077
0.00119269
0.00120471
0.00121684
0.00122908
0.00124142
0.00125386
0.00126642
0.00127908
0.00129185
0.00130472
0.0013177
0.00133079
0.00134399
0.00135729
0.0013707
0.00138421
0.00139784
0.00141156
0.00142539
0.00143933
0.00145337
0.00146751
0.00148176
0.00149611
0.00151056
0.0015251
0.00153975
0.0015545
0.00156934
0.00158427
0.0015993
0.00161442
0.00162962
0.00164491
0.00166028
0.00167574
0.00169127
0.00170687
0.00172254
0.00173828
0.00175408
0.00176994
0.00178586
0.00180182
0.00181783
0.00183388
0.00184995
0.00186606
0.00188218
0.00189831
0.00191444
0.00193057
0.00194668
0.00196278
0.00197883
0.00199485
0.00201082
0.00202673
0.00204258
0.00205837
0.00207409
0.00208969
0.00210518
0.00212052
0.00213569
0.00215076
0.00216564
0.00218033
0.00219481
0.00220907
0.00222309
0.00223686
0.00225035
0.00226356
0.00227646
0.00228904
0.00230127
0.00231315
0.00232466
0.00233578
0.00234649
0.00235679
0.00236666
0.00237608
0.00238504
0.00239352
0.00240152
0.00240903
0.00241603
0.0024225
0.00242846
0.00243387
0.00243874
0.00244306
0.00244682
0.00245001
0.00245264
0.00245469
0.00245615
0.002457
0.00245726
0.00245693
0.002456
0.00245449
0.00245239
0.00244972
0.00244647
0.00244265
0.00243827
0.00243334
0.00242787
0.00242188
0.00241536
0.00240833
0.00240077
0.00239269
0.00238413
0.0023751
0.00236562
0.00235572
0.00234543
0.00233478
0.00232377
0.00231244
0.00230079
0.00228884
0.00227664
0.00226423
0.00225165
0.00223893
0.00222613
0.00221328
0.00220043
0.0021876
0.00217485
0.00216224
0.00214982
0.00213765
0.0021258
0.00211435
0.00210335
0.00209288
0.00208303
0.00207387
0.0020655
0.00205801
0.0020515
0.00204609
0.0020419
0.00203907
0.00203773
0.00203803
0.00204011
0.00204413
0.00204994
0.00205542
0.00207107
0.00209099
0.00211928
0.00214244
0.00216597
0.00219372
0.00222492
0.00226042
0.00230038
0.00234499
0.00239443
0.00244881
0.00250804
0.002572
0.00264066
0.00271365
0.00279043
0.00287068
0.00295488
0.00304161
0.00312999
0.00321951
0.00330997
0.00340054
0.00349046
0.00357942
0.00366717
0.00375322
0.00383691
0.00391822
0.00399715
0.0040736
0.00414728
0.00421805
0.004286
0.00435101
0.0044132
0.00447232
0.00452932
3.94516e-05
4.05785e-05
4.22043e-05
4.40958e-05
4.63652e-05
4.90215e-05
5.21141e-05
5.5473e-05
5.92768e-05
6.33571e-05
6.76487e-05
7.21541e-05
7.67762e-05
8.15504e-05
8.63518e-05
9.12854e-05
9.6254e-05
0.000101164
0.000106126
0.000111118
0.000116126
0.000121143
0.000126169
0.0001312
0.000136239
0.000141281
0.00014633
0.000151383
0.000156441
0.000161516
0.000166597
0.000171679
0.000176769
0.00018187
0.000186982
0.000192102
0.000197229
0.000202362
0.000207502
0.000212647
0.000217798
0.000222957
0.000228124
0.000233302
0.000238491
0.000243693
0.000248911
0.000254142
0.000259388
0.000264649
0.000269927
0.000275222
0.000280533
0.000285861
0.000291204
0.000296562
0.000301936
0.000307325
0.00031273
0.000318153
0.000323592
0.00032905
0.000334526
0.000340022
0.000345539
0.000351076
0.000356636
0.000362219
0.000367824
0.000373453
0.000379106
0.000384782
0.000390482
0.000396205
0.000401953
0.000407726
0.000413524
0.000419347
0.000425197
0.000431074
0.00043698
0.000442913
0.000448876
0.00045487
0.000460894
0.000466949
0.000473036
0.000479156
0.000485309
0.000491496
0.000497716
0.000503971
0.000510262
0.000516588
0.00052295
0.00052935
0.000535787
0.000542263
0.000548778
0.000555334
0.000561931
0.000568569
0.000575249
0.000581973
0.000588741
0.000595554
0.000602412
0.000609317
0.000616269
0.000623269
0.000630318
0.000637416
0.000644565
0.000651764
0.000659016
0.000666321
0.00067368
0.000681093
0.000688562
0.000696088
0.000703671
0.000711312
0.000719013
0.000726774
0.000734597
0.000742482
0.00075043
0.000758442
0.000766518
0.000774661
0.000782871
0.000791148
0.000799495
0.00080791
0.000816397
0.000824955
0.000833586
0.000842291
0.00085107
0.000859924
0.000868855
0.000877863
0.000886949
0.000896114
0.00090536
0.000914686
0.000924094
0.000933584
0.000943158
0.000952816
0.00096256
0.00097239
0.000982306
0.00099231
0.0010024
0.00101259
0.00102286
0.00103322
0.00104367
0.00105422
0.00106486
0.00107559
0.00108642
0.00109734
0.00110835
0.00111946
0.00113067
0.00114197
0.00115337
0.00116487
0.00117647
0.00118816
0.00119995
0.00121184
0.00122383
0.00123592
0.00124811
0.0012604
0.00127279
0.00128528
0.00129786
0.00131055
0.00132333
0.00133621
0.00134919
0.00136227
0.00137545
0.00138872
0.00140209
0.00141555
0.00142911
0.00144277
0.00145651
0.00147035
0.00148428
0.0014983
0.0015124
0.00152659
0.00154086
0.00155521
0.00156964
0.00158414
0.00159872
0.00161337
0.00162808
0.00164286
0.00165769
0.00167258
0.00168752
0.00170251
0.00171754
0.0017326
0.00174769
0.0017628
0.00177793
0.00179307
0.00180821
0.00182334
0.00183846
0.00185355
0.00186861
0.00188363
0.00189861
0.00191354
0.00192845
0.00194329
0.00195802
0.00197266
0.00198717
0.00200156
0.00201579
0.00202988
0.0020438
0.00205753
0.00207106
0.00208438
0.00209746
0.00211028
0.00212284
0.00213511
0.00214708
0.00215873
0.00217005
0.00218102
0.00219162
0.00220184
0.00221166
0.00222108
0.00223006
0.00223862
0.00224671
0.00225435
0.00226151
0.00226818
0.00227435
0.00228001
0.00228515
0.00228977
0.00229385
0.00229738
0.00230037
0.0023028
0.00230466
0.00230595
0.00230665
0.00230677
0.00230631
0.00230527
0.00230364
0.00230144
0.00229867
0.00229532
0.00229141
0.00228695
0.00228193
0.00227638
0.00227031
0.00226371
0.0022566
0.00224897
0.00224084
0.00223223
0.00222315
0.00221364
0.0022037
0.00219337
0.00218267
0.00217163
0.00216027
0.0021486
0.00213665
0.00212446
0.00211206
0.0020995
0.00208681
0.00207405
0.00206124
0.00204843
0.00203566
0.00202299
0.00201045
0.00199811
0.00198603
0.00197426
0.00196287
0.00195193
0.00194151
0.00193167
0.00192249
0.00191405
0.00190644
0.00189975
0.00189408
0.00188953
0.00188623
0.00188426
0.00188378
0.00188486
0.00188764
0.00189152
0.00189567
0.00190976
0.00193011
0.00195524
0.0019726
0.0019936
0.0020177
0.0020452
0.00207652
0.0021119
0.00215156
0.00219571
0.00224445
0.00229781
0.00235575
0.00241824
0.00248503
0.00255579
0.0026303
0.00270849
0.00278964
0.0028731
0.00295865
0.0030466
0.00313556
0.00322473
0.00331379
0.00340257
0.00349035
0.00357651
0.00366084
0.00374326
0.0038235
0.00390122
0.00397603
0.00404809
0.00411739
0.00418389
0.00424741
0.00430835
4.40638e-05
4.46005e-05
4.5306e-05
4.61165e-05
4.70948e-05
4.82203e-05
4.94922e-05
5.10601e-05
5.28451e-05
5.48749e-05
5.71475e-05
5.96933e-05
6.24842e-05
6.55362e-05
6.88117e-05
7.23054e-05
7.5994e-05
7.98473e-05
8.38439e-05
8.79665e-05
9.21995e-05
9.65223e-05
0.000100926
0.000105392
0.00010992
0.000114491
0.000119117
0.000123767
0.000128479
0.00013326
0.000137988
0.000142756
0.000147573
0.000152415
0.000157275
0.000162143
0.000167019
0.000171904
0.000176798
0.000181704
0.000186621
0.000191553
0.000196497
0.000201462
0.000206437
0.000211439
0.000216462
0.000221494
0.000226545
0.000231617
0.000236708
0.000241818
0.000246943
0.000252082
0.000257235
0.000262401
0.000267582
0.000272778
0.00027799
0.000283219
0.000288465
0.000293731
0.000299015
0.000304321
0.000309647
0.000314995
0.000320366
0.00032576
0.000331177
0.000336614
0.000342073
0.000347554
0.000353056
0.00035858
0.000364126
0.000369695
0.000375287
0.000380903
0.000386544
0.00039221
0.000397902
0.00040362
0.000409366
0.000415141
0.000420943
0.000426775
0.000432637
0.000438527
0.000444448
0.000450399
0.00045638
0.000462393
0.000468437
0.000474513
0.000480621
0.000486763
0.000492938
0.000499148
0.000505394
0.000511676
0.000517994
0.000524351
0.000530745
0.000537178
0.000543651
0.000550163
0.000556716
0.00056331
0.000569946
0.000576624
0.000583346
0.000590111
0.000596921
0.000603775
0.000610676
0.000617624
0.00062462
0.000631664
0.000638757
0.0006459
0.000653094
0.00066034
0.000667638
0.00067499
0.000682395
0.000689856
0.000697372
0.000704945
0.000712575
0.000720263
0.00072801
0.000735816
0.000743684
0.000751613
0.000759604
0.000767658
0.000775777
0.000783961
0.00079221
0.000800526
0.00080891
0.000817362
0.000825884
0.000834475
0.000843138
0.000851872
0.000860678
0.000869558
0.000878512
0.000887541
0.000896646
0.000905827
0.000915086
0.000924423
0.000933839
0.000943334
0.00095291
0.000962567
0.000972307
0.000982129
0.000992034
0.00100202
0.0010121
0.00102226
0.0010325
0.00104283
0.00105325
0.00106376
0.00107435
0.00108503
0.0010958
0.00110666
0.00111761
0.00112865
0.00113978
0.001151
0.00116231
0.00117372
0.00118521
0.0011968
0.00120848
0.00122025
0.00123211
0.00124406
0.00125611
0.00126824
0.00128047
0.00129279
0.00130519
0.00131769
0.00133028
0.00134295
0.00135571
0.00136856
0.00138149
0.00139451
0.00140761
0.00142079
0.00143405
0.00144739
0.0014608
0.00147429
0.00148784
0.00150147
0.00151516
0.00152891
0.00154272
0.00155658
0.0015705
0.00158446
0.00159846
0.0016125
0.00162658
0.00164067
0.00165479
0.00166892
0.00168306
0.00169719
0.00171132
0.00172543
0.00173951
0.00175356
0.00176759
0.00178159
0.0017956
0.00180956
0.00182337
0.00183716
0.0018508
0.00186431
0.00187771
0.00189097
0.00190409
0.00191703
0.00192979
0.00194235
0.00195469
0.0019668
0.00197866
0.00199025
0.00200156
0.00201257
0.00202326
0.00203363
0.00204365
0.00205331
0.0020626
0.0020715
0.00207999
0.00208807
0.00209572
0.00210292
0.00210967
0.00211595
0.00212176
0.00212707
0.00213188
0.00213618
0.00213997
0.00214322
0.00214595
0.00214813
0.00214976
0.00215083
0.00215134
0.00215128
0.00215066
0.00214946
0.0021477
0.00214537
0.00214247
0.00213902
0.00213502
0.00213046
0.00212537
0.00211975
0.0021136
0.00210695
0.00209979
0.00209213
0.00208399
0.00207537
0.00206631
0.00205681
0.00204691
0.00203662
0.00202598
0.00201501
0.00200372
0.00199216
0.00198034
0.0019683
0.00195607
0.00194369
0.00193121
0.00191867
0.0019061
0.00189355
0.00188107
0.00186869
0.00185648
0.00184448
0.00183274
0.00182133
0.0018103
0.00179971
0.00178963
0.00178012
0.00177124
0.00176307
0.00175568
0.00174914
0.00174355
0.00173899
0.00173557
0.00173333
0.00173246
0.00173295
0.00173483
0.00173767
0.00174135
0.00175433
0.00177685
0.0017947
0.00180964
0.00182764
0.00184857
0.00187265
0.00190019
0.00193142
0.00196658
0.00200586
0.00204942
0.00209734
0.00214966
0.00220635
0.00226728
0.00233227
0.0024011
0.00247361
0.00254933
0.0026278
0.00270875
0.00279202
0.00287686
0.00296268
0.00304941
0.0031372
0.00322478
0.00331148
0.00339707
0.00348151
0.00356428
0.00364492
0.00372315
0.00379899
0.00387231
0.00394295
0.00401063
0.00407538
3.81464e-05
3.8765e-05
3.94073e-05
4.00717e-05
4.07664e-05
4.15029e-05
4.22841e-05
4.31241e-05
4.40395e-05
4.5045e-05
4.61485e-05
4.73709e-05
4.87237e-05
5.02261e-05
5.18924e-05
5.37363e-05
5.57729e-05
5.80105e-05
6.04435e-05
6.3072e-05
6.58956e-05
6.89075e-05
7.21026e-05
7.54681e-05
7.89962e-05
8.26703e-05
8.64818e-05
9.04138e-05
9.4456e-05
9.85988e-05
0.00010284
0.000107135
0.000111523
0.000115924
0.000120337
0.000124759
0.000129228
0.000133746
0.000138307
0.000142912
0.000147556
0.000152243
0.00015696
0.00016172
0.000166502
0.000171371
0.00017621
0.000181047
0.000185948
0.000190879
0.000195827
0.000200785
0.000205751
0.000210727
0.000215716
0.000220719
0.000225737
0.000230774
0.00023583
0.000240906
0.000246002
0.000251121
0.00025626
0.000261424
0.000266608
0.000271816
0.000277052
0.000282306
0.000287576
0.000292865
0.000298172
0.000303498
0.000308842
0.000314205
0.000319588
0.000324992
0.000330417
0.000335865
0.000341336
0.00034683
0.00035235
0.000357894
0.000363464
0.000369061
0.000374682
0.000380331
0.000386005
0.000391706
0.000397431
0.000403183
0.000408962
0.000414768
0.000420601
0.000426461
0.000432351
0.000438269
0.000444218
0.000450198
0.000456209
0.000462253
0.000468329
0.000474439
0.000480582
0.000486759
0.000492971
0.000499218
0.0005055
0.000511817
0.000518171
0.000524561
0.000530989
0.000537454
0.000543958
0.000550501
0.000557085
0.000563709
0.000570375
0.000577083
0.000583834
0.000590628
0.000597467
0.000604351
0.00061128
0.000618256
0.000625279
0.000632349
0.000639467
0.000646634
0.000653851
0.000661118
0.000668436
0.000675805
0.000683228
0.000690703
0.000698233
0.000705818
0.000713458
0.000721155
0.00072891
0.000736722
0.000744593
0.000752524
0.000760515
0.000768567
0.000776681
0.000784857
0.000793096
0.0008014
0.000809768
0.000818201
0.000826701
0.000835268
0.000843903
0.000852606
0.000861379
0.000870222
0.000879136
0.000888122
0.000897179
0.00090631
0.000915515
0.000924794
0.000934148
0.000943578
0.000953084
0.000962667
0.000972327
0.000982065
0.000991882
0.00100178
0.00101175
0.00102181
0.00103195
0.00104216
0.00105246
0.00106285
0.00107331
0.00108386
0.00109449
0.0011052
0.001116
0.00112688
0.00113784
0.00114889
0.00116002
0.00117124
0.00118254
0.00119392
0.00120539
0.00121694
0.00122857
0.00124028
0.00125208
0.00126395
0.00127591
0.00128794
0.00130005
0.00131224
0.00132451
0.00133684
0.00134925
0.00136173
0.00137428
0.00138689
0.00139956
0.00141229
0.00142508
0.00143793
0.00145082
0.00146376
0.00147675
0.00148977
0.00150282
0.0015159
0.001529
0.00154212
0.00155525
0.00156838
0.0015815
0.00159462
0.00160772
0.00162078
0.00163384
0.0016469
0.00166005
0.00167304
0.001686
0.00169884
0.00171159
0.00172423
0.00173677
0.00174918
0.00176146
0.00177358
0.00178554
0.00179731
0.00180888
0.00182023
0.00183134
0.00184221
0.00185281
0.00186313
0.00187315
0.00188287
0.00189226
0.00190131
0.00191001
0.00191835
0.0019263
0.00193385
0.001941
0.00194772
0.00195401
0.00195986
0.00196524
0.00197016
0.0019746
0.00197854
0.00198199
0.00198493
0.00198736
0.00198926
0.00199063
0.00199146
0.00199175
0.00199149
0.00199068
0.00198932
0.00198741
0.00198495
0.00198194
0.00197839
0.0019743
0.00196968
0.00196454
0.00195888
0.00195272
0.00194606
0.00193891
0.00193129
0.0019232
0.00191467
0.0019057
0.00189633
0.00188658
0.00187646
0.00186601
0.00185526
0.00184422
0.00183293
0.00182142
0.00180972
0.00179787
0.0017859
0.00177386
0.00176179
0.00174972
0.00173771
0.00172579
0.00171402
0.00170243
0.00169108
0.00168002
0.00166929
0.00165896
0.00164908
0.00163969
0.00163087
0.00162265
0.00161511
0.0016083
0.00160228
0.00159714
0.00159292
0.00158974
0.0015876
0.00158672
0.00158696
0.0015884
0.00159103
0.00159485
0.00160877
0.00162817
0.00164099
0.00165431
0.00166985
0.00168798
0.00170894
0.00173298
0.00176034
0.00179127
0.00182597
0.00186463
0.00190739
0.00195432
0.00200545
0.00206073
0.00212006
0.00218328
0.00225022
0.00232054
0.00239392
0.00247006
0.00254868
0.00262928
0.00271139
0.00279479
0.00287926
0.00296411
0.00304884
0.00313336
0.00321795
0.0033015
0.00338346
0.00346356
0.0035419
0.00361814
0.00369199
0.00376298
0.00383079
3.81607e-05
3.85166e-05
3.88929e-05
3.92874e-05
3.9699e-05
4.013e-05
4.05798e-05
4.10499e-05
4.15406e-05
4.20564e-05
4.25981e-05
4.31711e-05
4.37784e-05
4.44273e-05
4.51226e-05
4.58744e-05
4.66886e-05
4.75789e-05
4.85518e-05
4.96211e-05
5.0793e-05
5.20831e-05
5.34955e-05
5.50479e-05
5.67398e-05
5.85904e-05
6.05914e-05
6.27651e-05
6.50921e-05
6.76002e-05
7.02559e-05
7.31e-05
7.60661e-05
7.92482e-05
8.26217e-05
8.61873e-05
8.98708e-05
9.3669e-05
9.75677e-05
0.000101566
0.000105648
0.000109816
0.000114054
0.000118366
0.000122735
0.000127167
0.000131665
0.000136189
0.000140785
0.000145382
0.000149978
0.000154552
0.000159158
0.00016381
0.000168506
0.000173244
0.000178023
0.000182841
0.000187695
0.000192585
0.000197506
0.000202462
0.000207444
0.000212463
0.000217495
0.000222581
0.000227698
0.000232777
0.000237884
0.000243011
0.000248156
0.000253318
0.000258499
0.000263701
0.000268925
0.000274172
0.000279441
0.000284735
0.000290053
0.000295396
0.000300764
0.000306157
0.000311575
0.000317018
0.000322482
0.000327971
0.000333477
0.000339009
0.000344557
0.000350131
0.000355732
0.00036135
0.000366992
0.00037266
0.000378354
0.000384074
0.000389822
0.000395598
0.000401403
0.000407236
0.000413098
0.00041899
0.00042491
0.00043086
0.000436839
0.000442847
0.000448885
0.000454952
0.000461051
0.00046718
0.000473342
0.000479535
0.000485763
0.000492023
0.000498318
0.000504649
0.000511014
0.000517416
0.000523855
0.000530331
0.000536846
0.000543398
0.00054999
0.000556621
0.000563291
0.000570002
0.000576753
0.000583546
0.000590381
0.000597258
0.000604179
0.000611143
0.000618153
0.000625207
0.000632308
0.000639456
0.000646652
0.000653896
0.000661189
0.000668531
0.000675923
0.000683366
0.00069086
0.000698406
0.000706005
0.000713658
0.000721364
0.000729125
0.000736942
0.000744815
0.000752744
0.000760731
0.000768777
0.000776882
0.000785047
0.000793272
0.000801558
0.000809907
0.000818318
0.000826793
0.000835331
0.000843935
0.000852603
0.000861338
0.00087014
0.000879008
0.000887945
0.00089695
0.000906023
0.000915167
0.000924381
0.000933666
0.000943022
0.00095245
0.00096195
0.000971524
0.000981171
0.000990892
0.00100069
0.00101056
0.0010205
0.00103052
0.00104062
0.00105079
0.00106104
0.00107136
0.00108176
0.00109224
0.00110279
0.00111341
0.00112412
0.00113489
0.00114575
0.00115667
0.00116767
0.00117875
0.00118989
0.00120111
0.00121239
0.00122375
0.00123517
0.00124666
0.00125821
0.00126982
0.00128149
0.00129322
0.00130501
0.00131684
0.00132872
0.00134065
0.00135262
0.00136463
0.00137667
0.00138873
0.00140082
0.00141293
0.00142505
0.00143718
0.0014493
0.00146142
0.00147353
0.0014856
0.00149769
0.00150982
0.00152207
0.00153418
0.00154619
0.0015581
0.00156995
0.00158171
0.00159337
0.00160492
0.00161635
0.00162764
0.00163877
0.00164972
0.00166049
0.00167104
0.00168138
0.00169149
0.00170135
0.00171094
0.00172026
0.00172929
0.00173802
0.00174643
0.0017545
0.00176223
0.0017696
0.00177659
0.0017832
0.00178941
0.00179521
0.00180059
0.00180553
0.00181002
0.00181405
0.00181762
0.00182071
0.00182332
0.00182543
0.00182704
0.00182815
0.00182873
0.0018288
0.00182835
0.00182736
0.00182585
0.00182382
0.00182125
0.00181816
0.00181456
0.00181043
0.0018058
0.00180067
0.00179505
0.00178895
0.00178238
0.00177535
0.00176788
0.00175997
0.00175165
0.00174294
0.00173385
0.00172442
0.00171466
0.00170461
0.00169429
0.00168373
0.00167296
0.00166201
0.00165092
0.00163973
0.00162847
0.00161718
0.0016059
0.00159468
0.00158356
0.00157257
0.00156177
0.0015512
0.00154089
0.0015309
0.00152128
0.00151205
0.00150328
0.00149501
0.00148728
0.00148013
0.00147362
0.00146778
0.00146267
0.00145835
0.00145484
0.00145226
0.00145056
0.00145
0.00145036
0.00145185
0.00145484
0.00145917
0.00147531
0.00148783
0.00149796
0.00150961
0.00152302
0.00153857
0.00155654
0.00157722
0.00160083
0.00162765
0.00165788
0.00169176
0.00172944
0.00177106
0.00181669
0.00186637
0.00192003
0.0019776
0.00203893
0.00210379
0.00217191
0.00224302
0.00231684
0.00239296
0.00247101
0.00255069
0.00263168
0.00271351
0.00279576
0.0028782
0.00296072
0.00304271
0.00312371
0.00320353
0.00328267
0.00336032
0.003436
0.00350906
0.00357874
6.18067e-05
6.17718e-05
6.17609e-05
6.1769e-05
6.17944e-05
6.18362e-05
6.18921e-05
6.19605e-05
6.20398e-05
6.21301e-05
6.22279e-05
6.23347e-05
6.24481e-05
6.25681e-05
6.26928e-05
6.28236e-05
6.29578e-05
6.30977e-05
6.32411e-05
6.33923e-05
6.35495e-05
6.37193e-05
6.39054e-05
6.41181e-05
6.43551e-05
6.46319e-05
6.49458e-05
6.53183e-05
6.57453e-05
6.62527e-05
6.68345e-05
6.75201e-05
6.83023e-05
6.92067e-05
7.02379e-05
7.14201e-05
7.27508e-05
7.4242e-05
7.58876e-05
7.77005e-05
7.96698e-05
8.18095e-05
8.41026e-05
8.65653e-05
8.91737e-05
9.19485e-05
9.48551e-05
9.79307e-05
0.000101105
0.000104467
0.000108
0.000111732
0.000115575
0.000119501
0.000123508
0.000127593
0.00013175
0.000135979
0.000140274
0.000144633
0.000149052
0.000153528
0.00015806
0.000162639
0.000167279
0.00017194
0.000176596
0.000181257
0.000185912
0.000190623
0.000195387
0.0002002
0.000205059
0.000209962
0.000214906
0.000219888
0.000224908
0.000229962
0.000235051
0.000240172
0.000245325
0.00025051
0.000255719
0.00026095
0.000266197
0.000271464
0.000276742
0.000282052
0.000287364
0.000292737
0.000298121
0.000303496
0.000308921
0.000314375
0.000319857
0.000325366
0.000330902
0.000336467
0.000342058
0.000347677
0.000353322
0.000358992
0.000364687
0.000370406
0.000376149
0.000381916
0.000387709
0.000393527
0.000399373
0.000405244
0.000411147
0.000417073
0.000423036
0.000429019
0.000435039
0.000441089
0.000447167
0.000453277
0.000459421
0.000465596
0.000471803
0.000478043
0.000484315
0.000490619
0.000496955
0.000503325
0.000509729
0.000516168
0.000522641
0.00052915
0.000535696
0.000542278
0.000548899
0.000555557
0.000562255
0.000568992
0.000575769
0.000582586
0.000589445
0.000596344
0.000603285
0.000610268
0.000617294
0.000624364
0.000631477
0.000638635
0.000645839
0.000653088
0.000660384
0.000667727
0.000675117
0.000682556
0.000690045
0.000697583
0.000705173
0.000712813
0.000720506
0.000728251
0.000736049
0.000743901
0.000751807
0.000759769
0.000767786
0.00077586
0.000783991
0.000792179
0.000800426
0.000808731
0.000817096
0.000825521
0.000834007
0.000842555
0.000851164
0.000859836
0.000868571
0.00087737
0.000886234
0.000895162
0.000904156
0.000913216
0.000922341
0.000931534
0.000940793
0.000950119
0.000959513
0.000968975
0.000978504
0.000988102
0.000997767
0.0010075
0.0010173
0.00102717
0.00103711
0.00104711
0.00105718
0.00106732
0.00107752
0.00108779
0.00109813
0.00110852
0.00111898
0.0011295
0.00114007
0.00115071
0.0011614
0.00117214
0.00118294
0.00119378
0.00120467
0.0012156
0.00122657
0.00123758
0.00124862
0.00125968
0.00127077
0.00128187
0.00129299
0.00130412
0.00131525
0.00132637
0.0013375
0.00134857
0.00135972
0.00137089
0.00138232
0.00139347
0.00140457
0.00141558
0.00142654
0.00143741
0.00144819
0.00145888
0.00146945
0.00147989
0.00149018
0.00150031
0.00151025
0.00152001
0.00152955
0.00153888
0.00154797
0.00155682
0.00156541
0.00157373
0.00158177
0.00158951
0.00159694
0.00160404
0.00161081
0.00161723
0.00162329
0.00162897
0.00163426
0.00163916
0.00164364
0.0016477
0.00165133
0.00165452
0.00165726
0.00165954
0.00166136
0.0016627
0.00166356
0.00166393
0.00166381
0.0016632
0.00166209
0.00166048
0.00165838
0.00165578
0.00165269
0.00164911
0.00164505
0.00164052
0.00163552
0.00163007
0.00162417
0.00161785
0.0016111
0.00160396
0.00159643
0.00158853
0.00158029
0.00157172
0.00156286
0.00155373
0.00154436
0.00153477
0.00152501
0.00151509
0.00150506
0.00149496
0.00148481
0.00147465
0.00146453
0.00145448
0.00144454
0.00143476
0.00142517
0.0014158
0.00140671
0.00139793
0.00138949
0.00138143
0.00137379
0.0013666
0.0013599
0.00135371
0.00134806
0.001343
0.00133854
0.00133471
0.00133158
0.00132912
0.00132746
0.00132652
0.00132656
0.00132738
0.00132931
0.00133302
0.00133883
0.00135301
0.0013618
0.00137007
0.00137959
0.00139074
0.0014037
0.00141871
0.00143601
0.00145586
0.00147851
0.00150423
0.00153324
0.00156575
0.00160195
0.00164197
0.00168589
0.00173372
0.00178545
0.00184097
0.00190013
0.00196273
0.00202853
0.00209725
0.00216859
0.0022422
0.00231776
0.00239494
0.00247336
0.00255263
0.00263247
0.00271263
0.00279267
0.00287222
0.00295107
0.00302921
0.00310619
0.00318173
0.00325506
0.00332491
0.00011029
0.000109908
0.000109591
0.000109307
0.00010905
0.000108815
0.000108601
0.000108404
0.000108244
0.000108026
0.000107905
0.000107686
0.000107589
0.000107397
0.000107299
0.000107157
0.000107019
0.000106876
0.000106721
0.000106557
0.000106374
0.000106176
0.00010594
0.000105673
0.000105366
0.000105025
0.000104647
0.00010423
0.000103774
0.000103282
0.000102757
0.000102205
0.000101629
0.000101038
0.000100442
9.98447e-05
9.92704e-05
9.87312e-05
9.82311e-05
9.77875e-05
9.74027e-05
9.7099e-05
9.68754e-05
9.67582e-05
9.67413e-05
9.68546e-05
9.70856e-05
9.74662e-05
9.79818e-05
9.8658e-05
9.94926e-05
0.000100507
0.000101702
0.000103073
0.000104614
0.000106325
0.0001082
0.000110239
0.000112435
0.000114789
0.000117291
0.000119944
0.000122734
0.000125671
0.000128726
0.000131936
0.000135344
0.000138907
0.00014264
0.000146446
0.000150326
0.000154281
0.00015831
0.000162413
0.000166587
0.000170831
0.000175143
0.000179519
0.00018396
0.000188457
0.000193018
0.000197623
0.000202228
0.000206849
0.000211486
0.000216154
0.000220883
0.000225679
0.000230524
0.000235424
0.000240377
0.00024537
0.000250404
0.000255481
0.000260596
0.000265752
0.000270942
0.000276172
0.000281433
0.000286722
0.000292034
0.000297371
0.000302728
0.000308107
0.000313513
0.000318946
0.000324408
0.000329898
0.000335421
0.000340969
0.000346555
0.000352158
0.000357814
0.000363462
0.000369185
0.000374906
0.000380655
0.00038645
0.000392272
0.000398121
0.000403996
0.000409897
0.000415825
0.00042178
0.000427763
0.000433776
0.000439817
0.000445889
0.000451991
0.000458125
0.000464291
0.000470488
0.000476719
0.000482982
0.00048928
0.000495609
0.000501974
0.000508372
0.000514802
0.000521265
0.000527763
0.000534297
0.000540867
0.000547473
0.000554114
0.000560793
0.000567509
0.000574262
0.000581055
0.000587886
0.000594758
0.00060167
0.000608623
0.000615618
0.000622655
0.000629735
0.000636858
0.000644025
0.000651236
0.000658491
0.000665792
0.000673139
0.000680533
0.000687974
0.000695463
0.000703
0.000710587
0.000718222
0.000725909
0.000733645
0.000741434
0.000749275
0.000757169
0.000765117
0.000773119
0.000781175
0.000789287
0.000797455
0.00080568
0.000813961
0.000822299
0.000830696
0.00083915
0.000847663
0.000856236
0.000864867
0.000873558
0.000882309
0.00089112
0.000899991
0.000908923
0.000917915
0.000926967
0.000936079
0.000945251
0.000954482
0.000963772
0.000973121
0.000982527
0.000991991
0.00100151
0.00101109
0.00102071
0.0010304
0.00104013
0.00104991
0.00105974
0.00106961
0.00107953
0.00108949
0.00109948
0.0011095
0.00111955
0.00112963
0.00113974
0.00114985
0.00115999
0.00117013
0.00118028
0.00119042
0.00120058
0.00121067
0.0012209
0.00123105
0.00124176
0.00125194
0.00126221
0.00127233
0.00128242
0.00129241
0.00130233
0.00131216
0.00132189
0.00133149
0.00134094
0.00135022
0.00135934
0.00136828
0.00137702
0.00138556
0.00139388
0.00140198
0.00140984
0.00141745
0.00142479
0.00143186
0.00143865
0.00144513
0.00145131
0.00145716
0.00146267
0.00146783
0.00147264
0.00147707
0.00148112
0.00148478
0.00148804
0.00149089
0.00149332
0.00149532
0.00149689
0.00149801
0.00149869
0.00149892
0.0014987
0.00149802
0.00149688
0.00149529
0.00149323
0.00149073
0.00148778
0.00148438
0.00148055
0.00147629
0.00147162
0.00146654
0.00146107
0.00145523
0.00144903
0.00144248
0.00143561
0.00142844
0.00142099
0.00141329
0.00140536
0.00139723
0.00138894
0.00138051
0.00137197
0.00136337
0.00135473
0.00134608
0.00133747
0.00132893
0.0013205
0.00131221
0.0013041
0.0012962
0.00128854
0.00128117
0.0012741
0.00126737
0.00126101
0.00125503
0.00124946
0.00124433
0.00123964
0.00123542
0.00123167
0.00122842
0.00122568
0.00122345
0.00122178
0.00122063
0.00122011
0.00122017
0.00122097
0.00122253
0.00122503
0.00122949
0.00123633
0.00124756
0.00125357
0.00126026
0.00126787
0.00127677
0.0012871
0.00129907
0.00131291
0.00132888
0.00134723
0.00136825
0.00139218
0.00141929
0.0014498
0.0014839
0.00152172
0.00156337
0.00160888
0.00165821
0.00171127
0.00176793
0.00182798
0.0018912
0.00195731
0.00202601
0.00209699
0.00216993
0.00224446
0.00232025
0.00239697
0.00247433
0.00255196
0.00262952
0.00270676
0.00278352
0.00285942
0.00293434
0.00300739
0.00307686
0.000173854
0.000173389
0.000172985
0.000172613
0.000172264
0.000171933
0.000171619
0.000171319
0.000171032
0.000170753
0.000170485
0.000170216
0.000169959
0.0001697
0.00016945
0.000169201
0.000168952
0.0001687
0.000168445
0.000168178
0.000167878
0.000167571
0.000167283
0.000166944
0.000166638
0.000166293
0.000165908
0.000165456
0.000164974
0.000164447
0.000163876
0.000163254
0.000162577
0.000161847
0.000161052
0.000160212
0.000159281
0.000158272
0.000157188
0.00015603
0.000154808
0.000153531
0.000152201
0.000150832
0.000149427
0.000148004
0.000146562
0.000145131
0.00014372
0.00014234
0.000140998
0.000139709
0.000138484
0.000137336
0.000136275
0.00013531
0.00013445
0.000133705
0.000133084
0.000132595
0.000132245
0.00013204
0.000131986
0.000132085
0.000132346
0.000132761
0.000133355
0.000134119
0.000135072
0.000136202
0.000137502
0.000138967
0.000140591
0.000142371
0.000144303
0.000146386
0.000148613
0.000150985
0.000153492
0.000156141
0.00015891
0.000161825
0.000164925
0.000168193
0.000171612
0.000175169
0.000178791
0.000182488
0.00018626
0.000190109
0.000194037
0.000198041
0.00020212
0.000206273
0.000210495
0.000214791
0.000219146
0.00022358
0.000228026
0.000232497
0.000236997
0.000241536
0.000246105
0.000250751
0.000255466
0.000260243
0.00026508
0.000269969
0.000274913
0.0002799
0.00028494
0.000290016
0.000295146
0.000300306
0.000305514
0.000310757
0.000316026
0.000321327
0.000326657
0.000332016
0.000337401
0.000342815
0.000348261
0.000353739
0.000359249
0.000364793
0.00037037
0.000375981
0.000381625
0.000387302
0.000393013
0.000398755
0.000404532
0.000410339
0.000416179
0.000422047
0.000427949
0.000433874
0.000439821
0.000445799
0.000451821
0.000457872
0.000463951
0.000470061
0.000476202
0.000482374
0.00048858
0.000494818
0.00050109
0.000507396
0.000513737
0.000520113
0.000526525
0.00053297
0.000539454
0.000545969
0.000552526
0.000559115
0.00056574
0.000572403
0.000579104
0.000585844
0.000592623
0.000599441
0.000606299
0.000613198
0.000620137
0.000627117
0.000634141
0.000641206
0.000648316
0.00065547
0.000662669
0.000669914
0.000677203
0.000684541
0.000691925
0.000699356
0.000706835
0.000714363
0.000721939
0.000729566
0.000737242
0.000744969
0.000752746
0.000760575
0.000768455
0.000776388
0.000784372
0.000792409
0.000800499
0.000808641
0.000816837
0.000825086
0.000833386
0.000841739
0.000850144
0.000858601
0.000867109
0.000875669
0.000884278
0.000892938
0.000901648
0.000910405
0.000919207
0.000928053
0.00093694
0.000945869
0.000954836
0.000963839
0.000972874
0.000981939
0.000991031
0.00100015
0.00100929
0.00101844
0.00102761
0.00103679
0.00104598
0.00105516
0.00106437
0.00107351
0.0010828
0.00109195
0.00110194
0.00111132
0.00112091
0.00113008
0.00113936
0.00114846
0.00115755
0.00116655
0.00117545
0.00118421
0.00119283
0.00120129
0.00120958
0.00121771
0.00122565
0.00123341
0.00124098
0.00124834
0.00125548
0.0012624
0.00126908
0.0012755
0.00128167
0.00128757
0.00129318
0.0012985
0.00130351
0.00130821
0.00131258
0.00131661
0.00132029
0.00132361
0.00132658
0.00132917
0.00133137
0.00133319
0.00133462
0.00133565
0.00133628
0.00133651
0.00133633
0.00133574
0.00133474
0.00133334
0.00133153
0.00132934
0.00132674
0.00132377
0.00132043
0.00131672
0.00131266
0.00130827
0.00130356
0.00129855
0.00129325
0.0012877
0.0012819
0.00127588
0.00126968
0.00126331
0.0012568
0.00125018
0.00124349
0.00123676
0.00123001
0.00122328
0.00121661
0.00121002
0.00120355
0.00119723
0.00119108
0.00118515
0.00117945
0.00117401
0.00116886
0.00116401
0.00115949
0.00115531
0.00115147
0.001148
0.00114489
0.00114216
0.00113979
0.00113781
0.00113619
0.00113495
0.00113407
0.00113356
0.00113344
0.00113366
0.00113431
0.0011354
0.00113695
0.00113927
0.00114225
0.00114744
0.001156
0.00116183
0.00116649
0.00117166
0.00117749
0.00118418
0.00119188
0.0012008
0.00121115
0.00122316
0.0012371
0.00125325
0.0012719
0.00129333
0.0013178
0.00134558
0.00137688
0.00141184
0.00145059
0.00149317
0.00153955
0.00158967
0.00164338
0.0017005
0.00176079
0.00182399
0.00188981
0.00195793
0.00202802
0.00209974
0.00217278
0.00224681
0.00232149
0.0023965
0.00247155
0.00254644
0.00262073
0.00269453
0.00276674
0.00283527
0.000244941
0.000244305
0.000243755
0.000243252
0.000242785
0.000242348
0.000241936
0.000241547
0.000241177
0.000240824
0.000240488
0.000240164
0.000239853
0.000239551
0.000239259
0.000238975
0.000238698
0.000238427
0.000238158
0.000237894
0.000237627
0.000237356
0.000237081
0.000236805
0.000236519
0.000236231
0.000235926
0.000235612
0.000235261
0.000234907
0.000234465
0.000233996
0.000233548
0.000232986
0.000232443
0.000231791
0.0002311
0.000230368
0.00022955
0.00022865
0.000227699
0.000226676
0.000225579
0.000224404
0.000223155
0.000221819
0.000220428
0.000218944
0.000217372
0.000215715
0.00021398
0.000212178
0.000210318
0.000208406
0.00020645
0.00020446
0.00020244
0.000200408
0.000198378
0.000196353
0.000194342
0.000192353
0.000190397
0.000188482
0.00018662
0.000184818
0.000183089
0.000181439
0.000179884
0.000178432
0.000177091
0.000175866
0.000174761
0.000173783
0.000172935
0.000172222
0.000171647
0.000171216
0.000170929
0.000170791
0.000170804
0.000170968
0.000171292
0.000171786
0.000172448
0.000173286
0.000174287
0.000175442
0.000176748
0.000178198
0.000179792
0.000181523
0.000183395
0.000185399
0.00018754
0.000189804
0.000192208
0.000194714
0.00019741
0.000200267
0.000203283
0.000206426
0.000209716
0.000213066
0.000216487
0.000219981
0.000223555
0.000227207
0.00023094
0.00023475
0.00023864
0.000242605
0.000246643
0.000250759
0.000254931
0.000259133
0.000263372
0.000267652
0.000271979
0.000276352
0.000280776
0.00028528
0.000289858
0.000294502
0.000299208
0.000303971
0.000308788
0.000313657
0.000318576
0.000323541
0.000328554
0.000333611
0.00033871
0.000343844
0.000349015
0.000354217
0.000359454
0.000364721
0.00037002
0.000375346
0.000380709
0.000386107
0.000391543
0.000397015
0.000402524
0.000408069
0.00041365
0.000419268
0.000424921
0.00043061
0.000436334
0.000442091
0.000447884
0.000453706
0.000459568
0.000465451
0.000471386
0.000477324
0.000483307
0.000489325
0.000495382
0.000501472
0.000507596
0.000513753
0.000519946
0.000526174
0.000532439
0.000538739
0.000545079
0.000551455
0.000557871
0.000564324
0.000570818
0.00057735
0.00058392
0.000590536
0.000597188
0.000603881
0.000610614
0.00061739
0.000624209
0.00063107
0.000637974
0.000644922
0.000651913
0.000658949
0.000666029
0.000673155
0.000680326
0.000687543
0.000694806
0.000702116
0.000709472
0.000716874
0.000724322
0.000731815
0.000739353
0.000746938
0.000754569
0.000762246
0.000769967
0.000777736
0.000785548
0.000793401
0.000801293
0.000809223
0.000817192
0.000825198
0.000833239
0.000841312
0.000849413
0.000857539
0.000865692
0.000873866
0.000882064
0.000890278
0.000898514
0.000906754
0.000915017
0.00092326
0.000931548
0.000939766
0.000948122
0.000956362
0.000965053
0.00097355
0.000982902
0.000991508
0.00100033
0.00100843
0.00101675
0.00102493
0.00103303
0.00104097
0.00104875
0.00105639
0.00106388
0.00107121
0.00107839
0.00108541
0.00109225
0.00109891
0.00110538
0.00111165
0.00111772
0.00112356
0.00112918
0.00113456
0.00113969
0.00114456
0.00114916
0.00115348
0.00115752
0.00116125
0.00116469
0.00116781
0.00117061
0.00117309
0.00117524
0.00117705
0.00117852
0.00117965
0.00118043
0.00118087
0.00118096
0.00118072
0.00118013
0.0011792
0.00117795
0.00117637
0.00117448
0.00117229
0.0011698
0.00116704
0.00116402
0.00116075
0.00115726
0.00115355
0.00114967
0.00114561
0.00114142
0.00113712
0.00113273
0.00112827
0.00112378
0.00111929
0.00111482
0.00111041
0.00110608
0.00110185
0.00109776
0.00109384
0.00109009
0.00108656
0.00108324
0.00108018
0.00107737
0.00107483
0.00107257
0.00107059
0.00106889
0.00106749
0.00106636
0.00106551
0.00106492
0.0010646
0.00106452
0.00106468
0.00106505
0.00106565
0.00106644
0.00106742
0.00106861
0.00106996
0.00107154
0.00107341
0.00107549
0.00107824
0.00108172
0.00108701
0.00109445
0.00109812
0.00110159
0.00110518
0.00110925
0.00111386
0.00111912
0.00112518
0.00113223
0.00114047
0.00115015
0.00116153
0.0011749
0.00119057
0.00120884
0.00123002
0.00125439
0.00128219
0.00131361
0.0013488
0.00138781
0.00143065
0.00147726
0.00152751
0.00158122
0.00163817
0.00169808
0.00176068
0.00182563
0.00189262
0.00196131
0.00203138
0.0021025
0.00217434
0.00224658
0.00231902
0.00239115
0.00246327
0.00253408
0.0026011
0.000319355
0.000318515
0.000317762
0.000317066
0.000316413
0.000315798
0.000315218
0.000314669
0.000314149
0.000313655
0.000313185
0.000312737
0.00031231
0.000311901
0.00031151
0.000311134
0.000310773
0.000310426
0.00031009
0.000309766
0.000309451
0.000309144
0.000308843
0.000308548
0.000308256
0.000307969
0.00030768
0.000307394
0.0003071
0.000306806
0.000306497
0.000306169
0.000305835
0.000305473
0.0003051
0.000304694
0.000304264
0.000303793
0.000303305
0.000302721
0.000302115
0.000301519
0.000300828
0.000300116
0.000299313
0.000298465
0.000297522
0.000296528
0.000295467
0.000294301
0.000293059
0.00029176
0.000290383
0.000288928
0.000287395
0.000285786
0.000284105
0.000282346
0.000280486
0.00027855
0.000276534
0.000274456
0.000272324
0.00027014
0.00026791
0.00026564
0.000263333
0.000261004
0.000258664
0.000256314
0.000253961
0.00025161
0.000249268
0.000246942
0.000244638
0.000242365
0.000240128
0.000237936
0.000235797
0.000233722
0.000231716
0.000229785
0.000227935
0.000226176
0.000224513
0.000222953
0.000221502
0.000220164
0.000218942
0.000217838
0.000216856
0.000215997
0.000215266
0.000214661
0.000214192
0.000213849
0.000213649
0.000213576
0.000213649
0.000213866
0.000214243
0.000214766
0.000215451
0.000216281
0.00021725
0.00021835
0.00021958
0.000220936
0.000222418
0.000224022
0.00022575
0.000227596
0.000229565
0.000231643
0.000233854
0.00023623
0.000238755
0.000241418
0.000244208
0.000247121
0.000250147
0.000253229
0.000256376
0.000259595
0.00026289
0.000266261
0.000269711
0.000273238
0.000276843
0.000280521
0.000284278
0.000288097
0.000291954
0.000295856
0.000299807
0.00030381
0.000307865
0.000311976
0.000316136
0.000320356
0.000324658
0.000329031
0.000333471
0.000337973
0.000342533
0.000347147
0.000351816
0.000356533
0.000361302
0.000366117
0.000370975
0.000375872
0.000380811
0.000385783
0.0003908
0.000395845
0.000400938
0.000406058
0.000411216
0.000416408
0.00042164
0.000426911
0.000432223
0.000437576
0.000442969
0.000448401
0.000453874
0.000459386
0.000464938
0.000470526
0.000476155
0.000481819
0.000487524
0.000493266
0.000499039
0.000504878
0.000510716
0.000516608
0.000522539
0.000528508
0.000534517
0.000540565
0.000546652
0.000552779
0.000558945
0.000565153
0.000571401
0.000577691
0.000584023
0.000590396
0.000596812
0.000603271
0.000609772
0.000616313
0.000622894
0.000629518
0.000636182
0.00064289
0.00064964
0.000656433
0.000663266
0.000670146
0.000677061
0.000684008
0.00069099
0.000698007
0.000705062
0.000712155
0.000719279
0.000726426
0.000733598
0.000740794
0.000748018
0.000755265
0.000762541
0.000769835
0.000777158
0.000784485
0.000791846
0.000799185
0.000806578
0.000813906
0.000821353
0.000828709
0.000836359
0.000843856
0.000851906
0.000859738
0.00086876
0.000876716
0.000884722
0.000891955
0.000899349
0.000906409
0.000913329
0.000920149
0.000926856
0.000933442
0.000939899
0.000946221
0.000952402
0.000958436
0.000964315
0.000970031
0.000975576
0.000980941
0.000986118
0.000991097
0.00099587
0.00100043
0.00100477
0.00100887
0.00101274
0.00101637
0.00101974
0.00102286
0.00102572
0.00102831
0.00103064
0.0010327
0.00103449
0.001036
0.00103725
0.00103823
0.00103894
0.00103939
0.00103958
0.00103953
0.00103924
0.00103872
0.00103799
0.00103704
0.00103591
0.00103461
0.00103314
0.00103154
0.00102982
0.001028
0.00102611
0.00102415
0.00102217
0.00102018
0.0010182
0.00101626
0.00101438
0.00101259
0.0010109
0.00100933
0.00100791
0.00100665
0.00100557
0.00100467
0.00100398
0.00100348
0.0010032
0.00100312
0.00100325
0.00100359
0.00100413
0.00100485
0.00100575
0.00100681
0.00100802
0.00100936
0.00101082
0.00101238
0.00101401
0.00101574
0.00101749
0.00101932
0.00102115
0.00102304
0.00102496
0.00102689
0.0010289
0.00103105
0.00103329
0.00103601
0.00103947
0.00104415
0.00105004
0.00105257
0.00105505
0.00105742
0.00106007
0.00106301
0.00106631
0.00107007
0.00107442
0.00107952
0.00108556
0.00109277
0.0011014
0.00111176
0.00112414
0.0011389
0.00115635
0.00117681
0.00120058
0.00122788
0.0012589
0.00129375
0.00133246
0.00137499
0.00142123
0.00147103
0.00152415
0.00158035
0.00163931
0.00170075
0.00176431
0.00182968
0.00189649
0.00196448
0.00203321
0.0021026
0.00217192
0.00224175
0.00231058
0.00237551
0.000394299
0.000393227
0.000392244
0.00039132
0.000390444
0.000389612
0.000388821
0.000388067
0.000387348
0.000386662
0.000386008
0.000385382
0.000384785
0.000384213
0.000383665
0.00038314
0.000382637
0.000382155
0.000381692
0.000381247
0.000380818
0.000380406
0.000380008
0.000379624
0.000379252
0.000378891
0.00037854
0.000378199
0.000377865
0.000377537
0.000377214
0.000376891
0.000376571
0.000376246
0.000375921
0.000375588
0.000375249
0.000374895
0.000374536
0.000374152
0.000373746
0.000373326
0.000372879
0.000372415
0.000371911
0.000371387
0.000370806
0.000370217
0.000369525
0.000368806
0.000368087
0.000367284
0.00036644
0.000365525
0.00036455
0.000363518
0.000362416
0.000361268
0.000360042
0.000358788
0.00035745
0.000356024
0.000354534
0.000352975
0.000351345
0.000349643
0.000347882
0.000346042
0.000344118
0.000342121
0.000340057
0.000337934
0.000335759
0.000333532
0.000331255
0.000328938
0.000326581
0.000324202
0.000321809
0.000319401
0.000316978
0.000314545
0.000312104
0.000309663
0.000307224
0.000304795
0.000302381
0.00029999
0.000297627
0.000295298
0.000293008
0.000290761
0.000288562
0.000286415
0.000284326
0.000282297
0.000280337
0.000278446
0.000276633
0.000274901
0.000273261
0.000271712
0.000270264
0.000268918
0.000267677
0.000266542
0.000265514
0.000264592
0.000263781
0.000263078
0.000262489
0.000262012
0.00026165
0.000261404
0.000261274
0.000261269
0.000261395
0.000261653
0.000262045
0.000262568
0.000263227
0.000264009
0.000264906
0.000265914
0.000267031
0.000268255
0.000269587
0.000271025
0.000272567
0.000274217
0.000275965
0.000277828
0.000279838
0.00028198
0.000284246
0.000286627
0.000289122
0.00029172
0.000294429
0.000297222
0.000300063
0.000302963
0.000305928
0.000308961
0.000312065
0.000315241
0.000318489
0.000321805
0.000325201
0.000328636
0.000332119
0.000335653
0.000339243
0.000342887
0.00034659
0.000350347
0.000354162
0.00035803
0.000361957
0.000365927
0.000369979
0.000374103
0.000378294
0.000382547
0.000386858
0.000391225
0.000395645
0.000400111
0.000404628
0.000409187
0.000413795
0.000418444
0.000423141
0.00042788
0.00043266
0.000437491
0.000442359
0.000447269
0.000452223
0.000457219
0.000462257
0.000467337
0.000472459
0.000477626
0.000482835
0.000488091
0.000493388
0.000498733
0.00050412
0.000509552
0.000515028
0.000520548
0.000526108
0.00053171
0.00053735
0.000543034
0.000548757
0.000554526
0.000560335
0.000566188
0.000572084
0.000578027
0.000583983
0.000589965
0.00059599
0.000602059
0.000608173
0.000614325
0.000620495
0.000626672
0.000632879
0.00063912
0.000645401
0.000651714
0.000658067
0.000664444
0.000670861
0.000677286
0.000683756
0.000690208
0.000696722
0.000703185
0.00070975
0.000716246
0.000722942
0.000729561
0.000736515
0.000743391
0.000750783
0.000758491
0.000765941
0.000774555
0.000782095
0.000787796
0.000793728
0.000799749
0.000805722
0.000811612
0.000817414
0.000823123
0.000828734
0.000834242
0.000839641
0.000844925
0.000850086
0.000855118
0.000860012
0.000864762
0.000869361
0.000873803
0.000878082
0.000882192
0.000886128
0.000889886
0.000893463
0.000896855
0.000900061
0.00090308
0.00090591
0.000908553
0.000911009
0.000913282
0.000915375
0.000917292
0.000919039
0.000920623
0.000922052
0.000923335
0.000924483
0.000925507
0.000926419
0.000927233
0.000927965
0.000928628
0.000929239
0.000929815
0.000930372
0.000930928
0.000931499
0.000932103
0.000932755
0.000933471
0.000934267
0.000935154
0.000936146
0.000937252
0.000938481
0.00093984
0.000941331
0.000942957
0.000944718
0.000946609
0.000948624
0.000950757
0.000952996
0.000955331
0.000957745
0.000960228
0.000962758
0.000965326
0.000967907
0.000970494
0.00097306
0.000975605
0.000978097
0.000980549
0.000982917
0.000985241
0.000987455
0.000989628
0.000991685
0.000993699
0.000995637
0.000997501
0.000999387
0.00100129
0.00100324
0.0010055
0.00100844
0.00101199
0.00101665
0.00101853
0.00102026
0.00102184
0.00102355
0.00102541
0.00102745
0.00102972
0.00103229
0.00103528
0.00103878
0.00104298
0.00104806
0.00105424
0.00106181
0.00107108
0.00108237
0.00109605
0.00111247
0.00113196
0.00115482
0.00118128
0.0012115
0.00124559
0.00128353
0.00132526
0.00137063
0.00141945
0.00147147
0.00152639
0.00158389
0.00164367
0.00170534
0.00176865
0.0018331
0.00189871
0.00196449
0.00203138
0.0020976
0.00215978
0.000467368
0.000466071
0.000464862
0.000463712
0.000462614
0.000461561
0.000460552
0.000459584
0.000458656
0.000457764
0.000456908
0.000456086
0.000455296
0.000454537
0.000453807
0.000453106
0.000452431
0.000451782
0.000451157
0.000450556
0.000449977
0.000449419
0.000448882
0.000448364
0.000447865
0.000447383
0.000446917
0.000446466
0.000446031
0.000445608
0.000445198
0.000444799
0.000444411
0.000444031
0.000443658
0.000443291
0.000442929
0.00044257
0.000442212
0.000441855
0.000441493
0.000441129
0.000440757
0.00044038
0.000439991
0.000439595
0.000439179
0.000438754
0.000438303
0.000437828
0.000437334
0.000436814
0.000436269
0.000435692
0.000435081
0.000434436
0.00043375
0.000433029
0.000432227
0.000431422
0.000430609
0.000429722
0.000428779
0.000427784
0.000426737
0.000425637
0.000424481
0.000423276
0.000422024
0.000420715
0.000419349
0.000417941
0.000416485
0.000414954
0.000413372
0.000411748
0.000410082
0.000408346
0.000406531
0.00040465
0.00040271
0.000400718
0.000398676
0.000396591
0.00039446
0.000392298
0.000390096
0.000387873
0.000385627
0.00038336
0.000381074
0.00037877
0.000376452
0.000374123
0.000371787
0.000369448
0.000367106
0.000364775
0.00036246
0.000360161
0.000357883
0.000355627
0.000353398
0.000351201
0.000349039
0.000346914
0.000344831
0.000342792
0.000340801
0.000338861
0.000336977
0.00033515
0.000333385
0.000331683
0.000330049
0.000328485
0.000326996
0.000325586
0.00032426
0.000323019
0.000321868
0.000320809
0.000319843
0.00031897
0.000318189
0.000317502
0.000316907
0.000316406
0.000316
0.000315689
0.000315474
0.000315355
0.00031534
0.000315434
0.000315639
0.000315954
0.000316381
0.000316917
0.000317563
0.00031832
0.000319175
0.000320123
0.000321161
0.000322287
0.0003235
0.000324802
0.000326188
0.000327669
0.000329222
0.000330903
0.000332699
0.000334601
0.000336604
0.000338704
0.000340898
0.000343185
0.000345559
0.000348026
0.000350569
0.000353216
0.000355897
0.000358624
0.000361405
0.000364246
0.000367148
0.000370112
0.000373121
0.000376179
0.000379292
0.00038246
0.000385687
0.00038897
0.000392313
0.000395714
0.000399171
0.000402686
0.000406258
0.000409885
0.000413567
0.000417302
0.000421092
0.000424927
0.000428829
0.0004328
0.00043683
0.000440921
0.000445064
0.000449264
0.000453515
0.000457817
0.000462171
0.000466576
0.000471028
0.000475526
0.000480067
0.000484658
0.000489292
0.000493977
0.000498711
0.000503479
0.000508337
0.00051316
0.000518006
0.000522912
0.000527892
0.000532931
0.000538017
0.000543123
0.000548205
0.000553245
0.000558407
0.000563641
0.000568937
0.000574284
0.000579683
0.000585117
0.000590601
0.000596102
0.000601659
0.00060721
0.00061283
0.00061842
0.000624102
0.000629743
0.000635527
0.000641275
0.000647257
0.000653199
0.000659557
0.000665691
0.000673075
0.000679702
0.000688949
0.000694096
0.00069998
0.000705446
0.000710781
0.000716047
0.000721267
0.000726449
0.000731589
0.000736685
0.000741731
0.000746722
0.000751652
0.000756514
0.000761303
0.000766013
0.000770639
0.000775176
0.000779621
0.00078397
0.000788222
0.000792373
0.000796423
0.00080037
0.000804216
0.000807961
0.000811607
0.000815156
0.000818611
0.000821976
0.000825255
0.000828455
0.000831581
0.000834641
0.000837642
0.000840592
0.000843501
0.000846377
0.00084923
0.00085207
0.000854908
0.000857753
0.000860614
0.000863502
0.000866425
0.000869391
0.000872406
0.000875478
0.00087861
0.000881807
0.000885068
0.000888394
0.000891784
0.000895233
0.000898736
0.000902286
0.000905874
0.000909488
0.000913118
0.000916749
0.000920368
0.00092396
0.000927509
0.000931001
0.00093442
0.000937754
0.000940985
0.000944109
0.000947104
0.000949976
0.000952701
0.000955293
0.000957726
0.000960032
0.000962165
0.000964194
0.00096604
0.000967816
0.000969414
0.000970962
0.000972398
0.000973733
0.000975118
0.000976429
0.000977851
0.000979356
0.000981602
0.000983735
0.000987325
0.000989136
0.000990322
0.000991442
0.000992656
0.000993979
0.000995398
0.000996961
0.000998673
0.0010006
0.0010028
0.00100535
0.00100837
0.00101199
0.00101641
0.00102185
0.00102859
0.00103695
0.00104728
0.00105995
0.00107534
0.00109379
0.0011156
0.00114101
0.00117018
0.00120318
0.00123999
0.00128052
0.00132459
0.001372
0.00142243
0.00147563
0.00153117
0.00158891
0.00164815
0.00170917
0.00177057
0.00183377
0.00189666
0.00195542
0.000536408
0.000534928
0.000533532
0.000532194
0.000530906
0.000529665
0.000528467
0.000527312
0.000526196
0.00052512
0.00052408
0.000523077
0.000522107
0.000521171
0.000520267
0.000519394
0.00051855
0.000517735
0.000516948
0.000516187
0.000515451
0.000514741
0.000514054
0.00051339
0.000512748
0.000512127
0.000511526
0.000510946
0.000510384
0.000509839
0.000509312
0.000508802
0.000508306
0.000507825
0.000507358
0.000506904
0.000506461
0.000506029
0.000505607
0.000505193
0.000504787
0.000504387
0.000503992
0.000503601
0.000503212
0.000502826
0.000502438
0.000502049
0.000501657
0.00050126
0.000500855
0.000500443
0.000500022
0.000499589
0.000499143
0.000498683
0.000498203
0.00049771
0.000497188
0.000496645
0.000496084
0.000495502
0.000494892
0.000494254
0.000493584
0.000492885
0.000492148
0.000491384
0.000490571
0.000489704
0.00048884
0.000487939
0.000487012
0.000486019
0.000484986
0.000483915
0.000482803
0.000481658
0.000480477
0.000479252
0.000477988
0.000476677
0.000475319
0.000473923
0.000472484
0.000471018
0.000469506
0.000467929
0.000466304
0.00046464
0.000462935
0.000461193
0.000459416
0.000457607
0.000455767
0.000453898
0.000452006
0.000450089
0.000448146
0.000446176
0.000444189
0.000442179
0.000440158
0.000438123
0.000436076
0.000434022
0.000431964
0.000429908
0.000427855
0.000425809
0.000423771
0.000421743
0.000419728
0.000417729
0.000415747
0.000413786
0.000411848
0.000409936
0.000408055
0.000406208
0.000404395
0.000402628
0.000400908
0.000399234
0.000397608
0.000396031
0.000394506
0.000393032
0.000391613
0.00039025
0.000388945
0.0003877
0.000386516
0.000385399
0.00038435
0.000383372
0.000382469
0.000381641
0.00038089
0.000380219
0.000379627
0.000379114
0.000378679
0.000378321
0.000378039
0.000377835
0.000377705
0.000377657
0.000377681
0.000377788
0.000377982
0.000378265
0.000378637
0.000379098
0.000379647
0.000380287
0.000381011
0.000381829
0.000382728
0.000383722
0.000384797
0.000385945
0.000387166
0.000388455
0.000389816
0.000391245
0.000392773
0.000394389
0.00039609
0.000397872
0.000399734
0.000401672
0.000403688
0.000405779
0.000407944
0.000410184
0.000412496
0.000414883
0.000417337
0.000419853
0.000422425
0.000425075
0.000427758
0.000430477
0.00043324
0.000436052
0.000438915
0.000441832
0.000444804
0.00044783
0.000450914
0.000454053
0.000457244
0.000460489
0.000463785
0.000467136
0.00047054
0.000473999
0.000477514
0.000481081
0.000484712
0.000488394
0.000492092
0.00049581
0.000499605
0.000503463
0.000507399
0.000511076
0.000514992
0.000518329
0.000522686
0.000526975
0.000531294
0.000535656
0.000540068
0.00054452
0.000549025
0.000553561
0.000558154
0.000562766
0.000567446
0.000572131
0.000576897
0.00058166
0.000586533
0.000591403
0.000596444
0.000601479
0.000606804
0.000611992
0.000618012
0.000623798
0.000630656
0.000636822
0.000644456
0.000648911
0.000653633
0.000658306
0.000662994
0.000667705
0.00067244
0.000677196
0.000681969
0.000686754
0.000691543
0.000696333
0.000701117
0.000705891
0.000710651
0.000715393
0.000720117
0.000724818
0.000729496
0.000734151
0.000738781
0.000743387
0.000747969
0.000752529
0.000757067
0.000761587
0.00076609
0.000770578
0.000775055
0.000779523
0.000783986
0.000788447
0.000792911
0.000797379
0.000801856
0.000806344
0.000810846
0.000815365
0.000819901
0.000824457
0.000829031
0.000833624
0.000838233
0.000842857
0.00084749
0.000852128
0.000856764
0.000861392
0.000866002
0.000870584
0.000875129
0.000879624
0.000884057
0.000888416
0.000892687
0.000896858
0.000900916
0.000904848
0.000908642
0.000912288
0.000915774
0.000919094
0.000922238
0.000925204
0.000927983
0.000930581
0.000932986
0.000935216
0.000937253
0.000939129
0.000940817
0.000942371
0.000943739
0.000945014
0.000946103
0.000947148
0.000948019
0.000948876
0.000949638
0.000950317
0.000951097
0.000951738
0.000952644
0.000953253
0.00095504
0.00095555
0.000957555
0.000960309
0.000960869
0.000961841
0.000962817
0.000963908
0.000965074
0.000966403
0.000967805
0.000969402
0.000971147
0.000973096
0.000975289
0.000977794
0.000980698
0.000984134
0.000988272
0.000993333
0.000999583
0.00100734
0.00101696
0.00102881
0.00104329
0.00106075
0.00108149
0.00110577
0.00113372
0.00116542
0.00120082
0.00123985
0.00128225
0.00132789
0.00137628
0.00142746
0.00148047
0.00153602
0.00159209
0.00165075
0.00170951
0.00176412
0.000599596
0.000597994
0.00059648
0.00059502
0.000593606
0.000592235
0.000590905
0.000589616
0.000588365
0.000587152
0.000585974
0.000584832
0.000583724
0.00058265
0.000581607
0.000580595
0.000579613
0.00057866
0.000577736
0.000576839
0.000575969
0.000575124
0.000574305
0.00057351
0.000572739
0.00057199
0.000571264
0.000570559
0.000569875
0.000569212
0.000568567
0.000567942
0.000567335
0.000566745
0.000566172
0.000565615
0.000565074
0.000564547
0.000564034
0.000563535
0.000563049
0.000562574
0.00056211
0.000561656
0.000561211
0.000560776
0.000560347
0.000559925
0.000559509
0.000559098
0.00055869
0.000558284
0.00055788
0.000557477
0.000557072
0.000556666
0.000556256
0.000555842
0.000555422
0.000554994
0.000554558
0.000554114
0.000553659
0.000553193
0.000552714
0.000552221
0.000551712
0.000551186
0.000550643
0.000550075
0.000549489
0.000548885
0.000548264
0.000547618
0.000546948
0.000546253
0.000545532
0.000544784
0.000544016
0.000543213
0.0005424
0.000541523
0.00054063
0.000539714
0.000538801
0.000537832
0.000536831
0.000535806
0.000534752
0.000533672
0.000532562
0.000531423
0.000530256
0.000529061
0.000527839
0.000526588
0.000525318
0.000523996
0.000522636
0.000521244
0.000519827
0.000518373
0.000516913
0.000515412
0.000513881
0.00051234
0.000510782
0.000509216
0.000507638
0.000506046
0.000504443
0.000502829
0.000501206
0.000499575
0.000497939
0.000496298
0.000494655
0.000493013
0.000491376
0.000489741
0.00048812
0.000486501
0.000484883
0.000483271
0.000481673
0.000480089
0.000478522
0.000476973
0.000475444
0.000473937
0.000472455
0.000471
0.000469573
0.000468176
0.000466812
0.000465482
0.00046419
0.000462936
0.000461723
0.000460554
0.000459429
0.000458351
0.000457321
0.00045634
0.000455408
0.000454527
0.000453697
0.000452919
0.000452194
0.000451523
0.000450908
0.000450352
0.000449856
0.000449423
0.000449052
0.000448747
0.00044851
0.000448343
0.000448242
0.000448209
0.000448246
0.000448348
0.000448517
0.000448748
0.000449044
0.0004494
0.000449823
0.000450314
0.000450875
0.000451504
0.000452202
0.000452969
0.000453804
0.000454707
0.000455678
0.000456718
0.000457826
0.000459
0.000460246
0.000461575
0.000462974
0.000464451
0.000465996
0.000467603
0.00046927
0.000470997
0.000472782
0.000474625
0.00047653
0.000478491
0.000480509
0.000482583
0.000484715
0.000486909
0.000489164
0.000491479
0.000493859
0.000496294
0.000498795
0.000501356
0.000503974
0.000506658
0.000509381
0.00051213
0.000514894
0.000517701
0.000520503
0.000523208
0.000526119
0.000528143
0.000531454
0.000534744
0.000538094
0.000541494
0.000544939
0.000548431
0.000551973
0.000555558
0.000559203
0.000562892
0.000566647
0.000570439
0.000574303
0.000578202
0.000582187
0.000586208
0.000590342
0.000594527
0.000598856
0.000603248
0.000607924
0.000612777
0.000618009
0.000623232
0.000629144
0.000634881
0.000639859
0.000644033
0.000648244
0.000652497
0.000656815
0.000661205
0.000665664
0.000670188
0.000674769
0.000679404
0.000684087
0.000688812
0.000693578
0.00069838
0.000703216
0.000708084
0.000712982
0.000717909
0.000722862
0.000727841
0.000732845
0.000737873
0.000742924
0.000747997
0.00075309
0.000758203
0.000763334
0.000768482
0.000773645
0.000778821
0.000784007
0.000789201
0.000794399
0.000799597
0.000804791
0.000809975
0.000815144
0.000820291
0.000825409
0.000830491
0.000835528
0.00084051
0.000845429
0.000850275
0.000855036
0.000859702
0.000864262
0.000868705
0.00087302
0.000877197
0.000881226
0.000885097
0.000888801
0.00089233
0.000895678
0.000898839
0.000901808
0.000904583
0.000907162
0.000909544
0.00091173
0.000913727
0.000915531
0.000917157
0.0009186
0.000919884
0.000920997
0.000921975
0.000922795
0.000923514
0.000924082
0.000924594
0.000924958
0.000925314
0.000925534
0.000925772
0.000925949
0.000926075
0.000926321
0.000926428
0.000926819
0.000926906
0.000927916
0.000927991
0.000928748
0.000929928
0.000930533
0.000932154
0.000932893
0.000933793
0.000934784
0.000936019
0.0009372
0.000938739
0.000940324
0.000942125
0.000944097
0.000946279
0.000948684
0.000951379
0.000954443
0.000957992
0.00096217
0.000967176
0.000973255
0.000980714
0.000989887
0.00100117
0.00101491
0.00103151
0.00105122
0.00107437
0.00110099
0.00113129
0.00116503
0.00120239
0.00124271
0.00128644
0.00133221
0.00138137
0.00143109
0.00148434
0.00153805
0.00158776
0.000655545
0.000653909
0.000652361
0.000650858
0.000649395
0.00064797
0.000646582
0.000645229
0.000643911
0.000642627
0.000641376
0.000640157
0.000638969
0.000637812
0.000636684
0.000635586
0.000634516
0.000633473
0.000632458
0.000631468
0.000630505
0.000629566
0.000628652
0.000627761
0.000626894
0.00062605
0.000625228
0.000624427
0.000623647
0.000622888
0.000622148
0.000621428
0.000620727
0.000620044
0.000619379
0.000618731
0.000618101
0.000617486
0.000616887
0.000616304
0.000615735
0.000615181
0.00061464
0.000614113
0.000613597
0.000613094
0.000612602
0.000612121
0.00061165
0.000611189
0.000610737
0.000610292
0.000609855
0.000609425
0.000609001
0.000608582
0.000608167
0.000607757
0.000607349
0.000606943
0.000606538
0.000606133
0.000605728
0.000605322
0.000604914
0.000604502
0.000604087
0.000603667
0.000603241
0.000602808
0.000602367
0.000601918
0.00060146
0.000600993
0.000600516
0.000600027
0.000599526
0.000599011
0.000598485
0.000597942
0.000597389
0.000596817
0.000596226
0.000595619
0.000595
0.000594364
0.00059371
0.000593037
0.000592347
0.000591639
0.000590912
0.000590167
0.000589402
0.000588619
0.000587815
0.000586998
0.000586145
0.000585268
0.000584391
0.000583524
0.00058262
0.000581697
0.000580754
0.000579791
0.000578809
0.000577808
0.000576797
0.000575752
0.000574682
0.00057359
0.000572481
0.000571356
0.000570217
0.000569064
0.000567902
0.000566726
0.000565542
0.000564355
0.000563163
0.000561961
0.000560768
0.000559563
0.000558349
0.000557134
0.000555928
0.000554721
0.000553514
0.00055231
0.000551111
0.000549921
0.000548739
0.000547567
0.000546406
0.000545256
0.00054412
0.000542998
0.000541893
0.000540806
0.000539737
0.00053869
0.000537666
0.000536667
0.000535695
0.000534748
0.000533832
0.000532946
0.000532089
0.000531261
0.000530466
0.000529705
0.00052898
0.00052829
0.000527638
0.000527024
0.000526451
0.000525919
0.000525422
0.000524965
0.00052455
0.000524178
0.000523852
0.000523572
0.000523338
0.000523151
0.000523012
0.00052292
0.000522875
0.000522878
0.00052293
0.000523031
0.000523182
0.000523384
0.000523639
0.000523946
0.000524306
0.000524719
0.000525187
0.000525709
0.000526283
0.000526919
0.000527617
0.000528377
0.0005292
0.000530083
0.000531025
0.000532022
0.00053308
0.000534187
0.000535341
0.000536536
0.000537793
0.000539085
0.000540459
0.000541901
0.000543402
0.000544956
0.000546572
0.000548236
0.000549961
0.000551746
0.000553576
0.000555465
0.000557431
0.000559205
0.000561304
0.000562941
0.00056518
0.000566954
0.000569263
0.000571344
0.000573645
0.000576069
0.000578584
0.000581175
0.000583828
0.000586543
0.000589314
0.000592143
0.000595023
0.000597951
0.000600935
0.000603967
0.000607063
0.000610207
0.000613427
0.000616693
0.000620055
0.000623465
0.000626994
0.00063058
0.00063437
0.00063821
0.000642441
0.000646642
0.000651091
0.000657646
0.000661225
0.000664978
0.000668673
0.000672416
0.00067624
0.000680153
0.000684154
0.000688239
0.000692402
0.000696639
0.000700945
0.000705316
0.000709747
0.000714237
0.00071878
0.000723375
0.000728017
0.000732704
0.000737433
0.0007422
0.000747003
0.000751837
0.000756699
0.000761586
0.000766492
0.000771413
0.000776344
0.00078128
0.000786216
0.000791145
0.000796061
0.000800957
0.000805826
0.000810661
0.000815454
0.000820195
0.000824878
0.000829493
0.00083403
0.000838482
0.000842838
0.000847089
0.000851227
0.000855243
0.000859127
0.000862872
0.00086647
0.000869914
0.000873198
0.000876315
0.000879261
0.000882032
0.000884625
0.000887039
0.000889272
0.000891325
0.0008932
0.000894898
0.000896423
0.000897781
0.000898974
0.000900012
0.000900897
0.000901644
0.000902251
0.00090274
0.000903102
0.000903371
0.000903524
0.000903614
0.000903596
0.000903549
0.000903398
0.000903256
0.00090302
0.000902811
0.000902563
0.000902298
0.000902113
0.00090186
0.000901773
0.000901578
0.000901756
0.000901753
0.000901878
0.000901041
0.00090119
0.000903158
0.000903638
0.000904306
0.000905155
0.000906259
0.00090691
0.000908525
0.00090978
0.000911481
0.000913272
0.000915296
0.000917463
0.000919878
0.000922558
0.000925564
0.000928942
0.000932783
0.000937199
0.000942375
0.000948513
0.000955921
0.000964878
0.000975808
0.000988985
0.00100489
0.00102364
0.00104574
0.00107094
0.00109987
0.00113164
0.00116739
0.00120507
0.00124711
0.00128952
0.00133649
0.00138419
0.00142828
0.000703404
0.000701829
0.000700331
0.000698868
0.000697438
0.000696039
0.00069467
0.00069333
0.000692019
0.000690736
0.000689481
0.000688253
0.000687052
0.000685876
0.000684727
0.000683603
0.000682503
0.000681428
0.000680377
0.000679349
0.000678345
0.000677362
0.000676402
0.000675464
0.000674546
0.00067365
0.000672774
0.000671918
0.000671081
0.000670264
0.000669465
0.000668685
0.000667923
0.000667178
0.000666451
0.00066574
0.000665046
0.000664369
0.000663706
0.00066306
0.000662428
0.000661811
0.000661208
0.000660619
0.000660043
0.00065948
0.00065893
0.000658393
0.000657867
0.000657353
0.000656849
0.000656356
0.000655874
0.000655401
0.000654937
0.000654482
0.000654035
0.000653596
0.000653165
0.00065274
0.000652321
0.000651907
0.000651499
0.000651095
0.000650695
0.000650299
0.000649905
0.000649514
0.000649124
0.000648735
0.000648347
0.000647958
0.000647568
0.000647177
0.000646784
0.000646389
0.00064599
0.000645588
0.000645182
0.00064477
0.000644354
0.000643932
0.000643503
0.000643067
0.000642625
0.000642175
0.000641717
0.00064125
0.000640775
0.000640291
0.000639798
0.000639296
0.000638783
0.000638261
0.000637727
0.000637184
0.00063663
0.00063606
0.000635482
0.000634897
0.000634302
0.000633698
0.000633082
0.000632455
0.000631817
0.000631168
0.000630507
0.000629842
0.000629168
0.000628484
0.000627791
0.000627088
0.000626377
0.000625655
0.000624929
0.000624188
0.000623458
0.000622678
0.000621879
0.000621076
0.000620298
0.000619467
0.000618685
0.000617874
0.000617058
0.000616239
0.000615417
0.000614596
0.000613781
0.000612967
0.000612156
0.000611347
0.000610541
0.000609738
0.000608941
0.000608149
0.000607365
0.000606587
0.000605821
0.000605067
0.000604326
0.000603599
0.000602889
0.000602186
0.000601514
0.000600853
0.000600201
0.000599568
0.000598962
0.000598377
0.000597814
0.000597273
0.000596756
0.000596264
0.000595798
0.00059536
0.000594948
0.000594563
0.000594206
0.000593878
0.00059358
0.000593313
0.000593078
0.000592875
0.000592705
0.000592569
0.000592467
0.000592402
0.000592375
0.000592384
0.000592429
0.000592511
0.000592633
0.000592793
0.000592993
0.000593233
0.000593514
0.000593835
0.000594196
0.0005946
0.000595047
0.000595539
0.000596076
0.00059666
0.00059729
0.00059796
0.000598702
0.000599386
0.000600205
0.000600877
0.000601782
0.00060266
0.000603722
0.000604809
0.000605926
0.000607076
0.00060827
0.000609502
0.000610779
0.000612106
0.000613472
0.000614884
0.000616347
0.000617819
0.000619331
0.000620826
0.000622376
0.000623904
0.000625541
0.000627206
0.000628946
0.000630769
0.000632669
0.000634642
0.00063668
0.000638781
0.000640938
0.000643153
0.000645423
0.000647745
0.000650122
0.000652548
0.000655032
0.000657563
0.000660163
0.000662803
0.000665533
0.000668289
0.000671153
0.000674111
0.000677193
0.000680335
0.000683721
0.000687225
0.000690631
0.000695606
0.000698743
0.00070196
0.000705141
0.000708354
0.000711625
0.000714963
0.000718371
0.000721849
0.000725393
0.000729001
0.00073267
0.000736395
0.000740174
0.000744002
0.000747877
0.000751795
0.000755751
0.000759743
0.000763765
0.000767814
0.000771885
0.000775974
0.000780075
0.000784183
0.000788293
0.000792398
0.000796494
0.000800573
0.000804629
0.000808654
0.000812643
0.000816588
0.000820482
0.000824316
0.000828085
0.000831779
0.000835392
0.000838916
0.000842344
0.000845669
0.000848884
0.000851983
0.00085496
0.00085781
0.000860527
0.000863107
0.000865546
0.000867842
0.000869992
0.000871994
0.000873847
0.000875551
0.000877108
0.000878517
0.000879782
0.000880905
0.000881889
0.000882739
0.000883458
0.000884053
0.000884527
0.000884889
0.00088514
0.000885293
0.000885345
0.000885316
0.000885197
0.000885012
0.000884747
0.000884436
0.00088405
0.000883642
0.000883162
0.000882685
0.000882144
0.000881619
0.000881065
0.000880505
0.000879981
0.000879436
0.000878963
0.000878481
0.000878126
0.00087777
0.000877491
0.000877038
0.000876883
0.000876947
0.000876757
0.000876686
0.000877027
0.000878075
0.000877576
0.000879964
0.000880269
0.000881964
0.000883273
0.000885013
0.000886682
0.000888727
0.000891039
0.000893705
0.000896683
0.000900023
0.000903738
0.000907925
0.000912649
0.000918113
0.000924431
0.000931974
0.000940869
0.000951688
0.000964418
0.000979885
0.000997656
0.00101898
0.00104252
0.00107042
0.00109969
0.00113426
0.0011687
0.00120875
0.0012496
0.00128747
0.00074289
0.000741464
0.000740091
0.000738743
0.000737419
0.000736116
0.000734836
0.000733577
0.000732341
0.000731125
0.000729932
0.000728759
0.000727608
0.000726477
0.000725367
0.000724277
0.000723208
0.000722158
0.000721128
0.000720117
0.000719125
0.000718152
0.000717197
0.000716261
0.000715343
0.000714442
0.000713559
0.000712693
0.000711845
0.000711013
0.000710197
0.000709398
0.000708614
0.000707847
0.000707094
0.000706357
0.000705635
0.000704927
0.000704234
0.000703555
0.00070289
0.000702238
0.0007016
0.000700975
0.000700362
0.000699763
0.000699175
0.0006986
0.000698036
0.000697484
0.000696944
0.000696414
0.000695895
0.000695386
0.000694888
0.000694399
0.00069392
0.00069345
0.000692989
0.000692537
0.000692092
0.000691656
0.000691227
0.000690806
0.000690391
0.000689983
0.000689581
0.000689184
0.000688793
0.000688407
0.000688026
0.000687649
0.000687275
0.000686905
0.000686538
0.000686174
0.000685811
0.000685451
0.000685092
0.000684734
0.000684377
0.000684021
0.000683664
0.000683307
0.000682948
0.000682589
0.000682229
0.000681866
0.000681502
0.000681135
0.000680766
0.000680393
0.000680018
0.000679639
0.000679257
0.000678871
0.000678481
0.000678086
0.000677687
0.000677283
0.000676875
0.000676463
0.000676047
0.000675627
0.000675201
0.000674771
0.000674335
0.000673895
0.000673452
0.000673004
0.000672553
0.000672096
0.000671636
0.000671171
0.000670704
0.00067023
0.000669755
0.000669279
0.000668798
0.000668313
0.00066783
0.000667341
0.000666855
0.000666368
0.000665881
0.000665392
0.000664905
0.000664413
0.00066391
0.000663402
0.000662891
0.000662379
0.000661868
0.000661359
0.000660852
0.000660348
0.000659849
0.000659353
0.000658869
0.000658394
0.000657927
0.000657467
0.000657016
0.000656572
0.000656141
0.00065572
0.000655309
0.000654908
0.000654521
0.000654149
0.000653793
0.000653454
0.000653132
0.000652827
0.000652539
0.000652269
0.000652018
0.000651786
0.000651574
0.000651382
0.00065121
0.000651061
0.000650934
0.000650831
0.000650751
0.000650696
0.000650666
0.000650661
0.000650682
0.000650734
0.000650815
0.000650925
0.000651064
0.000651233
0.000651432
0.00065166
0.000651917
0.000652203
0.00065252
0.000652868
0.000653249
0.000653661
0.000654107
0.000654587
0.000655102
0.000655649
0.000656236
0.000656848
0.000657493
0.000658151
0.000658855
0.000659576
0.000660362
0.000661195
0.000662068
0.000662979
0.000663927
0.000664911
0.000665931
0.000666991
0.000668083
0.000669194
0.000670399
0.000671597
0.000672803
0.000674017
0.000675264
0.000676538
0.000677854
0.000679207
0.000680603
0.00068205
0.000683548
0.000685099
0.000686702
0.000688357
0.00069006
0.000691811
0.00069361
0.000695455
0.000697346
0.000699281
0.000701265
0.000703287
0.000705368
0.000707478
0.000709672
0.000711856
0.000714157
0.000716755
0.000719159
0.000721854
0.000724539
0.000727284
0.000730049
0.000732917
0.00073565
0.00073833
0.000740993
0.000743663
0.000746356
0.000749081
0.000751846
0.000754651
0.000757497
0.000760384
0.000763309
0.00076627
0.000769265
0.000772291
0.000775344
0.000778421
0.00078152
0.000784635
0.000787764
0.000790902
0.000794045
0.000797188
0.000800327
0.000803457
0.000806573
0.00080967
0.000812742
0.000815784
0.000818791
0.000821756
0.000824674
0.00082754
0.000830347
0.00083309
0.000835764
0.000838363
0.000840882
0.000843317
0.000845662
0.000847912
0.000850065
0.000852117
0.000854063
0.000855902
0.000857632
0.000859249
0.000860754
0.000862144
0.000863421
0.000864583
0.000865632
0.000866569
0.000867395
0.000868111
0.000868721
0.000869227
0.000869631
0.000869937
0.000870149
0.000870269
0.000870301
0.000870251
0.000870118
0.000869912
0.000869632
0.000869287
0.000868874
0.000868407
0.000867876
0.000867303
0.000866668
0.000866007
0.00086529
0.00086456
0.00086378
0.000862993
0.000862177
0.000861348
0.000860525
0.00085969
0.000858881
0.000858076
0.000857331
0.000856584
0.000855923
0.000855208
0.000854654
0.000854074
0.000853575
0.000852984
0.000852382
0.000852979
0.000850259
0.00085211
0.000852158
0.000854702
0.000854857
0.000856331
0.000856761
0.000858284
0.000859967
0.000862177
0.000864641
0.000867497
0.000870668
0.000874246
0.000878208
0.000882706
0.0008877
0.00089352
0.000900066
0.000907961
0.00091687
0.000927903
0.000940181
0.000955652
0.000972245
0.00099337
0.00101478
0.00104226
0.00106867
0.00110164
0.00113514
0.00116648
0.000774275
0.000773065
0.000771866
0.000770681
0.000769511
0.000768357
0.000767217
0.000766093
0.000764983
0.000763889
0.00076281
0.000761746
0.000760697
0.000759663
0.000758644
0.00075764
0.00075665
0.000755676
0.000754716
0.000753771
0.00075284
0.000751924
0.000751022
0.000750135
0.000749261
0.000748402
0.000747556
0.000746725
0.000745907
0.000745102
0.000744311
0.000743533
0.000742768
0.000742016
0.000741277
0.00074055
0.000739836
0.000739134
0.000738445
0.000737767
0.000737102
0.000736448
0.000735806
0.000735175
0.000734555
0.000733947
0.000733349
0.000732763
0.000732187
0.000731621
0.000731066
0.000730521
0.000729985
0.00072946
0.000728944
0.000728438
0.000727941
0.000727453
0.000726974
0.000726503
0.000726041
0.000725588
0.000725142
0.000724704
0.000724275
0.000723852
0.000723437
0.000723029
0.000722627
0.000722232
0.000721844
0.000721462
0.000721085
0.000720714
0.000720349
0.000719988
0.000719633
0.000719282
0.000718935
0.000718593
0.000718254
0.000717919
0.000717588
0.000717259
0.000716934
0.000716611
0.00071629
0.000715972
0.000715656
0.000715341
0.000715028
0.000714716
0.000714406
0.000714096
0.000713787
0.000713479
0.000713171
0.000712864
0.000712556
0.000712249
0.000711941
0.000711633
0.000711325
0.000711017
0.000710708
0.000710399
0.000710089
0.000709779
0.000709468
0.000709156
0.000708845
0.000708533
0.00070822
0.000707907
0.000707594
0.00070728
0.000706966
0.000706653
0.00070634
0.000706026
0.000705714
0.000705401
0.00070509
0.00070478
0.000704471
0.000704164
0.000703858
0.000703556
0.000703259
0.000702966
0.000702675
0.000702387
0.000702101
0.00070182
0.000701541
0.000701268
0.000700998
0.000700736
0.000700468
0.000700197
0.000699929
0.000699664
0.000699405
0.000699151
0.000698904
0.000698664
0.000698433
0.000698209
0.000697996
0.000697797
0.00069761
0.000697434
0.000697269
0.000697116
0.000696974
0.000696845
0.000696729
0.000696627
0.000696538
0.000696464
0.000696406
0.000696365
0.000696342
0.000696335
0.000696346
0.000696375
0.000696421
0.000696486
0.000696569
0.000696672
0.000696795
0.000696938
0.000697104
0.000697291
0.0006975
0.000697733
0.000697991
0.000698274
0.000698581
0.000698912
0.000699267
0.000699647
0.000700051
0.000700481
0.000700936
0.000701414
0.000701917
0.000702446
0.000703
0.000703578
0.00070418
0.000704803
0.000705453
0.000706135
0.000706847
0.000707588
0.00070836
0.000709159
0.000709988
0.000710845
0.00071173
0.000712643
0.000713589
0.000714559
0.000715552
0.000716563
0.000717596
0.000718651
0.000719732
0.000720838
0.000721972
0.000723136
0.000724334
0.000725566
0.000726834
0.000728139
0.00072948
0.000730857
0.00073227
0.000733718
0.000735202
0.000736719
0.000738274
0.00073986
0.000741487
0.000743141
0.000744847
0.000746568
0.000748347
0.000750206
0.000752099
0.000754069
0.000756102
0.000758176
0.000760293
0.000762454
0.000764606
0.000766741
0.000768864
0.000770982
0.000773106
0.00077524
0.000777389
0.000779556
0.000781741
0.000783945
0.000786168
0.000788407
0.000790661
0.000792929
0.000795208
0.000797495
0.000799789
0.000802085
0.000804381
0.000806673
0.000808959
0.000811235
0.000813498
0.000815742
0.000817966
0.000820164
0.000822334
0.00082447
0.00082657
0.000828628
0.000830642
0.000832606
0.000834518
0.000836373
0.000838168
0.000839899
0.000841563
0.000843158
0.00084468
0.000846127
0.000847497
0.000848787
0.000849995
0.000851122
0.000852164
0.000853122
0.000853995
0.000854783
0.000855485
0.000856102
0.000856635
0.000857085
0.000857452
0.000857737
0.000857941
0.000858067
0.000858116
0.000858089
0.000857988
0.000857815
0.000857571
0.000857258
0.000856877
0.000856433
0.000855926
0.00085536
0.000854731
0.000854047
0.000853302
0.00085251
0.000851656
0.000850773
0.000849835
0.000848863
0.000847838
0.000846784
0.000845693
0.000844577
0.000843445
0.000842294
0.000841145
0.000839986
0.000838839
0.000837675
0.00083656
0.000835439
0.00083438
0.000833367
0.000832322
0.000831477
0.000830365
0.000829972
0.000828636
0.000828527
0.000827518
0.000828193
0.000826045
0.000828776
0.000826094
0.000828214
0.00082927
0.000831245
0.000833021
0.000835236
0.00083762
0.000840439
0.000843611
0.000847293
0.000851352
0.000856136
0.000861374
0.000867762
0.000874556
0.000883121
0.000891975
0.000903726
0.000915361
0.000931532
0.00094659
0.00096814
0.000987439
0.00101379
0.00104021
0.00106517
0.000798266
0.00079726
0.000796262
0.000795273
0.000794292
0.000793318
0.000792354
0.000791398
0.000790451
0.000789513
0.000788584
0.000787664
0.000786754
0.000785853
0.000784962
0.00078408
0.000783208
0.000782346
0.000781494
0.000780652
0.00077982
0.000778998
0.000778185
0.000777383
0.000776591
0.000775809
0.000775037
0.000774275
0.000773524
0.000772782
0.00077205
0.000771328
0.000770616
0.000769913
0.000769221
0.000768538
0.000767865
0.000767202
0.000766548
0.000765903
0.000765268
0.000764643
0.000764026
0.000763419
0.000762821
0.000762233
0.000761653
0.000761082
0.000760519
0.000759966
0.000759421
0.000758885
0.000758357
0.000757838
0.000757327
0.000756824
0.000756329
0.000755842
0.000755363
0.000754892
0.000754429
0.000753973
0.000753525
0.000753084
0.00075265
0.000752224
0.000751804
0.000751392
0.000750986
0.000750587
0.000750195
0.000749808
0.000749428
0.000749055
0.000748687
0.000748325
0.000747969
0.000747618
0.000747273
0.000746933
0.000746599
0.000746269
0.000745944
0.000745624
0.000745308
0.000744997
0.00074469
0.000744387
0.000744088
0.000743792
0.000743501
0.000743213
0.000742928
0.000742647
0.000742369
0.000742094
0.000741822
0.000741552
0.000741286
0.000741021
0.00074076
0.000740501
0.000740244
0.000739989
0.000739737
0.000739487
0.000739239
0.000738993
0.000738749
0.000738507
0.000738267
0.000738029
0.000737793
0.000737559
0.000737327
0.000737097
0.000736869
0.000736644
0.000736421
0.000736199
0.000735981
0.000735764
0.000735551
0.00073534
0.000735131
0.000734926
0.000734724
0.000734525
0.00073433
0.000734139
0.000733952
0.000733769
0.000733591
0.000733416
0.000733246
0.000733081
0.000732921
0.000732765
0.000732618
0.000732477
0.000732343
0.000732214
0.000732092
0.000731976
0.000731866
0.000731763
0.000731668
0.000731581
0.000731501
0.000731419
0.00073134
0.000731267
0.000731201
0.000731142
0.000731092
0.000731051
0.00073102
0.000730999
0.000730988
0.000730989
0.000731005
0.000731033
0.000731074
0.000731126
0.00073119
0.000731267
0.000731357
0.000731459
0.000731575
0.000731704
0.000731849
0.000732009
0.000732185
0.000732378
0.000732587
0.000732812
0.000733054
0.000733313
0.00073359
0.000733884
0.000734195
0.000734524
0.000734871
0.000735237
0.000735622
0.000736029
0.000736456
0.000736904
0.000737371
0.000737858
0.000738365
0.000738889
0.000739432
0.000739995
0.000740578
0.000741181
0.000741804
0.000742448
0.000743113
0.0007438
0.000744508
0.000745238
0.00074599
0.000746762
0.000747555
0.000748365
0.000749194
0.000750041
0.000750906
0.00075179
0.000752692
0.000753615
0.000754559
0.000755525
0.000756515
0.000757529
0.000758568
0.000759631
0.000760719
0.000761833
0.000762971
0.000764134
0.000765322
0.000766533
0.000767772
0.000769033
0.000770325
0.000771637
0.000772979
0.000774356
0.000775768
0.000777217
0.000778709
0.000780236
0.000781795
0.000783384
0.000784987
0.000786594
0.000788201
0.000789807
0.000791414
0.000793023
0.000794636
0.000796253
0.000797877
0.000799506
0.00080114
0.000802779
0.000804422
0.000806066
0.000807712
0.000809356
0.000810998
0.000812635
0.000814265
0.000815885
0.000817494
0.000819089
0.000820668
0.000822228
0.000823765
0.000825279
0.000826765
0.000828222
0.000829646
0.000831034
0.000832385
0.000833696
0.000834963
0.000836185
0.000837358
0.000838482
0.000839554
0.000840571
0.000841532
0.000842435
0.000843279
0.000844063
0.000844784
0.000845443
0.000846038
0.000846568
0.000847033
0.000847432
0.000847765
0.000848033
0.000848234
0.000848368
0.000848436
0.000848437
0.000848371
0.00084824
0.000848044
0.000847783
0.000847455
0.000847062
0.000846602
0.000846076
0.000845487
0.000844841
0.000844129
0.000843353
0.00084251
0.000841604
0.000840634
0.000839604
0.000838514
0.000837355
0.00083612
0.000834827
0.000833473
0.000832072
0.000830624
0.000829137
0.000827618
0.000826071
0.000824505
0.000822916
0.000821325
0.000819724
0.000818141
0.000816571
0.000815015
0.000813529
0.000811989
0.000810638
0.000809107
0.000807995
0.000806481
0.000805636
0.000804067
0.000803687
0.000802031
0.000801582
0.000799992
0.000799792
0.00079776
0.000800359
0.000800742
0.00080223
0.000803291
0.000805148
0.000807394
0.00081025
0.000813541
0.000817659
0.000822086
0.000827551
0.000833076
0.000840273
0.000847149
0.000856814
0.00086549
0.000878582
0.000889407
0.00090662
0.000920684
0.000941499
0.000962119
0.000981338
0.000815796
0.000815009
0.000814223
0.000813438
0.000812655
0.000811875
0.000811097
0.000810323
0.000809552
0.000808785
0.000808023
0.000807265
0.000806511
0.000805762
0.000805018
0.000804279
0.000803545
0.000802817
0.000802095
0.000801378
0.000800667
0.000799961
0.000799262
0.00079857
0.000797883
0.000797203
0.000796529
0.000795862
0.000795201
0.000794547
0.0007939
0.000793259
0.000792625
0.000791998
0.000791377
0.000790764
0.000790157
0.000789557
0.000788964
0.000788377
0.000787798
0.000787225
0.000786659
0.0007861
0.000785548
0.000785003
0.000784464
0.000783932
0.000783407
0.000782888
0.000782376
0.000781871
0.000781373
0.000780881
0.000780396
0.000779917
0.000779445
0.000778979
0.00077852
0.000778067
0.00077762
0.00077718
0.000776746
0.000776318
0.000775896
0.000775481
0.000775071
0.000774668
0.00077427
0.000773879
0.000773493
0.000773113
0.000772739
0.00077237
0.000772007
0.00077165
0.000771298
0.000770951
0.00077061
0.000770274
0.000769943
0.000769617
0.000769296
0.000768981
0.00076867
0.000768364
0.000768062
0.000767765
0.000767473
0.000767186
0.000766902
0.000766623
0.000766349
0.000766078
0.000765812
0.000765549
0.000765291
0.000765036
0.000764785
0.000764539
0.000764295
0.000764056
0.00076382
0.000763587
0.000763359
0.000763133
0.000762911
0.000762693
0.000762477
0.000762265
0.000762057
0.000761852
0.00076165
0.000761451
0.000761256
0.000761064
0.000760876
0.00076069
0.000760508
0.00076033
0.000760155
0.000759984
0.000759816
0.000759652
0.000759491
0.000759334
0.000759181
0.000759032
0.000758887
0.000758746
0.00075861
0.000758478
0.00075835
0.000758227
0.000758109
0.000757996
0.000757888
0.000757784
0.000757686
0.000757594
0.000757508
0.000757428
0.000757354
0.000757286
0.000757224
0.000757168
0.000757119
0.000757076
0.00075704
0.000757014
0.000756996
0.000756986
0.000756983
0.000756987
0.000756999
0.000757019
0.000757047
0.000757083
0.000757129
0.000757181
0.000757234
0.000757292
0.000757357
0.00075743
0.000757511
0.000757602
0.000757701
0.00075781
0.000757929
0.000758058
0.0007582
0.000758354
0.00075852
0.000758698
0.000758886
0.000759085
0.000759296
0.000759518
0.000759753
0.00076
0.000760259
0.000760531
0.000760818
0.000761118
0.000761432
0.000761761
0.000762103
0.00076246
0.00076283
0.000763215
0.000763614
0.000764027
0.000764454
0.000764895
0.000765352
0.000765825
0.000766314
0.000766819
0.00076734
0.000767876
0.000768428
0.000768996
0.00076958
0.00077018
0.000770793
0.00077142
0.000772061
0.000772716
0.000773385
0.000774068
0.000774765
0.000775476
0.000776201
0.00077694
0.000777695
0.000778466
0.000779252
0.000780055
0.000780874
0.00078171
0.000782562
0.000783431
0.000784317
0.000785219
0.000786139
0.000787074
0.000788029
0.000788999
0.000789988
0.000790996
0.000792025
0.000793076
0.000794152
0.00079525
0.000796371
0.000797511
0.000798667
0.000799832
0.000801002
0.000802175
0.00080335
0.000804525
0.000805701
0.000806877
0.000808053
0.000809228
0.000810403
0.000811577
0.000812749
0.000813917
0.000815082
0.000816241
0.000817394
0.00081854
0.000819676
0.000820801
0.000821913
0.000823012
0.000824095
0.000825161
0.000826207
0.000827232
0.000828234
0.000829211
0.000830161
0.000831082
0.000831973
0.000832831
0.000833655
0.000834443
0.000835193
0.000835904
0.000836573
0.000837199
0.000837781
0.000838318
0.000838807
0.000839248
0.000839639
0.000839979
0.000840267
0.000840502
0.000840682
0.000840808
0.000840878
0.000840892
0.000840847
0.000840742
0.000840578
0.000840351
0.000840063
0.000839719
0.00083931
0.000838836
0.000838293
0.000837683
0.000837004
0.000836258
0.00083544
0.000834543
0.000833566
0.000832513
0.000831385
0.000830187
0.000828911
0.000827566
0.000826141
0.000824641
0.00082306
0.000821413
0.000819698
0.000817924
0.000816092
0.00081421
0.000812283
0.000810319
0.000808317
0.000806316
0.000804312
0.000802306
0.000800296
0.0007983
0.000796299
0.000794351
0.000792366
0.000790503
0.000788536
0.000786815
0.000784889
0.000783354
0.000781416
0.00078013
0.000778209
0.000777027
0.000775114
0.000773933
0.000771836
0.000771599
0.000768526
0.000769951
0.000767838
0.000768559
0.000769461
0.000771037
0.000773127
0.000776144
0.000779621
0.000784286
0.000789046
0.000795539
0.000801608
0.000810294
0.000817488
0.000828692
0.000837231
0.00085143
0.000862516
0.000879059
0.000896029
0.000910556
0.000828061
0.000827468
0.000826873
0.000826278
0.000825681
0.000825083
0.000824484
0.000823886
0.000823287
0.000822689
0.00082209
0.000821493
0.000820896
0.0008203
0.000819706
0.000819113
0.000818522
0.000817933
0.000817346
0.000816762
0.00081618
0.000815601
0.000815024
0.000814451
0.000813881
0.000813314
0.000812751
0.000812191
0.000811634
0.000811081
0.000810532
0.000809987
0.000809445
0.000808908
0.000808375
0.000807846
0.000807321
0.0008068
0.000806284
0.000805772
0.000805264
0.000804761
0.000804262
0.000803768
0.000803278
0.000802793
0.000802313
0.000801837
0.000801366
0.0008009
0.000800438
0.000799981
0.000799529
0.000799082
0.000798639
0.000798201
0.000797768
0.00079734
0.000796916
0.000796497
0.000796083
0.000795674
0.00079527
0.00079487
0.000794475
0.000794085
0.0007937
0.000793319
0.000792943
0.000792572
0.000792206
0.000791844
0.000791488
0.000791135
0.000790788
0.000790445
0.000790107
0.000789773
0.000789444
0.000789119
0.000788799
0.000788484
0.000788173
0.000787866
0.000787564
0.000787267
0.000786973
0.000786684
0.000786399
0.000786119
0.000785843
0.000785571
0.000785303
0.000785039
0.00078478
0.000784525
0.000784273
0.000784026
0.000783783
0.000783543
0.000783308
0.000783077
0.000782849
0.000782625
0.000782406
0.00078219
0.000781977
0.000781769
0.000781565
0.000781364
0.000781167
0.000780974
0.000780784
0.000780598
0.000780416
0.000780238
0.000780064
0.000779893
0.000779726
0.000779563
0.000779404
0.000779249
0.000779098
0.00077895
0.000778807
0.000778667
0.000778532
0.000778401
0.000778274
0.000778151
0.000778032
0.000777918
0.000777809
0.000777704
0.000777603
0.000777507
0.000777416
0.00077733
0.000777248
0.000777172
0.000777101
0.000777035
0.000776975
0.00077692
0.00077687
0.000776826
0.000776788
0.000776756
0.000776729
0.000776709
0.000776695
0.000776688
0.000776688
0.000776694
0.000776706
0.000776725
0.000776751
0.000776784
0.000776824
0.000776872
0.000776928
0.000776993
0.000777065
0.000777145
0.000777232
0.000777326
0.000777428
0.000777538
0.000777656
0.000777783
0.000777915
0.000778048
0.000778187
0.000778333
0.000778485
0.000778646
0.000778815
0.000778992
0.000779177
0.000779372
0.000779575
0.00077979
0.000780016
0.00078025
0.000780494
0.000780748
0.00078101
0.000781283
0.000781565
0.000781856
0.000782158
0.000782471
0.000782795
0.000783129
0.000783473
0.000783828
0.000784193
0.000784569
0.000784956
0.000785354
0.000785763
0.000786183
0.000786615
0.000787057
0.000787512
0.000787979
0.000788457
0.000788946
0.000789447
0.000789958
0.000790479
0.00079101
0.00079155
0.0007921
0.00079266
0.00079323
0.000793811
0.000794401
0.000795003
0.000795615
0.000796238
0.000796872
0.000797517
0.000798173
0.000798839
0.000799517
0.000800206
0.000800906
0.000801617
0.000802341
0.000803076
0.000803825
0.000804587
0.000805364
0.000806154
0.000806956
0.00080777
0.000808592
0.00080942
0.000810252
0.000811087
0.000811922
0.000812757
0.000813591
0.000814424
0.000815255
0.000816083
0.000816908
0.000817728
0.000818544
0.000819355
0.000820158
0.000820955
0.000821743
0.000822522
0.00082329
0.000824046
0.00082479
0.00082552
0.000826234
0.000826931
0.00082761
0.00082827
0.000828909
0.000829525
0.000830117
0.000830684
0.000831223
0.000831734
0.000832214
0.000832663
0.000833079
0.00083346
0.000833804
0.000834111
0.000834377
0.000834603
0.000834787
0.000834927
0.000835021
0.000835068
0.000835066
0.000835012
0.000834911
0.000834758
0.00083455
0.000834282
0.000833955
0.000833567
0.000833116
0.000832601
0.000832014
0.000831351
0.000830616
0.000829806
0.000828924
0.000827966
0.000826936
0.000825824
0.00082463
0.000823353
0.000821997
0.000820559
0.000819043
0.000817436
0.000815748
0.000813958
0.000812099
0.000810178
0.000808189
0.000806126
0.000803994
0.000801792
0.000799532
0.000797217
0.000794856
0.000792455
0.000790018
0.000787548
0.000785061
0.00078255
0.000780048
0.000777526
0.000775046
0.000772535
0.000770098
0.000767595
0.000765242
0.000762784
0.000760551
0.000758117
0.000756043
0.000753618
0.000751652
0.000749335
0.000747366
0.000744918
0.000743155
0.000740897
0.000739623
0.000734994
0.00073313
0.000732018
0.000732407
0.000733235
0.00073478
0.000736689
0.000739523
0.000742549
0.00074743
0.000752269
0.00075947
0.000766016
0.000775754
0.000784052
0.000796263
0.000807161
0.000820524
0.000836299
0.000847072
0.000836221
0.000835791
0.000835359
0.000834924
0.000834487
0.000834047
0.000833604
0.00083316
0.000832714
0.000832265
0.000831815
0.000831364
0.000830911
0.000830457
0.000830002
0.000829546
0.00082909
0.000828633
0.000828176
0.00082772
0.000827263
0.000826807
0.000826351
0.000825895
0.00082544
0.000824985
0.000824532
0.00082408
0.000823629
0.000823179
0.000822731
0.000822285
0.00082184
0.000821397
0.000820956
0.000820517
0.00082008
0.000819645
0.000819212
0.000818782
0.000818354
0.000817928
0.000817505
0.000817084
0.000816666
0.00081625
0.000815837
0.000815428
0.000815021
0.000814616
0.000814215
0.000813817
0.000813422
0.00081303
0.00081264
0.000812254
0.000811872
0.000811492
0.000811115
0.000810742
0.000810372
0.000810005
0.000809642
0.000809282
0.000808925
0.000808572
0.000808222
0.000807875
0.000807532
0.000807193
0.000806857
0.000806524
0.000806195
0.00080587
0.000805548
0.000805229
0.000804914
0.000804603
0.000804295
0.000803991
0.00080369
0.000803393
0.0008031
0.00080281
0.000802524
0.000802241
0.000801962
0.000801687
0.000801415
0.000801147
0.000800882
0.000800621
0.000800364
0.00080011
0.00079986
0.000799614
0.000799371
0.000799132
0.000798896
0.000798664
0.000798435
0.000798211
0.000797989
0.000797772
0.000797557
0.000797347
0.00079714
0.000796937
0.000796737
0.000796541
0.000796348
0.000796159
0.000795974
0.000795792
0.000795614
0.00079544
0.000795269
0.000795102
0.000794939
0.000794779
0.000794623
0.000794471
0.000794323
0.000794178
0.000794037
0.0007939
0.000793767
0.000793638
0.000793513
0.000793392
0.000793275
0.000793161
0.000793052
0.000792948
0.000792847
0.000792751
0.000792658
0.000792571
0.000792487
0.000792409
0.000792334
0.000792265
0.000792199
0.000792139
0.000792084
0.000792033
0.000791987
0.000791946
0.000791911
0.00079188
0.000791855
0.000791835
0.00079182
0.000791811
0.000791807
0.000791809
0.000791816
0.000791829
0.000791848
0.000791872
0.000791903
0.00079194
0.000791983
0.000792033
0.000792088
0.00079215
0.000792218
0.000792292
0.000792373
0.000792459
0.000792553
0.000792655
0.000792764
0.000792879
0.000793001
0.000793129
0.000793264
0.000793405
0.000793554
0.000793708
0.000793871
0.000794034
0.000794201
0.000794373
0.000794551
0.000794735
0.000794925
0.000795122
0.000795326
0.000795537
0.000795757
0.000795984
0.000796219
0.000796461
0.000796709
0.000796964
0.000797226
0.000797496
0.000797773
0.000798058
0.000798351
0.000798652
0.000798961
0.000799276
0.0007996
0.000799932
0.000800272
0.00080062
0.000800975
0.000801339
0.000801709
0.000802088
0.000802474
0.00080287
0.000803271
0.00080368
0.000804095
0.000804518
0.000804947
0.000805383
0.000805826
0.000806276
0.000806733
0.000807197
0.000807668
0.000808146
0.000808631
0.000809123
0.000809623
0.00081013
0.000810644
0.000811166
0.000811695
0.000812233
0.000812778
0.000813331
0.000813891
0.000814457
0.000815028
0.000815601
0.000816177
0.000816753
0.000817329
0.000817904
0.000818478
0.000819049
0.000819617
0.00082018
0.00082074
0.000821294
0.000821842
0.000822383
0.000822917
0.000823442
0.000823959
0.000824465
0.00082496
0.000825443
0.000825914
0.00082637
0.00082681
0.000827234
0.00082764
0.000828027
0.000828394
0.000828739
0.000829061
0.000829357
0.000829628
0.00082987
0.000830084
0.000830267
0.000830417
0.000830532
0.000830611
0.000830651
0.000830653
0.000830615
0.000830533
0.000830406
0.00083023
0.000830004
0.000829728
0.000829392
0.000828993
0.000828531
0.000828006
0.00082742
0.000826767
0.000826049
0.000825258
0.000824397
0.000823457
0.000822441
0.000821348
0.000820178
0.000818921
0.000817585
0.000816152
0.000814646
0.000813074
0.000811421
0.000809678
0.00080785
0.000805915
0.000803889
0.000801747
0.000799516
0.000797172
0.00079473
0.000792193
0.000789566
0.000786855
0.000784077
0.000781236
0.000778342
0.000775402
0.000772425
0.000769415
0.000766384
0.000763319
0.000760265
0.000757176
0.000754128
0.000751046
0.000747978
0.000744873
0.000741863
0.0007388
0.000735864
0.000732837
0.000729937
0.000726724
0.000723982
0.000720914
0.000717847
0.000714848
0.000712209
0.000709759
0.000705723
0.000702
0.000699573
0.000697645
0.000693438
0.000693161
0.000694315
0.000695618
0.000696977
0.000698623
0.000701297
0.000704004
0.000708463
0.000713129
0.000719695
0.000726572
0.000736011
0.000747459
0.000757017
0.000773918
0.000780419
0.000841055
0.000840748
0.000840437
0.000840122
0.000839805
0.000839484
0.00083916
0.000838833
0.000838503
0.00083817
0.000837836
0.000837499
0.00083716
0.000836819
0.000836476
0.000836132
0.000835786
0.000835438
0.000835089
0.000834739
0.000834387
0.000834035
0.000833681
0.000833326
0.000832971
0.000832615
0.000832258
0.000831902
0.000831545
0.000831188
0.000830831
0.000830474
0.000830117
0.00082976
0.000829404
0.000829048
0.000828693
0.000828338
0.000827984
0.00082763
0.000827278
0.000826926
0.000826576
0.000826227
0.000825879
0.000825532
0.000825187
0.000824843
0.000824501
0.00082416
0.000823821
0.000823483
0.000823147
0.000822813
0.00082248
0.000822149
0.00082182
0.000821493
0.000821168
0.000820844
0.000820523
0.000820204
0.000819887
0.000819572
0.000819259
0.000818949
0.000818641
0.000818335
0.000818032
0.00081773
0.000817432
0.000817135
0.000816841
0.00081655
0.000816261
0.000815974
0.00081569
0.000815409
0.00081513
0.000814854
0.00081458
0.000814309
0.000814041
0.000813775
0.000813513
0.000813252
0.000812995
0.00081274
0.000812489
0.00081224
0.000811994
0.00081175
0.00081151
0.000811273
0.000811038
0.000810806
0.000810578
0.000810352
0.000810129
0.000809909
0.000809692
0.000809478
0.000809267
0.00080906
0.000808855
0.000808653
0.000808454
0.000808259
0.000808066
0.000807877
0.00080769
0.000807507
0.000807327
0.00080715
0.000806976
0.000806806
0.000806639
0.000806475
0.000806314
0.000806156
0.000806002
0.000805851
0.000805704
0.00080556
0.000805419
0.000805282
0.000805148
0.000805018
0.000804891
0.000804767
0.000804648
0.000804531
0.000804419
0.00080431
0.000804204
0.000804103
0.000804005
0.000803911
0.00080382
0.000803734
0.000803652
0.000803573
0.000803498
0.000803428
0.000803361
0.000803299
0.000803241
0.000803187
0.000803137
0.000803091
0.00080305
0.000803013
0.000802981
0.000802953
0.000802929
0.000802911
0.000802896
0.000802887
0.000802882
0.000802881
0.000802886
0.000802895
0.000802909
0.000802929
0.000802953
0.000802982
0.000803016
0.000803055
0.000803099
0.000803148
0.000803203
0.000803263
0.000803328
0.000803399
0.000803474
0.000803555
0.000803642
0.000803733
0.00080383
0.000803932
0.000804039
0.000804153
0.000804273
0.000804398
0.000804528
0.000804664
0.000804804
0.00080495
0.0008051
0.000805257
0.000805415
0.000805575
0.000805739
0.000805907
0.00080608
0.000806258
0.00080644
0.000806628
0.000806821
0.000807021
0.000807226
0.000807436
0.000807651
0.000807871
0.000808096
0.000808327
0.000808564
0.000808806
0.000809054
0.000809307
0.000809566
0.000809829
0.000810098
0.000810371
0.000810651
0.000810936
0.000811227
0.000811521
0.00081182
0.000812123
0.000812431
0.000812744
0.000813061
0.000813383
0.000813709
0.00081404
0.000814375
0.000814714
0.000815058
0.000815406
0.000815758
0.000816114
0.000816475
0.00081684
0.00081721
0.000817583
0.00081796
0.00081834
0.000818722
0.000819107
0.000819492
0.000819877
0.000820261
0.000820643
0.000821024
0.000821401
0.000821774
0.000822143
0.000822507
0.000822866
0.000823217
0.000823562
0.000823898
0.000824226
0.000824544
0.000824852
0.000825148
0.000825432
0.000825703
0.000825958
0.000826199
0.000826422
0.000826628
0.000826815
0.000826981
0.000827124
0.000827244
0.000827337
0.000827405
0.000827445
0.000827455
0.000827432
0.000827375
0.000827281
0.000827149
0.000826977
0.000826757
0.000826486
0.000826165
0.000825795
0.00082537
0.000824895
0.000824359
0.000823766
0.000823106
0.000822385
0.000821598
0.000820747
0.000819822
0.000818827
0.000817751
0.000816604
0.000815393
0.000814107
0.000812738
0.000811284
0.000809735
0.000808095
0.000806352
0.000804512
0.000802575
0.000800527
0.00079837
0.000796119
0.000793714
0.000791224
0.000788586
0.000785831
0.000782958
0.00077999
0.000776902
0.000773699
0.000770405
0.000767045
0.000763614
0.000760123
0.000756591
0.00075301
0.000749407
0.00074576
0.000742093
0.000738417
0.000734673
0.000731041
0.000727294
0.000723485
0.000719733
0.000715996
0.000712363
0.000708662
0.000705073
0.000700752
0.000696366
0.000693289
0.000688559
0.000684582
0.000681436
0.000678436
0.000673919
0.000670211
0.000668235
0.000665765
0.000663885
0.000659721
0.000658155
0.000657459
0.000656945
0.000655729
0.000655357
0.000656067
0.000656746
0.000659397
0.000663563
0.000667144
0.000673328
0.00068142
0.000691677
0.000698249
0.000712713
0.000715056
0.000844015
0.0008438
0.00084358
0.000843358
0.000843132
0.000842902
0.000842669
0.000842433
0.000842194
0.000841953
0.000841708
0.00084146
0.000841209
0.000840956
0.000840701
0.000840443
0.000840183
0.000839921
0.000839657
0.000839391
0.000839123
0.000838853
0.000838583
0.000838311
0.000838038
0.000837764
0.000837489
0.000837212
0.000836935
0.000836657
0.000836378
0.000836098
0.000835817
0.000835536
0.000835254
0.000834972
0.000834689
0.000834405
0.000834122
0.000833838
0.000833554
0.000833271
0.000832987
0.000832703
0.00083242
0.000832137
0.000831854
0.000831571
0.000831289
0.000831007
0.000830725
0.000830445
0.000830164
0.000829885
0.000829606
0.000829328
0.00082905
0.000828774
0.000828498
0.000828224
0.00082795
0.000827678
0.000827407
0.000827137
0.000826869
0.000826602
0.000826336
0.000826071
0.000825808
0.000825546
0.000825286
0.000825027
0.00082477
0.000824514
0.00082426
0.000824007
0.000823756
0.000823507
0.000823259
0.000823013
0.000822769
0.000822527
0.000822286
0.000822048
0.000821811
0.000821576
0.000821343
0.000821113
0.000820884
0.000820657
0.000820433
0.00082021
0.00081999
0.000819772
0.000819556
0.000819342
0.00081913
0.00081892
0.000818713
0.000818508
0.000818306
0.000818105
0.000817907
0.000817712
0.000817518
0.000817328
0.000817139
0.000816953
0.00081677
0.000816589
0.00081641
0.000816234
0.000816061
0.00081589
0.000815722
0.000815557
0.000815394
0.000815234
0.000815076
0.000814922
0.00081477
0.000814621
0.000814474
0.000814331
0.00081419
0.000814052
0.000813917
0.000813785
0.000813656
0.00081353
0.000813407
0.000813287
0.000813169
0.000813055
0.000812944
0.000812836
0.000812732
0.00081263
0.000812532
0.000812437
0.000812345
0.000812256
0.000812171
0.000812089
0.00081201
0.000811935
0.000811863
0.000811795
0.00081173
0.000811669
0.000811611
0.000811557
0.000811506
0.000811459
0.000811416
0.000811377
0.000811341
0.000811309
0.00081128
0.000811256
0.000811235
0.000811219
0.000811206
0.000811197
0.000811192
0.000811191
0.000811193
0.0008112
0.000811211
0.000811226
0.000811245
0.000811268
0.000811295
0.000811327
0.000811362
0.000811402
0.000811446
0.000811494
0.000811546
0.000811602
0.000811662
0.000811726
0.000811795
0.000811868
0.000811946
0.000812027
0.000812113
0.000812202
0.000812296
0.000812393
0.000812496
0.000812603
0.000812714
0.000812829
0.000812948
0.00081307
0.000813197
0.000813327
0.000813459
0.000813592
0.000813727
0.000813865
0.000814006
0.00081415
0.000814299
0.000814452
0.000814608
0.000814769
0.000814932
0.0008151
0.000815271
0.000815445
0.000815622
0.000815802
0.000815986
0.000816172
0.000816361
0.000816554
0.000816751
0.000816951
0.000817154
0.00081736
0.000817569
0.00081778
0.000817995
0.000818212
0.000818431
0.000818653
0.000818876
0.000819102
0.00081933
0.00081956
0.000819792
0.000820025
0.00082026
0.000820497
0.000820734
0.000820972
0.000821211
0.000821449
0.000821686
0.000821922
0.000822156
0.000822387
0.000822615
0.000822838
0.000823057
0.00082327
0.000823478
0.000823677
0.00082387
0.000824053
0.000824228
0.000824393
0.000824547
0.000824689
0.000824819
0.000824934
0.000825034
0.000825116
0.000825184
0.000825233
0.000825262
0.000825269
0.000825252
0.000825211
0.000825143
0.000825045
0.000824913
0.000824744
0.000824539
0.000824298
0.000824016
0.000823696
0.000823329
0.000822918
0.000822458
0.000821948
0.000821387
0.000820773
0.0008201
0.000819371
0.000818573
0.000817718
0.000816809
0.00081584
0.000814803
0.000813695
0.000812505
0.000811241
0.000809888
0.000808464
0.000806932
0.000805304
0.000803578
0.000801747
0.000799801
0.000797752
0.00079558
0.00079328
0.000790906
0.000788386
0.000785753
0.000783018
0.000780019
0.000777059
0.000773856
0.000770478
0.00076703
0.000763485
0.000759733
0.000755835
0.000751867
0.000747846
0.000743747
0.000739582
0.000735396
0.000731139
0.000726896
0.000722555
0.000718275
0.000713704
0.000709239
0.000705172
0.000700376
0.000695829
0.000691357
0.000686916
0.00068318
0.000678249
0.000674241
0.000670278
0.000664612
0.000661011
0.000656148
0.000652513
0.000647984
0.000643539
0.000640027
0.000637138
0.000634546
0.000629557
0.000627359
0.000626226
0.000625331
0.000623394
0.000620241
0.000615582
0.000612394
0.000609703
0.000604125
0.000607521
0.000612708
0.00060928
0.000615073
0.000627594
0.000638941
0.000645377
0.000657516
0.000658645
0.00084583
0.000845682
0.00084553
0.000845376
0.000845219
0.000845059
0.000844896
0.00084473
0.000844561
0.00084439
0.000844216
0.000844039
0.00084386
0.000843678
0.000843494
0.000843307
0.000843118
0.000842927
0.000842734
0.000842538
0.000842341
0.000842142
0.00084194
0.000841737
0.000841531
0.000841325
0.000841116
0.000840906
0.000840695
0.000840482
0.000840268
0.000840052
0.000839835
0.000839617
0.000839399
0.000839179
0.000838959
0.000838739
0.000838517
0.000838295
0.000838073
0.000837849
0.000837626
0.000837401
0.000837177
0.000836951
0.000836726
0.0008365
0.000836274
0.000836047
0.00083582
0.000835593
0.000835366
0.000835138
0.000834911
0.000834683
0.000834456
0.000834229
0.000834003
0.000833776
0.00083355
0.000833324
0.000833098
0.000832873
0.000832648
0.000832423
0.000832199
0.000831976
0.000831753
0.00083153
0.000831308
0.000831087
0.000830867
0.000830647
0.000830428
0.000830209
0.000829992
0.000829776
0.00082956
0.000829346
0.000829132
0.00082892
0.000828708
0.000828498
0.000828289
0.000828081
0.000827875
0.00082767
0.000827466
0.000827263
0.000827062
0.000826862
0.000826664
0.000826466
0.000826271
0.000826076
0.000825884
0.000825692
0.000825503
0.000825314
0.000825128
0.000824943
0.000824759
0.000824578
0.000824398
0.00082422
0.000824043
0.000823868
0.000823696
0.000823525
0.000823356
0.000823188
0.000823023
0.00082286
0.000822699
0.000822539
0.000822382
0.000822227
0.000822074
0.000821923
0.000821774
0.000821627
0.000821483
0.000821341
0.0008212
0.000821062
0.000820927
0.000820793
0.000820662
0.000820534
0.000820407
0.000820283
0.000820162
0.000820043
0.000819926
0.000819812
0.0008197
0.000819591
0.000819484
0.00081938
0.000819279
0.00081918
0.000819084
0.00081899
0.000818899
0.000818811
0.000818726
0.000818643
0.000818563
0.000818486
0.000818412
0.000818341
0.000818273
0.000818207
0.000818144
0.000818085
0.000818028
0.000817974
0.000817924
0.000817876
0.000817831
0.00081779
0.000817751
0.000817716
0.000817683
0.000817654
0.000817628
0.000817605
0.000817585
0.000817568
0.000817555
0.000817545
0.000817537
0.000817534
0.000817533
0.000817535
0.000817541
0.00081755
0.000817562
0.000817577
0.000817596
0.000817617
0.000817642
0.000817671
0.000817702
0.000817736
0.000817774
0.000817815
0.000817859
0.000817905
0.000817955
0.000818008
0.000818065
0.000818124
0.000818186
0.000818251
0.00081832
0.00081839
0.000818465
0.000818543
0.000818623
0.000818706
0.000818792
0.000818881
0.000818969
0.000819057
0.000819147
0.00081924
0.000819334
0.000819431
0.00081953
0.00081963
0.000819732
0.000819836
0.000819941
0.000820048
0.000820158
0.00082027
0.000820384
0.0008205
0.000820617
0.000820736
0.000820856
0.000820978
0.000821101
0.000821224
0.000821349
0.000821474
0.000821599
0.000821724
0.00082185
0.000821976
0.000822101
0.000822226
0.000822351
0.000822474
0.000822597
0.000822718
0.000822837
0.000822953
0.000823066
0.000823176
0.000823282
0.000823384
0.000823481
0.000823571
0.000823656
0.000823732
0.0008238
0.000823859
0.000823908
0.000823948
0.000823977
0.000823993
0.000823995
0.000823983
0.000823956
0.00082391
0.000823845
0.000823759
0.000823648
0.000823512
0.000823352
0.000823164
0.000822951
0.000822705
0.00082243
0.000822118
0.000821771
0.000821388
0.000820966
0.000820503
0.000819996
0.000819444
0.000818839
0.000818191
0.000817503
0.000816764
0.000815971
0.000815119
0.000814204
0.000813224
0.00081217
0.000811055
0.000809854
0.000808577
0.000807215
0.000805774
0.000804234
0.000802618
0.000800906
0.000799106
0.00079716
0.000795149
0.000793023
0.000790745
0.000788339
0.000785825
0.000783114
0.000780319
0.000777475
0.000774392
0.00077121
0.000767852
0.000764014
0.000760927
0.000757073
0.000752695
0.000748798
0.000744548
0.000739854
0.000735062
0.000730325
0.000725561
0.000720722
0.000715823
0.000710938
0.000705957
0.000701036
0.000695973
0.000690959
0.000686068
0.000681138
0.000676206
0.000671292
0.000666303
0.00066145
0.000656647
0.000652075
0.00064769
0.000643038
0.000638611
0.00063314
0.000628485
0.000622102
0.000617855
0.000615066
0.000610456
0.000607949
0.000601707
0.000598326
0.000597081
0.000597342
0.000595308
0.000592501
0.000588292
0.00058144
0.000574079
0.000571104
0.00056086
0.000558593
0.000560151
0.000567327
0.000563424
0.000567036
0.000579473
0.000586172
0.000594563
0.000592816
0.000595952
0.000846814
0.000846711
0.000846605
0.000846497
0.000846387
0.000846275
0.000846161
0.000846044
0.000845925
0.000845804
0.000845681
0.000845555
0.000845427
0.000845298
0.000845166
0.000845032
0.000844896
0.000844758
0.000844618
0.000844476
0.000844332
0.000844187
0.000844039
0.00084389
0.000843739
0.000843586
0.000843432
0.000843276
0.000843119
0.00084296
0.000842799
0.000842637
0.000842474
0.000842309
0.000842143
0.000841976
0.000841807
0.000841638
0.000841467
0.000841294
0.000841121
0.000840947
0.000840772
0.000840596
0.000840419
0.000840242
0.000840063
0.000839884
0.000839704
0.000839523
0.000839343
0.000839162
0.000838981
0.000838799
0.000838617
0.000838435
0.000838252
0.000838069
0.000837886
0.000837702
0.000837518
0.000837335
0.00083715
0.000836966
0.000836782
0.000836597
0.000836413
0.000836228
0.000836043
0.000835859
0.000835674
0.000835489
0.000835304
0.00083512
0.000834936
0.000834752
0.000834568
0.000834385
0.000834202
0.000834019
0.000833837
0.000833656
0.000833474
0.000833294
0.000833113
0.000832933
0.000832754
0.000832575
0.000832397
0.000832219
0.000832042
0.000831866
0.00083169
0.000831515
0.000831341
0.000831168
0.000830995
0.000830823
0.000830652
0.000830483
0.000830314
0.000830146
0.000829979
0.000829813
0.000829648
0.000829485
0.000829322
0.000829161
0.000829001
0.000828842
0.000828684
0.000828528
0.000828373
0.00082822
0.000828068
0.000827917
0.000827768
0.00082762
0.000827474
0.000827329
0.000827185
0.000827043
0.000826903
0.000826764
0.000826627
0.000826491
0.000826357
0.000826224
0.000826094
0.000825965
0.000825837
0.000825712
0.000825588
0.000825466
0.000825346
0.000825228
0.000825112
0.000824997
0.000824885
0.000824774
0.000824666
0.000824559
0.000824454
0.000824352
0.000824251
0.000824153
0.000824057
0.000823962
0.00082387
0.000823781
0.000823693
0.000823607
0.000823524
0.000823443
0.000823364
0.000823288
0.000823214
0.000823142
0.000823072
0.000823005
0.00082294
0.000822877
0.000822817
0.000822759
0.000822704
0.000822651
0.0008226
0.000822552
0.000822506
0.000822463
0.000822422
0.000822383
0.000822347
0.000822314
0.000822283
0.000822254
0.000822228
0.000822204
0.000822183
0.000822164
0.000822148
0.000822134
0.000822122
0.000822113
0.000822106
0.000822101
0.000822099
0.000822099
0.000822101
0.000822106
0.000822112
0.000822121
0.000822132
0.000822145
0.000822161
0.000822178
0.000822198
0.00082222
0.000822244
0.000822269
0.000822297
0.000822326
0.000822357
0.00082239
0.000822423
0.000822459
0.000822495
0.000822532
0.000822569
0.000822607
0.000822647
0.000822687
0.000822729
0.000822772
0.000822815
0.000822858
0.000822903
0.000822947
0.000822992
0.000823038
0.000823084
0.000823129
0.000823175
0.00082322
0.000823265
0.000823309
0.000823352
0.000823394
0.000823434
0.000823473
0.00082351
0.000823546
0.000823579
0.000823609
0.000823637
0.000823662
0.000823683
0.0008237
0.000823712
0.000823718
0.00082372
0.000823717
0.000823708
0.000823691
0.000823667
0.000823634
0.000823592
0.000823538
0.000823472
0.000823393
0.000823299
0.000823189
0.000823063
0.000822921
0.000822759
0.00082258
0.00082238
0.000822157
0.00082191
0.000821639
0.000821344
0.000821021
0.00082067
0.000820286
0.000819872
0.00081942
0.000818934
0.000818419
0.000817869
0.00081728
0.000816648
0.000815969
0.000815241
0.000814462
0.000813624
0.000812735
0.000811782
0.000810762
0.000809673
0.000808515
0.000807286
0.000805975
0.000804591
0.000803115
0.000801556
0.00079991
0.000798175
0.000796355
0.000794411
0.000792418
0.000790293
0.00078809
0.000785634
0.00078331
0.000780727
0.00077786
0.000774931
0.000771863
0.000768382
0.000765361
0.000761973
0.000758209
0.000754262
0.000749789
0.000745082
0.000740438
0.000735678
0.000730792
0.000725809
0.000720723
0.000715489
0.000710151
0.000704739
0.000699271
0.000693734
0.000688148
0.000682542
0.000676905
0.000671242
0.000665563
0.000659895
0.000654333
0.000648744
0.000643391
0.000638139
0.000632991
0.000627917
0.000622982
0.000617986
0.000613053
0.000607933
0.000602968
0.000595687
0.000591235
0.000583317
0.000583145
0.000581012
0.000578203
0.000574735
0.000571512
0.000568459
0.000565627
0.000563346
0.000558619
0.000555165
0.000548541
0.00054034
0.000532323
0.00053403
0.000524606
0.000523684
0.000532373
0.000536253
0.000538834
0.00053945
0.000542179
0.000541555
0.000550937
0.000536649
0.000535701
0.000847258
0.000847181
0.000847103
0.000847023
0.000846942
0.000846859
0.000846775
0.000846689
0.000846601
0.000846512
0.000846421
0.000846329
0.000846235
0.000846139
0.000846042
0.000845943
0.000845843
0.000845741
0.000845638
0.000845533
0.000845426
0.000845318
0.000845209
0.000845098
0.000844985
0.000844871
0.000844756
0.000844639
0.000844521
0.000844401
0.000844281
0.000844158
0.000844035
0.00084391
0.000843784
0.000843657
0.000843529
0.000843399
0.000843269
0.000843137
0.000843004
0.00084287
0.000842735
0.000842598
0.000842461
0.000842323
0.000842184
0.000842044
0.000841904
0.000841762
0.000841619
0.000841476
0.000841332
0.000841187
0.000841041
0.000840894
0.000840747
0.000840599
0.000840451
0.000840302
0.000840152
0.000840002
0.000839852
0.000839701
0.000839549
0.000839397
0.000839245
0.000839092
0.00083894
0.000838787
0.000838635
0.000838482
0.000838329
0.000838176
0.000838023
0.00083787
0.000837716
0.000837563
0.000837409
0.000837256
0.000837102
0.000836949
0.000836795
0.000836641
0.000836488
0.000836335
0.000836181
0.000836028
0.000835875
0.000835722
0.000835569
0.000835416
0.000835264
0.000835111
0.000834959
0.000834808
0.000834656
0.000834506
0.000834355
0.000834205
0.000834056
0.000833907
0.000833758
0.00083361
0.000833463
0.000833316
0.00083317
0.000833024
0.000832879
0.000832735
0.000832591
0.000832448
0.000832306
0.000832164
0.000832023
0.000831883
0.000831744
0.000831606
0.000831468
0.000831332
0.000831196
0.000831061
0.000830927
0.000830794
0.000830662
0.000830531
0.000830402
0.000830273
0.000830146
0.000830019
0.000829894
0.00082977
0.000829647
0.000829526
0.000829405
0.000829286
0.000829169
0.000829052
0.000828937
0.000828824
0.000828712
0.000828601
0.000828492
0.000828384
0.000828277
0.000828173
0.000828069
0.000827967
0.000827867
0.000827768
0.000827671
0.000827576
0.000827482
0.00082739
0.000827299
0.00082721
0.000827123
0.000827038
0.000826954
0.000826872
0.000826792
0.000826713
0.000826636
0.000826561
0.000826488
0.000826417
0.000826347
0.000826279
0.000826213
0.000826149
0.000826087
0.000826026
0.000825967
0.00082591
0.000825855
0.000825802
0.00082575
0.000825701
0.000825653
0.000825607
0.000825562
0.00082552
0.000825479
0.000825439
0.000825401
0.000825365
0.00082533
0.000825297
0.000825265
0.000825235
0.000825206
0.000825179
0.000825153
0.000825129
0.000825106
0.000825084
0.000825064
0.000825043
0.000825023
0.000825004
0.000824986
0.000824968
0.000824952
0.000824936
0.000824923
0.000824912
0.000824902
0.000824891
0.000824881
0.00082487
0.00082486
0.000824849
0.000824838
0.000824826
0.000824814
0.000824801
0.000824787
0.000824772
0.000824757
0.00082474
0.000824722
0.000824702
0.000824681
0.000824657
0.000824631
0.000824603
0.000824571
0.000824536
0.000824497
0.000824456
0.000824411
0.000824362
0.000824309
0.000824251
0.000824187
0.000824117
0.00082404
0.000823955
0.000823862
0.000823761
0.000823649
0.000823527
0.000823394
0.00082325
0.000823095
0.000822926
0.000822744
0.000822545
0.000822332
0.000822102
0.000821855
0.000821591
0.000821307
0.000821002
0.000820674
0.000820325
0.000819946
0.000819549
0.000819129
0.000818684
0.000818211
0.000817705
0.000817167
0.000816591
0.000815979
0.000815322
0.000814629
0.000813886
0.000813093
0.000812249
0.000811351
0.000810396
0.000809384
0.000808306
0.000807169
0.000805958
0.00080468
0.000803327
0.000801893
0.000800387
0.000798796
0.000797109
0.000795353
0.000793466
0.000791503
0.000789417
0.000787263
0.000785016
0.000782598
0.000780196
0.000777564
0.000774915
0.00077185
0.000769603
0.000766349
0.00076244
0.000759059
0.0007551
0.000750699
0.00074608
0.000741426
0.000736641
0.000731767
0.000726726
0.000721508
0.000716136
0.000710622
0.000704965
0.000699183
0.000693277
0.000687249
0.000681135
0.000674937
0.000668672
0.000662334
0.000655973
0.000649613
0.000643216
0.000636975
0.000630854
0.000624783
0.000618807
0.000612915
0.000606968
0.000601015
0.000595163
0.000589409
0.000583754
0.000578298
0.000572929
0.000568074
0.000563074
0.000558004
0.000553369
0.000548781
0.000545101
0.000541355
0.000537981
0.000534617
0.000531561
0.000529098
0.000525804
0.000524179
0.000516919
0.000515499
0.000502167
0.000499174
0.000505901
0.000507118
0.000506745
0.000505479
0.000505917
0.000505091
0.000506523
0.000505374
0.000507024
0.000505604
0.000513212
0.000497339
0.000493973
0.000847392
0.000847328
0.000847264
0.000847199
0.000847133
0.000847066
0.000846998
0.000846928
0.000846858
0.000846787
0.000846714
0.000846641
0.000846566
0.00084649
0.000846414
0.000846336
0.000846257
0.000846176
0.000846095
0.000846013
0.000845929
0.000845844
0.000845758
0.000845672
0.000845584
0.000845494
0.000845404
0.000845313
0.000845221
0.000845127
0.000845033
0.000844937
0.000844841
0.000844743
0.000844644
0.000844545
0.000844444
0.000844342
0.00084424
0.000844136
0.000844032
0.000843926
0.00084382
0.000843712
0.000843604
0.000843495
0.000843385
0.000843274
0.000843162
0.000843049
0.000842936
0.000842822
0.000842706
0.00084259
0.000842474
0.000842356
0.000842238
0.000842119
0.000842
0.000841879
0.000841759
0.000841637
0.000841515
0.000841392
0.000841268
0.000841144
0.00084102
0.000840895
0.000840769
0.000840643
0.000840516
0.000840388
0.00084026
0.000840132
0.000840003
0.000839874
0.000839745
0.000839615
0.000839485
0.000839354
0.000839224
0.000839093
0.000838961
0.00083883
0.000838698
0.000838566
0.000838434
0.000838301
0.000838169
0.000838036
0.000837904
0.000837772
0.00083764
0.000837508
0.000837376
0.000837244
0.000837112
0.000836981
0.000836849
0.000836717
0.000836586
0.000836454
0.000836323
0.000836192
0.000836061
0.00083593
0.000835799
0.000835669
0.000835539
0.000835409
0.00083528
0.00083515
0.000835021
0.000834893
0.000834765
0.000834637
0.000834509
0.000834382
0.000834255
0.000834128
0.000834002
0.000833877
0.000833752
0.000833627
0.000833503
0.00083338
0.000833258
0.000833136
0.000833014
0.000832894
0.000832774
0.000832655
0.000832536
0.000832418
0.000832301
0.000832185
0.00083207
0.000831956
0.000831842
0.000831729
0.000831617
0.000831506
0.000831396
0.000831287
0.000831179
0.000831072
0.000830966
0.000830861
0.000830757
0.000830654
0.000830552
0.000830451
0.000830351
0.000830252
0.000830155
0.000830058
0.000829963
0.000829868
0.000829775
0.000829684
0.000829593
0.000829503
0.000829415
0.000829328
0.000829242
0.000829157
0.000829074
0.000828991
0.00082891
0.00082883
0.000828752
0.000828674
0.000828598
0.000828522
0.000828448
0.000828376
0.000828304
0.000828233
0.000828164
0.000828096
0.000828028
0.000827962
0.000827897
0.000827832
0.000827768
0.000827705
0.000827643
0.000827582
0.000827521
0.000827462
0.000827403
0.000827345
0.000827287
0.00082723
0.000827174
0.000827118
0.000827062
0.000827008
0.000826955
0.000826902
0.00082685
0.000826798
0.000826746
0.000826694
0.000826642
0.000826589
0.000826535
0.000826481
0.000826426
0.000826369
0.000826311
0.000826252
0.000826191
0.000826128
0.000826063
0.000825995
0.000825926
0.000825855
0.000825781
0.000825705
0.000825625
0.000825542
0.000825455
0.000825363
0.000825266
0.000825164
0.000825056
0.000824943
0.000824823
0.000824696
0.000824561
0.000824419
0.000824268
0.00082411
0.000823942
0.000823764
0.000823575
0.000823375
0.000823165
0.000822944
0.00082271
0.000822463
0.000822202
0.000821926
0.000821635
0.000821325
0.000821
0.000820661
0.000820305
0.000819931
0.000819536
0.000819119
0.000818679
0.000818213
0.00081772
0.000817199
0.000816645
0.000816063
0.000815444
0.000814788
0.000814094
0.000813358
0.000812582
0.000811757
0.000810889
0.000809967
0.000808996
0.000807969
0.000806883
0.00080574
0.000804532
0.000803257
0.000801917
0.000800497
0.000799014
0.000797435
0.000795793
0.000794056
0.000792226
0.000790327
0.00078831
0.000786204
0.000784026
0.000781646
0.000779201
0.000776541
0.000773979
0.000771215
0.000768177
0.000765224
0.000761865
0.000758874
0.000755005
0.000750862
0.000746503
0.000741952
0.000737291
0.00073248
0.000727476
0.000722277
0.000716896
0.000711341
0.000705617
0.000699727
0.000693673
0.000687439
0.000681062
0.00067453
0.000667883
0.00066108
0.000654171
0.00064721
0.000640147
0.00063314
0.00062622
0.000619334
0.000612455
0.000605643
0.000598747
0.000591781
0.000584816
0.000577926
0.000571095
0.000564459
0.00055801
0.000551731
0.000545763
0.000539731
0.000534063
0.000528627
0.00052343
0.000518521
0.000513821
0.000509485
0.000505339
0.000501691
0.000498158
0.000495137
0.000492247
0.000489834
0.000487759
0.000485802
0.000484334
0.000482138
0.000481008
0.000479255
0.00047836
0.000478548
0.000478217
0.000478091
0.000477198
0.00047743
0.000476751
0.000478124
0.000477716
0.000481049
0.000479915
0.000489759
0.000475265
0.00047075
0.000847375
0.000847317
0.000847259
0.000847199
0.00084714
0.000847079
0.000847018
0.000846956
0.000846894
0.000846831
0.000846767
0.000846702
0.000846637
0.000846571
0.000846504
0.000846437
0.000846369
0.0008463
0.00084623
0.000846159
0.000846088
0.000846016
0.000845943
0.000845869
0.000845795
0.00084572
0.000845644
0.000845567
0.00084549
0.000845411
0.000845332
0.000845252
0.000845172
0.00084509
0.000845008
0.000844925
0.000844842
0.000844757
0.000844672
0.000844586
0.0008445
0.000844412
0.000844324
0.000844235
0.000844146
0.000844055
0.000843964
0.000843873
0.00084378
0.000843687
0.000843593
0.000843498
0.000843403
0.000843307
0.000843211
0.000843113
0.000843015
0.000842917
0.000842817
0.000842718
0.000842617
0.000842516
0.000842414
0.000842312
0.000842209
0.000842105
0.000842001
0.000841897
0.000841791
0.000841685
0.000841579
0.000841472
0.000841365
0.000841257
0.000841148
0.00084104
0.00084093
0.00084082
0.00084071
0.000840599
0.000840488
0.000840377
0.000840265
0.000840152
0.00084004
0.000839926
0.000839813
0.000839699
0.000839585
0.000839471
0.000839356
0.00083924
0.000839125
0.000839009
0.000838893
0.000838777
0.00083866
0.000838544
0.000838427
0.00083831
0.000838193
0.000838075
0.000837958
0.00083784
0.000837723
0.000837605
0.000837487
0.00083737
0.000837252
0.000837134
0.000837016
0.000836898
0.000836781
0.000836663
0.000836545
0.000836428
0.00083631
0.000836193
0.000836076
0.00083596
0.000835843
0.000835727
0.000835612
0.000835496
0.000835381
0.000835266
0.000835151
0.000835036
0.000834922
0.000834808
0.000834695
0.000834581
0.000834469
0.000834356
0.000834244
0.000834132
0.000834021
0.00083391
0.0008338
0.00083369
0.000833581
0.000833472
0.000833363
0.000833255
0.000833148
0.000833041
0.000832935
0.000832829
0.000832724
0.000832619
0.000832516
0.000832412
0.00083231
0.000832208
0.000832106
0.000832006
0.000831906
0.000831806
0.000831708
0.00083161
0.000831512
0.000831416
0.00083132
0.000831224
0.00083113
0.000831036
0.000830942
0.00083085
0.000830758
0.000830667
0.000830576
0.000830486
0.000830396
0.000830308
0.000830219
0.000830132
0.000830044
0.000829958
0.000829871
0.000829785
0.0008297
0.000829615
0.00082953
0.000829446
0.000829363
0.00082928
0.000829198
0.000829116
0.000829035
0.000828953
0.000828872
0.00082879
0.000828709
0.000828627
0.000828545
0.000828462
0.000828378
0.000828294
0.000828208
0.000828122
0.000828034
0.000827945
0.000827856
0.000827765
0.000827673
0.00082758
0.000827484
0.000827387
0.000827286
0.000827183
0.000827076
0.000826966
0.000826853
0.000826736
0.000826615
0.00082649
0.00082636
0.000826224
0.000826083
0.000825937
0.000825784
0.000825626
0.00082546
0.000825286
0.000825105
0.000824917
0.00082472
0.000824516
0.000824303
0.00082408
0.000823847
0.000823604
0.000823349
0.000823083
0.000822804
0.000822515
0.000822216
0.000821905
0.000821579
0.000821239
0.000820883
0.00082051
0.00082012
0.000819709
0.00081928
0.000818827
0.000818355
0.000817857
0.000817333
0.000816781
0.000816201
0.000815592
0.000814951
0.000814278
0.000813569
0.000812825
0.000812041
0.000811218
0.000810352
0.000809441
0.000808484
0.000807476
0.000806418
0.000805303
0.000804134
0.000802902
0.00080161
0.000800251
0.000798823
0.000797333
0.00079576
0.000794112
0.000792399
0.000790575
0.000788699
0.000786697
0.000784654
0.000782469
0.000780182
0.000777819
0.000775274
0.00077276
0.000770053
0.000767034
0.000763906
0.000760488
0.000757769
0.000754063
0.000750059
0.000745943
0.00074162
0.00073717
0.000732502
0.000727599
0.000722487
0.000717168
0.000711655
0.000705958
0.00070006
0.000693987
0.000687701
0.000681234
0.000674573
0.00066774
0.00066072
0.000653507
0.000646179
0.000638692
0.000631117
0.000623615
0.000616083
0.000608532
0.000600932
0.000593314
0.000585473
0.000577575
0.000569666
0.000561775
0.000554049
0.000546345
0.000538828
0.00053145
0.000524336
0.000517433
0.000510738
0.000504318
0.000498164
0.000492319
0.000486777
0.000481592
0.000476743
0.000472277
0.000468167
0.000464493
0.000461162
0.000458331
0.000455806
0.000453826
0.000452136
0.000450974
0.000450147
0.000449725
0.000449696
0.000449825
0.000450422
0.000451114
0.000452038
0.000453207
0.000454078
0.000455345
0.00045586
0.000457201
0.000457664
0.000459597
0.000460388
0.000464869
0.000464869
0.000477048
0.00046199
0.000472382
0.000847301
0.000847244
0.000847187
0.000847129
0.000847071
0.000847013
0.000846954
0.000846894
0.000846834
0.000846774
0.000846713
0.000846652
0.00084659
0.000846527
0.000846464
0.000846401
0.000846337
0.000846273
0.000846208
0.000846142
0.000846076
0.00084601
0.000845943
0.000845875
0.000845807
0.000845738
0.000845669
0.0008456
0.000845529
0.000845458
0.000845387
0.000845315
0.000845243
0.00084517
0.000845096
0.000845022
0.000844948
0.000844872
0.000844797
0.00084472
0.000844644
0.000844566
0.000844488
0.00084441
0.000844331
0.000844252
0.000844172
0.000844091
0.00084401
0.000843928
0.000843846
0.000843763
0.00084368
0.000843596
0.000843512
0.000843427
0.000843341
0.000843255
0.000843169
0.000843082
0.000842994
0.000842906
0.000842818
0.000842729
0.000842639
0.000842549
0.000842459
0.000842368
0.000842276
0.000842184
0.000842091
0.000841998
0.000841905
0.000841811
0.000841717
0.000841622
0.000841526
0.000841431
0.000841334
0.000841238
0.000841141
0.000841043
0.000840945
0.000840847
0.000840748
0.000840649
0.000840549
0.000840449
0.000840349
0.000840248
0.000840147
0.000840046
0.000839944
0.000839842
0.000839739
0.000839636
0.000839533
0.00083943
0.000839326
0.000839222
0.000839118
0.000839013
0.000838908
0.000838803
0.000838698
0.000838592
0.000838486
0.00083838
0.000838274
0.000838168
0.000838061
0.000837955
0.000837848
0.000837741
0.000837634
0.000837526
0.000837419
0.000837311
0.000837204
0.000837096
0.000836988
0.00083688
0.000836772
0.000836664
0.000836556
0.000836448
0.00083634
0.000836232
0.000836125
0.000836017
0.000835909
0.000835801
0.000835694
0.000835586
0.000835479
0.000835372
0.000835265
0.000835158
0.000835051
0.000834944
0.000834838
0.000834732
0.000834626
0.00083452
0.000834414
0.000834309
0.000834204
0.000834099
0.000833994
0.00083389
0.000833786
0.000833682
0.000833578
0.000833475
0.000833372
0.000833269
0.000833167
0.000833065
0.000832963
0.000832861
0.00083276
0.000832659
0.000832558
0.000832457
0.000832357
0.000832257
0.000832157
0.000832057
0.000831958
0.000831858
0.000831759
0.00083166
0.000831561
0.000831462
0.000831363
0.000831264
0.000831165
0.000831066
0.000830966
0.000830867
0.000830767
0.000830666
0.000830565
0.000830463
0.000830361
0.000830259
0.000830156
0.000830052
0.000829948
0.000829843
0.000829737
0.000829629
0.00082952
0.000829409
0.000829297
0.000829182
0.000829066
0.000828947
0.000828827
0.000828703
0.000828578
0.000828449
0.000828316
0.000828181
0.000828041
0.000827898
0.000827751
0.000827599
0.000827442
0.00082728
0.000827113
0.000826941
0.000826763
0.00082658
0.000826391
0.000826196
0.000825993
0.000825784
0.000825566
0.000825341
0.000825107
0.000824864
0.000824614
0.000824357
0.00082409
0.000823814
0.000823527
0.000823229
0.00082292
0.000822597
0.000822262
0.000821912
0.000821548
0.000821169
0.000820773
0.00082036
0.000819928
0.000819477
0.000819005
0.000818513
0.000817998
0.00081746
0.000816899
0.000816311
0.000815698
0.000815056
0.000814385
0.000813683
0.000812948
0.00081218
0.000811375
0.000810533
0.000809652
0.000808729
0.000807763
0.000806752
0.000805693
0.000804585
0.000803423
0.000802208
0.000800936
0.000799603
0.00079821
0.000796747
0.000795225
0.000793625
0.000791952
0.000790202
0.000788375
0.000786486
0.000784475
0.000782408
0.000780272
0.000777958
0.00077566
0.000773179
0.000770724
0.000767981
0.000765107
0.000762064
0.000758861
0.000756159
0.000752476
0.000748493
0.000744386
0.000740104
0.000735757
0.000731225
0.000726472
0.000721517
0.000716344
0.000710956
0.000705365
0.000699541
0.000693522
0.000687266
0.000680804
0.000674126
0.000667225
0.000660155
0.000652817
0.000645331
0.00063763
0.000629755
0.000621871
0.000613914
0.000605914
0.000597754
0.000589638
0.00058117
0.000572556
0.000563887
0.000555127
0.000546542
0.000537735
0.000529174
0.000520728
0.000512525
0.000504479
0.000496614
0.000488977
0.000481609
0.000474536
0.000467808
0.000461431
0.000455458
0.000449883
0.000444761
0.000440082
0.00043589
0.000432178
0.000428968
0.000426262
0.000424078
0.000422393
0.000421251
0.000420573
0.00042045
0.000420743
0.000421564
0.000422767
0.000424407
0.000426427
0.000428706
0.000431341
0.000434084
0.00043698
0.000439937
0.000442627
0.000445514
0.000447646
0.000450155
0.000451879
0.00045425
0.000456403
0.000461174
0.000463747
0.0004757
0.00046854
0.000472502
0.000847215
0.000847158
0.0008471
0.000847042
0.000846983
0.000846925
0.000846865
0.000846806
0.000846746
0.000846686
0.000846625
0.000846564
0.000846503
0.000846441
0.000846379
0.000846317
0.000846254
0.000846191
0.000846127
0.000846063
0.000845999
0.000845934
0.000845869
0.000845803
0.000845737
0.000845671
0.000845604
0.000845537
0.000845469
0.000845401
0.000845333
0.000845264
0.000845195
0.000845126
0.000845056
0.000844985
0.000844915
0.000844844
0.000844772
0.0008447
0.000844628
0.000844555
0.000844482
0.000844409
0.000844335
0.000844261
0.000844186
0.000844111
0.000844035
0.00084396
0.000843883
0.000843807
0.00084373
0.000843652
0.000843574
0.000843496
0.000843417
0.000843338
0.000843259
0.000843179
0.000843098
0.000843018
0.000842937
0.000842855
0.000842773
0.000842691
0.000842608
0.000842525
0.000842441
0.000842357
0.000842273
0.000842188
0.000842103
0.000842018
0.000841932
0.000841846
0.000841759
0.000841672
0.000841584
0.000841497
0.000841408
0.00084132
0.000841231
0.000841141
0.000841052
0.000840962
0.000840871
0.00084078
0.000840689
0.000840598
0.000840506
0.000840414
0.000840321
0.000840228
0.000840135
0.000840041
0.000839947
0.000839853
0.000839758
0.000839663
0.000839568
0.000839473
0.000839377
0.000839281
0.000839184
0.000839088
0.000838991
0.000838893
0.000838796
0.000838698
0.0008386
0.000838502
0.000838403
0.000838304
0.000838205
0.000838106
0.000838006
0.000837907
0.000837807
0.000837707
0.000837606
0.000837506
0.000837405
0.000837304
0.000837203
0.000837102
0.000837001
0.000836899
0.000836797
0.000836696
0.000836594
0.000836491
0.000836389
0.000836287
0.000836184
0.000836082
0.000835979
0.000835877
0.000835774
0.000835671
0.000835568
0.000835465
0.000835362
0.000835258
0.000835155
0.000835052
0.000834948
0.000834845
0.000834741
0.000834638
0.000834534
0.00083443
0.000834326
0.000834222
0.000834117
0.000834013
0.000833908
0.000833804
0.000833698
0.000833593
0.000833488
0.000833382
0.000833276
0.00083317
0.000833063
0.000832957
0.00083285
0.000832742
0.000832635
0.000832527
0.000832418
0.000832308
0.000832198
0.000832087
0.000831975
0.000831862
0.000831748
0.000831633
0.000831517
0.0008314
0.000831281
0.000831162
0.00083104
0.000830917
0.000830792
0.000830666
0.000830536
0.000830405
0.000830271
0.000830135
0.000829996
0.000829854
0.000829708
0.00082956
0.000829408
0.000829253
0.000829095
0.000828932
0.000828766
0.000828596
0.000828421
0.000828242
0.000828057
0.000827868
0.000827672
0.000827472
0.000827264
0.000827052
0.000826834
0.00082661
0.00082638
0.000826143
0.000825898
0.000825646
0.000825384
0.000825114
0.000824835
0.000824546
0.000824246
0.000823935
0.000823613
0.000823279
0.000822932
0.000822571
0.000822196
0.000821806
0.000821401
0.00082098
0.000820542
0.000820087
0.000819614
0.000819122
0.00081861
0.000818077
0.000817523
0.000816946
0.000816345
0.00081572
0.000815068
0.000814389
0.000813682
0.000812945
0.000812177
0.000811377
0.000810542
0.000809672
0.000808765
0.000807819
0.000806832
0.000805803
0.00080473
0.00080361
0.000802441
0.000801222
0.000799949
0.000798623
0.000797237
0.000795792
0.000794284
0.000792711
0.000791072
0.000789358
0.000787572
0.00078571
0.000783781
0.000781749
0.000779637
0.000777444
0.00077518
0.000772821
0.000770289
0.000767837
0.000765184
0.000762359
0.000759602
0.000756515
0.000753773
0.000750078
0.000746125
0.000742082
0.0007379
0.000733653
0.00072922
0.000724568
0.000719716
0.000714656
0.000709391
0.00070393
0.000698236
0.000692339
0.000686203
0.000679836
0.00067325
0.000666403
0.000659385
0.000652063
0.000644566
0.00063681
0.000628854
0.000620781
0.000612596
0.000604379
0.000595872
0.000587518
0.000578693
0.000569641
0.000560487
0.000551141
0.00054198
0.000532344
0.00052303
0.000513777
0.000504707
0.000495749
0.000486904
0.000478247
0.000469822
0.000461677
0.00045386
0.000446398
0.000439336
0.000432708
0.000426547
0.000420891
0.000415759
0.000411188
0.00040718
0.000403771
0.000400949
0.00039874
0.00039713
0.000396122
0.000395712
0.000395877
0.000396614
0.000397894
0.000399685
0.000401986
0.000404704
0.000407885
0.000411385
0.00041526
0.000419385
0.000423737
0.000428272
0.00043286
0.00043748
0.000442034
0.000446299
0.000450469
0.000453909
0.000457233
0.000459768
0.00046218
0.000464831
0.000469116
0.000474156
0.000485462
0.000489401
0.000499844
0.000847135
0.000847077
0.000847018
0.000846959
0.0008469
0.00084684
0.00084678
0.00084672
0.000846659
0.000846598
0.000846537
0.000846475
0.000846413
0.000846351
0.000846289
0.000846226
0.000846163
0.000846099
0.000846035
0.000845971
0.000845907
0.000845842
0.000845777
0.000845711
0.000845646
0.00084558
0.000845513
0.000845447
0.00084538
0.000845312
0.000845245
0.000845177
0.000845109
0.00084504
0.000844971
0.000844902
0.000844833
0.000844763
0.000844693
0.000844622
0.000844552
0.000844481
0.000844409
0.000844338
0.000844266
0.000844193
0.000844121
0.000844048
0.000843975
0.000843901
0.000843828
0.000843753
0.000843679
0.000843604
0.000843529
0.000843454
0.000843378
0.000843302
0.000843226
0.000843149
0.000843072
0.000842995
0.000842918
0.00084284
0.000842762
0.000842683
0.000842604
0.000842525
0.000842446
0.000842366
0.000842286
0.000842205
0.000842125
0.000842044
0.000841962
0.000841881
0.000841799
0.000841716
0.000841634
0.000841551
0.000841467
0.000841384
0.0008413
0.000841216
0.000841131
0.000841046
0.000840961
0.000840876
0.00084079
0.000840704
0.000840618
0.000840531
0.000840444
0.000840356
0.000840269
0.000840181
0.000840093
0.000840004
0.000839915
0.000839826
0.000839737
0.000839647
0.000839557
0.000839466
0.000839376
0.000839285
0.000839193
0.000839102
0.00083901
0.000838918
0.000838825
0.000838733
0.00083864
0.000838546
0.000838453
0.000838359
0.000838265
0.000838171
0.000838076
0.000837981
0.000837886
0.00083779
0.000837695
0.000837599
0.000837502
0.000837406
0.000837309
0.000837212
0.000837114
0.000837016
0.000836918
0.00083682
0.000836721
0.000836622
0.000836523
0.000836423
0.000836323
0.000836223
0.000836122
0.000836022
0.000835921
0.000835819
0.000835718
0.000835616
0.000835513
0.000835411
0.000835307
0.000835204
0.000835099
0.000834994
0.000834889
0.000834783
0.000834677
0.00083457
0.000834462
0.000834354
0.000834244
0.000834135
0.000834024
0.000833913
0.000833801
0.000833687
0.000833574
0.000833458
0.000833342
0.000833224
0.000833106
0.000832985
0.000832864
0.000832741
0.000832616
0.000832489
0.00083236
0.00083223
0.000832098
0.000831963
0.000831827
0.000831689
0.000831548
0.000831405
0.000831259
0.000831111
0.00083096
0.000830806
0.000830649
0.000830488
0.000830324
0.000830157
0.000829985
0.00082981
0.000829631
0.000829448
0.000829262
0.000829071
0.000828876
0.000828676
0.00082847
0.000828259
0.000828043
0.00082782
0.000827591
0.000827355
0.000827112
0.000826861
0.000826603
0.000826336
0.000826062
0.000825777
0.000825483
0.000825179
0.000824865
0.00082454
0.000824203
0.000823855
0.000823495
0.000823122
0.000822736
0.000822336
0.000821921
0.000821492
0.000821047
0.000820585
0.000820107
0.000819611
0.000819097
0.000818563
0.000818009
0.000817434
0.000816838
0.000816218
0.000815575
0.000814908
0.000814215
0.000813495
0.000812747
0.000811971
0.000811164
0.000810326
0.000809455
0.00080855
0.00080761
0.000806632
0.000805615
0.000804559
0.00080346
0.000802317
0.000801128
0.000799892
0.000798606
0.000797269
0.000795877
0.000794429
0.000792922
0.000791355
0.000789724
0.000788031
0.000786264
0.000784428
0.000782522
0.000780539
0.000778478
0.000776322
0.000774091
0.000771799
0.000769389
0.000766865
0.000764273
0.000761626
0.000758884
0.000755882
0.000752806
0.000750222
0.000746767
0.000742931
0.000738999
0.000734928
0.000730782
0.000726437
0.000721887
0.000717145
0.000712202
0.000707068
0.000701736
0.000696184
0.000690429
0.000684441
0.000678222
0.000671784
0.000665079
0.000658191
0.000651004
0.000643602
0.000635959
0.000628059
0.000620011
0.000611806
0.000603559
0.000594967
0.000586449
0.000577607
0.000568356
0.000558985
0.000549303
0.000539882
0.000529675
0.000519896
0.00051011
0.000500464
0.000490875
0.000481312
0.000471884
0.000462634
0.000453626
0.000444902
0.000436512
0.000428494
0.000420908
0.000413785
0.000407184
0.00040113
0.000395674
0.000390834
0.000386645
0.000383121
0.000380278
0.000378123
0.00037665
0.000375865
0.000375738
0.000376271
0.000377422
0.000379185
0.000381517
0.000384385
0.000387764
0.000391599
0.000395855
0.000400494
0.00040543
0.000410688
0.000416115
0.000421784
0.000427527
0.000433408
0.000439266
0.00044511
0.000450856
0.000456472
0.000461746
0.000466766
0.000471063
0.000474891
0.000477798
0.000479866
0.000481587
0.000483859
0.000490388
0.000503477
0.000506873
0.000522443
0.000847067
0.000847008
0.000846948
0.000846888
0.000846827
0.000846767
0.000846706
0.000846645
0.000846583
0.000846521
0.000846459
0.000846397
0.000846334
0.000846271
0.000846208
0.000846144
0.00084608
0.000846016
0.000845952
0.000845887
0.000845822
0.000845757
0.000845691
0.000845625
0.000845559
0.000845493
0.000845426
0.000845359
0.000845292
0.000845224
0.000845157
0.000845089
0.00084502
0.000844952
0.000844883
0.000844814
0.000844744
0.000844674
0.000844605
0.000844534
0.000844464
0.000844393
0.000844322
0.000844251
0.000844179
0.000844108
0.000844036
0.000843963
0.000843891
0.000843818
0.000843745
0.000843671
0.000843598
0.000843524
0.00084345
0.000843376
0.000843301
0.000843226
0.000843151
0.000843076
0.000843
0.000842924
0.000842848
0.000842771
0.000842695
0.000842618
0.00084254
0.000842463
0.000842385
0.000842307
0.000842229
0.000842151
0.000842072
0.000841993
0.000841913
0.000841834
0.000841754
0.000841674
0.000841594
0.000841513
0.000841432
0.000841351
0.000841269
0.000841188
0.000841106
0.000841024
0.000840941
0.000840858
0.000840775
0.000840692
0.000840609
0.000840525
0.000840441
0.000840356
0.000840272
0.000840187
0.000840102
0.000840016
0.00083993
0.000839844
0.000839758
0.000839671
0.000839584
0.000839497
0.00083941
0.000839322
0.000839234
0.000839145
0.000839056
0.000838967
0.000838878
0.000838789
0.000838699
0.000838609
0.000838518
0.000838427
0.000838336
0.000838245
0.000838153
0.000838061
0.000837968
0.000837875
0.000837781
0.000837687
0.000837593
0.000837498
0.000837403
0.000837307
0.000837211
0.000837115
0.000837017
0.00083692
0.000836822
0.000836723
0.000836624
0.000836524
0.000836424
0.000836323
0.000836221
0.000836118
0.000836015
0.000835911
0.000835806
0.0008357
0.000835594
0.000835486
0.000835377
0.000835267
0.000835156
0.000835044
0.000834931
0.000834817
0.000834702
0.000834585
0.000834467
0.000834348
0.000834228
0.000834106
0.000833982
0.000833857
0.00083373
0.000833601
0.000833471
0.000833338
0.000833204
0.000833067
0.000832928
0.000832787
0.000832643
0.000832497
0.000832349
0.000832199
0.000832046
0.00083189
0.000831732
0.00083157
0.000831405
0.000831237
0.000831065
0.000830889
0.00083071
0.000830526
0.000830338
0.000830145
0.000829947
0.000829745
0.000829537
0.000829324
0.000829105
0.000828881
0.000828649
0.000828411
0.000828166
0.000827914
0.000827654
0.000827386
0.000827111
0.000826827
0.000826534
0.000826232
0.00082592
0.000825599
0.000825267
0.000824925
0.000824572
0.000824207
0.00082383
0.000823441
0.000823038
0.000822622
0.000822192
0.000821748
0.000821288
0.000820813
0.000820321
0.000819812
0.000819285
0.00081874
0.000818177
0.000817593
0.000816989
0.000816364
0.000815716
0.000815046
0.000814352
0.000813633
0.000812888
0.000812117
0.000811318
0.00081049
0.000809633
0.000808744
0.000807824
0.00080687
0.000805881
0.000804856
0.000803793
0.000802692
0.00080155
0.000800366
0.000799139
0.000797866
0.000796546
0.000795176
0.000793755
0.000792281
0.000790752
0.000789165
0.000787519
0.000785811
0.000784037
0.000782196
0.000780287
0.00077831
0.000776256
0.00077413
0.000771908
0.000769623
0.000767266
0.000764801
0.000762236
0.000759571
0.000756872
0.000754115
0.000751045
0.000748016
0.000745016
0.000741958
0.00073829
0.000734394
0.000730345
0.000726235
0.000721963
0.000717496
0.000712844
0.000707997
0.00070297
0.00069774
0.000692318
0.000686683
0.000680827
0.00067475
0.000668448
0.000661899
0.000655161
0.000648127
0.00064088
0.000633379
0.00062562
0.0006177
0.000609607
0.000601415
0.000592975
0.000584376
0.000575691
0.000566452
0.000557059
0.00054726
0.000537649
0.00052753
0.000517248
0.000507118
0.00049711
0.000487191
0.000477196
0.000467276
0.000457469
0.00044785
0.000438465
0.000429368
0.000420606
0.000412241
0.000404323
0.000396908
0.000390048
0.000383783
0.000378166
0.00037322
0.000368992
0.000365488
0.000362743
0.000360747
0.000359516
0.000359028
0.000359278
0.000360235
0.000361871
0.000364158
0.000367039
0.000370503
0.00037447
0.000378946
0.00038383
0.000389127
0.000394754
0.000400691
0.000406861
0.000413249
0.000419754
0.000426416
0.000433071
0.000439814
0.000446491
0.000453166
0.000459634
0.000466047
0.000472294
0.000478355
0.000484124
0.000489565
0.000494326
0.000498564
0.000501861
0.000503761
0.000503837
0.000499026
0.000506892
0.000524063
0.000528686
0.000545641
0.000847011
0.000846951
0.00084689
0.000846829
0.000846768
0.000846706
0.000846645
0.000846583
0.00084652
0.000846458
0.000846395
0.000846332
0.000846268
0.000846205
0.000846141
0.000846076
0.000846012
0.000845947
0.000845882
0.000845817
0.000845751
0.000845685
0.000845619
0.000845553
0.000845486
0.000845419
0.000845352
0.000845285
0.000845217
0.000845149
0.000845081
0.000845012
0.000844944
0.000844875
0.000844806
0.000844736
0.000844666
0.000844596
0.000844526
0.000844456
0.000844385
0.000844314
0.000844243
0.000844172
0.0008441
0.000844028
0.000843956
0.000843884
0.000843811
0.000843738
0.000843665
0.000843592
0.000843519
0.000843445
0.000843371
0.000843297
0.000843222
0.000843148
0.000843073
0.000842998
0.000842922
0.000842847
0.000842771
0.000842695
0.000842619
0.000842542
0.000842466
0.000842389
0.000842311
0.000842234
0.000842156
0.000842078
0.000842
0.000841922
0.000841843
0.000841765
0.000841686
0.000841606
0.000841527
0.000841447
0.000841368
0.000841287
0.000841207
0.000841127
0.000841046
0.000840965
0.000840883
0.000840802
0.00084072
0.000840638
0.000840555
0.000840473
0.00084039
0.000840307
0.000840223
0.00084014
0.000840055
0.000839971
0.000839887
0.000839802
0.000839716
0.000839631
0.000839545
0.000839459
0.000839372
0.000839285
0.000839198
0.00083911
0.000839022
0.000838934
0.000838845
0.000838755
0.000838665
0.000838575
0.000838484
0.000838392
0.0008383
0.000838207
0.000838114
0.00083802
0.000837926
0.000837831
0.000837735
0.000837638
0.000837541
0.000837444
0.000837345
0.000837246
0.000837146
0.000837045
0.000836943
0.000836841
0.000836737
0.000836633
0.000836528
0.000836421
0.000836314
0.000836205
0.000836096
0.000835985
0.000835872
0.000835759
0.000835644
0.000835528
0.00083541
0.000835291
0.000835171
0.00083505
0.000834927
0.000834802
0.000834675
0.000834547
0.000834416
0.000834284
0.00083415
0.000834013
0.000833874
0.000833733
0.000833589
0.000833442
0.000833293
0.000833141
0.000832985
0.000832827
0.000832666
0.000832501
0.000832332
0.00083216
0.000831984
0.000831804
0.000831619
0.00083143
0.000831236
0.000831038
0.000830834
0.000830625
0.000830411
0.000830192
0.000829966
0.000829734
0.000829497
0.000829252
0.000829001
0.000828743
0.000828477
0.000828204
0.000827923
0.000827634
0.000827337
0.00082703
0.000826715
0.00082639
0.000826055
0.00082571
0.000825354
0.000824987
0.000824609
0.000824219
0.000823817
0.000823402
0.000822974
0.000822533
0.000822077
0.000821607
0.000821121
0.00082062
0.000820103
0.00081957
0.000819019
0.00081845
0.000817862
0.000817255
0.000816629
0.000815982
0.000815313
0.000814623
0.00081391
0.000813173
0.000812412
0.000811626
0.000810814
0.000809974
0.000809107
0.000808211
0.000807285
0.000806328
0.000805338
0.000804316
0.000803259
0.000802167
0.000801037
0.00079987
0.000798662
0.000797414
0.000796123
0.000794788
0.000793408
0.00079198
0.000790503
0.000788976
0.000787395
0.00078576
0.000784068
0.000782315
0.000780503
0.000778627
0.000776687
0.000774677
0.000772601
0.000770444
0.00076821
0.0007659
0.00076352
0.000761065
0.000758503
0.000755868
0.000753102
0.000750343
0.000747478
0.000744415
0.000741181
0.000738165
0.00073503
0.00073146
0.000727582
0.000723543
0.00071939
0.000715145
0.000710731
0.000706133
0.000701344
0.000696372
0.000691224
0.000685873
0.000680322
0.00067456
0.00066859
0.000662388
0.000656009
0.000649364
0.00064248
0.000635376
0.000628022
0.000620426
0.000612717
0.000604809
0.000596785
0.000588464
0.000580044
0.000571423
0.000562292
0.000552951
0.000543338
0.000533575
0.000523799
0.00051335
0.000503138
0.000492902
0.000482818
0.000472651
0.000462476
0.000452376
0.000442406
0.000432635
0.000423094
0.000413849
0.000404948
0.000396467
0.000388447
0.000380968
0.000374062
0.000367803
0.000362218
0.000357363
0.000353259
0.000349942
0.000347423
0.000345713
0.000344815
0.000344711
0.000345395
0.000346826
0.000348987
0.00035182
0.000355295
0.000359346
0.000363934
0.000368999
0.000374487
0.00038037
0.000386564
0.000393088
0.000399799
0.000406775
0.00041385
0.000421107
0.000428354
0.000435726
0.000443002
0.000450328
0.000457477
0.000464569
0.000471554
0.000478254
0.000484666
0.000491072
0.000497303
0.000503265
0.000509253
0.000514585
0.000519437
0.000524121
0.000528167
0.000531639
0.000535294
0.00053811
0.000543177
0.000550167
0.000554583
0.000569316
0.000846967
0.000846905
0.000846844
0.000846782
0.000846721
0.000846659
0.000846596
0.000846533
0.000846471
0.000846407
0.000846344
0.00084628
0.000846216
0.000846152
0.000846088
0.000846023
0.000845958
0.000845892
0.000845827
0.000845761
0.000845695
0.000845629
0.000845562
0.000845495
0.000845428
0.000845361
0.000845294
0.000845226
0.000845158
0.000845089
0.000845021
0.000844952
0.000844883
0.000844814
0.000844744
0.000844675
0.000844605
0.000844534
0.000844464
0.000844393
0.000844322
0.000844251
0.00084418
0.000844108
0.000844037
0.000843965
0.000843892
0.00084382
0.000843747
0.000843674
0.000843601
0.000843528
0.000843454
0.00084338
0.000843306
0.000843232
0.000843158
0.000843083
0.000843008
0.000842933
0.000842858
0.000842782
0.000842707
0.000842631
0.000842554
0.000842478
0.000842401
0.000842324
0.000842247
0.00084217
0.000842093
0.000842015
0.000841937
0.000841859
0.00084178
0.000841702
0.000841623
0.000841543
0.000841464
0.000841384
0.000841304
0.000841224
0.000841143
0.000841062
0.000840981
0.000840899
0.000840817
0.000840735
0.000840653
0.00084057
0.000840487
0.000840404
0.00084032
0.000840236
0.000840152
0.000840067
0.000839981
0.000839896
0.00083981
0.000839723
0.000839636
0.000839548
0.00083946
0.000839372
0.000839282
0.000839193
0.000839103
0.000839012
0.00083892
0.000838828
0.000838735
0.000838642
0.000838548
0.000838453
0.000838357
0.000838261
0.000838165
0.000838067
0.000837969
0.000837869
0.000837769
0.000837668
0.000837566
0.000837463
0.000837359
0.000837254
0.000837148
0.00083704
0.000836931
0.000836821
0.00083671
0.000836597
0.000836482
0.000836366
0.000836249
0.00083613
0.000836009
0.000835886
0.000835761
0.000835634
0.000835505
0.000835374
0.000835241
0.000835105
0.000834967
0.000834826
0.000834682
0.000834536
0.000834386
0.000834234
0.000834079
0.00083392
0.000833757
0.000833592
0.000833422
0.000833249
0.000833072
0.000832891
0.000832705
0.000832515
0.000832321
0.000832122
0.000831917
0.000831708
0.000831494
0.000831274
0.000831048
0.000830816
0.000830579
0.000830335
0.000830084
0.000829827
0.000829562
0.00082929
0.000829011
0.000828724
0.000828429
0.000828125
0.000827813
0.000827492
0.000827162
0.000826822
0.000826472
0.000826112
0.000825742
0.00082536
0.000824968
0.000824564
0.000824148
0.000823719
0.000823278
0.000822823
0.000822355
0.000821873
0.000821376
0.000820865
0.000820337
0.000819795
0.000819235
0.000818659
0.000818065
0.000817453
0.000816823
0.000816173
0.000815504
0.000814814
0.000814103
0.000813371
0.000812616
0.000811838
0.000811037
0.000810211
0.00080936
0.000808483
0.000807578
0.000806646
0.000805686
0.000804696
0.000803676
0.000802624
0.000801539
0.000800422
0.000799269
0.000798082
0.000796857
0.000795594
0.000794292
0.000792949
0.000791565
0.000790137
0.000788664
0.000787145
0.000785578
0.000783962
0.000782294
0.000780573
0.000778798
0.000776967
0.000775077
0.000773128
0.000771113
0.000769036
0.000766887
0.000764669
0.000762386
0.000760027
0.000757595
0.000755074
0.000752481
0.000749766
0.000746993
0.000744158
0.000741237
0.000738203
0.000735005
0.000731785
0.000728333
0.000725276
0.00072164
0.000717736
0.000713668
0.000709469
0.000705175
0.000700732
0.000696124
0.000691339
0.000686374
0.000681227
0.000675901
0.000670379
0.000664659
0.000658751
0.000652649
0.000646299
0.000639742
0.000632965
0.000625959
0.000618745
0.000611384
0.00060387
0.00059617
0.000588316
0.000580171
0.000572023
0.000563399
0.000554412
0.000545239
0.000535746
0.000526189
0.000516431
0.00050611
0.000495983
0.0004859
0.000475833
0.000465707
0.000455516
0.000445354
0.000435285
0.000425376
0.000415674
0.000406221
0.000397084
0.000388314
0.000379983
0.000372142
0.000364863
0.000358187
0.000352187
0.000346884
0.000342353
0.00033859
0.000335661
0.000333542
0.000332279
0.000331834
0.000332229
0.000333411
0.000335382
0.000338079
0.00034148
0.000345522
0.00035016
0.000355335
0.00036099
0.000367064
0.000373498
0.000380243
0.000387239
0.000394457
0.000401844
0.000409378
0.00041703
0.000424691
0.000432486
0.000440168
0.000447955
0.000455493
0.000463217
0.000470575
0.000477976
0.000485031
0.000491874
0.000498702
0.00050458
0.000510472
0.000516577
0.000522445
0.000527998
0.000534344
0.000538472
0.000543064
0.00054818
0.000551998
0.000555852
0.000559991
0.000563762
0.000566117
0.000573107
0.000572644
0.000591588
0.000846934
0.000846872
0.00084681
0.000846748
0.000846686
0.000846623
0.00084656
0.000846497
0.000846434
0.00084637
0.000846306
0.000846242
0.000846178
0.000846113
0.000846049
0.000845983
0.000845918
0.000845853
0.000845787
0.000845721
0.000845654
0.000845588
0.000845521
0.000845454
0.000845386
0.000845319
0.000845251
0.000845183
0.000845115
0.000845046
0.000844978
0.000844909
0.000844839
0.00084477
0.0008447
0.000844631
0.00084456
0.00084449
0.000844419
0.000844349
0.000844278
0.000844206
0.000844135
0.000844063
0.000843991
0.000843919
0.000843847
0.000843774
0.000843702
0.000843629
0.000843555
0.000843482
0.000843408
0.000843334
0.00084326
0.000843186
0.000843111
0.000843036
0.000842961
0.000842886
0.00084281
0.000842734
0.000842658
0.000842582
0.000842505
0.000842428
0.000842351
0.000842274
0.000842196
0.000842118
0.00084204
0.000841961
0.000841883
0.000841803
0.000841724
0.000841644
0.000841564
0.000841484
0.000841403
0.000841321
0.00084124
0.000841158
0.000841076
0.000840993
0.000840911
0.000840827
0.000840744
0.00084066
0.000840576
0.000840491
0.000840405
0.000840319
0.000840233
0.000840145
0.000840058
0.000839969
0.00083988
0.000839791
0.000839701
0.00083961
0.000839518
0.000839426
0.000839332
0.000839238
0.000839143
0.000839047
0.000838951
0.000838853
0.000838754
0.000838654
0.000838553
0.000838451
0.000838348
0.000838243
0.000838137
0.00083803
0.000837921
0.00083781
0.000837698
0.000837585
0.000837469
0.000837352
0.000837233
0.000837112
0.000836989
0.000836864
0.000836736
0.000836607
0.000836475
0.000836341
0.000836204
0.000836064
0.000835922
0.000835777
0.000835629
0.000835478
0.000835324
0.000835166
0.000835005
0.000834841
0.000834673
0.000834501
0.000834325
0.000834145
0.000833961
0.000833772
0.000833579
0.000833381
0.000833179
0.000832971
0.000832758
0.00083254
0.000832316
0.000832087
0.000831851
0.00083161
0.000831362
0.000831107
0.000830846
0.000830578
0.000830303
0.00083002
0.00082973
0.000829431
0.000829125
0.00082881
0.000828487
0.000828154
0.000827813
0.000827462
0.000827101
0.00082673
0.000826349
0.000825958
0.000825555
0.000825141
0.000824715
0.000824278
0.000823828
0.000823366
0.000822891
0.000822402
0.0008219
0.000821383
0.000820852
0.000820306
0.000819744
0.000819167
0.000818574
0.000817964
0.000817337
0.000816692
0.000816029
0.000815347
0.000814647
0.000813927
0.000813186
0.000812425
0.000811643
0.000810838
0.000810011
0.000809162
0.000808288
0.00080739
0.000806467
0.000805518
0.000804542
0.00080354
0.000802509
0.00080145
0.000800361
0.000799241
0.000798091
0.000796908
0.000795692
0.000794442
0.000793157
0.000791835
0.000790477
0.00078908
0.000787644
0.000786167
0.000784649
0.000783087
0.000781481
0.000779829
0.00077813
0.000776382
0.000774585
0.000772735
0.000770832
0.000768873
0.000766858
0.000764782
0.000762646
0.000760449
0.00075819
0.000755866
0.000753469
0.000751005
0.000748455
0.000745838
0.000743122
0.000740368
0.000737539
0.000734606
0.000731572
0.00072842
0.000725195
0.000721709
0.000718665
0.00071525
0.000711546
0.00070764
0.000703602
0.000699463
0.000695195
0.000690829
0.000686314
0.000681623
0.000676763
0.000671727
0.000666515
0.000661139
0.000655611
0.000649876
0.000643934
0.00063779
0.000631466
0.000624914
0.000618196
0.000611317
0.000604321
0.000597137
0.000589818
0.000582302
0.000574569
0.000566759
0.000558512
0.00054995
0.000541122
0.000532136
0.000522828
0.000513598
0.000503574
0.00049381
0.000483965
0.00047414
0.000464251
0.000454301
0.000444295
0.000434316
0.000424416
0.000414653
0.000405064
0.000395708
0.00038663
0.000377903
0.000369576
0.000361723
0.000354389
0.000347643
0.00034153
0.000336107
0.000331412
0.000327491
0.000324362
0.000322066
0.000320588
0.000319969
0.000320157
0.000321189
0.000322989
0.000325575
0.000328861
0.000332851
0.000337443
0.000342641
0.000348332
0.000354517
0.000361085
0.000368027
0.000375241
0.000382722
0.000390362
0.000398163
0.000406039
0.000413995
0.000421985
0.000429963
0.000438016
0.00044592
0.000453827
0.000461689
0.000469293
0.00047698
0.000484271
0.000492
0.000498888
0.000505946
0.000512515
0.000518551
0.00052498
0.000528912
0.000534271
0.000540295
0.000545555
0.00055084
0.00055796
0.000557507
0.000562876
0.000569736
0.000571291
0.000574986
0.000579547
0.000585189
0.000585951
0.000595437
0.000593457
0.000608007
0.000846914
0.000846852
0.00084679
0.000846728
0.000846665
0.000846602
0.000846539
0.000846476
0.000846412
0.000846349
0.000846285
0.00084622
0.000846156
0.000846091
0.000846026
0.000845961
0.000845895
0.00084583
0.000845764
0.000845698
0.000845631
0.000845565
0.000845498
0.000845431
0.000845363
0.000845296
0.000845228
0.00084516
0.000845091
0.000845023
0.000844954
0.000844885
0.000844816
0.000844747
0.000844677
0.000844607
0.000844537
0.000844467
0.000844396
0.000844325
0.000844254
0.000844183
0.000844112
0.00084404
0.000843968
0.000843896
0.000843823
0.000843751
0.000843678
0.000843605
0.000843531
0.000843457
0.000843384
0.000843309
0.000843235
0.00084316
0.000843085
0.00084301
0.000842934
0.000842858
0.000842782
0.000842705
0.000842629
0.000842551
0.000842474
0.000842396
0.000842318
0.000842239
0.00084216
0.00084208
0.000842
0.00084192
0.000841839
0.000841758
0.000841676
0.000841594
0.000841511
0.000841428
0.000841344
0.000841259
0.000841174
0.000841088
0.000841001
0.000840913
0.000840825
0.000840735
0.000840645
0.000840554
0.000840462
0.000840369
0.000840275
0.00084018
0.000840084
0.000839986
0.000839888
0.000839788
0.000839687
0.000839585
0.000839482
0.000839376
0.00083927
0.000839162
0.000839052
0.00083894
0.000838827
0.000838712
0.000838595
0.000838476
0.000838355
0.000838231
0.000838106
0.000837978
0.000837847
0.000837715
0.000837579
0.000837441
0.0008373
0.000837156
0.000837009
0.000836859
0.000836705
0.000836549
0.000836388
0.000836225
0.000836057
0.000835886
0.00083571
0.000835531
0.000835347
0.000835158
0.000834966
0.000834768
0.000834566
0.000834358
0.000834145
0.000833928
0.000833704
0.000833475
0.00083324
0.000832999
0.000832752
0.000832498
0.000832238
0.000831971
0.000831697
0.000831416
0.000831127
0.000830831
0.000830527
0.000830215
0.000829895
0.000829566
0.000829229
0.000828883
0.000828527
0.000828162
0.000827787
0.000827403
0.000827008
0.000826603
0.000826187
0.00082576
0.000825322
0.000824872
0.00082441
0.000823936
0.00082345
0.000822951
0.000822438
0.000821913
0.000821373
0.000820819
0.000820251
0.000819669
0.000819071
0.000818457
0.000817828
0.000817183
0.00081652
0.000815841
0.000815144
0.00081443
0.000813697
0.000812946
0.000812175
0.000811385
0.000810574
0.000809743
0.000808891
0.000808018
0.000807122
0.000806204
0.000805263
0.000804298
0.000803309
0.000802295
0.000801256
0.00080019
0.000799098
0.000797979
0.000796832
0.000795656
0.00079445
0.000793215
0.000791949
0.000790651
0.000789321
0.000787957
0.000786559
0.000785127
0.000783658
0.000782153
0.00078061
0.000779028
0.000777406
0.000775743
0.000774038
0.00077229
0.000770498
0.000768659
0.000766774
0.00076484
0.000762857
0.000760822
0.000758734
0.000756592
0.000754396
0.000752142
0.00074983
0.000747454
0.000745018
0.000742511
0.000739941
0.000737295
0.000734596
0.000731829
0.000728984
0.000726056
0.000723034
0.000719935
0.000716717
0.000713439
0.000710035
0.000706893
0.000703378
0.000699665
0.000695799
0.000691828
0.000687754
0.000683553
0.000679241
0.000674821
0.000670269
0.000665578
0.000660733
0.000655747
0.000650613
0.000645288
0.000639789
0.000634101
0.000628248
0.000622198
0.000615987
0.000609681
0.000603204
0.000596624
0.000589896
0.000583012
0.000575995
0.000568742
0.000561438
0.000553727
0.000545775
0.000537533
0.000529125
0.000520509
0.000511647
0.000502786
0.000493253
0.000483911
0.000474469
0.000465081
0.000455579
0.00044605
0.00043644
0.000426826
0.000417251
0.000407764
0.000398417
0.000389251
0.000380313
0.000371656
0.000363334
0.000355407
0.000347926
0.000340954
0.000334536
0.000328734
0.000323585
0.000319142
0.000315431
0.00031249
0.000310337
0.000308987
0.000308446
0.000308711
0.000309766
0.000311605
0.000314175
0.00031748
0.000321429
0.00032604
0.000331198
0.000336913
0.00034308
0.000349696
0.000356654
0.000363968
0.000371516
0.000379332
0.000387276
0.000395399
0.000403555
0.000411828
0.000420018
0.000428259
0.000436363
0.000444485
0.000452437
0.000460352
0.000468283
0.000475748
0.000483504
0.000490738
0.000497769
0.000505011
0.000511888
0.000519546
0.000525261
0.000531599
0.000537669
0.000542292
0.000548488
0.000548748
0.000554193
0.000561843
0.000565567
0.000571712
0.000577844
0.000582342
0.000592475
0.000591339
0.000596909
0.000598106
0.000604095
0.000605787
0.000611582
0.000618093
0.000613307
0.000621021
0.000846909
0.000846847
0.000846785
0.000846723
0.00084666
0.000846597
0.000846534
0.000846471
0.000846408
0.000846344
0.00084628
0.000846216
0.000846151
0.000846087
0.000846022
0.000845956
0.000845891
0.000845825
0.00084576
0.000845693
0.000845627
0.000845561
0.000845494
0.000845427
0.000845359
0.000845292
0.000845224
0.000845156
0.000845088
0.000845019
0.000844951
0.000844882
0.000844812
0.000844743
0.000844673
0.000844603
0.000844532
0.000844462
0.000844391
0.00084432
0.000844248
0.000844176
0.000844104
0.000844032
0.000843959
0.000843886
0.000843812
0.000843738
0.000843664
0.000843589
0.000843514
0.000843439
0.000843363
0.000843286
0.000843209
0.000843132
0.000843054
0.000842975
0.000842896
0.000842817
0.000842736
0.000842655
0.000842574
0.000842491
0.000842408
0.000842325
0.00084224
0.000842154
0.000842068
0.000841981
0.000841892
0.000841803
0.000841712
0.00084162
0.000841527
0.000841433
0.000841337
0.00084124
0.000841141
0.000841041
0.00084094
0.000840837
0.000840732
0.000840626
0.000840518
0.000840408
0.000840296
0.000840182
0.000840066
0.000839948
0.000839827
0.000839704
0.000839579
0.000839451
0.000839321
0.000839187
0.000839051
0.000838912
0.00083877
0.000838625
0.000838476
0.000838324
0.000838169
0.000838009
0.000837847
0.00083768
0.000837509
0.000837334
0.000837155
0.000836972
0.000836784
0.000836591
0.000836394
0.000836191
0.000835984
0.000835771
0.000835553
0.000835329
0.0008351
0.000834864
0.000834623
0.000834375
0.000834121
0.000833861
0.000833593
0.000833319
0.000833038
0.000832749
0.000832453
0.00083215
0.000831838
0.000831519
0.000831191
0.000830855
0.00083051
0.000830156
0.000829794
0.000829422
0.00082904
0.000828649
0.000828248
0.000827837
0.000827415
0.000826983
0.00082654
0.000826086
0.000825621
0.000825144
0.000824656
0.000824155
0.000823642
0.000823117
0.000822578
0.000822027
0.000821462
0.000820884
0.000820292
0.000819685
0.000819064
0.000818429
0.000817778
0.000817112
0.000816431
0.000815733
0.000815019
0.000814289
0.000813542
0.000812777
0.000811995
0.000811195
0.000810377
0.00080954
0.000808684
0.000807808
0.000806913
0.000805998
0.000805062
0.000804106
0.000803128
0.000802128
0.000801106
0.000800061
0.000798994
0.000797902
0.000796787
0.000795648
0.000794483
0.000793293
0.000792076
0.000790833
0.000789564
0.000788266
0.00078694
0.000785585
0.000784201
0.000782786
0.000781341
0.000779864
0.000778356
0.000776814
0.000775239
0.000773629
0.000771984
0.000770303
0.000768585
0.00076683
0.000765035
0.000763202
0.000761328
0.000759413
0.000757454
0.000755452
0.000753407
0.000751314
0.000749174
0.000746987
0.000744751
0.000742465
0.000740126
0.000737732
0.000735285
0.000732776
0.000730216
0.000727582
0.000724903
0.000722163
0.000719359
0.000716482
0.000713536
0.000710508
0.000707413
0.000704237
0.000700949
0.000697742
0.000694449
0.000690963
0.000687352
0.000683626
0.00067981
0.000675902
0.000671892
0.000667782
0.000663557
0.000659239
0.000654807
0.000650255
0.000645576
0.000640782
0.000635853
0.000630771
0.000625547
0.000620177
0.000614661
0.000608994
0.000603185
0.000597278
0.000591237
0.000585091
0.000578832
0.000572412
0.000565896
0.000559188
0.000552379
0.000545297
0.000537949
0.000530404
0.000522665
0.000514742
0.000506698
0.00049836
0.000490129
0.000481178
0.000472492
0.000463693
0.000454909
0.000446034
0.00043708
0.000428107
0.000419079
0.000410062
0.000401088
0.000392208
0.000383454
0.000374869
0.000366492
0.000358367
0.000350543
0.000343067
0.000335994
0.000329367
0.000323243
0.00031766
0.000312669
0.000308305
0.000304607
0.000301604
0.00029932
0.000297775
0.000296974
0.000296926
0.000297621
0.00029905
0.000301195
0.000304025
0.000307519
0.000311631
0.000316326
0.000321567
0.000327288
0.000333485
0.000340045
0.000347009
0.000354239
0.000361771
0.000369506
0.000377445
0.000385511
0.000393725
0.000401977
0.000410331
0.000418621
0.000426969
0.000435191
0.000443442
0.000451396
0.000459406
0.000467096
0.000474807
0.000482146
0.000489679
0.000496935
0.000503556
0.000511018
0.000516637
0.000523021
0.000530035
0.000536678
0.000544
0.000546615
0.000552192
0.000559296
0.000561709
0.000567734
0.00057382
0.000579585
0.00058734
0.000590397
0.000594338
0.000601515
0.00060264
0.000609498
0.000609218
0.000615398
0.000615302
0.000620716
0.000623312
0.000625965
0.000631305
0.000627427
0.000629638
0.000846923
0.000846861
0.000846799
0.000846737
0.000846675
0.000846612
0.000846549
0.000846486
0.000846423
0.000846359
0.000846295
0.000846231
0.000846167
0.000846102
0.000846037
0.000845972
0.000845907
0.000845841
0.000845775
0.000845709
0.000845642
0.000845576
0.000845508
0.000845441
0.000845373
0.000845305
0.000845236
0.000845167
0.000845098
0.000845028
0.000844958
0.000844888
0.000844817
0.000844745
0.000844673
0.000844601
0.000844528
0.000844454
0.00084438
0.000844305
0.00084423
0.000844154
0.000844077
0.000844
0.000843921
0.000843842
0.000843762
0.000843682
0.0008436
0.000843517
0.000843433
0.000843349
0.000843263
0.000843176
0.000843088
0.000842999
0.000842908
0.000842816
0.000842722
0.000842626
0.000842529
0.00084243
0.000842329
0.000842226
0.000842121
0.000842014
0.000841905
0.000841794
0.000841681
0.000841565
0.000841447
0.000841327
0.000841204
0.000841078
0.00084095
0.000840818
0.000840684
0.000840547
0.000840406
0.000840262
0.000840115
0.000839964
0.000839809
0.00083965
0.000839488
0.000839321
0.00083915
0.000838975
0.000838795
0.000838611
0.000838421
0.000838227
0.000838028
0.000837824
0.000837614
0.000837399
0.000837178
0.000836952
0.00083672
0.000836481
0.000836236
0.000835985
0.000835728
0.000835463
0.000835192
0.000834914
0.000834628
0.000834335
0.000834035
0.000833727
0.00083341
0.000833086
0.000832754
0.000832413
0.000832064
0.000831706
0.000831339
0.000830963
0.000830577
0.000830182
0.000829777
0.000829363
0.000828938
0.000828503
0.000828058
0.000827602
0.000827135
0.000826658
0.000826169
0.000825668
0.000825156
0.000824632
0.000824096
0.000823548
0.000822988
0.000822414
0.000821828
0.000821229
0.000820616
0.00081999
0.000819351
0.000818697
0.000818029
0.000817347
0.00081665
0.000815938
0.000815211
0.000814468
0.00081371
0.000812937
0.000812147
0.000811341
0.000810518
0.000809678
0.000808821
0.000807947
0.000807055
0.000806145
0.000805217
0.00080427
0.000803305
0.00080232
0.000801316
0.000800292
0.000799248
0.000798184
0.000797099
0.000795993
0.000794866
0.000793717
0.000792546
0.000791352
0.000790136
0.000788896
0.000787633
0.000786345
0.000785034
0.000783697
0.000782335
0.000780948
0.000779534
0.000778093
0.000776625
0.00077513
0.000773607
0.000772054
0.000770473
0.000768862
0.00076722
0.000765547
0.000763843
0.000762107
0.000760338
0.000758535
0.000756698
0.000754826
0.000752918
0.000750974
0.000748993
0.000746973
0.000744915
0.000742817
0.000740678
0.000738498
0.000736275
0.00073401
0.000731698
0.000729343
0.000726939
0.000724489
0.000721988
0.000719437
0.000716838
0.000714176
0.000711472
0.000708716
0.000705903
0.000703027
0.000700089
0.000697083
0.00069402
0.000690878
0.000687692
0.000684375
0.000681182
0.000677787
0.000674302
0.000670716
0.000667052
0.000663308
0.000659484
0.000655571
0.000651573
0.000647476
0.000643301
0.000639027
0.000634654
0.000630175
0.000625601
0.000620918
0.000616108
0.000611175
0.00060612
0.000600946
0.000595644
0.000590219
0.000584713
0.000579102
0.000573399
0.000567592
0.000561681
0.000555652
0.000549484
0.000543243
0.000536787
0.000530201
0.000523363
0.000516356
0.000509199
0.000501854
0.000494461
0.00048679
0.000479204
0.00047127
0.000463156
0.000455094
0.00044704
0.000438913
0.000430711
0.000422423
0.000414133
0.000405788
0.000397453
0.000389152
0.000380926
0.000372807
0.000364817
0.000357
0.000349382
0.000342006
0.000334909
0.000328137
0.000321727
0.000315724
0.000310168
0.000305097
0.000300551
0.00029656
0.000293161
0.000290372
0.000288228
0.000286729
0.000285903
0.000285738
0.00028625
0.000287417
0.000289237
0.000291684
0.000294741
0.000298377
0.000302563
0.000307263
0.000312446
0.000318067
0.000324101
0.000330496
0.000337223
0.000344252
0.000351518
0.000359046
0.000366703
0.000374601
0.000382537
0.00039064
0.000398771
0.000406966
0.000415166
0.000423395
0.000431557
0.000439722
0.000447697
0.000455718
0.000463521
0.00047126
0.000478563
0.000486068
0.000492996
0.000499969
0.000506599
0.000513728
0.000519845
0.000525779
0.000532718
0.000535162
0.000542494
0.000550082
0.000556486
0.000563734
0.000568763
0.000574773
0.000579566
0.000582514
0.000590634
0.000595072
0.0005996
0.000601718
0.000604099
0.000606578
0.000610404
0.000612217
0.000615005
0.000615783
0.000620209
0.000621299
0.00062325
0.000625064
0.000626378
0.00063437
0.000634043
0.000632528
0.000846946
0.000846884
0.000846822
0.00084676
0.000846698
0.000846635
0.000846572
0.000846508
0.000846445
0.000846381
0.000846316
0.000846251
0.000846186
0.000846121
0.000846055
0.000845988
0.000845921
0.000845854
0.000845786
0.000845718
0.000845649
0.000845579
0.000845509
0.000845438
0.000845366
0.000845294
0.000845221
0.000845147
0.000845073
0.000844997
0.000844921
0.000844844
0.000844765
0.000844686
0.000844605
0.000844524
0.000844441
0.000844356
0.000844271
0.000844184
0.000844096
0.000844006
0.000843914
0.000843821
0.000843726
0.000843629
0.00084353
0.000843428
0.000843325
0.000843219
0.000843111
0.000843
0.000842886
0.00084277
0.000842651
0.000842529
0.000842404
0.000842276
0.000842146
0.000842012
0.000841874
0.000841733
0.000841589
0.000841441
0.000841289
0.000841133
0.000840973
0.000840808
0.000840639
0.000840466
0.000840287
0.000840104
0.000839916
0.000839722
0.000839524
0.000839319
0.00083911
0.000838894
0.000838673
0.000838445
0.000838211
0.000837971
0.000837725
0.000837472
0.000837211
0.000836944
0.00083667
0.000836388
0.000836099
0.000835802
0.000835498
0.000835185
0.000834864
0.000834535
0.000834197
0.000833851
0.000833496
0.000833132
0.000832758
0.000832376
0.000831984
0.000831582
0.00083117
0.000830749
0.000830317
0.000829875
0.000829422
0.000828958
0.000828484
0.000827999
0.000827502
0.000826994
0.000826475
0.000825944
0.000825401
0.000824846
0.000824278
0.000823699
0.000823106
0.000822501
0.000821883
0.000821252
0.000820607
0.000819949
0.000819278
0.000818592
0.000817893
0.00081718
0.000816452
0.000815709
0.000814952
0.00081418
0.000813392
0.00081259
0.000811772
0.000810938
0.000810088
0.000809223
0.000808341
0.000807442
0.000806527
0.000805595
0.000804646
0.000803679
0.000802695
0.000801694
0.000800674
0.000799636
0.00079858
0.000797504
0.00079641
0.000795297
0.000794165
0.000793012
0.00079184
0.000790647
0.000789435
0.000788201
0.000786946
0.00078567
0.000784372
0.000783053
0.000781711
0.000780346
0.000778959
0.000777548
0.000776114
0.000774656
0.000773174
0.000771666
0.000770134
0.000768577
0.000766993
0.000765383
0.000763747
0.000762083
0.000760392
0.000758673
0.000756925
0.000755148
0.000753342
0.000751505
0.000749638
0.00074774
0.00074581
0.000743848
0.000741853
0.000739824
0.000737761
0.000735663
0.000733529
0.000731359
0.000729153
0.000726908
0.000724626
0.000722303
0.000719942
0.000717536
0.000715093
0.0007126
0.000710073
0.000707489
0.00070487
0.000702203
0.000699489
0.000696724
0.000693907
0.000691039
0.000688115
0.000685142
0.000682109
0.00067902
0.000675883
0.000672658
0.000669461
0.00066615
0.000662765
0.000659294
0.000655756
0.000652152
0.000648481
0.000644734
0.000640919
0.000637016
0.000633047
0.000628999
0.000624865
0.00062065
0.000616346
0.000611968
0.000607487
0.000602901
0.000598216
0.000593426
0.000588542
0.000583546
0.000578462
0.000573305
0.000568066
0.000562736
0.000557332
0.000551833
0.000546237
0.000540548
0.000534739
0.000528865
0.000522778
0.000516577
0.000510191
0.000503668
0.000497022
0.000490252
0.000483355
0.000476394
0.000469211
0.000462173
0.000454645
0.000447267
0.000439792
0.00043229
0.000424746
0.000417108
0.000409464
0.000401767
0.000394048
0.000386341
0.000378668
0.000371056
0.000363524
0.000356095
0.000348799
0.000341665
0.000334718
0.000327998
0.000321529
0.000315357
0.000309506
0.00030402
0.000298924
0.00029426
0.000290051
0.000286333
0.000283127
0.000280462
0.000278354
0.000276819
0.000275873
0.000275515
0.000275758
0.000276586
0.000278007
0.000279992
0.000282546
0.000285624
0.00028923
0.000293313
0.000297867
0.000302845
0.000308231
0.000313982
0.000320076
0.000326475
0.000333156
0.000340079
0.000347229
0.000354561
0.00036206
0.000369708
0.00037744
0.000385312
0.000393163
0.000401191
0.000409078
0.000417113
0.000425031
0.000432971
0.000440833
0.000448678
0.000456382
0.000464028
0.000471405
0.000478954
0.000486103
0.00049309
0.000499693
0.000506666
0.000512517
0.000518768
0.000525035
0.000531462
0.000536551
0.000542136
0.000548133
0.000552111
0.000558047
0.000565676
0.000571477
0.00057789
0.000582483
0.000589349
0.000591988
0.000593997
0.000599334
0.000602038
0.000605437
0.000607716
0.000609869
0.000611645
0.000613834
0.000615247
0.000616681
0.000617176
0.000619351
0.000620584
0.000621519
0.000622509
0.000622719
0.000630148
0.000632177
0.000629018
0.000846971
0.000846908
0.000846844
0.00084678
0.000846716
0.00084665
0.000846585
0.000846518
0.000846451
0.000846383
0.000846314
0.000846245
0.000846174
0.000846103
0.000846031
0.000845957
0.000845883
0.000845807
0.00084573
0.000845652
0.000845573
0.000845492
0.000845409
0.000845325
0.000845239
0.000845152
0.000845062
0.000844971
0.000844878
0.000844783
0.000844686
0.000844586
0.000844484
0.000844379
0.000844271
0.00084416
0.000844047
0.00084393
0.00084381
0.000843686
0.000843559
0.000843429
0.000843294
0.000843156
0.000843014
0.000842868
0.000842718
0.000842564
0.000842405
0.000842242
0.000842074
0.000841901
0.000841723
0.00084154
0.000841351
0.000841157
0.000840957
0.000840751
0.000840539
0.00084032
0.000840095
0.000839864
0.000839626
0.000839381
0.000839129
0.00083887
0.000838603
0.000838329
0.000838047
0.000837757
0.00083746
0.000837153
0.000836839
0.000836516
0.000836184
0.000835843
0.000835493
0.000835134
0.000834766
0.000834388
0.000834
0.000833603
0.000833195
0.000832777
0.000832349
0.000831911
0.000831461
0.000831001
0.00083053
0.000830048
0.000829554
0.000829049
0.000828532
0.000828004
0.000827464
0.000826911
0.000826347
0.00082577
0.000825181
0.000824579
0.000823964
0.000823336
0.000822696
0.000822042
0.000821375
0.000820694
0.00082
0.000819292
0.00081857
0.000817834
0.000817084
0.00081632
0.000815541
0.000814748
0.00081394
0.000813117
0.000812279
0.000811426
0.000810558
0.000809674
0.000808775
0.00080786
0.00080693
0.000805983
0.00080502
0.000804041
0.000803046
0.000802034
0.000801006
0.00079996
0.000798897
0.000797818
0.000796721
0.000795606
0.000794474
0.000793324
0.000792156
0.000790969
0.000789765
0.000788541
0.000787299
0.000786038
0.000784758
0.000783458
0.000782139
0.0007808
0.000779441
0.000778062
0.000776663
0.000775242
0.000773801
0.000772338
0.000770854
0.000769349
0.000767821
0.000766271
0.000764698
0.000763103
0.000761484
0.000759842
0.000758176
0.000756486
0.000754771
0.000753032
0.000751267
0.000749477
0.000747661
0.000745819
0.000743949
0.000742053
0.000740129
0.000738177
0.000736196
0.000734186
0.000732147
0.000730078
0.000727979
0.000725848
0.000723686
0.000721492
0.000719265
0.000717006
0.000714711
0.000712383
0.000710019
0.000707619
0.000705184
0.000702709
0.000700199
0.000697647
0.000695057
0.000692429
0.00068976
0.000687047
0.000684293
0.000681492
0.00067865
0.000675755
0.000672825
0.000669827
0.000666816
0.000663693
0.000660627
0.000657439
0.000654204
0.000650901
0.000647545
0.000644133
0.000640666
0.000637142
0.000633557
0.000629908
0.000626199
0.000622416
0.000618576
0.000614666
0.000610687
0.000606641
0.000602523
0.000598344
0.000594076
0.000589721
0.000585284
0.000580763
0.000576159
0.000571471
0.000566699
0.000561876
0.000556987
0.000552019
0.000546986
0.000541884
0.000536713
0.000531454
0.000526125
0.000520699
0.000515201
0.00050954
0.000503767
0.000497873
0.000491861
0.000485737
0.00047951
0.000473203
0.00046678
0.000460324
0.000453693
0.000447168
0.00044027
0.000433488
0.000426616
0.000419735
0.000412792
0.000405815
0.000398774
0.00039175
0.000384683
0.000377625
0.000370584
0.000363581
0.000356642
0.000349776
0.000343009
0.000336359
0.000329848
0.000323501
0.000317342
0.000311401
0.000305701
0.000300275
0.000295145
0.000290344
0.000285893
0.000281824
0.000278154
0.000274916
0.00027212
0.000269796
0.000267949
0.000266603
0.000265757
0.000265428
0.000265608
0.000266305
0.000267509
0.000269215
0.000271411
0.000274081
0.000277215
0.000280783
0.000284778
0.000289161
0.00029393
0.000299035
0.00030448
0.000310212
0.000316235
0.000322497
0.000328998
0.000335698
0.000342587
0.000349632
0.000356823
0.000364129
0.000371542
0.000379025
0.000386579
0.000394189
0.000401791
0.000409467
0.000417031
0.000424759
0.000432187
0.000439834
0.000447207
0.000454642
0.000461908
0.000469177
0.000476224
0.000483149
0.000489843
0.000496914
0.000503091
0.000509294
0.000515355
0.000521566
0.000525901
0.000532163
0.000538252
0.00054427
0.000549335
0.00055459
0.000560117
0.000565367
0.000570069
0.000576984
0.000580329
0.000585093
0.000588439
0.000592794
0.000595895
0.00059811
0.000601348
0.000603658
0.000606098
0.000607945
0.000609588
0.000610814
0.000612037
0.000612846
0.000613513
0.00061357
0.000614368
0.000614958
0.000615219
0.000615549
0.00061474
0.000620461
0.000622098
0.000619527
0.000846951
0.00084688
0.000846808
0.000846734
0.000846659
0.000846582
0.000846504
0.000846424
0.000846342
0.000846258
0.000846173
0.000846084
0.000845994
0.000845901
0.000845806
0.000845708
0.000845607
0.000845504
0.000845398
0.000845288
0.000845175
0.000845059
0.000844938
0.000844814
0.000844686
0.000844553
0.000844417
0.000844275
0.000844129
0.000843977
0.000843821
0.000843659
0.000843493
0.000843321
0.000843144
0.00084296
0.000842771
0.000842576
0.000842375
0.000842167
0.000841952
0.000841731
0.000841502
0.000841267
0.000841023
0.000840772
0.000840513
0.000840246
0.000839971
0.000839688
0.000839395
0.000839094
0.000838785
0.000838466
0.000838137
0.0008378
0.000837452
0.000837095
0.000836728
0.000836351
0.000835963
0.000835565
0.000835156
0.000834736
0.000834306
0.000833864
0.000833411
0.000832946
0.00083247
0.000831983
0.000831483
0.000830971
0.000830447
0.000829911
0.000829362
0.000828801
0.000828227
0.00082764
0.000827041
0.000826428
0.000825802
0.000825163
0.00082451
0.000823844
0.000823164
0.00082247
0.000821763
0.000821042
0.000820306
0.000819556
0.000818792
0.000818014
0.000817221
0.000816414
0.000815592
0.000814756
0.000813904
0.000813038
0.000812156
0.00081126
0.000810348
0.000809421
0.000808479
0.000807521
0.000806548
0.000805559
0.000804555
0.000803535
0.000802499
0.000801447
0.000800378
0.000799294
0.000798194
0.000797077
0.000795944
0.000794794
0.000793628
0.000792445
0.000791245
0.000790029
0.000788795
0.000787545
0.000786277
0.000784991
0.000783688
0.000782368
0.00078103
0.000779674
0.0007783
0.000776908
0.000775498
0.00077407
0.000772622
0.000771156
0.000769672
0.000768168
0.000766645
0.000765102
0.000763541
0.000761959
0.000760357
0.000758735
0.000757093
0.00075543
0.000753746
0.000752041
0.000750315
0.000748567
0.000746798
0.000745006
0.000743193
0.000741356
0.000739497
0.000737614
0.000735708
0.000733777
0.000731823
0.000729844
0.00072784
0.000725811
0.000723757
0.000721676
0.000719569
0.000717435
0.000715274
0.000713086
0.000710869
0.000708624
0.000706349
0.000704045
0.000701711
0.000699347
0.000696951
0.000694524
0.000692065
0.000689572
0.000687047
0.000684489
0.000681896
0.000679269
0.000676604
0.000673904
0.000671164
0.000668389
0.000665573
0.000662719
0.000659826
0.000656888
0.000653919
0.000650887
0.000647846
0.000644747
0.000641596
0.000638395
0.000635148
0.000631852
0.000628512
0.00062512
0.000621682
0.000618187
0.000614645
0.00061104
0.000607386
0.000603676
0.000599907
0.00059608
0.000592199
0.00058826
0.00058427
0.00058021
0.000576077
0.000571875
0.000567606
0.000563265
0.00055886
0.000554373
0.000549849
0.000545273
0.000540645
0.000535945
0.000531197
0.000526396
0.000521533
0.00051661
0.000511616
0.000506564
0.000501435
0.000496202
0.000490848
0.00048542
0.000479882
0.000474266
0.000468572
0.000462791
0.000456959
0.000451024
0.000445063
0.000439002
0.000432924
0.000426792
0.000420527
0.000414246
0.000407918
0.000401606
0.000395245
0.000388873
0.000382455
0.000376056
0.000369634
0.000363229
0.000356846
0.000350503
0.000344212
0.000337991
0.000331849
0.000325809
0.000319883
0.000314092
0.000308453
0.000302987
0.000297713
0.000292656
0.000287832
0.000283268
0.000278979
0.000274991
0.000271319
0.000267987
0.000265008
0.000262405
0.000260186
0.000258372
0.000256966
0.000255986
0.00025543
0.00025531
0.00025562
0.000256368
0.00025754
0.000259141
0.000261152
0.000263573
0.000266382
0.000269573
0.000273126
0.000277027
0.000281257
0.000285798
0.000290635
0.000295742
0.000301113
0.000306712
0.000312543
0.000318561
0.000324779
0.000331147
0.000337683
0.000344337
0.000351121
0.000357999
0.000364971
0.000372011
0.000379114
0.000386261
0.000393442
0.000400632
0.000407841
0.000415051
0.000422197
0.000429386
0.000436419
0.000443611
0.000450371
0.000457482
0.000464137
0.000470945
0.000477481
0.000484112
0.000490401
0.000496467
0.000502628
0.000509035
0.000513896
0.00051986
0.000525409
0.000531176
0.000536198
0.000541135
0.000546721
0.000551624
0.00055637
0.000561247
0.000566721
0.000571686
0.00057474
0.000579042
0.000582247
0.00058569
0.000588479
0.000591549
0.000594175
0.000596189
0.000598396
0.000600109
0.000601721
0.00060295
0.000603979
0.000604655
0.000605182
0.000605401
0.000605473
0.000605115
0.000605083
0.000605005
0.000604723
0.000604515
0.000603131
0.000605988
0.000608008
0.00060567
0.000846708
0.000846608
0.000846505
0.000846397
0.000846286
0.000846171
0.000846051
0.000845928
0.0008458
0.000845667
0.00084553
0.000845386
0.000845238
0.000845083
0.000844923
0.000844756
0.000844583
0.000844403
0.000844217
0.000844023
0.000843822
0.000843614
0.000843399
0.000843176
0.000842945
0.000842705
0.000842458
0.000842202
0.000841937
0.000841663
0.00084138
0.000841087
0.000840784
0.000840472
0.000840149
0.000839816
0.000839472
0.000839117
0.000838752
0.000838375
0.000837987
0.000837588
0.000837176
0.000836753
0.000836318
0.000835871
0.000835411
0.000834939
0.000834454
0.000833956
0.000833445
0.000832921
0.000832384
0.000831834
0.000831269
0.000830691
0.0008301
0.000829494
0.000828874
0.000828241
0.000827593
0.00082693
0.000826253
0.000825562
0.000824856
0.000824135
0.0008234
0.00082265
0.000821884
0.000821104
0.000820309
0.000819499
0.000818673
0.000817832
0.000816976
0.000816105
0.000815218
0.000814315
0.000813398
0.000812465
0.000811516
0.000810551
0.000809571
0.000808576
0.000807565
0.000806538
0.000805495
0.000804437
0.000803362
0.000802272
0.000801166
0.000800045
0.000798907
0.000797754
0.000796584
0.000795399
0.000794198
0.00079298
0.000791747
0.000790498
0.000789232
0.00078795
0.000786653
0.000785339
0.000784008
0.000782662
0.000781299
0.00077992
0.000778524
0.000777112
0.000775684
0.000774239
0.000772777
0.000771298
0.000769803
0.000768291
0.000766762
0.000765216
0.000763653
0.000762072
0.000760475
0.00075886
0.000757227
0.000755577
0.000753909
0.000752223
0.000750519
0.000748797
0.000747057
0.000745298
0.000743521
0.000741724
0.000739909
0.000738075
0.000736221
0.000734348
0.000732456
0.000730543
0.00072861
0.000726657
0.000724683
0.000722688
0.000720672
0.000718635
0.000716576
0.000714495
0.000712391
0.000710266
0.000708117
0.000705946
0.00070375
0.000701531
0.000699288
0.00069702
0.000694728
0.000692409
0.000690066
0.000687696
0.0006853
0.000682876
0.000680426
0.000677948
0.000675442
0.000672907
0.000670343
0.000667749
0.000665124
0.000662468
0.000659781
0.000657062
0.000654311
0.000651526
0.00064871
0.000645857
0.000642974
0.000640048
0.000637099
0.000634112
0.000631081
0.000628009
0.000624899
0.000621749
0.00061856
0.000615332
0.000612063
0.000608753
0.000605401
0.000602003
0.000598561
0.000595071
0.000591536
0.000587953
0.000584322
0.000580645
0.000576922
0.000573152
0.000569337
0.000565472
0.000561545
0.000557559
0.000553516
0.000549416
0.00054526
0.000541046
0.000536778
0.000532479
0.000528136
0.00052375
0.000519306
0.000514822
0.000510297
0.000505724
0.000501102
0.000496432
0.000491701
0.000486939
0.000482081
0.000477137
0.000472114
0.000467021
0.000461856
0.000456632
0.000451342
0.000445998
0.000440595
0.000435148
0.000429633
0.000424109
0.000418501
0.000412926
0.000407192
0.000401514
0.000395764
0.00039001
0.000384247
0.000378448
0.000372652
0.000366834
0.000361029
0.000355233
0.00034945
0.000343692
0.00033797
0.0003323
0.000326687
0.000321148
0.000315688
0.000310323
0.000305066
0.000299929
0.000294928
0.000290078
0.000285393
0.000280891
0.000276585
0.000272493
0.000268629
0.000265009
0.000261648
0.000258561
0.00025576
0.000253261
0.000251073
0.000249209
0.000247676
0.000246486
0.000245641
0.000245151
0.000245015
0.000245238
0.000245817
0.000246753
0.000248038
0.000249673
0.000251645
0.000253952
0.000256579
0.000259521
0.000262761
0.000266294
0.0002701
0.000274172
0.000278491
0.000283049
0.000287828
0.000292819
0.000298005
0.000303373
0.000308912
0.000314605
0.000320449
0.000326417
0.000332515
0.000338709
0.000345014
0.000351391
0.00035786
0.000364375
0.000370958
0.000377575
0.000384233
0.000390909
0.000397601
0.000404299
0.000410987
0.000417655
0.000424316
0.000430942
0.000437473
0.000444034
0.000450435
0.000456963
0.00046298
0.00046949
0.000475351
0.000481462
0.000487243
0.000493205
0.000498795
0.000503763
0.000509708
0.000515695
0.000520714
0.000525504
0.000530404
0.000535487
0.000540252
0.000544706
0.000549995
0.000553363
0.000558048
0.000562334
0.000565719
0.000569369
0.00057233
0.00057556
0.000578291
0.000580922
0.000583116
0.000585298
0.000587257
0.000588821
0.000590314
0.000591509
0.000592526
0.000593232
0.000593737
0.000593945
0.000593959
0.0005937
0.000593302
0.000592551
0.000591904
0.000591188
0.000590381
0.000589604
0.000587865
0.000588807
0.000589937
0.000588055
0.00084571
0.000845527
0.000845335
0.000845135
0.000844926
0.000844708
0.000844481
0.000844244
0.000843997
0.00084374
0.000843473
0.000843195
0.000842907
0.000842608
0.000842298
0.000841977
0.000841643
0.000841298
0.000840941
0.000840571
0.000840188
0.000839793
0.000839384
0.000838961
0.000838525
0.000838075
0.000837611
0.000837133
0.00083664
0.000836133
0.000835612
0.000835075
0.000834523
0.000833956
0.000833374
0.000832776
0.000832162
0.000831533
0.000830888
0.000830227
0.00082955
0.000828857
0.000828148
0.000827423
0.000826681
0.000825922
0.000825148
0.000824356
0.000823548
0.000822724
0.000821883
0.000821025
0.000820151
0.000819259
0.000818352
0.000817427
0.000816486
0.000815528
0.000814553
0.000813561
0.000812553
0.000811528
0.000810487
0.000809429
0.000808354
0.000807263
0.000806155
0.000805031
0.00080389
0.000802733
0.000801559
0.000800369
0.000799163
0.000797941
0.000796702
0.000795448
0.000794177
0.00079289
0.000791587
0.000790269
0.000788934
0.000787583
0.000786217
0.000784835
0.000783437
0.000782024
0.000780595
0.00077915
0.000777689
0.000776213
0.000774722
0.000773215
0.000771693
0.000770155
0.000768601
0.000767033
0.000765448
0.000763849
0.000762234
0.000760603
0.000758957
0.000757296
0.000755619
0.000753927
0.000752219
0.000750496
0.000748757
0.000747002
0.000745232
0.000743446
0.000741644
0.000739826
0.000737992
0.000736143
0.000734277
0.000732394
0.000730496
0.000728581
0.000726649
0.000724701
0.000722736
0.000720754
0.000718755
0.000716738
0.000714705
0.000712653
0.000710584
0.000708497
0.000706391
0.000704267
0.000702125
0.000699964
0.000697784
0.000695584
0.000693365
0.000691126
0.000688867
0.000686588
0.000684288
0.000681967
0.000679625
0.000677262
0.000674877
0.000672469
0.000670039
0.000667586
0.000665111
0.000662611
0.000660088
0.00065754
0.000654968
0.000652371
0.000649748
0.000647098
0.000644423
0.00064172
0.000638991
0.000636232
0.000633451
0.000630631
0.0006278
0.000624928
0.000622026
0.000619092
0.000616126
0.000613129
0.000610098
0.000607036
0.00060394
0.000600812
0.00059765
0.000594454
0.000591224
0.000587957
0.000584653
0.000581311
0.000577929
0.00057451
0.00057105
0.00056755
0.000564011
0.000560434
0.00055682
0.000553166
0.000549477
0.00054574
0.000541951
0.000538114
0.00053423
0.000530299
0.000526322
0.000522295
0.000518231
0.000514141
0.000510017
0.000505856
0.000501652
0.000497409
0.000493135
0.000488827
0.00048448
0.000480096
0.000475669
0.000471208
0.000466697
0.000462117
0.000457466
0.000452761
0.000447994
0.000443181
0.000438321
0.00043341
0.000428459
0.000423466
0.000418439
0.000413369
0.000408276
0.00040316
0.000398012
0.000392851
0.000387642
0.00038243
0.000377175
0.000371934
0.000366678
0.000361421
0.000356155
0.000350903
0.00034565
0.000340428
0.000335217
0.000330041
0.0003249
0.000319802
0.00031476
0.000309776
0.000304865
0.00030003
0.000295284
0.000290637
0.000286099
0.000281679
0.000277388
0.000273239
0.000269241
0.000265407
0.000261748
0.000258274
0.000254996
0.000251926
0.000249074
0.00024645
0.000244064
0.000241924
0.000240039
0.000238417
0.000237064
0.000235987
0.000235189
0.000234675
0.000234447
0.000234507
0.000234856
0.000235493
0.000236415
0.000237621
0.000239105
0.000240865
0.000242892
0.000245183
0.000247727
0.00025052
0.00025355
0.000256812
0.000260294
0.000263989
0.000267885
0.000271975
0.000276248
0.000280696
0.000285306
0.000290074
0.000294985
0.000300035
0.000305213
0.000310511
0.000315919
0.000321429
0.000327034
0.000332722
0.000338495
0.000344331
0.000350238
0.000356188
0.000362198
0.000368239
0.000374327
0.00038042
0.000386548
0.000392678
0.000398819
0.000404951
0.00041107
0.000417181
0.000423253
0.000429296
0.000435319
0.00044128
0.000447131
0.000453009
0.000458763
0.000464552
0.000469849
0.000475697
0.000480775
0.000486188
0.000491229
0.000496447
0.000501903
0.000506727
0.000512118
0.000517053
0.000521384
0.000525638
0.000529745
0.00053472
0.000538887
0.000541922
0.000545632
0.000548891
0.000552146
0.000555666
0.000558656
0.00056166
0.000564241
0.000566795
0.000569065
0.000571147
0.000572874
0.000574457
0.000575855
0.000576966
0.000577922
0.000578617
0.000579098
0.000579301
0.000579302
0.000579047
0.000578595
0.000577893
0.000577059
0.000575925
0.0005748
0.000573543
0.000572277
0.000570921
0.000569031
0.000568232
0.000568819
0.000565414
0.000842671
0.000842293
0.000841899
0.00084149
0.000841065
0.000840625
0.000840168
0.000839695
0.000839205
0.000838699
0.000838175
0.000837633
0.000837074
0.000836497
0.000835902
0.000835288
0.000834657
0.000834007
0.000833338
0.000832651
0.000831945
0.000831219
0.000830475
0.000829712
0.00082893
0.000828129
0.000827308
0.000826468
0.000825609
0.00082473
0.000823833
0.000822916
0.00082198
0.000821024
0.00082005
0.000819056
0.000818043
0.000817011
0.00081596
0.000814891
0.000813802
0.000812695
0.000811569
0.000810424
0.000809261
0.00080808
0.000806881
0.000805663
0.000804427
0.000803174
0.000801903
0.000800614
0.000799307
0.000797984
0.000796643
0.000795285
0.000793909
0.000792518
0.000791109
0.000789684
0.000788242
0.000786784
0.00078531
0.00078382
0.000782314
0.000780792
0.000779255
0.000777702
0.000776134
0.00077455
0.000772951
0.000771338
0.000769709
0.000768066
0.000766408
0.000764735
0.000763048
0.000761346
0.000759631
0.000757901
0.000756156
0.000754398
0.000752626
0.00075084
0.00074904
0.000747226
0.000745399
0.000743557
0.000741703
0.000739834
0.000737952
0.000736056
0.000734147
0.000732224
0.000730288
0.000728338
0.000726374
0.000724397
0.000722406
0.000720401
0.000718383
0.000716351
0.000714305
0.000712245
0.000710171
0.000708083
0.000705981
0.000703864
0.000701734
0.000699589
0.000697429
0.000695254
0.000693065
0.00069086
0.000688641
0.000686406
0.000684156
0.00068189
0.000679608
0.00067731
0.000674996
0.000672665
0.000670318
0.000667954
0.000665573
0.000663174
0.000660758
0.000658324
0.000655871
0.0006534
0.000650911
0.000648402
0.000645875
0.000643327
0.00064076
0.000638172
0.000635563
0.000632934
0.000630283
0.00062761
0.000624916
0.000622199
0.000619461
0.000616697
0.000613915
0.000611105
0.000608271
0.000605413
0.00060253
0.00059962
0.000596685
0.000593722
0.000590733
0.000587717
0.000584674
0.000581603
0.000578504
0.000575377
0.000572223
0.000569037
0.000565821
0.000562573
0.000559293
0.00055598
0.000552634
0.000549254
0.000545843
0.000542401
0.000538927
0.000535423
0.000531885
0.000528321
0.000524712
0.000521062
0.000517371
0.000513642
0.000509873
0.000506069
0.00050222
0.000498347
0.00049445
0.000490529
0.000486577
0.000482595
0.000478575
0.00047453
0.00047046
0.000466364
0.000462236
0.000458082
0.000453892
0.000449681
0.000445423
0.000441109
0.000436741
0.000432331
0.000427875
0.000423386
0.000418857
0.000414296
0.000409703
0.000405084
0.000400435
0.000395765
0.000391067
0.000386365
0.000381636
0.00037691
0.000372143
0.000367407
0.000362624
0.000357827
0.000353049
0.00034827
0.000343495
0.000338728
0.000333973
0.000329236
0.00032452
0.000319835
0.000315179
0.000310563
0.000305987
0.000301462
0.000296991
0.000292584
0.000288244
0.000283981
0.000279799
0.000275709
0.000271715
0.000267826
0.00026405
0.000260394
0.000256867
0.000253475
0.000250228
0.000247133
0.000244196
0.000241427
0.000238833
0.000236419
0.000234194
0.000232163
0.000230333
0.000228708
0.000227295
0.000226096
0.000225117
0.00022436
0.000223827
0.000223522
0.000223444
0.000223596
0.000223975
0.000224582
0.000225414
0.00022647
0.000227747
0.000229241
0.000230949
0.000232866
0.000234987
0.000237307
0.00023982
0.000242521
0.000245403
0.000248461
0.000251687
0.000255076
0.000258621
0.000262316
0.000266153
0.000270128
0.000274233
0.000278462
0.00028281
0.00028727
0.000291836
0.000296502
0.000301261
0.00030611
0.00031104
0.00031605
0.000321134
0.000326284
0.000331494
0.00033676
0.000342077
0.000347441
0.000352854
0.000358291
0.000363764
0.000369256
0.000374779
0.000380314
0.000385865
0.000391398
0.000396952
0.000402495
0.000408028
0.000413538
0.000419014
0.000424489
0.000429903
0.000435285
0.000440645
0.000445907
0.000451078
0.000456266
0.000461396
0.000466438
0.000471064
0.000476118
0.000480843
0.00048567
0.000490366
0.000494721
0.000499671
0.000503816
0.000509078
0.00051289
0.000516362
0.00051959
0.000523084
0.000526639
0.000530122
0.000532995
0.000536028
0.000538963
0.00054165
0.000544478
0.00054701
0.000549467
0.000551631
0.000553646
0.000555408
0.000556959
0.000558211
0.000559264
0.000560133
0.000560768
0.000561226
0.000561455
0.000561473
0.000561237
0.000560801
0.000560134
0.00055928
0.000558193
0.000556978
0.000555498
0.000553985
0.000552277
0.000550625
0.000548713
0.000546746
0.000544655
0.000544283
0.00053958
0.000835109
0.000834363
0.000833594
0.000832802
0.000831986
0.000831147
0.000830284
0.000829398
0.000828488
0.000827554
0.000826597
0.000825617
0.000824613
0.000823586
0.000822536
0.000821462
0.000820365
0.000819246
0.000818104
0.000816939
0.000815751
0.000814542
0.00081331
0.000812056
0.000810781
0.000809484
0.000808166
0.000806827
0.000805467
0.000804086
0.000802685
0.000801264
0.000799823
0.000798362
0.000796882
0.000795383
0.000793865
0.000792328
0.000790773
0.0007892
0.000787609
0.000786001
0.000784375
0.000782732
0.000781072
0.000779396
0.000777704
0.000775995
0.000774271
0.000772531
0.000770776
0.000769005
0.00076722
0.00076542
0.000763606
0.000761777
0.000759935
0.000758079
0.000756209
0.000754326
0.000752429
0.00075052
0.000748598
0.000746663
0.000744715
0.000742756
0.000740784
0.0007388
0.000736804
0.000734796
0.000732777
0.000730746
0.000728703
0.000726649
0.000724584
0.000722508
0.00072042
0.000718322
0.000716212
0.000714092
0.000711961
0.000709818
0.000707665
0.000705501
0.000703327
0.000701141
0.000698945
0.000696737
0.000694519
0.00069229
0.000690049
0.000687798
0.000685536
0.000683262
0.000680978
0.000678681
0.000676374
0.000674055
0.000671724
0.000669382
0.000667028
0.000664661
0.000662283
0.000659892
0.000657488
0.000655072
0.000652643
0.000650201
0.000647746
0.000645278
0.000642795
0.000640299
0.000637789
0.000635265
0.000632726
0.000630173
0.000627604
0.00062502
0.000622421
0.000619805
0.000617174
0.000614524
0.000611863
0.000609182
0.000606482
0.000603765
0.000601031
0.000598278
0.000595507
0.000592718
0.000589909
0.000587081
0.000584233
0.000581364
0.000578474
0.000575563
0.00057263
0.000569676
0.0005667
0.000563702
0.000560682
0.000557639
0.000554575
0.000551487
0.000548375
0.000545237
0.000542074
0.000538884
0.000535668
0.000532425
0.000529155
0.000525858
0.000522536
0.00051919
0.000515818
0.000512422
0.000508999
0.000505554
0.000502072
0.000498555
0.000495005
0.000491424
0.00048781
0.000484167
0.00048049
0.000476789
0.000473075
0.00046934
0.000465582
0.0004618
0.000457994
0.000454157
0.000450304
0.000446432
0.00044254
0.000438626
0.00043469
0.00043073
0.000426753
0.000422742
0.00041868
0.000414586
0.000410449
0.000406287
0.000402096
0.000397875
0.000393631
0.000389366
0.000385082
0.000380781
0.000376463
0.000372131
0.000367788
0.000363443
0.000359089
0.000354737
0.000350369
0.000346024
0.000341646
0.000337284
0.000332929
0.000328585
0.000324249
0.000319932
0.000315629
0.000311353
0.000307099
0.00030288
0.000298692
0.000294546
0.000290444
0.000286385
0.00028238
0.000278432
0.000274547
0.000270728
0.000266982
0.000263314
0.000259729
0.000256232
0.000252829
0.000249526
0.000246328
0.00024324
0.000240267
0.000237417
0.000234692
0.0002321
0.000229644
0.00022733
0.000225163
0.000223147
0.000221286
0.000219585
0.000218046
0.000216673
0.00021547
0.000214438
0.000213581
0.000212899
0.000212395
0.000212069
0.000211922
0.000211955
0.000212166
0.000212556
0.000213122
0.000213865
0.000214781
0.000215869
0.000217125
0.000218548
0.000220133
0.000221879
0.00022378
0.000225833
0.000228035
0.000230381
0.000232867
0.00023549
0.000238244
0.000241126
0.000244131
0.000247255
0.000250492
0.000253841
0.000257296
0.000260853
0.000264508
0.000268257
0.000272097
0.000276023
0.000280031
0.000284118
0.000288281
0.000292516
0.00029682
0.000301188
0.000305618
0.000310103
0.000314642
0.000319233
0.000323872
0.000328559
0.00033329
0.000338051
0.000342847
0.000347673
0.00035253
0.000357415
0.000362326
0.000367235
0.000372162
0.000377099
0.000382055
0.000387011
0.000391957
0.000396871
0.000401817
0.000406744
0.000411637
0.000416499
0.000421315
0.000426163
0.00043092
0.00043563
0.000440343
0.000444889
0.000449433
0.000453952
0.000458477
0.000462962
0.000467106
0.000471396
0.000475498
0.000479761
0.000483808
0.000487412
0.000491851
0.000495229
0.000499324
0.000502573
0.000505587
0.000508344
0.000511254
0.000514106
0.000516982
0.000519543
0.000522068
0.000524527
0.000526744
0.000528957
0.000530971
0.000532875
0.00053456
0.000536066
0.000537348
0.000538421
0.000539234
0.000539833
0.000540243
0.000540445
0.000540467
0.000540282
0.0005399
0.000539284
0.000538474
0.00053745
0.000536251
0.000534835
0.000533293
0.000531511
0.000529675
0.0005276
0.000525629
0.000523223
0.000521196
0.000518135
0.000516808
0.000510965
0.000819125
0.000817802
0.00081645
0.000815071
0.000813664
0.00081223
0.00081077
0.000809283
0.00080777
0.000806232
0.000804669
0.00080308
0.000801468
0.000799832
0.000798172
0.00079649
0.000794785
0.000793058
0.000791309
0.000789539
0.000787749
0.000785938
0.000784108
0.000782258
0.000780389
0.000778502
0.000776597
0.000774674
0.000772735
0.000770778
0.000768805
0.000766817
0.000764812
0.000762793
0.000760759
0.000758711
0.000756649
0.000754573
0.000752484
0.000750382
0.000748267
0.000746141
0.000744002
0.000741852
0.00073969
0.000737518
0.000735335
0.000733141
0.000730937
0.000728724
0.0007265
0.000724267
0.000722025
0.000719774
0.000717513
0.000715244
0.000712967
0.000710681
0.000708387
0.000706085
0.000703775
0.000701457
0.000699132
0.000696798
0.000694458
0.00069211
0.000689754
0.000687391
0.000685021
0.000682643
0.000680259
0.000677867
0.000675468
0.000673061
0.000670648
0.000668227
0.000665799
0.000663363
0.00066092
0.00065847
0.000656012
0.000653546
0.000651073
0.000648592
0.000646103
0.000643606
0.000641101
0.000638587
0.000636065
0.000633535
0.000630995
0.000628447
0.000625889
0.000623323
0.000620746
0.000618161
0.000615565
0.000612959
0.000610343
0.000607717
0.00060508
0.000602431
0.000599771
0.0005971
0.000594417
0.000591721
0.000589014
0.000586293
0.00058356
0.000580815
0.000578055
0.000575283
0.000572497
0.000569696
0.000566881
0.000564051
0.000561205
0.000558344
0.000555466
0.000552572
0.000549662
0.000546734
0.00054379
0.00054083
0.000537852
0.000534857
0.000531844
0.000528814
0.000525764
0.000522695
0.000519606
0.000516496
0.000513364
0.000510212
0.000507037
0.000503841
0.000500625
0.00049739
0.000494136
0.000490862
0.000487569
0.000484253
0.000480922
0.000477561
0.000474172
0.000470756
0.000467313
0.000463846
0.000460354
0.000456835
0.000453296
0.000449747
0.000446185
0.000442607
0.000439011
0.000435396
0.000431763
0.000428104
0.000424437
0.000420756
0.000417061
0.00041335
0.000409626
0.000405882
0.000402131
0.000398351
0.000394538
0.000390692
0.000386821
0.000382929
0.000379014
0.00037508
0.000371129
0.000367166
0.000363189
0.000359204
0.000355207
0.000351208
0.000347196
0.000343193
0.000339179
0.000335188
0.000331169
0.000327201
0.000323204
0.000319207
0.000315234
0.000311273
0.000307326
0.000303397
0.000299488
0.000295603
0.000291743
0.000287914
0.000284116
0.000280358
0.000276636
0.000272962
0.000269332
0.000265752
0.000262226
0.000258759
0.000255352
0.000252011
0.000248739
0.000245541
0.00024242
0.00023938
0.000236425
0.00023356
0.000230788
0.000228112
0.000225537
0.000223066
0.000220703
0.000218452
0.000216316
0.000214297
0.0002124
0.000210627
0.00020898
0.000207462
0.000206076
0.000204824
0.000203706
0.000202725
0.000201883
0.000201179
0.000200615
0.000200192
0.00019991
0.000199768
0.000199766
0.000199904
0.000200181
0.000200596
0.000201148
0.000201835
0.000202655
0.000203606
0.000204687
0.000205895
0.000207228
0.000208682
0.000210257
0.000211948
0.000213753
0.00021567
0.000217695
0.000219824
0.000222057
0.000224388
0.000226817
0.000229339
0.000231952
0.000234653
0.00023744
0.00024031
0.00024326
0.000246288
0.00024939
0.000252565
0.00025581
0.000259123
0.0002625
0.000265941
0.000269442
0.000273002
0.00027662
0.000280291
0.000284014
0.000287787
0.000291608
0.000295478
0.000299391
0.000303348
0.000307348
0.000311383
0.000315453
0.000319552
0.000323687
0.000327856
0.000332054
0.000336287
0.000340538
0.000344795
0.000349079
0.000353385
0.000357711
0.000362057
0.000366406
0.000370729
0.000375072
0.000379428
0.000383799
0.000388152
0.000392472
0.000396754
0.000401116
0.000405432
0.000409673
0.00041389
0.000418067
0.000422333
0.000426445
0.00043048
0.000434573
0.000438582
0.000442501
0.000446354
0.000450188
0.000454027
0.000457559
0.000461118
0.000464553
0.000468361
0.000471778
0.000474899
0.00047845
0.000481549
0.000484786
0.000487637
0.000490243
0.000492565
0.000494912
0.000497182
0.000499463
0.000501583
0.000503617
0.000505593
0.000507376
0.000509079
0.000510616
0.000512028
0.000513255
0.000514303
0.000515145
0.000515787
0.0005162
0.000516402
0.000516415
0.000516234
0.000515879
0.000515333
0.000514605
0.000513664
0.00051254
0.000511215
0.000509727
0.000508036
0.000506222
0.000504187
0.00050209
0.000499724
0.000497498
0.000494685
0.000492599
0.000488743
0.000486805
0.000479857
0.000789859
0.000787786
0.000785687
0.000783565
0.000781419
0.000779251
0.00077706
0.000774849
0.000772617
0.000770366
0.000768096
0.000765808
0.000763502
0.00076118
0.000758841
0.000756488
0.000754119
0.000751736
0.00074934
0.000746931
0.00074451
0.000742077
0.000739632
0.000737177
0.000734712
0.000732237
0.000729753
0.000727261
0.00072476
0.000722251
0.000719734
0.000717211
0.000714681
0.000712145
0.000709602
0.000707054
0.000704501
0.000701942
0.000699379
0.000696812
0.00069424
0.000691664
0.000689084
0.0006865
0.000683913
0.000681323
0.00067873
0.000676133
0.000673534
0.000670932
0.000668327
0.000665719
0.000663109
0.000660496
0.000657881
0.000655264
0.000652644
0.000650021
0.000647396
0.000644769
0.000642139
0.000639507
0.000636872
0.000634235
0.000631595
0.000628951
0.000626305
0.000623656
0.000621004
0.000618348
0.000615689
0.000613026
0.000610359
0.000607689
0.000605014
0.000602336
0.000599653
0.000596965
0.000594273
0.000591575
0.000588872
0.000586164
0.00058345
0.00058073
0.000578003
0.00057527
0.00057253
0.000569783
0.000567029
0.000564267
0.000561498
0.000558721
0.000555935
0.000553141
0.000550339
0.000547527
0.000544706
0.000541875
0.000539034
0.000536182
0.000533319
0.000530445
0.000527559
0.000524661
0.000521752
0.00051883
0.000515897
0.000512952
0.000509994
0.000507023
0.00050404
0.000501043
0.000498032
0.000495005
0.000491963
0.000488905
0.000485831
0.000482739
0.000479632
0.000476509
0.000473371
0.000470219
0.000467052
0.000463871
0.000460675
0.000457463
0.000454237
0.000450993
0.000447724
0.000444434
0.000441122
0.000437791
0.000434439
0.00043107
0.000427678
0.000424283
0.00042088
0.000417467
0.000414042
0.000410604
0.000407151
0.000403686
0.000400203
0.000396713
0.000393217
0.000389711
0.000386198
0.000382673
0.000379141
0.000375599
0.000372047
0.000368465
0.00036486
0.000361238
0.000357597
0.000353942
0.000350276
0.000346598
0.000342913
0.000339222
0.000335527
0.000331828
0.00032813
0.00032443
0.000320735
0.000317039
0.000313362
0.00030968
0.00030603
0.00030238
0.000298727
0.000295101
0.000291489
0.000287896
0.000284321
0.00028077
0.000277242
0.000273743
0.000270271
0.000266835
0.00026343
0.000260068
0.000256742
0.000253463
0.000250231
0.000247046
0.000243913
0.000240835
0.000237815
0.000234856
0.00023196
0.000229131
0.00022637
0.000223683
0.00022107
0.000218536
0.000216083
0.000213713
0.00021143
0.000209235
0.000207132
0.000205123
0.000203209
0.000201394
0.000199679
0.000198066
0.000196556
0.000195153
0.000193856
0.000192667
0.000191587
0.000190617
0.000189759
0.000189012
0.000188376
0.000187853
0.000187442
0.000187142
0.000186954
0.000186878
0.000186911
0.000187055
0.000187306
0.000187666
0.000188131
0.0001887
0.000189373
0.000190148
0.000191021
0.000191993
0.000193061
0.000194222
0.000195475
0.000196818
0.000198249
0.000199765
0.000201365
0.000203045
0.000204805
0.000206642
0.000208554
0.000210539
0.000212594
0.000214719
0.00021691
0.000219166
0.000221485
0.000223865
0.000226305
0.000228801
0.000231354
0.000233961
0.000236622
0.000239333
0.000242095
0.000244907
0.000247765
0.000250671
0.000253621
0.000256615
0.000259651
0.000262726
0.000265842
0.000268998
0.00027219
0.000275421
0.000278687
0.000281988
0.000285323
0.000288688
0.000292085
0.000295513
0.000298972
0.000302461
0.000305979
0.000309524
0.000313096
0.000316684
0.00032029
0.000323913
0.00032757
0.000331253
0.000334953
0.000338679
0.00034239
0.0003461
0.000349854
0.000353622
0.000357402
0.000361194
0.000364958
0.000368671
0.000372455
0.000376237
0.000380043
0.000383774
0.000387478
0.000391143
0.000395
0.000398702
0.000402275
0.000405879
0.000409466
0.000413042
0.000416512
0.000419934
0.000423365
0.000426752
0.000430044
0.000433267
0.000436597
0.000439984
0.000443016
0.000446028
0.000448973
0.000452077
0.000455028
0.000457723
0.000460574
0.000463203
0.000465795
0.00046815
0.000470308
0.000472224
0.000474088
0.000475873
0.000477641
0.000479317
0.000480902
0.000482423
0.000483792
0.000485052
0.00048616
0.000487135
0.000487943
0.00048858
0.000489027
0.000489286
0.000489339
0.000489194
0.000488865
0.000488354
0.000487677
0.000486823
0.000485804
0.000484591
0.000483208
0.000481638
0.000479917
0.000478009
0.00047598
0.000473747
0.000471447
0.000468867
0.000466448
0.000463335
0.000461174
0.000456694
0.000454569
0.000446465
0.000742728
0.000739861
0.000736982
0.000734092
0.000731193
0.000728285
0.000725369
0.000722447
0.000719518
0.000716583
0.000713644
0.000710701
0.000707754
0.000704805
0.000701854
0.000698901
0.000695946
0.000692992
0.000690037
0.000687082
0.000684129
0.000681176
0.000678225
0.000675276
0.000672329
0.000669384
0.000666442
0.000663504
0.000660568
0.000657635
0.000654706
0.000651781
0.00064886
0.000645942
0.000643029
0.00064012
0.000637215
0.000634314
0.000631417
0.000628524
0.000625636
0.000622752
0.000619872
0.000616996
0.000614124
0.000611256
0.000608392
0.000605531
0.000602674
0.000599821
0.00059697
0.000594123
0.000591278
0.000588437
0.000585598
0.000582761
0.000579926
0.000577094
0.000574263
0.000571434
0.000568606
0.000565779
0.000562953
0.000560127
0.000557301
0.000554475
0.000551648
0.00054882
0.000545992
0.000543162
0.000540331
0.000537497
0.000534662
0.000531824
0.000528984
0.000526141
0.000523294
0.000520444
0.00051759
0.000514731
0.000511867
0.000508997
0.000506122
0.00050324
0.000500352
0.000497458
0.000494557
0.000491649
0.000488734
0.000485812
0.000482883
0.000479946
0.000477
0.000474047
0.000471085
0.000468113
0.00046513
0.000462136
0.00045913
0.000456113
0.000453083
0.000450043
0.000446992
0.000443931
0.00044086
0.000437779
0.000434688
0.000431587
0.000428475
0.000425352
0.000422221
0.00041907
0.0004159
0.000412715
0.000409513
0.000406296
0.000403066
0.000399817
0.000396564
0.000393309
0.00039005
0.000386784
0.00038351
0.000380228
0.000376937
0.000373637
0.000370327
0.000367011
0.000363692
0.000360372
0.000357047
0.000353719
0.000350386
0.00034705
0.000343712
0.000340356
0.000336981
0.000333591
0.000330191
0.000326782
0.000323367
0.000319947
0.000316524
0.000313099
0.000309676
0.000306254
0.000302837
0.000299423
0.00029602
0.000292619
0.000289237
0.000285858
0.000282512
0.000279174
0.000275839
0.000272532
0.000269244
0.000265977
0.000262732
0.000259511
0.000256317
0.000253151
0.000250016
0.000246913
0.000243845
0.000240814
0.000237823
0.000234873
0.000231967
0.00022911
0.000226299
0.00022354
0.000220833
0.000218182
0.000215588
0.000213054
0.000210582
0.000208174
0.000205831
0.000203557
0.000201353
0.000199221
0.000197163
0.000195181
0.000193277
0.000191452
0.000189708
0.000188047
0.000186469
0.000184976
0.00018357
0.000182251
0.00018102
0.000179879
0.000178827
0.000177866
0.000176995
0.000176215
0.000175526
0.000174929
0.000174423
0.000174008
0.000173683
0.000173449
0.000173304
0.000173248
0.000173279
0.000173398
0.000173602
0.000173892
0.000174265
0.00017472
0.000175256
0.000175871
0.000176564
0.000177333
0.000178177
0.000179094
0.000180082
0.00018114
0.000182266
0.000183458
0.000184715
0.000186034
0.000187415
0.000188854
0.000190352
0.000191905
0.000193513
0.000195174
0.000196886
0.000198648
0.000200458
0.000202316
0.000204219
0.000206166
0.000208157
0.000210189
0.000212263
0.000214376
0.000216528
0.000218717
0.000220943
0.000223204
0.000225499
0.000227828
0.00023019
0.000232583
0.000235008
0.000237463
0.000239949
0.000242462
0.000245007
0.000247579
0.000250181
0.000252811
0.000255466
0.00025815
0.000260857
0.00026359
0.000266347
0.000269126
0.000271931
0.000274761
0.000277612
0.000280491
0.000283387
0.000286309
0.000289249
0.000292203
0.00029518
0.000298182
0.000301208
0.000304254
0.000307319
0.000310399
0.000313496
0.000316585
0.000319693
0.000322821
0.000325991
0.000329174
0.000332366
0.000335568
0.000338708
0.000341891
0.000345149
0.000348394
0.000351625
0.000354869
0.000358031
0.000361137
0.000364474
0.000367653
0.000370955
0.00037401
0.000377134
0.000380177
0.000383284
0.000386375
0.000389401
0.000392417
0.000395376
0.000398351
0.000401339
0.000404287
0.000407241
0.000410156
0.000412974
0.00041571
0.000418466
0.000421237
0.000423809
0.000426325
0.000428767
0.000431261
0.000433699
0.000435958
0.000438242
0.000440389
0.00044245
0.000444333
0.000446057
0.000447583
0.000449023
0.000450381
0.000451704
0.000452961
0.000454135
0.00045524
0.000456221
0.000457086
0.00045781
0.000458397
0.000458832
0.000459104
0.000459201
0.000459124
0.000458862
0.000458417
0.000457799
0.000457011
0.000456067
0.00045496
0.000453704
0.000452272
0.000450688
0.000448929
0.000447034
0.000444966
0.000442782
0.000440414
0.000437972
0.000435258
0.000432708
0.000429411
0.000427159
0.000422499
0.000420235
0.000411036
0.000675065
0.000671549
0.000668042
0.000664544
0.000661058
0.000657582
0.000654118
0.000650666
0.000647227
0.0006438
0.000640386
0.000636985
0.000633598
0.000630225
0.000626865
0.00062352
0.000620188
0.000616871
0.000613568
0.000610279
0.000607005
0.000603744
0.000600498
0.000597265
0.000594047
0.000590842
0.00058765
0.000584472
0.000581307
0.000578155
0.000575016
0.00057189
0.000568775
0.000565673
0.000562583
0.000559504
0.000556437
0.000553381
0.000550335
0.0005473
0.000544274
0.000541258
0.000538251
0.000535253
0.000532263
0.000529282
0.000526308
0.000523341
0.000520381
0.000517428
0.000514481
0.00051154
0.000508604
0.000505673
0.000502747
0.000499826
0.000496908
0.000493994
0.000491083
0.000488174
0.000485268
0.000482362
0.000479458
0.000476554
0.000473649
0.000470745
0.000467841
0.000464935
0.000462029
0.000459121
0.000456212
0.000453302
0.000450389
0.000447473
0.000444555
0.000441634
0.000438709
0.000435778
0.000432842
0.000429899
0.000426949
0.000423993
0.000421029
0.000418059
0.000415083
0.000412103
0.000409116
0.000406125
0.000403128
0.000400124
0.000397115
0.000394099
0.000391078
0.000388048
0.000385003
0.000381944
0.000378874
0.000375791
0.000372698
0.000369595
0.000366481
0.000363371
0.000360261
0.00035715
0.000354037
0.000350919
0.000347797
0.000344671
0.000341539
0.000338405
0.000335262
0.000332124
0.000328986
0.000325853
0.000322715
0.000319585
0.000316448
0.000313322
0.000310186
0.000307035
0.000303874
0.000300708
0.000297536
0.000294364
0.00029119
0.000288019
0.00028485
0.000281686
0.000278526
0.000275378
0.000272234
0.000269108
0.000265984
0.000262888
0.000259786
0.000256734
0.000253682
0.000250645
0.000247639
0.000244655
0.000241695
0.00023876
0.000235852
0.000232972
0.000230123
0.000227304
0.00022452
0.000221771
0.000219059
0.000216386
0.000213755
0.000211165
0.000208621
0.000206125
0.000203676
0.000201277
0.000198931
0.000196638
0.0001944
0.000192219
0.000190096
0.000188034
0.000186033
0.000184095
0.000182221
0.000180413
0.000178672
0.000176999
0.000175395
0.000173862
0.0001724
0.000171011
0.000169695
0.000168453
0.000167285
0.000166192
0.000165175
0.000164233
0.000163367
0.000162578
0.000161864
0.000161227
0.000160665
0.000160179
0.000159769
0.000159433
0.000159171
0.000158983
0.000158868
0.000158825
0.000158853
0.000158951
0.000159119
0.000159355
0.000159657
0.000160026
0.000160459
0.000160956
0.000161514
0.000162132
0.00016281
0.000163546
0.000164338
0.000165184
0.000166084
0.000167036
0.000168039
0.00016909
0.000170189
0.000171334
0.000172524
0.000173757
0.000175032
0.000176348
0.000177703
0.000179097
0.000180528
0.000181995
0.000183496
0.000185031
0.000186599
0.000188198
0.000189827
0.000191487
0.000193175
0.00019489
0.000196633
0.000198401
0.000200195
0.000202013
0.000203856
0.000205721
0.00020761
0.00020952
0.000211452
0.000213406
0.00021538
0.000217374
0.000219389
0.000221423
0.000223475
0.000225546
0.000227636
0.000229742
0.000231867
0.000234007
0.000236165
0.000238339
0.000240531
0.000242738
0.000244965
0.000247206
0.000249468
0.000251744
0.00025404
0.000256351
0.000258677
0.000261019
0.000263374
0.000265745
0.000268129
0.000270529
0.00027295
0.000275386
0.000277837
0.00028031
0.000282782
0.000285282
0.00028778
0.000290288
0.000292819
0.000295382
0.000297962
0.000300552
0.000303151
0.000305754
0.000308362
0.000310932
0.00031357
0.000316221
0.000318929
0.000321612
0.000324319
0.000326973
0.000329531
0.000332329
0.000335132
0.000337866
0.000340479
0.000343229
0.000345699
0.000348235
0.000350839
0.000353478
0.000356134
0.00035875
0.000361302
0.000363814
0.000366418
0.000369051
0.000371636
0.000374203
0.000376674
0.000379166
0.00038169
0.00038412
0.000386546
0.00038894
0.000391258
0.000393514
0.000395751
0.000397988
0.000400096
0.000402145
0.000404123
0.0004061
0.000408047
0.000409873
0.000411668
0.000413357
0.000414952
0.000416403
0.000417719
0.000418875
0.000419934
0.000420911
0.000421841
0.000422715
0.000423516
0.000424246
0.000424871
0.000425384
0.000425765
0.000426014
0.000426119
0.000426074
0.000425869
0.000425505
0.000424974
0.000424278
0.000423423
0.000422412
0.000421257
0.000419953
0.000418516
0.000416923
0.000415195
0.000413307
0.000411299
0.000409133
0.000406858
0.000404421
0.000401905
0.000399139
0.000396524
0.000393159
0.000390841
0.000386265
0.000383941
0.000373818
0.000587507
0.000583662
0.000579847
0.000576062
0.000572307
0.000568582
0.000564886
0.000561219
0.00055758
0.00055397
0.000550388
0.000546833
0.000543306
0.000539805
0.000536331
0.000532882
0.000529458
0.000526059
0.000522685
0.000519333
0.000516004
0.000512698
0.000509413
0.00050615
0.000502907
0.000499684
0.00049648
0.000493296
0.00049013
0.000486981
0.00048385
0.000480735
0.000477636
0.000474553
0.000471485
0.000468431
0.00046539
0.000462363
0.000459347
0.000456344
0.000453351
0.000450368
0.000447394
0.00044443
0.000441473
0.000438525
0.000435585
0.000432651
0.000429725
0.000426805
0.00042389
0.000420981
0.000418077
0.000415178
0.000412282
0.00040939
0.000406502
0.000403614
0.000400727
0.00039784
0.000394952
0.000392063
0.000389172
0.00038628
0.000383387
0.000380494
0.000377601
0.000374707
0.000371813
0.000368918
0.000366021
0.000363124
0.000360224
0.000357322
0.00035442
0.00035151
0.00034859
0.000345659
0.000342721
0.000339775
0.000336823
0.000333861
0.000330901
0.000327948
0.000324998
0.00032205
0.000319103
0.000316156
0.000313208
0.00031026
0.00030731
0.00030436
0.000301408
0.000298458
0.000295515
0.000292577
0.000289645
0.000286718
0.000283798
0.00028088
0.000277971
0.000275051
0.000272124
0.000269195
0.000266264
0.000263335
0.000260408
0.000257488
0.000254572
0.000251666
0.000248767
0.000245882
0.000243004
0.000240148
0.000237297
0.000234478
0.000231655
0.000228883
0.000226108
0.000223363
0.000220645
0.000217955
0.000215291
0.000212655
0.000210049
0.000207473
0.000204929
0.000202419
0.000199942
0.000197503
0.000195101
0.00019274
0.000190417
0.00018814
0.000185904
0.000183715
0.000181574
0.00017948
0.000177436
0.000175443
0.000173503
0.000171617
0.000169786
0.00016801
0.000166292
0.000164631
0.00016303
0.000161488
0.000160008
0.000158588
0.000157231
0.000155937
0.000154706
0.000153539
0.000152437
0.000151399
0.000150426
0.000149518
0.000148676
0.000147899
0.000147187
0.00014654
0.000145958
0.000145441
0.000144987
0.000144598
0.000144272
0.000144008
0.000143807
0.000143667
0.000143587
0.000143567
0.000143606
0.000143703
0.000143857
0.000144066
0.00014433
0.000144648
0.000145018
0.00014544
0.000145911
0.000146432
0.000147
0.000147614
0.000148274
0.000148977
0.000149723
0.00015051
0.000151337
0.000152203
0.000153106
0.000154046
0.000155021
0.00015603
0.000157071
0.000158145
0.000159249
0.000160382
0.000161544
0.000162733
0.000163949
0.00016519
0.000166456
0.000167745
0.000169057
0.000170391
0.000171746
0.000173121
0.000174516
0.00017593
0.000177362
0.000178812
0.000180278
0.000181761
0.00018326
0.000184774
0.000186303
0.000187846
0.000189403
0.000190974
0.000192557
0.000194153
0.000195762
0.000197382
0.000199013
0.000200656
0.00020231
0.000203975
0.00020565
0.000207335
0.000209031
0.000210736
0.000212453
0.000214179
0.000215915
0.000217661
0.000219416
0.000221182
0.000222957
0.000224742
0.000226533
0.000228336
0.000230145
0.000231964
0.000233792
0.000235626
0.000237472
0.000239327
0.000241194
0.00024307
0.00024496
0.000246857
0.000248772
0.000250692
0.000252628
0.000254565
0.000256516
0.000258473
0.000260436
0.000262415
0.000264403
0.000266404
0.000268428
0.000270454
0.000272495
0.00027455
0.000276588
0.00027866
0.000280703
0.000282774
0.000284869
0.000287024
0.00028918
0.000291324
0.00029345
0.000295589
0.0002977
0.000299755
0.000302061
0.000304216
0.000306484
0.000308638
0.000310951
0.000312939
0.000314968
0.00031708
0.000319281
0.000321472
0.000323669
0.000325842
0.000327884
0.000330001
0.000332128
0.000334348
0.000336552
0.000338761
0.000340877
0.000342883
0.000345024
0.000347204
0.000349307
0.00035139
0.000353412
0.000355431
0.000357437
0.000359401
0.000361343
0.000363258
0.000365111
0.000366915
0.000368681
0.000370439
0.000372107
0.000373719
0.000375266
0.000376788
0.000378285
0.000379695
0.000381054
0.000382323
0.000383501
0.000384558
0.000385499
0.00038631
0.000387025
0.000387661
0.000388243
0.000388775
0.00038924
0.000389637
0.000389943
0.000390145
0.000390227
0.000390183
0.000390007
0.000389694
0.000389237
0.000388636
0.000387888
0.000386993
0.000385954
0.000384776
0.000383468
0.000382027
0.00038047
0.000378774
0.000376963
0.00037501
0.000372953
0.000370755
0.000368457
0.000366022
0.000363503
0.00036077
0.000358159
0.000354844
0.000352523
0.000348217
0.000345875
0.000335104
0.000484435
0.000480666
0.00047694
0.000473256
0.000469612
0.000466007
0.000462441
0.000458913
0.000455421
0.000451964
0.000448542
0.000445153
0.000441796
0.000438471
0.000435176
0.00043191
0.000428671
0.00042546
0.000422273
0.000419112
0.000415974
0.000412858
0.000409765
0.000406693
0.000403641
0.000400609
0.000397596
0.000394601
0.000391624
0.000388663
0.000385718
0.000382787
0.000379872
0.000376969
0.00037408
0.000371203
0.000368336
0.000365479
0.00036263
0.000359787
0.000356952
0.000354121
0.000351297
0.00034848
0.000345669
0.000342864
0.000340066
0.000337273
0.000334486
0.000331704
0.000328926
0.000326153
0.000323382
0.000320616
0.00031785
0.000315092
0.000312326
0.000309553
0.000306775
0.000303994
0.000301208
0.000298419
0.000295627
0.000292847
0.000290076
0.000287312
0.000284552
0.000281797
0.000279045
0.000276297
0.00027355
0.000270808
0.000268066
0.000265331
0.000262593
0.000259868
0.000257148
0.000254441
0.000251742
0.000249054
0.000246371
0.000243703
0.000241034
0.000238362
0.000235687
0.000233015
0.000230345
0.000227682
0.000225026
0.000222379
0.000219742
0.000217117
0.000214505
0.000211909
0.000209326
0.000206766
0.000204218
0.0002017
0.000199202
0.000196717
0.000194263
0.000191838
0.000189443
0.000187078
0.000184744
0.000182441
0.000180171
0.000177934
0.000175732
0.000173567
0.000171438
0.000169349
0.000167298
0.00016529
0.000163323
0.000161401
0.000159522
0.00015769
0.000155905
0.000154168
0.000152481
0.000150843
0.000149258
0.000147724
0.000146243
0.000144817
0.000143444
0.000142126
0.000140864
0.000139658
0.000138508
0.000137415
0.000136379
0.000135401
0.00013448
0.000133616
0.00013281
0.000132061
0.000131371
0.000130737
0.00013016
0.00012964
0.000129177
0.00012877
0.000128418
0.000128121
0.000127878
0.000127689
0.000127553
0.00012747
0.000127437
0.000127456
0.000127523
0.00012764
0.000127804
0.000128015
0.000128271
0.000128573
0.000128917
0.000129304
0.000129732
0.000130201
0.000130708
0.000131254
0.000131836
0.000132453
0.000133105
0.00013379
0.000134507
0.000135256
0.000136034
0.00013684
0.000137675
0.000138536
0.000139423
0.000140335
0.000141271
0.000142229
0.000143209
0.00014421
0.000145231
0.000146271
0.00014733
0.000148407
0.0001495
0.000150609
0.000151734
0.000152874
0.000154028
0.000155195
0.000156375
0.000157567
0.000158771
0.000159986
0.000161212
0.000162448
0.000163694
0.000164949
0.000166213
0.000167485
0.000168765
0.000170053
0.000171349
0.000172651
0.00017396
0.000175276
0.000176597
0.000177925
0.000179258
0.000180597
0.000181941
0.00018329
0.000184645
0.000186004
0.000187368
0.000188736
0.000190109
0.000191486
0.000192868
0.000194253
0.000195643
0.000197036
0.000198434
0.000199835
0.00020124
0.000202648
0.000204061
0.000205477
0.000206897
0.00020832
0.000209749
0.000211182
0.000212621
0.000214063
0.000215511
0.000216963
0.00021842
0.000219881
0.000221345
0.000222814
0.000224283
0.000225761
0.000227237
0.000228722
0.00023021
0.000231699
0.000233201
0.000234713
0.000236233
0.000237758
0.000239295
0.000240835
0.000242391
0.000243944
0.000245506
0.00024706
0.000248632
0.000250194
0.000251771
0.000253374
0.000254978
0.000256602
0.000258237
0.000259856
0.000261513
0.000263149
0.00026476
0.000266412
0.000268021
0.000269691
0.000271364
0.000273216
0.000274969
0.000276676
0.000278272
0.000280004
0.000281531
0.000283155
0.00028485
0.000286545
0.000288318
0.000290013
0.000291717
0.000293386
0.000295019
0.000296722
0.000298518
0.000300296
0.000302095
0.000303837
0.00030542
0.000307161
0.00030879
0.00031064
0.000312393
0.000314147
0.000315835
0.000317463
0.000319127
0.000320812
0.000322465
0.000324098
0.000325689
0.000327268
0.00032882
0.000330345
0.000331844
0.000333319
0.000334744
0.000336125
0.000337465
0.00033879
0.000340048
0.000341256
0.000342406
0.000343522
0.00034461
0.000345633
0.0003466
0.000347488
0.000348292
0.000348994
0.000349597
0.000350092
0.0003505
0.000350833
0.000351111
0.000351342
0.000351513
0.000351621
0.00035165
0.000351585
0.000351412
0.000351125
0.000350719
0.00035019
0.000349533
0.00034875
0.000347839
0.0003468
0.000345636
0.00034435
0.000342951
0.000341435
0.000339821
0.000338087
0.000336259
0.000334305
0.000332267
0.000330106
0.000327857
0.000325499
0.000323051
0.000320438
0.000317904
0.000314758
0.000312527
0.000308627
0.000306274
0.000295158
0.000373286
0.000369951
0.000366658
0.000363406
0.000360193
0.000357016
0.000353876
0.000350771
0.000347698
0.000344657
0.000341646
0.000338665
0.000335712
0.000332784
0.00032988
0.000326998
0.000324136
0.000321294
0.00031847
0.000315664
0.000312877
0.000310107
0.000307354
0.000304618
0.000301898
0.000299193
0.000296503
0.000293826
0.000291162
0.00028851
0.00028587
0.000283239
0.00028062
0.000278009
0.00027541
0.000272812
0.000270213
0.000267613
0.000265013
0.000262414
0.000259815
0.00025722
0.00025464
0.000252074
0.00024952
0.000246975
0.00024444
0.000241911
0.000239391
0.000236876
0.00023437
0.000231868
0.000229375
0.000226884
0.000224407
0.000221927
0.000219466
0.000217018
0.000214583
0.000212161
0.000209752
0.000207355
0.000204972
0.000202586
0.000200201
0.000197819
0.000195443
0.000193075
0.000190714
0.000188367
0.000186029
0.000183709
0.000181399
0.000179113
0.000176833
0.000174588
0.000172342
0.000170149
0.000167954
0.000165788
0.00016365
0.00016154
0.00015946
0.000157413
0.000155398
0.000153417
0.000151471
0.000149559
0.000147683
0.000145844
0.000144043
0.00014228
0.000140558
0.000138877
0.000137237
0.00013564
0.000134087
0.000132579
0.000131117
0.000129701
0.000128332
0.000127011
0.000125738
0.000124516
0.000123343
0.00012222
0.000121149
0.000120129
0.00011916
0.000118242
0.000117377
0.000116563
0.000115802
0.000115092
0.000114434
0.000113828
0.000113273
0.000112769
0.000112316
0.000111913
0.00011156
0.000111257
0.000111003
0.000110797
0.000110638
0.000110527
0.000110462
0.000110442
0.000110467
0.000110536
0.000110648
0.000110802
0.000110996
0.000111231
0.000111505
0.000111816
0.000112165
0.000112549
0.000112968
0.000113421
0.000113906
0.000114423
0.00011497
0.000115547
0.000116152
0.000116784
0.000117443
0.000118126
0.000118833
0.000119564
0.000120317
0.000121091
0.000121885
0.000122698
0.00012353
0.000124379
0.000125245
0.000126126
0.000127023
0.000127934
0.000128859
0.000129796
0.000130745
0.000131706
0.000132678
0.00013366
0.000134652
0.000135653
0.000136662
0.00013768
0.000138704
0.000139736
0.000140775
0.000141819
0.00014287
0.000143925
0.000144986
0.000146052
0.000147122
0.000148197
0.000149275
0.000150357
0.000151442
0.00015253
0.00015362
0.000154713
0.000155809
0.000156906
0.000158005
0.000159106
0.000160209
0.000161312
0.000162417
0.000163523
0.00016463
0.000165738
0.000166847
0.000167956
0.000169065
0.000170176
0.000171286
0.000172397
0.000173508
0.000174619
0.00017573
0.000176842
0.000177953
0.000179065
0.000180177
0.000181289
0.000182402
0.000183515
0.000184628
0.000185741
0.000186855
0.000187968
0.000189083
0.000190197
0.000191311
0.000192426
0.000193542
0.000194657
0.000195774
0.00019689
0.000198008
0.000199126
0.000200245
0.000201364
0.000202485
0.000203608
0.000204736
0.000205867
0.000206999
0.000208132
0.000209268
0.000210408
0.000211545
0.000212684
0.000213821
0.000214961
0.000216098
0.000217246
0.000218382
0.000219536
0.000220682
0.000221827
0.000223007
0.00022419
0.000225379
0.00022656
0.000227764
0.000228956
0.000230166
0.000231361
0.000232554
0.00023374
0.000234949
0.000236123
0.000237367
0.000238626
0.000239858
0.00024118
0.000242401
0.000243617
0.000244983
0.000246151
0.000247366
0.000248583
0.000249798
0.000251041
0.000252313
0.000253582
0.000254857
0.000256106
0.000257364
0.000258655
0.000259909
0.000261229
0.000262559
0.000263875
0.00026527
0.000266494
0.000267826
0.000269159
0.000270333
0.000271654
0.000273129
0.000274498
0.000275872
0.000277216
0.00027848
0.000279776
0.000281053
0.000282398
0.000283724
0.00028505
0.000286336
0.000287582
0.00028883
0.000290082
0.000291318
0.000292536
0.000293723
0.000294896
0.000296041
0.000297162
0.000298258
0.000299331
0.000300363
0.000301357
0.000302311
0.000303245
0.000304128
0.000304967
0.000305756
0.000306507
0.00030723
0.000307901
0.000308519
0.000309067
0.000309541
0.000309929
0.000310234
0.000310449
0.000310587
0.000310659
0.000310678
0.000310652
0.000310575
0.000310441
0.000310238
0.000309955
0.000309578
0.000309101
0.000308518
0.000307828
0.00030703
0.000306124
0.000305109
0.000303987
0.00030276
0.000301429
0.000300003
0.000298479
0.000296875
0.00029517
0.000293392
0.000291508
0.000289558
0.000287508
0.00028538
0.000283175
0.000280875
0.000278469
0.000276085
0.000273227
0.000271145
0.000267764
0.000265435
0.000254333
0.000263049
0.000260352
0.000257685
0.000255046
0.000252435
0.00024985
0.00024729
0.000244753
0.000242239
0.000239747
0.000237273
0.000234822
0.000232383
0.00022995
0.000227525
0.000225106
0.000222696
0.00022029
0.0002179
0.000215532
0.000213185
0.000210855
0.000208541
0.000206242
0.000203958
0.000201685
0.000199425
0.000197176
0.000194939
0.000192712
0.000190497
0.00018829
0.000186096
0.000183912
0.000181737
0.000179578
0.000177437
0.000175313
0.000173207
0.000171116
0.000169044
0.000166986
0.00016493
0.000162877
0.000160831
0.000158792
0.000156764
0.000154745
0.000152742
0.00015075
0.000148777
0.000146816
0.000144881
0.000142953
0.000141062
0.000139171
0.00013733
0.000135493
0.000133685
0.000131904
0.000130152
0.000128429
0.000126737
0.000125079
0.000123455
0.000121867
0.000120314
0.000118797
0.000117317
0.000115875
0.000114471
0.000113107
0.000111781
0.000110498
0.000109255
0.000108055
0.000106896
0.000105781
0.00010471
0.000103684
0.000102702
0.000101765
0.000100874
0.000100029
9.92303e-05
9.84782e-05
9.77726e-05
9.71139e-05
9.65018e-05
9.59364e-05
9.54175e-05
9.4945e-05
9.45185e-05
9.41379e-05
9.38028e-05
9.35127e-05
9.32672e-05
9.30658e-05
9.2908e-05
9.27932e-05
9.27207e-05
9.26898e-05
9.26999e-05
9.27501e-05
9.28397e-05
9.29679e-05
9.31337e-05
9.33364e-05
9.35749e-05
9.38483e-05
9.41558e-05
9.44962e-05
9.48685e-05
9.52719e-05
9.57051e-05
9.61672e-05
9.66572e-05
9.7174e-05
9.77166e-05
9.82838e-05
9.88748e-05
9.94883e-05
0.000100124
0.000100779
0.000101455
0.000102149
0.000102861
0.000103589
0.000104334
0.000105094
0.000105867
0.000106654
0.000107454
0.000108265
0.000109088
0.00010992
0.000110763
0.000111614
0.000112474
0.000113341
0.000114216
0.000115097
0.000115985
0.000116878
0.000117776
0.000118679
0.000119586
0.000120496
0.000121411
0.000122328
0.000123248
0.00012417
0.000125094
0.00012602
0.000126947
0.000127876
0.000128805
0.000129735
0.000130665
0.000131595
0.000132525
0.000133455
0.000134385
0.000135314
0.000136242
0.000137168
0.000138094
0.000139019
0.000139942
0.000140863
0.000141782
0.0001427
0.000143616
0.00014453
0.000145442
0.000146352
0.000147261
0.000148167
0.000149072
0.000149975
0.000150875
0.000151774
0.00015267
0.000153564
0.000154456
0.000155345
0.000156232
0.000157117
0.000157999
0.000158879
0.000159757
0.000160633
0.000161506
0.000162377
0.000163245
0.000164112
0.000164976
0.000165838
0.000166698
0.000167556
0.000168412
0.000169265
0.000170116
0.000170966
0.000171814
0.00017266
0.000173504
0.000174348
0.00017519
0.00017603
0.00017687
0.000177708
0.000178545
0.00017938
0.000180214
0.000181046
0.000181878
0.000182707
0.000183537
0.000184365
0.000185193
0.00018602
0.000186847
0.000187673
0.000188498
0.000189322
0.000190146
0.00019097
0.000191798
0.000192633
0.000193471
0.000194309
0.000195145
0.000195975
0.000196815
0.00019765
0.000198476
0.000199301
0.000200126
0.00020095
0.000201774
0.000202611
0.000203432
0.000204277
0.000205105
0.000205933
0.000206861
0.000207734
0.000208633
0.00020946
0.0002104
0.000211226
0.000212133
0.000212963
0.000213812
0.000214664
0.000215505
0.000216331
0.000217198
0.000218048
0.000218922
0.000219814
0.000220709
0.000221595
0.000222496
0.000223398
0.000224311
0.000225237
0.00022615
0.000227075
0.000228032
0.000228856
0.000229809
0.000230659
0.000231635
0.000232601
0.000233462
0.000234532
0.000235518
0.000236478
0.00023748
0.000238432
0.00023937
0.000240316
0.000241218
0.000242169
0.000243171
0.000244154
0.000245138
0.000246109
0.000247038
0.000247962
0.000248879
0.000249819
0.000250755
0.000251691
0.000252603
0.000253487
0.000254362
0.000255232
0.000256089
0.000256931
0.000257749
0.000258553
0.00025933
0.000260086
0.000260819
0.00026153
0.000262208
0.000262852
0.00026346
0.000264046
0.000264593
0.000265103
0.00026557
0.000266
0.000266402
0.000266761
0.000267074
0.000267328
0.000267518
0.000267638
0.000267687
0.000267665
0.000267578
0.000267434
0.000267242
0.000267009
0.000266734
0.000266411
0.00026603
0.000265583
0.000265056
0.000264445
0.000263746
0.000262958
0.000262079
0.000261113
0.000260059
0.000258919
0.000257693
0.000256385
0.000255
0.000253537
0.000252012
0.000250406
0.000248748
0.000247005
0.000245213
0.000243345
0.000241411
0.000239435
0.000237357
0.00023524
0.00023308
0.000230623
0.000228751
0.000225921
0.000223742
0.000213049
0.00016291
0.000160896
0.000158902
0.000156928
0.000154972
0.000153033
0.000151112
0.000149207
0.000147318
0.000145445
0.000143588
0.000141746
0.000139921
0.000138121
0.000136342
0.000134587
0.000132849
0.000131137
0.000129438
0.000127744
0.000126057
0.000124379
0.000122713
0.000121058
0.000119417
0.000117789
0.000116179
0.000114583
0.000113009
0.000111447
0.000109914
0.000108391
0.000106903
0.000105421
0.000103982
0.000102555
0.000101154
9.97821e-05
9.84385e-05
9.71237e-05
9.5839e-05
9.45848e-05
9.33655e-05
9.21802e-05
9.10305e-05
8.99153e-05
8.88366e-05
8.77931e-05
8.67872e-05
8.58173e-05
8.48861e-05
8.39915e-05
8.31367e-05
8.23193e-05
8.15424e-05
8.08039e-05
8.01057e-05
7.94477e-05
7.88296e-05
7.8252e-05
7.77148e-05
7.72184e-05
7.67624e-05
7.63473e-05
7.59726e-05
7.56387e-05
7.53451e-05
7.50918e-05
7.48783e-05
7.47045e-05
7.45699e-05
7.44742e-05
7.44168e-05
7.43974e-05
7.44151e-05
7.44696e-05
7.45602e-05
7.46861e-05
7.48468e-05
7.50413e-05
7.5269e-05
7.55291e-05
7.58206e-05
7.61427e-05
7.64946e-05
7.68753e-05
7.72838e-05
7.77193e-05
7.81807e-05
7.86671e-05
7.91776e-05
7.97109e-05
8.02663e-05
8.08427e-05
8.14391e-05
8.20545e-05
8.2688e-05
8.33385e-05
8.40051e-05
8.46869e-05
8.53829e-05
8.60923e-05
8.68141e-05
8.75475e-05
8.82918e-05
8.9046e-05
8.98094e-05
9.05813e-05
9.1361e-05
9.21478e-05
9.29411e-05
9.37402e-05
9.45445e-05
9.53535e-05
9.61666e-05
9.69833e-05
9.78032e-05
9.86257e-05
9.94505e-05
0.000100277
0.000101105
0.000101934
0.000102764
0.000103594
0.000104424
0.000105253
0.000106082
0.00010691
0.000107737
0.000108563
0.000109388
0.00011021
0.000111031
0.00011185
0.000112666
0.00011348
0.000114292
0.000115101
0.000115907
0.000116709
0.000117509
0.000118306
0.000119099
0.000119889
0.000120676
0.000121459
0.000122238
0.000123013
0.000123785
0.000124553
0.000125317
0.000126077
0.000126833
0.000127586
0.000128334
0.000129078
0.000129818
0.000130554
0.000131286
0.000132014
0.000132738
0.000133458
0.000134174
0.000134886
0.000135593
0.000136297
0.000136997
0.000137692
0.000138383
0.000139071
0.000139754
0.000140433
0.000141108
0.00014178
0.000142448
0.000143113
0.000143775
0.000144434
0.00014509
0.000145743
0.000146392
0.000147038
0.000147681
0.000148321
0.000148956
0.000149589
0.000150219
0.000150845
0.000151469
0.000152089
0.000152707
0.000153322
0.000153934
0.000154544
0.00015515
0.000155755
0.000156356
0.000156955
0.000157551
0.000158145
0.000158736
0.000159325
0.000159911
0.000160497
0.000161079
0.000161662
0.000162243
0.000162824
0.000163402
0.000163976
0.000164552
0.000165125
0.000165696
0.000166263
0.00016683
0.000167395
0.000167959
0.000168522
0.000169084
0.000169645
0.000170206
0.000170765
0.000171323
0.00017188
0.000172435
0.00017299
0.000173542
0.000174107
0.000174672
0.00017526
0.000175839
0.000176407
0.000176977
0.000177511
0.000178103
0.000178633
0.000179168
0.000179708
0.000180255
0.000180793
0.000181341
0.000181906
0.000182452
0.000183005
0.00018355
0.000184085
0.000184652
0.000185229
0.000185807
0.000186377
0.000186958
0.000187532
0.000188114
0.000188687
0.000189258
0.00018981
0.000190361
0.000190908
0.000191521
0.000192021
0.000192654
0.000193269
0.000193868
0.000194478
0.000195062
0.000195687
0.000196349
0.000196981
0.000197602
0.000198227
0.000198863
0.000199463
0.000200065
0.000200655
0.000201265
0.000201892
0.000202506
0.000203171
0.000203828
0.000204467
0.000205125
0.00020577
0.000206395
0.000207014
0.000207616
0.000208235
0.000208872
0.000209507
0.000210145
0.000210776
0.000211386
0.000211981
0.00021257
0.000213162
0.000213754
0.000214343
0.000214918
0.000215473
0.000216015
0.000216548
0.000217069
0.000217577
0.000218066
0.000218542
0.000218994
0.000219428
0.00021984
0.000220233
0.000220599
0.000220937
0.000221244
0.000221529
0.000221785
0.000222009
0.000222198
0.000222354
0.000222485
0.000222582
0.00022264
0.00022265
0.000222608
0.00022251
0.000222356
0.000222147
0.000221885
0.000221576
0.000221228
0.000220846
0.00022043
0.000219975
0.000219476
0.000218925
0.000218311
0.000217629
0.000216878
0.000216057
0.000215166
0.000214207
0.000213181
0.00021209
0.000210935
0.000209718
0.000208444
0.000207111
0.000205736
0.000204298
0.000202829
0.000201295
0.000199729
0.000198115
0.000196441
0.000194765
0.000192977
0.000191222
0.000189358
0.00018739
0.000185784
0.00018355
0.000181649
0.000171786
8.40381e-05
8.28314e-05
8.16405e-05
8.04679e-05
7.93128e-05
7.81784e-05
7.70629e-05
7.59704e-05
7.48978e-05
7.38507e-05
7.28239e-05
7.18292e-05
7.08479e-05
6.98975e-05
6.89742e-05
6.80774e-05
6.72095e-05
6.63688e-05
6.55589e-05
6.47806e-05
6.40348e-05
6.33207e-05
6.26396e-05
6.19903e-05
6.13744e-05
6.07906e-05
6.02408e-05
5.97232e-05
5.924e-05
5.87893e-05
5.83733e-05
5.79901e-05
5.76415e-05
5.73261e-05
5.7045e-05
5.67977e-05
5.65841e-05
5.64041e-05
5.62579e-05
5.6145e-05
5.60656e-05
5.6019e-05
5.60055e-05
5.60244e-05
5.60757e-05
5.61588e-05
5.62736e-05
5.64194e-05
5.6596e-05
5.68026e-05
5.70388e-05
5.7304e-05
5.75976e-05
5.79189e-05
5.82671e-05
5.86417e-05
5.90418e-05
5.94667e-05
5.99154e-05
6.03873e-05
6.08814e-05
6.13969e-05
6.19329e-05
6.24884e-05
6.30626e-05
6.36545e-05
6.42632e-05
6.48878e-05
6.55273e-05
6.61808e-05
6.68474e-05
6.75261e-05
6.82161e-05
6.89165e-05
6.96265e-05
7.03451e-05
7.10716e-05
7.18052e-05
7.25451e-05
7.32905e-05
7.40409e-05
7.47954e-05
7.55535e-05
7.63144e-05
7.70778e-05
7.78429e-05
7.86094e-05
7.93766e-05
8.01443e-05
8.09117e-05
8.16789e-05
8.2445e-05
8.32102e-05
8.39737e-05
8.47357e-05
8.54955e-05
8.62531e-05
8.70081e-05
8.77606e-05
8.851e-05
8.92565e-05
8.99996e-05
9.07392e-05
9.14753e-05
9.22077e-05
9.29364e-05
9.36612e-05
9.43821e-05
9.50988e-05
9.58114e-05
9.65197e-05
9.72236e-05
9.7923e-05
9.86179e-05
9.9308e-05
9.99935e-05
0.000100674
0.00010135
0.00010202
0.000102686
0.000103347
0.000104002
0.000104652
0.000105297
0.000105937
0.000106571
0.0001072
0.000107824
0.000108442
0.000109056
0.000109664
0.000110268
0.000110866
0.000111459
0.000112047
0.00011263
0.000113208
0.000113781
0.000114349
0.000114912
0.00011547
0.000116023
0.000116571
0.000117115
0.000117653
0.000118187
0.000118716
0.00011924
0.00011976
0.000120275
0.000120786
0.000121292
0.000121793
0.000122291
0.000122783
0.000123272
0.000123756
0.000124236
0.000124712
0.000125184
0.000125652
0.000126116
0.000126576
0.000127032
0.000127484
0.000127932
0.000128376
0.000128817
0.000129254
0.000129687
0.000130115
0.000130541
0.000130963
0.000131382
0.000131799
0.000132214
0.000132626
0.000133038
0.000133445
0.000133852
0.000134254
0.000134654
0.00013505
0.000135442
0.000135832
0.00013622
0.000136605
0.000136988
0.000137368
0.000137747
0.000138123
0.000138496
0.000138868
0.000139238
0.000139604
0.000139969
0.000140331
0.000140691
0.000141049
0.000141405
0.000141758
0.00014211
0.000142461
0.000142811
0.000143161
0.000143516
0.000143866
0.000144214
0.000144559
0.000144892
0.000145249
0.000145578
0.000145917
0.000146247
0.000146582
0.000146916
0.000147248
0.00014758
0.000147911
0.000148241
0.000148571
0.000148898
0.000149223
0.000149546
0.000149868
0.00015019
0.000150509
0.000150826
0.000151144
0.000151465
0.00015179
0.000152109
0.000152433
0.000152743
0.000153076
0.000153357
0.000153666
0.000153956
0.000154272
0.000154532
0.000154839
0.000155203
0.000155528
0.000155855
0.000156178
0.000156485
0.000156815
0.000157162
0.000157506
0.000157845
0.000158186
0.000158526
0.000158868
0.000159213
0.000159551
0.00015989
0.000160212
0.000160528
0.000160868
0.000161178
0.000161509
0.000161843
0.000162181
0.000162524
0.000162861
0.000163223
0.000163596
0.000163965
0.000164326
0.000164686
0.00016505
0.000165402
0.000165741
0.000166079
0.000166415
0.000166758
0.000167103
0.000167465
0.00016783
0.000168187
0.000168551
0.000168912
0.000169261
0.0001696
0.000169928
0.000170259
0.000170595
0.000170932
0.00017127
0.000171605
0.000171928
0.000172237
0.000172538
0.000172836
0.000173132
0.000173424
0.000173706
0.000173973
0.000174229
0.000174473
0.000174707
0.000174929
0.000175137
0.000175332
0.000175509
0.000175669
0.000175812
0.000175938
0.000176043
0.000176126
0.000176183
0.000176222
0.000176238
0.00017623
0.000176196
0.000176134
0.000176051
0.000175943
0.000175804
0.00017563
0.000175415
0.000175159
0.000174862
0.000174524
0.000174147
0.000173736
0.000173293
0.000172826
0.000172334
0.000171815
0.000171263
0.000170674
0.00017004
0.000169357
0.000168623
0.000167839
0.000167005
0.000166124
0.000165196
0.000164224
0.000163208
0.00016215
0.000161054
0.000159918
0.000158759
0.000157554
0.000156338
0.000155076
0.000153797
0.000152496
0.00015114
0.000149824
0.000148383
0.000147046
0.000145543
0.000144101
0.000142815
0.000141227
0.00013969
0.00013115
3.93837e-05
3.91999e-05
3.90426e-05
3.8912e-05
3.88081e-05
3.87309e-05
3.86802e-05
3.86563e-05
3.86587e-05
3.86876e-05
3.87427e-05
3.88239e-05
3.8931e-05
3.90636e-05
3.92218e-05
3.94052e-05
3.96135e-05
3.98464e-05
4.01036e-05
4.03848e-05
4.06897e-05
4.10177e-05
4.13684e-05
4.17414e-05
4.21362e-05
4.25522e-05
4.29889e-05
4.34457e-05
4.39219e-05
4.44168e-05
4.49299e-05
4.54604e-05
4.60075e-05
4.65705e-05
4.71487e-05
4.77411e-05
4.83471e-05
4.89658e-05
4.95963e-05
5.02378e-05
5.08895e-05
5.15505e-05
5.222e-05
5.28972e-05
5.35812e-05
5.42712e-05
5.49664e-05
5.56661e-05
5.63695e-05
5.70759e-05
5.77845e-05
5.84948e-05
5.9206e-05
5.99176e-05
6.06289e-05
6.13395e-05
6.20489e-05
6.27565e-05
6.34619e-05
6.41648e-05
6.48648e-05
6.55616e-05
6.62548e-05
6.69441e-05
6.76295e-05
6.83106e-05
6.89872e-05
6.96592e-05
7.03266e-05
7.0989e-05
7.16465e-05
7.2299e-05
7.29463e-05
7.35885e-05
7.42255e-05
7.48572e-05
7.54836e-05
7.61046e-05
7.67204e-05
7.73307e-05
7.79356e-05
7.85351e-05
7.91292e-05
7.97177e-05
8.03009e-05
8.08784e-05
8.14506e-05
8.2017e-05
8.25782e-05
8.31334e-05
8.36834e-05
8.42275e-05
8.47663e-05
8.52993e-05
8.58271e-05
8.63489e-05
8.68655e-05
8.73761e-05
8.78815e-05
8.83808e-05
8.88749e-05
8.9363e-05
8.98452e-05
9.03233e-05
9.07951e-05
9.12628e-05
9.17241e-05
9.21813e-05
9.26319e-05
9.30785e-05
9.35185e-05
9.39546e-05
9.4384e-05
9.48096e-05
9.52284e-05
9.56435e-05
9.60517e-05
9.64565e-05
9.68544e-05
9.72494e-05
9.76373e-05
9.80223e-05
9.84001e-05
9.87748e-05
9.91424e-05
9.95065e-05
9.9865e-05
0.00010022
0.000100571
0.000100918
0.00010126
0.000101599
0.000101933
0.000102263
0.000102588
0.00010291
0.000103228
0.000103541
0.000103851
0.000104157
0.000104458
0.000104757
0.000105051
0.000105342
0.000105629
0.000105913
0.000106192
0.000106469
0.000106742
0.000107012
0.000107278
0.000107542
0.000107801
0.000108059
0.000108312
0.000108564
0.000108811
0.000109056
0.000109298
0.000109538
0.000109774
0.000110008
0.000110239
0.000110467
0.000110693
0.000110916
0.000111136
0.000111356
0.000111571
0.000111784
0.000111992
0.000112198
0.000112403
0.000112608
0.000112808
0.000113021
0.000113217
0.00011343
0.000113621
0.000113829
0.000114015
0.000114214
0.000114398
0.000114586
0.000114772
0.000114958
0.000115142
0.000115324
0.000115505
0.000115684
0.000115862
0.000116039
0.000116214
0.000116386
0.000116556
0.000116724
0.00011689
0.000117055
0.000117217
0.000117379
0.000117539
0.000117699
0.000117854
0.00011801
0.00011816
0.000118316
0.000118459
0.000118605
0.000118759
0.000118903
0.000119052
0.000119198
0.000119343
0.000119485
0.000119627
0.000119767
0.000119907
0.000120045
0.000120183
0.00012032
0.000120456
0.000120593
0.000120733
0.000120874
0.000121014
0.000121155
0.000121295
0.000121433
0.000121571
0.000121708
0.000121847
0.000121983
0.000122123
0.000122256
0.000122395
0.000122528
0.000122654
0.000122778
0.000122904
0.00012302
0.000123145
0.00012328
0.000123406
0.000123536
0.000123666
0.000123788
0.000123922
0.000124064
0.000124205
0.000124343
0.000124481
0.00012462
0.000124757
0.0001249
0.000125035
0.000125176
0.000125308
0.000125432
0.000125562
0.000125681
0.000125802
0.000125921
0.000126044
0.000126171
0.000126299
0.000126438
0.000126582
0.000126727
0.000126869
0.000127008
0.000127147
0.000127281
0.000127405
0.000127525
0.000127641
0.000127756
0.000127873
0.000127996
0.000128122
0.000128244
0.000128368
0.00012849
0.000128606
0.000128713
0.000128811
0.000128906
0.000129001
0.000129095
0.000129189
0.000129281
0.000129365
0.000129439
0.000129505
0.000129565
0.000129622
0.000129674
0.00012972
0.000129754
0.000129778
0.000129793
0.000129799
0.000129795
0.00012978
0.000129755
0.000129717
0.000129665
0.000129601
0.000129523
0.000129431
0.000129322
0.000129195
0.000129053
0.000128897
0.000128724
0.000128532
0.00012832
0.000128093
0.000127848
0.000127584
0.000127296
0.000126981
0.000126638
0.000126268
0.000125871
0.000125449
0.000125005
0.00012454
0.00012406
0.000123565
0.000123053
0.000122522
0.000121968
0.000121386
0.000120773
0.000120128
0.000119452
0.000118746
0.000118011
0.00011725
0.000116462
0.000115649
0.000114813
0.000113956
0.000113076
0.000112189
0.000111272
0.00011036
0.000109418
0.000108471
0.000107527
0.00010653
0.000105612
0.000104552
0.00010366
0.00010256
0.000101634
0.000100697
9.98011e-05
9.86546e-05
9.20188e-05
3.39515e-05
3.44735e-05
3.50053e-05
3.55461e-05
3.60958e-05
3.66533e-05
3.72187e-05
3.77907e-05
3.83695e-05
3.89535e-05
3.95431e-05
4.01364e-05
4.07343e-05
4.13347e-05
4.19382e-05
4.25431e-05
4.31486e-05
4.37559e-05
4.43622e-05
4.49683e-05
4.55724e-05
4.61743e-05
4.67736e-05
4.73698e-05
4.79624e-05
4.85511e-05
4.91353e-05
4.97149e-05
5.02895e-05
5.08587e-05
5.14224e-05
5.19804e-05
5.25326e-05
5.30786e-05
5.36186e-05
5.41523e-05
5.46797e-05
5.52009e-05
5.57158e-05
5.62245e-05
5.67269e-05
5.72231e-05
5.77132e-05
5.81973e-05
5.86754e-05
5.91477e-05
5.96141e-05
6.00748e-05
6.053e-05
6.09796e-05
6.14238e-05
6.18626e-05
6.22962e-05
6.27245e-05
6.31477e-05
6.35658e-05
6.39788e-05
6.43869e-05
6.479e-05
6.51882e-05
6.55814e-05
6.59699e-05
6.63534e-05
6.67321e-05
6.71059e-05
6.74749e-05
6.7839e-05
6.81983e-05
6.85528e-05
6.89025e-05
6.92473e-05
6.95874e-05
6.99226e-05
7.02531e-05
7.05788e-05
7.08997e-05
7.12158e-05
7.15273e-05
7.18341e-05
7.21361e-05
7.24336e-05
7.27264e-05
7.30147e-05
7.32984e-05
7.35778e-05
7.38525e-05
7.4123e-05
7.43889e-05
7.46509e-05
7.49081e-05
7.51616e-05
7.54104e-05
7.56566e-05
7.5898e-05
7.61359e-05
7.6369e-05
7.65988e-05
7.68238e-05
7.70458e-05
7.72626e-05
7.74744e-05
7.7687e-05
7.78882e-05
7.81045e-05
7.82965e-05
7.85057e-05
7.86894e-05
7.88916e-05
7.90674e-05
7.92628e-05
7.94312e-05
7.96198e-05
7.97811e-05
7.99619e-05
8.01162e-05
8.02903e-05
8.04372e-05
8.06078e-05
8.07473e-05
8.09148e-05
8.10477e-05
8.12086e-05
8.13346e-05
8.14859e-05
8.16064e-05
8.17459e-05
8.18669e-05
8.19989e-05
8.21223e-05
8.22492e-05
8.23675e-05
8.24896e-05
8.26028e-05
8.27201e-05
8.28286e-05
8.29414e-05
8.30452e-05
8.31536e-05
8.32529e-05
8.33571e-05
8.34521e-05
8.35523e-05
8.36431e-05
8.37394e-05
8.38263e-05
8.39189e-05
8.40018e-05
8.40909e-05
8.417e-05
8.42557e-05
8.43313e-05
8.44137e-05
8.44858e-05
8.45651e-05
8.46338e-05
8.47101e-05
8.47756e-05
8.4849e-05
8.49114e-05
8.4982e-05
8.50415e-05
8.51093e-05
8.51659e-05
8.52311e-05
8.52848e-05
8.53473e-05
8.5398e-05
8.54567e-05
8.55033e-05
8.55533e-05
8.55939e-05
8.56366e-05
8.5681e-05
8.57263e-05
8.57716e-05
8.58171e-05
8.58617e-05
8.59061e-05
8.59492e-05
8.59917e-05
8.60328e-05
8.60728e-05
8.61114e-05
8.61486e-05
8.61848e-05
8.62199e-05
8.62542e-05
8.62876e-05
8.63201e-05
8.63517e-05
8.63825e-05
8.64123e-05
8.64413e-05
8.64707e-05
8.64995e-05
8.65281e-05
8.65557e-05
8.65829e-05
8.66087e-05
8.66344e-05
8.66581e-05
8.66823e-05
8.67037e-05
8.67259e-05
8.67447e-05
8.67644e-05
8.67817e-05
8.6797e-05
8.6813e-05
8.68263e-05
8.68403e-05
8.68536e-05
8.68662e-05
8.68776e-05
8.68883e-05
8.68979e-05
8.69067e-05
8.69145e-05
8.69216e-05
8.69277e-05
8.69332e-05
8.69372e-05
8.6941e-05
8.69442e-05
8.69473e-05
8.69497e-05
8.69519e-05
8.69528e-05
8.69533e-05
8.69521e-05
8.69513e-05
8.69482e-05
8.69464e-05
8.69419e-05
8.69374e-05
8.69335e-05
8.69251e-05
8.69157e-05
8.69036e-05
8.6889e-05
8.68754e-05
8.68645e-05
8.68501e-05
8.68366e-05
8.68242e-05
8.68099e-05
8.67995e-05
8.67906e-05
8.67816e-05
8.67707e-05
8.67595e-05
8.67482e-05
8.67357e-05
8.67256e-05
8.67111e-05
8.66984e-05
8.66819e-05
8.66608e-05
8.66385e-05
8.66103e-05
8.65802e-05
8.65466e-05
8.65146e-05
8.6484e-05
8.64554e-05
8.64301e-05
8.64075e-05
8.63862e-05
8.63628e-05
8.63366e-05
8.63083e-05
8.62763e-05
8.62381e-05
8.61952e-05
8.61483e-05
8.60982e-05
8.60473e-05
8.59983e-05
8.59506e-05
8.59008e-05
8.58498e-05
8.57968e-05
8.57398e-05
8.56764e-05
8.56061e-05
8.55312e-05
8.54541e-05
8.53751e-05
8.52955e-05
8.52134e-05
8.51273e-05
8.5034e-05
8.49346e-05
8.48296e-05
8.47212e-05
8.46088e-05
8.44922e-05
8.43681e-05
8.4237e-05
8.40989e-05
8.39542e-05
8.38031e-05
8.36449e-05
8.34801e-05
8.3307e-05
8.31249e-05
8.2935e-05
8.27369e-05
8.25302e-05
8.23132e-05
8.20858e-05
8.18497e-05
8.16056e-05
8.13517e-05
8.10876e-05
8.08115e-05
8.05276e-05
8.02336e-05
7.993e-05
7.9614e-05
7.92834e-05
7.89383e-05
7.85791e-05
7.82068e-05
7.78212e-05
7.74247e-05
7.70187e-05
7.6606e-05
7.6187e-05
7.57619e-05
7.53287e-05
7.48853e-05
7.44285e-05
7.39575e-05
7.3471e-05
7.29706e-05
7.24565e-05
7.19305e-05
7.13929e-05
7.08447e-05
7.02866e-05
6.97195e-05
6.91456e-05
6.85617e-05
6.79833e-05
6.73854e-05
6.68049e-05
6.6205e-05
6.56098e-05
6.50336e-05
6.44057e-05
6.38812e-05
6.32059e-05
6.27354e-05
6.20386e-05
6.1567e-05
6.09608e-05
6.06151e-05
5.99281e-05
5.5926e-05
4.25765e-05
4.28527e-05
4.31216e-05
4.33838e-05
4.36398e-05
4.38898e-05
4.41338e-05
4.43719e-05
4.46043e-05
4.4831e-05
4.50522e-05
4.52679e-05
4.54825e-05
4.56893e-05
4.58911e-05
4.60901e-05
4.62743e-05
4.64802e-05
4.66547e-05
4.68409e-05
4.70091e-05
4.71798e-05
4.73474e-05
4.7512e-05
4.76737e-05
4.78327e-05
4.79891e-05
4.8143e-05
4.82947e-05
4.84441e-05
4.85913e-05
4.87364e-05
4.88795e-05
4.90205e-05
4.91596e-05
4.92966e-05
4.94317e-05
4.95647e-05
4.96958e-05
4.98248e-05
4.99518e-05
5.00767e-05
5.01995e-05
5.03202e-05
5.04388e-05
5.05552e-05
5.06695e-05
5.07816e-05
5.08914e-05
5.09991e-05
5.11046e-05
5.12079e-05
5.13091e-05
5.1408e-05
5.15049e-05
5.15995e-05
5.16921e-05
5.17826e-05
5.18709e-05
5.19573e-05
5.20415e-05
5.21239e-05
5.22041e-05
5.22826e-05
5.23588e-05
5.24335e-05
5.25054e-05
5.25762e-05
5.26454e-05
5.27125e-05
5.27776e-05
5.28408e-05
5.29023e-05
5.29619e-05
5.30197e-05
5.30758e-05
5.313e-05
5.31825e-05
5.32333e-05
5.32823e-05
5.33296e-05
5.33752e-05
5.34191e-05
5.34613e-05
5.35018e-05
5.35407e-05
5.3578e-05
5.36136e-05
5.36477e-05
5.36801e-05
5.37112e-05
5.37405e-05
5.37686e-05
5.3795e-05
5.38201e-05
5.38437e-05
5.38661e-05
5.38869e-05
5.39065e-05
5.39246e-05
5.39416e-05
5.3957e-05
5.39711e-05
5.39843e-05
5.39962e-05
5.40072e-05
5.40169e-05
5.40258e-05
5.40332e-05
5.40398e-05
5.4045e-05
5.40495e-05
5.40524e-05
5.40547e-05
5.4055e-05
5.40568e-05
5.40511e-05
5.40617e-05
5.40451e-05
5.40674e-05
5.40429e-05
5.40642e-05
5.40348e-05
5.40535e-05
5.40203e-05
5.40362e-05
5.40003e-05
5.40144e-05
5.39766e-05
5.39892e-05
5.39495e-05
5.39606e-05
5.3919e-05
5.39287e-05
5.38852e-05
5.38936e-05
5.38484e-05
5.38555e-05
5.38086e-05
5.38146e-05
5.37661e-05
5.3771e-05
5.37209e-05
5.37248e-05
5.36731e-05
5.3676e-05
5.36227e-05
5.36248e-05
5.35699e-05
5.35713e-05
5.35148e-05
5.35153e-05
5.34575e-05
5.34572e-05
5.33979e-05
5.33968e-05
5.33361e-05
5.33343e-05
5.32721e-05
5.32696e-05
5.32059e-05
5.32026e-05
5.31376e-05
5.31335e-05
5.30671e-05
5.30619e-05
5.2994e-05
5.29857e-05
5.29168e-05
5.28893e-05
5.28244e-05
5.27832e-05
5.27435e-05
5.27039e-05
5.26643e-05
5.26242e-05
5.25835e-05
5.25421e-05
5.25001e-05
5.24575e-05
5.24144e-05
5.23707e-05
5.23263e-05
5.22813e-05
5.22356e-05
5.21892e-05
5.21423e-05
5.20946e-05
5.20464e-05
5.19976e-05
5.19482e-05
5.18982e-05
5.18474e-05
5.17968e-05
5.17457e-05
5.16948e-05
5.1643e-05
5.15912e-05
5.15384e-05
5.14853e-05
5.14311e-05
5.13768e-05
5.13211e-05
5.12653e-05
5.12081e-05
5.11502e-05
5.10916e-05
5.10318e-05
5.09713e-05
5.09095e-05
5.08477e-05
5.07847e-05
5.07214e-05
5.06571e-05
5.05925e-05
5.05267e-05
5.04606e-05
5.03933e-05
5.03257e-05
5.0257e-05
5.01874e-05
5.0117e-05
5.00462e-05
4.99746e-05
4.99023e-05
4.98291e-05
4.97553e-05
4.96805e-05
4.9605e-05
4.95282e-05
4.94509e-05
4.93723e-05
4.92933e-05
4.92132e-05
4.9132e-05
4.90508e-05
4.89678e-05
4.88841e-05
4.87982e-05
4.87103e-05
4.86201e-05
4.85298e-05
4.84376e-05
4.83452e-05
4.82527e-05
4.81599e-05
4.80671e-05
4.79734e-05
4.78794e-05
4.77844e-05
4.7689e-05
4.75929e-05
4.74956e-05
4.73984e-05
4.7299e-05
4.71988e-05
4.70969e-05
4.69926e-05
4.68863e-05
4.6777e-05
4.66658e-05
4.65521e-05
4.64383e-05
4.63245e-05
4.62112e-05
4.60982e-05
4.59858e-05
4.58733e-05
4.57594e-05
4.56431e-05
4.5525e-05
4.54043e-05
4.52805e-05
4.51532e-05
4.50237e-05
4.48915e-05
4.47583e-05
4.46249e-05
4.44917e-05
4.4357e-05
4.42211e-05
4.40839e-05
4.39448e-05
4.38022e-05
4.36559e-05
4.35064e-05
4.33551e-05
4.32024e-05
4.30493e-05
4.28945e-05
4.27383e-05
4.2579e-05
4.24166e-05
4.22511e-05
4.20839e-05
4.19146e-05
4.17435e-05
4.15689e-05
4.13914e-05
4.12106e-05
4.10271e-05
4.08409e-05
4.06521e-05
4.04605e-05
4.02659e-05
4.00678e-05
3.9867e-05
3.96632e-05
3.94567e-05
3.92464e-05
3.90329e-05
3.88165e-05
3.85981e-05
3.83765e-05
3.81526e-05
3.7925e-05
3.76959e-05
3.74638e-05
3.723e-05
3.6993e-05
3.67515e-05
3.65061e-05
3.6257e-05
3.60048e-05
3.57493e-05
3.54917e-05
3.52327e-05
3.49733e-05
3.47138e-05
3.44546e-05
3.41948e-05
3.39336e-05
3.36698e-05
3.34032e-05
3.31333e-05
3.28608e-05
3.25858e-05
3.23092e-05
3.20307e-05
3.17511e-05
3.14706e-05
3.11896e-05
3.09087e-05
3.06276e-05
3.03517e-05
3.00692e-05
2.97993e-05
2.95223e-05
2.92487e-05
2.89989e-05
2.87047e-05
2.84887e-05
2.81789e-05
2.79925e-05
2.76886e-05
2.75218e-05
2.72624e-05
2.71884e-05
2.68954e-05
2.55029e-05
3.05447e-05
3.04924e-05
3.04407e-05
3.03895e-05
3.03388e-05
3.02885e-05
3.02385e-05
3.01889e-05
3.01396e-05
3.00907e-05
3.00421e-05
2.99937e-05
2.99457e-05
2.9898e-05
2.98505e-05
2.98034e-05
2.97565e-05
2.97099e-05
2.96634e-05
2.96173e-05
2.95714e-05
2.95258e-05
2.94803e-05
2.94351e-05
2.93901e-05
2.93453e-05
2.93007e-05
2.92563e-05
2.92122e-05
2.91683e-05
2.91247e-05
2.90812e-05
2.90381e-05
2.89951e-05
2.89524e-05
2.891e-05
2.88678e-05
2.88258e-05
2.87841e-05
2.87426e-05
2.87013e-05
2.86603e-05
2.86195e-05
2.85789e-05
2.85385e-05
2.84983e-05
2.84584e-05
2.84186e-05
2.8379e-05
2.83396e-05
2.83003e-05
2.82613e-05
2.82224e-05
2.81836e-05
2.8145e-05
2.81065e-05
2.80682e-05
2.803e-05
2.7992e-05
2.79541e-05
2.79163e-05
2.78786e-05
2.7841e-05
2.78035e-05
2.77661e-05
2.77288e-05
2.76917e-05
2.76546e-05
2.76175e-05
2.75806e-05
2.75438e-05
2.7507e-05
2.74703e-05
2.74336e-05
2.7397e-05
2.73605e-05
2.7324e-05
2.72876e-05
2.72512e-05
2.72148e-05
2.71785e-05
2.71422e-05
2.71059e-05
2.70697e-05
2.70334e-05
2.69972e-05
2.6961e-05
2.69248e-05
2.68886e-05
2.68523e-05
2.68161e-05
2.67799e-05
2.67436e-05
2.67073e-05
2.66711e-05
2.66347e-05
2.65984e-05
2.6562e-05
2.65256e-05
2.64891e-05
2.64526e-05
2.6416e-05
2.63794e-05
2.63428e-05
2.63061e-05
2.62693e-05
2.62324e-05
2.61955e-05
2.61586e-05
2.61215e-05
2.60844e-05
2.60472e-05
2.601e-05
2.59726e-05
2.59352e-05
2.58976e-05
2.586e-05
2.58223e-05
2.57844e-05
2.57465e-05
2.57085e-05
2.56705e-05
2.56322e-05
2.55939e-05
2.55554e-05
2.55168e-05
2.5478e-05
2.54391e-05
2.53999e-05
2.53607e-05
2.53212e-05
2.52817e-05
2.52419e-05
2.5202e-05
2.51619e-05
2.51216e-05
2.50811e-05
2.50405e-05
2.49996e-05
2.49586e-05
2.49174e-05
2.4876e-05
2.48344e-05
2.47926e-05
2.47505e-05
2.47083e-05
2.46659e-05
2.46232e-05
2.45803e-05
2.45372e-05
2.44939e-05
2.44503e-05
2.44065e-05
2.43624e-05
2.43182e-05
2.42736e-05
2.42288e-05
2.41837e-05
2.41385e-05
2.40929e-05
2.40471e-05
2.40009e-05
2.39546e-05
2.39079e-05
2.3861e-05
2.38137e-05
2.37663e-05
2.37185e-05
2.36705e-05
2.36221e-05
2.35731e-05
2.35235e-05
2.34737e-05
2.34238e-05
2.33736e-05
2.33233e-05
2.32726e-05
2.32217e-05
2.31705e-05
2.3119e-05
2.30671e-05
2.3015e-05
2.29625e-05
2.29096e-05
2.28565e-05
2.2803e-05
2.27491e-05
2.26949e-05
2.26404e-05
2.25855e-05
2.25302e-05
2.24746e-05
2.24186e-05
2.23623e-05
2.23056e-05
2.22486e-05
2.21913e-05
2.21336e-05
2.20755e-05
2.20171e-05
2.19583e-05
2.18991e-05
2.18396e-05
2.17797e-05
2.17194e-05
2.16587e-05
2.15976e-05
2.15362e-05
2.14743e-05
2.1412e-05
2.13493e-05
2.12862e-05
2.12228e-05
2.11589e-05
2.10946e-05
2.10299e-05
2.09648e-05
2.08993e-05
2.08333e-05
2.0767e-05
2.07002e-05
2.06329e-05
2.05653e-05
2.04972e-05
2.04287e-05
2.03598e-05
2.02905e-05
2.02208e-05
2.01506e-05
2.00799e-05
2.00089e-05
1.99373e-05
1.98653e-05
1.97929e-05
1.97199e-05
1.96465e-05
1.95727e-05
1.94983e-05
1.94235e-05
1.93481e-05
1.92721e-05
1.91956e-05
1.91186e-05
1.90409e-05
1.89628e-05
1.88842e-05
1.88052e-05
1.87258e-05
1.86458e-05
1.85653e-05
1.84843e-05
1.84028e-05
1.83208e-05
1.82384e-05
1.81554e-05
1.8072e-05
1.79881e-05
1.79035e-05
1.78184e-05
1.77325e-05
1.76461e-05
1.75589e-05
1.74711e-05
1.73827e-05
1.72939e-05
1.72046e-05
1.71149e-05
1.70249e-05
1.69345e-05
1.68437e-05
1.67524e-05
1.66607e-05
1.65684e-05
1.64756e-05
1.63823e-05
1.62884e-05
1.61939e-05
1.6099e-05
1.60039e-05
1.59085e-05
1.58128e-05
1.57168e-05
1.56206e-05
1.55243e-05
1.54276e-05
1.53307e-05
1.52333e-05
1.51358e-05
1.50381e-05
1.49404e-05
1.48428e-05
1.47452e-05
1.46476e-05
1.455e-05
1.44523e-05
1.43548e-05
1.42574e-05
1.41603e-05
1.40634e-05
1.39667e-05
1.38702e-05
1.37741e-05
1.36784e-05
1.3583e-05
1.34882e-05
1.33938e-05
1.32999e-05
1.32066e-05
1.31139e-05
1.30218e-05
1.29304e-05
1.28396e-05
1.27497e-05
1.26606e-05
1.25724e-05
1.2485e-05
1.23986e-05
1.23132e-05
1.22288e-05
1.21454e-05
1.20629e-05
1.19812e-05
1.19005e-05
1.18209e-05
1.17423e-05
1.16649e-05
1.15887e-05
1.15138e-05
1.14403e-05
1.13681e-05
1.12973e-05
1.12279e-05
1.11597e-05
1.10927e-05
1.10267e-05
1.09617e-05
1.08974e-05
1.0834e-05
1.07713e-05
1.07095e-05
1.06485e-05
1.05882e-05
1.05281e-05
1.04698e-05
1.04097e-05
1.03524e-05
1.02922e-05
1.02341e-05
1.01736e-05
1.01143e-05
1.00511e-05
9.98859e-06
9.92146e-06
9.85118e-06
9.77763e-06
9.68671e-06
9.60649e-06
9.4409e-06
9.39248e-06
8.73533e-06
4.03382e-05
4.06973e-05
4.09248e-05
4.10116e-05
4.09734e-05
4.08586e-05
4.07213e-05
4.05689e-05
4.04079e-05
4.02422e-05
4.00723e-05
3.99001e-05
3.97299e-05
3.95608e-05
3.93913e-05
3.9223e-05
3.90559e-05
3.88912e-05
3.8729e-05
3.85698e-05
3.84134e-05
3.82601e-05
3.81091e-05
3.79621e-05
3.78162e-05
3.76724e-05
3.75363e-05
3.74019e-05
3.72704e-05
3.71374e-05
3.70042e-05
3.68764e-05
3.6748e-05
3.66209e-05
3.64979e-05
3.63711e-05
3.62469e-05
3.61235e-05
3.59978e-05
3.58768e-05
3.57459e-05
3.56315e-05
3.54943e-05
3.53923e-05
3.52361e-05
3.5181e-05
3.49834e-05
3.50557e-05
3.47394e-05
3.51387e-05
0.000331826
0.000339757
0.000338858
0.000336082
0.000331575
0.00032642
0.000321544
0.000316737
0.000312052
0.000307404
0.000302782
0.000298195
0.000293694
0.00028926
0.00028485
0.000280488
0.000276175
0.000271914
0.000267705
0.000263544
0.000259426
0.000255349
0.000251306
0.000247302
0.000243326
0.000239366
0.000235457
0.000231522
0.000227551
0.000223541
0.000219557
0.000215509
0.000211389
0.000207279
0.000203042
0.000198675
0.000194309
0.000189811
0.000185162
0.000180425
0.000175463
0.000170548
0.000165253
0.000160117
0.000154486
0.0001494
0.000143038
0.000139165
0.000129146
0.00012861
0.000734044
0.000751983
0.000756233
0.000755335
0.000749813
0.000741899
0.000733898
0.000725375
0.000716971
0.000708361
0.000699679
0.000690841
0.000682216
0.000673774
0.000665193
0.000656659
0.000648195
0.000639783
0.000631435
0.000623137
0.000614875
0.000606647
0.000598441
0.000590261
0.000582089
0.000573885
0.000565671
0.000557411
0.000549079
0.000540513
0.000532063
0.000523167
0.000514188
0.000505175
0.000495638
0.000485935
0.000476171
0.000465933
0.000455307
0.000444371
0.000432897
0.000421435
0.00040886
0.00039716
0.000383013
0.000372
0.000355078
0.000347374
0.00032332
0.000324501
0.00114573
0.00116881
0.00117805
0.00118034
0.00117624
0.00116793
0.00115914
0.0011486
0.00113833
0.00112734
0.00111607
0.001104
0.00109249
0.00108162
0.00106998
0.00105841
0.00104698
0.00103551
0.0010241
0.00101271
0.00100131
0.000989898
0.000978469
0.000967023
0.000955539
0.000943962
0.000932294
0.000920512
0.000908572
0.000896381
0.000884013
0.00087121
0.000858062
0.000844639
0.000830649
0.000816225
0.000801421
0.000785987
0.000769943
0.000753348
0.000735912
0.000718376
0.000699093
0.000681235
0.00065913
0.000642556
0.000615938
0.000603185
0.000568651
0.000569451
0.00154329
0.00156735
0.00158025
0.00158512
0.00158296
0.0015761
0.00156725
0.00155649
0.00154505
0.00153279
0.00152
0.00150652
0.00149312
0.00148003
0.00146604
0.00145231
0.00143896
0.00142527
0.00141168
0.00139802
0.00138428
0.00137047
0.00135657
0.0013426
0.00132853
0.00131429
0.00129987
0.00128525
0.00127036
0.00125516
0.00123956
0.00122343
0.00120677
0.00118961
0.00117174
0.00115323
0.00113408
0.00111411
0.00109331
0.00107173
0.00104903
0.00102607
0.00100089
0.000977332
0.000948471
0.000926156
0.000892162
0.000872735
0.000832107
0.000828252
0.00192068
0.00194382
0.00195843
0.00196447
0.00196389
0.0019584
0.00195008
0.00193958
0.00192785
0.00191507
0.00190154
0.00188731
0.00187284
0.00185833
0.00184321
0.00182801
0.00181273
0.00179746
0.00178239
0.0017671
0.00175162
0.00173598
0.00172019
0.00170424
0.00168812
0.00167175
0.00165512
0.00163818
0.00162086
0.0016031
0.00158479
0.00156582
0.00154615
0.00152576
0.00150453
0.00148245
0.0014595
0.00143554
0.00141055
0.00138457
0.00135722
0.00132939
0.00129905
0.0012702
0.00123561
0.00120751
0.0011679
0.00114084
0.00109711
0.0010856
0.00227557
0.00229711
0.0023112
0.00231777
0.00231824
0.0023139
0.00230629
0.00229623
0.00228455
0.0022716
0.00225772
0.0022431
0.00222803
0.00221271
0.00219687
0.0021808
0.00216454
0.00214803
0.00213161
0.00211522
0.00209846
0.00208143
0.00206417
0.00204667
0.00202891
0.00201083
0.00199239
0.00197353
0.00195417
0.00193426
0.00191363
0.0018922
0.00186992
0.00184674
0.00182254
0.00179731
0.00177103
0.00174356
0.00171485
0.00168496
0.00165348
0.00162129
0.00158638
0.00155266
0.00151316
0.0014794
0.00143537
0.00140049
0.00135525
0.00133444
0.00260693
0.00262631
0.00263913
0.00264562
0.00264662
0.00264308
0.00263616
0.00262663
0.00261523
0.00260238
0.00258843
0.00257362
0.00255822
0.0025424
0.0025261
0.00250947
0.00249257
0.00247541
0.00245809
0.00244064
0.00242302
0.00240495
0.00238655
0.00236783
0.00234876
0.00232929
0.00230936
0.0022889
0.00226782
0.00224605
0.00222343
0.00219987
0.0021753
0.00214966
0.00212286
0.00209485
0.0020656
0.00203502
0.00200301
0.00196963
0.00193448
0.00189836
0.00185941
0.00182121
0.00177747
0.00173828
0.00169065
0.00164817
0.00160224
0.00157134
0.00291487
0.00293179
0.00294308
0.00294901
0.00295011
0.00294705
0.00294067
0.00293167
0.00292065
0.00290806
0.00289425
0.00287947
0.00286397
0.00284791
0.00283134
0.00281435
0.00279704
0.00277942
0.00276157
0.00274342
0.00272501
0.00270623
0.00268695
0.00266726
0.00264715
0.00262654
0.00260537
0.00258356
0.00256102
0.00253765
0.0025133
0.00248788
0.0024613
0.00243349
0.00240437
0.00237389
0.00234202
0.00230865
0.00227371
0.00223721
0.00219878
0.00215912
0.00211657
0.00207425
0.0020268
0.0019825
0.00193186
0.00188219
0.00183588
0.00179473
0.00320051
0.00321495
0.00322459
0.00322967
0.00323052
0.00322762
0.00322158
0.00321297
0.00320231
0.00319002
0.00317642
0.00316177
0.00314631
0.00313018
0.0031135
0.00309634
0.00307878
0.00306086
0.00304263
0.00302405
0.00300506
0.00298567
0.00296577
0.00294533
0.00292439
0.00290285
0.00288066
0.00285771
0.00283392
0.00280917
0.00278332
0.00275626
0.0027279
0.00269816
0.00266697
0.00263429
0.00260006
0.00256422
0.00252665
0.00248736
0.00244598
0.00240313
0.00235736
0.00231127
0.00226056
0.00221147
0.00215826
0.00210191
0.00205519
0.00200406
0.00346537
0.00347735
0.00348528
0.00348931
0.00348966
0.00348667
0.00348079
0.00347246
0.00346211
0.00345011
0.00343676
0.00342231
0.00340697
0.00339089
0.00337419
0.00335695
0.00333924
0.00332113
0.00330263
0.00328372
0.00326435
0.00324437
0.00322401
0.00320298
0.00318135
0.00315904
0.00313597
0.00311204
0.00308716
0.00306121
0.00303404
0.00300553
0.00297559
0.00294414
0.00291111
0.00287646
0.00284014
0.00280207
0.00276215
0.00272034
0.00267632
0.00263058
0.00258191
0.00253237
0.00247875
0.00242524
0.00236978
0.00230727
0.00225989
0.00219934
0.00371048
0.00372016
0.00372639
0.0037293
0.003729
0.00372575
0.00371986
0.00371168
0.00370157
0.00368982
0.00367671
0.00366247
0.0036473
0.00363133
0.00361469
0.00359746
0.00357971
0.00356149
0.00354283
0.00352369
0.00350403
0.00348373
0.00346286
0.00344142
0.00341926
0.00339632
0.00337252
0.00334773
0.00332189
0.00329486
0.00326648
0.00323666
0.00320528
0.00317226
0.00313754
0.00310112
0.00306292
0.00302286
0.00298082
0.00293675
0.00289037
0.002842
0.00279072
0.00273801
0.0026818
0.00262419
0.00256677
0.0024986
0.00245009
0.00238092
0.00393717
0.00394474
0.00394937
0.00395113
0.0039501
0.00394646
0.00394044
0.0039323
0.00392233
0.00391078
0.00389788
0.00388385
0.00386886
0.00385303
0.00383649
0.00381932
0.00380159
0.00378333
0.00376457
0.00374527
0.00372541
0.00370487
0.00368362
0.00366176
0.00363921
0.00361575
0.00359135
0.00356585
0.00353917
0.00351117
0.00348173
0.00345072
0.00341805
0.00338362
0.00334738
0.00330933
0.0032694
0.0032275
0.00318352
0.00313739
0.00308885
0.00303812
0.00298447
0.00292887
0.00287034
0.00280893
0.00274955
0.00267634
0.0026263
0.00254951
0.00414677
0.00415244
0.00415557
0.00415621
0.00415443
0.00415033
0.00414408
0.00413589
0.00412598
0.00411457
0.00410184
0.00408799
0.00407317
0.0040575
0.00404108
0.004024
0.0040063
0.00398804
0.00396922
0.00394983
0.00392981
0.00390909
0.0038876
0.00386529
0.00384241
0.00381855
0.00379364
0.00376754
0.00374014
0.00371128
0.00368087
0.00364878
0.00361492
0.0035792
0.00354158
0.00350206
0.00346057
0.00341702
0.00337129
0.00332327
0.00327274
0.0032198
0.00316396
0.00310569
0.00304512
0.00298013
0.00291862
0.00284118
0.00278928
0.00270581
0.00434057
0.00434453
0.00434629
0.00434589
0.00434334
0.00433873
0.0043322
0.00432389
0.00431398
0.00430265
0.00429005
0.00427635
0.00426168
0.00424615
0.00422986
0.00421287
0.00419523
0.00417699
0.00415815
0.00413868
0.00411854
0.00409768
0.004076
0.00405345
0.0040301
0.00400591
0.00398058
0.00395397
0.00392593
0.00389633
0.00386503
0.00383194
0.00379699
0.00376008
0.00372118
0.00368031
0.00363741
0.00359234
0.00354501
0.0034953
0.00344295
0.003388
0.00333017
0.00326936
0.00320659
0.00313863
0.00307461
0.00299401
0.00293991
0.0028504
0.00451977
0.00452222
0.00452275
0.00452136
0.00451808
0.00451297
0.00450611
0.00449763
0.00448767
0.00447636
0.00446385
0.00445027
0.00443573
0.00442032
0.00440414
0.00438724
0.00436967
0.00435146
0.0043326
0.00431308
0.00429285
0.00427186
0.00425002
0.00422729
0.00420361
0.00417897
0.00415329
0.00412624
0.00409766
0.00406739
0.0040353
0.00400129
0.00396532
0.00392729
0.00388722
0.0038451
0.0038009
0.00375444
0.00370564
0.00365439
0.00360035
0.00354355
0.00348392
0.00342068
0.00335553
0.00328541
0.0032185
0.00313542
0.003079
0.00298395
0.00468549
0.00468661
0.00468603
0.00468375
0.00467979
0.00467417
0.00466698
0.0046583
0.00464825
0.00463693
0.00462447
0.00461097
0.00459652
0.00458122
0.00456514
0.00454832
0.00453081
0.00451262
0.00449376
0.00447419
0.00445389
0.00443278
0.0044108
0.00438789
0.00436397
0.00433896
0.00431285
0.00428543
0.00425637
0.0042255
0.00419269
0.00415785
0.00412092
0.00408185
0.00404067
0.0039974
0.00395201
0.00390426
0.00385411
0.00380146
0.00374581
0.00368732
0.00362559
0.00356044
0.00349297
0.00342113
0.00335128
0.00326611
0.0032073
0.00310714
0.00483874
0.00483869
0.00483714
0.00483406
0.00482947
0.00482338
0.00481586
0.00480696
0.0047968
0.00478544
0.00477299
0.00475954
0.00474518
0.00472996
0.00471395
0.0046972
0.00467974
0.00466158
0.0046427
0.0046231
0.00460272
0.0045815
0.00455939
0.00453631
0.00451217
0.00448689
0.00446039
0.0044325
0.00440303
0.00437163
0.00433816
0.00430257
0.00426475
0.00422467
0.00418247
0.00413811
0.00409163
0.00404268
0.00399129
0.0039374
0.00388014
0.00381965
0.00375623
0.00368955
0.00361989
0.0035464
0.00347372
0.00338681
0.0033256
0.00322065
0.00498044
0.00497938
0.00497697
0.00497319
0.00496803
0.00496151
0.00495367
0.00494456
0.00493427
0.00492285
0.0049104
0.00489698
0.00488266
0.00486751
0.00485156
0.00483487
0.00481744
0.00479929
0.0047804
0.00476076
0.0047403
0.00471898
0.00469673
0.00467348
0.00464913
0.0046236
0.00459679
0.00456851
0.00453854
0.00450667
0.00447259
0.00443631
0.00439767
0.00435663
0.00431347
0.00426807
0.00422062
0.00417053
0.00411801
0.00406258
0.00400369
0.00394189
0.00387685
0.00380867
0.00373704
0.00366195
0.0035866
0.00349813
0.00343456
0.00332519
0.00511139
0.00510946
0.00510631
0.00510192
0.00509626
0.00508935
0.00508122
0.00507192
0.0050615
0.00505002
0.00503754
0.00502413
0.00500985
0.00499474
0.00497884
0.00496219
0.00494478
0.00492664
0.00490773
0.00488804
0.00486751
0.00484608
0.00482369
0.00480027
0.00477571
0.00474993
0.00472283
0.00469421
0.00466389
0.00463146
0.00459677
0.00455987
0.00452045
0.0044785
0.00443448
0.00438804
0.00433974
0.00428858
0.00423455
0.0041778
0.00411778
0.00405466
0.00398814
0.00391851
0.00384508
0.00376844
0.00369064
0.00360067
0.00353478
0.00342141
0.0052323
0.00522964
0.00522587
0.00522095
0.00521487
0.00520763
0.00519924
0.00518976
0.00517922
0.00516767
0.00515517
0.00514176
0.0051275
0.00511242
0.00509656
0.00507993
0.00506254
0.00504439
0.00502546
0.00500572
0.00498511
0.00496358
0.00494105
0.00491745
0.00489268
0.00486665
0.00483926
0.00481032
0.00477964
0.00474674
0.00471156
0.004674
0.00463382
0.004591
0.00454623
0.00449873
0.00444931
0.00439713
0.00434208
0.00428416
0.00422299
0.00415863
0.00409073
0.00401972
0.00394464
0.00386651
0.00378649
0.00369503
0.00362685
0.0035099
0.00534378
0.00534053
0.00533624
0.00533089
0.00532445
0.00531693
0.00530833
0.00529869
0.00528805
0.00527645
0.00526392
0.00525052
0.00523627
0.00522122
0.00520538
0.00518877
0.00517139
0.00515323
0.00513427
0.00511447
0.00509378
0.00507214
0.00504947
0.00502569
0.00500072
0.00497444
0.00494676
0.0049175
0.00488648
0.00485317
0.00481746
0.00477921
0.00473836
0.00469486
0.00464906
0.00460085
0.00455039
0.00449725
0.00444121
0.00438221
0.00431995
0.00425442
0.00418523
0.00411291
0.00403629
0.00395673
0.00387468
0.00378178
0.00371131
0.00359124
0.00544638
0.00544264
0.00543793
0.00543224
0.00542552
0.00541778
0.00540902
0.00539926
0.00538854
0.0053769
0.00536436
0.00535096
0.00533673
0.0053217
0.00530589
0.0052893
0.00527192
0.00525375
0.00523476
0.0052149
0.00519413
0.00517238
0.00514957
0.00512562
0.00510044
0.00507391
0.00504594
0.00501637
0.00498499
0.00495132
0.00491509
0.00487623
0.00483473
0.00479053
0.00474389
0.0046949
0.00464353
0.00458948
0.00453251
0.00447251
0.0044092
0.00434257
0.00427217
0.0041986
0.00412056
0.00403964
0.00395573
0.00386145
0.00378871
0.00366591
0.00554053
0.00553642
0.0055314
0.00552545
0.00551852
0.00551062
0.00550174
0.00549191
0.00548115
0.00546948
0.00545695
0.00544357
0.00542937
0.00541437
0.00539858
0.00538201
0.00536464
0.00534646
0.00532743
0.00530752
0.00528667
0.00526481
0.00524187
0.00521775
0.00519236
0.0051656
0.00513735
0.00510746
0.00507574
0.0050417
0.00500499
0.00496557
0.00492344
0.00487859
0.00483119
0.00478144
0.00472924
0.00467434
0.0046165
0.00455556
0.00449126
0.00442359
0.00435206
0.00427731
0.00419795
0.00411573
0.00403011
0.00393453
0.00385954
0.00373435
0.00562661
0.00562224
0.005617
0.00561087
0.00560381
0.00559582
0.00558688
0.00557702
0.00556625
0.0055546
0.00554209
0.00552875
0.00551459
0.00549963
0.00548388
0.00546733
0.00544998
0.00543179
0.00541274
0.00539278
0.00537186
0.0053499
0.00532682
0.00530255
0.00527696
0.00524997
0.00522145
0.00519125
0.00515919
0.00512479
0.00508762
0.00504767
0.00500496
0.00495949
0.00491141
0.00486093
0.00480798
0.00475229
0.00469363
0.00463182
0.00456659
0.00449793
0.00442535
0.00434949
0.00426889
0.00418545
0.00409825
0.00400146
0.00392428
0.00379698
0.00570493
0.0057004
0.00569504
0.00568882
0.00568171
0.00567368
0.00566474
0.0056549
0.00564417
0.00563257
0.00562012
0.00560684
0.00559275
0.00557785
0.00556215
0.00554564
0.00552831
0.00551013
0.00549107
0.00547107
0.00545009
0.00542804
0.00540484
0.00538041
0.00535465
0.00532744
0.00529865
0.00526816
0.00523577
0.00520101
0.00516341
0.00512296
0.0050797
0.00503366
0.00498495
0.00493381
0.00488016
0.00482374
0.00476431
0.00470169
0.00463559
0.00456602
0.00449244
0.00441555
0.0043338
0.00424921
0.00416054
0.00406262
0.00398333
0.00385418
0.00577573
0.00577115
0.00576576
0.00575954
0.00575244
0.00574445
0.00573557
0.0057258
0.00571516
0.00570365
0.0056913
0.00567812
0.00566412
0.00564931
0.00563368
0.00561724
0.00559995
0.0055818
0.00556274
0.00554272
0.00552169
0.00549956
0.00547626
0.0054517
0.00542577
0.00539835
0.00536933
0.00533855
0.00530585
0.00527074
0.00523271
0.0051918
0.00514804
0.00510147
0.0050522
0.00500045
0.00494616
0.00488907
0.00482893
0.00476554
0.00469864
0.00462821
0.00455372
0.00447585
0.00439304
0.00430738
0.00421735
0.0041184
0.00403707
0.0039063
0.00583921
0.00583468
0.00582935
0.0058232
0.0058162
0.00580833
0.00579958
0.00578994
0.00577944
0.00576807
0.00575586
0.00574282
0.00572895
0.00571425
0.00569873
0.00568237
0.00566516
0.00564705
0.00562802
0.005608
0.00558694
0.00556476
0.00554138
0.0055167
0.00549062
0.00546302
0.00543378
0.00540275
0.00536974
0.00533428
0.00529585
0.00525451
0.00521029
0.00516324
0.00511346
0.00506117
0.00500631
0.0049486
0.00488781
0.00482373
0.00475608
0.00468486
0.00460951
0.00453074
0.00444695
0.00436029
0.00426901
0.00416912
0.00408586
0.00395366
0.0058955
0.00589112
0.00588595
0.00587997
0.00587315
0.00586546
0.0058569
0.00584747
0.00583716
0.005826
0.00581398
0.00580111
0.00578741
0.00577288
0.0057575
0.00574126
0.00572415
0.00570612
0.00568714
0.00566715
0.00564609
0.00562388
0.00560044
0.00557568
0.00554947
0.00552172
0.00549228
0.00546102
0.00542773
0.00539192
0.00535312
0.00531138
0.00526675
0.00521928
0.00516905
0.00511628
0.0050609
0.00500264
0.00494125
0.00487653
0.0048082
0.00473625
0.00466013
0.00458053
0.00449583
0.00440825
0.00431582
0.00421509
0.00413
0.00399656
0.0059447
0.00594058
0.00593566
0.00592994
0.00592339
0.00591596
0.00590767
0.0058985
0.00588846
0.00587755
0.00586578
0.00585315
0.00583967
0.00582534
0.00581014
0.00579407
0.00577709
0.00575918
0.00574028
0.00572036
0.00569933
0.00567713
0.00565366
0.00562884
0.00560254
0.00557466
0.00554506
0.00551359
0.00548005
0.00544391
0.00540477
0.00536267
0.00531767
0.00526982
0.00521921
0.00516603
0.00511019
0.00505144
0.00498952
0.00492423
0.00485528
0.00478267
0.00470583
0.00462548
0.00453996
0.00445154
0.00435807
0.00425657
0.00416979
0.00403526
0.00598688
0.00598311
0.00597855
0.00597318
0.00596697
0.0059599
0.00595196
0.00594313
0.00593342
0.00592283
0.00591137
0.00589904
0.00588583
0.00587175
0.00585679
0.00584092
0.00582413
0.00580637
0.00578761
0.00576778
0.00574683
0.00572467
0.00570122
0.00567637
0.00565002
0.00562205
0.00559232
0.00556068
0.00552691
0.00549046
0.005451
0.00540859
0.00536328
0.00531512
0.00526418
0.00521065
0.00515443
0.00509525
0.00503286
0.00496706
0.00489755
0.00482435
0.00474688
0.00466585
0.00457959
0.00449041
0.004396
0.00429383
0.00420547
0.00407002
0.00602205
0.00601875
0.00601464
0.00600972
0.00600395
0.00599732
0.0059898
0.00598139
0.00597209
0.0059619
0.00595082
0.00593884
0.00592598
0.00591221
0.00589754
0.00588193
0.00586538
0.00584783
0.00582924
0.00580956
0.00578873
0.00576665
0.00574325
0.00571843
0.00569206
0.00566404
0.00563422
0.00560245
0.00556847
0.00553174
0.00549202
0.00544935
0.00540378
0.00535536
0.00530416
0.00525037
0.00519382
0.00513428
0.00507148
0.00500524
0.00493525
0.00486153
0.0047835
0.00470186
0.00461494
0.0045251
0.00442984
0.00432709
0.00423728
0.00410107
0.00605022
0.00604749
0.00604394
0.00603956
0.00603433
0.00602823
0.00602123
0.00601333
0.00600452
0.0059948
0.00598416
0.00597262
0.00596016
0.00594677
0.00593245
0.00591717
0.00590091
0.00588362
0.00586527
0.00584579
0.00582512
0.00580319
0.00577989
0.00575513
0.0057288
0.00570078
0.00567091
0.00563904
0.0056049
0.00556792
0.00552797
0.0054851
0.00543934
0.00539073
0.00533935
0.00528535
0.00522855
0.00516871
0.00510558
0.00503896
0.00496856
0.0048944
0.00481588
0.00473373
0.00464623
0.0045558
0.0044598
0.00435656
0.00426544
0.00412861
0.00607133
0.00606928
0.00606641
0.00606269
0.00605809
0.00605261
0.00604622
0.00603892
0.00603069
0.00602153
0.00601143
0.00600039
0.00598841
0.00597548
0.00596158
0.00594669
0.00593079
0.00591383
0.00589577
0.00587655
0.00585611
0.00583436
0.00581123
0.00578659
0.00576035
0.00573237
0.00570251
0.00567058
0.0056363
0.00559912
0.00555902
0.00551601
0.00547011
0.00542139
0.00536989
0.00531576
0.00525879
0.00519872
0.00513533
0.00506841
0.00499767
0.00492314
0.00484421
0.00476163
0.00467364
0.00458272
0.00448607
0.00438245
0.00429017
0.00415282
0.00608533
0.00608409
0.006082
0.00607904
0.00607519
0.00607044
0.00606477
0.00605815
0.00605059
0.00604208
0.00603261
0.00602216
0.00601075
0.00599835
0.00598495
0.00597052
0.00595505
0.00593849
0.00592079
0.0059019
0.00588175
0.00586026
0.00583734
0.00581289
0.00578679
0.00575891
0.0057291
0.00569717
0.00566278
0.00562547
0.00558527
0.00554219
0.00549624
0.00544747
0.00539594
0.00534176
0.00528467
0.00522446
0.00516088
0.00509374
0.00502274
0.00494792
0.00486867
0.00478573
0.00469735
0.00460603
0.00450886
0.00440494
0.0043116
0.00417385
0.00609213
0.00609183
0.00609063
0.00608855
0.00608557
0.00608165
0.0060768
0.00607098
0.0060642
0.00605643
0.00604767
0.00603792
0.00602715
0.00601537
0.00600255
0.00598868
0.00597371
0.00595762
0.00594036
0.00592187
0.00590208
0.00588091
0.00585828
0.00583408
0.00580819
0.00578047
0.00575078
0.00571889
0.00568442
0.00564706
0.00560684
0.00556376
0.00551784
0.0054691
0.00541763
0.00536347
0.00530635
0.00524606
0.00518237
0.00511509
0.00504391
0.00496888
0.00488939
0.00480619
0.00471752
0.00462591
0.0045283
0.00442413
0.00432989
0.0041919
0.00609164
0.00609239
0.00609222
0.00609114
0.00608913
0.00608617
0.00608225
0.00607734
0.00607144
0.00606452
0.00605659
0.00604762
0.0060376
0.00602653
0.00601439
0.00600115
0.00598678
0.00597125
0.0059545
0.00593649
0.00591714
0.00589637
0.0058741
0.00585022
0.0058246
0.00579711
0.00576759
0.00573579
0.00570131
0.00566398
0.00562382
0.00558083
0.00553501
0.0054864
0.00543507
0.005381
0.00532393
0.00526365
0.00519994
0.00513259
0.00506131
0.00498617
0.00490655
0.0048232
0.00473431
0.00464247
0.00454451
0.00444022
0.00434521
0.00420709
0.00608371
0.00608566
0.00608665
0.0060867
0.00608579
0.00608391
0.00608104
0.00607716
0.00607225
0.0060663
0.0060593
0.00605122
0.00604206
0.0060318
0.00602043
0.00600792
0.00599424
0.00597935
0.00596321
0.00594576
0.00592694
0.00590665
0.00588482
0.00586133
0.00583606
0.00580888
0.00577958
0.00574793
0.00571351
0.00567629
0.00563629
0.00559347
0.00554786
0.00549946
0.00544835
0.00539447
0.00533753
0.00527733
0.00521369
0.00514638
0.00507511
0.00499996
0.00492026
0.00483681
0.00474778
0.00465581
0.00455761
0.00445331
0.00435771
0.00421964
0.00606797
0.00607127
0.00607359
0.00607493
0.00607529
0.00607465
0.00607299
0.00607029
0.00606652
0.00606167
0.00605573
0.00604866
0.00604046
0.00603112
0.00602062
0.00600895
0.00599606
0.00598192
0.00596648
0.00594969
0.00593148
0.00591176
0.00589045
0.00586744
0.0058426
0.00581578
0.00578679
0.00575532
0.00572108
0.00568406
0.00564431
0.00560177
0.00555645
0.00550836
0.00545757
0.00540398
0.00534727
0.00528726
0.00522377
0.00515655
0.00508534
0.00501023
0.00493056
0.00484714
0.00475811
0.00466614
0.00456786
0.00446365
0.00436759
0.00422969
0.0060446
0.00604939
0.00605314
0.00605588
0.00605762
0.00605832
0.00605797
0.00605655
0.00605402
0.00605039
0.00604564
0.00603972
0.00603262
0.00602433
0.00601484
0.00600412
0.00599215
0.00597887
0.00596424
0.00594821
0.00593071
0.00591167
0.00589098
0.00586853
0.0058442
0.00581783
0.00578919
0.00575798
0.00572402
0.00568731
0.00564793
0.00560577
0.00556086
0.0055132
0.00546282
0.00540959
0.00535318
0.00529344
0.00523019
0.00516319
0.00509217
0.00501722
0.00493769
0.0048544
0.00476545
0.00467359
0.00457531
0.00447127
0.00437489
0.00423728
0.00601346
0.00601986
0.00602522
0.00602951
0.00603277
0.00603498
0.00603609
0.00603609
0.00603495
0.00603266
0.00602923
0.00602455
0.00601865
0.00601151
0.00600313
0.00599347
0.00598249
0.00597018
0.00595646
0.0059413
0.00592462
0.00590634
0.00588636
0.00586458
0.00584086
0.00581502
0.00578682
0.00575598
0.00572243
0.00568617
0.00564727
0.00560561
0.0055612
0.00551407
0.0054642
0.00541143
0.00535543
0.00529605
0.00523312
0.00516643
0.00509569
0.00502099
0.00494169
0.00485862
0.00476986
0.00467821
0.00458005
0.00447628
0.00437971
0.00424252
0.00597414
0.00598233
0.00598947
0.00599547
0.00600045
0.00600432
0.00600707
0.00600865
0.00600906
0.00600826
0.00600625
0.00600297
0.00599842
0.00599259
0.00598546
0.00597699
0.00596716
0.00595592
0.00594324
0.00592906
0.0059133
0.0058959
0.00587674
0.00585571
0.00583267
0.00580744
0.00577974
0.00574939
0.00571636
0.00568066
0.00564235
0.00560129
0.00555752
0.00551103
0.00546176
0.00540952
0.00535403
0.00529512
0.00523261
0.00516632
0.00509596
0.00502161
0.00494265
0.0048599
0.00477143
0.0046801
0.00458218
0.00447877
0.00438217
0.00424552
0.00592647
0.00593664
0.00594573
0.0059537
0.00596055
0.00596625
0.00597077
0.00597409
0.00597618
0.00597702
0.00597659
0.00597486
0.0059718
0.00596741
0.00596165
0.00595451
0.00594595
0.00593593
0.00592441
0.00591132
0.00589661
0.00588019
0.00586196
0.00584179
0.00581954
0.005795
0.0057679
0.00573818
0.00570583
0.00567081
0.00563319
0.00559286
0.00554984
0.00550411
0.00545554
0.00540394
0.00534905
0.00529071
0.00522873
0.00516294
0.00509306
0.00501918
0.00494064
0.00485833
0.00477027
0.00467935
0.00458178
0.00447885
0.00438235
0.00424638
0.00587022
0.00588258
0.00589381
0.00590389
0.00591279
0.00592049
0.00592697
0.0059322
0.00593615
0.00593879
0.0059401
0.00594006
0.00593865
0.00593584
0.00593161
0.00592594
0.00591878
0.00591011
0.00589988
0.00588803
0.00587449
0.00585917
0.00584198
0.00582278
0.00580141
0.00577763
0.00575129
0.00572235
0.0056908
0.00565661
0.00561982
0.00558036
0.00553822
0.00549336
0.00544559
0.00539473
0.00534056
0.00528289
0.00522154
0.00515636
0.00508707
0.00501375
0.00493576
0.00485399
0.00476644
0.00467606
0.00457896
0.00447662
0.00438035
0.00424518
0.00580514
0.00581988
0.00583347
0.00584584
0.00585699
0.00586687
0.00587549
0.00588281
0.00588879
0.0058934
0.00589663
0.00589846
0.00589885
0.00589778
0.00589524
0.00589118
0.00588557
0.0058784
0.00586959
0.00585911
0.00584687
0.00583278
0.00581675
0.00579862
0.00577823
0.00575534
0.00572991
0.00570191
0.00567131
0.0056381
0.00560228
0.00556382
0.00552271
0.00547882
0.00543197
0.00538197
0.00532861
0.00527173
0.00521112
0.00514666
0.00507806
0.00500542
0.00492809
0.00484697
0.00476004
0.0046703
0.00457379
0.00447215
0.00437625
0.00424202
0.00573094
0.00574832
0.00576446
0.00577934
0.00579292
0.00580519
0.00581614
0.00582573
0.00583393
0.0058407
0.00584603
0.00584989
0.00585225
0.0058531
0.00585239
0.00585011
0.00584622
0.00584068
0.00583346
0.00582448
0.00581367
0.00580095
0.00578619
0.00576925
0.00574993
0.0057281
0.00570375
0.00567685
0.00564736
0.00561528
0.00558061
0.0055433
0.00550334
0.00546053
0.00541471
0.00536569
0.00531327
0.00525728
0.00519753
0.0051339
0.0050661
0.00499425
0.00491769
0.00483733
0.00475115
0.00466217
0.00456637
0.00446553
0.00437014
0.00423698
0.00564733
0.00566762
0.00568653
0.00570414
0.00572036
0.00573522
0.0057487
0.00576077
0.00577139
0.00578051
0.00578811
0.00579419
0.00579871
0.00580164
0.00580295
0.00580261
0.00580059
0.00579686
0.00579136
0.00578404
0.00577482
0.00576359
0.00575024
0.00573459
0.0057165
0.00569591
0.00567282
0.00564719
0.00561898
0.0055882
0.00555482
0.00551884
0.00548014
0.00543855
0.00539387
0.00534595
0.00529458
0.0052396
0.00518082
0.00511814
0.00505126
0.00498032
0.00490464
0.00482517
0.00473984
0.00465174
0.00455676
0.00445685
0.00436209
0.00423014
0.00555401
0.00557756
0.00559942
0.00561998
0.00563907
0.00565673
0.00567294
0.00568771
0.00570096
0.00571262
0.0057227
0.00573118
0.00573805
0.00574326
0.00574676
0.00574853
0.00574856
0.0057468
0.0057432
0.00573769
0.0057302
0.00572061
0.00570879
0.00569457
0.0056779
0.00565876
0.00563711
0.00561292
0.00558618
0.00555687
0.00552497
0.00549045
0.00545316
0.00541289
0.0053695
0.00532279
0.00527259
0.00521874
0.00516106
0.00509944
0.00503361
0.0049637
0.00488901
0.00481054
0.00472619
0.00463908
0.00454506
0.00444618
0.00435218
0.00422159
0.00545074
0.00547789
0.00550282
0.00552663
0.00554877
0.00556946
0.00558861
0.00560631
0.00562241
0.00563683
0.00564959
0.00566068
0.00567009
0.00567777
0.00568365
0.00568773
0.00568998
0.00569036
0.00568884
0.00568531
0.0056797
0.00567189
0.00566174
0.00564915
0.00563412
0.00561661
0.0055966
0.00557406
0.00554897
0.00552131
0.00549107
0.00545817
0.0054224
0.00538361
0.00534162
0.00529626
0.00524736
0.00519477
0.00513831
0.00507788
0.00501321
0.00494444
0.00487088
0.00479353
0.00471027
0.00462428
0.00453132
0.0044336
0.00434049
0.00421139
0.00533654
0.00536712
0.00539639
0.00542381
0.00544918
0.00547317
0.00549545
0.00551633
0.00553553
0.0055529
0.00556855
0.00558245
0.00559462
0.00560498
0.00561345
0.00562003
0.00562468
0.00562741
0.00562813
0.00562675
0.00562318
0.0056173
0.00560901
0.00559829
0.00558511
0.00556946
0.0055513
0.00553062
0.00550738
0.00548157
0.00545316
0.00542201
0.00538792
0.00535073
0.00531028
0.0052664
0.00521894
0.00516773
0.00511262
0.00505351
0.00499012
0.00492262
0.0048503
0.0047742
0.00469216
0.00460739
0.00451564
0.00441919
0.00432707
0.00419964
0.00521171
0.00524608
0.00527904
0.00531021
0.00534002
0.0053676
0.00539313
0.0054175
0.00544005
0.00546059
0.00547936
0.00549628
0.00551144
0.0055247
0.00553596
0.00554523
0.0055525
0.00555775
0.00556091
0.00556185
0.0055605
0.00555674
0.00555058
0.00554196
0.00553087
0.0055173
0.00550122
0.0054826
0.00546142
0.00543767
0.00541125
0.00538199
0.00534973
0.00531429
0.00527552
0.00523327
0.00518737
0.00513768
0.00508405
0.00502638
0.00496441
0.00489831
0.00482736
0.00475262
0.00467192
0.00458851
0.00449808
0.00440301
0.00431201
0.00418639
0.00507598
0.00511435
0.00515123
0.00518647
0.00522006
0.00525144
0.00528108
0.00530956
0.00533575
0.00535961
0.00538175
0.0054019
0.00542029
0.0054367
0.00545095
0.00546314
0.00547322
0.0054812
0.005487
0.00549044
0.00549151
0.00549017
0.00548639
0.00548013
0.00547138
0.00546013
0.00544635
0.00543002
0.00541113
0.00538963
0.00536536
0.00533816
0.00530786
0.00527432
0.00523738
0.00519689
0.0051527
0.00510468
0.00505266
0.00499657
0.00493614
0.00487156
0.00480211
0.00472886
0.00464964
0.00456769
0.00447871
0.00438515
0.00429538
0.00417173
0.00492906
0.00497163
0.0050127
0.00505225
0.0050899
0.0051254
0.00515914
0.00519139
0.00522141
0.00524968
0.00527547
0.005299
0.00532091
0.00534073
0.00535819
0.00537352
0.00538661
0.00539754
0.00540618
0.00541237
0.00541617
0.00541753
0.00541641
0.00541277
0.00540662
0.00539794
0.00538672
0.00537293
0.00535655
0.00533746
0.0053155
0.00529051
0.00526235
0.00523086
0.0051959
0.00515732
0.00511499
0.00506877
0.0050185
0.00496413
0.00490538
0.00484246
0.00477463
0.004703
0.00462537
0.00454502
0.0044576
0.00436567
0.00427723
0.00415573
0.0047707
0.00481754
0.00486303
0.00490725
0.00494927
0.00498903
0.00502701
0.00506339
0.00509755
0.00512963
0.00515928
0.00518696
0.00521301
0.00523654
0.00525739
0.00527611
0.0052924
0.00530651
0.00531831
0.00532756
0.00533441
0.00533878
0.00534062
0.00533989
0.0053366
0.00533076
0.00532236
0.00531135
0.00529767
0.00528117
0.00526169
0.00523909
0.00521322
0.00518394
0.00515112
0.00511461
0.00507428
0.00503001
0.00498164
0.00492912
0.00487219
0.00481106
0.00474499
0.00467511
0.00459919
0.00452056
0.00443484
0.00434465
0.00425765
0.00413847
0.00458423
0.0046356
0.00468619
0.00473608
0.00478313
0.00482763
0.00487049
0.00491184
0.00495076
0.0049873
0.00502155
0.00505387
0.00508419
0.00511195
0.00513759
0.0051603
0.00518029
0.00519831
0.005214
0.00522696
0.00523751
0.00524553
0.00525095
0.00525371
0.00525387
0.00525145
0.00524644
0.00523872
0.00522819
0.00521472
0.00519814
0.00517834
0.00515517
0.00512851
0.0050982
0.00506413
0.00502616
0.00498418
0.00493805
0.00488772
0.00483293
0.00477391
0.00470991
0.00464208
0.00456819
0.00449156
0.00440784
0.00431968
0.00423438
0.00411792
0.00436856
0.00442617
0.00448265
0.00453749
0.00458998
0.0046394
0.00468776
0.00473504
0.00477924
0.00482077
0.00486012
0.00489773
0.00493291
0.00496552
0.00499558
0.00502306
0.00504812
0.00507111
0.00509148
0.00510875
0.00512371
0.00513602
0.00514566
0.0051525
0.0051567
0.00515829
0.00515716
0.00515314
0.00514619
0.00513614
0.00512287
0.00510625
0.00508615
0.00506245
0.00503501
0.00500372
0.00496845
0.00492909
0.00488552
0.00483769
0.00478535
0.00472874
0.0046671
0.00460161
0.00453003
0.0044557
0.00437426
0.00428844
0.00420509
0.00409171
0.00414122
0.00420502
0.00426712
0.00432739
0.00438545
0.00444093
0.004495
0.00454715
0.00459658
0.00464302
0.00468755
0.00473083
0.00477119
0.00480902
0.00484376
0.00487656
0.00490686
0.00493453
0.00495983
0.00498258
0.00500228
0.0050192
0.00503333
0.00504451
0.00505301
0.00505873
0.0050616
0.00506137
0.00505809
0.00505159
0.00504173
0.0050284
0.00501149
0.00499086
0.0049664
0.00493799
0.00490552
0.0048689
0.00482798
0.00478276
0.00473296
0.00467886
0.00461968
0.00455664
0.00448746
0.00441553
0.00433646
0.00425307
0.00417179
0.00406158
0.00390251
0.00397219
0.00403987
0.00410564
0.0041693
0.00423072
0.00429031
0.00434787
0.0044029
0.0044552
0.0045056
0.00455392
0.00459972
0.00464323
0.00468267
0.00472128
0.00475721
0.00478967
0.00482046
0.00484823
0.00487286
0.00489526
0.00491448
0.00493014
0.00494299
0.00495294
0.00495992
0.00496355
0.00496407
0.00496121
0.00495488
0.00494495
0.00493133
0.00491388
0.00489251
0.0048671
0.00483755
0.00480376
0.0047656
0.00472308
0.00467593
0.00462444
0.00456782
0.00450731
0.00444064
0.00437119
0.00429459
0.00421373
0.00413463
0.00402766
0.00365477
0.00372956
0.0038025
0.00387366
0.00394291
0.00401014
0.00407545
0.00413869
0.00419955
0.0042579
0.00431408
0.004368
0.00441943
0.00446823
0.00451413
0.00455807
0.00460017
0.00463719
0.00467413
0.00470715
0.00473689
0.00476446
0.00478904
0.00480931
0.00482686
0.00484109
0.00485233
0.00485983
0.00486426
0.00486516
0.00486247
0.00485605
0.00484582
0.00483167
0.0048135
0.0047912
0.00476466
0.00473381
0.00469853
0.00465881
0.00461441
0.00456562
0.00451165
0.00445378
0.00438969
0.00432282
0.00424878
0.00417054
0.00409372
0.00399011
0.0034032
0.00348172
0.00355902
0.00363499
0.00370941
0.0037821
0.00385297
0.00392187
0.00398854
0.00405285
0.00411489
0.00417461
0.00423183
0.00428642
0.00433828
0.00438784
0.00443489
0.00447887
0.0045221
0.00456045
0.00459497
0.00462773
0.00465812
0.00468287
0.00470506
0.00472329
0.00473906
0.00475035
0.00475883
0.00476361
0.00476467
0.00476187
0.00475515
0.0047444
0.00472952
0.00471043
0.00468702
0.00465922
0.00462691
0.0045901
0.00454854
0.00450254
0.00445132
0.00439617
0.00433476
0.00427055
0.00419917
0.00412362
0.00404917
0.00394902
0.00315445
0.00323479
0.00331504
0.00339468
0.00347335
0.00355072
0.00362659
0.00370072
0.00377285
0.00384281
0.00391056
0.003976
0.00403899
0.00409937
0.00415707
0.00421228
0.00426476
0.00431448
0.00436205
0.00440616
0.00444804
0.00448541
0.00452256
0.00455065
0.00457861
0.00460066
0.00461988
0.00463518
0.00464796
0.00465672
0.00466169
0.0046626
0.00465948
0.00465222
0.00464076
0.00462498
0.00460479
0.00458014
0.0045509
0.0045171
0.00447847
0.00443537
0.00438697
0.00433463
0.00427599
0.00421452
0.00414587
0.00407311
0.00400111
0.00390453
0.00291274
0.00299398
0.00307597
0.00315809
0.00323985
0.00332084
0.00340073
0.00347923
0.00355603
0.00363093
0.00370377
0.00377441
0.00384268
0.00390844
0.00397157
0.00403212
0.00408989
0.00414494
0.00419736
0.00424663
0.00429293
0.00433842
0.00437953
0.0044133
0.00444774
0.00447266
0.0044971
0.00451543
0.00453163
0.00454469
0.00455373
0.00455844
0.00455901
0.00455534
0.00454738
0.00453502
0.00451816
0.00449676
0.00447068
0.00443998
0.00440438
0.00436424
0.00431876
0.0042693
0.00421351
0.00415485
0.00408902
0.00401911
0.00394962
0.00385673
0.00267842
0.00275991
0.00284269
0.00292623
0.00301
0.00309355
0.00317648
0.00325843
0.00333909
0.00341815
0.0034954
0.00357065
0.0036437
0.00371436
0.00378249
0.00384805
0.00391085
0.00397091
0.00402817
0.00408238
0.00413351
0.00418265
0.00422986
0.00427104
0.00430937
0.0043395
0.00436991
0.00439201
0.00441169
0.00442732
0.00444109
0.00444961
0.00445396
0.00445395
0.0044496
0.00444074
0.00442731
0.00440924
0.00438642
0.0043589
0.00432641
0.00428933
0.00424684
0.00420033
0.00414745
0.00409168
0.00402872
0.00396175
0.00389481
0.00380572
0.0024523
0.00253344
0.00261621
0.00270021
0.00278498
0.00287006
0.00295504
0.00303953
0.00312314
0.00320556
0.00328649
0.00336569
0.00344292
0.00351796
0.00359063
0.0036608
0.00372829
0.00379306
0.003855
0.00391393
0.00396979
0.00402311
0.00407357
0.00412019
0.0041648
0.00420093
0.00423799
0.0042635
0.00428897
0.00430688
0.00432377
0.00433638
0.00434458
0.00434827
0.00434762
0.00434235
0.00433243
0.00431779
0.00429831
0.00427405
0.00424474
0.00421078
0.00417135
0.00412786
0.00407796
0.00402512
0.00396511
0.00390112
0.00383677
0.0037516
0.00223546
0.0023156
0.00239759
0.00248118
0.00256601
0.00265165
0.0027377
0.00282376
0.00290943
0.00299434
0.00307815
0.00316058
0.00324134
0.00332016
0.00339683
0.00347116
0.00354294
0.00361208
0.00367844
0.00374185
0.00380226
0.00385984
0.00391431
0.00396561
0.00401361
0.00405668
0.00409913
0.00413033
0.00416261
0.0041835
0.00420485
0.00421883
0.00423108
0.00423852
0.00424168
0.00424006
0.00423373
0.00422259
0.00420653
0.0041856
0.00415953
0.00412875
0.00409244
0.00405202
0.00400515
0.00395529
0.00389827
0.00383732
0.00377557
0.00369443
0.00202923
0.00210761
0.00218805
0.00227039
0.00235435
0.00243961
0.00252576
0.00261243
0.00269921
0.00278572
0.00287158
0.00295645
0.00304001
0.00312197
0.00320205
0.00328001
0.00335563
0.00342875
0.0034992
0.00356681
0.00363149
0.00369327
0.00375186
0.0038075
0.00385957
0.00390766
0.00395349
0.00399181
0.00402933
0.00405583
0.00408319
0.00409964
0.00411395
0.00412477
0.00413204
0.00413409
0.00413143
0.00412386
0.00411127
0.00409373
0.00407095
0.00404341
0.00401025
0.00397294
0.00392914
0.00388229
0.00382831
0.00377044
0.00371129
0.00363427
0.00183513
0.00191086
0.00198889
0.00206911
0.00215133
0.00223526
0.00232056
0.00240688
0.00249382
0.00258099
0.00266801
0.00275449
0.00284009
0.00292446
0.0030073
0.00308832
0.00316726
0.0032439
0.00331805
0.00338951
0.00345818
0.00352396
0.00358661
0.00364634
0.00370256
0.00375508
0.00380478
0.00384859
0.00388971
0.00392336
0.00395551
0.00397717
0.00399588
0.00400779
0.0040188
0.00402467
0.00402577
0.00402179
0.00401274
0.00399862
0.00397917
0.00395488
0.00392491
0.00389074
0.00385003
0.00380622
0.00375529
0.00370052
0.00364398
0.00357116
0.00165487
0.00172691
0.00180159
0.00187878
0.00195832
0.00203998
0.00212348
0.00220848
0.00229462
0.00238151
0.00246876
0.00255598
0.00264278
0.0027288
0.00281368
0.00289711
0.00297879
0.00305845
0.00313585
0.00321077
0.00328307
0.00335259
0.00341911
0.00348273
0.00354299
0.00359966
0.00365327
0.00370187
0.00374701
0.00378645
0.0038218
0.00385145
0.00387495
0.00388955
0.00390323
0.00391172
0.00391697
0.00391658
0.00391111
0.00390044
0.00388433
0.00386331
0.00383654
0.00380551
0.00376791
0.00372713
0.00367928
0.00362762
0.00357367
0.00350512
0.00149028
0.00155749
0.00162775
0.00170091
0.00177681
0.00185525
0.00193597
0.00201868
0.00210304
0.00218869
0.00227523
0.00236226
0.00244939
0.00253623
0.0026224
0.00270754
0.00279131
0.0028734
0.00295355
0.00303149
0.00310702
0.00317995
0.00325006
0.00331734
0.00338143
0.00344205
0.0034995
0.00355249
0.00360168
0.00364577
0.00368529
0.00371895
0.00374879
0.00376838
0.00378741
0.00379641
0.00380499
0.00380841
0.00380658
0.00379935
0.00378657
0.00376881
0.00374524
0.00371733
0.00368284
0.00364507
0.00360029
0.00355174
0.00350036
0.00343613
0.00134315
0.00140433
0.00146905
0.00153712
0.00160836
0.00168257
0.00175953
0.00183897
0.00192057
0.00200399
0.00208885
0.00217476
0.00226132
0.00234811
0.00243475
0.00252084
0.002606
0.0026899
0.00277222
0.00285265
0.00293097
0.00300693
0.00308029
0.00315095
0.0032186
0.00328294
0.00334407
0.00340112
0.00345428
0.00350257
0.00354623
0.00358418
0.00361733
0.00364338
0.0036667
0.00368002
0.00369131
0.00369706
0.00369931
0.00369546
0.00368598
0.00367145
0.00365105
0.00362624
0.00359483
0.00356003
0.00351831
0.00347285
0.00342402
0.00336412
0.00121486
0.00126896
0.00132706
0.00138898
0.00145454
0.00152353
0.00159573
0.0016709
0.00174874
0.00182895
0.00191115
0.00199498
0.00208002
0.00216588
0.00225212
0.00233835
0.00242416
0.00250917
0.00259302
0.00267539
0.00275597
0.0028345
0.00291071
0.00298439
0.00305529
0.00312305
0.00318766
0.00324846
0.00330539
0.00335761
0.0034052
0.0034473
0.00348415
0.00351511
0.00354129
0.00356025
0.00357605
0.00358386
0.00358915
0.00358887
0.00358263
0.00357126
0.00355399
0.00353223
0.00350385
0.00347199
0.00343328
0.00339088
0.00334459
0.00328897
0.00110585
0.00115222
0.00120292
0.00125782
0.00131676
0.00137957
0.00144606
0.001516
0.00158912
0.00166514
0.00174371
0.00182448
0.00190707
0.00199105
0.00207601
0.00216153
0.00224718
0.00233254
0.00241725
0.0025009
0.00258317
0.00266374
0.00274231
0.00281861
0.00289235
0.00296319
0.00303096
0.00309515
0.00315557
0.00321146
0.00326272
0.0033087
0.00334926
0.00338437
0.003414
0.00343733
0.00345615
0.0034695
0.00347711
0.00347926
0.00347651
0.00346824
0.00345402
0.00343524
0.00340983
0.00338083
0.0033451
0.0033057
0.00326198
0.00321052
0.00101488
0.00105367
0.00109676
0.00114419
0.00119591
0.00125183
0.0013118
0.00137565
0.00144316
0.00151407
0.00158808
0.00166486
0.00174404
0.00182522
0.00190799
0.0019919
0.00207654
0.00216146
0.00224625
0.00233048
0.00241378
0.00249578
0.00257614
0.00265454
0.00273066
0.00280412
0.00287467
0.00294185
0.00300538
0.00306458
0.00311921
0.00316872
0.00321281
0.00325159
0.00328468
0.00331179
0.00333382
0.00335033
0.00336209
0.00336748
0.00336725
0.00336228
0.00335103
0.00333513
0.00331262
0.00328638
0.00325357
0.00321713
0.00317596
0.00312858
0.000938485
0.000970809
0.001007
0.00104727
0.00109177
0.00114054
0.00119357
0.00125075
0.00131197
0.00137701
0.00144563
0.00151755
0.00159244
0.00166991
0.00174956
0.00183099
0.00191373
0.00199735
0.00208139
0.00216541
0.002249
0.00233174
0.00241324
0.00249313
0.00257104
0.00264657
0.00271941
0.00278909
0.00285527
0.00291734
0.00297493
0.00302759
0.0030749
0.00311694
0.00315326
0.00318378
0.00320888
0.00322852
0.00324284
0.00325161
0.00325496
0.00325303
0.00324482
0.0032317
0.00321199
0.00318841
0.00315846
0.0031249
0.00308625
0.00304292
0.000871025
0.000898765
0.000929699
0.000964108
0.00100227
0.00104441
0.00109068
0.00114114
0.00119578
0.00125451
0.00131717
0.00138356
0.00145338
0.00152633
0.00160202
0.00168007
0.00176003
0.00184146
0.00192389
0.00200685
0.0020899
0.00217257
0.00225445
0.0023351
0.00241413
0.00249109
0.0025656
0.0026372
0.00270549
0.0027699
0.00282999
0.00288533
0.00293545
0.00298036
0.00301962
0.00305317
0.00308116
0.00310371
0.00312064
0.00313237
0.00313834
0.00314007
0.00313503
0.00312465
0.00310761
0.00308659
0.00305943
0.0030287
0.00299255
0.00295324
0.00080469
0.000830775
0.000858841
0.000889424
0.000922963
0.00095984
0.00100037
0.00104477
0.0010932
0.00114572
0.00120229
0.00126281
0.0013271
0.00139491
0.00146594
0.00153983
0.00161618
0.00169454
0.00177447
0.00185547
0.00193709
0.00201883
0.00210024
0.00218085
0.00226021
0.00233785
0.00241335
0.00248621
0.00255599
0.00262215
0.00268419
0.00274169
0.00279418
0.00284155
0.00288338
0.00291965
0.00295026
0.0029755
0.00299495
0.00300939
0.00301783
0.00302273
0.00302049
0.00301382
0.0029991
0.00298051
0.00295608
0.0029281
0.00289444
0.00285918
0.000737759
0.000762625
0.000788939
0.000817179
0.000847754
0.000881046
0.000917394
0.000957091
0.00100039
0.00104747
0.00109844
0.00115332
0.00121206
0.00127452
0.00134048
0.00140967
0.00148174
0.00155629
0.00163289
0.00171108
0.00179039
0.00187031
0.00195037
0.00203007
0.00210894
0.00218648
0.00226221
0.00233563
0.00240626
0.00247355
0.00253698
0.00259613
0.0026505
0.00269994
0.00274399
0.00278264
0.00281564
0.00284335
0.00286518
0.00288218
0.00289296
0.00290015
0.00290134
0.00289829
0.00288594
0.00287
0.00284793
0.00282265
0.00279153
0.00276037
0.000675392
0.000695178
0.000717828
0.000743177
0.000771101
0.000801713
0.000835154
0.00087151
0.000911052
0.000953931
0.00100034
0.0010504
0.00110416
0.00116158
0.00122257
0.00128693
0.00135441
0.00142469
0.00149738
0.00157208
0.00164832
0.00172564
0.00180354
0.00188155
0.00195915
0.00203585
0.00211112
0.00218444
0.00225529
0.00232314
0.00238743
0.00244775
0.00250358
0.00255471
0.00260066
0.00264142
0.00267658
0.00270659
0.00273067
0.0027501
0.00276313
0.00277268
0.00277576
0.00277745
0.00276713
0.00275494
0.00273443
0.00271207
0.00268338
0.00265638
0.000611996
0.000629554
0.00064777
0.000668929
0.000692557
0.000719106
0.000748837
0.000782214
0.000818763
0.00085831
0.000901117
0.000947387
0.000997103
0.00105027
0.00110686
0.00116678
0.00122986
0.00129584
0.00136445
0.00143532
0.00150806
0.00158224
0.00165742
0.00173313
0.00180888
0.00188415
0.0019584
0.0020311
0.00210168
0.00216962
0.00223435
0.00229544
0.00235238
0.00240492
0.00245251
0.00249516
0.00253233
0.0025645
0.00259073
0.00261252
0.00262775
0.00263967
0.00264464
0.00265
0.00264285
0.00263442
0.00261539
0.00259614
0.0025696
0.00254684
0.000546623
0.000555473
0.000569318
0.000591451
0.000613642
0.000639108
0.000663963
0.000693161
0.000725285
0.000759896
0.000797972
0.000839642
0.000885811
0.000935335
0.000988123
0.00104421
0.00110337
0.00116535
0.00123008
0.00129714
0.00136627
0.00143711
0.00150929
0.0015824
0.00165596
0.00172944
0.00180232
0.00187405
0.00194403
0.00201173
0.00207659
0.00213819
0.00219598
0.00224972
0.00229879
0.00234318
0.00238223
0.00241648
0.0024448
0.0024689
0.0024863
0.00250057
0.00250752
0.00251466
0.00251071
0.00250815
0.00249075
0.00247434
0.00244982
0.00243141
0.000500628
0.000503055
0.000517096
0.00052345
0.000540444
0.000559456
0.000575935
0.000604398
0.000634218
0.00066512
0.000698722
0.000734413
0.000776523
0.000821052
0.000868819
0.00092047
0.000975195
0.00103265
0.00109314
0.0011563
0.00122169
0.00128903
0.00135803
0.00142833
0.00149946
0.00157089
0.00164216
0.00171266
0.00178178
0.00184899
0.00191372
0.00197559
0.00203403
0.00208879
0.00213918
0.0021852
0.00222602
0.00226226
0.00229262
0.00231896
0.00233854
0.00235512
0.00236409
0.00237319
0.00237164
0.0023743
0.00236005
0.00234695
0.00232397
0.00230988
0.000486006
0.000488651
0.000495248
0.000496839
0.000505829
0.000512823
0.000527609
0.000536942
0.000552514
0.000575656
0.000605901
0.000630793
0.00067426
0.000713515
0.000756552
0.000804261
0.00085424
0.000906235
0.000961556
0.00101948
0.00107988
0.00114262
0.00120747
0.00127413
0.00134205
0.00141071
0.00147973
0.00154854
0.00161633
0.0016826
0.0017468
0.00180857
0.00186734
0.00192284
0.00197428
0.00202169
0.0020641
0.00210218
0.00213445
0.00216292
0.0021846
0.00220341
0.00221442
0.00222544
0.00222596
0.00223241
0.00222148
0.0022148
0.00219408
0.0021817
0.000480237
0.000485271
0.000489969
0.000497952
0.000505613
0.000513822
0.000527994
0.000535298
0.00053222
0.00054556
0.000554681
0.000570764
0.000599594
0.00062358
0.000658411
0.000703817
0.000747928
0.000792359
0.000842498
0.000894508
0.000948802
0.00100586
0.00106542
0.00112729
0.0011908
0.00125548
0.00132112
0.001387
0.00145226
0.00151653
0.00157925
0.0016401
0.00169848
0.00175412
0.00180611
0.00185447
0.00189805
0.00193756
0.00197142
0.0020017
0.00202524
0.00204601
0.00205892
0.00207167
0.00207414
0.00208188
0.00207559
0.00207456
0.00205806
0.00204681
0.000487873
0.00049928
0.000507236
0.000517019
0.000527568
0.000534868
0.00055417
0.000553566
0.000556259
0.000560729
0.000563581
0.0005649
0.000580124
0.000597504
0.00061995
0.000639902
0.000674058
0.00070305
0.000748264
0.000791979
0.000838699
0.000888646
0.000941424
0.000996554
0.00105355
0.00111235
0.00117312
0.00123459
0.00129579
0.00135661
0.00141646
0.0014751
0.00153191
0.00158661
0.00163814
0.00168656
0.00173051
0.00177079
0.00180565
0.00183722
0.00186217
0.00188446
0.00189899
0.00191315
0.00191739
0.00192589
0.00192305
0.00192707
0.00191647
0.00190527
0.000506394
0.000511678
0.000525903
0.000534408
0.000544399
0.000555039
0.000568526
0.000574436
0.000582277
0.000588409
0.000589503
0.000596138
0.000602362
0.00060664
0.000613293
0.000625057
0.00064365
0.000665076
0.000693222
0.000724325
0.000762878
0.000803736
0.000847414
0.00089458
0.000943359
0.00099482
0.00104928
0.00110444
0.0011596
0.00121513
0.00127035
0.00132518
0.00137893
0.00143135
0.0014811
0.00152844
0.00157161
0.00161155
0.00164649
0.00167845
0.00170404
0.00172709
0.00174264
0.00175766
0.00176326
0.0017721
0.00177145
0.00177905
0.00177259
0.0017632
0.000526517
0.000529888
0.000542717
0.000553237
0.000562649
0.000573758
0.00057892
0.00059132
0.000601112
0.00060719
0.000614557
0.000618561
0.000618508
0.000626857
0.00063391
0.000638738
0.000650113
0.000661816
0.000680146
0.000696657
0.000721349
0.000750748
0.000784735
0.000824049
0.000862424
0.000905488
0.000953776
0.00100153
0.00104929
0.00109812
0.0011473
0.00119699
0.00124634
0.00129526
0.0013418
0.00138692
0.00142807
0.00146654
0.00150054
0.00153188
0.00155722
0.0015802
0.00159607
0.00161134
0.00161777
0.00162655
0.00162721
0.00163632
0.00163259
0.00162613
0.000549839
0.000553889
0.000558455
0.000563355
0.000570644
0.000583887
0.000588831
0.000600219
0.000609957
0.000613698
0.000625605
0.000627332
0.000632858
0.00063886
0.000645939
0.000652565
0.000660268
0.000666304
0.000677851
0.000688653
0.000705515
0.000726146
0.00075114
0.000779803
0.000810864
0.000844898
0.000882605
0.000921269
0.000961
0.00100199
0.00104435
0.001088
0.00113194
0.00117666
0.00121847
0.00126056
0.00129847
0.00133431
0.00136647
0.00139613
0.00142035
0.00144241
0.00145787
0.00147279
0.00147948
0.00148779
0.00148912
0.00149732
0.00149554
0.00149293
0.000573453
0.000577075
0.000579646
0.000582282
0.000585834
0.000592751
0.000598122
0.000604762
0.000611526
0.000621172
0.0006309
0.000634147
0.000637421
0.000641619
0.000650602
0.000657848
0.000664881
0.000671223
0.000679363
0.000685829
0.000697102
0.000711274
0.000729267
0.000750215
0.000774024
0.000800327
0.000829518
0.000860508
0.000892884
0.000927316
0.000962864
0.000999841
0.00103747
0.00107572
0.0011128
0.00114957
0.00118327
0.00121547
0.00124517
0.00127206
0.00129445
0.0013148
0.00132913
0.00134318
0.00134956
0.00135696
0.00135832
0.00136544
0.00136374
0.0013647
0.00059547
0.000597474
0.000599179
0.000600905
0.000602851
0.000606361
0.000610021
0.000614404
0.000619434
0.0006246
0.000631649
0.000636515
0.000641065
0.000645356
0.000651182
0.000657106
0.000663571
0.000669387
0.000677513
0.000684388
0.000692348
0.000701214
0.000714054
0.000729021
0.000746763
0.000766648
0.00078893
0.000813174
0.000838972
0.000866702
0.000895777
0.000926308
0.000957688
0.000989865
0.00102154
0.00105303
0.00108249
0.001111
0.00113687
0.00116013
0.00117981
0.00119786
0.00121036
0.0012232
0.00122872
0.00123482
0.00123559
0.00124137
0.00123941
0.00124228
0.000612045
0.000613682
0.000615122
0.000616455
0.000617713
0.000619585
0.000621759
0.000624456
0.000627903
0.000631224
0.000635845
0.000639895
0.000644066
0.000648048
0.000652585
0.000657304
0.000662484
0.000667439
0.000673018
0.000678594
0.000684598
0.000692845
0.000702032
0.000712035
0.000725027
0.000739644
0.00075637
0.000774871
0.000794943
0.000816727
0.000839881
0.000864496
0.000890025
0.000916462
0.000942761
0.000969078
0.000994009
0.00101832
0.00104027
0.00106028
0.00107656
0.00109156
0.00110218
0.00111299
0.00111718
0.00112168
0.00112138
0.00112556
0.00112298
0.00112655
0.00062399
0.000625465
0.000626786
0.000627959
0.00062891
0.000629994
0.000631212
0.000632718
0.000634829
0.000636934
0.000639862
0.000642753
0.000645952
0.000649197
0.000652729
0.00065642
0.000660364
0.00066423
0.000668245
0.000672353
0.000676726
0.000682353
0.000688636
0.000696817
0.000705971
0.000716238
0.000728529
0.000742221
0.000757445
0.000774126
0.000792101
0.000811463
0.000831715
0.000852896
0.000874122
0.000895537
0.000915964
0.000935998
0.000953925
0.000970515
0.000983431
0.000995937
0.00100412
0.00101229
0.00101475
0.00101746
0.0010158
0.00101819
0.00101475
0.00101806
0.000631152
0.000632526
0.000633889
0.000635057
0.000635897
0.000636603
0.000637254
0.000637971
0.000639066
0.000640212
0.000641898
0.000643725
0.000645885
0.000648232
0.000650796
0.000653505
0.000656336
0.000659092
0.000661818
0.000664556
0.000667438
0.000670973
0.000675013
0.000680337
0.000686591
0.000694364
0.000703221
0.00071272
0.000723926
0.0007363
0.000749838
0.00076464
0.000780245
0.000796735
0.000813338
0.000830234
0.000846394
0.000862306
0.000876221
0.000889504
0.000899619
0.000909118
0.000914783
0.000920335
0.000920907
0.000921779
0.000918645
0.000919164
0.000914833
0.000917069
0.000633475
0.00063491
0.000636422
0.000637677
0.000638516
0.000639055
0.000639382
0.000639589
0.000639951
0.000640331
0.000641057
0.000641967
0.000643178
0.000644622
0.000646258
0.000648018
0.000649823
0.000651517
0.000653078
0.000654552
0.000656059
0.000657853
0.000660033
0.000663022
0.00066684
0.000671713
0.000677904
0.000684835
0.00069252
0.000701271
0.000711035
0.000721939
0.000733504
0.000745882
0.000758363
0.000771187
0.000783438
0.000795494
0.000805933
0.000816106
0.000823192
0.000829893
0.000833037
0.000836207
0.000834928
0.000834026
0.000829463
0.000828138
0.000822976
0.000823642
0.000630682
0.000632641
0.000634455
0.000635869
0.000636777
0.000637269
0.00063742
0.000637298
0.000637134
0.000636909
0.000636874
0.000636999
0.000637377
0.000637976
0.000638745
0.000639604
0.000640451
0.000641147
0.000641629
0.000641936
0.000642178
0.000642478
0.000643055
0.000644127
0.000645879
0.000648408
0.000651916
0.000656286
0.000661745
0.000667689
0.000674121
0.000681739
0.000689807
0.000698621
0.000707481
0.000716706
0.000725453
0.000734273
0.000741423
0.000748575
0.000752911
0.000757084
0.000757913
0.000758947
0.000755984
0.000753493
0.000747645
0.00074463
0.000738694
0.000737661
0.00062307
0.000625916
0.000628119
0.000629738
0.000630769
0.00063129
0.000631354
0.000631017
0.00063047
0.000629763
0.000629114
0.000628565
0.000628216
0.000628045
0.000628014
0.00062803
0.00062798
0.000627741
0.000627219
0.000626451
0.000625532
0.000624523
0.000623699
0.000623164
0.000623162
0.000623769
0.000625124
0.000627212
0.000630187
0.000634139
0.000638087
0.000642835
0.000647854
0.000653614
0.000659323
0.000665526
0.0006711
0.000677012
0.00068131
0.000685812
0.000687701
0.000689648
0.000688467
0.00068766
0.000683256
0.00067944
0.000672534
0.000668075
0.000661473
0.000658841
0.000611451
0.000615067
0.000617578
0.000619422
0.000620627
0.000621229
0.000621259
0.000620772
0.000619934
0.000618834
0.000617679
0.000616549
0.00061556
0.000614688
0.000613922
0.000613154
0.000612265
0.000611151
0.000609692
0.000607935
0.000605951
0.000603802
0.000601757
0.00059987
0.000598378
0.000597327
0.000596855
0.000597028
0.000597848
0.000599773
0.00060198
0.000604383
0.000606672
0.000609849
0.00061282
0.000616407
0.000619349
0.000622761
0.000624619
0.00062685
0.000626654
0.000626715
0.000623871
0.00062156
0.000616002
0.00061117
0.000603489
0.000597896
0.000590788
0.000586795
0.000594286
0.000599894
0.000603027
0.000605076
0.000606518
0.000607238
0.000607259
0.000606656
0.000605581
0.000604149
0.000602565
0.000600922
0.000599362
0.000597869
0.000596439
0.00059495
0.000593282
0.000591355
0.000589027
0.000586368
0.000583418
0.000580243
0.000577087
0.000574002
0.000571206
0.000568775
0.000566785
0.000565345
0.000564378
0.000564363
0.000565152
0.000565486
0.000565627
0.000566495
0.000567288
0.000568698
0.000569449
0.000570765
0.000570609
0.000570953
0.000569063
0.000567597
0.000563458
0.000559999
0.000553596
0.000548078
0.000539924
0.000533552
0.000526135
0.000521097
0.000571938
0.000579693
0.000584325
0.000587101
0.000588839
0.000589658
0.000589649
0.000588929
0.000587638
0.00058591
0.000583949
0.000581844
0.000579768
0.000577691
0.000575612
0.000573414
0.000570986
0.000568275
0.000565111
0.000561609
0.00055776
0.000553681
0.000549566
0.00054547
0.000541569
0.000537984
0.00053472
0.000531933
0.000529522
0.000527778
0.000527047
0.000525839
0.000524231
0.000523278
0.000522293
0.000521927
0.000520912
0.000520524
0.000518773
0.000517616
0.000514427
0.000511798
0.000506733
0.000502484
0.000495547
0.000489672
0.000481337
0.00047456
0.000467035
0.00046132
0.000546882
0.000554866
0.000561331
0.000565247
0.000567561
0.000568492
0.000568449
0.00056761
0.000566102
0.000564079
0.00056175
0.000559191
0.00055661
0.000553968
0.000551283
0.000548428
0.000545296
0.000541868
0.000537939
0.000533688
0.000529044
0.000524181
0.000519235
0.000514284
0.00050945
0.000504927
0.000500597
0.000496717
0.000493172
0.000489857
0.00048781
0.000485239
0.000482376
0.000480009
0.000477628
0.00047586
0.000473481
0.00047177
0.000468826
0.000466542
0.000462441
0.000459005
0.000453368
0.00044867
0.000441502
0.000435577
0.000427325
0.00042051
0.000413066
0.000407054
0.000519254
0.000527656
0.000534408
0.000539863
0.000542951
0.000543915
0.000543782
0.000542799
0.000541064
0.000538752
0.000536074
0.000533082
0.000530028
0.000526854
0.000523586
0.000520107
0.000516317
0.000512227
0.000507597
0.000502687
0.000497345
0.00049182
0.000486177
0.000480522
0.000474932
0.000469683
0.000464474
0.000459767
0.000455142
0.000450719
0.000447523
0.000443877
0.00044009
0.000436703
0.000433283
0.000430467
0.000427106
0.00042443
0.000420677
0.00041762
0.000412972
0.00040906
0.000403185
0.000398347
0.000391228
0.000385523
0.000377578
0.000371054
0.000363869
0.000357899
0.000489218
0.000498121
0.000505114
0.000511317
0.00051488
0.000516149
0.000515866
0.000514702
0.000512709
0.00051009
0.000507056
0.000503627
0.000500114
0.000496427
0.000492598
0.000488537
0.000484142
0.000479455
0.0004742
0.000468734
0.000462807
0.000456751
0.00045056
0.000444352
0.0004382
0.00043244
0.000426533
0.000421079
0.000415703
0.000410525
0.000406475
0.000401993
0.000397586
0.000393543
0.000389416
0.000385888
0.000381901
0.0003786
0.000374392
0.000370888
0.000366027
0.000361937
0.000356122
0.00035141
0.000344585
0.000339325
0.000331868
0.000325907
0.000319148
0.000313489
0.000456996
0.000466499
0.00047364
0.000480027
0.000483789
0.000485321
0.000484851
0.000483463
0.000481165
0.000478212
0.000474805
0.000470929
0.000466974
0.000462796
0.000458432
0.00045385
0.000448918
0.000443712
0.00043793
0.000432036
0.000425656
0.00041921
0.000412641
0.000406042
0.000399558
0.000393258
0.000386978
0.000381031
0.000375252
0.000369653
0.00036498
0.000359962
0.00035524
0.000350822
0.000346318
0.000342396
0.000338114
0.0003345
0.000330153
0.000326496
0.000321713
0.000317702
0.0003122
0.000307825
0.000301503
0.000296849
0.000290022
0.000284822
0.000278621
0.000273467
0.000422824
0.000433015
0.000440122
0.000446287
0.000450015
0.000451584
0.000450881
0.000449212
0.000446554
0.000443232
0.000439438
0.00043511
0.000430742
0.000426108
0.000421255
0.000416244
0.000410862
0.000405237
0.000399058
0.00039289
0.000386213
0.000379527
0.000372787
0.000365972
0.000359241
0.000352718
0.000346302
0.000340167
0.000334237
0.000328507
0.000323449
0.000318285
0.00031348
0.000308961
0.000304383
0.000300361
0.000296078
0.000292429
0.000288219
0.000284657
0.000280194
0.000276467
0.000271479
0.000267594
0.000261935
0.000257985
0.000251891
0.000247567
0.000241993
0.000237507
0.00038689
0.000397832
0.000404716
0.00041033
0.000413813
0.000415107
0.000414085
0.000412065
0.000408991
0.000405278
0.000401093
0.00039633
0.000391609
0.000386574
0.000381311
0.000376004
0.000370279
0.000364364
0.000357963
0.000351707
0.000344912
0.000338131
0.000331339
0.000324568
0.000317895
0.000311414
0.000305099
0.000299034
0.000293212
0.000287608
0.000282468
0.000277492
0.000272816
0.000268451
0.000264067
0.000260204
0.000256172
0.000252724
0.000248869
0.000245603
0.000241643
0.000238349
0.000234019
0.000230714
0.000225828
0.000222613
0.00021732
0.000213903
0.000208985
0.000205268
0.000349449
0.000361041
0.000367521
0.000372345
0.000375341
0.000376031
0.000374581
0.00037214
0.00036861
0.000364506
0.000359961
0.00035482
0.000349848
0.000344498
0.000338956
0.00033353
0.000327589
0.000321557
0.000315158
0.000308852
0.000302241
0.000295637
0.00028906
0.000282548
0.000276176
0.000269986
0.000264014
0.000258271
0.000252816
0.000247537
0.0002427
0.000238132
0.000233797
0.000229806
0.000225837
0.000222347
0.000218762
0.000215699
0.000212361
0.000209534
0.000206196
0.000203427
0.000199834
0.000197142
0.000193087
0.000190574
0.00018612
0.000183558
0.000179304
0.00017639
0.000310792
0.000322743
0.000328597
0.000332488
0.000334639
0.000334473
0.000332492
0.000329582
0.000325599
0.000321145
0.000316325
0.000310925
0.000305855
0.00030032
0.000294702
0.00028911
0.000283309
0.000277429
0.000271284
0.000265206
0.000258983
0.000252788
0.000246676
0.000240657
0.000234825
0.000229165
0.000223774
0.000218589
0.00021371
0.000209025
0.000204742
0.000200742
0.000196952
0.000193512
0.000190122
0.000187159
0.000184158
0.000181604
0.000178878
0.000176573
0.000173908
0.000171701
0.000168863
0.000166765
0.000163546
0.000161655
0.000158045
0.000156221
0.000152625
0.000150481
0.000271234
0.000283037
0.000287818
0.000290785
0.000291683
0.000290603
0.000287988
0.000284617
0.000280254
0.000275557
0.000270627
0.000265166
0.000259958
0.000254574
0.00024917
0.000243758
0.000238289
0.000232802
0.000227162
0.000221593
0.000215989
0.000210444
0.000205032
0.000199737
0.000194666
0.000189748
0.000185151
0.000180712
0.000176623
0.000172723
0.000169137
0.000165848
0.000162743
0.000159968
0.000157256
0.000154912
0.000152559
0.000150573
0.000148487
0.000146728
0.000144726
0.000143063
0.000140943
0.000139379
0.000136953
0.000135574
0.000132785
0.000131533
0.00012859
0.000127125
0.0002311
0.000241978
0.000245376
0.000247165
0.000246597
0.000244586
0.000241368
0.000237645
0.000233079
0.000228301
0.000223389
0.000218218
0.000213253
0.000208262
0.000203333
0.000198403
0.000193521
0.000188684
0.000183796
0.000178998
0.000174241
0.000169567
0.000165063
0.000160686
0.000156554
0.000152573
0.00014888
0.000145387
0.000142165
0.000139145
0.000136363
0.000133857
0.000131503
0.000129438
0.00012743
0.000125719
0.000124013
0.000122589
0.000121108
0.000119863
0.000118462
0.000117287
0.000115803
0.000114689
0.000112971
0.00011198
0.00010996
0.000109098
0.0001068
0.000105879
0.000190685
0.000199589
0.000201411
0.000201553
0.000199645
0.000196822
0.00019321
0.000189233
0.000184834
0.000180354
0.000175835
0.000171246
0.000166866
0.000162564
0.000158394
0.000154232
0.000150203
0.000146263
0.000142346
0.000138538
0.000134811
0.000131173
0.000127727
0.000124404
0.000121312
0.000118375
0.000115666
0.000113139
0.000110826
0.000108695
0.000106734
0.000105003
0.000103382
0.000101993
0.000100641
9.9514e-05
9.83883e-05
9.74647e-05
9.65063e-05
9.57027e-05
9.48021e-05
9.40309e-05
9.30682e-05
9.23118e-05
9.11867e-05
9.04718e-05
8.91343e-05
8.84922e-05
8.683e-05
8.62907e-05
0.000150215
0.000155961
0.000155995
0.000154272
0.000151454
0.000148088
0.00014449
0.000140815
0.000136983
0.000133197
0.000129464
0.000125784
0.000122329
0.000119007
0.000115851
0.000112684
0.00010973
0.00010687
0.000104073
0.000101383
9.87808e-05
9.62766e-05
9.39239e-05
9.1689e-05
8.96313e-05
8.77075e-05
8.59505e-05
8.43377e-05
8.28729e-05
8.155e-05
8.03342e-05
7.92852e-05
7.83042e-05
7.74876e-05
7.66854e-05
7.60377e-05
7.53815e-05
7.4857e-05
7.43061e-05
7.38449e-05
7.33245e-05
7.28612e-05
7.22944e-05
7.18055e-05
7.11409e-05
7.06172e-05
6.98454e-05
6.92978e-05
6.82411e-05
6.79181e-05
0.000109821
0.000111346
0.000109434
0.000106527
0.000103417
0.000100334
9.73498e-05
9.45025e-05
9.16869e-05
8.89897e-05
8.63848e-05
8.38852e-05
8.16034e-05
7.9462e-05
7.74584e-05
7.54918e-05
7.36589e-05
7.19109e-05
7.0229e-05
6.86356e-05
6.71135e-05
6.56702e-05
6.4328e-05
6.30727e-05
6.19298e-05
6.08796e-05
5.99311e-05
5.9076e-05
5.83057e-05
5.76263e-05
5.7e-05
5.64771e-05
5.5984e-05
5.55913e-05
5.51935e-05
5.48887e-05
5.45675e-05
5.43218e-05
5.40533e-05
5.38281e-05
5.35674e-05
5.33189e-05
5.30248e-05
5.27283e-05
5.2388e-05
5.20069e-05
5.16536e-05
5.11504e-05
5.06221e-05
5.03792e-05
6.96707e-05
6.71208e-05
6.40246e-05
6.13942e-05
5.90872e-05
5.70494e-05
5.52506e-05
5.36554e-05
5.21429e-05
5.07341e-05
4.94035e-05
4.81683e-05
4.7063e-05
4.60476e-05
4.512e-05
4.42248e-05
4.33977e-05
4.26163e-05
4.18735e-05
4.11798e-05
4.05248e-05
3.99121e-05
3.93487e-05
3.88297e-05
3.83633e-05
3.79429e-05
3.75681e-05
3.72375e-05
3.69412e-05
3.66888e-05
3.64522e-05
3.62656e-05
3.60839e-05
3.59518e-05
3.58077e-05
3.57089e-05
3.55927e-05
3.5512e-05
3.54123e-05
3.53274e-05
3.52218e-05
3.5108e-05
3.49799e-05
3.48172e-05
3.46741e-05
3.44192e-05
3.43124e-05
3.38914e-05
3.37333e-05
3.35133e-05
3.18169e-05
2.85232e-05
2.65832e-05
2.55941e-05
2.47733e-05
2.41022e-05
2.35691e-05
2.31239e-05
2.27159e-05
2.23463e-05
2.2005e-05
2.16963e-05
2.14321e-05
2.11949e-05
2.09877e-05
2.07889e-05
2.0609e-05
2.04393e-05
2.0279e-05
2.01315e-05
1.99936e-05
1.9866e-05
1.97504e-05
1.96455e-05
1.95534e-05
1.94724e-05
1.94013e-05
1.93411e-05
1.92866e-05
1.92439e-05
1.91999e-05
1.917e-05
1.91363e-05
1.91176e-05
1.90899e-05
1.90759e-05
1.90501e-05
1.90349e-05
1.90088e-05
1.89844e-05
1.89505e-05
1.89076e-05
1.88617e-05
1.87909e-05
1.87395e-05
1.86185e-05
1.8589e-05
1.83753e-05
1.83359e-05
1.82468e-05
9.26737e-06
1.004e-05
1.03324e-05
1.04497e-05
1.05683e-05
1.06706e-05
1.07535e-05
1.08299e-05
1.0899e-05
1.09617e-05
1.10171e-05
1.1067e-05
1.11136e-05
1.11578e-05
1.12e-05
1.12387e-05
1.12745e-05
1.13077e-05
1.13375e-05
1.13645e-05
1.13884e-05
1.14089e-05
1.14268e-05
1.14415e-05
1.14539e-05
1.14639e-05
1.14719e-05
1.1478e-05
1.14825e-05
1.1486e-05
1.14875e-05
1.14884e-05
1.14878e-05
1.14874e-05
1.14852e-05
1.14832e-05
1.14796e-05
1.1476e-05
1.14706e-05
1.14649e-05
1.14564e-05
1.14483e-05
1.14337e-05
1.14248e-05
1.13981e-05
1.14001e-05
1.13427e-05
1.14006e-05
1.12485e-05
1.14562e-05
)
;

boundaryField
{
    inlet
    {
        type            calculated;
        value           uniform 0.000851986;
    }
    outlet
    {
        type            calculated;
        value           nonuniform List<scalar> 
114
(
3.51387e-05
0.00012861
0.000324501
0.000569451
0.000828252
0.0010856
0.00133444
0.00157134
0.00179473
0.00200406
0.00219934
0.00238092
0.00254951
0.00270581
0.0028504
0.00298395
0.00310714
0.00322065
0.00332519
0.00342141
0.0035099
0.00359124
0.00366591
0.00373435
0.00379698
0.00385418
0.0039063
0.00395366
0.00399656
0.00403526
0.00407002
0.00410107
0.00412861
0.00415282
0.00417385
0.0041919
0.00420709
0.00421964
0.00422969
0.00423728
0.00424252
0.00424552
0.00424638
0.00424518
0.00424202
0.00423698
0.00423014
0.00422159
0.00421139
0.00419964
0.00418639
0.00417173
0.00415573
0.00413847
0.00411792
0.00409171
0.00406158
0.00402766
0.00399011
0.00394902
0.00390453
0.00385673
0.00380572
0.0037516
0.00369443
0.00363427
0.00357116
0.00350512
0.00343613
0.00336412
0.00328897
0.00321052
0.00312858
0.00304292
0.00295324
0.00285918
0.00276037
0.00265638
0.00254684
0.00243141
0.00230988
0.0021817
0.00204681
0.00190527
0.0017632
0.00162613
0.00149293
0.0013647
0.00124228
0.00112655
0.00101806
0.000917069
0.000823642
0.000737661
0.000658841
0.000586795
0.000521097
0.00046132
0.000407054
0.000357899
0.000313489
0.000273467
0.000237507
0.000205268
0.00017639
0.000150481
0.000127125
0.000105879
8.62907e-05
6.79181e-05
5.03792e-05
3.35133e-05
1.82468e-05
1.14562e-05
)
;
    }
    upperWall
    {
        type            nutkWallFunction;
        blending        stepwise;
        value           uniform 0;
    }
    lowerWall
    {
        type            nutkWallFunction;
        blending        stepwise;
        value           nonuniform List<scalar> 
500
(
0
0
0
0
0
0
0
0
0
0
0
0
0
0
0
0
0
0
0
0
0
0
0
0
0
0
0
0
0
0
0
0
0
0
0
0
0
0
0
0
0
0
0
0
0
0
0
0
0
0
0
0
0
0
0
0
0
0
0
0
0
0
0
0
0
0
0
0
0
0
0
0
0
0
0
0
0
0
0
0
0
0
0
0
0
0
0
0
0
0
0
0
0
0
0
0
0
0
0
0
0
0
0
0
0
0
0
0
0
0
0
0
0
0
0
0
0
0
0
0
0
0
0
0
0
0
0
0
0
0
0
0
0
0
0
0
0
0
0
0
0
0
0
0
0
0
0
0
0
0
0
0
0
0
0
0
0
0
0
0
0
0
0
0
0
0
0
0
0
0
0
0
0
0
0
0
0
0
0
0
0
0
0
0
0
0
0
0
0
0
0
0
0
0
0
0
0
0
0
0
0
0
0
0
0
0
0
0
0
0
0
0
0
0
0
0
0
0
0
0
0
0
0
0
0
0
0
0
0
0
0
0
0
0
0
0
0
0
0
0
0
0
0
0
0
0
0
0
0
0
0
0
0
0
0
0
0
0
0
0
0
0
0
0
0
0
0
0
0
0
0
0
0
0
0
0
0
0
0
0
0
0
0
0
0
0
0
0
0
6.91583e-09
2.87904e-08
5.01434e-08
7.09433e-08
9.12614e-08
1.11185e-07
1.30603e-07
1.49584e-07
1.68116e-07
1.86213e-07
2.03871e-07
2.21094e-07
2.37881e-07
2.54235e-07
2.70155e-07
2.85643e-07
3.007e-07
3.15327e-07
3.29526e-07
3.43299e-07
3.56647e-07
3.69572e-07
3.82077e-07
3.94163e-07
4.05833e-07
4.17091e-07
4.27937e-07
4.38377e-07
4.48412e-07
4.58047e-07
4.67283e-07
4.76125e-07
4.84577e-07
4.92641e-07
5.00322e-07
5.07623e-07
5.1455e-07
5.21105e-07
5.27294e-07
5.33119e-07
5.38587e-07
5.437e-07
5.48464e-07
5.5288e-07
5.56954e-07
5.60689e-07
5.64087e-07
5.67153e-07
5.69888e-07
5.72298e-07
5.74384e-07
5.7615e-07
5.77601e-07
5.78738e-07
5.79569e-07
5.80094e-07
5.80321e-07
5.8025e-07
5.79888e-07
5.79237e-07
5.783e-07
5.7708e-07
5.75581e-07
5.73803e-07
5.71751e-07
5.69424e-07
5.66825e-07
5.63954e-07
5.60814e-07
5.57403e-07
5.53724e-07
5.49772e-07
5.45547e-07
5.41035e-07
5.36213e-07
5.30523e-07
5.25487e-07
5.2032e-07
5.14721e-07
5.0868e-07
5.02704e-07
4.95992e-07
4.89236e-07
4.81953e-07
4.74449e-07
4.66736e-07
4.58748e-07
4.50387e-07
4.41654e-07
4.32521e-07
4.22968e-07
4.12982e-07
4.02658e-07
3.91972e-07
3.8079e-07
3.6901e-07
3.56751e-07
3.4405e-07
3.30525e-07
3.16117e-07
3.0104e-07
2.85449e-07
2.6925e-07
2.5232e-07
2.34644e-07
2.16145e-07
1.96786e-07
1.76533e-07
1.55341e-07
1.33178e-07
1.10002e-07
8.57757e-08
6.04337e-08
3.40911e-08
7.1077e-09
0
0
0
0
0
0
0
0
0
0
0
0
0
0
0
0
0
0
0
0
0
0
0
0
0
0
0
0
0
0
0
0
0
0
0
0
0
0
0
0
0
0
0
0
0
0
0
0
0
0
0
0
0
0
0
0
0
0
0
0
0
0
0
0
0
0
0
0
0
0
0
0
0
0
0
0
0
0
0
0
0
0
0
0
0
0
0
0
0
0
0
0
0
0
0
0
)
;
    }
    frontAndBack
    {
        type            empty;
    }
}


// ************************************************************************* //
