/*--------------------------------*- C++ -*----------------------------------*\
| =========                 |                                                 |
| \\      /  F ield         | OpenFOAM: The Open Source CFD Toolbox           |
|  \\    /   O peration     | Version:  2506                                  |
|   \\  /    A nd           | Website:  www.openfoam.com                      |
|    \\/     M anipulation  |                                                 |
\*---------------------------------------------------------------------------*/
FoamFile
{
    version     2.0;
    format      ascii;
    arch        "LSB;label=32;scalar=64";
    class       volScalarField;
    location    "400";
    object      epsilon;
}
// * * * * * * * * * * * * * * * * * * * * * * * * * * * * * * * * * * * * * //

dimensions      [0 2 -3 0 0 0 0];

internalField   nonuniform List<scalar> 
48900
(
3747.78
14614.7
22449.8
25294.3
25083.3
24170.1
22593.7
21129.8
19872.5
18832
17977.8
17280.8
16700.1
16217.4
15801.4
15446.5
15128.4
14850.2
14592.9
14362.3
14147.1
13950.7
13765.5
13596.7
13437.3
13292.9
13157.3
13035.3
12921.7
12821.3
12728.4
12650.5
12576.2
12525.9
12469.8
12440.7
414.515
1558.12
2995.9
3847.91
4227.91
4404.69
4444.97
4459.81
4485.24
4520.24
4577.35
4654.69
4727.54
4808.06
4870.36
4932.74
4969.75
5004.4
5015.3
5018.99
5012.9
4998.4
4973.25
4948.38
4915.33
4885.55
4850.25
4818.98
4784.33
4753.36
4720.42
4690
4658.99
4626.7
4594.04
4587.09
141.946
218.097
449.322
656.28
795.325
881.633
919.574
941.664
951.295
967.847
989.092
1022.19
1059.2
1112.43
1166.51
1234.95
1300.58
1377.55
1449.06
1527.81
1599.05
1675.3
1740.97
1810.63
1867.78
1928.72
1975.86
2027.33
2064.1
2106.3
2133.19
2166.65
2184.65
2209.54
2218.58
2235.63
73.4816
71.2323
107.281
158.12
204.54
244.453
271.437
291.2
302.319
310.73
315.412
321.426
325.631
333.867
341.394
354.199
366.622
384.991
401.961
425.866
447.287
476.237
501.28
534.363
561.992
598.155
627.147
665.274
694.252
733.28
760.766
799.749
824.029
862.256
880.747
917.624
42.3675
37.9603
44.6345
60.0457
76.5039
92.9052
106.289
117.851
126.34
133.515
138.231
142.64
145.182
148.265
149.999
152.966
154.867
158.567
161.078
165.991
169.502
175.922
180.559
188.707
194.434
204.357
211.078
222.752
230.329
243.616
251.785
266.451
274.807
290.463
298.231
314.94
25.8745
24.8767
26.8751
32.9514
40.0351
47.526
54.2112
60.4418
65.588
70.2917
73.9014
77.2643
79.6442
82.0247
83.5585
85.3557
86.4034
87.9588
88.8042
90.3415
91.2031
92.8954
93.9082
95.8998
97.1235
99.5242
100.982
103.841
105.543
108.874
110.802
114.581
116.668
120.851
122.871
127.812
18.8458
19.0428
20.1157
22.9555
26.5254
30.4009
34.0389
37.5622
40.6665
43.6151
46.0879
48.4266
50.2914
52.0919
53.448
54.8303
55.805
56.8985
57.6163
58.5299
59.0884
59.9158
60.3883
61.2027
61.6475
62.4962
62.9598
63.8711
64.3771
65.3693
65.9223
67.0071
67.5962
68.7764
69.3295
70.8553
16.181
16.4611
17.1507
18.5571
20.5181
22.6936
24.8126
26.9183
28.8564
30.738
32.4065
34.0038
35.3708
36.6813
37.7653
38.8218
39.6649
40.5148
41.1674
41.8602
42.368
42.9487
43.3523
43.8576
44.1913
44.649
44.9403
45.3743
45.641
46.0678
46.3203
46.7495
46.9919
47.4223
47.6755
48.1679
15.2401
15.3744
15.7886
16.4529
17.5515
18.8124
20.0878
21.3884
22.6297
23.8565
24.9884
26.0841
27.0664
28.0092
28.8351
29.6286
30.3092
30.9692
31.5234
32.0709
32.5201
32.9762
33.3412
33.7252
34.0249
34.3536
34.603
34.8916
35.1024
35.363
35.543
35.7848
35.9379
36.1649
36.3041
36.5488
14.9287
14.9509
15.1558
15.4283
16.0178
16.7382
17.5032
18.3096
19.108
19.9135
20.6817
21.435
22.1339
22.8086
23.4228
24.0118
24.5401
25.0461
25.494
25.9246
26.3011
26.6658
26.9809
27.2898
27.5534
27.8162
28.0365
28.2623
28.4462
28.6434
28.7954
28.9718
29.0935
29.2555
29.3515
29.5231
14.8384
14.8114
14.858
14.9418
15.2221
15.6088
16.0488
16.5346
17.037
17.5582
18.0719
18.5844
19.074
19.5516
19.9991
20.4305
20.8294
21.2113
21.5608
21.8944
22.1972
22.4861
22.7463
22.9952
23.2176
23.4318
23.6208
23.8056
23.9649
24.1259
24.2577
24.4008
24.505
24.6369
24.7135
24.8546
14.8189
14.7427
14.7233
14.7298
14.8183
15.0008
15.2315
15.5041
15.8032
16.1262
16.4571
16.7956
17.1285
17.4585
17.7756
18.0846
18.3771
18.659
18.9233
19.1761
19.4112
19.6352
19.8422
20.0391
20.2197
20.392
20.5483
20.6989
20.8328
20.9651
21.0772
21.1955
21.285
21.3952
21.4595
21.58
14.8147
14.7274
14.6652
14.6274
14.6333
14.6844
14.7838
14.915
15.0746
15.2582
15.4565
15.6672
15.8818
16.0996
16.3146
16.5275
16.7337
16.9348
17.127
17.3125
17.4882
17.6566
17.8149
17.9661
18.1072
18.2419
18.3664
18.4859
18.5943
18.7007
18.793
18.8891
18.9638
19.0545
19.108
19.2095
14.8133
14.7256
14.6482
14.5848
14.5447
14.5346
14.5495
14.5886
14.6561
14.7424
14.8456
14.963
15.0886
15.221
15.3562
15.4936
15.6302
15.7657
15.8981
16.0275
16.1523
16.2731
16.3885
16.4996
16.6048
16.7057
16.8004
16.8915
16.9754
17.0576
17.1304
17.2055
17.2654
17.3372
17.3803
17.4626
14.8124
14.7259
14.6439
14.5696
14.5071
14.4615
14.4323
14.4205
14.4268
14.4459
14.4834
14.5344
14.594
14.6622
14.7362
14.8149
14.896
14.9788
15.062
15.1451
15.2269
15.3074
15.3857
15.462
15.5353
15.6063
15.6738
15.7392
15.8003
15.8603
15.9142
15.9697
16.015
16.0687
16.1015
16.1643
14.8118
14.7259
14.6429
14.5644
14.4921
14.429
14.3762
14.3339
14.3045
14.2846
14.279
14.283
14.2947
14.3166
14.3449
14.379
14.4168
14.458
14.5017
14.5471
14.5935
14.6404
14.6872
14.7337
14.7793
14.8242
14.8676
14.9101
14.9504
14.9902
15.0266
15.0641
15.0951
15.1319
15.1548
15.1986
14.8114
14.7256
14.6423
14.5623
14.4862
14.4152
14.3507
14.2925
14.2428
14.2
14.1663
14.1409
14.1223
14.1111
14.1066
14.1079
14.1126
14.122
14.135
14.1507
14.1685
14.188
14.2089
14.2306
14.2527
14.2753
14.2977
14.3203
14.3421
14.3641
14.3844
14.4058
14.4236
14.4449
14.4586
14.4843
14.8111
14.7251
14.6417
14.5611
14.4835
14.4093
14.3393
14.2735
14.213
14.1575
14.1079
14.0643
14.0263
13.9938
13.9666
13.9447
13.9268
13.9129
13.9027
13.8956
13.8912
13.8891
13.8894
13.8907
13.8935
13.8976
13.9025
13.9082
13.9141
13.9208
13.927
13.9342
13.9399
13.9476
13.9529
13.9629
14.8109
14.7246
14.641
14.5601
14.4818
14.4063
14.334
14.2646
14.1989
14.1368
14.0787
14.0248
13.975
13.9295
13.8881
13.8509
13.8173
13.7873
13.7607
13.737
13.7162
13.6979
13.6819
13.6678
13.6554
13.6447
13.6352
13.6271
13.6198
13.6137
13.6078
13.6032
13.598
13.5949
13.5894
13.5911
14.8108
14.7243
14.6404
14.5592
14.4805
14.4045
14.331
14.2602
14.192
14.1267
14.0642
14.0048
13.9486
13.8955
13.8457
13.799
13.7555
13.7149
13.6772
13.6422
13.6098
13.5798
13.552
13.5264
13.5025
13.4805
13.4599
13.4409
13.4231
13.4066
13.3909
13.3767
13.3623
13.3503
13.3356
13.3287
14.8107
14.724
14.6399
14.5584
14.4795
14.403
14.3291
14.2575
14.1882
14.1213
14.0567
13.9946
13.935
13.8779
13.8233
13.7712
13.7216
13.6745
13.6299
13.5875
13.5475
13.5095
13.4737
13.4398
13.4078
13.3775
13.3487
13.3216
13.2958
13.2714
13.2479
13.2261
13.2044
13.1851
13.1639
13.1488
14.8107
14.7237
14.6394
14.5577
14.4786
14.4019
14.3276
14.2555
14.1857
14.118
14.0525
13.989
13.9277
13.8685
13.8113
13.7563
13.7034
13.6525
13.6037
13.5569
13.512
13.4691
13.4279
13.3886
13.351
13.315
13.2805
13.2476
13.216
13.1858
13.1567
13.129
13.1019
13.0769
13.0509
13.0293
14.8106
14.7235
14.6391
14.5572
14.4779
14.4009
14.3264
14.2541
14.1839
14.1159
14.0498
13.9857
13.9236
13.8634
13.805
13.7486
13.6939
13.6411
13.5901
13.5408
13.4933
13.4475
13.4034
13.3608
13.3198
13.2804
13.2423
13.2057
13.1704
13.1365
13.1036
13.0721
13.0413
13.0123
12.983
12.957
14.8105
14.7234
14.6388
14.5568
14.4773
14.4002
14.3254
14.2529
14.1825
14.1142
14.0478
13.9834
13.9208
13.86
13.801
13.7438
13.6882
13.6343
13.5821
13.5315
13.4824
13.4349
13.3889
13.3444
13.3013
13.2597
13.2193
13.1803
13.1426
13.1061
13.0707
13.0365
13.0032
12.9714
12.9398
12.9106
14.8105
14.7232
14.6385
14.5564
14.4767
14.3994
14.3245
14.2518
14.1812
14.1127
14.0461
13.9814
13.9185
13.8574
13.798
13.7403
13.6842
13.6297
13.5768
13.5253
13.4753
13.4268
13.3797
13.3339
13.2895
13.2464
13.2046
13.164
13.1246
13.0863
13.0491
13.0132
12.978
12.9442
12.9108
12.8793
14.8105
14.7231
14.6383
14.556
14.4762
14.3988
14.3237
14.2508
14.18
14.1113
14.0445
13.9796
13.9166
13.8552
13.7956
13.7376
13.6812
13.6263
13.5729
13.521
13.4705
13.4213
13.3735
13.3271
13.2818
13.2379
13.1951
13.1535
13.113
13.0737
13.0354
12.9982
12.9618
12.9267
12.8921
12.8591
14.8104
14.723
14.6381
14.5557
14.4758
14.3982
14.323
14.2499
14.179
14.1101
14.0431
13.9781
13.9148
13.8533
13.7935
13.7353
13.6786
13.6235
13.5699
13.5176
13.4668
13.4173
13.3691
13.3222
13.2765
13.2321
13.1888
13.1466
13.1055
13.0655
13.0265
12.9885
12.9514
12.9154
12.8801
12.8461
14.8104
14.7229
14.6379
14.5554
14.4754
14.3977
14.3223
14.2491
14.1781
14.109
14.0419
13.9767
13.9133
13.8516
13.7916
13.7332
13.6764
13.6211
13.5673
13.5149
13.4638
13.4141
13.3657
13.3185
13.2725
13.2278
13.1841
13.1416
13.1001
13.0597
13.0203
12.9819
12.9444
12.9079
12.8721
12.8375
14.8104
14.7228
14.6377
14.5552
14.4751
14.3973
14.3218
14.2485
14.1772
14.108
14.0408
13.9754
13.9119
13.8501
13.7899
13.7314
13.6745
13.619
13.565
13.5125
13.4613
13.4114
13.3628
13.3154
13.2693
13.2243
13.1804
13.1377
13.096
13.0553
13.0157
12.977
12.9392
12.9024
12.8664
12.8314
14.8103
14.7227
14.6376
14.555
14.4748
14.3969
14.3213
14.2479
14.1765
14.1072
14.0399
13.9744
13.9107
13.8487
13.7885
13.7298
13.6727
13.6172
13.563
13.5103
13.459
13.409
13.3602
13.3127
13.2664
13.2213
13.1773
13.1344
13.0925
13.0517
13.0119
12.973
12.9351
12.8981
12.8619
12.8267
14.8103
14.7226
14.6375
14.5548
14.4745
14.3966
14.3209
14.2473
14.1759
14.1065
14.039
13.9734
13.9096
13.8476
13.7872
13.7284
13.6712
13.6155
13.5613
13.5085
13.457
13.4069
13.358
13.3104
13.264
13.2187
13.1746
13.1315
13.0895
13.0486
13.0086
12.9696
12.9316
12.8944
12.8582
12.8228
14.8103
14.7226
14.6374
14.5547
14.4743
14.3963
14.3205
14.2469
14.1754
14.1059
14.0383
13.9726
13.9087
13.8466
13.7861
13.7272
13.6699
13.6141
13.5598
13.5069
13.4553
13.405
13.3561
13.3083
13.2618
13.2165
13.1722
13.1291
13.087
13.0459
13.0058
12.9667
12.9286
12.8913
12.8549
12.8195
14.8103
14.7226
14.6373
14.5546
14.4742
14.3961
14.3203
14.2466
14.175
14.1054
14.0377
13.972
13.908
13.8457
13.7852
13.7262
13.6688
13.6129
13.5585
13.5055
13.4538
13.4035
13.3544
13.3066
13.26
13.2145
13.1702
13.1269
13.0847
13.0436
13.0034
12.9642
12.926
12.8887
12.8522
12.8167
14.8103
14.7225
14.6373
14.5545
14.474
14.3959
14.32
14.2463
14.1746
14.105
14.0373
13.9714
13.9074
13.8451
13.7844
13.7254
13.6679
13.6119
13.5574
13.5043
13.4526
13.4022
13.353
13.3051
13.2584
13.2129
13.1685
13.1252
13.0829
13.0417
13.0014
12.9622
12.9238
12.8864
12.8499
12.8143
14.8103
14.7225
14.6372
14.5544
14.474
14.3958
14.3199
14.2461
14.1744
14.1047
14.0369
13.971
13.9069
13.8445
13.7838
13.7247
13.6672
13.6112
13.5566
13.5034
13.4516
13.4012
13.3519
13.304
13.2572
13.2116
13.1671
13.1237
13.0814
13.0401
12.9998
12.9605
12.9221
12.8846
12.8481
12.8124
14.8103
14.7225
14.6372
14.5544
14.4739
14.3957
14.3198
14.246
14.1743
14.1045
14.0367
13.9708
13.9066
13.8442
13.7835
13.7243
13.6667
13.6107
13.556
13.5028
13.451
13.4004
13.3512
13.3031
13.2563
13.2107
13.1661
13.1227
13.0803
13.039
12.9986
12.9592
12.9208
12.8833
12.8467
12.8109
14.8103
14.7225
14.6372
14.5544
14.4739
14.3957
14.3198
14.246
14.1742
14.1045
14.0367
13.9707
13.9065
13.8441
13.7833
13.7241
13.6665
13.6104
13.5557
13.5025
13.4506
13.4
13.3507
13.3027
13.2558
13.2101
13.1655
13.1221
13.0796
13.0383
12.9979
12.9585
12.92
12.8825
12.8458
12.8101
14.8103
14.7225
14.6373
14.5544
14.474
14.3958
14.3199
14.2461
14.1743
14.1046
14.0368
13.9708
13.9066
13.8442
13.7834
13.7242
13.6666
13.6105
13.5558
13.5026
13.4506
13.4001
13.3507
13.3027
13.2558
13.2101
13.1655
13.122
13.0796
13.0382
12.9978
12.9583
12.9199
12.8823
12.8456
12.8098
14.8103
14.7225
14.6373
14.5545
14.4741
14.396
14.32
14.2463
14.1746
14.1049
14.0371
13.9711
13.907
13.8446
13.7838
13.7247
13.6671
13.6109
13.5563
13.503
13.4511
13.4006
13.3513
13.3032
13.2563
13.2106
13.166
13.1225
13.0801
13.0387
12.9983
12.9589
12.9204
12.8829
12.8462
12.8104
14.8103
14.7226
14.6374
14.5546
14.4742
14.3961
14.3203
14.2465
14.1749
14.1052
14.0375
13.9716
13.9075
13.8451
13.7844
13.7253
13.6677
13.6116
13.557
13.5038
13.4519
13.4013
13.352
13.304
13.2571
13.2114
13.1669
13.1234
13.081
13.0396
12.9993
12.9599
12.9214
12.8839
12.8472
12.8115
14.8103
14.7226
14.6375
14.5548
14.4744
14.3964
14.3206
14.2469
14.1753
14.1057
14.038
13.9722
13.9082
13.8458
13.7852
13.7261
13.6686
13.6125
13.558
13.5048
13.4529
13.4024
13.3532
13.3052
13.2584
13.2127
13.1682
13.1248
13.0824
13.0411
13.0008
12.9614
12.923
12.8855
12.849
12.8133
14.8103
14.7227
14.6376
14.5549
14.4747
14.3967
14.321
14.2474
14.1759
14.1063
14.0387
13.973
13.909
13.8468
13.7862
13.7272
13.6697
13.6138
13.5593
13.5062
13.4544
13.404
13.3548
13.3069
13.2601
13.2146
13.1702
13.1268
13.0846
13.0434
13.0032
12.964
12.9258
12.8884
12.852
12.8165
14.8104
14.7228
14.6377
14.5551
14.475
14.3971
14.3215
14.248
14.1766
14.1072
14.0397
13.974
13.9102
13.848
13.7875
13.7286
13.6713
13.6155
13.5611
13.5081
13.4565
13.4062
13.3572
13.3095
13.263
13.2177
13.1736
13.1306
13.0887
13.0478
13.008
12.9693
12.9315
12.8946
12.8588
12.8237
14.8104
14.7229
14.6379
14.5554
14.4754
14.3976
14.3221
14.2487
14.1775
14.1082
14.0408
13.9753
13.9116
13.8497
13.7893
13.7307
13.6736
13.618
13.564
13.5114
13.4602
13.4104
13.362
13.315
13.2692
13.2247
13.1814
13.1393
13.0984
13.0586
13.02
12.9824
12.9459
12.9103
12.8759
12.8422
14.8104
14.723
14.6382
14.5558
14.4758
14.3982
14.3229
14.2497
14.1786
14.1095
14.0424
13.9772
13.9138
13.8522
13.7924
13.7343
13.678
13.6233
13.5703
13.5189
13.4691
13.4209
13.3742
13.3291
13.2854
13.2431
13.2022
13.1626
13.1244
13.0874
13.0516
13.017
12.9836
12.9511
12.92
12.8894
14.8105
14.7232
14.6385
14.5562
14.4765
14.399
14.3239
14.251
14.1802
14.1115
14.0449
13.9805
13.9181
13.8578
13.7997
13.7436
13.6896
13.6378
13.5879
13.5401
13.4943
13.4504
13.4084
13.3681
13.3296
13.2928
13.2576
13.2239
13.1916
13.1607
13.1311
13.1027
13.0757
13.0494
13.0249
13.0001
14.8106
14.7234
14.6388
14.5568
14.4772
14.4001
14.3253
14.253
14.1831
14.1158
14.0512
13.9894
13.9305
13.8746
13.8216
13.7716
13.7246
13.6804
13.639
13.6003
13.5641
13.5303
13.4987
13.4693
13.4419
13.4163
13.3924
13.37
13.3491
13.3296
13.3113
13.294
13.2781
13.2625
13.2489
13.2339
14.8106
14.7237
14.6393
14.5575
14.4783
14.4018
14.3282
14.2582
14.1916
14.1295
14.0718
14.0187
13.9703
13.9269
13.8879
13.8536
13.8235
13.797
13.7742
13.7547
13.7382
13.7243
13.7128
13.7034
13.6958
13.6899
13.6853
13.6819
13.6796
13.6782
13.6775
13.6776
13.6779
13.6788
13.6804
13.6799
14.8106
14.7241
14.6397
14.5584
14.4804
14.4066
14.3386
14.2772
14.2225
14.1774
14.1401
14.1107
14.0893
14.0758
14.0681
14.0684
14.0716
14.0791
14.0913
14.1065
14.1242
14.1439
14.1652
14.1877
14.211
14.2349
14.2591
14.2833
14.3077
14.3315
14.3554
14.3783
14.4017
14.4226
14.4463
14.4632
14.8106
14.7247
14.6397
14.5611
14.4889
14.4278
14.3804
14.3462
14.3277
14.3295
14.3401
14.364
14.401
14.4472
14.5002
14.5593
14.6225
14.6885
14.7567
14.8259
14.8956
14.965
15.0338
15.1013
15.1676
15.232
15.2948
15.3553
15.4142
15.4703
15.5251
15.5763
15.6276
15.6731
15.7225
15.7598
14.8104
14.725
14.6407
14.5769
14.5292
14.5144
14.5273
14.5648
14.6376
14.7359
14.8525
14.9828
15.1238
15.2719
15.4243
15.5784
15.7327
15.8851
16.035
16.1811
16.3231
16.4601
16.5924
16.7189
16.8405
16.9561
17.067
17.1717
17.2723
17.3663
17.4576
17.541
17.6244
17.6968
17.7752
17.8339
14.8098
14.7254
14.6607
14.6549
14.6872
14.7905
14.9626
15.1822
15.4393
15.7223
16.0221
16.3298
16.6405
16.9487
17.252
17.5467
17.8323
18.106
18.3687
18.6181
18.856
19.0802
19.2932
19.4928
19.6823
19.8587
20.0265
20.1815
20.3299
20.4652
20.597
20.7138
20.8322
20.9307
21.0405
21.1185
14.8092
14.7454
14.7876
14.9119
15.2076
15.6296
16.1374
16.6987
17.2918
17.8963
18.5008
19.0929
19.6685
20.2198
20.7472
21.2452
21.7169
22.1576
22.5727
22.9572
23.3184
23.6505
23.9626
24.2475
24.5161
24.7592
24.9903
25.1969
25.3964
25.5709
25.7446
25.8905
26.0448
26.1638
26.306
26.3972
14.8318
14.8529
15.228
15.8261
16.7651
17.8418
19.0071
20.2015
21.3952
22.5567
23.6753
24.7337
25.7326
26.6608
27.5265
28.3199
29.0553
29.7213
30.3376
30.8895
31.4018
31.8553
32.2797
32.6504
33.0027
33.305
33.5996
33.8459
34.0958
34.2962
34.5128
34.6752
34.8698
34.9994
35.1831
35.2817
15.0023
15.3608
16.7029
18.6941
21.0167
23.4763
25.9885
28.4393
30.7951
32.9988
35.0503
36.9199
38.6262
40.1513
41.5279
42.7377
43.8266
44.767
45.6192
46.341
47.0073
47.5585
48.0852
48.5074
48.934
49.2619
49.6214
49.8824
50.2013
50.4167
50.7171
50.9027
51.2016
51.3679
51.6797
51.833
15.7245
17.3451
21.8652
27.3576
33.1726
39.0424
44.787
50.1302
55.0466
59.4062
63.2701
66.5818
69.4433
71.835
73.8733
75.5417
76.9689
78.1099
79.123
79.9095
80.666
81.2347
81.8594
82.3137
82.8997
83.314
83.9288
84.3544
85.0457
85.5197
86.3239
86.8637
87.7998
88.4182
89.4977
90.2012
18.3085
25.66
41.5027
58.4806
75.5673
92.1518
107.374
120.463
131.535
140.371
147.447
152.762
156.873
159.841
162.137
163.82
165.226
166.395
167.597
168.725
170.128
171.538
173.398
175.263
177.724
180.121
183.249
186.195
190.007
193.487
197.977
201.908
207.063
211.403
217.185
221.874
27.6813
74.1547
143.308
213.85
281.075
340.806
387.296
420.653
443.562
457.869
466.944
472.101
475.998
478.947
482.718
487.106
492.957
500.413
509.255
519.622
531.521
544.784
559.453
575.162
592.139
609.744
628.539
647.464
667.616
687.281
708.388
728.262
749.984
769.562
791.655
810.531
103.133
472.029
905.633
1345.29
1701.8
1956.19
2094.94
2174.22
2213.13
2231.55
2241.81
2251.26
2263.46
2280.32
2301.8
2328.04
2357.89
2390.92
2425.97
2462.5
2499.35
2536.21
2572.07
2606.83
2639.66
2670.64
2699.18
2725.4
2749.08
2770.12
2788.99
2804.74
2819.4
2829.87
2841.58
2846.61
1715.04
5015.83
8478.19
11079.9
12550.2
13228.7
13205.6
13052.3
12667.8
12223.9
11780.8
11365.7
10988.8
10652.4
10354.6
10092
9860.73
9656.75
9476.36
9316.43
9173.95
9046.6
8932.07
8828.7
8734.76
8649.05
8570.28
8497.58
8430.04
8366.95
8307.8
8251.88
8199.04
8148.56
8100.46
8054.2
0.556752
0.570209
0.991201
1.48676
2.00461
2.51791
3.01404
3.4874
3.93532
4.35722
4.75402
5.12971
5.49608
5.84979
6.19322
6.53023
6.86458
7.19972
7.53856
7.88418
8.24056
8.61615
9.03084
9.52377
10.1171
10.7857
11.5071
12.2724
13.0783
13.9247
14.812
15.7413
16.7136
17.7306
18.7933
19.9035
21.0623
22.2716
23.5325
24.8468
26.2156
27.6408
29.1231
30.6645
32.2655
33.9278
35.6518
37.4391
39.2897
41.2052
43.1855
45.2319
47.344
49.5233
51.7693
54.0839
56.4673
58.9228
61.4483
64.0418
66.7024
69.4313
72.2267
75.0898
78.019
81.0154
84.077
87.2052
90.3979
93.6567
96.9793
100.367
103.819
107.335
110.914
114.558
118.263
122.034
125.866
129.763
133.721
137.744
141.828
145.976
150.186
154.462
158.8
163.206
167.675
172.214
176.818
181.493
186.234
191.048
195.931
200.888
205.917
211.024
216.205
221.467
226.805
232.225
237.716
243.29
248.937
254.667
260.472
266.363
272.33
278.384
284.516
290.737
297.037
303.427
309.897
316.46
323.105
329.843
336.665
343.582
350.584
357.683
364.867
372.15
379.52
386.991
394.548
402.207
409.954
417.803
425.741
433.784
441.914
450.15
458.475
466.905
475.424
484.049
492.763
501.584
510.494
519.51
528.616
537.829
547.13
556.538
566.034
575.638
585.328
595.127
605.01
615
625.073
635.252
645.513
655.878
666.323
676.871
687.497
698.226
709.032
719.945
730.943
742.066
753.301
764.71
776.313
788.221
800.536
812.975
825.496
838.104
850.802
863.573
876.418
889.332
902.313
915.357
928.457
941.609
954.804
968.033
981.287
994.551
1007.81
1021.05
1034.25
1047.4
1060.49
1073.56
1086.66
1099.72
1112.74
1125.71
1138.63
1151.49
1164.27
1176.96
1189.56
1202.06
1214.43
1226.68
1238.78
1250.73
1262.5
1274.09
1285.49
1296.67
1307.62
1318.33
1328.78
1338.96
1348.85
1358.42
1367.68
1376.59
1385.14
1393.32
1401.11
1408.49
1415.45
1421.96
1428.02
1433.6
1438.69
1443.28
1447.36
1450.91
1453.93
1456.43
1458.39
1459.6
1460.01
1460.13
1459.44
1458.23
1456.32
1453.77
1450.72
1447.32
1443.11
1438.22
1432.71
1426.6
1419.89
1412.6
1404.75
1396.31
1387.23
1377.64
1367.54
1356.97
1345.93
1334.46
1322.59
1310.32
1297.71
1284.76
1271.51
1257.98
1244.21
1230.22
1216.04
1201.7
1187.22
1172.64
1157.98
1143.26
1128.52
1113.78
1099.05
1084.37
1069.75
1055.22
1040.79
1026.49
1012.32
998.316
984.487
970.88
957.513
944.56
933.051
924.165
915.728
907.426
899.1
890.784
882.566
874.458
866.434
858.46
850.529
842.652
834.847
827.127
819.501
811.974
804.55
797.232
790.024
782.928
775.946
769.08
762.327
755.695
749.183
742.776
736.495
730.343
724.218
718.276
712.446
706.732
701.135
695.658
690.299
685.06
679.937
674.928
670.019
665.2
660.471
655.845
651.327
646.926
642.64
638.475
634.427
630.501
626.69
623.001
619.429
615.976
612.637
609.424
606.32
603.325
600.472
597.701
595.01
592.435
589.916
587.437
585.002
582.632
580.34
578.149
576.065
574.065
572.096
570.127
568.122
566.033
563.761
561.138
557.905
553.278
546.343
524.851
1.6995
1.07158
1.04242
1.14252
1.29176
1.46029
1.63845
1.82132
2.00776
2.19704
2.38906
2.58491
2.78767
2.99522
3.20694
3.42314
3.6446
3.87239
4.10784
4.35261
4.60906
4.88064
5.17236
5.49011
5.83701
6.2113
6.61003
7.03116
7.47366
7.93723
8.42191
8.92798
9.45579
10.0058
10.5783
11.1738
11.7927
12.4354
13.1021
13.7933
14.5092
15.2501
16.0161
16.8074
17.6241
18.4664
19.3341
20.2273
21.146
22.0901
23.0595
24.0541
25.0738
26.1186
27.1883
28.2829
29.4023
30.5465
31.7149
32.9072
34.1231
35.3624
36.6249
37.9104
39.2188
40.55
41.9037
43.28
44.6786
46.0996
47.5428
49.0083
50.496
52.0061
53.5383
55.0929
56.6698
58.2693
59.8914
61.5363
63.2041
64.8952
66.6099
68.3487
70.1123
71.9021
73.7189
75.5607
77.4276
79.3201
81.2383
83.183
85.1541
87.1526
89.1784
91.2324
93.3148
95.4264
97.5671
99.7379
101.938
104.169
106.428
108.717
111.036
113.385
115.765
118.176
120.618
123.091
125.596
128.133
130.701
133.303
135.937
138.605
141.305
144.039
146.807
149.609
152.444
155.315
158.219
161.159
164.134
167.144
170.188
173.269
176.385
179.536
182.723
185.947
189.206
192.501
195.832
199.199
202.602
206.041
209.516
213.028
216.576
220.16
223.78
227.436
231.128
234.856
238.619
242.419
246.253
250.124
254.028
257.969
261.943
265.953
269.996
274.074
278.186
282.333
286.514
290.731
294.982
299.273
303.602
307.978
312.401
316.881
321.422
326.031
330.7
335.401
340.134
344.896
349.685
354.499
359.334
364.192
369.069
373.964
378.876
383.8
388.734
393.675
398.618
403.56
408.498
413.428
418.35
423.265
428.183
433.123
438.125
443.161
448.18
453.187
458.176
463.144
468.088
473.005
477.89
482.738
487.547
492.312
497.028
501.69
506.295
510.836
515.309
519.708
524.028
528.265
532.411
536.461
540.41
544.251
547.978
551.586
555.069
558.419
561.631
564.699
567.617
570.379
572.977
575.408
577.664
579.741
581.633
583.336
584.843
586.15
587.246
588.104
588.728
589.161
589.335
589.3
589.032
588.516
587.809
586.925
585.772
584.363
582.721
580.849
578.752
576.432
573.892
571.132
568.147
564.963
561.582
558.014
554.266
550.346
546.262
542.023
537.638
533.116
528.468
523.703
518.831
513.862
508.805
503.673
498.473
493.217
487.913
482.573
477.204
471.816
466.418
461.019
455.626
450.248
444.892
439.565
434.274
429.027
423.832
418.702
413.656
408.76
404.225
400.216
396.383
392.63
388.909
385.225
381.593
378.011
374.474
370.973
367.509
364.083
360.703
357.372
354.093
350.867
347.694
344.576
341.512
338.502
335.547
332.647
329.801
327.011
324.276
321.593
318.964
316.393
313.857
311.383
308.997
306.668
304.39
302.161
299.98
297.846
295.759
293.716
291.714
289.749
287.82
285.931
284.082
282.275
280.51
278.789
277.11
275.474
273.879
272.327
270.815
269.344
267.913
266.524
265.172
263.858
262.587
261.348
260.134
258.975
257.85
256.743
255.655
254.591
253.559
252.565
251.607
250.677
249.762
248.852
247.941
247.017
246.056
245.022
243.858
242.428
240.676
238.509
3.54584
1.86443
1.51456
1.44775
1.47419
1.54502
1.64216
1.75702
1.88517
2.02436
2.17352
2.33218
2.50014
2.67707
2.86281
3.05744
3.26126
3.47477
3.6987
3.93399
4.18188
4.4439
4.72177
5.01709
5.33079
5.66291
6.01298
6.38046
6.76493
7.16614
7.584
8.01855
8.46993
8.93817
9.42336
9.9256
10.445
10.9817
11.5356
12.1069
12.6956
13.3016
13.925
14.5655
15.2232
15.8979
16.5896
17.2982
18.0235
18.7655
19.524
20.2989
21.09
21.8973
22.7206
23.5599
24.4151
25.286
26.1724
27.0744
27.9917
28.9243
29.8721
30.8352
31.8133
32.8067
33.8151
34.8387
35.8775
36.9315
38.0007
39.0853
40.1853
41.3009
42.4321
43.579
44.7418
45.9207
47.1158
48.3272
49.5553
50.8002
52.0622
53.3416
54.6388
55.954
57.2874
58.6389
60.0087
61.3971
62.8043
64.2305
65.6761
67.1413
68.6263
70.1316
71.6573
73.2037
74.7709
76.3592
77.9687
79.5993
81.2512
82.9245
84.6195
86.3363
88.0751
89.8362
91.6196
93.4257
95.2546
97.1065
98.9814
100.88
102.802
104.747
106.716
108.71
110.727
112.769
114.835
116.925
119.04
121.18
123.345
125.535
127.749
129.989
132.254
134.544
136.86
139.201
141.567
143.959
146.376
148.818
151.286
153.779
156.298
158.842
161.412
164.007
166.627
169.272
171.943
174.639
177.359
180.105
182.875
185.67
188.49
191.334
194.202
197.095
200.012
202.954
205.92
208.91
211.925
214.965
218.031
221.124
224.243
227.392
230.571
233.781
237.021
240.292
243.588
246.905
250.241
253.595
256.966
260.353
263.754
267.169
270.597
274.036
277.486
280.944
284.409
287.879
291.353
294.829
298.307
301.786
305.267
308.751
312.243
315.748
319.266
322.785
326.296
329.797
333.286
336.76
340.218
343.657
347.073
350.465
353.829
357.164
360.464
363.728
366.953
370.134
373.269
376.353
379.384
382.358
385.269
388.116
390.893
393.597
396.223
398.768
401.227
403.596
405.87
408.046
410.118
412.084
413.938
415.677
417.295
418.791
420.158
421.394
422.495
423.454
424.268
424.928
425.436
425.789
425.971
426.026
425.947
425.684
425.274
424.721
423.998
423.106
422.053
420.841
419.474
417.953
416.281
414.458
412.487
410.377
408.132
405.757
403.257
400.637
397.903
395.06
392.116
389.076
385.946
382.734
379.445
376.088
372.667
369.192
365.667
362.1
358.498
354.867
351.214
347.543
343.863
340.178
336.495
332.817
329.152
325.503
321.876
318.276
314.709
311.183
307.712
304.331
301.11
298.094
295.192
292.359
289.568
286.817
284.108
281.439
278.809
276.216
273.658
271.138
268.656
266.216
263.817
261.461
259.147
256.876
254.647
252.46
250.317
248.215
246.156
244.138
242.162
240.226
238.33
236.476
234.656
232.878
231.15
229.464
227.817
226.205
224.629
223.089
221.582
220.108
218.665
217.251
215.867
214.511
213.185
211.889
210.622
209.385
208.177
206.997
205.845
204.721
203.624
202.554
201.51
200.492
199.498
198.529
197.584
196.663
195.761
194.887
194.035
193.198
192.376
191.571
190.785
190.02
189.276
188.549
187.834
187.127
186.426
185.725
185.016
184.288
183.52
182.681
181.79
181.44
5.65788
2.72486
2.05551
1.85018
1.79537
1.80954
1.86335
1.94387
2.04421
2.16063
2.29106
2.43439
2.58992
2.75717
2.93585
3.12588
3.32733
3.54043
3.76557
4.00325
4.25413
4.51895
4.79846
5.09331
5.40392
5.73038
6.07258
6.43031
6.80331
7.19136
7.59418
8.01145
8.443
8.88901
9.34952
9.82454
10.3141
10.818
11.3365
11.8693
12.4164
12.9778
13.5532
14.1426
14.7457
15.3624
15.9927
16.6365
17.2939
17.9645
18.6483
19.3452
20.0551
20.778
21.5136
22.262
23.0231
23.7968
24.5831
25.382
26.1934
27.0174
27.854
28.7031
29.5648
30.4391
31.326
32.2257
33.1381
34.0634
35.0016
35.9529
36.9174
37.8952
38.8864
39.8913
40.9098
41.9422
42.9887
44.0494
45.1244
46.2141
47.3186
48.4381
49.5728
50.723
51.8886
53.07
54.2672
55.4804
56.7099
57.9559
59.2185
60.498
61.7946
63.1084
64.4397
65.7886
67.1552
68.5398
69.9423
71.363
72.8019
74.2592
75.735
77.2295
78.7429
80.2753
81.8268
83.3977
84.9881
86.598
88.2277
89.8773
91.5468
93.2365
94.9463
96.6765
98.4271
100.198
101.99
103.803
105.636
107.49
109.365
111.261
113.178
115.117
117.076
119.057
121.058
123.081
125.126
127.191
129.278
131.386
133.515
135.666
137.837
140.03
142.243
144.478
146.734
149.01
151.308
153.626
155.964
158.324
160.703
163.104
165.524
167.964
170.425
172.906
175.407
177.928
180.469
183.03
185.611
188.213
190.835
193.478
196.143
198.829
201.536
204.264
207.013
209.781
212.566
215.366
218.181
221.009
223.85
226.703
229.568
232.443
235.327
238.22
241.121
244.029
246.943
249.861
252.784
255.709
258.638
261.569
264.504
267.441
270.383
273.329
276.276
279.219
282.156
285.084
288.001
290.906
293.796
296.669
299.524
302.358
305.169
307.954
310.712
313.439
316.133
318.791
321.41
323.988
326.521
329.007
331.442
333.823
336.147
338.41
340.609
342.741
344.801
346.788
348.696
350.523
352.264
353.917
355.477
356.942
358.308
359.571
360.728
361.775
362.709
363.527
364.224
364.797
365.245
365.564
365.747
365.818
365.783
365.6
365.286
364.844
364.268
363.553
362.706
361.726
360.617
359.38
358.017
356.53
354.922
353.198
351.361
349.415
347.365
345.214
342.968
340.632
338.21
335.707
333.13
330.483
327.772
325.002
322.18
319.31
316.4
313.453
310.476
307.473
304.451
301.415
298.369
295.318
292.268
289.221
286.184
283.16
280.153
277.167
274.208
271.282
268.399
265.578
262.851
260.234
257.699
255.224
252.794
250.403
248.051
245.737
243.461
241.22
239.015
236.846
234.715
232.621
230.565
228.547
226.567
224.625
222.722
220.856
219.028
217.237
215.483
213.766
212.085
210.44
208.83
207.254
205.712
204.205
202.735
201.3
199.898
198.526
197.185
195.874
194.592
193.337
192.11
190.909
189.734
188.583
187.457
186.356
185.28
184.227
183.197
182.191
181.206
180.244
179.303
178.382
177.482
176.602
175.741
174.898
174.074
173.268
172.479
171.708
170.954
170.213
169.486
168.772
168.072
167.387
166.716
166.059
165.413
164.776
164.147
163.526
162.908
162.291
161.669
161.044
160.475
160.461
7.79576
3.57646
2.60699
2.27921
2.15711
2.12798
2.15119
2.20877
2.29158
2.39452
2.51462
2.65008
2.7998
2.96313
3.1397
3.32934
3.53199
3.74772
3.97668
4.2191
4.47523
4.74536
5.02973
5.32856
5.64194
5.96989
6.31231
6.66906
7.03996
7.42484
7.82355
8.23605
8.66226
9.10195
9.55498
10.0212
10.5006
10.9929
11.4983
12.0166
12.5478
13.0918
13.6482
14.2169
14.7977
15.3904
15.9946
16.6096
17.2359
17.8739
18.5233
19.1843
19.8568
20.5407
21.2359
21.9424
22.66
23.3888
24.1288
24.8802
25.643
26.4172
27.2028
27.9997
28.8082
29.6282
30.4598
31.303
32.158
33.0248
33.9036
34.7945
35.6975
36.6129
37.5409
38.4815
39.435
40.4013
41.3808
42.3736
43.3798
44.3996
45.4331
46.4806
47.5421
48.618
49.7082
50.813
51.9325
53.0669
54.2164
55.3811
56.5612
57.7569
58.9683
60.1956
61.4389
62.6984
63.9743
65.2665
66.5753
67.9008
69.2431
70.6022
71.9785
73.3719
74.7827
76.2109
77.6567
79.1203
80.6017
82.1012
83.6187
85.1545
86.7085
88.2809
89.8718
91.4813
93.1094
94.7562
96.4219
98.1064
99.8098
101.532
103.274
105.034
106.814
108.613
110.431
112.268
114.124
116
117.894
119.808
121.741
123.694
125.665
127.656
129.665
131.694
133.741
135.808
137.893
139.996
142.119
144.26
146.419
148.597
150.793
153.007
155.24
157.49
159.758
162.044
164.348
166.67
169.009
171.366
173.741
176.134
178.544
180.971
183.416
185.879
188.359
190.855
193.367
195.893
198.433
200.986
203.551
206.128
208.715
211.312
213.919
216.535
219.159
221.79
224.428
227.072
229.721
232.375
235.032
237.694
240.358
243.025
245.694
248.365
251.038
253.71
256.381
259.047
261.706
264.358
266.999
269.628
272.245
274.846
277.431
279.997
282.542
285.064
287.561
290.031
292.472
294.881
297.255
299.592
301.89
304.145
306.356
308.518
310.63
312.687
314.688
316.629
318.507
320.318
322.06
323.729
325.322
326.836
328.268
329.614
330.871
332.036
333.106
334.077
334.947
335.713
336.371
336.919
337.356
337.678
337.881
337.973
337.972
337.843
337.592
337.222
336.731
336.118
335.384
334.532
333.561
332.475
331.274
329.962
328.54
327.012
325.381
323.651
321.826
319.91
317.906
315.82
313.655
311.416
309.109
306.738
304.308
301.824
299.292
296.716
294.102
291.454
288.778
286.078
283.36
280.628
277.887
275.141
272.394
269.651
266.915
264.19
261.48
258.789
256.121
253.482
250.878
248.322
245.83
243.41
241.053
238.749
236.488
234.267
232.084
229.938
227.828
225.754
223.716
221.713
219.747
217.817
215.924
214.067
212.246
210.462
208.714
207.001
205.324
203.682
202.075
200.502
198.962
197.456
195.983
194.542
193.133
191.755
190.41
189.097
187.812
186.556
185.328
184.127
182.953
181.804
180.68
179.579
178.503
177.449
176.417
175.408
174.42
173.452
172.505
171.578
170.67
169.78
168.909
168.055
167.218
166.398
165.593
164.804
164.031
163.272
162.527
161.796
161.08
160.375
159.682
159
158.329
157.67
157.023
156.387
155.761
155.146
154.541
153.946
153.361
152.788
152.227
151.694
151.253
151.252
9.83804
4.39362
3.15251
2.71525
2.53445
2.469
2.46737
2.50729
2.57726
2.67087
2.78434
2.91536
3.06249
3.22481
3.40176
3.593
3.79835
4.01773
4.25111
4.49854
4.76006
5.03574
5.32562
5.6297
5.94794
6.28024
6.62648
6.98646
7.36001
7.74692
8.14701
8.5601
8.98602
9.42458
9.8756
10.3389
10.8144
11.3018
11.801
12.3119
12.8342
13.3678
13.9127
14.4688
15.036
15.6143
16.2035
16.804
17.4155
18.0379
18.671
19.315
19.9699
20.6355
21.3117
21.9985
22.6956
23.403
24.1204
24.8481
25.5863
26.3353
27.0951
27.8659
28.6477
29.4405
30.2445
31.0597
31.8863
32.7242
33.5735
34.4345
35.3072
36.1917
37.0885
37.9976
38.9192
39.8533
40.8001
41.7598
42.7324
43.7182
44.7172
45.7297
46.7558
47.7956
48.8493
49.9171
50.999
52.0952
53.2059
54.3312
55.4713
56.6264
57.7965
58.9818
60.1825
61.3987
62.6304
63.8778
65.1411
66.4203
67.7156
69.0271
70.3549
71.6991
73.0598
74.4372
75.8314
77.2425
78.6707
80.1161
81.5789
83.059
84.5565
86.0716
87.6043
89.1546
90.7227
92.3086
93.9124
95.5341
97.1738
98.8315
100.507
102.201
103.913
105.643
107.392
109.158
110.943
112.746
114.567
116.406
118.263
120.139
122.032
123.944
125.873
127.821
129.786
131.769
133.769
135.787
137.823
139.876
141.946
144.034
146.139
148.26
150.399
152.554
154.726
156.915
159.12
161.342
163.58
165.834
168.104
170.391
172.693
175.011
177.344
179.692
182.055
184.432
186.823
189.226
191.641
194.067
196.505
198.952
201.409
203.876
206.351
208.833
211.324
213.821
216.324
218.833
221.347
223.866
226.388
228.914
231.443
233.974
236.507
239.04
241.574
244.106
246.635
249.159
251.677
254.187
256.688
259.179
261.657
264.121
266.57
269.001
271.414
273.805
276.174
278.517
280.834
283.121
285.377
287.598
289.784
291.931
294.036
296.097
298.111
300.076
301.989
303.846
305.645
307.382
309.056
310.662
312.197
313.66
315.045
316.351
317.574
318.712
319.76
320.717
321.58
322.344
323.009
323.571
324.029
324.381
324.623
324.752
324.793
324.717
324.526
324.221
323.801
323.267
322.618
321.856
320.982
319.998
318.905
317.705
316.401
314.996
313.493
311.894
310.204
308.425
306.563
304.621
302.604
300.515
298.36
296.143
293.869
291.543
289.169
286.753
284.299
281.813
279.298
276.76
274.203
271.632
269.052
266.465
263.878
261.292
258.713
256.144
253.588
251.05
248.532
246.039
243.577
241.155
238.78
236.459
234.19
231.968
229.787
227.645
225.54
223.472
221.441
219.445
217.485
215.561
213.673
211.821
210.005
208.225
206.48
204.771
203.097
201.458
199.854
198.283
196.747
195.243
193.773
192.334
190.928
189.552
188.207
186.893
185.609
184.354
183.127
181.927
180.754
179.606
178.483
177.385
176.309
175.257
174.227
173.217
172.229
171.261
170.313
169.383
168.472
167.578
166.702
165.842
164.998
164.17
163.356
162.557
161.772
161
160.241
159.495
158.76
158.038
157.327
156.627
155.937
155.256
154.585
153.924
153.273
152.632
152.001
151.38
150.771
150.175
149.593
149.027
148.484
147.981
147.574
147.494
11.7257
5.17462
3.68816
3.15115
2.91727
2.8195
2.7967
2.82183
2.88147
2.9679
3.07657
3.20466
3.35037
3.51257
3.69048
3.88363
4.0917
4.31449
4.55184
4.80367
5.06989
5.35043
5.64519
5.95408
6.27693
6.6136
6.96387
7.32755
7.70441
8.09421
8.49672
8.91174
9.33903
9.7784
10.2296
10.6926
11.167
11.6528
12.1497
12.6577
13.1765
13.7062
14.2465
14.7974
15.3588
15.9307
16.5131
17.106
17.7092
18.3226
18.9463
19.5801
20.2239
20.8777
21.5418
22.216
22.9005
23.5953
24.3006
25.0165
25.7429
26.48
27.2278
27.9864
28.756
29.5365
30.3279
31.1304
31.944
32.7689
33.605
34.4526
35.3115
36.1817
37.0639
37.9583
38.8649
39.7839
40.7155
41.6598
42.6169
43.5871
44.5703
45.5669
46.5768
47.6002
48.6373
49.6883
50.7531
51.8321
52.9253
54.0329
55.1551
56.2918
57.4434
58.6098
59.7914
60.988
62.2
63.4273
64.6702
65.9287
67.203
68.4931
69.7992
71.1214
72.4597
73.8144
75.1854
76.5729
77.9769
79.3981
80.8363
82.2916
83.7639
85.2534
86.7601
88.284
89.8254
91.3841
92.9603
94.5541
96.1654
97.7943
99.4409
101.105
102.787
104.487
106.204
107.939
109.692
111.463
113.251
115.057
116.881
118.722
120.581
122.458
124.352
126.263
128.191
130.137
132.1
134.081
136.078
138.092
140.122
142.17
144.234
146.314
148.41
150.523
152.652
154.797
156.958
159.134
161.326
163.533
165.756
167.993
170.246
172.512
174.793
177.088
179.396
181.717
184.05
186.395
188.751
191.118
193.495
195.881
198.277
200.681
203.094
205.514
207.941
210.374
212.814
215.259
217.709
220.164
222.623
225.085
227.549
230.016
232.484
234.953
237.421
239.887
242.35
244.809
247.261
249.707
252.143
254.57
256.986
259.389
261.777
264.149
266.504
268.839
271.153
273.444
275.709
277.948
280.157
282.334
284.478
286.585
288.654
290.681
292.665
294.602
296.49
298.325
300.107
301.83
303.493
305.092
306.624
308.087
309.477
310.791
312.026
313.18
314.249
315.23
316.121
316.918
317.62
318.223
318.726
319.128
319.425
319.613
319.699
319.686
319.559
319.319
318.966
318.502
317.927
317.241
316.445
315.54
314.529
313.413
312.194
310.875
309.459
307.949
306.348
304.66
302.888
301.037
299.11
297.113
295.049
292.923
290.74
288.504
286.22
283.893
281.528
279.13
276.703
274.252
271.781
269.295
266.798
264.295
261.789
259.285
256.785
254.294
251.816
249.353
246.909
244.488
242.095
239.735
237.415
235.138
232.905
230.715
228.564
226.451
224.376
222.336
220.334
218.367
216.436
214.541
212.683
210.86
209.074
207.323
205.607
203.927
202.282
200.672
199.096
197.554
196.046
194.57
193.126
191.715
190.334
188.985
187.665
186.375
185.115
183.882
182.677
181.499
180.345
179.217
178.112
177.031
175.973
174.936
173.92
172.925
171.949
170.993
170.055
169.134
168.23
167.343
166.471
165.614
164.772
163.943
163.128
162.326
161.536
160.757
159.99
159.233
158.487
157.751
157.024
156.307
155.599
154.899
154.207
153.524
152.85
152.185
151.53
150.886
150.255
149.637
149.036
148.456
147.901
147.39
146.966
146.78
13.4384
5.91658
4.20935
3.58166
3.29944
3.17241
3.13087
3.14307
3.19384
3.27429
3.37909
3.50493
3.6497
3.81201
3.99091
4.18578
4.39618
4.6218
4.86239
5.11777
5.38776
5.67219
5.97089
6.28367
6.61033
6.95065
7.30439
7.6713
8.05113
8.44362
8.84852
9.26559
9.69458
10.1353
10.5875
11.051
11.5256
12.0111
12.5074
13.0144
13.5319
14.0598
14.5981
15.1466
15.7053
16.2742
16.8532
17.4422
18.0413
18.6504
19.2695
19.8985
20.5375
21.1865
21.8454
22.5145
23.1937
23.8832
24.583
25.2932
26.0139
26.745
27.4868
28.2391
29.0021
29.7759
30.5608
31.3567
32.1638
32.9823
33.8121
34.6536
35.5067
36.3718
37.2491
38.1385
39.0402
39.9543
40.8811
41.8205
42.7729
43.7383
44.7169
45.7087
46.7139
47.7327
48.7651
49.8113
50.8714
51.9457
53.0341
54.1368
55.2541
56.3859
57.5325
58.6939
59.8704
61.0619
62.2687
63.4908
64.7284
65.9815
67.2504
68.5351
69.8357
71.1523
72.485
73.834
75.1992
76.5809
77.9789
79.394
80.826
82.275
83.741
85.2241
86.7243
88.2418
89.7766
91.3288
92.8983
94.4854
96.09
97.7121
99.3518
101.009
102.684
104.377
106.087
107.815
109.561
111.324
113.105
114.904
116.72
118.554
120.405
122.274
124.16
126.064
127.985
129.922
131.877
133.849
135.838
137.844
139.866
141.904
143.959
146.031
148.118
150.222
152.341
154.476
156.626
158.792
160.973
163.169
165.38
167.605
169.844
172.097
174.364
176.644
178.937
181.242
183.558
185.886
188.225
190.574
192.933
195.301
197.679
200.064
202.458
204.859
207.267
209.682
212.103
214.529
216.96
219.396
221.836
224.279
226.724
229.172
231.622
234.071
236.52
238.966
241.41
243.849
246.283
248.711
251.13
253.54
255.94
258.328
260.702
263.062
265.405
267.73
270.035
272.318
274.578
276.812
279.019
281.196
283.341
285.451
287.525
289.56
291.554
293.503
295.406
297.259
299.06
300.805
302.493
304.119
305.681
307.177
308.602
309.955
311.231
312.428
313.543
314.572
315.514
316.365
317.123
317.785
318.349
318.813
319.175
319.433
319.58
319.63
319.575
319.406
319.126
318.735
318.232
317.62
316.898
316.067
315.13
314.087
312.94
311.693
310.348
308.908
307.376
305.755
304.049
302.263
300.4
298.464
296.46
294.392
292.266
290.085
287.855
285.58
283.265
280.915
278.534
276.128
273.7
271.256
268.8
266.335
263.867
261.398
258.933
256.475
254.028
251.596
249.18
246.786
244.417
242.077
239.772
237.503
235.274
233.083
230.93
228.814
226.735
224.693
222.686
220.716
218.782
216.885
215.024
213.199
211.41
209.657
207.94
206.259
204.613
203.001
201.425
199.882
198.372
196.896
195.452
194.04
192.658
191.308
189.987
188.696
187.433
186.198
184.99
183.808
182.651
181.518
180.409
179.323
178.258
177.215
176.192
175.189
174.205
173.239
172.291
171.359
170.443
169.542
168.656
167.783
166.924
166.077
165.242
164.418
163.606
162.803
162.01
161.227
160.452
159.686
158.929
158.179
157.437
156.702
155.974
155.254
154.542
153.839
153.146
152.464
151.795
151.14
150.504
149.89
149.303
148.757
148.284
147.979
14.9739
6.61236
4.71172
4.00281
3.67679
3.52311
3.46462
3.46514
3.50796
3.58306
3.68441
3.80825
3.95213
4.11445
4.29407
4.49025
4.70243
4.93019
5.17322
5.43125
5.70403
5.99135
6.29296
6.60863
6.93812
7.28116
7.6375
8.00686
8.38897
8.78355
9.19034
9.60909
10.0395
10.4815
10.9347
11.3989
11.874
12.3598
12.8562
13.3631
13.8802
14.4075
14.945
15.4926
16.0502
16.6178
17.1954
17.7829
18.3803
18.9876
19.6048
20.232
20.8691
21.5161
22.1733
22.8405
23.5179
24.2056
24.9037
25.6121
26.3311
27.0607
27.8009
28.5519
29.3137
30.0865
30.8704
31.6656
32.4721
33.2901
34.1197
34.9611
35.8143
36.6797
37.5572
38.4471
39.3494
40.2643
41.1919
42.1323
43.0857
44.0522
45.0319
46.025
47.0317
48.052
49.0861
50.1342
51.1964
52.2727
53.3634
54.4686
55.5884
56.7229
57.8723
59.0367
60.2162
61.411
62.6211
63.8467
65.088
66.3449
67.6177
68.9065
70.2114
71.5324
72.8698
74.2235
75.5939
76.9809
78.3847
79.8056
81.2435
82.6986
84.1708
85.6603
87.1672
88.6915
90.2333
91.7927
93.3697
94.9644
96.5768
98.207
99.855
101.521
103.205
104.906
106.626
108.363
110.118
111.892
113.683
115.492
117.319
119.163
121.026
122.906
124.804
126.719
128.651
130.602
132.569
134.553
136.555
138.573
140.609
142.661
144.729
146.814
148.915
151.033
153.166
155.315
157.479
159.659
161.854
164.063
166.288
168.527
170.779
173.046
175.326
177.618
179.924
182.241
184.57
186.91
189.261
191.622
193.993
196.374
198.763
201.161
203.567
205.98
208.401
210.828
213.262
215.7
218.145
220.593
223.046
225.502
227.96
230.421
232.882
235.344
237.805
240.265
242.721
245.174
247.622
250.063
252.498
254.924
257.34
259.745
262.138
264.517
266.88
269.226
271.554
273.862
276.147
278.408
280.643
282.849
285.026
287.17
289.279
291.352
293.384
295.375
297.32
299.218
301.066
302.861
304.6
306.28
307.899
309.452
310.937
312.352
313.692
314.955
316.137
317.237
318.25
319.174
320.006
320.744
321.385
321.927
322.367
322.704
322.934
323.057
323.078
322.987
322.785
322.47
322.044
321.506
320.858
320.099
319.232
318.257
317.177
315.994
314.711
313.33
311.854
310.287
308.633
306.895
305.078
303.185
301.221
299.191
297.099
294.951
292.75
290.501
288.211
285.882
283.521
281.132
278.719
276.288
273.842
271.387
268.925
266.462
264
261.544
259.098
256.664
254.246
251.847
249.471
247.122
244.803
242.518
240.267
238.053
235.875
233.733
231.627
229.558
227.524
225.528
223.567
221.644
219.757
217.907
216.093
214.316
212.575
210.87
209.2
207.566
205.967
204.402
202.871
201.373
199.907
198.474
197.072
195.701
194.359
193.047
191.763
190.507
189.278
188.075
186.896
185.742
184.61
183.502
182.414
181.348
180.301
179.274
178.265
177.273
176.298
175.339
174.394
173.464
172.548
171.644
170.753
169.873
169.003
168.144
167.294
166.454
165.622
164.798
163.981
163.172
162.37
161.574
160.785
160.003
159.226
158.457
157.695
156.942
156.198
155.465
154.745
154.041
153.355
152.691
152.054
151.454
150.91
150.483
16.3392
7.26272
5.19439
4.41307
4.04726
3.86905
3.79451
3.7843
3.81957
3.88952
3.98748
4.10924
4.25205
4.41406
4.594
4.79097
5.00429
5.23349
5.47816
5.73798
6.01264
6.30188
6.60543
6.92301
7.25435
7.59918
7.95721
8.32815
8.71173
9.10767
9.51569
9.93553
10.3669
10.8097
11.2636
11.7284
12.204
12.6901
13.1868
13.6937
14.2109
14.7382
15.2755
15.8229
16.3802
16.9475
17.5247
18.1119
18.7089
19.3159
19.9328
20.5597
21.1967
21.8437
22.5009
23.1682
23.8459
24.534
25.2326
25.9417
26.6615
27.392
28.1334
28.8857
29.6492
30.4238
31.2098
32.0072
32.8162
33.637
34.4696
35.3142
36.1709
37.0399
37.9214
38.8154
39.7221
40.6416
41.574
42.5196
43.4784
44.4505
45.4361
46.4353
47.4484
48.4753
49.5164
50.5716
51.6411
52.7251
53.8237
54.937
56.0652
57.2084
58.3668
59.5404
60.7293
61.9338
63.154
64.3899
65.6417
66.9096
68.1936
69.4939
70.8106
72.1438
73.4937
74.8603
76.2438
77.6444
79.0622
80.4973
81.9497
83.4196
84.9071
86.4123
87.9351
89.4758
91.0344
92.611
94.2056
95.8183
97.4492
99.0983
100.766
102.451
104.155
105.878
107.618
109.377
111.155
112.951
114.765
116.597
118.448
120.317
122.204
124.11
126.033
127.975
129.934
131.912
133.907
135.919
137.949
139.997
142.062
144.143
146.242
148.357
150.489
152.638
154.802
156.983
159.18
161.392
163.619
165.861
168.118
170.39
172.676
174.975
177.288
179.614
181.953
184.303
186.666
189.04
191.424
193.819
196.224
198.639
201.063
203.495
205.936
208.384
210.84
213.303
215.771
218.246
220.726
223.21
225.698
228.19
230.685
233.182
235.679
238.178
240.675
243.171
245.665
248.155
250.641
253.121
255.595
258.061
260.517
262.964
265.399
267.82
270.228
272.619
274.993
277.348
279.681
281.992
284.278
286.538
288.768
290.968
293.134
295.265
297.358
299.411
301.421
303.385
305.3
307.165
308.975
310.728
312.421
314.051
315.614
317.108
318.53
319.876
321.142
322.327
323.427
324.439
325.359
326.186
326.917
327.548
328.078
328.504
328.825
329.036
329.138
329.133
329.015
328.783
328.437
327.978
327.405
326.72
325.923
325.016
324
322.879
321.653
320.326
318.901
317.381
315.77
314.071
312.29
310.429
308.493
306.487
304.416
302.285
300.098
297.86
295.577
293.253
290.893
288.502
286.085
283.646
281.191
278.724
276.248
273.769
271.289
268.813
266.345
263.888
261.445
259.019
256.615
254.235
251.882
249.56
247.271
245.015
242.794
240.609
238.459
236.345
234.267
232.226
230.222
228.255
226.324
224.431
222.575
220.756
218.974
217.228
215.518
213.845
212.206
210.602
209.032
207.497
205.994
204.523
203.084
201.676
200.298
198.95
197.63
196.338
195.073
193.833
192.618
191.427
190.26
189.114
187.99
186.886
185.802
184.736
183.688
182.657
181.641
180.641
179.656
178.683
177.723
176.776
175.839
174.913
173.996
173.089
172.19
171.299
170.416
169.539
168.669
167.804
166.946
166.093
165.246
164.404
163.568
162.738
161.914
161.099
160.293
159.498
158.716
157.95
157.202
156.475
155.773
155.103
154.474
153.926
17.5556
7.87774
5.66312
4.81551
4.41195
4.20982
4.11929
4.09831
4.12587
4.19045
4.28474
4.40409
4.54544
4.70672
4.88646
5.08364
5.29749
5.52743
5.773
6.0338
6.30951
6.59981
6.90439
7.22298
7.55529
7.90101
8.25986
8.63156
9.01581
9.41235
9.82089
10.2412
10.673
11.1161
11.5702
12.0352
12.511
12.9972
13.494
14.001
14.5182
15.0455
15.583
16.1304
16.6879
17.2553
17.8327
18.4201
19.0175
19.6249
20.2424
20.87
21.5077
22.1557
22.814
23.4827
24.1619
24.8516
25.552
26.2632
26.9853
27.7184
28.4625
29.2179
29.9847
30.7629
31.5528
32.3543
33.1678
33.9933
34.8309
35.6808
36.5432
37.4181
38.3058
39.2063
40.1199
41.0466
41.9865
42.9399
43.9068
44.8874
45.8818
46.8902
47.9128
48.9495
50.0007
51.0665
52.1469
53.2421
54.3523
55.4775
56.618
57.7739
58.9453
60.1323
61.3351
62.5538
63.7885
65.0395
66.3067
67.5904
68.8907
70.2077
71.5416
72.8925
74.2605
75.6457
77.0484
78.4685
79.9063
81.3619
82.8354
84.3269
85.8365
87.3642
88.9103
90.4748
92.0577
93.6591
95.2793
96.9181
98.5757
100.252
101.947
103.662
105.395
107.147
108.918
110.708
112.518
114.346
116.194
118.06
119.945
121.85
123.773
125.715
127.676
129.655
131.653
133.67
135.705
137.758
139.829
141.919
144.026
146.151
148.293
150.453
152.63
154.823
157.034
159.261
161.504
163.763
166.038
168.329
170.634
172.955
175.289
177.638
180.001
182.377
184.765
187.167
189.58
192.005
194.441
196.887
199.344
201.811
204.287
206.772
209.266
211.767
214.276
216.792
219.315
221.843
224.377
226.915
229.458
232.005
234.554
237.105
239.658
242.211
244.764
247.315
249.865
252.411
254.954
257.491
260.022
262.546
265.062
267.568
270.063
272.546
275.015
277.469
279.906
282.326
284.725
287.103
289.457
291.786
294.087
296.359
298.599
300.805
302.975
305.106
307.195
309.24
311.238
313.187
315.083
316.924
318.706
320.426
322.081
323.669
325.185
326.627
327.991
329.273
330.472
331.583
332.603
333.53
334.361
335.092
335.721
336.246
336.664
336.973
337.169
337.253
337.226
337.082
336.823
336.446
335.953
335.345
334.621
333.783
332.832
331.772
330.603
329.328
327.951
326.475
324.903
323.239
321.487
319.651
317.736
315.747
313.689
311.565
309.382
307.144
304.856
302.524
300.153
297.748
295.313
292.853
290.374
287.88
285.375
282.864
280.351
277.839
275.333
272.836
270.352
267.883
265.433
263.006
260.605
258.231
255.888
253.577
251.3
249.057
246.849
244.677
242.541
240.441
238.379
236.354
234.366
232.416
230.504
228.629
226.791
224.991
223.227
221.499
219.808
218.151
216.53
214.942
213.388
211.867
210.378
208.92
207.493
206.095
204.726
203.385
202.071
200.782
199.519
198.279
197.062
195.867
194.694
193.54
192.406
191.29
190.191
189.108
188.041
186.988
185.948
184.922
183.907
182.904
181.91
180.927
179.952
178.985
178.025
177.073
176.126
175.186
174.251
173.321
172.395
171.474
170.558
169.646
168.74
167.839
166.944
166.056
165.178
164.31
163.456
162.616
161.795
160.993
160.213
159.459
158.734
158.063
18.8903
8.53048
6.14747
5.22378
4.77729
4.54803
4.43942
4.40635
4.42522
4.48368
4.57366
4.69003
4.82937
4.98935
5.16834
5.36515
5.5789
5.80892
6.05469
6.31577
6.59177
6.88235
7.1872
7.506
7.83847
8.18429
8.54318
8.91486
9.29904
9.69545
10.1038
10.5239
10.9555
11.3983
11.8522
12.317
12.7925
13.2786
13.7751
14.2819
14.799
15.3263
15.8638
16.4113
16.9689
17.5366
18.1144
18.7023
19.3003
19.9085
20.5269
21.1556
21.7946
22.4441
23.1041
23.7747
24.456
25.1481
25.8512
26.5653
27.2905
28.027
28.7749
29.5343
30.3053
31.0882
31.883
32.6899
33.5089
34.3404
35.1843
36.0409
36.9103
37.7926
38.688
39.5967
40.5187
41.4542
42.4034
43.3664
44.3433
45.3344
46.3396
47.3593
48.3935
49.4423
50.506
51.5847
52.6784
53.7875
54.9119
56.0518
57.2075
58.379
59.5664
60.77
61.9899
63.2262
64.479
65.7485
67.0349
68.3383
69.6588
70.9965
72.3518
73.7245
75.115
76.5234
77.9498
79.3943
80.8571
82.3383
83.838
85.3564
86.8936
88.4496
90.0247
91.6189
93.2322
94.8649
96.517
98.1885
99.8796
101.59
103.321
105.071
106.841
108.63
110.44
112.269
114.119
115.988
117.877
119.786
121.715
123.664
125.632
127.62
129.628
131.655
133.702
135.768
137.854
139.958
142.082
144.224
146.385
148.564
150.761
152.977
155.211
157.462
159.73
162.016
164.319
166.638
168.973
171.325
173.692
176.075
178.472
180.884
183.31
185.75
188.203
190.669
193.148
195.639
198.141
200.654
203.178
205.712
208.255
210.808
213.37
215.939
218.517
221.102
223.693
226.291
228.894
231.502
234.114
236.73
239.349
241.971
244.593
247.217
249.84
252.462
255.083
257.7
260.314
262.923
265.527
268.123
270.712
273.292
275.861
278.419
280.964
283.494
286.009
288.507
290.985
293.443
295.878
298.289
300.673
303.03
305.355
307.648
309.906
312.127
314.307
316.445
318.537
320.581
322.574
324.513
326.394
328.216
329.974
331.665
333.286
334.833
336.303
337.694
339
340.22
341.349
342.385
343.324
344.164
344.9
345.531
346.054
346.467
346.767
346.949
347.017
346.968
346.8
346.511
346.103
345.575
344.927
344.161
343.278
342.28
341.169
339.947
338.618
337.184
335.65
334.018
332.293
330.479
328.581
326.604
324.552
322.43
320.244
317.999
315.7
313.352
310.961
308.532
306.069
303.579
301.066
298.534
295.989
293.435
290.876
288.316
285.76
283.21
280.672
278.147
275.64
273.153
270.69
268.253
265.845
263.468
261.122
258.811
256.533
254.291
252.086
249.916
247.785
245.69
243.634
241.615
239.634
237.692
235.787
233.92
232.09
230.297
228.541
226.82
225.135
223.484
221.868
220.284
218.733
217.214
215.726
214.267
212.838
211.436
210.062
208.713
207.389
206.089
204.812
203.557
202.323
201.109
199.913
198.735
197.575
196.429
195.299
194.182
193.079
191.987
190.907
189.837
188.776
187.724
186.68
185.643
184.612
183.587
182.568
181.553
180.543
179.537
178.535
177.536
176.541
175.55
174.563
173.58
172.604
171.635
170.675
169.724
168.787
167.864
166.958
166.07
165.201
164.353
163.522
162.725
21.3404
9.42342
6.70753
5.65966
5.15168
4.88672
4.75554
4.70781
4.71633
4.76748
4.85226
4.96491
5.10159
5.25968
5.43732
5.63316
5.84622
6.07572
6.32107
6.58177
6.8574
7.14759
7.45201
7.77033
8.10225
8.44748
8.80572
9.17669
9.56012
9.95575
10.3633
10.7826
11.2134
11.6554
12.1085
12.5725
13.0473
13.5328
14.0287
14.535
15.0517
15.5787
16.1159
16.6634
17.221
17.7889
18.367
18.9553
19.554
20.163
20.7824
21.4123
22.0528
22.704
23.3659
24.0386
24.7224
25.4172
26.1232
26.8405
27.5693
28.3097
29.0617
29.8257
30.6016
31.3897
32.1901
33.0029
33.8282
34.6664
35.5174
36.3815
37.2587
38.1493
39.0534
39.9711
40.9027
41.8482
42.8078
43.7817
44.7699
45.7727
46.7903
47.8226
48.87
49.9326
51.0105
52.1038
53.2128
54.3376
55.4782
56.635
57.808
58.9974
60.2033
61.4259
62.6654
63.9219
65.1955
66.4865
67.7949
69.121
70.4649
71.8267
73.2067
74.6049
76.0216
77.4568
78.9107
80.3836
81.8755
83.3865
84.9169
86.4668
88.0362
89.6254
91.2344
92.8634
94.5125
96.1818
97.8714
99.5813
101.312
103.063
104.834
106.627
108.44
110.274
112.129
114.004
115.901
117.819
119.757
121.716
123.697
125.698
127.719
129.762
131.825
133.909
136.014
138.138
140.283
142.448
144.633
146.838
149.063
151.306
153.569
155.851
158.152
160.472
162.809
165.165
167.538
169.929
172.336
174.761
177.201
179.658
182.13
184.618
187.12
189.637
192.167
194.711
197.268
199.837
202.418
205.011
207.614
210.229
212.853
215.487
218.13
220.781
223.44
226.107
228.781
231.461
234.146
236.837
239.532
242.231
244.932
247.636
250.342
253.049
255.755
258.46
261.164
263.865
266.563
269.256
271.943
274.625
277.298
279.963
282.618
285.261
287.893
290.51
293.113
295.698
298.266
300.813
303.339
305.841
308.318
310.768
313.188
315.577
317.931
320.25
322.529
324.767
326.961
329.109
331.206
333.251
335.239
337.169
339.037
340.838
342.571
344.231
345.816
347.32
348.742
350.077
351.322
352.474
353.528
354.482
355.333
356.077
356.711
357.234
357.641
357.932
358.1
358.15
358.079
357.883
357.564
357.121
356.553
355.863
355.051
354.118
353.067
351.899
350.619
349.229
347.731
346.131
344.433
342.639
340.756
338.788
336.74
334.617
332.424
330.167
327.851
325.482
323.065
320.605
318.109
315.58
313.025
310.448
307.854
305.248
302.635
300.018
297.402
294.791
292.188
289.597
287.022
284.466
281.932
279.422
276.939
274.485
272.063
269.673
267.317
264.996
262.711
260.462
258.251
256.077
253.942
251.845
249.786
247.766
245.784
243.84
241.934
240.065
238.234
236.439
234.679
232.955
231.266
229.61
227.987
226.396
224.836
223.307
221.806
220.334
218.889
217.47
216.076
214.706
213.358
212.033
210.727
209.442
208.175
206.925
205.692
204.474
203.271
202.081
200.902
199.736
198.579
197.433
196.294
195.164
194.041
192.923
191.812
190.705
189.603
188.504
187.409
186.317
185.228
184.142
183.059
181.979
180.902
179.83
178.763
177.703
176.651
175.609
174.579
173.563
172.563
171.579
170.611
169.659
168.714
167.787
24.0012
10.3785
7.29322
6.10551
5.5277
5.22219
5.06526
5.00069
4.99745
5.04015
5.11883
5.22701
5.36036
5.51595
5.69165
5.88597
6.09777
6.32618
6.57054
6.83029
7.10497
7.39419
7.69758
8.01481
8.34559
8.6896
9.04657
9.41623
9.79831
10.1926
10.5987
11.0166
11.446
11.8867
12.3385
12.8013
13.2749
13.7592
14.2541
14.7596
15.2755
15.8018
16.3385
16.8855
17.4429
18.0107
18.5889
19.1775
19.7766
20.3863
21.0067
21.6377
22.2796
22.9323
23.5961
24.271
24.9572
25.6547
26.3638
27.0844
27.8169
28.5613
29.3177
30.0864
30.8674
31.661
32.4672
33.2862
34.1183
34.9635
35.822
36.694
37.5796
38.479
39.3924
40.3199
41.2616
42.2178
43.1886
44.1742
45.1747
46.1902
47.221
48.2672
49.329
50.4064
51.4998
52.6092
53.7348
54.8768
56.0353
57.2105
58.4026
59.6117
60.838
62.0816
63.3428
64.6217
65.9185
67.2333
68.5663
69.9177
71.2877
72.6764
74.084
75.5107
76.9566
78.422
79.9069
81.4116
82.9362
84.4809
86.0459
87.6312
89.2371
90.8637
92.5111
94.1796
95.8691
97.5798
99.312
101.066
102.841
104.637
106.456
108.296
110.159
112.043
113.949
115.878
117.828
119.801
121.795
123.812
125.851
127.912
129.995
132.1
134.226
136.375
138.545
140.737
142.95
145.184
147.44
149.716
152.014
154.331
156.669
159.027
161.405
163.803
166.22
168.655
171.109
173.582
176.073
178.581
181.106
183.648
186.206
188.781
191.37
193.975
196.594
199.227
201.874
204.534
207.206
209.89
212.586
215.292
218.009
220.736
223.472
226.217
228.97
231.731
234.498
237.272
240.052
242.837
245.626
248.419
251.215
254.013
256.812
259.613
262.413
265.213
268.01
270.805
273.597
276.384
279.165
281.94
284.708
287.467
290.216
292.954
295.68
298.393
301.091
303.773
306.436
309.081
311.704
314.304
316.88
319.429
321.95
324.44
326.897
329.319
331.703
334.046
336.347
338.602
340.809
342.964
345.064
347.107
349.088
351.005
352.854
354.632
356.334
357.957
359.499
360.954
362.319
363.59
364.765
365.838
366.808
367.67
368.421
369.058
369.578
369.979
370.257
370.41
370.439
370.342
370.116
369.762
369.279
368.667
367.929
367.064
366.076
364.966
363.736
362.39
360.932
359.364
357.692
355.919
354.05
352.091
350.045
347.918
345.717
343.445
341.11
338.715
336.269
333.774
331.239
328.667
326.064
323.436
320.787
318.123
315.448
312.767
310.084
307.403
304.729
302.065
299.414
296.78
294.166
291.575
289.01
286.472
283.965
281.489
279.046
276.638
274.265
271.929
269.63
267.369
265.146
262.961
260.816
258.709
256.641
254.611
252.62
250.667
248.751
246.873
245.03
243.224
241.452
239.714
238.01
236.338
234.698
233.088
231.507
229.955
228.429
226.93
225.456
224.006
222.579
221.173
219.788
218.421
217.073
215.743
214.428
213.127
211.841
210.567
209.305
208.054
206.812
205.579
204.354
203.135
201.923
200.717
199.515
198.317
197.122
195.931
194.742
193.555
192.37
191.188
190.007
188.829
187.655
186.483
185.317
184.157
183.005
181.863
180.731
179.614
178.51
177.421
176.346
175.281
174.216
173.157
26.6995
11.338
7.87745
6.54696
5.8971
5.54935
5.36521
5.28226
5.26649
5.29993
5.37179
5.47484
5.60428
5.75679
5.93004
6.12231
6.33233
6.55916
6.80202
7.06031
7.33353
7.62125
7.92309
8.23872
8.56781
8.91009
9.26526
9.63307
10.0133
10.4056
10.8099
11.2258
11.6533
12.0922
12.5422
13.0032
13.4752
13.9579
14.4514
14.9554
15.4701
15.9953
16.5311
17.0773
17.6341
18.2015
18.7794
19.368
19.9673
20.5774
21.1984
21.8303
22.4733
23.1275
23.793
24.4699
25.1583
25.8584
26.5704
27.2943
28.0304
28.7787
29.5395
30.3128
31.0989
31.898
32.7101
33.5355
34.3743
35.2267
36.0929
36.9731
37.8673
38.7758
39.6988
40.6364
41.5888
42.5562
43.5388
44.5366
45.5499
46.5789
47.6237
48.6845
49.7615
50.8548
51.9646
53.0912
54.2346
55.395
56.5727
57.7677
58.9803
60.2107
61.459
62.7255
64.0102
65.3134
66.6353
67.9761
69.3359
70.715
72.1134
73.5315
74.9694
76.4273
77.9054
79.4039
80.9229
82.4627
84.0234
85.6052
87.2084
88.833
90.4792
92.1472
93.8373
95.5494
97.2838
99.0407
100.82
102.622
104.447
106.295
108.166
110.06
111.977
113.917
115.881
117.868
119.879
121.913
123.97
126.051
128.155
130.283
132.434
134.609
136.807
139.028
141.272
143.538
145.828
148.14
150.475
152.832
155.21
157.611
160.033
162.477
164.941
167.426
169.932
172.457
175.003
177.567
180.151
182.753
185.373
188.011
190.666
193.338
196.026
198.73
201.449
204.182
206.93
209.691
212.466
215.252
218.051
220.861
223.682
226.513
229.353
232.203
235.06
237.926
240.798
243.677
246.561
249.451
252.345
255.242
258.142
261.045
263.948
266.852
269.756
272.659
275.559
278.457
281.351
284.24
287.124
290.001
292.87
295.73
298.581
301.421
304.248
307.062
309.861
312.644
315.409
318.155
320.881
323.584
326.262
328.915
331.54
334.134
336.696
339.224
341.715
344.167
346.576
348.942
351.259
353.526
355.74
357.897
359.994
362.028
363.994
365.891
367.713
369.457
371.119
372.696
374.184
375.578
376.875
378.07
379.161
380.144
381.014
381.769
382.406
382.92
383.311
383.573
383.706
383.71
383.581
383.32
382.925
382.396
381.735
380.942
380.019
378.968
377.792
376.493
375.075
373.542
371.897
370.146
368.292
366.34
364.297
362.166
359.955
357.667
355.31
352.889
350.41
347.878
345.3
342.681
340.027
337.344
334.635
331.908
329.167
326.416
323.661
320.905
318.153
315.409
312.676
309.958
307.258
304.579
301.925
299.297
296.698
294.129
291.593
289.091
286.624
284.193
281.799
279.443
277.125
274.846
272.606
270.405
268.243
266.12
264.036
261.99
259.982
258.011
256.078
254.18
252.318
250.49
248.696
246.934
245.204
243.505
241.835
240.194
238.58
236.993
235.43
233.891
232.375
230.88
229.405
227.949
226.511
225.09
223.684
222.293
220.914
219.548
218.193
216.848
215.511
214.183
212.862
211.547
210.237
208.932
207.63
206.332
205.037
203.743
202.452
201.162
199.873
198.586
197.3
196.016
194.734
193.456
192.182
190.914
189.654
188.402
187.162
185.934
184.719
183.517
182.325
181.141
179.951
178.759
29.3991
12.285
8.44917
6.97634
6.25446
5.86417
5.65236
5.55047
5.52163
5.54529
5.6098
5.70722
5.83225
5.98122
6.15153
6.34129
6.54909
6.77387
7.01478
7.27116
7.54247
7.82825
8.12809
8.44166
8.76862
9.10869
9.4616
9.82709
10.2049
10.5949
10.9968
11.4103
11.8355
12.272
12.7197
13.1785
13.6483
14.129
14.6206
15.1228
15.6358
16.1595
16.6939
17.239
17.7947
18.3613
18.9386
19.5268
20.1259
20.736
21.3573
21.9897
22.6336
23.2888
23.9557
24.6343
25.3247
26.0271
26.7418
27.4687
28.2081
28.9602
29.7251
30.503
31.2941
32.0985
32.9165
33.7481
34.5937
35.4533
36.3272
37.2155
38.1185
39.0363
39.969
40.917
41.8803
42.8592
43.8538
44.8644
45.891
46.9339
47.9934
49.0694
50.1623
51.2723
52.3994
53.544
54.7062
55.8862
57.0841
58.3002
59.5347
60.7878
62.0596
63.3504
64.6604
65.9897
67.3386
68.7073
70.096
71.5049
72.9341
74.384
75.8547
77.3465
78.8595
80.3939
81.95
83.528
85.1281
86.7504
88.3953
90.0628
91.7532
93.4666
95.2033
96.9633
98.747
100.554
102.386
104.241
106.121
108.025
109.953
111.906
113.883
115.886
117.913
119.965
122.042
124.144
126.27
128.422
130.599
132.801
135.027
137.279
139.555
141.856
144.181
146.531
148.905
151.304
153.726
156.171
158.641
161.133
163.648
166.186
168.747
171.329
173.933
176.558
179.204
181.871
184.557
187.263
189.989
192.733
195.495
198.275
201.071
203.885
206.714
209.559
212.418
215.292
218.179
221.079
223.991
226.916
229.851
232.796
235.752
238.716
241.689
244.669
247.657
250.65
253.65
256.654
259.662
262.673
265.687
268.703
271.719
274.736
277.752
280.766
283.777
286.785
289.789
292.788
295.78
298.765
301.743
304.71
307.668
310.614
313.547
316.467
319.371
322.259
325.129
327.98
330.81
333.617
336.401
339.158
341.888
344.588
347.256
349.89
352.488
355.047
357.566
360.04
362.468
364.846
367.172
369.442
371.654
373.803
375.886
377.9
379.841
381.705
383.488
385.186
386.795
388.311
389.731
391.049
392.262
393.366
394.357
395.232
395.986
396.616
397.12
397.494
397.735
397.842
397.814
397.648
397.344
396.901
396.32
395.601
394.746
393.757
392.637
391.387
390.012
388.515
386.899
385.171
383.333
381.391
379.35
377.216
374.994
372.691
370.312
367.862
365.35
362.779
360.157
357.489
354.781
352.039
349.268
346.474
343.663
340.839
338.007
335.171
332.337
329.508
326.688
323.88
321.089
318.318
315.569
312.845
310.149
307.482
304.847
302.245
299.677
297.145
294.65
292.193
289.774
287.394
285.052
282.751
280.488
278.265
276.08
273.935
271.827
269.757
267.725
265.729
263.768
261.842
259.951
258.092
256.264
254.468
252.702
250.963
249.253
247.568
245.908
244.272
242.659
241.066
239.494
237.94
236.404
234.884
233.378
231.887
230.408
228.941
227.484
226.037
224.597
223.165
221.74
220.319
218.903
217.491
216.082
214.676
213.271
211.868
210.465
209.064
207.663
206.262
204.863
203.465
202.069
200.676
199.287
197.904
196.527
195.159
193.802
192.455
191.121
189.799
188.484
187.175
185.854
184.527
32.0728
13.2103
9.00245
7.38922
6.5963
6.16392
5.92456
5.80362
5.76146
5.77503
5.83185
5.92327
6.04349
6.18852
6.35549
6.54235
6.74753
6.96986
7.20843
7.46252
7.73153
8.01496
8.31242
8.62352
8.94795
9.28542
9.63566
9.99843
10.3735
10.7607
11.1597
11.5705
11.9928
12.4265
12.8715
13.3277
13.7949
14.2732
14.7623
15.2623
15.7732
16.2949
16.8275
17.3709
17.9252
18.4905
19.0667
19.6541
20.2526
20.8624
21.4835
22.1161
22.7603
23.4163
24.0842
24.7641
25.4562
26.1606
26.8776
27.6072
28.3497
29.1053
29.8741
30.6563
31.4521
32.2617
33.0853
33.923
34.7752
35.6419
36.5234
37.4199
38.3316
39.2587
40.2014
41.1598
42.1342
43.1248
44.1318
45.1554
46.1957
47.2531
48.3276
49.4195
50.529
51.6563
52.8015
53.965
55.1469
56.3474
57.5667
58.8051
60.0627
61.3398
62.6366
63.9533
65.2902
66.6473
68.0251
69.4237
70.8432
72.2841
73.7465
75.2305
76.7366
78.2648
79.8155
81.3888
82.985
84.6044
86.2471
87.9134
89.6034
91.3175
93.0559
94.8187
96.6061
98.4184
100.256
102.118
104.006
105.92
107.859
109.824
111.816
113.833
115.876
117.946
120.043
122.166
124.315
126.491
128.694
130.924
133.18
135.463
137.772
140.108
142.47
144.859
147.274
149.715
152.181
154.674
157.192
159.735
162.304
164.897
167.514
170.156
172.821
175.51
178.222
180.956
183.713
186.491
189.291
192.111
194.952
197.812
200.692
203.59
206.506
209.439
212.389
215.356
218.337
221.334
224.344
227.368
230.405
233.453
236.513
239.584
242.664
245.754
248.852
251.957
255.069
258.188
261.311
264.439
267.57
270.705
273.841
276.978
280.116
283.253
286.388
289.521
292.651
295.776
298.896
302.01
305.117
308.216
311.306
314.386
317.454
320.51
323.553
326.581
329.593
332.588
335.564
338.521
341.456
344.368
347.256
350.118
352.952
355.755
358.528
361.266
363.969
366.633
369.256
371.837
374.371
376.857
379.291
381.671
383.993
386.253
388.449
390.577
392.632
394.612
396.512
398.328
400.056
401.692
403.231
404.669
406.002
407.226
408.337
409.33
410.201
410.948
411.565
412.051
412.401
412.614
412.687
412.619
412.408
412.053
411.554
410.911
410.127
409.202
408.139
406.941
405.611
404.152
402.568
400.864
399.043
397.112
395.075
392.939
390.708
388.389
385.987
383.51
380.963
378.353
375.685
372.967
370.203
367.401
364.566
361.704
358.82
355.919
353.007
350.089
347.169
344.251
341.34
338.44
335.554
332.685
329.837
327.013
324.215
321.445
318.706
316
313.327
310.689
308.088
305.524
302.998
300.511
298.063
295.654
293.285
290.955
288.664
286.412
284.199
282.023
279.885
277.784
275.718
273.687
271.691
269.727
267.796
265.895
264.024
262.182
260.366
258.577
256.813
255.072
253.354
251.656
249.978
248.318
246.676
245.049
243.436
241.837
240.25
238.674
237.108
235.55
233.999
232.456
230.917
229.384
227.854
226.327
224.802
223.279
221.758
220.237
218.716
217.195
215.675
214.154
212.634
211.115
209.597
208.082
206.571
205.065
203.565
202.073
200.592
199.121
197.661
196.211
194.767
193.326
191.871
190.404
34.6954
14.1062
9.5331
7.78263
6.92032
6.4467
6.18037
6.04049
5.98497
5.98831
6.03723
6.12238
6.23751
6.37827
6.54158
6.72519
6.92741
7.14696
7.38285
7.63429
7.90065
8.18142
8.47614
8.78444
9.106
9.44052
9.78774
10.1474
10.5194
10.9033
11.2992
11.7068
12.1259
12.5565
12.9983
13.4514
13.9157
14.391
14.8774
15.3747
15.883
16.4023
16.9326
17.474
18.0264
18.59
19.1647
19.7508
20.3483
20.9572
21.5778
22.2102
22.8544
23.5107
24.1791
24.86
25.5533
26.2594
26.9783
27.7103
28.4556
29.2143
29.9867
30.7729
31.5732
32.3877
33.2167
34.0604
34.919
35.7927
36.6817
37.5863
38.5067
39.4431
40.3957
41.3647
42.3504
43.3529
44.3725
45.4094
46.4639
47.5361
48.6262
49.7345
50.8612
52.0065
53.1707
54.354
55.5565
56.7786
58.0204
59.2823
60.5643
61.8669
63.1901
64.5343
65.8997
67.2865
68.695
70.1255
71.5782
73.0533
74.5511
76.0719
77.6159
79.1833
80.7746
82.3898
84.0293
85.6932
87.382
89.0958
90.8348
92.5994
94.3897
96.206
98.0485
99.9175
101.813
103.736
105.685
107.662
109.666
111.698
113.758
115.845
117.961
120.104
122.276
124.477
126.705
128.962
131.248
133.562
135.905
138.276
140.676
143.103
145.56
148.044
150.556
153.097
155.665
158.26
160.883
163.532
166.209
168.912
171.641
174.395
177.175
179.98
182.81
185.663
188.54
191.44
194.363
197.308
200.274
203.261
206.268
209.295
212.341
215.405
218.486
221.585
224.699
227.829
230.973
234.131
237.303
240.486
243.681
246.887
250.102
253.327
256.559
259.799
263.046
266.298
269.555
272.815
276.079
279.345
282.612
285.879
289.145
292.409
295.672
298.93
302.184
305.432
308.675
311.909
315.135
318.352
321.559
324.754
327.936
331.104
334.258
337.396
340.517
343.619
346.702
349.764
352.803
355.819
358.809
361.772
364.707
367.611
370.484
373.322
376.124
378.888
381.611
384.292
386.927
389.514
392.05
394.532
396.957
399.322
401.623
403.858
406.021
408.11
410.12
412.047
413.888
415.637
417.29
418.844
420.292
421.632
422.858
423.967
424.953
425.813
426.542
427.138
427.597
427.915
428.09
428.12
428.003
427.736
427.321
426.756
426.044
425.185
424.182
423.037
421.754
420.335
418.784
417.106
415.305
413.387
411.355
409.217
406.978
404.644
402.222
399.717
397.136
394.486
391.773
389.004
386.184
383.321
380.421
377.488
374.53
371.551
368.558
365.554
362.546
359.537
356.533
353.536
350.552
347.583
344.633
341.705
338.801
335.925
333.078
330.263
327.481
324.733
322.021
319.346
316.709
314.11
311.55
309.029
306.548
304.106
301.703
299.34
297.015
294.727
292.478
290.265
288.088
285.946
283.839
281.764
279.721
277.71
275.727
273.774
271.847
269.947
268.071
266.218
264.388
262.578
260.787
259.014
257.258
255.517
253.79
252.075
250.373
248.68
246.996
245.321
243.652
241.989
240.331
238.676
237.025
235.376
233.729
232.083
230.437
228.791
227.144
225.498
223.85
222.203
220.555
218.908
217.262
215.619
213.978
212.343
210.714
209.092
207.48
205.878
204.286
202.702
201.125
199.547
197.953
196.344
37.2427
14.9663
10.0378
8.15437
7.22491
6.7113
6.41873
6.26032
6.19136
6.18463
6.22552
6.30423
6.41404
6.5503
6.70968
6.88976
7.08873
7.3052
7.53811
7.78662
8.05005
8.32784
8.61953
8.92474
9.24313
9.5744
9.9183
10.2746
10.6431
11.0236
11.4159
11.82
12.2356
12.6626
13.101
13.5507
14.0115
14.4836
14.9667
15.461
15.9664
16.4828
17.0105
17.5494
18.0995
18.6609
19.2337
19.8181
20.4141
21.0218
21.6414
22.2731
22.9169
23.5731
24.2418
24.9231
25.6174
26.3247
27.0453
27.7793
28.527
29.2886
30.0643
30.8542
31.6587
32.4779
33.3121
34.1615
35.0264
35.9069
36.8034
37.7161
38.6451
39.5909
40.5535
41.5332
42.5303
43.545
44.5776
45.6282
46.6972
47.7847
48.891
50.0163
51.161
52.3252
53.5091
54.7131
55.9373
57.1821
58.4477
59.7343
61.0423
62.3717
63.7231
65.0965
66.4923
67.9108
69.3521
70.8167
72.3048
73.8166
75.3524
76.9126
78.4974
80.1071
81.742
83.4024
85.0886
86.8007
88.5393
90.3044
92.0964
93.9156
95.7622
97.6364
99.5387
101.469
103.428
105.415
107.432
109.477
111.552
113.657
115.79
117.954
120.148
122.372
124.626
126.91
129.225
131.57
133.946
136.352
138.789
141.256
143.754
146.282
148.84
151.429
154.047
156.695
159.373
162.081
164.817
167.582
170.376
173.198
176.048
178.925
181.83
184.761
187.718
190.701
193.708
196.741
199.797
202.876
205.979
209.103
212.248
215.414
218.6
221.806
225.029
228.27
231.528
234.801
238.09
241.393
244.709
248.038
251.378
254.729
258.089
261.459
264.836
268.22
271.61
275.005
278.404
281.806
285.21
288.615
292.02
295.424
298.827
302.226
305.621
309.011
312.395
315.772
319.141
322.501
325.85
329.188
332.514
335.827
339.125
342.407
345.673
348.921
352.15
355.359
358.546
361.711
364.852
367.967
371.056
374.116
377.147
380.146
383.113
386.044
388.939
391.794
394.609
397.381
400.108
402.787
405.415
407.99
410.508
412.968
415.364
417.695
419.956
422.144
424.254
426.284
428.227
430.081
431.84
433.5
435.057
436.505
437.841
439.058
440.154
441.123
441.96
442.663
443.226
443.647
443.923
444.05
444.026
443.849
443.517
443.03
442.39
441.598
440.656
439.566
438.331
436.953
435.438
433.788
432.008
430.103
428.079
425.941
423.696
421.348
418.906
416.374
413.76
411.071
408.314
405.494
402.619
399.694
396.728
393.724
390.691
387.634
384.557
381.467
378.369
375.268
372.168
369.074
365.989
362.917
359.863
356.828
353.817
350.831
347.874
344.947
342.052
339.19
336.364
333.574
330.822
328.107
325.431
322.794
320.197
317.638
315.119
312.639
310.197
307.793
305.427
303.097
300.803
298.545
296.32
294.129
291.969
289.84
287.741
285.67
283.626
281.608
279.614
277.643
275.694
273.765
271.855
269.962
268.085
266.223
264.375
262.538
260.713
258.897
257.089
255.289
253.495
251.706
249.921
248.14
246.36
244.583
242.806
241.029
239.252
237.475
235.697
233.918
232.137
230.357
228.575
226.794
225.014
223.235
221.46
219.69
217.925
216.168
214.419
212.68
210.951
209.23
207.512
205.795
204.058
202.304
39.6923
15.7845
10.5137
8.50273
7.50886
6.95684
6.63894
6.46253
6.38026
6.36363
6.39652
6.46871
6.57308
6.70465
6.85989
7.03622
7.23169
7.44484
7.67453
7.91985
8.18008
8.45465
8.74307
9.04493
9.3599
9.68768
10.028
10.3807
10.7454
11.1222
11.5107
11.9109
12.3227
12.7459
13.1805
13.6264
14.0836
14.552
15.0316
15.5225
16.0245
16.5378
17.0625
17.5984
18.1459
18.7048
19.2754
19.8576
20.4517
21.0578
21.6761
22.3066
22.9497
23.6053
24.2739
24.9554
25.6502
26.3585
27.0804
27.8162
28.566
29.3302
30.109
30.9025
31.711
32.5347
33.3739
34.2289
35.0999
35.9872
36.8911
37.8118
38.7496
39.7048
40.6776
41.6683
42.6771
43.7044
44.7503
45.8151
46.8991
48.0026
49.1258
50.269
51.4324
52.6164
53.8212
55.047
56.2942
57.563
58.8538
60.1667
61.5021
62.8603
64.2416
65.6463
67.0746
68.5269
70.0035
71.5047
73.0307
74.582
76.1588
77.7615
79.3903
81.0455
82.7276
84.4368
86.1734
87.9377
89.7301
91.5508
93.4002
95.2786
97.1862
99.1234
101.09
103.088
105.115
107.173
109.262
111.382
113.534
115.717
117.932
120.178
122.457
124.768
127.111
129.487
131.896
134.337
136.81
139.316
141.855
144.427
147.031
149.668
152.337
155.039
157.772
160.538
163.335
166.163
169.023
171.914
174.835
177.786
180.767
183.777
186.816
189.884
192.979
196.101
199.25
202.425
205.625
208.85
212.099
215.372
218.666
221.983
225.32
228.677
232.053
235.448
238.859
242.288
245.731
249.189
252.661
256.145
259.64
263.146
266.662
270.185
273.717
277.254
280.797
284.343
287.893
291.445
294.998
298.55
302.101
305.65
309.195
312.735
316.269
319.796
323.316
326.826
330.325
333.814
337.289
340.752
344.199
347.631
351.046
354.442
357.82
361.177
364.512
367.825
371.115
374.379
377.616
380.827
384.008
387.159
390.279
393.365
396.417
399.433
402.41
405.348
408.244
411.096
413.903
416.661
419.369
422.024
424.623
427.164
429.642
432.056
434.402
436.675
438.873
440.99
443.024
444.97
446.823
448.579
450.232
451.779
453.214
454.532
455.728
456.799
457.737
458.541
459.204
459.723
460.095
460.316
460.384
460.295
460.045
459.635
459.067
458.341
457.46
456.425
455.239
453.905
452.425
450.804
449.047
447.158
445.143
443.007
440.756
438.397
435.935
433.379
430.733
428.006
425.205
422.335
419.405
416.42
413.388
410.314
407.206
404.07
400.91
397.734
394.545
391.35
388.154
384.96
381.774
378.598
375.437
372.295
369.174
366.077
363.006
359.965
356.955
353.978
351.034
348.127
345.256
342.423
339.627
336.871
334.153
331.474
328.834
326.233
323.67
321.145
318.657
316.206
313.791
311.411
309.065
306.751
304.469
302.218
299.996
297.803
295.636
293.494
291.376
289.281
287.207
285.153
283.118
281.099
279.096
277.107
275.131
273.167
271.212
269.267
267.329
265.398
263.472
261.551
259.633
257.718
255.805
253.892
251.98
250.067
248.153
246.239
244.323
242.405
240.486
238.566
236.646
234.725
232.805
230.887
228.971
227.06
225.155
223.257
221.368
219.487
217.616
215.752
213.891
212.03
210.147
208.246
42.0237
16.5557
10.9584
8.82633
7.77129
7.18268
6.84056
6.64682
6.55162
6.52528
6.55025
6.61593
6.71477
6.84154
6.99249
7.16489
7.35668
7.56631
7.79256
8.03448
8.29132
8.56245
8.84739
9.1457
9.45704
9.7811
10.1176
10.4664
10.8273
11.2001
11.5846
11.9807
12.3885
12.8076
13.2382
13.68
14.1332
14.5977
15.0735
15.5606
16.0591
16.5689
17.0902
17.623
18.1675
18.7237
19.2915
19.8713
20.4632
21.0673
21.6839
22.313
22.9549
23.6098
24.2779
24.9594
25.6545
26.3634
27.0864
27.8237
28.5756
29.3422
30.1239
30.9209
31.7334
32.5615
33.4055
34.266
35.1432
36.0373
36.9486
37.8775
38.8243
39.7892
40.7725
41.7745
42.7956
43.8359
44.8957
45.9754
47.0753
48.1955
49.3365
50.4986
51.6819
52.8869
54.1137
55.3628
56.6345
57.9289
59.2466
60.5877
61.9526
63.3416
64.755
66.1932
67.6566
69.1454
70.6599
72.2006
73.7677
75.3616
76.9827
78.6313
80.3078
82.0124
83.7456
85.5077
87.2991
89.1201
90.9709
92.8521
94.7639
96.7067
98.6807
100.686
102.724
104.794
106.896
109.031
111.199
113.4
115.635
117.904
120.207
122.543
124.915
127.321
129.761
132.236
134.746
137.291
139.871
142.486
145.136
147.821
150.541
153.296
156.085
158.909
161.768
164.66
167.586
170.546
173.54
176.566
179.625
182.716
185.838
188.992
192.177
195.391
198.635
201.908
205.21
208.538
211.894
215.276
218.683
222.114
225.569
229.046
232.546
236.066
239.606
243.165
246.742
250.335
253.944
257.568
261.205
264.855
268.516
272.187
275.867
279.555
283.25
286.95
290.654
294.361
298.07
301.78
305.489
309.196
312.9
316.599
320.293
323.98
327.659
331.329
334.987
338.635
342.269
345.889
349.493
353.081
356.651
360.203
363.734
367.244
370.732
374.196
377.635
381.049
384.435
387.794
391.123
394.421
397.688
400.922
404.121
407.285
410.412
413.501
416.549
419.556
422.52
425.439
428.311
431.135
433.907
436.626
439.29
441.895
444.439
446.919
449.332
451.674
453.942
456.132
458.24
460.262
462.193
464.029
465.765
467.396
468.918
470.324
471.61
472.771
473.802
474.697
475.452
476.063
476.525
476.836
476.99
476.985
476.816
476.48
475.981
475.321
474.499
473.519
472.381
471.09
469.647
468.057
466.323
464.451
462.446
460.313
458.059
455.689
453.211
450.63
447.955
445.192
442.348
439.43
436.446
433.402
430.305
427.162
423.98
420.764
417.522
414.259
410.981
407.693
404.4
401.106
397.818
394.537
391.27
388.018
384.786
381.577
378.392
375.236
372.109
369.013
365.951
362.924
359.932
356.978
354.06
351.181
348.34
345.538
342.774
340.049
337.362
334.712
332.099
329.523
326.982
324.476
322.004
319.564
317.155
314.777
312.428
310.107
307.811
305.541
303.295
301.071
298.867
296.683
294.516
292.367
290.232
288.11
286.001
283.903
281.814
279.734
277.66
275.593
273.53
271.471
269.415
267.36
265.307
263.254
261.201
259.146
257.091
255.034
252.975
250.914
248.852
246.788
244.723
242.658
240.593
238.53
236.47
234.414
232.364
230.32
228.285
226.259
224.242
222.231
220.224
218.216
216.186
214.136
44.218
17.2752
11.3701
9.12408
8.01153
7.38843
7.02336
6.81316
6.70552
6.66972
6.68694
6.74615
6.83945
6.96134
7.1079
7.27624
7.46421
7.67015
7.89281
8.13117
8.38444
8.65198
8.93326
9.22786
9.5354
9.8556
10.1882
10.533
10.8898
11.2584
11.6387
12.0306
12.4341
12.849
13.2753
13.713
14.162
14.6224
15.0941
15.5774
16.0719
16.5779
17.0956
17.6249
18.1663
18.7194
19.2844
19.8616
20.4512
21.0532
21.6679
22.2955
22.9361
23.59
24.2575
24.9387
25.6339
26.3433
27.0671
27.8058
28.5594
29.3283
30.1128
30.9131
31.7295
32.5622
33.4113
34.2777
35.1613
36.0623
36.9814
37.9188
38.8749
39.85
40.8444
41.8584
42.8923
43.9464
45.0211
46.1166
47.2333
48.3715
49.5315
50.7137
51.9184
53.1459
54.3965
55.6706
56.9686
58.2907
59.6373
61.0089
62.4056
63.828
65.2763
66.7509
68.2522
69.7806
71.3364
72.92
74.5318
76.1721
77.8415
79.5401
81.2685
83.027
84.816
86.6358
88.4869
90.3697
92.2845
94.2316
96.2115
98.2246
100.271
102.351
104.466
106.615
108.799
111.018
113.272
115.562
117.888
120.25
122.649
125.084
127.556
130.065
132.612
135.195
137.816
140.474
143.17
145.903
148.674
151.482
154.328
157.211
160.131
163.088
166.081
169.111
172.178
175.28
178.417
181.59
184.798
188.04
191.315
194.624
197.965
201.338
204.743
208.178
211.643
215.137
218.66
222.21
225.786
229.388
233.015
236.665
240.338
244.032
247.747
251.482
255.234
259.004
262.789
266.59
270.403
274.229
278.065
281.912
285.766
289.628
293.495
297.366
301.241
305.117
308.993
312.868
316.741
320.609
324.473
328.329
332.178
336.017
339.845
343.662
347.464
351.251
355.023
358.776
362.511
366.226
369.919
373.59
377.236
380.858
384.453
388.021
391.56
395.069
398.547
401.993
405.406
408.785
412.128
415.434
418.703
421.933
425.122
428.271
431.376
434.438
437.454
440.423
443.344
446.215
449.033
451.798
454.507
457.157
459.746
462.273
464.732
467.123
469.441
471.683
473.845
475.923
477.913
479.811
481.611
483.31
484.901
486.38
487.741
488.978
490.088
491.064
491.9
492.593
493.137
493.528
493.763
493.836
493.744
493.478
493.045
492.446
491.681
490.754
489.664
488.415
487.008
485.448
483.739
481.885
479.891
477.763
475.506
473.128
470.634
468.032
465.329
462.531
459.647
456.682
453.646
450.544
447.384
444.173
440.918
437.626
434.302
430.954
427.586
424.205
420.816
417.424
414.034
410.649
407.275
403.914
400.571
397.248
393.949
390.676
387.432
384.217
381.035
377.887
374.773
371.695
368.654
365.651
362.685
359.757
356.867
354.015
351.2
348.423
345.682
342.977
340.308
337.672
335.07
332.5
329.961
327.452
324.972
322.519
320.091
317.689
315.309
312.951
310.613
308.294
305.992
303.706
301.435
299.176
296.929
294.692
292.464
290.244
288.03
285.821
283.616
281.415
279.215
277.017
274.819
272.621
270.422
268.221
266.019
263.815
261.609
259.4
257.189
254.977
252.764
250.55
248.337
246.125
243.916
241.712
239.512
237.32
235.136
232.961
230.794
228.634
226.478
224.321
222.141
219.942
46.2589
17.939
11.7469
9.39515
8.22915
7.57389
7.1873
6.96163
6.84214
6.79724
6.80692
6.85978
6.94758
7.06458
7.20669
7.3709
7.55493
7.75709
7.97602
8.2107
8.46028
8.7241
9.00162
9.29238
9.59603
9.91225
10.2408
10.5815
10.934
11.2984
11.6744
12.0621
12.4612
12.8717
13.2936
13.727
14.1717
14.6278
15.0953
15.5745
16.0652
16.5675
17.0814
17.6072
18.1448
18.6943
19.256
19.8302
20.4169
21.0164
21.6289
22.2546
22.8937
23.5464
24.2131
24.8939
25.5892
26.2991
27.024
27.7642
28.5199
29.2915
30.0792
30.8834
31.7043
32.5422
33.3972
34.2698
35.1603
36.0689
36.9962
37.9427
38.9089
39.895
40.9013
41.9282
42.976
44.0451
45.1358
46.2485
47.3835
48.5412
49.7219
50.926
52.1538
53.4058
54.6824
55.9838
57.3104
58.6627
60.0411
61.4459
62.8775
64.3363
65.8227
67.3372
68.8801
70.4519
72.0529
73.6836
75.3444
77.0357
78.758
80.5116
82.297
84.1146
85.9648
87.8481
89.7648
91.7154
93.7004
95.72
97.7747
99.865
101.991
104.153
106.352
108.588
110.862
113.173
115.522
117.909
120.335
122.799
125.303
127.846
130.428
133.05
135.712
138.413
141.155
143.937
146.759
149.621
152.523
155.465
158.448
161.47
164.531
167.633
170.773
173.952
177.17
180.426
183.72
187.051
190.42
193.824
197.265
200.74
204.25
207.794
211.372
214.981
218.622
222.293
225.994
229.724
233.482
237.266
241.077
244.911
248.769
252.65
256.551
260.472
264.411
268.368
272.34
276.327
280.327
284.339
288.361
292.392
296.43
300.474
304.523
308.574
312.627
316.68
320.731
324.779
328.822
332.858
336.887
340.907
344.915
348.911
352.893
356.859
360.808
364.738
368.648
372.537
376.402
380.244
384.059
387.847
391.607
395.337
399.036
402.703
406.336
409.935
413.497
417.023
420.511
423.96
427.369
430.736
434.061
437.344
440.581
443.774
446.92
450.019
453.07
456.071
459.02
461.918
464.761
467.55
470.281
472.954
475.565
478.114
480.597
483.012
485.356
487.626
489.818
491.929
493.955
495.892
497.734
499.479
501.119
502.651
504.069
505.366
506.538
507.579
508.483
509.245
509.859
510.321
510.626
510.771
510.747
510.548
510.173
509.63
508.919
508.041
506.996
505.787
504.416
502.886
501.201
499.365
497.383
495.261
493.003
490.618
488.111
485.489
482.759
479.929
477.006
473.998
470.911
467.754
464.533
461.257
457.931
454.563
451.16
447.728
444.273
440.8
437.317
433.827
430.335
426.848
423.367
419.898
416.445
413.01
409.596
406.207
402.845
399.511
396.209
392.939
389.702
386.501
383.335
380.206
377.114
374.058
371.041
368.06
365.116
362.209
359.338
356.502
353.701
350.934
348.199
345.496
342.824
340.181
337.565
334.977
332.414
329.875
327.358
324.863
322.387
319.929
317.488
315.062
312.65
310.25
307.861
305.481
303.11
300.745
298.387
296.032
293.682
291.333
288.986
286.64
284.294
281.946
279.598
277.247
274.894
272.539
270.182
267.822
265.459
263.095
260.73
258.364
255.999
253.635
251.274
248.917
246.566
244.222
241.886
239.559
237.24
234.929
232.621
230.313
227.983
225.633
48.1316
18.5437
12.0877
9.63893
8.42388
7.73902
7.3325
7.09241
6.96178
6.90819
6.91062
6.95731
7.03971
7.15187
7.28953
7.44956
7.62962
7.82792
8.04307
8.27399
8.51981
8.77985
9.05353
9.3404
9.64009
9.95229
10.2767
10.6132
10.9616
11.3217
11.6934
12.0767
12.4714
12.8775
13.295
13.7241
14.1646
14.6164
15.0797
15.5544
16.0407
16.5386
17.0484
17.5701
18.1041
18.6503
19.2089
19.7802
20.3644
20.9616
21.5721
22.1961
22.8338
23.4856
24.1517
24.8324
25.5279
26.2386
26.9648
27.7067
28.4647
29.2391
30.0303
30.8386
31.6642
32.5076
33.3691
34.249
35.1477
36.0652
37.0018
37.9586
38.9359
39.9342
40.9538
41.995
43.0582
44.1439
45.2523
46.384
47.5392
48.7184
49.9219
51.1503
52.4038
53.683
54.9881
56.3197
57.6781
59.0639
60.4773
61.9189
63.3891
64.8883
66.417
67.9756
69.5646
71.1844
72.8355
74.5184
76.2335
77.9812
79.7621
81.5766
83.4251
85.3082
87.2262
89.1797
91.169
93.1948
95.2573
97.357
99.4945
101.67
103.884
106.137
108.429
110.761
113.133
115.545
117.998
120.493
123.028
125.605
128.224
130.885
133.588
136.334
139.123
141.954
144.828
147.745
150.704
153.707
156.753
159.841
162.972
166.145
169.361
172.619
175.918
179.259
182.642
186.064
189.527
193.03
196.571
200.152
203.77
207.425
211.117
214.844
218.606
222.402
226.232
230.093
233.985
237.907
241.859
245.837
249.843
253.874
257.928
262.006
266.105
270.223
274.361
278.515
282.685
286.869
291.065
295.273
299.49
303.714
307.945
312.18
316.418
320.658
324.896
329.133
333.365
337.592
341.811
346.022
350.221
354.407
358.58
362.736
366.874
370.992
375.09
379.164
383.214
387.238
391.233
395.2
399.136
403.039
406.908
410.742
414.54
418.3
422.02
425.701
429.339
432.935
436.488
439.995
443.457
446.872
450.24
453.559
456.828
460.048
463.216
466.333
469.398
472.408
475.365
478.266
481.111
483.898
486.627
489.296
491.903
494.447
496.926
499.338
501.68
503.95
506.145
508.262
510.297
512.246
514.105
515.87
517.536
519.097
520.549
521.885
523.1
524.187
525.141
525.956
526.626
527.145
527.509
527.714
527.748
527.608
527.285
526.791
526.128
525.294
524.291
523.119
521.781
520.28
518.618
516.799
514.83
512.713
510.457
508.066
505.547
502.907
500.153
497.293
494.334
491.283
488.149
484.939
481.66
478.32
474.927
471.486
468.006
464.492
460.952
457.391
453.814
450.229
446.639
443.049
439.464
435.889
432.326
428.78
425.253
421.749
418.27
414.818
411.395
408.004
404.645
401.319
398.029
394.773
391.554
388.371
385.225
382.114
379.04
376.002
372.999
370.031
367.097
364.195
361.326
358.488
355.68
352.9
350.148
347.422
344.72
342.042
339.386
336.75
334.133
331.533
328.949
326.38
323.824
321.279
318.745
316.219
313.701
311.189
308.682
306.179
303.678
301.18
298.682
296.185
293.686
291.186
288.685
286.181
283.675
281.165
278.653
276.139
273.622
271.103
268.583
266.062
263.542
261.023
258.508
255.997
253.491
250.993
248.503
246.022
243.55
241.085
238.625
236.165
233.683
231.183
49.8235
19.0863
12.3914
9.85497
8.59559
7.88386
7.45916
7.20579
7.06482
7.00297
6.99861
7.03934
7.11649
7.22389
7.35716
7.51305
7.68913
7.88357
8.09492
8.32207
8.56412
8.82036
9.0902
9.37319
9.66894
9.97714
10.2975
10.6299
10.9741
11.33
11.6974
12.0763
12.4668
12.8687
13.2819
13.7063
14.1421
14.5893
15.0481
15.5186
16.0008
16.4949
17.001
17.5192
18.0498
18.5929
19.1486
19.7173
20.2991
20.8942
21.503
22.1256
22.7624
23.4135
24.0795
24.7604
25.4567
26.1686
26.8966
27.6409
28.4019
29.1799
29.9754
30.7886
31.62
32.4699
33.3387
34.2268
35.1344
36.0621
37.0098
37.9783
38.9684
39.9805
41.0152
42.0727
43.1534
44.2578
45.3864
46.5394
47.7175
48.921
50.1503
51.406
52.6884
53.9981
55.3355
56.701
58.0952
59.5184
60.9713
62.4542
63.9677
65.5123
67.0883
68.6965
70.3371
72.0108
73.718
75.4593
77.2352
79.0461
80.8925
82.7751
84.6942
86.6504
88.6441
90.676
92.7464
94.8558
97.0048
99.1938
101.423
103.694
106.005
108.359
110.755
113.193
115.674
118.199
120.768
123.38
126.037
128.738
131.484
134.276
137.112
139.994
142.922
145.895
148.914
151.979
155.09
158.247
161.449
164.697
167.99
171.328
174.712
178.14
181.612
185.129
188.689
192.292
195.937
199.625
203.353
207.123
210.932
214.78
218.667
222.591
226.552
230.548
234.578
238.642
242.738
246.865
251.022
255.207
259.42
263.658
267.921
272.207
276.514
280.842
285.187
289.549
293.926
298.317
302.719
307.131
311.552
315.979
320.41
324.844
329.279
333.712
338.143
342.569
346.989
351.4
355.8
360.188
364.561
368.918
373.257
377.575
381.872
386.144
390.39
394.608
398.797
402.954
407.077
411.166
415.218
419.232
423.206
427.139
431.028
434.874
438.673
442.426
446.13
449.785
453.389
456.942
460.443
463.89
467.284
470.622
473.905
477.133
480.303
483.416
486.472
489.469
492.407
495.287
498.106
500.865
503.563
506.199
508.773
511.282
513.726
516.104
518.413
520.652
522.818
524.909
526.922
528.853
530.699
532.456
534.118
535.682
537.141
538.49
539.724
540.835
541.818
542.666
543.374
543.934
544.341
544.591
544.673
544.581
544.3
543.847
543.223
542.428
541.461
540.323
539.014
537.538
535.898
534.096
532.139
530.029
527.773
525.378
522.849
520.193
517.417
514.529
511.537
508.448
505.269
502.009
498.675
495.275
491.816
488.306
484.752
481.16
477.537
473.89
470.224
466.545
462.859
459.17
455.484
451.804
448.134
444.479
440.84
437.223
433.628
430.059
426.518
423.006
419.526
416.077
412.663
409.282
405.936
402.625
399.35
396.11
392.905
389.735
386.6
383.498
380.43
377.393
374.388
371.414
368.468
365.55
362.659
359.793
356.951
354.132
351.334
348.555
345.795
343.051
340.322
337.607
334.904
332.213
329.53
326.856
324.188
321.526
318.868
316.213
313.561
310.909
308.258
305.606
302.954
300.299
297.642
294.982
292.319
289.654
286.985
284.314
281.64
278.964
276.287
273.609
270.932
268.257
265.585
262.918
260.256
257.602
254.957
252.32
249.693
247.074
244.46
241.848
239.215
236.564
51.3243
19.5646
12.657
10.043
8.74424
8.00855
7.5675
7.3021
7.15165
7.08207
7.07135
7.10647
7.1786
7.28142
7.41041
7.56225
7.73443
7.92507
8.13267
8.3561
8.59443
8.84693
9.11302
9.3922
9.68411
9.98844
10.3049
10.6332
10.9734
11.3252
11.6885
12.0633
12.4492
12.8465
13.2552
13.6754
14.107
14.5503
15.0052
15.4718
15.9504
16.4409
16.9436
17.4587
17.9863
18.5266
19.0799
19.6464
20.2263
20.8199
21.4275
22.0493
22.6857
23.3369
24.0034
24.6854
25.3832
26.0973
26.8281
27.5758
28.3408
29.1237
29.9247
30.7443
31.5828
32.4408
33.3187
34.2166
35.1349
36.074
37.0341
38.0165
39.0217
40.0503
41.1026
42.1791
43.2802
44.4064
45.5582
46.736
47.9404
49.1718
50.4308
51.7179
53.0335
54.3781
55.7524
57.1567
58.5917
60.0578
61.5556
63.0856
64.6484
66.2445
67.8745
69.5388
71.2382
72.973
74.7438
76.5513
78.396
80.2783
82.199
84.1584
86.1572
88.196
90.2751
92.3953
94.5569
96.7606
99.0068
101.296
103.629
106.006
108.427
110.893
113.404
115.962
118.565
121.215
123.912
126.656
129.447
132.287
135.174
138.11
141.094
144.126
147.208
150.338
153.517
156.744
160.021
163.346
166.72
170.142
173.613
177.131
180.698
184.311
187.971
191.678
195.431
199.229
203.072
206.959
210.889
214.862
218.877
222.932
227.028
231.162
235.335
239.544
243.789
248.068
252.38
256.725
261.1
265.503
269.935
274.392
278.874
283.379
287.905
292.451
297.014
301.594
306.187
310.793
315.409
320.034
324.665
329.301
333.939
338.578
343.215
347.848
352.476
357.097
361.707
366.305
370.889
375.457
380.006
384.535
389.041
393.522
397.976
402.4
406.793
411.153
415.478
419.765
424.013
428.219
432.382
436.5
440.572
444.594
448.567
452.488
456.356
460.17
463.927
467.628
471.271
474.854
478.377
481.84
485.241
488.58
491.856
495.069
498.219
501.305
504.327
507.284
510.178
513.008
515.773
518.474
521.11
523.682
526.189
528.63
531.006
533.315
535.557
537.73
539.832
541.862
543.818
545.697
547.495
549.21
550.836
552.37
553.807
555.14
556.365
557.474
558.461
559.319
560.043
560.624
561.057
561.335
561.45
561.391
561.141
560.718
560.125
559.36
558.422
557.311
556.028
554.574
552.952
551.166
549.219
547.116
544.861
542.462
539.925
537.255
534.46
531.547
528.524
525.399
522.179
518.872
515.487
512.03
508.51
504.934
501.31
497.643
493.942
490.213
486.461
482.693
478.914
475.129
471.344
467.563
463.789
460.027
456.28
452.552
448.845
445.161
441.503
437.873
434.273
430.703
427.165
423.66
420.189
416.751
413.348
409.979
406.644
403.343
400.075
396.84
393.637
390.466
387.324
384.212
381.129
378.072
375.041
372.034
369.051
366.089
363.147
360.225
357.319
354.43
351.554
348.692
345.841
343
340.167
337.342
334.523
331.709
328.898
326.09
323.283
320.477
317.671
314.863
312.054
309.242
306.428
303.611
300.79
297.967
295.14
292.31
289.477
286.643
283.808
280.972
278.137
275.304
272.474
269.65
266.831
264.02
261.219
258.426
255.644
252.87
250.103
247.338
244.554
241.754
52.6254
19.9767
12.884
10.2027
8.86985
8.11325
7.65782
7.38171
7.22274
7.14609
7.12951
7.15941
7.22682
7.3253
7.45021
7.59815
7.76658
7.95355
8.15754
8.37739
8.61214
8.86105
9.12353
9.3991
9.68733
9.98797
10.3007
10.6253
10.9616
11.3092
11.6683
12.0389
12.4209
12.8144
13.2194
13.6358
14.0639
14.5035
14.955
15.4183
15.8937
16.3813
16.8812
17.3937
17.919
18.4573
19.0088
19.5739
20.1527
20.7456
21.3529
21.9749
22.6119
23.2643
23.9324
24.6167
25.3174
26.0351
26.77
27.5226
28.2934
29.0827
29.8911
30.7191
31.5668
32.4348
33.3235
34.2327
35.1635
36.1166
37.0927
38.0924
39.1162
40.1646
41.2381
42.3373
43.4626
44.6146
45.7939
47.0009
48.2363
49.5005
50.7943
52.118
53.4723
54.8577
56.2749
57.7244
59.2067
60.7225
62.2724
63.8569
65.4766
67.1322
68.8243
70.5534
72.3202
74.1253
75.9693
77.8527
79.7762
81.7404
83.7459
85.7932
87.883
90.0158
92.1923
94.4129
96.6782
98.9889
101.345
103.748
106.198
108.695
111.24
113.833
116.475
119.166
121.906
124.697
127.537
130.429
133.371
136.364
139.409
142.505
145.653
148.853
152.104
155.408
158.763
162.17
165.63
169.14
172.703
176.316
179.981
183.696
187.461
191.277
195.141
199.055
203.016
207.025
211.081
215.183
219.331
223.522
227.757
232.034
236.353
240.712
245.11
249.546
254.018
258.525
263.067
267.64
272.244
276.878
281.539
286.226
290.937
295.671
300.425
305.198
309.987
314.792
319.609
324.437
329.273
334.116
338.964
343.813
348.663
353.511
358.354
363.19
368.018
372.834
377.636
382.423
387.191
391.938
396.663
401.362
406.033
410.674
415.283
419.856
424.392
428.889
433.344
437.755
442.12
446.436
450.702
454.916
459.075
463.178
467.222
471.207
475.131
478.992
482.788
486.519
490.184
493.78
497.308
500.767
504.155
507.473
510.72
513.895
517
520.032
522.994
525.885
528.705
531.454
534.134
536.744
539.286
541.759
544.165
546.503
548.773
550.977
553.113
555.181
557.182
559.113
560.973
562.761
564.474
566.109
567.663
569.132
570.511
571.795
572.978
574.055
575.017
575.859
576.573
577.152
577.589
577.876
578.006
577.963
577.73
577.323
576.749
576.005
575.088
573.998
572.734
571.297
569.691
567.917
565.979
563.882
561.629
559.228
556.682
554
551.188
548.254
545.204
542.046
538.789
535.44
532.007
528.498
524.921
521.284
517.593
513.857
510.082
506.274
502.441
498.588
494.721
490.845
486.965
483.086
479.212
475.348
471.496
467.66
463.843
460.048
456.277
452.531
448.814
445.125
441.467
437.84
434.245
430.682
427.152
423.656
420.192
416.76
413.361
409.993
406.657
403.35
400.073
396.824
393.603
390.407
387.236
384.088
380.963
377.858
374.773
371.705
368.654
365.617
362.595
359.584
356.583
353.592
350.609
347.632
344.661
341.693
338.729
335.766
332.804
329.842
326.879
323.914
320.948
317.978
315.006
312.03
309.05
306.068
303.082
300.092
297.101
294.107
291.113
288.118
285.125
282.133
279.146
276.163
273.188
270.22
267.262
264.314
261.376
258.448
255.528
252.611
249.677
246.729
53.7206
20.3211
13.072
10.3341
8.97249
8.19818
7.73044
7.44505
7.2786
7.19566
7.17378
7.19892
7.26199
7.35644
7.47754
7.62185
7.78676
7.97029
8.1709
8.3874
8.61883
8.8644
9.12353
9.39584
9.68074
9.97788
10.2869
10.6078
10.9403
11.2846
11.6403
12.0075
12.3863
12.7765
13.1783
13.5916
14.0167
14.4535
14.9023
15.3631
15.8361
16.3215
16.8196
17.3305
17.8545
18.3918
18.9426
19.5074
20.0864
20.6799
21.2883
21.9119
22.5511
23.2062
23.8777
24.566
25.2715
25.9946
26.7361
27.4959
28.2746
29.0727
29.8907
30.7289
31.5877
32.4677
33.3698
34.2944
35.2422
36.2139
37.2101
38.2312
39.2778
40.3506
41.45
42.5768
43.7315
44.9148
46.1272
47.3694
48.6419
49.9454
51.2806
52.648
54.0483
55.4821
56.9501
58.4528
59.9911
61.5654
63.1765
64.825
66.5116
68.2369
70.0016
71.8063
73.6518
75.5387
77.4677
79.4393
81.4544
83.5134
85.617
87.7659
89.9607
92.202
94.4904
96.8266
99.211
101.644
104.127
106.66
109.243
111.877
114.562
117.3
120.09
122.932
125.828
128.777
131.78
134.837
137.949
141.115
144.336
147.611
150.942
154.328
157.769
161.265
164.816
168.422
172.082
175.798
179.567
183.391
187.268
191.198
195.181
199.216
203.302
207.44
211.627
215.864
220.15
224.483
228.863
233.289
237.759
242.273
246.829
251.427
256.064
260.739
265.451
270.199
274.98
279.794
284.638
289.512
294.412
299.337
304.286
309.256
314.246
319.253
324.274
329.309
334.355
339.41
344.47
349.535
354.602
359.668
364.731
369.788
374.838
379.877
384.903
389.914
394.906
399.879
404.828
409.752
414.647
419.512
424.343
429.138
433.895
438.61
443.282
447.907
452.484
457.009
461.481
465.896
470.254
474.55
478.784
482.954
487.056
491.09
495.054
498.946
502.764
506.507
510.174
513.764
517.276
520.709
524.062
527.335
530.528
533.641
536.673
539.625
542.498
545.291
548.006
550.644
553.205
555.691
558.103
560.441
562.708
564.904
567.03
569.088
571.078
573.001
574.858
576.648
578.371
580.026
581.612
583.127
584.568
585.932
587.215
588.413
589.519
590.528
591.434
592.229
592.905
593.455
593.871
594.146
594.269
594.222
593.986
593.582
593.015
592.28
591.375
590.296
589.044
587.62
586.024
584.259
582.329
580.236
577.985
575.581
573.03
570.338
567.512
564.558
561.484
558.298
555.008
551.621
548.146
544.59
540.961
537.267
533.516
529.715
525.871
521.991
518.081
514.148
510.197
506.235
502.266
498.294
494.325
490.362
486.41
482.471
478.549
474.646
470.765
466.908
463.077
459.273
455.497
451.751
448.035
444.35
440.697
437.075
433.484
429.924
426.395
422.897
419.428
415.988
412.576
409.191
405.832
402.498
399.188
395.9
392.633
389.385
386.156
382.944
379.747
376.564
373.394
370.234
367.085
363.943
360.809
357.68
354.555
351.434
348.315
345.198
342.08
338.962
335.842
332.72
329.595
326.468
323.337
320.202
317.064
313.922
310.776
307.628
304.477
301.325
298.171
295.018
291.866
288.716
285.571
282.431
279.299
276.175
273.061
269.957
266.865
263.784
260.711
257.644
254.561
251.467
54.5965
20.5942
13.2197
10.4368
9.05225
8.26361
7.78574
7.49258
7.3198
7.23143
7.20489
7.22582
7.28503
7.37586
7.49354
7.63456
7.7963
7.97675
8.17431
8.38781
8.61635
8.85903
9.11518
9.38424
9.6659
9.95991
10.266
10.5841
10.9139
11.2554
11.6084
11.9731
12.3493
12.7371
13.1365
13.5477
13.9708
14.4058
14.8529
15.3123
15.7841
16.2687
16.7662
17.2769
17.801
18.3389
18.8907
19.4569
20.0378
20.6338
21.2452
21.8725
22.5161
23.1764
23.8536
24.5484
25.2611
25.9924
26.7425
27.5116
28.3006
29.11
29.9405
30.7928
31.6674
32.5649
33.4859
34.4312
35.4012
36.3965
37.4178
38.4656
39.5408
40.6439
41.7756
42.9367
44.1277
45.3495
46.6026
47.8877
49.2056
50.5569
51.9424
53.3627
54.8186
56.3107
57.8398
59.4067
61.0119
62.6562
64.3405
66.0653
67.8314
69.6395
71.4904
73.3847
75.3233
77.3068
79.336
81.4114
83.534
85.7042
87.9228
90.1905
92.5079
94.8757
97.2944
99.7647
102.287
104.862
107.491
110.174
112.91
115.702
118.549
121.452
124.411
127.426
130.499
133.629
136.816
140.06
143.363
146.724
150.143
153.621
157.156
160.75
164.403
168.113
171.881
175.707
179.591
183.532
187.529
191.583
195.693
199.858
204.078
208.352
212.679
217.059
221.491
225.974
230.506
235.087
239.716
244.391
249.112
253.877
258.684
263.533
268.421
273.348
278.312
283.31
288.342
293.405
298.498
303.619
308.766
313.936
319.129
324.34
329.57
334.814
340.072
345.34
350.616
355.898
361.183
366.47
371.754
377.035
382.309
387.573
392.825
398.062
403.282
408.482
413.659
418.81
423.933
429.025
434.083
439.104
444.086
449.025
453.918
458.764
463.559
468.3
472.984
477.61
482.174
486.674
491.107
495.471
499.763
503.982
508.124
512.189
516.173
520.076
523.895
527.629
531.277
534.838
538.31
541.692
544.985
548.188
551.3
554.322
557.253
560.095
562.848
565.512
568.09
570.582
572.989
575.314
577.559
579.724
581.813
583.827
585.768
587.638
589.44
591.175
592.844
594.448
595.989
597.467
598.881
600.231
601.516
602.732
603.877
604.947
605.938
606.842
607.655
608.368
608.975
609.466
609.834
610.072
610.164
610.089
609.829
609.412
608.838
608.1
607.194
606.118
604.87
603.451
601.861
600.101
598.175
596.085
593.835
591.43
588.874
586.175
583.337
580.368
577.275
574.065
570.746
567.327
563.814
560.216
556.542
552.797
548.992
545.132
541.225
537.279
533.299
529.292
525.264
521.221
517.168
513.109
509.05
504.995
500.948
496.911
492.889
488.883
484.898
480.933
476.993
473.077
469.188
465.327
461.494
457.691
453.916
450.172
446.457
442.772
439.116
435.489
431.891
428.319
424.775
421.256
417.762
414.291
410.842
407.415
404.008
400.619
397.247
393.891
390.549
387.221
383.903
380.596
377.297
374.006
370.721
367.44
364.164
360.889
357.617
354.344
351.071
347.797
344.521
341.242
337.96
334.675
331.386
328.093
324.796
321.496
318.192
314.885
311.575
308.264
304.953
301.641
298.332
295.025
291.723
288.427
285.139
281.859
278.591
275.333
272.088
268.855
265.632
262.417
259.187
255.949
55.2774
20.8032
13.3302
10.5124
9.10998
8.31011
7.82423
7.52484
7.34691
7.25405
7.22361
7.24099
7.29693
7.38472
7.49947
7.63766
7.7967
7.97461
8.16968
8.38065
8.60648
8.84646
9.10006
9.3668
9.64627
9.93815
10.2422
10.5582
10.8861
11.2258
11.5771
11.9402
12.315
12.7015
13.0999
13.5103
13.9327
14.3673
14.8143
15.2738
15.7462
16.2317
16.7305
17.2429
17.7694
18.31
18.8651
19.435
20.0203
20.6213
21.2384
21.872
22.5225
23.1902
23.8757
24.5796
25.3025
26.045
26.8076
27.591
28.3957
29.2223
30.0716
30.9442
31.8407
32.7616
33.7076
34.6795
35.6778
36.7033
37.7567
38.8388
39.9503
41.0919
42.2645
43.4688
44.7054
45.9753
47.2792
48.6178
49.992
51.4024
52.85
54.3355
55.8597
57.4233
59.0272
60.6722
62.359
64.0885
65.8614
67.6786
69.5407
71.4487
73.4033
75.4053
77.4555
79.5546
81.7035
83.9028
86.1532
88.4556
90.8105
93.2188
95.6809
98.1977
100.77
103.398
106.082
108.823
111.622
114.479
117.394
120.369
123.403
126.496
129.65
132.865
136.14
139.476
142.873
146.331
149.852
153.433
157.076
160.781
164.547
168.375
172.263
176.213
180.223
184.293
188.423
192.613
196.861
201.168
205.533
209.954
214.432
218.965
223.553
228.195
232.889
237.634
242.43
247.275
252.169
257.108
262.093
267.122
272.193
277.305
282.455
287.643
292.867
298.125
303.414
308.733
314.081
319.454
324.851
330.269
335.707
341.162
346.632
352.113
357.605
363.104
368.608
374.114
379.619
385.121
390.618
396.106
401.583
407.045
412.491
417.917
423.32
428.698
434.047
439.364
444.648
449.894
455.1
460.262
465.378
470.444
475.459
480.417
485.317
490.156
494.93
499.637
504.273
508.837
513.325
517.735
522.063
526.309
530.468
534.54
538.521
542.411
546.206
549.906
553.509
557.014
560.419
563.724
566.928
570.032
573.033
575.934
578.733
581.433
584.033
586.535
588.94
591.251
593.468
595.595
597.634
599.587
601.458
603.248
604.962
606.601
608.17
609.671
611.107
612.48
613.793
615.046
616.242
617.381
618.462
619.485
620.447
621.346
622.178
622.937
623.618
624.213
624.715
625.114
625.404
625.579
625.611
625.477
625.174
624.728
624.13
623.374
622.455
621.371
620.118
618.697
617.106
615.348
613.423
611.334
609.085
606.679
604.121
601.416
598.57
595.59
592.482
589.253
585.912
582.466
578.922
575.289
571.575
567.787
563.934
560.023
556.06
552.054
548.011
543.937
539.839
535.722
531.592
527.454
523.312
519.171
515.034
510.906
506.79
502.688
498.602
494.537
490.492
486.47
482.473
478.502
474.556
470.638
466.748
462.885
459.051
455.244
451.464
447.712
443.987
440.287
436.613
432.962
429.335
425.73
422.146
418.582
415.036
411.508
407.995
404.497
401.012
397.539
394.076
390.622
387.176
383.736
380.302
376.871
373.443
370.017
366.591
363.166
359.739
356.31
352.878
349.444
346.006
342.564
339.118
335.668
332.214
328.757
325.295
321.831
318.365
314.897
311.429
307.961
304.495
301.033
297.576
294.125
290.683
287.25
283.829
280.42
277.024
273.641
270.27
266.908
263.535
260.155
55.7642
20.9494
13.4039
10.5608
9.14569
8.33784
7.84619
7.54223
7.36049
7.26426
7.23079
7.24539
7.29876
7.38419
7.49676
7.63288
7.78984
7.96553
8.15844
8.36742
8.59153
8.82997
9.08213
9.34752
9.62575
9.91652
10.2196
10.5348
10.862
11.2011
11.5521
11.9151
12.2899
12.6769
13.0759
13.4873
13.911
14.3472
14.7962
15.2581
15.7333
16.2221
16.7247
17.2414
17.7726
18.3183
18.8791
19.4555
20.0479
20.6568
21.2827
21.926
22.5875
23.2675
23.9666
24.6855
25.4247
26.185
26.9669
27.7711
28.5983
29.4489
30.3238
31.2235
32.1489
33.1007
34.0796
35.0865
36.1221
37.1872
38.2826
39.4091
40.5676
41.7589
42.9839
44.2435
45.5384
46.8695
48.2378
49.6441
51.0892
52.5741
54.0996
55.6667
57.2761
58.9288
60.6256
62.3675
64.1552
65.9897
67.8719
69.8025
71.7825
73.8127
75.894
78.0271
80.213
82.4525
84.7462
87.0951
89.4998
91.961
94.4796
97.0561
99.6912
102.386
105.14
107.955
110.83
113.768
116.767
119.829
122.954
126.142
129.393
132.709
136.089
139.533
143.041
146.615
150.253
153.956
157.724
161.556
165.453
169.415
173.441
177.53
181.683
185.9
190.178
194.52
198.922
203.386
207.91
212.494
217.136
221.836
226.593
231.406
236.274
241.196
246.17
251.195
256.271
261.395
266.566
271.782
277.043
282.346
287.691
293.074
298.494
303.95
309.439
314.959
320.509
326.086
331.689
337.314
342.96
348.624
354.304
359.997
365.701
371.414
377.133
382.854
388.576
394.295
400.009
405.716
411.411
417.093
422.758
428.403
434.026
439.623
445.192
450.729
456.231
461.695
467.118
472.497
477.829
483.11
488.338
493.509
498.619
503.666
508.647
513.557
518.395
523.157
527.84
532.44
536.956
541.384
545.721
549.965
554.113
558.163
562.112
565.959
569.701
573.336
576.864
580.282
583.589
586.785
589.869
592.84
595.699
598.445
601.079
603.602
606.014
608.318
610.515
612.607
614.597
616.487
618.281
619.982
621.592
623.117
624.561
625.926
627.217
628.438
629.595
630.69
631.727
632.708
633.637
634.517
635.347
636.129
636.862
637.544
638.172
638.743
639.25
639.688
640.049
640.32
640.497
640.572
640.512
640.294
639.934
639.439
638.8
638.011
637.065
635.961
634.693
633.262
631.665
629.903
627.977
625.888
623.638
621.233
618.674
615.967
613.117
610.13
607.013
603.771
600.414
596.947
593.38
589.719
585.974
582.15
578.257
574.302
570.292
566.235
562.137
558.004
553.844
549.661
545.462
541.251
537.034
532.814
528.596
524.384
520.18
515.988
511.81
507.649
503.507
499.386
495.286
491.21
487.158
483.13
479.129
475.153
471.203
467.279
463.381
459.507
455.659
451.835
448.034
444.256
440.499
436.763
433.047
429.348
425.667
422.002
418.351
414.714
411.088
407.473
403.867
400.269
396.677
393.091
389.509
385.93
382.353
378.777
375.201
371.623
368.044
364.463
360.878
357.29
353.698
350.101
346.501
342.896
339.287
335.674
332.057
328.438
324.817
321.194
317.572
313.95
310.331
306.715
303.105
299.503
295.909
292.325
288.754
285.195
281.651
278.122
274.605
271.1
267.586
264.069
56.0231
21.0207
13.4352
10.5797
9.15841
8.34652
7.85171
7.54508
7.36099
7.26268
7.22733
7.24017
7.29183
7.37548
7.48627
7.62073
7.77625
7.95082
8.14284
8.35109
8.57461
8.81261
9.0645
9.32982
9.6082
9.8994
10.2031
10.5191
10.8474
11.1879
11.5406
11.9055
12.2828
12.6724
13.0746
13.4894
13.9168
14.3572
14.8109
15.2781
15.7591
16.2544
16.7642
17.289
17.8291
18.3851
18.9572
19.546
20.1519
20.7756
21.4175
22.0783
22.7585
23.4589
24.1801
24.9228
25.6874
26.4747
27.2855
28.1204
28.9802
29.8658
30.7778
31.7171
32.6846
33.6811
34.7074
35.7644
36.8531
37.9743
39.129
40.3181
41.5425
42.8033
44.1013
45.4376
46.8131
48.2288
49.6856
51.1847
52.727
54.3133
55.9449
57.6225
59.3473
61.1202
62.9421
64.814
66.7369
68.7117
70.7394
72.8209
74.957
77.1488
79.3971
81.7029
84.0668
86.4899
88.9728
91.5163
94.1212
96.7881
99.5178
102.311
105.168
108.09
111.076
114.129
117.247
120.432
123.684
127.003
130.39
133.845
137.367
140.958
144.617
148.344
152.139
156.003
159.934
163.934
168.001
172.136
176.338
180.606
184.941
189.341
193.807
198.337
202.93
207.587
212.307
217.088
221.929
226.83
231.789
236.806
241.878
247.006
252.188
257.422
262.707
268.042
273.424
278.853
284.327
289.843
295.401
300.999
306.634
312.305
318.01
323.746
329.512
335.305
341.124
346.965
352.827
358.708
364.604
370.514
376.434
382.363
388.297
394.235
400.172
406.107
412.036
417.956
423.866
429.761
435.639
441.497
447.331
453.139
458.917
464.663
470.373
476.044
481.672
487.256
492.79
498.273
503.7
509.069
514.376
519.617
524.79
529.89
534.915
539.861
544.725
549.504
554.193
558.791
563.294
567.699
572.002
576.202
580.296
584.28
588.153
591.912
595.555
599.08
602.486
605.77
608.932
611.971
614.885
617.675
620.341
622.882
625.299
627.593
629.765
631.818
633.752
635.571
637.278
638.875
640.366
641.756
643.048
644.247
645.359
646.388
647.339
648.218
649.032
649.785
650.481
651.125
651.722
652.277
652.792
653.269
653.71
654.114
654.48
654.804
655.084
655.314
655.484
655.58
655.599
655.529
655.327
655.002
654.557
653.986
653.28
652.435
651.443
650.301
649.004
647.55
645.936
644.162
642.227
640.133
637.88
635.472
632.911
630.202
627.349
624.357
621.232
617.98
614.61
611.127
607.539
603.855
600.081
596.226
592.298
588.303
584.25
580.145
575.996
571.808
567.589
563.344
559.079
554.799
550.509
546.213
541.916
537.621
533.332
529.052
524.783
520.528
516.289
512.069
507.867
503.686
499.527
495.391
491.278
487.188
483.122
479.08
475.061
471.066
467.093
463.143
459.214
455.306
451.417
447.548
443.697
439.862
436.043
432.238
428.446
424.666
420.897
417.137
413.385
409.64
405.901
402.166
398.434
394.704
390.975
387.246
383.516
379.785
376.051
372.315
368.575
364.831
361.082
357.33
353.573
349.811
346.046
342.276
338.503
334.728
330.951
327.173
323.395
319.619
315.846
312.077
308.315
304.56
300.815
297.081
293.36
289.653
285.962
282.287
278.626
274.979
271.326
267.674
56.011
21.0036
13.4193
10.5666
9.14696
8.33576
7.84106
7.53418
7.34955
7.25035
7.21408
7.22615
7.27721
7.3606
7.47144
7.6062
7.76222
7.93748
8.13044
8.33992
8.5649
8.80461
9.05848
9.32606
9.60698
9.90094
10.2076
10.527
10.859
11.2036
11.5609
11.931
12.3139
12.7098
13.119
13.5415
13.9777
14.4277
14.8919
15.3707
15.8643
16.3732
16.8978
17.4385
17.9961
18.5708
19.1632
19.7739
20.4034
21.0523
21.7213
22.411
23.1222
23.8554
24.6114
25.3909
26.1948
27.024
27.8791
28.7612
29.671
30.6096
31.5778
32.5766
33.6069
34.6697
35.7661
36.897
38.0636
39.2668
40.5077
41.7874
43.107
44.4676
45.8703
47.3162
48.8064
50.3421
51.9243
53.5542
55.2328
56.9614
58.741
60.5726
62.4574
64.3965
66.3909
68.4416
70.5496
72.7161
74.942
77.2282
79.5757
81.9855
84.4584
86.9953
89.5969
92.2642
94.9977
97.7982
100.666
103.603
106.608
109.683
112.828
116.043
119.328
122.685
126.113
129.613
133.184
136.827
140.542
144.329
148.188
152.119
156.121
160.195
164.34
168.555
172.841
177.197
181.622
186.116
190.679
195.308
200.005
204.767
209.594
214.486
219.44
224.457
229.535
234.673
239.869
245.123
250.433
255.797
261.215
266.685
272.205
277.774
283.39
289.051
294.756
300.503
306.291
312.116
317.977
323.873
329.801
335.759
341.745
347.757
353.793
359.849
365.925
372.017
378.124
384.242
390.369
396.503
402.641
408.78
414.917
421.05
427.176
433.292
439.395
445.481
451.549
457.595
463.616
469.608
475.57
481.497
487.386
493.234
499.038
504.795
510.501
516.154
521.749
527.283
532.754
538.157
543.489
548.747
553.927
559.025
564.038
568.963
573.796
578.534
583.173
587.71
592.142
596.466
600.678
604.775
608.755
612.616
616.353
619.966
623.452
626.808
630.034
633.126
636.085
638.909
641.597
644.148
646.563
648.842
650.985
652.994
654.87
656.614
658.229
659.718
661.085
662.332
663.464
664.485
665.401
666.217
666.94
667.573
668.124
668.601
669.013
669.364
669.658
669.903
670.106
670.274
670.412
670.524
670.612
670.679
670.724
670.746
670.743
670.716
670.651
670.515
670.319
670.05
669.69
669.23
668.664
667.986
667.189
666.264
665.206
664.008
662.667
661.178
659.537
657.743
655.795
653.692
651.434
649.023
646.462
643.753
640.9
637.908
634.781
631.526
628.15
624.658
621.059
617.359
613.567
609.689
605.734
601.71
597.622
593.479
589.288
585.054
580.785
576.487
572.165
567.824
563.47
559.106
554.737
550.368
546.001
541.639
537.286
532.943
528.614
524.3
520.002
515.722
511.461
507.22
502.999
498.8
494.621
490.464
486.329
482.214
478.119
474.045
469.991
465.955
461.936
457.935
453.95
449.98
446.024
442.081
438.149
434.228
430.316
426.412
422.515
418.623
414.736
410.852
406.97
403.09
399.209
395.328
391.446
387.561
383.673
379.782
375.887
371.988
368.085
364.177
360.264
356.347
352.426
348.501
344.574
340.644
336.712
332.781
328.85
324.921
320.996
317.076
313.163
309.259
305.365
301.484
297.616
293.764
289.929
286.111
282.31
278.525
274.737
270.954
55.8084
20.9258
13.3664
10.526
9.11324
8.30629
7.8144
7.50953
7.32651
7.22885
7.19417
7.20794
7.26081
7.34609
7.45903
7.59612
7.75479
7.93293
8.12898
8.34172
8.57012
8.81359
9.07163
9.34382
9.62986
9.92955
10.2427
10.5692
10.909
11.2622
11.6288
12.009
12.4029
12.8108
13.2329
13.6694
14.1206
14.5869
15.0686
15.5662
16.08
16.6106
17.1584
17.724
18.3079
18.9106
19.5329
20.1754
20.8389
21.5239
22.2314
22.962
23.7166
24.496
25.301
26.1327
26.9918
27.8793
28.7964
29.7439
30.7229
31.7345
32.7797
33.8597
34.9757
36.1287
37.3199
38.5506
39.8218
41.135
42.4912
43.8917
45.3378
46.8308
48.3718
49.9622
51.6033
53.2962
55.0422
56.8426
58.6985
60.6114
62.5822
64.6123
66.7027
68.8547
71.0694
73.3477
75.6909
78.0999
80.5757
83.1193
85.7316
88.4133
91.1654
93.9886
96.8836
99.851
102.891
106.006
109.194
112.456
115.794
119.207
122.695
126.259
129.899
133.615
137.406
141.273
145.216
149.234
153.328
157.496
161.739
166.056
170.446
174.909
179.444
184.051
188.729
193.476
198.293
203.178
208.13
213.148
218.23
223.377
228.586
233.857
239.188
244.577
250.024
255.527
261.084
266.694
272.355
278.066
283.824
289.63
295.479
301.372
307.305
313.277
319.287
325.332
331.409
337.518
343.657
349.822
356.011
362.224
368.457
374.708
380.975
387.255
393.546
399.846
406.152
412.462
418.772
425.081
431.386
437.683
443.971
450.246
456.506
462.748
468.968
475.163
481.332
487.469
493.574
499.641
505.669
511.654
517.593
523.483
529.32
535.1
540.822
546.482
552.075
557.599
563.051
568.426
573.722
578.935
584.061
589.096
594.037
598.881
603.624
608.262
612.792
617.211
621.515
625.701
629.767
633.707
637.521
641.205
644.757
648.173
651.452
654.592
657.59
660.446
663.157
665.722
668.142
670.414
672.539
674.518
676.351
678.039
679.583
680.986
682.25
683.378
684.374
685.242
685.986
686.611
687.123
687.529
687.838
688.047
688.171
688.218
688.201
688.128
687.988
687.801
687.58
687.332
687.063
686.778
686.483
686.181
685.874
685.562
685.244
684.918
684.57
684.189
683.766
683.29
682.748
682.127
681.42
680.619
679.714
678.698
677.564
676.304
674.913
673.385
671.717
669.904
667.945
665.837
663.58
661.175
658.621
655.922
653.081
650.1
646.985
643.741
640.373
636.888
633.292
629.593
625.799
621.915
617.951
613.913
609.808
605.645
601.428
597.167
592.865
588.531
584.168
579.784
575.382
570.967
566.543
562.115
557.686
553.259
548.837
544.422
540.017
535.624
531.244
526.879
522.53
518.198
513.883
509.587
505.309
501.049
496.809
492.586
488.382
484.195
480.026
475.873
471.736
467.613
463.505
459.41
455.327
451.255
447.192
443.139
439.093
435.054
431.02
426.99
422.964
418.939
414.916
410.893
406.87
402.844
398.817
394.786
390.752
386.714
382.672
378.626
374.574
370.518
366.457
362.392
358.323
354.25
350.175
346.097
342.019
337.941
333.863
329.789
325.719
321.655
317.599
313.552
309.516
305.494
301.487
297.496
293.524
289.57
285.635
281.718
277.801
273.894
55.3998
20.7723
13.27
10.4554
9.05728
8.25988
7.77487
7.47537
7.29691
7.20332
7.17247
7.1901
7.24694
7.33643
7.45377
7.59542
7.75869
7.94164
8.14297
8.3616
8.59666
8.84746
9.1135
9.39441
9.68996
9.99995
10.3243
10.6628
11.0157
11.3829
11.7646
12.1609
12.5721
12.9984
13.4402
13.8978
14.3715
14.8619
15.3694
15.8944
16.4376
16.9995
17.5807
18.1818
18.8035
19.4466
20.1118
20.7999
21.5118
22.2483
23.0102
23.7987
24.6145
25.4588
26.3325
27.2368
28.1728
29.1415
30.1442
31.1821
32.2563
33.3683
34.5192
35.7104
36.9431
38.2188
39.5388
40.9045
42.3173
43.7786
45.2899
46.8524
48.4678
50.1373
51.8625
53.6448
55.4854
57.386
59.3477
61.372
63.4602
65.6137
67.8335
70.1211
72.4776
74.9042
77.4018
79.9717
82.6147
85.3319
88.124
90.9919
93.9364
96.9582
100.058
103.236
106.493
109.829
113.245
116.741
120.317
123.974
127.71
131.527
135.424
139.401
143.457
147.593
151.807
156.1
160.471
164.918
169.442
174.042
178.717
183.465
188.286
193.18
198.143
203.177
208.279
213.448
218.683
223.983
229.346
234.77
240.255
245.799
251.4
257.056
262.766
268.529
274.342
280.205
286.114
292.069
298.068
304.108
310.188
316.307
322.461
328.65
334.871
341.122
347.401
353.707
360.036
366.388
372.759
379.148
385.552
391.97
398.398
404.836
411.279
417.727
424.177
430.625
437.071
443.51
449.942
456.362
462.769
469.16
475.531
481.882
488.207
494.505
500.773
507.008
513.206
519.365
525.482
531.554
537.577
543.548
549.465
555.324
561.121
566.854
572.52
578.115
583.636
589.079
594.441
599.719
604.909
610.007
615.01
619.915
624.717
629.413
634
638.474
642.831
647.068
651.183
655.17
659.028
662.753
666.343
669.794
673.104
676.27
679.29
682.162
684.884
687.454
689.871
692.133
694.241
696.192
697.988
699.628
701.114
702.445
703.625
704.654
705.537
706.276
706.873
707.335
707.668
707.871
707.954
707.926
707.805
707.565
707.239
706.836
706.365
705.833
705.246
704.616
703.953
703.268
702.569
701.865
701.162
700.467
699.784
699.115
698.458
697.811
697.167
696.514
695.843
695.143
694.399
693.601
692.738
691.801
690.779
689.664
688.447
687.12
685.678
684.112
682.417
680.59
678.625
676.52
674.273
671.882
669.348
666.671
663.854
660.899
657.81
654.591
651.248
647.785
644.211
640.53
636.75
632.879
628.923
624.889
620.786
616.619
612.396
608.123
603.807
599.453
595.068
590.657
586.224
581.774
577.312
572.842
568.366
563.889
559.414
554.942
550.476
546.019
541.571
537.135
532.712
528.302
523.907
519.526
515.161
510.812
506.478
502.16
497.858
493.57
489.297
485.038
480.792
476.559
472.338
468.127
463.927
459.736
455.552
451.376
447.206
443.04
438.879
434.72
430.563
426.407
422.251
418.094
413.935
409.774
405.609
401.441
397.269
393.092
388.911
384.724
380.532
376.336
372.135
367.929
363.719
359.506
355.29
351.073
346.855
342.637
338.421
334.208
330.001
325.799
321.607
317.424
313.254
309.098
304.958
300.835
296.732
292.65
288.587
284.546
280.506
276.482
54.8664
20.5742
13.1475
10.3662
8.9873
8.20286
7.72755
7.43599
7.26448
7.17735
7.15273
7.17669
7.24008
7.33621
7.46001
7.6085
7.77939
7.97081
8.18138
8.41007
8.65602
8.91858
9.19726
9.49174
9.80176
10.1272
10.4681
10.8244
11.1963
11.5838
11.9873
12.407
12.8432
13.2962
13.7666
14.2546
14.7609
15.286
15.8305
16.395
16.9802
17.5869
18.2156
18.8674
19.543
20.2433
20.9692
21.7217
22.5019
23.3108
24.1495
25.0191
25.9209
26.856
27.8258
28.8315
29.8744
30.956
32.0777
33.2408
34.4469
35.6975
36.9941
38.3382
39.7314
41.1753
42.6715
44.2217
45.8273
47.4901
49.2117
50.9936
52.8375
54.745
56.7177
58.757
60.8645
63.0417
65.2901
67.6109
70.0056
72.4754
75.0216
77.6453
80.3476
83.1295
85.992
88.9359
91.9621
95.0713
98.264
101.541
104.902
108.349
111.88
115.497
119.199
122.987
126.86
130.818
134.861
138.988
143.199
147.493
151.87
156.329
160.868
165.488
170.187
174.964
179.818
184.748
189.752
194.83
199.979
205.198
210.487
215.842
221.264
226.749
232.297
237.906
243.573
249.298
255.079
260.913
266.799
272.736
278.72
284.751
290.826
296.944
303.103
309.3
315.534
321.803
328.105
334.438
340.8
347.189
353.603
360.041
366.499
372.976
379.47
385.979
392.501
399.034
405.575
412.123
418.676
425.23
431.785
438.338
444.886
451.427
457.96
464.482
470.99
477.482
483.955
490.408
496.838
503.241
509.616
515.96
522.269
528.542
534.776
540.967
547.113
553.211
559.258
565.251
571.187
577.063
582.876
588.622
594.3
599.905
605.434
610.885
616.254
621.537
626.733
631.836
636.843
641.752
646.558
651.257
655.847
660.324
664.684
668.923
673.039
677.027
680.885
684.609
688.196
691.643
694.947
698.105
701.116
703.975
706.681
709.232
711.626
713.861
715.936
717.849
719.6
721.189
722.614
723.878
724.979
725.92
726.703
727.328
727.798
728.122
728.295
728.326
728.229
727.988
727.621
727.142
726.556
725.865
725.081
724.215
723.279
722.282
721.233
720.143
719.025
717.889
716.747
715.609
714.485
713.382
712.307
711.264
710.253
709.273
708.317
707.378
706.446
705.508
704.552
703.565
702.537
701.456
700.311
699.092
697.791
696.398
694.905
693.304
691.588
689.752
687.79
685.697
683.47
681.107
678.605
675.964
673.186
670.272
667.224
664.048
660.746
657.324
653.788
650.143
646.397
642.555
638.626
634.615
630.531
626.379
622.167
617.902
613.588
609.234
604.843
600.422
595.975
591.508
587.024
582.527
578.021
573.51
568.996
564.482
559.971
555.463
550.962
546.469
541.985
537.511
533.048
528.597
524.157
519.731
515.316
510.914
506.525
502.148
497.782
493.428
489.085
484.751
480.427
476.112
471.804
467.504
463.209
458.919
454.634
450.351
446.071
441.792
437.514
433.235
428.954
424.672
420.387
416.098
411.805
407.508
403.205
398.898
394.585
390.267
385.943
381.614
377.28
372.942
368.599
364.254
359.906
355.556
351.206
346.856
342.509
338.165
333.827
329.496
325.175
320.864
316.566
312.283
308.017
303.77
299.544
295.339
291.156
286.996
282.841
278.707
54.2416
20.3412
13.0035
10.2619
8.90648
8.13825
7.67553
7.39461
7.23275
7.1548
7.13919
7.17235
7.24473
7.34992
7.48389
7.64348
7.82639
8.03074
8.25512
8.49848
8.76007
9.03936
9.33598
9.64967
9.98032
10.3279
10.6925
11.0741
11.4732
11.8898
12.3244
12.7774
13.2491
13.7402
14.2511
14.7825
15.335
15.9094
16.5064
17.1269
17.7717
18.4417
19.138
19.8614
20.6132
21.3944
22.2062
23.0499
23.9266
24.8378
25.7848
26.769
27.7919
28.8551
29.96
31.1083
32.3016
33.5417
34.8301
36.1687
37.5592
39.0034
40.5032
42.0604
43.6768
45.3543
47.0947
48.8999
50.7717
52.7119
54.7224
56.8049
58.961
61.1926
63.5011
65.8883
68.3555
70.9042
73.5358
76.2516
79.0527
81.9403
84.9154
87.9788
91.1314
94.3738
97.7067
101.13
104.646
108.252
111.95
115.74
119.622
123.594
127.658
131.812
136.056
140.389
144.811
149.32
153.915
158.596
163.361
168.208
173.137
178.146
183.234
188.398
193.638
198.951
204.335
209.79
215.312
220.9
226.553
232.267
238.042
243.875
249.764
255.706
261.701
267.746
273.838
279.976
286.157
292.38
298.643
304.943
311.278
317.646
324.046
330.475
336.932
343.413
349.918
356.444
362.989
369.552
376.131
382.722
389.326
395.939
402.56
409.186
415.817
422.449
429.081
435.711
442.338
448.958
455.571
462.174
468.765
475.342
481.904
488.447
494.97
501.471
507.948
514.398
520.82
527.21
533.567
539.889
546.172
552.414
558.614
564.767
570.872
576.927
582.927
588.871
594.755
600.577
606.335
612.024
617.643
623.188
628.656
634.044
639.35
644.571
649.702
654.742
659.686
664.532
669.276
673.914
678.443
682.86
687.161
691.342
695.4
699.331
703.133
706.802
710.334
713.726
716.976
720.08
723.036
725.84
728.491
730.986
733.322
735.497
737.51
739.36
741.044
742.562
743.912
745.095
746.11
746.959
747.64
748.155
748.511
748.701
748.731
748.621
748.342
747.919
747.36
746.665
745.841
744.899
743.846
742.689
741.438
740.104
738.699
737.232
735.716
734.163
732.584
730.994
729.404
727.828
726.276
724.76
723.287
721.864
720.492
719.171
717.898
716.666
715.466
714.285
713.111
711.931
710.734
709.506
708.237
706.916
705.532
704.075
702.537
700.907
699.179
697.343
695.394
693.326
691.132
688.809
686.355
683.766
681.043
678.187
675.199
672.082
668.839
665.476
661.997
658.408
654.713
650.921
647.037
643.068
639.022
634.904
630.721
626.481
622.189
617.85
613.472
609.058
604.615
600.146
595.656
591.149
586.629
582.1
577.563
573.022
568.479
563.937
559.396
554.86
550.329
545.804
541.286
536.777
532.276
527.784
523.301
518.827
514.363
509.907
505.46
501.022
496.592
492.169
487.753
483.343
478.938
474.538
470.142
465.749
461.358
456.968
452.579
448.189
443.798
439.405
435.009
430.61
426.207
421.8
417.387
412.969
408.545
404.116
399.68
395.238
390.791
386.338
381.88
377.417
372.95
368.48
364.007
359.533
355.059
350.585
346.115
341.648
337.187
332.734
328.291
323.859
319.442
315.039
310.655
306.291
301.947
297.627
293.331
289.059
284.795
280.558
53.5582
20.0812
12.8425
10.1459
8.81773
8.06905
7.62202
7.35482
7.20573
7.14017
7.13696
7.18207
7.267
7.38603
7.53496
7.71048
7.91018
8.13238
8.37583
8.63963
8.92314
9.22592
9.54773
9.88844
10.2481
10.6267
11.0246
11.442
11.8793
12.3369
12.8154
13.3153
13.8373
14.3821
14.9504
15.5432
16.1613
16.8056
17.4773
18.1773
18.9069
19.6672
20.4596
21.2854
22.1459
23.0426
23.9771
24.951
25.9658
27.0233
28.1251
29.2732
30.4694
31.7156
33.0138
34.3659
35.774
37.2401
38.7664
40.355
42.0079
43.7274
45.5156
47.3746
49.3065
51.3135
53.3975
55.5606
57.8048
60.1319
62.5438
65.0424
67.6291
70.3058
73.0738
75.9346
78.8894
81.9394
85.0855
88.3287
91.6697
95.1093
98.6477
102.285
106.022
109.859
113.795
117.83
121.963
126.194
130.523
134.948
139.468
144.082
148.79
153.589
158.478
163.455
168.519
173.668
178.899
184.212
189.603
195.071
200.614
206.228
211.913
217.665
223.482
229.362
235.302
241.3
247.353
253.46
259.617
265.822
272.073
278.367
284.702
291.076
297.486
303.929
310.405
316.909
323.441
329.998
336.578
343.178
349.797
356.433
363.083
369.746
376.419
383.102
389.791
396.485
403.183
409.882
416.582
423.279
429.972
436.66
443.341
450.014
456.675
463.325
469.961
476.581
483.184
489.768
496.332
502.873
509.39
515.882
522.346
528.78
535.184
541.554
547.89
554.188
560.448
566.667
572.844
578.975
585.059
591.093
597.076
603.005
608.878
614.691
620.443
626.131
631.752
637.303
642.783
648.188
653.516
658.763
663.927
669.006
673.996
678.895
683.699
688.406
693.012
697.515
701.91
706.195
710.365
714.418
718.35
722.157
725.837
729.386
732.8
736.077
739.212
742.205
745.05
747.746
750.29
752.678
754.91
756.981
758.891
760.637
762.217
763.631
764.875
765.95
766.857
767.592
768.157
768.555
768.781
768.837
768.74
768.466
768.029
767.443
766.702
765.814
764.785
763.621
762.329
760.916
759.392
757.765
756.045
754.242
752.369
750.436
748.457
746.443
744.409
742.369
740.336
738.326
736.352
734.425
732.558
730.756
729.026
727.367
725.779
724.255
722.788
721.365
719.976
718.606
717.242
715.871
714.483
713.064
711.604
710.091
708.516
706.868
705.137
703.314
701.392
699.361
697.216
694.95
692.56
690.041
687.392
684.612
681.702
678.663
675.5
672.215
668.812
665.297
661.674
657.951
654.132
650.224
646.234
642.169
638.035
633.838
629.585
625.281
620.932
616.544
612.121
607.667
603.189
598.688
594.17
589.637
585.093
580.54
575.981
571.418
566.852
562.287
557.722
553.16
548.601
544.046
539.496
534.951
530.412
525.878
521.35
516.828
512.312
507.801
503.294
498.793
494.295
489.801
485.31
480.82
476.333
471.846
467.359
462.872
458.383
453.892
449.398
444.9
440.399
435.892
431.381
426.864
422.34
417.81
413.274
408.731
404.181
399.625
395.063
390.494
385.92
381.341
376.758
372.172
367.583
362.993
358.402
353.814
349.227
344.646
340.07
335.503
330.946
326.402
321.871
317.357
312.862
308.387
303.935
299.507
295.103
290.727
286.361
282.027
52.8515
19.8027
12.6684
10.0211
8.72404
7.99847
7.57069
7.32084
7.18834
7.13913
7.15145
7.2133
7.31643
7.4548
7.62398
7.821
8.04367
8.29047
8.56028
8.85236
9.16623
9.50163
9.85848
10.2368
10.6369
11.0591
11.5037
11.9713
12.4625
12.978
13.5186
14.0852
14.6786
15.3
15.9503
16.6309
17.3429
18.0878
18.8668
19.6816
20.5336
21.4247
22.3564
23.3306
24.3492
25.4141
26.5274
27.6911
28.9075
30.1787
31.5071
32.8949
34.3446
35.8586
37.4394
39.0895
40.8114
42.6077
44.4807
46.4331
48.4672
50.5857
52.7907
55.0847
57.4699
59.9486
62.5228
65.1945
67.9656
70.8378
73.8127
76.8919
80.0765
83.3678
86.7666
90.2739
93.8901
97.6157
101.451
105.395
109.449
113.612
117.884
122.262
126.748
131.339
136.034
140.831
145.729
150.727
155.821
161.011
166.293
171.666
177.126
182.672
188.3
194.008
199.794
205.653
211.584
217.583
223.648
229.775
235.961
242.204
248.5
254.846
261.24
267.679
274.159
280.678
287.233
293.821
300.439
307.086
313.758
320.452
327.166
333.899
340.646
347.407
354.179
360.959
367.746
374.538
381.332
388.127
394.921
401.712
408.498
415.278
422.05
428.812
435.563
442.302
449.026
455.735
462.427
469.1
475.754
482.387
488.997
495.584
502.146
508.681
515.189
521.668
528.117
534.534
540.918
547.268
553.582
559.86
566.098
572.297
578.455
584.57
590.64
596.664
602.641
608.567
614.443
620.266
626.033
631.744
637.395
642.986
648.513
653.975
659.369
664.693
669.944
675.12
680.219
685.237
690.172
695.023
699.785
704.457
709.037
713.52
717.905
722.189
726.368
730.44
734.401
738.248
741.977
745.584
749.067
752.423
755.649
758.74
761.694
764.507
767.177
769.701
772.076
774.299
776.367
778.279
780.032
781.624
783.051
784.314
785.411
786.34
787.097
787.685
788.108
788.354
788.429
788.346
788.082
787.645
787.051
786.293
785.374
784.303
783.08
781.711
780.203
778.561
776.792
774.906
772.909
770.813
768.626
766.36
764.027
761.637
759.205
756.743
754.266
751.789
749.327
746.897
744.513
742.19
739.94
737.774
735.697
733.71
731.817
730.012
728.287
726.634
725.038
723.487
721.967
720.464
718.966
717.461
715.936
714.38
712.781
711.127
709.408
707.614
705.733
703.758
701.678
699.488
697.181
694.751
692.196
689.513
686.701
683.761
680.697
677.51
674.204
670.784
667.253
663.619
659.885
656.058
652.145
648.152
644.085
639.951
635.755
631.505
627.204
622.858
618.472
614.052
609.6
605.122
600.622
596.102
591.565
587.016
582.455
577.886
573.31
568.729
564.145
559.559
554.972
550.384
545.798
541.213
536.63
532.048
527.469
522.892
518.318
513.745
509.174
504.604
500.036
495.468
490.901
486.333
481.764
477.194
472.622
468.047
463.468
458.885
454.298
449.706
445.108
440.504
435.893
431.275
426.65
422.018
417.378
412.731
408.076
403.414
398.746
394.071
389.39
384.703
380.013
375.319
370.622
365.925
361.227
356.531
351.838
347.149
342.468
337.794
333.132
328.482
323.847
319.229
314.63
310.053
305.498
300.969
296.466
291.992
287.531
283.108
52.1577
19.5139
12.4851
9.89073
8.62865
7.93028
7.52603
7.29809
7.18699
7.15775
7.19183
7.27704
7.40466
7.56878
7.76541
7.99176
8.24588
8.52645
8.83259
9.16377
9.51977
9.90057
10.3064
10.7375
11.1946
11.6782
12.189
12.7281
13.2963
13.8948
14.5248
15.1875
15.8844
16.617
17.3869
18.1958
19.0455
19.9381
20.8755
21.8598
22.8934
23.9786
25.1178
26.3137
27.5687
28.8857
30.2674
31.7166
33.2363
34.8294
36.499
38.2481
40.0796
41.9968
44.0025
46.0999
48.2918
50.5813
52.9712
55.4642
58.0629
60.77
63.5877
66.5183
69.5638
72.7261
76.0069
79.4075
82.9293
86.5731
90.3397
94.2296
98.2429
102.38
106.639
111.021
115.525
120.149
124.891
129.752
134.727
139.816
145.016
150.324
155.738
161.255
166.872
172.586
178.393
184.289
190.273
196.339
202.484
208.704
214.997
221.357
227.781
234.266
240.807
247.401
254.044
260.732
267.462
274.23
281.033
287.867
294.729
301.616
308.524
315.45
322.392
329.346
336.309
343.28
350.255
357.231
364.207
371.18
378.147
385.108
392.059
398.998
405.925
412.836
419.731
426.608
433.465
440.301
447.114
453.904
460.668
467.406
474.116
480.798
487.45
494.072
500.662
507.22
513.744
520.235
526.69
533.109
539.491
545.836
552.142
558.409
564.636
570.821
576.965
583.066
589.123
595.136
601.102
607.023
612.895
618.719
624.492
630.215
635.885
641.502
647.064
652.57
658.017
663.406
668.733
673.998
679.199
684.333
689.399
694.395
699.318
704.167
708.939
713.633
718.244
722.772
727.214
731.567
735.83
739.999
744.072
748.048
751.922
755.693
759.358
762.914
766.356
769.682
772.888
775.971
778.928
781.757
784.454
787.015
789.437
791.718
793.854
795.844
797.686
799.374
800.907
802.284
803.503
804.561
805.453
806.183
806.748
807.148
807.371
807.429
807.334
807.052
806.598
805.985
805.204
804.258
803.151
801.885
800.463
798.891
797.171
795.31
793.314
791.188
788.941
786.579
784.114
781.553
778.907
776.188
773.406
770.575
767.707
764.815
761.915
759.022
756.152
753.324
750.553
747.855
745.246
742.736
740.333
738.032
735.842
733.765
731.796
729.923
728.135
726.417
724.756
723.136
721.547
719.973
718.402
716.822
715.22
713.583
711.899
710.156
708.342
706.446
704.459
702.37
700.172
697.857
695.418
692.853
690.161
687.342
684.398
681.331
678.144
674.84
671.423
667.898
664.27
660.545
656.728
652.827
648.848
644.796
640.677
636.498
632.263
627.978
623.647
619.277
614.87
610.431
605.964
601.473
596.96
592.429
587.882
583.322
578.749
574.168
569.578
564.981
560.379
555.773
551.164
546.551
541.936
537.319
532.701
528.081
523.46
518.837
514.213
509.587
504.959
500.329
495.696
491.06
486.421
481.778
477.13
472.477
467.819
463.155
458.485
453.807
449.123
444.43
439.73
435.021
430.304
425.579
420.845
416.103
411.353
406.595
401.829
397.057
392.278
387.494
382.705
377.912
373.117
368.321
363.524
358.729
353.938
349.151
344.371
339.6
334.84
330.093
325.361
320.647
315.953
311.28
306.632
302.009
297.414
292.848
288.297
283.789
51.5151
19.2228
12.2963
9.75807
8.53548
7.86936
7.49411
7.294
7.20874
7.20734
7.2712
7.38741
7.54775
7.74678
7.98082
8.24738
8.54482
8.87215
9.22883
9.6147
10.0299
10.4749
10.9502
11.4568
11.9957
12.5679
13.1749
13.8181
14.4991
15.2198
15.9819
16.7875
17.6388
18.5381
19.4878
20.4906
21.5492
22.6667
23.846
25.0903
26.4032
27.788
29.2484
30.788
32.4107
34.1203
35.9204
37.8149
39.8078
41.9028
44.1039
46.4147
48.839
51.3804
54.0424
56.8283
59.7413
62.7842
65.9597
69.2704
72.7183
76.3054
80.0331
83.9027
87.9149
92.0704
96.3691
100.811
105.395
110.12
114.986
119.989
125.129
130.402
135.806
141.338
146.994
152.771
158.664
164.67
170.785
177.003
183.32
189.732
196.234
202.821
209.488
216.229
223.041
229.917
236.853
243.845
250.887
257.974
265.102
272.267
279.463
286.686
293.933
301.198
308.479
315.771
323.07
330.373
337.676
344.977
352.271
359.556
366.829
374.088
381.329
388.551
395.75
402.926
410.075
417.196
424.287
431.347
438.373
445.365
452.321
459.24
466.121
472.962
479.763
486.522
493.24
499.914
506.545
513.132
519.674
526.171
532.623
539.028
545.386
551.698
557.963
564.18
570.349
576.471
582.544
588.568
594.544
600.47
606.346
612.172
617.948
623.674
629.348
634.97
640.541
646.059
651.523
656.934
662.291
667.592
672.837
678.026
683.157
688.229
693.242
698.194
703.083
707.91
712.672
717.368
721.997
726.556
731.045
735.461
739.802
744.066
748.252
752.358
756.38
760.316
764.165
767.923
771.59
775.163
778.64
782.018
785.294
788.468
791.534
794.492
797.336
800.062
802.668
805.152
807.509
809.739
811.838
813.801
815.625
817.308
818.847
820.243
821.493
822.589
823.531
824.321
824.954
825.43
825.736
825.889
825.88
825.71
825.353
824.843
824.174
823.337
822.335
821.172
819.848
818.365
816.726
814.933
812.991
810.905
808.678
806.316
803.826
801.214
798.487
795.654
792.725
789.708
786.614
783.456
780.244
776.991
773.709
770.408
767.094
763.796
760.531
757.319
754.176
751.121
748.17
745.335
742.627
740.047
737.611
735.312
733.143
731.094
729.152
727.303
725.533
723.828
722.174
720.557
718.965
717.383
715.798
714.197
712.567
710.893
709.163
707.365
705.487
703.517
701.448
699.267
696.975
694.558
692.016
689.347
686.553
683.634
680.593
677.431
674.153
670.762
667.261
663.659
659.96
656.171
652.299
648.349
644.326
640.238
636.088
631.882
627.625
623.321
618.976
614.594
610.177
605.731
601.258
596.761
592.243
587.706
583.152
578.584
574.002
569.409
564.806
560.194
555.575
550.947
546.314
541.674
537.029
532.378
527.722
523.061
518.395
513.724
509.048
504.367
499.679
494.987
490.288
485.582
480.87
476.15
471.423
466.688
461.944
457.192
452.431
447.66
442.881
438.091
433.292
428.484
423.666
418.838
414.002
409.157
404.304
399.444
394.577
389.704
384.826
379.944
375.059
370.173
365.287
360.402
355.521
350.645
345.776
340.915
336.066
331.23
326.41
321.607
316.824
312.063
307.327
302.617
297.935
293.286
288.656
284.074
50.967
18.9375
12.106
9.62718
8.44974
7.82253
7.48369
7.31722
7.26748
7.30405
7.40734
7.5653
7.77027
8.01726
8.30304
8.62559
8.98379
9.37716
9.80573
10.2699
10.7706
11.3088
11.8859
12.5036
13.1637
13.8683
14.6198
15.4207
16.2735
17.1813
18.147
19.1739
20.2657
21.4261
22.659
23.9687
25.3595
26.8361
28.4032
30.066
31.8294
33.6989
35.6798
37.7775
39.9974
42.3445
44.8238
47.4404
50.199
53.1041
56.1603
59.3716
62.7418
66.2742
69.972
73.8378
77.8735
82.0808
86.4608
91.0138
95.7398
100.638
105.707
110.946
116.351
121.921
127.651
133.537
139.576
145.763
152.092
158.557
165.154
171.876
178.717
185.669
192.727
199.884
207.132
214.465
221.877
229.359
236.906
244.51
252.165
259.865
267.604
275.374
283.171
290.988
298.819
306.661
314.506
322.351
330.19
338.019
345.835
353.632
361.407
369.156
376.877
384.565
392.218
399.832
407.406
414.937
422.423
429.861
437.249
444.587
451.872
459.103
466.279
473.398
480.459
487.463
494.407
501.291
508.116
514.879
521.581
528.222
534.801
541.318
547.774
554.167
560.499
566.769
572.978
579.125
585.212
591.237
597.202
603.106
608.951
614.736
620.461
626.128
631.736
637.286
642.778
648.213
653.589
658.909
664.17
669.375
674.523
679.614
684.648
689.625
694.545
699.408
704.213
708.961
713.65
718.282
722.854
727.367
731.82
736.213
740.543
744.812
749.017
753.158
757.233
761.241
765.182
769.052
772.852
776.58
780.232
783.808
787.306
790.724
794.06
797.31
800.472
803.546
806.529
809.419
812.214
814.912
817.51
820.006
822.398
824.682
826.854
828.909
830.845
832.66
834.352
835.919
837.357
838.662
839.827
840.853
841.74
842.488
843.096
843.549
843.847
844.006
844.009
843.862
843.531
843.059
842.43
841.645
840.695
839.588
838.324
836.902
835.322
833.587
831.698
829.658
827.47
825.135
822.662
820.051
817.309
814.442
811.456
808.358
805.156
801.844
798.439
794.956
791.409
787.809
784.168
780.497
776.81
773.118
769.451
765.814
762.223
758.694
755.246
751.898
748.667
745.567
742.609
739.785
737.127
734.629
732.284
730.084
728.015
726.063
724.212
722.449
720.758
719.127
717.54
715.986
714.447
712.911
711.362
709.786
708.17
706.499
704.76
702.939
701.026
699.009
696.886
694.635
692.26
689.76
687.134
684.382
681.505
678.505
675.387
672.155
668.809
665.355
661.799
658.148
654.406
650.581
646.677
642.701
638.656
634.548
630.382
626.164
621.898
617.589
613.24
608.856
604.438
599.991
595.517
591.019
586.499
581.959
577.4
572.825
568.235
563.631
559.014
554.386
549.746
545.096
540.436
535.767
531.089
526.402
521.706
517.002
512.289
507.568
502.838
498.099
493.352
488.595
483.829
479.053
474.267
469.472
464.666
459.849
455.022
450.184
445.335
440.475
435.604
430.723
425.831
420.928
416.016
411.094
406.164
401.225
396.279
391.327
386.369
381.408
376.443
371.476
366.51
361.544
356.582
351.625
346.674
341.732
336.801
331.884
326.982
322.101
317.239
312.401
307.587
302.801
298.044
293.322
288.617
283.967
50.5611
18.6658
11.9185
9.50353
8.37907
7.80014
7.5058
7.38487
7.38377
7.47111
7.62821
7.84385
8.11105
8.42552
8.78476
9.18755
9.63362
10.1234
10.658
11.2388
11.8678
12.5473
13.28
14.0689
14.9177
15.83
16.8101
17.8622
18.9911
20.2018
21.4997
22.8903
24.3798
25.9744
27.6809
29.5062
31.4572
33.5414
35.7664
38.1399
40.6698
43.3641
46.231
49.2779
52.5116
55.9379
59.5624
63.3903
67.4259
71.6732
76.1354
80.8148
85.713
90.8305
96.1668
101.721
107.49
113.471
119.661
126.053
132.643
139.424
146.389
153.529
160.837
168.304
175.921
183.679
191.567
199.576
207.695
215.916
224.228
232.62
241.084
249.609
258.185
266.805
275.458
284.137
292.832
301.536
310.241
318.94
327.626
336.292
344.932
353.541
362.112
370.642
379.124
387.555
395.93
404.246
412.499
420.686
428.805
436.852
444.825
452.723
460.543
468.284
475.944
483.522
491.017
498.428
505.754
512.996
520.151
527.222
534.206
541.104
547.917
554.644
561.286
567.843
574.316
580.705
587.011
593.235
599.378
605.439
611.421
617.324
623.149
628.896
634.568
640.164
645.686
651.135
656.511
661.817
667.052
672.218
677.316
682.347
687.311
692.21
697.044
701.816
706.524
711.171
715.755
720.279
724.742
729.146
733.49
737.775
742.002
746.171
750.281
754.334
758.329
762.266
766.145
769.966
773.729
777.433
781.078
784.663
788.189
791.653
795.056
798.395
801.672
804.883
808.029
811.108
814.118
817.058
819.925
822.72
825.439
828.082
830.644
833.122
835.516
837.823
840.043
842.173
844.212
846.157
848.005
849.755
851.405
852.953
854.389
855.71
856.914
858.002
858.97
859.82
860.547
861.141
861.593
861.913
862.1
862.155
862.082
861.845
861.455
860.931
860.26
859.442
858.464
857.34
856.066
854.642
853.063
851.334
849.454
847.423
845.245
842.92
840.451
837.84
835.091
832.203
829.166
826.001
822.716
819.317
815.813
812.209
808.515
804.749
800.92
797.03
793.089
789.108
785.099
781.075
777.046
773.02
769.019
765.059
761.157
757.331
753.6
749.983
746.497
743.159
739.981
736.969
734.137
731.486
729.012
726.706
724.554
722.542
720.653
718.873
717.185
715.577
714.033
712.54
711.082
709.643
708.207
706.761
705.289
703.775
702.204
700.561
698.833
697.005
695.07
693.017
690.841
688.541
686.114
683.558
680.875
678.065
675.132
672.082
668.909
665.623
662.229
658.733
655.141
651.459
647.693
643.848
639.93
635.941
631.889
627.777
623.61
619.393
615.13
610.825
606.481
602.101
597.688
593.244
588.773
584.275
579.754
575.211
570.648
566.066
561.466
556.85
552.218
547.571
542.91
538.235
533.547
528.846
524.133
519.407
514.67
509.92
505.159
500.386
495.601
490.805
485.996
481.175
476.343
471.497
466.64
461.77
456.888
451.993
447.085
442.165
437.233
432.289
427.333
422.366
417.388
412.399
407.401
402.394
397.379
392.357
387.329
382.296
377.26
372.222
367.184
362.147
357.114
352.086
347.064
342.052
337.05
332.063
327.092
322.141
317.209
312.299
307.415
302.559
297.732
292.94
288.167
283.454
50.3832
18.4204
11.7401
9.39552
8.33577
7.81728
7.58149
7.52379
7.58926
7.74712
7.98011
8.2781
8.6352
9.04832
9.51625
10.0392
10.6186
11.2565
11.9559
12.7201
13.5533
14.4602
15.4459
16.5165
17.6786
18.9397
20.308
21.7913
23.3981
25.1377
27.0197
29.0542
31.2514
33.6223
36.1782
38.9302
41.8895
45.0676
48.4761
52.1258
56.0275
60.1922
64.6305
69.352
74.3606
79.6591
85.2496
91.1327
97.3078
103.773
110.523
117.554
124.858
132.427
140.25
148.317
156.616
165.134
173.856
182.768
191.855
201.103
210.495
220.015
229.649
239.382
249.198
259.082
269.021
279
289.007
299.028
309.051
319.066
329.06
339.023
348.946
358.819
368.635
378.385
388.061
397.659
407.17
416.59
425.914
435.138
444.257
453.267
462.167
470.952
479.621
488.171
496.602
504.911
513.099
521.164
529.105
536.924
544.618
552.19
559.639
566.966
574.172
581.257
588.222
595.069
601.799
608.413
614.912
621.298
627.572
633.736
639.792
645.742
651.586
657.328
662.968
668.508
673.951
679.299
684.552
689.713
694.784
699.766
704.662
709.473
714.201
718.847
723.413
727.902
732.314
736.652
740.916
745.109
749.232
753.287
757.274
761.195
765.053
768.847
772.58
776.252
779.863
783.414
786.907
790.342
793.72
797.042
800.309
803.521
806.677
809.78
812.828
815.822
818.762
821.648
824.479
827.257
829.979
832.646
835.258
837.813
840.311
842.75
845.131
847.452
849.712
851.91
854.044
856.112
858.114
860.047
861.911
863.705
865.42
867.055
868.609
870.083
871.475
872.782
874.004
875.136
876.177
877.124
877.979
878.739
879.386
879.92
880.344
880.657
880.856
880.948
880.922
880.764
880.457
880.032
879.481
878.803
877.993
877.041
875.947
874.716
873.346
871.835
870.177
868.378
866.437
864.353
862.126
859.756
857.244
854.573
851.756
848.802
845.714
842.496
839.152
835.686
832.123
828.453
824.677
820.802
816.834
812.783
808.654
804.452
800.194
795.89
791.551
787.188
782.814
778.441
774.08
769.743
765.445
761.202
757.031
752.951
748.982
745.142
741.449
737.922
734.575
731.418
728.462
725.71
723.158
720.799
718.617
716.596
714.719
712.97
711.333
709.793
708.335
706.945
705.607
704.302
703.016
701.735
700.442
699.12
697.751
696.32
694.809
693.203
691.492
689.666
687.72
685.649
683.448
681.117
678.655
676.061
673.339
670.491
667.519
664.427
661.221
657.907
654.49
650.975
647.369
643.677
639.905
636.054
632.132
628.143
624.092
619.985
615.825
611.616
607.361
603.065
598.729
594.357
589.951
585.513
581.045
576.55
572.029
567.484
562.915
558.325
553.714
549.084
544.435
539.767
535.082
530.381
525.662
520.928
516.178
511.413
506.632
501.837
497.027
492.202
487.362
482.508
477.639
472.756
467.858
462.946
458.019
453.078
448.123
443.153
438.17
433.174
428.165
423.143
418.109
413.064
408.009
402.945
397.871
392.791
387.703
382.611
377.515
372.417
367.318
362.22
357.126
352.036
346.953
341.878
336.815
331.765
326.731
321.717
316.722
311.75
306.803
301.884
296.995
292.139
287.306
282.536
50.4861
18.2093
11.5787
9.31729
8.34162
7.89922
7.74784
7.77925
7.93938
8.19979
8.54492
8.96647
9.46064
10.0266
10.6656
11.3807
12.1765
13.0591
14.0349
15.1114
16.2972
17.6022
19.0374
20.6148
22.348
24.2526
26.3466
28.6437
31.1596
33.9113
36.9167
40.1932
43.7579
47.6281
51.8216
56.3542
61.2395
66.4911
72.1227
78.144
84.5616
91.3859
98.6271
106.298
114.379
122.855
131.713
140.936
150.507
160.407
170.614
181.105
191.857
202.844
214.042
225.424
236.967
248.645
260.432
272.306
284.242
296.219
308.216
320.212
332.189
344.129
356.016
367.834
379.569
391.208
402.739
414.152
425.436
436.582
447.583
458.431
469.121
479.647
490.005
500.19
510.199
520.031
529.682
539.152
548.44
557.544
566.466
575.206
583.763
592.139
600.336
608.355
616.198
623.866
631.363
638.69
645.85
652.847
659.681
666.357
672.877
679.244
685.461
691.532
697.459
703.246
708.896
714.41
719.793
725.048
730.177
735.184
740.072
744.844
749.503
754.051
758.492
762.829
767.064
771.2
775.24
779.186
783.041
786.808
790.488
794.085
797.601
801.037
804.397
807.682
810.894
814.036
817.109
820.115
823.057
825.935
828.752
831.509
834.209
836.854
839.442
841.976
844.454
846.88
849.255
851.578
853.853
856.078
858.256
860.386
862.468
864.503
866.492
868.433
870.329
872.177
873.979
875.734
877.442
879.101
880.712
882.274
883.786
885.247
886.657
888.013
889.315
890.563
891.753
892.886
893.958
894.969
895.92
896.81
897.623
898.358
899.021
899.611
900.126
900.564
900.922
901.198
901.389
901.492
901.513
901.454
901.27
900.976
900.584
900.089
899.486
898.777
897.954
897.011
895.941
894.75
893.438
892.003
890.441
888.75
886.926
884.972
882.887
880.668
878.308
875.795
873.145
870.361
867.444
864.394
861.214
857.921
854.512
850.98
847.328
843.559
839.677
835.684
831.586
827.391
823.105
818.736
814.289
809.775
805.2
800.572
795.904
791.208
786.493
781.773
777.061
772.368
767.707
763.091
758.532
754.046
749.649
745.36
741.198
737.183
733.335
729.67
726.205
722.954
719.927
717.129
714.558
712.204
710.051
708.08
706.273
704.612
703.079
701.657
700.334
699.096
697.923
696.795
695.701
694.626
693.552
692.46
691.333
690.15
688.894
687.546
686.093
684.527
682.843
681.033
679.091
677.014
674.802
672.453
669.97
667.354
664.609
661.738
658.745
655.637
652.418
649.094
645.671
642.153
638.547
634.856
631.085
627.241
623.327
619.349
615.311
611.217
607.071
602.875
598.633
594.349
590.024
585.66
581.261
576.829
572.364
567.87
563.348
558.798
554.223
549.623
544.999
540.353
535.684
530.994
526.284
521.554
516.804
512.036
507.248
502.443
497.619
492.778
487.92
483.044
478.151
473.241
468.314
463.371
458.412
453.436
448.444
443.437
438.415
433.378
428.327
423.262
418.184
413.094
407.993
402.881
397.76
392.631
387.495
382.353
377.207
372.058
366.908
361.758
356.612
351.47
346.334
341.206
336.089
330.986
325.898
320.829
315.78
310.753
305.751
300.778
295.833
290.923
286.035
281.214
50.9096
18.0362
11.4482
9.29661
8.42464
8.10022
8.0717
8.23505
8.53918
8.95874
9.48151
10.103
10.8238
11.6479
12.5819
13.6347
14.8183
16.1496
17.6427
19.3149
21.1858
23.2778
25.6158
28.2254
31.1334
34.3685
37.9599
41.9394
46.3365
51.181
56.5034
62.3284
68.6768
75.5681
83.023
91.052
99.6564
108.836
118.599
128.937
139.829
151.283
163.289
175.765
188.675
201.978
215.63
229.588
243.807
258.244
272.856
287.601
302.439
317.333
332.246
347.144
361.997
376.775
391.45
405.999
420.399
434.63
448.674
462.516
476.141
489.537
502.695
515.604
528.258
540.65
552.776
564.632
576.215
587.522
598.554
609.31
619.79
629.996
639.93
649.593
658.989
668.122
676.994
685.609
693.971
702.086
709.958
717.591
724.991
732.161
739.109
745.838
752.355
758.664
764.772
770.683
776.403
781.937
787.29
792.468
797.476
802.318
807
811.527
815.903
820.135
824.225
828.177
831.996
835.686
839.253
842.699
846.03
849.249
852.36
855.366
858.271
861.079
863.794
866.417
868.953
871.405
873.775
876.067
878.283
880.425
882.497
884.502
886.44
888.315
890.13
891.885
893.584
895.228
896.819
898.359
899.849
901.292
902.691
904.049
905.359
906.627
907.849
909.03
910.172
911.276
912.342
913.37
914.362
915.316
916.235
917.118
917.964
918.775
919.55
920.288
920.99
921.655
922.283
922.873
923.423
923.934
924.404
924.833
925.218
925.56
925.857
926.108
926.312
926.465
926.568
926.617
926.621
926.578
926.448
926.244
925.983
925.659
925.269
924.809
924.277
923.671
922.986
922.221
921.377
920.449
919.424
918.298
917.076
915.755
914.333
912.806
911.177
909.437
907.581
905.611
903.526
901.325
898.99
896.523
893.932
891.217
888.379
885.418
882.336
879.15
875.845
872.418
868.869
865.2
861.413
857.505
853.483
849.351
845.113
840.77
836.329
831.794
827.169
822.462
817.68
812.83
807.921
802.962
797.96
792.925
787.869
782.803
777.738
772.689
767.667
762.685
757.758
752.897
748.114
743.424
738.842
734.388
730.081
725.94
721.985
718.233
714.704
711.412
708.37
705.586
703.057
700.771
698.711
696.855
695.18
693.667
692.297
691.05
689.918
688.886
687.927
687.024
686.168
685.344
684.533
683.715
682.871
681.981
681.021
679.969
678.81
677.542
676.156
674.641
672.99
671.201
669.271
667.197
664.983
662.63
660.141
657.517
654.765
651.889
648.894
645.785
642.569
639.25
635.833
632.323
628.726
625.047
621.291
617.463
613.566
609.606
605.586
601.509
597.379
593.199
588.972
584.7
580.386
576.032
571.64
567.213
562.751
558.257
553.732
549.177
544.593
539.981
535.343
530.679
525.99
521.277
516.541
511.782
507.001
502.198
497.373
492.528
487.663
482.778
477.873
472.948
468.005
463.043
458.063
453.064
448.048
443.015
437.964
432.898
427.816
422.719
417.608
412.484
407.348
402.2
397.042
391.875
386.7
381.519
376.333
371.143
365.952
360.761
355.573
350.388
345.208
340.037
334.876
329.728
324.596
319.48
314.385
309.312
304.263
299.242
294.25
289.292
284.356
279.491
51.8527
17.9267
11.3816
9.3738
8.66943
8.52484
8.69141
9.06847
9.61228
10.3046
11.1408
12.1255
13.2699
14.5905
16.1075
17.845
19.8324
22.1032
24.6985
27.6605
31.0348
34.8729
39.231
44.1616
49.7167
55.95
62.9175
70.6612
79.2144
88.6076
98.8733
110.014
122.016
134.866
148.557
163.059
178.311
194.255
210.913
228.231
246.073
264.319
282.871
301.673
320.66
339.763
358.918
378.063
397.14
416.099
434.892
453.477
471.817
489.879
507.632
525.053
542.12
558.816
575.126
591.037
606.539
621.626
636.292
650.535
664.354
677.749
690.721
703.274
715.409
727.133
738.453
749.374
759.901
770.043
779.807
789.201
798.233
806.913
815.248
823.249
830.923
838.279
845.328
852.077
858.533
864.713
870.62
876.262
881.648
886.788
891.69
896.362
900.813
905.05
909.082
912.916
916.559
920.019
923.302
926.416
929.367
932.162
934.806
937.307
939.67
941.906
944.009
945.988
947.85
949.601
951.244
952.785
954.229
955.578
956.838
958.013
959.105
960.12
961.059
961.928
962.729
963.464
964.138
964.753
965.311
965.815
966.268
966.672
967.03
967.343
967.614
967.845
968.038
968.193
968.314
968.402
968.457
968.483
968.487
968.47
968.409
968.326
968.208
968.069
967.908
967.723
967.516
967.286
967.034
966.759
966.462
966.143
965.801
965.436
965.049
964.637
964.202
963.741
963.255
962.742
962.202
961.634
961.035
960.406
959.744
959.05
958.321
957.556
956.753
955.911
955.027
954.1
953.132
952.117
951.042
949.906
948.716
947.47
946.166
944.801
943.372
941.876
940.31
938.669
936.954
935.164
933.288
931.322
929.266
927.118
924.876
922.526
920.065
917.499
914.828
912.05
909.164
906.171
903.085
899.897
896.599
893.189
889.666
886.029
882.279
878.412
874.433
870.344
866.144
861.836
857.422
852.903
848.283
843.565
838.754
833.855
828.872
823.81
818.676
813.476
808.218
802.91
797.561
792.179
786.775
781.358
775.939
770.531
765.146
759.797
754.496
749.259
744.099
739.029
734.059
729.204
724.479
719.903
715.495
711.275
707.261
703.472
699.928
696.648
693.649
690.939
688.514
686.363
684.465
682.79
681.312
680.014
678.871
677.856
676.973
676.209
675.517
674.887
674.319
673.796
673.298
672.802
672.288
671.735
671.119
670.406
669.579
668.647
667.599
666.418
665.093
663.627
662.013
660.248
658.335
656.277
654.074
651.728
649.244
646.627
643.883
641.017
638.033
634.938
631.735
628.43
625.029
621.538
617.961
614.303
610.568
606.762
602.887
598.949
594.949
590.892
586.781
582.617
578.405
574.147
569.844
565.499
561.114
556.691
552.231
547.735
543.206
538.643
534.05
529.426
524.772
520.09
515.381
510.645
505.883
501.095
496.283
491.447
486.588
481.706
476.801
471.875
466.927
461.959
456.969
451.96
446.931
441.883
436.817
431.733
426.632
421.515
416.382
411.235
406.075
400.902
395.718
390.524
385.321
380.111
374.896
369.677
364.455
359.232
354.011
348.793
343.581
338.375
333.18
327.996
322.827
317.675
312.542
307.43
302.343
297.282
292.25
287.251
282.274
277.369
53.5343
17.9289
11.4431
9.67241
9.25016
9.41297
9.92596
10.6992
11.7037
12.9377
14.4151
16.1645
18.2287
20.6601
23.5171
26.8655
30.7848
35.372
40.7268
46.9459
54.1271
62.3789
71.8097
82.4901
94.4721
107.804
122.531
138.622
156.028
174.694
194.595
215.597
237.565
260.376
284.042
308.459
333.368
358.602
383.964
409.329
434.639
459.796
484.705
509.294
533.5
557.265
580.537
603.277
625.447
647.02
667.974
688.291
707.958
726.968
745.317
763.001
780.023
796.391
812.111
827.188
841.634
855.459
868.675
881.298
893.34
904.816
915.742
926.133
936
945.362
954.243
962.652
970.603
978.113
985.197
991.87
998.147
1004.04
1009.57
1014.75
1019.59
1024.11
1028.31
1032.21
1035.82
1039.17
1042.25
1045.08
1047.67
1050.02
1052.16
1054.09
1055.82
1057.35
1058.71
1059.9
1060.92
1061.79
1062.51
1063.09
1063.53
1063.85
1064.05
1064.14
1064.12
1064.02
1063.8
1063.48
1063.09
1062.61
1062.06
1061.44
1060.76
1060.01
1059.2
1058.33
1057.42
1056.46
1055.45
1054.4
1053.31
1052.18
1051.02
1049.83
1048.61
1047.36
1046.08
1044.79
1043.47
1042.13
1040.78
1039.41
1038.02
1036.62
1035.21
1033.79
1032.36
1030.92
1029.47
1028.02
1026.56
1025.09
1023.62
1022.13
1020.64
1019.15
1017.65
1016.14
1014.63
1013.11
1011.59
1010.06
1008.52
1006.97
1005.41
1003.85
1002.27
1000.69
999.088
997.475
995.846
994.202
992.54
990.857
989.154
987.429
985.682
983.909
982.109
980.281
978.42
976.526
974.597
972.63
970.616
968.554
966.447
964.292
962.087
959.83
957.517
955.145
952.711
950.207
947.619
944.956
942.215
939.394
936.489
933.5
930.423
927.272
924.043
920.724
917.309
913.798
910.19
906.482
902.672
898.76
894.745
890.628
886.408
882.085
877.659
873.13
868.499
863.768
858.939
854.015
848.997
843.888
838.691
833.412
828.054
822.622
817.122
811.561
805.943
800.277
794.571
788.833
783.073
777.299
771.523
765.754
760.005
754.288
748.614
742.998
737.454
731.996
726.64
721.396
716.278
711.296
706.467
701.81
697.344
693.087
689.059
685.279
681.771
678.553
675.65
673.072
670.817
668.869
667.202
665.775
664.56
663.544
662.693
661.964
661.395
660.966
660.59
660.282
660.058
659.889
659.757
659.634
659.499
659.333
659.115
658.786
658.327
657.775
657.11
656.303
655.342
654.237
652.976
651.554
649.978
648.249
646.364
644.328
642.143
639.816
637.352
634.756
632.032
629.186
626.223
623.149
619.968
616.688
613.312
609.847
606.296
602.665
598.956
595.175
591.326
587.411
583.433
579.397
575.305
571.159
566.962
562.717
558.425
554.089
549.709
545.289
540.829
536.332
531.797
527.228
522.624
517.987
513.319
508.619
503.89
499.132
494.346
489.532
484.692
479.826
474.935
470.02
465.08
460.117
455.132
450.124
445.095
440.045
434.975
429.885
424.777
419.651
414.508
409.35
404.177
398.99
393.791
388.582
383.362
378.135
372.901
367.662
362.42
357.176
351.933
346.692
341.456
336.226
331.005
325.795
320.598
315.418
310.256
305.114
299.996
294.903
289.838
284.805
279.794
274.855
56.1005
18.0104
11.7955
10.5171
10.6313
11.415
12.6543
14.299
16.368
18.9117
22.0042
25.7511
30.3028
35.8352
42.5177
50.5218
60.0431
71.3407
84.6026
99.9521
117.474
137.252
159.325
183.567
209.818
237.963
267.784
298.976
331.274
364.438
398.646
433.326
468.136
502.849
537.181
570.957
604.138
636.633
668.325
699.128
728.998
757.892
785.775
812.631
838.442
863.202
886.908
909.566
931.187
951.784
971.375
989.98
1007.62
1024.32
1040.11
1054.99
1069.01
1082.22
1094.62
1106.23
1117.1
1127.25
1136.7
1145.49
1153.63
1161.16
1168.11
1174.49
1180.31
1185.63
1190.48
1194.85
1198.77
1202.26
1205.35
1208.05
1210.38
1212.37
1214.02
1215.35
1216.39
1217.14
1217.63
1217.84
1217.81
1217.62
1217.16
1216.51
1215.66
1214.64
1213.45
1212.1
1210.6
1208.97
1207.2
1205.32
1203.32
1201.22
1199.02
1196.74
1194.36
1191.92
1189.4
1186.82
1184.17
1181.48
1178.74
1175.94
1173.11
1170.24
1167.34
1164.42
1161.46
1158.49
1155.5
1152.49
1149.47
1146.44
1143.4
1140.35
1137.31
1134.26
1131.21
1128.16
1125.12
1122.08
1119.05
1116.03
1113.01
1110.01
1107.01
1104.03
1101.06
1098.11
1095.16
1092.23
1089.32
1086.42
1083.54
1080.68
1077.83
1074.99
1072.17
1069.36
1066.57
1063.79
1061.02
1058.26
1055.52
1052.79
1050.06
1047.35
1044.65
1041.95
1039.26
1036.58
1033.89
1031.21
1028.54
1025.86
1023.18
1020.49
1017.8
1015.1
1012.39
1009.67
1006.94
1004.2
1001.44
998.658
995.857
993.031
990.178
987.297
984.378
981.41
978.397
975.343
972.248
969.107
965.917
962.676
959.38
956.029
952.637
949.184
945.664
942.073
938.407
934.666
930.846
926.945
922.96
918.892
914.737
910.495
906.164
901.743
897.229
892.623
887.924
883.133
878.248
873.271
868.202
863.041
857.79
852.451
847.026
841.518
835.93
830.264
824.526
818.718
812.848
806.918
800.937
794.91
788.845
782.749
776.631
770.499
764.364
758.235
752.124
746.041
739.998
734.009
728.085
722.241
716.491
710.851
705.336
699.958
694.729
689.659
684.765
680.065
675.58
671.327
667.326
663.596
660.165
657.055
654.302
651.913
649.889
648.211
646.847
645.729
644.838
644.173
643.676
643.275
643.095
643.075
643.046
643.11
643.291
643.532
643.821
644.125
644.42
644.69
644.937
645.042
644.977
644.852
644.623
644.234
643.671
642.971
642.104
641.061
639.86
638.497
636.966
635.273
633.419
631.413
629.261
626.965
624.531
621.963
619.267
616.449
613.515
610.471
607.321
604.072
600.728
597.293
593.773
590.171
586.492
582.739
578.915
575.025
571.071
567.056
562.984
558.855
554.674
550.441
546.159
541.831
537.457
533.039
528.58
524.08
519.541
514.964
510.351
505.703
501.021
496.306
491.56
486.782
481.975
477.139
472.275
467.383
462.465
457.521
452.552
447.558
442.542
437.502
432.44
427.357
422.254
417.132
411.991
406.833
401.659
396.471
391.269
386.055
380.83
375.596
370.354
365.106
359.854
354.6
349.345
344.091
338.841
333.596
328.359
323.131
317.917
312.717
307.534
302.371
297.229
292.112
287.022
281.961
276.923
271.955
60.2841
18.6313
13.1458
12.9713
14.4157
16.7994
20.0327
24.2244
29.5815
36.3568
44.8447
55.3938
68.5062
84.6908
104.278
127.449
154.332
185.224
219.959
258.141
299.366
343.212
389.087
436.362
484.498
533.56
582.853
631.643
679.566
726.398
771.62
815.304
857.399
897.838
936.533
973.43
1008.54
1041.89
1073.5
1103.38
1131.58
1158.14
1183.1
1206.52
1228.46
1248.95
1268.05
1285.81
1302.29
1317.53
1331.59
1344.52
1356.37
1367.18
1377.03
1385.87
1393.87
1401.07
1407.44
1413.04
1417.92
1422.1
1425.64
1428.55
1430.88
1432.66
1433.92
1434.69
1434.92
1434.77
1434.31
1433.37
1432.07
1430.43
1428.48
1426.23
1423.69
1420.9
1417.86
1414.6
1411.13
1407.46
1403.61
1399.58
1395.4
1391.09
1386.64
1382.07
1377.39
1372.62
1367.75
1362.81
1357.79
1352.71
1347.57
1342.39
1337.16
1331.9
1326.61
1321.3
1315.97
1310.62
1305.27
1299.92
1294.56
1289.21
1283.87
1278.54
1273.22
1267.92
1262.64
1257.38
1252.14
1246.94
1241.76
1236.61
1231.49
1226.41
1221.36
1216.35
1211.37
1206.43
1201.53
1196.67
1191.85
1187.07
1182.33
1177.63
1172.97
1168.36
1163.78
1159.25
1154.75
1150.3
1145.9
1141.53
1137.2
1132.91
1128.66
1124.45
1120.28
1116.15
1112.05
1107.98
1103.95
1099.96
1095.99
1092.06
1088.15
1084.27
1080.42
1076.6
1072.8
1069.02
1065.27
1061.53
1057.82
1054.11
1050.42
1046.75
1043.08
1039.42
1035.77
1032.11
1028.45
1024.79
1021.12
1017.44
1013.76
1010.07
1006.36
1002.64
998.901
995.141
991.358
987.567
983.75
979.902
976.02
972.101
968.142
964.138
960.086
955.983
951.824
947.608
943.331
938.992
934.586
930.111
925.566
920.947
916.254
911.484
906.636
901.709
896.702
891.613
886.441
881.187
875.849
870.428
864.924
859.337
853.67
847.922
842.096
836.193
830.217
824.17
818.056
811.879
805.643
799.352
793.013
786.631
780.213
773.766
767.298
760.816
754.33
747.85
741.385
734.946
728.544
722.191
715.9
709.683
703.553
697.524
691.61
685.829
680.197
674.727
669.429
664.308
659.386
654.681
650.214
645.998
642.061
638.417
635.103
632.138
629.584
627.439
625.706
624.367
623.37
622.61
622.1
621.853
621.76
621.704
621.909
622.255
622.704
623.264
623.917
624.64
625.408
626.193
626.969
627.716
628.419
628.991
629.445
629.803
630.073
630.152
630.012
629.769
629.34
628.71
627.927
626.971
625.831
624.516
623.028
621.377
619.57
617.607
615.493
613.234
610.834
608.301
605.641
602.859
599.962
596.954
593.841
590.627
587.318
583.917
580.43
576.86
573.212
569.488
565.692
561.827
557.897
553.904
549.851
545.74
541.573
537.353
533.081
528.761
524.392
519.978
515.519
511.018
506.476
501.894
497.274
492.618
487.925
483.198
478.438
473.645
468.821
463.967
459.084
454.173
449.233
444.268
439.276
434.259
429.219
424.155
419.07
413.963
408.837
403.692
398.529
393.35
388.157
382.95
377.731
372.501
367.263
362.018
356.766
351.512
346.255
340.999
335.744
330.494
325.25
320.015
314.791
309.58
304.385
299.208
294.051
288.918
283.808
278.728
273.668
268.676
64.1226
18.6128
18.1345
22.1791
28.3794
36.8422
48.0802
62.9473
82.3687
107.138
137.832
174.866
218.977
270.396
328.279
391.42
458.639
528.972
601.023
673.501
746.029
817.915
887.447
954.139
1017.79
1077.98
1134.69
1188.11
1238.27
1285.28
1329.09
1369.81
1407.59
1442.59
1474.91
1504.69
1532.06
1557.14
1580.05
1600.92
1619.85
1636.94
1652.23
1666.01
1678.23
1689
1698.38
1706.47
1713.35
1719.07
1723.72
1727.36
1730.04
1731.84
1732.82
1732.78
1732.3
1731.24
1729.35
1726.89
1723.87
1720.34
1716.32
1711.85
1706.97
1701.69
1696.06
1690.1
1683.81
1677.25
1670.46
1663.43
1656.19
1648.75
1641.13
1633.36
1625.44
1617.4
1609.25
1601
1592.67
1584.26
1575.79
1567.27
1558.71
1550.11
1541.5
1532.87
1524.24
1515.6
1506.98
1498.37
1489.79
1481.23
1472.7
1464.21
1455.76
1447.35
1439
1430.69
1422.45
1414.26
1406.13
1398.08
1390.08
1382.16
1374.3
1366.52
1358.81
1351.18
1343.62
1336.14
1328.73
1321.4
1314.15
1306.98
1299.88
1292.87
1285.93
1279.07
1272.29
1265.59
1258.96
1252.42
1245.94
1239.55
1233.23
1226.98
1220.8
1214.7
1208.66
1202.71
1196.82
1191
1185.25
1179.56
1173.94
1168.39
1162.9
1157.47
1152.09
1146.78
1141.53
1136.32
1131.18
1126.08
1121.03
1116.03
1111.08
1106.16
1101.28
1096.44
1091.64
1086.87
1082.13
1077.43
1072.76
1068.12
1063.5
1058.9
1054.33
1049.77
1045.23
1040.7
1036.21
1031.72
1027.25
1022.77
1018.3
1013.83
1009.35
1004.87
1000.37
995.864
991.339
986.793
982.225
977.633
973.013
968.363
963.678
958.954
954.189
949.378
944.518
939.607
934.642
929.619
924.538
919.394
914.187
908.914
903.574
898.164
892.685
887.134
881.511
875.814
870.044
864.2
858.281
852.288
846.222
840.084
833.876
827.598
821.252
814.842
808.371
801.841
795.258
788.624
781.945
775.227
768.475
761.696
754.896
748.084
741.267
734.454
727.655
720.88
714.138
707.442
700.804
694.234
687.746
681.352
675.067
668.902
662.874
656.999
651.295
645.777
640.453
635.323
630.411
625.736
621.322
617.173
613.333
609.804
606.642
603.853
601.546
599.695
598.311
597.381
596.811
596.423
596.349
596.49
596.712
597.158
597.819
598.653
599.624
600.711
601.893
603.146
604.447
605.765
607.074
608.349
609.565
610.674
611.668
612.547
613.308
613.881
614.286
614.567
614.626
614.434
614.12
613.618
612.904
612.007
610.92
609.662
608.236
606.641
604.881
602.962
600.89
598.672
596.315
593.825
591.208
588.468
585.612
582.644
579.57
576.395
573.123
569.759
566.307
562.771
559.154
555.46
551.693
547.854
543.949
539.978
535.944
531.851
527.699
523.492
519.232
514.92
510.558
506.149
501.693
497.193
492.651
488.067
483.444
478.782
474.084
469.349
464.58
459.778
454.944
450.078
445.183
440.258
435.305
430.325
425.319
420.287
415.232
410.154
405.055
399.935
394.796
389.639
384.466
379.277
374.076
368.862
363.639
358.406
353.167
347.922
342.675
337.425
332.177
326.931
321.69
316.456
311.231
306.018
300.819
295.637
290.472
285.329
280.208
275.114
270.039
265.026
83.4756
43.3456
52.019
76.6089
109.014
150.97
204.138
270.438
350.541
442.963
545.08
653.853
767.4
883.072
997.431
1108.89
1215.95
1315.74
1407.83
1492.51
1569.8
1639.95
1703.79
1761.68
1814
1861.03
1903.14
1940.7
1974.01
2003.66
2029.78
2052.59
2072.4
2089.45
2103.96
2116.14
2126.17
2134.2
2140.41
2144.93
2147.91
2149.29
2149.18
2148.42
2146.24
2142.98
2138.73
2133.56
2127.57
2120.8
2113.32
2105.2
2096.48
2087.22
2077.47
2067.21
2056.58
2045.63
2034.32
2022.7
2010.8
1998.65
1986.29
1973.73
1961
1948.13
1935.13
1922.03
1908.84
1895.58
1882.28
1868.95
1855.59
1842.23
1828.88
1815.54
1802.23
1788.96
1775.73
1762.56
1749.45
1736.4
1723.44
1710.55
1697.75
1685.04
1672.44
1659.93
1647.54
1635.25
1623.08
1611.02
1599.09
1587.28
1575.59
1564.03
1552.59
1541.28
1530.1
1519.05
1508.13
1497.35
1486.7
1476.18
1465.8
1455.55
1445.43
1435.44
1425.58
1415.86
1406.26
1396.79
1387.45
1378.23
1369.14
1360.17
1351.33
1342.6
1334
1325.52
1317.15
1308.9
1300.76
1292.73
1284.82
1277.01
1269.31
1261.71
1254.21
1246.81
1239.51
1232.3
1225.18
1218.17
1211.24
1204.4
1197.65
1190.98
1184.4
1177.9
1171.48
1165.14
1158.87
1152.68
1146.55
1140.49
1134.5
1128.57
1122.7
1116.91
1111.18
1105.5
1099.87
1094.29
1088.76
1083.26
1077.81
1072.4
1067.02
1061.68
1056.36
1051.07
1045.81
1040.56
1035.34
1030.13
1024.93
1019.75
1014.57
1009.4
1004.23
999.066
993.893
988.712
983.52
978.313
973.091
967.849
962.585
957.294
951.974
946.619
941.227
935.794
930.318
924.795
919.223
913.6
907.923
902.191
896.4
890.551
884.64
878.668
872.631
866.531
860.366
854.135
847.838
841.475
835.047
828.554
821.996
815.376
808.695
801.956
795.16
788.31
781.411
774.466
767.479
760.456
753.401
746.32
739.22
732.108
724.991
717.877
710.775
703.694
696.644
689.635
682.679
675.786
668.969
662.24
655.613
649.099
642.713
636.467
630.378
624.458
618.732
613.213
607.912
602.818
597.961
593.358
589.041
584.996
581.286
577.896
574.919
572.328
570.32
568.811
567.83
567.39
567.291
567.23
567.504
568.015
568.761
569.729
570.903
572.262
573.781
575.431
577.18
579.006
580.884
582.783
584.672
586.525
588.314
590.004
591.578
593.025
594.332
595.465
596.425
597.222
597.793
598.16
598.382
598.385
598.127
597.694
597.042
596.218
595.216
594.024
592.654
591.108
589.397
587.527
585.505
583.337
581.03
578.588
576.017
573.322
570.509
567.585
564.553
561.419
558.187
554.861
551.446
547.944
544.36
540.698
536.959
533.148
529.268
525.319
521.307
517.232
513.097
508.905
504.657
500.356
496.004
491.603
487.154
482.66
478.121
473.54
468.918
464.257
459.558
454.822
450.051
445.246
440.408
435.538
430.637
425.707
420.749
415.764
410.752
405.715
400.655
395.573
390.47
385.347
380.207
375.049
369.877
364.691
359.493
354.285
349.068
343.844
338.616
333.384
328.151
322.919
317.69
312.467
307.25
302.044
296.849
291.668
286.503
281.357
276.232
271.131
266.046
261.017
138.094
203.076
361.77
524.754
693.95
874.842
1064.86
1260.36
1454.9
1640.41
1813.11
1968.43
2104.64
2221.91
2322.93
2408.54
2481.07
2542.89
2595.2
2639.01
2675.17
2704.49
2727.89
2746.09
2759.73
2769.33
2775.44
2778.17
2777.83
2776.05
2771.81
2765.35
2757.2
2747.53
2736.51
2724.28
2710.96
2696.67
2681.52
2665.6
2649.01
2631.77
2613.89
2595.62
2576.94
2557.86
2538.43
2518.71
2498.74
2478.57
2458.22
2437.74
2417.16
2396.51
2375.81
2355.07
2334.33
2313.62
2292.94
2272.31
2251.74
2231.25
2210.84
2190.54
2170.36
2150.3
2130.38
2110.6
2090.98
2071.52
2052.24
2033.14
2014.22
1995.49
1976.95
1958.61
1940.47
1922.53
1904.79
1887.26
1869.94
1852.82
1835.92
1819.23
1802.75
1786.48
1770.43
1754.59
1738.96
1723.55
1708.36
1693.37
1678.6
1664.04
1649.69
1635.53
1621.58
1607.83
1594.28
1580.94
1567.79
1554.83
1542.07
1529.5
1517.12
1504.93
1492.93
1481.11
1469.47
1458.02
1446.73
1435.63
1424.69
1413.92
1403.32
1392.88
1382.61
1372.49
1362.52
1352.71
1343.05
1333.53
1324.16
1314.94
1305.85
1296.89
1288.07
1279.39
1270.84
1262.43
1254.14
1245.97
1237.91
1229.97
1222.14
1214.42
1206.8
1199.29
1191.88
1184.56
1177.34
1170.21
1163.17
1156.22
1149.35
1142.56
1135.85
1129.21
1122.65
1116.15
1109.72
1103.35
1097.04
1090.79
1084.6
1078.45
1072.36
1066.31
1060.3
1054.33
1048.4
1042.49
1036.62
1030.78
1024.96
1019.16
1013.38
1007.61
1001.86
996.122
990.388
984.658
978.926
973.19
967.448
961.696
955.931
950.15
944.35
938.526
932.675
926.793
920.877
914.924
908.93
902.895
896.814
890.686
884.509
878.281
872
865.665
859.275
852.829
846.324
839.762
833.142
826.462
819.723
812.927
806.072
799.16
792.193
785.172
778.1
770.978
763.81
756.6
749.351
742.067
734.754
727.417
720.06
712.692
705.318
697.946
690.584
683.24
675.924
668.644
661.411
654.236
647.13
640.105
633.173
626.347
619.64
613.064
606.634
600.361
594.261
588.346
582.644
577.165
571.928
566.907
562.142
557.642
553.455
549.538
545.999
542.779
540.037
537.676
536.053
534.981
534.491
534.529
534.776
535.139
535.83
536.796
538.044
539.53
541.23
543.125
545.21
547.441
549.781
552.206
554.696
557.212
559.72
562.193
564.604
566.918
569.114
571.175
573.086
574.821
576.374
577.74
578.889
579.827
580.58
581.105
581.44
581.525
581.337
580.995
580.462
579.709
578.769
577.631
576.316
574.83
573.176
571.365
569.4
567.287
565.03
562.637
560.114
557.468
554.703
551.825
548.838
545.746
542.556
539.27
535.892
532.427
528.877
525.247
521.539
517.756
513.902
509.978
505.988
501.934
497.819
493.644
489.413
485.127
480.789
476.4
471.962
467.478
462.949
458.376
453.762
449.108
444.415
439.685
434.919
430.119
425.285
420.419
415.522
410.596
405.641
400.66
395.652
390.621
385.566
380.49
375.394
370.279
365.148
360.001
354.84
349.667
344.484
339.292
334.093
328.888
323.681
318.473
313.265
308.061
302.861
297.669
292.486
287.315
282.157
277.015
271.891
266.789
261.7
256.658
1018.95
2090.72
2770.92
3161.53
3408.71
3575.86
3695.18
3779.38
3836.4
3873.64
3895.86
3908.05
3910.42
3906.88
3899.43
3883.96
3863.83
3840
3813.19
3783.95
3752.75
3720.01
3686.08
3651.27
3615.79
3579.79
3543.45
3506.87
3470.04
3433.3
3396.64
3360.02
3323.51
3287.15
3250.99
3215.05
3179.35
3143.91
3108.73
3073.83
3039.21
3004.88
2970.83
2937.09
2903.68
2870.6
2837.86
2805.46
2773.41
2741.72
2710.39
2679.44
2648.86
2618.65
2588.83
2559.38
2530.3
2501.59
2473.27
2445.31
2417.73
2390.51
2363.67
2337.19
2311.09
2285.35
2259.98
2234.98
2210.35
2186.08
2162.17
2138.63
2115.44
2092.6
2070.11
2047.97
2026.17
2004.71
1983.58
1962.78
1942.32
1922.17
1902.35
1882.84
1863.64
1844.76
1826.18
1807.9
1789.93
1772.24
1754.85
1737.75
1720.92
1704.38
1688.1
1672.12
1656.4
1640.95
1625.76
1610.82
1596.13
1581.69
1567.48
1553.51
1539.77
1526.26
1512.98
1499.92
1487.07
1474.44
1462.02
1449.81
1437.8
1425.98
1414.36
1402.93
1391.69
1380.63
1369.75
1359.05
1348.52
1338.16
1327.97
1317.93
1308.06
1298.34
1288.77
1279.35
1270.08
1260.94
1251.95
1243.09
1234.36
1225.75
1217.28
1208.92
1200.68
1192.56
1184.55
1176.64
1168.84
1161.15
1153.55
1146.04
1138.63
1131.31
1124.07
1116.91
1109.84
1102.84
1095.91
1089.05
1082.25
1075.52
1068.85
1062.23
1055.67
1049.15
1042.68
1036.26
1029.87
1023.52
1017.2
1010.91
1004.65
998.41
992.193
985.993
979.809
973.638
967.476
961.319
955.163
949.004
942.842
936.671
930.489
924.293
918.078
911.84
905.577
899.285
892.96
886.601
880.203
873.765
867.285
860.762
854.191
847.573
840.907
834.19
827.422
820.602
813.73
806.804
799.826
792.794
785.71
778.573
771.386
764.149
756.864
749.533
742.159
734.745
727.294
719.81
712.298
704.762
697.208
689.641
682.067
674.494
666.927
659.376
651.848
644.353
636.898
629.495
622.154
614.885
607.701
600.613
593.634
586.776
580.053
573.474
567.058
560.812
554.754
548.891
543.258
537.858
532.717
527.793
523.154
518.782
514.752
510.971
507.638
504.597
502.121
499.991
498.8
498.282
498.512
498.865
499.514
500.407
501.585
503.042
504.774
506.753
508.957
511.368
514.013
516.822
519.751
522.781
525.898
529.053
532.204
535.327
538.394
541.37
544.226
546.944
549.505
551.887
554.077
556.066
557.835
559.382
560.716
561.821
562.71
563.335
563.723
563.94
563.929
563.647
563.181
562.485
561.607
560.544
559.295
557.876
556.289
554.535
552.626
550.566
548.363
546.024
543.555
540.96
538.244
535.413
532.473
529.427
526.279
523.034
519.697
516.269
512.756
509.16
505.485
501.732
497.907
494.01
490.046
486.016
481.924
477.772
473.561
469.295
464.976
460.605
456.185
451.718
447.204
442.647
438.048
433.409
428.73
424.014
419.261
414.474
409.653
404.799
399.915
395.002
390.06
385.092
380.099
375.082
370.043
364.983
359.905
354.808
349.696
344.57
339.431
334.281
329.121
323.955
318.783
313.607
308.43
303.253
298.079
292.909
287.746
282.591
277.447
272.316
267.199
262.1
257.013
251.959
9903.35
7535.65
6416.32
5793.23
5430.05
5229.19
5115.09
5044.1
4990.13
4940.45
4888.53
4832.82
4773.28
4710.94
4647.4
4582.62
4517.2
4452.45
4388.37
4324.93
4262.25
4200.47
4139.68
4079.94
4021.26
3963.64
3907.1
3851.6
3797.13
3743.66
3691.18
3639.72
3589.22
3539.64
3490.96
3443.16
3396.21
3350.08
3304.75
3260.19
3216.39
3173.33
3130.99
3089.35
3048.41
3008.16
2968.58
2929.68
2891.43
2853.84
2816.89
2780.57
2744.87
2709.78
2675.29
2641.38
2608.05
2575.28
2543.06
2511.39
2480.25
2449.64
2419.55
2389.97
2360.89
2332.31
2304.22
2276.62
2249.49
2222.84
2196.65
2170.91
2145.62
2120.77
2096.35
2072.35
2048.77
2025.6
2002.83
1980.45
1958.46
1936.86
1915.63
1894.78
1874.29
1854.15
1834.37
1814.94
1795.84
1777.08
1758.65
1740.54
1722.75
1705.26
1688.08
1671.2
1654.61
1638.32
1622.3
1606.57
1591.11
1575.92
1560.99
1546.32
1531.9
1517.73
1503.81
1490.12
1476.67
1463.45
1450.46
1437.69
1425.13
1412.78
1400.65
1388.71
1376.98
1365.44
1354.09
1342.93
1331.95
1321.15
1310.52
1300.07
1289.78
1279.65
1269.69
1259.88
1250.22
1240.71
1231.34
1222.12
1213.03
1204.07
1195.25
1186.55
1177.97
1169.52
1161.17
1152.94
1144.82
1136.8
1128.89
1121.07
1113.35
1105.71
1098.17
1090.71
1083.33
1076.03
1068.8
1061.64
1054.55
1047.52
1040.55
1033.64
1026.78
1019.97
1013.2
1006.48
999.801
993.154
986.539
979.954
973.394
966.858
960.342
953.843
947.358
940.885
934.421
927.962
921.502
915.04
908.574
902.099
895.612
889.109
882.588
876.043
869.472
862.871
856.239
849.571
842.866
836.121
829.335
822.506
815.633
808.713
801.748
794.735
787.674
780.565
773.406
766.198
758.942
751.637
744.284
736.884
729.44
721.952
714.423
706.855
699.253
691.618
683.955
676.269
668.564
660.845
653.118
645.389
637.665
629.954
622.261
614.597
606.968
599.385
591.856
584.393
577.004
569.703
562.5
555.408
548.437
541.602
534.916
528.385
522.033
515.858
509.884
504.109
498.579
493.283
488.257
483.439
478.955
474.724
470.874
467.226
464.138
461.27
459.084
457.133
457.147
456.908
457.572
458.403
459.508
460.894
462.576
464.553
466.814
469.341
472.109
475.098
478.3
481.674
485.183
488.814
492.58
496.4
500.226
504.04
507.818
511.513
515.09
518.533
521.82
524.924
527.829
530.524
532.994
535.229
537.231
538.993
540.516
541.778
542.793
543.594
544.151
544.512
544.605
544.407
544.041
543.474
542.69
541.731
540.583
539.248
537.742
536.069
534.24
532.262
530.139
527.876
525.479
522.954
520.308
517.544
514.668
511.684
508.597
505.41
502.128
498.754
495.291
491.744
488.115
484.407
480.625
476.77
472.845
468.854
464.799
460.683
456.508
452.276
447.989
443.651
439.262
434.826
430.343
425.815
421.245
416.634
411.983
407.294
402.568
397.808
393.013
388.186
383.329
378.442
373.527
368.586
363.62
358.631
353.62
348.589
343.54
338.474
333.393
328.298
323.191
318.074
312.948
307.816
302.68
297.54
292.4
287.26
282.124
276.993
271.869
266.753
261.648
256.557
251.473
246.407
4451.02
4294.51
4147.16
4023.8
3936.02
3882.62
3861.3
3863.93
3876.66
3902.84
3933.23
3963.13
3989.37
4009.37
4023.18
4027.51
4024.19
4017.75
4003.06
3982.4
3956.98
3927.67
3895.14
3859.98
3822.7
3783.72
3743.41
3702.02
3659.96
3617.07
3573.91
3530.8
3487.51
3444.24
3401.06
3358.1
3315.41
3273.04
3231.01
3189.35
3148.11
3107.28
3066.93
3027.02
2987.62
2948.73
2910.34
2872.5
2835.21
2798.48
2762.31
2726.69
2691.62
2657.11
2623.15
2589.73
2556.85
2524.49
2492.66
2461.34
2430.54
2400.24
2370.45
2341.16
2312.36
2284.04
2256.21
2228.86
2201.97
2175.55
2149.58
2124.07
2099
2074.36
2050.14
2026.35
2002.96
1979.98
1957.4
1935.22
1913.41
1891.99
1870.94
1850.25
1829.93
1809.96
1790.34
1771.06
1752.11
1733.5
1715.21
1697.23
1679.57
1662.22
1645.16
1628.4
1611.93
1595.74
1579.83
1564.2
1548.83
1533.73
1518.89
1504.3
1489.96
1475.87
1462.02
1448.4
1435.01
1421.84
1408.9
1396.18
1383.66
1371.36
1359.26
1347.35
1335.65
1324.13
1312.8
1301.66
1290.69
1279.9
1269.28
1258.83
1248.54
1238.41
1228.43
1218.61
1208.94
1199.41
1190.02
1180.76
1171.65
1162.66
1153.79
1145.05
1136.43
1127.93
1119.53
1111.25
1103.07
1094.99
1087.01
1079.13
1071.33
1063.62
1056
1048.46
1040.99
1033.6
1026.28
1019.02
1011.83
1004.7
997.623
990.599
983.625
976.697
969.81
962.963
956.151
949.37
942.618
935.892
929.188
922.503
915.834
909.179
902.534
895.898
889.267
882.636
876.003
869.365
862.721
856.066
849.397
842.71
835.999
829.266
822.502
815.706
808.878
802.012
795.107
788.162
781.176
774.148
767.076
759.958
752.796
745.588
738.333
731.033
723.686
716.293
708.855
701.372
693.846
686.279
678.672
671.027
663.348
655.638
647.9
640.137
632.356
624.56
616.754
608.945
601.138
593.341
585.559
577.802
570.075
562.389
554.751
547.172
539.66
532.226
524.88
517.636
510.501
503.492
496.616
489.887
483.32
476.913
470.703
464.668
458.849
453.217
447.853
442.702
437.832
433.143
428.887
424.823
421.206
417.71
414.965
412.271
410.39
409.477
410.05
410.588
411.521
412.748
414.282
416.132
418.306
420.798
423.601
426.695
430.059
433.67
437.507
441.534
445.714
450.018
454.432
458.907
463.401
467.915
472.436
476.887
481.228
485.453
489.532
493.428
497.12
500.603
503.856
506.863
509.621
512.127
514.377
516.358
518.075
519.546
520.766
521.753
522.459
522.913
523.185
523.202
522.945
522.526
521.885
521.028
519.991
518.764
517.37
515.813
514.094
512.218
510.193
508.025
505.722
503.289
500.73
498.051
495.257
492.353
489.342
486.229
483.017
479.711
476.314
472.83
469.262
465.614
461.888
458.089
454.219
450.281
446.277
442.211
438.085
433.901
429.661
425.369
421.026
416.634
412.194
407.71
403.182
398.612
394.002
389.353
384.667
379.945
375.189
370.401
365.581
360.732
355.855
350.952
346.024
341.073
336.101
331.108
326.097
321.068
316.025
310.968
305.899
300.819
295.732
290.637
285.537
280.435
275.331
270.227
265.125
260.027
254.934
249.85
244.769
239.68
2217.22
2199.57
2181.67
2164.89
2151.55
2145.07
2147.98
2154.43
2170.61
2195.95
2229.3
2269.79
2316.17
2367.11
2421.2
2476.89
2532.53
2587.25
2639.27
2687.58
2731.4
2770.24
2803.77
2831.9
2854.67
2872.27
2884.95
2893.1
2896.99
2896.08
2893.36
2888.01
2878.85
2867.39
2853.83
2838.51
2821.52
2803.02
2783.16
2762.07
2739.97
2716.93
2693.2
2668.73
2643.89
2618.49
2592.79
2566.94
2540.97
2514.87
2488.72
2462.58
2436.49
2410.47
2384.56
2358.77
2333.12
2307.63
2282.32
2257.19
2232.28
2207.59
2183.14
2158.94
2135
2111.33
2087.94
2064.82
2042.01
2019.49
1997.26
1975.33
1953.7
1932.37
1911.32
1890.57
1870.12
1849.95
1830.07
1810.48
1791.18
1772.17
1753.43
1734.98
1716.81
1698.91
1681.28
1663.93
1646.84
1630.02
1613.45
1597.15
1581.09
1565.29
1549.73
1534.42
1519.34
1504.5
1489.89
1475.51
1461.35
1447.42
1433.71
1420.21
1406.93
1393.85
1380.98
1368.31
1355.84
1343.56
1331.47
1319.57
1307.86
1296.32
1284.97
1273.78
1262.77
1251.93
1241.25
1230.73
1220.37
1210.16
1200.1
1190.19
1180.43
1170.8
1161.32
1151.96
1142.74
1133.65
1124.68
1115.83
1107.1
1098.49
1089.99
1081.6
1073.31
1065.13
1057.05
1049.06
1041.16
1033.36
1025.64
1018
1010.45
1002.97
995.559
988.223
980.954
973.75
966.607
959.521
952.488
945.506
938.57
931.679
924.828
918.015
911.237
904.489
897.768
891.072
884.396
877.738
871.096
864.465
857.844
851.229
844.617
838.006
831.394
824.773
818.149
811.516
804.873
798.219
791.544
784.842
778.113
771.358
764.568
757.743
750.88
743.979
737.036
730.051
723.024
715.953
708.838
701.678
694.474
687.224
679.929
672.589
665.205
657.778
650.309
642.798
635.248
627.662
620.04
612.388
604.706
597
589.274
581.531
573.777
566.018
558.258
550.504
542.763
535.041
527.346
519.687
512.069
504.504
496.998
489.563
482.205
474.94
467.772
460.72
453.785
446.99
440.334
433.837
427.51
421.341
415.391
409.593
404.037
398.627
393.53
388.584
383.949
379.451
375.545
371.671
368.393
365.099
362.935
360.28
360.337
359.649
360.618
361.632
362.909
364.495
366.412
368.672
371.28
374.236
377.529
381.146
385.068
389.273
393.734
398.414
403.277
408.291
413.422
418.628
423.866
429.112
434.341
439.507
444.573
449.566
454.438
459.133
463.625
467.921
471.989
475.804
479.359
482.654
485.68
488.425
490.891
493.088
495.016
496.681
498.067
499.188
500.078
500.694
501.131
501.32
501.225
500.875
500.357
499.612
498.696
497.604
496.326
494.876
493.258
491.483
489.559
487.489
485.28
482.936
480.466
477.873
475.161
472.336
469.402
466.362
463.222
459.985
456.655
453.236
449.732
446.146
442.481
438.742
434.93
431.049
427.102
423.091
419.019
414.888
410.701
406.461
402.169
397.827
393.437
389.001
384.521
379.998
375.434
370.831
366.19
361.512
356.8
352.055
347.279
342.473
337.638
332.777
327.891
322.981
318.049
313.096
308.124
303.134
298.128
293.108
288.075
283.031
277.977
272.915
267.847
262.773
257.696
252.617
247.536
242.457
237.378
232.26
923.64
926.893
929.942
932.629
935.081
937.805
941.434
946.307
952.792
961.477
972.689
986.819
1004.08
1024.7
1048.77
1076.3
1107.26
1141.39
1178.72
1218.99
1261.75
1306.55
1352.86
1400.14
1447.84
1495.38
1542.26
1587.91
1632.04
1674
1713.74
1750.94
1785.41
1817.01
1845.51
1871.15
1893.26
1912.11
1927.94
1940.96
1951.46
1959.51
1965.56
1969.38
1971.83
1971.78
1970.91
1968.83
1965.44
1960.69
1954.93
1948.27
1940.77
1932.45
1923.36
1913.56
1903.11
1892.08
1880.53
1868.52
1856.1
1843.35
1830.29
1816.98
1803.44
1789.75
1775.86
1761.88
1747.85
1733.74
1719.58
1705.38
1691.16
1676.93
1662.7
1648.49
1634.3
1620.16
1606.07
1592.04
1578.08
1564.2
1550.41
1536.71
1523.11
1509.62
1496.24
1482.97
1469.83
1456.81
1443.91
1431.14
1418.49
1405.97
1393.59
1381.33
1369.2
1357.21
1345.35
1333.62
1322.03
1310.57
1299.24
1288.05
1277
1266.08
1255.29
1244.63
1234.11
1223.71
1213.45
1203.31
1193.3
1183.41
1173.65
1164.01
1154.5
1145.1
1135.82
1126.65
1117.6
1108.66
1099.82
1091.1
1082.48
1073.97
1065.56
1057.25
1049.04
1040.92
1032.9
1024.97
1017.13
1009.37
1001.71
994.124
986.62
979.194
971.842
964.563
957.353
950.211
943.134
936.119
929.163
922.264
915.419
908.627
901.886
895.192
888.542
881.933
875.362
868.825
862.319
855.843
849.393
842.968
836.563
830.175
823.803
817.442
811.089
804.743
798.401
792.06
785.717
779.369
773.013
766.648
760.267
753.869
747.467
741.058
734.623
728.175
721.693
715.177
708.626
702.043
695.42
688.757
682.051
675.302
668.509
661.67
654.787
647.857
640.882
633.862
626.795
619.684
612.527
605.327
598.084
590.8
583.476
576.113
568.716
561.285
553.825
546.338
538.829
531.301
523.76
516.21
508.657
501.107
493.565
486.038
478.533
471.058
463.619
456.226
448.884
441.606
434.397
427.27
420.229
413.293
406.46
399.756
393.173
386.743
380.451
374.329
368.38
362.576
357.02
351.566
346.398
341.287
336.588
331.88
327.62
323.386
319.998
316.292
313.547
310.533
309.551
307.754
308.483
308.946
309.885
311.126
312.677
314.561
316.793
319.388
322.351
325.684
329.381
333.433
337.823
342.533
347.535
352.796
358.281
363.958
369.783
375.713
381.704
387.72
393.724
399.674
405.531
411.283
416.901
422.345
427.593
432.694
437.575
442.2
446.562
450.67
454.502
458.042
461.288
464.252
466.931
469.324
471.426
473.248
474.805
476.086
477.139
477.923
478.446
478.769
478.829
478.588
478.202
477.622
476.819
475.833
474.657
473.311
471.803
470.131
468.304
466.328
464.212
461.96
459.577
457.067
454.437
451.69
448.832
445.867
442.799
439.633
436.373
433.022
429.585
426.064
422.465
418.789
415.04
411.221
407.334
403.384
399.371
395.299
391.171
386.988
382.752
378.465
374.13
369.748
365.32
360.849
356.336
351.782
347.19
342.562
337.897
333.199
328.469
323.708
318.918
314.1
309.256
304.387
299.495
294.58
289.645
284.69
279.718
274.729
269.725
264.708
259.678
254.637
249.585
244.527
239.457
234.381
229.304
224.16
319.03
322.024
324.925
327.775
330.536
333.276
336.039
338.917
341.938
345.217
348.815
352.868
357.455
362.726
368.773
375.752
383.756
392.939
403.381
415.238
428.565
443.485
460.018
478.24
498.129
519.697
542.878
567.613
593.797
621.293
649.969
679.617
710.118
741.136
772.704
804.262
836.266
868.434
900.461
932.105
963.135
993.336
1022.57
1050.63
1077.5
1102.96
1127.02
1149.65
1170.8
1190.47
1208.6
1225.26
1240.32
1253.68
1265.47
1275.84
1284.88
1292.7
1299.39
1305.02
1309.67
1313.4
1316.28
1318.35
1319.69
1320.31
1320.14
1319.66
1318.6
1316.9
1314.67
1311.94
1308.75
1305.12
1301.08
1296.67
1291.92
1286.85
1281.5
1275.89
1270.05
1263.99
1257.74
1251.31
1244.73
1238.01
1231.18
1224.21
1217.17
1210.01
1202.78
1195.48
1188.12
1180.69
1173.21
1165.69
1158.13
1150.56
1142.97
1135.36
1127.76
1120.15
1112.55
1104.97
1097.4
1089.85
1082.33
1074.83
1067.36
1059.92
1052.52
1045.14
1037.81
1030.52
1023.28
1016.08
1008.92
1001.8
994.726
987.698
980.715
973.78
966.893
960.054
953.264
946.523
939.83
933.187
926.589
920.042
913.54
907.081
900.674
894.315
888
881.725
875.49
869.293
863.135
857.013
850.926
844.875
838.854
832.868
826.908
820.976
815.072
809.196
803.344
797.516
791.707
785.914
780.134
774.365
768.604
762.853
757.108
751.368
745.629
739.89
734.146
728.397
722.639
716.872
711.093
705.299
699.489
693.659
687.805
681.926
676.014
670.091
664.156
658.2
652.2
646.174
640.109
634.001
627.85
621.656
615.416
609.128
602.791
596.405
589.97
583.486
576.953
570.372
563.742
557.065
550.341
543.571
536.755
529.897
522.996
516.056
509.078
502.064
495.018
487.944
480.844
473.722
466.584
459.433
452.275
445.116
437.96
430.816
423.687
416.583
409.508
402.472
395.481
388.545
381.669
374.866
368.138
361.504
354.959
348.532
342.207
336.025
329.96
324.061
318.289
312.701
307.274
301.978
296.958
291.958
287.312
282.591
278.425
274.014
270.301
266.408
263.734
260.164
258.251
255.663
256.075
256.169
256.812
257.657
258.801
260.25
262.021
264.13
266.596
269.432
272.647
276.246
280.228
284.587
289.314
294.393
299.802
305.511
311.491
317.706
324.116
330.676
337.342
344.073
350.823
357.546
364.2
370.755
377.177
383.43
389.486
395.35
400.987
406.37
411.5
416.411
421.045
425.378
429.413
433.164
436.618
439.768
442.613
445.165
447.431
449.408
451.116
452.549
453.715
454.644
455.29
455.682
455.901
455.886
455.579
455.099
454.394
453.514
452.458
451.217
449.806
448.231
446.5
444.619
442.592
440.427
438.127
435.7
433.149
430.481
427.699
424.809
421.816
418.722
415.534
412.254
408.887
405.437
401.906
398.297
394.615
390.863
387.042
383.156
379.208
375.2
371.134
367.013
362.837
358.61
354.333
350.008
345.636
341.219
336.76
332.259
327.719
323.14
318.525
313.875
309.191
304.474
299.727
294.95
290.145
285.313
280.454
275.571
270.665
265.737
260.786
255.817
250.829
245.82
240.794
235.756
230.706
225.646
220.586
215.423
128.636
129.273
129.917
130.58
131.254
131.945
132.653
133.391
134.155
134.961
135.809
136.724
137.712
138.8
139.997
141.338
142.836
144.538
146.461
148.656
151.146
153.988
157.204
160.86
164.977
169.622
174.815
180.621
187.058
194.184
202.014
210.594
219.937
230.063
240.998
252.749
265.322
278.739
292.974
308.02
323.83
340.364
357.564
375.363
393.694
412.469
431.617
451.036
470.661
490.369
510.13
529.779
549.363
568.981
588.493
607.78
626.739
645.285
663.341
680.849
697.752
714.019
729.606
744.504
758.678
772.142
784.857
796.793
808.07
818.438
827.962
836.705
844.72
852.051
858.737
864.811
870.304
875.247
879.664
883.582
887.024
890.014
892.575
894.733
896.505
897.905
898.97
899.635
900.042
899.996
899.757
899.231
898.359
897.236
895.875
894.289
892.493
890.499
888.32
885.969
883.457
880.795
877.992
875.063
872.008
868.841
865.562
862.18
858.706
855.127
851.489
847.734
843.947
840.091
836.172
832.185
828.14
824.045
819.903
815.721
811.503
807.251
802.97
798.663
794.331
789.979
785.604
781.215
776.803
772.383
767.943
763.486
759.044
754.593
750.121
745.632
741.129
736.616
732.093
727.563
723.023
718.478
713.918
709.36
704.781
700.2
695.615
691.025
686.426
681.816
677.191
672.549
667.89
663.21
658.509
653.792
649.059
644.306
639.529
634.727
629.897
625.039
620.151
615.234
610.285
605.305
600.288
595.235
590.137
584.991
579.817
574.626
569.406
564.124
558.8
553.433
548.018
542.551
537.03
531.455
525.824
520.136
514.392
508.592
502.738
496.83
490.869
484.855
478.791
472.677
466.514
460.305
454.049
447.751
441.411
435.033
428.619
422.173
415.697
409.196
402.673
396.134
389.584
383.026
376.468
369.915
363.371
356.846
350.344
343.874
337.44
331.054
324.717
318.444
312.235
306.109
300.06
294.114
288.256
282.526
276.892
271.413
266.037
260.843
255.748
250.856
246.092
241.452
237.103
232.675
228.67
224.474
220.943
217
214.012
210.508
208.662
205.415
204.5
203.837
204.799
205.602
206.486
207.556
208.876
210.483
212.4
214.649
217.248
220.212
223.555
227.284
231.403
235.913
240.809
246.082
251.715
257.688
263.975
270.545
277.362
284.383
291.566
298.867
306.237
313.627
320.994
328.297
335.493
342.54
349.409
356.078
362.521
368.709
374.632
380.295
385.675
390.753
395.538
400.064
404.288
408.195
411.787
415.081
418.078
420.77
423.167
425.274
427.103
428.666
429.948
430.964
431.756
432.295
432.635
432.71
432.491
432.116
431.554
430.77
429.807
428.662
427.348
425.868
424.228
422.433
420.491
418.407
416.189
413.842
411.37
408.779
406.075
403.261
400.343
397.325
394.211
391.006
387.712
384.334
380.875
377.338
373.727
370.045
366.294
362.477
358.597
354.656
350.656
346.598
342.486
338.32
334.103
329.836
325.522
321.161
316.756
312.307
307.817
303.287
298.719
294.113
289.471
284.793
280.083
275.34
270.564
265.757
260.923
256.058
251.163
246.243
241.3
236.333
231.347
226.344
221.325
216.294
211.266
206.094
70.8913
70.9135
70.9238
70.9372
70.9551
70.9794
71.0116
71.0532
71.1035
71.1679
71.2157
71.3642
71.4382
71.6049
71.7143
71.8915
72.0657
72.2957
72.5649
72.8809
73.2494
73.6834
74.1866
74.7721
75.446
76.2243
77.1117
78.128
79.2811
80.5895
82.0629
83.7187
85.5696
87.6319
89.9193
92.4499
95.2376
98.3034
101.662
105.334
109.333
113.677
118.379
123.451
128.906
134.751
140.997
147.643
154.698
162.153
170.016
178.283
186.949
196.016
205.476
215.314
225.509
236.038
246.868
257.973
269.309
280.852
292.549
304.383
316.283
328.258
340.203
352.183
364.003
375.881
387.756
399.563
411.25
422.771
434.088
445.169
455.984
466.512
476.73
486.625
496.179
505.389
514.236
522.713
530.796
538.527
545.79
552.602
559.015
565.027
570.669
575.962
580.908
585.52
589.811
593.791
597.473
600.866
603.98
606.827
609.417
611.76
613.86
615.732
617.368
618.778
619.963
620.932
621.706
622.259
622.675
622.815
622.975
622.872
622.591
622.132
621.543
620.825
619.982
619.019
617.941
616.753
615.459
614.065
612.57
610.983
609.3
607.535
605.676
603.74
601.73
599.63
597.559
595.361
593.057
590.675
588.227
585.721
583.157
580.539
577.863
575.139
572.353
569.535
566.631
563.722
560.769
557.765
554.707
551.597
548.431
545.212
541.942
538.614
535.235
531.823
528.368
524.862
521.301
517.685
514.014
510.29
506.512
502.686
498.807
494.88
490.894
486.853
482.755
478.611
474.396
470.167
465.88
461.506
457.079
452.591
448.047
443.44
438.768
434.028
429.223
424.353
419.419
414.424
409.368
404.254
399.083
393.857
388.578
383.247
377.867
372.438
366.965
361.448
355.891
350.298
344.67
339.013
333.33
327.625
321.903
316.169
310.428
304.686
298.948
293.221
287.509
281.823
276.163
270.543
264.962
259.436
253.961
248.558
243.218
237.967
232.79
227.723
222.736
217.886
213.115
208.513
203.985
199.655
195.381
191.332
187.356
183.514
179.932
176.192
172.926
169.407
166.651
163.375
161.225
157.899
156.863
156.002
156.598
156.937
157.549
158.329
159.287
160.454
161.862
163.538
165.505
167.785
170.397
173.358
176.683
180.383
184.468
188.944
193.811
199.068
204.707
210.716
217.075
223.762
230.746
237.992
245.462
253.113
260.897
268.766
276.673
284.57
292.409
300.146
307.745
315.17
322.386
329.365
336.085
342.536
348.699
354.556
360.105
365.358
370.3
374.92
379.221
383.242
386.962
390.367
393.459
396.247
398.75
400.97
402.901
404.549
405.938
407.07
407.973
408.598
408.974
409.177
409.152
408.835
408.353
407.663
406.795
405.745
404.517
403.12
401.559
399.844
397.982
395.978
393.839
391.57
389.176
386.663
384.036
381.3
378.46
375.519
372.482
369.353
366.135
362.832
359.448
355.985
352.448
348.839
345.16
341.414
337.604
333.73
329.796
325.803
321.754
317.649
313.491
309.282
305.023
300.715
296.36
291.96
287.516
283.028
278.498
273.928
269.319
264.67
259.98
255.255
250.495
245.7
240.873
236.016
231.132
226.221
221.287
216.332
211.359
206.37
201.389
196.217
48.1384
48.0491
47.9488
47.8459
47.7431
47.6416
47.5422
47.4457
47.3525
47.2635
47.1767
47.0977
47.0225
46.9546
46.8913
46.834
46.7844
46.7402
46.7101
46.6835
46.6803
46.6918
46.7111
46.7615
46.8064
46.8935
46.9905
47.126
47.2932
47.4964
47.7374
48.0224
48.3531
48.7348
49.1704
49.6661
50.2264
50.8566
51.5618
52.3474
53.219
54.1824
55.2435
56.4081
57.6822
59.0718
60.5833
62.2217
63.9943
65.9065
67.9651
70.1766
72.5481
75.0865
77.7996
80.6937
83.7757
87.0511
90.5244
94.2004
98.0809
102.17
106.466
110.974
115.686
120.606
125.725
131.054
136.575
142.291
148.202
154.299
160.575
167.015
173.608
180.337
187.188
194.142
201.185
208.293
215.46
222.651
229.873
237.075
244.287
251.418
258.59
265.765
272.913
280.006
287.022
293.944
300.753
307.438
313.982
320.38
326.617
332.688
338.587
344.3
349.824
355.149
360.282
365.198
369.867
374.307
378.53
382.542
386.356
389.963
393.393
396.616
399.673
402.551
405.251
407.775
410.129
412.319
414.348
416.221
417.939
419.509
420.93
422.204
423.329
424.313
425.153
425.861
426.441
426.859
427.261
427.426
427.849
427.761
427.541
427.242
426.856
426.384
425.819
425.165
424.417
423.581
422.651
421.651
420.506
419.469
418.248
416.913
415.481
413.963
412.359
410.671
408.905
407.05
405.127
403.184
401.156
399.038
396.824
394.529
392.152
389.702
387.184
384.601
381.954
379.242
376.449
373.581
370.641
367.651
364.583
361.481
358.301
355.032
351.685
348.238
344.736
341.157
337.501
333.771
329.969
326.095
322.153
318.145
314.074
309.943
305.753
301.506
297.205
292.852
288.45
284.001
279.507
274.972
270.399
265.792
261.153
256.488
251.801
247.096
242.378
237.652
232.924
228.2
223.483
218.783
214.102
209.45
204.827
200.249
195.71
191.23
186.799
182.442
178.144
173.937
169.794
165.763
161.798
157.971
154.201
150.604
147.046
143.697
140.349
137.242
134.146
131.193
128.419
125.468
123.01
120.365
118.472
116.167
114.143
113.131
113.539
113.737
114.137
114.63
115.269
116.07
117.049
118.225
119.62
121.257
123.157
125.339
127.824
130.629
133.77
137.264
141.123
145.358
149.978
154.986
160.385
166.17
172.332
178.857
185.724
192.908
200.375
208.091
216.011
224.091
232.284
240.541
248.81
257.043
265.198
273.23
281.097
288.767
296.21
303.4
310.315
316.934
323.247
329.252
334.937
340.293
345.321
350.037
354.436
358.512
362.267
365.711
368.881
371.757
374.332
376.612
378.611
380.341
381.819
383.028
383.979
384.714
385.2
385.486
385.528
385.302
384.91
384.314
383.519
382.543
381.384
380.06
378.574
376.935
375.15
373.223
371.16
368.967
366.651
364.216
361.667
359.01
356.247
353.384
350.425
347.373
344.232
341.006
337.698
334.312
330.849
327.313
323.706
320.031
316.288
312.481
308.611
304.68
300.69
296.643
292.539
288.381
284.17
279.909
275.597
271.234
266.823
262.365
257.862
253.314
248.723
244.091
239.419
234.708
229.962
225.181
220.369
215.527
210.659
205.767
200.854
195.92
191.003
185.843
36.5176
36.4405
36.3537
36.2624
36.1686
36.0731
35.9765
35.8794
35.7821
35.6851
35.5886
35.4929
35.3984
35.3052
35.2138
35.1238
35.0362
34.9501
34.8674
34.7866
34.7095
34.6366
34.5679
34.5042
34.4453
34.3922
34.3462
34.3056
34.2769
34.2518
34.2467
34.2554
34.2696
34.3038
34.3444
34.4105
34.4951
34.6011
34.7285
34.8799
35.0576
35.2621
35.4959
35.7598
36.0562
36.388
36.7552
37.1598
37.6042
38.0906
38.6214
39.1986
39.8246
40.5015
41.232
42.0185
42.864
43.7707
44.7421
45.7804
46.8888
48.07
49.3263
50.6605
52.0749
53.5724
55.1549
56.8259
58.588
60.4438
62.3968
64.4493
66.6044
68.8633
71.2287
73.7
76.2799
78.9659
81.7607
84.6592
87.6652
90.7702
93.9792
97.2847
100.692
104.189
107.779
111.46
115.228
119.078
123.004
126.999
131.055
135.164
139.318
143.51
147.73
151.97
156.223
160.48
164.73
168.972
173.184
177.382
181.591
185.791
189.969
194.11
198.207
202.249
206.23
210.141
213.977
217.733
221.404
224.984
228.469
231.853
235.133
238.306
241.366
244.325
247.148
249.838
252.4
254.841
257.159
259.365
261.451
263.422
265.291
267.026
268.706
270.255
271.677
272.985
274.184
275.28
276.27
277.159
277.947
278.626
279.227
279.674
280.07
280.971
280.945
280.929
280.857
280.704
280.476
280.148
279.731
279.234
278.663
278.18
277.476
276.63
275.657
274.601
273.453
272.232
270.952
269.603
268.198
266.714
265.122
263.44
261.657
259.814
257.885
255.932
253.876
251.816
249.639
247.323
244.95
242.461
239.9
237.268
234.56
231.781
228.933
226.02
223.045
220.011
216.92
213.774
210.576
207.329
204.035
200.697
197.319
193.902
190.451
186.969
183.461
179.93
176.38
172.818
169.246
165.671
162.097
158.53
154.974
151.436
147.92
144.433
140.976
137.562
134.185
130.865
127.587
124.38
121.223
118.147
115.126
112.204
109.334
106.587
103.878
101.325
98.7805
96.4366
94.0503
91.8827
89.7233
87.6091
85.6827
83.661
81.9697
80.2735
79.2093
77.648
77.6981
77.7271
77.9753
78.301
78.7245
79.2468
79.884
80.6529
81.5708
82.6559
83.9269
85.4028
87.1027
89.0456
91.2505
93.7359
96.52
99.6206
103.054
106.837
110.983
115.502
120.405
125.696
131.376
137.44
143.88
150.68
157.818
165.267
172.992
180.956
189.115
197.422
205.828
214.283
222.739
231.147
239.459
247.635
255.638
263.432
270.986
278.278
285.286
291.996
298.393
304.467
310.213
315.634
320.727
325.489
329.921
334.03
337.833
341.331
344.521
347.407
349.999
352.317
354.376
356.163
357.682
358.953
359.975
360.771
361.314
361.682
361.797
361.672
361.321
360.785
360.038
359.126
358.033
356.778
355.364
353.797
352.083
350.227
348.238
346.122
343.882
341.524
339.053
336.472
333.787
331.001
328.119
325.145
322.081
318.932
315.699
312.387
308.997
305.531
301.992
298.382
294.702
290.955
287.144
283.268
279.328
275.328
271.269
267.152
262.979
258.751
254.47
250.136
245.752
241.319
236.838
232.312
227.741
223.129
218.476
213.786
209.06
204.302
199.513
194.698
189.861
184.995
180.159
175.02
29.5013
29.4486
29.3889
29.3252
29.2587
29.1898
29.1189
29.0464
28.9725
28.8974
28.8215
28.7448
28.6677
28.5902
28.5125
28.4348
28.3572
28.2798
28.2029
28.1264
28.0505
27.9755
27.9017
27.8289
27.7578
27.688
27.6205
27.5545
27.4916
27.4308
27.3734
27.3204
27.2711
27.2267
27.1862
27.152
27.1229
27.1023
27.0859
27.0827
27.0882
27.0963
27.1197
27.1462
27.1888
27.2419
27.3093
27.3907
27.4872
27.5997
27.7278
27.8726
28.0343
28.214
28.4127
28.6309
28.8697
29.1297
29.4121
29.7173
30.047
30.4007
30.7794
31.1844
31.6167
32.0774
32.5674
33.0879
33.64
34.2248
34.8436
35.4974
36.1879
36.9159
37.6831
38.4901
39.3387
40.2294
41.1639
42.1422
43.1661
44.2357
45.3525
46.5169
47.7304
48.9937
50.3076
51.6731
53.091
54.5617
56.0856
57.6625
59.2923
60.9742
62.708
64.4919
66.3255
68.2067
70.1341
72.1072
74.1241
76.1834
78.2828
80.4189
82.5927
84.8019
87.0449
89.3178
91.6177
93.9406
96.2826
98.6398
101.008
103.383
105.762
108.139
110.511
112.873
115.223
117.552
119.866
122.144
124.413
126.674
128.917
131.134
133.321
135.472
137.584
139.65
141.672
143.64
145.557
147.421
149.225
150.966
152.641
154.25
155.789
157.26
158.658
159.987
161.237
162.423
163.49
164.556
165.501
166.35
167.124
167.801
168.423
168.941
169.366
169.82
170.139
170.932
170.912
170.857
170.73
170.571
170.336
170.065
169.754
169.41
169.064
168.571
167.934
167.206
166.373
165.489
164.501
163.498
162.39
161.341
160.193
158.982
157.638
156.173
154.641
153.052
151.388
149.661
147.873
146.028
144.126
142.172
140.168
138.116
136.018
133.878
131.697
129.478
127.225
124.939
122.626
120.286
117.926
115.548
113.156
110.755
108.348
105.941
103.537
101.142
98.7581
96.3907
94.0436
91.7215
89.4261
87.1659
84.9366
82.7533
80.604
78.5096
76.4552
74.4604
72.5123
70.6322
68.7961
67.0477
65.3248
63.7214
62.1093
60.6524
59.1653
57.8058
56.511
55.1229
54.0745
52.8875
51.8475
50.5715
50.624
50.4572
50.6013
50.7883
51.0403
51.3536
51.7349
52.1929
52.7389
53.3861
54.1486
55.0412
56.0795
57.2795
58.6581
60.2325
62.0207
64.0411
66.3124
68.8539
71.6849
74.8243
78.2907
82.1014
86.272
90.8158
95.7429
101.06
106.768
112.863
119.337
126.172
133.347
140.833
148.596
156.595
164.786
173.122
181.553
190.03
198.502
206.921
215.244
223.427
231.433
239.229
246.786
254.079
261.088
267.799
274.199
280.279
286.034
291.46
296.554
301.32
305.766
309.893
313.704
317.202
320.395
323.296
325.918
328.258
330.323
332.125
333.668
334.965
336.015
336.862
337.455
337.887
338.053
337.969
337.625
337.146
336.45
335.595
334.566
333.375
332.023
330.518
328.87
327.086
325.169
323.125
320.959
318.674
316.277
313.771
311.161
308.451
305.644
302.744
299.754
296.677
293.515
290.27
286.945
283.541
280.062
276.508
272.882
269.186
265.421
261.589
257.692
253.732
249.71
245.629
241.488
237.291
233.039
228.733
224.376
219.968
215.513
211.012
206.467
201.881
197.256
192.595
187.901
183.177
178.429
173.646
168.908
163.801
24.8421
24.8095
24.7717
24.7307
24.6871
24.6412
24.5932
24.5434
24.4918
24.4388
24.3844
24.3287
24.272
24.2143
24.1557
24.0964
24.0365
23.9759
23.915
23.8536
23.792
23.7302
23.6682
23.6063
23.5445
23.4829
23.4216
23.3607
23.3003
23.2406
23.1817
23.1239
23.0671
23.0119
22.958
22.9061
22.8558
22.8081
22.7624
22.7197
22.6805
22.6441
22.6117
22.5821
22.5572
22.536
22.5206
22.5086
22.5055
22.5087
22.5138
22.5287
22.5465
22.5739
22.609
22.6515
22.7025
22.7615
22.8296
22.9072
22.9934
23.0904
23.1979
23.3164
23.446
23.5871
23.7399
23.9048
24.0821
24.272
24.4751
24.6916
24.922
25.1665
25.4258
25.7
25.9898
26.2955
26.6169
26.9547
27.3095
27.6817
28.0718
28.4802
28.9073
29.3537
29.8197
30.3058
30.8125
31.3403
31.8897
32.4609
33.0545
33.6706
34.3097
34.9717
35.6571
36.3659
37.0979
37.8532
38.632
39.4343
40.2604
41.1098
41.9829
42.8794
43.7994
44.7423
45.7079
46.6955
47.7045
48.7339
49.783
50.8507
51.9359
53.0371
54.1539
55.2849
56.4295
57.5853
58.7523
59.927
61.1091
62.2984
63.4936
64.6932
65.8954
67.0979
68.2991
69.4962
70.6879
71.8713
73.0445
74.2057
75.3525
76.4826
77.5939
78.6842
79.7515
80.7942
81.8099
82.7978
83.7542
84.6819
85.5854
86.4666
87.3171
88.1329
88.9145
89.6545
90.3598
91.02
91.6357
92.2164
92.7291
93.275
93.7306
94.1263
94.4424
94.7223
94.9232
95.1494
95.2351
95.8313
96.0596
95.9347
95.7143
95.4793
95.1955
94.8882
94.5104
94.1169
93.6429
93.1938
92.6965
92.1975
91.5905
90.9592
90.2365
89.451
88.5913
87.6968
86.7571
85.7729
84.7458
83.6779
82.5715
81.4285
80.2512
79.0412
77.801
76.532
75.2372
73.9183
72.5785
71.2199
69.8462
68.4596
67.064
65.6619
64.2571
62.8523
61.4511
60.0558
58.6702
57.2954
55.9364
54.5932
53.2705
51.9692
50.6912
49.4408
48.2155
47.0218
45.8576
44.7259
43.6305
42.569
41.5436
40.5645
39.6047
38.7174
37.8165
37.0193
36.2116
35.4671
34.7732
34.0378
33.5532
32.8343
32.5551
31.8914
32.0697
32.2096
32.357
32.5263
32.7271
32.9658
33.2493
33.5853
33.9823
34.4498
34.9982
35.6385
36.3827
37.2435
38.2346
39.3707
40.6676
42.1421
43.8123
45.6972
47.8168
50.1919
52.8437
55.7936
59.0623
62.67
66.6345
70.9716
75.6934
80.808
86.3183
92.2215
98.5084
105.163
112.164
119.481
127.079
134.919
142.955
151.14
159.423
167.757
176.09
184.376
192.57
200.63
208.521
216.207
223.661
230.86
237.784
244.415
250.743
256.759
262.456
267.831
272.885
277.617
282.031
286.127
289.913
293.394
296.582
299.478
302.09
304.425
306.493
308.3
309.853
311.173
312.247
313.12
313.741
314.12
314.279
314.27
313.951
313.51
312.871
312.064
311.085
309.936
308.64
307.197
305.614
303.893
302.042
300.064
297.966
295.75
293.423
290.987
288.447
285.807
283.069
280.236
277.311
274.296
271.194
268.007
264.737
261.386
257.957
254.451
250.871
247.218
243.494
239.702
235.844
231.92
227.933
223.885
219.777
215.612
211.391
207.116
202.789
198.413
193.99
189.521
185.011
180.462
175.877
171.258
166.615
161.928
157.306
152.244
21.5743
21.5554
21.5326
21.5072
21.4795
21.4499
21.4184
21.3851
21.3502
21.3138
21.276
21.2368
21.1965
21.1549
21.1124
21.0688
21.0243
20.979
20.9329
20.8861
20.8386
20.7905
20.7419
20.6929
20.6434
20.5936
20.5435
20.4932
20.4427
20.3922
20.3416
20.291
20.2406
20.1904
20.1405
20.0911
20.0421
19.9938
19.9461
19.8993
19.8535
19.8087
19.7654
19.7232
19.6826
19.6435
19.6064
19.5709
19.5378
19.5074
19.4792
19.4537
19.4308
19.4107
19.3941
19.3803
19.3709
19.3635
19.3631
19.366
19.3702
19.3805
19.3937
19.4128
19.4368
19.4658
19.5
19.5396
19.5845
19.6353
19.6918
19.7542
19.8224
19.8966
19.977
20.0638
20.1571
20.2571
20.3647
20.4796
20.602
20.732
20.8696
21.0149
21.1682
21.3295
21.4988
21.6764
21.8625
22.0571
22.2605
22.4727
22.6941
22.9246
23.1644
23.4137
23.6726
23.9408
24.2184
24.5055
24.8023
25.109
25.4256
25.7523
26.0891
26.4361
26.7933
27.1608
27.5384
27.9263
28.3243
28.7323
29.1501
29.5777
30.0147
30.4609
30.9161
31.3799
31.8524
32.3329
32.8214
33.3174
33.8205
34.3301
34.846
35.3676
35.8945
36.4259
36.9614
37.5002
38.0416
38.5846
39.1288
39.6728
40.2162
40.758
41.2976
41.8339
42.3659
42.8926
43.4131
43.9262
44.4313
44.9265
45.4122
45.8877
46.3521
46.8036
47.2422
47.6651
48.0737
48.4646
48.8381
49.1945
49.5245
49.8449
50.1391
50.4181
50.6598
50.8877
51.0736
51.2597
51.3915
51.578
51.7772
52.1286
52.0676
52.0076
51.9273
51.8336
51.7035
51.5606
51.3767
51.1882
50.9768
50.7608
50.5096
50.2652
49.9813
49.6504
49.3048
48.9198
48.4978
48.0484
47.5718
47.0688
46.541
45.9893
45.4155
44.8205
44.2061
43.5731
42.9234
42.2582
41.5795
40.8887
40.1882
39.4792
38.7646
38.0455
37.3247
36.6031
35.8838
35.1669
34.4555
33.7491
33.0521
32.3624
31.6852
31.0177
30.3644
29.7235
29.0976
28.4852
27.8911
27.311
26.7532
26.2093
25.6889
25.1863
24.7004
24.247
23.7904
23.3884
22.9832
22.625
22.2828
21.9376
21.7437
21.2816
21.1164
21.0971
21.1388
21.2176
21.3139
21.4253
21.5545
21.706
21.8842
22.0943
22.342
22.6336
22.9759
23.3764
23.8433
24.3855
25.0131
25.7373
26.5702
27.5256
28.6186
29.8658
31.2855
32.8975
34.7229
36.7842
39.1047
41.7081
44.618
47.8572
51.4466
55.4048
59.7466
64.4823
69.6169
75.1492
81.0714
87.3685
94.0187
100.993
108.258
115.772
123.492
131.369
139.357
147.404
155.462
163.484
171.428
179.25
186.916
194.392
201.651
208.667
215.421
221.898
228.085
233.971
239.552
244.822
249.783
254.432
258.771
262.803
266.535
269.97
273.115
275.977
278.561
280.874
282.925
284.725
286.275
287.595
288.674
289.514
290.132
290.521
290.642
290.651
290.39
289.981
289.378
288.582
287.649
286.552
285.308
283.917
282.387
280.722
278.928
277.01
274.972
272.819
270.554
268.181
265.703
263.124
260.445
257.67
254.8
251.839
248.788
245.65
242.427
239.123
235.738
232.275
228.736
225.124
221.44
217.686
213.865
209.978
206.027
202.015
197.943
193.813
189.628
185.39
181.102
176.766
172.385
167.962
163.5
159.002
154.481
149.904
145.419
140.417
19.2077
19.1972
19.1836
19.168
19.1505
19.1313
19.1105
19.0883
19.0645
19.0394
19.013
18.9854
18.9566
18.9267
18.8957
18.8638
18.8309
18.7971
18.7624
18.7269
18.6907
18.6538
18.6162
18.5779
18.5391
18.4997
18.4598
18.4195
18.3787
18.3376
18.2961
18.2543
18.2122
18.1699
18.1275
18.0849
18.0423
17.9997
17.9571
17.9147
17.8724
17.8303
17.7886
17.7472
17.7063
17.6658
17.626
17.5868
17.5484
17.5108
17.4742
17.4387
17.4042
17.3709
17.339
17.3083
17.2793
17.2516
17.2258
17.202
17.1799
17.1597
17.1413
17.1251
17.1111
17.0995
17.0902
17.0836
17.0796
17.0795
17.0807
17.0858
17.0912
17.1009
17.1137
17.1295
17.1485
17.1707
17.1962
17.2251
17.2575
17.2934
17.3331
17.3765
17.4234
17.474
17.5283
17.5864
17.6483
17.7141
17.7838
17.8575
17.9352
18.017
18.1029
18.193
18.2871
18.3856
18.4888
18.5966
18.7088
18.8256
18.9468
19.0723
19.2024
19.3368
19.4757
19.6189
19.7666
19.9187
20.0753
20.2361
20.4013
20.5707
20.7443
20.9221
21.1038
21.2895
21.479
21.6722
21.869
22.0693
22.2731
22.4797
22.6892
22.9015
23.1165
23.3339
23.5537
23.7754
23.999
24.224
24.4504
24.6775
24.9052
25.1331
25.361
25.5883
25.815
26.0404
26.2642
26.486
26.7054
26.9219
27.1351
27.3446
27.55
27.7507
27.9464
28.1361
28.3202
28.4973
28.6674
28.8306
28.9837
29.1315
29.2689
29.4018
29.5175
29.6272
29.7211
29.813
29.8928
29.9674
30.0743
30.1234
30.2844
30.2418
30.197
30.1534
30.0969
30.0316
29.9503
29.8604
29.759
29.6508
29.5297
29.4015
29.2673
29.112
28.9582
28.7836
28.5973
28.3912
28.1705
27.9354
27.6861
27.4235
27.1484
26.8615
26.5639
26.256
25.9388
25.613
25.2796
24.9393
24.5934
24.2426
23.8884
23.5312
23.1728
22.8134
22.4548
22.0968
21.741
21.3874
21.0383
20.6923
20.3525
20.0168
19.6884
19.3646
19.0504
18.7422
18.4441
18.1521
17.8714
17.5968
17.3344
17.0786
16.8346
16.6027
16.3779
16.1728
15.9752
15.8026
15.638
15.4724
15.3586
15.1951
14.9891
14.986
15.009
15.0593
15.1142
15.1766
15.2486
15.3335
15.4326
15.5492
15.6868
15.8494
16.0409
16.266
16.5295
16.837
17.195
17.6107
18.0924
18.6494
19.2925
20.0341
20.8881
21.8702
22.9982
24.2915
25.7719
27.4623
29.3877
31.5735
34.0457
36.8298
39.9498
43.4273
47.2804
51.5223
56.1607
61.1972
66.6258
72.4337
78.6006
85.0994
91.8966
98.9534
106.227
113.671
121.238
128.879
136.548
144.197
151.785
159.271
166.618
173.795
180.773
187.529
194.042
200.295
206.275
211.972
217.381
222.496
227.313
231.833
236.056
239.987
243.628
246.983
250.058
252.857
255.388
257.657
259.672
261.442
262.968
264.254
265.308
266.13
266.715
267.091
267.191
267.217
266.984
266.522
265.974
265.221
264.328
263.269
262.067
260.72
259.237
257.622
255.881
254.017
252.035
249.938
247.729
245.411
242.988
240.46
237.832
235.106
232.284
229.368
226.363
223.269
220.09
216.827
213.484
210.062
206.564
202.992
199.348
195.634
191.853
188.006
184.095
180.124
176.094
172.008
167.869
163.679
159.442
155.16
150.839
146.478
142.096
137.646
133.322
128.396
17.4622
17.4564
17.4478
17.4375
17.4259
17.4128
17.3984
17.3828
17.366
17.348
17.3289
17.3087
17.2874
17.2652
17.242
17.2179
17.193
17.1672
17.1406
17.1132
17.085
17.0562
17.0267
16.9965
16.9657
16.9343
16.9024
16.8699
16.8369
16.8035
16.7695
16.7352
16.7005
16.6654
16.6299
16.5942
16.5581
16.5218
16.4853
16.4486
16.4118
16.3748
16.3378
16.3007
16.2637
16.2266
16.1897
16.1529
16.1162
16.0798
16.0436
16.0077
15.9722
15.9371
15.9025
15.8684
15.8348
15.8019
15.7696
15.7381
15.7074
15.6776
15.6486
15.6206
15.5935
15.5675
15.5426
15.5189
15.4963
15.4753
15.4555
15.4372
15.42
15.4043
15.39
15.3773
15.3662
15.3567
15.3487
15.3426
15.338
15.3357
15.3359
15.3375
15.3396
15.3445
15.3505
15.359
15.3695
15.382
15.3964
15.4128
15.4313
15.4518
15.4744
15.499
15.5258
15.5544
15.5854
15.6186
15.654
15.6915
15.7312
15.7728
15.8165
15.8623
15.9102
15.9603
16.0123
16.0665
16.1227
16.1808
16.241
16.3031
16.3672
16.433
16.5008
16.5702
16.6414
16.7143
16.7887
16.8647
16.942
17.0211
17.1018
17.1838
17.2671
17.3516
17.4372
17.5237
17.611
17.699
17.7876
17.8766
17.9659
18.0553
18.1447
18.2339
18.3227
18.4111
18.4988
18.5856
18.6713
18.7559
18.839
18.9204
19.0001
19.0776
19.153
19.2256
19.2959
19.3628
19.4269
19.4878
19.5444
19.6022
19.6553
19.7024
19.7405
19.7764
19.7996
19.8635
19.8703
19.9336
19.9589
19.9464
19.9445
19.9299
19.9062
19.8761
19.8384
19.7945
19.7436
19.6871
19.6246
19.5571
19.484
19.4055
19.3233
19.2348
19.1436
19.0466
18.9463
18.839
18.7237
18.6008
18.4707
18.3339
18.1906
18.0414
17.8867
17.7266
17.5618
17.3923
17.2189
17.0417
16.8615
16.6785
16.4936
16.307
16.1195
15.9313
15.7432
15.5556
15.3698
15.1852
15.0028
14.8221
14.6441
14.468
14.2955
14.125
13.9587
13.7949
13.6361
13.4799
13.3295
13.1817
13.0405
12.9018
12.7704
12.644
12.5244
12.4137
12.3081
12.2169
12.1286
12.0452
11.9697
11.8911
11.8033
11.6963
11.676
11.7108
11.7269
11.7551
11.7909
11.8358
11.8855
11.9442
12.0144
12.0986
12.1983
12.3163
12.4551
12.6181
12.8089
13.0317
13.2915
13.5939
13.9455
14.354
14.8283
15.3789
16.018
16.7594
17.6193
18.6159
19.7698
21.1034
22.6416
24.4106
26.4375
28.7497
31.3737
34.3342
37.6523
41.3448
45.4229
49.8912
54.7473
59.9811
65.5752
71.5049
77.7392
84.2417
90.9715
97.8846
104.935
112.077
119.264
126.451
133.598
140.664
147.614
154.416
161.043
167.469
173.675
179.642
185.359
190.814
195.999
200.908
205.537
209.887
213.957
217.748
221.263
224.504
227.476
230.185
232.637
234.838
236.793
238.504
239.979
241.219
242.224
243.008
243.559
243.818
244.031
243.825
243.735
243.293
242.772
242.043
241.175
240.149
238.983
237.677
236.238
234.67
232.977
231.163
229.231
227.183
225.022
222.751
220.373
217.89
215.305
212.621
209.841
206.968
204.004
200.952
197.814
194.594
191.292
187.912
184.456
180.927
177.326
173.657
169.921
166.121
162.26
158.34
154.365
150.337
146.26
142.137
137.974
133.767
129.545
125.239
121.098
116.271
16.164
16.1598
16.1532
16.1454
16.1364
16.1264
16.1153
16.1032
16.0901
16.0761
16.0611
16.0453
16.0286
16.011
15.9926
15.9735
15.9535
15.9329
15.9115
15.8895
15.8667
15.8434
15.8194
15.7948
15.7696
15.7439
15.7176
15.6908
15.6635
15.6357
15.6074
15.5788
15.5496
15.5201
15.4902
15.4599
15.4293
15.3983
15.3671
15.3355
15.3037
15.2716
15.2393
15.2068
15.1742
15.1413
15.1083
15.0753
15.0421
15.0089
14.9756
14.9424
14.9091
14.876
14.8429
14.8099
14.7771
14.7444
14.7119
14.6797
14.6478
14.6162
14.5849
14.554
14.5234
14.4934
14.4637
14.4346
14.406
14.378
14.3507
14.3239
14.2979
14.2725
14.2478
14.2238
14.2006
14.1782
14.1567
14.136
14.1161
14.0972
14.0793
14.0624
14.0464
14.0314
14.0173
14.0041
13.9921
13.981
13.9711
13.9622
13.9544
13.9476
13.942
13.9374
13.9342
13.9315
13.9312
13.9319
13.9334
13.935
13.9386
13.9424
13.9478
13.9544
13.9621
13.9709
13.9808
13.9917
14.0037
14.0168
14.0309
14.0459
14.062
14.079
14.0969
14.1157
14.1354
14.156
14.1773
14.1994
14.2222
14.2457
14.2698
14.2947
14.3201
14.3461
14.3725
14.3994
14.4266
14.4542
14.482
14.51
14.538
14.5661
14.5942
14.6221
14.6498
14.6771
14.7042
14.7307
14.7566
14.7819
14.8065
14.8302
14.8529
14.8746
14.8952
14.9143
14.9326
14.9484
14.9643
14.976
14.996
15.0069
15.0323
15.0285
15.0261
15.0241
15.0196
15.017
15.0106
15.0048
14.9987
14.9866
14.9708
14.9507
14.9262
14.8976
14.8648
14.8287
14.7888
14.7453
14.6986
14.6487
14.5959
14.5402
14.4819
14.4212
14.3585
14.2933
14.2255
14.1566
14.0843
14.0085
13.9294
13.8473
13.7621
13.6741
13.5834
13.4901
13.3944
13.2964
13.1963
13.0943
12.9907
12.8856
12.7796
12.6726
12.5651
12.4572
12.3492
12.2414
12.1342
12.0276
11.922
11.8173
11.7139
11.6116
11.511
11.4116
11.3143
11.2183
11.1248
11.0327
10.9437
10.8559
10.7718
10.6891
10.6104
10.5344
10.462
10.3952
10.3307
10.2735
10.219
10.1668
10.1177
10.066
10.0205
9.9589
9.91259
9.89711
9.84416
9.86097
9.87963
9.90237
9.91908
9.9446
9.97796
10.0191
10.0674
10.1254
10.1941
10.2761
10.3726
10.4863
10.6201
10.777
10.9607
11.1757
11.4269
11.7205
12.0636
12.4648
12.9339
13.4829
14.1255
14.8775
15.7573
16.7856
17.9855
19.3821
21.0025
22.8742
25.0252
27.4819
30.2683
33.4045
36.9052
40.7789
45.0271
49.6436
54.6147
59.9195
65.5304
71.4144
77.5336
83.8472
90.312
96.8842
103.52
110.177
116.815
123.395
129.884
136.25
142.464
148.503
154.347
159.977
165.38
170.543
175.457
180.117
184.519
188.66
192.537
196.153
199.507
202.604
205.446
208.039
210.386
212.49
214.357
215.988
217.387
218.559
219.503
220.206
220.712
220.87
221.082
220.86
220.788
220.348
219.834
219.123
218.278
217.283
216.151
214.884
213.486
211.961
210.31
208.538
206.646
204.638
202.516
200.284
197.944
195.499
192.953
190.308
187.568
184.735
181.812
178.802
175.707
172.53
169.273
165.94
162.532
159.053
155.505
151.89
148.212
144.473
140.678
136.828
132.928
128.981
124.995
120.962
116.921
112.779
108.848
104.145
15.1974
15.1927
15.1862
15.1787
15.1704
15.1612
15.1512
15.1405
15.1289
15.1166
15.1036
15.0899
15.0754
15.0603
15.0445
15.0281
15.011
14.9933
14.975
14.9562
14.9367
14.9167
14.8962
14.8752
14.8536
14.8316
14.809
14.786
14.7626
14.7387
14.7143
14.6896
14.6645
14.6389
14.613
14.5868
14.5601
14.5332
14.5059
14.4783
14.4504
14.4223
14.3938
14.3652
14.3362
14.3071
14.2777
14.2481
14.2184
14.1885
14.1584
14.1282
14.0979
14.0674
14.0369
14.0063
13.9757
13.9451
13.9144
13.8838
13.8531
13.8226
13.7921
13.7617
13.7313
13.7012
13.6711
13.6413
13.6116
13.5821
13.5529
13.524
13.4953
13.4669
13.4388
13.411
13.3836
13.3566
13.3299
13.3037
13.2779
13.2525
13.2275
13.2031
13.1791
13.1557
13.1327
13.1103
13.0884
13.067
13.0462
13.026
13.0063
12.9872
12.9688
12.9509
12.9336
12.9169
12.9009
12.8856
12.8709
12.8567
12.8432
12.8303
12.8179
12.8061
12.7949
12.7844
12.7744
12.7651
12.7563
12.7481
12.7405
12.7334
12.7269
12.7209
12.7154
12.7104
12.7059
12.7018
12.6982
12.695
12.6923
12.6898
12.6878
12.686
12.6846
12.6835
12.6826
12.6819
12.6815
12.6812
12.681
12.6809
12.6808
12.6808
12.6807
12.6806
12.6803
12.6799
12.6792
12.6783
12.6771
12.6755
12.6735
12.671
12.6681
12.6645
12.6604
12.6555
12.65
12.6436
12.6365
12.6283
12.6196
12.611
12.6029
12.5914
12.5777
12.5627
12.5461
12.5286
12.51
12.4902
12.4698
12.4479
12.4246
12.3993
12.3722
12.3431
12.3118
12.2789
12.2439
12.2068
12.1679
12.1272
12.0849
12.041
11.9955
11.9485
11.9004
11.851
11.8001
11.7485
11.6955
11.641
11.5852
11.5279
11.4693
11.4094
11.3481
11.2857
11.222
11.1573
11.0915
11.0249
10.9574
10.8893
10.8206
10.7515
10.6822
10.6127
10.5432
10.4739
10.4048
10.3362
10.268
10.2004
10.1336
10.0674
10.0021
9.93769
9.87434
9.81187
9.75075
9.69051
9.63195
9.57426
9.51852
9.46376
9.41112
9.36016
9.311
9.26495
9.22026
9.17879
9.13925
9.10149
9.06417
9.02899
8.99476
8.96009
8.92383
8.89732
8.8476
8.82509
8.80831
8.7975
8.78794
8.8038
8.82193
8.84021
8.85833
8.88381
8.91464
8.95265
8.99658
9.0502
9.115
9.19205
9.28372
9.39206
9.52014
9.6711
9.84887
10.0582
10.3049
10.5955
10.9381
11.3422
11.819
12.3819
13.0464
13.8303
14.754
15.8402
17.114
18.6018
20.3309
22.3284
24.6197
27.2271
30.1686
33.4566
37.0965
41.0866
45.4178
50.0738
55.0313
60.2616
65.731
71.4023
77.236
83.1913
89.2273
95.3041
101.383
107.428
113.406
119.286
125.041
130.647
136.082
141.33
146.374
151.204
155.809
160.183
164.319
168.214
171.865
175.273
178.438
181.362
184.046
186.495
188.709
190.692
192.446
193.976
195.28
196.357
197.218
197.829
198.278
198.36
198.549
198.294
198.213
197.774
197.267
196.575
195.753
194.788
193.688
192.455
191.091
189.597
187.978
186.237
184.376
182.399
180.309
178.109
175.803
173.394
170.885
168.279
165.579
162.788
159.909
156.945
153.898
150.772
147.569
144.293
140.945
137.53
134.049
130.508
126.908
123.254
119.55
115.798
112.009
108.171
104.337
100.378
96.686
92.1359
14.4817
14.4751
14.4672
14.4587
14.4496
14.4399
14.4296
14.4187
14.4072
14.3951
14.3825
14.3693
14.3556
14.3413
14.3265
14.3112
14.2954
14.2791
14.2623
14.2451
14.2273
14.2092
14.1905
14.1715
14.152
14.1321
14.1118
14.0911
14.07
14.0485
14.0267
14.0045
13.9819
13.959
13.9358
13.9122
13.8883
13.8641
13.8396
13.8148
13.7898
13.7644
13.7388
13.713
13.6869
13.6605
13.634
13.6072
13.5802
13.553
13.5256
13.498
13.4703
13.4424
13.4143
13.3862
13.3579
13.3294
13.3009
13.2723
13.2436
13.2148
13.186
13.1571
13.1282
13.0993
13.0704
13.0415
13.0126
12.9838
12.9549
12.9262
12.8975
12.8689
12.8404
12.812
12.7838
12.7557
12.7277
12.6999
12.6723
12.6448
12.6175
12.5905
12.5637
12.5371
12.5107
12.4846
12.4588
12.4332
12.4079
12.3829
12.3582
12.3337
12.3096
12.2858
12.2623
12.2391
12.2163
12.1938
12.1716
12.1498
12.1283
12.1072
12.0864
12.0659
12.0457
12.0259
12.0064
11.9873
11.9685
11.95
11.9318
11.914
11.8965
11.8792
11.8623
11.8457
11.8293
11.8132
11.7974
11.7818
11.7664
11.7513
11.7363
11.7216
11.7071
11.6927
11.6784
11.6643
11.6503
11.6364
11.6226
11.6088
11.5951
11.5814
11.5676
11.5539
11.54
11.5261
11.5121
11.4979
11.4836
11.4691
11.4544
11.4394
11.4242
11.4086
11.3927
11.3764
11.3598
11.3427
11.3252
11.3072
11.2885
11.2697
11.2506
11.2309
11.2102
11.1888
11.1666
11.1435
11.1198
11.0953
11.0702
11.0444
11.0178
10.9904
10.9621
10.9328
10.9025
10.8712
10.8389
10.8056
10.7713
10.736
10.6997
10.6626
10.6246
10.5858
10.5461
10.5058
10.4647
10.423
10.3806
10.3377
10.2941
10.2498
10.2049
10.1594
10.1134
10.0667
10.0196
9.9719
9.92379
9.87528
9.82643
9.77729
9.72795
9.67847
9.62892
9.57937
9.5299
9.48057
9.43146
9.38263
9.33414
9.28604
9.2384
9.19124
9.14464
9.09859
9.0532
9.00842
8.96441
8.92103
8.87859
8.8368
8.79607
8.75606
8.71717
8.67931
8.64248
8.60717
8.57276
8.5398
8.50791
8.4773
8.44685
8.41797
8.38933
8.36233
8.33322
8.3098
8.28109
8.25652
8.23581
8.21012
8.1951
8.16439
8.15804
8.14833
8.14406
8.15974
8.17249
8.18663
8.19816
8.219
8.24656
8.27972
8.32106
8.37081
8.4318
8.50478
8.59212
8.69645
8.82123
8.96973
9.14638
9.35653
9.60645
9.90372
10.2573
10.678
11.1784
11.7732
12.4797
13.3174
14.3081
15.4757
16.8454
18.4431
20.294
22.4214
24.8455
27.5813
30.6384
34.0195
37.7204
41.7296
46.0291
50.5952
55.3989
60.4076
65.5859
70.897
76.3033
81.7678
87.2545
92.7292
98.1603
103.518
108.777
113.912
118.903
123.731
128.383
132.845
137.107
141.16
144.998
148.617
152.013
155.185
158.133
160.857
163.358
165.637
167.694
169.534
171.155
172.559
173.747
174.714
175.486
175.982
176.37
176.378
176.518
176.234
176.139
175.708
175.208
174.538
173.738
172.797
171.718
170.504
169.158
167.685
166.086
164.367
162.53
160.578
158.516
156.347
154.075
151.702
149.232
146.669
144.014
141.272
138.446
135.538
132.552
129.49
126.357
123.155
119.888
116.56
113.174
109.734
106.245
102.709
99.1402
95.5189
91.9168
88.1661
84.7405
80.3783
13.9573
13.9478
13.938
13.9278
13.9172
13.9061
13.8945
13.8826
13.8702
13.8574
13.8441
13.8305
13.8164
13.8019
13.787
13.7718
13.7561
13.7401
13.7236
13.7068
13.6897
13.6722
13.6543
13.6361
13.6175
13.5986
13.5794
13.5599
13.54
13.5198
13.4994
13.4786
13.4575
13.4361
13.4145
13.3925
13.3703
13.3479
13.3251
13.3022
13.2789
13.2554
13.2317
13.2078
13.1836
13.1592
13.1346
13.1098
13.0848
13.0596
13.0342
13.0086
12.9829
12.957
12.9309
12.9046
12.8782
12.8517
12.825
12.7983
12.7713
12.7443
12.7172
12.6899
12.6626
12.6352
12.6077
12.5802
12.5526
12.5249
12.4973
12.4695
12.4418
12.414
12.3862
12.3584
12.3307
12.3029
12.2752
12.2475
12.2199
12.1923
12.1647
12.1372
12.1098
12.0825
12.0553
12.0282
12.0011
11.9742
11.9474
11.9207
11.8942
11.8677
11.8415
11.8153
11.7893
11.7635
11.7378
11.7123
11.687
11.6618
11.6368
11.612
11.5874
11.5629
11.5387
11.5146
11.4907
11.4669
11.4434
11.42
11.3968
11.3738
11.3509
11.3283
11.3058
11.2834
11.2613
11.2392
11.2174
11.1957
11.1741
11.1526
11.1313
11.1101
11.089
11.068
11.0471
11.0263
11.0055
10.9849
10.9642
10.9436
10.9231
10.9025
10.882
10.8614
10.8409
10.8203
10.7996
10.7789
10.7581
10.7372
10.7161
10.695
10.6737
10.6523
10.6306
10.6088
10.5868
10.5645
10.542
10.5192
10.4962
10.4729
10.4493
10.4255
10.4013
10.3767
10.3518
10.3264
10.3006
10.2743
10.2477
10.2206
10.1932
10.1653
10.1369
10.108
10.0787
10.0488
10.0184
9.98753
9.95612
9.92418
9.89175
9.85883
9.82544
9.7916
9.75732
9.72264
9.68756
9.65213
9.61637
9.58029
9.54391
9.50724
9.4703
9.43308
9.39563
9.35794
9.32005
9.28197
9.24373
9.20535
9.16688
9.12833
9.08975
9.05117
9.01263
8.97417
8.93583
8.89764
8.85965
8.82189
8.78439
8.74718
8.7103
8.67377
8.63761
8.60184
8.56651
8.53159
8.49717
8.46319
8.42976
8.3968
8.36445
8.33259
8.30137
8.27075
8.24073
8.21147
8.18276
8.15479
8.12735
8.10069
8.07422
8.04855
8.023
7.99858
7.97335
7.95016
7.926
7.90308
7.88028
7.85957
7.8389
7.81644
7.79849
7.78293
7.76939
7.75224
7.74062
7.73575
7.71796
7.72605
7.73502
7.74228
7.75518
7.77125
7.7963
7.82587
7.86327
7.9097
7.96813
8.03855
8.12435
8.22839
8.35399
8.50536
8.68742
8.90597
9.16815
9.48248
9.859
10.3096
10.8482
11.4909
12.256
13.1638
14.2364
15.4972
16.9695
18.6762
20.6378
22.8713
25.3891
28.1978
31.2978
34.6829
38.3403
42.2518
46.3937
50.7386
55.2559
59.9129
64.6761
69.5118
74.3872
79.2705
84.1317
88.9429
93.6789
98.3167
102.836
107.219
111.45
115.517
119.407
123.112
126.626
129.942
133.058
135.97
138.677
141.177
143.47
145.558
147.438
149.113
150.582
151.844
152.909
153.742
154.416
154.797
155.081
155.034
155.136
154.839
154.728
154.315
153.818
153.165
152.366
151.426
150.351
149.142
147.804
146.341
144.757
143.055
141.239
139.313
137.281
135.146
132.912
130.582
128.159
125.648
123.051
120.372
117.613
114.78
111.875
108.901
105.863
102.765
99.6107
96.404
93.1516
89.8536
86.5284
83.1482
79.8056
76.2889
73.1584
69.0239
13.5789
13.5671
13.5551
13.5427
13.53
13.5171
13.5038
13.4902
13.4764
13.4622
13.4477
13.4329
13.4179
13.4025
13.3868
13.3709
13.3546
13.3381
13.3213
13.3042
13.2868
13.2692
13.2513
13.2331
13.2147
13.196
13.177
13.1578
13.1384
13.1187
13.0987
13.0785
13.0581
13.0374
13.0165
12.9954
12.9741
12.9525
12.9308
12.9088
12.8866
12.8642
12.8416
12.8188
12.7958
12.7726
12.7493
12.7257
12.702
12.6781
12.6541
12.6298
12.6054
12.5809
12.5562
12.5314
12.5064
12.4812
12.456
12.4306
12.405
12.3794
12.3536
12.3277
12.3018
12.2757
12.2495
12.2232
12.1968
12.1704
12.1438
12.1172
12.0906
12.0638
12.0371
12.0102
11.9833
11.9564
11.9295
11.9025
11.8755
11.8484
11.8214
11.7943
11.7673
11.7402
11.7132
11.6862
11.6592
11.6322
11.6052
11.5783
11.5514
11.5246
11.4978
11.4711
11.4444
11.4178
11.3912
11.3647
11.3383
11.3119
11.2856
11.2594
11.2333
11.2073
11.1813
11.1554
11.1297
11.104
11.0784
11.0529
11.0275
11.0021
10.9769
10.9518
10.9267
10.9018
10.8769
10.8521
10.8274
10.8028
10.7782
10.7537
10.7293
10.705
10.6808
10.6566
10.6324
10.6083
10.5843
10.5603
10.5363
10.5124
10.4884
10.4645
10.4407
10.4168
10.3929
10.369
10.3451
10.3211
10.2971
10.2731
10.249
10.2249
10.2007
10.1764
10.152
10.1275
10.1029
10.0782
10.0534
10.0284
10.0033
9.97804
9.95263
9.92707
9.90134
9.87542
9.84931
9.823
9.79646
9.76971
9.74273
9.71553
9.68809
9.66043
9.63253
9.6044
9.57601
9.54737
9.51848
9.48933
9.45993
9.43027
9.40037
9.37022
9.33985
9.30925
9.27843
9.24742
9.21622
9.18484
9.15331
9.12164
9.08984
9.05792
9.0259
8.99379
8.9616
8.92935
8.89706
8.86473
8.83238
8.80003
8.7677
8.73541
8.70317
8.671
8.63894
8.60699
8.57517
8.54352
8.51205
8.48077
8.4497
8.41887
8.38829
8.35797
8.32792
8.29815
8.26869
8.23953
8.21069
8.18216
8.15398
8.12613
8.09863
8.07147
8.04468
8.01824
7.99215
7.96644
7.94106
7.91606
7.89132
7.86697
7.8428
7.81898
7.79525
7.77204
7.74863
7.72591
7.70298
7.68066
7.65813
7.63656
7.61515
7.59352
7.57243
7.553
7.53413
7.51505
7.49674
7.48254
7.46455
7.4507
7.43874
7.41795
7.41075
7.40571
7.41714
7.42047
7.43058
7.44453
7.46804
7.49325
7.52909
7.57474
7.63204
7.70365
7.7919
7.89969
8.03124
8.19124
8.38514
8.61957
8.9024
9.24301
9.65244
10.1435
10.7309
11.4313
12.2632
13.2464
14.4016
15.7494
17.3095
19.0992
21.1325
23.4189
25.9626
28.762
31.8098
35.0931
38.5939
42.29
46.1562
50.1646
54.2861
58.4907
62.7489
67.0318
71.3118
75.5629
79.7614
83.8852
87.9146
91.832
95.6222
99.2718
102.77
106.107
109.275
112.269
115.083
117.714
120.158
122.415
124.483
126.36
128.046
129.54
130.847
131.949
132.878
133.585
134.082
134.382
134.604
134.518
134.586
134.311
134.158
133.77
133.238
132.563
131.749
130.798
129.714
128.503
127.167
125.711
124.14
122.457
120.666
118.772
116.777
114.686
112.501
110.228
107.869
105.428
102.909
100.315
97.6512
94.9208
92.1282
89.2776
86.374
83.4211
80.4266
77.3896
74.3323
71.2194
68.1633
64.9107
62.1016
58.2385
13.3125
13.2982
13.2838
13.2691
13.2543
13.2393
13.2241
13.2087
13.1931
13.1773
13.1612
13.145
13.1286
13.112
13.0951
13.0781
13.0608
13.0434
13.0257
13.0078
12.9898
12.9715
12.9531
12.9344
12.9156
12.8965
12.8773
12.8579
12.8382
12.8184
12.7984
12.7783
12.7579
12.7374
12.7167
12.6958
12.6747
12.6535
12.632
12.6105
12.5887
12.5668
12.5447
12.5225
12.5001
12.4776
12.4549
12.432
12.409
12.3859
12.3626
12.3392
12.3156
12.2919
12.2681
12.2441
12.22
12.1958
12.1715
12.147
12.1224
12.0977
12.0729
12.048
12.023
11.9979
11.9727
11.9474
11.922
11.8965
11.8709
11.8453
11.8195
11.7937
11.7678
11.7419
11.7159
11.6898
11.6636
11.6374
11.6112
11.5849
11.5586
11.5322
11.5058
11.4793
11.4528
11.4263
11.3998
11.3732
11.3467
11.3201
11.2935
11.2669
11.2403
11.2137
11.1871
11.1605
11.1339
11.1073
11.0808
11.0543
11.0277
11.0012
10.9748
10.9483
10.9219
10.8955
10.8692
10.8429
10.8166
10.7904
10.7641
10.738
10.7119
10.6858
10.6597
10.6337
10.6078
10.5818
10.556
10.5301
10.5043
10.4786
10.4528
10.4271
10.4015
10.3759
10.3503
10.3247
10.2992
10.2737
10.2482
10.2228
10.1973
10.1719
10.1465
10.121
10.0956
10.0702
10.0448
10.0194
9.99394
9.96848
9.94301
9.91751
9.89198
9.86641
9.84081
9.81516
9.78946
9.76371
9.7379
9.71203
9.68609
9.66008
9.63399
9.60783
9.58159
9.55526
9.52885
9.50233
9.47572
9.44901
9.42219
9.39526
9.36823
9.34108
9.31382
9.28646
9.25898
9.23139
9.20369
9.17587
9.14795
9.11992
9.09179
9.06356
9.03524
9.00682
8.97833
8.94976
8.92112
8.89243
8.86369
8.83491
8.8061
8.77728
8.74845
8.71962
8.6908
8.662
8.63323
8.60451
8.57584
8.54724
8.51871
8.49027
8.46192
8.43369
8.40557
8.37759
8.34975
8.32206
8.29454
8.26718
8.24002
8.21304
8.18626
8.15968
8.13332
8.10716
8.08123
8.05552
8.03003
8.00476
7.97972
7.9549
7.9303
7.90593
7.88176
7.85781
7.83405
7.81049
7.7871
7.7639
7.74082
7.7179
7.69508
7.6724
7.64974
7.62727
7.60473
7.58241
7.55998
7.53778
7.51547
7.49341
7.47141
7.44946
7.42747
7.40597
7.38476
7.3637
7.34259
7.32318
7.3024
7.28361
7.26485
7.24542
7.23039
7.21369
7.20077
7.18806
7.16825
7.16111
7.17136
7.16046
7.17374
7.18744
7.20744
7.23579
7.27238
7.31858
7.37833
7.45369
7.54746
7.66332
7.80547
7.97921
8.19066
8.44702
8.75684
9.1301
9.57832
10.1147
10.7539
11.5122
12.4068
13.4554
14.6756
16.0835
17.6934
19.5161
21.5586
23.8232
26.307
29.0024
31.8968
34.9737
38.213
41.5921
45.0864
48.6702
52.3177
56.0032
59.7019
63.39
67.0452
70.6471
74.1769
77.6176
80.9545
84.1744
87.266
90.2198
93.0275
95.6824
98.179
100.513
102.681
104.679
106.506
108.16
109.641
110.941
112.073
113.018
113.77
114.348
114.739
114.95
115.13
115.002
115.027
114.852
114.567
114.14
113.574
112.869
112.028
111.058
109.963
108.747
107.416
105.972
104.421
102.767
101.013
99.163
97.2212
95.1914
93.0776
90.8836
88.6137
86.2718
83.8625
81.3897
78.8585
76.2731
73.6392
70.9604
68.2456
65.4933
62.7281
59.9104
57.165
54.2113
51.7436
48.1988
13.1293
13.1128
13.0962
13.0794
13.0626
13.0456
13.0285
13.0113
12.994
12.9765
12.9589
12.9411
12.9232
12.9052
12.887
12.8687
12.8503
12.8317
12.813
12.7941
12.7751
12.756
12.7367
12.7173
12.6977
12.678
12.6581
12.6382
12.618
12.5978
12.5774
12.5568
12.5362
12.5154
12.4944
12.4734
12.4522
12.4308
12.4093
12.3878
12.366
12.3442
12.3222
12.3001
12.2779
12.2555
12.2331
12.2105
12.1878
12.1649
12.142
12.119
12.0958
12.0725
12.0491
12.0256
12.002
11.9783
11.9545
11.9306
11.9066
11.8825
11.8583
11.834
11.8096
11.7852
11.7606
11.7359
11.7112
11.6864
11.6615
11.6365
11.6115
11.5863
11.5611
11.5359
11.5105
11.4851
11.4596
11.4341
11.4085
11.3829
11.3572
11.3314
11.3056
11.2798
11.2539
11.2279
11.2019
11.1759
11.1499
11.1238
11.0977
11.0715
11.0453
11.0191
10.9929
10.9667
10.9404
10.9141
10.8879
10.8616
10.8352
10.8089
10.7826
10.7563
10.73
10.7036
10.6773
10.651
10.6247
10.5984
10.572
10.5458
10.5195
10.4932
10.4669
10.4407
10.4144
10.3882
10.362
10.3358
10.3096
10.2835
10.2573
10.2312
10.2051
10.179
10.1529
10.1268
10.1007
10.0747
10.0487
10.0226
9.99662
9.97061
9.94461
9.91862
9.89263
9.86665
9.84067
9.81469
9.78871
9.76273
9.73674
9.71074
9.68473
9.65872
9.63269
9.60665
9.58059
9.55452
9.52842
9.5023
9.47616
9.44999
9.42379
9.39756
9.37131
9.34502
9.3187
9.29235
9.26597
9.23954
9.21308
9.18659
9.16005
9.13348
9.10686
9.08022
9.05354
9.02682
9.00008
8.9733
8.94649
8.91966
8.89281
8.86594
8.83906
8.81216
8.78526
8.75836
8.73147
8.70458
8.67771
8.65087
8.62406
8.59729
8.57056
8.54388
8.51727
8.49072
8.46424
8.43784
8.41153
8.38532
8.35921
8.33321
8.30732
8.28155
8.25591
8.23041
8.20504
8.17982
8.15475
8.12983
8.10507
8.08047
8.05604
8.03177
8.00767
7.98373
7.95996
7.93635
7.91291
7.88963
7.8665
7.84352
7.82069
7.798
7.77543
7.75298
7.73064
7.7084
7.68623
7.66413
7.64208
7.62006
7.59807
7.57609
7.55409
7.5321
7.51004
7.48798
7.46583
7.44367
7.42141
7.39912
7.37678
7.35439
7.33191
7.30941
7.28697
7.26455
7.24196
7.21991
7.19734
7.17539
7.15361
7.13154
7.11113
7.08962
7.07026
7.05017
7.031
7.01309
7.00144
6.98165
6.97071
6.95316
6.9551
6.96077
6.96754
6.97725
6.99775
7.02615
7.06462
7.11502
7.17953
7.26168
7.36452
7.49184
7.64842
7.8398
8.07241
8.3539
8.69315
9.10025
9.58662
10.1649
10.8488
11.6528
12.5913
13.6788
14.9282
16.3505
17.954
19.7434
21.7195
23.8791
26.2145
28.7144
31.364
34.1458
37.04
40.0256
43.0806
46.183
49.3108
52.4428
55.559
58.6404
61.6697
64.631
67.5101
70.2942
72.9722
75.5344
77.9723
80.2789
82.4482
84.4752
86.3557
88.0857
89.6645
91.0852
92.3519
93.4575
94.3951
95.176
95.7803
96.2233
96.5679
96.6185
96.6844
96.6466
96.6178
96.4142
96.0796
95.6014
94.9865
94.2423
93.3743
92.3876
91.2868
90.0763
88.7603
87.3429
85.8282
84.2202
82.5232
80.7411
78.8782
76.9385
74.9268
72.8472
70.7046
68.5032
66.2488
63.9454
61.5995
59.2147
56.8006
54.3559
51.9052
49.411
46.9949
44.3824
42.2583
39.0915
13.007
12.9886
12.9701
12.9515
12.9329
12.9142
12.8955
12.8766
12.8577
12.8387
12.8196
12.8004
12.7811
12.7618
12.7423
12.7228
12.7031
12.6834
12.6635
12.6436
12.6236
12.6035
12.5833
12.5629
12.5425
12.522
12.5014
12.4807
12.4599
12.439
12.418
12.3969
12.3757
12.3544
12.333
12.3116
12.29
12.2683
12.2465
12.2246
12.2027
12.1806
12.1585
12.1362
12.1139
12.0914
12.0689
12.0463
12.0235
12.0007
11.9779
11.9549
11.9318
11.9086
11.8854
11.8621
11.8387
11.8152
11.7916
11.7679
11.7442
11.7204
11.6965
11.6725
11.6484
11.6243
11.6001
11.5758
11.5515
11.527
11.5026
11.478
11.4534
11.4287
11.4039
11.3791
11.3542
11.3293
11.3043
11.2792
11.2541
11.229
11.2038
11.1785
11.1532
11.1278
11.1024
11.0769
11.0514
11.0258
11.0002
10.9746
10.9489
10.9232
10.8975
10.8717
10.8459
10.8201
10.7942
10.7683
10.7424
10.7164
10.6905
10.6645
10.6385
10.6124
10.5864
10.5603
10.5343
10.5082
10.4821
10.456
10.4299
10.4038
10.3776
10.3515
10.3254
10.2992
10.2731
10.2469
10.2208
10.1946
10.1685
10.1423
10.1162
10.0901
10.0639
10.0378
10.0117
9.98556
9.95944
9.93332
9.90722
9.88111
9.85502
9.82892
9.80283
9.77675
9.75067
9.7246
9.69853
9.67247
9.64641
9.62035
9.59429
9.56824
9.54219
9.51614
9.49009
9.46405
9.43801
9.41196
9.38592
9.35988
9.33384
9.30779
9.28174
9.2557
9.22965
9.20361
9.17756
9.15151
9.12547
9.09942
9.07338
9.04734
9.0213
8.99526
8.96923
8.94321
8.9172
8.89119
8.8652
8.83923
8.81327
8.78734
8.76142
8.73554
8.70968
8.68386
8.65808
8.63234
8.60664
8.58099
8.5554
8.52987
8.5044
8.479
8.45368
8.42844
8.40328
8.37821
8.35323
8.32836
8.30359
8.27892
8.25437
8.22994
8.20562
8.18144
8.15737
8.13344
8.10964
8.08598
8.06245
8.03907
8.01582
7.99271
7.96974
7.94691
7.92421
7.90166
7.87923
7.85693
7.83475
7.81269
7.79074
7.7689
7.74715
7.72549
7.70391
7.68239
7.66092
7.63948
7.61807
7.59667
7.57525
7.55382
7.53234
7.51082
7.48923
7.46756
7.4458
7.42393
7.40194
7.37983
7.35758
7.3352
7.31267
7.28999
7.26717
7.24418
7.22107
7.19785
7.1744
7.15101
7.12732
7.10369
7.08007
7.05619
7.03287
7.00894
6.98589
6.96242
6.93968
6.91702
6.89634
6.87422
6.85406
6.83519
6.81699
6.80443
6.79039
6.77187
6.7751
6.7756
6.78356
6.79641
6.81685
6.84902
6.89215
6.94848
7.02109
7.11273
7.22665
7.36736
7.53984
7.74973
8.00368
8.30927
8.6751
9.11068
9.62645
10.2336
10.9437
11.7684
12.7188
13.8048
15.0347
16.4145
17.947
19.6323
21.4668
23.4436
25.5527
27.7816
30.1152
32.5371
35.0296
37.5741
40.1523
42.7458
45.337
47.909
50.4462
52.9339
55.3589
57.7089
59.9735
62.1429
64.2091
66.1644
68.003
69.7189
71.3089
72.7669
74.0919
75.2797
76.3246
77.231
77.9875
78.5985
79.0867
79.4099
79.6138
79.6589
79.6867
79.6646
79.548
79.2697
78.8554
78.3153
77.656
76.8823
75.9989
75.0102
73.9205
72.7337
71.4542
70.0859
68.6334
67.1006
65.492
63.8121
62.0657
60.2571
58.3918
56.4737
54.5096
52.5031
50.4616
48.388
46.2931
44.1763
42.0588
39.9143
37.8378
35.6165
33.7979
31.148
12.9326
12.9128
12.8929
12.8729
12.8529
12.8329
12.8128
12.7927
12.7725
12.7523
12.7319
12.7116
12.6912
12.6707
12.6501
12.6295
12.6088
12.5881
12.5673
12.5464
12.5255
12.5044
12.4834
12.4622
12.441
12.4197
12.3984
12.3769
12.3554
12.3339
12.3122
12.2905
12.2687
12.2469
12.225
12.203
12.1809
12.1588
12.1366
12.1143
12.0919
12.0695
12.047
12.0244
12.0018
11.9791
11.9563
11.9335
11.9106
11.8876
11.8645
11.8414
11.8182
11.795
11.7716
11.7482
11.7248
11.7013
11.6777
11.654
11.6303
11.6065
11.5827
11.5588
11.5348
11.5108
11.4867
11.4626
11.4384
11.4141
11.3898
11.3654
11.341
11.3165
11.2919
11.2674
11.2427
11.218
11.1933
11.1685
11.1436
11.1187
11.0938
11.0688
11.0437
11.0187
10.9935
10.9684
10.9432
10.9179
10.8926
10.8673
10.842
10.8166
10.7911
10.7657
10.7402
10.7146
10.6891
10.6635
10.6379
10.6122
10.5865
10.5609
10.5351
10.5094
10.4836
10.4578
10.432
10.4062
10.3804
10.3545
10.3286
10.3028
10.2769
10.2509
10.225
10.1991
10.1731
10.1472
10.1212
10.0953
10.0693
10.0433
10.0173
9.99135
9.96536
9.93937
9.91338
9.88739
9.8614
9.83541
9.80942
9.78343
9.75744
9.73146
9.70548
9.6795
9.65353
9.62757
9.6016
9.57565
9.5497
9.52375
9.49782
9.47189
9.44596
9.42005
9.39414
9.36825
9.34236
9.31649
9.29062
9.26477
9.23893
9.2131
9.18729
9.16148
9.1357
9.10993
9.08418
9.05844
9.03273
9.00703
8.98136
8.95571
8.93009
8.90449
8.87892
8.85338
8.82787
8.8024
8.77697
8.75157
8.72622
8.70091
8.67565
8.65044
8.62528
8.60018
8.57514
8.55017
8.52526
8.50043
8.47567
8.45099
8.42639
8.40187
8.37745
8.35312
8.32889
8.30476
8.28073
8.25681
8.233
8.20931
8.18573
8.16227
8.13893
8.11572
8.09263
8.06966
8.04682
8.02411
8.00153
7.97907
7.95674
7.93453
7.91245
7.89049
7.86865
7.84691
7.82529
7.80378
7.78236
7.76103
7.73979
7.71862
7.69752
7.67648
7.65548
7.63451
7.61356
7.59261
7.57166
7.55067
7.52965
7.50857
7.48742
7.46618
7.44484
7.42339
7.4018
7.38008
7.35819
7.33614
7.31391
7.29149
7.26888
7.24606
7.22304
7.19979
7.17634
7.15267
7.12876
7.10468
7.08034
7.05583
7.03118
7.00624
6.98141
6.95614
6.93114
6.9058
6.88074
6.85556
6.83091
6.80621
6.7818
6.75853
6.73503
6.71305
6.693
6.67045
6.65647
6.63709
6.62567
6.60879
6.60367
6.61309
6.62325
6.64097
6.66873
6.70646
6.75559
6.82009
6.90222
7.00503
7.13218
7.28813
7.47774
7.70653
7.98082
8.30771
8.69494
9.1508
9.68404
10.3036
11.0182
11.836
12.7643
13.8088
14.9734
16.2596
17.6665
19.1907
20.826
22.5639
24.394
26.3039
28.2801
30.3081
32.3729
34.4593
36.5526
38.6382
40.7025
42.7323
44.716
46.6422
48.5012
50.2837
51.9822
53.5888
55.0985
56.5044
57.8031
58.9896
60.0593
61.0111
61.8403
62.5442
63.1306
63.5919
63.9354
64.1602
64.3
64.3477
64.3523
64.2504
63.9999
63.6326
63.1541
62.5691
61.8819
61.0964
60.217
59.2474
58.1919
57.0545
55.8398
54.5517
53.195
51.7741
50.2944
48.7595
47.176
45.5469
43.8807
42.1793
40.4519
38.6996
36.9352
35.1581
33.3856
31.6065
29.8718
28.0875
26.4746
24.8715
12.8847
12.8637
12.8427
12.8217
12.8007
12.7796
12.7585
12.7374
12.7162
12.695
12.6737
12.6524
12.631
12.6096
12.5882
12.5667
12.5452
12.5236
12.502
12.4803
12.4585
12.4368
12.4149
12.3931
12.3711
12.3492
12.3271
12.3051
12.2829
12.2608
12.2385
12.2162
12.1939
12.1715
12.1491
12.1266
12.104
12.0814
12.0588
12.0361
12.0133
11.9905
11.9676
11.9447
11.9217
11.8987
11.8756
11.8525
11.8293
11.8061
11.7828
11.7595
11.7361
11.7126
11.6891
11.6656
11.642
11.6183
11.5946
11.5709
11.5471
11.5232
11.4993
11.4754
11.4514
11.4273
11.4033
11.3791
11.3549
11.3307
11.3064
11.2821
11.2577
11.2333
11.2088
11.1843
11.1598
11.1352
11.1106
11.0859
11.0612
11.0365
11.0117
10.9868
10.962
10.9371
10.9121
10.8871
10.8621
10.8371
10.812
10.7869
10.7617
10.7365
10.7113
10.6861
10.6608
10.6355
10.6101
10.5848
10.5594
10.534
10.5085
10.4831
10.4576
10.4321
10.4065
10.381
10.3554
10.3298
10.3042
10.2786
10.2529
10.2273
10.2016
10.1759
10.1502
10.1245
10.0988
10.073
10.0473
10.0215
9.99575
9.96998
9.9442
9.91841
9.89261
9.86682
9.84102
9.81521
9.78941
9.7636
9.7378
9.71199
9.68619
9.66038
9.63458
9.60879
9.58299
9.5572
9.53142
9.50565
9.47988
9.45412
9.42837
9.40263
9.3769
9.35117
9.32547
9.29978
9.2741
9.24844
9.22279
9.19717
9.17156
9.14597
9.12041
9.09486
9.06934
9.04384
9.01838
8.99294
8.96753
8.94215
8.91681
8.89149
8.86622
8.84098
8.81579
8.79064
8.76553
8.74048
8.71547
8.69052
8.66562
8.64078
8.616
8.59128
8.56663
8.54205
8.51755
8.49312
8.46876
8.44449
8.42031
8.39621
8.37221
8.3483
8.32449
8.30078
8.27717
8.25367
8.23027
8.20699
8.18382
8.16077
8.13783
8.11501
8.09231
8.06973
8.04727
8.02494
8.00272
7.98062
7.95865
7.93679
7.91505
7.89342
7.87191
7.8505
7.8292
7.808
7.78689
7.76587
7.74494
7.72407
7.70328
7.68254
7.66185
7.6412
7.62057
7.59995
7.57934
7.55871
7.53804
7.51734
7.49657
7.47573
7.4548
7.43376
7.4126
7.3913
7.36986
7.34825
7.32645
7.30447
7.28229
7.25989
7.23727
7.21441
7.19131
7.16795
7.14434
7.12046
7.09631
7.0719
7.04721
7.02225
6.99706
6.97156
6.94593
6.91993
6.89389
6.86752
6.84113
6.81457
6.788
6.76148
6.73486
6.70871
6.6826
6.65652
6.63218
6.60626
6.58409
6.56026
6.53889
6.51971
6.49899
6.4874
6.46726
6.46204
6.4667
6.47349
6.48446
6.5072
6.53907
6.58229
6.63874
6.71161
6.80315
6.9163
7.05474
7.22272
7.42477
7.66587
7.95161
8.28801
8.68136
9.13817
9.66497
10.268
10.9531
11.7249
12.5874
13.5426
14.5911
15.7315
16.9607
18.2733
19.6626
21.1198
22.6353
24.1982
25.7971
27.4198
29.0548
30.6898
32.3136
33.9147
35.4833
37.0089
38.4836
39.8979
41.246
42.5194
43.714
44.8228
45.8421
46.7667
47.5951
48.3204
48.9472
49.4708
49.8943
50.2211
50.4637
50.6329
50.7368
50.7522
50.6429
50.4149
50.089
49.6676
49.1543
48.5524
47.8663
47.0992
46.2554
45.3386
44.3537
43.3042
42.1951
41.0308
39.8166
38.5552
37.2549
35.9163
34.5515
33.1585
31.7494
30.3218
28.8925
27.4591
26.0375
24.6248
23.2378
21.89
20.523
19.5268
12.8523
12.8305
12.8087
12.7868
12.765
12.7431
12.7212
12.6992
12.6772
12.6552
12.6332
12.6111
12.589
12.5668
12.5447
12.5224
12.5002
12.4779
12.4556
12.4332
12.4108
12.3884
12.3659
12.3434
12.3209
12.2983
12.2757
12.253
12.2303
12.2076
12.1848
12.162
12.1391
12.1163
12.0933
12.0704
12.0474
12.0243
12.0012
11.9781
11.9549
11.9317
11.9085
11.8852
11.8619
11.8385
11.8151
11.7917
11.7682
11.7447
11.7211
11.6975
11.6739
11.6502
11.6265
11.6027
11.579
11.5551
11.5313
11.5073
11.4834
11.4594
11.4354
11.4113
11.3872
11.3631
11.3389
11.3147
11.2905
11.2662
11.2419
11.2175
11.1932
11.1687
11.1443
11.1198
11.0953
11.0707
11.0461
11.0215
10.9968
10.9722
10.9474
10.9227
10.8979
10.8731
10.8483
10.8234
10.7985
10.7735
10.7486
10.7236
10.6986
10.6735
10.6485
10.6234
10.5983
10.5731
10.548
10.5228
10.4975
10.4723
10.447
10.4218
10.3965
10.3711
10.3458
10.3204
10.2951
10.2697
10.2443
10.2188
10.1934
10.1679
10.1425
10.117
10.0915
10.066
10.0404
10.0149
9.98935
9.9638
9.93824
9.91267
9.88709
9.86151
9.83592
9.81033
9.78473
9.75914
9.73353
9.70793
9.68233
9.65673
9.63113
9.60553
9.57994
9.55434
9.52876
9.50318
9.4776
9.45203
9.42648
9.40093
9.37539
9.34986
9.32434
9.29884
9.27336
9.24789
9.22244
9.19701
9.1716
9.14621
9.12084
9.0955
9.07018
9.04489
9.01963
8.99439
8.96919
8.94403
8.9189
8.89381
8.86876
8.84375
8.81878
8.79386
8.76898
8.74416
8.71938
8.69467
8.67001
8.64541
8.62087
8.5964
8.572
8.54766
8.5234
8.49922
8.47511
8.45109
8.42715
8.4033
8.37953
8.35587
8.33229
8.30882
8.28544
8.26218
8.23901
8.21595
8.19301
8.17017
8.14745
8.12484
8.10235
8.07997
8.05771
8.03557
8.01354
7.99163
7.96984
7.94816
7.9266
7.90514
7.8838
7.86256
7.84143
7.8204
7.79946
7.77861
7.75785
7.73716
7.71655
7.696
7.6755
7.65505
7.63464
7.61425
7.59387
7.5735
7.55311
7.5327
7.51225
7.49174
7.47116
7.45049
7.42973
7.40885
7.38783
7.36667
7.34535
7.32385
7.30216
7.28027
7.25817
7.23584
7.21326
7.19044
7.16735
7.14399
7.12034
7.09641
7.07218
7.04765
7.02282
6.99768
6.97226
6.94651
6.92051
6.89417
6.86761
6.84073
6.81365
6.78635
6.75885
6.73128
6.70349
6.67578
6.6481
6.62018
6.5931
6.56531
6.53892
6.51229
6.48633
6.46191
6.43681
6.4145
6.39345
6.37279
6.35869
6.34425
6.32612
6.32879
6.33041
6.33981
6.35529
6.38225
6.41882
6.46673
6.52858
6.60709
6.70443
6.82326
6.96703
7.13935
7.34397
7.585
7.86689
8.19413
8.57129
9.00277
9.49277
10.045
10.6624
11.3473
12.1006
12.9222
13.8107
14.7631
15.7754
16.8419
17.9562
19.1106
20.2971
21.5064
22.7301
23.9581
25.1822
26.3923
27.5811
28.7387
29.8597
30.9342
31.9586
32.924
33.8276
34.661
35.425
36.1085
36.7182
37.2436
37.692
38.061
38.3602
38.6031
38.7901
38.9533
38.9392
38.8259
38.6281
38.3467
37.9862
37.5489
37.0395
36.4602
35.8159
35.1095
34.3459
33.5279
32.6607
31.7488
30.7952
29.8035
28.7832
27.7316
26.6666
25.5781
24.4843
23.3759
22.2777
21.1828
20.1099
19.0488
18.0171
17.0622
16.0182
15.3998
12.8312
12.8088
12.7864
12.7639
12.7415
12.719
12.6965
12.6739
12.6514
12.6288
12.6061
12.5835
12.5608
12.5381
12.5153
12.4926
12.4697
12.4469
12.424
12.4011
12.3782
12.3553
12.3323
12.3093
12.2862
12.2631
12.24
12.2169
12.1937
12.1705
12.1473
12.124
12.1007
12.0774
12.0541
12.0307
12.0073
11.9838
11.9604
11.9369
11.9133
11.8898
11.8662
11.8425
11.8189
11.7952
11.7715
11.7478
11.724
11.7002
11.6764
11.6525
11.6286
11.6047
11.5807
11.5568
11.5328
11.5087
11.4846
11.4606
11.4364
11.4123
11.3881
11.3639
11.3396
11.3154
11.2911
11.2668
11.2424
11.218
11.1936
11.1692
11.1447
11.1203
11.0957
11.0712
11.0466
11.0221
10.9974
10.9728
10.9481
10.9234
10.8987
10.874
10.8492
10.8244
10.7996
10.7748
10.7499
10.7251
10.7002
10.6752
10.6503
10.6253
10.6003
10.5753
10.5503
10.5252
10.5002
10.4751
10.45
10.4248
10.3997
10.3745
10.3494
10.3242
10.299
10.2737
10.2485
10.2232
10.198
10.1727
10.1474
10.1221
10.0968
10.0714
10.0461
10.0208
9.99539
9.97003
9.94465
9.91926
9.89387
9.86847
9.84307
9.81766
9.79225
9.76684
9.74142
9.716
9.69058
9.66516
9.63974
9.61432
9.5889
9.56349
9.53808
9.51268
9.48728
9.46188
9.4365
9.41112
9.38576
9.3604
9.33506
9.30973
9.28441
9.2591
9.23382
9.20855
9.18331
9.15808
9.13288
9.1077
9.08255
9.05743
9.03232
9.00725
8.98221
8.95721
8.93224
8.90731
8.88241
8.85756
8.83275
8.80798
8.78327
8.75859
8.73398
8.70941
8.6849
8.66045
8.63606
8.61173
8.58747
8.56328
8.53916
8.51511
8.49114
8.46725
8.44344
8.41971
8.39607
8.37252
8.34907
8.3257
8.30243
8.27927
8.2562
8.23324
8.21039
8.18764
8.165
8.14247
8.12005
8.09775
8.07556
8.05349
8.03153
8.00968
7.98794
7.96632
7.94482
7.92342
7.90213
7.88095
7.85987
7.8389
7.81802
7.79724
7.77654
7.75593
7.7354
7.71494
7.69454
7.6742
7.65391
7.63365
7.61343
7.59322
7.57303
7.55282
7.5326
7.51235
7.49205
7.47169
7.45126
7.43073
7.4101
7.38935
7.36847
7.34743
7.32623
7.30485
7.28328
7.26151
7.23951
7.21729
7.19481
7.17208
7.14907
7.12577
7.10219
7.0783
7.05411
7.02962
7.00481
6.97967
6.95422
6.92844
6.90234
6.87589
6.84914
6.82207
6.79472
6.7671
6.7392
6.71113
6.68282
6.65438
6.62586
6.59711
6.56859
6.53979
6.51136
6.483
6.45475
6.42726
6.3997
6.37297
6.34757
6.32228
6.29861
6.27752
6.25411
6.23978
6.22081
6.20991
6.19453
6.19974
6.20413
6.21467
6.23375
6.26331
6.30244
6.35266
6.41703
6.49736
6.5954
6.71366
6.85488
7.02176
7.21713
7.44393
7.70518
8.00384
8.34279
8.72448
9.15119
9.62445
10.1455
10.7143
11.3307
11.9928
12.6987
13.4445
14.2267
15.0398
15.8788
16.7367
17.6082
18.4851
19.3624
20.231
21.0869
21.9205
22.729
23.5027
24.2403
24.9315
25.5785
26.1678
26.7077
27.1834
27.6053
27.9657
28.2715
28.5402
28.7501
29.0214
29.0967
29.0918
28.9976
28.8297
28.597
28.3012
27.9478
27.5374
27.0756
26.5638
26.007
25.4066
24.7677
24.0947
23.3855
22.6497
21.8955
21.1159
20.3372
19.5358
18.742
17.9316
17.1479
16.3778
15.6381
14.9026
14.2195
13.5932
13.0519
12.6074
12.8176
12.7949
12.772
12.7492
12.7263
12.7035
12.6805
12.6576
12.6346
12.6116
12.5886
12.5655
12.5424
12.5193
12.4962
12.473
12.4498
12.4265
12.4033
12.38
12.3567
12.3333
12.31
12.2866
12.2631
12.2397
12.2162
12.1927
12.1692
12.1456
12.122
12.0984
12.0748
12.0511
12.0274
12.0037
11.98
11.9562
11.9324
11.9086
11.8848
11.8609
11.837
11.8131
11.7892
11.7652
11.7412
11.7172
11.6932
11.6692
11.6451
11.621
11.5969
11.5727
11.5485
11.5244
11.5001
11.4759
11.4516
11.4274
11.403
11.3787
11.3544
11.33
11.3056
11.2812
11.2568
11.2323
11.2078
11.1833
11.1588
11.1343
11.1097
11.0851
11.0605
11.0359
11.0112
10.9866
10.9619
10.9372
10.9125
10.8877
10.863
10.8382
10.8134
10.7886
10.7638
10.7389
10.714
10.6892
10.6643
10.6393
10.6144
10.5894
10.5645
10.5395
10.5145
10.4895
10.4645
10.4394
10.4143
10.3893
10.3642
10.3391
10.314
10.2889
10.2637
10.2386
10.2134
10.1882
10.1631
10.1379
10.1127
10.0875
10.0622
10.037
10.0118
9.98653
9.96129
9.93603
9.91077
9.8855
9.86023
9.83495
9.80967
9.78439
9.75911
9.73382
9.70854
9.68325
9.65797
9.63268
9.6074
9.58212
9.55685
9.53158
9.50631
9.48105
9.4558
9.43056
9.40532
9.3801
9.35488
9.32968
9.30449
9.27932
9.25416
9.22902
9.20389
9.17879
9.1537
9.12864
9.10361
9.0786
9.05361
9.02866
9.00373
8.97883
8.95396
8.92914
8.90435
8.87959
8.85488
8.83021
8.80559
8.78101
8.75648
8.732
8.70757
8.6832
8.65888
8.63463
8.61044
8.58631
8.56225
8.53826
8.51435
8.49051
8.46674
8.44306
8.41946
8.39594
8.37251
8.34917
8.32592
8.30277
8.27972
8.25676
8.23391
8.21116
8.18852
8.16598
8.14355
8.12123
8.09903
8.07693
8.05495
8.03307
8.01131
7.98966
7.96813
7.9467
7.92539
7.90418
7.88308
7.86208
7.84118
7.82039
7.79969
7.77907
7.75855
7.7381
7.71773
7.69743
7.67718
7.65699
7.63685
7.61674
7.59666
7.57659
7.55653
7.53646
7.51638
7.49626
7.4761
7.45587
7.43556
7.41517
7.39466
7.37404
7.35328
7.33238
7.31132
7.29009
7.26866
7.24704
7.22519
7.20312
7.18077
7.15817
7.13528
7.11212
7.08867
7.06493
7.04089
7.01654
6.99187
6.96688
6.94155
6.91589
6.8899
6.86359
6.83696
6.81
6.78272
6.75515
6.72729
6.69919
6.67082
6.64224
6.61346
6.58447
6.55541
6.52617
6.49693
6.46772
6.43844
6.40947
6.38048
6.35184
6.32372
6.29601
6.26849
6.24296
6.21624
6.19341
6.1691
6.14836
6.12765
6.11404
6.09823
6.07936
6.0741
6.08053
6.08508
6.09648
6.11826
6.14732
6.18619
6.23633
6.29941
6.37659
6.46954
6.58001
6.70975
6.86073
7.03489
7.23395
7.45976
7.71385
7.9978
8.31251
8.65894
9.0371
9.44708
9.88774
10.3582
10.8558
11.3787
11.923
12.4861
13.0628
13.6504
14.2422
14.836
15.4239
16.0045
16.5693
17.1175
17.6401
18.1383
18.6012
19.0333
19.4244
19.7783
20.0929
20.3641
20.6207
20.8118
21.0882
21.2014
21.3856
21.3377
21.2494
21.1177
20.9381
20.7173
20.4552
20.1555
19.8169
19.4451
19.0388
18.6048
18.1438
17.6493
17.1488
16.6349
16.1005
15.5818
15.0392
14.5193
13.967
13.4839
13.0378
12.6418
12.2767
11.9632
11.6688
11.614
11.5475
12.8087
12.7857
12.7626
12.7396
12.7164
12.6933
12.6701
12.6469
12.6237
12.6004
12.5771
12.5538
12.5304
12.5071
12.4836
12.4602
12.4367
12.4132
12.3897
12.3662
12.3426
12.319
12.2954
12.2717
12.248
12.2243
12.2006
12.1768
12.153
12.1292
12.1054
12.0815
12.0576
12.0337
12.0098
11.9858
11.9619
11.9379
11.9138
11.8898
11.8657
11.8416
11.8175
11.7934
11.7692
11.7451
11.7209
11.6967
11.6724
11.6482
11.6239
11.5996
11.5753
11.551
11.5266
11.5022
11.4778
11.4534
11.429
11.4046
11.3801
11.3556
11.3311
11.3066
11.282
11.2575
11.2329
11.2083
11.1837
11.1591
11.1345
11.1098
11.0851
11.0604
11.0357
11.011
10.9863
10.9615
10.9368
10.912
10.8872
10.8624
10.8375
10.8127
10.7878
10.763
10.7381
10.7132
10.6883
10.6634
10.6384
10.6135
10.5885
10.5635
10.5386
10.5136
10.4885
10.4635
10.4385
10.4134
10.3884
10.3633
10.3383
10.3132
10.2881
10.263
10.2379
10.2127
10.1876
10.1625
10.1373
10.1122
10.087
10.0619
10.0367
10.0115
9.98634
9.96116
9.93597
9.91078
9.88558
9.86038
9.83518
9.80998
9.78477
9.75957
9.73436
9.70916
9.68395
9.65875
9.63356
9.60836
9.58317
9.55798
9.5328
9.50762
9.48246
9.4573
9.43214
9.407
9.38187
9.35675
9.33164
9.30655
9.28147
9.2564
9.23135
9.20632
9.18131
9.15632
9.13135
9.10641
9.08149
9.0566
9.03173
9.0069
8.98209
8.95731
8.93257
8.90787
8.8832
8.85858
8.83399
8.80946
8.78496
8.76051
8.73611
8.71177
8.68747
8.66324
8.63906
8.61494
8.59088
8.5669
8.54298
8.51913
8.49535
8.47166
8.44803
8.4245
8.40103
8.37766
8.35437
8.33118
8.30807
8.28506
8.26215
8.23934
8.21663
8.19403
8.17153
8.14913
8.12685
8.10467
8.08261
8.06065
8.03881
8.01707
7.99545
7.97394
7.95254
7.93125
7.91007
7.88899
7.86803
7.84716
7.8264
7.80574
7.78517
7.76469
7.74429
7.72397
7.70372
7.68354
7.66342
7.64336
7.62334
7.60336
7.58341
7.56347
7.54354
7.52361
7.50367
7.48369
7.46365
7.44355
7.42337
7.40311
7.38275
7.36228
7.34169
7.32097
7.30009
7.27904
7.25781
7.23638
7.21474
7.19287
7.17077
7.14844
7.12583
7.10296
7.07984
7.05642
7.0327
7.00867
6.98432
6.95963
6.93462
6.90926
6.88356
6.85753
6.83116
6.80446
6.77743
6.75008
6.72244
6.6945
6.66625
6.63774
6.60899
6.58001
6.55086
6.52153
6.49208
6.46258
6.43296
6.40345
6.3739
6.3445
6.31525
6.28637
6.25741
6.22949
6.20111
6.17444
6.14736
6.12219
6.09692
6.07483
6.05204
6.03123
6.01278
5.99976
5.98488
5.96772
5.97033
5.96786
5.97403
5.98842
6.008
6.03589
6.07298
6.11917
6.17573
6.24414
6.32537
6.42057
6.53107
6.6578
6.80189
6.96412
7.14549
7.34643
7.5676
7.80884
8.07034
8.3511
8.65051
8.96687
9.29952
9.64555
10.0041
10.371
10.7454
11.1223
11.5008
11.8753
12.2448
12.6038
12.9511
13.2819
13.5937
13.8861
14.1523
14.4002
14.6136
14.8314
14.9862
15.2197
15.3358
15.5734
15.59
15.59
15.5408
15.4577
15.3527
15.2226
15.0594
14.8626
14.6432
14.3952
14.1325
13.8424
13.53
13.2475
12.9371
12.6087
12.3188
12.0319
11.7767
11.4911
11.3118
11.1792
11.0529
11.0649
11.0826
11.1334
11.1489
11.3954
12.8024
12.7793
12.7561
12.7328
12.7095
12.6862
12.6629
12.6395
12.6162
12.5927
12.5693
12.5458
12.5223
12.4987
12.4752
12.4516
12.4279
12.4043
12.3806
12.3569
12.3331
12.3094
12.2856
12.2618
12.2379
12.214
12.1901
12.1662
12.1423
12.1183
12.0943
12.0703
12.0462
12.0222
11.9981
11.974
11.9498
11.9257
11.9015
11.8773
11.8531
11.8288
11.8046
11.7803
11.756
11.7317
11.7073
11.6829
11.6586
11.6342
11.6097
11.5853
11.5609
11.5364
11.5119
11.4874
11.4629
11.4383
11.4138
11.3892
11.3646
11.34
11.3154
11.2907
11.2661
11.2414
11.2167
11.192
11.1673
11.1426
11.1178
11.0931
11.0683
11.0435
11.0187
10.9939
10.9691
10.9443
10.9194
10.8945
10.8697
10.8448
10.8199
10.795
10.7701
10.7451
10.7202
10.6952
10.6703
10.6453
10.6203
10.5953
10.5703
10.5453
10.5203
10.4952
10.4702
10.4451
10.4201
10.395
10.3699
10.3448
10.3197
10.2946
10.2695
10.2444
10.2193
10.1942
10.1691
10.1439
10.1188
10.0936
10.0685
10.0433
10.0182
9.99302
9.96786
9.94269
9.91752
9.89235
9.86718
9.84201
9.81684
9.79166
9.7665
9.74132
9.71616
9.69099
9.66583
9.64067
9.61552
9.59037
9.56523
9.54009
9.51496
9.48983
9.46472
9.43961
9.41452
9.38943
9.36436
9.3393
9.31426
9.28922
9.26421
9.23921
9.21423
9.18926
9.16432
9.1394
9.11451
9.08963
9.06479
9.03997
9.01518
8.99042
8.96569
8.94099
8.91634
8.89171
8.86713
8.84258
8.81808
8.79362
8.76921
8.74484
8.72053
8.69627
8.67207
8.64791
8.62383
8.59979
8.57583
8.55193
8.52811
8.50435
8.48067
8.45706
8.43354
8.41008
8.38672
8.36344
8.34025
8.31715
8.29414
8.27123
8.24842
8.2257
8.2031
8.18059
8.1582
8.1359
8.11372
8.09165
8.06968
8.04783
8.02608
8.00445
7.98293
7.96153
7.94023
7.91905
7.89798
7.87702
7.85617
7.83543
7.81479
7.79425
7.77379
7.75343
7.73314
7.71293
7.6928
7.67274
7.65276
7.63283
7.61295
7.59312
7.57332
7.55354
7.53378
7.51401
7.49423
7.47442
7.45459
7.43472
7.41478
7.39478
7.3747
7.35452
7.33423
7.3138
7.29323
7.27248
7.25156
7.23045
7.20913
7.1876
7.16583
7.14382
7.12155
7.09904
7.07621
7.05308
7.02963
7.00587
6.98179
6.95738
6.93265
6.90757
6.88217
6.85643
6.83035
6.80394
6.77721
6.75014
6.72281
6.69519
6.66727
6.63907
6.61061
6.58191
6.55299
6.52388
6.4946
6.46519
6.43565
6.40608
6.37643
6.34684
6.31721
6.28784
6.25835
6.2295
6.20048
6.17238
6.14415
6.11708
6.08994
6.06444
6.03895
6.01491
5.99171
5.97063
5.94992
5.92966
5.91448
5.90186
5.88084
5.87295
5.86803
5.87181
5.88133
5.89204
5.90985
5.93471
5.96634
6.0056
6.05324
6.10972
6.17576
6.2519
6.33894
6.43727
6.54745
6.66953
6.80384
6.95016
7.109
7.27943
7.46138
7.6534
7.85535
8.0651
8.2824
8.50458
8.73107
8.95914
9.18747
9.41388
9.63562
9.85268
10.0589
10.2591
10.443
10.6215
10.7763
10.9415
11.0639
11.2329
11.3432
11.529
11.5935
11.7193
11.7206
11.7558
11.758
11.7333
11.6436
11.5285
11.4206
11.2894
11.1641
11.0158
10.8807
10.7892
10.683
10.546
10.4961
10.43
10.3723
10.3783
10.4605
10.4668
10.5671
10.7118
10.9074
11.3704
11.7457
12.7549
12.7976
12.7743
12.751
12.7277
12.7043
12.6809
12.6575
12.634
12.6106
12.587
12.5635
12.5399
12.5163
12.4927
12.469
12.4453
12.4216
12.3978
12.3741
12.3502
12.3264
12.3025
12.2787
12.2547
12.2308
12.2068
12.1828
12.1588
12.1348
12.1107
12.0866
12.0625
12.0383
12.0142
11.99
11.9658
11.9416
11.9173
11.893
11.8687
11.8444
11.8201
11.7957
11.7713
11.7469
11.7225
11.6981
11.6736
11.6491
11.6247
11.6001
11.5756
11.5511
11.5265
11.5019
11.4773
11.4527
11.4281
11.4034
11.3788
11.3541
11.3294
11.3047
11.28
11.2552
11.2305
11.2057
11.1809
11.1562
11.1313
11.1065
11.0817
11.0569
11.032
11.0071
10.9822
10.9574
10.9324
10.9075
10.8826
10.8577
10.8327
10.8078
10.7828
10.7578
10.7328
10.7078
10.6828
10.6578
10.6328
10.6077
10.5827
10.5576
10.5326
10.5075
10.4824
10.4573
10.4323
10.4072
10.3821
10.357
10.3318
10.3067
10.2816
10.2565
10.2313
10.2062
10.181
10.1559
10.1307
10.1056
10.0804
10.0552
10.0301
10.0049
9.97975
9.95458
9.92941
9.90423
9.87907
9.85389
9.82872
9.80355
9.77839
9.75322
9.72806
9.70289
9.67774
9.65259
9.62745
9.6023
9.57717
9.55204
9.52692
9.50181
9.47671
9.45161
9.42653
9.40145
9.3764
9.35135
9.32632
9.3013
9.2763
9.25131
9.22635
9.2014
9.17647
9.15156
9.12668
9.10182
9.07699
9.05218
9.0274
9.00265
8.97793
8.95324
8.92859
8.90397
8.8794
8.85485
8.83036
8.8059
8.78149
8.75713
8.73282
8.70855
8.68435
8.6602
8.6361
8.61207
8.5881
8.56419
8.54035
8.51658
8.49288
8.46926
8.44572
8.42225
8.39887
8.37557
8.35236
8.32923
8.30621
8.28327
8.26044
8.2377
8.21507
8.19254
8.17012
8.14781
8.12561
8.10351
8.08152
8.05963
8.03787
8.01621
7.99468
7.97326
7.95196
7.93078
7.90972
7.88878
7.86794
7.84722
7.82661
7.80611
7.78571
7.76541
7.74522
7.72513
7.70512
7.68521
7.66539
7.64564
7.62595
7.60632
7.58673
7.56718
7.54766
7.52815
7.50866
7.48915
7.46963
7.45008
7.43049
7.41085
7.39114
7.37132
7.35139
7.33134
7.31115
7.29082
7.27033
7.24967
7.22883
7.20779
7.18654
7.16507
7.14337
7.1214
7.09923
7.0768
7.0541
7.03111
7.00782
6.98424
6.96034
6.93613
6.9116
6.88674
6.86156
6.83604
6.81021
6.78404
6.75756
6.73077
6.70368
6.6763
6.64864
6.62072
6.59255
6.56415
6.53554
6.50674
6.4778
6.44871
6.41954
6.39027
6.36099
6.33166
6.30244
6.27318
6.2442
6.21519
6.18664
6.15811
6.13021
6.10238
6.0754
6.04861
6.02273
5.99735
5.97295
5.94953
5.92686
5.90614
5.88707
5.86706
5.85139
5.83855
5.82453
5.8175
5.80399
5.80465
5.80717
5.81293
5.82384
5.83952
5.85987
5.88532
5.91631
5.95338
5.99687
6.04717
6.10425
6.16837
6.23947
6.31789
6.40332
6.496
6.59527
6.70129
6.81309
6.93065
7.05288
7.17937
7.3092
7.44119
7.57502
7.7082
7.8419
7.97153
8.10058
8.22282
8.34442
8.45543
8.57252
8.67304
8.79034
8.8918
9.01546
9.10527
9.1982
9.25788
9.3144
9.35661
9.39262
9.42851
9.43531
9.48425
9.4687
9.49062
9.50615
9.50676
9.61859
9.63361
9.70832
9.79677
9.85263
9.93406
10.1474
10.3296
10.7282
11.0475
11.7314
12.2341
13.3607
14.1113
16.0559
12.7936
12.7703
12.7469
12.7235
12.7001
12.6766
12.6531
12.6296
12.6061
12.5825
12.5589
12.5352
12.5116
12.4879
12.4642
12.4404
12.4166
12.3928
12.369
12.3451
12.3212
12.2973
12.2733
12.2494
12.2254
12.2014
12.1773
12.1532
12.1291
12.105
12.0809
12.0567
12.0325
12.0083
11.984
11.9598
11.9355
11.9112
11.8869
11.8625
11.8381
11.8137
11.7893
11.7649
11.7404
11.716
11.6915
11.667
11.6424
11.6179
11.5933
11.5688
11.5442
11.5195
11.4949
11.4703
11.4456
11.4209
11.3962
11.3715
11.3468
11.322
11.2973
11.2725
11.2477
11.2229
11.1981
11.1733
11.1484
11.1236
11.0987
11.0738
11.0489
11.024
10.9991
10.9742
10.9492
10.9243
10.8993
10.8743
10.8494
10.8244
10.7994
10.7743
10.7493
10.7243
10.6992
10.6742
10.6491
10.6241
10.599
10.5739
10.5488
10.5237
10.4986
10.4735
10.4484
10.4233
10.3982
10.373
10.3479
10.3227
10.2976
10.2724
10.2473
10.2221
10.1969
10.1718
10.1466
10.1214
10.0962
10.0711
10.0459
10.0207
9.9955
9.97031
9.94513
9.91994
9.89475
9.86957
9.84438
9.8192
9.79402
9.76884
9.74367
9.7185
9.69333
9.66817
9.64301
9.61786
9.59271
9.56758
9.54245
9.51733
9.49221
9.46711
9.44202
9.41694
9.39187
9.36682
9.34178
9.31675
9.29174
9.26675
9.24177
9.21682
9.19188
9.16697
9.14207
9.11721
9.09236
9.06754
9.04275
9.01799
8.99326
8.96856
8.94389
8.91927
8.89467
8.87012
8.84561
8.82114
8.79671
8.77234
8.74801
8.72373
8.6995
8.67534
8.65122
8.62717
8.60318
8.57925
8.55538
8.53159
8.50786
8.48421
8.46063
8.43714
8.41373
8.39041
8.36717
8.34404
8.32098
8.29803
8.27518
8.25243
8.22977
8.20723
8.18479
8.16247
8.14025
8.11816
8.09618
8.07433
8.05259
8.03099
8.0095
7.98815
7.96692
7.94581
7.92482
7.90396
7.88321
7.86259
7.84208
7.82168
7.8014
7.78123
7.76117
7.74122
7.72136
7.70161
7.68193
7.66232
7.64278
7.62329
7.60386
7.58447
7.56513
7.54582
7.52653
7.50726
7.48799
7.46871
7.44941
7.43008
7.4107
7.39128
7.3718
7.35225
7.33259
7.31284
7.29295
7.27294
7.25277
7.23244
7.21193
7.19123
7.17032
7.1492
7.12785
7.10626
7.08443
7.06234
7.03998
7.01734
6.99441
6.9712
6.94768
6.92385
6.89972
6.87527
6.85051
6.82544
6.80005
6.77436
6.74836
6.72207
6.6955
6.66865
6.64155
6.6142
6.58663
6.55885
6.53089
6.50277
6.47452
6.44616
6.41771
6.38922
6.36068
6.33219
6.30369
6.27534
6.24703
6.21898
6.19104
6.16348
6.13609
6.10922
6.0826
6.05662
6.0311
6.00626
5.98215
5.95872
5.93631
5.91492
5.89407
5.87487
5.85761
5.84035
5.82556
5.81147
5.80185
5.79138
5.78131
5.78161
5.78452
5.78958
5.79759
5.80902
5.82402
5.84233
5.86409
5.88956
5.91912
5.95274
5.99069
6.03294
6.07984
6.13122
6.18732
6.24776
6.31267
6.38175
6.4548
6.53174
6.61179
6.69525
6.78056
6.86861
6.95709
7.04747
7.13725
7.22871
7.31826
7.41191
7.50289
7.60077
7.69842
7.80444
7.90415
8.00722
8.09882
8.19506
8.27968
8.37907
8.46368
8.57499
8.66196
8.77846
8.85878
9.00471
9.10666
9.30511
9.43935
9.71398
9.9087
10.3056
10.5844
11.1783
11.5919
12.4762
13.0868
14.3996
15.2929
17.2533
18.487
21.5952
12.7903
12.7669
12.7434
12.72
12.6965
12.673
12.6495
12.6259
12.6023
12.5787
12.555
12.5314
12.5076
12.4839
12.4601
12.4363
12.4125
12.3887
12.3648
12.3409
12.317
12.293
12.269
12.245
12.221
12.1969
12.1729
12.1488
12.1246
12.1005
12.0763
12.0521
12.0279
12.0036
11.9793
11.9551
11.9307
11.9064
11.882
11.8577
11.8333
11.8088
11.7844
11.7599
11.7355
11.711
11.6864
11.6619
11.6374
11.6128
11.5882
11.5636
11.539
11.5143
11.4896
11.465
11.4403
11.4156
11.3908
11.3661
11.3413
11.3166
11.2918
11.267
11.2422
11.2173
11.1925
11.1676
11.1428
11.1179
11.093
11.0681
11.0432
11.0182
10.9933
10.9683
10.9434
10.9184
10.8934
10.8684
10.8434
10.8184
10.7933
10.7683
10.7432
10.7182
10.6931
10.668
10.643
10.6179
10.5928
10.5676
10.5425
10.5174
10.4923
10.4671
10.442
10.4169
10.3917
10.3665
10.3414
10.3162
10.291
10.2659
10.2407
10.2155
10.1903
10.1651
10.1399
10.1147
10.0895
10.0643
10.0391
10.0139
9.98871
9.96351
9.93831
9.9131
9.8879
9.86269
9.8375
9.8123
9.78711
9.76191
9.73672
9.71154
9.68636
9.66118
9.63602
9.61085
9.5857
9.56055
9.53542
9.51029
9.48517
9.46006
9.43497
9.40988
9.38482
9.35976
9.33472
9.30969
9.28469
9.25969
9.23473
9.20977
9.18484
9.15993
9.13504
9.11017
9.08534
9.06053
9.03575
9.011
8.98629
8.9616
8.93696
8.91235
8.88778
8.86325
8.83877
8.81433
8.78994
8.7656
8.74131
8.71707
8.69289
8.66876
8.6447
8.62069
8.59676
8.57289
8.5491
8.52538
8.50175
8.47819
8.45472
8.43134
8.40805
8.38484
8.36174
8.33872
8.3158
8.29298
8.27027
8.24766
8.22517
8.20277
8.18051
8.15834
8.13631
8.11439
8.0926
8.07092
8.04938
8.02795
8.00664
7.98544
7.96437
7.94342
7.9226
7.9019
7.88133
7.86087
7.84055
7.82034
7.80025
7.78028
7.76043
7.74068
7.72105
7.70152
7.68208
7.66275
7.64351
7.62436
7.60528
7.58627
7.56733
7.54843
7.52957
7.51075
7.49195
7.47315
7.45436
7.43555
7.41671
7.39784
7.37891
7.35993
7.34086
7.3217
7.30244
7.28307
7.26356
7.24391
7.2241
7.20412
7.18396
7.1636
7.14304
7.12227
7.10126
7.08002
7.05853
7.03679
7.01477
6.99249
6.96992
6.94708
6.92394
6.90051
6.87678
6.85277
6.82846
6.80386
6.77898
6.75383
6.72841
6.70274
6.67683
6.6507
6.62435
6.59782
6.57114
6.54432
6.51738
6.49035
6.46324
6.43611
6.40895
6.38182
6.3547
6.32771
6.30083
6.27411
6.24765
6.22141
6.19545
6.16988
6.14462
6.11996
6.09577
6.07223
6.04927
6.02696
6.00543
5.98464
5.96464
5.94572
5.92796
5.91125
5.8956
5.88157
5.86958
5.85833
5.84818
5.8415
5.83688
5.83375
5.83407
5.83649
5.84114
5.84728
5.85687
5.86931
5.88479
5.90279
5.92368
5.94727
5.97437
6.00513
6.03981
6.07831
6.12082
6.16738
6.218
6.27291
6.33168
6.39475
6.46125
6.53177
6.60523
6.6823
6.762
6.84537
6.93102
7.0217
7.11491
7.21501
7.31852
7.43129
7.54361
7.66735
7.78513
7.92035
8.04352
8.19825
8.32986
8.51624
8.66192
8.90044
9.07148
9.38361
9.59276
10.0086
10.2824
10.8379
11.2058
11.9661
12.4721
13.531
14.2386
15.7277
16.7181
18.8143
20.1794
23.1093
24.8714
29.1967
12.7874
12.7639
12.7405
12.717
12.6935
12.6699
12.6464
12.6228
12.5991
12.5755
12.5518
12.5281
12.5043
12.4806
12.4568
12.4329
12.4091
12.3852
12.3613
12.3374
12.3134
12.2895
12.2654
12.2414
12.2174
12.1933
12.1692
12.1451
12.1209
12.0967
12.0725
12.0483
12.0241
11.9998
11.9755
11.9512
11.9269
11.9025
11.8781
11.8537
11.8293
11.8049
11.7804
11.756
11.7315
11.707
11.6824
11.6579
11.6333
11.6087
11.5841
11.5595
11.5348
11.5102
11.4855
11.4608
11.4361
11.4114
11.3866
11.3619
11.3371
11.3123
11.2875
11.2627
11.2379
11.213
11.1882
11.1633
11.1384
11.1135
11.0886
11.0637
11.0388
11.0138
10.9889
10.9639
10.9389
10.9139
10.8889
10.8639
10.8389
10.8138
10.7888
10.7637
10.7387
10.7136
10.6885
10.6634
10.6383
10.6132
10.5881
10.563
10.5379
10.5127
10.4876
10.4624
10.4373
10.4121
10.3869
10.3618
10.3366
10.3114
10.2862
10.261
10.2358
10.2106
10.1854
10.1602
10.135
10.1098
10.0846
10.0594
10.0342
10.0089
9.98372
9.9585
9.93329
9.90807
9.88285
9.85764
9.83243
9.80722
9.78201
9.75681
9.73161
9.70642
9.68123
9.65605
9.63087
9.60571
9.58055
9.5554
9.53026
9.50513
9.48001
9.45491
9.42981
9.40474
9.37967
9.35462
9.32959
9.30457
9.27957
9.25459
9.22964
9.2047
9.17979
9.15491
9.13005
9.10522
9.08042
9.05566
9.03093
9.00623
8.98157
8.95695
8.93236
8.90782
8.88332
8.85887
8.83446
8.8101
8.78579
8.76153
8.73733
8.71319
8.6891
8.66508
8.64112
8.61724
8.59342
8.56967
8.546
8.52241
8.4989
8.47547
8.45212
8.42885
8.40567
8.38258
8.35959
8.33669
8.3139
8.29121
8.26863
8.24615
8.22379
8.20155
8.17943
8.15743
8.13555
8.1138
8.09218
8.07069
8.04933
8.0281
8.00701
7.98607
7.96526
7.9446
7.92408
7.9037
7.88346
7.86336
7.84339
7.82357
7.80388
7.78432
7.76489
7.74559
7.72641
7.70736
7.68842
7.66958
7.65086
7.63223
7.61371
7.59525
7.57689
7.55859
7.54036
7.52216
7.50402
7.4859
7.46781
7.44971
7.43163
7.41351
7.39538
7.37719
7.35897
7.34066
7.32229
7.30382
7.28525
7.26656
7.24774
7.22878
7.20967
7.19039
7.17095
7.15132
7.1315
7.11147
7.09123
7.07077
7.05007
7.02913
7.00795
6.98653
6.96484
6.9429
6.9207
6.89824
6.87552
6.85256
6.82934
6.8059
6.78222
6.75834
6.73421
6.70996
6.68549
6.66093
6.63628
6.61152
6.5867
6.56178
6.53684
6.51195
6.48709
6.46224
6.43744
6.41288
6.38851
6.36425
6.34054
6.31677
6.29366
6.27082
6.24841
6.22682
6.20572
6.18542
6.16544
6.14621
6.12768
6.10964
6.09285
6.07668
6.06223
6.04968
6.03752
6.02739
6.01876
6.00998
6.00162
5.9976
5.99408
5.99175
5.99543
5.99654
5.99738
5.99627
6.00124
6.00988
6.02166
6.03377
6.04844
6.06284
6.08113
6.10363
6.13035
6.16122
6.19642
6.23621
6.28074
6.33044
6.38516
6.44536
6.5107
6.58166
6.65783
6.7398
6.82711
6.92092
7.02029
7.12773
7.24116
7.36523
7.4954
7.64026
7.78873
7.95803
8.12669
8.32652
8.51818
8.76046
8.98011
9.2816
9.53702
9.92528
10.229
10.7409
11.1104
11.7943
12.2552
13.1756
13.7807
15.0141
15.8197
17.4841
18.5618
20.8016
22.2353
25.2159
27.089
31.0206
33.3129
38.8175
12.7849
12.7615
12.738
12.7145
12.6909
12.6673
12.6437
12.6201
12.5965
12.5728
12.5491
12.5253
12.5016
12.4778
12.4539
12.4301
12.4062
12.3823
12.3584
12.3345
12.3105
12.2865
12.2625
12.2384
12.2143
12.1902
12.1661
12.142
12.1178
12.0936
12.0694
12.0452
12.0209
11.9967
11.9723
11.948
11.9237
11.8993
11.8749
11.8505
11.8261
11.8017
11.7772
11.7527
11.7282
11.7037
11.6791
11.6546
11.63
11.6054
11.5808
11.5562
11.5315
11.5069
11.4822
11.4575
11.4328
11.408
11.3833
11.3585
11.3338
11.309
11.2842
11.2593
11.2345
11.2097
11.1848
11.1599
11.135
11.1101
11.0852
11.0603
11.0353
11.0104
10.9854
10.9605
10.9355
10.9105
10.8855
10.8604
10.8354
10.8104
10.7853
10.7603
10.7352
10.7101
10.685
10.6599
10.6348
10.6097
10.5846
10.5595
10.5343
10.5092
10.484
10.4589
10.4337
10.4085
10.3834
10.3582
10.333
10.3078
10.2826
10.2574
10.2322
10.207
10.1818
10.1566
10.1314
10.1062
10.081
10.0557
10.0305
10.0053
9.98008
9.95487
9.92965
9.90444
9.87923
9.85403
9.82883
9.80363
9.77844
9.75326
9.72808
9.70291
9.67774
9.65259
9.62744
9.6023
9.57717
9.55206
9.52695
9.50186
9.47678
9.45171
9.42666
9.40163
9.37661
9.35161
9.32662
9.30166
9.27672
9.25181
9.22691
9.20205
9.1772
9.15239
9.12761
9.10286
9.07813
9.05344
9.02877
9.00415
8.97956
8.95501
8.9305
8.90603
8.88161
8.85723
8.83291
8.80863
8.78441
8.76025
8.73615
8.7121
8.68813
8.66421
8.64037
8.6166
8.59291
8.56929
8.54576
8.52231
8.49894
8.47567
8.45249
8.42941
8.40644
8.38357
8.3608
8.33815
8.3156
8.29318
8.27087
8.24869
8.22663
8.2047
8.18291
8.16125
8.13972
8.11834
8.09709
8.076
8.05505
8.03424
8.01359
7.99309
7.97274
7.95255
7.93252
7.91264
7.89292
7.87336
7.85395
7.8347
7.8156
7.79665
7.77785
7.7592
7.7407
7.72233
7.7041
7.68601
7.66803
7.65019
7.63246
7.61484
7.59732
7.5799
7.56255
7.54529
7.52809
7.51097
7.49387
7.47683
7.4598
7.4428
7.42579
7.40879
7.39175
7.3747
7.35759
7.34044
7.32323
7.30595
7.28857
7.27111
7.25355
7.23588
7.21808
7.20015
7.1821
7.16389
7.14551
7.12697
7.10825
7.08935
7.0703
7.05108
7.03164
7.01201
6.99218
6.97214
6.95191
6.93152
6.91088
6.89015
6.86917
6.84808
6.82679
6.80575
6.78425
6.76305
6.74176
6.72035
6.69881
6.67724
6.65582
6.63473
6.61372
6.59247
6.57163
6.55126
6.5311
6.51116
6.49212
6.47291
6.456
6.43805
6.42044
6.40461
6.38948
6.37505
6.36024
6.3467
6.33333
6.32005
6.3104
6.2982
6.30133
6.29944
6.29809
6.29696
6.2957
6.28348
6.28348
6.28409
6.27268
6.27719
6.27909
6.27815
6.27598
6.2848
6.29716
6.31498
6.33358
6.34609
6.37135
6.376
6.39508
6.42135
6.45348
6.49104
6.53416
6.5832
6.63848
6.70044
6.76921
6.84525
6.92853
7.01963
7.11845
7.22587
7.34164
7.46737
7.60228
7.74939
7.90666
8.07965
8.26347
8.46847
8.68363
8.92839
9.18081
9.47683
9.77412
10.138
10.4908
10.9473
11.3703
11.9549
12.4675
13.2295
13.8578
14.8621
15.6404
16.9733
17.9474
19.7177
20.9389
23.2783
24.8049
27.8513
29.7576
33.6294
35.9931
40.8536
43.6252
50.1643
12.783
12.7595
12.736
12.7124
12.6889
12.6653
12.6416
12.618
12.5943
12.5706
12.5469
12.5231
12.4993
12.4755
12.4517
12.4278
12.4039
12.38
12.3561
12.3321
12.3081
12.2841
12.2601
12.236
12.2119
12.1878
12.1637
12.1395
12.1153
12.0911
12.0669
12.0427
12.0184
11.9941
11.9698
11.9455
11.9211
11.8968
11.8724
11.848
11.8235
11.7991
11.7746
11.7501
11.7256
11.7011
11.6766
11.652
11.6274
11.6028
11.5782
11.5536
11.5289
11.5042
11.4796
11.4549
11.4301
11.4054
11.3807
11.3559
11.3311
11.3063
11.2815
11.2567
11.2319
11.207
11.1822
11.1573
11.1324
11.1075
11.0826
11.0577
11.0327
11.0078
10.9828
10.9578
10.9329
10.9079
10.8829
10.8578
10.8328
10.8078
10.7827
10.7577
10.7326
10.7075
10.6824
10.6574
10.6323
10.6072
10.582
10.5569
10.5318
10.5067
10.4815
10.4564
10.4313
10.4061
10.3809
10.3558
10.3306
10.3055
10.2803
10.2551
10.2299
10.2047
10.1796
10.1544
10.1292
10.104
10.0788
10.0536
10.0285
10.0033
9.9781
9.95292
9.92775
9.90258
9.87741
9.85225
9.82709
9.80193
9.77678
9.75164
9.7265
9.70137
9.67625
9.65114
9.62603
9.60094
9.57586
9.55079
9.52573
9.50069
9.47567
9.45066
9.42567
9.4007
9.37574
9.35081
9.3259
9.30101
9.27615
9.25132
9.2265
9.20173
9.17697
9.15226
9.12757
9.10292
9.07831
9.05374
9.02921
9.00473
8.98028
8.95589
8.93155
8.90725
8.88301
8.85883
8.8347
8.81064
8.78664
8.7627
8.73883
8.71503
8.69131
8.66766
8.6441
8.62061
8.59721
8.5739
8.55069
8.52757
8.50454
8.48162
8.45881
8.4361
8.41351
8.39103
8.36867
8.34644
8.32433
8.30236
8.28052
8.25881
8.23725
8.21583
8.19456
8.17344
8.15248
8.13167
8.11103
8.09054
8.07022
8.05007
8.03009
8.01029
7.99065
7.9712
7.95192
7.93282
7.9139
7.89516
7.8766
7.85821
7.84001
7.82199
7.80414
7.78646
7.76896
7.75163
7.73446
7.71746
7.70061
7.68392
7.66738
7.65098
7.63471
7.61858
7.60258
7.58669
7.57091
7.55523
7.53965
7.52415
7.50873
7.49336
7.47805
7.46277
7.44755
7.43233
7.41717
7.402
7.38687
7.37172
7.35659
7.34141
7.32627
7.31103
7.29583
7.28051
7.2653
7.24989
7.2345
7.21894
7.2034
7.18781
7.17238
7.15686
7.14112
7.12532
7.10937
7.09323
7.07713
7.06093
7.04446
7.02826
7.01127
6.99525
6.97949
6.96502
6.94801
6.93323
6.91726
6.90055
6.88317
6.86714
6.85199
6.83791
6.82333
6.80699
6.79337
6.7795
6.76623
6.75465
6.74094
6.74199
6.73979
6.72389
6.70816
6.70707
6.70427
6.69601
6.68781
6.68219
6.67402
6.66709
6.67666
6.67852
6.68268
6.67353
6.69083
6.69589
6.70211
6.7054
6.70778
6.70751
6.70064
6.69013
6.69921
6.71229
6.73554
6.76628
6.79359
6.81814
6.83635
6.85449
6.88121
6.91358
6.95308
6.99933
7.05223
7.11204
7.17927
7.25449
7.33819
7.43092
7.53301
7.645
7.76715
7.90025
8.04454
8.20122
8.37047
8.55431
8.75246
8.96844
9.20081
9.45574
9.72924
10.0322
10.3556
10.7188
11.1029
11.5432
12.0021
12.5424
13.0945
13.7667
14.4357
15.283
16.098
17.1777
18.1742
19.5597
20.778
22.5608
24.0431
26.3322
28.1152
31.0338
33.1439
36.8245
39.2773
43.8613
46.6644
52.3127
55.4684
62.8228
12.7815
12.758
12.7345
12.7109
12.6873
12.6637
12.6401
12.6164
12.5927
12.569
12.5452
12.5214
12.4976
12.4738
12.45
12.4261
12.4022
12.3783
12.3543
12.3303
12.3063
12.2823
12.2583
12.2342
12.2101
12.186
12.1618
12.1377
12.1135
12.0893
12.0651
12.0408
12.0166
11.9923
11.968
11.9436
11.9193
11.8949
11.8705
11.8461
11.8217
11.7972
11.7727
11.7483
11.7238
11.6992
11.6747
11.6501
11.6256
11.601
11.5764
11.5517
11.5271
11.5024
11.4778
11.4531
11.4284
11.4036
11.3789
11.3542
11.3294
11.3046
11.2798
11.255
11.2302
11.2053
11.1805
11.1556
11.1308
11.1059
11.081
11.0561
11.0311
11.0062
10.9813
10.9563
10.9313
10.9064
10.8814
10.8564
10.8314
10.8064
10.7814
10.7563
10.7313
10.7062
10.6812
10.6561
10.631
10.606
10.5809
10.5558
10.5307
10.5056
10.4805
10.4554
10.4303
10.4051
10.38
10.3549
10.3297
10.3046
10.2795
10.2543
10.2292
10.2041
10.1789
10.1538
10.1286
10.1035
10.0784
10.0532
10.0281
10.003
9.97786
9.95274
9.92763
9.90253
9.87743
9.85234
9.82726
9.80219
9.77713
9.75208
9.72704
9.70202
9.67701
9.65201
9.62703
9.60207
9.57712
9.5522
9.52729
9.5024
9.47753
9.45269
9.42787
9.40308
9.37831
9.35358
9.32886
9.30419
9.27954
9.25493
9.23035
9.20581
9.18131
9.15685
9.13243
9.10806
9.08373
9.05946
9.03523
9.01105
8.98693
8.96287
8.93886
8.91492
8.89104
8.86723
8.84349
8.81982
8.79622
8.77271
8.74927
8.72592
8.70266
8.67948
8.6564
8.63342
8.61054
8.58776
8.56509
8.54253
8.52008
8.49776
8.47555
8.45348
8.43153
8.40972
8.38804
8.36651
8.34512
8.32388
8.3028
8.28188
8.26111
8.24052
8.22009
8.19984
8.17977
8.15988
8.14017
8.12065
8.10132
8.08219
8.06326
8.04452
8.026
8.00767
7.98956
7.97165
7.95396
7.93648
7.91922
7.90217
7.88534
7.86872
7.85232
7.83613
7.82016
7.8044
7.78885
7.7735
7.75837
7.74344
7.7287
7.71417
7.69983
7.68568
7.67171
7.65794
7.64433
7.63092
7.61765
7.60456
7.5916
7.57878
7.56611
7.55355
7.54116
7.52892
7.51679
7.50483
7.49301
7.48135
7.4698
7.45836
7.44709
7.43576
7.42481
7.41403
7.40385
7.39299
7.38251
7.37193
7.36186
7.35221
7.34385
7.3349
7.32582
7.31645
7.30638
7.2969
7.2882
7.27888
7.26932
7.26098
7.24805
7.25247
7.25275
7.251
7.23422
7.23303
7.21844
7.20343
7.1871
7.19248
7.19288
7.19211
7.18733
7.16949
7.17049
7.15821
7.16513
7.16695
7.15627
7.16453
7.17051
7.17112
7.1582
7.15095
7.15193
7.15166
7.17
7.17616
7.17042
7.1943
7.20917
7.20787
7.24852
7.26459
7.28078
7.29052
7.30464
7.31697
7.30729
7.30053
7.31948
7.35622
7.40565
7.44751
7.49465
7.57876
7.61693
7.61456
7.644
7.68975
7.74753
7.81484
7.89076
7.97515
8.06837
8.17108
8.28402
8.40796
8.54356
8.69152
8.85241
9.02702
9.216
9.42045
9.64111
9.87961
10.1368
10.415
10.7151
11.0408
11.3919
11.775
12.1879
12.6414
13.1294
13.6701
14.2497
14.8997
15.5918
16.3799
17.2102
18.1735
19.1729
20.3585
21.5618
23.028
24.4725
26.289
28.0101
30.2581
32.2834
35.0552
37.3973
40.7983
43.4516
47.6056
50.5482
55.6072
58.8114
64.9642
68.4091
76.3542
12.7806
12.7571
12.7336
12.71
12.6864
12.6628
12.6391
12.6154
12.5917
12.568
12.5442
12.5205
12.4967
12.4728
12.449
12.4251
12.4012
12.3773
12.3533
12.3293
12.3053
12.2813
12.2573
12.2332
12.2091
12.185
12.1608
12.1367
12.1125
12.0883
12.0641
12.0398
12.0156
11.9913
11.967
11.9427
11.9183
11.894
11.8696
11.8452
11.8208
11.7963
11.7719
11.7474
11.7229
11.6984
11.6738
11.6493
11.6247
11.6002
11.5756
11.5509
11.5263
11.5017
11.477
11.4523
11.4276
11.4029
11.3782
11.3535
11.3287
11.304
11.2792
11.2544
11.2296
11.2048
11.18
11.1551
11.1303
11.1054
11.0805
11.0556
11.0308
11.0058
10.9809
10.956
10.9311
10.9061
10.8812
10.8562
10.8313
10.8063
10.7813
10.7563
10.7313
10.7063
10.6813
10.6563
10.6313
10.6063
10.5813
10.5563
10.5312
10.5062
10.4812
10.4562
10.4311
10.4061
10.3811
10.3561
10.331
10.306
10.281
10.256
10.231
10.206
10.181
10.156
10.131
10.106
10.081
10.0561
10.0311
10.0062
9.98124
9.95633
9.93141
9.90652
9.88164
9.85678
9.83193
9.8071
9.78228
9.75749
9.73271
9.70796
9.68323
9.65852
9.63384
9.60918
9.58455
9.55995
9.53538
9.51084
9.48632
9.46185
9.43741
9.413
9.38863
9.36431
9.34002
9.31577
9.29157
9.26742
9.24331
9.21925
9.19524
9.1713
9.1474
9.12356
9.09978
9.07607
9.05241
9.02883
9.00531
8.98187
8.9585
8.93521
8.912
8.88888
8.86583
8.84288
8.82002
8.79726
8.77459
8.75203
8.72957
8.70722
8.68498
8.66286
8.64086
8.61899
8.59724
8.57563
8.55415
8.53282
8.51163
8.49059
8.4697
8.44898
8.42841
8.40802
8.3878
8.36776
8.34789
8.32822
8.30874
8.28946
8.27038
8.25151
8.23284
8.2144
8.19617
8.17818
8.16041
8.14288
8.12558
8.10854
8.09173
8.07519
8.05889
8.04286
8.02709
8.01159
7.99635
7.98139
7.9667
7.95229
7.93816
7.92431
7.91074
7.89745
7.88445
7.87174
7.85931
7.84717
7.83531
7.82376
7.81249
7.80153
7.79084
7.7805
7.7704
7.76069
7.75121
7.74203
7.73306
7.7245
7.71629
7.70829
7.70093
7.69379
7.68673
7.68009
7.6739
7.66809
7.66255
7.65727
7.65259
7.64676
7.6468
7.6464
7.64604
7.63935
7.6402
7.63618
7.63477
7.63815
7.6449
7.64867
7.65181
7.64789
7.64272
7.65213
7.65605
7.65894
7.66251
7.6653
7.66804
7.67181
7.67805
7.68293
7.69067
7.68121
7.66468
7.6813
7.6868
7.69112
7.69758
7.70363
7.69616
7.69451
7.70357
7.71849
7.74716
7.75793
7.80114
7.78762
7.83067
7.82206
7.81619
7.82248
7.83373
7.85967
7.88293
7.90747
7.94094
7.96845
8.04166
8.05067
8.12958
8.16439
8.17455
8.16781
8.19786
8.23838
8.28414
8.3403
8.41493
8.5157
8.66705
8.73351
8.72762
8.77297
8.83944
8.91787
9.0099
9.11455
9.23092
9.35855
9.49744
9.64805
9.81109
9.98746
10.178
10.3838
10.6056
10.8443
11.101
11.3769
11.6729
11.9908
12.3319
12.6983
13.0917
13.5151
13.97
14.461
14.9892
15.5612
16.1771
16.8466
17.5676
18.3554
19.2025
20.1339
21.1318
22.2377
23.4152
24.7326
26.1207
27.6927
29.3231
31.1988
33.1005
35.3352
37.5296
40.1856
42.682
45.8328
48.6245
52.3622
55.4247
59.8735
63.1677
68.5001
71.9818
78.432
82.062
90.3799
12.7804
12.7569
12.7333
12.7098
12.6862
12.6625
12.6389
12.6152
12.5915
12.5678
12.544
12.5202
12.4964
12.4726
12.4487
12.4249
12.401
12.377
12.3531
12.3291
12.3051
12.2811
12.2571
12.233
12.2089
12.1848
12.1607
12.1365
12.1124
12.0882
12.064
12.0397
12.0155
11.9912
11.9669
11.9426
11.9183
11.894
11.8696
11.8452
11.8208
11.7964
11.7719
11.7475
11.723
11.6985
11.674
11.6495
11.625
11.6004
11.5759
11.5513
11.5267
11.5021
11.4775
11.4529
11.4282
11.4036
11.3789
11.3542
11.3295
11.3048
11.2801
11.2554
11.2307
11.2059
11.1812
11.1564
11.1317
11.1069
11.0821
11.0573
11.0325
11.0077
10.9829
10.9581
10.9333
10.9085
10.8837
10.8589
10.8341
10.8093
10.7844
10.7596
10.7348
10.71
10.6852
10.6603
10.6355
10.6107
10.5859
10.5611
10.5363
10.5115
10.4868
10.462
10.4372
10.4125
10.3877
10.363
10.3383
10.3136
10.2889
10.2642
10.2395
10.2149
10.1903
10.1656
10.141
10.1165
10.0919
10.0674
10.0428
10.0183
9.99387
9.96943
9.94501
9.92061
9.89624
9.87191
9.8476
9.82332
9.79907
9.77486
9.75068
9.72654
9.70243
9.67836
9.65433
9.63035
9.6064
9.5825
9.55863
9.53482
9.51106
9.48734
9.46367
9.44006
9.4165
9.393
9.36955
9.34617
9.32284
9.29959
9.27639
9.25326
9.2302
9.20721
9.1843
9.16146
9.1387
9.11603
9.09343
9.07093
9.04851
9.02619
9.00396
8.98183
8.9598
8.93787
8.91606
8.89435
8.87276
8.85129
8.82994
8.80872
8.78763
8.76668
8.74586
8.72519
8.70467
8.6843
8.66409
8.64404
8.62416
8.60445
8.58493
8.56558
8.54643
8.52747
8.50872
8.49017
8.47184
8.45373
8.43584
8.41819
8.40078
8.38361
8.3667
8.35004
8.33365
8.31754
8.30171
8.28616
8.27091
8.25596
8.24132
8.227
8.213
8.19933
8.186
8.17301
8.16038
8.14811
8.1362
8.12466
8.1135
8.10273
8.09236
8.08238
8.07282
8.06365
8.05494
8.04661
8.03875
8.03135
8.02441
8.01793
8.01194
8.0064
8.00144
7.99696
7.99298
7.98969
7.98698
7.9841
7.98281
7.98245
7.98294
7.98304
7.98732
7.98937
7.98917
7.99041
7.99372
7.99748
8.00155
8.00645
8.0118
8.01727
8.02376
8.03032
8.03781
8.04615
8.05534
8.06688
8.08277
8.11295
8.13559
8.1458
8.1549
8.16327
8.19214
8.19475
8.20438
8.21999
8.23879
8.25406
8.27172
8.29646
8.32536
8.34455
8.40333
8.42835
8.42956
8.41475
8.41947
8.43531
8.45949
8.49665
8.5387
8.59524
8.63735
8.6891
8.73431
8.76201
8.8506
8.82876
8.92046
8.89984
8.90882
8.98774
9.03042
9.18052
9.24844
9.24811
9.28263
9.34722
9.42159
9.47999
9.55154
9.63361
9.72119
9.8282
9.93453
10.031
10.1355
10.262
10.4124
10.5452
10.6502
10.7536
10.8657
10.9967
11.1464
11.313
11.4953
11.6929
11.9053
12.133
12.3762
12.6359
12.9129
13.2083
13.523
13.8582
14.215
14.5947
14.9986
15.4284
15.8855
16.3722
16.8903
17.4426
18.0312
18.6597
19.3305
20.0481
20.8149
21.6371
22.5163
23.461
24.4714
25.5594
26.7219
27.9772
29.3152
30.7645
32.3024
33.9756
35.7377
37.6669
39.6751
41.8957
44.1674
46.7188
49.2633
52.1932
55.01
58.3817
61.4572
65.3606
68.6662
73.235
76.7285
82.1617
85.7932
92.3741
96.0977
104.617
12.781
12.7575
12.7339
12.7104
12.6868
12.6632
12.6395
12.6159
12.5922
12.5684
12.5447
12.5209
12.4971
12.4733
12.4495
12.4256
12.4018
12.3779
12.3539
12.33
12.306
12.282
12.258
12.234
12.2099
12.1858
12.1617
12.1376
12.1135
12.0894
12.0652
12.041
12.0168
11.9926
11.9683
11.9441
11.9198
11.8955
11.8712
11.8469
11.8226
11.7982
11.7739
11.7495
11.7251
11.7007
11.6763
11.6519
11.6275
11.603
11.5786
11.5541
11.5297
11.5052
11.4807
11.4562
11.4317
11.4072
11.3827
11.3582
11.3337
11.3092
11.2847
11.2602
11.2357
11.2112
11.1866
11.1621
11.1376
11.1131
11.0886
11.0641
11.0396
11.0151
10.9906
10.9661
10.9417
10.9172
10.8928
10.8683
10.8439
10.8195
10.7951
10.7707
10.7463
10.7219
10.6976
10.6732
10.6489
10.6246
10.6004
10.5761
10.5519
10.5276
10.5034
10.4793
10.4551
10.431
10.4069
10.3829
10.3588
10.3348
10.3108
10.2869
10.2629
10.239
10.2152
10.1914
10.1676
10.1438
10.1201
10.0964
10.0728
10.0492
10.0256
10.0021
9.97861
9.95518
9.93178
9.90844
9.88513
9.86188
9.83867
9.81552
9.79241
9.76937
9.74636
9.72342
9.70053
9.6777
9.65493
9.63222
9.60956
9.58698
9.56445
9.54201
9.51961
9.4973
9.47504
9.45288
9.43077
9.40876
9.38681
9.36496
9.34318
9.32149
9.29989
9.27838
9.25696
9.23565
9.21442
9.19331
9.17229
9.1514
9.1306
9.10993
9.08936
9.06894
9.04862
9.02845
9.0084
8.98851
8.96874
8.94914
8.92968
8.91038
8.89124
8.87228
8.85349
8.83489
8.81646
8.79823
8.7802
8.76238
8.74477
8.72738
8.71022
8.69329
8.67661
8.66018
8.64401
8.62811
8.61248
8.59714
8.5821
8.56736
8.55293
8.53884
8.52507
8.51166
8.49859
8.48591
8.47359
8.46168
8.45015
8.43904
8.42835
8.41811
8.40833
8.39899
8.39018
8.38179
8.37402
8.36666
8.35984
8.35357
8.3479
8.34281
8.33834
8.33446
8.33125
8.32858
8.32678
8.32523
8.32511
8.32529
8.32626
8.32793
8.33043
8.33364
8.33798
8.34289
8.34885
8.35619
8.36404
8.37227
8.38112
8.39082
8.40152
8.41314
8.42612
8.44014
8.45527
8.4714
8.48899
8.50731
8.52724
8.54781
8.57016
8.59286
8.61733
8.64331
8.67031
8.69895
8.73057
8.76809
8.81707
8.88916
8.92263
8.92287
8.94139
8.96852
9.00203
9.03834
9.07778
9.1196
9.16385
9.20998
9.25991
9.31338
9.37363
9.44071
9.51817
9.6001
9.66253
9.70138
9.7417
9.79147
9.85486
9.93956
10.0578
10.2417
10.3215
10.308
10.339
10.3998
10.4787
10.5649
10.6666
10.7755
10.8961
11.0364
11.1642
11.2911
11.4327
11.5603
11.7029
11.8899
12.1766
12.1847
12.3019
12.4809
12.6996
12.8899
13.0369
13.2026
13.4202
13.7289
14.2053
14.4174
14.3933
14.5138
14.7074
14.946
15.216
15.5105
15.8262
16.1618
16.5168
16.8915
17.2865
17.7027
18.141
18.6025
19.0881
19.5994
20.1372
20.7032
21.2987
21.9257
22.5859
23.2819
24.0157
24.7902
25.6078
26.4722
27.3859
28.3531
29.3766
30.4614
31.6098
32.8281
34.1177
35.4869
36.9349
38.4736
40.098
41.8261
43.6447
45.5835
47.6135
49.786
52.0423
54.4745
56.9692
59.6926
62.4321
65.489
68.4732
71.9255
75.1431
79.0843
82.5098
87.0857
90.6778
96.1136
99.8203
106.447
110.22
118.878
12.7821
12.7586
12.7351
12.7115
12.688
12.6644
12.6408
12.6171
12.5935
12.5698
12.5461
12.5223
12.4986
12.4748
12.451
12.4272
12.4034
12.3795
12.3556
12.3317
12.3078
12.2839
12.26
12.236
12.212
12.188
12.164
12.14
12.1159
12.0919
12.0678
12.0437
12.0197
11.9955
11.9714
11.9473
11.9232
11.899
11.8749
11.8507
11.8266
11.8024
11.7782
11.7541
11.7299
11.7057
11.6815
11.6573
11.6332
11.609
11.5848
11.5606
11.5364
11.5123
11.4881
11.4639
11.4398
11.4156
11.3915
11.3674
11.3432
11.3191
11.295
11.271
11.2469
11.2228
11.1988
11.1748
11.1508
11.1268
11.1028
11.0788
11.0549
11.031
11.0071
10.9833
10.9594
10.9356
10.9118
10.8881
10.8643
10.8406
10.817
10.7933
10.7697
10.7461
10.7226
10.6991
10.6756
10.6522
10.6287
10.6054
10.582
10.5587
10.5355
10.5123
10.4891
10.466
10.4429
10.4198
10.3968
10.3739
10.3509
10.3281
10.3053
10.2825
10.2598
10.2371
10.2144
10.1919
10.1693
10.1469
10.1245
10.1021
10.0798
10.0575
10.0353
10.0132
9.99109
9.96906
9.9471
9.92519
9.90335
9.88158
9.85986
9.83822
9.81664
9.79513
9.77369
9.75232
9.73103
9.70981
9.68866
9.6676
9.64661
9.62571
9.60488
9.58415
9.5635
9.54294
9.52247
9.5021
9.48182
9.46165
9.44157
9.4216
9.40174
9.382
9.36236
9.34285
9.32345
9.30419
9.28505
9.26605
9.24718
9.22846
9.20989
9.19147
9.1732
9.1551
9.13717
9.11942
9.10184
9.08445
9.06726
9.05027
9.03348
9.01692
9.00057
8.98446
8.96859
8.95297
8.9376
8.92251
8.90769
8.89315
8.87892
8.865
8.8514
8.83813
8.82522
8.81266
8.80046
8.78864
8.77722
8.76622
8.75564
8.74551
8.73585
8.72666
8.71797
8.70978
8.70217
8.69501
8.68839
8.68238
8.67703
8.67229
8.66826
8.66484
8.66226
8.6601
8.65929
8.65806
8.65838
8.65956
8.66169
8.66468
8.66854
8.67332
8.67905
8.68574
8.69347
8.70223
8.71209
8.72311
8.73528
8.74868
8.76332
8.77925
8.79656
8.81519
8.83524
8.85683
8.87985
8.90424
8.93007
8.95741
8.98637
9.01697
9.04937
9.08359
9.11975
9.15778
9.19791
9.23991
9.28409
9.33017
9.37851
9.42868
9.48112
9.53587
9.59281
9.65208
9.71413
9.77936
9.84818
9.91971
9.99045
10.0605
10.133
10.209
10.2887
10.3719
10.4587
10.5488
10.6428
10.7411
10.8452
10.9573
11.082
11.2287
11.417
11.6896
11.8109
11.7968
11.8525
11.9459
12.0625
12.1971
12.3453
12.5037
12.6559
12.8065
12.9601
13.128
13.3059
13.5028
13.7193
13.9629
14.2389
14.5402
14.7835
14.9456
15.1193
15.3157
15.5366
15.7829
16.0512
16.333
16.6755
17.1336
17.8161
18.1143
18.0661
18.2194
18.4852
18.8216
19.193
19.5495
19.8914
20.2537
20.6433
21.0597
21.5007
21.9649
22.451
22.9586
23.4879
24.0394
24.6135
25.2113
25.8334
26.4811
27.1549
27.8564
28.5863
29.3462
30.1372
30.9615
31.8206
32.7173
33.6534
34.632
35.6551
36.7264
37.848
39.024
40.2564
41.5497
42.9057
44.3294
45.822
47.3895
49.0321
50.7576
52.5641
54.4628
56.4474
58.5361
60.7129
63.0103
65.3931
67.922
70.523
73.3125
76.1405
79.2321
82.2915
85.7471
89.0318
92.9482
96.4371
100.969
104.623
110.019
113.783
120.422
124.246
133.035
12.7839
12.7605
12.737
12.7136
12.69
12.6665
12.643
12.6194
12.5958
12.5722
12.5486
12.525
12.5014
12.4777
12.454
12.4303
12.4066
12.3829
12.3592
12.3355
12.3117
12.288
12.2642
12.2404
12.2167
12.1929
12.1691
12.1453
12.1215
12.0977
12.074
12.0502
12.0264
12.0026
11.9788
11.955
11.9313
11.9075
11.8837
11.86
11.8363
11.8125
11.7888
11.7651
11.7415
11.7178
11.6941
11.6705
11.6469
11.6233
11.5997
11.5762
11.5526
11.5291
11.5057
11.4822
11.4588
11.4354
11.412
11.3887
11.3654
11.3421
11.3189
11.2957
11.2725
11.2494
11.2263
11.2032
11.1802
11.1572
11.1343
11.1114
11.0885
11.0657
11.0429
11.0202
10.9975
10.9749
10.9523
10.9297
10.9072
10.8848
10.8624
10.84
10.8177
10.7955
10.7733
10.7511
10.7291
10.707
10.685
10.6631
10.6412
10.6194
10.5976
10.5759
10.5542
10.5326
10.511
10.4895
10.4681
10.4467
10.4254
10.4042
10.383
10.3618
10.3407
10.3197
10.2988
10.2779
10.257
10.2363
10.2156
10.1949
10.1744
10.1539
10.1334
10.113
10.0928
10.0725
10.0524
10.0323
10.0123
9.99233
9.97249
9.9527
9.93301
9.91338
9.89385
9.87439
9.85504
9.83575
9.81658
9.79747
9.77849
9.75958
9.74079
9.72208
9.70351
9.68502
9.66666
9.6484
9.63027
9.61225
9.59438
9.57662
9.55902
9.54153
9.52421
9.50702
9.49001
9.47313
9.45644
9.43991
9.42357
9.4074
9.39144
9.37566
9.3601
9.34475
9.32963
9.31473
9.30008
9.28567
9.27154
9.25766
9.24409
9.23078
9.2178
9.20512
9.19278
9.18075
9.1691
9.1578
9.14691
9.1364
9.12635
9.11668
9.10753
9.09877
9.09059
9.08279
9.07553
9.06883
9.06272
9.05723
9.05237
9.04815
9.04463
9.04177
9.03968
9.03825
9.0379
9.03728
9.03801
9.04006
9.04308
9.047
9.05189
9.05776
9.06471
9.07268
9.08186
9.09214
9.10366
9.11646
9.1306
9.14612
9.1631
9.18155
9.20156
9.22317
9.24644
9.27145
9.29825
9.32693
9.35754
9.39017
9.42491
9.46181
9.50097
9.54246
9.58635
9.63272
9.68167
9.73324
9.78754
9.84467
9.90471
9.9678
10.034
10.1035
10.1764
10.2528
10.3329
10.4166
10.5042
10.5957
10.6912
10.7908
10.8946
11.0027
11.1152
11.2323
11.3542
11.481
11.6128
11.7495
11.8911
12.0377
12.1895
12.3471
12.5105
12.6799
12.8553
13.0371
13.2252
13.4204
13.623
13.8344
14.0558
14.2887
14.5321
14.7816
15.0206
15.2519
15.4885
15.7351
15.9922
16.2611
16.5392
16.8263
17.1197
17.4217
17.7319
18.0561
18.3965
18.7635
19.1711
19.6509
20.2674
21.1602
21.543
21.4522
21.5903
21.8587
22.1983
22.5814
22.9959
23.4387
23.9141
24.4211
24.9376
25.4094
25.8452
26.2984
26.7804
27.2903
27.8203
28.3628
28.9166
29.4851
30.0707
30.6746
31.2966
31.9374
32.5965
33.2743
33.9716
34.6887
35.426
36.1843
36.9642
37.7668
38.5927
39.4432
40.3189
41.2214
42.1513
43.1112
44.1025
45.1283
46.1901
47.2914
48.4341
49.622
50.857
52.1431
53.482
54.8779
56.3321
57.8488
59.4294
61.0784
62.797
64.5906
66.4597
68.4116
70.4449
72.5707
74.7829
77.1008
79.507
82.0391
84.6542
87.429
90.2654
93.324
96.3909
99.7945
103.09
106.936
110.443
114.892
118.572
123.892
127.689
134.308
138.175
147.082
12.7874
12.7641
12.7408
12.7175
12.6942
12.6709
12.6475
12.6242
12.6008
12.5775
12.5542
12.5308
12.5075
12.4841
12.4608
12.4374
12.4141
12.3908
12.3675
12.3442
12.3209
12.2976
12.2743
12.251
12.2278
12.2046
12.1814
12.1582
12.135
12.1119
12.0888
12.0657
12.0426
12.0196
11.9966
11.9736
11.9507
11.9277
11.9049
11.882
11.8592
11.8365
11.8138
11.7911
11.7685
11.7459
11.7233
11.7008
11.6784
11.656
11.6336
11.6113
11.5891
11.5669
11.5447
11.5226
11.5006
11.4786
11.4567
11.4348
11.413
11.3912
11.3695
11.3479
11.3263
11.3048
11.2833
11.2619
11.2406
11.2193
11.1981
11.1769
11.1558
11.1348
11.1138
11.0929
11.0721
11.0513
11.0306
11.0099
10.9893
10.9688
10.9483
10.9279
10.9076
10.8873
10.8671
10.847
10.8269
10.8069
10.7869
10.767
10.7472
10.7275
10.7078
10.6881
10.6686
10.6491
10.6296
10.6102
10.5909
10.5717
10.5525
10.5334
10.5144
10.4954
10.4765
10.4576
10.4389
10.4202
10.4015
10.383
10.3645
10.3461
10.3277
10.3094
10.2912
10.2731
10.2551
10.2371
10.2192
10.2014
10.1837
10.1661
10.1486
10.1311
10.1138
10.0965
10.0794
10.0623
10.0454
10.0285
10.0118
9.99518
9.97868
9.96231
9.94606
9.92994
9.91396
9.89812
9.88242
9.86687
9.85148
9.83625
9.82118
9.8063
9.79159
9.77708
9.76275
9.74865
9.73473
9.72106
9.70759
9.69438
9.68141
9.6687
9.65625
9.64408
9.6322
9.62063
9.60937
9.59846
9.58787
9.57767
9.56782
9.55838
9.54934
9.54072
9.53256
9.52479
9.51747
9.51068
9.50443
9.49875
9.49366
9.48915
9.4853
9.48204
9.47955
9.47766
9.47629
9.47512
9.47552
9.47688
9.47917
9.48233
9.48639
9.49141
9.49745
9.50452
9.51271
9.52203
9.53259
9.54434
9.55738
9.5718
9.58768
9.60506
9.62401
9.64458
9.66685
9.6909
9.71679
9.74461
9.77443
9.80637
9.84047
9.87689
9.91566
9.95695
10.0008
10.0474
10.0969
10.1492
10.2047
10.2633
10.3253
10.3909
10.46
10.5331
10.61
10.6912
10.7766
10.8665
10.9611
11.0606
11.1652
11.275
11.3904
11.5114
11.6384
11.7717
11.9114
12.0578
12.2113
12.372
12.5402
12.7161
12.9001
13.0923
13.293
13.5024
13.7209
13.9485
14.1857
14.4326
14.6896
14.9567
15.2344
15.5225
15.8215
16.1314
16.4525
16.7848
17.1286
17.4838
17.8504
18.2287
18.6184
19.0199
19.4329
19.8578
20.2928
20.7376
21.1894
21.6491
22.1169
22.5942
23.0805
23.5767
24.0814
24.5949
25.1159
25.6455
26.1836
26.7324
27.2939
27.8728
28.4732
29.1009
29.7522
30.401
30.9822
31.5077
32.0373
32.5904
33.1661
33.7621
34.3752
35.0037
35.6472
36.3022
36.9626
37.6213
38.2785
38.9417
39.6126
40.2957
40.9865
41.6844
42.3901
43.1013
43.8214
44.55
45.2865
46.0348
46.792
47.5605
48.3435
49.1376
49.9453
50.7663
51.6027
52.4554
53.3252
54.2142
55.1224
56.0518
57.0028
57.9792
58.982
60.0155
61.0808
62.183
63.3233
64.5072
65.7358
67.0145
68.3436
69.7284
71.1688
72.6701
74.2321
75.8603
77.555
79.3221
81.1622
83.0819
85.0819
87.17
89.3459
91.6206
93.9891
96.472
99.0501
101.769
104.571
107.565
110.605
113.932
117.21
120.965
124.468
128.813
132.503
137.724
141.543
148.119
152.025
161.056
12.7951
12.7723
12.7495
12.7267
12.7039
12.6811
12.6584
12.6357
12.613
12.5903
12.5677
12.5451
12.5225
12.5
12.4775
12.455
12.4326
12.4102
12.3879
12.3656
12.3433
12.3211
12.299
12.2769
12.2548
12.2329
12.2109
12.1891
12.1672
12.1455
12.1238
12.1022
12.0806
12.0591
12.0377
12.0164
11.9951
11.9739
11.9527
11.9317
11.9107
11.8897
11.8689
11.8481
11.8274
11.8068
11.7863
11.7658
11.7454
11.7251
11.7049
11.6847
11.6646
11.6446
11.6247
11.6049
11.5851
11.5654
11.5458
11.5263
11.5069
11.4875
11.4682
11.449
11.4299
11.4108
11.3918
11.3729
11.3541
11.3353
11.3166
11.298
11.2795
11.261
11.2426
11.2243
11.206
11.1878
11.1697
11.1517
11.1337
11.1158
11.098
11.0802
11.0625
11.0449
11.0273
11.0098
10.9923
10.975
10.9577
10.9404
10.9232
10.9061
10.8891
10.8721
10.8552
10.8383
10.8215
10.8048
10.7881
10.7715
10.755
10.7386
10.7222
10.7058
10.6896
10.6734
10.6573
10.6413
10.6253
10.6094
10.5936
10.5779
10.5623
10.5467
10.5312
10.5158
10.5005
10.4854
10.4702
10.4553
10.4404
10.4256
10.4109
10.3963
10.3819
10.3676
10.3534
10.3393
10.3254
10.3116
10.298
10.2845
10.2712
10.2581
10.2451
10.2323
10.2197
10.2073
10.1951
10.1832
10.1714
10.1599
10.1486
10.1376
10.1268
10.1164
10.1062
10.0963
10.0867
10.0775
10.0686
10.06
10.0519
10.0441
10.0366
10.0297
10.0231
10.0171
10.0115
10.0065
10.0019
9.99796
9.99456
9.99175
9.98961
9.98809
9.98693
9.98618
9.98668
9.98816
9.99052
9.99367
9.99771
10.0026
10.0085
10.0154
10.0233
10.0323
10.0425
10.0538
10.0663
10.0802
10.0954
10.1121
10.1303
10.1501
10.1715
10.1947
10.2196
10.2464
10.2752
10.3061
10.339
10.3743
10.4119
10.452
10.4947
10.5401
10.5884
10.6396
10.694
10.7516
10.8126
10.8773
10.9457
11.0181
11.0946
11.1755
11.2609
11.3511
11.4463
11.5468
11.6528
11.7646
11.8825
12.0068
12.1377
12.2757
12.4211
12.5742
12.7355
12.9052
13.0839
13.2719
13.4698
13.6778
13.8965
14.1264
14.368
14.6217
14.8882
15.1678
15.4611
15.7687
16.091
16.4287
16.7821
17.1518
17.5383
17.9419
18.3632
18.8024
19.26
19.7362
20.2314
20.7455
21.2791
21.8316
22.4037
22.9945
23.6045
24.2328
24.8796
25.544
26.2254
26.9233
27.6365
28.3647
29.1058
29.8603
30.6254
31.4016
32.1859
32.9788
33.7773
34.5825
35.3915
36.2049
37.02
37.8366
38.6524
39.4677
40.2822
41.0947
41.9072
42.7202
43.5341
44.3489
45.1594
45.9633
46.7471
47.5208
48.2812
49.0465
49.809
50.5753
51.3434
52.1132
52.8852
53.6585
54.4286
55.1951
55.9557
56.711
57.4578
58.208
58.9462
59.6803
60.4095
61.1257
61.8437
62.5528
63.2572
63.9688
64.6725
65.3839
66.1073
66.8256
67.5552
68.2884
69.0347
69.7904
70.5601
71.3463
72.1483
72.9686
73.8082
74.6723
75.5616
76.4818
77.4338
78.4245
79.4557
80.5343
81.6608
82.8416
84.0759
85.3695
86.721
88.1362
89.6138
91.16
92.7741
94.4626
96.2261
98.0708
99.9986
102.015
104.124
106.33
108.636
111.052
113.574
116.224
118.979
121.9
124.9
128.145
131.395
135.053
138.542
142.774
146.466
151.573
155.407
161.922
165.869
175.038
12.815
12.7933
12.7717
12.7501
12.7287
12.7073
12.686
12.6647
12.6435
12.6225
12.6014
12.5805
12.5597
12.5389
12.5183
12.4977
12.4772
12.4568
12.4366
12.4164
12.3963
12.3763
12.3564
12.3366
12.3169
12.2973
12.2778
12.2585
12.2392
12.22
12.2009
12.182
12.1631
12.1444
12.1258
12.1072
12.0888
12.0705
12.0523
12.0341
12.0161
11.9982
11.9804
11.9627
11.9451
11.9276
11.9102
11.8929
11.8757
11.8586
11.8416
11.8247
11.8079
11.7911
11.7745
11.7579
11.7415
11.7251
11.7088
11.6926
11.6765
11.6604
11.6445
11.6286
11.6128
11.5971
11.5814
11.5659
11.5503
11.5349
11.5196
11.5043
11.489
11.4739
11.4588
11.4437
11.4288
11.4139
11.399
11.3842
11.3695
11.3549
11.3403
11.3257
11.3112
11.2968
11.2824
11.2681
11.2539
11.2397
11.2255
11.2114
11.1974
11.1835
11.1695
11.1557
11.1419
11.1282
11.1145
11.1009
11.0874
11.0739
11.0605
11.0472
11.034
11.0208
11.0077
10.9947
10.9817
10.9689
10.9561
10.9435
10.9309
10.9184
10.9061
10.8938
10.8817
10.8696
10.8577
10.8459
10.8343
10.8228
10.8115
10.8002
10.7892
10.7783
10.7676
10.7571
10.7468
10.7367
10.7268
10.717
10.7076
10.6983
10.6894
10.6807
10.6722
10.664
10.6561
10.6485
10.6413
10.6344
10.6278
10.6216
10.6159
10.6105
10.6055
10.601
10.597
10.5934
10.5903
10.5878
10.5858
10.5843
10.5835
10.5827
10.583
10.5842
10.5862
10.5888
10.5922
10.5965
10.6015
10.6074
10.6143
10.6221
10.6309
10.6408
10.6518
10.6638
10.6771
10.6916
10.7075
10.7248
10.7435
10.7637
10.7855
10.809
10.8342
10.8612
10.8902
10.9211
10.9541
10.9892
11.0267
11.0666
11.1089
11.154
11.2018
11.2525
11.3062
11.3632
11.4235
11.4873
11.5549
11.6263
11.7018
11.7817
11.866
11.9552
12.0493
12.1488
12.2537
12.3645
12.4815
12.6049
12.7352
12.8726
13.0176
13.1707
13.3321
13.5025
13.6821
13.8717
14.0717
14.2827
14.5053
14.7401
14.9878
15.249
15.5244
15.8148
16.121
16.4436
16.7837
17.1418
17.5191
17.9162
18.3342
18.7739
19.2363
19.7221
20.2324
20.768
21.3296
21.9184
22.5347
23.1795
23.8532
24.5566
25.29
26.0536
26.8478
27.6725
28.5278
29.4132
30.3287
31.273
32.2463
33.2464
34.2734
35.3246
36.3996
37.4955
38.6114
39.7443
40.8924
42.0532
43.2236
44.4023
45.5846
46.7713
47.9562
49.1413
50.3203
51.4944
52.6575
53.8128
54.9532
56.0815
57.1927
58.2849
59.3562
60.4078
61.44
62.4455
63.4374
64.4077
65.3641
66.2998
67.2162
68.1143
68.979
69.8396
70.6492
71.4802
72.2752
73.0612
73.8422
74.6136
75.3685
76.1271
76.8574
77.5844
78.2843
78.9611
79.6077
80.2607
80.8666
81.4685
82.0411
82.5815
83.1254
83.6171
84.1131
84.6215
85.0926
85.5943
86.1053
86.5821
87.0941
87.5927
88.1196
88.6412
89.1869
89.7506
90.3315
90.9347
91.5635
92.2231
92.9123
93.6387
94.4029
95.215
96.0768
96.997
97.9746
99.0164
100.119
101.29
102.525
103.829
105.201
106.647
108.165
109.763
111.44
113.203
115.054
116.997
119.037
121.175
123.421
125.772
128.242
130.828
133.536
136.39
139.351
142.517
145.736
149.298
152.768
156.884
160.571
165.551
169.396
175.831
179.82
189.155
12.8652
12.8461
12.8271
12.8083
12.7896
12.771
12.7526
12.7344
12.7163
12.6983
12.6805
12.6629
12.6454
12.628
12.6108
12.5938
12.5768
12.5601
12.5435
12.527
12.5107
12.4945
12.4785
12.4627
12.4469
12.4313
12.4159
12.4006
12.3854
12.3704
12.3555
12.3407
12.3261
12.3115
12.2972
12.2829
12.2688
12.2547
12.2408
12.2271
12.2134
12.1998
12.1864
12.173
12.1598
12.1466
12.1336
12.1206
12.1077
12.095
12.0823
12.0697
12.0572
12.0447
12.0324
12.0201
12.0079
11.9957
11.9837
11.9717
11.9597
11.9478
11.936
11.9243
11.9126
11.9009
11.8893
11.8778
11.8663
11.8549
11.8435
11.8321
11.8208
11.8096
11.7984
11.7872
11.7761
11.765
11.754
11.743
11.732
11.7211
11.7103
11.6994
11.6887
11.6779
11.6672
11.6566
11.646
11.6355
11.625
11.6145
11.6041
11.5938
11.5835
11.5734
11.5632
11.5531
11.5432
11.5332
11.5234
11.5136
11.504
11.4944
11.4849
11.4756
11.4663
11.4572
11.4481
11.4392
11.4305
11.4218
11.4134
11.405
11.3969
11.3889
11.3811
11.3735
11.3661
11.3588
11.3518
11.345
11.3385
11.3323
11.3262
11.3205
11.3151
11.31
11.3052
11.3007
11.2966
11.2929
11.2895
11.2865
11.2839
11.2819
11.2801
11.2793
11.2778
11.2778
11.2783
11.2793
11.2809
11.2832
11.286
11.2896
11.2938
11.2988
11.3046
11.3112
11.3186
11.3269
11.3361
11.3463
11.3575
11.3697
11.3829
11.3974
11.413
11.4299
11.4481
11.4677
11.4887
11.5113
11.5353
11.5611
11.5885
11.6177
11.6488
11.6819
11.7169
11.7542
11.7937
11.8355
11.8799
11.9268
11.9765
12.029
12.0845
12.1431
12.2051
12.2705
12.3395
12.4123
12.4892
12.5703
12.6558
12.746
12.8412
12.9415
13.0473
13.1588
13.2764
13.4003
13.531
13.6688
13.8141
13.9673
14.1289
14.2993
14.479
14.6686
14.8687
15.0797
15.3024
15.5374
15.7856
16.0474
16.3238
16.6156
16.9237
17.2489
17.5923
17.9549
18.3376
18.7417
19.1682
19.6183
20.0934
20.5945
21.1232
21.6806
22.2681
22.8872
23.5391
24.2252
24.9469
25.7054
26.5022
27.3381
28.2146
29.1324
30.0926
31.0959
32.1427
33.2338
34.3689
35.5484
36.7716
38.0384
39.3476
40.6983
42.089
43.5179
44.9834
46.4824
48.0134
49.5722
51.1573
52.7629
54.3881
56.0259
57.6754
59.3296
60.9863
62.6399
64.2869
65.9228
67.5427
69.145
70.7227
72.2782
73.8026
75.3016
76.7638
78.1951
79.5852
80.9448
82.2576
83.5405
84.7777
85.9658
87.1129
88.2229
89.2934
90.3049
91.3199
92.2799
93.2367
94.131
94.9943
95.8045
96.5495
97.314
97.8842
98.6862
99.3312
99.9039
100.579
101.197
101.723
102.35
102.861
103.418
103.86
104.28
104.63
105.025
105.31
105.624
105.845
106.059
106.231
106.254
106.441
106.611
106.704
106.919
107.101
107.231
107.455
107.619
107.864
108.023
108.284
108.538
108.82
109.145
109.516
109.93
110.382
110.886
111.439
112.057
112.74
113.499
114.329
115.237
116.216
117.272
118.4
119.605
120.884
122.243
123.679
125.202
126.808
128.506
130.295
132.181
134.168
136.254
138.454
140.756
143.185
145.72
148.392
151.187
154.113
157.207
160.394
163.865
167.309
171.307
174.98
179.821
183.667
190.001
194.036
203.585
12.9817
12.9674
12.9533
12.9395
12.9258
12.9124
12.8992
12.8862
12.8734
12.8608
12.8484
12.8362
12.8242
12.8124
12.8007
12.7893
12.7781
12.767
12.7561
12.7454
12.7348
12.7244
12.7142
12.7041
12.6942
12.6844
12.6748
12.6653
12.6559
12.6467
12.6376
12.6286
12.6197
12.611
12.6023
12.5938
12.5854
12.577
12.5688
12.5606
12.5525
12.5445
12.5366
12.5287
12.5209
12.5132
12.5056
12.498
12.4904
12.4829
12.4755
12.4681
12.4607
12.4534
12.4461
12.4388
12.4316
12.4244
12.4173
12.4101
12.403
12.3959
12.3889
12.3818
12.3748
12.3678
12.3608
12.3538
12.3469
12.3399
12.333
12.3261
12.3192
12.3123
12.3055
12.2987
12.2919
12.2851
12.2783
12.2716
12.2649
12.2582
12.2516
12.245
12.2385
12.232
12.2255
12.2191
12.2128
12.2065
12.2003
12.1942
12.1882
12.1822
12.1763
12.1706
12.1649
12.1593
12.1539
12.1486
12.1434
12.1384
12.1335
12.1288
12.1243
12.12
12.1158
12.1119
12.1082
12.1047
12.1014
12.0985
12.0957
12.0933
12.0912
12.0893
12.0879
12.0867
12.086
12.0853
12.0853
12.0858
12.0867
12.088
12.0898
12.0921
12.095
12.0984
12.1023
12.1069
12.1121
12.1179
12.1245
12.1317
12.1397
12.1485
12.1581
12.1685
12.1798
12.192
12.2052
12.2194
12.2347
12.2511
12.2686
12.2873
12.3073
12.3286
12.3512
12.3753
12.4008
12.4279
12.4566
12.487
12.5191
12.5531
12.5891
12.627
12.6671
12.7093
12.7539
12.8009
12.8505
12.9026
12.9576
13.0154
13.0763
13.1404
13.2078
13.2787
13.3533
13.4317
13.5142
13.601
13.6921
13.7881
13.8889
13.995
14.1065
14.2238
14.347
14.4767
14.6131
14.7566
14.9075
15.0664
15.2335
15.4095
15.5946
15.7896
15.995
16.2113
16.4392
16.6793
16.9324
17.1992
17.4806
17.7772
18.0902
18.4202
18.7685
19.1359
19.5237
19.933
20.365
20.821
21.3023
21.8104
22.3467
22.9127
23.5102
24.1405
24.8056
25.507
26.2466
27.0262
27.8474
28.7123
29.6224
30.5797
31.5857
32.6422
33.7505
34.9123
36.1288
37.4011
38.7301
40.1165
41.5609
43.0632
44.6236
46.2412
47.9157
49.6454
51.429
53.2646
55.1495
57.0816
59.0568
61.0727
63.1242
65.208
67.3192
69.453
71.6046
73.7683
75.9397
78.1116
80.2807
82.4378
84.5816
86.7012
88.7965
90.8578
92.882
94.8638
96.7993
98.6852
100.516
102.293
104.007
105.668
107.267
108.814
110.287
111.709
113.053
114.356
115.573
116.786
117.892
118.931
119.937
120.902
121.797
122.611
123.545
124.317
125.218
125.896
126.54
127.036
127.459
127.902
127.707
129.3
129.718
129.324
130.294
130.651
130.32
131.035
131.256
131.473
131.499
131.465
131.334
131.224
131.043
130.862
130.611
130.363
129.686
128.898
129.047
128.712
128.36
128.353
128.276
128.157
128.032
127.902
127.807
127.356
127.455
127.234
127.151
127.187
127.305
127.47
127.688
127.985
128.349
128.8
129.338
129.97
130.688
131.497
132.387
133.364
134.418
135.557
136.774
138.077
139.463
140.939
142.504
144.164
145.919
147.772
149.728
151.784
153.957
156.229
158.632
161.13
163.773
166.52
169.413
172.441
175.594
178.975
182.386
186.26
189.907
194.591
198.425
204.633
208.715
218.566
13.2249
13.2184
13.2121
13.2061
13.2003
13.1948
13.1895
13.1844
13.1795
13.1749
13.1704
13.1662
13.1621
13.1582
13.1545
13.151
13.1476
13.1444
13.1413
13.1383
13.1355
13.1328
13.1303
13.1278
13.1254
13.1232
13.121
13.1189
13.1169
13.1149
13.1131
13.1112
13.1095
13.1077
13.1061
13.1044
13.1028
13.1012
13.0997
13.0981
13.0966
13.0951
13.0935
13.092
13.0905
13.089
13.0875
13.0859
13.0844
13.0828
13.0812
13.0796
13.078
13.0763
13.0747
13.073
13.0712
13.0695
13.0677
13.066
13.0641
13.0623
13.0605
13.0586
13.0567
13.0548
13.0529
13.0509
13.049
13.0471
13.0451
13.0432
13.0413
13.0393
13.0374
13.0356
13.0337
13.0319
13.0301
13.0284
13.0268
13.0252
13.0236
13.0222
13.0208
13.0196
13.0184
13.0174
13.0164
13.0157
13.015
13.0146
13.0143
13.0142
13.0143
13.0146
13.0151
13.0158
13.0169
13.0182
13.0198
13.0216
13.0238
13.0264
13.0293
13.0326
13.0363
13.0403
13.0449
13.0499
13.0554
13.0614
13.0679
13.075
13.0827
13.0909
13.0999
13.1094
13.1198
13.1308
13.1425
13.1551
13.1685
13.1828
13.198
13.2142
13.2313
13.2495
13.2687
13.2891
13.3106
13.3334
13.3574
13.3827
13.4094
13.4376
13.4673
13.4985
13.5314
13.566
13.6023
13.6405
13.6807
13.7228
13.7671
13.8136
13.8623
13.9135
13.9672
14.0234
14.0825
14.1443
14.2092
14.2771
14.3483
14.423
14.5011
14.583
14.6689
14.7588
14.853
14.9517
15.0552
15.1636
15.2772
15.3962
15.521
15.6518
15.7889
15.9326
16.0833
16.2414
16.4072
16.5811
16.7636
16.9552
17.1562
17.3674
17.5891
17.8221
18.0668
18.3241
18.5945
18.8789
19.178
19.4926
19.8237
20.172
20.5388
20.9249
21.3314
21.7597
22.2108
22.686
23.1868
23.7144
24.2704
24.8564
25.4741
26.1249
26.811
27.5338
28.2956
29.0979
29.9431
30.8328
31.7695
32.7548
33.7914
34.8806
36.0252
37.2266
38.4872
39.8085
41.1925
42.6406
44.1543
45.7349
47.3833
49.1004
50.8863
52.7417
54.6657
56.6584
58.7182
60.8444
63.0347
65.2872
67.5993
69.9674
72.3888
74.8581
77.3726
79.9258
82.5143
85.1314
87.772
90.4299
93.0989
95.7731
98.4453
101.11
103.76
106.39
108.993
111.563
114.095
116.58
119.017
121.394
123.713
125.962
128.145
130.249
132.274
134.217
136.082
137.864
139.56
141.171
142.691
144.152
145.546
146.867
148.067
149.229
150.233
151.29
152.183
153.242
153.91
154.632
155.364
156.001
156.457
156.938
157.709
158.022
159.327
159.615
159.789
159.781
159.692
158.998
158.173
157.855
157.48
157.211
156.839
157.355
157.266
156.493
156.615
156.477
155.902
155.119
154.465
153.867
153.196
152.653
151.939
151.339
150.673
149.914
149.379
148.886
148.323
147.937
147.47
147.118
146.706
146.542
146.272
145.877
145.614
145.365
145.183
145.011
144.932
144.848
144.869
145.016
145.253
145.597
146.047
146.609
147.269
148.032
148.882
149.826
150.851
151.965
153.162
154.448
155.82
157.285
158.841
160.493
162.241
164.086
166.036
168.082
170.248
172.506
174.895
177.366
179.987
182.69
185.552
188.514
191.628
194.915
198.279
202.024
205.622
210.131
213.931
219.984
224.12
234.389
13.6845
13.6889
13.6936
13.6984
13.7035
13.7087
13.7141
13.7196
13.7253
13.7312
13.7371
13.7432
13.7493
13.7555
13.7619
13.7682
13.7747
13.7812
13.7877
13.7942
13.8008
13.8074
13.814
13.8206
13.8271
13.8337
13.8402
13.8467
13.8532
13.8596
13.8659
13.8722
13.8785
13.8846
13.8908
13.8968
13.9027
13.9086
13.9144
13.9201
13.9258
13.9313
13.9367
13.9421
13.9474
13.9525
13.9576
13.9626
13.9675
13.9723
13.977
13.9817
13.9863
13.9907
13.9952
13.9995
14.0038
14.008
14.0122
14.0163
14.0204
14.0244
14.0284
14.0324
14.0363
14.0403
14.0443
14.0482
14.0522
14.0562
14.0603
14.0644
14.0686
14.0729
14.0772
14.0817
14.0862
14.0909
14.0957
14.1007
14.1059
14.1113
14.1169
14.1227
14.1287
14.135
14.1416
14.1485
14.1557
14.1632
14.1711
14.1794
14.1881
14.1973
14.2069
14.217
14.2276
14.2388
14.2505
14.2628
14.2757
14.2894
14.3036
14.3186
14.3344
14.351
14.3684
14.3866
14.4058
14.4259
14.447
14.4692
14.4924
14.5167
14.5422
14.569
14.597
14.6263
14.657
14.6892
14.7228
14.758
14.7949
14.8334
14.8738
14.9159
14.96
15.0061
15.0543
15.1046
15.1572
15.2122
15.2696
15.3296
15.3922
15.4576
15.5259
15.5973
15.6717
15.7495
15.8306
15.9154
16.0038
16.0961
16.1925
16.2932
16.3983
16.5081
16.6227
16.7425
16.8675
16.9981
17.1345
17.277
17.4259
17.5815
17.7441
17.914
18.0917
18.2775
18.4718
18.675
18.8877
19.1101
19.343
19.5867
19.8419
20.1093
20.3893
20.6828
20.9904
21.3128
21.6509
22.0055
22.3774
22.7676
23.1771
23.6069
24.0581
24.5319
25.0295
25.5521
26.1011
26.6778
27.2838
27.9205
28.5896
29.2928
30.0318
30.8083
31.6242
32.4815
33.3822
34.3281
35.3215
36.3642
37.4587
38.6068
39.8109
41.0727
42.3949
43.7789
45.2274
46.7415
48.3238
49.9753
51.698
53.4928
55.3613
57.3038
59.3218
61.4146
63.5832
65.8267
68.1448
70.5363
72.9999
75.534
78.1357
80.8034
83.5328
86.3217
89.1648
92.0598
95.0001
97.9829
101.001
104.05
107.124
110.217
113.322
116.432
119.543
122.645
125.736
128.804
131.847
134.855
137.825
140.748
143.62
146.433
149.185
151.87
154.482
157.017
159.468
161.831
164.107
166.286
168.373
170.356
172.246
174.023
175.692
177.263
178.765
180.152
181.436
182.614
183.704
184.792
185.893
186.81
187.487
188.252
188.597
189.903
189.982
191.259
190.65
191.458
191.676
191.688
191.018
191.273
190.816
190.596
190.116
189.289
188.625
187.88
187.209
186.445
185.561
184.744
183.938
183.211
182.449
181.801
181.181
180.367
179.62
178.893
178.106
177.199
176.325
175.432
174.5
173.655
172.746
171.885
171.04
170.176
169.374
168.664
167.943
167.336
166.711
166.185
165.642
165.222
164.834
164.404
164.006
163.614
163.301
162.887
162.63
162.211
162.207
162.318
162.525
162.842
163.275
163.833
164.495
165.268
166.131
167.09
168.132
169.267
170.485
171.794
173.19
174.678
176.257
177.928
179.695
181.553
183.516
185.571
187.745
189.998
192.381
194.829
197.429
200.087
202.913
205.804
208.871
212.054
215.351
218.955
222.47
226.782
230.516
236.386
240.582
251.316
14.4851
14.5035
14.522
14.5405
14.5591
14.5776
14.5961
14.6146
14.6331
14.6515
14.6698
14.6881
14.7062
14.7243
14.7422
14.7601
14.7778
14.7953
14.8127
14.83
14.8471
14.864
14.8807
14.8973
14.9137
14.9299
14.9459
14.9617
14.9773
14.9927
15.0079
15.0229
15.0377
15.0522
15.0666
15.0808
15.0948
15.1086
15.1222
15.1356
15.1489
15.1619
15.1748
15.1876
15.2001
15.2125
15.2248
15.2369
15.2489
15.2608
15.2726
15.2843
15.2959
15.3074
15.3189
15.3303
15.3417
15.3531
15.3644
15.3758
15.3873
15.3987
15.4102
15.4219
15.4336
15.4454
15.4574
15.4695
15.4818
15.4943
15.5071
15.5201
15.5334
15.547
15.5609
15.5752
15.5898
15.6049
15.6204
15.6364
15.6529
15.6699
15.6875
15.7057
15.7245
15.744
15.7642
15.7851
15.8068
15.8294
15.8528
15.8772
15.9025
15.9288
15.9562
15.9846
16.0142
16.045
16.0771
16.1104
16.1451
16.1813
16.2189
16.258
16.2988
16.3413
16.3855
16.4316
16.4795
16.5294
16.5814
16.6355
16.6919
16.7505
16.8116
16.8752
16.9414
17.0103
17.0821
17.1568
17.2346
17.3155
17.3998
17.4875
17.5788
17.6738
17.7727
17.8757
17.9829
18.0945
18.2107
18.3316
18.4576
18.5888
18.7255
18.8678
19.016
19.1703
19.3311
19.4987
19.6732
19.8551
20.0447
20.2423
20.4482
20.663
20.8869
21.1205
21.364
21.6182
21.8834
22.1601
22.449
22.7507
23.0657
23.3947
23.7384
24.0975
24.4727
24.8649
25.2749
25.7035
26.1517
26.6205
27.1107
27.6236
28.1603
28.7218
29.3094
29.9244
30.5681
31.2419
31.9472
32.6856
33.4586
34.2677
35.1147
36.0013
36.9293
37.9004
38.9165
39.9795
41.0913
42.2539
43.4692
44.7392
46.0658
47.451
48.8967
50.4048
51.9772
53.6155
55.3216
57.0968
58.9429
60.8607
62.852
64.9171
67.0574
69.2728
71.5645
73.9315
76.3746
78.8923
81.4851
84.1503
86.8883
89.6952
92.5715
95.5121
98.5169
101.58
104.701
107.874
111.097
114.363
117.67
121.012
124.383
127.78
131.196
134.626
138.064
141.506
144.943
148.373
151.787
155.181
158.546
161.879
165.172
168.42
171.62
174.76
177.844
180.855
183.8
186.66
189.447
192.139
194.746
197.26
199.684
202.007
204.225
206.331
208.33
210.21
212.004
213.665
215.225
216.67
217.999
219.18
220.279
221.294
222.35
223.184
223.896
224.474
225.024
225.65
226.884
227.188
226.769
227.267
227.208
226.551
225.741
225.251
224.545
223.942
223.402
222.722
221.873
221.154
220.181
219.215
218.192
217.009
215.847
214.648
213.481
212.314
211.114
209.931
208.779
207.654
206.554
205.463
204.425
203.318
202.226
201.144
200.052
198.916
197.803
196.692
195.578
194.516
193.451
192.423
191.421
190.455
189.508
188.658
187.82
187.084
186.351
185.714
185.086
184.525
184.022
183.492
183.014
182.468
182.091
181.372
181.123
180.393
180.289
180.503
180.772
181.139
181.625
182.244
182.969
183.806
184.73
185.753
186.857
188.057
189.336
190.705
192.158
193.699
195.326
197.037
198.842
200.73
202.721
204.797
206.987
209.239
211.615
214.037
216.609
219.216
221.995
224.805
227.808
230.869
234.074
237.517
240.904
244.993
248.618
254.279
258.533
269.749
15.8023
15.8372
15.8719
15.9063
15.9404
15.9742
16.0077
16.0409
16.0737
16.1062
16.1383
16.17
16.2014
16.2324
16.263
16.2932
16.323
16.3524
16.3815
16.4101
16.4384
16.4662
16.4937
16.5208
16.5475
16.5738
16.5998
16.6254
16.6506
16.6755
16.7001
16.7243
16.7482
16.7718
16.7951
16.8182
16.8409
16.8635
16.8858
16.9079
16.9297
16.9515
16.973
16.9944
17.0157
17.0369
17.0581
17.0791
17.1002
17.1212
17.1423
17.1635
17.1847
17.206
17.2275
17.2492
17.271
17.2931
17.3155
17.3382
17.3612
17.3845
17.4083
17.4326
17.4573
17.4826
17.5084
17.5349
17.562
17.5898
17.6184
17.6477
17.6779
17.7091
17.7411
17.7742
17.8084
17.8436
17.88
17.9177
17.9566
17.9969
18.0386
18.0817
18.1265
18.1728
18.2209
18.2707
18.3224
18.3761
18.4317
18.4895
18.5494
18.6116
18.6762
18.7432
18.8128
18.8851
18.9602
19.0382
19.1192
19.2034
19.2908
19.3815
19.4758
19.5738
19.6755
19.7812
19.891
20.0051
20.1236
20.2467
20.3746
20.5075
20.6457
20.7892
20.9384
21.0935
21.2547
21.4223
21.5965
21.7775
21.9657
22.1614
22.3648
22.5764
22.7964
23.0252
23.2631
23.5107
23.7682
24.0361
24.3149
24.605
24.9069
25.2212
25.5484
25.889
26.2438
26.6133
26.9981
27.399
27.8166
28.2517
28.7051
29.1776
29.6701
30.1833
30.7183
31.2759
31.8573
32.4634
33.0954
33.7542
34.4412
35.1574
35.9042
36.6829
37.4948
38.3412
39.2236
40.1435
41.1023
42.1016
43.1428
44.2276
45.3576
46.5344
47.7596
49.035
50.362
51.7425
53.1779
54.67
56.2202
57.8303
59.5015
61.2355
63.0336
64.897
66.8269
68.8246
70.8907
73.0264
75.2321
77.5085
79.8559
82.2745
84.7643
87.325
89.9564
92.6576
95.4281
98.2663
101.172
104.142
107.176
110.27
113.425
116.635
119.901
123.216
126.581
129.989
133.44
136.927
140.449
144
147.579
151.177
154.795
158.424
162.064
165.706
169.348
172.985
176.611
180.223
183.813
187.38
190.916
194.42
197.883
201.306
204.677
208
211.26
214.462
217.592
220.651
223.634
226.536
229.357
232.084
234.732
237.265
239.718
242.04
244.283
246.382
248.411
250.331
252.153
253.83
255.391
256.772
258.146
259.316
260.518
261.474
262.39
263.101
263.661
263.996
264.705
264.911
265.927
266.123
266.189
265.587
264.895
264.417
263.993
263.424
262.674
261.961
261.156
260.236
259.102
257.929
256.686
255.411
254.138
252.794
251.382
249.97
248.46
246.91
245.368
243.771
242.181
240.594
239.023
237.485
235.96
234.455
232.979
231.548
230.161
228.792
227.465
226.138
224.815
223.513
222.222
220.921
219.64
218.376
217.131
215.928
214.751
213.618
212.518
211.478
210.454
209.526
208.622
207.813
207.018
206.322
205.646
205.027
204.467
203.859
203.349
202.664
202.22
201.333
201.101
200.173
200.16
200.463
200.827
201.304
201.908
202.65
203.489
204.441
205.47
206.603
207.815
209.123
210.499
211.96
213.497
215.113
216.804
218.569
220.427
222.351
224.383
226.485
228.69
230.931
233.291
235.679
238.21
240.752
243.467
246.178
249.092
252.001
255.083
258.332
261.526
265.367
268.825
274.253
278.546
290.222
17.8994
17.9527
18.0052
18.057
18.1081
18.1584
18.208
18.2569
18.305
18.3524
18.3991
18.4451
18.4903
18.5349
18.5788
18.622
18.6645
18.7064
18.7477
18.7884
18.8284
18.8679
18.9069
18.9453
18.9832
19.0207
19.0577
19.0943
19.1304
19.1663
19.2018
19.237
19.272
19.3067
19.3413
19.3757
19.41
19.4442
19.4784
19.5126
19.5469
19.5813
19.6158
19.6505
19.6855
19.7208
19.7564
19.7924
19.8288
19.8658
19.9033
19.9415
19.9803
20.0199
20.0603
20.1016
20.1439
20.1871
20.2314
20.2769
20.3236
20.3715
20.4208
20.4716
20.5239
20.5778
20.6334
20.6909
20.7502
20.8114
20.8748
20.9403
21.0081
21.0783
21.1509
21.2261
21.304
21.3848
21.4684
21.5552
21.6451
21.7384
21.8351
21.9355
22.0396
22.1476
22.2596
22.3759
22.4965
22.6217
22.7516
22.8864
23.0263
23.1716
23.3223
23.4789
23.6413
23.81
23.9852
24.1671
24.356
24.5521
24.7558
24.9672
25.1869
25.4149
25.6518
25.8977
26.1532
26.4186
26.6942
26.9805
27.2779
27.5869
27.9079
28.2414
28.5879
28.9479
29.322
29.7108
30.1149
30.5349
30.9715
31.4253
31.897
32.3874
32.8971
33.4271
33.978
34.5508
35.1462
35.7651
36.4086
37.0775
37.7729
38.4956
39.2469
40.0277
40.8392
41.6824
42.5586
43.469
44.4147
45.397
46.4171
47.4764
48.5761
49.7175
50.9019
52.1307
53.4052
54.7266
56.0964
57.5157
58.9859
60.5083
62.084
63.7144
65.4004
67.1433
68.944
70.8037
72.7231
74.7032
76.7447
78.8482
81.0144
83.2437
85.5364
87.8928
90.313
92.797
95.3446
97.9556
100.629
103.366
106.163
109.022
111.94
114.917
117.95
121.04
124.184
127.38
130.626
133.921
137.261
140.646
144.073
147.539
151.041
154.577
158.144
161.74
165.361
169.005
172.669
176.348
180.042
183.745
187.457
191.171
194.887
198.6
202.308
206.005
209.692
213.361
217.014
220.642
224.247
227.82
231.362
234.866
238.332
241.752
245.126
248.447
251.715
254.924
258.072
261.156
264.172
267.12
269.984
272.781
275.483
278.107
280.627
283.063
285.394
287.637
289.77
291.815
293.759
295.558
297.267
298.804
300.282
301.576
302.936
304.125
305.197
306.01
306.734
307.074
308.429
308.415
309.374
309.58
309.686
309.163
308.571
308.037
307.492
306.928
306.461
305.701
304.965
304.013
302.873
301.697
300.416
299.086
297.639
296.147
294.61
293.057
291.405
289.676
287.918
286.104
284.293
282.428
280.525
278.615
276.665
274.675
272.7
270.716
268.754
266.823
264.925
263.076
261.262
259.494
257.767
256.092
254.478
252.907
251.379
249.882
248.405
246.96
245.541
244.139
242.764
241.416
240.106
238.835
237.61
236.435
235.303
234.241
233.2
232.254
231.345
230.512
229.704
229.004
228.326
227.71
227.151
226.525
226.027
225.214
224.747
223.805
223.64
222.667
222.903
223.298
223.785
224.428
225.214
226.132
227.13
228.243
229.42
230.716
232.08
233.534
235.035
236.614
238.255
239.957
241.717
243.545
245.464
247.425
249.506
251.628
253.831
256.041
258.37
260.706
263.174
265.634
268.255
270.838
273.625
276.339
279.258
282.257
285.176
288.739
291.949
297.113
301.426
313.818
21.2084
21.2811
21.3524
21.4225
21.4913
21.559
21.6255
21.6908
21.755
21.8182
21.8804
21.9416
22.0018
22.0612
22.1197
22.1774
22.2344
22.2907
22.3463
22.4014
22.456
22.5101
22.5638
22.6172
22.6703
22.7233
22.7761
22.8289
22.8818
22.9347
22.9878
23.0412
23.095
23.1491
23.2038
23.2591
23.3151
23.3718
23.4294
23.488
23.5476
23.6083
23.6703
23.7336
23.7985
23.8649
23.933
24.0029
24.0747
24.1486
24.2246
24.303
24.3837
24.467
24.553
24.6418
24.7336
24.8285
24.9267
25.0283
25.1334
25.2424
25.3552
25.4722
25.5934
25.7191
25.8495
25.9847
26.1248
26.2703
26.4212
26.5778
26.7403
26.909
27.0839
27.2657
27.4542
27.6501
27.8534
28.0646
28.2838
28.5115
28.748
28.9936
29.2486
29.5134
29.7884
30.0739
30.3704
30.6783
30.9981
31.3301
31.6749
32.0331
32.4049
32.7911
33.192
33.6085
34.0409
34.4899
34.9561
35.4402
35.943
36.4651
37.0072
37.5702
38.1548
38.7617
39.3919
40.0461
40.7252
41.4302
42.1618
42.9212
43.7092
44.5268
45.375
46.2549
47.1674
48.1137
49.0948
50.1119
51.1659
52.2581
53.3896
54.5614
55.7748
57.0308
58.3306
59.6753
61.0659
62.5037
63.9896
65.5247
67.11
68.7465
70.435
72.1765
73.9719
75.8218
77.7271
79.6882
81.706
83.7807
85.913
88.103
90.3512
92.6575
95.022
97.4447
99.9255
102.464
105.06
107.713
110.422
113.187
116.006
118.879
121.806
124.783
127.812
130.889
134.014
137.184
140.4
143.658
146.957
150.295
153.671
157.082
160.526
164.002
167.507
171.04
174.597
178.178
181.78
185.401
189.038
192.69
196.355
200.031
203.714
207.405
211.099
214.797
218.494
222.19
225.883
229.57
233.249
236.919
240.578
244.224
247.854
251.467
255.061
258.633
262.183
265.706
269.203
272.668
276.104
279.504
282.87
286.195
289.482
292.724
295.923
299.071
302.172
305.216
308.207
311.137
314.008
316.813
319.551
322.215
324.809
327.328
329.77
332.131
334.412
336.605
338.704
340.735
342.643
344.458
346.152
347.748
349.235
350.651
351.914
353.195
354.27
355.161
355.944
356.563
357.084
357.744
358.553
358.929
359.128
358.679
358.271
357.799
357.431
356.893
356.381
355.621
354.86
353.887
352.763
351.534
350.189
348.768
347.362
345.786
344.212
342.517
340.711
338.846
336.897
334.903
332.853
330.754
328.604
326.451
324.289
322.077
319.854
317.574
315.308
312.999
310.685
308.364
306.045
303.708
301.399
299.106
296.851
294.646
292.494
290.408
288.375
286.408
284.496
282.651
280.88
279.174
277.525
275.926
274.363
272.847
271.37
269.937
268.538
267.178
265.874
264.61
263.41
262.267
261.171
260.149
259.149
258.252
257.411
256.585
255.822
255.178
254.556
254.003
253.506
252.964
252.462
251.556
251.254
250.183
250.165
249.508
249.936
250.496
251.162
252.043
253.067
254.204
255.402
256.721
258.094
259.614
261.173
262.804
264.446
266.162
267.913
269.701
271.525
273.426
275.403
277.398
279.529
281.64
283.808
285.957
288.24
290.497
292.869
295.217
297.697
300.111
302.706
305.166
307.86
310.516
313.065
316.311
319.167
324.01
328.303
341.459
26.513
26.6063
26.698
26.7882
26.8769
26.9642
27.0504
27.1355
27.2196
27.3028
27.3853
27.4671
27.5485
27.6295
27.7102
27.7907
27.8713
27.952
28.033
28.1144
28.1963
28.279
28.3626
28.4473
28.5331
28.6203
28.7091
28.7995
28.8918
28.9862
29.0827
29.1816
29.2831
29.3874
29.4946
29.6049
29.7186
29.8358
29.9568
30.0818
30.211
30.3447
30.4831
30.6263
30.7747
30.9286
31.0881
31.2535
31.4251
31.6032
31.7881
31.9799
32.1793
32.3862
32.6013
32.8246
33.0567
33.2979
33.5486
33.8092
34.0801
34.3618
34.6546
34.959
35.2755
35.6045
35.9464
36.3019
36.6713
37.0553
37.4544
37.8693
38.3003
38.7484
39.2139
39.6978
40.2004
40.7227
41.2654
41.829
42.4146
43.0227
43.6543
44.3103
44.9915
45.6989
46.4333
47.1958
47.9872
48.8087
49.6611
50.5455
51.4631
52.4146
53.4015
54.4245
55.485
56.5838
57.7223
58.9016
60.1226
61.3866
62.6947
64.048
65.4476
66.8945
68.3899
69.9348
71.5303
73.1773
74.8768
76.6297
78.4368
80.2991
82.2172
84.1918
86.2236
88.313
90.4606
92.6668
94.9317
97.2557
99.6388
102.081
104.582
107.142
109.76
112.437
115.17
117.96
120.807
123.708
126.663
129.671
132.73
135.84
138.998
142.204
145.455
148.75
152.087
155.463
158.878
162.33
165.815
169.332
172.879
176.453
180.053
183.676
187.321
190.984
194.664
198.358
202.065
205.782
209.508
213.24
216.976
220.715
224.455
228.195
231.931
235.664
239.391
243.111
246.823
250.525
254.217
257.896
261.563
265.215
268.853
272.474
276.078
279.664
283.231
286.779
290.306
293.812
297.295
300.756
304.192
307.606
310.992
314.354
317.688
320.995
324.273
327.521
330.739
333.925
337.078
340.197
343.282
346.33
349.342
352.314
355.247
358.136
360.985
363.785
366.542
369.248
371.907
374.511
377.064
379.557
381.998
384.369
386.689
388.933
391.115
393.23
395.274
397.24
399.124
400.925
402.649
404.289
405.847
407.304
408.69
409.959
411.182
412.325
413.282
414.124
414.852
415.445
416.02
416.475
416.783
417.49
417.379
417.148
416.899
416.482
416.08
415.49
415.042
414.374
413.572
412.51
411.341
410.031
408.714
407.253
405.722
404.063
402.345
400.528
398.594
396.581
394.473
392.273
390.061
387.757
385.422
383.038
380.591
378.103
375.558
372.972
370.359
367.716
365.052
362.38
359.73
357.058
354.409
351.721
349.071
346.393
343.743
341.095
338.491
335.892
333.346
330.834
328.376
325.984
323.663
321.427
319.255
317.168
315.149
313.214
311.369
309.606
307.915
306.294
304.718
303.208
301.742
300.358
298.992
297.701
296.483
295.304
294.221
293.195
292.192
291.284
290.378
289.601
288.921
288.072
287.448
286.933
286.428
286.001
285.68
285.361
285.029
283.901
284.14
283.156
282.871
282.983
283.597
284.33
285.227
286.426
287.732
289.117
290.556
292.14
293.77
295.59
297.373
299.195
300.979
302.845
304.695
306.552
308.432
310.42
312.441
314.458
316.621
318.659
320.742
322.798
325.016
327.143
329.37
331.56
333.817
335.99
338.298
340.422
342.797
344.972
347.045
349.912
352.256
356.667
360.797
374.674
35.4349
35.5595
35.6837
35.8078
35.932
36.0567
36.1821
36.3085
36.4363
36.5656
36.6968
36.8302
36.9662
37.1049
37.2468
37.3921
37.5412
37.6944
37.8521
38.0146
38.1823
38.3555
38.5346
38.7198
38.9118
39.1106
39.3169
39.5309
39.7532
39.984
40.2241
40.4735
40.733
41.0028
41.2837
41.5761
41.8804
42.1974
42.5275
42.8714
43.2298
43.6031
43.9921
44.3973
44.8194
45.259
45.717
46.1938
46.6905
47.2076
47.7462
48.3067
48.8905
49.498
50.1305
50.7886
51.4736
52.1862
52.9274
53.6984
54.5002
55.3339
56.2005
57.1014
58.0376
59.0105
60.0213
61.0712
62.1616
63.2937
64.4688
65.6881
66.9532
68.2652
69.6255
71.0353
72.4962
74.0092
75.5758
77.1972
78.8747
80.6095
82.4028
84.2558
86.1695
88.1451
90.1835
92.2857
94.4525
96.6849
98.9834
101.349
103.782
106.282
108.851
111.488
114.193
116.967
119.809
122.719
125.697
128.741
131.851
135.027
138.267
141.57
144.934
148.359
151.842
155.383
158.978
162.626
166.325
170.072
173.866
177.703
181.581
185.498
189.45
193.435
197.45
201.493
205.559
209.646
213.751
217.872
222.004
226.146
230.295
234.446
238.599
242.75
246.896
251.035
255.165
259.284
263.388
267.477
271.548
275.599
279.629
283.637
287.62
291.577
295.507
299.41
303.284
307.128
310.941
314.723
318.473
322.191
325.876
329.528
333.146
336.731
340.282
343.799
347.282
350.731
354.146
357.527
360.875
364.189
367.469
370.717
373.931
377.112
380.261
383.377
386.461
389.512
392.532
395.519
398.473
401.396
404.286
407.144
409.969
412.762
415.521
418.25
420.944
423.606
426.233
428.827
431.385
433.909
436.394
438.846
441.257
443.632
445.966
448.261
450.514
452.723
454.891
457.011
459.087
461.113
463.09
465.01
466.881
468.692
470.449
472.143
473.78
475.347
476.856
478.283
479.664
480.941
482.168
483.344
484.419
485.397
486.273
487.071
487.79
488.42
488.962
489.38
489.746
490.045
490.415
490.534
490.294
489.989
489.591
489.141
488.614
488.004
487.225
486.459
485.479
484.296
483.041
481.612
480.179
478.572
476.989
475.249
473.399
471.394
469.303
467.064
464.777
462.409
459.965
457.424
454.818
452.131
449.373
446.541
443.662
440.704
437.754
434.747
431.73
428.688
425.622
422.531
419.424
416.291
413.164
410.025
406.9
403.776
400.705
397.633
394.623
391.592
388.637
385.661
382.756
379.858
377.054
374.272
371.577
368.93
366.363
363.875
361.484
359.189
356.971
354.852
352.819
350.884
349.058
347.329
345.689
344.137
342.63
341.222
339.826
338.602
337.304
336.201
335.172
334.164
333.335
332.518
331.598
330.925
330.128
329.543
329.167
328.113
327.855
327.468
327.227
326.912
327.216
327.321
326.956
326.381
327.03
326.306
326.042
326.488
327.489
328.404
329.595
331.203
332.806
334.464
336.205
338.129
340.102
342.307
344.301
346.308
348.224
350.25
352.156
354.055
355.991
358.086
360.11
362.119
364.252
366.111
368.052
369.981
372.093
373.999
376.008
377.962
379.856
381.683
383.563
385.227
387.123
388.627
390.102
392.455
394.032
397.775
401.533
415.984
52.1145
52.3504
52.5944
52.8471
53.1092
53.3814
53.6643
53.9587
54.2652
54.5848
54.9179
55.2655
55.6283
56.0072
56.403
56.8167
57.2492
57.7015
58.1745
58.6689
59.186
59.7264
60.2913
60.8815
61.4985
62.1429
62.8164
63.5195
64.2542
65.0208
65.8218
66.6572
67.5296
68.4392
69.3884
70.3782
71.4101
72.4855
73.6061
74.7734
75.9891
77.2546
78.5718
79.9424
81.3682
82.8511
84.3928
85.9951
87.6596
89.3885
91.1831
93.0455
94.9771
96.9801
99.0556
101.206
103.432
105.735
108.118
110.581
113.126
115.754
118.466
121.264
124.147
127.117
130.175
133.32
136.555
139.877
143.288
146.788
150.376
154.052
157.814
161.662
165.596
169.613
173.711
177.891
182.148
186.481
190.888
195.366
199.912
204.524
209.197
213.929
218.717
223.555
228.441
233.371
238.34
243.345
248.38
253.442
258.527
263.629
268.745
273.871
279
284.131
289.257
294.376
299.482
304.573
309.643
314.69
319.71
324.7
329.656
334.576
339.456
344.294
349.088
353.834
358.533
363.18
367.775
372.316
376.802
381.232
385.604
389.918
394.173
398.369
402.506
406.582
410.599
414.557
418.455
422.294
426.075
429.797
433.462
437.07
440.622
444.118
447.56
450.947
454.281
457.564
460.794
463.975
467.105
470.188
473.222
476.21
479.151
482.048
484.9
487.709
490.475
493.2
495.884
498.527
501.132
503.698
506.226
508.718
511.173
513.592
515.977
518.327
520.644
522.927
525.178
527.396
529.583
531.739
533.863
535.955
538.016
540.046
542.044
544.011
545.946
547.849
549.72
551.56
553.365
555.141
556.881
558.59
560.26
561.899
563.497
565.061
566.583
568.071
569.513
570.92
572.277
573.597
574.862
576.089
577.266
578.393
579.473
580.492
581.45
582.34
583.176
583.943
584.652
585.287
585.861
586.351
586.785
587.117
587.415
587.568
587.727
587.908
587.811
587.602
587.299
586.948
586.516
585.98
585.348
584.598
583.766
582.814
581.798
580.704
579.373
577.951
576.37
574.746
573.039
571.212
569.242
567.182
565.018
562.691
560.305
557.744
555.148
552.438
549.693
546.862
543.944
540.905
537.791
534.566
531.284
527.939
524.542
521.077
517.575
514.008
510.41
506.748
503.085
499.363
495.679
491.972
488.293
484.615
480.961
477.297
473.662
470.014
466.413
462.817
459.276
455.757
452.323
448.916
445.613
442.307
439.129
435.927
432.857
429.788
426.885
423.987
421.243
418.542
415.965
413.483
411.138
408.883
406.725
404.675
402.761
400.914
399.224
397.65
396.176
394.819
393.471
392.294
390.977
390.126
388.86
388.199
387.522
386.752
386.477
385.875
384.738
384.732
383.855
383.696
383.668
384.054
384.551
384.024
384.493
383.875
384.765
385.275
385.211
385.249
386.371
385.954
385.791
386.576
387.923
388.964
390.539
392.628
394.502
396.477
398.604
400.979
403.41
406.063
408.186
410.357
412.389
414.57
416.444
418.364
420.373
422.579
424.521
426.433
428.39
429.94
431.699
433.434
435.347
436.862
438.56
440.13
441.415
442.74
443.99
444.949
446.131
446.688
447.383
448.926
449.286
452.077
455.058
469.561
91.233
92.108
93.03
94.0009
95.0217
96.0947
97.221
98.4033
99.6427
100.942
102.303
103.727
105.217
106.775
108.404
110.105
111.88
113.733
115.666
117.68
119.779
121.966
124.243
126.612
129.077
131.639
134.301
137.065
139.935
142.911
145.997
149.194
152.504
155.929
159.471
163.132
166.912
170.814
174.838
178.985
183.256
187.651
192.17
196.814
201.583
206.474
211.489
216.624
221.88
227.255
232.745
238.35
244.066
249.89
255.819
261.849
267.976
274.196
280.504
286.895
293.364
299.906
306.514
313.183
319.907
326.678
333.491
340.339
347.215
354.111
361.022
367.939
374.856
381.767
388.663
395.54
402.388
409.204
415.978
422.707
429.384
436.003
442.559
449.048
455.463
461.802
468.06
474.233
480.317
486.312
492.211
498.015
503.721
509.328
514.833
520.237
525.537
530.735
535.83
540.821
545.711
550.497
555.182
559.765
564.25
568.636
572.925
577.117
581.217
585.223
589.139
592.965
596.705
600.359
603.929
607.416
610.823
614.15
617.4
620.574
623.675
626.702
629.659
632.546
635.367
638.122
640.813
643.442
646.011
648.522
650.976
653.374
655.719
658.011
660.253
662.445
664.589
666.688
668.74
670.75
672.715
674.641
676.524
678.37
680.177
681.948
683.682
685.381
687.045
688.676
690.274
691.84
693.375
694.879
696.353
697.796
699.211
700.597
701.957
703.286
704.591
705.866
707.113
708.333
709.527
710.695
711.838
712.953
714.048
715.109
716.149
717.151
718.134
719.085
720.009
720.9
721.759
722.587
723.382
724.146
724.874
725.572
726.229
726.855
727.435
727.983
728.482
728.948
729.361
729.739
730.06
730.343
730.562
730.747
730.839
730.953
730.96
730.918
730.823
730.637
730.349
729.997
729.587
729.099
728.546
727.903
727.196
726.385
725.52
724.535
723.502
722.328
721.109
719.808
718.383
716.843
715.163
713.443
711.614
709.659
707.608
705.44
703.165
700.79
698.271
695.702
692.937
690.097
687.096
684.04
680.901
677.686
674.348
670.896
667.353
663.67
659.935
656.062
652.133
648.13
644.101
640.02
635.881
631.658
627.372
623.013
618.609
614.16
609.699
605.205
600.722
596.204
591.707
587.161
582.663
578.128
573.676
569.231
564.87
560.539
556.298
552.061
547.92
543.767
539.722
535.702
531.774
527.912
524.168
520.494
516.964
513.46
510.144
506.799
503.665
500.516
497.644
494.675
492.032
489.351
486.907
484.557
482.425
480.3
478.363
476.524
474.97
473.198
471.868
470.651
469.503
468.559
467.428
466.655
465.156
465.36
463.823
464.279
464.479
464.424
464.798
463.79
464.439
463.926
464.453
464.946
465.782
466.667
467.661
468.494
468.446
468.505
469.936
471.348
472.259
472.89
474.25
474.103
474.118
475.055
476.81
477.884
480
482.567
484.689
487.051
489.658
492.653
495.661
498.755
500.851
503.171
505.292
507.592
509.3
511.251
513.349
515.606
517.331
518.84
520.377
521.538
523.084
524.381
525.891
526.734
528.006
528.896
529.134
529.762
530.039
529.712
529.941
528.981
528.646
528.714
527.173
528.629
529.694
542.82
227.233
231.693
236.325
241.13
246.107
251.258
256.584
262.087
267.769
273.63
279.671
285.893
292.296
298.881
305.648
312.596
319.724
327.032
334.517
342.178
350.012
358.016
366.187
374.52
383.01
391.653
400.442
409.372
418.435
427.625
436.933
446.352
455.872
465.485
475.182
484.951
494.784
504.669
514.596
524.553
534.531
544.516
554.498
564.464
574.405
584.308
594.163
603.957
613.68
623.322
632.872
642.321
651.659
660.877
669.968
678.922
687.733
696.394
704.899
713.243
721.42
729.428
737.262
744.918
752.397
759.694
766.812
773.746
780.499
787.07
793.462
799.674
805.71
811.57
817.258
822.777
828.129
833.319
838.347
843.22
847.939
852.509
856.933
861.217
865.361
869.371
873.25
877.003
880.631
884.141
887.531
890.813
893.978
897.043
899.998
902.859
905.617
908.286
910.86
913.347
915.753
918.066
920.304
922.452
924.537
926.534
928.477
930.335
932.145
933.874
935.558
937.168
938.735
940.234
941.69
943.085
944.436
945.728
946.978
948.17
949.325
950.426
951.494
952.511
953.497
954.437
955.349
956.217
957.059
957.863
958.637
959.381
960.095
960.78
961.437
962.068
962.672
963.251
963.804
964.334
964.837
965.321
965.775
966.218
966.625
967.024
967.388
967.743
968.063
968.375
968.653
968.921
969.161
969.381
969.58
969.756
969.911
970.043
970.157
970.238
970.319
970.329
970.324
970.304
970.263
970.201
970.114
970.004
969.902
969.681
969.539
969.233
969.032
968.716
968.4
968.018
967.598
967.142
966.645
966.109
965.529
964.906
964.23
963.513
962.736
961.92
961.035
960.113
959.114
958.072
956.944
955.769
954.508
953.185
951.784
950.31
948.76
947.152
945.451
943.652
941.76
939.772
937.701
935.53
933.277
930.913
928.48
925.919
923.31
920.538
917.733
914.755
911.734
908.553
905.3
901.896
898.376
894.732
891.036
887.209
883.282
879.226
875.047
870.777
866.334
861.833
857.15
852.394
847.496
842.552
837.546
832.498
827.357
822.117
816.8
811.36
805.877
800.296
794.665
788.994
783.333
777.679
772.012
766.316
760.573
754.808
749.022
743.211
737.444
731.69
726.022
720.361
714.796
709.21
703.739
698.255
692.92
687.623
682.49
677.414
672.541
667.649
663.006
658.288
653.818
649.39
645.062
640.929
636.898
633.059
629.355
625.765
622.402
619.041
615.966
612.869
610.239
607.133
604.959
602.29
600.293
598.295
596.658
594.703
593.365
592.023
591.278
588.923
588.883
588.452
587.911
587.811
586.618
586.312
586.987
587.884
587.204
588.32
589.453
590.272
591.421
592.16
593.334
594.371
595.607
596.972
598.744
600.376
602.273
603.979
605.924
606.001
608.185
610.483
612.175
613.717
615.469
616.692
617.245
617.756
619.852
620.915
623.796
626.727
629.224
631.976
635.107
639.014
642.635
646.061
648.004
650.413
652.575
654.874
656.277
658.264
660.366
662.467
663.782
663.862
664.764
665.735
666.906
666.844
667.655
667.373
668.107
667.726
666.165
665.905
664.531
662.688
660.686
657.842
654.538
652.062
647.273
645.885
642.624
650.874
829.252
844.345
859.532
874.78
890.077
905.395
920.729
936.046
951.344
966.592
981.785
996.898
1011.91
1026.82
1041.59
1056.21
1070.69
1084.96
1099.05
1112.92
1126.58
1140
1153.15
1166.03
1178.63
1190.94
1202.94
1214.63
1225.99
1237.03
1247.75
1258.12
1268.17
1277.87
1287.25
1296.28
1304.99
1313.37
1321.42
1329.15
1336.57
1343.68
1350.49
1357.02
1363.25
1369.21
1374.9
1380.33
1385.51
1390.45
1395.15
1399.63
1403.9
1407.96
1411.82
1415.49
1418.97
1422.28
1425.42
1428.4
1431.23
1433.9
1436.44
1438.84
1441.1
1443.24
1445.25
1447.15
1448.93
1450.61
1452.18
1453.65
1455.02
1456.3
1457.48
1458.58
1459.59
1460.51
1461.36
1462.13
1462.83
1463.45
1464
1464.49
1464.91
1465.27
1465.57
1465.81
1466
1466.13
1466.22
1466.24
1466.2
1466.13
1466.03
1465.88
1465.69
1465.47
1465.22
1464.93
1464.73
1464.15
1463.91
1463.26
1463
1462.3
1462.02
1461.27
1460.95
1460.17
1459.81
1459.03
1458.61
1457.85
1457.34
1456.64
1456
1455.28
1454.54
1453.78
1453.01
1452.22
1451.41
1450.59
1449.76
1448.91
1448.05
1447.17
1446.28
1445.38
1444.47
1443.54
1442.6
1441.65
1440.69
1439.71
1438.72
1437.71
1436.69
1435.65
1434.6
1433.53
1432.45
1431.35
1430.23
1429.09
1427.93
1426.75
1425.55
1424.34
1423.09
1421.83
1420.54
1419.22
1417.88
1416.51
1415.11
1413.69
1412.23
1410.74
1409.21
1407.64
1406.03
1404.38
1402.69
1400.96
1399.19
1397.38
1395.52
1393.61
1391.65
1389.64
1387.57
1385.46
1383.28
1381.04
1378.73
1376.36
1373.93
1371.43
1368.85
1366.22
1363.5
1360.73
1357.87
1354.94
1351.92
1348.83
1345.63
1342.36
1338.97
1335.5
1331.91
1328.21
1324.42
1320.5
1316.48
1312.35
1308.11
1303.75
1299.26
1294.65
1289.92
1285.05
1280.08
1274.97
1269.76
1264.38
1258.93
1253.29
1247.61
1241.72
1235.79
1229.65
1223.45
1217.06
1210.56
1203.89
1197.2
1190.38
1183.47
1176.42
1169.24
1161.99
1154.56
1147.08
1139.44
1131.74
1123.93
1116.09
1108.23
1100.38
1092.49
1084.54
1076.54
1068.45
1060.35
1052.2
1044.03
1035.88
1027.8
1019.81
1011.88
1004.01
996.137
988.325
980.535
972.76
965.11
957.553
950.19
942.91
935.841
928.804
921.989
915.202
908.677
902.227
896.086
890.005
884.398
878.536
873.448
867.874
863.072
858.232
853.336
849.174
844.727
841.048
837.11
833.769
830.408
827.363
824.513
821.795
819.826
815.932
815.58
812.29
811.999
810.872
810.187
808.371
808.787
808.768
808.918
809.051
809.482
810.361
811.103
812.294
813.134
814.341
815.834
817.754
819.677
821.494
824.126
826.303
828.909
831.39
834.199
837.121
840.049
843.088
846.788
849.733
853.379
856.463
860.018
862.66
865.682
869.169
871.912
874.62
877.132
879.538
881.032
881.485
884.248
885.22
889.132
892.32
895.211
898.277
902.021
907.378
911.432
915.113
917.169
919.215
921.374
923.301
924.49
926.104
927.759
929.208
929.664
928.707
928.885
927.797
927.235
925.79
925.826
922.614
921.485
918.303
914.621
911
906.307
900.886
894.979
887.536
879.114
871.306
860.431
851.685
840.264
828.027
2856.13
2863.18
2869.41
2874.81
2879.45
2883.37
2886.61
2889.18
2891.19
2892.54
2893.47
2893.72
2893.48
2892.85
2892.02
2890.45
2889.31
2886.36
2884.81
2882.06
2879.78
2876.87
2873.75
2870.44
2866.99
2863.4
2859.7
2855.91
2852.04
2848.1
2844.12
2840.09
2836.04
2831.96
2827.87
2823.77
2819.67
2815.58
2811.48
2807.39
2803.32
2799.25
2795.19
2791.14
2787.11
2783.09
2779.08
2775.08
2771.09
2767.11
2763.15
2759.19
2755.25
2751.31
2747.39
2743.47
2739.57
2735.68
2731.8
2727.92
2724.07
2720.22
2716.39
2712.57
2708.77
2704.98
2701.2
2697.44
2693.7
2689.97
2686.26
2682.57
2678.89
2675.23
2671.59
2667.96
2664.35
2660.76
2657.19
2653.63
2650.09
2646.57
2643.06
2639.56
2636.09
2632.63
2629.18
2625.75
2622.34
2618.94
2615.55
2612.19
2608.83
2605.48
2602.15
2598.84
2595.54
2592.25
2588.98
2585.72
2582.48
2579.24
2576.01
2572.78
2569.57
2566.36
2563.18
2560
2556.84
2553.67
2550.53
2547.38
2544.25
2541.11
2537.98
2534.85
2531.72
2528.58
2525.44
2522.28
2519.12
2515.96
2512.78
2509.61
2506.42
2503.22
2500.02
2496.8
2493.58
2490.34
2487.08
2483.82
2480.54
2477.24
2473.91
2470.56
2467.19
2463.79
2460.37
2456.91
2453.43
2449.9
2446.36
2442.77
2439.13
2435.46
2431.74
2427.99
2424.18
2420.33
2416.42
2412.46
2408.44
2404.35
2400.22
2396.01
2391.74
2387.4
2382.99
2378.5
2373.94
2369.29
2364.56
2359.73
2354.82
2349.81
2344.72
2339.52
2334.22
2328.81
2323.3
2317.68
2311.94
2306.08
2300.1
2294
2287.77
2281.41
2274.92
2268.31
2261.54
2254.65
2247.61
2240.44
2233.13
2225.68
2218.07
2210.32
2202.39
2194.32
2186.05
2177.63
2169.01
2160.23
2151.26
2142.11
2132.77
2123.27
2113.59
2103.71
2093.66
2083.41
2073
2062.4
2051.61
2040.62
2029.47
2018.12
2006.64
1994.94
1983.19
1971.17
1959.11
1946.8
1934.43
1921.84
1909.16
1896.27
1883.42
1870.42
1857.35
1844.19
1830.94
1817.63
1804.18
1790.72
1777.14
1763.55
1749.9
1736.3
1722.73
1709.28
1695.88
1682.51
1669.21
1655.9
1642.67
1629.5
1616.41
1603.45
1590.68
1578.16
1565.87
1553.79
1541.85
1530.14
1518.54
1507.06
1495.89
1484.98
1474.47
1464.21
1454.38
1444.71
1435.48
1426.39
1417.78
1409.35
1401.54
1393.71
1387.25
1379.14
1374.37
1366.48
1362.32
1356.86
1350.52
1347.65
1341.78
1339.96
1334.92
1333.48
1329.65
1328.47
1326.08
1324.83
1324.21
1323.49
1323.54
1323.03
1324.06
1324.95
1326.73
1328.27
1330.37
1332.87
1335.49
1338.87
1342.27
1346.42
1350.21
1354.74
1358.7
1363.56
1367.43
1372.42
1378.69
1382.95
1389.72
1394.83
1400.68
1406.67
1413.15
1419.62
1426.2
1432.62
1440.89
1446.43
1454.18
1459.84
1466.87
1472.57
1478.06
1484.81
1489.6
1494.2
1498.26
1502.42
1505.16
1505.52
1509.81
1510.57
1515.71
1519.2
1522.57
1525.84
1530.36
1537.75
1542.86
1546.47
1549.36
1550.33
1552.49
1553.06
1553.31
1552.96
1553.31
1552.58
1551.06
1548.24
1545.63
1540.48
1536.81
1529.72
1526.08
1517.33
1510.46
1501.33
1490.81
1479.89
1467.03
1452.76
1437.2
1418.55
1398.01
1375.61
1350.39
1316.43
1290.39
1195.01
8018.67
7993.41
7968.7
7944.46
7920.67
7897.24
7874.17
7851.43
7829.04
7806.97
7785.23
7763.78
7742.65
7721.8
7701.25
7680.97
7660.96
7641.21
7621.72
7602.49
7583.51
7564.76
7546.24
7527.94
7509.87
7492.03
7474.42
7457.04
7439.9
7422.99
7406.32
7389.89
7373.7
7357.76
7342.05
7326.59
7311.37
7296.38
7281.64
7267.13
7252.84
7238.79
7224.96
7211.35
7197.95
7184.76
7171.78
7158.99
7146.4
7134
7121.78
7109.75
7097.89
7086.19
7074.66
7063.3
7052.09
7041.03
7030.12
7019.35
7008.73
6998.24
6987.89
6977.67
6967.57
6957.6
6947.74
6938
6928.38
6918.87
6909.47
6900.17
6890.97
6881.87
6872.86
6863.93
6855.1
6846.34
6837.67
6829.07
6820.54
6812.08
6803.68
6795.34
6787.06
6778.84
6770.66
6762.53
6754.45
6746.41
6738.41
6730.44
6722.5
6714.59
6706.7
6698.84
6690.99
6683.17
6675.35
6667.55
6659.75
6651.95
6644.16
6636.36
6628.56
6620.75
6612.93
6605.09
6597.24
6589.36
6581.47
6573.54
6565.59
6557.59
6549.55
6541.47
6533.33
6525.13
6516.86
6508.53
6500.12
6491.64
6483.08
6474.44
6465.71
6456.9
6448
6439.01
6429.92
6420.73
6411.43
6402.02
6392.49
6382.84
6373.07
6363.16
6353.13
6342.96
6332.64
6322.17
6311.55
6300.77
6289.83
6278.71
6267.41
6255.94
6244.27
6232.41
6220.35
6208.07
6195.59
6182.87
6169.93
6156.76
6143.36
6129.71
6115.81
6101.66
6087.24
6072.56
6057.59
6042.35
6026.81
6010.97
5994.83
5978.38
5961.62
5944.53
5927.12
5909.38
5891.32
5872.9
5854.14
5835.01
5815.54
5795.69
5775.48
5754.91
5733.96
5712.65
5690.94
5668.87
5646.42
5623.62
5600.44
5576.92
5553
5528.71
5504.01
5478.95
5453.46
5427.59
5401.31
5374.62
5347.55
5320.06
5292.18
5263.93
5235.34
5206.38
5177.07
5147.39
5117.37
5087.02
5056.33
5025.29
4993.96
4962.31
4930.38
4898.22
4865.83
4833.24
4800.52
4767.66
4734.67
4701.59
4668.36
4635.04
4601.79
4568.54
4535.44
4502.37
4469.33
4436.33
4403.32
4370.48
4337.69
4305.06
4272.6
4240.43
4208.61
4177.25
4146.38
4115.91
4085.92
4056.22
4027.03
3998.22
3969.9
3942.05
3915
3888.69
3863.29
3838.59
3814.56
3791.12
3768.17
3745.99
3724.74
3704.45
3685.17
3666.83
3649.56
3633.05
3617.62
3602.92
3589.39
3576.73
3565.34
3555.13
3545.95
3538.08
3530.93
3524.74
3519.82
3514.99
3512.11
3509.87
3509.06
3508.68
3509.94
3511.57
3515.11
3518.94
3524.99
3531.3
3539.48
3547.38
3556.89
3566.9
3578.86
3591.05
3604.69
3618.66
3632.64
3647.61
3663.29
3680.72
3698.32
3716.77
3734.92
3753.75
3772.4
3790.86
3810.06
3830.69
3851.31
3870.93
3892.89
3913.17
3935.31
3956.3
3977.92
3999.64
4020.79
4043.04
4064.82
4084.14
4104.72
4124.09
4142.7
4159.37
4176.27
4191.76
4205.01
4217.13
4226.28
4233.91
4237.83
4242.12
4248.68
4252.21
4260.3
4266.48
4271.64
4276.49
4283.51
4295.44
4304.45
4309.25
4310.87
4309.86
4307.25
4302.74
4296.13
4288.6
4280.37
4270.2
4257.48
4242.75
4225.81
4205.46
4181.62
4157.24
4130.28
4099.35
4066.44
4030.42
3989.71
3945.67
3896.05
3841.15
3781.63
3711.15
3635.55
3541.09
3452.65
3277.55
3209.41
2612.7
551.981
578.309
596.524
611.243
624.652
637.499
650.03
662.387
674.672
686.938
699.254
711.652
724.186
736.857
749.749
762.809
776.18
789.857
803.948
818.444
833.466
849.005
865.19
882.026
899.602
917.999
937.269
957.608
978.942
1001.35
1024.8
1049.6
1075.7
1103.64
1133.47
1166.08
1201.54
1240.93
1284.29
1333.29
1386.43
1448.22
1513.66
1592.95
1671.24
1776.29
1864.2
2017.59
2108.89
2351.46
242.274
248.673
254.752
260.121
265.035
269.676
274.142
278.48
282.727
286.897
291.016
295.088
299.133
303.145
307.155
311.134
315.126
319.12
323.152
327.205
331.317
335.471
339.702
343.996
348.373
352.846
357.406
362.098
366.865
371.752
376.655
381.666
386.709
391.96
397.386
403.277
409.594
416.736
424.563
433.834
443.788
456.011
468.772
485.193
501.598
522.733
545.253
569.759
608.387
634.462
182.796
185.742
189.199
192.527
195.65
198.604
201.43
204.149
206.779
209.327
211.804
214.212
216.561
218.847
221.084
223.257
225.384
227.459
229.496
231.485
233.439
235.349
237.224
239.051
240.838
242.583
244.264
245.897
247.431
248.93
250.252
251.456
252.474
253.418
254.267
255.166
256.08
257.246
258.513
260.451
262.523
265.403
268.44
272.971
277.744
283.621
291.795
297.55
313.316
314.861
161.208
163
165.379
167.817
170.167
172.409
174.551
176.602
178.569
180.454
182.264
183.998
185.662
187.253
188.777
190.226
191.609
192.924
194.175
195.356
196.47
197.513
198.484
199.371
200.18
200.904
201.511
202.016
202.369
202.669
202.711
202.591
202.22
201.72
201.079
200.387
199.622
198.951
198.254
198.048
197.858
197.856
198.119
199.141
200.506
202.208
205.555
207.366
214.391
212.557
151.779
153.071
154.867
156.786
158.679
160.501
162.245
163.907
165.49
166.993
168.417
169.764
171.036
172.229
173.347
174.384
175.344
176.226
177.031
177.756
178.399
178.958
179.428
179.797
180.071
180.241
180.263
180.161
179.885
179.487
178.869
178.059
177.024
175.827
174.475
173.038
171.512
170.021
168.492
167.231
166.031
165.01
164.15
163.777
163.76
163.951
165.12
165.618
168.917
166.67
147.918
148.95
150.381
151.949
153.522
155.048
156.51
157.899
159.21
160.443
161.596
162.669
163.661
164.572
165.401
166.146
166.808
167.384
167.875
168.279
168.59
168.812
168.934
168.94
168.847
168.621
168.247
167.726
167.027
166.171
165.105
163.841
162.366
160.724
158.93
157.04
155.068
153.105
151.119
149.3
147.566
145.989
144.573
143.472
142.751
142.164
142.382
142.185
143.666
141.481
147.125
147.995
149.176
150.486
151.815
153.112
154.353
155.522
156.617
157.632
158.567
159.419
160.187
160.869
161.465
161.973
162.39
162.718
162.951
163.095
163.138
163.089
162.931
162.653
162.259
161.724
161.033
160.181
159.146
157.934
156.518
154.903
153.089
151.111
148.989
146.774
144.487
142.201
139.911
137.742
135.675
133.747
132.002
130.47
129.352
128.225
127.978
127.297
127.908
125.792
148.252
148.996
149.982
151.079
152.199
153.294
154.341
155.323
156.231
157.061
157.809
158.473
159.049
159.537
159.932
160.231
160.434
160.543
160.55
160.465
160.271
159.978
159.571
159.044
158.39
157.586
156.619
155.479
154.151
152.636
150.919
149.006
146.903
144.645
142.253
139.777
137.24
134.707
132.188
129.769
127.465
125.292
123.325
121.512
120.139
118.686
118.136
117.079
117.229
115.166
150.684
151.317
152.138
153.05
153.983
154.896
155.763
156.567
157.3
157.954
158.525
159.009
159.403
159.706
159.912
160.025
160.033
159.947
159.752
159.458
159.049
158.53
157.894
157.133
156.236
155.183
153.962
152.557
150.96
149.171
147.181
144.999
142.638
140.13
137.502
134.798
132.05
129.311
126.603
123.989
121.504
119.145
117.014
115.002
113.449
111.783
111.025
109.701
109.572
107.516
154.045
154.57
155.243
155.986
156.744
157.483
158.177
158.811
159.374
159.858
160.257
160.568
160.786
160.912
160.934
160.863
160.681
160.4
160.01
159.513
158.901
158.176
157.329
156.35
155.223
153.929
152.46
150.805
148.952
146.905
144.659
142.227
139.626
136.888
134.044
131.136
128.199
125.279
122.408
119.632
116.998
114.491
112.229
110.071
108.382
106.568
105.655
104.164
103.845
101.748
158.091
158.507
159.038
159.619
160.209
160.777
161.302
161.768
162.162
162.477
162.706
162.846
162.888
162.839
162.681
162.425
162.059
161.588
161.006
160.311
159.499
158.568
157.511
156.319
154.976
153.458
151.749
149.845
147.744
145.449
142.96
140.29
137.461
134.507
131.46
128.363
125.252
122.17
119.153
116.236
113.474
110.844
108.474
106.201
104.406
102.484
101.451
99.8501
99.3962
97.2506
162.652
162.958
163.345
163.766
164.19
164.589
164.945
165.241
165.465
165.611
165.668
165.635
165.504
165.274
164.939
164.5
163.951
163.291
162.517
161.627
160.616
159.482
158.218
156.815
155.257
153.511
151.574
149.432
147.084
144.549
141.824
138.925
135.878
132.718
129.48
126.205
122.931
119.7
116.548
113.506
110.632
107.896
105.433
103.069
101.187
99.1849
98.0571
96.3787
95.8269
93.641
167.601
167.794
168.034
168.295
168.552
168.782
168.966
169.09
169.141
169.115
168.998
168.789
168.482
168.073
167.558
166.936
166.202
165.354
164.389
163.304
162.096
160.759
159.289
157.677
155.904
153.936
151.767
149.389
146.804
144.03
141.076
137.956
134.699
131.341
127.92
124.476
121.049
117.678
114.402
111.247
108.271
105.443
102.899
100.459
98.5058
96.4412
95.2375
93.5038
92.8799
90.6641
172.841
172.917
173.007
173.107
173.194
173.252
173.261
173.21
173.084
172.881
172.588
172.201
171.715
171.126
170.429
169.622
168.701
167.664
166.508
165.228
163.822
162.284
160.608
158.786
156.798
154.607
152.208
149.598
146.777
143.77
140.592
137.257
133.796
130.248
126.651
123.047
119.475
115.973
112.581
109.321
106.253
103.344
100.728
98.2234
96.2105
94.0972
92.832
91.0585
90.3807
88.1473
178.3
178.249
178.186
178.12
178.036
177.916
177.747
177.517
177.213
176.829
176.356
175.788
175.12
174.347
173.466
172.473
171.364
170.137
168.788
167.314
165.709
163.969
162.088
160.055
157.852
155.437
152.809
149.967
146.917
143.678
140.283
136.738
133.08
129.348
125.583
121.825
118.115
114.489
110.989
107.632
104.48
101.497
98.818
96.2581
94.1945
92.0427
90.728
88.9255
88.2081
85.9673
183.919
183.729
183.507
183.273
183.012
182.713
182.362
181.948
181.461
180.893
180.236
179.484
178.631
177.673
176.605
175.424
174.125
172.707
171.165
169.494
167.691
165.749
163.662
161.419
158.998
156.359
153.502
150.429
147.152
143.687
140.079
136.331
132.482
128.573
124.646
120.742
116.901
113.158
109.555
106.109
102.879
99.8289
97.0938
94.4867
92.3802
90.1978
88.8434
87.0207
86.2741
84.0367
189.648
189.304
188.918
188.511
188.07
187.587
187.05
186.45
185.776
185.021
184.176
183.237
182.196
181.049
179.792
178.421
176.932
175.321
173.585
171.718
169.715
167.571
165.278
162.823
160.184
157.32
154.234
150.933
147.431
143.747
139.931
135.985
131.951
127.872
123.79
119.745
115.779
111.926
108.227
104.697
101.396
98.2859
95.5003
92.8525
90.7099
88.5036
87.1176
85.2818
84.515
82.2894
195.435
194.929
194.373
193.787
193.163
192.493
191.767
190.976
190.112
189.166
188.131
187.001
185.77
184.433
182.986
181.423
179.742
177.938
176.006
173.943
171.741
169.394
166.894
164.227
161.368
158.278
154.964
151.437
147.714
143.819
139.799
135.66
131.448
127.205
122.974
118.796
114.711
110.754
106.965
103.358
99.9908
96.8263
93.9958
91.313
89.1402
86.9155
85.5052
83.6623
82.8823
80.6773
201.239
200.563
199.83
199.063
198.252
197.391
196.472
195.489
194.431
193.291
192.063
190.741
189.317
187.788
186.148
184.394
182.519
180.521
178.395
176.134
173.733
171.184
168.476
165.596
162.515
159.199
155.659
151.909
147.969
143.873
139.65
135.325
130.941
126.541
122.168
117.863
113.667
109.612
105.738
102.059
98.6323
95.4187
92.5483
89.8357
87.638
85.4
83.9716
82.1268
81.3399
79.1628
207.02
206.168
205.255
204.301
203.3
202.246
201.132
199.953
198.699
197.364
195.941
194.424
192.806
191.084
189.25
187.303
185.235
183.043
180.721
178.263
175.663
172.911
169.996
166.902
163.597
160.056
156.292
152.322
148.17
143.877
139.46
134.956
130.407
125.857
121.349
116.924
112.623
108.476
104.523
100.778
97.2965
94.0387
91.1335
88.3956
86.178
83.9313
82.4903
80.6485
79.8598
77.7177
212.746
211.712
210.614
209.47
208.276
207.027
205.716
204.339
202.887
201.355
199.735
198.022
196.209
194.292
192.265
190.124
187.862
185.477
182.96
180.306
177.506
174.551
171.429
168.12
164.59
160.825
156.841
152.655
148.297
143.812
139.21
134.533
129.827
125.134
120.499
115.961
111.56
107.328
103.302
99.4967
95.965
92.6679
89.7325
86.9738
84.7409
82.4895
81.0409
79.2067
78.4209
76.3201
218.383
217.164
215.877
214.541
213.152
211.706
210.197
208.62
206.969
205.238
203.421
201.511
199.503
197.391
195.17
192.835
190.381
187.801
185.09
182.24
179.241
176.084
172.754
169.229
165.475
161.488
157.287
152.89
148.343
143.664
138.883
134.042
129.185
124.357
119.602
114.957
110.464
106.153
102.061
98.1999
94.6236
91.292
88.3307
85.5556
83.3117
81.0596
79.6081
77.7856
77.0066
74.9534
223.903
222.496
221.018
219.488
217.902
216.257
214.548
212.772
210.921
208.992
206.976
204.869
202.666
200.359
197.945
195.417
192.77
189.998
187.093
184.048
180.851
177.492
173.953
170.211
166.234
162.029
157.615
153.018
148.283
143.419
138.466
133.468
128.47
123.515
118.647
113.904
109.325
104.941
100.788
96.8772
93.2614
89.8998
86.9173
84.1298
81.879
79.6302
78.1798
76.3731
75.6047
73.6044
229.279
227.68
226.009
224.284
222.501
220.657
218.748
216.772
214.722
212.594
210.38
208.077
205.678
203.179
200.572
197.852
195.014
192.05
188.953
185.713
182.319
178.758
175.01
171.048
166.852
162.432
157.812
153.033
148.106
143.065
137.95
132.804
127.672
122.598
117.625
112.791
108.134
103.683
99.4758
95.5203
91.8701
88.4833
85.4839
82.6881
80.4345
78.1926
76.7474
74.9603
74.2057
72.264
234.486
232.695
230.829
228.908
226.927
224.884
222.777
220.601
218.352
216.025
213.616
211.117
208.525
205.832
203.034
200.124
197.096
193.942
190.654
187.221
183.63
179.867
175.909
171.729
167.318
162.687
157.884
152.912
147.803
142.594
137.325
132.04
126.784
121.6
116.53
111.612
106.884
102.374
98.1174
94.1232
90.4437
87.0363
84.0244
81.2245
78.9719
76.7407
75.3045
73.5406
72.8028
70.9244
239.501
237.515
235.455
233.338
231.16
228.919
226.613
224.239
221.793
219.27
216.665
213.973
211.188
208.305
205.318
202.22
199.003
195.661
192.183
188.558
184.772
180.807
176.639
172.242
167.618
162.796
157.805
152.649
147.368
142
136.587
131.172
125.801
120.515
115.357
110.363
105.571
101.008
96.7087
92.6814
88.9778
85.5547
82.5347
79.7347
77.487
75.2702
73.8466
72.1097
71.3914
69.581
244.3
242.12
239.867
237.554
235.18
232.743
230.241
227.671
225.029
222.312
219.514
216.63
213.656
210.585
207.41
204.126
200.723
197.195
193.529
189.713
185.732
181.566
177.185
172.575
167.756
162.75
157.569
152.238
146.794
141.278
135.73
130.195
124.717
119.339
114.101
109.039
104.191
99.5818
95.2465
91.192
87.4696
84.0356
81.012
78.216
75.9773
73.7785
72.3711
70.6646
69.9683
68.2302
248.864
246.491
244.044
241.538
238.97
236.339
233.643
230.879
228.045
225.136
222.148
219.076
215.914
212.658
209.299
205.831
202.245
198.533
194.681
190.675
186.499
182.131
177.536
172.73
167.728
162.531
157.171
151.674
146.078
140.423
134.751
129.106
123.531
118.069
112.76
107.639
102.742
98.0939
93.729
89.6531
85.9175
82.4775
79.4548
76.6672
74.4412
72.2643
70.8765
69.2039
68.5318
66.8702
253.172
250.608
247.971
245.273
242.514
239.691
236.804
233.85
230.826
227.729
224.554
221.297
217.952
214.513
210.973
207.324
203.558
199.664
195.628
191.434
187.064
182.49
177.697
172.707
167.512
162.136
156.606
150.954
145.216
139.433
133.647
127.901
122.24
116.704
111.333
106.161
101.223
96.5429
92.155
88.064
84.3206
80.8799
77.8628
75.0878
72.8785
70.7273
69.3626
67.7273
67.0816
65.5
257.207
254.455
251.629
248.743
245.796
242.785
239.711
236.57
233.361
230.079
226.722
223.284
219.759
216.141
212.424
208.597
204.653
200.58
196.362
191.98
187.412
182.646
177.669
172.484
167.107
161.56
155.872
150.075
144.206
138.306
132.416
126.582
120.844
115.243
109.818
104.604
99.6327
94.9287
90.5245
86.4246
82.6793
79.243
76.2362
73.4784
71.2899
69.1682
67.8301
66.2355
65.6181
64.1202
260.952
258.014
255.004
251.933
248.802
245.607
242.35
239.027
235.637
232.176
228.64
225.025
221.325
217.533
213.641
209.641
205.521
201.272
196.874
192.3
187.552
182.599
177.428
172.059
166.509
160.802
154.967
149.036
143.047
137.041
131.06
125.146
119.341
113.685
108.217
102.968
97.9723
93.2515
88.8381
84.7356
80.9942
77.5678
74.5763
71.8403
69.6767
67.5886
66.2804
64.73
64.1427
62.7317
264.391
261.272
258.081
254.83
251.519
248.146
244.71
241.21
237.644
234.009
230.3
226.513
222.642
218.68
214.618
210.447
206.155
201.73
197.153
192.408
187.475
182.327
176.972
171.429
165.717
159.861
153.89
147.837
141.74
135.639
129.577
123.594
117.733
112.032
106.529
101.255
96.2423
91.5124
87.0968
82.9984
79.2669
75.856
72.8848
70.1755
68.0408
65.9906
64.7158
63.2131
62.6576
61.3366
267.509
264.213
260.847
257.421
253.935
250.389
246.781
243.11
239.373
235.569
231.692
227.739
223.702
219.575
215.348
211.008
206.544
201.953
197.217
192.291
187.162
181.828
176.3
170.594
164.731
158.738
152.642
146.479
140.285
134.101
127.968
121.928
116.021
110.285
104.756
99.4657
94.4443
89.713
85.3024
81.2147
77.4992
74.1096
71.1639
68.4863
66.3849
64.3769
63.1389
61.6875
61.1654
59.9371
270.294
266.826
263.29
259.695
256.041
252.327
248.553
244.717
240.816
236.848
232.81
228.695
224.499
220.211
215.82
211.313
206.698
201.952
197.036
191.924
186.611
181.102
175.41
169.553
163.552
157.432
151.224
144.963
138.684
132.428
126.237
120.149
114.206
108.445
102.9
97.6018
92.5802
87.8553
83.4569
79.3867
75.6935
72.3313
69.4163
66.7757
64.7119
62.7508
61.5529
60.1565
59.6695
58.5365
272.732
269.099
265.399
261.642
257.826
253.952
250.018
246.023
241.964
237.84
233.646
229.377
225.023
220.576
216.037
211.386
206.616
201.696
196.602
191.309
185.821
180.149
174.305
168.308
162.18
155.947
149.639
143.291
136.939
130.623
124.384
118.26
112.292
106.515
100.963
95.6659
90.6524
85.9416
81.5628
77.5172
73.8526
70.5238
67.6451
65.0469
63.0252
61.1158
59.9615
58.6239
58.1735
57.138
274.814
271.022
267.166
263.253
259.282
255.255
251.168
247.022
242.813
238.538
234.193
229.772
225.276
220.69
216.01
211.207
206.272
201.183
195.91
190.444
184.794
178.97
172.986
166.861
160.618
154.284
147.889
141.467
135.054
128.69
122.413
116.264
110.28
104.497
98.948
93.6608
88.6637
83.975
79.6232
75.609
71.9796
68.6905
65.8537
63.3037
61.3285
59.476
58.3684
57.0938
56.6815
55.7456
276.529
272.586
268.581
264.52
260.402
256.229
251.997
247.707
243.352
238.932
234.451
229.898
225.27
220.542
215.711
210.756
205.662
200.404
194.959
189.332
183.531
177.567
171.455
165.216
158.871
152.448
145.978
139.494
133.032
126.63
120.329
114.165
108.176
102.396
96.8586
91.5899
86.6174
81.9586
77.6411
73.6655
70.0778
66.8349
64.0457
61.5498
59.6259
57.8355
56.778
55.5708
55.1979
54.363
277.869
273.784
269.638
265.437
261.18
256.867
252.495
248.07
243.586
239.041
234.435
229.748
224.979
220.113
215.137
210.033
204.781
199.356
193.752
187.975
182.035
175.944
169.717
163.376
156.942
150.444
143.911
137.377
130.877
124.45
118.134
111.966
105.982
100.215
94.6983
89.4569
84.5172
79.8961
75.6204
71.6904
68.1512
64.961
62.2253
59.7896
57.9216
56.199
55.1945
54.0595
53.7274
52.9945
278.828
274.608
270.328
265.993
261.603
257.167
252.675
248.134
243.526
238.856
234.118
229.303
224.402
219.401
214.285
209.034
203.623
198.041
192.29
186.376
180.31
174.105
167.777
161.347
154.837
148.276
141.693
135.121
128.596
122.154
115.834
109.672
103.703
97.9591
92.4717
87.2659
82.3671
77.7916
73.5649
69.6878
66.2037
63.0729
60.3967
58.0276
56.2201
54.5713
53.6229
52.565
52.2748
51.644
279.392
275.045
270.648
266.198
261.696
257.146
252.537
247.873
243.148
238.359
233.501
228.563
223.536
218.404
213.15
207.753
202.19
196.463
190.577
184.54
178.361
172.056
165.64
159.134
152.562
145.95
139.329
132.732
126.193
119.748
113.435
107.289
101.344
95.6323
90.1832
85.0216
80.1717
75.6493
71.4791
67.662
64.2398
61.1752
58.5645
56.2684
54.5265
52.9573
52.0679
51.0924
50.8448
50.316
279.576
275.121
270.616
266.056
261.444
256.78
252.062
247.288
242.452
237.552
232.58
227.526
222.377
217.119
211.729
206.187
200.485
194.627
188.62
182.473
176.196
169.804
163.314
156.745
150.123
143.474
136.828
130.216
123.675
117.238
110.942
104.822
98.911
93.2403
87.8383
82.7289
77.9359
73.4742
69.3677
65.6176
62.2642
59.2727
56.7337
54.5171
52.8458
51.3623
50.5349
49.6472
49.4424
49.0142
279.377
274.82
270.21
265.548
260.835
256.07
251.251
246.375
241.438
236.434
231.355
226.191
220.926
215.543
210.019
204.342
198.513
192.539
186.425
180.182
173.821
167.356
160.804
154.187
147.529
140.855
134.195
127.581
121.048
114.63
108.362
102.277
96.4099
90.789
85.4424
80.3934
75.6649
71.2714
67.2359
63.56
60.2821
57.3705
54.9096
52.779
51.1835
49.7917
49.0293
48.2348
48.0722
47.7431
278.781
274.13
269.428
264.675
259.871
255.014
250.104
245.136
240.105
235.005
229.826
224.556
219.179
213.674
208.021
202.223
196.282
190.206
184
177.675
171.243
164.72
158.121
151.469
144.786
138.099
131.438
124.835
118.321
111.932
105.701
99.6624
93.8471
88.2846
83.0017
78.0209
73.3646
69.0467
65.0893
61.4945
58.2991
55.4742
53.0978
51.0599
49.5455
48.2513
47.557
46.8611
46.7388
46.5071
277.788
273.056
268.271
263.438
258.552
253.615
248.622
243.571
238.455
233.266
227.993
222.622
217.134
211.509
205.742
199.838
193.8
187.636
181.352
174.961
168.473
161.904
155.272
148.597
141.904
135.217
128.567
121.984
115.501
109.151
102.968
96.9837
91.2296
85.7339
80.5228
75.618
71.0412
66.8061
62.9339
59.4272
56.3211
53.5898
51.3045
49.3657
47.9379
46.7471
46.1238
45.5321
45.4468
45.3117
276.4
271.597
266.742
261.838
256.882
251.873
246.808
241.682
236.488
231.216
225.854
220.386
214.79
209.057
203.191
197.196
191.075
184.838
178.493
172.049
165.52
158.92
152.268
145.584
138.892
132.217
125.589
119.038
112.596
106.296
100.17
94.2491
88.5649
83.1442
78.0127
73.1913
68.7015
64.5562
60.7762
57.3646
54.3547
51.7238
49.5361
47.7028
46.3674
45.2853
44.7364
44.2539
44.2025
44.1603
274.62
269.757
264.843
259.879
254.863
249.792
244.664
239.471
234.207
228.859
223.412
217.848
212.152
206.327
200.377
194.306
188.119
181.825
175.432
168.95
162.393
155.776
149.118
142.437
135.759
129.109
122.515
116.007
109.616
103.375
97.3146
91.4668
85.8608
80.5231
75.4789
70.7484
66.3526
62.3043
58.6232
55.3136
52.4069
49.8831
47.7996
46.0782
44.841
43.8725
43.4015
43.0199
43.0023
43.0523
272.452
267.54
262.577
257.565
252.498
247.376
242.193
236.942
231.613
226.193
220.665
215.01
209.23
203.329
197.311
191.18
184.942
178.606
172.18
165.676
159.105
152.485
145.833
139.169
132.517
125.903
119.353
112.898
106.569
100.396
94.412
88.6454
83.1257
77.8789
72.9294
68.2969
64.0022
60.0577
56.4826
53.2817
50.4851
48.0752
46.1026
44.4991
43.3662
42.5156
42.1253
41.8366
41.8523
41.9983
269.901
264.952
259.952
254.9
249.794
244.629
239.4
234.097
228.709
223.221
217.613
211.883
206.037
200.076
194.005
187.83
181.557
175.194
168.75
162.237
155.667
149.057
142.424
135.789
129.176
122.609
116.115
109.724
103.466
97.3712
91.4708
85.7939
80.3686
75.2202
70.3728
65.8454
61.6587
57.8248
54.3624
51.2772
48.5976
46.3082
44.4531
42.9736
41.951
41.2216
40.9135
40.7086
40.7592
41.0062
266.973
261.999
256.971
251.892
246.756
241.557
236.289
230.94
225.497
219.942
214.269
208.482
202.584
196.58
190.473
184.27
177.977
171.602
165.155
158.647
152.091
145.504
138.904
132.31
125.747
119.238
112.811
106.493
100.316
94.3086
88.5011
82.9219
77.5988
72.5562
67.8179
63.4025
59.3308
55.6142
52.2715
49.3086
46.753
44.5908
42.8597
41.5103
40.6036
39.9979
39.7712
39.6397
39.7306
40.083
263.677
258.687
253.644
248.547
243.389
238.165
232.864
227.474
221.978
216.368
210.647
204.819
198.887
192.855
186.728
180.513
174.215
167.843
161.407
154.918
148.39
141.839
135.284
128.744
122.242
115.802
109.451
103.218
97.1307
91.2192
85.5128
80.0393
74.826
69.8964
65.2744
60.9778
57.0278
53.4352
50.219
47.3853
44.9606
42.9321
41.3314
40.118
39.3322
38.8518
38.7015
38.6327
38.7758
39.2359
260.02
255.026
249.977
244.872
239.701
234.458
229.13
223.701
218.161
212.514
206.763
200.91
194.96
188.918
182.787
176.574
170.286
163.932
157.52
151.064
144.577
138.076
131.577
125.102
118.672
112.313
106.049
99.9088
93.9208
88.1138
82.5168
77.1567
72.0605
67.2512
62.7522
58.5812
54.7596
51.2976
48.2148
45.5173
43.2302
41.342
39.8778
38.8066
38.1452
37.7913
37.7129
37.691
37.9108
38.4661
256.012
251.025
245.98
240.875
235.7
230.443
225.09
219.629
214.065
208.398
202.633
196.773
190.821
184.783
178.664
172.469
166.205
159.882
153.509
147.1
140.667
134.226
127.797
121.398
115.052
108.782
102.615
96.5776
90.6975
85.0035
79.5237
74.2848
69.3128
64.6308
60.2616
56.2227
52.5365
49.2116
46.2694
43.715
41.5723
39.831
38.5091
37.5857
37.0506
36.8249
36.7874
36.8266
37.1447
37.7758
251.664
246.693
241.662
236.566
231.391
226.124
220.752
215.279
209.706
204.037
198.274
192.423
186.486
180.469
174.376
168.213
161.988
155.71
149.389
143.038
136.671
130.305
123.956
117.644
111.392
105.223
99.1619
93.236
87.4725
81.8996
76.5448
71.4344
66.5938
62.0459
57.8132
53.9132
50.3689
47.188
44.3935
41.9894
39.9973
38.4096
37.2355
36.4649
36.0564
35.9258
35.937
36.0602
36.4798
37.1726
246.986
242.043
237.034
231.952
226.782
221.509
216.137
210.668
205.104
199.449
193.706
187.88
181.973
175.991
169.938
163.821
157.648
151.429
145.173
138.894
132.605
126.324
120.066
113.853
107.705
101.646
95.7007
89.8953
84.2568
78.813
73.5908
68.6162
63.914
59.5072
55.4175
51.6632
48.2676
45.2375
42.598
40.3515
38.5163
37.0888
36.0674
35.4527
35.1695
35.1059
35.1888
35.4051
35.9175
36.6645
241.465
236.562
231.584
226.523
221.362
216.103
210.748
205.302
199.766
194.144
188.439
182.656
176.797
170.868
164.875
158.823
152.722
146.58
140.409
134.222
128.033
121.857
115.712
109.618
103.597
97.6694
91.8616
86.1991
80.708
75.4159
70.3489
65.5329
60.992
56.7497
52.8265
49.2419
46.0196
43.1654
40.7068
38.6444
36.9902
35.7491
34.9025
34.462
34.313
34.2942
34.4912
34.8154
35.4187
36.2194
234.784
229.931
224.989
219.954
214.823
209.599
204.285
198.882
193.395
187.826
182.18
176.46
170.669
164.814
158.9
152.935
146.926
140.885
134.822
128.751
122.684
116.64
110.634
104.687
98.8201
93.0543
87.4148
81.9267
76.6158
71.5093
66.6329
62.0117
57.6694
53.6302
49.9132
46.5396
43.5329
40.899
38.6663
36.8346
35.4041
34.3941
33.7598
33.5228
33.46
33.5197
33.9057
34.3479
35.0547
35.9112
227.423
222.624
217.73
212.744
207.665
202.497
197.241
191.901
186.481
180.983
175.411
169.77
164.063
158.297
152.478
146.615
140.715
134.789
128.85
122.91
116.983
111.086
105.236
99.4533
93.7579
88.1718
82.7192
77.425
72.3146
67.4147
62.7505
58.3468
54.2267
50.4153
46.93
43.7943
41.0307
38.6464
36.6688
35.0968
33.9153
33.1607
32.7545
32.6545
32.6907
32.9115
33.4989
34.0618
34.8742
35.779
219.392
214.668
209.846
204.932
199.927
194.834
189.658
184.4
179.064
173.654
168.174
162.627
157.021
151.36
145.653
139.907
134.132
128.338
122.539
116.746
110.975
105.243
99.5665
93.9649
88.4595
83.071
77.8243
72.7432
67.8531
63.1803
58.7498
54.5853
50.7105
47.1505
43.9219
41.0501
38.5561
36.4496
34.7542
33.4664
32.5583
32.0718
31.8916
31.8735
32.1011
32.5046
33.2718
33.9432
34.8574
35.8214
210.734
206.107
201.378
196.558
191.648
186.652
181.573
176.415
171.182
165.877
160.505
155.071
149.582
144.043
138.464
132.853
127.22
121.575
115.933
110.305
104.708
99.1576
93.6716
88.2693
82.9722
77.7998
72.7779
67.9291
63.2793
58.8537
54.6783
50.7743
47.1677
43.8824
40.9355
38.3529
36.1545
34.353
32.965
31.9811
31.3728
31.1504
31.0989
31.2182
31.7325
32.3008
33.2085
33.9973
35.0371
36.0761
201.5
196.986
192.372
187.666
182.87
177.99
173.027
167.987
162.874
157.691
152.445
147.141
141.786
136.388
130.955
125.496
120.022
114.544
109.076
103.632
98.2259
92.8756
87.5985
82.4138
77.3437
72.406
67.6282
63.0309
58.6413
54.4832
50.5843
46.9617
43.6467
40.6592
38.0194
35.7512
33.8746
32.4034
31.3448
30.6838
30.4103
30.3138
30.4398
30.828
31.562
32.2817
33.3509
34.2622
35.4419
36.5753
191.735
187.354
182.872
178.299
173.636
168.889
164.06
159.156
154.179
149.137
144.035
138.879
133.677
128.437
123.168
117.88
112.583
107.291
102.016
96.7725
91.5767
86.4449
81.3954
76.4472
71.623
66.9388
62.4246
58.0981
53.989
50.1185
46.518
43.1978
40.1986
37.5323
35.2262
33.2981
31.7685
30.6503
29.9423
29.6467
29.5432
29.6021
30.0741
30.6664
31.6033
32.4912
33.7291
34.7719
36.1118
37.36
181.49
177.258
172.927
168.503
163.99
159.393
154.716
149.964
145.143
140.259
135.319
130.33
125.299
120.236
115.15
110.051
104.951
99.8625
94.7996
89.7764
84.8094
79.9151
75.1123
70.4196
65.8609
61.4491
57.2183
53.1821
49.3741
45.8119
42.5321
39.5358
36.8779
34.5567
32.6131
31.0508
29.8916
29.1481
28.8405
28.7257
28.8133
29.2196
29.9375
30.7522
31.905
32.9626
34.3825
35.5692
37.0943
38.4757
170.814
166.748
162.582
158.324
153.978
149.548
145.04
140.459
135.812
131.105
126.346
121.542
116.701
111.834
106.95
102.06
97.1755
92.3102
87.4786
82.6949
77.9762
73.3386
68.802
64.3843
60.1107
55.9905
52.0633
48.3376
44.8513
41.6192
38.6832
36.0334
33.7441
31.7935
30.2444
29.0711
28.3057
27.9933
27.8746
27.9671
28.447
29.1107
30.0994
31.1374
32.5057
33.7393
35.3595
36.7047
38.4423
39.9685
159.759
155.875
151.89
147.815
143.652
139.406
135.084
130.693
126.238
121.726
117.167
112.567
107.937
103.285
98.6218
93.9597
89.311
84.6886
80.1079
75.5833
71.1324
66.7709
62.5206
58.3977
54.429
50.6198
47.017
43.6224
40.4788
37.6014
35.032
32.7546
30.8623
29.3107
28.1902
27.4235
27.1182
27.006
27.1423
27.6176
28.3937
29.3483
30.5982
31.8612
33.4505
34.8729
36.7141
38.2319
40.2073
41.8801
148.384
144.695
140.909
137.031
133.068
129.025
124.907
120.723
116.478
112.181
107.841
103.465
99.0634
94.6464
90.2248
85.8106
81.417
77.0571
72.7471
68.5014
64.3381
60.2724
56.3284
52.5203
48.8765
45.3981
42.1413
39.0995
36.3206
33.8261
31.6454
29.7732
28.3046
27.1871
26.5145
26.2095
26.1379
26.3152
26.8475
27.6428
28.7368
29.9735
31.4791
32.9734
34.7935
36.4214
38.5026
40.2029
42.4356
44.2438
136.755
133.277
129.703
126.04
122.293
118.469
114.573
110.614
106.598
102.535
98.4327
94.3
90.147
85.9846
81.8237
77.6772
73.5584
69.4808
65.461
61.5142
57.6578
53.9078
50.2906
46.8175
43.5181
40.3915
37.5037
34.8373
32.4477
30.3691
28.5985
27.1756
26.1481
25.5033
25.246
25.2284
25.4993
26.0745
26.9789
28.12
29.5189
31.0326
32.7934
34.5305
36.5926
38.4434
40.7769
42.6629
45.1623
47.0806
124.949
121.696
118.349
114.915
111.401
107.813
104.156
100.44
96.6726
92.8615
89.0161
85.1455
81.2604
77.3719
73.491
69.6315
65.8067
62.0309
58.3207
54.6927
51.1618
47.7479
44.4777
41.36
38.4248
35.6727
33.1794
30.9121
28.9437
27.3159
25.981
25.0649
24.4729
24.2877
24.313
24.7024
25.3756
26.3582
27.6246
29.094
30.7875
32.5789
34.5993
36.5935
38.9059
40.9931
43.5801
45.6462
48.4084
50.3969
113.055
110.039
106.934
103.745
100.478
97.1419
93.742
90.2868
86.7845
83.2438
79.6738
76.0837
72.485
68.889
65.3062
61.7529
58.2405
54.7856
51.4035
48.114
44.9263
41.8697
38.9664
36.2253
33.6747
31.3236
29.2537
27.4109
25.9089
24.762
23.9051
23.5621
23.3989
23.4876
23.9487
24.7363
25.8417
27.2121
28.8245
30.6107
32.5953
34.67
36.9569
39.2202
41.7844
44.1136
46.9404
49.1716
52.177
54.1828
101.176
98.4098
95.5579
92.627
89.6236
86.5546
83.4272
80.2494
77.0294
73.7761
70.4987
67.2063
63.9112
60.6251
57.3576
54.1285
50.9458
47.8302
44.7941
41.8622
39.034
36.3579
33.8407
31.5
29.3564
27.4389
25.8248
24.4383
23.4662
22.8101
22.5253
22.5022
22.7019
23.2695
24.1985
25.4348
26.9453
28.6808
30.625
32.7233
35.0009
37.3656
39.9231
42.46
45.2671
47.8324
50.8684
53.2416
56.453
58.4123
89.429
86.9228
84.3364
81.6764
78.9495
76.1624
73.3224
70.4371
67.5147
64.564
61.5945
58.6147
55.6388
52.678
49.7411
46.8534
44.0155
41.2572
38.5838
36.0275
33.5747
31.3062
29.1939
27.2848
25.5732
24.1323
23.004
22.1236
21.7781
21.6023
21.6214
22.0004
22.7199
23.7931
25.1811
26.835
28.7242
30.8079
33.0772
35.4877
38.0613
40.7184
43.543
46.3463
49.3743
52.1567
55.3549
57.8405
61.2014
63.044
77.9466
75.7096
73.3994
71.0221
68.5841
66.0918
63.5518
60.9716
58.3595
55.7237
53.0747
50.4195
47.776
45.1535
42.5603
40.0295
37.5493
35.1659
32.871
30.706
28.6492
26.8198
25.1342
23.7035
22.4445
21.5404
20.9025
20.6612
20.6847
20.8409
21.3868
22.3056
23.5582
25.1096
26.9269
28.9708
31.2209
33.6444
36.237
38.9593
41.8268
44.7688
47.8452
50.8928
54.1065
57.0722
60.3715
62.9358
66.3694
68.0237
66.878
64.9183
62.8938
60.8102
58.6713
56.4836
54.2528
51.9865
49.6932
47.3805
45.0607
42.7385
40.4377
38.163
35.9251
33.7637
31.6527
29.6614
27.76
26.0013
24.3751
23.0168
21.7972
20.9051
20.1053
19.8436
19.7293
19.7751
20.1845
20.957
22.0802
23.5261
25.2617
27.2498
29.4668
31.8824
34.4842
37.2431
40.1553
43.182
46.3306
49.5364
52.8351
56.0895
59.4409
62.5424
65.8713
68.4783
71.8864
73.287
56.3873
54.7139
52.9845
51.2035
49.3698
47.4915
45.5728
43.6237
41.6517
39.6652
37.6786
35.6937
33.7425
31.822
29.9499
28.1651
26.4374
24.8535
23.3616
22.0345
20.8895
20.0354
19.3411
19.0552
18.807
18.8452
19.1038
19.748
20.7545
22.0983
23.7511
25.6772
27.8515
30.245
32.8431
35.62
38.5666
41.6525
44.8717
48.1826
51.585
55.0173
58.4945
61.9031
65.3337
68.5108
71.7929
74.4048
77.6672
78.7641
46.6551
45.2815
43.8548
42.3799
40.8481
39.2747
37.6618
36.0268
34.3702
32.7084
31.0536
29.4071
27.81
26.2477
24.7515
23.3437
22.0257
20.8548
19.8026
18.9652
18.3188
18.0687
17.822
17.9739
18.1123
18.6725
19.5835
20.8388
22.416
24.2807
26.4087
28.7721
31.3558
34.1366
37.1043
40.232
43.51
46.9031
50.4023
53.9611
57.574
61.1805
64.7786
68.277
71.7201
74.9033
78.0632
80.6383
83.6132
84.3835
37.8898
36.8341
35.7044
34.5224
33.271
31.9854
30.6613
29.3312
27.9743
26.6342
25.3057
23.9992
22.7584
21.5599
20.4506
19.4195
18.5534
17.8018
17.2474
17.0529
16.8238
16.9199
17.1162
17.6848
18.5537
19.7544
21.2747
23.088
25.1728
27.5039
30.0673
32.8425
35.8189
38.9742
42.2967
45.7556
49.3375
53.0017
56.7363
60.4902
64.2549
67.9695
71.6203
75.1352
78.5189
81.6333
84.601
87.0901
89.6156
90.0798
30.3771
29.6244
28.7302
27.791
26.7732
25.7481
24.6898
23.6538
22.5707
21.5576
20.5544
19.5908
18.7085
17.8808
17.1883
16.5697
16.1557
16.0436
15.9769
15.9838
16.2179
16.7932
17.6632
18.8498
20.3428
22.124
24.1765
26.4801
29.0222
31.7863
34.7634
37.9347
41.288
44.7977
48.4471
52.2006
56.0405
59.9216
63.8299
67.7111
71.5561
75.3031
78.9313
82.3844
85.6347
88.6054
91.3189
93.6597
95.5522
95.7986
24.6319
23.9254
23.0522
22.2658
21.4241
20.6452
19.8375
19.0879
18.2459
17.6017
16.9476
16.3117
15.783
15.3285
15.2434
15.0014
15.0787
15.1177
15.4502
16.0682
16.9631
18.1572
19.6479
21.4181
23.4544
25.7405
28.2668
31.0205
33.9941
37.1734
40.5475
44.0949
47.797
51.6241
55.5526
59.5443
63.5767
67.6032
71.6085
75.5381
79.3827
83.0808
86.608
89.9201
92.9639
95.7213
98.1249
100.235
101.275
101.509
19.5028
19.086
18.4865
17.8921
17.2274
16.7425
16.1852
15.7032
15.1091
14.9952
14.6939
14.3185
14.0911
14.1961
14.2006
14.3855
14.845
15.5401
16.4934
17.7235
19.2336
21.0113
23.0475
25.3291
27.8491
30.5976
33.5696
36.754
40.142
43.716
47.4591
51.3445
55.346
59.4312
63.5689
67.7228
71.8649
75.9518
79.9671
83.8599
87.6189
91.1862
94.5349
97.6288
100.397
102.882
104.921
106.687
107.126
107.222
15.2418
15.4817
15.1823
14.7125
14.2402
14.2147
13.8784
13.5582
13.5267
13.3899
13.4323
13.4565
13.5479
13.913
14.4803
15.2718
16.3073
17.5998
19.1527
20.9578
23.0104
25.3013
27.8264
30.5783
33.5544
36.7456
40.146
43.7402
47.5143
51.4441
55.5049
59.6654
63.8921
68.1529
72.41
76.634
80.7902
84.8444
88.7777
92.547
96.1351
99.4941
102.59
105.394
107.827
109.989
111.605
112.938
112.996
112.913
12.6411
12.9737
13.014
12.7602
12.7518
12.6212
12.7386
12.7672
12.7402
12.9184
13.2695
13.7834
14.4715
15.3724
16.5025
17.871
19.4821
21.3308
23.4148
25.7294
28.2719
31.0379
34.0256
37.2285
40.6424
44.2542
48.053
52.0158
56.1223
60.3406
64.6397
68.9855
73.3396
77.6741
81.9458
86.1376
90.2053
94.1322
97.8922
101.455
104.792
107.873
110.649
113.1
115.146
116.947
118.091
118.97
118.845
118.546
11.5636
11.7733
11.8098
11.8529
11.9949
12.2008
12.5087
12.9109
13.4169
14.0763
14.9096
15.9375
17.1751
18.6363
20.3199
22.2271
24.3573
26.7096
29.282
32.0731
35.081
38.3018
41.7316
45.3608
49.1791
53.1671
57.3063
61.5657
65.9191
70.3282
74.7586
79.1767
83.5427
87.8362
92.01
96.0639
99.941
103.651
107.152
110.434
113.448
116.191
118.59
120.634
122.253
123.655
124.4
124.84
124.677
124.08
11.5919
11.8492
12.1431
12.4997
12.9503
13.506
14.1857
15.0015
15.9772
17.1343
18.4887
20.0449
21.808
23.7833
25.9709
28.372
30.9851
33.8109
36.8467
40.0911
43.539
47.1842
51.0168
55.0216
59.1801
63.4657
67.852
72.3012
76.7846
81.259
85.6923
90.0542
94.307
98.44
102.404
106.219
109.81
113.223
116.39
119.33
121.961
124.316
126.298
127.885
129.045
130.047
130.491
130.472
130.519
129.442
13.211
13.7096
14.2957
14.9898
15.8078
16.7691
17.8877
19.1761
20.6413
22.2936
24.1417
26.1897
28.4401
30.8954
33.555
36.4198
39.4869
42.7558
46.2207
49.8781
53.7171
57.7269
61.8891
66.1826
70.5785
75.0457
79.5497
84.051
88.5222
92.9174
97.2137
101.385
105.4
109.258
112.91
116.393
119.617
122.67
125.441
127.993
130.194
132.116
133.674
134.732
135.426
136.105
136.436
136.139
136.251
134.587
16.8211
17.653
18.6057
19.6937
20.9306
22.328
23.8957
25.6415
27.5721
29.6915
32.0044
34.5124
37.2163
40.1162
43.2099
46.4963
49.9701
53.628
57.46
61.4582
65.6037
69.8799
74.2585
78.713
83.205
87.7023
92.165
96.5594
100.862
105.026
109.046
112.898
116.561
120.041
123.296
126.37
129.163
131.813
134.14
136.28
138.008
139.464
140.638
140.982
141.363
141.894
142.073
141.712
141.671
139.517
22.7071
23.8826
25.1972
26.6652
28.2984
30.1013
32.0801
34.2391
36.5827
39.1115
41.8274
44.7293
47.8157
51.0851
54.5324
58.1548
61.9433
65.8905
69.9804
74.1991
78.5186
82.9154
87.3535
91.8033
96.2199
100.576
104.83
108.962
112.951
116.753
120.388
123.824
127.059
130.099
132.911
135.534
137.878
140.12
141.986
143.733
144.955
145.969
146.824
146.812
147.001
147.176
147.442
146.873
146.53
143.968
30.6208
32.0978
33.7245
35.5177
37.4859
39.6279
41.9466
44.443
47.1188
49.9715
53.0008
56.2033
59.5755
63.1147
66.8116
70.6625
74.6516
78.7659
82.9834
87.282
91.6251
95.9844
100.321
104.606
108.791
112.86
116.773
120.534
124.109
127.47
130.663
133.634
136.42
139
141.365
143.532
145.456
147.317
148.733
150.14
150.834
151.499
152.103
151.975
152.099
152.029
152.163
151.433
150.722
147.832
40.5046
42.2252
44.1016
46.1546
48.3884
50.7949
53.3749
56.1261
59.0481
62.1352
65.3862
68.7954
72.3572
76.0676
79.9102
83.882
87.9536
92.1079
96.3165
100.548
104.762
108.927
113.012
116.984
120.802
124.466
127.94
131.248
134.34
137.212
139.933
142.414
144.755
146.865
148.789
150.513
152.069
153.566
154.549
155.671
155.859
156.249
156.625
156.623
156.804
156.446
156.369
155.349
154.407
151.249
52.0508
53.9457
56.0007
58.2413
60.6647
63.2557
66.0142
68.9346
72.0155
75.2477
78.6306
82.1541
85.8118
89.5947
93.4778
97.4595
101.486
105.547
109.605
113.621
117.557
121.386
125.091
128.631
131.98
135.158
138.135
140.948
143.52
145.893
148.143
150.134
152.065
153.697
155.207
156.53
157.796
158.926
159.52
160.412
160.35
160.605
160.878
160.827
160.908
160.448
160.071
158.762
157.666
154.31
64.8486
66.8548
69.0236
71.3854
73.9277
76.6294
79.4898
82.5012
85.6614
88.9574
92.3907
95.9426
99.6073
103.363
107.181
111.055
114.9
118.731
122.498
126.161
129.69
133.067
136.299
139.318
142.137
144.793
147.252
149.558
151.608
153.508
155.31
156.827
158.404
159.538
160.701
161.696
162.75
163.485
163.815
164.517
164.455
164.546
164.866
164.652
164.554
163.922
163.351
161.805
160.609
157.129
78.4758
80.5455
82.7771
85.206
87.808
90.5585
93.4561
96.4923
99.6635
102.953
106.363
109.862
113.445
117.068
120.713
124.349
127.866
131.342
134.692
137.888
140.91
143.755
146.461
148.901
151.175
153.31
155.265
157.081
158.643
160.124
161.506
162.573
163.858
164.461
165.4
166.162
167.057
167.391
167.613
168.157
168.177
168.116
168.385
168.104
167.82
167.018
166.328
164.61
163.361
159.828
92.5697
94.6701
96.9267
99.382
101.997
104.747
107.629
110.635
113.758
116.977
120.294
123.653
127.059
130.439
133.795
137.043
140.094
143.113
145.952
148.604
151.044
153.319
155.484
157.324
159.084
160.731
162.219
163.591
164.738
165.859
166.841
167.482
168.532
168.557
169.469
170.101
170.851
171.108
171.219
171.508
171.514
171.406
171.572
171.197
170.824
169.892
169.141
167.318
166.062
162.545
106.857
108.966
111.22
113.671
116.262
118.972
121.793
124.72
127.739
130.824
133.97
137.092
140.214
143.232
146.173
148.867
151.348
153.863
156.142
158.188
159.983
161.702
163.35
164.614
165.934
167.145
168.227
169.238
170.076
170.86
171.466
171.693
172.529
172.445
173.187
173.689
174.293
174.406
174.414
174.598
174.609
174.548
174.557
174.112
173.701
172.704
171.939
170.077
168.859
165.421
121.154
123.258
125.489
127.912
130.45
133.081
135.797
138.594
141.448
144.323
147.209
149.973
152.701
155.239
157.614
159.597
161.488
163.514
165.22
166.534
167.632
168.92
170.126
170.902
171.865
172.713
173.472
174.24
174.879
175.264
175.616
175.531
176.03
176.163
176.706
177.115
177.539
177.654
177.551
177.755
177.732
177.593
177.487
177.021
176.616
175.615
174.883
173.047
171.909
168.612
135.357
137.453
139.639
142.018
144.469
146.974
149.535
152.139
154.752
157.328
159.838
162.098
164.345
166.273
167.913
169.093
170.501
172.096
173.191
173.398
173.895
175.118
175.981
176.449
177.097
177.666
178.201
178.807
179.312
179.181
179.358
179.382
179.659
179.853
180.124
180.478
180.763
180.786
180.735
180.889
180.845
180.673
180.535
180.098
179.745
178.797
178.144
176.397
175.384
172.282
149.451
151.532
153.642
155.962
158.27
160.577
162.929
165.253
167.521
169.704
171.672
173.282
175.014
176.153
176.939
177.361
178.528
179.693
179.951
180.079
180.17
181.008
181.255
181.497
181.954
182.253
182.63
183.181
183.517
183.291
183.261
183.324
183.457
183.707
183.686
183.873
184.078
184.185
184.105
184.191
184.151
183.996
183.889
183.531
183.277
182.435
181.911
180.312
179.473
176.616
163.476
165.523
167.515
169.76
171.806
173.817
175.916
177.821
179.626
181.326
182.472
183.381
184.595
184.624
184.877
185.264
185.992
186.289
186.457
186.636
186.371
186.576
186.784
186.816
187.006
187.148
187.499
187.679
187.774
187.657
187.374
187.511
187.536
187.611
187.588
187.661
187.774
187.856
187.805
187.867
187.86
187.776
187.758
187.522
187.421
186.735
186.392
184.997
184.385
181.817
177.523
179.487
181.312
183.427
184.987
186.635
188.446
189.695
190.959
192.038
191.905
192.34
192.851
192.823
193.089
193.602
193.273
193.261
193.297
193.431
192.593
192.456
192.717
192.371
192.516
192.42
192.38
192.312
192.244
192.108
191.899
191.864
191.832
191.829
191.818
191.844
191.942
192.041
192.051
192.146
192.215
192.244
192.379
192.301
192.41
191.931
191.824
190.693
190.368
188.13
191.724
193.492
195.099
196.931
197.682
199.035
200.444
200.713
201.521
201.502
201.63
201.632
201.662
201.185
201.62
201.614
201.079
200.648
200.252
199.897
199.164
198.7
198.485
198.162
198.015
197.738
197.493
197.283
197.128
196.97
196.792
196.706
196.665
196.643
196.678
196.702
196.849
197.01
197.143
197.298
197.501
197.673
198.018
198.14
198.503
198.306
198.475
197.686
197.707
195.844
206.236
207.581
208.927
210.195
210.321
211.287
211.7
212.421
211.76
211.569
211.958
211.554
210.412
209.751
209.881
209.297
208.485
207.685
207.001
206.349
205.576
204.908
204.459
204.124
203.86
203.483
203.152
202.889
202.718
202.574
202.439
202.374
202.368
202.37
202.491
202.618
202.828
203.08
203.357
203.63
204.018
204.369
204.961
205.313
206.038
206.131
206.695
206.349
206.761
205.325
221.183
221.767
222.831
223.703
223.311
223.346
223.977
224.113
222.73
222.072
222.143
221.177
219.877
218.694
217.939
216.915
215.865
214.804
213.956
213.138
212.331
211.577
211.039
210.74
210.456
210.072
209.745
209.501
209.379
209.302
209.241
209.254
209.321
209.452
209.671
209.919
210.245
210.632
211.089
211.537
212.158
212.741
213.642
214.273
215.376
215.806
216.926
217.02
218.022
217.081
236.616
236.793
237.417
237.354
236.816
236.427
236.707
236.018
234.591
233.151
232.245
230.705
229.071
227.453
226.183
224.861
223.665
222.477
221.586
220.714
219.945
219.21
218.697
218.51
218.287
217.987
217.74
217.576
217.569
217.616
217.669
217.813
218.035
218.31
218.673
219.083
219.579
220.151
220.836
221.519
222.43
223.304
224.587
225.564
227.155
227.959
229.695
230.291
232.126
231.801
253.222
252.501
253.07
252.805
251.459
250.517
250.146
248.581
246.457
244.395
242.547
240.513
238.568
236.669
235.123
233.667
232.44
231.273
230.459
229.645
229.009
228.401
228.006
228.026
227.947
227.821
227.725
227.692
227.873
228.104
228.345
228.667
229.08
229.551
230.115
230.739
231.462
232.278
233.252
234.237
235.512
236.753
238.505
239.92
242.122
243.393
245.938
247.066
249.866
250.433
271.338
270.009
270.205
269.164
267.893
265.909
264.153
261.608
258.768
256.06
253.581
251.176
249.039
247.048
245.441
244.032
242.904
241.905
241.304
240.662
240.271
239.896
239.7
240.044
240.192
240.343
240.468
240.666
241.087
241.552
242.043
242.607
243.276
244.004
244.836
245.74
246.76
247.894
249.236
250.605
252.34
254.046
256.389
258.361
261.335
263.207
266.788
268.562
272.632
274.288
291.506
289.669
289.37
287.737
285.343
282.245
279.048
275.576
272.109
268.896
266.056
263.497
261.357
259.485
258.038
256.868
256.008
255.321
255.097
254.76
254.736
254.693
254.953
255.634
256.156
256.623
257.04
257.543
258.279
259.057
259.877
260.766
261.768
262.836
264.02
265.29
266.7
268.251
270.066
271.936
274.257
276.564
279.665
282.361
286.321
288.992
293.905
296.506
302.247
305.27
314.643
312.231
311.161
308.272
304.369
299.949
295.545
291.296
287.385
283.941
281.038
278.609
276.71
275.222
274.179
273.457
273.07
272.842
273.215
273.326
273.813
274.363
275.104
276.237
277.243
278.155
278.964
279.856
281.017
282.213
283.47
284.79
286.235
287.755
289.408
291.165
293.092
295.2
297.639
300.173
303.26
306.363
310.455
314.118
319.369
323.123
329.781
333.488
341.471
346.247
341.749
338.824
336.251
331.436
325.829
320.111
314.797
310.05
306.057
302.755
300.183
298.237
296.888
296.08
295.727
295.692
296.05
296.667
297.746
298.514
299.676
300.937
302.311
304.057
305.706
307.216
308.554
309.956
311.682
313.442
315.285
317.187
319.233
321.366
323.657
326.081
328.715
331.59
334.877
338.32
342.438
346.632
352.054
357.048
364.033
369.299
378.288
383.537
394.595
401.666
374.431
370.646
365.706
358.508
351.227
344.477
338.758
334.019
330.501
327.853
326.11
325.093
324.678
324.95
325.624
326.74
328.119
329.77
331.838
333.517
335.592
337.802
340.012
342.582
345.092
347.406
349.47
351.561
354.049
356.588
359.241
361.952
364.837
367.832
371.02
374.391
378.026
381.993
386.477
391.211
396.776
402.516
409.784
416.67
426.057
433.498
445.691
453.184
468.533
478.721
415.12
409.824
401.435
391.812
383.313
376.234
370.937
367.004
364.766
363.469
363.217
363.715
364.942
366.742
368.876
371.541
374.41
377.465
380.874
383.818
387.11
390.604
393.942
397.643
401.318
404.745
407.823
410.881
414.441
418.091
421.904
425.785
429.892
434.147
438.653
443.425
448.545
454.136
460.385
467.033
474.716
482.742
492.68
502.358
515.177
525.855
542.574
553.479
574.904
589.519
467.727
459.955
447.303
436.06
427.56
421.534
418.012
416.054
416.295
417.332
419.613
422.491
426.098
430.136
434.448
439.309
444.26
449.277
454.557
459.243
464.169
469.431
474.353
479.653
484.948
489.958
494.498
498.983
504.12
509.431
514.984
520.638
526.61
532.803
539.347
546.297
553.733
561.858
570.845
580.466
591.404
602.966
616.948
630.918
648.82
664.497
687.796
704.082
734.236
755.574
539.325
527.811
512.318
501.747
495.836
493.288
493.725
495.757
500.235
505.177
511.4
517.933
525.144
532.558
540.14
548.147
556.024
563.843
571.863
578.947
586.194
593.922
601.149
608.791
616.463
623.783
630.532
637.228
644.824
652.75
661.061
669.555
678.543
687.892
697.779
708.318
719.576
731.873
745.343
759.832
776.046
793.359
813.769
834.656
860.396
884.169
917.217
942.48
985.1
1017.79
645.022
631.295
619.194
615.241
616.947
622.28
630.351
639.793
651.351
662.742
675.289
687.589
700.355
712.986
725.362
737.986
750.144
762.035
774.127
784.7
795.404
806.775
817.46
828.698
840.054
850.993
861.263
871.61
883.305
895.621
908.613
921.993
936.218
951.077
966.84
983.697
1001.69
1021.29
1042.57
1065.52
1090.83
1118.05
1149.28
1181.95
1220.38
1258.08
1305.76
1347.46
1406.92
1462.27
825.434
828.494
838.426
854.486
874.45
896.204
918.525
941.164
964.972
987.3
1010.12
1031.71
1053.13
1073.7
1093.42
1113.08
1131.74
1149.84
1167.99
1183.98
1200.18
1217.38
1233.72
1250.92
1268.51
1285.73
1302.24
1319.22
1338.42
1358.84
1380.6
1403.28
1427.54
1453.01
1480.15
1509.19
1540.18
1573.89
1610.2
1649.34
1691.93
1737.97
1789.2
1844.01
1904.69
1969.05
2039.74
2116.36
2195.8
2305.77
1241.47
1362.26
1461.11
1529.11
1588.45
1643.61
1693.35
1739.55
1784.67
1825.78
1865.98
1903
1938.77
1972.51
2004.65
2036.32
2066.4
2095.71
2124.89
2151.07
2177.98
2206.97
2235.17
2264.82
2295.75
2327.08
2358.02
2390.27
2426.63
2465.89
2508.3
2553.28
2601.56
2652.58
2707.13
2765.4
2827.5
2894.74
2966.73
3044.23
3127.56
3218.07
3315.44
3422.72
3532.21
3661.93
3777.17
3949.31
4048.06
4327.19
3134.37
4055.43
4569.83
4794.42
4981.36
5152.38
5292.83
5416.29
5533.05
5636.19
5734.36
5824.58
5911.64
5994.25
6074.56
6153.81
6231.16
6308.05
6385.73
6459.38
6536.66
6620.63
6705.26
6794.38
6888.78
6988.27
7089.89
7197.79
7316.88
7447.53
7588.96
7741.85
7905.91
8081.45
8269.02
8468.82
8681.54
8911.21
9156.24
9420.94
9701.87
10011.4
10330.3
10701
11038.6
11513.8
11816.6
12527.7
12626.8
13902.5
)
;

boundaryField
{
    inlet
    {
        type            fixedValue;
        value           uniform 14.855;
    }
    outlet
    {
        type            zeroGradient;
    }
    upperWall
    {
        type            epsilonWallFunction;
        blending        stepwise;
        value           nonuniform List<scalar> 
446
(
1715.04
5015.83
8478.19
11079.9
12550.2
13228.7
13205.6
13052.3
12667.8
12223.9
11780.8
11365.7
10988.8
10652.4
10354.6
10092
9860.73
9656.75
9476.36
9316.43
9173.95
9046.6
8932.07
8828.7
8734.76
8649.05
8570.28
8497.58
8430.04
8366.95
8307.8
8251.88
8199.04
8148.56
8100.46
8054.2
8018.67
7993.41
7968.7
7944.46
7920.67
7897.24
7874.17
7851.43
7829.04
7806.97
7785.23
7763.78
7742.65
7721.8
7701.25
7680.97
7660.96
7641.21
7621.72
7602.49
7583.51
7564.76
7546.24
7527.94
7509.87
7492.03
7474.42
7457.04
7439.9
7422.99
7406.32
7389.89
7373.7
7357.76
7342.05
7326.59
7311.37
7296.38
7281.64
7267.13
7252.84
7238.79
7224.96
7211.35
7197.95
7184.76
7171.78
7158.99
7146.4
7134
7121.78
7109.75
7097.89
7086.19
7074.66
7063.3
7052.09
7041.03
7030.12
7019.35
7008.73
6998.24
6987.89
6977.67
6967.57
6957.6
6947.74
6938
6928.38
6918.87
6909.47
6900.17
6890.97
6881.87
6872.86
6863.93
6855.1
6846.34
6837.67
6829.07
6820.54
6812.08
6803.68
6795.34
6787.06
6778.84
6770.66
6762.53
6754.45
6746.41
6738.41
6730.44
6722.5
6714.59
6706.7
6698.84
6690.99
6683.17
6675.35
6667.55
6659.75
6651.95
6644.16
6636.36
6628.56
6620.75
6612.93
6605.09
6597.24
6589.36
6581.47
6573.54
6565.59
6557.59
6549.55
6541.47
6533.33
6525.13
6516.86
6508.53
6500.12
6491.64
6483.08
6474.44
6465.71
6456.9
6448
6439.01
6429.92
6420.73
6411.43
6402.02
6392.49
6382.84
6373.07
6363.16
6353.13
6342.96
6332.64
6322.17
6311.55
6300.77
6289.83
6278.71
6267.41
6255.94
6244.27
6232.41
6220.35
6208.07
6195.59
6182.87
6169.93
6156.76
6143.36
6129.71
6115.81
6101.66
6087.24
6072.56
6057.59
6042.35
6026.81
6010.97
5994.83
5978.38
5961.62
5944.53
5927.12
5909.38
5891.32
5872.9
5854.14
5835.01
5815.54
5795.69
5775.48
5754.91
5733.96
5712.65
5690.94
5668.87
5646.42
5623.62
5600.44
5576.92
5553
5528.71
5504.01
5478.95
5453.46
5427.59
5401.31
5374.62
5347.55
5320.06
5292.18
5263.93
5235.34
5206.38
5177.07
5147.39
5117.37
5087.02
5056.33
5025.29
4993.96
4962.31
4930.38
4898.22
4865.83
4833.24
4800.52
4767.66
4734.67
4701.59
4668.36
4635.04
4601.79
4568.54
4535.44
4502.37
4469.33
4436.33
4403.32
4370.48
4337.69
4305.06
4272.6
4240.43
4208.61
4177.25
4146.38
4115.91
4085.92
4056.22
4027.03
3998.22
3969.9
3942.05
3915
3888.69
3863.29
3838.59
3814.56
3791.12
3768.17
3745.99
3724.74
3704.45
3685.17
3666.83
3649.56
3633.05
3617.62
3602.92
3589.39
3576.73
3565.34
3555.13
3545.95
3538.08
3530.93
3524.74
3519.82
3514.99
3512.11
3509.87
3509.06
3508.68
3509.94
3511.57
3515.11
3518.94
3524.99
3531.3
3539.48
3547.38
3556.89
3566.9
3578.86
3591.05
3604.69
3618.66
3632.64
3647.61
3663.29
3680.72
3698.32
3716.77
3734.92
3753.75
3772.4
3790.86
3810.06
3830.69
3851.31
3870.93
3892.89
3913.17
3935.31
3956.3
3977.92
3999.64
4020.79
4043.04
4064.82
4084.14
4104.72
4124.09
4142.7
4159.37
4176.27
4191.76
4205.01
4217.13
4226.28
4233.91
4237.83
4242.12
4248.68
4252.21
4260.3
4266.48
4271.64
4276.49
4283.51
4295.44
4304.45
4309.25
4310.87
4309.86
4307.25
4302.74
4296.13
4288.6
4280.37
4270.2
4257.48
4242.75
4225.81
4205.46
4181.62
4157.24
4130.28
4099.35
4066.44
4030.42
3989.71
3945.67
3896.05
3841.15
3781.63
3711.15
3635.55
3541.09
3452.65
3277.55
3209.41
2612.7
3134.37
4055.43
4569.83
4794.42
4981.36
5152.38
5292.83
5416.29
5533.05
5636.19
5734.36
5824.58
5911.64
5994.25
6074.56
6153.81
6231.16
6308.05
6385.73
6459.38
6536.66
6620.63
6705.26
6794.38
6888.78
6988.27
7089.89
7197.79
7316.88
7447.53
7588.96
7741.85
7905.91
8081.45
8269.02
8468.82
8681.54
8911.21
9156.24
9420.94
9701.87
10011.4
10330.3
10701
11038.6
11513.8
11816.6
12527.7
12626.8
13902.5
)
;
    }
    lowerWall
    {
        type            epsilonWallFunction;
        blending        stepwise;
        value           nonuniform List<scalar> 
500
(
3747.78
14614.7
22449.8
25294.3
25083.3
24170.1
22593.7
21129.8
19872.5
18832
17977.8
17280.8
16700.1
16217.4
15801.4
15446.5
15128.4
14850.2
14592.9
14362.3
14147.1
13950.7
13765.5
13596.7
13437.3
13292.9
13157.3
13035.3
12921.7
12821.3
12728.4
12650.5
12576.2
12525.9
12469.8
12440.7
0.556752
1.6995
3.54584
5.65788
7.79576
9.83804
11.7257
13.4384
14.9739
16.3392
17.5556
18.8903
21.3404
24.0012
26.6995
29.3991
32.0728
34.6954
37.2427
39.6923
42.0237
44.218
46.2589
48.1316
49.8235
51.3243
52.6254
53.7206
54.5965
55.2774
55.7642
56.0231
56.011
55.8084
55.3998
54.8664
54.2416
53.5582
52.8515
52.1577
51.5151
50.967
50.5611
50.3832
50.4861
50.9096
51.8527
53.5343
56.1005
60.2841
64.1226
83.4756
138.094
1018.95
0.556752
0.570209
0.991201
1.48676
2.00461
2.51791
3.01404
3.4874
3.93532
4.35722
4.75402
5.12971
5.49608
5.84979
6.19322
6.53023
6.86458
7.19972
7.53856
7.88418
8.24056
8.61615
9.03084
9.52377
10.1171
10.7857
11.5071
12.2724
13.0783
13.9247
14.812
15.7413
16.7136
17.7306
18.7933
19.9035
21.0623
22.2716
23.5325
24.8468
26.2156
27.6408
29.1231
30.6645
32.2655
33.9278
35.6518
37.4391
39.2897
41.2052
43.1855
45.2319
47.344
49.5233
51.7693
54.0839
56.4673
58.9228
61.4483
64.0418
66.7024
69.4313
72.2267
75.0898
78.019
81.0154
84.077
87.2052
90.3979
93.6567
96.9793
100.367
103.819
107.335
110.914
114.558
118.263
122.034
125.866
129.763
133.721
137.744
141.828
145.976
150.186
154.462
158.8
163.206
167.675
172.214
176.818
181.493
186.234
191.048
195.931
200.888
205.917
211.024
216.205
221.467
226.805
232.225
237.716
243.29
248.937
254.667
260.472
266.363
272.33
278.384
284.516
290.737
297.037
303.427
309.897
316.46
323.105
329.843
336.665
343.582
350.584
357.683
364.867
372.15
379.52
386.991
394.548
402.207
409.954
417.803
425.741
433.784
441.914
450.15
458.475
466.905
475.424
484.049
492.763
501.584
510.494
519.51
528.616
537.829
547.13
556.538
566.034
575.638
585.328
595.127
605.01
615
625.073
635.252
645.513
655.878
666.323
676.871
687.497
698.226
709.032
719.945
730.943
742.066
753.301
764.71
776.313
788.221
800.536
812.975
825.496
838.104
850.802
863.573
876.418
889.332
902.313
915.357
928.457
941.609
954.804
968.033
981.287
994.551
1007.81
1021.05
1034.25
1047.4
1060.49
1073.56
1086.66
1099.72
1112.74
1125.71
1138.63
1151.49
1164.27
1176.96
1189.56
1202.06
1214.43
1226.68
1238.78
1250.73
1262.5
1274.09
1285.49
1296.67
1307.62
1318.33
1328.78
1338.96
1348.85
1358.42
1367.68
1376.59
1385.14
1393.32
1401.11
1408.49
1415.45
1421.96
1428.02
1433.6
1438.69
1443.28
1447.36
1450.91
1453.93
1456.43
1458.39
1459.6
1460.01
1460.13
1459.44
1458.23
1456.32
1453.77
1450.72
1447.32
1443.11
1438.22
1432.71
1426.6
1419.89
1412.6
1404.75
1396.31
1387.23
1377.64
1367.54
1356.97
1345.93
1334.46
1322.59
1310.32
1297.71
1284.76
1271.51
1257.98
1244.21
1230.22
1216.04
1201.7
1187.22
1172.64
1157.98
1143.26
1128.52
1113.78
1099.05
1084.37
1069.75
1055.22
1040.79
1026.49
1012.32
998.316
984.487
970.88
957.513
944.56
933.051
924.165
915.728
907.426
899.1
890.784
882.566
874.458
866.434
858.46
850.529
842.652
834.847
827.127
819.501
811.974
804.55
797.232
790.024
782.928
775.946
769.08
762.327
755.695
749.183
742.776
736.495
730.343
724.218
718.276
712.446
706.732
701.135
695.658
690.299
685.06
679.937
674.928
670.019
665.2
660.471
655.845
651.327
646.926
642.64
638.475
634.427
630.501
626.69
623.001
619.429
615.976
612.637
609.424
606.32
603.325
600.472
597.701
595.01
592.435
589.916
587.437
585.002
582.632
580.34
578.149
576.065
574.065
572.096
570.127
568.122
566.033
563.761
561.138
557.905
553.278
546.343
524.851
551.981
578.309
596.524
611.243
624.652
637.499
650.03
662.387
674.672
686.938
699.254
711.652
724.186
736.857
749.749
762.809
776.18
789.857
803.948
818.444
833.466
849.005
865.19
882.026
899.602
917.999
937.269
957.608
978.942
1001.35
1024.8
1049.6
1075.7
1103.64
1133.47
1166.08
1201.54
1240.93
1284.29
1333.29
1386.43
1448.22
1513.66
1592.95
1671.24
1776.29
1864.2
2017.59
2108.89
2351.46
)
;
    }
    frontAndBack
    {
        type            empty;
    }
}


// ************************************************************************* //
