/*--------------------------------*- C++ -*----------------------------------*\
| =========                 |                                                 |
| \\      /  F ield         | OpenFOAM: The Open Source CFD Toolbox           |
|  \\    /   O peration     | Version:  2506                                  |
|   \\  /    A nd           | Website:  www.openfoam.com                      |
|    \\/     M anipulation  |                                                 |
\*---------------------------------------------------------------------------*/
FoamFile
{
    version     2.0;
    format      ascii;
    arch        "LSB;label=32;scalar=64";
    class       volScalarField;
    location    "667";
    object      epsilon;
}
// * * * * * * * * * * * * * * * * * * * * * * * * * * * * * * * * * * * * * //

dimensions      [0 2 -3 0 0 0 0];

internalField   nonuniform List<scalar> 
48900
(
3684.95
14681.9
22407.8
25302.9
25071.2
24175.3
22586.4
21117.7
19857.3
18816.3
17962.7
17266.2
16686.7
16204.9
15790.1
15436.2
15119.1
14841.5
14585
14354.8
14140
13943.7
13758.6
13589.6
13430
13285.2
13149
13026.4
12912.1
12810.7
12716.6
12637.5
12561.5
12509.3
12451.4
12417.3
147.356
1674.3
3032
3872.03
4233.39
4412.74
4449.01
4466.08
4480
4523.33
4578.62
4654.94
4727.47
4807.66
4870.01
4932.28
4969.44
5004.07
5015.12
5018.87
5011.92
4999.27
4973.38
4948.54
4915.57
4885.81
4850.56
4819.33
4784.72
4753.8
4720.98
4690.44
4660.45
4625.15
4604.14
4559.04
42.541
227.514
463.056
663.263
796.552
882.156
919.888
942.41
951.632
968.51
989.856
1022.81
1059.83
1112.94
1167.08
1235.42
1301.17
1378.06
1449.66
1528.41
1599.67
1675.98
1741.74
1811.39
1868.66
1929.61
1976.88
2028.38
2065.29
2107.57
2134.63
2168.18
2186.54
2211.05
2222.63
2231.96
1.16066
55.5818
108.126
160.038
205.06
244.039
270.96
290.952
302.257
310.778
315.539
321.562
325.797
334.029
341.59
354.432
366.814
385.224
402.244
426.131
447.612
476.546
501.66
534.725
562.441
598.606
627.697
665.864
694.961
734.08
761.712
800.851
825.334
863.729
882.789
919.553
9.06611
26.8925
43.6973
60.6258
76.7779
92.6436
105.944
117.616
126.225
133.463
138.216
142.635
145.19
148.282
150.028
153.018
154.904
158.641
161.16
166.082
169.611
176.034
180.689
188.85
194.585
204.53
211.27
222.975
230.578
243.919
252.129
266.877
275.321
291.009
299.353
315.683
12.225
19.2635
26.1836
33.181
40.151
47.3704
53.9887
60.2706
65.4856
70.2295
73.8602
77.231
79.6175
82.0041
83.5446
85.3507
86.4037
87.968
88.8202
90.3671
91.2293
92.9386
93.9378
95.9629
97.1624
99.6021
101.034
103.937
105.612
108.995
110.903
114.732
116.864
120.994
123.365
127.997
13.5953
16.5598
19.7808
23.1278
26.5864
30.3006
33.8885
37.4373
40.5825
43.5581
46.0451
48.3902
50.2594
52.0639
53.4243
54.8116
55.7908
56.8896
57.6119
58.5315
59.0937
59.9271
60.4017
61.2224
61.6684
62.5228
62.9884
63.9062
64.4101
65.4165
65.967
67.0661
67.6719
68.8326
69.5246
70.9198
14.2627
15.4421
17.0012
18.7085
20.5571
22.622
24.7048
26.8244
28.7883
30.6884
32.367
33.9694
35.3397
36.6531
37.74
38.7998
39.6461
40.4996
41.1556
41.8523
42.3635
42.9481
43.3545
43.8635
44.1994
44.6603
44.9537
45.3911
45.6593
46.0904
46.3448
46.7791
47.0239
47.4693
47.6732
48.2805
14.6026
14.9714
15.7074
16.5739
17.576
18.7581
20.0079
21.3167
22.575
23.8147
24.9541
26.0537
27.0385
27.9834
28.8114
29.6072
30.29
30.9525
31.5094
32.0597
32.5116
32.9706
33.3381
33.7249
34.0267
34.3579
34.6091
34.9
35.1124
35.3755
35.5571
35.802
35.9559
36.1929
36.3024
36.6109
14.7341
14.8048
15.0991
15.5142
16.0321
16.697
17.4435
18.2548
19.0647
19.8792
20.6528
21.4089
22.1097
22.7859
23.4016
23.9923
24.5222
25.03
25.4799
25.9126
26.2912
26.6583
26.9755
27.2866
27.552
27.8168
28.0387
28.2664
28.4516
28.6507
28.8039
28.9824
29.1048
29.2725
29.3533
29.5585
14.7787
14.7478
14.8291
15.0032
15.23
15.5796
16.0052
16.4936
17.0035
17.5308
18.0483
18.5628
19.0536
19.5323
19.9809
20.4134
20.8134
21.1967
21.5476
21.8829
22.1873
22.478
22.7399
22.9906
23.2146
23.4304
23.6208
23.8071
23.9676
24.13
24.2628
24.4074
24.5123
24.6476
24.7155
24.8765
14.7992
14.7278
14.7182
14.7592
14.83
14.9847
15.2011
15.4743
15.7782
16.1053
16.4385
16.7782
17.1119
17.4425
17.7603
18.0699
18.3633
18.6462
18.9115
19.1655
19.4019
19.6273
19.8356
20.034
20.2159
20.3895
20.5471
20.6988
20.8337
20.9671
21.0802
21.1996
21.2896
21.4022
21.4609
21.5944
14.8077
14.7237
14.6693
14.642
14.6435
14.6866
14.7626
14.8942
15.0568
15.2429
15.4425
15.6538
15.8687
16.0868
16.3021
16.5154
16.7222
16.9238
17.1168
17.3031
17.4798
17.6493
17.8087
17.961
18.1032
18.239
18.3644
18.4849
18.5942
18.7014
18.7945
18.8914
18.9667
19.0589
19.1087
19.219
14.8107
14.7244
14.6513
14.5914
14.5497
14.5353
14.5429
14.5753
14.6443
14.7318
14.8357
14.9532
15.0787
15.2111
15.3464
15.484
15.6208
15.7567
15.8895
16.0195
16.145
16.2666
16.3829
16.4948
16.6009
16.7027
16.7981
16.89
16.9746
17.0575
17.1309
17.2066
17.267
17.34
17.3805
17.4688
14.8113
14.7252
14.6454
14.5722
14.5091
14.4608
14.428
14.4133
14.4193
14.4387
14.477
14.5277
14.5869
14.655
14.7288
14.8074
14.8886
14.9716
15.055
15.1385
15.2208
15.3019
15.3808
15.4577
15.5316
15.6033
15.6714
15.7375
15.7991
15.8596
15.914
15.97
16.0156
16.0702
16.1013
16.1682
14.8113
14.7254
14.6434
14.5654
14.4929
14.4285
14.374
14.3303
14.3004
14.2805
14.2748
14.2787
14.29
14.3116
14.3396
14.3735
14.4113
14.4525
14.4962
14.5419
14.5885
14.6358
14.683
14.73
14.7761
14.8214
14.8653
14.9083
14.9489
14.9892
15.0259
15.0638
15.0952
15.1325
15.1543
15.2008
14.8112
14.7251
14.6424
14.5627
14.4865
14.415
14.3497
14.2909
14.2408
14.1979
14.1639
14.1383
14.1193
14.1078
14.103
14.1042
14.1086
14.118
14.1309
14.1467
14.1646
14.1843
14.2054
14.2274
14.2498
14.2727
14.2955
14.3185
14.3406
14.3629
14.3835
14.4052
14.4232
14.4449
14.4577
14.4855
14.811
14.7248
14.6416
14.5612
14.4836
14.4093
14.339
14.2729
14.2121
14.1565
14.1066
14.0629
14.0245
13.9918
13.9643
13.9422
13.9241
13.9101
13.8997
13.8926
13.8883
13.8863
13.8866
13.888
13.8911
13.8954
13.9005
13.9065
13.9126
13.9195
13.9259
13.9334
13.9392
13.9473
13.9511
13.9645
14.8109
14.7244
14.6409
14.5601
14.4819
14.4064
14.3339
14.2645
14.1986
14.1364
14.0781
14.024
13.9741
13.9283
13.8867
13.8493
13.8156
13.7854
13.7587
13.7349
13.7141
13.6957
13.6798
13.6657
13.6535
13.6429
13.6336
13.6256
13.6185
13.6124
13.6067
13.6022
13.5972
13.5942
13.5885
13.5906
14.8108
14.7241
14.6403
14.5591
14.4806
14.4045
14.3311
14.2602
14.1919
14.1265
14.0639
14.0045
13.9481
13.8949
13.8449
13.798
13.7544
13.7137
13.6758
13.6408
13.6083
13.5783
13.5505
13.5248
13.501
13.479
13.4586
13.4396
13.4219
13.4055
13.3899
13.3757
13.3613
13.3495
13.3348
13.3279
14.8107
14.7238
14.6398
14.5584
14.4795
14.4031
14.3291
14.2575
14.1882
14.1212
14.0566
13.9945
13.9347
13.8775
13.8228
13.7706
13.7209
13.6737
13.629
13.5866
13.5464
13.5085
13.4726
13.4387
13.4066
13.3763
13.3476
13.3205
13.2947
13.2703
13.2469
13.2251
13.2034
13.1842
13.163
13.1479
14.8106
14.7236
14.6393
14.5577
14.4786
14.4019
14.3276
14.2556
14.1857
14.118
14.0524
13.9889
13.9276
13.8683
13.8111
13.756
13.7029
13.652
13.6031
13.5562
13.5113
13.4683
13.4271
13.3878
13.3501
13.3141
13.2796
13.2467
13.2151
13.1849
13.1557
13.1281
13.101
13.076
13.0499
13.0284
14.8106
14.7234
14.639
14.5572
14.4779
14.401
14.3264
14.2541
14.1839
14.1159
14.0498
13.9857
13.9235
13.8632
13.8048
13.7483
13.6936
13.6408
13.5897
13.5404
13.4928
13.447
13.4028
13.3602
13.3191
13.2796
13.2416
13.205
13.1696
13.1356
13.1028
13.0713
13.0405
13.0114
12.9821
12.956
14.8105
14.7233
14.6387
14.5568
14.4773
14.4002
14.3254
14.2529
14.1825
14.1142
14.0478
13.9833
13.9207
13.8599
13.8009
13.7436
13.688
13.6341
13.5818
13.5311
13.482
13.4345
13.3884
13.3439
13.3008
13.2591
13.2187
13.1797
13.1419
13.1054
13.0699
13.0358
13.0024
12.9706
12.9389
12.9097
14.8105
14.7232
14.6385
14.5564
14.4767
14.3995
14.3245
14.2518
14.1812
14.1127
14.0461
13.9814
13.9185
13.8573
13.7979
13.7402
13.6841
13.6295
13.5765
13.525
13.475
13.4264
13.3793
13.3335
13.2891
13.2459
13.204
13.1634
13.1239
13.0857
13.0485
13.0124
12.9773
12.9434
12.91
12.8785
14.8105
14.7231
14.6383
14.556
14.4762
14.3988
14.3237
14.2508
14.18
14.1113
14.0445
13.9796
13.9165
13.8552
13.7955
13.7375
13.681
13.6261
13.5727
13.5207
13.4702
13.421
13.3732
13.3267
13.2815
13.2375
13.1946
13.153
13.1125
13.0731
13.0348
12.9975
12.9612
12.926
12.8914
12.8583
14.8104
14.7229
14.6381
14.5557
14.4758
14.3982
14.323
14.2499
14.179
14.1101
14.0431
13.9781
13.9148
13.8532
13.7934
13.7352
13.6785
13.6234
13.5697
13.5174
13.4666
13.4171
13.3689
13.3219
13.2762
13.2317
13.1884
13.1461
13.105
13.065
13.0259
12.9879
12.9508
12.9148
12.8795
12.8454
14.8104
14.7229
14.6379
14.5554
14.4754
14.3977
14.3223
14.2491
14.1781
14.109
14.0419
13.9767
13.9132
13.8515
13.7915
13.7331
13.6763
13.621
13.5671
13.5147
13.4636
13.4139
13.3655
13.3183
13.2723
13.2275
13.1838
13.1412
13.0997
13.0593
13.0199
12.9814
12.9439
12.9073
12.8716
12.8369
14.8104
14.7228
14.6377
14.5552
14.4751
14.3973
14.3218
14.2485
14.1772
14.108
14.0408
13.9754
13.9119
13.85
13.7899
13.7313
13.6744
13.6189
13.5649
13.5123
13.4611
13.4112
13.3626
13.3152
13.269
13.224
13.1802
13.1374
13.0957
13.055
13.0153
12.9766
12.9388
12.902
12.8659
12.8309
14.8103
14.7227
14.6376
14.555
14.4748
14.3969
14.3213
14.2479
14.1765
14.1072
14.0398
13.9743
13.9107
13.8487
13.7884
13.7298
13.6727
13.6171
13.5629
13.5102
13.4589
13.4088
13.3601
13.3126
13.2663
13.2211
13.1771
13.1341
13.0923
13.0514
13.0116
12.9727
12.9347
12.8977
12.8615
12.8263
14.8103
14.7226
14.6375
14.5548
14.4745
14.3966
14.3209
14.2473
14.1759
14.1065
14.039
13.9734
13.9096
13.8475
13.7872
13.7284
13.6712
13.6155
13.5612
13.5084
13.4569
13.4068
13.3579
13.3103
13.2638
13.2186
13.1744
13.1313
13.0893
13.0484
13.0084
12.9694
12.9313
12.8942
12.8579
12.8225
14.8103
14.7226
14.6374
14.5547
14.4743
14.3963
14.3205
14.2469
14.1754
14.1059
14.0383
13.9726
13.9087
13.8466
13.7861
13.7272
13.6699
13.6141
13.5597
13.5068
13.4552
13.405
13.356
13.3083
13.2617
13.2163
13.1721
13.1289
13.0868
13.0457
13.0057
12.9666
12.9284
12.8911
12.8547
12.8193
14.8103
14.7226
14.6373
14.5546
14.4742
14.3961
14.3203
14.2466
14.175
14.1054
14.0377
13.972
13.908
13.8457
13.7851
13.7262
13.6688
13.6129
13.5585
13.5054
13.4538
13.4034
13.3544
13.3065
13.2599
13.2144
13.1701
13.1268
13.0846
13.0435
13.0033
12.9641
12.9259
12.8885
12.8521
12.8165
14.8103
14.7225
14.6373
14.5545
14.474
14.3959
14.32
14.2463
14.1746
14.105
14.0373
13.9714
13.9074
13.8451
13.7844
13.7254
13.6679
13.6119
13.5574
13.5043
13.4526
13.4021
13.353
13.3051
13.2584
13.2128
13.1684
13.1251
13.0828
13.0416
13.0014
12.9621
12.9238
12.8864
12.8498
12.8142
14.8103
14.7225
14.6372
14.5544
14.474
14.3958
14.3199
14.2461
14.1744
14.1047
14.0369
13.971
13.9069
13.8445
13.7838
13.7247
13.6672
13.6112
13.5566
13.5034
13.4516
13.4011
13.3519
13.304
13.2572
13.2116
13.1671
13.1237
13.0814
13.0401
12.9998
12.9605
12.9221
12.8846
12.848
12.8124
14.8103
14.7225
14.6372
14.5544
14.4739
14.3957
14.3198
14.246
14.1743
14.1045
14.0367
13.9708
13.9066
13.8442
13.7835
13.7243
13.6667
13.6107
13.556
13.5028
13.451
13.4004
13.3512
13.3032
13.2563
13.2107
13.1661
13.1227
13.0803
13.039
12.9986
12.9593
12.9209
12.8833
12.8467
12.811
14.8103
14.7225
14.6372
14.5544
14.4739
14.3957
14.3198
14.246
14.1742
14.1045
14.0367
13.9707
13.9065
13.8441
13.7833
13.7241
13.6665
13.6104
13.5558
13.5025
13.4506
13.4001
13.3508
13.3027
13.2559
13.2102
13.1656
13.1221
13.0797
13.0383
12.998
12.9586
12.9201
12.8826
12.8459
12.8102
14.8103
14.7225
14.6373
14.5544
14.474
14.3958
14.3199
14.2461
14.1743
14.1046
14.0368
13.9708
13.9067
13.8442
13.7834
13.7243
13.6666
13.6105
13.5559
13.5026
13.4507
13.4001
13.3508
13.3027
13.2559
13.2102
13.1656
13.1221
13.0797
13.0383
12.9979
12.9585
12.92
12.8825
12.8458
12.81
14.8103
14.7225
14.6373
14.5545
14.4741
14.396
14.32
14.2463
14.1746
14.1049
14.0371
13.9712
13.907
13.8446
13.7838
13.7247
13.6671
13.611
13.5563
13.5031
13.4512
13.4006
13.3513
13.3033
13.2564
13.2107
13.1661
13.1227
13.0802
13.0389
12.9985
12.9591
12.9206
12.8831
12.8464
12.8107
14.8103
14.7226
14.6374
14.5546
14.4742
14.3961
14.3203
14.2465
14.1749
14.1052
14.0375
13.9716
13.9075
13.8451
13.7844
13.7253
13.6677
13.6117
13.557
13.5038
13.452
13.4014
13.3521
13.3041
13.2573
13.2116
13.167
13.1236
13.0812
13.0398
12.9995
12.9601
12.9216
12.8841
12.8475
12.8117
14.8103
14.7226
14.6375
14.5547
14.4744
14.3964
14.3206
14.2469
14.1753
14.1057
14.038
13.9722
13.9082
13.8459
13.7852
13.7261
13.6686
13.6126
13.558
13.5049
13.453
13.4025
13.3533
13.3053
13.2585
13.2129
13.1684
13.125
13.0826
13.0413
13.001
12.9617
12.9233
12.8858
12.8493
12.8136
14.8103
14.7227
14.6376
14.5549
14.4746
14.3967
14.3209
14.2474
14.1759
14.1064
14.0388
13.973
13.9091
13.8468
13.7862
13.7272
13.6698
13.6139
13.5594
13.5063
13.4545
13.4041
13.3549
13.307
13.2603
13.2148
13.1704
13.1271
13.0848
13.0436
13.0035
12.9643
12.926
12.8887
12.8524
12.8168
14.8104
14.7228
14.6377
14.5551
14.475
14.3971
14.3214
14.248
14.1766
14.1072
14.0397
13.9741
13.9102
13.8481
13.7876
13.7287
13.6714
13.6155
13.5612
13.5082
13.4566
13.4064
13.3574
13.3097
13.2632
13.2179
13.1738
13.1308
13.0889
13.0481
13.0083
12.9696
12.9318
12.895
12.8591
12.8241
14.8104
14.7229
14.6379
14.5554
14.4753
14.3976
14.3221
14.2487
14.1775
14.1082
14.0409
13.9754
13.9117
13.8497
13.7894
13.7307
13.6737
13.6181
13.5641
13.5115
13.4603
13.4106
13.3622
13.3151
13.2694
13.2249
13.1816
13.1395
13.0987
13.0589
13.0203
12.9827
12.9462
12.9107
12.8763
12.8426
14.8104
14.723
14.6382
14.5558
14.4758
14.3982
14.3229
14.2497
14.1786
14.1095
14.0424
13.9772
13.9138
13.8523
13.7925
13.7344
13.6781
13.6234
13.5704
13.519
13.4693
13.4211
13.3744
13.3292
13.2856
13.2433
13.2024
13.1629
13.1246
13.0876
13.0519
13.0173
12.9839
12.9514
12.9204
12.8897
14.8105
14.7232
14.6385
14.5562
14.4765
14.399
14.3239
14.251
14.1802
14.1115
14.045
13.9805
13.9181
13.8579
13.7997
13.7437
13.6897
13.6379
13.5881
13.5403
13.4945
13.4506
13.4085
13.3683
13.3298
13.293
13.2578
13.2241
13.1918
13.1609
13.1314
13.103
13.0759
13.0497
13.0251
13.0004
14.8105
14.7234
14.6388
14.5568
14.4772
14.4001
14.3253
14.253
14.1831
14.1158
14.0512
13.9895
13.9306
13.8746
13.8217
13.7717
13.7247
13.6805
13.6391
13.6004
13.5642
13.5304
13.4989
13.4694
13.442
13.4164
13.3925
13.3702
13.3493
13.3297
13.3114
13.2942
13.2782
13.2626
13.249
13.234
14.8106
14.7237
14.6393
14.5575
14.4783
14.4017
14.3282
14.2581
14.1916
14.1295
14.0718
14.0188
13.9704
13.9271
13.8879
13.8537
13.8236
13.7971
13.7743
13.7548
13.7382
13.7243
13.7128
13.7034
13.6959
13.6899
13.6853
13.6819
13.6796
13.6782
13.6774
13.6775
13.6779
13.6785
13.6804
13.6798
14.8105
14.7241
14.6397
14.5584
14.4804
14.4066
14.3384
14.2771
14.2224
14.1774
14.1401
14.1109
14.0894
14.0759
14.0682
14.0685
14.0717
14.0791
14.0912
14.1064
14.1241
14.1438
14.1651
14.1875
14.2108
14.2347
14.2589
14.2831
14.3074
14.3312
14.3551
14.3779
14.4013
14.4221
14.4458
14.4626
14.8101
14.7246
14.6398
14.5612
14.4891
14.4275
14.38
14.3458
14.3275
14.3294
14.3401
14.3642
14.4012
14.4473
14.5002
14.5592
14.6224
14.6884
14.7564
14.8256
14.8953
14.9646
15.0334
15.1009
15.1672
15.2316
15.2943
15.3548
15.4136
15.4696
15.5244
15.5755
15.6267
15.6721
15.7214
15.7587
14.8081
14.7248
14.6413
14.5777
14.5305
14.5136
14.5265
14.5637
14.6376
14.7361
14.8527
14.983
15.124
15.272
15.4243
15.5783
15.7324
15.8847
16.0346
16.1805
16.3225
16.4594
16.5916
16.7181
16.8397
16.9552
17.066
17.1706
17.2712
17.3651
17.4562
17.5395
17.6229
17.6951
17.7734
17.832
14.7996
14.7251
14.6632
14.658
14.6948
14.7846
14.961
15.1818
15.4395
15.7227
16.0224
16.33
16.6405
16.9486
17.2518
17.5463
17.8318
18.1054
18.3679
18.6172
18.8549
19.079
19.2919
19.4915
19.6808
19.8572
20.0248
20.1797
20.328
20.4631
20.5947
20.7114
20.8296
20.9279
21.0374
21.1152
14.7663
14.7463
14.7986
14.9058
15.2088
15.628
16.1374
16.6998
17.293
17.897
18.5009
19.0927
19.668
20.2193
20.7467
21.2445
21.716
22.1564
22.5713
22.9555
23.3166
23.6485
23.9604
24.2452
24.5137
24.7566
24.9875
25.1939
25.3931
25.5674
25.7409
25.8864
26.0405
26.1591
26.3011
26.392
14.6624
14.897
15.2203
15.8013
16.7554
17.841
19.0101
20.2052
21.3978
22.5575
23.6749
24.7326
25.7314
26.6596
27.5253
28.3186
29.0537
29.7193
30.3351
30.8867
31.3986
31.8519
32.2761
32.6465
32.9985
33.3005
33.5948
33.8408
34.0902
34.2902
34.5064
34.6684
34.8625
34.9916
35.1747
35.2729
14.3984
15.5504
16.5984
18.6455
21.0049
23.4823
25.9989
28.4484
30.7997
32.9992
35.048
36.9167
38.6232
40.1488
41.5257
42.7352
43.8236
44.7631
45.6147
46.3359
47.0018
47.5523
48.0785
48.5003
48.9264
49.2537
49.6125
49.873
50.1911
50.4058
50.7052
50.89
51.1879
51.3533
51.6641
51.8163
13.9327
17.9821
21.6073
27.2794
33.1731
39.07
44.8149
50.1489
55.0538
59.4043
63.2636
66.574
69.4365
71.8293
73.8682
75.5362
76.9626
78.1022
79.114
79.8991
80.6546
81.2222
81.846
82.299
82.884
83.2968
83.9101
84.3339
85.0235
85.4952
86.2975
86.835
87.7683
88.3841
89.4604
90.1608
13.8355
27.3352
41.0761
58.4248
75.634
92.2394
107.443
120.499
131.544
140.362
147.43
152.744
156.858
159.827
162.124
163.806
165.21
166.374
167.575
168.7
170.1
171.505
173.363
175.223
177.68
180.071
183.195
186.133
189.94
193.409
197.894
201.815
206.96
211.288
217.06
221.737
20.4113
75.4069
143.374
214.027
281.305
340.97
387.449
420.659
443.563
457.852
466.913
472.064
475.957
478.905
482.671
487.054
492.899
500.337
509.185
519.529
531.418
544.666
559.322
575.012
591.973
609.557
628.334
647.234
667.364
687.003
708.086
727.931
749.628
769.174
791.241
810.084
108.193
466.286
903.66
1345.94
1701.97
1955.98
2095.91
2172.47
2213.3
2231.72
2241.84
2251.19
2263.34
2280.16
2301.63
2327.85
2357.69
2390.7
2425.72
2462.23
2499.06
2535.89
2571.73
2606.46
2639.27
2670.22
2698.75
2724.95
2748.62
2769.64
2788.51
2804.25
2818.92
2829.37
2841.09
2846.11
1707.93
5017.39
8476.54
11080
12550.1
13228.4
13213.5
13026.6
12682.2
12228.2
11782.5
11366.7
10989.7
10653.3
10355.6
10093.2
9861.96
9658.08
9477.79
9317.95
9175.57
9048.32
8933.89
8830.63
8736.79
8651.18
8572.52
8499.92
8432.5
8369.53
8310.5
8254.7
8201.99
8151.64
8103.67
8057.54
0.23313
0.213761
0.359369
0.539647
0.73699
0.939437
1.13976
1.33364
1.51839
1.69247
1.8552
2.00653
2.14712
2.27969
2.40518
2.52378
2.63665
2.74516
2.85061
2.9541
3.05655
3.15873
3.26136
3.36543
3.47296
3.58931
3.72766
3.90696
4.12242
4.3594
4.61064
4.87361
5.14757
5.43261
5.72899
6.03723
6.35785
6.69154
7.03891
7.40078
7.77783
8.17096
8.5809
9.00864
9.45497
9.92094
10.4074
10.9155
11.446
12.0002
12.579
13.1836
13.815
14.4743
15.1628
15.8815
16.6317
17.4144
18.2308
19.0822
19.9695
20.8942
21.8572
22.8599
23.9034
24.9889
26.1176
27.2912
28.5108
29.7786
31.0934
32.457
33.87
35.3336
36.8485
38.416
40.0367
41.7118
43.442
45.2288
47.0727
48.9749
50.9359
52.9569
55.0379
57.1796
59.3819
61.6458
63.9715
66.36
68.8112
71.3265
73.9055
76.5497
79.2585
82.0335
84.8742
87.782
90.7563
93.7988
96.9087
100.088
103.335
106.652
110.039
113.496
117.024
120.623
124.292
128.034
131.848
135.735
139.693
143.726
147.831
152.011
156.264
160.592
164.994
169.471
174.023
178.651
183.353
188.133
192.986
197.917
202.923
208.006
213.164
218.4
223.71
229.097
234.559
240.099
245.712
251.403
257.166
263.006
268.919
274.908
280.969
287.105
293.312
299.594
305.944
312.369
318.861
325.426
332.057
338.759
345.526
352.362
359.26
366.226
373.253
380.344
387.494
394.706
401.974
409.302
416.682
424.12
431.607
439.149
446.737
454.376
462.059
469.789
477.559
485.373
493.224
501.115
509.041
516.999
524.987
533.004
541.048
549.115
557.204
565.312
573.438
581.577
589.729
597.89
606.058
614.231
622.405
630.577
638.746
646.908
655.061
663.201
671.325
679.431
687.515
695.573
703.602
711.596
719.552
727.463
735.321
743.119
750.847
758.497
766.063
773.549
780.991
788.366
795.669
802.902
810.063
817.149
824.159
831.092
837.953
844.749
851.497
858.233
865.023
871.861
878.51
885.073
891.502
897.814
903.999
910.056
915.983
921.777
927.434
932.953
938.331
943.565
948.653
953.592
958.38
963.015
967.495
971.817
975.98
979.981
983.819
987.491
990.996
994.333
997.499
1000.49
1003.31
1005.96
1008.43
1010.72
1012.83
1014.77
1016.52
1018.1
1019.49
1020.7
1021.72
1022.56
1023.19
1023.64
1024.03
1024.11
1024.05
1023.79
1023.36
1022.74
1021.95
1020.97
1019.81
1018.48
1016.95
1015.21
1013.28
1011.22
1009.01
1006.59
1004.02
1001.28
998.372
995.295
992.054
988.658
985.139
981.63
977.947
974.103
970.098
965.937
961.622
957.155
952.541
947.781
942.879
937.837
932.66
927.349
921.908
916.339
910.648
904.835
898.906
892.862
886.708
880.447
874.082
867.617
861.056
854.402
847.659
840.832
833.923
826.937
819.879
812.751
805.558
798.305
790.996
783.634
776.223
768.77
761.279
753.76
746.24
738.8
732.321
729.234
727.095
725.008
722.892
720.745
718.563
716.349
714.106
711.836
709.542
707.226
704.891
702.54
700.174
697.795
695.404
693.004
690.595
688.177
685.75
683.312
680.86
678.388
675.89
673.352
670.755
668.073
665.26
662.248
658.923
655.067
650.322
643.741
633.755
598.279
0.608147
0.392093
0.380575
0.419075
0.476981
0.542529
0.611626
0.682143
0.753461
0.825037
0.896508
0.967684
1.03866
1.11028
1.18256
1.25499
1.32752
1.40028
1.47355
1.54764
1.62291
1.69975
1.77869
1.86043
1.94613
2.03752
2.13709
2.24704
2.36723
2.49602
2.63207
2.77464
2.92347
3.07853
3.24001
3.40812
3.58318
3.7655
3.95543
4.15334
4.35962
4.57465
4.79887
5.03265
5.27642
5.53059
5.7956
6.07185
6.35978
6.6598
6.97235
7.29782
7.63666
7.98923
8.35598
8.73725
9.13347
9.54497
9.97214
10.4153
10.8749
11.3511
11.8443
12.3549
12.8831
13.4293
13.9937
14.5767
15.1784
15.7992
16.4391
17.0983
17.7769
18.4754
19.1937
19.9323
20.6913
21.4711
22.2722
23.0942
23.9371
24.8013
25.6867
26.5935
27.5217
28.4714
29.4426
30.4354
31.45
32.4865
33.545
34.6257
35.7287
36.8541
38.0022
39.173
40.3668
41.5836
42.8236
44.087
45.374
46.6847
48.0192
49.3777
50.7604
52.1675
53.599
55.0553
56.5362
58.0422
59.5731
61.1294
62.7109
64.3181
65.9508
67.6094
69.2938
71.0044
72.741
74.504
76.2932
78.109
79.9513
81.8204
83.716
85.6386
87.5879
89.5641
91.5671
93.5971
95.6538
97.7376
99.8481
101.986
104.15
106.341
108.558
110.802
113.073
115.37
117.693
120.043
122.418
124.82
127.247
129.699
132.177
134.68
137.207
139.759
142.335
144.935
147.558
150.205
152.875
155.567
158.282
161.018
163.775
166.553
169.352
172.17
175.008
177.864
180.739
183.632
186.542
189.468
192.411
195.369
198.342
201.329
204.33
207.342
210.367
213.402
216.448
219.504
222.568
225.64
228.719
231.805
234.896
237.991
241.09
244.191
247.294
250.398
253.501
256.603
259.703
262.799
265.89
268.975
272.053
275.122
278.18
281.226
284.258
287.274
290.271
293.249
296.206
299.143
302.064
304.986
307.933
310.871
313.787
316.681
319.551
322.399
325.223
328.025
330.804
333.564
336.307
339.037
341.754
344.445
347.091
349.702
352.272
354.803
357.292
359.738
362.141
364.5
366.813
369.08
371.299
373.47
375.591
377.662
379.683
381.651
383.566
385.428
387.235
388.987
390.683
392.322
393.904
395.427
396.891
398.296
399.641
400.924
402.146
403.306
404.404
405.438
406.41
407.317
408.159
408.937
409.649
410.296
410.876
411.394
411.858
412.239
412.56
412.814
413.002
413.123
413.177
413.159
413.088
412.941
412.726
412.434
412.078
411.665
411.193
410.65
410.045
409.376
408.643
407.847
406.99
406.075
405.111
404.11
403.044
401.917
400.728
399.478
398.168
396.799
395.373
393.889
392.349
390.754
389.104
387.402
385.647
383.84
381.984
380.078
378.125
376.124
374.078
371.987
369.852
367.675
365.457
363.2
360.904
358.571
356.202
353.799
351.363
348.895
346.398
343.872
341.319
338.741
336.138
333.515
330.872
328.214
325.554
322.93
320.548
318.841
317.404
316.017
314.631
313.236
311.831
310.414
308.987
307.55
306.105
304.653
303.194
301.73
300.262
298.79
297.316
295.841
294.364
292.887
291.409
289.932
288.455
286.977
285.498
284.014
282.525
281.024
279.506
277.962
276.376
274.729
272.985
271.099
269.458
266.856
1.28268
0.693447
0.561418
0.535633
0.545069
0.570852
0.606121
0.647512
0.693234
0.7423
0.794153
0.848498
0.905208
0.964185
1.02532
1.08848
1.15363
1.22075
1.28993
1.3613
1.43503
1.51139
1.5907
1.6734
1.76007
1.85141
1.94814
2.0508
2.15952
2.27411
2.3943
2.51989
2.65082
2.78712
2.92888
3.07628
3.22951
3.3888
3.55438
3.72649
3.90539
4.09135
4.28469
4.48565
4.69447
4.91141
5.13673
5.37067
5.61349
5.86541
6.12668
6.39752
6.67814
6.96876
7.26957
7.58074
7.90248
8.23494
8.57831
8.93275
9.29844
9.67555
10.0642
10.4646
10.8769
11.3011
11.7375
12.1861
12.6472
13.1207
13.6068
14.1056
14.6174
15.1421
15.68
16.2312
16.7958
17.374
17.966
18.5717
19.1914
19.825
20.4728
21.1349
21.8113
22.5021
23.2075
23.9277
24.6626
25.4126
26.1777
26.9582
27.754
28.5654
29.3926
30.2357
31.0948
31.9701
32.8617
33.7698
34.6946
35.6361
36.5946
37.5702
38.5629
39.5731
40.6007
41.6459
42.7089
43.7897
44.8886
46.0056
47.1408
48.2944
49.4664
50.657
51.8663
53.0944
54.3413
55.6071
56.892
58.196
59.5192
60.8616
62.2234
63.6046
65.0053
66.4253
67.8647
69.3235
70.8017
72.2993
73.8162
75.3525
76.9081
78.483
80.0771
81.6903
83.3227
84.9741
86.6444
88.3335
90.0414
91.7678
93.5128
95.276
97.0575
98.8569
100.674
102.509
104.361
106.231
108.118
110.021
111.941
113.877
115.829
117.796
119.779
121.777
123.79
125.817
127.858
129.913
131.981
134.062
136.155
138.261
140.378
142.506
144.645
146.795
148.954
151.122
153.299
155.484
157.677
159.876
162.083
164.295
166.512
168.734
170.961
173.191
175.423
177.658
179.894
182.131
184.368
186.605
188.84
191.072
193.302
195.528
197.749
199.964
202.173
204.374
206.566
208.75
210.923
213.086
215.24
217.384
219.524
221.66
223.792
225.913
228.019
230.111
232.188
234.249
236.294
238.323
240.337
242.336
244.319
246.285
248.234
250.16
252.059
253.934
255.781
257.603
259.396
261.161
262.896
264.602
266.277
267.92
269.532
271.11
272.656
274.167
275.644
277.085
278.491
279.86
281.192
282.486
283.742
284.96
286.138
287.276
288.374
289.432
290.448
291.422
292.354
293.243
294.09
294.893
295.653
296.368
297.039
297.666
298.247
298.784
299.275
299.723
300.126
300.48
300.789
301.052
301.269
301.439
301.564
301.641
301.665
301.648
301.582
301.466
301.305
301.101
300.853
300.557
300.217
299.832
299.401
298.926
298.408
297.848
297.25
296.615
295.935
295.212
294.445
293.636
292.784
291.89
290.954
289.978
288.963
287.907
286.813
285.681
284.511
283.305
282.062
280.784
279.472
278.126
276.747
275.336
273.893
272.42
270.917
269.385
267.825
266.238
264.625
262.986
261.324
259.638
257.931
256.202
254.453
252.686
250.901
249.1
247.286
245.462
243.638
241.842
240.158
238.716
237.405
236.136
234.876
233.614
232.348
231.076
229.798
228.515
227.227
225.935
224.64
223.343
222.044
220.744
219.444
218.144
216.845
215.548
214.253
212.961
211.672
210.386
209.104
207.825
206.551
205.28
204.013
202.75
201.495
200.256
199.045
197.916
197.025
196.652
2.10953
1.04102
0.7772
0.693943
0.669752
0.67206
0.689038
0.715784
0.74944
0.788498
0.832065
0.879582
0.930713
0.985219
1.04292
1.10368
1.16742
1.23408
1.30367
1.37626
1.45193
1.53085
1.61321
1.69929
1.78938
1.88384
1.98299
2.08707
2.1962
2.31039
2.42963
2.55388
2.68315
2.8175
2.95702
3.10186
3.25215
3.40808
3.56983
3.73758
3.91149
4.0917
4.27832
4.47164
4.6719
4.87928
5.09399
5.31618
5.54604
5.78372
6.0294
6.28323
6.54537
6.81595
7.09511
7.38293
7.67954
7.98504
8.29954
8.62316
8.95602
9.29834
9.65023
10.0118
10.383
10.7642
11.1553
11.5565
11.9678
12.3895
12.8215
13.2641
13.7173
14.1813
14.6562
15.1422
15.6394
16.1479
16.6678
17.1992
17.7423
18.2972
18.8639
19.4427
20.0337
20.6369
21.2525
21.8807
22.5216
23.1753
23.8419
24.5217
25.2148
25.9212
26.6411
27.3748
28.1222
28.8835
29.659
30.4486
31.2526
32.071
32.904
33.7518
34.6144
35.4919
36.3845
37.2924
38.2155
39.154
40.108
41.0777
42.063
43.0642
44.0813
45.1143
46.1635
47.2287
48.3102
49.408
50.5222
51.6527
52.7998
53.9634
55.1435
56.3403
57.5537
58.7837
60.0303
61.2936
62.5735
63.8701
65.1833
66.513
67.8594
69.2223
70.6017
71.9975
73.4098
74.8383
76.2831
77.7441
79.2211
80.7141
82.2229
83.7474
85.2876
86.8432
88.4142
90.0002
91.6013
93.2171
94.8476
96.4924
98.1514
99.8244
101.511
103.211
104.925
106.651
108.39
110.142
111.905
113.68
115.467
117.265
119.074
120.893
122.722
124.56
126.408
128.265
130.131
132.004
133.885
135.772
137.667
139.568
141.474
143.385
145.301
147.222
149.146
151.072
153.002
154.933
156.866
158.799
160.733
162.666
164.598
166.528
168.455
170.38
172.301
174.217
176.128
178.034
179.933
181.825
183.71
185.588
187.459
189.323
191.181
193.032
194.875
196.708
198.528
200.337
202.132
203.914
205.682
207.436
209.175
210.9
212.609
214.302
215.976
217.631
219.264
220.876
222.465
224.031
225.574
227.092
228.585
230.053
231.495
232.911
234.299
235.659
236.991
238.294
239.567
240.81
242.023
243.205
244.355
245.473
246.559
247.612
248.631
249.616
250.567
251.483
252.363
253.209
254.018
254.791
255.527
256.226
256.888
257.513
258.099
258.648
259.158
259.63
260.063
260.458
260.814
261.13
261.407
261.644
261.842
262.001
262.12
262.198
262.228
262.225
262.181
262.096
261.972
261.809
261.608
261.368
261.088
260.77
260.414
260.019
259.587
259.119
258.615
258.077
257.502
256.889
256.239
255.553
254.83
254.072
253.278
252.45
251.587
250.691
249.762
248.8
247.806
246.781
245.726
244.64
243.524
242.38
241.208
240.008
238.782
237.529
236.251
234.949
233.623
232.274
230.903
229.51
228.097
226.664
225.212
223.743
222.257
220.755
219.238
217.708
216.168
214.62
213.074
211.549
210.086
208.737
207.463
206.221
204.99
203.761
202.53
201.297
200.06
198.819
197.577
196.332
195.085
193.838
192.591
191.344
190.098
188.854
187.613
186.374
185.14
183.909
182.684
181.464
180.25
179.044
177.846
176.658
175.484
174.327
173.196
172.107
171.087
170.197
169.542
169.485
2.9842
1.39597
1.00091
0.864585
0.811637
0.795536
0.799591
0.816483
0.8425
0.875533
0.914331
0.958106
1.00636
1.05877
1.11513
1.17527
1.2391
1.30658
1.37767
1.4524
1.53081
1.61298
1.69901
1.78904
1.88321
1.98169
2.0846
2.19208
2.3042
2.42102
2.54258
2.66892
2.80007
2.93612
3.07715
3.22326
3.37457
3.53123
3.69339
3.86119
4.03481
4.21443
4.40028
4.59245
4.79108
4.99632
5.20831
5.42719
5.6531
5.88617
6.12654
6.37435
6.62976
6.89296
7.16399
7.44291
7.72979
8.02472
8.32777
8.63896
8.95825
9.28538
9.6209
9.96502
10.3179
10.6797
11.0506
11.4305
11.8197
12.2181
12.626
13.0434
13.4704
13.9073
14.3543
14.8113
15.2786
15.7563
16.2444
16.7431
17.2525
17.7728
18.304
18.8463
19.3998
19.9647
20.5411
21.129
21.7288
22.3405
22.9642
23.6001
24.2483
24.9089
25.5821
26.2679
26.9666
27.6782
28.4029
29.1407
29.8919
30.6565
31.4346
32.2264
33.032
33.8514
34.6849
35.5324
36.3941
37.2702
38.1606
39.0655
39.985
40.9191
41.868
42.8317
43.8104
44.804
45.8127
46.8364
47.8754
48.9296
49.999
51.0838
52.184
53.2995
54.4305
55.5769
56.7388
57.9161
59.1089
60.3172
61.541
62.7801
64.0348
65.3048
66.5902
67.8909
69.2069
70.5382
71.8845
73.246
74.6225
76.0139
77.4201
78.841
80.2765
81.7265
83.1908
84.6693
86.1618
87.6683
89.1884
90.7221
92.2691
93.8293
95.4023
96.9881
98.5863
100.197
101.819
103.453
105.099
106.755
108.423
110.101
111.789
113.487
115.195
116.912
118.637
120.371
122.113
123.863
125.62
127.383
129.153
130.929
132.71
134.497
136.288
138.082
139.881
141.682
143.486
145.292
147.099
148.907
150.715
152.523
154.331
156.136
157.94
159.741
161.539
163.333
165.123
166.908
168.687
170.461
172.229
173.99
175.745
177.493
179.234
180.968
182.692
184.406
186.109
187.8
189.479
191.145
192.798
194.437
196.062
197.672
199.267
200.844
202.404
203.946
205.467
206.968
208.448
209.906
211.343
212.756
214.147
215.513
216.855
218.172
219.463
220.729
221.968
223.179
224.363
225.519
226.646
227.744
228.813
229.851
230.859
231.836
232.782
233.695
234.577
235.425
236.241
237.024
237.773
238.487
239.168
239.814
240.424
241
241.54
242.045
242.514
242.946
243.343
243.703
244.027
244.314
244.564
244.778
244.954
245.093
245.196
245.257
245.279
245.267
245.217
245.13
245.006
244.846
244.649
244.416
244.147
243.841
243.5
243.123
242.711
242.265
241.785
241.271
240.724
240.141
239.525
238.874
238.19
237.473
236.724
235.942
235.129
234.284
233.409
232.504
231.57
230.606
229.615
228.595
227.549
226.476
225.377
224.254
223.105
221.933
220.738
219.52
218.281
217.021
215.74
214.441
213.122
211.786
210.433
209.064
207.679
206.281
204.869
203.446
202.014
200.576
199.14
197.718
196.334
195.011
193.735
192.484
191.243
190.005
188.768
187.529
186.288
185.046
183.803
182.559
181.314
180.07
178.827
177.586
176.347
175.111
173.878
172.65
171.426
170.208
168.997
167.793
166.598
165.412
164.238
163.079
161.938
160.823
159.744
158.719
157.778
156.977
156.393
156.286
3.84251
1.74091
1.22343
1.03882
0.960487
0.928778
0.922308
0.931651
0.952087
0.980967
1.01671
1.05833
1.1052
1.15688
1.21311
1.27369
1.33849
1.40743
1.48046
1.55758
1.63877
1.72408
1.81355
1.90723
2.0052
2.10753
2.21429
2.32555
2.44136
2.56177
2.68681
2.81653
2.95098
3.09023
3.23434
3.38342
3.53756
3.69688
3.8615
4.03155
4.20718
4.38851
4.5757
4.76887
4.96813
5.17361
5.38544
5.60373
5.82859
6.06013
6.29846
6.54368
6.79585
7.055
7.3213
7.59487
7.87582
8.16426
8.46029
8.76405
9.0757
9.39556
9.72359
10.0598
10.4044
10.7575
11.1193
11.4899
11.8692
12.2574
12.6545
13.0606
13.4758
13.8999
14.3333
14.7762
15.2289
15.6916
16.1643
16.6472
17.1403
17.6439
18.158
18.6827
19.2182
19.7646
20.322
20.8906
21.4706
22.0622
22.6653
23.2801
23.9069
24.5456
25.1964
25.8594
26.5348
27.2227
27.9232
28.6364
29.3625
30.1014
30.8535
31.6187
32.3972
33.1892
33.9946
34.8136
35.6463
36.4929
37.3533
38.2277
39.1163
40.019
40.936
41.8673
42.813
43.7732
44.748
45.7375
46.7416
47.7605
48.7942
49.8428
50.9063
51.9848
53.0782
54.1866
55.3101
56.4486
57.6022
58.7709
59.9547
61.1535
62.3674
63.5964
64.8404
66.0994
67.3733
68.6622
69.9659
71.2844
72.6177
73.9656
75.3281
76.7051
78.0964
79.502
80.9218
82.3556
83.8032
85.2646
86.7395
88.2279
89.7295
91.2441
92.7715
94.3116
95.8641
97.4287
99.0052
100.593
102.193
103.804
105.425
107.058
108.7
110.352
112.014
113.685
115.365
117.054
118.75
120.454
122.166
123.884
125.609
127.34
129.077
130.819
132.565
134.316
136.07
137.827
139.587
141.35
143.114
144.879
146.644
148.41
150.174
151.938
153.7
155.46
157.217
158.971
160.72
162.465
164.206
165.941
167.671
169.394
171.111
172.822
174.524
176.219
177.903
179.578
181.242
182.894
184.534
186.161
187.774
189.374
190.96
192.53
194.084
195.621
197.14
198.641
200.122
201.584
203.024
204.444
205.841
207.216
208.568
209.897
211.201
212.481
213.736
214.965
216.167
217.343
218.492
219.612
220.705
221.769
222.803
223.808
224.783
225.727
226.64
227.522
228.372
229.19
229.975
230.728
231.447
232.133
232.785
233.403
233.987
234.536
235.05
235.529
235.972
236.381
236.754
237.091
237.392
237.657
237.886
238.079
238.235
238.356
238.439
238.482
238.489
238.461
238.396
238.295
238.158
237.986
237.777
237.534
237.254
236.94
236.59
236.206
235.787
235.335
234.85
234.332
233.78
233.195
232.576
231.925
231.242
230.526
229.779
229.001
228.193
227.354
226.487
225.59
224.665
223.712
222.732
221.726
220.694
219.636
218.554
217.447
216.318
215.165
213.991
212.795
211.579
210.343
209.088
207.815
206.524
205.217
203.893
202.555
201.202
199.837
198.459
197.071
195.675
194.274
192.873
191.482
190.115
188.784
187.483
186.201
184.928
183.659
182.391
181.123
179.854
178.585
177.316
176.047
174.779
173.512
172.248
170.986
169.727
168.473
167.222
165.978
164.739
163.507
162.283
161.068
159.864
158.671
157.493
156.333
155.196
154.09
153.026
152.023
151.108
150.33
149.741
149.502
4.64515
2.06775
1.44102
1.21315
1.11215
1.06673
1.0513
1.05436
1.07035
1.09608
1.12964
1.16986
1.21595
1.26743
1.32393
1.38523
1.45117
1.52163
1.59656
1.6759
1.75963
1.84774
1.94024
2.03715
2.13848
2.24427
2.35453
2.46931
2.58862
2.71251
2.84099
2.9741
3.11189
3.25441
3.40172
3.55391
3.71105
3.87324
4.04058
4.21318
4.39117
4.57465
4.76373
4.95855
5.15919
5.36579
5.57844
5.79725
6.02234
6.25379
6.49172
6.73621
6.98737
7.24527
7.51005
7.78181
8.06068
8.34676
8.64018
8.94107
9.24957
9.56582
9.88989
10.2219
10.5619
10.91
11.2662
11.6307
12.0037
12.3853
12.7757
13.1749
13.5832
14.0009
14.428
14.8646
15.3108
15.7668
16.2328
16.7087
17.1948
17.6911
18.1977
18.7148
19.2425
19.7808
20.33
20.8899
21.4608
22.0428
22.6363
23.2413
23.858
24.4866
25.1271
25.7796
26.4444
27.1215
27.811
28.5131
29.2278
29.9553
30.6957
31.4492
32.2158
32.9956
33.7888
34.5954
35.4156
36.2495
37.0972
37.9587
38.8342
39.7238
40.6276
41.5456
42.4779
43.4247
44.386
45.3618
46.3523
47.3575
48.3775
49.4123
50.462
51.5267
52.6063
53.701
54.8108
55.9357
57.0757
58.2308
59.4012
60.5867
61.7873
63.0032
64.2342
65.4804
66.7417
68.0181
69.3095
70.6159
71.9373
73.2736
74.6246
75.9904
77.3708
78.7658
80.1752
81.5989
83.0368
84.4887
85.9545
87.4341
88.9272
90.4337
91.9534
93.4861
95.0316
96.5896
98.1599
99.7423
101.336
102.942
104.559
106.187
107.825
109.474
111.133
112.801
114.479
116.166
117.861
119.564
121.275
122.993
124.718
126.45
128.187
129.93
131.678
133.43
135.187
136.947
138.71
140.475
142.243
144.012
145.781
147.551
149.321
151.09
152.857
154.623
156.386
158.145
159.902
161.654
163.401
165.143
166.88
168.61
170.334
172.051
173.759
175.459
177.149
178.828
180.496
182.153
183.797
185.428
187.045
188.648
190.235
191.807
193.363
194.901
196.42
197.921
199.402
200.863
202.303
203.721
205.117
206.49
207.84
209.166
210.468
211.744
212.995
214.22
215.418
216.588
217.731
218.846
219.932
220.989
222.016
223.013
223.979
224.915
225.819
226.691
227.531
228.338
229.112
229.853
230.561
231.234
231.873
232.478
233.047
233.582
234.082
234.546
234.974
235.367
235.724
236.044
236.329
236.577
236.788
236.963
237.101
237.203
237.267
237.291
237.28
237.233
237.15
237.03
236.874
236.681
236.453
236.19
235.891
235.556
235.187
234.783
234.344
233.872
233.367
232.828
232.256
231.65
231.012
230.341
229.638
228.904
228.138
227.342
226.515
225.659
224.774
223.86
222.919
221.95
220.954
219.932
218.885
217.813
216.717
215.598
214.455
213.291
212.105
210.898
209.672
208.426
207.162
205.88
204.581
203.266
201.936
200.591
199.234
197.863
196.482
195.09
193.691
192.287
190.883
189.485
188.102
186.741
185.401
184.075
182.757
181.442
180.13
178.818
177.507
176.197
174.887
173.578
172.27
170.965
169.662
168.363
167.067
165.777
164.493
163.215
161.944
160.681
159.427
158.185
156.954
155.737
154.537
153.358
152.206
151.088
150.016
149.009
148.09
147.297
146.665
146.281
5.37231
2.37605
1.65269
1.38588
1.26439
1.20668
1.18334
1.18101
1.19326
1.21642
1.2483
1.28751
1.33315
1.38464
1.44155
1.50363
1.57067
1.64255
1.71916
1.80044
1.88634
1.97684
2.0719
2.17152
2.27568
2.38439
2.49765
2.61546
2.73782
2.86476
2.99629
3.13242
3.27321
3.41867
3.56888
3.72389
3.88376
4.04859
4.21846
4.39346
4.57369
4.75926
4.95026
5.1468
5.349
5.55694
5.77074
5.9905
6.21633
6.44832
6.68659
6.93123
7.18235
7.44006
7.70448
7.97571
8.25388
8.5391
8.83151
9.13122
9.43837
9.75306
10.0754
10.4055
10.7435
11.0895
11.4436
11.8059
12.1766
12.5559
12.9438
13.3406
13.7464
14.1613
14.5855
15.019
15.4621
15.9147
16.377
16.8491
17.3312
17.8235
18.3261
18.8392
19.3627
19.897
20.4422
20.9983
21.5658
22.1446
22.7347
23.3364
23.9498
24.575
25.2122
25.8616
26.5231
27.1969
27.8832
28.582
29.2936
30.0179
30.7552
31.5056
32.2691
33.046
33.8362
34.64
35.4575
36.2887
37.1338
37.9929
38.8661
39.7535
40.6553
41.5714
42.502
43.4472
44.4072
45.3819
46.3714
47.3759
48.3955
49.4301
50.4799
51.545
52.6253
53.721
54.8321
55.9587
57.1008
58.2584
59.4315
60.6203
61.8246
63.0446
64.2802
65.5314
66.7982
68.0806
69.3786
70.6921
72.021
73.3655
74.7253
76.1004
77.4907
78.8962
80.3167
81.7521
83.2024
84.6673
86.1468
87.6407
89.1488
90.671
92.2071
93.7568
95.32
96.8964
98.4858
100.088
101.703
103.329
104.968
106.619
108.28
109.953
111.636
113.33
115.034
116.747
118.469
120.2
121.939
123.687
125.441
127.203
128.971
130.745
132.525
134.31
136.099
137.893
139.689
141.489
143.291
145.095
146.9
148.706
150.512
152.317
154.121
155.923
157.723
159.52
161.314
163.104
164.889
166.668
168.442
170.21
171.97
173.723
175.467
177.201
178.926
180.64
182.342
184.032
185.709
187.372
189.021
190.655
192.273
193.875
195.459
197.025
198.573
200.1
201.608
203.094
204.559
206.001
207.42
208.816
210.188
211.535
212.856
214.151
215.42
216.662
217.876
219.062
220.219
221.347
222.445
223.513
224.55
225.556
226.531
227.473
228.382
229.259
230.103
230.912
231.688
232.429
233.136
233.807
234.443
235.044
235.609
236.137
236.629
237.085
237.504
237.886
238.231
238.539
238.81
239.043
239.239
239.397
239.518
239.601
239.644
239.649
239.618
239.549
239.443
239.3
239.12
238.903
238.65
238.36
238.034
237.672
237.274
236.841
236.373
235.871
235.335
234.765
234.161
233.523
232.853
232.149
231.414
230.646
229.847
229.017
228.157
227.267
226.348
225.4
224.425
223.422
222.392
221.337
220.256
219.15
218.021
216.868
215.692
214.494
213.276
212.037
210.778
209.5
208.205
206.891
205.562
204.217
202.857
201.483
200.096
198.697
197.287
195.868
194.441
193.01
191.577
190.148
188.728
187.323
185.931
184.55
183.175
181.805
180.437
179.07
177.704
176.34
174.977
173.617
172.258
170.903
169.551
168.204
166.862
165.526
164.197
162.874
161.561
160.256
158.962
157.68
156.412
155.16
153.928
152.718
151.538
150.395
149.302
148.274
147.331
146.503
145.808
145.289
6.01706
2.66389
1.85672
1.55538
1.41554
1.34677
1.31632
1.30929
1.31827
1.33925
1.36972
1.40813
1.45345
1.505
1.56233
1.62511
1.69311
1.76618
1.8442
1.92708
2.01477
2.10719
2.20433
2.30614
2.4126
2.52368
2.63936
2.75965
2.88452
3.01397
3.14802
3.28667
3.42995
3.57789
3.73053
3.88791
4.0501
4.21717
4.3892
4.56626
4.74844
4.93584
5.12856
5.32668
5.53032
5.73958
5.95456
6.17536
6.40209
6.63486
6.87378
7.11895
7.37049
7.62851
7.89314
8.16449
8.44268
8.72783
9.02008
9.31955
9.62636
9.94064
10.2625
10.5921
10.9295
11.2749
11.6283
11.99
12.3601
12.7387
13.126
13.5221
13.9272
14.3413
14.7647
15.1975
15.6398
16.0916
16.5532
17.0247
17.5063
17.9981
18.5001
19.0127
19.5359
20.0699
20.6149
21.1709
21.7381
22.3168
22.9069
23.5087
24.1222
24.7476
25.385
26.0345
26.6963
27.3706
28.0575
28.7571
29.4696
30.195
30.9337
31.6855
32.4508
33.2296
34.0221
34.8284
35.6486
36.4829
37.3313
38.1941
39.0713
39.963
40.8694
41.7905
42.7266
43.6776
44.6438
45.6252
46.6219
47.6341
48.6617
49.705
50.7639
51.8386
52.9292
54.0357
55.1583
56.2968
57.4516
58.6224
59.8096
61.013
62.2327
63.4687
64.7211
65.9898
67.2749
68.5764
69.8943
71.2285
72.579
73.9457
75.3287
76.7279
78.1431
79.5744
81.0216
82.4846
83.9634
85.4577
86.9675
88.4927
90.0329
91.5882
93.1583
94.743
96.342
97.9552
99.5824
101.223
102.877
104.545
106.225
107.918
109.623
111.339
113.068
114.807
116.557
118.318
120.088
121.868
123.657
125.455
127.261
129.074
130.895
132.722
134.556
136.395
138.239
140.088
141.941
143.797
145.656
147.517
149.38
151.244
153.108
154.972
156.835
158.697
160.556
162.412
164.265
166.114
167.959
169.798
171.63
173.456
175.275
177.085
178.887
180.678
182.459
184.229
185.986
187.731
189.462
191.178
192.88
194.566
196.235
197.886
199.52
201.134
202.729
204.303
205.856
207.387
208.895
210.379
211.84
213.276
214.686
216.07
217.428
218.758
220.061
221.335
222.58
223.796
224.981
226.136
227.26
228.351
229.411
230.438
231.432
232.392
233.318
234.209
235.066
235.888
236.673
237.423
238.137
238.814
239.454
240.056
240.622
241.149
241.639
242.091
242.504
242.879
243.216
243.514
243.773
243.993
244.174
244.317
244.42
244.483
244.506
244.491
244.437
244.344
244.213
244.044
243.836
243.59
243.307
242.986
242.628
242.232
241.801
241.332
240.828
240.289
239.714
239.105
238.461
237.783
237.071
236.326
235.547
234.736
233.894
233.02
232.115
231.18
230.215
229.222
228.2
227.15
226.074
224.971
223.843
222.69
221.513
220.312
219.089
217.844
216.578
215.291
213.985
212.66
211.317
209.957
208.58
207.189
205.782
204.362
202.93
201.486
200.031
198.567
197.096
195.619
194.141
192.664
191.193
189.731
188.279
186.834
185.395
183.96
182.527
181.096
179.668
178.241
176.816
175.395
173.976
172.562
171.152
169.747
168.348
166.956
165.572
164.196
162.83
161.474
160.131
158.8
157.486
156.189
154.913
153.663
152.445
151.267
150.14
149.077
148.097
147.22
146.451
145.805
6.5794
2.9295
2.05178
1.72041
1.5643
1.48563
1.44878
1.43755
1.4436
1.46262
1.49183
1.52951
1.57452
1.6261
1.68374
1.74707
1.81584
1.88985
1.96898
2.05312
2.14218
2.23611
2.33485
2.43834
2.54657
2.65947
2.77704
2.89924
3.02606
3.15748
3.29351
3.43413
3.57938
3.72927
3.88383
4.0431
4.20714
4.376
4.54975
4.72848
4.91225
5.10115
5.29529
5.49475
5.69963
5.91004
6.12607
6.34784
6.57546
6.80903
7.04867
7.29449
7.54662
7.80517
8.07026
8.34202
8.62058
8.90606
9.1986
9.49831
9.80534
10.1198
10.4419
10.7716
11.1092
11.4548
11.8085
12.1704
12.5408
12.9197
13.3073
13.7037
14.1092
14.5237
14.9476
15.3809
15.8237
16.2762
16.7386
17.2109
17.6934
18.1862
18.6895
19.2033
19.7279
20.2634
20.81
21.3678
21.9369
22.5176
23.1099
23.714
24.3301
24.9582
25.5985
26.2513
26.9165
27.5945
28.2853
28.989
29.706
30.4362
31.1799
31.9371
32.7081
33.4929
34.2918
35.1049
35.9323
36.7742
37.6306
38.5018
39.3879
40.2891
41.2054
42.1369
43.084
44.0465
45.0248
46.0189
47.0289
48.0549
49.0971
50.1556
51.2305
52.3219
53.4299
54.5545
55.6959
56.8542
58.0295
59.2217
60.431
61.6575
62.9011
64.162
65.4402
66.7356
68.0485
69.3786
70.7261
72.091
73.4732
74.8726
76.2894
77.7234
79.1745
80.6428
82.1281
83.6303
85.1493
86.685
88.2374
89.8061
91.3912
92.9924
94.6095
96.2423
97.8906
99.5543
101.233
102.926
104.634
106.357
108.093
109.842
111.605
113.381
115.169
116.97
118.782
120.606
122.44
124.285
126.14
128.005
129.878
131.76
133.65
135.547
137.452
139.362
141.279
143.2
145.126
147.056
148.989
150.925
152.863
154.803
156.743
158.683
160.622
162.56
164.496
166.43
168.359
170.285
172.206
174.121
176.03
177.932
179.826
181.711
183.587
185.452
187.307
189.149
190.978
192.794
194.596
196.382
198.152
199.906
201.642
203.359
205.057
206.735
208.392
210.028
211.641
213.23
214.796
216.336
217.852
219.341
220.803
222.238
223.644
225.022
226.37
227.688
228.975
230.232
231.456
232.648
233.806
234.932
236.023
237.08
238.101
239.087
240.038
240.951
241.828
242.668
243.47
244.235
244.96
245.648
246.296
246.906
247.476
248.006
248.497
248.947
249.358
249.728
250.057
250.347
250.595
250.803
250.97
251.096
251.182
251.224
251.226
251.188
251.11
250.991
250.832
250.634
250.395
250.117
249.8
249.443
249.048
248.615
248.143
247.634
247.088
246.506
245.886
245.231
244.541
243.815
243.054
242.259
241.43
240.568
239.673
238.746
237.788
236.799
235.779
234.73
233.653
232.547
231.413
230.253
229.067
227.856
226.621
225.362
224.08
222.776
221.45
220.105
218.739
217.355
215.953
214.534
213.099
211.648
210.183
208.705
207.214
205.712
204.2
202.678
201.15
199.615
198.078
196.541
195.008
193.48
191.959
190.444
188.933
187.426
185.922
184.42
182.921
181.425
179.931
178.441
176.955
175.473
173.998
172.528
171.065
169.61
168.164
166.727
165.301
163.886
162.485
161.099
159.73
158.381
157.055
155.757
154.493
153.27
152.099
150.993
149.964
149.026
148.176
147.412
7.06272
3.17337
2.23758
1.88045
1.71005
1.62248
1.57977
1.56466
1.56797
1.58511
1.61309
1.65001
1.69464
1.74614
1.80394
1.86763
1.93693
2.01162
2.09155
2.17659
2.26666
2.36168
2.46157
2.5663
2.6758
2.79003
2.90896
3.03256
3.1608
3.29366
3.43113
3.57321
3.71991
3.87124
4.02722
4.1879
4.35332
4.52352
4.69858
4.87856
5.06354
5.2536
5.44884
5.64933
5.8552
6.06652
6.28342
6.506
6.73438
6.96866
7.20896
7.45541
7.70813
7.96723
8.23286
8.50513
8.78419
9.07015
9.36315
9.66334
9.97084
10.2858
10.6083
10.9386
11.2768
11.6229
11.9772
12.3399
12.711
13.0907
13.4791
13.8765
14.2829
14.6986
15.1236
15.5581
16.0023
16.4562
16.9202
17.3942
17.8785
18.3733
18.8787
19.3948
19.9219
20.46
21.0093
21.5701
22.1424
22.7265
23.3224
23.9303
24.5504
25.1829
25.8279
26.4855
27.156
27.8395
28.5362
29.2462
29.9698
30.707
31.458
32.223
33.0022
33.7957
34.6037
35.4264
36.2639
37.1164
37.984
38.867
39.7654
40.6794
41.6092
42.555
43.5169
44.495
45.4895
46.5005
47.5283
48.5728
49.6344
50.713
51.8089
52.9221
54.0528
55.2011
56.3671
57.5509
58.7527
59.9724
61.2103
62.4664
63.7407
65.0333
66.3443
67.6738
69.0217
70.3881
71.7731
73.1766
74.5986
76.0392
77.4983
78.9758
80.4718
81.9862
83.5188
85.0697
86.6387
88.2257
89.8306
91.4533
93.0935
94.7512
96.4261
98.1181
99.8268
101.552
103.294
105.052
106.825
108.614
110.418
112.237
114.071
115.918
117.78
119.654
121.542
123.442
125.354
127.277
129.211
131.156
133.111
135.075
137.049
139.03
141.019
143.015
145.018
147.027
149.04
151.059
153.081
155.106
157.134
159.163
161.194
163.225
165.255
167.284
169.312
171.336
173.357
175.374
177.386
179.392
181.392
183.383
185.367
187.341
189.305
191.259
193.2
195.129
197.044
198.944
200.83
202.699
204.551
206.386
208.201
209.997
211.773
213.527
215.258
216.967
218.651
220.311
221.946
223.554
225.135
226.688
228.212
229.707
231.173
232.607
234.01
235.381
236.72
238.025
239.296
240.533
241.735
242.901
244.031
245.124
246.18
247.198
248.178
249.12
250.022
250.885
251.708
252.491
253.233
253.935
254.595
255.214
255.792
256.327
256.821
257.272
257.68
258.047
258.37
258.651
258.889
259.084
259.237
259.346
259.411
259.433
259.413
259.35
259.245
259.098
258.908
258.677
258.404
258.09
257.735
257.339
256.903
256.427
255.911
255.356
254.763
254.131
253.462
252.756
252.012
251.232
250.416
249.565
248.679
247.758
246.804
245.817
244.797
243.746
242.664
241.552
240.41
239.239
238.04
236.814
235.562
234.284
232.981
231.655
230.305
228.933
227.539
226.125
224.691
223.238
221.767
220.279
218.775
217.256
215.723
214.176
212.617
211.047
209.466
207.877
206.281
204.679
203.073
201.467
199.862
198.261
196.664
195.072
193.483
191.898
190.317
188.738
187.162
185.589
184.02
182.455
180.895
179.341
177.793
176.252
174.719
173.194
171.679
170.175
168.683
167.204
165.739
164.291
162.862
161.454
160.072
158.719
157.401
156.126
154.904
153.744
152.657
151.65
150.716
149.84
7.47262
3.3983
2.41591
2.03663
1.85331
1.75737
1.70899
1.69002
1.69054
1.70572
1.73234
1.76837
1.81247
1.86371
1.92148
1.98531
2.05489
2.12999
2.21042
2.29605
2.38677
2.4825
2.58316
2.68869
2.79903
2.91414
3.03397
3.15849
3.28767
3.42149
3.55993
3.70298
3.85065
4.00295
4.1599
4.32153
4.48788
4.659
4.83495
5.0158
5.20162
5.39248
5.58849
5.78972
5.99628
6.20828
6.42581
6.64899
6.87793
7.11276
7.35359
7.60054
7.85375
8.11334
8.37944
8.65219
8.93172
9.21817
9.51167
9.81237
10.1204
10.4359
10.7591
11.09
11.4288
11.7758
12.1309
12.4944
12.8664
13.2472
13.6367
14.0353
14.443
14.86
15.2865
15.7226
16.1685
16.6243
17.0903
17.5665
18.0532
18.5505
19.0585
19.5775
20.1076
20.649
21.2019
21.7664
22.3427
22.931
23.5314
24.1441
24.7694
25.4073
26.058
26.7218
27.3988
28.0892
28.7931
29.5108
30.2424
30.9882
31.7483
32.5228
33.3121
34.1161
34.9353
35.7697
36.6195
37.4849
38.366
39.2632
40.1765
41.1062
42.0523
43.0152
43.995
44.9918
46.0058
47.0372
48.0862
49.153
50.2376
51.3403
52.4612
53.6005
54.7583
55.9347
57.13
58.3441
59.5774
60.8297
62.1014
63.3925
64.703
66.0331
67.3828
68.7523
70.1416
71.5507
72.9796
74.4285
75.8973
77.386
78.8946
80.4231
81.9715
83.5397
85.1276
86.7353
88.3625
90.0092
91.6753
93.3606
95.065
96.7883
98.5303
100.291
102.07
103.866
105.681
107.513
109.363
111.229
113.112
115.011
116.925
118.856
120.801
122.761
124.735
126.722
128.723
130.737
132.762
134.8
136.848
138.907
140.975
143.053
145.139
147.233
149.335
151.443
153.557
155.676
157.799
159.926
162.057
164.189
166.322
168.457
170.591
172.724
174.855
176.983
179.108
181.229
183.344
185.453
187.555
189.649
191.734
193.81
195.874
197.927
199.968
201.995
204.007
206.004
207.985
209.948
211.894
213.82
215.726
217.611
219.474
221.314
223.131
224.923
226.689
228.429
230.141
231.826
233.481
235.107
236.702
238.266
239.798
241.297
242.763
244.194
245.591
246.952
248.277
249.565
250.816
252.028
253.202
254.337
255.432
256.487
257.502
258.475
259.407
260.296
261.144
261.948
262.71
263.428
264.102
264.733
265.319
265.861
266.358
266.81
267.218
267.581
267.898
268.17
268.397
268.579
268.716
268.807
268.85
268.85
268.805
268.715
268.581
268.402
268.179
267.912
267.601
267.248
266.851
266.411
265.93
265.407
264.842
264.236
263.591
262.905
262.18
261.416
260.614
259.775
258.898
257.984
257.034
256.049
255.029
253.975
252.887
251.767
250.615
249.432
248.219
246.976
245.705
244.405
243.079
241.726
240.349
238.947
237.521
236.073
234.602
233.112
231.601
230.071
228.523
226.959
225.378
223.782
222.171
220.548
218.912
217.265
215.609
213.943
212.271
210.592
208.91
207.226
205.542
203.861
202.182
200.507
198.836
197.168
195.503
193.841
192.183
190.529
188.879
187.234
185.595
183.962
182.336
180.718
179.109
177.51
175.921
174.345
172.781
171.231
169.698
168.183
166.688
165.216
163.77
162.356
160.979
159.646
158.365
157.145
155.992
154.912
153.889
152.907
7.85101
3.6232
2.59682
2.19444
1.997
1.89176
1.83694
1.81349
1.81088
1.82374
1.84873
1.88362
1.92695
1.97771
2.03521
2.09895
2.16857
2.24381
2.32446
2.41038
2.50143
2.59753
2.6986
2.80456
2.91536
3.03094
3.15127
3.27629
3.40599
3.54033
3.6793
3.82289
3.97111
4.12395
4.28144
4.44362
4.6105
4.78215
4.95861
5.13996
5.32626
5.5176
5.71405
5.91571
6.12269
6.33507
6.55298
6.77653
7.00583
7.24099
7.48216
7.72945
7.98299
8.24291
8.50935
8.78246
9.06236
9.34919
9.64311
9.94426
10.2528
10.5688
10.8925
11.2241
11.5636
11.9113
12.2672
12.6316
13.0046
13.3864
13.7771
14.177
14.586
15.0045
15.4326
15.8705
16.3183
16.7762
17.2444
17.723
18.2123
18.7124
19.2234
19.7456
20.2792
20.8243
21.3811
21.9498
22.5306
23.1237
23.7292
24.3474
24.9784
25.6225
26.2798
26.9505
27.6349
28.3331
29.0453
29.7717
30.5126
31.2682
32.0385
32.824
33.6247
34.4408
35.2727
36.1204
36.9842
37.8644
38.761
39.6744
40.6047
41.5522
42.517
43.4994
44.4995
45.5177
46.5539
47.6086
48.6818
49.7738
50.8848
52.0149
53.1643
54.3332
55.5218
56.7302
57.9587
59.2073
60.4762
61.7656
63.0756
64.4064
65.758
67.1306
68.5242
69.939
71.3751
72.8324
74.3112
75.8113
77.3329
78.876
80.4406
82.0266
83.6341
85.2631
86.9134
88.585
90.2778
91.9917
93.7267
95.4825
97.259
99.0561
100.873
102.711
104.568
106.446
108.342
110.258
112.192
114.145
116.116
118.104
120.11
122.133
124.172
126.227
128.298
130.384
132.484
134.598
136.725
138.865
141.018
143.182
145.356
147.541
149.736
151.939
154.15
156.369
158.594
160.825
163.061
165.302
167.545
169.792
172.04
174.288
176.537
178.785
181.031
183.274
185.514
187.749
189.979
192.202
194.417
196.624
198.822
201.009
203.185
205.348
207.498
209.633
211.753
213.856
215.942
218.01
220.057
222.085
224.091
226.074
228.034
229.97
231.88
233.763
235.619
237.447
239.246
241.014
242.752
244.458
246.131
247.77
249.376
250.946
252.48
253.978
255.438
256.86
258.244
259.588
260.893
262.156
263.379
264.559
265.697
266.792
267.844
268.852
269.816
270.735
271.609
272.437
273.219
273.955
274.645
275.288
275.883
276.432
276.933
277.387
277.793
278.152
278.462
278.725
278.94
279.106
279.226
279.295
279.317
279.292
279.219
279.1
278.933
278.72
278.46
278.154
277.802
277.404
276.962
276.475
275.943
275.368
274.75
274.089
273.386
272.641
271.855
271.029
270.163
269.258
268.314
267.332
266.312
265.256
264.164
263.037
261.875
260.68
259.451
258.191
256.9
255.578
254.227
252.848
251.44
250.006
248.547
247.062
245.554
244.022
242.468
240.894
239.299
237.685
236.054
234.404
232.739
231.059
229.365
227.657
225.937
224.207
222.467
220.718
218.961
217.199
215.433
213.665
211.896
210.128
208.362
206.6
204.84
203.084
201.331
199.582
197.836
196.096
194.36
192.63
190.907
189.191
187.482
185.783
184.093
182.414
180.747
179.093
177.453
175.829
174.222
172.634
171.068
169.527
168.014
166.534
165.092
163.695
162.349
161.062
159.838
158.679
157.566
156.481
8.72936
3.96368
2.81594
2.36735
2.14673
2.02796
1.96446
1.93519
1.92864
1.93863
1.96156
1.99497
2.03724
2.08726
2.14424
2.20764
2.27705
2.35217
2.43278
2.5187
2.60981
2.70598
2.80715
2.91322
3.02414
3.13985
3.26031
3.38547
3.51531
3.64981
3.78894
3.93269
4.08107
4.23408
4.39174
4.55408
4.72114
4.89295
5.06958
5.25109
5.43754
5.62903
5.82562
6.02742
6.23452
6.44704
6.66506
6.88872
7.11813
7.35342
7.5947
7.84211
8.09578
8.35585
8.62245
8.89574
9.17584
9.46291
9.7571
10.0585
10.3674
10.6839
11.008
11.3401
11.6802
12.0285
12.3852
12.7504
13.1243
13.5071
13.8989
14.2999
14.7104
15.1303
15.5601
15.9997
16.4494
16.9095
17.3799
17.861
18.353
18.856
19.3702
19.8958
20.433
20.982
21.5431
22.1163
22.7019
23.3002
23.9112
24.5353
25.1726
25.8234
26.4878
27.1661
27.8585
28.5653
29.2865
30.0226
30.7736
31.5399
32.3216
33.119
33.9323
34.7617
35.6076
36.47
37.3493
38.2458
39.1595
40.0908
41.04
42.0072
42.9926
43.9966
45.0193
46.0611
47.122
48.2024
49.3025
50.4225
51.5626
52.723
53.904
55.1058
56.3285
57.5724
58.8377
60.1245
61.433
62.7635
64.116
65.4907
66.8878
68.3074
69.7497
71.2147
72.7025
74.2133
75.7471
77.304
78.8841
80.4873
82.1138
83.7634
85.4363
87.1323
88.8515
90.5937
92.3589
94.1471
95.958
97.7916
99.6477
101.526
103.427
105.349
107.293
109.259
111.245
113.253
115.28
117.328
119.396
121.483
123.589
125.713
127.856
130.015
132.192
134.385
136.595
138.819
141.058
143.311
145.577
147.856
150.147
152.449
154.762
157.084
159.416
161.755
164.102
166.455
168.814
171.178
173.546
175.916
178.289
180.662
183.036
185.409
187.78
190.148
192.512
194.872
197.225
199.572
201.911
204.24
206.56
208.868
211.164
213.447
215.715
217.968
220.204
222.423
224.623
226.802
228.961
231.098
233.212
235.302
237.366
239.404
241.415
243.398
245.351
247.273
249.165
251.024
252.85
254.641
256.398
258.119
259.803
261.449
263.057
264.626
266.154
267.642
269.089
270.493
271.855
273.172
274.446
275.675
276.859
277.997
279.089
280.133
281.131
282.08
282.982
283.834
284.638
285.393
286.098
286.754
287.359
287.914
288.419
288.873
289.277
289.63
289.932
290.183
290.384
290.534
290.633
290.679
290.677
290.624
290.521
290.368
290.166
289.914
289.614
289.265
288.868
288.422
287.93
287.391
286.805
286.173
285.496
284.775
284.009
283.2
282.349
281.455
280.519
279.543
278.526
277.47
276.375
275.242
274.072
272.866
271.624
270.347
269.036
267.693
266.317
264.91
263.473
262.007
260.512
258.991
257.442
255.869
254.271
252.65
251.006
249.342
247.657
245.952
244.23
242.49
240.734
238.963
237.178
235.38
233.57
231.749
229.918
228.079
226.233
224.381
222.525
220.666
218.806
216.947
215.089
213.234
211.382
209.533
207.688
205.847
204.01
202.178
200.353
198.534
196.722
194.918
193.122
191.337
189.563
187.8
186.05
184.314
182.593
180.89
179.205
177.541
175.9
174.285
172.701
171.15
169.638
168.171
166.755
165.396
164.096
162.854
161.65
160.464
9.87888
4.37482
3.06176
2.55178
2.30116
2.16529
2.09102
2.0546
2.04326
2.04977
2.07017
2.10173
2.14263
2.19162
2.24783
2.31065
2.37961
2.45437
2.53469
2.62038
2.71128
2.80726
2.90825
3.01415
3.1249
3.24044
3.36073
3.48573
3.6154
3.74972
3.88868
4.03226
4.18047
4.33332
4.49082
4.65301
4.81991
4.99157
5.16805
5.34941
5.53571
5.72705
5.9235
6.12515
6.33211
6.54447
6.76236
6.98588
7.21516
7.45032
7.69148
7.93879
8.19237
8.45237
8.71893
8.99219
9.27229
9.5594
9.85366
10.1552
10.4643
10.7809
11.1054
11.4378
11.7783
12.1271
12.4843
12.8502
13.2249
13.6085
14.0013
14.4035
14.8152
15.2365
15.6678
16.1092
16.5608
17.0229
17.4956
17.9792
18.4739
18.9798
19.4972
20.0263
20.5673
21.1204
21.6858
22.2638
22.8545
23.4581
24.075
24.7053
25.3493
26.0072
26.6792
27.3656
28.0666
28.7825
29.5135
30.2598
31.0218
31.7996
32.5935
33.4038
34.2308
35.0746
35.9356
36.8141
37.7102
38.6243
39.5566
40.5074
41.477
42.4657
43.4736
44.5011
45.5485
46.616
47.7038
48.8123
49.9417
51.0922
52.2641
53.4577
54.6732
55.9109
57.1709
58.4535
59.759
61.0876
62.4394
63.8147
65.2136
66.6364
68.0832
69.5542
71.0496
72.5694
74.1139
75.683
77.277
78.8959
80.5398
82.2087
83.9026
85.6217
87.3659
89.1351
90.9294
92.7487
94.5929
96.462
98.3557
100.274
102.217
104.184
106.175
108.19
110.228
112.29
114.374
116.481
118.611
120.762
122.935
125.129
127.343
129.578
131.832
134.106
136.397
138.707
141.034
143.378
145.738
148.113
150.502
152.906
155.322
157.751
160.192
162.643
165.104
167.573
170.051
172.536
175.028
177.524
180.025
182.529
185.035
187.543
190.051
192.558
195.063
197.565
200.063
202.556
205.043
207.522
209.993
212.454
214.904
217.342
219.767
222.177
224.572
226.95
229.311
231.652
233.973
236.273
238.55
240.803
243.032
245.235
247.41
249.558
251.676
253.763
255.819
257.842
259.832
261.787
263.706
265.589
267.434
269.24
271.007
272.734
274.419
276.062
277.663
279.219
280.732
282.199
283.62
284.995
286.322
287.602
288.833
290.015
291.147
292.23
293.262
294.242
295.172
296.049
296.875
297.648
298.368
299.035
299.649
300.21
300.717
301.17
301.57
301.915
302.207
302.445
302.629
302.76
302.835
302.857
302.826
302.742
302.605
302.416
302.174
301.881
301.536
301.139
300.692
300.195
299.648
299.052
298.407
297.714
296.974
296.187
295.354
294.475
293.552
292.585
291.574
290.521
289.426
288.291
287.115
285.899
284.645
283.354
282.025
280.661
279.262
277.829
276.363
274.865
273.336
271.777
270.189
268.574
266.931
265.263
263.569
261.853
260.113
258.352
256.57
254.769
252.95
251.114
249.261
247.394
245.512
243.617
241.711
239.794
237.868
235.933
233.991
232.044
230.092
228.137
226.182
224.226
222.272
220.32
218.37
216.425
214.483
212.546
210.614
208.688
206.768
204.856
202.951
201.056
199.17
197.295
195.431
193.581
191.744
189.923
188.118
186.331
184.565
182.82
181.101
179.408
177.747
176.121
174.535
172.994
171.504
170.067
168.687
167.36
166.063
164.778
11.0766
4.80081
3.31417
2.73887
2.45584
2.30124
2.21509
2.17065
2.1539
2.15642
2.1739
2.20326
2.24249
2.2902
2.3454
2.4074
2.47568
2.54988
2.62969
2.71492
2.80539
2.90096
3.00153
3.10702
3.21736
3.33248
3.45234
3.5769
3.70613
3.84
3.97851
4.12164
4.2694
4.4218
4.57885
4.74059
4.90705
5.07828
5.25432
5.43525
5.62113
5.81205
6.00808
6.20932
6.41587
6.62784
6.84533
7.06847
7.29737
7.53216
7.77297
8.01994
8.27321
8.53291
8.7992
9.07221
9.3521
9.63904
9.93316
10.2346
10.5436
10.8603
11.1848
11.5174
11.8581
12.2072
12.5648
12.9312
13.3065
13.6908
14.0845
14.4876
14.9004
15.323
15.7557
16.1987
16.6521
17.1162
17.5912
18.0772
18.5746
19.0835
19.6042
20.1368
20.6816
21.2389
21.8088
22.3916
22.9875
23.5969
24.2198
24.8567
25.5077
26.1731
26.8531
27.548
28.2582
28.9838
29.7251
30.4824
31.256
32.0461
32.8531
33.6773
34.5188
35.3781
36.2554
37.151
38.0653
38.9984
39.9507
40.9226
41.9143
42.926
43.9583
45.0112
46.0852
47.1805
48.2974
49.4363
50.5974
51.781
52.9874
54.2169
55.4698
56.7463
58.0468
59.3715
60.7206
62.0943
63.4931
64.917
66.3663
67.8412
69.3419
70.8687
72.4216
74.0009
75.6066
77.2391
78.8983
80.5843
82.2973
84.0374
85.8045
87.5988
89.4201
91.2687
93.1443
95.0469
96.9766
98.9331
100.916
102.926
104.963
107.025
109.114
111.229
113.369
115.534
117.724
119.939
122.178
124.441
126.727
129.036
131.368
133.721
136.096
138.491
140.906
143.341
145.795
148.267
150.756
153.262
155.784
158.321
160.872
163.436
166.013
168.602
171.202
173.811
176.429
179.054
181.687
184.325
186.968
189.614
192.263
194.914
197.564
200.214
202.862
205.506
208.147
210.781
213.409
216.029
218.639
221.239
223.827
226.402
228.963
231.509
234.037
236.548
239.039
241.51
243.959
246.385
248.787
251.163
253.513
255.834
258.126
260.388
262.618
264.816
266.979
269.108
271.2
273.255
275.272
277.249
279.186
281.082
282.935
284.745
286.51
288.231
289.906
291.533
293.113
294.645
296.128
297.56
298.942
300.273
301.553
302.779
303.953
305.073
306.139
307.151
308.108
309.01
309.856
310.646
311.38
312.058
312.679
313.243
313.75
314.2
314.593
314.929
315.208
315.429
315.594
315.702
315.751
315.744
315.681
315.563
315.388
315.158
314.873
314.533
314.139
313.69
313.189
312.635
312.028
311.37
310.661
309.902
309.093
308.235
307.329
306.376
305.376
304.33
303.239
302.103
300.925
299.704
298.441
297.137
295.793
294.411
292.99
291.533
290.04
288.511
286.949
285.354
283.728
282.07
280.383
278.668
276.925
275.156
273.362
271.543
269.702
267.839
265.956
264.053
262.131
260.193
258.238
256.268
254.285
252.288
250.281
248.262
246.235
244.199
242.156
240.108
238.056
236.001
233.944
231.888
229.833
227.78
225.73
223.684
221.642
219.606
217.575
215.55
213.533
211.524
209.523
207.533
205.553
203.584
201.629
199.687
197.76
195.85
193.958
192.085
190.233
188.405
186.603
184.829
183.088
181.383
179.719
178.1
176.53
175.013
173.549
172.133
170.744
169.361
12.3001
5.22932
3.56548
2.92369
2.60754
2.43362
2.33511
2.28223
2.25961
2.25787
2.27209
2.29899
2.33631
2.3825
2.43647
2.49745
2.56487
2.63829
2.71742
2.80199
2.89183
2.98679
3.08675
3.19163
3.30134
3.41582
3.53504
3.65894
3.7875
3.9207
4.05852
4.20096
4.34803
4.49973
4.65609
4.81713
4.9829
5.15343
5.32879
5.50904
5.69425
5.88449
6.07986
6.28044
6.48635
6.69767
6.91453
7.13704
7.36533
7.59953
7.83976
8.08617
8.33889
8.59807
8.86386
9.1364
9.41587
9.70241
9.99618
10.2974
10.6061
10.9226
11.247
11.5795
11.9202
12.2694
12.6273
12.994
13.3697
13.7546
14.1489
14.5528
14.9666
15.3904
15.8244
16.2689
16.724
17.19
17.6672
18.1556
18.6557
19.1676
19.6915
20.2277
20.7764
21.3379
21.9125
22.5003
23.1017
23.717
24.3463
24.99
25.6483
26.3216
27.0101
27.7141
28.4339
29.1697
29.922
30.691
31.477
32.2803
33.1013
33.9402
34.7974
35.6732
36.568
37.482
38.4157
39.3693
40.3431
41.3376
42.353
43.3897
44.4481
45.5284
46.6311
47.7564
48.9047
50.0764
51.2717
52.491
53.7347
55.0029
56.2962
57.6147
58.9589
60.3289
61.7251
63.1478
64.5972
66.0736
67.5773
69.1085
70.6675
72.2544
73.8695
75.5129
77.185
78.8857
80.6152
82.3738
84.1614
85.9782
87.8242
89.6995
91.6041
93.538
95.5012
97.4936
99.5152
101.566
103.646
105.754
107.891
110.057
112.25
114.472
116.722
118.998
121.302
123.632
125.989
128.371
130.778
133.211
135.667
138.147
140.65
143.176
145.724
148.292
150.881
153.49
156.117
158.762
161.425
164.104
166.798
169.507
172.229
174.964
177.711
180.467
183.234
186.009
188.791
191.579
194.372
197.169
199.969
202.77
205.571
208.371
211.169
213.964
216.754
219.537
222.313
225.081
227.838
230.584
233.317
236.036
238.74
241.427
244.095
246.745
249.373
251.979
254.561
257.119
259.651
262.155
264.63
267.075
269.488
271.869
274.215
276.527
278.802
281.039
283.237
285.396
287.513
289.587
291.619
293.606
295.547
297.442
299.29
301.089
302.839
304.539
306.188
307.785
309.33
310.821
312.258
313.64
314.967
316.238
317.452
318.609
319.709
320.75
321.733
322.658
323.523
324.328
325.074
325.759
326.385
326.95
327.454
327.898
328.282
328.604
328.867
329.069
329.21
329.29
329.31
329.271
329.172
329.014
328.797
328.522
328.188
327.797
327.349
326.844
326.283
325.667
324.996
324.271
323.493
322.661
321.778
320.844
319.86
318.826
317.743
316.613
315.436
314.213
312.944
311.632
310.276
308.879
307.44
305.961
304.442
302.886
301.293
299.663
298
296.302
294.572
292.81
291.019
289.198
287.349
285.474
283.573
281.648
279.7
277.73
275.739
273.729
271.7
269.654
267.592
265.515
263.425
261.322
259.207
257.083
254.949
252.808
250.66
248.507
246.35
244.19
242.029
239.868
237.708
235.551
233.397
231.247
229.101
226.962
224.829
222.703
220.585
218.475
216.376
214.287
212.21
210.145
208.094
206.058
204.039
202.036
200.053
198.091
196.151
194.236
192.348
190.49
188.666
186.879
185.133
183.432
181.78
180.179
178.628
177.122
175.638
174.158
13.5384
5.65553
3.81228
3.10366
2.75426
2.56091
2.44989
2.38835
2.35956
2.3534
2.3642
2.38844
2.42366
2.46815
2.52071
2.5805
2.64687
2.71936
2.79762
2.88138
2.97042
3.0646
3.16379
3.26788
3.37679
3.49046
3.60885
3.73191
3.85961
3.99193
4.12887
4.27042
4.41659
4.56739
4.72284
4.88297
5.04783
5.21746
5.39191
5.57126
5.75557
5.94492
6.1394
6.33911
6.54414
6.7546
6.97061
7.19228
7.41974
7.65312
7.89255
8.13818
8.39014
8.64858
8.91367
9.18554
9.46436
9.7503
10.0435
10.3442
10.6525
10.9686
11.2927
11.6249
11.9655
12.3147
12.6726
13.0394
13.4154
13.8007
14.1955
14.6002
15.0148
15.4396
15.8748
16.3207
16.7775
17.2454
17.7247
18.2156
18.7184
19.2332
19.7605
20.3003
20.8531
21.4191
21.9985
22.5916
23.1987
23.8201
24.4562
25.1071
25.7732
26.4548
27.1523
27.8659
28.5959
29.3428
30.1068
30.8882
31.6875
32.5049
33.3408
34.1956
35.0696
35.9631
36.8767
37.8105
38.765
39.7406
40.7376
41.7565
42.7975
43.8611
44.9476
46.0575
47.1911
48.3488
49.531
50.738
51.9703
53.2282
54.512
55.8222
57.159
58.5229
59.9142
61.3332
62.7802
64.2557
65.7598
67.2929
68.8553
70.4472
72.069
73.7208
75.403
77.1156
78.859
80.6333
82.4387
84.2753
86.1432
88.0426
89.9735
91.936
93.9301
95.9558
98.0131
100.102
102.222
104.374
106.557
108.771
111.016
113.292
115.598
117.935
120.301
122.697
125.122
127.575
130.057
132.567
135.104
137.667
140.257
142.872
145.512
148.177
150.865
153.575
156.308
159.061
161.835
164.628
167.44
170.269
173.115
175.976
178.852
181.741
184.643
187.556
190.478
193.41
196.35
199.296
202.247
205.202
208.16
211.119
214.078
217.036
219.992
222.943
225.889
228.828
231.759
234.681
237.591
240.489
243.373
246.242
249.094
251.927
254.741
257.534
260.304
263.05
265.771
268.464
271.13
273.765
276.37
278.942
281.48
283.982
286.449
288.877
291.266
293.614
295.921
298.184
300.403
302.577
304.705
306.784
308.815
310.796
312.726
314.605
316.431
318.202
319.92
321.582
323.188
324.736
326.227
327.66
329.033
330.347
331.6
332.792
333.923
334.992
335.999
336.943
337.824
338.642
339.396
340.087
340.714
341.276
341.774
342.209
342.578
342.884
343.126
343.304
343.417
343.466
343.453
343.376
343.236
343.034
342.77
342.444
342.057
341.61
341.102
340.536
339.91
339.226
338.485
337.687
336.834
335.925
334.962
333.946
332.877
331.757
330.586
329.366
328.097
326.78
325.416
324.007
322.553
321.055
319.515
317.934
316.312
314.651
312.952
311.217
309.445
307.639
305.8
303.929
302.028
300.096
298.137
296.15
294.138
292.101
290.041
287.958
285.855
283.733
281.592
279.434
277.26
275.071
272.869
270.655
268.429
266.194
263.95
261.699
259.441
257.179
254.913
252.644
250.375
248.105
245.838
243.573
241.311
239.054
236.803
234.557
232.319
230.089
227.867
225.655
223.454
221.264
219.087
216.923
214.774
212.642
210.526
208.429
206.353
204.298
202.268
200.263
198.287
196.342
194.432
192.559
190.728
188.942
187.205
185.517
183.876
182.279
180.7
179.124
14.7808
6.07587
4.05239
3.27716
2.89473
2.68204
2.55853
2.4883
2.45324
2.44256
2.4498
2.47125
2.50422
2.54687
2.59788
2.65633
2.72151
2.79292
2.87018
2.95298
3.04109
3.13435
3.23262
3.33578
3.44375
3.55646
3.67387
3.79594
3.92263
4.05392
4.18982
4.33031
4.4754
4.62512
4.77949
4.93853
5.1023
5.27083
5.44419
5.62245
5.80567
5.99393
6.18733
6.38596
6.58993
6.79933
7.01428
7.23492
7.46135
7.69372
7.93216
8.17681
8.42782
8.68534
8.94953
9.22055
9.49855
9.78371
10.0762
10.3762
10.6839
10.9994
11.323
11.6549
11.9952
12.3441
12.7019
13.0687
13.4449
13.8305
14.2258
14.631
15.0464
15.4722
15.9087
16.356
16.8144
17.2842
17.7657
18.259
18.7646
19.2826
19.8133
20.357
20.9141
21.4847
22.0692
22.6679
23.2811
23.9091
24.5523
25.2109
25.8854
26.5759
27.283
28.0069
28.748
29.5067
30.2833
31.0781
31.8917
32.7243
33.5764
34.4483
35.3404
36.2531
37.1869
38.1422
39.1193
40.1187
41.1408
42.186
43.2547
44.3474
45.4644
46.6063
47.7734
48.9662
50.185
51.4304
52.7027
54.0022
55.3296
56.6851
58.0691
59.482
60.9243
62.3963
63.8983
65.4308
66.9941
68.5884
70.2142
71.8718
73.5614
75.2833
77.0378
78.8251
80.6455
82.4991
84.3862
86.3068
88.2612
90.2495
92.2717
94.3279
96.4182
98.5425
100.701
102.893
105.12
107.38
109.673
112.001
114.361
116.755
119.181
121.64
124.131
126.654
129.208
131.793
134.409
137.054
139.728
142.432
145.163
147.922
150.707
153.519
156.355
159.216
162.1
165.007
167.936
170.885
173.854
176.842
179.847
182.869
185.906
188.957
192.022
195.098
198.185
201.281
204.385
207.496
210.612
213.732
216.855
219.979
223.103
226.225
229.344
232.458
235.567
238.667
241.759
244.84
247.909
250.964
254.004
257.026
260.031
263.016
265.979
268.919
271.835
274.725
277.587
280.419
283.222
285.992
288.728
291.43
294.095
296.721
299.309
301.855
304.359
306.82
309.236
311.605
313.927
316.201
318.424
320.596
322.716
324.783
326.795
328.752
330.652
332.495
334.28
336.005
337.67
339.275
340.818
342.298
343.715
345.069
346.358
347.583
348.742
349.836
350.863
351.824
352.717
353.544
354.303
354.994
355.618
356.173
356.661
357.081
357.433
357.717
357.933
358.082
358.162
358.176
358.122
358.003
357.817
357.565
357.248
356.866
356.421
355.911
355.339
354.704
354.008
353.251
352.434
351.558
350.623
349.631
348.582
347.478
346.319
345.107
343.842
342.525
341.158
339.742
338.277
336.765
335.207
333.604
331.957
330.267
328.536
326.765
324.955
323.107
321.223
319.304
317.351
315.365
313.348
311.301
309.225
307.122
304.993
302.84
300.662
298.463
296.243
294.004
291.746
289.471
287.181
284.876
282.558
280.229
277.888
275.538
273.18
270.815
268.444
266.069
263.69
261.309
258.928
256.547
254.169
251.793
249.421
247.055
244.694
242.34
239.994
237.657
235.329
233.012
230.707
228.414
226.134
223.869
221.62
219.388
217.175
214.981
212.809
210.66
208.536
206.439
204.373
202.338
200.339
198.379
196.46
194.587
192.761
190.983
189.252
187.561
185.888
184.215
16.0163
6.48712
4.28411
3.443
3.02801
2.79627
2.66041
2.5816
2.54026
2.525
2.52862
2.54718
2.5778
2.61849
2.66784
2.72483
2.78871
2.85893
2.93506
3.01679
3.10386
3.19608
3.29331
3.39543
3.50235
3.61399
3.7303
3.85125
3.9768
4.10694
4.24165
4.38095
4.52484
4.67334
4.82648
4.98428
5.1468
5.31409
5.4862
5.6632
5.84517
6.03219
6.22434
6.42173
6.62446
6.83264
7.04638
7.2658
7.49105
7.72224
7.95952
8.20303
8.45293
8.70937
8.97251
9.24252
9.51956
9.8038
10.0954
10.3946
10.7015
11.0164
11.3394
11.6707
12.0106
12.3593
12.7169
13.0837
13.4599
13.8458
14.2415
14.6474
15.0636
15.4904
15.928
16.3768
16.8369
17.3088
17.7925
18.2885
18.7971
19.3184
19.8529
20.4008
20.9624
21.5381
22.1281
22.7329
23.3527
23.9879
24.6388
25.3058
25.9893
26.6896
27.4072
28.1423
28.8954
29.667
30.4573
31.2668
32.0959
32.9451
33.8148
34.7053
35.6172
36.5509
37.5068
38.4854
39.4871
40.5124
41.5618
42.6358
43.7347
44.8591
46.0094
47.1861
48.3897
49.6207
50.8794
52.1665
53.4823
54.8272
56.2019
57.6066
59.0419
60.5082
62.0059
63.5354
65.0971
66.6915
68.3188
69.9796
71.6741
73.4027
75.1657
76.9635
78.7962
80.6642
82.5677
84.507
86.4822
88.4936
90.5412
92.6252
94.7457
96.9028
99.0965
101.327
103.594
105.897
108.237
110.613
113.026
115.474
117.958
120.478
123.032
125.622
128.246
130.904
133.596
136.321
139.078
141.868
144.688
147.54
150.421
153.332
156.271
159.238
162.231
165.251
168.295
171.363
174.455
177.568
180.702
183.856
187.029
190.219
193.425
196.646
199.88
203.127
206.385
209.652
212.928
216.21
219.498
222.79
226.084
229.378
232.673
235.964
239.252
242.535
245.811
249.078
252.334
255.579
258.81
262.027
265.226
268.407
271.568
274.707
277.822
280.913
283.977
287.012
290.018
292.992
295.933
298.839
301.709
304.54
307.333
310.084
312.793
315.458
318.078
320.651
323.175
325.65
328.074
330.446
332.764
335.027
337.235
339.385
341.478
343.511
345.483
347.395
349.244
351.03
352.751
354.408
356
357.525
358.982
360.372
361.694
362.947
364.13
365.244
366.287
367.259
368.161
368.991
369.75
370.437
371.053
371.597
372.068
372.468
372.797
373.053
373.239
373.352
373.395
373.366
373.268
373.099
372.861
372.553
372.178
371.734
371.223
370.646
370.002
369.294
368.521
367.684
366.785
365.824
364.802
363.72
362.58
361.381
360.126
358.815
357.45
356.031
354.56
353.038
351.466
349.846
348.178
346.463
344.704
342.9
341.055
339.168
337.241
335.276
333.274
331.235
329.163
327.057
324.92
322.752
320.556
318.332
316.081
313.806
311.508
309.187
306.846
304.485
302.106
299.711
297.3
294.875
292.438
289.989
287.53
285.061
282.585
280.103
277.615
275.123
272.629
270.133
267.637
265.142
262.65
260.161
257.677
255.198
252.726
250.262
247.806
245.36
242.924
240.5
238.088
235.689
233.306
230.937
228.586
226.253
223.94
221.648
219.378
217.133
214.914
212.723
210.563
208.437
206.347
204.296
202.288
200.325
198.409
196.54
194.716
192.931
191.163
189.394
17.234
6.8863
4.50599
3.60026
3.15345
2.90308
2.75512
2.6679
2.62033
2.60051
2.60048
2.6161
2.6443
2.68296
2.73055
2.786
2.84849
2.91742
2.99234
3.0729
3.15883
3.24993
3.34603
3.44702
3.55278
3.66326
3.77838
3.89812
4.02244
4.15132
4.28476
4.42276
4.56534
4.71251
4.8643
5.02076
5.18192
5.34783
5.51857
5.6942
5.87479
6.06043
6.25121
6.44722
6.64859
6.8554
7.06779
7.28589
7.50981
7.7397
7.9757
8.21795
8.46661
8.72185
8.98383
9.25274
9.52874
9.81197
10.1026
10.4009
10.707
11.0211
11.3434
11.6742
12.0137
12.3621
12.7195
13.0863
13.4627
13.8488
14.2451
14.6516
15.0688
15.4967
15.9357
16.3861
16.8481
17.3222
17.8085
18.3075
18.8193
19.3444
19.8831
20.4356
21.0023
21.5836
22.1798
22.7913
23.4184
24.0615
24.7211
25.3974
26.0909
26.802
27.5312
28.2787
29.0452
29.8309
30.6364
31.4621
32.3085
33.1759
34.065
34.9762
35.9098
36.8666
37.8469
38.8512
39.88
40.9339
42.0134
43.1189
44.251
45.4102
46.5971
47.8121
49.0557
50.3286
51.6311
52.9638
54.3273
55.722
57.1484
58.607
60.0984
61.6229
63.181
64.7733
66.4002
68.062
69.7592
71.4923
73.2616
75.0674
76.9102
78.7903
80.7079
82.6634
84.6571
86.6891
88.7597
90.8691
93.0174
95.2048
97.4314
99.6972
102.002
104.347
106.73
109.153
111.615
114.115
116.655
119.233
121.849
124.504
127.195
129.925
132.69
135.493
138.331
141.204
144.112
147.055
150.03
153.038
156.078
159.149
162.251
165.381
168.54
171.726
174.939
178.177
181.439
184.725
188.032
191.36
194.707
198.072
201.454
204.852
208.263
211.687
215.123
218.568
222.021
225.481
228.946
232.414
235.885
239.355
242.824
246.291
249.752
253.207
256.654
260.091
263.516
266.928
270.325
273.705
277.067
280.408
283.727
287.022
290.292
293.534
296.747
299.929
303.079
306.195
309.275
312.317
315.319
318.281
321.201
324.076
326.905
329.688
332.421
335.104
337.735
340.314
342.837
345.305
347.715
350.067
352.359
354.59
356.759
358.864
360.906
362.882
364.791
366.633
368.407
370.112
371.748
373.312
374.805
376.227
377.576
378.851
380.053
381.181
382.235
383.214
384.117
384.945
385.698
386.375
386.977
387.502
387.952
388.326
388.624
388.847
388.995
389.067
389.065
388.988
388.837
388.613
388.316
387.946
387.505
386.993
386.41
385.758
385.037
384.247
383.391
382.468
381.48
380.428
379.312
378.134
376.895
375.597
374.239
372.823
371.352
369.825
368.244
366.61
364.925
363.19
361.406
359.574
357.696
355.774
353.808
351.8
349.751
347.663
345.538
343.376
341.179
338.948
336.686
334.393
332.071
329.721
327.345
324.944
322.52
320.074
317.607
315.121
312.618
310.098
307.563
305.015
302.454
299.882
297.301
294.711
292.114
289.511
286.904
284.293
281.68
279.066
276.453
273.842
271.233
268.629
266.03
263.437
260.852
258.275
255.708
253.151
250.605
248.072
245.552
243.047
240.557
238.085
235.63
233.194
230.78
228.387
226.018
223.675
221.359
219.073
216.819
214.599
212.416
210.274
208.174
206.119
204.111
202.15
200.232
198.353
196.488
194.625
18.4236
7.27063
4.71676
3.74817
3.27052
3.00211
2.8424
2.74698
2.69331
2.66884
2.66527
2.67794
2.7037
2.74028
2.78607
2.8399
2.90093
2.9685
3.04214
3.12146
3.20619
3.29609
3.391
3.49078
3.59534
3.70458
3.81845
3.93691
4.05993
4.18748
4.31958
4.45621
4.5974
4.74317
4.89354
5.04856
5.20827
5.37274
5.54201
5.71617
5.89529
6.07946
6.26878
6.46333
6.66324
6.86861
7.07956
7.29623
7.51876
7.7473
7.98193
8.22283
8.47017
8.72413
8.98489
9.25263
9.5276
9.80984
10.0996
10.397
10.7023
11.0158
11.3376
11.6679
12.007
12.3551
12.7125
13.0794
13.456
13.8426
14.2395
14.6469
15.0651
15.4944
15.9351
16.3873
16.8517
17.3283
17.8177
18.3201
18.8358
19.3652
19.9087
20.4665
21.0391
21.6269
22.2301
22.8492
23.4847
24.1368
24.8061
25.493
26.1979
26.9212
27.6634
28.425
29.2064
30.0082
30.8307
31.6745
32.5402
33.4282
34.339
35.2731
36.2312
37.2137
38.2211
39.2541
40.3132
41.3989
42.5118
43.6524
44.8214
46.0193
47.2467
48.5041
49.7921
51.1113
52.4622
53.8455
55.2616
56.7111
58.1946
59.7126
61.2656
62.8542
64.4789
66.1401
67.8384
69.5742
71.348
73.1602
75.0113
76.9016
78.8315
80.8013
82.8115
84.8623
86.954
89.0868
91.261
93.4768
95.7343
98.0336
100.375
102.758
105.183
107.651
110.16
112.711
115.304
117.939
120.615
123.332
126.089
128.887
131.726
134.604
137.521
140.476
143.47
146.501
149.569
152.673
155.813
158.987
162.194
165.435
168.707
172.01
175.342
178.704
182.093
185.508
188.949
192.414
195.901
199.41
202.939
206.487
210.052
213.632
217.227
220.834
224.453
228.081
231.717
235.359
239.006
242.656
246.307
249.957
253.605
257.249
260.887
264.518
268.138
271.748
275.344
278.925
282.489
286.035
289.559
293.062
296.54
299.991
303.415
306.809
310.171
313.499
316.792
320.048
323.265
326.442
329.576
332.666
335.709
338.706
341.653
344.549
347.393
350.184
352.918
355.596
358.215
360.774
363.272
365.708
368.08
370.386
372.627
374.8
376.904
378.939
380.903
382.796
384.617
386.364
388.036
389.634
391.157
392.603
393.972
395.264
396.478
397.614
398.671
399.649
400.548
401.367
402.107
402.766
403.346
403.846
404.267
404.607
404.868
405.05
405.153
405.177
405.123
404.99
404.78
404.493
404.13
403.691
403.177
402.589
401.927
401.193
400.387
399.51
398.563
397.547
396.463
395.313
394.096
392.816
391.472
390.066
388.599
387.073
385.488
383.847
382.15
380.398
378.594
376.738
374.833
372.878
370.877
368.829
366.738
364.603
362.427
360.212
357.958
355.667
353.341
350.981
348.589
346.166
343.714
341.234
338.728
336.198
333.644
331.068
328.473
325.858
323.226
320.579
317.916
315.241
312.554
309.857
307.15
304.436
301.715
298.99
296.26
293.528
290.794
288.06
285.328
282.598
279.871
277.15
274.435
271.727
269.027
266.336
263.656
260.986
258.33
255.686
253.058
250.444
247.848
245.269
242.709
240.17
237.653
235.159
232.69
230.247
227.834
225.451
223.101
220.786
218.51
216.274
214.081
211.933
209.832
207.777
205.765
203.791
201.831
199.873
19.5751
7.63759
4.91532
3.88614
3.37882
3.09308
2.92206
2.8187
2.75911
2.73008
2.72301
2.73276
2.75607
2.79055
2.8345
2.88669
2.94621
3.01238
3.08468
3.16272
3.24619
3.33485
3.42852
3.52706
3.63035
3.73832
3.8509
3.96804
4.08971
4.21591
4.34661
4.48184
4.6216
4.76592
4.91482
5.06836
5.22658
5.38955
5.55731
5.72996
5.90757
6.09022
6.27803
6.47108
6.66951
6.87339
7.08284
7.29804
7.51914
7.74633
7.97966
8.2193
8.46543
8.71821
8.97783
9.24443
9.51819
9.79932
10.088
10.3846
10.6891
11.0019
11.3231
11.6531
11.992
12.34
12.6976
13.0648
13.442
13.8294
14.2274
14.6361
15.056
15.4873
15.9302
16.3851
16.8522
17.332
17.8251
18.3316
18.8521
19.3867
19.9359
20.5001
21.0796
21.6749
22.2864
22.9145
23.5597
24.2223
24.9029
25.602
26.32
27.0573
27.8146
28.5922
29.3908
30.2109
31.0529
31.9174
32.8051
33.7164
34.6518
35.6121
36.5978
37.6094
38.6476
39.713
40.8061
41.9277
43.0782
44.2584
45.4688
46.7101
47.9828
49.2877
50.6254
51.9964
53.4013
54.8409
56.3157
57.8263
59.3733
60.9572
62.5787
64.2384
65.9367
67.6742
69.4515
71.269
73.1272
75.0266
76.9677
78.9508
80.9764
83.0448
85.1563
87.3114
89.5103
91.7532
94.0403
96.372
98.7482
101.169
103.635
106.146
108.701
111.301
113.947
116.636
119.37
122.149
124.971
127.837
130.746
133.699
136.693
139.73
142.808
145.927
149.086
152.285
155.523
158.798
162.11
165.459
168.843
172.262
175.713
179.197
182.712
186.256
189.83
193.431
197.057
200.709
204.384
208.08
211.798
215.534
219.287
223.056
226.839
230.635
234.442
238.258
242.081
245.909
249.742
253.576
257.411
261.244
265.073
268.897
272.713
276.521
280.316
284.099
287.867
291.617
295.348
299.059
302.746
306.409
310.044
313.651
317.227
320.77
324.279
327.751
331.184
334.578
337.929
341.236
344.497
347.711
350.875
353.988
357.048
360.054
363.003
365.895
368.727
371.498
374.207
376.852
379.432
381.945
384.389
386.765
389.07
391.304
393.464
395.551
397.563
399.499
401.358
403.139
404.842
406.466
408.01
409.473
410.855
412.155
413.373
414.508
415.56
416.529
417.415
418.217
418.935
419.569
420.119
420.585
420.968
421.267
421.483
421.615
421.665
421.633
421.518
421.321
421.044
420.686
420.248
419.732
419.137
418.466
417.717
416.893
415.995
415.023
413.978
412.862
411.675
410.419
409.096
407.705
406.249
404.73
403.147
401.503
399.799
398.037
396.218
394.343
392.413
390.431
388.398
386.315
384.184
382.007
379.784
377.518
375.21
372.862
370.475
368.051
365.591
363.097
360.571
358.014
355.428
352.815
350.175
347.511
344.824
342.116
339.388
336.642
333.878
331.1
328.307
325.502
322.686
319.861
317.027
314.186
311.34
308.489
305.635
302.779
299.923
297.067
294.214
291.364
288.518
285.678
282.845
280.02
277.205
274.399
271.605
268.823
266.054
263.3
260.561
257.839
255.135
252.449
249.784
247.141
244.52
241.924
239.354
236.812
234.3
231.819
229.373
226.963
224.591
222.261
219.975
217.733
215.538
213.389
211.282
209.213
207.159
205.106
20.6792
7.98486
5.10072
4.01364
3.47808
3.17581
2.994
2.88303
2.81776
2.78429
2.7738
2.78068
2.80157
2.83395
2.87605
2.92657
2.98456
3.0493
3.12024
3.19696
3.27915
3.36654
3.45895
3.55623
3.65824
3.76492
3.87619
3.992
4.11232
4.23714
4.36645
4.50026
4.63858
4.78145
4.92889
5.08094
5.23767
5.39913
5.56538
5.73652
5.91263
6.09376
6.28004
6.4716
6.6686
6.87107
7.07916
7.29301
7.51273
7.73844
7.97032
8.20855
8.45332
8.70482
8.96322
9.22873
9.50153
9.78183
10.0698
10.3657
10.6698
10.9822
11.3033
11.6333
11.9723
12.3208
12.6789
13.0469
13.4251
13.8139
14.2135
14.6242
15.0463
15.4802
15.9261
16.3844
16.8553
17.3394
17.8371
18.3489
18.8751
19.4162
19.9724
20.5443
21.1323
21.7367
22.3581
22.9969
23.6537
24.3288
25.0228
25.7362
26.4696
27.2235
27.9984
28.7948
29.6134
30.4547
31.3194
32.2079
33.121
34.0592
35.0232
36.0136
37.031
38.076
39.1495
40.2519
41.384
42.5464
43.7399
44.965
46.2225
47.513
48.8373
50.196
51.5898
53.0193
54.4852
55.9883
57.5291
59.1083
60.7266
62.3845
64.0827
65.8218
67.6023
69.4249
71.2902
73.1985
75.1506
77.1467
79.1875
81.2733
83.4045
85.5817
87.805
90.0748
92.3914
94.7551
97.1661
99.6245
102.13
104.684
107.286
109.935
112.632
115.376
118.168
121.008
123.894
126.827
129.807
132.834
135.905
139.023
142.185
145.391
148.641
151.933
155.268
158.645
162.062
165.518
169.013
172.546
176.116
179.721
183.361
187.034
190.739
194.475
198.24
202.033
205.853
209.698
213.566
217.457
221.368
225.298
229.245
233.207
237.183
241.172
245.17
249.176
253.189
257.207
261.227
265.248
269.268
273.285
277.296
281.3
285.295
289.279
293.249
297.204
301.141
305.06
308.956
312.829
316.677
320.496
324.286
328.044
331.769
335.457
339.108
342.719
346.288
349.813
353.293
356.725
360.107
363.438
366.716
369.94
373.106
376.213
379.261
382.247
385.169
388.026
390.816
393.539
396.191
398.773
401.283
403.719
406.08
408.364
410.572
412.702
414.752
416.721
418.61
420.416
422.14
423.78
425.335
426.805
428.19
429.489
430.701
431.826
432.864
433.815
434.678
435.453
436.14
436.739
437.25
437.673
438.008
438.256
438.417
438.491
438.479
438.381
438.197
437.927
437.573
437.136
436.616
436.013
435.33
434.566
433.723
432.801
431.802
430.727
429.576
428.352
427.055
425.687
424.248
422.741
421.167
419.526
417.821
416.053
414.224
412.334
410.386
408.381
406.321
404.207
402.041
399.824
397.559
395.246
392.887
390.485
388.04
385.554
383.03
380.468
377.87
375.239
372.575
369.88
367.157
364.406
361.629
358.828
356.005
353.161
350.298
347.417
344.52
341.608
338.683
335.746
332.799
329.843
326.879
323.91
320.936
317.958
314.978
311.998
309.018
306.039
303.064
300.092
297.127
294.168
291.216
288.274
285.342
282.421
279.512
276.617
273.736
270.871
268.022
265.191
262.378
259.586
256.815
254.067
251.343
248.645
245.974
243.332
240.72
238.142
235.599
233.093
230.626
228.201
225.82
223.484
221.195
218.951
216.75
214.586
212.438
210.293
21.7274
8.3104
5.27218
4.1303
3.56809
3.25023
3.0582
2.94001
2.86933
2.83161
2.8178
2.82188
2.84038
2.8707
2.91096
2.95982
3.01628
3.07958
3.14915
3.22456
3.30546
3.39159
3.48274
3.57875
3.6795
3.7849
3.89487
4.00937
4.12836
4.25183
4.37977
4.51219
4.64911
4.79056
4.93657
5.08719
5.24248
5.40247
5.56725
5.73692
5.91162
6.09137
6.27627
6.46642
6.6619
6.86285
7.06944
7.28182
7.50014
7.72459
7.9553
8.19244
8.43619
8.68674
8.94429
9.20904
9.48119
9.76095
10.0486
10.3442
10.6482
10.9608
11.2821
11.6125
11.9523
12.3017
12.661
13.0305
13.4105
13.8014
14.2035
14.617
15.0423
15.4798
15.9295
16.392
16.8679
17.3576
17.8616
18.3802
18.9139
19.463
20.0281
20.6096
21.208
21.8237
22.4572
23.1091
23.7799
24.4701
25.1803
25.911
26.6629
27.4364
28.2323
29.0511
29.8934
30.7599
31.6513
32.5681
33.5111
34.4809
35.4782
36.5037
37.5581
38.6421
39.7565
40.9019
42.0792
43.2889
44.5319
45.8088
47.1205
48.4677
49.8511
51.2714
52.7293
54.2257
55.7612
57.3366
58.9524
60.6095
62.3085
64.0502
65.835
67.6637
69.537
71.4553
73.4193
75.4296
77.4866
79.5908
81.7429
83.9431
86.1919
88.4897
90.8369
93.2337
95.6804
98.1773
100.725
103.322
105.971
108.67
111.419
114.22
117.071
119.972
122.923
125.925
128.976
132.077
135.227
138.425
141.672
144.966
148.307
151.694
155.126
158.604
162.125
165.69
169.296
172.944
176.631
180.358
184.122
187.923
191.76
195.63
199.533
203.467
207.431
211.423
215.442
219.486
223.554
227.643
231.753
235.88
240.025
244.184
248.356
252.539
256.731
260.93
265.134
269.342
273.55
277.757
281.962
286.161
290.353
294.536
298.707
302.865
307.007
311.131
315.235
319.317
323.374
327.405
331.408
335.379
339.318
343.221
347.088
350.915
354.701
358.443
362.14
365.79
369.39
372.938
376.434
379.874
383.256
386.58
389.843
393.043
396.179
399.249
402.251
405.184
408.045
410.834
413.55
416.19
418.753
421.238
423.644
425.969
428.213
430.374
432.451
434.443
436.35
438.17
439.902
441.547
443.103
444.569
445.945
447.231
448.427
449.531
450.543
451.464
452.293
453.03
453.675
454.228
454.689
455.058
455.336
455.523
455.619
455.624
455.541
455.366
455.102
454.75
454.31
453.784
453.172
452.475
451.693
450.828
449.882
448.854
447.746
446.559
445.295
443.955
442.54
441.051
439.49
437.859
436.159
434.39
432.556
430.658
428.696
426.673
424.591
422.45
420.253
418.002
415.697
413.341
410.936
408.483
405.983
403.44
400.853
398.226
395.56
392.856
390.117
387.344
384.539
381.703
378.839
375.948
373.031
370.091
367.129
364.147
361.146
358.128
355.095
352.048
348.988
345.918
342.838
339.75
336.656
333.557
330.454
327.348
324.242
321.135
318.03
314.928
311.83
308.737
305.651
302.572
299.503
296.443
293.394
290.358
287.335
284.326
281.333
278.357
275.398
272.458
269.538
266.639
263.763
260.911
258.083
255.283
252.511
249.769
247.059
244.383
241.743
239.141
236.579
234.059
231.584
229.154
226.77
224.432
222.137
219.88
217.639
215.402
22.712
8.61244
5.42902
4.23583
3.64872
3.31632
3.11473
2.98975
2.91397
2.8722
2.8552
2.85658
2.87278
2.90108
2.93954
2.98676
3.04171
3.1036
3.17183
3.24594
3.32557
3.41046
3.50038
3.59516
3.69469
3.79885
3.90758
4.02082
4.13854
4.26072
4.38736
4.51847
4.65407
4.79419
4.93885
5.08811
5.24207
5.40075
5.56422
5.73255
5.90579
6.08407
6.26752
6.45627
6.65047
6.85022
7.05567
7.26697
7.48427
7.70775
7.93757
8.17391
8.41697
8.66693
8.92401
9.18842
9.46037
9.74009
10.0278
10.3238
10.6283
10.9416
11.2639
11.5956
11.9368
12.288
12.6495
13.0215
13.4043
13.7983
14.2039
14.6211
15.0505
15.4926
15.9478
16.4166
16.8994
17.3967
17.9089
18.4364
18.9797
19.5392
20.1156
20.7092
21.3207
21.9504
22.5991
23.2672
23.9554
24.6641
25.3941
26.146
26.9204
27.7178
28.5391
29.3849
30.2558
31.1526
32.0759
33.0265
34.0052
35.0126
36.0495
37.1166
38.2149
39.3449
40.5075
41.7035
42.9337
44.1989
45.4998
46.8373
48.2122
49.6252
51.0772
52.5689
54.1012
55.6748
57.2905
58.949
60.6512
62.3976
64.1891
66.0264
67.9101
69.8409
71.8194
73.8463
75.9222
78.0476
80.2231
82.4491
84.7262
87.0547
89.4352
91.8679
94.3531
96.8913
99.4825
102.127
104.825
107.577
110.382
113.24
116.153
119.119
122.138
125.21
128.335
131.513
134.743
138.025
141.357
144.741
148.175
151.658
155.19
158.77
162.398
166.071
169.79
173.553
177.36
181.208
185.098
189.027
192.995
197
201.041
205.116
209.224
213.363
217.531
221.728
225.951
230.199
234.47
238.762
243.073
247.401
251.745
256.102
260.471
264.849
269.235
273.626
278.021
282.416
286.811
291.202
295.589
299.967
304.337
308.694
313.037
317.363
321.671
325.959
330.223
334.461
338.673
342.854
347.003
351.119
355.197
359.237
363.237
367.193
371.104
374.968
378.782
382.545
386.255
389.909
393.506
397.043
400.518
403.931
407.278
410.559
413.77
416.912
419.981
422.976
425.896
428.739
431.504
434.188
436.792
439.313
441.75
444.103
446.369
448.548
450.638
452.639
454.551
456.371
458.099
459.735
461.278
462.727
464.082
465.343
466.508
467.578
468.552
469.431
470.213
470.9
471.491
471.986
472.385
472.689
472.897
473.011
473.03
472.957
472.789
472.527
472.173
471.728
471.193
470.567
469.853
469.051
468.162
467.187
466.127
464.984
463.758
462.452
461.066
459.601
458.06
456.444
454.753
452.99
451.157
449.254
447.284
445.248
443.148
440.986
438.763
436.481
434.142
431.747
429.299
426.799
424.249
421.651
419.007
416.318
413.586
410.814
408.002
405.153
402.269
399.352
396.402
393.423
390.415
387.381
384.322
381.24
378.137
375.015
371.875
368.718
365.547
362.363
359.168
355.963
352.749
349.529
346.303
343.074
339.841
336.607
333.374
330.141
326.912
323.686
320.465
317.251
314.044
310.846
307.659
304.482
301.317
298.166
295.029
291.908
288.804
285.717
282.649
279.601
276.574
273.569
270.588
267.633
264.703
261.801
258.929
256.088
253.28
250.506
247.77
245.072
242.416
239.802
237.233
234.709
232.232
229.801
227.412
225.063
222.73
220.404
23.6264
8.88945
5.57073
4.33001
3.71994
3.3741
3.16367
3.03238
2.95184
2.90628
2.88623
2.88508
2.89906
2.92541
2.96214
3.00778
3.06127
3.12179
3.18872
3.26158
3.34001
3.42371
3.51247
3.6061
3.70447
3.80748
3.91505
4.02712
4.14367
4.26468
4.39015
4.52006
4.65446
4.79341
4.9369
5.08498
5.23767
5.39503
5.55719
5.72427
5.89635
6.07355
6.25596
6.44373
6.63697
6.83584
7.04048
7.25104
7.4677
7.69062
7.91999
8.15601
8.39887
8.64879
8.90599
9.17068
9.44309
9.72348
10.0121
10.3092
10.6152
10.9301
11.2544
11.5883
11.9321
12.2862
12.6509
13.0263
13.4129
13.8113
14.2217
14.6446
15.0804
15.5296
15.9927
16.4701
16.9622
17.4694
17.9923
18.5315
19.0873
19.6603
20.2512
20.8603
21.4885
22.1361
22.8039
23.4924
24.2023
24.9342
25.6889
26.467
27.2691
28.0961
28.9486
29.8275
30.7333
31.667
32.6292
33.6208
34.6427
35.6955
36.7801
37.8974
39.0481
40.2332
41.4535
42.7098
44.003
45.334
46.7036
48.1126
49.562
51.0526
52.5853
54.1608
55.7801
57.4439
59.1531
60.9084
62.7107
64.5607
66.4591
68.4068
70.4043
72.4524
74.5517
76.7029
78.9065
81.1631
83.4732
85.8373
88.2559
90.7294
93.2581
95.8424
98.4825
101.179
103.931
106.74
109.606
112.528
115.506
118.541
121.633
124.78
127.983
131.242
134.557
137.926
141.349
144.826
148.357
151.94
155.575
159.261
162.997
166.782
170.616
174.497
178.425
182.397
186.414
190.473
194.574
198.714
202.894
207.11
211.362
215.648
219.966
224.315
228.693
233.098
237.529
241.983
246.459
250.955
255.469
259.998
264.541
269.096
273.66
278.232
282.809
287.389
291.97
296.549
301.125
305.696
310.258
314.81
319.349
323.873
328.38
332.867
337.333
341.774
346.189
350.574
354.929
359.25
363.535
367.782
371.989
376.153
380.272
384.345
388.368
392.34
396.258
400.121
403.926
407.671
411.354
414.974
418.527
422.013
425.43
428.775
432.047
435.244
438.365
441.407
444.369
447.25
450.048
452.762
455.389
457.93
460.383
462.746
465.019
467.2
469.288
471.283
473.183
474.988
476.697
478.309
479.823
481.24
482.559
483.778
484.899
485.92
486.842
487.664
488.386
489.008
489.531
489.954
490.278
490.503
490.629
490.657
490.589
490.423
490.159
489.799
489.344
488.794
488.151
487.416
486.589
485.672
484.665
483.57
482.388
481.12
479.768
478.333
476.816
475.219
473.543
471.791
469.963
468.062
466.088
464.044
461.931
459.752
457.507
455.199
452.83
450.401
447.915
445.372
442.776
440.127
437.429
434.682
431.888
429.05
426.17
423.249
420.289
417.292
414.26
411.195
408.099
404.973
401.82
398.641
395.439
392.214
388.969
385.705
382.424
379.128
375.819
372.498
369.166
365.826
362.478
359.125
355.768
352.407
349.046
345.684
342.323
338.966
335.612
332.263
328.92
325.585
322.259
318.943
315.638
312.345
309.066
305.801
302.552
299.319
296.105
292.909
289.733
286.578
283.446
280.337
277.253
274.194
271.164
268.162
265.191
262.252
259.347
256.477
253.646
250.854
248.103
245.396
242.734
240.118
237.549
235.025
232.545
230.104
227.682
225.268
24.4649
9.14016
5.6969
4.41273
3.78172
3.42365
3.20514
3.06808
2.98315
2.93408
2.91115
2.90763
2.91954
2.94406
2.97915
3.02331
3.07542
3.13465
3.20037
3.27207
3.34938
3.432
3.51969
3.61228
3.70962
3.81161
3.91818
4.02924
4.14476
4.26474
4.38924
4.51816
4.65155
4.7894
4.93177
5.07877
5.23047
5.38693
5.54824
5.71449
5.88579
6.06226
6.24401
6.43118
6.62392
6.82237
7.0267
7.23705
7.45362
7.67659
7.90615
8.14252
8.38592
8.63659
8.89477
9.16065
9.43448
9.71654
10.0071
10.3065
10.6149
10.9326
11.2598
11.597
11.9446
12.303
12.6725
13.0534
13.4463
13.8516
14.2696
14.7009
15.1459
15.605
16.0787
16.5674
17.0718
17.5923
18.1295
18.6839
19.2561
19.8468
20.4564
21.0857
21.7354
22.4059
23.0981
23.8126
24.5501
25.3114
26.0971
26.9082
27.7452
28.609
29.5005
30.4204
31.3696
32.3488
33.3591
34.4012
35.476
36.5844
37.7273
38.9057
40.1203
41.3722
42.6623
43.9915
45.3606
46.7708
48.2227
49.7175
51.256
52.8391
54.4677
56.1426
57.8649
59.6353
61.4547
63.3238
65.2436
67.2148
69.2381
71.3143
73.4441
75.6282
77.8672
80.1617
82.5122
84.9194
87.3837
89.9055
92.4853
95.1234
97.8201
100.576
103.39
106.264
109.198
112.19
115.243
118.354
121.525
124.755
128.043
131.39
134.796
138.259
141.779
145.356
148.989
152.677
156.42
160.217
164.067
167.969
171.923
175.926
179.978
184.079
188.225
192.417
196.653
200.932
205.251
209.61
214.008
218.441
222.91
227.411
231.944
236.506
241.095
245.711
250.35
255.011
259.692
264.39
269.104
273.832
278.571
283.319
288.074
292.833
297.596
302.358
307.119
311.875
316.624
321.364
326.092
330.807
335.506
340.186
344.845
349.481
354.091
358.673
363.224
367.743
372.226
376.672
381.078
385.442
389.761
394.033
398.256
402.428
406.546
410.609
414.613
418.558
422.44
426.258
430.01
433.693
437.306
440.847
444.314
447.705
451.019
454.253
457.405
460.475
463.461
466.361
469.173
471.896
474.53
477.072
479.521
481.877
484.137
486.302
488.369
490.339
492.21
493.981
495.653
497.223
498.692
500.059
501.324
502.487
503.546
504.502
505.355
506.104
506.75
507.293
507.733
508.069
508.303
508.435
508.465
508.396
508.224
507.951
507.579
507.108
506.539
505.873
505.111
504.254
503.304
502.26
501.125
499.9
498.586
497.184
495.695
494.122
492.466
490.728
488.911
487.014
485.042
482.994
480.873
478.681
476.419
474.09
471.695
469.236
466.716
464.135
461.496
458.801
456.052
453.251
450.4
447.5
444.554
441.564
438.532
435.459
432.348
429.201
426.02
422.806
419.561
416.288
412.988
409.664
406.316
402.947
399.559
396.153
392.732
389.297
385.849
382.39
378.923
375.447
371.966
368.481
364.993
361.503
358.013
354.524
351.038
347.556
344.079
340.608
337.145
333.691
330.247
326.814
323.394
319.987
316.594
313.218
309.858
306.516
303.193
299.891
296.609
293.349
290.113
286.902
283.716
280.558
277.428
274.328
271.26
268.225
265.224
262.261
259.335
256.451
253.608
250.809
248.056
245.349
242.689
240.075
237.505
234.975
232.465
229.966
25.2228
9.36356
5.80722
4.48389
3.83411
3.46508
3.23932
3.09704
3.00814
2.95586
2.93028
2.9246
2.9346
2.95745
2.99103
3.03383
3.08469
3.14276
3.20739
3.27806
3.35439
3.43607
3.52286
3.61458
3.71106
3.81221
3.91796
4.02823
4.14297
4.26215
4.38576
4.51383
4.64642
4.78357
4.92532
5.07173
5.22288
5.37884
5.53971
5.70559
5.8766
6.05285
6.23448
6.42165
6.61449
6.8132
7.01795
7.22887
7.44615
7.67001
7.90067
8.13836
8.3833
8.63573
8.89587
9.16388
9.44013
9.72491
10.0186
10.3214
10.6337
10.956
11.2884
11.6314
11.9854
12.3507
12.7279
13.1174
13.5195
13.9347
14.3635
14.8063
15.2636
15.736
16.224
16.7282
17.2491
17.7873
18.3435
18.9183
19.5122
20.1261
20.7605
21.4161
22.0937
22.794
23.5178
24.2658
25.0388
25.8376
26.6631
27.5161
28.3974
29.3079
30.2486
31.2203
32.2239
33.2603
34.3306
35.4357
36.5764
37.7539
38.969
40.2228
41.5162
42.8503
44.226
45.6443
47.1063
48.6128
50.1649
51.7636
53.4098
55.1044
56.8485
58.6428
60.4884
62.386
64.3367
66.3411
68.4001
70.5144
72.6849
74.9123
77.1971
79.5401
81.9418
84.4029
86.9237
89.5049
92.1468
94.8497
97.6141
100.44
103.328
106.278
109.29
112.365
115.501
118.7
121.96
125.283
128.667
132.112
135.618
139.185
142.811
146.497
150.241
154.043
157.903
161.819
165.79
169.816
173.895
178.027
182.21
186.443
190.724
195.054
199.429
203.849
208.312
212.816
217.361
221.944
226.563
231.218
235.905
240.624
245.371
250.146
254.947
259.771
264.616
269.48
274.361
279.258
284.166
289.086
294.013
298.946
303.884
308.822
313.759
318.693
323.621
328.541
333.45
338.347
343.228
348.091
352.934
357.754
362.549
367.316
372.053
376.758
381.429
386.061
390.655
395.206
399.713
404.173
408.584
412.943
417.249
421.5
425.691
429.823
433.892
437.896
441.834
445.703
449.501
453.226
456.876
460.449
463.944
467.358
470.69
473.938
477.101
480.176
483.163
486.059
488.863
491.574
494.191
496.712
499.136
501.462
503.689
505.816
507.842
509.766
511.587
513.305
514.919
516.428
517.832
519.13
520.322
521.408
522.388
523.26
524.026
524.686
525.238
525.685
526.025
526.258
526.386
526.41
526.331
526.145
525.855
525.463
524.968
524.373
523.677
522.882
521.989
520.999
519.913
518.732
517.458
516.092
514.635
513.089
511.455
509.735
507.931
506.044
504.076
502.028
499.903
497.702
495.427
493.081
490.664
488.179
485.629
483.014
480.336
477.599
474.804
471.953
469.047
466.09
463.083
460.028
456.927
453.782
450.596
447.37
444.107
440.808
437.475
434.111
430.718
427.296
423.849
420.378
416.886
413.373
409.842
406.295
402.734
399.159
395.574
391.979
388.377
384.768
381.155
377.539
373.921
370.303
366.686
363.073
359.463
355.858
352.26
348.67
345.089
341.518
337.958
334.411
330.878
327.36
323.857
320.371
316.903
313.455
310.026
306.619
303.234
299.873
296.536
293.224
289.94
286.684
283.457
280.262
277.099
273.97
270.877
267.821
264.805
261.829
258.896
256.008
253.166
250.37
247.621
244.919
242.261
239.644
237.049
234.467
25.897
9.55907
5.90152
4.54347
3.87717
3.4985
3.26636
3.11948
3.02705
2.97193
2.94399
2.93637
2.94468
2.96604
2.9983
3.03991
3.08969
3.14677
3.21049
3.28034
3.35589
3.43682
3.52292
3.61402
3.70989
3.81044
3.91558
4.02524
4.13941
4.25812
4.38135
4.50909
4.6414
4.77831
4.91989
5.06621
5.21735
5.37342
5.53447
5.70062
5.872
6.04876
6.23104
6.419
6.61282
6.81265
7.01866
7.23097
7.44985
7.67554
7.90829
8.14834
8.39597
8.65144
8.91505
9.18708
9.46783
9.75762
10.0568
10.3657
10.6848
11.0144
11.3549
11.7068
12.0703
12.4459
12.8342
13.2355
13.6503
14.0793
14.5228
14.9815
15.4559
15.9466
16.4542
16.9794
17.5227
18.0849
18.6667
19.2687
19.8916
20.5363
21.2034
21.8938
22.6083
23.3476
24.1127
24.9044
25.7236
26.5712
27.4481
28.3552
29.2935
30.264
31.2677
32.3055
33.3785
34.4877
35.6341
36.8188
38.0428
39.3072
40.613
41.9613
43.3532
44.7897
46.2718
47.8007
49.3774
51.0029
52.6782
54.4043
56.1823
58.013
59.8975
61.8367
63.8315
65.8826
67.9911
70.1577
72.3832
74.6682
77.0136
79.4199
81.8878
84.4178
87.0105
89.6662
92.3856
95.1688
98.0162
100.928
103.905
106.946
110.052
113.223
116.459
119.76
123.125
126.554
130.048
133.605
137.225
140.909
144.654
148.461
152.328
156.256
160.243
164.288
168.391
172.55
176.764
181.033
185.354
189.728
194.151
198.624
203.144
207.711
212.321
216.975
221.67
226.405
231.177
235.985
240.828
245.702
250.607
255.541
260.5
265.484
270.49
275.516
280.559
285.619
290.692
295.775
300.868
305.967
311.071
316.176
321.281
326.383
331.479
336.568
341.647
346.713
351.764
356.797
361.811
366.802
371.768
376.707
381.616
386.492
391.334
396.139
400.904
405.627
410.306
414.938
419.521
424.052
428.529
432.951
437.313
441.616
445.855
450.029
454.136
458.174
462.14
466.032
469.849
473.589
477.249
480.828
484.324
487.735
491.059
494.295
497.441
500.495
503.456
506.323
509.094
511.767
514.342
516.817
519.191
521.463
523.632
525.697
527.658
529.512
531.261
532.902
534.435
535.861
537.177
538.385
539.484
540.473
541.352
542.121
542.781
543.331
543.772
544.103
544.325
544.439
544.443
544.345
544.135
543.818
543.396
542.869
542.238
541.504
540.668
539.73
538.693
537.557
536.324
534.994
533.57
532.052
530.442
528.742
526.953
525.078
523.116
521.072
518.945
516.739
514.454
512.094
509.659
507.152
504.574
501.929
499.217
496.441
493.604
490.706
487.751
484.74
481.675
478.559
475.394
472.181
468.923
465.623
462.282
458.901
455.485
452.033
448.549
445.035
441.492
437.923
434.329
430.713
427.077
423.421
419.749
416.062
412.362
408.65
404.929
401.2
397.465
393.725
389.982
386.237
382.492
378.749
375.009
371.273
367.542
363.818
360.102
356.396
352.699
349.015
345.343
341.685
338.042
334.415
330.806
327.214
323.642
320.09
316.559
313.051
309.566
306.106
302.671
299.264
295.884
292.533
289.213
285.925
282.671
279.451
276.268
273.123
270.018
266.955
263.935
260.96
258.031
255.149
252.314
249.527
246.784
244.083
241.405
238.744
26.4827
9.72491
5.97936
4.59145
3.91099
3.52408
3.28647
3.13562
3.04016
2.98262
2.95265
2.94337
2.95025
2.97037
3.00157
3.04222
3.09114
3.14747
3.21053
3.27983
3.35488
3.43537
3.52105
3.61172
3.70723
3.80751
3.91248
4.02207
4.13626
4.25505
4.37841
4.50637
4.63896
4.77625
4.91831
5.06521
5.21704
5.37388
5.5358
5.70295
5.87549
6.05357
6.23737
6.42705
6.62281
6.82484
7.03336
7.24859
7.47075
7.70011
7.93693
8.1815
8.43411
8.6951
8.96478
9.24348
9.53152
9.82926
10.1371
10.4553
10.7844
11.1248
11.4769
11.8413
12.2183
12.6084
13.0123
13.4304
13.8632
14.3115
14.7757
15.2565
15.7546
16.2705
16.8051
17.359
17.933
18.5278
19.1442
19.783
20.445
21.1311
21.8422
22.579
23.3426
24.1338
24.9537
25.8032
26.6833
27.595
28.5394
29.5174
30.5302
31.5788
32.6644
33.788
34.9507
36.1537
37.3981
38.685
40.0156
41.3909
42.8122
44.2806
45.7972
47.363
48.9793
50.647
52.3674
54.1413
55.97
57.8543
59.7953
61.794
63.8512
65.9678
68.1448
70.3829
72.6829
75.0455
77.4715
79.9614
82.5159
85.1355
87.8207
90.572
93.3897
96.274
99.2254
102.244
105.33
108.483
111.704
114.992
118.347
121.77
125.259
128.814
132.436
136.124
139.876
143.693
147.574
151.519
155.525
159.594
163.723
167.911
172.159
176.464
180.825
185.242
189.712
194.235
198.809
203.433
208.106
212.825
217.589
222.396
227.245
232.134
237.061
242.025
247.022
252.053
257.113
262.203
267.318
272.458
277.62
282.802
288.002
293.217
298.446
303.685
308.934
314.189
319.448
324.708
329.968
335.225
340.477
345.72
350.954
356.174
361.379
366.567
371.734
376.879
381.998
387.09
392.152
397.181
402.176
407.133
412.05
416.925
421.755
426.538
431.272
435.953
440.581
445.152
449.665
454.116
458.504
462.826
467.081
471.266
475.379
479.418
483.381
487.265
491.07
494.793
498.431
501.984
505.45
508.826
512.112
515.305
518.404
521.407
524.313
527.12
529.828
532.434
534.938
537.339
539.635
541.825
543.909
545.886
547.754
549.513
551.162
552.702
554.13
555.447
556.653
557.747
558.728
559.597
560.354
560.999
561.531
561.951
562.259
562.455
562.541
562.515
562.382
562.136
561.781
561.318
560.747
560.07
559.287
558.399
557.408
556.315
555.12
553.826
552.433
550.943
549.357
547.677
545.904
544.04
542.087
540.046
537.92
535.71
533.417
531.045
528.594
526.068
523.467
520.794
518.051
515.24
512.363
509.423
506.422
503.36
500.242
497.069
493.843
490.567
487.242
483.871
480.455
476.998
473.501
469.967
466.397
462.794
459.16
455.496
451.805
448.09
444.351
440.591
436.813
433.017
429.206
425.381
421.545
417.699
413.845
409.985
406.12
402.252
398.382
394.513
390.645
386.78
382.92
379.065
375.218
371.378
367.549
363.73
359.923
356.129
352.349
348.584
344.836
341.105
337.393
333.7
330.027
326.376
322.748
319.143
315.562
312.007
308.479
304.979
301.508
298.067
294.657
291.281
287.938
284.632
281.362
278.132
274.942
271.795
268.691
265.632
262.62
259.655
256.737
253.867
251.043
248.262
245.505
242.768
27.0308
9.87639
6.0472
4.63133
3.93786
3.54347
3.30095
3.14659
3.04844
2.98878
2.95707
2.94639
2.95207
2.9712
3.00157
3.04155
3.08994
3.14582
3.20851
3.27746
3.35229
3.43269
3.51842
3.60925
3.70503
3.80566
3.91106
4.02118
4.136
4.25549
4.37962
4.50846
4.64207
4.78051
4.92387
5.07224
5.22572
5.38445
5.54854
5.71815
5.89344
6.07459
6.26178
6.45522
6.65511
6.8617
7.07522
7.29594
7.52412
7.76008
8.00414
8.25659
8.51775
8.78795
9.06754
9.35693
9.6565
9.96668
10.2879
10.6206
10.9653
11.3225
11.6926
12.0762
12.4739
12.8863
13.3139
13.7575
14.2175
14.6948
15.1901
15.7039
16.2372
16.7908
17.3653
17.9617
18.5808
19.2234
19.8905
20.5831
21.302
22.0483
22.8229
23.6268
24.4612
25.3271
26.2256
27.1578
28.1249
29.1279
30.1681
31.2466
32.3646
33.5233
34.7239
35.9677
37.2559
38.5896
39.9702
41.3988
42.8766
44.4048
45.9847
47.6174
49.304
51.0458
52.8438
54.6991
56.6128
58.5859
60.6195
62.7144
64.8716
67.092
69.3764
71.7256
74.1404
76.6214
79.1692
81.7845
84.4678
87.2195
90.04
92.9297
95.8888
98.9176
102.016
105.185
108.423
111.731
115.109
118.557
122.073
125.659
129.313
133.036
136.826
140.683
144.606
148.595
152.649
156.767
160.948
165.191
169.495
173.859
178.282
182.762
187.299
191.89
196.536
201.233
205.981
210.778
215.623
220.514
225.448
230.426
235.444
240.501
245.595
250.724
255.886
261.08
266.302
271.552
276.827
282.125
287.443
292.78
298.134
303.502
308.881
314.271
319.667
325.069
330.474
335.878
341.281
346.68
352.071
357.454
362.824
368.181
373.522
378.843
384.143
389.42
394.67
399.891
405.082
410.238
415.359
420.442
425.484
430.482
435.435
440.34
445.195
449.997
454.744
459.434
464.065
468.633
473.138
477.576
481.946
486.245
490.472
494.623
498.698
502.695
506.61
510.443
514.191
517.852
521.425
524.909
528.3
531.598
534.801
537.908
540.916
543.825
546.633
549.339
551.941
554.439
556.83
559.115
561.292
563.36
565.319
567.167
568.903
570.528
572.04
573.44
574.725
575.897
576.955
577.899
578.728
579.443
580.043
580.528
580.9
581.157
581.3
581.329
581.25
581.055
580.747
580.329
579.8
579.162
578.415
577.561
576.6
575.533
574.362
573.089
571.713
570.237
568.662
566.989
565.22
563.357
561.401
559.354
557.218
554.995
552.685
550.293
547.818
545.264
542.632
539.924
537.143
534.291
531.369
528.381
525.327
522.211
519.034
515.799
512.508
509.164
505.767
502.322
498.829
495.292
491.712
488.091
484.432
480.738
477.009
473.249
469.459
465.642
461.799
457.934
454.046
450.14
446.216
442.277
438.325
434.361
430.387
426.405
422.417
418.425
414.429
410.433
406.436
402.442
398.451
394.464
390.484
386.511
382.547
378.594
374.651
370.72
366.804
362.901
359.015
355.145
351.292
347.459
343.645
339.853
336.082
332.333
328.609
324.909
321.235
317.587
313.968
310.377
306.816
303.286
299.789
296.326
292.897
289.506
286.152
282.838
279.565
276.335
273.149
270.008
266.914
263.868
260.87
257.92
255.016
252.156
249.322
246.512
27.4871
9.9972
6.09744
4.65863
3.95481
3.55464
3.30839
3.15141
3.0513
2.99012
2.95724
2.94572
2.95076
2.9694
2.9994
3.03912
3.08742
3.14341
3.20641
3.27582
3.35124
3.43233
3.51884
3.61054
3.7073
3.80905
3.91571
4.02726
4.14368
4.26498
4.3912
4.52236
4.65855
4.79983
4.94632
5.09812
5.25538
5.41823
5.58686
5.76144
5.94218
6.12928
6.32295
6.52345
6.73101
6.94592
7.16846
7.39893
7.63766
7.88496
8.14118
8.4067
8.68192
8.96727
9.26318
9.5701
9.88851
10.2189
10.5619
10.9178
11.2875
11.6713
12.07
12.4842
12.9146
13.3619
13.8267
14.31
14.8124
15.3348
15.878
16.4429
17.0305
17.6416
18.2773
18.9385
19.6262
20.3416
21.0856
21.8593
22.664
23.5007
24.3706
25.275
26.215
27.1919
28.207
29.2616
30.3568
31.4941
32.6748
33.9001
35.1714
36.49
37.8572
39.2744
40.7428
42.2638
43.8386
45.4684
47.1547
48.8984
50.7009
52.5633
54.4867
56.4722
58.5209
60.6336
62.8115
65.0554
67.3661
69.7445
72.1912
74.7071
77.2925
79.9482
82.6747
85.4722
88.3413
91.2821
94.295
97.38
100.537
103.767
107.068
110.442
113.888
117.405
120.993
124.652
128.381
132.181
136.049
139.986
143.991
148.062
152.2
156.403
160.67
165
169.392
173.845
178.358
182.929
187.557
192.241
196.979
201.77
206.612
211.504
216.444
221.431
226.463
231.537
236.653
241.809
247.002
252.232
257.495
262.79
268.115
273.469
278.848
284.251
289.677
295.122
300.585
306.063
311.555
317.058
322.57
328.088
333.611
339.137
344.662
350.184
355.703
361.214
366.715
372.206
377.682
383.141
388.582
394.002
399.399
404.769
410.112
415.424
420.703
425.947
431.153
436.319
441.443
446.522
451.554
456.538
461.469
466.347
471.169
475.932
480.635
485.275
489.85
494.358
498.797
503.164
507.458
511.677
515.818
519.88
523.86
527.757
531.569
535.294
538.93
542.475
545.929
549.288
552.552
555.719
558.787
561.755
564.622
567.386
570.045
572.6
575.048
577.388
579.62
581.742
583.754
585.654
587.442
589.118
590.68
592.128
593.461
594.679
595.782
596.769
597.641
598.397
599.037
599.56
599.968
600.26
600.437
600.498
600.446
600.28
599.998
599.603
599.096
598.477
597.747
596.908
595.959
594.903
593.74
592.472
591.099
589.624
588.047
586.369
584.593
582.719
580.75
578.687
576.532
574.286
571.953
569.532
567.027
564.439
561.771
559.023
556.2
553.302
550.331
547.291
544.183
541.009
537.772
534.473
531.116
527.702
524.234
520.713
517.143
513.526
509.863
506.157
502.41
498.625
494.804
490.948
487.061
483.144
479.199
475.229
471.236
467.221
463.187
459.136
455.07
450.991
446.9
442.799
438.691
434.577
430.458
426.337
422.215
418.094
413.975
409.86
405.75
401.647
397.551
393.465
389.39
385.326
381.275
377.238
373.217
369.211
365.223
361.253
357.302
353.371
349.461
345.574
341.709
337.868
334.053
330.263
326.5
322.765
319.059
315.382
311.736
308.123
304.543
300.997
297.487
294.015
290.581
287.187
283.835
280.527
277.262
274.044
270.873
267.749
264.674
261.647
258.667
255.732
252.826
249.946
27.8156
10.0767
6.12605
4.67162
3.96113
3.55739
3.309
3.15071
3.04972
2.98793
2.9546
2.94273
2.94766
2.96643
2.99681
3.03717
3.08626
3.14316
3.20715
3.27767
3.35435
3.43689
3.52505
3.61867
3.7176
3.82175
3.93107
4.04553
4.16515
4.28994
4.41999
4.55534
4.69609
4.84232
4.99419
5.15183
5.3154
5.4851
5.66111
5.84366
6.03296
6.22927
6.43289
6.6441
6.86322
7.09059
7.32654
7.57146
7.82573
8.08977
8.36399
8.64887
8.94489
9.25256
9.57241
9.90501
10.2509
10.6108
10.9853
11.375
11.7807
12.2031
12.643
13.1012
13.5785
14.0758
14.5939
15.134
15.6968
16.2834
16.8949
17.5324
18.1968
18.8895
19.6115
20.3641
21.1484
21.9658
22.8175
23.7049
24.6293
25.592
26.5945
27.6382
28.7244
29.8546
31.0302
32.2527
33.5235
34.8441
36.2159
37.6404
39.1189
40.6529
42.2437
43.8927
45.6012
47.3705
49.2019
51.0965
53.0556
55.0803
57.1716
59.3306
61.5581
63.8551
66.2225
68.6609
71.1711
73.7537
76.4092
79.1382
81.9409
84.8177
87.769
90.7948
93.8952
97.0702
100.32
103.644
107.042
110.514
114.06
117.679
121.371
125.134
128.969
132.875
136.851
140.895
145.008
149.188
153.435
157.747
162.122
166.561
171.061
175.622
180.241
184.919
189.653
194.441
199.283
204.177
209.122
214.115
219.155
224.241
229.371
234.542
239.754
245.005
250.292
255.614
260.97
266.356
271.772
277.215
282.684
288.176
293.689
299.222
304.773
310.339
315.918
321.508
327.107
332.714
338.325
343.939
349.554
355.167
360.776
366.38
371.975
377.56
383.132
388.69
394.23
399.751
405.251
410.727
416.177
421.599
426.99
432.348
437.672
442.958
448.205
453.41
458.572
463.687
468.754
473.77
478.734
483.642
488.494
493.286
498.017
502.685
507.286
511.821
516.285
520.678
524.997
529.24
533.406
537.492
541.497
545.418
549.254
553.003
556.663
560.233
563.71
567.094
570.382
573.574
576.667
579.66
582.552
585.341
588.027
590.607
593.081
595.447
597.705
599.853
601.891
603.817
605.631
607.333
608.92
610.393
611.752
612.995
614.123
615.134
616.03
616.808
617.471
618.016
618.445
618.758
618.954
619.034
618.998
618.85
618.582
618.202
617.707
617.1
616.38
615.549
614.608
613.557
612.398
611.131
609.759
608.281
606.7
605.017
603.234
601.35
599.369
597.292
595.121
592.857
590.502
588.058
585.527
582.91
580.211
577.43
574.571
571.634
568.622
565.538
562.383
559.16
555.871
552.518
549.104
545.631
542.1
538.515
534.878
531.19
527.455
523.675
519.851
515.986
512.083
508.144
504.17
500.164
496.129
492.066
487.978
483.867
479.734
475.583
471.414
467.23
463.033
458.825
454.608
450.383
446.153
441.918
437.682
433.444
429.208
424.975
420.746
416.522
412.305
408.097
403.898
399.711
395.536
391.374
387.226
383.095
378.98
374.882
370.803
366.744
362.706
358.688
354.693
350.722
346.774
342.852
338.955
335.086
331.244
327.431
323.647
319.894
316.173
312.485
308.831
305.212
301.629
298.084
294.578
291.113
287.69
284.31
280.975
277.687
274.445
271.251
268.106
265.009
261.96
258.957
255.984
253.042
28.0509
10.1249
6.13742
4.67284
3.95916
3.55406
3.30494
3.1461
3.04483
2.98305
2.95005
2.93881
2.94461
2.96448
2.99611
3.03783
3.08838
3.14693
3.21285
3.2856
3.36479
3.45012
3.54136
3.63838
3.74103
3.84925
3.96298
4.08223
4.20702
4.33739
4.47341
4.6152
4.76288
4.91661
5.07655
5.24289
5.41586
5.59567
5.7826
5.97691
6.1789
6.38889
6.60723
6.8343
7.07049
7.31621
7.5719
7.83804
8.11512
8.40365
8.70419
9.01731
9.34363
9.68379
10.0385
10.4084
10.7942
11.1968
11.617
12.0556
12.5136
12.9918
13.4913
14.013
14.5581
15.1276
15.7226
16.3444
16.9942
17.6733
18.3828
19.1242
19.8989
20.7082
21.5536
22.4365
23.3585
24.3211
25.3258
26.3742
27.4679
28.6084
29.7975
31.0366
32.3275
33.6716
35.0706
36.5261
38.0396
39.6126
41.2467
42.9432
44.7037
46.5294
48.4218
50.3819
52.4111
54.5105
56.6811
58.924
61.24
63.63
66.0946
68.6347
71.2507
73.9432
76.7125
79.559
82.4829
85.4843
88.5632
91.7197
94.9535
98.2645
101.652
105.117
108.657
112.273
115.963
119.728
123.566
127.476
131.459
135.512
139.634
143.825
148.084
152.408
156.798
161.252
165.768
170.345
174.981
179.677
184.428
189.236
194.096
199.01
203.974
208.987
214.047
219.153
224.304
229.496
234.73
240.003
245.313
250.658
256.037
261.449
266.89
272.36
277.856
283.378
288.922
294.487
300.071
305.673
311.29
316.92
322.562
328.213
333.872
339.537
345.206
350.876
356.546
362.214
367.878
373.535
379.185
384.823
390.45
396.062
401.658
407.235
412.791
418.325
423.835
429.317
434.771
440.193
445.583
450.937
456.255
461.533
466.769
471.962
477.11
482.21
487.26
492.259
497.203
502.092
506.923
511.694
516.404
521.049
525.628
530.14
534.582
538.952
543.248
547.469
551.612
555.676
559.659
563.559
567.374
571.103
574.744
578.295
581.755
585.121
588.393
591.57
594.648
597.628
600.507
603.285
605.959
608.529
610.994
613.353
615.603
617.745
619.778
621.699
623.51
625.208
626.793
628.264
629.622
630.865
631.992
633.005
633.901
634.681
635.345
635.892
636.323
636.638
636.836
636.918
636.884
636.739
636.472
636.093
635.599
634.991
634.271
633.439
632.496
631.442
630.279
629.008
627.63
626.146
624.557
622.865
621.07
619.176
617.182
615.09
612.902
610.62
608.245
605.78
603.225
600.584
597.857
595.047
592.156
589.186
586.139
583.017
579.823
576.558
573.224
569.825
566.362
562.837
559.254
555.613
551.918
548.171
544.373
540.528
536.638
532.704
528.73
524.718
520.669
516.586
512.471
508.327
504.156
499.959
495.74
491.499
487.24
482.964
478.673
474.369
470.054
465.73
461.399
457.063
452.723
448.381
444.039
439.699
435.361
431.028
426.701
422.382
418.071
413.771
409.482
405.205
400.943
396.695
392.464
388.249
384.053
379.875
375.718
371.581
367.466
363.374
359.305
355.26
351.24
347.247
343.28
339.341
335.431
331.55
327.699
323.88
320.093
316.34
312.621
308.937
305.29
301.682
298.113
294.584
291.098
287.656
284.258
280.907
277.602
274.346
271.138
267.978
264.866
261.802
258.769
255.773
28.2142
10.1481
6.13527
4.66596
3.95065
3.54513
3.29621
3.13802
3.03775
2.9772
2.94562
2.93598
2.9436
2.96537
2.99901
3.04302
3.09626
3.15784
3.22711
3.30359
3.38686
3.47664
3.57269
3.67488
3.78309
3.8973
4.01749
4.14371
4.27601
4.41449
4.55926
4.71048
4.86834
5.03303
5.20478
5.38387
5.57056
5.76517
5.96804
6.17953
6.40002
6.62995
6.86976
7.11994
7.38099
7.65347
7.93795
8.23503
8.54537
8.86964
9.20856
9.5629
9.93345
10.321
10.7266
11.151
11.5953
12.0605
12.5477
13.0579
13.5925
14.1525
14.7393
15.3542
15.9986
16.6739
17.3816
18.1231
18.9001
19.7142
20.567
21.4601
22.3954
23.3746
24.3993
25.4716
26.593
27.7655
28.9909
30.2711
31.6077
33.0028
34.4579
35.975
37.5556
39.2015
40.9144
42.6958
44.5471
46.4699
48.4655
50.5352
52.6802
54.9016
57.2004
59.5775
62.0337
64.5697
67.186
69.8833
72.6617
75.5217
78.4632
81.4864
84.5912
87.7773
91.0445
94.3924
97.8205
101.328
104.915
108.579
112.321
116.14
120.033
124.001
128.042
132.155
136.339
140.591
144.912
149.299
153.752
158.267
162.845
167.483
172.18
176.935
181.745
186.609
191.525
196.492
201.508
206.572
211.681
216.834
222.029
227.264
232.538
237.85
243.197
248.577
253.989
259.432
264.903
270.401
275.923
281.469
287.037
292.625
298.231
303.853
309.49
315.14
320.801
326.472
332.151
337.836
343.525
349.217
354.909
360.601
366.29
371.974
377.652
383.322
388.982
394.631
400.266
405.886
411.489
417.073
422.636
428.176
433.692
439.182
444.643
450.074
455.474
460.839
466.169
471.462
476.714
481.926
487.094
492.217
497.293
502.32
507.297
512.22
517.089
521.902
526.656
531.35
535.982
540.549
545.051
549.486
553.851
558.144
562.365
566.51
570.58
574.57
578.481
582.31
586.055
589.715
593.289
596.774
600.169
603.472
606.683
609.799
612.82
615.743
618.567
621.292
623.915
626.435
628.852
631.165
633.371
635.47
637.462
639.345
641.117
642.78
644.331
645.77
647.096
648.309
649.409
650.394
651.265
652.021
652.662
653.188
653.598
653.892
654.074
654.136
654.087
653.924
653.641
653.247
652.738
652.117
651.382
650.536
649.579
648.512
647.335
646.05
644.657
643.158
641.555
639.847
638.037
636.125
634.114
632.005
629.798
627.496
625.101
622.614
620.036
617.37
614.618
611.781
608.861
605.861
602.783
599.628
596.398
593.097
589.725
586.286
582.781
579.213
575.583
571.895
568.151
564.352
560.502
556.602
552.654
548.662
544.627
540.552
536.438
532.289
528.106
523.892
519.649
515.378
511.083
506.766
502.427
498.071
493.697
489.31
484.91
480.499
476.08
471.654
467.223
462.789
458.353
453.917
449.484
445.053
440.628
436.209
431.798
427.396
423.005
418.625
414.258
409.906
405.569
401.249
396.946
392.661
388.396
384.151
379.927
375.725
371.546
367.39
363.259
359.152
355.072
351.019
346.993
342.996
339.027
335.089
331.182
327.306
323.464
319.655
315.88
312.142
308.441
304.777
301.154
297.571
294.031
290.534
287.081
283.675
280.315
277.004
273.741
270.526
267.359
264.24
261.155
258.11
28.3285
10.1516
6.12256
4.65013
3.93545
3.53161
3.28462
3.12846
3.03032
2.97208
2.94305
2.93605
2.94632
2.97106
3.00815
3.05603
3.11356
3.17983
3.25419
3.33611
3.42526
3.52136
3.62426
3.73383
3.85003
3.97285
4.10233
4.23857
4.38168
4.53182
4.68917
4.85397
5.02648
5.20698
5.39579
5.59329
5.79984
6.01589
6.24188
6.47832
6.72574
6.98469
7.25581
7.53974
7.83717
8.14885
8.47555
8.81812
9.17742
9.5544
9.95004
10.3654
10.8015
11.2596
11.7409
12.2466
12.778
13.3367
13.9239
14.5414
15.1905
15.8731
16.5908
17.3453
18.1386
18.9725
19.8489
20.7698
21.7373
22.7534
23.8203
24.94
26.1146
27.3464
28.6374
29.9898
31.4057
32.8872
34.4362
36.0549
37.7452
39.5088
41.3477
43.2635
45.2578
47.3321
49.4879
51.7263
54.0484
56.4554
58.9481
61.5271
64.1931
66.9464
69.7874
72.7162
75.7328
78.837
82.0286
85.307
88.6718
92.1222
95.6574
99.2764
102.978
106.762
110.626
114.569
118.589
122.686
126.857
131.101
135.417
139.802
144.254
148.773
153.356
158.001
162.706
167.469
172.29
177.164
182.092
187.07
192.097
197.171
202.29
207.452
212.656
217.899
223.18
228.496
233.847
239.23
244.644
250.086
255.556
261.051
266.569
272.11
277.672
283.252
288.849
294.463
300.09
305.73
311.381
317.042
322.71
328.386
334.066
339.749
345.435
351.121
356.806
362.488
368.167
373.84
379.506
385.164
390.811
396.448
402.071
407.68
413.272
418.848
424.404
429.939
435.453
440.942
446.407
451.844
457.253
462.632
467.979
473.293
478.571
483.814
489.018
494.182
499.304
504.384
509.418
514.406
519.346
524.235
529.074
533.858
538.588
543.261
547.876
552.431
556.924
561.353
565.718
570.015
574.244
578.403
582.489
586.503
590.441
594.302
598.086
601.789
605.41
608.948
612.402
615.769
619.049
622.24
625.34
628.348
631.262
634.082
636.805
639.432
641.959
644.387
646.714
648.938
651.059
653.076
654.988
656.793
658.492
660.082
661.564
662.936
664.198
665.349
666.389
667.317
668.133
668.836
669.426
669.904
670.267
670.518
670.655
670.674
670.591
670.387
670.069
669.641
669.098
668.445
667.68
666.804
665.818
664.723
663.519
662.207
660.789
659.265
657.637
655.905
654.07
652.135
650.1
647.967
645.736
643.411
640.991
638.479
635.876
633.184
630.406
627.542
624.595
621.566
618.458
615.272
612.011
608.677
605.271
601.796
598.255
594.649
590.98
587.251
583.465
579.622
575.727
571.78
567.784
563.742
559.656
555.528
551.36
547.154
542.914
538.64
534.336
530.003
525.644
521.26
516.855
512.429
507.986
503.527
499.053
494.568
490.073
485.57
481.06
476.546
472.029
467.511
462.994
458.479
453.967
449.461
444.962
440.471
435.99
431.52
427.061
422.616
418.186
413.772
409.374
404.994
400.633
396.291
391.97
387.67
383.393
379.138
374.907
370.7
366.518
362.363
358.234
354.132
350.059
346.014
341.999
338.015
334.062
330.14
326.252
322.398
318.578
314.795
311.048
307.34
303.671
300.043
296.457
292.914
289.416
285.963
282.556
279.198
275.887
272.624
269.41
266.244
263.112
260.028
28.4153
10.1427
6.09872
4.62737
3.91591
3.5154
3.27169
3.11883
3.02409
2.96947
2.94411
2.94075
2.95531
2.98484
3.02721
3.08081
3.14445
3.2173
3.29876
3.38837
3.48582
3.59089
3.70347
3.8235
3.951
4.08602
4.2287
4.37919
4.53771
4.70451
4.87988
5.06418
5.25776
5.46107
5.67457
5.89878
6.13424
6.38156
6.6414
6.91445
7.20147
7.50327
7.82071
8.15472
8.50631
8.87651
9.26648
9.6774
10.1105
10.5672
11.0488
11.5569
12.0929
12.6586
13.2556
13.8858
14.5511
15.2534
15.9947
16.7773
17.6033
18.475
19.3948
20.3651
21.3883
22.4671
23.6039
24.8014
26.0621
27.3887
28.7836
30.2496
31.789
33.4044
35.0982
36.8726
38.7299
40.6722
42.7014
44.8194
47.0278
49.3282
51.7218
54.2098
56.7932
59.4726
62.2488
65.122
68.0923
71.1597
74.324
77.5846
80.941
84.3923
87.9374
91.5752
95.3044
99.1234
103.031
107.024
111.103
115.264
119.505
123.825
128.222
132.692
137.233
141.844
146.522
151.264
156.068
160.931
165.852
170.827
175.854
180.932
186.057
191.227
196.44
201.693
206.986
212.314
217.677
223.072
228.496
233.949
239.428
244.932
250.458
256.004
261.57
267.153
272.751
278.364
283.988
289.624
295.27
300.923
306.583
312.248
317.917
323.589
329.262
334.935
340.607
346.277
351.942
357.603
363.258
368.906
374.545
380.174
385.793
391.401
396.995
402.575
408.139
413.687
419.218
424.73
430.221
435.692
441.14
446.565
451.965
457.339
462.685
468.004
473.292
478.549
483.775
488.966
494.123
499.243
504.325
509.369
514.372
519.334
524.252
529.126
533.953
538.734
543.465
548.146
552.776
557.352
561.873
566.338
570.745
575.093
579.38
583.605
587.766
591.862
595.89
599.851
603.742
607.561
611.307
614.979
618.575
622.094
625.534
628.893
632.171
635.365
638.475
641.499
644.435
647.283
650.041
652.707
655.281
657.76
660.145
662.433
664.623
666.715
668.708
670.6
672.39
674.077
675.66
677.14
678.514
679.782
680.943
681.997
682.943
683.78
684.508
685.127
685.636
686.035
686.323
686.503
686.567
686.525
686.375
686.106
685.731
685.245
684.649
683.943
683.128
682.204
681.172
680.032
678.786
677.433
675.975
674.413
672.747
670.979
669.11
667.141
665.073
662.907
660.646
658.29
655.84
653.298
650.666
647.945
645.137
642.244
639.268
636.21
633.072
629.856
626.565
623.199
619.762
616.255
612.681
609.041
605.338
601.574
597.751
593.871
589.937
585.95
581.914
577.83
573.701
569.528
565.315
561.063
556.774
552.451
548.096
543.711
539.299
534.861
530.4
525.917
521.415
516.896
512.362
507.814
503.255
498.687
494.112
489.53
484.945
480.357
475.769
471.182
466.598
462.018
457.444
452.877
448.319
443.771
439.234
434.709
430.199
425.703
421.223
416.76
412.316
407.89
403.484
399.099
394.736
390.395
386.077
381.782
377.512
373.267
369.048
364.855
360.69
356.552
352.443
348.363
344.312
340.293
336.305
332.349
328.426
324.537
320.683
316.864
313.083
309.339
305.635
301.97
298.348
294.768
291.232
287.741
284.296
280.899
277.548
274.246
270.992
267.786
264.616
261.498
28.5004
10.1227
6.06817
4.59992
3.89336
3.49777
3.25886
3.11081
3.02102
2.97137
2.95104
2.95342
2.97436
3.01079
3.06049
3.12197
3.19413
3.2762
3.3676
3.46796
3.57704
3.6947
3.8209
3.95568
4.09916
4.2515
4.41296
4.58383
4.76446
4.95527
5.15671
5.36931
5.59364
5.83036
6.08017
6.34383
6.62218
6.91611
7.22659
7.55468
7.90149
8.26826
8.65627
9.06695
9.50179
9.96238
10.4504
10.9677
11.5161
12.0976
12.7144
13.3685
14.0624
14.7986
15.5795
16.4078
17.2864
18.2181
19.2059
20.2529
21.3621
22.5368
23.7802
25.0956
26.4862
27.9554
29.5063
31.1421
32.8659
34.6808
36.5895
38.5948
40.6992
42.9051
45.2146
47.6295
50.1515
52.782
55.5221
58.3726
61.334
64.4066
67.5903
70.8846
74.289
77.8026
81.4241
85.152
88.9847
92.9202
96.9564
101.091
105.321
109.645
114.058
118.559
123.145
127.811
132.556
137.375
142.265
147.224
152.248
157.333
162.476
167.674
172.924
178.223
183.567
188.953
194.379
199.842
205.338
210.866
216.422
222.003
227.608
233.234
238.879
244.54
250.215
255.903
261.601
267.307
273.021
278.739
284.461
290.185
295.909
301.632
307.352
313.069
318.782
324.488
330.187
335.878
341.559
347.23
352.89
358.538
364.173
369.794
375.401
380.992
386.567
392.125
397.665
403.186
408.688
414.171
419.632
425.072
430.49
435.884
441.256
446.602
451.923
457.219
462.487
467.728
472.941
478.125
483.278
488.4
493.491
498.549
503.573
508.562
513.516
518.434
523.314
528.155
532.957
537.718
542.437
547.113
551.746
556.333
560.874
565.367
569.812
574.206
578.55
582.841
587.078
591.26
595.386
599.455
603.464
607.413
611.301
615.126
618.886
622.581
626.209
629.768
633.258
636.677
640.023
643.295
646.492
649.613
652.655
655.618
658.501
661.301
664.019
666.651
669.198
671.658
674.03
676.312
678.504
680.603
682.61
684.522
686.339
688.06
689.685
691.21
692.637
693.963
695.189
696.313
697.336
698.254
699.069
699.78
700.386
700.886
701.279
701.57
701.753
701.826
701.795
701.661
701.411
701.058
700.599
700.031
699.357
698.577
697.69
696.697
695.599
694.396
693.088
691.677
690.164
688.548
686.831
685.013
683.096
681.081
678.969
676.761
674.459
672.063
669.575
666.996
664.328
661.573
658.731
655.805
652.796
649.705
646.536
643.289
639.966
636.57
633.102
629.565
625.959
622.288
618.554
614.758
610.902
606.99
603.022
599.002
594.931
590.812
586.647
582.438
578.187
573.896
569.568
565.205
560.809
556.383
551.927
547.445
542.939
538.41
533.861
529.293
524.71
520.112
515.502
510.881
506.252
501.616
496.975
492.331
487.685
483.039
478.395
473.755
469.119
464.49
459.868
455.256
450.654
446.063
441.486
436.922
432.374
427.842
423.327
418.831
414.354
409.897
405.461
401.047
396.655
392.286
387.941
383.621
379.325
375.055
370.811
366.594
362.405
358.243
354.11
350.007
345.934
341.891
337.879
333.9
329.954
326.041
322.163
318.32
314.513
310.744
307.014
303.323
299.674
296.066
292.502
288.982
285.508
282.079
278.698
275.364
272.077
268.84
265.638
262.495
28.6082
10.0986
6.03245
4.56889
3.86904
3.48017
3.24789
3.10654
3.02337
2.98049
2.9677
2.97838
3.00814
3.05398
3.11385
3.18629
3.27031
3.3652
3.4705
3.58593
3.71136
3.84679
3.9923
4.1481
4.31446
4.49174
4.68039
4.88092
5.09393
5.32008
5.56012
5.81488
6.08529
6.37236
6.67721
7.00106
7.34523
7.71116
8.10037
8.51455
8.95548
9.4251
9.92548
10.4589
11.0276
11.6342
12.2814
12.972
13.709
14.4955
15.3348
16.2304
17.1859
18.2051
19.2921
20.4508
21.6856
23.0005
24.3999
25.888
27.469
29.1473
30.927
32.812
34.8064
36.9138
39.1377
41.4813
43.9474
46.5386
49.257
52.1044
55.0822
58.1912
61.4321
64.8047
68.3087
71.9433
75.7071
79.5986
83.6155
87.7555
92.0158
96.3932
100.884
105.486
110.193
115.002
119.909
124.91
129.999
135.173
140.426
145.754
151.153
156.617
162.141
167.723
173.356
179.037
184.762
190.525
196.323
202.153
208.01
213.891
219.791
225.709
231.64
237.582
243.532
249.486
255.443
261.4
267.354
273.304
279.247
285.181
291.105
297.016
302.914
308.797
314.664
320.512
326.342
332.152
337.94
343.707
349.452
355.173
360.869
366.542
372.188
377.809
383.404
388.972
394.512
400.026
405.511
410.968
416.397
421.797
427.168
432.51
437.823
443.106
448.358
453.581
458.773
463.935
469.066
474.165
479.233
484.269
489.274
494.245
499.184
504.09
508.962
513.8
518.604
523.372
528.105
532.803
537.463
542.087
546.672
551.219
555.728
560.196
564.624
569.011
573.355
577.656
581.914
586.127
590.294
594.415
598.488
602.513
606.488
610.413
614.286
618.107
621.874
625.586
629.242
632.841
636.381
639.862
643.283
646.641
649.937
653.168
656.333
659.432
662.462
665.423
668.314
671.133
673.879
676.55
679.146
681.665
684.106
686.467
688.748
690.947
693.062
695.094
697.041
698.902
700.674
702.358
703.952
705.456
706.868
708.187
709.413
710.544
711.579
712.517
713.359
714.104
714.751
715.297
715.743
716.09
716.338
716.481
716.521
716.466
716.308
716.041
715.674
715.207
714.634
713.959
713.182
712.302
711.32
710.236
709.05
707.763
706.375
704.887
703.299
701.612
699.828
697.945
695.966
693.892
691.723
689.46
687.105
684.658
682.122
679.498
676.786
673.988
671.106
668.14
665.093
661.967
658.762
655.48
652.124
648.696
645.196
641.627
637.991
634.29
630.525
626.7
622.815
618.873
614.876
610.826
606.726
602.577
598.382
594.142
589.86
585.536
581.174
576.777
572.346
567.884
563.393
558.875
554.331
549.765
545.178
540.572
535.949
531.311
526.661
521.999
517.327
512.649
507.964
503.276
498.585
493.894
489.203
484.516
479.832
475.154
470.483
465.82
461.167
456.525
451.895
447.278
442.676
438.09
433.52
428.967
424.433
419.919
415.425
410.952
406.501
402.073
397.668
393.286
388.929
384.597
380.29
376.009
371.754
367.526
363.327
359.155
355.012
350.898
346.814
342.761
338.738
334.748
330.789
326.864
322.973
319.117
315.297
311.513
307.768
304.061
300.394
296.769
293.186
289.646
286.151
282.701
279.297
275.94
272.629
269.367
266.143
262.983
28.7667
10.0756
5.99319
4.53552
3.84439
3.46448
3.24117
3.10871
3.03437
3.00147
2.99932
3.0213
3.06318
3.12209
3.19608
3.28382
3.38443
3.49735
3.62229
3.75914
3.90795
4.06895
4.24245
4.42892
4.62891
4.84311
5.07232
5.31745
5.57952
5.85965
6.1591
6.47926
6.82167
7.18807
7.58038
8.0007
8.4513
8.93457
9.45311
10.0097
10.6074
11.2494
11.9393
12.6808
13.4778
14.3348
15.256
16.2462
17.3103
18.4535
19.6809
20.9982
22.4111
23.9257
25.5482
27.2848
29.1414
31.1235
33.2367
35.4861
37.8766
40.4127
43.0985
45.9378
48.9335
52.088
55.4033
58.8804
62.5198
66.3212
70.2837
74.4057
78.6849
83.1183
87.7024
92.4332
97.3061
102.316
107.458
112.725
118.113
123.614
129.222
134.931
140.733
146.623
152.593
158.636
164.746
170.917
177.141
183.413
189.727
196.077
202.456
208.86
215.283
221.72
228.166
234.617
241.069
247.517
253.958
260.387
266.803
273.2
279.577
285.931
292.259
298.559
304.829
311.067
317.271
323.44
329.572
335.666
341.721
347.736
353.71
359.642
365.531
371.378
377.182
382.942
388.659
394.331
399.96
405.544
411.085
416.581
422.034
427.443
432.809
438.132
443.412
448.65
453.845
458.998
464.11
469.181
474.211
479.2
484.15
489.059
493.929
498.76
503.552
508.306
513.021
517.698
522.337
526.939
531.502
536.029
540.518
544.969
549.383
553.76
558.1
562.402
566.666
570.893
575.081
579.232
583.343
587.416
591.45
595.444
599.398
603.312
607.184
611.015
614.804
618.55
622.252
625.91
629.524
633.091
636.612
640.086
643.512
646.888
650.215
653.491
656.715
659.886
663.003
666.066
669.073
672.022
674.914
677.746
680.518
683.229
685.877
688.462
690.981
693.435
695.821
698.139
700.388
702.565
704.671
706.704
708.662
710.545
712.351
714.079
715.728
717.297
718.786
720.192
721.515
722.753
723.906
724.972
725.951
726.843
727.646
728.358
728.979
729.508
729.944
730.291
730.543
730.699
730.758
730.726
730.602
730.372
730.047
729.629
729.113
728.498
727.786
726.978
726.071
725.066
723.964
722.765
721.469
720.076
718.586
717.001
715.32
713.543
711.673
709.709
707.652
705.502
703.262
700.931
698.511
696.002
693.407
690.725
687.959
685.11
682.179
679.167
676.075
672.906
669.66
666.34
662.947
659.482
655.948
652.343
648.671
644.934
641.136
637.277
633.36
629.386
625.359
621.28
617.15
612.972
608.748
604.481
600.172
595.823
591.437
587.017
582.564
578.08
573.566
569.025
564.458
559.868
555.257
550.626
545.978
541.314
536.636
531.947
527.248
522.54
517.827
513.108
508.387
503.664
498.941
494.22
489.503
484.79
480.084
475.385
470.695
466.016
461.348
456.693
452.051
447.425
442.814
438.22
433.644
429.086
424.548
420.031
415.535
411.061
406.609
402.181
397.777
393.396
389.041
384.711
380.406
376.127
371.875
367.65
363.452
359.283
355.142
351.03
346.948
342.896
338.874
334.884
330.926
327
323.108
319.249
315.426
311.638
307.888
304.175
300.502
296.868
293.276
289.727
286.22
282.758
279.341
275.969
272.644
269.366
266.126
262.957
29.0098
10.0582
5.95189
4.50125
3.82139
3.45336
3.24214
3.12104
3.05974
3.04072
3.05315
3.09083
3.14964
3.22687
3.32077
3.43019
3.55449
3.69335
3.84674
4.01489
4.1982
4.39726
4.61283
4.84583
5.09735
5.36867
5.66127
5.97683
6.31718
6.68437
7.08063
7.50849
7.97077
8.47059
9.01153
9.59751
10.2327
10.9214
11.6682
12.4782
13.3569
14.3101
15.3441
16.4656
17.6816
18.9994
20.4266
21.9708
23.6401
25.4426
27.3866
29.4802
31.7322
34.1517
36.7472
39.5273
42.4985
45.6655
49.0322
52.6019
56.3772
60.3593
64.5488
68.9448
73.5454
78.3478
83.348
88.5409
93.9207
99.4806
105.213
111.111
117.164
123.364
129.701
136.166
142.749
149.44
156.229
163.106
170.061
177.085
184.168
191.301
198.475
205.681
212.913
220.16
227.417
234.675
241.929
249.171
256.396
263.599
270.773
277.915
285.019
292.082
299.099
306.068
312.985
319.848
326.653
333.399
340.083
346.704
353.261
359.751
366.174
372.53
378.816
385.034
391.181
397.26
403.268
409.207
415.076
420.876
426.607
432.27
437.865
443.393
448.855
454.251
459.583
464.851
470.056
475.198
480.28
485.302
490.265
495.17
500.018
504.81
509.548
514.232
518.863
523.442
527.971
532.45
536.88
541.262
545.598
549.887
554.131
558.331
562.487
566.6
570.671
574.701
578.689
582.637
586.545
590.413
594.243
598.034
601.786
605.5
609.177
612.816
616.417
619.981
623.508
626.997
630.448
633.862
637.238
640.577
643.877
647.138
650.361
653.544
656.688
659.791
662.853
665.874
668.853
671.789
674.682
677.532
680.336
683.095
685.808
688.473
691.091
693.66
696.178
698.647
701.063
703.426
705.736
707.991
710.19
712.332
714.416
716.441
718.406
720.309
722.15
723.927
725.641
727.288
728.868
730.379
731.821
733.192
734.492
735.719
736.873
737.952
738.955
739.882
740.73
741.499
742.188
742.795
743.321
743.765
744.128
744.403
744.592
744.695
744.708
744.647
744.49
744.24
743.903
743.477
742.963
742.356
741.658
740.869
739.99
739.019
737.955
736.8
735.553
734.215
732.785
731.263
729.65
727.946
726.152
724.267
722.292
720.228
718.076
715.836
713.509
711.095
708.596
706.013
703.346
700.596
697.765
694.853
691.857
688.783
685.632
682.407
679.108
675.737
672.296
668.786
665.208
661.565
657.859
654.093
650.269
646.385
642.445
638.45
634.402
630.303
626.154
621.958
617.716
613.431
609.105
604.739
600.337
595.899
591.428
586.925
582.393
577.834
573.249
568.641
564.012
559.364
554.697
550.016
545.32
540.612
535.894
531.168
526.435
521.698
516.956
512.214
507.471
502.729
497.99
493.256
488.528
483.806
479.093
474.39
469.698
465.018
460.351
455.699
451.062
446.441
441.838
437.253
432.687
428.14
423.614
419.11
414.627
410.167
405.731
401.318
396.93
392.566
388.227
383.913
379.625
375.363
371.128
366.919
362.738
358.585
354.459
350.363
346.295
342.257
338.249
334.272
330.326
326.411
322.529
318.68
314.864
311.084
307.339
303.632
299.962
296.331
292.739
289.189
285.681
282.216
278.794
275.417
272.085
268.8
265.553
262.382
29.3775
10.054
5.91064
4.46822
3.8031
3.45114
3.25486
3.1509
3.10805
3.10799
3.14099
3.20089
3.28383
3.38739
3.51014
3.6513
3.8106
3.9882
4.1846
4.40061
4.63732
4.89609
5.17849
5.48634
5.82178
6.18731
6.58588
7.02092
7.4961
8.01531
8.58297
9.20403
9.88394
10.6288
11.4456
12.343
13.3296
14.413
15.602
16.9067
18.3375
19.9051
21.6206
23.4957
25.5427
27.773
30.198
32.8286
35.6753
38.749
42.0596
45.6157
49.4268
53.5064
57.8588
62.4972
67.4203
72.6202
78.0915
83.8277
89.8218
96.0647
102.547
109.256
116.181
123.308
130.623
138.111
145.759
153.55
161.471
169.505
177.638
185.855
194.143
202.488
210.875
219.294
227.731
236.175
244.616
253.042
261.445
269.815
278.144
286.424
294.649
302.81
310.903
318.922
326.862
334.718
342.487
350.164
357.747
365.234
372.621
379.907
387.09
394.17
401.144
408.013
414.775
421.431
427.981
434.425
440.764
446.997
453.126
459.152
465.076
470.899
476.622
482.247
487.775
493.208
498.548
503.796
508.953
514.022
519.005
523.902
528.717
533.451
538.106
542.684
547.187
551.616
555.973
560.261
564.481
568.635
572.724
576.751
580.718
584.625
588.474
592.268
596.007
599.693
603.328
606.913
610.45
613.939
617.382
620.78
624.134
627.445
630.715
633.944
637.134
640.284
643.397
646.471
649.509
652.511
655.477
658.408
661.304
664.166
666.994
669.788
672.548
675.274
677.967
680.627
683.253
685.845
688.404
690.93
693.421
695.877
698.298
700.684
703.034
705.347
707.624
709.864
712.065
714.228
716.352
718.436
720.479
722.48
724.439
726.354
728.226
730.052
731.832
733.565
735.251
736.887
738.473
740.008
741.491
742.921
744.297
745.617
746.88
748.086
749.234
750.322
751.348
752.312
753.212
754.049
754.819
755.524
756.16
756.729
757.228
757.658
758.013
758.296
758.504
758.639
758.697
758.681
758.593
758.416
758.162
757.829
757.416
756.925
756.352
755.694
754.953
754.129
753.222
752.23
751.154
749.993
748.748
747.416
746
744.498
742.91
741.237
739.479
737.636
735.708
733.695
731.598
729.417
727.152
724.804
722.367
719.848
717.248
714.567
711.808
708.971
706.057
703.066
700.001
696.865
693.66
690.384
687.037
683.622
680.139
676.59
672.976
669.299
665.561
661.762
657.905
653.991
650.022
646
641.927
637.804
633.633
629.416
625.155
620.852
616.509
612.128
607.71
603.258
598.774
594.259
589.715
585.145
580.55
575.932
571.293
566.636
561.96
557.27
552.566
547.85
543.124
538.39
533.649
528.903
524.154
519.403
514.652
509.903
505.156
500.413
495.676
490.945
486.223
481.51
476.808
472.118
467.441
462.777
458.129
453.497
448.882
444.284
439.705
435.146
430.606
426.087
421.59
417.114
412.662
408.232
403.827
399.445
395.088
390.756
386.449
382.167
377.911
373.68
369.476
365.299
361.148
357.025
352.929
348.861
344.822
340.811
336.83
332.878
328.956
325.065
321.205
317.377
313.582
309.82
306.093
302.401
298.745
295.127
291.547
288.007
284.507
281.048
277.631
274.258
270.928
267.645
264.399
261.235
29.9225
10.064
5.87077
4.43952
3.79463
3.46306
3.2893
3.20992
3.19255
3.22
3.28279
3.37517
3.49377
3.63676
3.80328
3.99327
4.20725
4.44627
4.7119
5.00618
5.33174
5.69159
6.08908
6.52809
7.01313
7.5495
8.1436
8.80359
9.5376
10.3535
11.2609
12.2706
13.3945
14.6454
16.0373
17.5852
19.3049
21.2141
23.3302
25.6725
28.2602
31.111
34.2417
37.6695
41.4114
45.4823
49.892
54.6473
59.7562
65.2323
71.0792
77.2926
83.8735
90.8594
98.21
105.891
113.884
122.174
130.739
139.558
148.608
157.865
167.306
176.908
186.647
196.501
206.448
216.467
226.537
236.639
246.755
256.867
266.959
277.015
287.023
296.968
306.839
316.625
326.316
335.903
345.377
354.732
363.96
373.057
382.016
390.834
399.507
408.031
416.405
424.625
432.691
440.601
448.355
455.952
463.392
470.677
477.805
484.78
491.601
498.271
504.79
511.161
517.386
523.466
529.405
535.205
540.868
546.397
551.794
557.063
562.206
567.227
572.127
576.91
581.579
586.138
590.588
594.933
599.176
603.32
607.367
611.321
615.184
618.959
622.649
626.257
629.785
633.237
636.613
639.918
643.154
646.322
649.425
652.467
655.448
658.371
661.237
664.05
666.811
669.522
672.185
674.8
677.371
679.898
682.384
684.829
687.235
689.603
691.935
694.231
696.493
698.722
700.918
703.082
705.216
707.32
709.394
711.44
713.457
715.446
717.408
719.343
721.25
723.131
724.985
726.813
728.614
730.388
732.136
733.858
735.552
737.218
738.856
740.466
742.046
743.598
745.12
746.612
748.073
749.503
750.901
752.265
753.596
754.893
756.154
757.379
758.567
759.717
760.828
761.899
762.929
763.917
764.862
765.763
766.618
767.428
768.19
768.904
769.568
770.182
770.746
771.257
771.711
772.11
772.453
772.739
772.966
773.134
773.242
773.288
773.272
773.197
773.047
772.834
772.555
772.208
771.793
771.309
770.756
770.129
769.43
768.658
767.812
766.894
765.901
764.832
763.686
762.464
761.165
759.789
758.335
756.804
755.194
753.506
751.739
749.893
747.968
745.957
743.866
741.697
739.449
737.124
734.722
732.242
729.687
727.057
724.357
721.584
718.737
715.816
712.823
709.758
706.623
703.417
700.144
696.802
693.394
689.92
686.383
682.782
679.121
675.399
671.619
667.782
663.889
659.943
655.944
651.894
647.795
643.648
639.456
635.22
630.941
626.623
622.266
617.872
613.443
608.981
604.489
599.966
595.417
590.842
586.243
581.622
576.981
572.322
567.646
562.956
558.252
553.537
548.813
544.081
539.343
534.6
529.854
525.106
520.359
515.613
510.87
506.131
501.398
496.672
491.954
487.246
482.548
477.862
473.188
468.529
463.884
459.255
454.643
450.049
445.473
440.916
436.379
431.862
427.366
422.891
418.439
414.009
409.603
405.22
400.862
396.528
392.218
387.934
383.674
379.439
375.23
371.046
366.888
362.756
358.651
354.572
350.52
346.494
342.497
338.527
334.586
330.673
326.788
322.934
319.109
315.314
311.551
307.82
304.121
300.456
296.826
293.232
289.674
286.154
282.672
279.23
275.829
272.469
269.15
265.877
262.641
259.492
30.7125
10.0936
5.8352
4.42102
3.80393
3.50214
3.36192
3.31791
3.33817
3.40683
3.51484
3.65728
3.83182
4.03782
4.27576
4.54701
4.85381
5.19929
5.58738
6.02304
6.51298
7.06477
7.68619
8.38655
9.17659
10.0688
11.0776
12.2186
13.5095
14.9709
16.6256
18.4991
20.6172
23.0067
25.6962
28.7171
32.0997
35.8713
40.0582
44.6879
49.7881
55.3737
61.4539
68.0349
75.1219
82.7326
90.8494
99.4492
108.521
118.104
128.169
138.652
149.505
160.655
172.087
183.766
195.654
207.716
219.919
232.226
244.606
257.029
269.464
281.885
294.268
306.588
318.824
330.958
342.97
354.846
366.57
378.131
389.517
400.717
411.723
422.527
433.124
443.508
453.676
463.622
473.346
482.844
492.116
501.161
509.98
518.573
526.94
535.083
543.005
550.707
558.192
565.462
572.522
579.374
586.021
592.468
598.718
604.775
610.645
616.329
621.834
627.163
632.32
637.31
642.137
646.806
651.322
655.688
659.909
663.99
667.934
671.746
675.431
678.993
682.435
685.762
688.979
692.089
695.094
698
700.81
703.527
706.156
708.7
711.162
713.546
715.854
718.09
720.257
722.358
724.395
726.372
728.291
730.155
731.965
733.726
735.438
737.104
738.727
740.308
741.849
743.352
744.82
746.252
747.652
749.021
750.36
751.67
752.953
754.211
755.443
756.651
757.837
759
760.142
761.264
762.365
763.448
764.511
765.556
766.583
767.591
768.583
769.557
770.513
771.452
772.373
773.278
774.166
775.037
775.888
776.719
777.531
778.324
779.098
779.851
780.583
781.294
781.982
782.648
783.29
783.907
784.5
785.066
785.605
786.117
786.599
787.052
787.474
787.863
788.22
788.543
788.831
789.083
789.298
789.474
789.611
789.708
789.762
789.774
789.747
789.671
789.544
789.372
789.152
788.882
788.561
788.188
787.762
787.283
786.748
786.159
785.509
784.801
784.034
783.206
782.318
781.367
780.355
779.276
778.134
776.926
775.651
774.311
772.903
771.426
769.881
768.266
766.576
764.811
762.975
761.068
759.091
757.042
754.922
752.731
750.471
748.147
745.752
743.287
740.75
738.143
735.465
732.717
729.899
727.013
724.056
721.032
717.941
714.783
711.56
708.272
704.919
701.504
698.027
694.489
690.89
687.234
683.519
679.749
675.923
672.044
668.113
664.131
660.1
656.021
651.896
647.726
643.513
639.258
634.964
630.632
626.263
621.859
617.423
612.955
608.458
603.934
599.383
594.809
590.212
585.594
580.958
576.304
571.636
566.953
562.258
557.554
552.84
548.12
543.393
538.663
533.931
529.198
524.465
519.735
515.007
510.285
505.568
500.859
496.159
491.468
486.788
482.119
477.464
472.823
468.196
463.586
458.992
454.415
449.857
445.318
440.799
436.3
431.822
427.366
422.931
418.518
414.128
409.761
405.418
401.099
396.804
392.534
388.288
384.067
379.87
375.699
371.552
367.431
363.334
359.263
355.217
351.197
347.203
343.235
339.293
335.378
331.49
327.629
323.796
319.99
316.213
312.465
308.746
305.057
301.4
297.774
294.18
290.621
287.096
283.607
280.155
276.74
273.363
270.026
266.73
263.476
260.258
257.132
31.8332
10.1584
5.81234
4.42531
3.84705
3.59308
3.50399
3.51368
3.59362
3.72844
3.91059
4.13706
4.40786
4.72553
5.09379
5.51745
6.00332
6.56039
7.19943
7.93289
8.77497
9.74384
10.8625
12.1555
13.65
15.3778
17.3766
19.6879
22.3535
25.4193
28.9363
32.9614
37.5412
42.7171
48.5308
55.0267
62.2383
70.1744
78.8387
88.232
98.3614
109.208
120.728
132.871
145.6
159.021
172.986
187.396
202.176
217.221
232.476
247.91
263.473
279.1
294.747
310.374
325.94
341.409
356.749
371.93
386.923
401.706
416.257
430.557
444.59
458.342
471.802
484.96
497.806
510.337
522.545
534.429
545.985
557.213
568.112
578.683
588.929
598.85
608.452
617.736
626.708
635.37
643.729
651.79
659.559
667.04
674.239
681.164
687.819
694.211
700.348
706.235
711.879
717.286
722.464
727.419
732.155
736.683
741.01
745.138
749.075
752.828
756.403
759.805
763.042
766.119
769.041
771.815
774.446
776.94
779.302
781.538
783.652
785.65
787.535
789.315
790.996
792.576
794.062
795.459
796.772
798.004
799.159
800.241
801.254
802.201
803.086
803.912
804.681
805.398
806.065
806.685
807.261
807.795
808.29
808.749
809.173
809.565
809.927
810.261
810.569
810.853
811.114
811.355
811.575
811.778
811.965
812.136
812.293
812.437
812.569
812.689
812.8
812.901
812.993
813.076
813.152
813.221
813.282
813.337
813.386
813.428
813.464
813.494
813.518
813.536
813.547
813.551
813.552
813.548
813.531
813.502
813.467
813.423
813.37
813.307
813.232
813.147
813.048
812.936
812.81
812.669
812.513
812.339
812.148
811.938
811.708
811.457
811.184
810.889
810.569
810.223
809.852
809.453
809.026
808.568
808.08
807.56
807.006
806.418
805.795
805.135
804.434
803.695
802.915
802.094
801.23
800.322
799.368
798.369
797.322
796.227
795.082
793.886
792.639
791.338
789.985
788.577
787.114
785.592
784.006
782.359
780.653
778.889
777.064
775.179
773.233
771.226
769.164
767.044
764.861
762.614
760.304
757.931
755.493
752.992
750.426
747.795
745.101
742.342
739.52
736.634
733.685
730.673
727.598
724.462
721.263
718.004
714.684
711.305
707.867
704.371
700.818
697.21
693.545
689.827
686.056
682.233
678.358
674.435
670.463
666.444
662.379
658.27
654.118
649.924
645.691
641.419
637.11
632.766
628.387
623.977
619.536
615.066
610.569
606.046
601.5
596.931
592.342
587.733
583.108
578.467
573.812
569.145
564.467
559.781
555.086
550.386
545.682
540.974
536.265
531.557
526.849
522.145
517.445
512.75
508.062
503.382
498.711
494.05
489.401
484.764
480.14
475.531
470.937
466.359
461.798
457.255
452.73
448.224
443.739
439.274
434.829
430.406
426.005
421.626
417.27
412.936
408.626
404.339
400.076
395.838
391.623
387.433
383.268
379.126
375.01
370.917
366.849
362.805
358.785
354.79
350.819
346.873
342.951
339.055
335.183
331.337
327.517
323.722
319.953
316.21
312.494
308.804
305.143
301.509
297.904
294.329
290.785
287.272
283.792
280.345
276.932
273.555
270.214
266.911
263.645
260.421
257.231
254.136
33.4023
10.2633
5.816
4.47022
3.96274
3.78756
3.78156
3.88435
4.06851
4.32257
4.64301
5.03173
5.49495
6.04202
6.68516
7.43993
8.32661
9.3724
10.6095
12.0736
13.8062
15.8603
18.3052
21.2089
24.6424
28.686
33.4341
38.9836
45.4082
52.7752
61.1535
70.6207
81.1879
92.8444
105.574
119.367
134.185
149.935
166.527
183.874
202.03
220.905
240.285
260.038
280.059
300.151
320.301
340.456
360.547
380.494
400.236
419.732
438.943
457.828
476.355
494.498
512.235
529.546
546.415
562.831
578.784
594.265
609.27
623.797
637.845
651.413
664.504
677.122
689.269
700.953
712.181
722.96
733.296
743.198
752.676
761.739
770.397
778.659
786.536
794.038
801.175
807.954
814.389
820.493
826.272
831.736
836.895
841.76
846.34
850.645
854.685
858.469
862.006
865.305
868.375
871.225
873.855
876.293
878.539
880.591
882.463
884.163
885.698
887.075
888.302
889.385
890.33
891.145
891.835
892.406
892.865
893.216
893.466
893.62
893.68
893.658
893.566
893.379
893.123
892.801
892.415
891.97
891.468
890.915
890.314
889.667
888.979
888.252
887.489
886.694
885.869
885.017
884.141
883.242
882.323
881.387
880.436
879.47
878.494
877.507
876.512
875.511
874.504
873.494
872.481
871.467
870.453
869.44
868.429
867.42
866.416
865.415
864.419
863.428
862.443
861.464
860.492
859.526
858.567
857.615
856.67
855.732
854.801
853.876
852.958
852.045
851.139
850.238
849.344
848.456
847.569
846.685
845.803
844.923
844.044
843.166
842.288
841.409
840.527
839.642
838.753
837.86
836.961
836.054
835.14
834.217
833.283
832.338
831.38
830.409
829.422
828.419
827.399
826.361
825.303
824.224
823.122
821.998
820.848
819.672
818.47
817.237
815.976
814.684
813.359
812.001
810.608
809.179
807.713
806.208
804.664
803.071
801.433
799.751
798.026
796.256
794.441
792.579
790.669
788.715
786.72
784.676
782.581
780.435
778.237
775.985
773.681
771.322
768.907
766.438
763.913
761.333
758.696
756.004
753.254
750.449
747.586
744.666
741.69
738.657
735.567
732.421
729.219
725.962
722.649
719.281
715.859
712.383
708.854
705.273
701.64
697.955
694.221
690.438
686.606
682.727
678.802
674.832
670.818
666.76
662.661
658.522
654.343
650.127
645.874
641.586
637.264
632.91
628.525
624.11
619.668
615.2
610.707
606.191
601.653
597.095
592.519
587.926
583.318
578.696
574.062
569.418
564.764
560.103
555.437
550.766
546.091
541.416
536.74
532.066
527.394
522.726
518.063
513.407
508.759
504.12
499.49
494.872
490.266
485.673
481.094
476.531
471.983
467.451
462.938
458.442
453.965
449.508
445.071
440.654
436.259
431.886
427.535
423.206
418.9
414.617
410.357
406.12
401.906
397.717
393.551
389.41
385.293
381.2
377.131
373.087
369.066
365.068
361.094
357.144
353.217
349.313
345.432
341.575
337.741
333.931
330.144
326.381
322.642
318.927
315.237
311.57
307.928
304.311
300.719
297.154
293.614
290.103
286.619
283.165
279.741
276.347
272.986
269.657
266.362
263.103
259.879
256.694
253.54
250.486
35.5478
10.423
5.86791
4.62055
4.24288
4.20587
4.35681
4.64008
5.03611
5.54248
6.16661
6.9254
7.84621
8.96587
10.3269
11.9812
13.9963
16.4676
19.5047
23.2203
27.739
33.2111
39.8452
47.7871
57.1555
68.0599
80.6249
94.934
110.942
128.584
147.805
168.528
190.55
213.687
237.777
262.812
288.712
315.089
341.731
368.482
395.109
421.499
447.627
473.418
498.796
523.653
547.943
571.636
594.7
617.102
638.819
659.836
680.144
699.737
718.611
736.767
754.21
770.947
786.984
802.332
816.999
831
844.347
857.054
869.136
880.606
891.482
901.78
911.51
920.696
929.358
937.505
945.155
952.324
959.03
965.289
971.117
976.53
981.542
986.17
990.427
994.319
997.875
1001.12
1004.03
1006.64
1008.97
1011.01
1012.79
1014.32
1015.6
1016.65
1017.48
1018.1
1018.52
1018.74
1018.76
1018.66
1018.38
1017.92
1017.33
1016.59
1015.72
1014.73
1013.62
1012.4
1011.07
1009.65
1008.13
1006.53
1004.85
1003.09
1001.27
999.381
997.432
995.429
993.379
991.28
989.138
986.958
984.744
982.5
980.229
977.934
975.618
973.285
970.936
968.576
966.207
963.831
961.45
959.067
956.684
954.302
951.924
949.552
947.187
944.831
942.485
940.15
937.828
935.521
933.228
930.951
928.692
926.451
924.228
922.025
919.841
917.678
915.536
913.415
911.316
909.238
907.182
905.148
903.136
901.146
899.177
897.23
895.304
893.399
891.515
889.651
887.806
885.981
884.175
882.387
880.617
878.864
877.127
875.404
873.696
872
870.318
868.647
866.987
865.336
863.693
862.058
860.43
858.807
857.189
855.574
853.96
852.347
850.734
849.118
847.5
845.876
844.247
842.61
840.966
839.312
837.648
835.971
834.281
832.576
830.855
829.116
827.359
825.577
823.766
821.93
820.071
818.186
816.274
814.334
812.366
810.368
808.34
806.29
804.209
802.092
799.94
797.751
795.525
793.259
790.954
788.607
786.219
783.788
781.313
778.795
776.233
773.625
770.971
768.271
765.523
762.727
759.884
756.992
754.052
751.063
748.025
744.937
741.801
738.614
735.378
732.093
728.759
725.376
721.944
718.463
714.935
711.358
707.735
704.065
700.348
696.587
692.781
688.931
685.037
681.102
677.125
673.107
669.051
664.955
660.823
656.654
652.45
648.212
643.942
639.64
635.307
630.946
626.558
622.143
617.704
613.242
608.757
604.253
599.729
595.188
590.631
586.059
581.475
576.879
572.273
567.659
563.037
558.41
553.779
549.146
544.511
539.876
535.243
530.612
525.986
521.365
516.75
512.144
507.546
502.959
498.382
493.818
489.267
484.731
480.209
475.704
471.215
466.744
462.291
457.857
453.442
449.048
444.674
440.322
435.991
431.682
427.396
423.133
418.894
414.677
410.484
406.314
402.168
398.046
393.947
389.872
385.821
381.795
377.792
373.813
369.858
365.926
362.017
358.131
354.267
350.426
346.607
342.81
339.035
335.282
331.551
327.842
324.155
320.49
316.847
313.226
309.627
306.051
302.497
298.965
295.457
291.972
288.511
285.075
281.665
278.281
274.925
271.597
268.298
265.029
261.791
258.586
255.414
252.279
249.172
246.165
38.4636
10.6148
6.06672
5.05779
4.9411
5.20554
5.71292
6.42971
7.36721
8.55809
10.0523
11.9259
14.2979
17.3287
21.1856
26.0578
32.1785
39.895
49.5438
61.3733
75.5785
92.3406
111.993
134.443
159.498
186.966
216.673
248.252
281.303
315.49
350.73
386.88
423.244
459.506
495.461
530.833
565.402
599.199
632.147
664.174
695.182
725.107
753.937
781.665
808.285
833.779
858.148
881.405
903.567
924.653
944.682
963.677
981.664
998.67
1014.72
1029.85
1044.07
1057.44
1069.97
1081.69
1092.62
1102.8
1112.26
1121.01
1129.09
1136.53
1143.34
1149.56
1155.18
1160.29
1164.88
1168.95
1172.54
1175.68
1178.38
1180.66
1182.55
1184.05
1185.2
1186.01
1186.49
1186.62
1186.5
1186.14
1185.46
1184.53
1183.37
1181.99
1180.39
1178.59
1176.6
1174.44
1172.11
1169.62
1166.98
1164.21
1161.29
1158.27
1155.14
1151.9
1148.56
1145.13
1141.62
1138.03
1134.37
1130.65
1126.88
1123.05
1119.17
1115.25
1111.3
1107.32
1103.3
1099.27
1095.22
1091.15
1087.07
1082.98
1078.89
1074.8
1070.71
1066.62
1062.54
1058.47
1054.42
1050.38
1046.35
1042.34
1038.36
1034.4
1030.46
1026.55
1022.66
1018.8
1014.98
1011.18
1007.42
1003.69
999.994
996.333
992.708
989.119
985.567
982.053
978.577
975.139
971.739
968.379
965.057
961.775
958.531
955.327
952.161
949.035
945.946
942.896
939.883
936.908
933.97
931.068
928.202
925.371
922.574
919.811
917.081
914.384
911.719
909.085
906.481
903.906
901.359
898.839
896.345
893.876
891.43
889.007
886.606
884.225
881.86
879.515
877.188
874.876
872.578
870.292
868.018
865.754
863.499
861.252
859.01
856.773
854.537
852.296
850.052
847.806
845.558
843.305
841.048
838.785
836.513
834.232
831.941
829.646
827.344
825.027
822.695
820.345
817.976
815.588
813.178
810.746
808.29
805.809
803.302
800.768
798.206
795.614
792.992
790.339
787.654
784.935
782.182
779.394
776.57
773.709
770.812
767.876
764.902
761.889
758.836
755.742
752.608
749.433
746.217
742.959
739.659
736.317
732.933
729.507
726.039
722.528
718.976
715.381
711.745
708.068
704.35
700.591
696.792
692.953
689.076
685.16
681.206
677.215
673.188
669.125
665.028
660.897
656.733
652.537
648.311
644.055
639.77
635.458
631.12
626.756
622.369
617.959
613.527
609.076
604.606
600.118
595.615
591.097
586.565
582.022
577.469
572.906
568.336
563.759
559.178
554.594
550.007
545.42
540.833
536.248
531.667
527.09
522.519
517.954
513.398
508.852
504.316
499.791
495.279
490.78
486.296
481.828
477.376
472.941
468.524
464.126
459.747
455.387
451.049
446.731
442.435
438.161
433.91
429.681
425.475
421.293
417.134
413
408.89
404.804
400.741
396.703
392.689
388.698
384.731
380.789
376.87
372.974
369.103
365.255
361.429
357.627
353.847
350.088
346.351
342.635
338.94
335.266
331.612
327.978
324.365
320.772
317.199
313.647
310.114
306.602
303.109
299.637
296.184
292.752
289.34
285.949
282.579
279.232
275.908
272.607
269.33
266.079
262.854
259.657
256.488
253.348
250.239
247.164
244.114
241.162
42.2016
11.3043
6.90835
6.44698
7.0339
8.17592
9.80332
11.9944
14.9149
18.7801
23.8503
30.4726
39.1816
50.6763
65.4775
83.9859
106.53
133.735
165.783
202.276
242.673
286.487
333.185
381.845
431.707
482.434
533.947
584.833
634.674
683.25
730.269
775.409
818.815
860.448
900.27
938.228
974.275
1008.46
1040.82
1071.4
1100.25
1127.39
1152.87
1176.76
1199.12
1220
1239.44
1257.5
1274.25
1289.74
1304.03
1317.16
1329.19
1340.17
1350.16
1359.16
1367.28
1374.55
1380.99
1386.63
1391.53
1395.71
1399.23
1402.1
1404.36
1406.05
1407.19
1407.82
1407.87
1407.59
1406.88
1405.67
1404.1
1402.15
1399.87
1397.26
1394.35
1391.15
1387.68
1383.96
1380.01
1375.83
1371.44
1366.88
1362.14
1357.22
1352.16
1346.95
1341.61
1336.15
1330.58
1324.91
1319.16
1313.32
1307.4
1301.43
1295.39
1289.3
1283.17
1277
1270.8
1264.57
1258.32
1252.06
1245.79
1239.51
1233.23
1226.95
1220.68
1214.43
1208.19
1201.97
1195.76
1189.59
1183.44
1177.33
1171.24
1165.19
1159.18
1153.21
1147.28
1141.39
1135.55
1129.76
1124.01
1118.31
1112.66
1107.07
1101.53
1096.04
1090.61
1085.23
1079.91
1074.64
1069.43
1064.28
1059.19
1054.16
1049.18
1044.27
1039.41
1034.61
1029.87
1025.19
1020.57
1016.01
1011.51
1007.06
1002.68
998.346
994.073
989.856
985.696
981.59
977.54
973.543
969.6
965.709
961.869
958.081
954.342
950.653
947.011
943.414
939.866
936.363
932.904
929.488
926.114
922.78
919.486
916.23
913.011
909.828
906.678
903.562
900.478
897.423
894.393
891.385
888.401
885.441
882.504
879.589
876.694
873.819
870.961
868.119
865.291
862.477
859.677
856.898
854.129
851.367
848.612
845.86
843.112
840.365
837.618
834.869
832.118
829.362
826.599
823.83
821.052
818.264
815.465
812.653
809.828
806.988
804.131
801.256
798.363
795.45
792.515
789.559
786.58
783.576
780.547
777.493
774.411
771.301
768.162
764.994
761.796
758.567
755.307
752.015
748.689
745.331
741.939
738.513
735.053
731.558
728.029
724.464
720.865
717.23
713.56
709.855
706.114
702.339
698.529
694.685
690.806
686.894
682.949
678.97
674.96
670.918
666.844
662.741
658.608
654.446
650.256
646.038
641.795
637.526
633.233
628.916
624.577
620.217
615.837
611.438
607.021
602.587
598.139
593.675
589.199
584.712
580.214
575.707
571.192
566.671
562.145
557.615
553.083
548.55
544.016
539.485
534.956
530.431
525.911
521.397
516.892
512.395
507.908
503.432
498.968
494.517
490.08
485.659
481.253
476.864
472.494
468.141
463.808
459.495
455.203
450.932
446.682
442.454
438.25
434.068
429.909
425.775
421.664
417.578
413.516
409.478
405.466
401.478
397.515
393.577
389.664
385.775
381.91
378.068
374.251
370.457
366.687
362.94
359.216
355.515
351.837
348.18
344.544
340.93
337.335
333.76
330.205
326.668
323.151
319.652
316.171
312.709
309.266
305.84
302.432
299.042
295.67
292.315
288.978
285.659
282.357
279.073
275.808
272.562
269.336
266.13
262.946
259.784
256.645
253.53
250.441
247.378
244.342
241.338
238.355
235.466
48.6399
12.5393
10.2197
12.3484
16.0116
21.2149
28.4138
38.3789
52.1458
70.7235
94.952
125.588
163.775
210.697
265.649
327.362
394.42
465.858
540.111
615.362
690.618
765.805
838.177
907.214
972.824
1034.84
1092.95
1147.59
1198.84
1246.78
1291.48
1332.96
1371.4
1406.98
1439.84
1470.11
1497.93
1523.41
1546.71
1567.93
1587.18
1604.6
1620.2
1634.21
1646.7
1657.69
1667.28
1675.57
1682.63
1688.54
1693.37
1697.18
1700.03
1701.98
1703.12
1703.33
1702.97
1701.96
1700.17
1697.79
1694.84
1691.36
1687.38
1682.93
1678.04
1672.74
1667.07
1661.05
1654.66
1648.01
1641.09
1633.9
1626.47
1618.82
1610.97
1602.94
1594.75
1586.41
1577.93
1569.33
1560.63
1551.82
1542.93
1533.97
1524.95
1515.87
1506.75
1497.6
1488.41
1479.21
1470
1460.78
1451.57
1442.36
1433.17
1424
1414.85
1405.73
1396.64
1387.6
1378.59
1369.63
1360.72
1351.86
1343.06
1334.31
1325.62
1317
1308.44
1299.96
1291.54
1283.2
1274.92
1266.73
1258.61
1250.57
1242.6
1234.72
1226.91
1219.19
1211.55
1203.99
1196.51
1189.12
1181.81
1174.59
1167.45
1160.39
1153.42
1146.54
1139.74
1133.02
1126.39
1119.84
1113.37
1106.99
1100.7
1094.48
1088.35
1082.3
1076.33
1070.43
1064.62
1058.89
1053.24
1047.66
1042.17
1036.75
1031.4
1026.13
1020.94
1015.81
1010.76
1005.78
1000.87
996.024
991.248
986.539
981.895
977.315
972.797
968.342
963.943
959.6
955.311
951.077
946.899
942.773
938.7
934.679
930.706
926.782
922.905
919.072
915.283
911.537
907.831
904.165
900.545
896.966
893.423
889.913
886.435
882.987
879.567
876.175
872.807
869.464
866.143
862.843
859.561
856.297
853.049
849.815
846.595
843.386
840.187
836.996
833.813
830.635
827.461
824.29
821.119
817.948
814.775
811.599
808.419
805.233
802.04
798.838
795.627
792.405
789.171
785.924
782.662
779.385
776.091
772.78
769.451
766.102
762.733
759.342
755.93
752.495
749.036
745.553
742.045
738.512
734.953
731.368
727.755
724.116
720.448
716.753
713.03
709.278
705.498
701.689
697.852
693.986
690.092
686.169
682.219
678.24
674.234
670.201
666.142
662.056
657.944
653.807
649.646
645.46
641.251
637.02
632.767
628.493
624.199
619.887
615.555
611.207
606.842
602.463
598.069
593.662
589.243
584.813
580.373
575.925
571.47
567.009
562.543
558.073
553.6
549.127
544.653
540.181
535.711
531.245
526.784
522.33
517.882
513.443
509.013
504.594
500.187
495.793
491.412
487.046
482.697
478.363
474.048
469.751
465.473
461.215
456.978
452.763
448.569
444.398
440.25
436.126
432.026
427.949
423.898
419.871
415.869
411.892
407.941
404.016
400.116
396.241
392.393
388.57
384.772
381
377.253
373.53
369.831
366.156
362.504
358.876
355.272
351.69
348.131
344.593
341.077
337.582
334.107
330.652
327.215
323.796
320.396
317.013
313.646
310.297
306.965
303.648
300.348
297.064
293.795
290.542
287.304
284.081
280.873
277.68
274.501
271.338
268.19
265.058
261.944
258.846
255.766
252.705
249.664
246.644
243.646
240.671
237.72
234.797
231.892
229.074
52.9904
25.3085
36.5398
54.961
79.8845
113.465
157.746
215.121
287.62
374.572
473.431
580.988
695.156
813.837
932.231
1047.96
1159.42
1263.12
1358.14
1445.02
1524.11
1595.52
1660.43
1719.22
1772.28
1819.99
1862.63
1900.7
1934.44
1964.44
1990.93
2014.07
2034.19
2051.54
2066.35
2078.82
2089.13
2097.45
2103.93
2108.72
2111.93
2113.76
2113.94
2113.26
2111.48
2108.4
2104.37
2099.44
2093.68
2087.16
2079.93
2072.05
2063.57
2054.54
2045.03
2035.02
2024.61
2013.86
2002.74
1991.29
1979.55
1967.55
1955.31
1942.87
1930.24
1917.44
1904.5
1891.44
1878.26
1865
1851.68
1838.29
1824.87
1811.41
1797.94
1784.46
1770.99
1757.53
1744.09
1730.68
1717.32
1704
1690.73
1677.52
1664.38
1651.31
1638.32
1625.4
1612.58
1599.84
1587.2
1574.66
1562.21
1549.87
1537.64
1525.51
1513.5
1501.59
1489.8
1478.12
1466.57
1455.12
1443.8
1432.59
1421.51
1410.54
1399.7
1388.97
1378.38
1367.91
1357.56
1347.33
1337.23
1327.25
1317.39
1307.66
1298.04
1288.55
1279.18
1269.92
1260.79
1251.78
1242.88
1234.1
1225.44
1216.89
1208.46
1200.15
1191.94
1183.85
1175.88
1168.01
1160.25
1152.6
1145.06
1137.62
1130.29
1123.06
1115.94
1108.92
1101.99
1095.17
1088.44
1081.8
1075.26
1068.81
1062.46
1056.2
1050.03
1043.95
1037.96
1032.05
1026.23
1020.49
1014.84
1009.26
1003.77
998.351
993.011
987.747
982.556
977.437
972.393
967.427
962.529
957.697
952.93
948.225
943.583
938.999
934.475
930.006
925.593
921.233
916.925
912.667
908.457
904.294
900.176
896.101
892.068
888.075
884.121
880.204
876.323
872.475
868.659
864.874
861.118
857.389
853.685
850.004
846.346
842.709
839.091
835.491
831.906
828.337
824.78
821.235
817.7
814.174
810.654
807.14
803.631
800.124
796.618
793.113
789.607
786.099
782.586
779.069
775.546
772.016
768.477
764.929
761.37
757.8
754.218
750.622
747.012
743.387
739.746
736.088
732.413
728.72
725.009
721.278
717.527
713.756
709.965
706.152
702.318
698.462
694.584
690.684
686.763
682.818
678.852
674.863
670.852
666.819
662.764
658.687
654.59
650.471
646.332
642.173
637.994
633.796
629.579
625.345
621.094
616.826
612.542
608.244
603.931
599.605
595.267
590.917
586.557
582.188
577.81
573.424
569.032
564.635
560.233
555.829
551.422
547.014
542.607
538.201
533.798
529.398
525.003
520.614
516.233
511.86
507.496
503.142
498.8
494.471
490.156
485.855
481.569
477.301
473.05
468.817
464.603
460.41
456.237
452.086
447.958
443.852
439.769
435.711
431.677
427.669
423.685
419.728
415.796
411.89
408.01
404.157
400.331
396.531
392.757
389.011
385.29
381.597
377.929
374.288
370.673
367.084
363.52
359.98
356.464
352.972
349.503
346.057
342.633
339.232
335.853
332.495
329.157
325.839
322.54
319.259
315.996
312.749
309.518
306.303
303.103
299.918
296.747
293.591
290.448
287.319
284.204
281.101
278.011
274.934
271.869
268.815
265.773
262.744
259.726
256.722
253.73
250.753
247.79
244.843
241.911
238.997
236.102
233.226
230.37
227.54
224.723
221.983
136.889
185.449
322.194
470.001
627.978
801.419
987.394
1181.79
1379.03
1569.08
1747.64
1908.22
2049.16
2169.82
2272.7
2359.72
2433.02
2495.42
2548.29
2592.59
2629.21
2658.91
2682.65
2701.19
2715.15
2725.08
2731.43
2734.78
2734.67
2733.12
2729.34
2723.16
2715.34
2706.02
2695.35
2683.47
2670.52
2656.6
2641.82
2626.25
2609.99
2593.14
2575.66
2557.74
2539.44
2520.72
2501.64
2482.28
2462.67
2442.85
2422.86
2402.73
2382.49
2362.17
2341.81
2321.4
2300.97
2280.56
2260.17
2239.81
2219.49
2199.24
2179.06
2158.97
2138.98
2119.09
2099.33
2079.69
2060.19
2040.83
2021.62
2002.57
1983.68
1964.96
1946.41
1928.04
1909.84
1891.82
1873.98
1856.33
1838.87
1821.59
1804.5
1787.6
1770.89
1754.37
1738.05
1721.92
1705.99
1690.24
1674.69
1659.34
1644.17
1629.2
1614.41
1599.82
1585.41
1571.19
1557.16
1543.31
1529.64
1516.16
1502.85
1489.72
1476.77
1463.99
1451.39
1438.97
1426.71
1414.62
1402.71
1390.95
1379.37
1367.95
1356.68
1345.58
1334.64
1323.85
1313.22
1302.74
1292.42
1282.24
1272.21
1262.32
1252.58
1242.98
1233.53
1224.21
1215.02
1205.98
1197.06
1188.28
1179.63
1171.1
1162.71
1154.43
1146.28
1138.25
1130.34
1122.55
1114.88
1107.33
1099.89
1092.57
1085.35
1078.24
1071.24
1064.34
1057.54
1050.84
1044.24
1037.74
1031.34
1025.02
1018.81
1012.68
1006.64
1000.68
994.814
989.03
983.327
977.705
972.16
966.692
961.299
955.98
950.733
945.555
940.445
935.402
930.423
925.508
920.653
915.858
911.121
906.44
901.813
897.238
892.714
888.239
883.812
879.43
875.092
870.796
866.541
862.325
858.146
854.002
849.893
845.816
841.769
837.751
833.761
829.796
825.855
821.937
818.04
814.162
810.303
806.459
802.631
798.817
795.014
791.222
787.44
783.665
779.897
776.134
772.375
768.618
764.864
761.109
757.354
753.597
749.836
746.072
742.302
738.526
734.743
730.952
727.152
723.343
719.523
715.692
711.849
707.994
704.126
700.244
696.347
692.437
688.511
684.569
680.612
676.639
672.65
668.644
664.622
660.584
656.529
652.457
648.369
644.265
640.145
636.009
631.857
627.69
623.509
619.313
615.104
610.881
606.645
602.397
598.138
593.868
589.587
585.298
581
576.694
572.381
568.062
563.738
559.41
555.079
550.745
546.411
542.076
537.742
533.41
529.08
524.755
520.435
516.121
511.814
507.515
503.226
498.947
494.68
490.425
486.184
481.957
477.746
473.551
469.374
465.215
461.075
456.955
452.857
448.779
444.725
440.693
436.685
432.702
428.743
424.81
420.903
417.022
413.168
409.342
405.542
401.77
398.026
394.309
390.62
386.959
383.326
379.721
376.143
372.593
369.069
365.573
362.104
358.662
355.246
351.856
348.491
345.15
341.833
338.539
335.268
332.019
328.793
325.588
322.404
319.24
316.095
312.969
309.861
306.769
303.693
300.632
297.585
294.552
291.532
288.525
285.531
282.548
279.577
276.617
273.668
270.73
267.802
264.883
261.974
259.073
256.181
253.297
250.423
247.558
244.703
241.858
239.024
236.202
233.392
230.596
227.814
225.049
222.3
219.572
216.856
214.199
995.723
2051.78
2717.99
3103.31
3350.64
3521.07
3643.35
3730.57
3788.82
3826.22
3847.46
3858.6
3859.99
3856.77
3848.06
3832.84
3812.63
3788.95
3762.42
3733.51
3702.67
3670.32
3636.83
3602.48
3567.49
3532.01
3496.16
3460.15
3423.85
3387.64
3351.52
3315.43
3279.43
3243.6
3207.95
3172.53
3137.34
3102.4
3067.73
3033.32
2999.2
2965.37
2931.81
2898.56
2865.64
2833.03
2800.76
2768.82
2737.22
2705.98
2675.1
2644.58
2614.42
2584.63
2555.21
2526.15
2497.45
2469.12
2441.14
2413.53
2386.27
2359.37
2332.82
2306.63
2280.79
2255.3
2230.17
2205.38
2180.94
2156.85
2133.1
2109.69
2086.62
2063.89
2041.48
2019.4
1997.64
1976.2
1955.07
1934.25
1913.74
1893.54
1873.63
1854.02
1834.71
1815.68
1796.95
1778.49
1760.31
1742.41
1724.78
1707.41
1690.31
1673.47
1656.88
1640.55
1624.46
1608.62
1593.02
1577.66
1562.53
1547.63
1532.98
1518.54
1504.33
1490.34
1476.56
1462.99
1449.63
1436.47
1423.52
1410.76
1398.19
1385.82
1373.64
1361.64
1349.82
1338.19
1326.73
1315.45
1304.34
1293.4
1282.63
1272.03
1261.58
1251.3
1241.17
1231.2
1221.37
1211.7
1202.18
1192.8
1183.57
1174.47
1165.52
1156.7
1148.01
1139.46
1131.03
1122.73
1114.56
1106.51
1098.59
1090.78
1083.09
1075.52
1068.06
1060.71
1053.47
1046.34
1039.31
1032.39
1025.57
1018.85
1012.23
1005.7
999.268
992.928
986.679
980.518
974.444
968.456
962.549
956.725
950.979
945.311
939.719
934.201
928.756
923.381
918.074
912.834
907.659
902.548
897.497
892.507
887.574
882.698
877.876
873.106
868.387
863.717
859.095
854.519
849.986
845.497
841.047
836.637
832.264
827.928
823.625
819.354
815.115
810.904
806.722
802.565
798.434
794.325
790.238
786.172
782.124
778.094
774.079
770.079
766.092
762.117
758.153
754.198
750.251
746.311
742.377
738.447
734.52
730.596
726.674
722.751
718.828
714.903
710.976
707.045
703.11
699.17
695.225
691.273
687.314
683.348
679.373
675.389
671.396
667.394
663.382
659.359
655.326
651.281
647.226
643.16
639.082
634.993
630.893
626.781
622.659
618.525
614.38
610.226
606.06
601.886
597.701
593.508
589.306
585.096
580.878
576.653
572.422
568.186
563.944
559.698
555.449
551.197
546.944
542.689
538.434
534.18
529.928
525.678
521.432
517.19
512.954
508.724
504.502
500.288
496.084
491.89
487.708
483.538
479.381
475.239
471.112
467.002
462.909
458.834
454.779
450.743
446.728
442.735
438.764
434.816
430.892
426.993
423.119
419.27
415.448
411.653
407.886
404.145
400.434
396.75
393.096
389.47
385.874
382.306
378.767
375.258
371.777
368.326
364.903
361.509
358.144
354.806
351.496
348.214
344.959
341.731
338.53
335.354
332.203
329.076
325.973
322.892
319.833
316.797
313.782
310.787
307.813
304.857
301.92
298.999
296.095
293.206
290.331
287.47
284.62
281.783
278.956
276.14
273.335
270.539
267.753
264.975
262.206
259.444
256.69
253.943
251.202
248.466
245.736
243.011
240.292
237.579
234.872
232.171
229.478
226.793
224.116
221.449
218.793
216.149
213.517
210.902
208.298
205.731
9878.33
7523.69
6403.01
5778.84
5412.65
5208.05
5088.98
5013.77
4955.96
4903.05
4848.24
4790.24
4728.77
4665.06
4600.61
4534.94
4469.22
4404.15
4340.07
4276.68
4214.2
4152.71
4092.28
4032.95
3974.73
3917.63
3861.58
3806.63
3752.71
3699.78
3647.86
3596.96
3547.01
3497.99
3449.85
3402.59
3356.18
3310.59
3265.8
3221.77
3178.49
3135.94
3094.11
3052.97
3012.53
2972.77
2933.68
2895.25
2857.47
2820.34
2783.84
2747.97
2712.7
2678.04
2643.96
2610.46
2577.53
2545.14
2513.29
2481.98
2451.19
2420.91
2391.14
2361.87
2333.09
2304.79
2276.97
2249.62
2222.74
2196.3
2170.32
2144.77
2119.66
2094.96
2070.68
2046.81
2023.33
2000.24
1977.54
1955.22
1933.27
1911.68
1890.46
1869.58
1849.05
1828.86
1809.01
1789.49
1770.28
1751.4
1732.82
1714.55
1696.58
1678.9
1661.51
1644.4
1627.57
1611.01
1594.72
1578.69
1562.92
1547.4
1532.14
1517.12
1502.33
1487.79
1473.48
1459.4
1445.54
1431.9
1418.48
1405.27
1392.27
1379.47
1366.87
1354.47
1342.27
1330.25
1318.43
1306.79
1295.33
1284.05
1272.94
1262
1251.24
1240.64
1230.2
1219.93
1209.81
1199.85
1190.04
1180.38
1170.87
1161.5
1152.28
1143.2
1134.25
1125.44
1116.76
1108.21
1099.79
1091.5
1083.32
1075.28
1067.35
1059.54
1051.84
1044.26
1036.79
1029.42
1022.17
1015.02
1007.97
1001.03
994.181
987.432
980.778
974.218
967.749
961.37
955.079
948.874
942.753
936.714
930.755
924.875
919.071
913.343
907.688
902.104
896.589
891.142
885.762
880.445
875.191
869.998
864.864
859.787
854.766
849.798
844.883
840.018
835.202
830.433
825.71
821.03
816.393
811.796
807.239
802.719
798.235
793.785
789.369
784.983
780.627
776.3
772
767.725
763.474
759.245
755.038
750.851
746.683
742.532
738.396
734.276
730.169
726.075
721.991
717.918
713.854
709.797
705.747
701.704
697.665
693.63
689.598
685.568
681.54
677.512
673.483
669.454
665.424
661.391
657.355
653.316
649.274
645.227
641.175
637.118
633.056
628.988
624.914
620.834
616.748
612.655
608.556
604.451
600.339
596.221
592.096
587.966
583.83
579.689
575.542
571.391
567.235
563.076
558.913
554.746
550.578
546.407
542.236
538.063
533.891
529.72
525.55
521.382
517.218
513.057
508.902
504.751
500.608
496.471
492.343
488.224
484.115
480.017
475.931
471.858
467.799
463.755
459.726
455.713
451.718
447.742
443.785
439.848
435.932
432.038
428.166
424.318
420.494
416.695
412.921
409.174
405.453
401.76
398.095
394.459
390.851
387.272
383.724
380.205
376.716
373.258
369.831
366.434
363.068
359.733
356.428
353.153
349.908
346.694
343.51
340.354
337.229
334.131
331.062
328.022
325.008
322.022
319.063
316.129
313.219
310.334
307.471
304.63
301.812
299.014
296.238
293.481
290.743
288.023
285.319
282.632
279.959
277.3
274.653
272.017
269.392
266.776
264.17
261.572
258.982
256.4
253.824
251.254
248.69
246.131
243.577
241.027
238.479
235.934
233.39
230.849
228.309
225.771
223.236
220.703
218.173
215.647
213.126
210.61
208.1
205.598
203.104
200.622
198.151
195.686
4467.45
4298.16
4150.06
4026.92
3937.71
3883.85
3858.93
3861.23
3870.64
3893.83
3920.64
3947.2
3970.15
3986.89
3998.36
3999.39
3995.8
3985.83
3970.7
3948.51
3922.11
3892.1
3859.07
3823.58
3786.09
3747.04
3706.7
3665.45
3623.47
3580.82
3537.92
3495.08
3452.09
3409.14
3366.32
3323.72
3281.41
3239.41
3197.76
3156.5
3115.64
3075.21
3035.24
2995.73
2956.73
2918.23
2880.23
2842.79
2805.9
2769.55
2733.76
2698.52
2663.83
2629.68
2596.08
2563.01
2530.48
2498.46
2466.96
2435.97
2405.49
2375.51
2346.02
2317.02
2288.51
2260.48
2232.91
2205.82
2179.18
2153
2127.26
2101.96
2077.09
2052.64
2028.61
2004.98
1981.74
1958.9
1936.45
1914.37
1892.66
1871.32
1850.34
1829.71
1809.42
1789.48
1769.87
1750.58
1731.62
1712.97
1694.63
1676.59
1658.85
1641.4
1624.24
1607.35
1590.74
1574.4
1558.32
1542.51
1526.95
1511.64
1496.57
1481.75
1467.16
1452.81
1438.68
1424.78
1411.09
1397.63
1384.37
1371.32
1358.48
1345.83
1333.39
1321.13
1309.07
1297.19
1285.49
1273.97
1262.63
1251.47
1240.47
1229.64
1218.98
1208.47
1198.13
1187.94
1177.9
1168.02
1158.28
1148.68
1139.23
1129.92
1120.75
1111.71
1102.8
1094.03
1085.38
1076.86
1068.47
1060.19
1052.04
1044
1036.08
1028.27
1020.57
1012.98
1005.5
998.118
990.844
983.672
976.598
969.623
962.743
955.956
949.262
942.658
936.142
929.713
923.369
917.107
910.927
904.826
898.803
892.855
886.982
881.182
875.452
869.791
864.198
858.67
853.207
847.806
842.466
837.185
831.962
826.795
821.682
816.621
811.612
806.653
801.741
796.876
792.056
787.279
782.544
777.85
773.195
768.577
763.995
759.448
754.934
750.451
746
741.577
737.182
732.813
728.47
724.15
719.853
715.577
711.321
707.084
702.865
698.663
694.476
690.303
686.144
681.997
677.862
673.737
669.621
665.514
661.415
657.323
653.236
649.155
645.078
641.006
636.936
632.869
628.804
624.741
620.678
616.617
612.555
608.493
604.43
600.366
596.302
592.235
588.167
584.098
580.027
575.954
571.879
567.802
563.723
559.643
555.562
551.479
547.396
543.312
539.227
535.143
531.059
526.977
522.895
518.816
514.739
510.665
506.595
502.529
498.468
494.413
490.364
486.323
482.289
478.264
474.249
470.244
466.25
462.268
458.298
454.343
450.402
446.476
442.567
438.674
434.8
430.945
427.109
423.294
419.5
415.729
411.98
408.256
404.556
400.881
397.232
393.61
390.015
386.448
382.91
379.4
375.921
372.471
369.052
365.664
362.307
358.982
355.688
352.427
349.197
346.001
342.836
339.704
336.604
333.536
330.499
327.494
324.52
321.577
318.664
315.782
312.93
310.106
307.312
304.545
301.807
299.096
296.411
293.752
291.116
288.504
285.915
283.347
280.8
278.274
275.767
273.28
270.81
268.358
265.92
263.497
261.087
258.689
256.301
253.922
251.552
249.189
246.833
244.484
242.14
239.801
237.466
235.134
232.805
230.479
228.155
225.831
223.506
221.18
218.852
216.521
214.189
211.854
209.518
207.18
204.841
202.5
200.16
197.82
195.482
193.147
190.816
188.49
186.177
183.827
2222.91
2204.06
2186.65
2170.75
2157.77
2151.96
2153.77
2163.15
2177.26
2202.82
2235.68
2275.43
2320.77
2370.39
2423.07
2476.95
2530.97
2583.56
2633.58
2679.89
2721.82
2758.87
2790.77
2817.42
2838.84
2855.32
2866.88
2874.35
2877.17
2876.12
2872.47
2866.85
2857.28
2845.53
2831.79
2816.29
2799.17
2780.56
2760.63
2739.52
2717.42
2694.43
2670.74
2646.39
2621.64
2596.36
2570.8
2545.15
2519.33
2493.41
2467.45
2441.5
2415.6
2389.79
2364.08
2338.5
2313.05
2287.77
2262.67
2237.77
2213.07
2188.61
2164.38
2140.4
2116.69
2093.24
2070.07
2047.18
2024.58
2002.27
1980.25
1958.53
1937.09
1915.95
1895.09
1874.52
1854.23
1834.23
1814.51
1795.07
1775.91
1757.02
1738.41
1720.07
1701.99
1684.19
1666.64
1649.36
1632.33
1615.56
1599.03
1582.74
1566.7
1550.9
1535.33
1519.99
1504.88
1489.99
1475.32
1460.87
1446.63
1432.61
1418.78
1405.17
1391.75
1378.53
1365.51
1352.67
1340.03
1327.56
1315.28
1303.18
1291.25
1279.5
1267.92
1256.5
1245.25
1234.15
1223.22
1212.45
1201.82
1191.35
1181.03
1170.86
1160.82
1150.93
1141.18
1131.57
1122.09
1112.74
1103.52
1094.44
1085.47
1076.63
1067.92
1059.32
1050.84
1042.47
1034.23
1026.09
1018.06
1010.14
1002.33
994.622
987.018
979.514
972.11
964.804
957.594
950.478
943.455
936.523
929.68
922.925
916.257
909.673
903.172
896.753
890.413
884.152
877.968
871.859
865.823
859.86
853.968
848.144
842.388
836.699
831.074
825.512
820.012
814.572
809.192
803.868
798.6
793.387
788.228
783.119
778.061
773.052
768.091
763.175
758.304
753.477
748.691
743.946
739.241
734.573
729.943
725.348
720.787
716.259
711.762
707.297
702.86
698.452
694.07
689.714
685.383
681.075
676.79
672.526
668.282
664.057
659.851
655.662
651.489
647.331
643.188
639.059
634.942
630.837
626.743
622.659
618.584
614.519
610.462
606.412
602.369
598.332
594.301
590.276
586.255
582.239
578.227
574.218
570.213
566.211
562.211
558.214
554.219
550.226
546.236
542.247
538.261
534.276
530.294
526.314
522.336
518.361
514.388
510.419
506.452
502.49
498.531
494.577
490.627
486.683
482.744
478.812
474.887
470.969
467.058
463.157
459.265
455.382
451.511
447.651
443.802
439.967
436.145
432.338
428.546
424.77
421.01
417.268
413.544
409.84
406.155
402.491
398.849
395.229
391.632
388.058
384.51
380.987
377.489
374.019
370.576
367.161
363.775
360.418
357.091
353.794
350.527
347.292
344.089
340.918
337.78
334.674
331.601
328.561
325.554
322.581
319.641
316.735
313.862
311.023
308.216
305.442
302.7
299.99
297.312
294.665
292.049
289.463
286.907
284.381
281.883
279.413
276.971
274.556
272.166
269.802
267.46
265.141
262.843
260.566
258.31
256.073
253.856
251.656
249.472
247.304
245.15
243.008
240.878
238.757
236.644
234.539
232.439
230.345
228.256
226.171
224.089
222.009
219.93
217.853
215.775
213.697
211.618
209.537
207.45
205.359
203.261
201.158
199.048
196.933
194.811
192.683
190.549
188.41
186.265
184.117
181.965
179.811
177.658
175.5
173.366
171.135
926.269
929.987
933.516
936.764
939.726
943.016
947.127
952.573
959.513
968.675
980.319
994.849
1012.46
1033.37
1057.64
1085.35
1116.28
1150.48
1187.79
1227.84
1270.27
1314.58
1360.3
1406.85
1453.73
1500.37
1546.26
1590.92
1633.97
1674.91
1713.59
1749.77
1783.25
1813.84
1841.49
1866.07
1887.28
1905.34
1920.47
1932.9
1942.85
1950.47
1956.04
1959.62
1961.54
1961.25
1960.2
1958.11
1954.32
1949.44
1943.54
1936.77
1929.16
1920.75
1911.58
1901.73
1891.24
1880.2
1868.65
1856.67
1844.31
1831.61
1818.63
1805.4
1791.98
1778.39
1764.63
1750.77
1736.88
1722.91
1708.89
1694.84
1680.77
1666.7
1652.62
1638.57
1624.55
1610.57
1596.63
1582.76
1568.96
1555.24
1541.6
1528.05
1514.6
1501.26
1488.02
1474.88
1461.87
1448.96
1436.17
1423.5
1410.95
1398.52
1386.21
1374.03
1361.96
1350.03
1338.21
1326.52
1314.96
1303.51
1292.2
1281.01
1269.94
1259
1248.18
1237.48
1226.91
1216.45
1206.11
1195.9
1185.8
1175.82
1165.95
1156.2
1146.57
1137.04
1127.63
1118.33
1109.14
1100.06
1091.08
1082.21
1073.45
1064.79
1056.23
1047.77
1039.41
1031.15
1022.99
1014.93
1006.96
999.081
991.298
983.607
976.006
968.495
961.071
953.735
946.484
939.319
932.236
925.236
918.317
911.478
904.718
898.035
891.429
884.898
878.442
872.059
865.748
859.508
853.337
847.236
841.201
835.234
829.331
823.493
817.718
812.005
806.352
800.759
795.225
789.748
784.327
778.961
773.65
768.391
763.184
758.028
752.921
747.862
742.851
737.886
732.966
728.09
723.256
718.465
713.714
709.003
704.329
699.694
695.094
690.53
686
681.503
677.038
672.605
668.201
663.826
659.479
655.159
650.866
646.597
642.353
638.131
633.932
629.754
625.597
621.459
617.34
613.239
609.156
605.088
601.036
596.999
592.976
588.966
584.969
580.984
577.01
573.047
569.094
565.151
561.217
557.292
553.374
549.465
545.562
541.667
537.779
533.897
530.021
526.15
522.286
518.426
514.572
510.723
506.879
503.039
499.205
495.375
491.551
487.732
483.918
480.109
476.306
472.508
468.717
464.932
461.153
457.382
453.618
449.862
446.115
442.376
438.647
434.927
431.217
427.519
423.832
420.157
416.495
412.846
409.212
405.592
401.987
398.399
394.828
391.274
387.739
384.223
380.726
377.251
373.796
370.363
366.953
363.567
360.205
356.868
353.556
350.271
347.012
343.782
340.579
337.406
334.261
331.147
328.063
325.011
321.989
319
316.042
313.118
310.226
307.368
304.543
301.752
298.994
296.271
293.581
290.925
288.304
285.716
283.163
280.642
278.154
275.699
273.276
270.885
268.525
266.197
263.899
261.63
259.391
257.181
254.999
252.845
250.718
248.616
246.539
244.486
242.455
240.444
238.454
236.484
234.533
232.601
230.687
228.789
226.906
225.037
223.18
221.333
219.496
217.666
215.842
214.023
212.207
210.395
208.585
206.777
204.97
203.162
201.353
199.543
197.73
195.913
194.093
192.267
190.433
188.589
186.736
184.872
182.999
181.116
179.223
177.318
175.403
173.477
171.542
169.598
167.647
165.688
163.726
161.749
159.81
157.706
320.101
323.271
326.351
329.393
332.361
335.314
338.305
341.411
344.677
348.196
352.053
356.358
361.217
366.754
373.084
380.337
388.628
398.082
408.813
420.933
434.529
449.685
466.444
484.854
504.904
526.597
549.858
574.64
600.81
628.269
656.829
686.363
716.632
747.484
778.692
810.093
841.867
873.719
905.383
936.604
967.185
996.902
1025.64
1053.19
1079.54
1104.48
1128.04
1150.18
1170.86
1190.07
1207.73
1224
1238.58
1251.51
1262.95
1273.01
1281.78
1289.37
1295.86
1301.32
1305.83
1309.44
1312.24
1314.23
1315.55
1316.11
1315.96
1315.39
1314.45
1312.76
1310.58
1307.91
1304.79
1301.25
1297.32
1293.02
1288.4
1283.47
1278.26
1272.81
1267.13
1261.23
1255.16
1248.91
1242.51
1235.97
1229.31
1222.54
1215.67
1208.7
1201.62
1194.49
1187.3
1180.04
1172.73
1165.38
1157.99
1150.57
1143.13
1135.67
1128.2
1120.73
1113.26
1105.79
1098.33
1090.88
1083.45
1076.04
1068.64
1061.27
1053.93
1046.61
1039.32
1032.07
1024.84
1017.65
1010.51
1003.4
996.325
989.296
982.309
975.366
968.467
961.613
954.805
948.044
941.33
934.663
928.045
921.475
914.953
908.481
902.058
895.683
889.359
883.084
876.859
870.683
864.558
858.482
852.456
846.479
840.551
834.673
828.844
823.063
817.331
811.647
806.011
800.422
794.881
789.387
783.939
778.538
773.182
767.871
762.605
757.384
752.207
747.073
741.982
736.934
731.927
726.962
722.037
717.152
712.307
707.501
702.733
698.003
693.309
688.652
684.031
679.445
674.893
670.376
665.891
661.438
657.017
652.627
648.267
643.937
639.635
635.362
631.115
626.896
622.703
618.534
614.391
610.271
606.175
602.101
598.049
594.018
590.008
586.017
582.045
578.092
574.157
570.239
566.337
562.452
558.582
554.726
550.885
547.058
543.243
539.442
535.652
531.874
528.108
524.352
520.606
516.871
513.144
509.427
505.719
502.018
498.327
494.643
490.967
487.298
483.637
479.983
476.336
472.695
469.062
465.435
461.814
458.2
454.593
450.992
447.398
443.811
440.231
436.658
433.093
429.535
425.985
422.443
418.909
415.384
411.869
408.363
404.867
401.381
397.907
394.443
390.992
387.553
384.127
380.714
377.316
373.932
370.563
367.211
363.875
360.556
357.255
353.973
350.71
347.467
344.245
341.043
337.864
334.707
331.573
328.464
325.378
322.319
319.285
316.277
313.297
310.345
307.421
304.525
301.66
298.824
296.019
293.245
290.501
287.79
285.111
282.464
279.85
277.269
274.721
272.206
269.726
267.279
264.865
262.486
260.14
257.828
255.55
253.305
251.094
248.914
246.767
244.652
242.568
240.514
238.492
236.499
234.536
232.601
230.695
228.817
226.966
225.142
223.344
221.569
219.818
218.089
216.378
214.688
213.017
211.365
209.73
208.114
206.514
204.927
203.354
201.794
200.243
198.701
197.166
195.636
194.109
192.586
191.063
189.542
188.019
186.498
184.974
183.448
181.918
180.383
178.844
177.299
175.747
174.186
172.613
171.028
169.429
167.816
166.19
164.55
162.895
161.225
159.539
157.839
156.125
154.397
152.657
150.904
149.147
147.36
145.634
143.66
128.971
129.668
130.364
131.08
131.811
132.562
133.336
134.139
134.974
135.852
136.783
137.779
138.852
140.025
141.313
142.746
144.346
146.15
148.184
150.491
153.1
156.061
159.404
163.186
167.434
172.211
177.538
183.478
190.048
197.308
205.267
213.976
223.439
233.687
244.733
256.593
269.271
282.78
297.098
312.207
328.066
344.627
361.837
379.622
397.924
416.642
435.725
455.047
474.582
494.149
513.815
533.272
552.789
572.303
591.685
610.823
629.624
648.002
665.893
683.232
699.982
716.091
731.546
746.307
760.374
773.739
786.358
798.236
809.419
819.72
829.214
837.959
846.003
853.386
860.145
866.312
871.915
876.983
881.541
885.613
889.223
892.391
895.147
897.501
899.486
901.103
902.371
903.273
903.869
904.087
904
903.691
903.15
902.277
901.173
899.846
898.309
896.574
894.652
892.557
890.298
887.886
885.331
882.641
879.822
876.881
873.822
870.656
867.383
864.018
860.555
857.017
853.386
849.699
845.926
842.094
838.215
834.278
830.29
826.257
822.182
818.069
813.922
809.744
805.537
801.305
797.049
792.773
788.478
784.167
779.842
775.504
771.158
766.802
762.443
758.076
753.709
749.34
744.972
740.606
736.244
731.885
727.532
723.185
718.846
714.515
710.193
705.881
701.58
697.291
693.013
688.75
684.498
680.262
676.039
671.832
667.64
663.464
659.305
655.162
651.035
646.926
642.833
638.758
634.7
630.66
626.637
622.633
618.645
614.676
610.724
606.789
602.872
598.973
595.091
591.226
587.378
583.547
579.733
575.935
572.154
568.388
564.638
560.904
557.185
553.481
549.793
546.118
542.458
538.812
535.18
531.561
527.955
524.362
520.781
517.213
513.656
510.11
506.576
503.053
499.54
496.038
492.546
489.063
485.59
482.127
478.672
475.226
471.789
468.359
464.938
461.525
458.12
454.722
451.331
447.947
444.57
441.2
437.837
434.481
431.132
427.789
424.454
421.124
417.801
414.485
411.175
407.873
404.577
401.287
398.005
394.731
391.463
388.203
384.952
381.708
378.473
375.246
372.029
368.82
365.622
362.434
359.256
356.089
352.934
349.791
346.66
343.542
340.437
337.347
334.271
331.209
328.164
325.135
322.122
319.127
316.15
313.191
310.252
307.332
304.433
301.555
298.698
295.864
293.053
290.265
287.501
284.763
282.049
279.361
276.7
274.066
271.46
268.881
266.332
263.811
261.32
258.859
256.428
254.028
251.659
249.321
247.015
244.741
242.499
240.29
238.113
235.969
233.857
231.778
229.732
227.718
225.737
223.789
221.872
219.989
218.136
216.314
214.523
212.761
211.03
209.327
207.655
206.009
204.392
202.8
201.236
199.699
198.188
196.703
195.241
193.8
192.38
190.98
189.596
188.231
186.883
185.553
184.24
182.943
181.661
180.39
179.131
177.883
176.64
175.406
174.177
172.951
171.726
170.501
169.274
168.047
166.817
165.586
164.35
163.108
161.86
160.604
159.344
158.074
156.797
155.506
154.2
152.878
151.54
150.185
148.812
147.422
146.013
144.583
143.135
141.667
140.183
138.68
137.161
135.621
134.079
132.49
130.991
129.152
71.0231
71.0511
71.0789
71.1102
71.147
71.1908
71.2428
71.2906
71.3882
71.4496
71.5988
71.6817
71.8398
71.963
72.1323
72.3228
72.5476
72.8104
73.1128
73.4648
73.8708
74.3428
74.8843
75.5093
76.2248
77.0439
77.9757
79.0379
80.2383
81.5956
83.1189
84.8265
86.73
88.8466
91.1893
93.7773
96.6234
99.7505
103.171
106.906
110.969
115.378
120.142
125.279
130.796
136.703
143.007
149.712
156.823
164.329
172.246
180.561
189.276
198.391
207.896
217.777
228.011
238.576
249.44
260.575
271.943
283.515
295.246
307.11
319.056
331.064
343.077
355.088
367.018
379.009
390.992
402.908
414.708
426.348
437.793
449.01
459.975
470.661
481.053
491.13
500.884
510.301
519.369
528.065
536.412
544.349
551.845
558.924
565.615
571.931
577.881
583.489
588.772
593.727
598.368
602.706
606.748
610.506
613.988
617.209
620.169
622.884
625.357
627.587
629.578
631.337
632.871
634.192
635.303
636.221
636.94
637.493
637.846
638.079
638.073
637.983
637.764
637.367
636.84
636.188
635.417
634.529
633.528
632.419
631.205
629.891
628.481
626.979
625.39
623.716
621.963
620.133
618.233
616.26
614.227
612.125
609.973
607.759
605.497
603.184
600.822
598.414
595.962
593.47
590.938
588.37
585.767
583.131
580.464
577.768
575.043
572.295
569.519
566.725
563.905
561.069
558.213
555.341
552.454
549.551
546.635
543.705
540.765
537.813
534.852
531.882
528.903
525.918
522.925
519.927
516.923
513.915
510.903
507.887
504.868
501.847
498.824
495.799
492.772
489.745
486.717
483.689
480.661
477.633
474.605
471.579
468.554
465.53
462.508
459.487
456.469
453.452
450.437
447.424
444.413
441.405
438.399
435.396
432.395
429.397
426.402
423.409
420.419
417.433
414.449
411.469
408.491
405.517
402.546
399.579
396.615
393.654
390.697
387.744
384.794
381.848
378.904
375.967
373.032
370.103
367.177
364.256
361.34
358.428
355.521
352.619
349.723
346.833
343.948
341.07
338.197
335.331
332.472
329.621
326.777
323.941
321.113
318.294
315.484
312.683
309.893
307.112
304.343
301.585
298.838
296.104
293.383
290.675
287.98
285.3
282.635
279.985
277.351
274.733
272.133
269.55
266.985
264.439
261.913
259.406
256.92
254.454
252.01
249.589
247.19
244.814
242.462
240.134
237.831
235.553
233.302
231.077
228.878
226.707
224.564
222.449
220.362
218.304
216.275
214.275
212.305
210.365
208.455
206.575
204.725
202.906
201.118
199.361
197.634
195.938
194.272
192.637
191.033
189.459
187.914
186.401
184.915
183.457
182.027
180.625
179.25
177.902
176.582
175.285
174.015
172.768
171.548
170.353
169.183
168.036
166.908
165.799
164.707
163.628
162.567
161.523
160.496
159.485
158.49
157.507
156.537
155.578
154.63
153.687
152.751
151.82
150.894
149.969
149.043
148.114
147.18
146.241
145.301
144.358
143.406
142.445
141.475
140.496
139.511
138.516
137.512
136.49
135.452
134.394
133.318
132.221
131.103
129.965
128.803
127.616
126.408
125.177
123.926
122.652
121.359
120.039
118.718
117.33
116.072
114.37
48.2158
48.1226
48.0237
47.9271
47.832
47.7388
47.648
47.5597
47.4757
47.3948
47.3212
47.251
47.1872
47.1282
47.0744
47.028
46.9878
46.9586
46.9361
46.9294
46.938
46.9574
46.9977
47.0386
47.1198
47.2055
47.3286
47.4804
47.6647
47.8848
48.1437
48.4463
48.7946
49.1946
49.6489
50.1647
50.7451
51.3966
52.1229
52.9311
53.825
54.8123
55.8968
57.0864
58.3851
59.8009
61.3384
63.0041
64.8047
66.7455
68.8336
71.076
73.4791
76.0511
78.7985
81.7292
84.8483
88.1634
91.6771
95.3965
99.3213
103.458
107.804
112.365
117.134
122.115
127.303
132.702
138.303
144.109
150.116
156.318
162.706
169.27
175.995
182.868
189.873
196.996
204.217
211.524
218.894
226.318
233.767
241.244
248.698
256.166
263.676
271.194
278.692
286.144
293.53
300.832
308.033
315.119
322.078
328.898
335.568
342.082
348.426
354.594
360.57
366.372
371.949
377.291
382.41
387.317
392.016
396.514
400.813
404.921
408.834
412.565
416.105
419.472
422.654
425.665
428.511
431.189
433.703
436.056
438.248
440.279
442.151
443.869
445.437
446.858
448.138
449.28
450.29
451.17
451.927
452.562
453.083
453.487
453.791
453.975
454.084
454.066
453.98
453.785
453.496
453.121
452.662
452.121
451.5
450.803
450.031
449.188
448.275
447.297
446.252
445.15
443.982
442.767
441.484
440.163
438.785
437.361
435.888
434.369
432.807
431.203
429.558
427.876
426.155
424.4
422.609
420.788
418.932
417.049
415.134
413.193
411.227
409.235
407.218
405.178
403.116
401.032
398.927
396.804
394.662
392.502
390.325
388.132
385.924
383.702
381.466
379.216
376.955
374.681
372.395
370.099
367.792
365.476
363.15
360.815
358.473
356.122
353.765
351.4
349.029
346.652
344.269
341.881
339.489
337.093
334.693
332.289
329.882
327.472
325.06
322.646
320.229
317.811
315.393
312.972
310.552
308.133
305.712
303.292
300.873
298.456
296.039
293.625
291.212
288.803
286.396
283.994
281.594
279.198
276.807
274.421
272.04
269.665
267.296
264.933
262.578
260.23
257.89
255.558
253.235
250.921
248.618
246.325
244.043
241.773
239.514
237.268
235.034
232.814
230.608
228.416
226.24
224.079
221.934
219.805
217.694
215.6
213.525
211.468
209.431
207.413
205.415
203.438
201.482
199.547
197.635
195.746
193.88
192.037
190.219
188.425
186.656
184.912
183.194
181.501
179.835
178.195
176.581
174.994
173.434
171.901
170.396
168.919
167.468
166.046
164.651
163.284
161.945
160.633
159.348
158.092
156.862
155.66
154.484
153.336
152.211
151.111
150.036
148.987
147.962
146.961
145.979
145.02
144.085
143.176
142.291
141.428
140.589
139.767
138.96
138.171
137.392
136.621
135.868
135.13
134.408
133.703
133.012
132.328
131.656
130.993
130.343
129.691
129.048
128.408
127.774
127.14
126.499
125.855
125.198
124.537
123.871
123.201
122.521
121.826
121.123
120.406
119.686
118.957
118.217
117.457
116.68
115.881
115.062
114.217
113.348
112.457
111.538
110.591
109.62
108.626
107.607
106.561
105.494
104.393
103.296
102.112
101.1
99.5377
36.5594
36.4826
36.3948
36.3061
36.216
36.1246
36.0324
35.9398
35.8472
35.7549
35.6633
35.5727
35.4833
35.3955
35.309
35.2246
35.1419
35.0619
34.9842
34.9096
34.8387
34.7718
34.7094
34.6509
34.599
34.5517
34.512
34.4793
34.4564
34.4411
34.4439
34.455
34.4819
34.515
34.5709
34.6455
34.7388
34.8536
34.9898
35.1507
35.3372
35.5511
35.7935
36.0671
36.3735
36.7153
37.0928
37.508
37.9633
38.461
39.0034
39.5926
40.2307
40.9206
41.6644
42.4652
43.3253
44.2479
45.2356
46.2917
47.4185
48.6198
49.8972
51.2542
52.6932
54.2173
55.8288
57.5315
59.3282
61.2224
63.2172
65.3162
67.5218
69.8372
72.2633
74.8031
77.4562
80.2252
83.1081
86.1071
89.219
92.4444
95.7816
99.232
102.792
106.459
110.234
114.116
118.1
122.182
126.355
130.613
134.95
139.356
143.826
148.349
152.92
157.526
162.167
166.821
171.498
176.161
180.847
185.564
190.291
195.015
199.723
204.403
209.046
213.643
218.185
222.667
227.078
231.417
235.675
239.843
243.919
247.896
251.774
255.541
259.176
262.684
266.071
269.338
272.487
275.521
278.439
281.242
283.932
286.507
288.971
291.323
293.566
295.698
297.725
299.641
301.456
303.163
304.767
306.264
307.656
308.945
310.132
311.221
312.213
313.11
313.916
314.632
315.26
315.804
316.263
316.646
316.941
317.175
317.308
317.417
317.413
317.356
317.222
317.023
316.76
316.436
316.05
315.606
315.103
314.546
313.931
313.269
312.549
311.788
310.969
310.114
309.214
308.268
307.279
306.249
305.179
304.073
302.928
301.75
300.536
299.29
298.012
296.703
295.365
293.999
292.605
291.185
289.739
288.268
286.772
285.255
283.714
282.153
280.572
278.972
277.353
275.716
274.062
272.392
270.706
269.006
267.292
265.564
263.825
262.074
260.312
258.539
256.756
254.964
253.163
251.354
249.537
247.713
245.883
244.044
242.204
240.357
238.507
236.653
234.795
232.934
231.068
229.203
227.337
225.47
223.604
221.737
219.871
218.005
216.141
214.28
212.422
210.567
208.716
206.869
205.027
203.189
201.358
199.533
197.715
195.905
194.103
192.31
190.526
188.751
186.986
185.231
183.487
181.755
180.034
178.326
176.631
174.95
173.282
171.629
169.991
168.368
166.761
165.17
163.596
162.039
160.5
158.979
157.476
155.993
154.529
153.085
151.661
150.259
148.877
147.517
146.178
144.862
143.567
142.295
141.045
139.819
138.615
137.434
136.276
135.142
134.032
132.946
131.883
130.844
129.829
128.838
127.87
126.926
126.006
125.109
124.237
123.386
122.558
121.751
120.966
120.203
119.462
118.742
118.044
117.364
116.696
116.052
115.429
114.832
114.257
113.701
113.167
112.645
112.133
111.635
111.144
110.655
110.178
109.72
109.275
108.85
108.433
108.019
107.622
107.228
106.848
106.461
106.087
105.723
105.36
104.995
104.614
104.23
103.821
103.417
102.999
102.581
102.147
101.694
101.236
100.755
100.277
99.7989
99.3025
98.7904
98.2582
97.7038
97.1228
96.5171
95.8842
95.2255
94.5368
93.82
93.0793
92.3138
91.521
90.6962
89.8475
88.962
88.0841
87.1061
86.3304
84.9141
29.5257
29.4746
29.414
29.3517
29.2872
29.2207
29.1523
29.0823
29.0111
28.9388
28.8656
28.7918
28.7175
28.643
28.5684
28.4937
28.4192
28.345
28.2711
28.1979
28.1253
28.0537
27.9832
27.9139
27.8462
27.7799
27.7158
27.6536
27.5943
27.5373
27.4841
27.4348
27.3895
27.3486
27.3125
27.2824
27.2579
27.2413
27.2304
27.2317
27.2384
27.2542
27.2758
27.3118
27.3595
27.418
27.491
27.5777
27.6798
27.7975
27.9311
28.081
28.2484
28.4341
28.6389
28.8636
29.109
29.3759
29.6655
29.9782
30.3158
30.6778
31.0653
31.4796
31.9219
32.3933
32.8948
33.4278
33.9933
34.5928
35.2275
35.899
36.6084
37.3575
38.1473
38.9798
39.8558
40.7773
41.745
42.7605
43.8249
44.9395
46.1055
47.3244
48.5979
49.9271
51.3137
52.7589
54.264
55.8301
57.458
59.1481
60.901
62.7163
64.5945
66.5344
68.5365
70.5982
72.7214
74.9033
77.1454
79.4434
81.7971
84.2068
86.6713
89.1885
91.7557
94.3695
97.0265
99.7229
102.455
105.218
108.008
110.822
113.654
116.501
119.356
122.217
125.076
127.935
130.812
133.697
136.582
139.458
142.321
145.163
147.981
150.77
153.526
156.244
158.921
161.553
164.136
166.666
169.141
171.558
173.916
176.211
178.427
180.568
182.638
184.636
186.563
188.42
190.207
191.923
193.569
195.145
196.651
198.088
199.453
200.752
201.979
203.141
204.229
205.256
206.213
207.104
207.926
208.68
209.368
209.99
210.548
211.044
211.477
211.851
212.164
212.423
212.618
212.772
212.848
212.914
212.901
212.832
212.715
212.553
212.342
212.088
211.787
211.446
211.059
210.632
210.166
209.656
209.115
208.536
207.919
207.266
206.579
205.859
205.107
204.325
203.511
202.671
201.804
200.91
199.989
199.043
198.072
197.078
196.062
195.025
193.969
192.893
191.799
190.687
189.559
188.414
187.253
186.077
184.888
183.684
182.469
181.241
180.002
178.752
177.493
176.224
174.949
173.666
172.375
171.076
169.773
168.464
167.15
165.832
164.511
163.186
161.859
160.53
159.2
157.87
156.54
155.21
153.881
152.553
151.227
149.903
148.583
147.267
145.956
144.651
143.35
142.056
140.768
139.486
138.212
136.945
135.686
134.435
133.194
131.963
130.742
129.531
128.331
127.143
125.966
124.802
123.65
122.511
121.386
120.274
119.177
118.095
117.027
115.975
114.94
113.92
112.917
111.931
110.962
110.011
109.077
108.161
107.262
106.382
105.52
104.677
103.851
103.045
102.257
101.489
100.74
100.01
99.2988
98.6071
97.9345
97.2809
96.6472
96.033
95.4392
94.864
94.3084
93.7688
93.2491
92.7428
92.2553
91.7869
91.3379
90.9058
90.4947
90.0905
89.6979
89.3276
88.9779
88.6508
88.343
88.0513
87.7789
87.5121
87.2534
87.0043
86.7596
86.507
86.2531
86.0336
85.8292
85.6493
85.453
85.2644
85.1097
84.9399
84.7916
84.625
84.4961
84.3807
84.2572
84.1309
83.9591
83.8011
83.5911
83.4092
83.2043
83.0089
82.7785
82.5386
82.3065
82.0115
81.7471
81.5028
81.2313
80.9388
80.6244
80.2851
79.9148
79.5238
79.1002
78.6439
78.1626
77.6623
77.1372
76.5845
76.0017
75.3827
74.7394
74.0575
73.3858
72.6197
72.0494
70.7866
24.8573
24.8266
24.7881
24.7479
24.7055
24.661
24.6145
24.5663
24.5164
24.4651
24.4125
24.3586
24.3037
24.2479
24.1912
24.1338
24.0757
24.0172
23.9582
23.8988
23.8392
23.7794
23.7196
23.6598
23.6001
23.5406
23.4815
23.4228
23.3647
23.3072
23.2506
23.1952
23.1408
23.0879
23.0365
22.987
22.9393
22.8941
22.851
22.8112
22.7744
22.7408
22.7105
22.6838
22.6617
22.6435
22.6311
22.6222
22.6224
22.6265
22.6364
22.6507
22.6747
22.7057
22.7443
22.7906
22.8452
22.9082
22.9803
23.0618
23.1521
23.253
23.365
23.4883
23.6229
23.7693
23.9277
24.0985
24.282
24.4786
24.6889
24.9131
25.1516
25.4051
25.674
25.9588
26.26
26.5781
26.9131
27.2657
27.6366
28.0265
28.4358
28.8653
29.3155
29.787
30.2806
30.7969
31.3367
31.9006
32.4893
33.1036
33.744
34.4111
35.1057
35.8281
36.5791
37.3587
38.1677
39.0063
39.8753
40.7751
41.7061
42.6688
43.6638
44.6912
45.7515
46.8445
47.9704
49.1287
50.3193
51.5416
52.7953
54.0792
55.3932
56.7369
58.1095
59.5098
60.9371
62.3893
63.867
65.3697
66.8961
68.4447
70.0137
71.6012
73.2048
74.8227
76.4524
78.0919
79.7388
81.3907
83.0452
84.6998
86.3521
87.9998
89.6401
91.2724
92.9087
94.543
96.1708
97.788
99.3918
100.979
102.547
104.094
105.617
107.115
108.584
110.024
111.432
112.807
114.146
115.45
116.717
117.945
119.136
120.278
121.375
122.426
123.434
124.398
125.318
126.196
127.029
127.821
128.568
129.274
129.934
130.554
131.128
131.663
132.156
132.606
133.013
133.38
133.705
133.991
134.235
134.441
134.605
134.732
134.823
134.863
134.905
134.883
134.819
134.725
134.6
134.443
134.253
134.035
133.781
133.51
133.207
132.872
132.509
132.119
131.703
131.262
130.799
130.314
129.807
129.278
128.729
128.159
127.57
126.962
126.336
125.693
125.033
124.358
123.668
122.963
122.245
121.513
120.77
120.015
119.25
118.475
117.692
116.897
116.098
115.29
114.474
113.653
112.824
111.991
111.153
110.312
109.466
108.618
107.767
106.913
106.058
105.202
104.345
103.488
102.634
101.782
100.932
100.084
99.2381
98.3953
97.5557
96.7196
95.8876
95.0601
94.2383
93.422
92.6122
91.8087
91.0125
90.2229
89.4414
88.6678
87.9031
87.1458
86.3979
85.6592
84.9308
84.2129
83.5052
82.8086
82.1226
81.448
80.7859
80.1357
79.4983
78.8731
78.2606
77.6612
77.0738
76.5002
75.9392
75.3925
74.8586
74.3392
73.8337
73.3422
72.8645
72.4008
71.9511
71.5163
71.0965
70.691
70.3002
69.9235
69.5624
69.2167
68.8871
68.5713
68.27
67.9806
67.7074
67.4418
67.1895
66.9541
66.738
66.5326
66.3495
66.1512
65.9742
65.823
65.6926
65.5791
65.4793
65.391
65.3191
65.2483
65.1866
65.1293
65.0782
65.0077
64.8776
64.8421
64.8628
64.8821
64.8061
64.7944
64.86
64.8328
64.8401
64.8542
64.9576
65.0534
65.1154
65.1808
65.0958
65.16
65.0635
65.049
65.0188
64.9891
64.9195
64.8574
64.8673
64.6464
64.5571
64.5634
64.4902
64.376
64.2447
64.0927
63.9012
63.6848
63.4286
63.1381
62.8309
62.5164
62.1804
61.8133
61.414
60.9775
60.518
60.0196
59.533
58.9811
58.5811
57.4418
21.5841
21.567
21.5436
21.5186
21.4918
21.4631
21.4326
21.4004
21.3666
21.3313
21.2947
21.2567
21.2175
21.1772
21.1359
21.0936
21.0504
21.0064
20.9616
20.9161
20.87
20.8233
20.7761
20.7284
20.6804
20.632
20.5833
20.5345
20.4855
20.4364
20.3873
20.3383
20.2894
20.2408
20.1925
20.1446
20.0973
20.0506
20.0046
19.9595
19.9154
19.8724
19.8307
19.7903
19.7515
19.7142
19.679
19.6454
19.6144
19.5857
19.5595
19.5357
19.5148
19.497
19.4824
19.4712
19.4635
19.4597
19.461
19.4645
19.472
19.4836
19.501
19.523
19.5501
19.5822
19.6198
19.6627
19.7113
19.7658
19.8261
19.8923
19.9647
20.0436
20.129
20.2212
20.3203
20.4265
20.5406
20.6626
20.7926
20.9308
21.0773
21.2322
21.3957
21.5681
21.7495
21.9401
22.1404
22.3504
22.5705
22.8008
23.0417
23.2934
23.5563
23.8303
24.1161
24.4132
24.7221
25.043
25.3763
25.7224
26.0814
26.4538
26.8398
27.2397
27.6537
28.0821
28.5252
28.983
29.4558
29.9436
30.4467
30.9651
31.4988
32.0479
32.6125
33.1928
33.7887
34.4001
35.0271
35.6695
36.3273
37.0003
37.6883
38.3911
39.1083
39.8393
40.584
41.3416
42.1115
42.8935
43.6869
44.4912
45.3056
46.1292
46.9614
47.8007
48.6474
49.5013
50.3616
51.2273
52.0975
52.9708
53.8463
54.7225
55.5985
56.473
57.3446
58.2123
59.0745
59.9306
60.7785
61.6183
62.4471
63.2666
64.0712
64.8713
65.6638
66.446
67.2163
67.973
68.7148
69.4406
70.1489
70.8391
71.5098
72.1607
72.7906
73.3994
73.986
74.5503
75.0917
75.6098
76.104
76.5744
77.02
77.4418
77.8348
78.2017
78.5419
78.8566
79.147
79.4099
79.6516
79.868
80.0591
80.2257
80.3688
80.4875
80.5835
80.6569
80.7
80.7657
80.7621
80.7401
80.6988
80.636
80.5544
80.4563
80.3411
80.2056
80.0497
79.8743
79.6808
79.4699
79.2424
78.9986
78.7393
78.4647
78.1757
77.8724
77.5559
77.226
76.8842
76.53
76.1651
75.7889
75.4029
75.0069
74.6027
74.1887
73.7677
73.3397
72.9038
72.4623
72.0127
71.5586
71.0992
70.6364
70.1679
69.6948
69.218
68.7381
68.2556
67.772
67.287
66.8018
66.3147
65.8264
65.3377
64.8491
64.361
63.8738
63.3878
62.9033
62.4209
61.941
61.4643
60.9909
60.5212
60.0545
59.5926
59.134
58.6806
58.2324
57.7891
57.3512
56.9198
56.4934
56.0745
55.6608
55.2552
54.8558
54.4651
54.0817
53.7065
53.3394
52.9799
52.6285
52.2851
51.9498
51.6238
51.3061
50.998
50.6983
50.4073
50.126
49.8553
49.5947
49.3436
49.1021
48.8703
48.649
48.4392
48.2388
48.0503
47.8713
47.7026
47.5456
47.4003
47.2638
47.1375
47.02
46.9176
46.8125
46.7198
46.645
46.59
46.5384
46.5043
46.421
46.3898
46.395
46.4206
46.4518
46.4867
46.5283
46.5807
46.6392
46.7037
46.7749
46.8525
46.929
46.9988
47.0898
47.1944
47.313
47.421
47.5347
47.6713
47.797
47.9354
48.0675
48.2201
48.3824
48.5406
48.7006
48.8273
48.9713
49.0761
49.1995
49.3016
49.3892
49.4052
49.4625
49.4958
49.4701
49.4798
49.5208
49.5506
49.5626
49.5415
49.5796
49.5279
49.4553
49.3221
49.1592
48.9926
48.8185
48.627
48.4035
48.1477
47.8524
47.5514
47.2024
46.8673
46.5222
46.2601
45.3437
19.2141
19.205
19.191
19.1757
19.1587
19.1402
19.1201
19.0986
19.0756
19.0513
19.0257
18.9989
18.9709
18.9419
18.9118
18.8807
18.8487
18.8158
18.782
18.7475
18.7122
18.6762
18.6396
18.6023
18.5645
18.5261
18.4872
18.4479
18.4081
18.368
18.3275
18.2868
18.2458
18.2046
18.1632
18.1218
18.0803
18.0388
17.9974
17.9561
17.9149
17.8741
17.8335
17.7934
17.7537
17.7145
17.6759
17.638
17.6009
17.5647
17.5295
17.4953
17.4622
17.4303
17.3998
17.3707
17.3431
17.3171
17.293
17.2707
17.2501
17.2314
17.2148
17.2005
17.1885
17.1788
17.1718
17.1669
17.1656
17.1671
17.1705
17.1761
17.1858
17.1985
17.2144
17.2335
17.2558
17.2816
17.3108
17.3437
17.3802
17.4208
17.4651
17.5133
17.5655
17.6217
17.6822
17.7469
17.816
17.8895
17.9674
18.05
18.1372
18.2291
18.3259
18.4277
18.5343
18.6466
18.7644
18.8877
19.0166
19.1511
19.2914
19.4374
19.5894
19.7473
19.9113
20.0815
20.2579
20.4407
20.63
20.8258
21.0282
21.2372
21.453
21.6755
21.9049
22.1412
22.3843
22.6346
22.8916
23.1555
23.4263
23.7041
23.989
24.2809
24.58
24.8859
25.1988
25.5186
25.845
26.178
26.5176
26.8635
27.2157
27.574
27.9382
28.3081
28.6834
29.064
29.4497
29.8402
30.2353
30.6346
31.0378
31.4446
31.8544
32.2669
32.6818
33.0987
33.517
33.9365
34.3564
34.7765
35.1958
35.6143
36.0307
36.4454
36.8583
37.2689
37.6769
38.0816
38.4826
38.8791
39.2708
39.6569
40.0369
40.4103
40.7765
41.1351
41.4856
41.8274
42.1603
42.4837
42.7973
43.1006
43.3936
43.6753
43.9493
44.2144
44.4696
44.7141
44.9479
45.1699
45.3804
45.5789
45.7652
45.9392
46.1006
46.2494
46.3853
46.5097
46.6186
46.7195
46.8065
46.8792
46.94
46.9887
47.0227
47.07
47.0867
47.0794
47.0597
47.029
46.9876
46.9358
46.8737
46.8014
46.7191
46.6268
46.5249
46.4135
46.293
46.1635
46.0256
45.8792
45.725
45.563
45.3938
45.2174
45.0346
44.8452
44.6497
44.4491
44.2425
44.0317
43.8152
43.5945
43.3698
43.1417
42.9099
42.6743
42.4355
42.1938
41.95
41.7052
41.4589
41.2125
40.9631
40.7117
40.4588
40.2052
39.9511
39.6971
39.4436
39.1914
38.9403
38.6908
38.442
38.1947
37.9486
37.7046
37.4618
37.222
36.9841
36.7489
36.5158
36.2872
36.0614
35.8396
35.6211
35.4062
35.1954
34.9891
34.7868
34.5903
34.3968
34.209
34.0256
33.8476
33.6744
33.5061
33.3441
33.1872
33.0365
32.8906
32.7502
32.6155
32.4876
32.3669
32.2525
32.1449
32.0439
31.9496
31.8636
31.7825
31.7121
31.6462
31.5865
31.5357
31.4928
31.4523
31.4199
31.395
31.3838
31.3542
31.3479
31.3674
31.3983
31.4304
31.4736
31.5107
31.5571
31.6169
31.6885
31.7693
31.8579
31.9538
32.0577
32.1692
32.2871
32.4117
32.5434
32.6795
32.8187
32.9666
33.121
33.2833
33.4496
33.6196
33.7974
33.9769
34.1631
34.3501
34.542
34.739
34.9379
35.139
35.3344
35.5309
35.7177
35.9041
36.0868
36.255
36.412
36.5428
36.723
36.7278
36.8456
37
37.1147
37.2183
37.1778
37.1899
37.2051
37.2366
37.1953
37.1364
37.0703
36.9762
36.8765
36.7327
36.5812
36.3928
36.2141
35.9679
35.6907
35.5501
35.4201
34.6884
17.4665
17.4615
17.4526
17.4426
17.4313
17.4187
17.4049
17.3898
17.3735
17.356
17.3374
17.3178
17.2972
17.2756
17.253
17.2296
17.2052
17.1801
17.1541
17.1274
17.1
17.0718
17.043
17.0135
16.9834
16.9527
16.9215
16.8898
16.8575
16.8248
16.7916
16.758
16.724
16.6897
16.655
16.62
16.5848
16.5493
16.5136
16.4778
16.4418
16.4057
16.3695
16.3333
16.2971
16.261
16.2249
16.189
16.1533
16.1178
16.0826
16.0477
16.0132
15.9791
15.9455
15.9125
15.88
15.8482
15.817
15.7867
15.7572
15.7285
15.7007
15.6739
15.6482
15.6235
15.6001
15.5778
15.5568
15.5372
15.519
15.502
15.4866
15.4727
15.4603
15.4496
15.4406
15.4333
15.4278
15.4239
15.4222
15.4229
15.4248
15.4281
15.434
15.4421
15.4524
15.4648
15.4794
15.4962
15.5152
15.5365
15.5602
15.5862
15.6146
15.6455
15.6789
15.7148
15.7532
15.7942
15.838
15.8844
15.9336
15.9855
16.0403
16.0978
16.1582
16.2215
16.2876
16.3567
16.4288
16.5039
16.582
16.6631
16.7472
16.8345
16.9248
17.0182
17.1147
17.2142
17.3171
17.4233
17.533
17.6459
17.7621
17.8815
18.0042
18.1301
18.2592
18.3914
18.5267
18.6651
18.8066
18.951
19.0984
19.2486
19.4017
19.5576
19.7161
19.8773
20.041
20.2072
20.3757
20.5465
20.7193
20.8943
21.071
21.2495
21.4295
21.611
21.7938
21.9778
22.1627
22.3482
22.5342
22.7205
22.907
23.0933
23.2795
23.4654
23.6506
23.8352
24.0188
24.2013
24.3824
24.562
24.7398
24.9155
25.089
25.26
25.4282
25.5934
25.7553
25.9138
26.0686
26.2194
26.3662
26.5085
26.6465
26.7801
26.9094
27.0339
27.1537
27.2684
27.378
27.4823
27.581
27.6742
27.7615
27.8432
27.9189
27.989
28.0524
28.1102
28.1618
28.2068
28.2468
28.2805
28.3089
28.3434
28.358
28.3831
28.3818
28.3767
28.3667
28.3516
28.3313
28.3059
28.2753
28.2395
28.1986
28.1525
28.1015
28.0456
27.9849
27.9196
27.8498
27.7757
27.6973
27.6149
27.5286
27.4386
27.3449
27.248
27.1477
27.0445
26.9384
26.8294
26.718
26.6044
26.4886
26.3706
26.2507
26.1289
26.0055
25.8814
25.7559
25.6298
25.5028
25.3746
25.2455
25.1157
24.9853
24.8548
24.7244
24.595
24.4663
24.3385
24.2107
24.0835
23.9566
23.831
23.7053
23.5819
23.459
23.3375
23.217
23.0989
22.982
22.8678
22.7551
22.6451
22.5369
22.4318
22.3281
22.2279
22.1291
22.0336
21.941
21.8517
21.7655
21.6826
21.6031
21.5271
21.4546
21.3853
21.3192
21.2566
21.1979
21.1435
21.0932
21.0473
21.0057
20.9682
20.9367
20.9068
20.8865
20.8664
20.8507
20.8406
20.8362
20.8245
20.8242
20.8333
20.8558
20.8795
20.9071
20.9422
20.9846
21.032
21.0867
21.1456
21.2094
21.2794
21.356
21.439
21.5283
21.6236
21.7249
21.8326
21.9465
22.0666
22.1932
22.3254
22.4627
22.606
22.7547
22.909
23.0682
23.2318
23.4006
23.5732
23.7507
23.9319
24.1167
24.3053
24.497
24.6915
24.887
25.0833
25.2787
25.4723
25.6664
25.8534
26.0403
26.2094
26.3958
26.5413
26.6841
26.8368
26.9795
27.1189
27.2151
27.2834
27.3594
27.3242
27.3056
27.2899
27.3096
27.2606
27.2312
27.0996
27.057
26.9145
26.8376
26.6998
26.5753
26.3875
26.3442
25.7774
16.1667
16.1629
16.1562
16.1486
16.1399
16.1302
16.1195
16.1078
16.0951
16.0814
16.0669
16.0514
16.0351
16.018
16.0001
15.9814
15.9619
15.9417
15.9209
15.8993
15.877
15.8542
15.8307
15.8066
15.7819
15.7567
15.731
15.7047
15.6779
15.6507
15.623
15.5948
15.5663
15.5373
15.508
15.4783
15.4482
15.4179
15.3872
15.3563
15.325
15.2936
15.2619
15.2301
15.198
15.1658
15.1335
15.1011
15.0686
15.0361
15.0036
14.971
14.9385
14.9061
14.8738
14.8415
14.8095
14.7776
14.746
14.7146
14.6835
14.6528
14.6224
14.5924
14.5628
14.5337
14.5051
14.477
14.4494
14.4225
14.3963
14.3707
14.3458
14.3216
14.2982
14.2756
14.2538
14.2329
14.2128
14.1937
14.1756
14.1585
14.1424
14.1272
14.1131
14.1001
14.0882
14.0774
14.0678
14.0595
14.0522
14.0463
14.0415
14.0381
14.0358
14.0353
14.036
14.0377
14.0403
14.0447
14.0506
14.0579
14.0666
14.0768
14.0884
14.1014
14.116
14.132
14.1495
14.1685
14.1891
14.2111
14.2347
14.2598
14.2864
14.3147
14.3445
14.3758
14.4085
14.4429
14.4787
14.5162
14.5552
14.5958
14.638
14.6817
14.7271
14.7739
14.8222
14.8721
14.9234
14.9762
15.0305
15.0861
15.1431
15.2014
15.2611
15.3221
15.3843
15.4477
15.5123
15.578
15.6448
15.7126
15.7814
15.8511
15.9217
15.9932
16.0653
16.1381
16.2116
16.2856
16.36
16.4349
16.5104
16.5862
16.6622
16.7383
16.8145
16.8906
16.9665
17.0422
17.1175
17.1923
17.2666
17.3403
17.4133
17.4854
17.5566
17.6267
17.6957
17.7634
17.8298
17.8947
17.9581
18.0197
18.0796
18.1375
18.1936
18.2476
18.2995
18.3493
18.3969
18.4422
18.4851
18.5256
18.5634
18.599
18.6319
18.6625
18.6899
18.7144
18.7358
18.7545
18.7701
18.7826
18.7955
18.803
18.8097
18.8103
18.8075
18.8041
18.7966
18.7857
18.7718
18.7554
18.7363
18.7147
18.6905
18.6636
18.6343
18.6023
18.5679
18.531
18.4916
18.45
18.406
18.3598
18.3114
18.261
18.2085
18.1541
18.0978
18.0397
17.9799
17.9185
17.8557
17.7913
17.7257
17.6588
17.5908
17.5216
17.4514
17.3803
17.3083
17.2356
17.1623
17.0885
17.0143
16.9397
16.8647
16.7894
16.7138
16.6382
16.5627
16.4875
16.4127
16.3384
16.2642
16.1905
16.1171
16.0442
15.9716
15.8998
15.8286
15.7583
15.6887
15.62
15.5523
15.4857
15.4203
15.3563
15.2936
15.2324
15.1725
15.1141
15.0571
15.0017
14.948
14.8962
14.8463
14.7983
14.7524
14.7086
14.6667
14.6269
14.5891
14.5534
14.5199
14.489
14.4606
14.4347
14.4117
14.391
14.3743
14.3583
14.3486
14.3383
14.3319
14.3269
14.323
14.3234
14.3264
14.3342
14.3502
14.3712
14.3954
14.4228
14.453
14.4868
14.5253
14.5683
14.6154
14.6666
14.722
14.7817
14.8456
14.9135
14.9855
15.0622
15.144
15.2307
15.3227
15.4196
15.5212
15.6275
15.7385
15.8538
15.9734
16.0971
16.225
16.3571
16.4935
16.6339
16.7782
16.9263
17.0779
17.2326
17.3902
17.5498
17.711
17.8726
18.0354
18.1964
18.3583
18.5144
18.6727
18.8239
18.9681
19.1106
19.2468
19.3817
19.5019
19.6067
19.7118
19.7229
19.7277
19.7364
19.7886
19.7308
19.7084
19.7068
19.6731
19.5913
19.5671
19.4873
19.4296
19.2757
19.2495
18.7957
15.1989
15.1946
15.188
15.1806
15.1725
15.1635
15.1538
15.1433
15.132
15.12
15.1073
15.0938
15.0797
15.0649
15.0494
15.0333
15.0166
14.9993
14.9813
14.9628
14.9437
14.9241
14.904
14.8833
14.8621
14.8404
14.8183
14.7957
14.7726
14.7491
14.7252
14.7009
14.6762
14.651
14.6256
14.5997
14.5735
14.547
14.5202
14.4931
14.4656
14.4379
14.41
14.3817
14.3533
14.3246
14.2957
14.2667
14.2374
14.208
14.1785
14.1488
14.119
14.0891
14.0592
14.0292
13.9991
13.9691
13.939
13.909
13.879
13.8491
13.8192
13.7895
13.7599
13.7304
13.7011
13.672
13.6431
13.6144
13.586
13.5579
13.53
13.5025
13.4753
13.4485
13.4221
13.3961
13.3705
13.3453
13.3206
13.2964
13.2728
13.2496
13.227
13.2049
13.1834
13.1625
13.1422
13.1225
13.1034
13.0851
13.0674
13.0503
13.034
13.0184
13.0035
12.9894
12.9759
12.9632
12.9513
12.9401
12.9297
12.9201
12.9113
12.9033
12.8962
12.8898
12.8843
12.8796
12.8757
12.8726
12.8705
12.8689
12.8688
12.8694
12.8705
12.8721
12.8748
12.8784
12.8829
12.8882
12.8943
12.9012
12.909
12.9176
12.9269
12.9371
12.9481
12.9599
12.9724
12.9857
12.9997
13.0145
13.0299
13.0461
13.0629
13.0804
13.0985
13.1172
13.1365
13.1564
13.1768
13.1977
13.2191
13.2409
13.2632
13.2858
13.3088
13.3322
13.3558
13.3796
13.4037
13.428
13.4524
13.4769
13.5015
13.5262
13.5508
13.5754
13.5999
13.6243
13.6484
13.6724
13.696
13.7193
13.7422
13.7646
13.7866
13.8081
13.829
13.8492
13.8688
13.8876
13.9057
13.9229
13.9392
13.9547
13.9691
13.9826
13.995
14.0064
14.0166
14.0257
14.0336
14.0405
14.0454
14.0519
14.0544
14.0569
14.0569
14.0552
14.0522
14.0479
14.0422
14.0351
14.0268
14.0172
14.0064
13.9937
13.9793
13.9636
13.9463
13.9276
13.9073
13.8856
13.8625
13.8379
13.812
13.7848
13.7562
13.7262
13.695
13.6626
13.6288
13.5939
13.5578
13.5205
13.4822
13.4427
13.4023
13.3608
13.3184
13.275
13.2309
13.1858
13.1401
13.0936
13.0463
12.9984
12.9499
12.9009
12.8513
12.8012
12.7507
12.6999
12.6487
12.5973
12.5457
12.4939
12.442
12.39
12.3379
12.2859
12.2339
12.1821
12.1304
12.0791
12.028
11.9772
11.9266
11.8763
11.8264
11.7769
11.7278
11.6792
11.6311
11.5836
11.5367
11.4904
11.4449
11.4002
11.3562
11.3132
11.2709
11.2295
11.189
11.1494
11.1109
11.0733
11.037
11.0017
10.9676
10.9347
10.903
10.8725
10.8433
10.8154
10.7888
10.7637
10.7401
10.718
10.6976
10.6787
10.6618
10.646
10.6329
10.6209
10.6108
10.6023
10.5954
10.5909
10.5881
10.5816
10.5818
10.5882
10.5983
10.6096
10.6202
10.6341
10.6518
10.6729
10.6967
10.7233
10.7523
10.7843
10.819
10.8554
10.8945
10.9372
10.9836
11.0336
11.0874
11.1446
11.2054
11.2695
11.3371
11.408
11.4818
11.5588
11.6392
11.7232
11.8109
11.902
11.9966
12.0946
12.1957
12.2998
12.4069
12.5163
12.6279
12.7411
12.8558
12.9712
13.0874
13.203
13.3186
13.4332
13.5454
13.6563
13.7637
13.8698
13.9705
14.0662
14.1514
14.2436
14.2461
14.2619
14.3077
14.2787
14.2664
14.2861
14.2383
14.2114
14.2187
14.1965
14.1531
14.0742
14.0443
13.6837
14.4822
14.476
14.4681
14.4597
14.4507
14.4411
14.431
14.4203
14.409
14.3971
14.3847
14.3717
14.3582
14.3442
14.3296
14.3145
14.299
14.2829
14.2664
14.2494
14.2319
14.214
14.1957
14.1769
14.1577
14.1381
14.118
14.0976
14.0768
14.0557
14.0341
14.0122
13.99
13.9674
13.9445
13.9212
13.8976
13.8738
13.8496
13.8252
13.8005
13.7755
13.7502
13.7247
13.6989
13.673
13.6468
13.6203
13.5937
13.5669
13.5399
13.5127
13.4854
13.4579
13.4303
13.4025
13.3747
13.3467
13.3186
13.2905
13.2622
13.2339
13.2056
13.1772
13.1488
13.1205
13.0921
13.0637
13.0354
13.0071
12.9789
12.9507
12.9227
12.8947
12.8669
12.8392
12.8117
12.7843
12.757
12.73
12.7032
12.6766
12.6502
12.624
12.5982
12.5725
12.5472
12.5221
12.4974
12.4729
12.4488
12.425
12.4016
12.3785
12.3558
12.3334
12.3115
12.2899
12.2688
12.248
12.2277
12.2077
12.1883
12.1692
12.1506
12.1324
12.1147
12.0974
12.0806
12.0643
12.0485
12.033
12.0182
12.0037
11.9897
11.9763
11.9634
11.9508
11.9387
11.9271
11.916
11.9053
11.8951
11.8854
11.8761
11.8673
11.8589
11.851
11.8435
11.8365
11.8299
11.8237
11.818
11.8126
11.8076
11.803
11.7988
11.795
11.7915
11.7883
11.7854
11.7829
11.7807
11.7787
11.777
11.7756
11.7743
11.7733
11.7725
11.7718
11.7713
11.7709
11.7707
11.7705
11.7704
11.7703
11.7703
11.7703
11.7702
11.7701
11.77
11.7698
11.7694
11.7689
11.7683
11.7674
11.7664
11.7651
11.7635
11.7617
11.7595
11.757
11.7541
11.7508
11.7471
11.7429
11.7383
11.7332
11.7276
11.7214
11.7147
11.7074
11.6994
11.6909
11.6817
11.672
11.6614
11.6504
11.6386
11.6263
11.6131
11.5991
11.5843
11.5688
11.5525
11.5354
11.5175
11.4989
11.4796
11.4595
11.4385
11.4167
11.3942
11.3708
11.3467
11.3218
11.2961
11.2697
11.2425
11.2146
11.1859
11.1566
11.1265
11.0958
11.0644
11.0323
10.9997
10.9664
10.9325
10.8981
10.8631
10.8276
10.7915
10.755
10.7181
10.6808
10.643
10.6049
10.5663
10.5275
10.4883
10.4488
10.409
10.369
10.3288
10.2885
10.248
10.2073
10.1666
10.1258
10.0849
10.0441
10.0032
9.96243
9.92169
9.88107
9.84057
9.80025
9.76008
9.72011
9.68034
9.64081
9.60149
9.56247
9.52371
9.48529
9.44717
9.40942
9.37208
9.33516
9.29869
9.26267
9.22715
9.19213
9.15763
9.12363
9.09021
9.05732
9.02505
8.99338
8.96241
8.93207
8.90246
8.87347
8.84521
8.81771
8.79097
8.76504
8.73989
8.71562
8.69221
8.66969
8.64815
8.6275
8.60795
8.58926
8.57182
8.55538
8.54006
8.52579
8.51264
8.50082
8.49015
8.47957
8.47052
8.46357
8.45864
8.4559
8.44725
8.44573
8.44893
8.45354
8.45903
8.46605
8.47436
8.48472
8.49672
8.50761
8.52092
8.53789
8.55771
8.57968
8.60402
8.6302
8.65882
8.6895
8.7225
8.75771
8.7941
8.83296
8.87462
8.91914
8.96636
9.01622
9.06861
9.12347
9.18077
9.24042
9.30235
9.36636
9.43221
9.49965
9.56862
9.6387
9.70977
9.78153
9.85368
9.92604
9.99818
10.0702
10.1411
10.2115
10.2795
10.3466
10.4062
10.4739
10.5135
10.547
10.5424
10.5397
10.5323
10.5293
10.5444
10.5272
10.5241
10.5067
10.4772
10.4407
10.3796
10.1809
13.9566
13.9477
13.9381
13.928
13.9175
13.9065
13.8951
13.8832
13.871
13.8583
13.8452
13.8317
13.8178
13.8034
13.7887
13.7736
13.7581
13.7423
13.726
13.7094
13.6925
13.6752
13.6575
13.6395
13.6211
13.6024
13.5834
13.5641
13.5445
13.5245
13.5043
13.4837
13.4628
13.4417
13.4203
13.3986
13.3766
13.3544
13.3319
13.3092
13.2862
13.263
13.2396
13.2159
13.192
13.1679
13.1435
13.119
13.0943
13.0693
13.0442
13.019
12.9935
12.9679
12.9421
12.9162
12.8901
12.8639
12.8376
12.8111
12.7846
12.7579
12.7311
12.7043
12.6773
12.6503
12.6232
12.5961
12.5689
12.5417
12.5144
12.4871
12.4598
12.4325
12.4053
12.378
12.3507
12.3235
12.2963
12.2692
12.2421
12.2151
12.1882
12.1613
12.1346
12.108
12.0814
12.055
12.0288
12.0026
11.9766
11.9508
11.9251
11.8996
11.8743
11.8492
11.8242
11.7994
11.7749
11.7506
11.7264
11.7025
11.6788
11.6554
11.6322
11.6092
11.5865
11.564
11.5418
11.5198
11.4981
11.4766
11.4555
11.4345
11.4139
11.3935
11.3734
11.3536
11.3341
11.3148
11.2958
11.277
11.2586
11.2403
11.2224
11.2047
11.1873
11.1702
11.1533
11.1366
11.1202
11.1041
11.0882
11.0725
11.0571
11.0419
11.0269
11.0121
10.9975
10.9831
10.9689
10.9549
10.9411
10.9274
10.9139
10.9005
10.8873
10.8742
10.8612
10.8483
10.8355
10.8227
10.8101
10.7975
10.7849
10.7724
10.7599
10.7474
10.7349
10.7224
10.7098
10.6972
10.6845
10.6718
10.6589
10.646
10.6329
10.6197
10.6064
10.5929
10.5792
10.5654
10.5513
10.537
10.5225
10.5077
10.4927
10.4774
10.4618
10.446
10.4298
10.4133
10.3964
10.3793
10.3617
10.3439
10.3256
10.307
10.288
10.2686
10.2488
10.2286
10.208
10.187
10.1656
10.1437
10.1214
10.0986
10.0755
10.0519
10.0279
10.0034
9.97848
9.95315
9.92739
9.9012
9.87459
9.84757
9.82013
9.79229
9.76405
9.73542
9.70641
9.67702
9.64727
9.61717
9.58672
9.55595
9.52485
9.49345
9.46175
9.42976
9.39751
9.365
9.33226
9.29929
9.26611
9.23274
9.19918
9.16544
9.13154
9.09749
9.06331
9.02902
8.99463
8.96016
8.92562
8.89103
8.85641
8.82177
8.78713
8.75251
8.71792
8.68338
8.64889
8.61449
8.58019
8.54599
8.51192
8.47798
8.44419
8.41056
8.37709
8.34381
8.31072
8.27784
8.24517
8.21274
8.18056
8.14864
8.117
8.08565
8.0546
8.02387
7.99346
7.96338
7.93364
7.90425
7.87523
7.84658
7.81833
7.79048
7.76304
7.73601
7.70941
7.68325
7.65755
7.63232
7.60756
7.58332
7.55958
7.53637
7.51372
7.4916
7.47008
7.44913
7.42883
7.40916
7.39016
7.37179
7.35411
7.33716
7.32094
7.30522
7.2902
7.27597
7.26278
7.25065
7.23804
7.22681
7.21721
7.20901
7.20177
7.19568
7.19044
7.18637
7.18405
7.17435
7.17135
7.17401
7.1775
7.1813
7.18623
7.19189
7.19919
7.2076
7.21736
7.22873
7.23843
7.25161
7.26727
7.28502
7.30447
7.32562
7.34839
7.37273
7.39874
7.4263
7.45547
7.48604
7.51792
7.55095
7.58528
7.62039
7.65631
7.69302
7.73022
7.76791
7.80631
7.84504
7.88408
7.92338
7.96154
7.99961
8.0346
8.07345
8.09449
8.11
8.12744
8.11606
8.11155
8.10852
8.10124
8.09267
8.10347
8.09792
8.08091
8.06341
8.0008
7.90095
13.5784
13.5667
13.5547
13.5424
13.5298
13.5169
13.5037
13.4902
13.4765
13.4624
13.448
13.4333
13.4183
13.4031
13.3875
13.3717
13.3556
13.3392
13.3225
13.3055
13.2883
13.2708
13.253
13.235
13.2167
13.1982
13.1794
13.1603
13.141
13.1215
13.1017
13.0817
13.0614
13.0409
13.0202
12.9993
12.9781
12.9567
12.9352
12.9134
12.8914
12.8692
12.8468
12.8242
12.8014
12.7784
12.7552
12.7319
12.7084
12.6847
12.6609
12.6369
12.6127
12.5884
12.5639
12.5393
12.5145
12.4896
12.4646
12.4395
12.4142
12.3888
12.3633
12.3377
12.312
12.2862
12.2603
12.2343
12.2083
12.1821
12.1559
12.1296
12.1033
12.0769
12.0505
12.024
11.9975
11.971
11.9444
11.9178
11.8912
11.8646
11.838
11.8114
11.7848
11.7583
11.7317
11.7052
11.6788
11.6523
11.626
11.5996
11.5734
11.5471
11.521
11.4949
11.469
11.4431
11.4173
11.3915
11.3659
11.3404
11.315
11.2897
11.2645
11.2395
11.2145
11.1897
11.165
11.1405
11.1161
11.0918
11.0677
11.0437
11.0199
10.9962
10.9726
10.9492
10.926
10.9029
10.8799
10.8572
10.8345
10.812
10.7897
10.7675
10.7455
10.7236
10.7019
10.6803
10.6589
10.6376
10.6165
10.5955
10.5746
10.5539
10.5333
10.5128
10.4925
10.4722
10.4521
10.4321
10.4122
10.3924
10.3727
10.3531
10.3336
10.3141
10.2948
10.2755
10.2562
10.237
10.2179
10.1988
10.1797
10.1607
10.1416
10.1226
10.1036
10.0846
10.0655
10.0465
10.0274
10.0083
9.98912
9.96991
9.95063
9.93129
9.91187
9.89236
9.87277
9.85307
9.83326
9.81333
9.79328
9.77309
9.75277
9.7323
9.71167
9.69089
9.66993
9.6488
9.62749
9.60599
9.5843
9.56241
9.54032
9.51802
9.4955
9.47278
9.44983
9.42667
9.40328
9.37967
9.35582
9.33174
9.30743
9.28287
9.25808
9.23305
9.20777
9.18227
9.15652
9.13054
9.10432
9.07787
9.0512
9.02429
8.99717
8.96982
8.94226
8.91448
8.8865
8.85832
8.82994
8.80137
8.77262
8.74369
8.71459
8.68533
8.65591
8.62635
8.59665
8.56681
8.53685
8.50678
8.4766
8.44633
8.41597
8.38553
8.35501
8.32443
8.2938
8.26312
8.2324
8.20166
8.17089
8.14012
8.10935
8.07858
8.04784
8.01713
7.98645
7.95582
7.92525
7.89475
7.86432
7.83397
7.80372
7.77356
7.74351
7.71358
7.68376
7.65408
7.62452
7.59512
7.56586
7.53675
7.50781
7.47904
7.45044
7.42203
7.39382
7.3658
7.33799
7.31039
7.28301
7.25584
7.22891
7.20221
7.17575
7.14953
7.12357
7.09786
7.0724
7.04722
7.0223
6.99767
6.97332
6.94927
6.92553
6.90209
6.87897
6.85617
6.83371
6.81159
6.78983
6.76844
6.74743
6.7268
6.70656
6.68674
6.66734
6.64832
6.62971
6.61149
6.59377
6.57661
6.5597
6.54332
6.52755
6.51252
6.49807
6.48434
6.47111
6.45869
6.44699
6.43435
6.42266
6.41253
6.4036
6.39533
6.38797
6.3811
6.37539
6.37042
6.36578
6.36311
6.35267
6.35294
6.35351
6.35491
6.35705
6.36012
6.36413
6.36906
6.37511
6.38203
6.39009
6.3989
6.40864
6.41905
6.43059
6.44207
6.45423
6.46666
6.47978
6.49299
6.50754
6.52252
6.53931
6.55686
6.57302
6.58885
6.60569
6.6191
6.62685
6.63859
6.63449
6.63022
6.62716
6.63358
6.61751
6.6107
6.61793
6.61215
6.60411
6.57907
6.55892
6.50179
13.3118
13.2975
13.2831
13.2685
13.2537
13.2387
13.2236
13.2082
13.1927
13.1769
13.161
13.1448
13.1284
13.1119
13.0951
13.0781
13.061
13.0436
13.026
13.0083
12.9903
12.9721
12.9538
12.9352
12.9165
12.8975
12.8784
12.8591
12.8396
12.8199
12.8
12.78
12.7597
12.7393
12.7187
12.698
12.677
12.6559
12.6346
12.6132
12.5916
12.5698
12.5479
12.5258
12.5035
12.4811
12.4586
12.4359
12.4131
12.3901
12.3669
12.3437
12.3203
12.2967
12.2731
12.2493
12.2254
12.2013
12.1772
12.1529
12.1285
12.104
12.0794
12.0547
12.0299
12.005
11.98
11.9549
11.9297
11.9045
11.8791
11.8537
11.8282
11.8026
11.777
11.7513
11.7256
11.6998
11.6739
11.648
11.622
11.5961
11.57
11.544
11.5179
11.4918
11.4657
11.4395
11.4134
11.3872
11.361
11.3349
11.3087
11.2825
11.2564
11.2303
11.2041
11.178
11.152
11.1259
11.0999
11.074
11.0481
11.0222
10.9963
10.9705
10.9448
10.9191
10.8935
10.8679
10.8424
10.817
10.7916
10.7663
10.7411
10.7159
10.6908
10.6658
10.6409
10.616
10.5913
10.5666
10.542
10.5174
10.493
10.4686
10.4443
10.4202
10.396
10.372
10.3481
10.3242
10.3004
10.2767
10.2531
10.2296
10.2061
10.1827
10.1594
10.1362
10.113
10.0899
10.0668
10.0439
10.0209
9.99808
9.97527
9.95252
9.92981
9.90715
9.88453
9.86195
9.8394
9.81688
9.79438
9.77191
9.74945
9.72701
9.70458
9.68215
9.65972
9.63729
9.61485
9.59239
9.56992
9.54743
9.5249
9.50235
9.47976
9.45713
9.43445
9.41173
9.38895
9.36611
9.34321
9.32024
9.29719
9.27408
9.25088
9.2276
9.20423
9.18077
9.15721
9.13356
9.10981
9.08595
9.06198
9.0379
9.01372
8.98941
8.965
8.94046
8.91581
8.89103
8.86614
8.84112
8.81598
8.79071
8.76532
8.7398
8.71416
8.68839
8.6625
8.63648
8.61034
8.58409
8.55771
8.53122
8.50461
8.47788
8.45105
8.42411
8.39707
8.36992
8.34268
8.31534
8.28791
8.26039
8.2328
8.20512
8.17737
8.14955
8.12167
8.09373
8.06574
8.03769
8.00961
7.98148
7.95332
7.92514
7.89693
7.86871
7.84047
7.81223
7.78398
7.75574
7.72751
7.6993
7.6711
7.64293
7.6148
7.5867
7.55864
7.53063
7.50267
7.47477
7.44694
7.41917
7.39148
7.36387
7.33633
7.30888
7.28153
7.25427
7.2271
7.20004
7.17308
7.14624
7.1195
7.09289
7.06639
7.04002
7.01377
6.98766
6.96168
6.93583
6.91013
6.88457
6.85916
6.83389
6.80877
6.78381
6.75901
6.73436
6.70988
6.68556
6.6614
6.63741
6.6136
6.58996
6.56651
6.54323
6.52014
6.49725
6.47455
6.45205
6.42975
6.40767
6.3858
6.36416
6.34274
6.32155
6.3006
6.27988
6.25941
6.23917
6.21918
6.1995
6.18004
6.16088
6.14201
6.1235
6.10531
6.08751
6.07002
6.05297
6.03631
6.01973
6.00347
5.98768
5.97252
5.95775
5.94358
5.92974
5.91665
5.90397
5.89176
5.88026
5.86753
5.8564
5.84631
5.83714
5.82862
5.82084
5.8137
5.80716
5.8014
5.79613
5.79157
5.7875
5.78416
5.7812
5.77912
5.77612
5.77429
5.76961
5.76973
5.76485
5.76401
5.76465
5.77023
5.77655
5.77447
5.77785
5.78083
5.78628
5.78378
5.78664
5.78733
5.77902
5.77552
5.77412
5.7709
5.76921
5.76904
5.77506
5.77615
5.7754
5.77026
5.73973
13.1285
13.1119
13.0953
13.0786
13.0618
13.0448
13.0278
13.0106
12.9932
12.9758
12.9582
12.9405
12.9226
12.9047
12.8865
12.8683
12.8499
12.8314
12.8127
12.7939
12.775
12.7559
12.7367
12.7173
12.6978
12.6782
12.6584
12.6385
12.6184
12.5983
12.5779
12.5575
12.5369
12.5162
12.4953
12.4744
12.4532
12.432
12.4106
12.3891
12.3675
12.3458
12.3239
12.3019
12.2798
12.2575
12.2351
12.2127
12.1901
12.1674
12.1445
12.1216
12.0985
12.0754
12.0521
12.0288
12.0053
11.9817
11.958
11.9343
11.9104
11.8864
11.8624
11.8382
11.814
11.7896
11.7652
11.7407
11.7162
11.6915
11.6668
11.642
11.6171
11.5921
11.5671
11.542
11.5169
11.4916
11.4664
11.4411
11.4157
11.3902
11.3648
11.3392
11.3137
11.2881
11.2624
11.2367
11.211
11.1853
11.1595
11.1337
11.1079
11.082
11.0561
11.0303
11.0044
10.9785
10.9526
10.9267
10.9008
10.8748
10.8489
10.823
10.7971
10.7712
10.7454
10.7195
10.6936
10.6678
10.642
10.6162
10.5905
10.5647
10.539
10.5133
10.4877
10.4621
10.4365
10.4109
10.3854
10.3599
10.3345
10.3091
10.2837
10.2584
10.2332
10.2079
10.1827
10.1576
10.1325
10.1074
10.0824
10.0574
10.0325
10.0076
9.98277
9.95797
9.93321
9.90849
9.88381
9.85918
9.83458
9.81002
9.78549
9.761
9.73655
9.71212
9.68773
9.66337
9.63903
9.61473
9.59044
9.56618
9.54194
9.51771
9.4935
9.46931
9.44512
9.42095
9.39678
9.37261
9.34845
9.32429
9.30012
9.27595
9.25177
9.22758
9.20338
9.17916
9.15492
9.13066
9.10638
9.08208
9.05774
9.03338
9.00898
8.98455
8.96008
8.93558
8.91103
8.88644
8.86181
8.83713
8.8124
8.78762
8.76279
8.73791
8.71298
8.68799
8.66294
8.63784
8.61269
8.58747
8.5622
8.53687
8.51148
8.48603
8.46052
8.43496
8.40934
8.38365
8.35791
8.33212
8.30627
8.28036
8.2544
8.22839
8.20232
8.17621
8.15005
8.12385
8.0976
8.0713
8.04497
8.0186
7.9922
7.96576
7.9393
7.9128
7.88629
7.85975
7.83319
7.80662
7.78003
7.75344
7.72684
7.70023
7.67363
7.64703
7.62044
7.59386
7.56729
7.54074
7.51421
7.4877
7.46122
7.43477
7.40835
7.38197
7.35563
7.32933
7.30307
7.27686
7.25071
7.22461
7.19856
7.17258
7.14666
7.1208
7.09502
7.0693
7.04365
7.01808
6.99258
6.96716
6.94183
6.91657
6.8914
6.86631
6.84131
6.8164
6.79158
6.76684
6.74221
6.71766
6.69321
6.66886
6.6446
6.62045
6.59639
6.57243
6.54858
6.52483
6.50118
6.47763
6.45419
6.43086
6.40764
6.38452
6.36151
6.33862
6.31584
6.29317
6.27062
6.2482
6.22589
6.20371
6.18167
6.15975
6.13795
6.11628
6.09474
6.07335
6.0521
6.031
6.01006
5.98928
5.96865
5.94821
5.9279
5.90777
5.8878
5.86806
5.84851
5.82921
5.81013
5.79123
5.77255
5.7541
5.73597
5.71809
5.70057
5.68328
5.66639
5.64981
5.63357
5.61771
5.60185
5.58646
5.57157
5.55727
5.54343
5.53012
5.51729
5.50492
5.49309
5.48167
5.47073
5.46026
5.45032
5.44081
5.43199
5.4232
5.41492
5.40696
5.39955
5.39249
5.38645
5.38105
5.37708
5.37467
5.37053
5.36814
5.36587
5.36498
5.36304
5.36171
5.36031
5.35688
5.35629
5.35967
5.36283
5.36956
5.37434
5.38512
5.39302
5.40565
5.4207
5.42598
13.0061
12.9877
12.9692
12.9506
12.932
12.9133
12.8945
12.8757
12.8568
12.8378
12.8187
12.7995
12.7803
12.7609
12.7415
12.722
12.7024
12.6827
12.6629
12.643
12.623
12.6029
12.5827
12.5625
12.5421
12.5216
12.5011
12.4804
12.4597
12.4388
12.4179
12.3968
12.3757
12.3545
12.3331
12.3117
12.2902
12.2686
12.2469
12.225
12.2031
12.1811
12.1591
12.1369
12.1146
12.0922
12.0698
12.0472
12.0246
12.0019
11.979
11.9561
11.9331
11.9101
11.8869
11.8637
11.8403
11.8169
11.7934
11.7699
11.7462
11.7225
11.6987
11.6748
11.6509
11.6268
11.6027
11.5786
11.5543
11.53
11.5056
11.4812
11.4567
11.4321
11.4075
11.3828
11.3581
11.3333
11.3084
11.2835
11.2585
11.2335
11.2084
11.1833
11.1581
11.1329
11.1077
11.0824
11.0571
11.0317
11.0063
10.9809
10.9554
10.9299
10.9044
10.8788
10.8532
10.8276
10.802
10.7763
10.7507
10.725
10.6993
10.6736
10.6478
10.6221
10.5964
10.5706
10.5448
10.5191
10.4933
10.4676
10.4418
10.416
10.3903
10.3645
10.3388
10.313
10.2873
10.2616
10.2359
10.2102
10.1845
10.1588
10.1332
10.1075
10.0819
10.0563
10.0307
10.0051
9.97957
9.95404
9.92853
9.90304
9.87757
9.85212
9.82669
9.80129
9.7759
9.75054
9.7252
9.69988
9.67459
9.64931
9.62406
9.59882
9.57361
9.54841
9.52324
9.49808
9.47294
9.44782
9.42272
9.39763
9.37256
9.3475
9.32245
9.29742
9.27239
9.24738
9.22238
9.19738
9.17239
9.14741
9.12243
9.09745
9.07248
9.04751
9.02254
8.99756
8.97258
8.9476
8.92262
8.89763
8.87263
8.84762
8.8226
8.79757
8.77253
8.74748
8.72241
8.69733
8.67224
8.64713
8.622
8.59685
8.57169
8.5465
8.5213
8.49608
8.47084
8.44558
8.4203
8.395
8.36967
8.34433
8.31897
8.29359
8.26819
8.24277
8.21733
8.19187
8.16639
8.1409
8.11539
8.08986
8.06432
8.03877
8.0132
7.98763
7.96204
7.93644
7.91084
7.88522
7.85961
7.83399
7.80837
7.78275
7.75713
7.73152
7.70591
7.68031
7.65471
7.62913
7.60356
7.57801
7.55247
7.52695
7.50145
7.47598
7.45052
7.4251
7.39971
7.37434
7.34901
7.32372
7.29846
7.27324
7.24806
7.22293
7.19783
7.17279
7.14779
7.12284
7.09794
7.0731
7.0483
7.02357
6.99889
6.97427
6.9497
6.9252
6.90076
6.87639
6.85207
6.82782
6.80364
6.77952
6.75547
6.73149
6.70757
6.68372
6.65994
6.63623
6.61259
6.58902
6.56552
6.54209
6.51873
6.49544
6.47222
6.44907
6.426
6.40299
6.38006
6.3572
6.33442
6.31171
6.28906
6.26648
6.24398
6.22155
6.1992
6.17692
6.15473
6.13262
6.11059
6.08863
6.06677
6.04495
6.0232
6.00154
5.97997
5.9585
5.93714
5.91588
5.89473
5.87368
5.85274
5.83191
5.81122
5.79068
5.77029
5.75005
5.72995
5.71002
5.69024
5.67065
5.65124
5.63202
5.61301
5.59419
5.5756
5.5572
5.53906
5.52117
5.50353
5.48617
5.469
5.45213
5.43557
5.41939
5.40359
5.3882
5.37321
5.35863
5.3445
5.33082
5.31758
5.30481
5.29255
5.28087
5.26977
5.25915
5.24901
5.23958
5.23065
5.22252
5.21508
5.20858
5.20291
5.19864
5.19457
5.19192
5.18975
5.1894
5.18829
5.18993
5.19217
5.19683
5.2014
5.21182
5.21952
5.23455
5.24486
5.26551
5.28041
5.30822
5.33018
5.37134
12.9317
12.9118
12.8919
12.872
12.852
12.8319
12.8118
12.7917
12.7715
12.7513
12.7309
12.7106
12.6902
12.6697
12.6491
12.6285
12.6079
12.5871
12.5664
12.5455
12.5246
12.5036
12.4825
12.4614
12.4402
12.419
12.3976
12.3762
12.3548
12.3332
12.3116
12.29
12.2682
12.2464
12.2245
12.2026
12.1805
12.1584
12.1363
12.114
12.0917
12.0693
12.0469
12.0244
12.0018
11.9791
11.9564
11.9336
11.9107
11.8878
11.8648
11.8417
11.8186
11.7954
11.7721
11.7488
11.7254
11.7019
11.6784
11.6548
11.6312
11.6075
11.5837
11.5598
11.5359
11.512
11.488
11.4639
11.4398
11.4156
11.3913
11.367
11.3427
11.3183
11.2938
11.2693
11.2448
11.2202
11.1955
11.1708
11.146
11.1212
11.0964
11.0715
11.0466
11.0216
10.9966
10.9716
10.9465
10.9214
10.8962
10.871
10.8458
10.8205
10.7953
10.7699
10.7446
10.7192
10.6938
10.6684
10.6429
10.6175
10.592
10.5664
10.5409
10.5154
10.4898
10.4642
10.4386
10.413
10.3874
10.3617
10.3361
10.3104
10.2848
10.2591
10.2334
10.2077
10.1821
10.1564
10.1307
10.105
10.0793
10.0536
10.0279
10.0022
9.97657
9.95089
9.92522
9.89955
9.87389
9.84823
9.82259
9.79695
9.77132
9.74569
9.72008
9.69448
9.66888
9.6433
9.61773
9.59216
9.56661
9.54107
9.51554
9.49003
9.46452
9.43903
9.41354
9.38807
9.36261
9.33717
9.31173
9.2863
9.26089
9.23548
9.21009
9.18471
9.15933
9.13397
9.10861
9.08326
9.05793
9.0326
9.00727
8.98196
8.95665
8.93135
8.90605
8.88076
8.85548
8.8302
8.80492
8.77965
8.75438
8.72912
8.70385
8.67859
8.65333
8.62808
8.60282
8.57757
8.55231
8.52706
8.50181
8.47656
8.45131
8.42606
8.40081
8.37556
8.35031
8.32506
8.29981
8.27456
8.24932
8.22407
8.19883
8.17359
8.14835
8.12312
8.09789
8.07266
8.04744
8.02222
7.99701
7.97181
7.94661
7.92142
7.89625
7.87108
7.84592
7.82078
7.79565
7.77054
7.74544
7.72036
7.69529
7.67025
7.64523
7.62022
7.59524
7.57029
7.54536
7.52046
7.49558
7.47073
7.44592
7.42114
7.39639
7.37167
7.34699
7.32235
7.29775
7.27319
7.24866
7.22419
7.19975
7.17536
7.15101
7.12672
7.10246
7.07826
7.05411
7.03001
7.00596
6.98196
6.95802
6.93413
6.9103
6.88652
6.86279
6.83912
6.81551
6.79196
6.76846
6.74503
6.72165
6.69833
6.67506
6.65186
6.62871
6.60562
6.58259
6.55962
6.53671
6.51386
6.49106
6.46832
6.44564
6.42301
6.40044
6.37793
6.35548
6.33308
6.31075
6.28847
6.26626
6.24408
6.22195
6.19988
6.17787
6.15592
6.13405
6.11223
6.09048
6.06879
6.04717
6.02561
6.00411
5.9827
5.96141
5.94021
5.91912
5.89811
5.8772
5.85637
5.83562
5.81497
5.79441
5.77394
5.75358
5.73333
5.71319
5.69319
5.67332
5.65358
5.63399
5.61461
5.59539
5.57632
5.55743
5.53871
5.52019
5.50186
5.48376
5.46589
5.44827
5.43091
5.41382
5.39701
5.38052
5.36438
5.34861
5.33323
5.31828
5.30376
5.28973
5.27621
5.26318
5.25075
5.23878
5.22735
5.21642
5.20609
5.19641
5.18759
5.17941
5.17224
5.16566
5.16054
5.15618
5.15343
5.15108
5.15075
5.15122
5.1537
5.15678
5.16392
5.16997
5.18275
5.19254
5.2124
5.2273
5.2569
5.27802
5.31965
5.34922
5.40476
5.45079
5.54038
12.8838
12.8628
12.8418
12.8208
12.7997
12.7786
12.7575
12.7364
12.7152
12.6939
12.6727
12.6513
12.63
12.6086
12.5871
12.5657
12.5441
12.5225
12.5009
12.4792
12.4575
12.4358
12.4139
12.3921
12.3702
12.3482
12.3262
12.3041
12.282
12.2599
12.2377
12.2154
12.1931
12.1707
12.1483
12.1258
12.1033
12.0807
12.0581
12.0354
12.0127
11.9899
11.9671
11.9442
11.9212
11.8982
11.8752
11.8521
11.8289
11.8057
11.7825
11.7592
11.7358
11.7124
11.6889
11.6654
11.6419
11.6183
11.5946
11.5709
11.5471
11.5233
11.4994
11.4755
11.4516
11.4276
11.4035
11.3794
11.3553
11.3311
11.3069
11.2826
11.2583
11.2339
11.2095
11.1851
11.1606
11.1361
11.1115
11.0869
11.0622
11.0375
11.0128
10.9881
10.9633
10.9384
10.9136
10.8887
10.8637
10.8387
10.8137
10.7887
10.7637
10.7386
10.7134
10.6883
10.6631
10.6379
10.6127
10.5874
10.5621
10.5368
10.5115
10.4862
10.4608
10.4354
10.41
10.3846
10.3591
10.3337
10.3082
10.2827
10.2572
10.2317
10.2062
10.1806
10.1551
10.1295
10.1039
10.0784
10.0528
10.0272
10.0016
9.97596
9.95035
9.92473
9.89912
9.87349
9.84787
9.82224
9.79662
9.77099
9.74536
9.71974
9.69411
9.66849
9.64287
9.61725
9.59164
9.56603
9.54042
9.51482
9.48922
9.46363
9.43805
9.41247
9.38689
9.36133
9.33577
9.31021
9.28467
9.25913
9.2336
9.20808
9.18256
9.15706
9.13156
9.10607
9.08059
9.05512
9.02966
9.00421
8.97876
8.95333
8.9279
8.90248
8.87707
8.85168
8.82629
8.80091
8.77553
8.75017
8.72482
8.69948
8.67415
8.64882
8.62351
8.5982
8.57291
8.54762
8.52235
8.49709
8.47183
8.44659
8.42136
8.39613
8.37092
8.34573
8.32054
8.29536
8.2702
8.24505
8.21992
8.19479
8.16969
8.14459
8.11951
8.09445
8.0694
8.04437
8.01936
7.99436
7.96938
7.94442
7.91948
7.89457
7.86967
7.84479
7.81994
7.79511
7.77031
7.74553
7.72078
7.69605
7.67136
7.64669
7.62205
7.59744
7.57287
7.54833
7.52382
7.49934
7.47491
7.45051
7.42614
7.40182
7.37753
7.35328
7.32908
7.30492
7.2808
7.25672
7.23269
7.20871
7.18477
7.16088
7.13704
7.11325
7.0895
7.06581
7.04217
7.01858
6.99504
6.97155
6.94812
6.92474
6.90141
6.87814
6.85492
6.83176
6.80865
6.7856
6.7626
6.73966
6.71678
6.69395
6.67118
6.64846
6.62579
6.60318
6.58063
6.55813
6.53569
6.5133
6.49097
6.4687
6.44647
6.42428
6.40215
6.38008
6.35807
6.33611
6.31421
6.29236
6.27057
6.24884
6.22715
6.20556
6.18407
6.16265
6.14131
6.12003
6.09881
6.07766
6.05657
6.03554
6.01458
5.99369
5.97286
5.9521
5.93146
5.91091
5.89044
5.87006
5.84975
5.82954
5.80941
5.78937
5.76944
5.74961
5.7299
5.7103
5.69083
5.6715
5.65232
5.63329
5.61442
5.59562
5.57694
5.5584
5.54005
5.52188
5.50392
5.48618
5.4687
5.45146
5.43452
5.41785
5.40153
5.38552
5.36989
5.35464
5.33982
5.32543
5.31155
5.29817
5.28539
5.27318
5.26155
5.25066
5.24049
5.23131
5.2227
5.21503
5.20862
5.20332
5.19881
5.19575
5.19322
5.19411
5.19447
5.19772
5.20072
5.20873
5.21511
5.22927
5.23955
5.26129
5.27633
5.30741
5.32864
5.37126
5.40024
5.45797
5.49695
5.57377
5.62711
5.72598
5.80925
5.97168
12.8514
12.8296
12.8078
12.7859
12.764
12.7421
12.7202
12.6982
12.6762
12.6542
12.6322
12.6101
12.5879
12.5658
12.5436
12.5214
12.4991
12.4768
12.4545
12.4322
12.4098
12.3873
12.3649
12.3423
12.3198
12.2972
12.2746
12.252
12.2293
12.2065
12.1838
12.161
12.1381
12.1153
12.0923
12.0694
12.0464
12.0234
12.0003
11.9772
11.954
11.9308
11.9076
11.8843
11.861
11.8377
11.8143
11.7909
11.7674
11.7439
11.7204
11.6968
11.6732
11.6495
11.6258
11.6021
11.5783
11.5545
11.5307
11.5068
11.4828
11.4589
11.4349
11.4108
11.3868
11.3627
11.3385
11.3143
11.2901
11.2659
11.2416
11.2173
11.1929
11.1685
11.1441
11.1196
11.0951
11.0706
11.0461
11.0215
10.9968
10.9722
10.9475
10.9228
10.8981
10.8733
10.8485
10.8237
10.7988
10.7739
10.749
10.7241
10.6991
10.6741
10.6491
10.6241
10.599
10.5739
10.5488
10.5237
10.4986
10.4734
10.4482
10.423
10.3978
10.3725
10.3472
10.322
10.2966
10.2713
10.246
10.2206
10.1953
10.1699
10.1445
10.1191
10.0937
10.0683
10.0428
10.0174
9.99193
9.96647
9.94099
9.91551
9.89002
9.86452
9.83901
9.8135
9.78799
9.76247
9.73695
9.71142
9.68589
9.66036
9.63482
9.60928
9.58375
9.55821
9.53267
9.50713
9.4816
9.45606
9.43053
9.405
9.37947
9.35394
9.32842
9.3029
9.27739
9.25188
9.22637
9.20088
9.17538
9.1499
9.12442
9.09894
9.07348
9.04802
9.02257
8.99712
8.97169
8.94626
8.92085
8.89544
8.87004
8.84466
8.81928
8.79391
8.76856
8.74322
8.71788
8.69256
8.66726
8.64196
8.61668
8.59141
8.56615
8.54091
8.51569
8.49047
8.46528
8.44009
8.41493
8.38978
8.36464
8.33953
8.31443
8.28935
8.26429
8.23925
8.21422
8.18922
8.16424
8.13928
8.11434
8.08942
8.06453
8.03966
8.01481
7.98999
7.9652
7.94043
7.91568
7.89097
7.86628
7.84162
7.81699
7.79239
7.76783
7.74329
7.71879
7.69432
7.66988
7.64548
7.62112
7.59679
7.5725
7.54824
7.52403
7.49986
7.47572
7.45163
7.42758
7.40358
7.37961
7.35569
7.33182
7.30799
7.28421
7.26047
7.23679
7.21315
7.18957
7.16603
7.14254
7.11911
7.09572
7.07239
7.04911
7.02589
7.00272
6.9796
6.95654
6.93353
6.91058
6.88768
6.86484
6.84206
6.81932
6.79665
6.77403
6.75147
6.72897
6.70652
6.68414
6.66181
6.63952
6.6173
6.59513
6.57302
6.55096
6.52897
6.50704
6.48515
6.46334
6.44159
6.41994
6.39836
6.37686
6.35542
6.33404
6.31273
6.29147
6.27028
6.24915
6.22808
6.20709
6.18618
6.16535
6.14458
6.12388
6.10325
6.08268
6.06218
6.04176
6.02141
6.00113
5.98094
5.96083
5.94082
5.92084
5.90089
5.881
5.86119
5.84147
5.82185
5.80233
5.78293
5.76365
5.7445
5.72548
5.70661
5.68789
5.66934
5.65097
5.63277
5.6148
5.59705
5.57956
5.5623
5.54532
5.52858
5.51216
5.49603
5.48026
5.46482
5.44978
5.43509
5.42091
5.40714
5.39392
5.38119
5.36902
5.35749
5.34669
5.33656
5.32726
5.31859
5.31093
5.30432
5.29881
5.29443
5.29046
5.28839
5.2889
5.29001
5.29144
5.29593
5.30035
5.3101
5.31798
5.33412
5.34594
5.3698
5.38643
5.41982
5.44236
5.48762
5.51753
5.57759
5.61698
5.69576
5.74731
5.85027
5.91814
6.05148
6.14288
6.3119
6.45419
6.732
12.8304
12.808
12.7856
12.7631
12.7406
12.7181
12.6956
12.673
12.6504
12.6278
12.6052
12.5825
12.5598
12.5371
12.5143
12.4915
12.4687
12.4459
12.423
12.4001
12.3772
12.3542
12.3312
12.3082
12.2851
12.2621
12.2389
12.2158
12.1926
12.1694
12.1462
12.1229
12.0997
12.0763
12.053
12.0296
12.0062
11.9828
11.9593
11.9358
11.9123
11.8887
11.8651
11.8415
11.8179
11.7942
11.7705
11.7467
11.723
11.6992
11.6754
11.6515
11.6276
11.6037
11.5798
11.5558
11.5318
11.5078
11.4837
11.4596
11.4355
11.4114
11.3872
11.363
11.3388
11.3145
11.2902
11.2659
11.2416
11.2172
11.1928
11.1684
11.1439
11.1195
11.095
11.0704
11.0459
11.0213
10.9967
10.9721
10.9474
10.9228
10.8981
10.8734
10.8486
10.8238
10.799
10.7742
10.7494
10.7245
10.6997
10.6748
10.6498
10.6249
10.5999
10.575
10.55
10.5249
10.4999
10.4748
10.4498
10.4247
10.3996
10.3745
10.3493
10.3242
10.299
10.2738
10.2486
10.2234
10.1982
10.1729
10.1477
10.1224
10.0971
10.0718
10.0465
10.0212
9.99588
9.97055
9.9452
9.91985
9.89449
9.86913
9.84375
9.81837
9.79298
9.76759
9.74219
9.71678
9.69137
9.66596
9.64054
9.61512
9.58969
9.56426
9.53883
9.5134
9.48797
9.46254
9.43711
9.41167
9.38624
9.36081
9.33538
9.30995
9.28452
9.2591
9.23368
9.20826
9.18285
9.15744
9.13204
9.10664
9.08125
9.05587
9.03049
9.00512
8.97975
8.9544
8.92905
8.90371
8.87838
8.85306
8.82775
8.80245
8.77717
8.75189
8.72662
8.70137
8.67613
8.65091
8.6257
8.6005
8.57532
8.55015
8.525
8.49987
8.47475
8.44965
8.42456
8.3995
8.37446
8.34943
8.32442
8.29944
8.27448
8.24953
8.22462
8.19972
8.17485
8.15
8.12518
8.10038
8.07562
8.05087
8.02616
8.00147
7.97681
7.95218
7.92759
7.90302
7.87848
7.85398
7.82951
7.80508
7.78068
7.75631
7.73198
7.70769
7.68344
7.65922
7.63505
7.61091
7.58681
7.56276
7.53875
7.51478
7.49086
7.46698
7.44314
7.41935
7.39561
7.37192
7.34827
7.32467
7.30112
7.27762
7.25417
7.23078
7.20744
7.18415
7.16091
7.13773
7.1146
7.09152
7.0685
7.04553
7.02262
6.99977
6.97698
6.95425
6.93158
6.90897
6.8864
6.8639
6.84145
6.81906
6.79673
6.77447
6.75226
6.73012
6.70805
6.68605
6.66412
6.64227
6.6205
6.59881
6.57718
6.55561
6.53412
6.51269
6.49132
6.47002
6.44881
6.42767
6.4066
6.3856
6.36467
6.3438
6.323
6.30227
6.28161
6.26102
6.24051
6.22007
6.1997
6.17934
6.15902
6.13876
6.11857
6.09846
6.07842
6.05847
6.0386
6.01883
5.99915
5.97957
5.96009
5.94072
5.92149
5.9024
5.88344
5.86461
5.84593
5.8274
5.80902
5.79081
5.77277
5.75492
5.73726
5.71981
5.70259
5.6856
5.66885
5.65238
5.63619
5.6203
5.60475
5.58951
5.57468
5.5602
5.5462
5.53258
5.51951
5.50687
5.49479
5.48327
5.47251
5.46228
5.45288
5.44406
5.43607
5.42931
5.42343
5.41846
5.41451
5.41126
5.41088
5.41072
5.4132
5.41518
5.41891
5.42592
5.43317
5.44564
5.45682
5.4754
5.49091
5.51716
5.53781
5.5737
5.6004
5.64839
5.68231
5.74547
5.7882
5.87049
5.92435
6.03077
6.0992
6.23615
6.32413
6.50027
6.61447
6.84046
6.99338
7.27758
7.5162
7.98127
12.8169
12.7941
12.7713
12.7485
12.7256
12.7027
12.6797
12.6568
12.6338
12.6108
12.5877
12.5646
12.5415
12.5184
12.4952
12.472
12.4488
12.4256
12.4023
12.379
12.3557
12.3323
12.309
12.2856
12.2621
12.2387
12.2152
12.1917
12.1681
12.1446
12.121
12.0974
12.0737
12.0501
12.0264
12.0026
11.9789
11.9551
11.9314
11.9075
11.8837
11.8598
11.836
11.812
11.7881
11.7641
11.7402
11.7162
11.6921
11.6681
11.644
11.6199
11.5958
11.5716
11.5474
11.5233
11.499
11.4748
11.4505
11.4263
11.4019
11.3776
11.3533
11.3289
11.3045
11.2801
11.2556
11.2312
11.2067
11.1822
11.1577
11.1331
11.1086
11.084
11.0594
11.0348
11.0101
10.9855
10.9608
10.9361
10.9114
10.8866
10.8619
10.8371
10.8123
10.7875
10.7627
10.7378
10.713
10.6881
10.6632
10.6383
10.6134
10.5884
10.5635
10.5385
10.5135
10.4885
10.4635
10.4385
10.4134
10.3884
10.3633
10.3382
10.3131
10.288
10.2629
10.2377
10.2126
10.1874
10.1622
10.1371
10.1119
10.0867
10.0615
10.0363
10.011
9.98579
9.96054
9.93529
9.91003
9.88476
9.85949
9.8342
9.80892
9.78362
9.75833
9.73302
9.70771
9.6824
9.65708
9.63176
9.60644
9.58111
9.55578
9.53045
9.50512
9.47979
9.45445
9.42912
9.40378
9.37844
9.35311
9.32778
9.30244
9.27711
9.25178
9.22646
9.20114
9.17582
9.1505
9.1252
9.09989
9.07459
9.0493
9.02401
8.99873
8.97346
8.94819
8.92294
8.89769
8.87245
8.84722
8.822
8.79679
8.7716
8.74641
8.72124
8.69608
8.67093
8.6458
8.62068
8.59557
8.57048
8.54541
8.52036
8.49532
8.4703
8.4453
8.42031
8.39535
8.37041
8.34548
8.32058
8.29571
8.27085
8.24602
8.22121
8.19643
8.17167
8.14694
8.12224
8.09757
8.07292
8.0483
8.02372
7.99916
7.97463
7.95014
7.92568
7.90125
7.87686
7.85251
7.82819
7.8039
7.77966
7.75545
7.73128
7.70715
7.68306
7.65901
7.635
7.61104
7.58712
7.56325
7.53942
7.51564
7.4919
7.46822
7.44458
7.42099
7.39745
7.37395
7.35051
7.32712
7.30379
7.2805
7.25728
7.23411
7.211
7.18795
7.16495
7.142
7.1191
7.09627
7.07349
7.05078
7.02812
7.00553
6.98301
6.96056
6.93818
6.91586
6.89362
6.87146
6.84937
6.82736
6.80541
6.78353
6.76173
6.73999
6.71833
6.69676
6.67525
6.65382
6.63246
6.61117
6.58995
6.5688
6.54773
6.52674
6.50581
6.48497
6.46421
6.44347
6.42278
6.40214
6.38157
6.36107
6.34064
6.32029
6.30002
6.27984
6.25974
6.23972
6.2198
6.19998
6.18027
6.16067
6.14117
6.12179
6.10252
6.08336
6.06432
6.04541
6.02663
6.00798
5.98948
5.97113
5.95293
5.9349
5.91704
5.89938
5.8819
5.86463
5.84758
5.83076
5.81418
5.79785
5.78179
5.76602
5.75056
5.73541
5.72061
5.70616
5.69213
5.6785
5.66531
5.6526
5.64032
5.62865
5.61751
5.6071
5.59717
5.58809
5.57953
5.57181
5.56524
5.55957
5.55462
5.55076
5.54762
5.54603
5.5476
5.54817
5.55092
5.55419
5.56025
5.56752
5.57796
5.58941
5.60499
5.62075
5.64253
5.66349
5.69297
5.71997
5.75898
5.79295
5.84391
5.88593
5.95201
6.00349
6.08882
6.15153
6.26141
6.33777
6.47896
6.57258
6.75366
6.86999
7.10168
7.24939
7.54561
7.73561
8.11459
8.36876
8.84238
9.23902
10.0092
12.8081
12.7851
12.762
12.7389
12.7158
12.6926
12.6694
12.6462
12.6229
12.5997
12.5764
12.553
12.5297
12.5063
12.4828
12.4594
12.4359
12.4124
12.3889
12.3653
12.3417
12.3181
12.2945
12.2708
12.2471
12.2234
12.1996
12.1759
12.1521
12.1283
12.1044
12.0805
12.0567
12.0327
12.0088
11.9848
11.9609
11.9369
11.9128
11.8888
11.8647
11.8406
11.8165
11.7924
11.7682
11.744
11.7198
11.6956
11.6714
11.6471
11.6228
11.5985
11.5742
11.5499
11.5255
11.5011
11.4767
11.4523
11.4279
11.4034
11.379
11.3545
11.33
11.3054
11.2809
11.2563
11.2318
11.2072
11.1825
11.1579
11.1333
11.1086
11.0839
11.0592
11.0345
11.0098
10.9851
10.9603
10.9355
10.9107
10.8859
10.8611
10.8363
10.8114
10.7866
10.7617
10.7368
10.7119
10.687
10.6621
10.6371
10.6122
10.5872
10.5623
10.5373
10.5123
10.4873
10.4622
10.4372
10.4122
10.3871
10.362
10.337
10.3119
10.2868
10.2617
10.2366
10.2114
10.1863
10.1612
10.136
10.1109
10.0857
10.0605
10.0354
10.0102
9.98497
9.95978
9.93457
9.90936
9.88415
9.85893
9.8337
9.80847
9.78324
9.758
9.73275
9.70751
9.68226
9.65701
9.63175
9.6065
9.58124
9.55598
9.53072
9.50545
9.48019
9.45493
9.42966
9.4044
9.37914
9.35388
9.32862
9.30336
9.27811
9.25285
9.2276
9.20236
9.17712
9.15188
9.12665
9.10142
9.0762
9.05098
9.02577
9.00057
8.97537
8.95019
8.92501
8.89984
8.87468
8.84953
8.82439
8.79926
8.77414
8.74903
8.72394
8.69886
8.67379
8.64874
8.6237
8.59868
8.57367
8.54868
8.52371
8.49876
8.47382
8.4489
8.424
8.39913
8.37427
8.34944
8.32462
8.29984
8.27507
8.25033
8.22562
8.20093
8.17627
8.15163
8.12703
8.10245
8.0779
8.05339
8.0289
8.00445
7.98003
7.95564
7.93129
7.90698
7.8827
7.85846
7.83426
7.81009
7.78597
7.76188
7.73784
7.71383
7.68987
7.66595
7.64208
7.61825
7.59447
7.57074
7.54706
7.52343
7.49986
7.47633
7.45284
7.42941
7.40602
7.38269
7.35942
7.3362
7.31303
7.28993
7.2669
7.24393
7.22102
7.19818
7.1754
7.15269
7.13006
7.10749
7.085
7.06257
7.04022
7.01793
6.99572
6.97359
6.95153
6.92955
6.90764
6.8858
6.86403
6.84233
6.82072
6.79917
6.77771
6.75632
6.73502
6.71378
6.69258
6.67144
6.65037
6.62937
6.60844
6.58759
6.56682
6.54613
6.52553
6.50501
6.48458
6.46424
6.444
6.42387
6.40384
6.3839
6.36407
6.34434
6.32472
6.30521
6.28581
6.26653
6.24736
6.22832
6.20941
6.19063
6.17199
6.1535
6.13515
6.11697
6.09895
6.0811
6.06343
6.04594
6.02865
6.01156
5.9947
5.97805
5.96165
5.94549
5.92961
5.914
5.89869
5.8837
5.86903
5.85473
5.84078
5.82725
5.81413
5.80146
5.78924
5.77754
5.76639
5.75586
5.74587
5.73658
5.72789
5.71988
5.71293
5.70672
5.70151
5.69689
5.69358
5.69087
5.68974
5.69166
5.69251
5.69532
5.69899
5.70492
5.71248
5.72255
5.73428
5.74888
5.76509
5.78502
5.80653
5.83294
5.86063
5.8949
5.92976
5.97365
6.01685
6.07264
6.12557
6.19626
6.26058
6.35009
6.4277
6.54121
6.63446
6.77876
6.89063
7.07464
7.20907
7.44436
7.60688
7.90831
8.10709
8.49349
8.74109
9.23582
9.55199
10.1821
10.6021
11.384
12.0303
13.2848
12.8019
12.7788
12.7555
12.7323
12.709
12.6857
12.6623
12.639
12.6155
12.5921
12.5686
12.5452
12.5216
12.4981
12.4745
12.4509
12.4272
12.4036
12.3799
12.3562
12.3324
12.3086
12.2848
12.261
12.2371
12.2133
12.1893
12.1654
12.1415
12.1175
12.0935
12.0694
12.0454
12.0213
11.9972
11.9731
11.949
11.9248
11.9006
11.8764
11.8522
11.8279
11.8037
11.7794
11.7551
11.7307
11.7064
11.682
11.6576
11.6332
11.6088
11.5843
11.5599
11.5354
11.5109
11.4864
11.4619
11.4373
11.4127
11.3882
11.3636
11.3389
11.3143
11.2897
11.265
11.2403
11.2156
11.1909
11.1662
11.1415
11.1167
11.092
11.0672
11.0424
11.0176
10.9928
10.9679
10.9431
10.9182
10.8934
10.8685
10.8436
10.8187
10.7938
10.7688
10.7439
10.7189
10.694
10.669
10.644
10.619
10.594
10.569
10.544
10.519
10.4939
10.4689
10.4438
10.4187
10.3937
10.3686
10.3435
10.3184
10.2933
10.2682
10.243
10.2179
10.1928
10.1676
10.1425
10.1173
10.0922
10.067
10.0418
10.0167
9.9915
9.96631
9.94112
9.91593
9.89073
9.86553
9.84033
9.81512
9.78991
9.7647
9.73949
9.71427
9.68905
9.66383
9.63861
9.61339
9.58817
9.56294
9.53772
9.5125
9.48727
9.46205
9.43683
9.41161
9.38639
9.36118
9.33597
9.31076
9.28555
9.26034
9.23514
9.20995
9.18475
9.15957
9.13439
9.10921
9.08404
9.05888
9.03372
9.00858
8.98344
8.9583
8.93318
8.90807
8.88296
8.85787
8.83279
8.80772
8.78266
8.75761
8.73258
8.70756
8.68255
8.65756
8.63258
8.60762
8.58268
8.55775
8.53284
8.50795
8.48308
8.45823
8.43339
8.40859
8.3838
8.35903
8.33429
8.30957
8.28488
8.26021
8.23557
8.21096
8.18637
8.16181
8.13728
8.11278
8.08831
8.06388
8.03947
8.01511
7.99077
7.96647
7.94221
7.91799
7.89381
7.86966
7.84556
7.8215
7.79747
7.77348
7.74954
7.72564
7.70179
7.67798
7.65422
7.63051
7.60685
7.58325
7.55971
7.53622
7.51278
7.4894
7.46608
7.44282
7.41963
7.3965
7.37343
7.35043
7.32748
7.30461
7.28181
7.25909
7.23643
7.21383
7.19131
7.16885
7.14646
7.12414
7.1019
7.07973
7.05764
7.03562
7.01369
6.99182
6.97
6.94824
6.92655
6.90493
6.88339
6.86193
6.84054
6.81924
6.79802
6.77688
6.75583
6.73487
6.714
6.69324
6.67258
6.65201
6.63154
6.61117
6.59091
6.57074
6.55069
6.53074
6.5109
6.49117
6.47156
6.45206
6.43269
6.41345
6.39434
6.37536
6.35652
6.33783
6.31928
6.30089
6.28265
6.26458
6.24668
6.22896
6.21142
6.19408
6.17693
6.16
6.14329
6.12681
6.11058
6.09459
6.07888
6.06345
6.04831
6.03349
6.01899
6.00485
5.99105
5.97769
5.96468
5.95216
5.94006
5.92845
5.91738
5.90686
5.89693
5.8876
5.87894
5.87088
5.86377
5.85743
5.85199
5.84723
5.84355
5.84064
5.83894
5.83979
5.84031
5.84257
5.84551
5.85047
5.85705
5.86537
5.87588
5.88831
5.90308
5.91996
5.93971
5.96189
5.98761
6.016
6.04879
6.08439
6.1256
6.16968
6.22105
6.27508
6.3388
6.40457
6.48349
6.56313
6.6609
6.75693
6.87836
6.99378
7.14518
7.28366
7.47336
7.63925
7.87821
8.07686
8.37957
8.61772
9.00313
9.28956
9.78218
10.1289
10.7597
11.184
11.9909
12.5187
13.5451
14.2208
15.4893
16.4949
18.4666
12.7972
12.7739
12.7506
12.7273
12.7039
12.6805
12.657
12.6336
12.6101
12.5865
12.563
12.5394
12.5158
12.4921
12.4685
12.4447
12.421
12.3973
12.3735
12.3496
12.3258
12.3019
12.278
12.2541
12.2302
12.2062
12.1822
12.1582
12.1341
12.11
12.0859
12.0618
12.0377
12.0135
11.9893
11.9651
11.9408
11.9166
11.8923
11.868
11.8437
11.8193
11.795
11.7706
11.7462
11.7218
11.6973
11.6728
11.6484
11.6239
11.5993
11.5748
11.5503
11.5257
11.5011
11.4765
11.4519
11.4272
11.4026
11.3779
11.3532
11.3285
11.3038
11.2791
11.2543
11.2296
11.2048
11.18
11.1552
11.1304
11.1056
11.0808
11.0559
11.031
11.0062
10.9813
10.9564
10.9315
10.9065
10.8816
10.8567
10.8317
10.8067
10.7818
10.7568
10.7318
10.7068
10.6817
10.6567
10.6317
10.6066
10.5816
10.5565
10.5315
10.5064
10.4813
10.4562
10.4311
10.406
10.3809
10.3558
10.3307
10.3055
10.2804
10.2553
10.2301
10.205
10.1798
10.1546
10.1295
10.1043
10.0791
10.054
10.0288
10.0036
9.9784
9.9532
9.92801
9.90281
9.87761
9.8524
9.8272
9.80199
9.77678
9.75157
9.72636
9.70115
9.67594
9.65073
9.62552
9.60031
9.5751
9.54988
9.52468
9.49947
9.47426
9.44906
9.42386
9.39866
9.37347
9.34827
9.32309
9.2979
9.27272
9.24754
9.22237
9.19721
9.17205
9.14689
9.12175
9.09661
9.07148
9.04635
9.02123
8.99612
8.97103
8.94594
8.92086
8.89579
8.87074
8.84569
8.82066
8.79564
8.77063
8.74563
8.72065
8.69569
8.67074
8.6458
8.62089
8.59598
8.5711
8.54624
8.52139
8.49657
8.47176
8.44698
8.42223
8.39749
8.37278
8.34809
8.32343
8.2988
8.2742
8.24961
8.22506
8.20053
8.17603
8.15156
8.12713
8.10272
8.07836
8.05402
8.02973
8.00548
7.98126
7.95709
7.93295
7.90886
7.88481
7.86081
7.83684
7.81293
7.78907
7.76526
7.7415
7.71779
7.69414
7.67053
7.64699
7.62351
7.60009
7.57672
7.55342
7.53017
7.50698
7.48385
7.46078
7.43778
7.41484
7.39197
7.36916
7.34643
7.32377
7.30117
7.27862
7.25613
7.23371
7.21135
7.18907
7.16686
7.14472
7.12266
7.10068
7.07878
7.05696
7.03522
7.01357
6.99201
6.97055
6.94918
6.9279
6.90672
6.88564
6.86466
6.84377
6.82298
6.8023
6.78172
6.76125
6.74089
6.72063
6.7005
6.68048
6.66058
6.6408
6.62116
6.60164
6.58225
6.563
6.54389
6.52492
6.5061
6.48743
6.46892
6.45058
6.4324
6.41439
6.39657
6.37893
6.36149
6.34426
6.32723
6.31042
6.29384
6.2775
6.26141
6.24559
6.23003
6.21476
6.1998
6.18515
6.17083
6.15686
6.14326
6.13006
6.11724
6.10488
6.09297
6.08152
6.07062
6.06022
6.05048
6.0412
6.03274
6.02473
6.01764
6.01133
6.00582
6.00109
5.99729
5.99445
5.99254
5.99284
5.99328
5.99524
5.99797
6.00249
6.00853
6.01624
6.02585
6.0374
6.05098
6.06675
6.08485
6.10557
6.12895
6.15544
6.18502
6.21828
6.25506
6.29628
6.3415
6.39218
6.44736
6.50931
6.57625
6.65175
6.73268
6.82458
6.92213
7.03405
7.15145
7.28799
7.42916
7.59632
7.76601
7.97145
8.17537
8.42907
8.67409
8.98906
9.28337
9.67654
10.0299
10.5232
10.9471
11.5689
12.0769
12.8634
13.4715
14.4679
15.1953
16.4564
17.3282
18.9146
19.9718
21.9116
23.3743
26.2815
12.7933
12.77
12.7466
12.7232
12.6997
12.6763
12.6528
12.6292
12.6057
12.5821
12.5585
12.5348
12.5112
12.4875
12.4637
12.44
12.4162
12.3924
12.3685
12.3446
12.3207
12.2968
12.2729
12.2489
12.2249
12.2009
12.1768
12.1527
12.1286
12.1045
12.0803
12.0562
12.032
12.0077
11.9835
11.9592
11.9349
11.9106
11.8863
11.8619
11.8376
11.8132
11.7888
11.7643
11.7399
11.7154
11.6909
11.6664
11.6419
11.6173
11.5927
11.5681
11.5435
11.5189
11.4943
11.4696
11.445
11.4203
11.3956
11.3709
11.3461
11.3214
11.2966
11.2718
11.247
11.2222
11.1974
11.1726
11.1477
11.1229
11.098
11.0731
11.0482
11.0233
10.9984
10.9734
10.9485
10.9235
10.8986
10.8736
10.8486
10.8236
10.7986
10.7736
10.7486
10.7235
10.6985
10.6734
10.6484
10.6233
10.5982
10.5732
10.5481
10.523
10.4979
10.4727
10.4476
10.4225
10.3974
10.3722
10.3471
10.3219
10.2968
10.2716
10.2464
10.2213
10.1961
10.1709
10.1457
10.1206
10.0954
10.0702
10.045
10.0198
9.99457
9.96937
9.94416
9.91895
9.89374
9.86853
9.84331
9.8181
9.79289
9.76767
9.74246
9.71724
9.69203
9.66681
9.6416
9.61639
9.59117
9.56597
9.54076
9.51555
9.49035
9.46515
9.43995
9.41476
9.38957
9.36439
9.3392
9.31403
9.28885
9.26369
9.23853
9.21337
9.18822
9.16308
9.13795
9.11282
9.0877
9.0626
9.0375
9.01241
8.98733
8.96226
8.9372
8.91216
8.88712
8.8621
8.8371
8.8121
8.78712
8.76215
8.7372
8.71226
8.68734
8.66243
8.63754
8.61268
8.58783
8.563
8.53819
8.51341
8.48865
8.46392
8.4392
8.41452
8.38986
8.36523
8.34062
8.31605
8.2915
8.26698
8.2425
8.21805
8.19363
8.16926
8.14491
8.12061
8.09634
8.07212
8.04794
8.02381
7.99971
7.97566
7.95165
7.92769
7.90377
7.8799
7.85608
7.83231
7.80858
7.78492
7.7613
7.73774
7.71424
7.69079
7.6674
7.64407
7.62077
7.59754
7.57435
7.55123
7.52817
7.50518
7.48225
7.45938
7.43659
7.41386
7.39121
7.36863
7.34613
7.3237
7.30135
7.27909
7.25692
7.23483
7.21283
7.19092
7.16909
7.14736
7.12572
7.10417
7.08272
7.06136
7.04011
7.01895
6.9979
6.97696
6.95613
6.93541
6.9148
6.89431
6.87394
6.85369
6.83356
6.81356
6.79369
6.77396
6.75436
6.7349
6.71559
6.69642
6.67741
6.65856
6.63986
6.62134
6.60299
6.58481
6.56682
6.54902
6.53141
6.51401
6.49683
6.47986
6.46312
6.44662
6.43037
6.41437
6.39865
6.3832
6.36805
6.35321
6.33869
6.3245
6.31068
6.29722
6.28416
6.2715
6.25928
6.24752
6.23622
6.22545
6.2152
6.20554
6.19642
6.18802
6.18019
6.17312
6.16689
6.16135
6.15675
6.15282
6.15021
6.14797
6.14791
6.14825
6.14998
6.15259
6.15684
6.16258
6.16986
6.17894
6.18983
6.20268
6.21753
6.23461
6.25406
6.27609
6.30086
6.32866
6.35962
6.39411
6.43225
6.47454
6.52106
6.5725
6.62891
6.69116
6.75919
6.83427
6.91609
7.00651
7.10472
7.2135
7.33126
7.46225
7.60342
7.76135
7.93071
8.12159
8.32489
8.5562
8.80046
9.08167
9.37536
9.7184
10.0717
10.4915
10.9163
11.4317
11.9417
12.5763
13.187
13.9697
14.6977
15.6642
16.5264
17.7204
18.7325
20.2067
21.3818
23.1989
24.5467
26.7768
28.3112
30.9878
32.9187
36.7852
12.79
12.7666
12.7432
12.7197
12.6963
12.6727
12.6492
12.6256
12.602
12.5784
12.5547
12.5311
12.5073
12.4836
12.4598
12.436
12.4122
12.3884
12.3645
12.3406
12.3166
12.2927
12.2687
12.2447
12.2207
12.1966
12.1725
12.1484
12.1243
12.1001
12.0759
12.0517
12.0275
12.0033
11.979
11.9547
11.9304
11.906
11.8817
11.8573
11.8329
11.8085
11.784
11.7596
11.7351
11.7106
11.6861
11.6615
11.637
11.6124
11.5878
11.5632
11.5386
11.5139
11.4892
11.4646
11.4399
11.4152
11.3904
11.3657
11.3409
11.3162
11.2914
11.2666
11.2418
11.2169
11.1921
11.1672
11.1424
11.1175
11.0926
11.0677
11.0427
11.0178
10.9929
10.9679
10.943
10.918
10.893
10.868
10.843
10.818
10.7929
10.7679
10.7428
10.7178
10.6927
10.6677
10.6426
10.6175
10.5924
10.5673
10.5422
10.517
10.4919
10.4668
10.4417
10.4165
10.3914
10.3662
10.341
10.3159
10.2907
10.2655
10.2403
10.2152
10.19
10.1648
10.1396
10.1144
10.0892
10.064
10.0388
10.0135
9.98833
9.96311
9.9379
9.91268
9.88746
9.86224
9.83702
9.81179
9.78657
9.76135
9.73613
9.71091
9.68569
9.66048
9.63526
9.61005
9.58484
9.55963
9.53442
9.50922
9.48402
9.45882
9.43363
9.40844
9.38325
9.35807
9.3329
9.30772
9.28256
9.2574
9.23226
9.20711
9.18198
9.15686
9.13174
9.10664
9.08154
9.05646
9.03139
9.00632
8.98128
8.95624
8.93121
8.9062
8.88121
8.85622
8.83126
8.80631
8.78138
8.75646
8.73157
8.70669
8.68184
8.657
8.63219
8.6074
8.58264
8.5579
8.53319
8.50851
8.48385
8.45921
8.43461
8.41003
8.38548
8.36096
8.33648
8.31202
8.2876
8.26321
8.23887
8.21455
8.19028
8.16604
8.14184
8.11769
8.09358
8.0695
8.04546
8.02146
7.9975
7.97358
7.94972
7.92589
7.90212
7.8784
7.85473
7.83112
7.80756
7.78406
7.76061
7.73723
7.71391
7.69065
7.66745
7.64433
7.62127
7.59829
7.57538
7.55254
7.52978
7.5071
7.48449
7.46196
7.43951
7.41715
7.39487
7.37268
7.35057
7.32855
7.30663
7.2848
7.26307
7.24144
7.21991
7.19848
7.17716
7.15594
7.13484
7.11385
7.09297
7.07221
7.05157
7.03106
7.01067
6.99041
6.97029
6.9503
6.93045
6.91074
6.89118
6.87177
6.85252
6.83342
6.81449
6.79574
6.77715
6.75875
6.74053
6.7225
6.70467
6.68705
6.66964
6.65245
6.63548
6.61876
6.60228
6.58605
6.5701
6.55441
6.53902
6.52393
6.50915
6.4947
6.48058
6.46684
6.45346
6.44048
6.42791
6.41577
6.40409
6.39288
6.38219
6.37202
6.36241
6.35338
6.34498
6.33724
6.33017
6.32391
6.31835
6.31366
6.30975
6.30692
6.3048
6.30421
6.30466
6.30575
6.30834
6.31222
6.31762
6.32439
6.33289
6.34309
6.35513
6.36908
6.38513
6.40342
6.42411
6.44737
6.47341
6.50242
6.53462
6.57027
6.6096
6.65293
6.70055
6.75287
6.81019
6.87307
6.94179
7.01707
7.09923
7.1892
7.28728
7.3947
7.51166
7.63992
7.77944
7.93265
8.09918
8.28249
8.48146
8.70113
8.93913
9.20287
9.48788
9.80519
10.1468
10.5293
10.939
11.4006
11.8917
12.4492
13.037
13.7105
14.412
15.2245
16.0577
17.0361
18.0191
19.1936
20.3427
21.7475
23.0752
24.7494
26.2614
28.2507
29.9426
32.3031
34.1573
36.9578
38.9482
42.2323
44.5218
49.1313
12.7872
12.7638
12.7403
12.7168
12.6933
12.6698
12.6462
12.6226
12.5989
12.5753
12.5516
12.5279
12.5041
12.4804
12.4566
12.4327
12.4089
12.385
12.3611
12.3372
12.3132
12.2893
12.2652
12.2412
12.2172
12.1931
12.169
12.1449
12.1207
12.0965
12.0723
12.0481
12.0239
11.9996
11.9753
11.951
11.9267
11.9023
11.8779
11.8535
11.8291
11.8047
11.7802
11.7558
11.7313
11.7068
11.6822
11.6577
11.6331
11.6085
11.5839
11.5593
11.5347
11.51
11.4853
11.4606
11.4359
11.4112
11.3865
11.3617
11.337
11.3122
11.2874
11.2626
11.2378
11.2129
11.1881
11.1632
11.1383
11.1134
11.0885
11.0636
11.0387
11.0137
10.9888
10.9638
10.9388
10.9139
10.8889
10.8639
10.8388
10.8138
10.7888
10.7637
10.7387
10.7136
10.6885
10.6635
10.6384
10.6133
10.5882
10.5631
10.5379
10.5128
10.4877
10.4625
10.4374
10.4122
10.3871
10.3619
10.3368
10.3116
10.2864
10.2612
10.236
10.2108
10.1856
10.1604
10.1352
10.11
10.0848
10.0596
10.0344
10.0092
9.98396
9.95874
9.93352
9.9083
9.88308
9.85786
9.83264
9.80742
9.7822
9.75698
9.73176
9.70654
9.68133
9.65612
9.63091
9.6057
9.58049
9.55529
9.5301
9.50491
9.47972
9.45454
9.42936
9.40419
9.37903
9.35388
9.32873
9.30359
9.27846
9.25334
9.22823
9.20313
9.17804
9.15296
9.12789
9.10284
9.07779
9.05276
9.02775
9.00274
8.97775
8.95278
8.92782
8.90288
8.87795
8.85304
8.82815
8.80328
8.77843
8.7536
8.7288
8.70401
8.67925
8.65451
8.6298
8.6051
8.58043
8.55578
8.53116
8.50656
8.48199
8.45745
8.43294
8.40847
8.38402
8.35961
8.33523
8.31089
8.28659
8.26232
8.2381
8.21391
8.18977
8.16567
8.14161
8.11761
8.09364
8.06973
8.04588
8.02207
7.99832
7.97463
7.95099
7.92741
7.90389
7.88043
7.85703
7.83369
7.81042
7.78722
7.76409
7.74102
7.71803
7.69511
7.67227
7.64951
7.62682
7.60422
7.5817
7.55926
7.53691
7.51466
7.49249
7.47042
7.44844
7.42656
7.40478
7.38311
7.36153
7.34007
7.31872
7.29748
7.27635
7.25535
7.23446
7.2137
7.19306
7.17256
7.15219
7.13196
7.11187
7.09192
7.07213
7.05248
7.03299
7.01367
6.99451
6.97552
6.95671
6.93808
6.91964
6.90139
6.88334
6.86549
6.84786
6.83045
6.81327
6.79633
6.77963
6.76318
6.747
6.73109
6.71547
6.70015
6.68513
6.67043
6.65608
6.64207
6.62843
6.61516
6.6023
6.58985
6.57785
6.5663
6.55524
6.54468
6.53464
6.52517
6.51628
6.50802
6.5004
6.49348
6.48731
6.48184
6.47721
6.47342
6.47058
6.46863
6.46782
6.46815
6.46925
6.47179
6.4756
6.48082
6.48744
6.49563
6.5055
6.51709
6.53056
6.54599
6.56358
6.58342
6.60572
6.63061
6.65831
6.689
6.7229
6.76026
6.80134
6.84639
6.89577
6.94977
7.0088
7.07328
7.1436
7.22031
7.3039
7.39501
7.49424
7.60236
7.72005
7.84831
7.98792
8.14015
8.30583
8.4867
8.68355
8.89869
9.13284
9.38908
9.66789
9.9735
10.3059
10.6708
11.0672
11.5032
11.976
12.4969
13.0602
13.6819
14.3516
15.0922
15.8855
16.7644
17.6991
18.7373
19.8306
21.0494
22.3167
23.737
25.1898
26.8322
28.4761
30.3608
32.1937
34.343
36.3525
38.7949
40.9561
43.7343
46.0063
49.1856
51.5119
55.1562
57.6374
62.6362
12.7849
12.7614
12.7379
12.7144
12.6908
12.6673
12.6437
12.62
12.5964
12.5727
12.549
12.5252
12.5015
12.4777
12.4539
12.43
12.4061
12.3823
12.3583
12.3344
12.3104
12.2864
12.2624
12.2383
12.2143
12.1902
12.1661
12.1419
12.1178
12.0936
12.0694
12.0451
12.0209
11.9966
11.9723
11.948
11.9237
11.8993
11.8749
11.8505
11.8261
11.8017
11.7772
11.7527
11.7282
11.7037
11.6792
11.6546
11.63
11.6054
11.5808
11.5562
11.5316
11.5069
11.4822
11.4576
11.4328
11.4081
11.3834
11.3586
11.3339
11.3091
11.2843
11.2595
11.2347
11.2098
11.185
11.1601
11.1352
11.1103
11.0854
11.0605
11.0356
11.0106
10.9857
10.9607
10.9358
10.9108
10.8858
10.8608
10.8357
10.8107
10.7857
10.7606
10.7356
10.7105
10.6855
10.6604
10.6353
10.6102
10.5851
10.56
10.5349
10.5097
10.4846
10.4595
10.4343
10.4092
10.384
10.3589
10.3337
10.3085
10.2834
10.2582
10.233
10.2078
10.1826
10.1574
10.1323
10.1071
10.0819
10.0567
10.0315
10.0063
9.98108
9.95588
9.93068
9.90548
9.88028
9.85509
9.82989
9.8047
9.7795
9.75431
9.72912
9.70394
9.67876
9.65358
9.6284
9.60323
9.57807
9.55291
9.52775
9.50261
9.47746
9.45233
9.4272
9.40208
9.37697
9.35187
9.32678
9.30169
9.27662
9.25155
9.22649
9.20144
9.1764
9.15138
9.12637
9.10137
9.07638
9.05141
9.02645
9.00151
8.97659
8.95168
8.9268
8.90193
8.87708
8.85225
8.82745
8.80266
8.7779
8.75317
8.72845
8.70377
8.67911
8.65448
8.62987
8.6053
8.58076
8.55626
8.53179
8.50735
8.48295
8.45858
8.43426
8.40997
8.38572
8.36151
8.33735
8.31323
8.28915
8.26512
8.24114
8.21721
8.19333
8.1695
8.14572
8.122
8.09834
8.07473
8.05119
8.0277
8.00428
7.98092
7.95763
7.93441
7.91126
7.88818
7.86517
7.84224
7.81939
7.79661
7.77392
7.75131
7.72879
7.70635
7.68401
7.66176
7.6396
7.61754
7.59557
7.57371
7.55196
7.53031
7.50877
7.48734
7.46603
7.44484
7.42377
7.40282
7.382
7.36131
7.34076
7.32034
7.30007
7.27994
7.25996
7.24013
7.22047
7.20097
7.18163
7.16247
7.14348
7.12468
7.10607
7.08765
7.06944
7.05143
7.03364
7.01606
6.99872
6.98162
6.96476
6.94815
6.93182
6.91575
6.89997
6.88449
6.86931
6.85445
6.83993
6.82575
6.81193
6.79848
6.78544
6.77279
6.76059
6.74883
6.73754
6.72673
6.71645
6.70669
6.69753
6.68891
6.68099
6.67365
6.66705
6.66114
6.656
6.6517
6.64823
6.64571
6.64406
6.64355
6.64401
6.64541
6.64825
6.65233
6.65776
6.66459
6.67293
6.6829
6.69455
6.70802
6.72342
6.7409
6.76057
6.78259
6.80713
6.83434
6.86443
6.89757
6.93401
6.97397
7.01772
7.06551
7.1177
7.17457
7.23653
7.30397
7.37732
7.45707
7.54375
7.63791
7.74022
7.85136
7.97204
8.10314
8.24554
8.40027
8.56837
8.75111
8.94975
9.16585
9.4008
9.65659
9.93478
10.2379
10.5676
10.927
11.318
11.7444
12.2079
12.7136
13.2627
13.8616
14.5109
15.2185
15.9837
16.8167
17.7142
18.6896
19.7356
20.8701
22.0792
23.3879
24.7721
26.2672
27.8341
29.5245
31.2762
33.1668
35.0988
37.1915
39.2924
41.5881
43.8392
46.3424
48.7174
51.4426
53.9063
56.8886
59.3929
62.7008
65.1812
68.9039
71.4083
76.4766
12.783
12.7595
12.736
12.7124
12.6889
12.6653
12.6416
12.618
12.5943
12.5706
12.5469
12.5231
12.4993
12.4755
12.4517
12.4278
12.404
12.38
12.3561
12.3321
12.3082
12.2842
12.2601
12.2361
12.212
12.1879
12.1638
12.1396
12.1154
12.0912
12.067
12.0428
12.0185
11.9942
11.9699
11.9456
11.9213
11.8969
11.8725
11.8481
11.8237
11.7993
11.7748
11.7503
11.7258
11.7013
11.6768
11.6522
11.6276
11.6031
11.5784
11.5538
11.5292
11.5045
11.4799
11.4552
11.4305
11.4058
11.381
11.3563
11.3315
11.3067
11.2819
11.2571
11.2323
11.2075
11.1826
11.1578
11.1329
11.108
11.0831
11.0582
11.0333
11.0084
10.9834
10.9585
10.9335
10.9085
10.8836
10.8586
10.8336
10.8086
10.7835
10.7585
10.7335
10.7084
10.6834
10.6583
10.6332
10.6082
10.5831
10.558
10.5329
10.5078
10.4827
10.4576
10.4325
10.4074
10.3822
10.3571
10.332
10.3068
10.2817
10.2565
10.2314
10.2062
10.1811
10.1559
10.1308
10.1056
10.0804
10.0553
10.0301
10.005
9.97979
9.95463
9.92946
9.9043
9.87914
9.85397
9.82881
9.80366
9.7785
9.75335
9.72821
9.70307
9.67793
9.6528
9.62767
9.60255
9.57743
9.55233
9.52723
9.50214
9.47706
9.45198
9.42692
9.40187
9.37682
9.35179
9.32678
9.30177
9.27678
9.25181
9.22684
9.2019
9.17697
9.15206
9.12717
9.1023
9.07744
9.05261
9.02779
9.003
8.97823
8.95348
8.92876
8.90407
8.87939
8.85475
8.83013
8.80555
8.78099
8.75646
8.73197
8.70751
8.68308
8.65868
8.63433
8.61001
8.58573
8.56149
8.53729
8.51313
8.48902
8.46495
8.44093
8.41696
8.39303
8.36916
8.34534
8.32157
8.29786
8.2742
8.25061
8.22707
8.20359
8.18018
8.15683
8.13355
8.11034
8.0872
8.06413
8.04113
8.01821
7.99537
7.97261
7.94993
7.92734
7.90483
7.88241
7.86009
7.83785
7.81572
7.79368
7.77174
7.74991
7.72818
7.70657
7.68506
7.66367
7.6424
7.62125
7.60023
7.57934
7.55857
7.53794
7.51745
7.49711
7.47691
7.45686
7.43697
7.41723
7.39767
7.37827
7.35905
7.34
7.32115
7.30248
7.28402
7.26575
7.2477
7.22986
7.21225
7.19487
7.17774
7.16085
7.14422
7.12786
7.11177
7.09598
7.08048
7.06529
7.05042
7.03589
7.0217
7.00788
6.99443
6.98138
6.96874
6.95653
6.94475
6.93344
6.92262
6.91232
6.90254
6.89333
6.8847
6.8767
6.86932
6.86263
6.85661
6.85137
6.84689
6.84331
6.84047
6.83878
6.83766
6.8379
6.83896
6.84136
6.84498
6.84984
6.85606
6.86368
6.87282
6.88358
6.896
6.91025
6.92642
6.94465
6.96504
6.98777
7.01296
7.04078
7.07142
7.10506
7.14191
7.1822
7.22617
7.27408
7.32621
7.38288
7.44443
7.51124
7.58369
7.66226
7.7474
7.83967
7.93962
8.0479
8.16521
8.29225
8.42989
8.57898
8.74057
8.91567
9.10549
9.31133
9.53458
9.77675
10.0396
10.3248
10.6344
10.9705
11.3355
11.7318
12.1622
12.6294
13.1366
13.6867
14.2836
14.9302
15.6309
16.3885
17.208
18.0916
19.045
20.0694
21.1712
22.3499
23.6126
24.9564
26.3898
27.9057
29.515
31.2051
32.9906
34.8513
36.8083
38.83
40.949
43.1167
45.3851
47.6792
50.0835
52.481
55.0105
57.4861
60.1376
62.6635
65.4485
67.9937
70.949
73.4741
76.6769
79.1287
82.6874
85.1074
89.9461
12.7816
12.7581
12.7346
12.711
12.6874
12.6638
12.6401
12.6165
12.5928
12.5691
12.5453
12.5216
12.4978
12.4739
12.4501
12.4262
12.4023
12.3784
12.3545
12.3305
12.3065
12.2825
12.2584
12.2344
12.2103
12.1862
12.1621
12.1379
12.1137
12.0895
12.0653
12.0411
12.0168
11.9925
11.9682
11.9439
11.9196
11.8952
11.8708
11.8464
11.822
11.7976
11.7731
11.7487
11.7242
11.6997
11.6751
11.6506
11.626
11.6015
11.5769
11.5522
11.5276
11.503
11.4783
11.4536
11.429
11.4043
11.3795
11.3548
11.3301
11.3053
11.2805
11.2557
11.2309
11.2061
11.1813
11.1565
11.1316
11.1067
11.0819
11.057
11.0321
11.0072
10.9823
10.9573
10.9324
10.9075
10.8825
10.8575
10.8326
10.8076
10.7826
10.7576
10.7326
10.7075
10.6825
10.6575
10.6324
10.6074
10.5823
10.5573
10.5322
10.5071
10.4821
10.457
10.4319
10.4068
10.3817
10.3566
10.3315
10.3064
10.2813
10.2562
10.2311
10.206
10.1809
10.1558
10.1307
10.1056
10.0805
10.0554
10.0303
10.0052
9.98011
9.95502
9.92994
9.90486
9.87978
9.85471
9.82965
9.80459
9.77954
9.7545
9.72947
9.70444
9.67943
9.65442
9.62942
9.60444
9.57946
9.5545
9.52955
9.50462
9.4797
9.45479
9.4299
9.40503
9.38017
9.35533
9.3305
9.3057
9.28092
9.25616
9.23141
9.2067
9.182
9.15733
9.13268
9.10806
9.08347
9.0589
9.03436
9.00986
8.98538
8.96093
8.93652
8.91214
8.88779
8.86348
8.83921
8.81497
8.79078
8.76662
8.74251
8.71843
8.69441
8.67043
8.64649
8.6226
8.59876
8.57498
8.55124
8.52756
8.50393
8.48036
8.45685
8.4334
8.41001
8.38668
8.36342
8.34023
8.3171
8.29404
8.27106
8.24815
8.22532
8.20256
8.17989
8.15729
8.13479
8.11237
8.09003
8.06779
8.04565
8.0236
8.00165
7.9798
7.95806
7.93642
7.91489
7.89348
7.87219
7.85101
7.82996
7.80903
7.78823
7.76757
7.74704
7.72666
7.70642
7.68633
7.6664
7.64662
7.62701
7.60756
7.58829
7.5692
7.55029
7.53158
7.51306
7.49474
7.47663
7.45874
7.44107
7.42363
7.40643
7.38948
7.37279
7.35636
7.3402
7.32433
7.30875
7.29348
7.27853
7.26391
7.24963
7.23571
7.22216
7.209
7.19624
7.18389
7.172
7.16052
7.14957
7.13906
7.12914
7.11967
7.11086
7.10258
7.09493
7.0879
7.08156
7.07595
7.0711
7.06703
7.06381
7.06142
7.06002
7.05942
7.05985
7.0613
7.06406
7.06798
7.07316
7.07961
7.08749
7.09681
7.1077
7.12023
7.13451
7.15065
7.16877
7.18897
7.21141
7.2362
7.26351
7.29349
7.32632
7.36219
7.40129
7.44386
7.49013
7.54034
7.59479
7.65375
7.71758
7.78664
7.8613
7.94198
8.02916
8.12335
8.22508
8.33497
8.45367
8.58188
8.72035
8.86997
9.0316
9.20632
9.39516
9.59933
9.82015
10.059
10.3175
10.5972
10.8999
11.2277
11.5825
11.9668
12.3827
12.8331
13.3206
13.8481
14.4187
15.0355
15.7019
16.4214
17.1972
18.033
18.9321
19.8981
20.9339
22.043
23.2275
24.4905
25.8331
27.258
28.7644
30.3546
32.0258
33.7798
35.6113
37.5222
39.5039
41.5594
43.6762
45.8596
48.0919
50.3835
52.7091
55.0879
57.4831
59.9288
62.37
64.8659
67.3307
69.8666
72.3345
74.9103
77.3628
79.9954
82.414
85.1475
87.5098
90.4308
92.7048
95.9334
98.2095
102.591
12.7808
12.7573
12.7337
12.7101
12.6866
12.6629
12.6393
12.6156
12.5919
12.5682
12.5444
12.5207
12.4969
12.4731
12.4492
12.4253
12.4014
12.3775
12.3536
12.3296
12.3056
12.2816
12.2576
12.2335
12.2094
12.1853
12.1612
12.1371
12.1129
12.0887
12.0645
12.0403
12.016
11.9917
11.9674
11.9431
11.9188
11.8945
11.8701
11.8457
11.8213
11.7969
11.7724
11.748
11.7235
11.699
11.6745
11.6499
11.6254
11.6008
11.5762
11.5517
11.527
11.5024
11.4778
11.4531
11.4284
11.4038
11.3791
11.3543
11.3296
11.3049
11.2801
11.2554
11.2306
11.2058
11.181
11.1562
11.1314
11.1065
11.0817
11.0568
11.032
11.0071
10.9822
10.9573
10.9324
10.9075
10.8826
10.8577
10.8328
10.8078
10.7829
10.7579
10.733
10.708
10.6831
10.6581
10.6331
10.6082
10.5832
10.5582
10.5332
10.5082
10.4833
10.4583
10.4333
10.4083
10.3833
10.3583
10.3334
10.3084
10.2834
10.2584
10.2335
10.2085
10.1835
10.1586
10.1336
10.1087
10.0837
10.0588
10.0339
10.009
9.98408
9.95919
9.9343
9.90943
9.88457
9.85972
9.83488
9.81006
9.78525
9.76046
9.73568
9.71091
9.68617
9.66144
9.63673
9.61204
9.58737
9.56272
9.5381
9.51349
9.48891
9.46435
9.43981
9.4153
9.39082
9.36637
9.34194
9.31754
9.29317
9.26883
9.24452
9.22025
9.19601
9.1718
9.14763
9.1235
9.0994
9.07534
9.05132
9.02735
9.00341
8.97952
8.95567
8.93187
8.90811
8.8844
8.86074
8.83713
8.81357
8.79007
8.76662
8.74323
8.71989
8.69661
8.67339
8.65024
8.62715
8.60412
8.58116
8.55827
8.53545
8.5127
8.49003
8.46743
8.44491
8.42247
8.40012
8.37784
8.35566
8.33356
8.31155
8.28964
8.26783
8.24611
8.2245
8.20298
8.18158
8.16029
8.13911
8.11805
8.0971
8.07628
8.05559
8.03502
8.01459
7.9943
7.97415
7.95415
7.9343
7.9146
7.89506
7.87569
7.85649
7.83746
7.81861
7.79995
7.78149
7.76322
7.74516
7.72731
7.70967
7.69227
7.6751
7.65817
7.6415
7.62508
7.60894
7.59307
7.5775
7.56221
7.54726
7.53261
7.5183
7.50434
7.49075
7.47752
7.46469
7.45226
7.44027
7.4287
7.41761
7.40698
7.39687
7.38726
7.37822
7.36973
7.36183
7.35453
7.34791
7.34193
7.33674
7.33217
7.32858
7.32552
7.32368
7.3224
7.32219
7.32276
7.32462
7.3276
7.33173
7.33707
7.34368
7.35164
7.36102
7.37189
7.38434
7.39846
7.41435
7.43211
7.45187
7.47372
7.49781
7.52426
7.55321
7.58483
7.61928
7.65673
7.6974
7.74147
7.78919
7.84078
7.89653
7.95667
8.02156
8.09151
8.16687
8.24805
8.33547
8.4296
8.53096
8.64007
8.75756
8.88407
9.02027
9.16696
9.32496
9.49517
9.67858
9.87625
10.0893
10.3191
10.567
10.8344
11.1229
11.4342
11.7703
12.1331
12.5248
12.9476
13.404
13.8966
14.428
15.0012
15.619
16.2846
17.0011
17.7718
18.5997
19.4883
20.4404
21.4593
22.5475
23.7079
24.9425
26.2534
27.6418
29.1089
30.6547
32.2794
33.9817
35.7604
37.6128
39.5368
41.5278
43.583
45.6963
47.8644
50.0797
52.339
54.6332
56.9604
59.3093
61.6806
64.0602
66.453
68.8406
71.2351
73.6106
75.9907
78.337
80.6926
82.9965
85.3248
87.5767
89.886
92.0797
94.3952
96.5271
98.9004
100.967
103.492
105.486
108.294
110.337
114.213
12.7806
12.7571
12.7336
12.71
12.6864
12.6628
12.6391
12.6155
12.5918
12.568
12.5443
12.5205
12.4967
12.4729
12.4491
12.4252
12.4013
12.3774
12.3535
12.3295
12.3055
12.2815
12.2575
12.2334
12.2094
12.1853
12.1612
12.137
12.1129
12.0887
12.0645
12.0403
12.016
11.9918
11.9675
11.9432
11.9189
11.8946
11.8702
11.8459
11.8215
11.7971
11.7727
11.7482
11.7238
11.6993
11.6749
11.6504
11.6258
11.6013
11.5768
11.5522
11.5277
11.5031
11.4785
11.4539
11.4293
11.4046
11.38
11.3554
11.3307
11.306
11.2813
11.2567
11.232
11.2072
11.1825
11.1578
11.1331
11.1083
11.0836
11.0588
11.0341
11.0093
10.9846
10.9598
10.935
10.9103
10.8855
10.8607
10.8359
10.8111
10.7864
10.7616
10.7368
10.712
10.6873
10.6625
10.6377
10.613
10.5882
10.5634
10.5387
10.514
10.4892
10.4645
10.4398
10.4151
10.3904
10.3657
10.341
10.3163
10.2917
10.267
10.2424
10.2178
10.1932
10.1686
10.144
10.1195
10.0949
10.0704
10.0459
10.0214
9.99699
9.97255
9.94814
9.92375
9.89938
9.87504
9.85072
9.82643
9.80216
9.77793
9.75371
9.72953
9.70538
9.68126
9.65717
9.63311
9.60908
9.58509
9.56113
9.53721
9.51333
9.48948
9.46567
9.44189
9.41816
9.39447
9.37082
9.34721
9.32365
9.30013
9.27665
9.25322
9.22984
9.20651
9.18323
9.15999
9.13681
9.11369
9.09061
9.0676
9.04464
9.02173
8.99889
8.97611
8.95339
8.93073
8.90814
8.88561
8.86315
8.84077
8.81845
8.7962
8.77403
8.75194
8.72993
8.70799
8.68614
8.66438
8.64269
8.6211
8.5996
8.5782
8.55689
8.53567
8.51456
8.49356
8.47266
8.45187
8.43119
8.41063
8.39019
8.36988
8.34968
8.32962
8.3097
8.28991
8.27026
8.25076
8.23142
8.21222
8.19319
8.17433
8.15563
8.13711
8.11878
8.10063
8.08268
8.06493
8.04739
8.03006
8.01295
7.99607
7.97944
7.96305
7.94691
7.93104
7.91544
7.90013
7.88511
7.8704
7.856
7.84193
7.82821
7.81484
7.80183
7.78921
7.77699
7.76517
7.75381
7.74286
7.73242
7.72241
7.71297
7.704
7.6956
7.68777
7.68053
7.67392
7.66797
7.6627
7.65816
7.65434
7.65134
7.64907
7.64781
7.64718
7.6475
7.64894
7.65146
7.65504
7.65976
7.66565
7.67282
7.68125
7.69111
7.7024
7.71523
7.72967
7.74581
7.76375
7.78359
7.80544
7.82941
7.85562
7.88419
7.91527
7.949
7.98554
8.02507
8.06776
8.11382
8.16347
8.21691
8.2744
8.3362
8.40259
8.47389
8.55041
8.63253
8.72063
8.81514
8.9165
9.02524
9.14188
9.26701
9.40126
9.54531
9.6999
9.86584
10.044
10.2353
10.4408
10.6616
10.8989
11.1539
11.4282
11.7231
12.0404
12.3816
12.7489
13.144
13.5692
14.0267
14.5189
15.0483
15.6176
16.2295
16.8868
17.5925
18.3495
19.1608
20.0295
20.9584
21.9504
23.0082
24.1342
25.3308
26.5998
27.9427
29.3608
30.8545
32.4242
34.069
35.7882
37.5799
39.4418
41.3709
43.3638
45.4161
47.5236
49.6809
51.8829
54.1235
56.3973
58.6976
61.0189
63.3544
65.6992
68.046
70.391
72.7267
75.0507
77.3551
79.6399
81.8959
84.1266
86.3203
88.4859
90.6071
92.7014
94.7436
96.7658
98.7266
100.683
102.564
104.471
106.277
108.167
109.908
111.838
113.526
115.597
117.252
119.599
121.377
124.733
12.7813
12.7577
12.7342
12.7107
12.6871
12.6635
12.6398
12.6162
12.5925
12.5688
12.5451
12.5213
12.4975
12.4737
12.4499
12.4261
12.4022
12.3783
12.3544
12.3304
12.3065
12.2825
12.2585
12.2345
12.2105
12.1864
12.1623
12.1382
12.1141
12.09
12.0658
12.0417
12.0175
11.9933
11.969
11.9448
11.9206
11.8963
11.872
11.8477
11.8234
11.7991
11.7747
11.7504
11.726
11.7017
11.6773
11.6529
11.6285
11.6041
11.5797
11.5552
11.5308
11.5063
11.4819
11.4574
11.433
11.4085
11.384
11.3596
11.3351
11.3106
11.2861
11.2616
11.2371
11.2127
11.1882
11.1637
11.1392
11.1148
11.0903
11.0658
11.0414
11.0169
10.9924
10.968
10.9436
10.9192
10.8947
10.8703
10.8459
10.8216
10.7972
10.7728
10.7485
10.7242
10.6999
10.6756
10.6513
10.627
10.6028
10.5786
10.5544
10.5302
10.506
10.4819
10.4578
10.4337
10.4096
10.3856
10.3615
10.3375
10.3136
10.2896
10.2657
10.2419
10.218
10.1942
10.1704
10.1467
10.1229
10.0992
10.0756
10.052
10.0284
10.0048
9.98133
9.95786
9.93442
9.91103
9.88767
9.86435
9.84108
9.81784
9.79465
9.7715
9.74839
9.72534
9.70232
9.67935
9.65642
9.63355
9.61072
9.58794
9.56521
9.54254
9.51991
9.49734
9.47481
9.45235
9.42993
9.40758
9.38528
9.36304
9.34086
9.31874
9.29668
9.27468
9.25275
9.23088
9.20908
9.18735
9.16568
9.14409
9.12256
9.10112
9.07974
9.05845
9.03723
9.0161
8.99504
8.97408
8.95319
8.9324
8.9117
8.8911
8.87058
8.85017
8.82986
8.80966
8.78955
8.76957
8.74969
8.72993
8.71029
8.69077
8.67138
8.65213
8.633
8.61402
8.59518
8.57649
8.55795
8.53957
8.52135
8.5033
8.48542
8.46773
8.45022
8.43291
8.41579
8.39888
8.38217
8.3657
8.34944
8.33344
8.31766
8.30215
8.28689
8.27192
8.25721
8.24282
8.2287
8.21493
8.20146
8.18835
8.17558
8.16319
8.15116
8.13955
8.12833
8.11756
8.10721
8.09737
8.08795
8.0791
8.07071
8.06289
8.05563
8.04896
8.04292
8.0375
8.03281
8.02873
8.02553
8.02286
8.02137
8.02006
8.02014
8.02092
8.0228
8.02567
8.02959
8.03459
8.04073
8.04807
8.05668
8.0666
8.07792
8.09069
8.10499
8.1209
8.13851
8.15791
8.17919
8.20246
8.22782
8.25538
8.28528
8.31762
8.35255
8.39022
8.43079
8.47443
8.52131
8.57163
8.6256
8.68346
8.7454
8.81173
8.88268
8.95859
9.03975
9.12651
9.21925
9.31838
9.42433
9.53758
9.65863
9.78805
9.92642
10.0744
10.2326
10.4019
10.583
10.7768
10.9843
11.2064
11.4443
11.6992
11.9723
12.2649
12.5787
12.9151
13.2758
13.6627
14.0777
14.5228
15.0002
15.5121
16.061
16.6494
17.2798
17.9549
18.6776
19.4505
20.2765
21.1584
22.099
23.1008
24.1665
25.2985
26.4987
27.7691
29.1112
30.5261
32.0143
33.5763
35.2115
36.9192
38.6979
40.5455
42.4594
44.4366
46.4733
48.5652
50.7079
52.8962
55.1248
57.3882
59.6804
61.9958
64.3281
66.6716
69.0203
71.3685
73.7105
76.0412
78.3552
80.648
82.9148
85.1519
87.3547
89.5209
91.6459
93.7291
95.7657
97.7568
99.6975
101.591
103.431
105.225
106.963
108.66
110.298
111.903
113.447
114.973
116.431
117.901
119.288
120.736
122.071
123.559
124.867
126.5
127.825
129.742
131.279
134.181
12.7824
12.7589
12.7354
12.7119
12.6883
12.6647
12.6411
12.6175
12.5938
12.5702
12.5465
12.5227
12.499
12.4752
12.4515
12.4277
12.4038
12.38
12.3562
12.3323
12.3084
12.2845
12.2605
12.2366
12.2126
12.1887
12.1647
12.1406
12.1166
12.0926
12.0685
12.0445
12.0204
11.9963
11.9722
11.9481
11.924
11.8999
11.8758
11.8517
11.8275
11.8034
11.7792
11.7551
11.7309
11.7068
11.6826
11.6584
11.6343
11.6101
11.586
11.5618
11.5377
11.5135
11.4894
11.4652
11.4411
11.417
11.3929
11.3688
11.3447
11.3206
11.2965
11.2725
11.2485
11.2244
11.2004
11.1764
11.1524
11.1285
11.1045
11.0806
11.0567
11.0329
11.009
10.9852
10.9614
10.9376
10.9138
10.8901
10.8664
10.8427
10.8191
10.7955
10.7719
10.7483
10.7248
10.7013
10.6778
10.6544
10.631
10.6077
10.5844
10.5611
10.5378
10.5146
10.4914
10.4683
10.4452
10.4222
10.3992
10.3762
10.3533
10.3304
10.3076
10.2848
10.262
10.2393
10.2166
10.194
10.1714
10.1489
10.1264
10.104
10.0816
10.0593
10.037
10.0148
9.99257
9.97043
9.94835
9.92631
9.90433
9.8824
9.86053
9.83871
9.81694
9.79523
9.77358
9.75198
9.73044
9.70896
9.68754
9.66618
9.64487
9.62363
9.60246
9.58134
9.56029
9.53931
9.51839
9.49755
9.47677
9.45606
9.43542
9.41486
9.39437
9.37396
9.35362
9.33337
9.3132
9.29311
9.27311
9.2532
9.23337
9.21364
9.194
9.17446
9.15501
9.13568
9.11644
9.09732
9.0783
9.0594
9.04062
9.02196
9.00342
8.98502
8.96675
8.94861
8.93062
8.91278
8.89508
8.87754
8.86017
8.84296
8.82592
8.80907
8.79239
8.77592
8.75963
8.74356
8.72769
8.71205
8.69663
8.68146
8.66652
8.65184
8.63743
8.62329
8.60943
8.59587
8.58261
8.56968
8.55707
8.54481
8.53289
8.52136
8.51019
8.49944
8.48909
8.4792
8.46971
8.46075
8.45222
8.44421
8.43672
8.42979
8.42342
8.41767
8.41251
8.40805
8.40419
8.40114
8.39865
8.39722
8.39608
8.39617
8.39696
8.39878
8.40156
8.40531
8.41011
8.41597
8.423
8.43116
8.44064
8.45135
8.46345
8.47698
8.49202
8.50865
8.52693
8.54696
8.56882
8.59261
8.61843
8.64638
8.67657
8.70913
8.74417
8.78183
8.82227
8.86562
8.91207
8.96178
9.01495
9.07176
9.13246
9.19724
9.26637
9.3401
9.41873
9.50256
9.5919
9.68713
9.78861
9.89677
10.012
10.1349
10.2659
10.4056
10.5545
10.7133
10.8827
11.0635
11.2564
11.4623
11.6821
11.9169
12.1676
12.4356
12.722
13.0282
13.3556
13.7057
14.0803
14.481
14.9096
15.3683
15.859
16.384
16.9455
17.546
18.1879
18.8739
19.6066
20.3887
21.2229
22.1119
23.0584
24.0652
25.1345
26.269
27.4707
28.7415
30.0832
31.497
32.9838
34.5442
36.178
37.8851
39.664
41.5136
43.4314
45.415
47.4611
49.5659
51.7253
53.9348
56.1891
58.4831
60.8111
63.1675
65.5461
67.9411
70.3465
72.7562
75.1644
77.5655
79.9538
82.3241
84.6714
86.9908
89.278
91.5286
93.739
95.9056
98.0254
100.096
102.114
104.078
105.986
107.837
109.63
111.365
113.039
114.655
116.211
117.711
119.151
120.537
121.866
123.147
124.371
125.558
126.689
127.799
128.852
129.908
130.903
131.944
132.904
133.991
134.955
136.199
137.234
138.778
140.124
142.659
12.7843
12.7608
12.7374
12.7139
12.6904
12.6669
12.6434
12.6198
12.5963
12.5727
12.5491
12.5255
12.5018
12.4782
12.4545
12.4309
12.4072
12.3835
12.3598
12.3361
12.3123
12.2886
12.2648
12.2411
12.2173
12.1936
12.1698
12.146
12.1223
12.0985
12.0747
12.051
12.0272
12.0034
11.9797
11.9559
11.9322
11.9084
11.8847
11.861
11.8373
11.8136
11.7899
11.7662
11.7425
11.7189
11.6952
11.6716
11.648
11.6245
11.6009
11.5774
11.5539
11.5304
11.507
11.4835
11.4601
11.4368
11.4134
11.3901
11.3668
11.3436
11.3203
11.2972
11.274
11.2509
11.2278
11.2048
11.1818
11.1588
11.1359
11.113
11.0902
11.0674
11.0446
11.0219
10.9993
10.9766
10.954
10.9315
10.909
10.8866
10.8642
10.8418
10.8195
10.7973
10.7751
10.7529
10.7308
10.7088
10.6868
10.6648
10.6429
10.6211
10.5993
10.5775
10.5558
10.5342
10.5126
10.4911
10.4696
10.4481
10.4268
10.4054
10.3842
10.363
10.3418
10.3207
10.2996
10.2786
10.2577
10.2368
10.216
10.1952
10.1745
10.1538
10.1332
10.1127
10.0922
10.0718
10.0514
10.0311
10.0109
9.99069
9.97057
9.9505
9.93051
9.91057
9.89071
9.8709
9.85117
9.8315
9.8119
9.79237
9.77291
9.75353
9.73422
9.71498
9.69582
9.67674
9.65774
9.63882
9.61999
9.60124
9.58259
9.56402
9.54555
9.52717
9.50889
9.49071
9.47264
9.45467
9.43682
9.41907
9.40145
9.38394
9.36656
9.34931
9.33219
9.31521
9.29837
9.28167
9.26514
9.24875
9.23254
9.21648
9.20061
9.1849
9.1694
9.15408
9.13897
9.12406
9.10937
9.0949
9.08067
9.06667
9.05294
9.03945
9.02624
9.0133
9.00066
8.98832
8.97629
8.96458
8.95322
8.9422
8.93156
8.92129
8.91142
8.90195
8.89292
8.88432
8.8762
8.86854
8.86138
8.85474
8.84864
8.84311
8.83815
8.83384
8.8301
8.82713
8.82467
8.82324
8.82203
8.82205
8.82268
8.82428
8.82676
8.83016
8.83452
8.83991
8.84632
8.85386
8.86252
8.87243
8.88354
8.896
8.90982
8.92509
8.94189
8.96027
8.98032
9.00211
9.02573
9.05128
9.07884
9.10852
9.14043
9.17467
9.21137
9.25066
9.29267
9.33756
9.38547
9.43657
9.49104
9.54908
9.61087
9.67663
9.74657
9.82097
9.90005
9.98413
10.0735
10.1684
10.2693
10.3765
10.4905
10.6116
10.7403
10.8771
11.0226
11.1773
11.3418
11.5168
11.703
11.9012
12.1121
12.3367
12.5759
12.8306
13.1021
13.3915
13.7
14.0289
14.3797
14.754
15.1532
15.5793
16.0339
16.519
17.0367
17.5891
18.1784
18.807
19.4773
20.1918
20.953
21.7636
22.6261
23.5433
24.5177
25.5519
26.6482
27.8091
29.0367
30.3329
31.6994
33.1377
34.6486
36.2329
37.8908
39.6221
41.4259
43.3012
45.2459
47.2582
49.3349
51.4729
53.6683
55.9171
58.2144
60.5555
62.9348
65.3471
67.7864
70.2471
72.7231
75.2085
77.6974
80.1839
82.6623
85.127
87.5727
89.9942
92.3867
94.7454
97.0661
99.3448
101.578
103.761
105.893
107.969
109.989
111.948
113.846
115.681
117.452
119.158
120.799
122.374
123.883
125.326
126.705
128.018
129.268
130.459
131.587
132.657
133.669
134.628
135.532
136.391
137.199
137.971
138.698
139.407
140.07
140.735
141.36
142.02
142.631
143.348
143.997
144.889
145.666
146.883
148.076
150.324
12.7877
12.7644
12.7412
12.7179
12.6946
12.6713
12.6479
12.6246
12.6013
12.578
12.5546
12.5313
12.508
12.4847
12.4613
12.438
12.4147
12.3914
12.3681
12.3448
12.3215
12.2982
12.275
12.2517
12.2285
12.2053
12.1821
12.1589
12.1358
12.1127
12.0896
12.0665
12.0434
12.0204
11.9974
11.9745
11.9516
11.9287
11.9058
11.883
11.8602
11.8375
11.8148
11.7921
11.7695
11.7469
11.7244
11.7019
11.6795
11.6571
11.6348
11.6125
11.5902
11.5681
11.5459
11.5238
11.5018
11.4798
11.4579
11.436
11.4142
11.3925
11.3708
11.3492
11.3276
11.3061
11.2846
11.2632
11.2419
11.2206
11.1994
11.1782
11.1571
11.1361
11.1151
11.0942
11.0733
11.0525
11.0318
11.0111
10.9905
10.97
10.9495
10.929
10.9087
10.8884
10.8681
10.8479
10.8278
10.8077
10.7877
10.7678
10.7479
10.7281
10.7083
10.6886
10.6689
10.6493
10.6298
10.6103
10.5909
10.5715
10.5522
10.533
10.5138
10.4947
10.4756
10.4566
10.4377
10.4188
10.4
10.3812
10.3625
10.3438
10.3253
10.3067
10.2883
10.2699
10.2515
10.2333
10.2151
10.1969
10.1788
10.1608
10.1429
10.125
10.1072
10.0895
10.0719
10.0543
10.0368
10.0194
10.0021
9.98485
9.96769
9.95063
9.93365
9.91677
9.89999
9.88331
9.86673
9.85026
9.8339
9.81765
9.80152
9.78551
9.76962
9.75387
9.73825
9.72277
9.70743
9.69225
9.67722
9.66235
9.64764
9.63311
9.61875
9.60459
9.59061
9.57684
9.56327
9.54992
9.5368
9.52391
9.51125
9.49885
9.48671
9.47484
9.46325
9.45196
9.44097
9.43029
9.41995
9.40993
9.40029
9.391
9.38212
9.3736
9.36551
9.35785
9.35064
9.34389
9.33763
9.33188
9.32665
9.32197
9.31786
9.31433
9.31144
9.30915
9.30759
9.30664
9.30654
9.307
9.30837
9.31055
9.31358
9.31751
9.32235
9.32818
9.335
9.3429
9.35186
9.36201
9.37331
9.38589
9.39976
9.415
9.43168
9.44985
9.46959
9.49096
9.51405
9.53894
9.56571
9.59445
9.62525
9.65822
9.69347
9.73109
9.77121
9.81396
9.85947
9.90789
9.95936
10.0141
10.0721
10.1338
10.1992
10.2686
10.3422
10.4202
10.5028
10.5904
10.6832
10.7815
10.8857
10.9961
11.113
11.237
11.3683
11.5075
11.6551
11.8116
11.9775
12.1535
12.3401
12.5382
12.7484
12.9716
13.2086
13.4603
13.7276
14.0117
14.3137
14.6347
14.9761
15.3391
15.7254
16.1363
16.5735
17.0387
17.5339
18.0608
18.6215
19.2181
19.8528
20.5279
21.2457
22.0087
22.8193
23.68
24.5933
25.5618
26.5879
27.6741
28.8226
30.0357
31.3153
32.6635
34.0816
35.5712
37.1331
38.7681
40.4762
42.2576
44.1113
46.0366
48.0317
50.0947
52.2229
54.4137
56.6631
58.9679
61.3232
63.7249
66.1676
68.6466
71.156
73.6907
76.2445
78.8121
81.3873
83.9647
86.5382
89.1025
91.652
94.1814
96.6856
99.1597
101.599
103.999
106.356
108.666
110.926
113.131
115.279
117.368
119.395
121.358
123.255
125.085
126.847
128.538
130.16
131.71
133.191
134.599
135.938
137.207
138.408
139.538
140.603
141.599
142.534
143.402
144.215
144.972
145.668
146.309
146.897
147.438
147.933
148.387
148.801
149.181
149.538
149.88
150.184
150.495
150.783
151.099
151.393
151.773
152.147
152.727
153.288
154.221
155.3
157.346
12.7955
12.7727
12.7499
12.7271
12.7043
12.6816
12.6588
12.6361
12.6134
12.5908
12.5682
12.5456
12.523
12.5005
12.478
12.4556
12.4331
12.4108
12.3884
12.3662
12.3439
12.3218
12.2996
12.2775
12.2555
12.2335
12.2116
12.1898
12.168
12.1462
12.1246
12.103
12.0814
12.0599
12.0385
12.0172
11.9959
11.9747
11.9536
11.9325
11.9115
11.8906
11.8698
11.849
11.8283
11.8077
11.7871
11.7667
11.7463
11.726
11.7058
11.6856
11.6655
11.6455
11.6256
11.6058
11.586
11.5663
11.5467
11.5272
11.5077
11.4883
11.469
11.4498
11.4306
11.4115
11.3925
11.3736
11.3547
11.336
11.3172
11.2986
11.28
11.2615
11.2431
11.2247
11.2064
11.1882
11.17
11.1519
11.1339
11.1159
11.098
11.0801
11.0624
11.0446
11.027
11.0094
10.9918
10.9744
10.9569
10.9396
10.9223
10.905
10.8878
10.8707
10.8536
10.8366
10.8197
10.8027
10.7859
10.7691
10.7524
10.7357
10.7191
10.7025
10.686
10.6696
10.6532
10.6369
10.6206
10.6044
10.5883
10.5722
10.5562
10.5403
10.5244
10.5086
10.4928
10.4772
10.4616
10.4461
10.4307
10.4153
10.4001
10.3849
10.3698
10.3548
10.3399
10.3251
10.3104
10.2959
10.2814
10.267
10.2528
10.2387
10.2247
10.2108
10.1971
10.1835
10.1701
10.1568
10.1437
10.1308
10.118
10.1054
10.093
10.0808
10.0688
10.0571
10.0455
10.0342
10.0231
10.0122
10.0016
9.99131
9.98127
9.97152
9.96208
9.95294
9.94414
9.93566
9.92756
9.91981
9.91244
9.90548
9.89893
9.8928
9.88713
9.88192
9.87721
9.87298
9.8693
9.86613
9.86359
9.86153
9.86028
9.85933
9.85934
9.85991
9.86127
9.86337
9.86625
9.86994
9.87448
9.87989
9.88624
9.89352
9.90182
9.91114
9.92156
9.93309
9.94582
9.95976
9.97499
9.99155
10.0095
10.0289
10.0499
10.0724
10.0966
10.1226
10.1503
10.18
10.2117
10.2454
10.2813
10.3196
10.3601
10.4032
10.449
10.4974
10.5488
10.6032
10.6608
10.7218
10.7862
10.8544
10.9265
11.0027
11.0832
11.1682
11.2581
11.353
11.4532
11.5591
11.671
11.7891
11.9139
12.0458
12.1852
12.3324
12.4881
12.6527
12.8267
13.0108
13.2054
13.4114
13.6293
13.86
14.1043
14.3629
14.6368
14.927
15.2346
15.5606
15.9062
16.2727
16.6613
17.0736
17.511
17.975
18.4674
18.9898
19.5442
20.1324
20.7564
21.4184
22.1204
22.8647
23.6537
24.4895
25.3746
26.3113
27.302
28.3491
29.4548
30.6215
31.8511
33.1458
34.5072
35.9371
37.4368
39.0076
40.6501
42.3649
44.1521
46.0115
47.9424
49.9438
52.0141
54.1514
56.3533
58.617
60.9392
63.3166
65.7448
68.2199
70.7369
73.2915
75.878
78.4917
81.1267
83.7782
86.4399
89.1071
91.7734
94.4343
97.0836
99.7168
102.328
104.913
107.467
109.985
112.463
114.897
117.283
119.618
121.897
124.119
126.28
128.378
130.41
132.374
134.271
136.095
137.849
139.527
141.135
142.665
144.123
145.505
146.815
148.049
149.211
150.296
151.315
152.256
153.134
153.945
154.689
155.363
155.977
156.527
157.022
157.452
157.853
158.193
158.472
158.704
158.895
159.047
159.162
159.246
159.3
159.322
159.378
159.387
159.374
159.366
159.349
159.367
159.369
159.445
159.595
159.898
160.294
160.972
161.979
163.909
12.8153
12.7937
12.7721
12.7506
12.7291
12.7077
12.6864
12.6652
12.644
12.6229
12.6019
12.581
12.5602
12.5394
12.5188
12.4982
12.4777
12.4574
12.4371
12.4169
12.3968
12.3768
12.3569
12.3372
12.3175
12.2979
12.2784
12.259
12.2398
12.2206
12.2015
12.1826
12.1637
12.145
12.1264
12.1078
12.0894
12.0711
12.0528
12.0347
12.0167
11.9988
11.981
11.9633
11.9457
11.9281
11.9107
11.8934
11.8762
11.8591
11.842
11.8251
11.8083
11.7915
11.7748
11.7583
11.7418
11.7254
11.709
11.6928
11.6766
11.6605
11.6445
11.6286
11.6128
11.597
11.5813
11.5656
11.5501
11.5346
11.5191
11.5038
11.4885
11.4732
11.458
11.4429
11.4278
11.4128
11.3979
11.383
11.3682
11.3534
11.3387
11.324
11.3094
11.2948
11.2803
11.2658
11.2514
11.237
11.2227
11.2084
11.1942
11.18
11.1659
11.1518
11.1378
11.1238
11.1099
11.096
11.0822
11.0684
11.0547
11.041
11.0274
11.0139
11.0004
10.987
10.9737
10.9604
10.9472
10.9341
10.921
10.908
10.8951
10.8823
10.8696
10.8569
10.8444
10.832
10.8196
10.8074
10.7953
10.7833
10.7714
10.7597
10.748
10.7366
10.7252
10.714
10.703
10.6922
10.6815
10.671
10.6607
10.6506
10.6407
10.631
10.6215
10.6122
10.6032
10.5945
10.586
10.5778
10.5699
10.5622
10.5549
10.5479
10.5412
10.5349
10.529
10.5234
10.5182
10.5135
10.5091
10.5052
10.5018
10.4988
10.4964
10.4944
10.4931
10.4922
10.4921
10.4923
10.4933
10.495
10.4974
10.5004
10.5043
10.5088
10.5142
10.5204
10.5275
10.5355
10.5445
10.5544
10.5654
10.5774
10.5905
10.6048
10.6202
10.6369
10.655
10.6744
10.6952
10.7175
10.7413
10.7668
10.7939
10.8228
10.8535
10.8861
10.9208
10.9575
10.9964
11.0375
11.0811
11.1271
11.1757
11.2271
11.2813
11.3385
11.3988
11.4625
11.5295
11.6002
11.6747
11.7532
11.8359
11.9229
12.0146
12.1112
12.2129
12.3199
12.4326
12.5513
12.6764
12.808
12.9468
13.0929
13.2469
13.4092
13.5802
13.7605
13.9507
14.1512
14.3627
14.5858
14.8212
15.0697
15.332
15.609
15.9015
16.2105
16.537
16.882
17.2467
17.6323
18.04
18.4711
18.927
19.4093
19.9194
20.459
21.0298
21.6336
22.2723
22.9476
23.6617
24.4166
25.2144
26.0572
26.9473
27.8867
28.8778
29.9226
31.0234
32.1823
33.4014
34.6825
36.0275
37.438
38.9156
40.4616
42.0769
43.7624
45.5186
47.3457
49.2435
51.2115
53.2489
55.3545
57.5264
59.763
62.0616
64.4196
66.8338
69.301
71.817
74.3782
76.98
79.6182
82.2876
84.9839
87.7016
90.436
93.1817
95.9338
98.6868
101.436
104.176
106.902
109.609
112.292
114.947
117.57
120.155
122.7
125.199
127.65
130.048
132.392
134.677
136.901
139.061
141.154
143.181
145.136
147.021
148.831
150.568
152.229
153.814
155.321
156.755
158.109
159.389
160.585
161.713
162.756
163.73
164.632
165.46
166.212
166.896
167.506
168.056
168.528
168.961
169.325
169.618
169.851
170.033
170.159
170.238
170.266
170.309
170.247
170.131
169.991
169.822
169.625
169.4
169.154
168.888
168.605
168.321
168.037
167.739
167.462
167.187
166.949
166.729
166.579
166.543
166.611
166.876
167.335
168.31
170.206
12.8655
12.8464
12.8274
12.8086
12.7899
12.7714
12.753
12.7348
12.7167
12.6987
12.6809
12.6633
12.6458
12.6284
12.6112
12.5941
12.5772
12.5605
12.5439
12.5274
12.5111
12.4949
12.4789
12.463
12.4473
12.4317
12.4162
12.4009
12.3857
12.3707
12.3558
12.341
12.3263
12.3118
12.2974
12.2831
12.269
12.2549
12.241
12.2272
12.2135
12.1999
12.1864
12.173
12.1597
12.1465
12.1335
12.1205
12.1076
12.0947
12.082
12.0694
12.0568
12.0443
12.0319
12.0195
12.0073
11.9951
11.9829
11.9708
11.9588
11.9469
11.935
11.9231
11.9113
11.8996
11.8879
11.8763
11.8647
11.8531
11.8416
11.8301
11.8187
11.8073
11.796
11.7846
11.7734
11.7621
11.7509
11.7398
11.7286
11.7175
11.7065
11.6954
11.6844
11.6735
11.6626
11.6517
11.6408
11.63
11.6192
11.6085
11.5978
11.5872
11.5766
11.5661
11.5556
11.5451
11.5347
11.5244
11.5142
11.504
11.4938
11.4838
11.4738
11.4639
11.4541
11.4444
11.4348
11.4253
11.4158
11.4065
11.3974
11.3883
11.3794
11.3706
11.3619
11.3534
11.3451
11.3369
11.3289
11.3211
11.3134
11.306
11.2988
11.2918
11.285
11.2785
11.2722
11.2662
11.2605
11.2551
11.2499
11.2451
11.2406
11.2365
11.2327
11.2292
11.2262
11.2236
11.2214
11.2196
11.2183
11.2174
11.2171
11.2172
11.218
11.2192
11.2211
11.2236
11.2267
11.2304
11.2348
11.24
11.2458
11.2525
11.2599
11.2682
11.2773
11.2873
11.2983
11.3102
11.3231
11.3371
11.3522
11.3684
11.3857
11.4043
11.4242
11.4454
11.4681
11.4921
11.5177
11.5448
11.5735
11.604
11.6362
11.6702
11.7062
11.7442
11.7843
11.8266
11.8711
11.918
11.9674
12.0193
12.074
12.1315
12.1919
12.2554
12.3222
12.3923
12.4659
12.5433
12.6246
12.7098
12.7994
12.8934
12.9921
13.0957
13.2044
13.3186
13.4384
13.5643
13.6964
13.8351
13.9808
14.1338
14.2945
14.4634
14.6408
14.8274
15.0234
15.2295
15.4463
15.6742
15.914
16.1662
16.4317
16.7111
17.0052
17.3149
17.641
17.9845
18.3464
18.7277
19.1295
19.5531
19.9995
20.4702
20.9664
21.4896
22.0412
22.6228
23.2361
23.8826
24.5642
25.2826
26.0396
26.8372
27.6773
28.5618
29.4928
30.4723
31.5023
32.5846
33.7215
34.9146
36.166
37.4773
38.8502
40.2863
41.7869
43.3534
44.9866
46.6874
48.4564
50.2938
52.1997
54.1739
56.2158
58.3244
60.4986
62.7369
65.0374
67.3979
69.8159
72.2886
74.813
77.3857
80.003
82.6614
85.3564
88.0843
90.8403
93.6203
96.4194
99.2334
102.057
104.886
107.716
110.541
113.358
116.161
118.947
121.71
124.447
127.154
129.825
132.458
135.049
137.594
140.089
142.532
144.919
147.248
149.515
151.72
153.857
155.928
157.927
159.857
161.71
163.491
165.195
166.822
168.374
169.845
171.242
172.554
173.795
174.949
176.03
177.035
177.966
178.814
179.591
180.281
180.916
181.452
181.951
182.374
182.722
182.999
183.216
183.367
183.466
183.494
183.535
183.465
183.325
183.147
182.931
182.671
182.374
182.033
181.682
181.288
180.851
180.391
179.907
179.404
178.884
178.351
177.806
177.258
176.707
176.168
175.626
175.115
174.613
174.164
173.74
173.406
173.155
173.094
173.217
173.533
174.494
176.444
12.982
12.9677
12.9536
12.9397
12.9261
12.9126
12.8994
12.8864
12.8736
12.861
12.8486
12.8364
12.8243
12.8125
12.8009
12.7895
12.7782
12.7671
12.7562
12.7455
12.7349
12.7245
12.7142
12.7041
12.6942
12.6844
12.6747
12.6652
12.6558
12.6465
12.6374
12.6284
12.6195
12.6107
12.602
12.5934
12.5849
12.5765
12.5682
12.56
12.5519
12.5438
12.5359
12.5279
12.5201
12.5123
12.5046
12.4969
12.4893
12.4817
12.4742
12.4667
12.4592
12.4518
12.4444
12.4371
12.4298
12.4225
12.4152
12.4079
12.4007
12.3935
12.3863
12.3791
12.3719
12.3648
12.3576
12.3505
12.3434
12.3362
12.3291
12.3221
12.315
12.3079
12.3008
12.2938
12.2868
12.2797
12.2727
12.2657
12.2588
12.2518
12.2449
12.238
12.2312
12.2243
12.2175
12.2108
12.2041
12.1974
12.1908
12.1843
12.1778
12.1714
12.165
12.1588
12.1526
12.1465
12.1405
12.1346
12.1288
12.1232
12.1176
12.1122
12.107
12.1019
12.0969
12.0922
12.0876
12.0832
12.079
12.075
12.0712
12.0677
12.0644
12.0614
12.0587
12.0562
12.0541
12.0523
12.0508
12.0496
12.0488
12.0484
12.0484
12.0488
12.0496
12.0509
12.0526
12.0548
12.0576
12.0609
12.0647
12.0691
12.0741
12.0798
12.0861
12.093
12.1007
12.1091
12.1183
12.1283
12.1391
12.1507
12.1633
12.1768
12.1912
12.2066
12.2231
12.2407
12.2594
12.2793
12.3003
12.3227
12.3464
12.3714
12.3979
12.4258
12.4553
12.4864
12.5191
12.5536
12.5899
12.628
12.6682
12.7103
12.7546
12.801
12.8498
12.9009
12.9545
13.0107
13.0696
13.1314
13.196
13.2638
13.3347
13.409
13.4867
13.5682
13.6534
13.7426
13.836
13.9337
14.0359
14.1429
14.2549
14.3722
14.4948
14.6232
14.7576
14.8983
15.0456
15.1998
15.3613
15.5305
15.7077
15.8933
16.0878
16.2916
16.5053
16.7292
16.964
17.2103
17.4685
17.7393
18.0235
18.3217
18.6346
18.9631
19.3079
19.67
20.0503
20.4496
20.8691
21.3098
21.7729
22.2594
22.7706
23.3078
23.8723
24.4656
25.0889
25.744
26.4322
27.1551
27.9145
28.712
29.5493
30.4281
31.3502
32.3175
33.3316
34.3945
35.5077
36.6732
37.8926
39.1675
40.4996
41.8903
43.341
44.853
46.4274
48.0652
49.7672
51.5339
53.3659
55.2632
57.2258
59.2534
61.3456
63.5013
65.7196
67.9991
70.3382
72.735
75.1873
77.6928
80.2487
82.8523
85.5005
88.1899
90.9172
93.6787
96.4707
99.2894
102.131
104.991
107.865
110.75
113.641
116.535
119.426
122.311
125.185
128.046
130.888
133.708
136.501
139.265
141.995
144.689
147.342
149.95
152.512
155.025
157.483
159.887
162.232
164.516
166.737
168.893
170.98
173
174.947
176.824
178.625
180.352
182.001
183.576
185.07
186.49
187.825
189.087
190.264
191.365
192.39
193.333
194.203
194.984
195.706
196.325
196.902
197.4
197.824
198.162
198.436
198.629
198.782
198.825
198.905
198.856
198.736
198.561
198.34
198.065
197.749
197.373
196.978
196.534
196.035
195.5
194.932
194.328
193.698
193.035
192.356
191.657
190.931
190.191
189.435
188.668
187.892
187.113
186.331
185.555
184.78
184.027
183.279
182.571
181.876
181.249
180.647
180.158
179.741
179.518
179.554
179.778
180.731
182.853
13.225
13.2185
13.2122
13.2061
13.2004
13.1948
13.1895
13.1844
13.1795
13.1748
13.1703
13.1661
13.162
13.1581
13.1543
13.1508
13.1473
13.1441
13.141
13.138
13.1351
13.1324
13.1298
13.1273
13.1249
13.1226
13.1203
13.1182
13.1161
13.1141
13.1122
13.1103
13.1085
13.1067
13.1049
13.1032
13.1015
13.0999
13.0982
13.0966
13.095
13.0934
13.0918
13.0901
13.0885
13.0869
13.0853
13.0836
13.0819
13.0802
13.0785
13.0768
13.075
13.0733
13.0714
13.0696
13.0677
13.0658
13.0639
13.0619
13.0599
13.0579
13.0559
13.0538
13.0517
13.0495
13.0474
13.0452
13.0431
13.0409
13.0387
13.0364
13.0342
13.032
13.0298
13.0276
13.0254
13.0233
13.0212
13.0191
13.017
13.015
13.0131
13.0112
13.0094
13.0076
13.006
13.0044
13.0029
13.0016
13.0004
12.9993
12.9984
12.9976
12.997
12.9966
12.9963
12.9963
12.9965
12.9969
12.9976
12.9985
12.9997
13.0012
13.0031
13.0052
13.0077
13.0105
13.0138
13.0174
13.0214
13.0259
13.0309
13.0363
13.0422
13.0487
13.0557
13.0632
13.0714
13.0802
13.0897
13.0998
13.1106
13.1222
13.1345
13.1477
13.1617
13.1765
13.1922
13.2089
13.2266
13.2452
13.2649
13.2857
13.3076
13.3307
13.3551
13.3807
13.4076
13.4359
13.4657
13.4969
13.5297
13.564
13.6
13.6378
13.6773
13.7188
13.7621
13.8075
13.855
13.9046
13.9565
14.0108
14.0675
14.1268
14.1887
14.2533
14.3208
14.3913
14.4649
14.5417
14.6219
14.7057
14.793
14.8843
14.9794
15.0788
15.1824
15.2906
15.4035
15.5212
15.6442
15.7724
15.9063
16.0461
16.1919
16.3442
16.5032
16.6691
16.8424
17.0234
17.2125
17.41
17.6163
17.8319
18.0573
18.2928
18.539
18.7964
19.0655
19.3469
19.6413
19.9492
20.2713
20.6084
20.9611
21.3302
21.7166
22.121
22.5445
22.9879
23.4522
23.9383
24.4475
24.9807
25.5392
26.1241
26.7366
27.3781
28.0498
28.7531
29.4895
30.2603
31.0671
31.9113
32.7945
33.7181
34.6839
35.6932
36.7478
37.8491
38.9987
40.198
41.4487
42.752
44.1094
45.5221
46.9914
48.5183
50.1038
51.7489
53.4542
55.2203
57.0477
58.9365
60.8869
62.8986
64.9714
67.1047
69.2978
71.5496
73.8591
76.2247
78.6449
81.1178
83.6415
86.2136
88.8319
91.4937
94.1964
96.9369
99.7125
102.52
105.356
108.217
111.1
114.001
116.918
119.845
122.781
125.72
128.661
131.598
134.529
137.45
140.357
143.247
146.117
148.963
151.782
154.571
157.326
160.045
162.725
165.362
167.953
170.497
172.99
175.43
177.814
180.14
182.406
184.609
186.749
188.822
190.827
192.763
194.627
196.42
198.138
199.783
201.35
202.845
204.256
205.596
206.851
208.033
209.133
210.16
211.101
211.971
212.751
213.469
214.09
214.657
215.146
215.554
215.892
216.143
216.349
216.438
216.564
216.563
216.487
216.323
216.115
215.844
215.535
215.146
214.739
214.275
213.752
213.181
212.568
211.91
211.218
210.483
209.721
208.93
208.103
207.25
206.371
205.467
204.545
203.603
202.648
201.683
200.704
199.719
198.729
197.736
196.743
195.754
194.77
193.8
192.838
191.905
190.982
190.109
189.249
188.473
187.716
187.097
186.537
186.186
186.118
186.3
187.254
189.633
13.6843
13.6887
13.6933
13.6981
13.7032
13.7084
13.7137
13.7192
13.7249
13.7307
13.7366
13.7426
13.7487
13.7549
13.7611
13.7675
13.7738
13.7803
13.7867
13.7932
13.7997
13.8063
13.8128
13.8193
13.8258
13.8323
13.8387
13.8451
13.8515
13.8578
13.8641
13.8703
13.8765
13.8825
13.8885
13.8945
13.9003
13.9061
13.9117
13.9173
13.9228
13.9282
13.9335
13.9387
13.9439
13.9489
13.9538
13.9586
13.9634
13.968
13.9726
13.977
13.9814
13.9857
13.9899
13.994
13.9981
14.002
14.006
14.0098
14.0136
14.0174
14.0211
14.0248
14.0285
14.0321
14.0357
14.0394
14.043
14.0467
14.0504
14.0541
14.0578
14.0617
14.0656
14.0695
14.0736
14.0778
14.0821
14.0866
14.0912
14.0959
14.1009
14.106
14.1114
14.117
14.1228
14.1289
14.1353
14.142
14.1491
14.1565
14.1642
14.1723
14.1809
14.1899
14.1993
14.2093
14.2197
14.2307
14.2422
14.2543
14.2671
14.2804
14.2945
14.3093
14.3248
14.3411
14.3581
14.3761
14.3949
14.4146
14.4353
14.4569
14.4796
14.5034
14.5282
14.5543
14.5815
14.61
14.6398
14.6709
14.7035
14.7375
14.7731
14.8102
14.849
14.8894
14.9316
14.9757
15.0217
15.0696
15.1196
15.1717
15.2261
15.2827
15.3418
15.4033
15.4674
15.5341
15.6036
15.676
15.7514
15.8299
15.9116
15.9966
16.0852
16.1774
16.2734
16.3733
16.4773
16.5856
16.6983
16.8157
16.9378
17.0649
17.1972
17.335
17.4784
17.6277
17.7831
17.9449
18.1135
18.289
18.4717
18.6621
18.8604
19.067
19.2823
19.5066
19.7404
19.984
20.238
20.5028
20.7789
21.0668
21.367
21.6802
22.0067
22.3474
22.7029
23.0737
23.4606
23.8645
24.2858
24.7257
25.1847
25.6639
26.1641
26.6862
27.2313
27.8003
28.3942
29.0143
29.6614
30.3369
31.0418
31.7774
32.5449
33.3456
34.1807
35.0516
35.9596
36.9059
37.8921
38.9193
39.989
41.1024
42.261
43.4659
44.7185
46.02
47.3715
48.7741
50.229
51.7371
53.2993
54.9164
56.589
58.3178
60.1033
61.9457
63.8452
65.8019
67.8157
69.8863
72.0133
74.196
76.4338
78.7257
81.0705
83.4672
85.9141
88.4098
90.9526
93.5404
96.1714
98.8434
101.554
104.301
107.082
109.894
112.735
115.601
118.491
121.401
124.328
127.27
130.223
133.185
136.152
139.122
142.092
145.058
148.018
150.968
153.907
156.83
159.735
162.62
165.481
168.316
171.122
173.896
176.636
179.34
182.004
184.626
187.203
189.735
192.217
194.649
197.027
199.35
201.616
203.823
205.968
208.051
210.069
212.021
213.906
215.722
217.468
219.141
220.743
222.271
223.724
225.103
226.404
227.631
228.78
229.855
230.848
231.77
232.604
233.374
234.049
234.668
235.203
235.666
236.044
236.356
236.581
236.756
236.823
236.894
236.85
236.733
236.547
236.294
235.997
235.616
235.208
234.743
234.214
233.624
232.984
232.29
231.559
230.774
229.956
229.102
228.205
227.274
226.309
225.31
224.285
223.23
222.153
221.057
219.938
218.802
217.653
216.488
215.314
214.129
212.938
211.745
210.549
209.354
208.163
206.976
205.797
204.63
203.473
202.338
201.215
200.129
199.056
198.044
197.041
196.14
195.247
194.52
193.83
193.389
193.197
193.37
194.329
197.014
14.4844
14.5028
14.5213
14.5398
14.5582
14.5767
14.5952
14.6136
14.632
14.6504
14.6686
14.6868
14.7049
14.7229
14.7408
14.7585
14.7761
14.7936
14.8109
14.8281
14.8451
14.8619
14.8786
14.895
14.9113
14.9274
14.9432
14.9589
14.9744
14.9897
15.0047
15.0196
15.0343
15.0487
15.0629
15.077
15.0908
15.1044
15.1179
15.1311
15.1442
15.157
15.1697
15.1822
15.1946
15.2068
15.2188
15.2307
15.2425
15.2541
15.2656
15.2771
15.2884
15.2996
15.3108
15.3219
15.333
15.344
15.355
15.366
15.3771
15.3881
15.3993
15.4104
15.4217
15.4331
15.4446
15.4562
15.468
15.48
15.4921
15.5046
15.5172
15.5302
15.5434
15.557
15.5709
15.5852
15.5999
15.615
15.6307
15.6468
15.6634
15.6805
15.6983
15.7167
15.7357
15.7554
15.7759
15.7971
15.8191
15.842
15.8658
15.8904
15.9161
15.9427
15.9704
15.9992
16.0292
16.0603
16.0927
16.1263
16.1614
16.1978
16.2357
16.2751
16.3162
16.3588
16.4032
16.4494
16.4974
16.5473
16.5992
16.6532
16.7093
16.7677
16.8284
16.8914
16.957
17.0252
17.0961
17.1697
17.2462
17.3257
17.4084
17.4942
17.5834
17.676
17.7723
17.8723
17.9762
18.0841
18.1963
18.3128
18.4338
18.5596
18.6903
18.826
18.967
19.1135
19.2657
19.4238
19.5881
19.7588
19.9361
20.1205
20.312
20.5111
20.7179
20.933
21.1565
21.3889
21.6305
21.8817
22.143
22.4147
22.6972
22.9912
23.2969
23.6149
23.9458
24.2901
24.6483
25.021
25.4089
25.8125
26.2326
26.6698
27.1248
27.5984
28.0913
28.6044
29.1385
29.6943
30.2729
30.875
31.5017
32.1539
32.8326
33.5388
34.2735
35.0378
35.8327
36.6594
37.519
38.4125
39.3412
40.3061
41.3084
42.3492
43.4298
44.5511
45.7143
46.9206
48.1709
49.4663
50.8079
52.1965
53.633
55.1184
56.6534
58.2386
59.8748
61.5625
63.3021
65.094
66.9384
68.8355
70.7852
72.7877
74.8425
76.9494
79.1079
81.3174
83.5773
85.8866
88.2443
90.6495
93.1008
95.5969
98.1364
100.718
103.339
105.999
108.695
111.426
114.189
116.983
119.805
122.654
125.526
128.42
131.333
134.263
137.208
140.165
143.132
146.107
149.087
152.069
155.052
158.033
161.009
163.979
166.939
169.889
172.824
175.744
178.645
181.526
184.385
187.218
190.024
192.802
195.547
198.26
200.937
203.576
206.176
208.733
211.248
213.717
216.139
218.512
220.834
223.103
225.317
227.476
229.577
231.618
233.598
235.517
237.371
239.16
240.884
242.539
244.126
245.643
247.09
248.463
249.766
250.994
252.151
253.232
254.24
255.17
256.026
256.809
257.509
258.144
258.699
259.186
259.588
259.923
260.171
260.366
260.456
260.537
260.506
260.411
260.23
259.997
259.686
259.331
258.89
258.417
257.875
257.275
256.615
255.897
255.132
254.311
253.445
252.542
251.589
250.595
249.558
248.48
247.369
246.222
245.044
243.841
242.609
241.351
240.073
238.772
237.452
236.115
234.764
233.401
232.028
230.645
229.259
227.866
226.472
225.077
223.683
222.293
220.91
219.533
218.168
216.815
215.475
214.153
212.848
211.57
210.309
209.091
207.887
206.753
205.625
204.614
203.595
202.777
201.959
201.457
201.129
201.314
202.264
205.338
15.8011
15.8359
15.8705
15.9049
15.9389
15.9726
16.006
16.0391
16.0718
16.1042
16.1362
16.1678
16.1991
16.23
16.2605
16.2906
16.3203
16.3496
16.3785
16.407
16.4351
16.4628
16.4902
16.5171
16.5436
16.5698
16.5956
16.621
16.6461
16.6708
16.6952
16.7192
16.7429
16.7663
16.7894
16.8122
16.8347
16.857
16.8791
16.9009
16.9225
16.944
16.9652
16.9864
17.0073
17.0282
17.049
17.0698
17.0905
17.1111
17.1318
17.1526
17.1734
17.1943
17.2153
17.2365
17.2579
17.2795
17.3013
17.3234
17.3458
17.3686
17.3918
17.4154
17.4394
17.464
17.489
17.5147
17.541
17.5679
17.5956
17.624
17.6533
17.6833
17.7143
17.7463
17.7792
17.8132
17.8483
17.8845
17.922
17.9607
18.0008
18.0423
18.0852
18.1297
18.1758
18.2235
18.273
18.3243
18.3775
18.4326
18.4898
18.5491
18.6107
18.6745
18.7407
18.8094
18.8807
18.9547
19.0314
19.111
19.1937
19.2794
19.3684
19.4607
19.5565
19.6558
19.7589
19.8659
19.9768
20.092
20.2114
20.3354
20.464
20.5974
20.7359
20.8796
21.0287
21.1834
21.3439
21.5105
21.6833
21.8626
22.0487
22.2418
22.4422
22.6501
22.8659
23.0898
23.3223
23.5635
23.8138
24.0737
24.3434
24.6234
24.9141
25.2159
25.5292
25.8545
26.1924
26.5432
26.9074
27.2857
27.6786
28.0866
28.5103
28.9503
29.4073
29.8819
30.3748
30.8867
31.4183
31.9702
32.5434
33.1386
33.7566
34.3982
35.0643
35.7558
36.4735
37.2184
37.9913
38.7932
39.6252
40.488
41.3827
42.3103
43.2718
44.2681
45.3003
46.3692
47.476
48.6214
49.8066
51.0323
52.2996
53.6092
54.962
56.3587
57.8003
59.2872
60.8203
62.4
64.027
65.7016
67.4242
69.1952
71.0148
72.883
74.8
76.7657
78.78
80.8426
82.9532
85.1114
87.3165
89.5681
91.8653
94.2073
96.5932
99.022
101.492
104.003
106.554
109.142
111.766
114.425
117.118
119.842
122.596
125.379
128.188
131.021
133.878
136.756
139.652
142.566
145.495
148.438
151.393
154.357
157.329
160.307
163.289
166.273
169.258
172.241
175.221
178.197
181.165
184.125
187.074
190.012
192.935
195.844
198.735
201.607
204.459
207.289
210.095
212.876
215.63
218.355
221.05
223.713
226.342
228.937
231.495
234.015
236.495
238.934
241.33
243.681
245.987
248.245
250.455
252.614
254.721
256.776
258.776
260.719
262.606
264.435
266.204
267.911
269.557
271.138
272.656
274.108
275.494
276.812
278.062
279.244
280.356
281.396
282.367
283.263
284.091
284.84
285.524
286.131
286.671
287.132
287.522
287.836
288.079
288.253
288.344
288.392
288.354
288.251
288.059
287.811
287.486
287.112
286.651
286.154
285.581
284.955
284.258
283.51
282.694
281.838
280.914
279.953
278.936
277.879
276.771
275.619
274.425
273.192
271.917
270.614
269.274
267.904
266.505
265.078
263.626
262.15
260.652
259.137
257.604
256.056
254.497
252.925
251.345
249.756
248.162
246.565
244.966
243.367
241.771
240.178
238.592
237.011
235.44
233.879
232.331
230.795
229.277
227.777
226.296
224.838
223.4
221.995
220.61
219.273
217.95
216.705
215.458
214.349
213.206
212.306
211.352
210.804
210.324
210.524
211.474
215.007
17.8973
17.9505
18.0029
18.0546
18.1055
18.1557
18.2052
18.254
18.302
18.3492
18.3958
18.4416
18.4867
18.5311
18.5748
18.6178
18.6602
18.7019
18.743
18.7835
18.8233
18.8626
18.9014
18.9396
18.9773
19.0145
19.0512
19.0876
19.1235
19.1591
19.1943
19.2292
19.2639
19.2983
19.3326
19.3666
19.4006
19.4345
19.4683
19.5021
19.536
19.57
19.604
19.6383
19.6728
19.7076
19.7426
19.7781
19.814
19.8504
19.8873
19.9248
19.963
20.0019
20.0416
20.0821
20.1236
20.166
20.2094
20.254
20.2997
20.3466
20.3949
20.4446
20.4957
20.5484
20.6027
20.6588
20.7166
20.7764
20.8382
20.902
20.968
21.0364
21.107
21.1802
21.2559
21.3343
21.4156
21.4998
21.587
21.6774
21.7711
21.8682
21.9689
22.0733
22.1815
22.2937
22.4101
22.5307
22.6559
22.7856
22.9201
23.0596
23.2043
23.3544
23.51
23.6714
23.8389
24.0126
24.1928
24.3797
24.5735
24.7746
24.9831
25.1994
25.4237
25.6564
25.8977
26.148
26.4076
26.6768
26.9561
27.2458
27.5462
27.8579
28.1811
28.5164
28.8641
29.2248
29.599
29.9871
30.3898
30.8075
31.2407
31.6902
32.1564
32.6399
33.1415
33.6616
34.2011
34.7606
35.3407
35.9423
36.566
37.2127
37.883
38.5778
39.2978
40.044
40.8171
41.6181
42.4476
43.3068
44.1963
45.1172
46.0702
47.0564
48.0765
49.1315
50.2223
51.3497
52.5146
53.7178
54.9601
56.2424
57.5654
58.9298
60.3364
61.7858
63.2787
64.8156
66.397
68.0235
69.6954
71.4131
73.1767
74.9867
76.843
78.7458
80.695
82.6905
84.7321
86.8195
88.9524
91.1303
93.3527
95.619
97.9284
100.28
102.673
105.107
107.58
110.092
112.64
115.225
117.844
120.497
123.182
125.897
128.641
131.412
134.209
137.031
139.875
142.74
145.625
148.528
151.447
154.38
157.327
160.285
163.253
166.229
169.212
172.2
175.191
178.185
181.18
184.174
187.167
190.156
193.14
196.118
199.089
202.052
205.005
207.947
210.877
213.793
216.695
219.582
222.452
225.304
228.136
230.949
233.74
236.509
239.254
241.975
244.67
247.338
249.978
252.589
255.17
257.719
260.237
262.72
265.169
267.582
269.958
272.296
274.595
276.853
279.069
281.243
283.372
285.456
287.494
289.483
291.424
293.315
295.154
296.941
298.675
300.354
301.976
303.543
305.05
306.5
307.889
309.216
310.484
311.687
312.828
313.902
314.912
315.854
316.732
317.538
318.283
318.953
319.558
320.095
320.56
320.953
321.277
321.528
321.714
321.82
321.877
321.849
321.764
321.594
321.357
321.053
320.684
320.25
319.745
319.184
318.558
317.874
317.119
316.309
315.431
314.506
313.513
312.478
311.382
310.244
309.048
307.809
306.515
305.186
303.805
302.392
300.934
299.446
297.92
296.364
294.772
293.155
291.506
289.838
288.142
286.429
284.697
282.948
281.184
279.407
277.617
275.819
274.014
272.203
270.39
268.574
266.758
264.943
263.131
261.323
259.523
257.728
255.945
254.172
252.412
250.665
248.933
247.217
245.52
243.84
242.183
240.548
238.936
237.351
235.789
234.264
232.76
231.308
229.868
228.515
227.148
225.938
224.665
223.682
222.574
221.984
221.321
221.531
222.485
226.532
21.205
21.2775
21.3486
21.4186
21.4872
21.5547
21.621
21.6861
21.7502
21.8131
21.8751
21.936
21.9961
22.0552
22.1134
22.1709
22.2276
22.2837
22.339
22.3938
22.4481
22.5019
22.5553
22.6083
22.6611
22.7137
22.7662
22.8186
22.871
22.9235
22.9762
23.0292
23.0824
23.1361
23.1903
23.245
23.3004
23.3566
23.4136
23.4715
23.5304
23.5904
23.6517
23.7142
23.7783
23.8438
23.911
23.98
24.0508
24.1237
24.1987
24.2759
24.3554
24.4375
24.5221
24.6096
24.6999
24.7932
24.8897
24.9896
25.093
25.2
25.3108
25.4256
25.5445
25.6678
25.7956
25.9281
26.0654
26.2079
26.3556
26.5088
26.6676
26.8325
27.0034
27.1808
27.3649
27.5558
27.754
27.9597
28.1731
28.3946
28.6245
28.8631
29.1107
29.3676
29.6342
29.9108
30.1978
30.4956
30.8046
31.1252
31.4578
31.8029
32.1609
32.5324
32.9177
33.3174
33.7321
34.1622
34.6082
35.0709
35.5508
36.0485
36.5647
37.1
37.6551
38.2307
38.8275
39.4461
40.0875
40.7521
41.441
42.1548
42.8944
43.6604
44.454
45.2757
46.1264
47.0071
47.9187
48.8619
49.8376
50.8468
51.8903
52.9691
54.0839
55.2357
56.4253
57.6535
58.9213
60.2294
61.5785
62.9695
64.403
65.8798
67.4004
68.9655
70.5756
72.2313
73.9328
75.6807
77.4752
79.3166
81.2051
83.1407
85.1235
87.1534
89.2303
91.354
93.524
95.7402
98.0018
100.308
102.659
105.054
107.491
109.97
112.49
115.05
117.648
120.284
122.955
125.662
128.401
131.173
133.974
136.805
139.663
142.546
145.453
148.382
151.332
154.301
157.287
160.288
163.303
166.331
169.369
172.416
175.47
178.531
181.596
184.664
187.733
190.803
193.872
196.939
200.002
203.061
206.114
209.16
212.198
215.228
218.248
221.257
224.255
227.24
230.212
233.17
236.113
239.041
241.952
244.846
247.722
250.581
253.42
256.24
259.039
261.817
264.575
267.31
270.023
272.713
275.379
278.021
280.638
283.229
285.795
288.333
290.845
293.328
295.783
298.208
300.603
302.966
305.299
307.598
309.865
312.098
314.296
316.457
318.583
320.671
322.721
324.732
326.703
328.633
330.522
332.367
334.169
335.925
337.637
339.301
340.918
342.485
344.003
345.47
346.884
348.246
349.554
350.808
352.006
353.147
354.23
355.256
356.22
357.127
357.97
358.755
359.473
360.129
360.728
361.257
361.722
362.119
362.453
362.717
362.92
363.046
363.124
363.112
363.054
362.925
362.716
362.441
362.103
361.695
361.226
360.685
360.087
359.421
358.697
357.904
357.049
356.131
355.155
354.119
353.024
351.873
350.669
349.414
348.101
346.741
345.323
343.866
342.354
340.806
339.209
337.577
335.901
334.193
332.441
330.663
328.845
327.005
325.13
323.234
321.311
319.371
317.404
315.425
313.423
311.413
309.385
307.351
305.306
303.256
301.202
299.143
297.083
295.022
292.965
290.909
288.86
286.817
284.783
282.756
280.742
278.738
276.749
274.772
272.813
270.87
268.947
267.042
265.157
263.293
261.452
259.633
257.84
256.071
254.329
252.616
250.929
249.28
247.651
246.079
244.512
243.04
241.54
240.216
238.792
237.713
236.417
235.775
234.876
235.083
236.026
240.618
26.5075
26.6005
26.692
26.7818
26.8703
26.9574
27.0433
27.128
27.2118
27.2947
27.3768
27.4583
27.5393
27.6199
27.7002
27.7804
27.8605
27.9408
28.0213
28.1022
28.1837
28.2658
28.3489
28.4329
28.5182
28.6048
28.6929
28.7826
28.8742
28.9678
29.0635
29.1616
29.2622
29.3656
29.4718
29.5811
29.6938
29.8099
29.9297
30.0534
30.1813
30.3136
30.4505
30.5922
30.739
30.8911
31.0488
31.2122
31.3819
31.5577
31.7404
31.9298
32.1266
32.3308
32.543
32.7633
32.9922
33.2299
33.477
33.7337
34.0004
34.2777
34.5658
34.8653
35.1765
35.4999
35.8358
36.1849
36.5476
36.9244
37.3158
37.7224
38.1448
38.5836
39.0392
39.5125
40.0039
40.5143
41.0442
41.5943
42.1653
42.7581
43.3732
44.0117
44.6742
45.3617
46.0749
46.8148
47.5822
48.3781
49.2032
50.0587
50.9453
51.8641
52.816
53.802
54.8229
55.88
56.974
58.106
59.277
60.4879
61.7397
63.0334
64.3698
65.7499
67.1747
68.6449
70.1615
71.7251
73.3367
74.9969
76.7065
78.4659
80.2759
82.1369
84.0493
86.0136
88.0299
90.0986
92.2197
94.3933
96.6194
98.8977
101.228
103.61
106.043
108.528
111.062
113.645
116.277
118.956
121.682
124.453
127.268
130.126
133.025
135.963
138.94
141.953
145
148.08
151.191
154.331
157.498
160.69
163.905
167.14
170.395
173.666
176.951
180.25
183.558
186.876
190.199
193.528
196.859
200.191
203.523
206.852
210.176
213.495
216.807
220.109
223.402
226.684
229.952
233.207
236.448
239.672
242.88
246.07
249.241
252.394
255.526
258.638
261.729
264.799
267.846
270.871
273.874
276.853
279.809
282.741
285.65
288.534
291.395
294.232
297.044
299.831
302.594
305.333
308.046
310.735
313.399
316.037
318.65
321.238
323.799
326.335
328.845
331.329
333.786
336.217
338.621
340.998
343.348
345.672
347.967
350.235
352.475
354.687
356.87
359.025
361.15
363.246
365.311
367.346
369.349
371.321
373.261
375.167
377.04
378.878
380.682
382.45
384.182
385.877
387.534
389.152
390.731
392.27
393.768
395.224
396.638
398.009
399.337
400.618
401.854
403.042
404.182
405.273
406.316
407.306
408.246
409.131
409.967
410.743
411.463
412.131
412.745
413.299
413.794
414.229
414.604
414.92
415.173
415.368
415.495
415.571
415.56
415.511
415.405
415.213
414.961
414.643
414.264
413.816
413.31
412.732
412.098
411.393
410.629
409.803
408.91
407.952
406.935
405.852
404.714
403.511
402.254
400.937
399.567
398.139
396.657
395.12
393.533
391.895
390.209
388.474
386.693
384.871
383.002
381.097
379.145
377.162
375.137
373.084
370.992
368.876
366.725
364.555
362.352
360.134
357.888
355.63
353.348
351.057
348.748
346.434
344.103
341.772
339.428
337.086
334.736
332.391
330.044
327.702
325.365
323.034
320.71
318.395
316.091
313.797
311.518
309.252
307.004
304.77
302.555
300.356
298.18
296.022
293.887
291.772
289.683
287.616
285.574
283.555
281.564
279.597
277.658
275.745
273.861
272.006
270.177
268.386
266.613
264.897
263.18
261.562
259.898
258.43
256.815
255.605
254.067
253.341
252.12
252.301
253.172
258.293
35.4255
35.5497
35.6735
35.7971
35.9208
36.045
36.1699
36.2958
36.423
36.5517
36.6823
36.8151
36.9503
37.0883
37.2294
37.3739
37.5222
37.6745
37.8313
37.9929
38.1596
38.3316
38.5096
38.6936
38.8843
39.0818
39.2867
39.4992
39.72
39.9491
40.1874
40.4349
40.6924
40.9602
41.2389
41.5289
41.8307
42.145
42.4723
42.8132
43.1684
43.5383
43.9237
44.325
44.7431
45.1783
45.6317
46.1036
46.595
47.1065
47.6392
48.1934
48.7705
49.3708
49.9956
50.6455
51.3218
52.0252
52.7566
53.517
54.3076
55.1293
55.9832
56.8705
57.7923
58.7497
59.7441
60.7765
61.8482
62.9604
64.1144
65.3113
66.5525
67.839
69.1724
70.5535
71.9839
73.4646
74.9969
76.5819
78.2209
79.9149
81.665
83.4723
85.3377
87.2623
89.2468
91.2922
93.3992
95.5685
97.8006
100.096
102.455
104.879
107.367
109.919
112.536
115.217
117.962
120.77
123.642
126.576
129.571
132.627
135.743
138.917
142.147
145.433
148.773
152.165
155.606
159.096
162.631
166.211
169.831
173.49
177.186
180.915
184.676
188.465
192.279
196.117
199.974
203.849
207.738
211.639
215.548
219.463
223.381
227.3
231.216
235.127
239.032
242.926
246.808
250.675
254.526
258.359
262.171
265.96
269.725
273.465
277.177
280.861
284.516
288.139
291.73
295.289
298.814
302.305
305.76
309.181
312.565
315.914
319.225
322.501
325.739
328.941
332.106
335.234
338.325
341.38
344.399
347.381
350.328
353.239
356.115
358.955
361.762
364.533
367.271
369.975
372.646
375.284
377.889
380.463
383.005
385.515
387.996
390.445
392.865
395.255
397.617
399.949
402.254
404.53
406.779
409
411.194
413.361
415.501
417.614
419.701
421.762
423.795
425.802
427.781
429.734
431.659
433.558
435.429
437.274
439.09
440.881
442.642
444.377
446.083
447.762
449.412
451.033
452.625
454.188
455.721
457.223
458.694
460.133
461.541
462.915
464.256
465.562
466.834
468.069
469.269
470.43
471.554
472.639
473.685
474.689
475.654
476.575
477.455
478.29
479.079
479.823
480.525
481.181
481.788
482.344
482.85
483.305
483.71
484.061
484.36
484.603
484.795
484.924
485.009
485.011
484.972
484.89
484.744
484.524
484.249
483.912
483.516
483.059
482.539
481.96
481.316
480.614
479.843
479.012
478.126
477.171
476.154
475.072
473.931
472.725
471.461
470.133
468.748
467.302
465.797
464.234
462.614
460.936
459.205
457.417
455.578
453.684
451.741
449.746
447.706
445.617
443.483
441.305
439.085
436.822
434.521
432.182
429.805
427.398
424.955
422.487
419.983
417.46
414.906
412.335
409.737
407.126
404.492
401.849
399.186
396.519
393.834
391.149
388.452
385.757
383.054
380.358
377.655
374.963
372.268
369.586
366.906
364.241
361.583
358.94
356.311
353.696
351.099
348.518
345.957
343.413
340.892
338.391
335.914
333.459
331.029
328.621
326.241
323.884
321.555
319.25
316.974
314.723
312.502
310.305
308.138
305.996
303.883
301.795
299.736
297.704
295.697
293.724
291.766
289.861
287.945
286.129
284.244
282.571
280.697
279.288
277.42
276.539
274.869
274.967
275.625
281.168
52.0967
52.3318
52.5747
52.8265
53.0875
53.3586
53.6402
53.9334
54.2386
54.5568
54.8884
55.2344
55.5955
55.9726
56.3666
56.7783
57.2087
57.6586
58.1292
58.6211
59.1354
59.6729
60.2348
60.8217
61.4352
62.0758
62.7454
63.4442
64.1745
64.9363
65.7322
66.5622
67.4288
68.3323
69.2749
70.2577
71.2821
72.3496
73.4618
74.6201
75.8262
77.0815
78.3878
79.7469
81.1604
82.6302
84.1579
85.7454
87.3941
89.1062
90.883
92.7265
94.638
96.6197
98.6725
100.799
102.999
105.276
107.63
110.064
112.577
115.171
117.848
120.608
123.452
126.381
129.395
132.495
135.681
138.953
142.311
145.756
149.286
152.901
156.6
160.383
164.247
168.192
172.217
176.319
180.496
184.746
189.067
193.456
197.91
202.426
207.002
211.633
216.316
221.048
225.824
230.641
235.495
240.382
245.296
250.235
255.194
260.168
265.153
270.146
275.14
280.133
285.12
290.097
295.06
300.004
304.928
309.825
314.694
319.531
324.333
329.096
333.819
338.499
343.133
347.718
352.255
356.739
361.171
365.548
369.87
374.134
378.341
382.489
386.579
390.608
394.577
398.485
402.334
406.121
409.848
413.515
417.122
420.669
424.157
427.586
430.957
434.27
437.527
440.728
443.874
446.964
450.002
452.986
455.919
458.8
461.632
464.415
467.149
469.837
472.478
475.073
477.625
480.133
482.599
485.023
487.407
489.751
492.057
494.325
496.556
498.75
500.91
503.035
505.126
507.184
509.209
511.204
513.167
515.1
517.002
518.876
520.72
522.537
524.327
526.088
527.825
529.534
531.22
532.879
534.515
536.125
537.713
539.275
540.815
542.33
543.823
545.291
546.737
548.159
549.559
550.934
552.287
553.614
554.917
556.194
557.445
558.672
559.872
561.047
562.195
563.318
564.413
565.484
566.525
567.54
568.525
569.485
570.411
571.311
572.178
573.015
573.817
574.587
575.328
576.03
576.7
577.333
577.928
578.484
579.002
579.479
579.918
580.314
580.669
580.98
581.248
581.47
581.649
581.777
581.866
581.895
581.871
581.815
581.716
581.563
581.342
581.068
580.744
580.363
579.929
579.437
578.89
578.283
577.622
576.897
576.117
575.273
574.369
573.408
572.39
571.307
570.163
568.957
567.69
566.361
564.971
563.521
562.008
560.435
558.801
557.105
555.353
553.541
551.671
549.739
547.751
545.704
543.601
541.441
539.227
536.96
534.639
532.267
529.845
527.37
524.851
522.282
519.67
517.012
514.315
511.575
508.799
505.984
503.136
500.254
497.34
494.396
491.423
488.425
485.401
482.357
479.288
476.207
473.103
469.992
466.86
463.726
460.575
457.424
454.261
451.103
447.935
444.776
441.611
438.459
435.305
432.167
429.029
425.911
422.797
419.705
416.62
413.56
410.511
407.488
404.48
401.498
398.539
395.602
392.692
389.806
386.949
384.117
381.314
378.537
375.792
373.073
370.387
367.726
365.099
362.498
359.93
357.388
354.878
352.394
349.942
347.514
345.117
342.743
340.397
338.072
335.773
333.497
331.24
329.01
326.787
324.608
322.404
320.294
318.086
316.097
313.843
312.109
309.76
308.579
306.283
306.14
306.268
311.945
91.1893
92.0616
92.9807
93.9485
94.9659
96.0353
97.1578
98.3361
99.5712
100.866
102.222
103.641
105.126
106.678
108.3
109.994
111.763
113.608
115.532
117.538
119.629
121.806
124.072
126.43
128.883
131.433
134.082
136.833
139.687
142.649
145.717
148.897
152.189
155.595
159.116
162.755
166.513
170.391
174.39
178.51
182.753
187.119
191.608
196.22
200.954
205.811
210.789
215.886
221.102
226.435
231.882
237.442
243.111
248.886
254.765
260.743
266.816
272.981
279.231
285.564
291.972
298.452
304.996
311.599
318.256
324.958
331.701
338.477
345.28
352.102
358.937
365.778
372.618
379.45
386.267
393.062
399.83
406.562
413.254
419.9
426.493
433.027
439.498
445.901
452.231
458.484
464.655
470.741
476.738
482.645
488.457
494.173
499.791
505.309
510.725
516.039
521.25
526.358
531.362
536.263
541.06
545.754
550.346
554.837
559.227
563.518
567.711
571.806
575.808
579.715
583.532
587.258
590.897
594.45
597.92
601.308
604.616
607.845
610.998
614.075
617.08
620.012
622.875
625.669
628.396
631.057
633.654
636.188
638.661
641.075
643.43
645.73
647.973
650.164
652.302
654.39
656.428
658.419
660.363
662.263
664.118
665.932
667.704
669.437
671.13
672.787
674.406
675.992
677.542
679.06
680.545
682
683.425
684.82
686.186
687.526
688.838
690.125
691.385
692.623
693.834
695.024
696.189
697.333
698.453
699.554
700.631
701.69
702.725
703.742
704.736
705.712
706.666
707.602
708.519
709.415
710.295
711.154
711.997
712.819
713.624
714.409
715.175
715.927
716.647
717.356
718.034
718.703
719.342
719.971
720.574
721.158
721.719
722.249
722.754
723.231
723.683
724.11
724.509
724.882
725.228
725.547
725.836
726.098
726.328
726.531
726.697
726.837
726.935
727.006
727.036
727.022
726.972
726.892
726.799
726.611
726.433
726.182
725.89
725.555
725.175
724.749
724.278
723.758
723.19
722.572
721.905
721.185
720.416
719.593
718.719
717.788
716.799
715.755
714.66
713.507
712.295
711.019
709.686
708.292
706.839
705.323
703.748
702.109
700.411
698.649
696.827
694.944
693.001
690.995
688.931
686.802
684.613
682.361
680.048
677.674
675.238
672.743
670.189
667.575
664.905
662.174
659.388
656.545
653.649
650.696
647.693
644.636
641.53
638.375
635.171
631.922
628.629
625.292
621.914
618.494
615.038
611.544
608.016
604.455
600.864
597.242
593.595
589.922
586.228
582.512
578.777
575.024
571.255
567.474
563.68
559.879
556.067
552.257
548.436
544.623
540.804
536.994
533.182
529.384
525.585
521.806
518.03
514.277
510.531
506.812
503.102
499.422
495.754
492.118
488.498
484.913
481.345
477.814
474.304
470.833
467.385
463.974
460.595
457.248
453.937
450.658
447.416
444.207
441.034
437.893
434.789
431.717
428.683
425.679
422.713
419.775
416.872
413.996
411.153
408.336
405.55
402.785
400.048
397.329
394.634
391.951
389.288
386.635
383.992
381.361
378.722
376.109
373.448
370.863
368.14
365.629
362.77
360.469
357.366
355.596
352.297
351.653
350.445
355.635
227.084
231.533
236.156
240.949
245.915
251.052
256.366
261.855
267.523
273.368
279.393
285.598
291.984
298.55
305.297
312.225
319.332
326.618
334.08
341.717
349.526
357.504
365.647
373.952
382.413
391.026
399.784
408.682
417.712
426.868
436.141
445.524
455.008
464.584
474.242
483.972
493.765
503.609
513.495
523.41
533.345
543.287
553.226
563.149
573.046
582.905
592.715
602.465
612.143
621.741
631.247
640.652
649.946
659.121
668.167
677.079
685.847
694.466
702.929
711.232
719.368
727.336
735.129
742.747
750.186
757.445
764.524
771.421
778.136
784.67
791.025
797.2
803.199
809.024
814.676
820.158
825.475
830.627
835.62
840.456
845.14
849.673
854.062
858.308
862.415
866.389
870.231
873.946
877.537
881.009
884.362
887.604
890.734
893.758
896.677
899.497
902.218
904.846
907.381
909.83
912.19
914.471
916.666
918.789
920.821
922.792
924.679
926.511
928.261
929.966
931.591
933.178
934.691
936.171
937.58
938.96
940.271
941.557
942.775
943.971
945.101
946.211
947.257
948.285
949.252
950.204
951.096
951.978
952.799
953.616
954.373
955.129
955.826
956.525
957.167
957.814
958.406
959.005
959.55
960.105
960.606
961.12
961.58
962.057
962.478
962.92
963.306
963.714
964.067
964.443
964.766
965.112
965.406
965.723
965.989
966.278
966.517
966.779
966.992
967.228
967.415
967.625
967.786
967.969
968.105
968.26
968.371
968.497
968.583
968.674
968.725
968.783
968.803
968.831
968.815
968.805
968.766
968.722
968.649
968.569
968.459
968.348
968.191
968.08
967.776
967.646
967.303
967.139
966.776
966.558
966.196
965.887
965.497
965.058
964.602
964.104
963.586
963.031
962.446
961.829
961.177
960.493
959.77
959.014
958.214
957.38
956.496
955.579
954.6
953.596
952.523
951.422
950.248
949.05
947.782
946.481
945.111
943.704
942.231
940.705
939.125
937.489
935.795
934.044
932.233
930.364
928.438
926.453
924.409
922.302
920.136
917.905
915.612
913.25
910.828
908.337
905.783
903.158
900.468
897.709
894.887
891.994
889.039
886.015
882.927
879.772
876.55
873.264
869.914
866.502
863.028
859.49
855.893
852.232
848.511
844.731
840.891
836.994
833.042
829.034
824.974
820.859
816.695
812.479
808.218
803.908
799.555
795.158
790.719
786.242
781.725
777.174
772.589
767.971
763.325
758.649
753.949
749.223
744.478
739.712
734.932
730.134
725.328
720.508
715.685
710.854
706.021
701.185
696.348
691.516
686.685
681.866
677.05
672.255
667.465
662.701
657.945
653.218
648.502
643.82
639.151
634.519
629.904
625.332
620.781
616.274
611.79
607.353
602.94
598.577
594.24
589.956
585.701
581.498
577.326
573.209
569.124
565.089
561.097
557.146
553.243
549.379
545.562
541.785
538.052
534.357
530.705
527.089
523.516
519.975
516.474
513.002
509.565
506.152
502.77
499.408
496.074
492.751
489.45
486.154
482.869
479.581
476.295
472.997
469.688
466.362
462.998
459.625
456.164
452.735
449.106
445.648
441.728
438.356
433.946
430.944
425.962
423.867
420.209
422.168
828.783
843.851
859.018
874.242
889.518
904.811
920.122
935.413
950.69
965.912
981.083
996.17
1011.16
1026.04
1040.79
1055.41
1069.83
1084.1
1098.15
1112.02
1125.65
1139.04
1152.18
1165.04
1177.63
1189.91
1201.9
1213.57
1224.92
1235.95
1246.65
1257.02
1267.05
1276.75
1286.11
1295.14
1303.84
1312.21
1320.25
1327.98
1335.4
1342.5
1349.31
1355.83
1362.06
1368.02
1373.71
1379.14
1384.32
1389.26
1393.96
1398.45
1402.71
1406.77
1410.63
1414.31
1417.79
1421.11
1424.25
1427.24
1430.06
1432.74
1435.28
1437.68
1439.95
1442.1
1444.12
1446.02
1447.81
1449.5
1451.08
1452.55
1453.93
1455.22
1456.41
1457.52
1458.54
1459.48
1460.35
1461.13
1461.84
1462.48
1463.05
1463.56
1464
1464.38
1464.7
1464.97
1465.18
1465.35
1465.45
1465.52
1465.52
1465.49
1465.41
1465.3
1465.15
1464.97
1464.76
1464.52
1464.25
1464
1463.57
1463.31
1462.69
1462.44
1461.77
1461.52
1460.77
1460.52
1459.73
1459.47
1458.66
1458.4
1457.57
1457.29
1456.44
1456.15
1455.26
1454.95
1454.02
1453.7
1452.74
1452.4
1451.41
1451.05
1450.05
1449.67
1448.64
1448.25
1447.21
1446.8
1445.74
1445.33
1444.26
1443.84
1442.75
1442.32
1441.23
1440.79
1439.68
1439.23
1438.12
1437.66
1436.53
1436.06
1434.92
1434.44
1433.29
1432.79
1431.63
1431.12
1429.94
1429.41
1428.22
1427.68
1426.47
1425.9
1424.68
1424.08
1422.85
1422.22
1420.99
1420.3
1419.08
1418.33
1417.15
1416.29
1415.13
1414.14
1412.94
1411.92
1410.68
1409.61
1408.32
1407.2
1405.86
1404.68
1403.29
1402.07
1400.61
1399.33
1397.81
1396.48
1394.87
1393.47
1391.79
1390.31
1388.59
1386.99
1385.28
1383.52
1381.7
1379.82
1377.91
1375.94
1373.95
1371.9
1369.81
1367.68
1365.5
1363.27
1360.98
1358.64
1356.23
1353.77
1351.25
1348.66
1346
1343.3
1340.5
1337.66
1334.72
1331.75
1328.67
1325.56
1322.34
1319.08
1315.73
1312.31
1308.82
1305.26
1301.62
1297.91
1294.12
1290.26
1286.32
1282.3
1278.21
1274.04
1269.79
1265.47
1261.08
1256.6
1252.05
1247.42
1242.72
1237.93
1233.07
1228.14
1223.13
1218.04
1212.88
1207.65
1202.36
1196.98
1191.55
1186.04
1180.47
1174.84
1169.15
1163.39
1157.57
1151.69
1145.76
1139.77
1133.72
1127.62
1121.47
1115.28
1109.03
1102.75
1096.42
1090.05
1083.64
1077.2
1070.73
1064.22
1057.69
1051.14
1044.55
1037.95
1031.34
1024.7
1018.06
1011.4
1004.74
998.071
991.401
984.731
978.067
971.405
964.757
958.116
951.496
944.89
938.303
931.736
925.191
918.672
912.179
905.721
899.288
892.902
886.544
880.238
873.962
867.74
861.551
855.421
849.324
843.29
837.294
831.366
825.479
819.662
813.886
808.183
802.52
796.932
791.385
785.915
780.488
775.137
769.829
764.598
759.41
754.292
749.228
744.218
739.27
734.371
729.532
724.739
720
715.302
710.654
706.043
701.48
696.945
692.452
687.98
683.54
679.113
674.709
670.308
665.92
661.523
657.128
652.707
648.27
643.791
639.278
634.703
630.07
625.359
620.546
615.647
610.574
605.437
599.973
594.565
588.494
582.837
575.807
569.933
561.761
555.17
547.979
535.422
2855.65
2862.71
2868.95
2874.35
2879.01
2882.92
2886.19
2888.76
2890.78
2892.15
2893.08
2893.38
2893.15
2892.53
2891.57
2890.84
2888.09
2886.83
2883.98
2882.14
2879.45
2876.72
2873.62
2870.34
2866.91
2863.35
2859.68
2855.92
2852.07
2848.17
2844.21
2840.22
2836.2
2832.16
2828.1
2824.04
2819.97
2815.91
2811.86
2807.81
2803.77
2799.74
2795.73
2791.73
2787.74
2783.77
2779.81
2775.86
2771.93
2768.01
2764.09
2760.2
2756.31
2752.44
2748.58
2744.73
2740.9
2737.08
2733.26
2729.48
2725.69
2721.93
2718.17
2714.45
2710.72
2707.03
2703.35
2699.68
2696.03
2692.41
2688.81
2685.22
2681.66
2678.11
2674.59
2671.09
2667.61
2664.15
2660.71
2657.29
2653.89
2650.52
2647.17
2643.83
2640.52
2637.23
2633.97
2630.72
2627.49
2624.29
2621.11
2617.95
2614.81
2611.69
2608.59
2605.51
2602.45
2599.42
2596.41
2593.42
2590.44
2587.5
2584.57
2581.66
2578.74
2575.92
2572.87
2570.32
2566.69
2564.71
2560.81
2559.17
2555.34
2553.82
2550.03
2548.56
2544.8
2543.35
2539.59
2538.17
2534.42
2533.01
2529.26
2527.87
2524.14
2522.75
2519.04
2517.66
2513.96
2512.58
2508.9
2507.53
2503.85
2502.48
2498.81
2497.44
2493.77
2492.4
2488.72
2487.35
2483.66
2482.28
2478.57
2477.19
2473.46
2472.06
2468.3
2466.89
2463.09
2461.66
2457.82
2456.38
2452.48
2451.01
2447.05
2445.57
2441.54
2440.02
2435.92
2434.37
2430.18
2428.59
2424.31
2422.68
2418.29
2416.62
2412.14
2410.41
2405.8
2403.99
2399.27
2397.38
2392.54
2390.57
2385.61
2383.55
2378.46
2376.3
2371.08
2368.82
2363.46
2361.08
2355.57
2353.08
2347.42
2344.79
2339.01
2336.16
2330.54
2327.15
2322.19
2317.68
2312.8
2307.89
2302.96
2297.93
2292.85
2287.66
2282.4
2277.07
2271.64
2266.12
2260.51
2254.8
2248.99
2243.08
2237.07
2230.95
2224.73
2218.41
2211.96
2205.43
2198.76
2192.02
2185.12
2178.17
2171.06
2163.89
2156.56
2149.15
2141.64
2134.02
2126.28
2118.43
2110.48
2102.43
2094.27
2086.01
2077.65
2069.18
2060.62
2051.96
2043.2
2034.34
2025.39
2016.34
2007.19
1997.94
1988.61
1979.17
1969.66
1960.05
1950.37
1940.59
1930.75
1920.82
1910.82
1900.75
1890.62
1880.42
1870.15
1859.81
1849.43
1838.98
1828.49
1817.95
1807.37
1796.75
1786.09
1775.39
1764.67
1753.91
1743.14
1732.34
1721.53
1710.7
1699.87
1689.03
1678.19
1667.35
1656.52
1645.69
1634.88
1624.09
1613.32
1602.57
1591.84
1581.15
1570.49
1559.87
1549.29
1538.75
1528.27
1517.83
1507.46
1497.14
1486.88
1476.69
1466.56
1456.5
1446.51
1436.59
1426.75
1416.99
1407.31
1397.73
1388.22
1378.81
1369.48
1360.25
1351.09
1342.04
1333.07
1324.21
1315.43
1306.77
1298.19
1289.72
1281.32
1273.04
1264.83
1256.74
1248.73
1240.82
1232.99
1225.26
1217.6
1210.05
1202.56
1195.14
1187.82
1180.56
1173.37
1166.24
1159.17
1152.15
1145.18
1138.24
1131.34
1124.46
1117.62
1110.77
1103.93
1097.07
1090.2
1083.28
1076.34
1069.32
1062.25
1055.07
1047.8
1040.38
1032.83
1025.09
1017.16
1008.99
1000.54
991.814
982.678
973.219
963.095
952.679
941.105
929.41
915.674
901.646
885.705
863.65
849.207
780.972
8022.13
7996.98
7972.37
7948.24
7924.56
7901.25
7878.3
7855.68
7833.42
7811.47
7789.87
7768.55
7747.56
7726.85
7706.45
7686.33
7666.46
7646.87
7627.54
7608.49
7589.68
7571.11
7552.77
7534.66
7516.79
7499.14
7481.73
7464.56
7447.63
7430.94
7414.49
7398.29
7382.34
7366.63
7351.17
7335.96
7321
7306.28
7291.8
7277.57
7263.57
7249.81
7236.28
7222.98
7209.9
7197.04
7184.39
7171.95
7159.71
7147.68
7135.84
7124.18
7112.71
7101.43
7090.32
7079.38
7068.61
7058.01
7047.56
7037.28
7027.14
7017.16
7007.32
6997.64
6988.08
6978.68
6969.4
6960.26
6951.24
6942.36
6933.6
6924.97
6916.45
6908.05
6899.76
6891.58
6883.51
6875.53
6867.67
6859.89
6852.22
6844.63
6837.13
6829.72
6822.39
6815.15
6807.97
6800.88
6793.85
6786.9
6780.01
6773.19
6766.43
6759.73
6753.08
6746.5
6739.96
6733.48
6727.04
6720.65
6714.3
6708
6701.74
6695.51
6689.32
6683.16
6677.03
6670.95
6664.89
6658.9
6652.96
6647.09
6641.24
6635.44
6629.65
6623.88
6618.09
6612.31
6606.51
6600.7
6594.86
6589.01
6583.13
6577.23
6571.28
6565.33
6559.32
6553.3
6547.22
6541.12
6534.97
6528.79
6522.54
6516.27
6509.93
6503.55
6497.1
6490.61
6484.05
6477.44
6470.74
6463.99
6457.16
6450.26
6443.27
6436.2
6429.05
6421.81
6414.48
6407.05
6399.53
6391.9
6384.17
6376.33
6368.38
6360.32
6352.14
6343.84
6335.41
6326.85
6318.16
6309.33
6300.37
6291.26
6282.01
6272.6
6263.04
6253.31
6243.41
6233.35
6223.12
6212.72
6202.15
6191.39
6180.48
6169.35
6158.09
6146.58
6134.96
6123.06
6111.05
6098.76
6086.35
6073.67
6060.84
6047.77
6034.5
6021.02
6007.29
5993.35
5979.08
5964.51
5949.74
5934.79
5919.65
5904.31
5888.77
5873.03
5857.09
5840.93
5824.56
5807.97
5791.17
5774.14
5756.89
5739.4
5721.68
5703.71
5685.52
5667.06
5648.37
5629.43
5610.25
5590.82
5571.17
5551.26
5531.13
5510.75
5490.14
5469.33
5448.27
5426.98
5405.48
5383.78
5361.88
5339.78
5317.46
5294.95
5272.24
5249.35
5226.28
5203.03
5179.61
5156.02
5132.25
5108.32
5084.23
5059.98
5035.57
5011
4986.29
4961.45
4936.47
4911.37
4886.16
4860.84
4835.43
4809.91
4784.31
4758.6
4732.83
4706.98
4681.09
4655.15
4629.17
4603.16
4577.13
4551.06
4524.98
4498.9
4472.82
4446.74
4420.69
4394.66
4368.68
4342.72
4316.83
4290.99
4265.21
4239.51
4213.89
4188.35
4162.91
4137.57
4112.34
4087.23
4062.23
4037.37
4012.63
3988.04
3963.6
3939.32
3915.19
3891.25
3867.49
3843.88
3820.49
3797.29
3774.28
3751.46
3728.84
3706.43
3684.23
3662.25
3640.49
3618.96
3597.67
3576.59
3555.74
3535.11
3514.71
3494.52
3474.58
3454.85
3435.37
3416.1
3397.08
3378.25
3359.66
3341.25
3323.07
3305.07
3287.29
3269.68
3252.29
3235.04
3217.98
3201.05
3184.23
3167.6
3151.09
3134.69
3118.37
3102.14
3085.93
3069.79
3053.64
3037.51
3021.34
3005.13
2988.83
2972.44
2955.88
2939.16
2922.19
2905
2887.49
2869.66
2851.4
2832.7
2813.44
2793.6
2773.07
2751.78
2729.61
2706.45
2682.16
2656.61
2629.5
2600.78
2569.74
2536.62
2500
2460.02
2415.59
2360.62
2310.41
2200.21
2171.68
1763.7
638.522
669.286
691.621
707.716
720.761
732.833
744.564
756.134
767.647
779.407
791.411
803.465
815.897
828.697
841.907
855.568
869.741
884.458
899.79
915.768
932.489
949.965
968.332
987.571
1007.86
1029.27
1051.89
1075.78
1101.13
1128.03
1156.69
1187.21
1219.85
1254.75
1292.23
1332.48
1375.8
1422.68
1473.06
1528.4
1587.18
1653.81
1722.46
1804.6
1883.9
1991.53
2077.43
2236.85
2319.41
2585.42
269.009
274.587
280.281
285.249
289.567
293.459
297.133
300.697
304.191
307.691
311.242
314.758
318.337
321.981
325.706
329.519
333.442
337.476
341.648
345.955
350.434
355.074
359.922
364.961
370.237
375.768
381.583
387.681
394.125
400.91
408.116
415.734
423.862
432.494
441.74
451.619
462.215
473.651
485.855
499.31
513.413
529.547
546.03
565.445
585.236
608.709
633.808
660.245
701.902
728.351
196.772
198.249
200.729
203.285
205.672
207.854
209.9
211.863
213.769
215.652
217.536
219.391
221.253
223.126
225.021
226.939
228.893
230.882
232.919
235
237.145
239.344
241.622
243.966
246.397
248.922
251.557
254.292
257.16
260.149
263.302
266.6
270.097
273.773
277.686
281.828
286.236
290.964
295.952
301.447
307.115
313.611
320.203
327.796
335.92
344.365
355.668
363.154
382.342
384.808
169.262
169.725
170.963
172.517
174.066
175.525
176.902
178.222
179.496
180.744
181.98
183.191
184.394
185.593
186.794
188
189.217
190.444
191.691
192.954
194.244
195.556
196.903
198.279
199.693
201.15
202.659
204.214
205.832
207.505
209.258
211.077
212.994
214.995
217.112
219.338
221.692
224.206
226.836
229.731
232.693
236.075
239.53
243.399
247.771
251.808
258.181
261.507
271.767
270.725
156.009
156.156
156.806
157.815
158.882
159.921
160.915
161.869
162.789
163.685
164.565
165.424
166.27
167.105
167.933
168.758
169.583
170.409
171.239
172.074
172.919
173.771
174.639
175.518
176.415
177.331
178.273
179.236
180.233
181.255
182.319
183.417
184.567
185.761
187.018
188.333
189.718
191.194
192.731
194.423
196.153
198.121
200.165
202.388
205.06
207.29
211.304
213.157
219.271
217.739
149.224
149.254
149.606
150.269
151.016
151.767
152.498
153.203
153.883
154.541
155.181
155.803
156.41
157.004
157.587
158.162
158.732
159.296
159.857
160.416
160.975
161.533
162.096
162.661
163.231
163.809
164.397
164.994
165.607
166.23
166.875
167.535
168.224
168.934
169.679
170.457
171.273
172.143
173.048
174.05
175.078
176.25
177.499
178.822
180.53
181.839
184.488
185.61
189.5
187.944
146.011
145.989
146.177
146.602
147.118
147.654
148.183
148.696
149.189
149.663
150.12
150.56
150.984
151.394
151.793
152.181
152.559
152.929
153.291
153.646
153.995
154.338
154.678
155.014
155.349
155.683
156.018
156.354
156.694
157.036
157.386
157.74
158.108
158.484
158.877
159.287
159.717
160.179
160.66
161.203
161.767
162.42
163.148
163.9
164.975
165.739
167.481
168.155
170.694
169.169
145.008
144.954
145.045
145.301
145.645
146.012
146.377
146.731
147.069
147.391
147.696
147.984
148.257
148.514
148.758
148.991
149.211
149.42
149.618
149.806
149.985
150.154
150.316
150.47
150.617
150.758
150.893
151.023
151.15
151.272
151.393
151.511
151.632
151.752
151.878
152.008
152.148
152.303
152.47
152.674
152.895
153.174
153.521
153.87
154.485
154.877
155.971
156.323
157.958
156.448
145.489
145.407
145.426
145.552
145.754
145.979
146.207
146.427
146.634
146.825
147
147.158
147.301
147.427
147.539
147.636
147.718
147.786
147.841
147.884
147.915
147.933
147.94
147.936
147.921
147.896
147.862
147.818
147.765
147.703
147.634
147.555
147.471
147.381
147.287
147.19
147.092
147.001
146.913
146.848
146.797
146.782
146.828
146.869
147.124
147.226
147.84
147.928
148.92
147.394
147.051
146.94
146.892
146.918
146.997
147.098
147.202
147.3
147.384
147.454
147.509
147.546
147.567
147.571
147.561
147.536
147.494
147.437
147.365
147.279
147.178
147.063
146.934
146.787
146.627
146.453
146.266
146.066
145.854
145.627
145.389
145.138
144.876
144.602
144.317
144.023
143.723
143.42
143.116
142.824
142.542
142.281
142.081
141.857
141.832
141.674
141.929
141.778
142.3
140.717
149.426
149.28
149.168
149.105
149.078
149.067
149.056
149.039
149.01
148.966
148.906
148.83
148.736
148.625
148.498
148.355
148.195
148.019
147.826
147.617
147.391
147.15
146.891
146.616
146.324
146.016
145.692
145.351
144.992
144.615
144.222
143.812
143.386
142.944
142.487
142.017
141.534
141.044
140.547
140.054
139.569
139.093
138.678
138.227
137.975
137.557
137.555
137.159
137.335
135.656
152.432
152.244
152.067
151.921
151.796
151.68
151.562
151.437
151.298
151.145
150.975
150.788
150.583
150.361
150.121
149.865
149.59
149.298
148.989
148.661
148.316
147.953
147.572
147.172
146.752
146.315
145.859
145.383
144.888
144.373
143.838
143.282
142.705
142.106
141.488
140.852
140.2
139.536
138.864
138.187
137.518
136.849
136.239
135.585
135.13
134.487
134.277
133.628
133.543
131.731
155.94
155.7
155.457
155.23
155.012
154.795
154.574
154.343
154.098
153.838
153.56
153.264
152.951
152.619
152.269
151.901
151.514
151.109
150.685
150.243
149.78
149.299
148.798
148.277
147.734
147.171
146.588
145.983
145.356
144.706
144.033
143.337
142.616
141.871
141.104
140.313
139.501
138.673
137.834
136.988
136.146
135.299
134.509
133.669
133.027
132.18
131.791
130.896
130.609
128.624
159.851
159.552
159.238
158.929
158.619
158.305
157.983
157.648
157.299
156.932
156.548
156.145
155.723
155.282
154.823
154.344
153.847
153.33
152.793
152.236
151.658
151.061
150.442
149.801
149.138
148.453
147.745
147.014
146.258
145.477
144.671
143.838
142.978
142.091
141.178
140.239
139.278
138.296
137.297
136.288
135.283
134.268
133.308
132.295
131.477
130.441
129.889
128.764
128.306
126.136
164.088
163.722
163.333
162.94
162.539
162.128
161.705
161.268
160.814
160.341
159.85
159.34
158.811
158.261
157.692
157.104
156.495
155.866
155.217
154.546
153.855
153.142
152.406
151.647
150.865
150.059
149.229
148.373
147.491
146.582
145.644
144.678
143.682
142.657
141.602
140.519
139.411
138.28
137.132
135.968
134.805
133.63
132.507
131.33
130.345
129.133
128.422
127.088
126.476
124.118
168.589
168.149
167.68
167.2
166.706
166.198
165.674
165.134
164.575
163.996
163.399
162.781
162.143
161.484
160.805
160.106
159.387
158.646
157.884
157.1
156.294
155.466
154.614
153.738
152.838
151.912
150.96
149.982
148.975
147.939
146.873
145.775
144.646
143.485
142.292
141.068
139.817
138.541
137.246
135.933
134.62
133.29
132.011
130.676
129.532
128.151
127.286
125.758
125.007
122.462
173.301
172.779
172.225
171.654
171.066
170.459
169.834
169.189
168.525
167.84
167.134
166.408
165.66
164.892
164.103
163.293
162.462
161.609
160.734
159.837
158.917
157.973
157.006
156.013
154.994
153.95
152.878
151.778
150.647
149.486
148.292
147.065
145.804
144.509
143.18
141.819
140.428
139.01
137.572
136.113
134.654
133.177
131.747
130.258
128.961
127.419
126.403
124.694
123.811
121.085
178.177
177.567
176.922
176.258
175.572
174.865
174.136
173.387
172.615
171.823
171.008
170.172
169.315
168.436
167.536
166.614
165.671
164.705
163.717
162.706
161.672
160.613
159.53
158.421
157.284
156.121
154.93
153.708
152.455
151.169
149.849
148.494
147.104
145.677
144.214
142.718
141.19
139.633
138.055
136.455
134.853
133.231
131.656
130.019
128.573
126.876
125.714
123.831
122.825
119.923
183.176
182.472
181.732
180.97
180.184
179.373
178.54
177.683
176.804
175.902
174.978
174.032
173.063
172.073
171.061
170.026
168.97
167.891
166.79
165.665
164.516
163.342
162.143
160.918
159.664
158.383
157.073
155.731
154.356
152.946
151.502
150.02
148.501
146.944
145.35
143.721
142.058
140.366
138.65
136.912
135.171
133.409
131.692
129.912
128.322
126.476
125.17
123.121
121.998
118.926
188.258
187.457
186.616
185.752
184.863
183.947
183.007
182.042
181.053
180.041
179.005
177.947
176.867
175.764
174.639
173.492
172.322
171.13
169.914
168.675
167.412
166.123
164.808
163.467
162.097
160.698
159.27
157.808
156.312
154.78
153.212
151.605
149.959
148.274
146.551
144.791
142.997
141.172
139.322
137.449
135.573
133.673
131.819
129.9
128.17
126.179
124.734
122.525
121.292
118.055
193.39
192.485
191.54
190.571
189.575
188.551
187.502
186.427
185.327
184.203
183.056
181.885
180.692
179.476
178.238
176.977
175.693
174.387
173.058
171.704
170.326
168.923
167.493
166.036
164.55
163.034
161.488
159.908
158.292
156.639
154.948
153.218
151.447
149.636
147.786
145.898
143.975
142.02
140.04
138.035
136.026
133.994
132.007
129.952
128.086
125.955
124.375
122.012
120.673
117.279
198.537
197.524
196.471
195.393
194.288
193.154
191.994
190.807
189.595
188.358
187.097
185.813
184.506
183.177
181.825
180.45
179.053
177.632
176.189
174.721
173.229
171.711
170.167
168.595
166.994
165.362
163.699
162.001
160.267
158.495
156.683
154.831
152.937
151.003
149.028
147.014
144.965
142.883
140.776
138.644
136.507
134.345
132.228
130.043
128.046
125.779
124.068
121.556
120.118
116.572
203.667
202.542
201.378
200.188
198.971
197.725
196.451
195.151
193.826
192.475
191.1
189.702
188.281
186.837
185.371
183.882
182.371
180.837
179.28
177.699
176.092
174.461
172.803
171.117
169.402
167.656
165.877
164.063
162.212
160.321
158.391
156.419
154.405
152.349
150.253
148.117
145.945
143.74
141.509
139.253
136.992
134.705
132.463
130.15
128.028
125.63
123.793
121.137
119.603
115.914
208.748
207.508
206.23
204.926
203.594
202.234
200.846
199.431
197.991
196.526
195.037
193.524
191.988
190.43
188.85
187.248
185.623
183.975
182.305
180.611
178.892
177.148
175.377
173.578
171.75
169.891
167.998
166.07
164.103
162.097
160.05
157.961
155.829
153.655
151.44
149.185
146.894
144.57
142.219
139.843
137.462
135.055
132.692
130.257
128.013
125.489
123.531
120.737
119.112
115.285
213.75
212.393
210.998
209.577
208.129
206.653
205.15
203.62
202.064
200.484
198.88
197.252
195.602
193.93
192.236
190.52
188.782
187.022
185.239
183.433
181.603
179.747
177.865
175.955
174.016
172.045
170.041
167.999
165.92
163.8
161.639
159.435
157.189
154.9
152.57
150.2
147.794
145.354
142.889
140.397
137.9
135.377
132.899
130.347
127.987
125.341
123.267
120.341
118.63
114.673
218.644
217.167
215.653
214.114
212.549
210.956
209.336
207.69
206.018
204.323
202.603
200.861
199.097
197.312
195.504
193.676
191.826
189.955
188.061
186.144
184.203
182.238
180.246
178.227
176.178
174.098
171.984
169.832
167.642
165.411
163.139
160.825
158.467
156.067
153.626
151.145
148.628
146.078
143.502
140.899
138.292
135.658
133.069
130.405
127.934
125.173
122.989
119.936
118.144
114.064
223.4
221.801
220.168
218.51
216.826
215.115
213.378
211.615
209.828
208.017
206.183
204.328
202.45
200.552
198.633
196.693
194.732
192.751
190.747
188.722
186.673
184.6
182.501
180.374
178.218
176.031
173.809
171.55
169.252
166.914
164.535
162.113
159.648
157.141
154.593
152.005
149.382
146.726
144.044
141.336
138.624
135.885
133.191
130.421
127.845
124.973
122.685
119.511
117.644
113.448
227.989
226.268
224.514
222.736
220.933
219.105
217.251
215.372
213.469
211.544
209.596
207.627
205.638
203.628
201.598
199.549
197.479
195.389
193.278
191.146
188.991
186.813
184.608
182.377
180.117
177.825
175.499
173.135
170.733
168.291
165.808
163.283
160.715
158.105
155.455
152.766
150.042
147.285
144.503
141.696
138.884
136.045
133.252
130.382
127.707
124.731
122.345
119.057
117.119
112.815
232.383
230.54
228.665
226.767
224.846
222.899
220.929
218.935
216.918
214.879
212.818
210.738
208.638
206.518
204.38
202.222
200.046
197.85
195.634
193.398
191.139
188.858
186.552
184.219
181.857
179.464
177.036
174.572
172.07
169.528
166.945
164.321
161.655
158.947
156.2
153.415
150.595
147.743
144.867
141.966
139.061
136.128
133.244
130.28
127.511
124.437
121.96
118.565
116.561
112.159
236.553
234.589
232.594
230.577
228.537
226.474
224.388
222.28
220.15
217.999
215.828
213.638
211.429
209.202
206.957
204.694
202.414
200.115
197.796
195.459
193.1
190.719
188.313
185.882
183.422
180.931
178.406
175.845
173.247
170.609
167.931
165.213
162.454
159.654
156.816
153.94
151.03
148.09
145.126
142.136
139.145
136.126
133.157
130.104
127.249
124.084
121.522
118.028
115.964
111.471
240.472
238.388
236.273
234.139
231.983
229.805
227.605
225.384
223.143
220.882
218.603
216.305
213.99
211.658
209.31
206.945
204.563
202.164
199.747
197.311
194.855
192.378
189.877
187.351
184.797
182.212
179.593
176.94
174.25
171.522
168.754
165.948
163.101
160.214
157.29
154.33
151.337
148.313
145.266
142.198
139.128
136.03
132.981
129.846
126.913
123.663
121.024
117.438
115.32
110.745
244.113
241.909
239.678
237.428
235.158
232.867
230.556
228.225
225.875
223.507
221.122
218.72
216.302
213.868
211.42
208.955
206.476
203.98
201.468
198.938
196.389
193.819
191.227
188.61
185.966
183.291
180.585
177.844
175.068
172.254
169.402
166.512
163.584
160.616
157.613
154.574
151.503
148.405
145.286
142.144
139.002
135.829
132.709
129.5
126.495
123.169
120.46
116.79
114.623
109.976
247.446
245.127
242.782
240.419
238.037
235.636
233.217
230.779
228.324
225.852
223.365
220.862
218.345
215.813
213.268
210.708
208.135
205.547
202.943
200.323
197.685
195.028
192.349
189.646
186.916
184.157
181.367
178.544
175.687
172.794
169.863
166.896
163.891
160.849
157.773
154.664
151.526
148.36
145.174
141.964
138.757
135.519
132.334
129.059
125.99
122.594
119.824
116.078
113.868
109.159
250.446
248.015
245.559
243.087
240.597
238.09
235.566
233.025
230.469
227.897
225.311
222.712
220.099
217.474
214.836
212.187
209.524
206.848
204.157
201.452
198.73
195.99
193.228
190.444
187.634
184.796
181.928
179.028
176.095
173.128
170.124
167.087
164.015
160.907
157.768
154.595
151.394
148.166
144.92
141.652
138.386
135.09
131.849
128.515
125.39
121.934
119.11
115.298
113.05
108.289
253.086
250.546
247.984
245.407
242.814
240.205
237.581
234.941
232.288
229.621
226.942
224.25
221.547
218.833
216.109
213.373
210.626
207.867
205.096
202.31
199.509
196.691
193.852
190.992
188.106
185.193
182.252
179.281
176.282
173.249
170.182
167.083
163.95
160.782
157.584
154.355
151.099
147.817
144.519
141.2
137.884
134.538
131.249
127.864
124.692
121.183
118.313
114.443
112.164
107.362
255.338
252.696
250.032
247.355
244.664
241.959
239.239
236.507
233.762
231.005
228.238
225.46
222.672
219.875
217.068
214.252
211.427
208.591
205.743
202.882
200.006
197.115
194.203
191.272
188.319
185.341
182.337
179.305
176.244
173.152
170.027
166.872
163.684
160.464
157.215
153.937
150.634
147.307
143.964
140.602
137.244
133.856
130.527
127.101
123.889
120.336
117.428
113.511
111.206
106.373
257.176
254.437
251.679
248.909
246.125
243.329
240.521
237.701
234.871
232.03
229.18
226.322
223.455
220.58
217.697
214.805
211.906
208.997
206.079
203.15
200.209
197.253
194.279
191.286
188.272
185.235
182.173
179.084
175.969
172.824
169.649
166.445
163.21
159.946
156.654
153.335
149.993
146.628
143.25
139.852
136.462
133.04
129.68
126.22
122.978
119.389
116.453
112.496
110.173
105.32
258.575
255.746
252.9
250.043
247.174
244.294
241.404
238.503
235.592
232.673
229.746
226.812
223.872
220.926
217.976
215.019
212.056
209.085
206.105
203.116
200.115
197.099
194.067
191.018
187.95
184.86
181.747
178.61
175.448
172.258
169.04
165.795
162.522
159.221
155.895
152.543
149.17
145.777
142.371
138.947
135.531
132.086
128.702
125.217
121.954
118.339
115.382
111.397
109.062
104.199
259.505
256.593
253.665
250.727
247.78
244.823
241.856
238.883
235.903
232.917
229.924
226.927
223.924
220.917
217.905
214.889
211.867
208.839
205.804
202.76
199.705
196.638
193.556
190.458
187.343
184.209
181.053
177.875
174.674
171.448
168.196
164.918
161.614
158.285
154.933
151.557
148.162
144.748
141.323
137.881
134.45
130.988
127.591
124.09
120.814
117.182
114.213
110.209
107.868
103.007
259.934
256.95
253.954
250.949
247.935
244.912
241.883
238.846
235.804
232.756
229.704
226.649
223.59
220.528
217.463
214.395
211.323
208.246
205.162
202.071
198.971
195.86
192.736
189.598
186.444
183.273
180.084
176.873
173.641
170.387
167.109
163.807
160.482
157.133
153.763
150.372
146.963
143.537
140.103
136.652
133.214
129.745
126.342
122.835
119.555
115.915
112.942
108.93
106.589
101.742
259.861
256.814
253.757
250.691
247.618
244.539
241.453
238.362
235.266
232.167
229.065
225.96
222.854
219.746
216.637
213.525
210.411
207.293
204.17
201.041
197.903
194.757
191.599
188.43
185.247
182.048
178.832
175.598
172.345
169.071
165.775
162.459
159.12
155.761
152.382
148.985
145.571
142.143
138.707
135.257
131.82
128.353
124.954
121.449
118.174
114.535
111.568
107.557
105.223
100.402
259.248
256.15
253.042
249.928
246.807
243.68
240.548
237.413
234.274
231.133
227.99
224.847
221.703
218.559
215.414
212.268
209.121
205.971
202.817
199.659
196.494
193.322
190.14
186.948
183.744
180.527
177.294
174.046
170.779
167.495
164.192
160.869
157.527
154.166
150.788
147.393
143.984
140.561
137.134
133.692
130.267
126.81
123.425
119.931
116.67
113.042
110.088
106.09
103.768
98.9835
258.074
254.936
251.79
248.638
245.48
242.318
239.152
235.983
232.812
229.64
226.468
223.296
220.125
216.954
213.784
210.614
207.444
204.272
201.097
197.919
194.736
191.548
188.351
185.147
181.931
178.705
175.465
172.211
168.942
165.657
162.355
159.035
155.699
152.346
148.978
145.594
142.199
138.792
135.381
131.958
128.552
125.116
121.753
118.279
115.041
111.433
108.501
104.525
102.223
97.4865
256.315
253.151
249.98
246.803
243.621
240.436
237.247
234.057
230.866
227.675
224.484
221.295
218.107
214.921
211.737
208.553
205.37
202.186
199.001
195.814
192.624
189.429
186.229
183.021
179.805
176.579
173.342
170.093
166.831
163.554
160.263
156.957
153.635
150.3
146.95
143.588
140.216
136.833
133.449
130.053
126.676
123.269
119.937
116.492
113.286
109.708
106.805
102.864
100.585
95.9095
253.952
250.776
247.593
244.405
241.213
238.018
234.82
231.622
228.423
225.225
222.028
218.834
215.642
212.452
209.264
206.078
202.893
199.709
196.525
193.34
190.153
186.963
183.768
180.569
177.362
174.147
170.923
167.689
164.444
161.186
157.915
154.632
151.335
148.027
144.706
141.374
138.035
134.686
131.337
127.978
124.639
121.27
117.977
114.571
111.405
107.866
105.002
101.104
98.8558
94.2519
250.965
247.792
244.613
241.429
238.241
235.05
231.857
228.664
225.471
222.28
219.09
215.903
212.718
209.536
206.357
203.181
200.007
196.834
193.663
190.491
187.319
184.145
180.968
177.787
174.6
171.407
168.207
164.998
161.78
158.551
155.312
152.061
148.8
145.527
142.245
138.954
135.656
132.351
129.047
125.733
122.442
119.119
115.876
112.517
109.4
105.909
103.09
99.2469
97.0338
92.5138
247.339
244.184
241.024
237.86
234.691
231.52
228.347
225.174
222.001
218.829
215.66
212.494
209.33
206.17
203.013
199.859
196.708
193.559
190.412
187.266
184.12
180.974
177.826
174.675
171.519
168.36
165.194
162.021
158.841
155.652
152.453
149.246
146.029
142.804
139.57
136.329
133.082
129.83
126.58
123.321
120.085
116.819
113.633
110.33
107.27
103.837
101.071
97.293
95.1196
90.6957
243.057
239.939
236.814
233.686
230.553
227.417
224.279
221.141
218.003
214.867
211.733
208.601
205.473
202.347
199.226
196.108
192.993
189.881
186.771
183.663
180.556
177.45
174.342
171.233
168.121
165.005
161.885
158.76
155.628
152.489
149.343
146.189
143.028
139.859
136.683
133.501
130.316
127.125
123.939
120.744
117.573
114.372
111.251
108.014
105.019
101.653
98.9461
95.244
93.114
88.7994
238.108
235.044
231.973
228.897
225.817
222.733
219.647
216.56
213.474
210.387
207.303
204.221
201.142
198.067
194.994
191.926
188.861
185.799
182.74
179.683
176.628
173.573
170.519
167.463
164.406
161.347
158.284
155.217
152.145
149.068
145.983
142.894
139.798
136.695
133.588
130.475
127.361
124.241
121.127
118.005
114.908
111.78
108.734
105.571
102.649
99.3584
96.7181
93.1019
91.019
86.8262
232.484
229.492
226.493
223.489
220.478
217.464
214.447
211.428
208.408
205.388
202.369
199.352
196.338
193.327
190.319
187.314
184.313
181.316
178.32
175.328
172.337
169.348
166.359
163.37
160.38
157.388
154.394
151.397
148.396
145.391
142.38
139.365
136.344
133.319
130.29
127.256
124.221
121.182
118.15
115.109
112.095
109.049
106.085
103.005
100.163
96.9574
94.39
90.8697
88.8374
84.7782
226.179
223.279
220.371
217.456
214.535
211.608
208.676
205.742
202.806
199.868
196.932
193.996
191.062
188.13
185.202
182.276
179.353
176.434
173.517
170.602
167.689
164.778
161.867
158.957
156.046
153.135
150.222
147.306
144.387
141.465
138.538
135.608
132.674
129.736
126.794
123.849
120.904
117.955
115.013
112.063
109.139
106.184
103.31
100.32
97.5664
94.4542
91.9654
88.551
86.5727
82.6582
219.194
216.406
213.607
210.802
207.987
205.165
202.338
199.506
196.67
193.833
190.994
188.156
185.318
182.482
179.648
176.816
173.986
171.159
168.334
165.512
162.69
159.871
157.051
154.233
151.414
148.594
145.774
142.951
140.126
137.298
134.466
131.632
128.794
125.953
123.109
120.262
117.415
114.565
111.722
108.871
106.047
103.19
100.415
97.5236
94.8642
91.8539
89.4491
86.1502
84.229
80.4698
211.534
208.878
206.208
203.53
200.841
198.143
195.437
192.725
190.008
187.287
184.564
181.84
179.114
176.39
173.665
170.942
168.221
165.501
162.782
160.065
157.349
154.635
151.92
149.205
146.49
143.775
141.059
138.342
135.621
132.899
130.173
127.444
124.713
121.979
119.242
116.503
113.764
111.022
108.286
105.542
102.825
100.075
97.4055
94.6208
92.0624
89.1622
86.8465
83.6725
81.8109
78.2175
203.209
200.704
198.184
195.652
193.108
190.552
187.986
185.412
182.83
180.244
177.653
175.058
172.462
169.864
167.266
164.667
162.069
159.47
156.872
154.275
151.678
149.081
146.484
143.886
141.288
138.69
136.089
133.488
130.884
128.278
125.668
123.056
120.441
117.824
115.204
112.582
109.959
107.333
104.714
102.085
99.4827
96.8471
94.2899
91.6193
89.1679
86.386
84.1637
81.1239
79.3238
75.9066
193.341
191.024
188.689
186.339
183.974
181.594
179.202
176.799
174.386
171.965
169.538
167.105
164.668
162.227
159.783
157.338
154.89
152.442
149.992
147.541
145.089
142.637
140.182
137.727
135.27
132.813
130.353
127.892
125.427
122.96
120.49
118.017
115.541
113.062
110.581
108.096
105.611
103.122
100.639
98.1454
95.6772
93.1753
90.7491
88.2118
85.8845
83.2407
81.1259
78.2431
76.5132
73.3003
181.699
179.614
177.506
175.38
173.235
171.072
168.893
166.699
164.493
162.275
160.048
157.813
155.57
153.321
151.066
148.807
146.543
144.276
142.005
139.732
137.456
135.177
132.895
130.611
128.323
126.034
123.742
121.447
119.148
116.846
114.54
112.231
109.918
107.602
105.282
102.958
100.634
98.3036
95.9785
93.6424
91.3296
88.9826
86.7078
84.325
82.1405
79.6572
77.6657
74.9651
73.3171
70.3361
169.249
167.42
165.562
163.683
161.781
159.857
157.912
155.949
153.97
151.977
149.97
147.952
145.923
143.884
141.836
139.782
137.719
135.651
133.576
131.496
129.411
127.321
125.227
123.127
121.023
118.916
116.804
114.688
112.567
110.442
108.312
106.178
104.039
101.895
99.7476
97.5945
95.4394
93.2774
91.1191
88.9485
86.7995
84.6155
82.4996
80.2795
78.2446
75.9305
74.0684
71.5594
69.9991
67.2576
156.082
154.529
152.943
151.33
149.69
148.023
146.332
144.619
142.886
141.135
139.367
137.583
135.785
133.973
132.15
130.315
128.47
126.616
124.752
122.88
121
119.114
117.219
115.318
113.41
111.497
109.577
107.652
105.72
103.783
101.839
99.8898
97.9346
95.9732
94.006
92.0321
90.0548
88.069
86.0855
84.0881
82.1099
80.0965
78.1461
76.0961
74.2171
72.08
70.3528
68.0438
66.5763
64.0826
142.317
141.055
139.755
138.424
137.061
135.667
134.245
132.797
131.326
129.832
128.318
126.783
125.23
123.66
122.074
120.474
118.859
117.231
115.591
113.94
112.278
110.606
108.923
107.231
105.53
103.822
102.105
100.381
98.6473
96.9072
95.1584
93.4029
91.6396
89.8683
88.0895
86.3022
84.51
82.7074
80.9052
79.0878
77.2868
75.4502
73.6712
71.7977
70.0802
68.1268
66.5394
64.4378
63.0672
60.8298
128.101
127.14
126.136
125.095
124.019
122.907
121.764
120.592
119.394
118.169
116.919
115.643
114.346
113.029
111.691
110.335
108.961
107.57
106.163
104.742
103.307
101.859
100.397
98.9237
97.4376
95.9428
94.437
92.9213
91.3947
89.8594
88.3129
86.7581
85.1934
83.6187
82.0344
80.4398
78.8385
77.2248
75.6096
73.9775
72.3587
70.7041
69.1013
67.4096
65.8583
64.0942
62.6512
60.7629
59.493
57.5194
113.615
112.954
112.247
111.499
110.713
109.887
109.027
108.138
107.219
106.268
105.287
104.277
103.242
102.182
101.1
99.9941
98.8667
97.7187
96.5513
95.366
94.1645
92.9467
91.7118
90.4619
89.1967
87.9212
86.6317
85.3302
84.0157
82.6907
81.3514
80.0025
78.6409
77.2674
75.8818
74.4844
73.0781
71.6575
70.2332
68.7905
67.3575
65.8889
64.4656
62.9601
61.5789
60.0083
58.7137
57.0431
55.8775
54.1741
99.0707
98.6984
98.2819
97.8203
97.319
96.7744
96.1983
95.5924
94.9519
94.2737
93.56
92.8145
92.0421
91.2422
90.4149
89.5603
88.6807
87.7768
86.8506
85.9033
84.9373
83.9518
82.9456
81.9217
80.8796
79.826
78.7548
77.6705
76.571
75.4588
74.3289
73.1885
72.0323
70.8623
69.6776
68.4798
67.2709
66.0458
64.8149
63.5639
62.3185
61.038
59.7965
58.4802
57.272
55.8977
54.755
53.3045
52.2474
50.8187
84.7073
84.6044
84.4661
84.2775
84.0504
83.77
83.4724
83.1424
82.7702
82.3516
81.8965
81.4079
80.8933
80.3471
79.7693
79.1601
78.5236
77.8596
77.1711
76.4583
75.7253
74.9697
74.1896
73.3894
72.5685
71.7354
70.8811
70.0136
69.1288
68.2288
67.3071
66.375
65.4235
64.4567
63.4727
62.475
61.4635
60.4347
59.3974
58.3384
57.2804
56.1887
55.1297
54.0046
52.9712
51.7938
50.8061
49.5755
48.6327
47.4805
70.7875
70.9357
71.0661
71.1306
71.1588
71.0946
71.0794
71.0009
70.8759
70.6921
70.4795
70.2285
69.961
69.6549
69.3126
68.9359
68.5314
68.0965
67.6364
67.1486
66.6406
66.1072
65.5452
64.9617
64.3552
63.7371
63.0936
62.4394
61.7651
61.0723
60.354
59.627
58.8762
58.1096
57.3234
56.5237
55.7073
54.8734
54.0278
53.1587
52.2857
51.3815
50.5047
49.5711
48.7129
47.7309
46.9012
45.8873
45.067
44.1892
57.6851
58.0753
58.4138
58.6959
58.9351
59.1184
59.28
59.4095
59.4887
59.4977
59.5135
59.4594
59.4306
59.3399
59.2106
59.0445
58.8533
58.6304
58.3835
58.1038
57.8072
57.4825
57.1242
56.7451
56.3412
55.9272
55.4842
55.0364
54.563
54.0676
53.544
53.0154
52.4579
51.8852
51.2909
50.6849
50.0584
49.4162
48.7576
48.0734
47.3806
46.6609
45.9648
45.2217
44.5371
43.7463
43.0772
42.274
41.5882
40.9767
45.7575
46.2791
46.767
47.2104
47.6127
47.9717
48.2956
48.5893
48.8434
49.0508
49.2312
49.3727
49.4979
49.5871
49.6402
49.6533
49.649
49.6158
49.5565
49.461
49.3584
49.2222
49.0461
48.855
48.6361
48.4106
48.1526
47.8999
47.6114
47.2984
46.9574
46.616
46.2414
45.8523
45.4415
45.022
44.5772
44.122
43.6416
43.1343
42.6144
42.0755
41.5582
41.0021
40.4863
39.8801
39.3747
38.7728
38.239
37.8766
35.2223
35.8295
36.4069
36.9482
37.4546
37.9266
38.3659
38.7765
39.1556
39.4999
39.8136
40.096
40.3538
40.5824
40.7818
40.9476
41.0924
41.2066
41.3042
41.3639
41.4354
41.4586
41.4349
41.4068
41.3511
41.2918
41.1981
41.1286
41.0011
40.8515
40.6791
40.5088
40.3052
40.084
39.845
39.6022
39.3277
39.054
38.7379
38.3962
38.0404
37.6789
37.3378
36.9609
36.6054
36.1753
35.8373
35.4261
35.0666
34.9228
26.3543
26.979
27.5786
28.1509
28.697
29.2179
29.7141
30.187
30.636
31.0593
31.4572
31.8294
32.1787
32.5034
32.8051
33.0794
33.3344
33.5624
33.7757
33.9604
34.1366
34.2907
34.4086
34.5171
34.5991
34.6764
34.7238
34.8228
34.8186
34.8125
34.7897
34.7747
34.7252
34.654
34.5732
34.4946
34.3741
34.2781
34.1044
33.9151
33.7144
33.5321
33.3614
33.1472
32.9404
32.6783
32.5134
32.2831
32.1216
32.1472
19.3232
19.8894
20.4427
20.9808
21.5039
22.0124
22.506
22.9848
23.448
23.8943
24.3232
24.7335
25.1266
25.5009
25.8584
26.1957
26.5177
26.8194
27.1078
27.3773
27.6327
27.8767
28.0952
28.3042
28.4921
28.6728
28.8321
29.009
29.1487
29.2684
29.3724
29.4763
29.5673
29.6307
29.6913
29.755
29.7712
29.8533
29.7949
29.7477
29.6966
29.7087
29.6877
29.6066
29.5372
29.441
29.4581
29.4059
29.347
29.5886
14.1019
14.5579
15.0151
15.47
15.921
16.3678
16.8094
17.245
17.6737
18.0942
18.5055
18.9064
19.2972
19.6764
20.0453
20.4017
20.7481
21.0819
21.4059
21.7192
22.0206
22.3163
22.5963
22.8689
23.1283
23.3797
23.6202
23.862
24.0937
24.3095
24.5132
24.7139
24.9101
25.0888
25.2535
25.4301
25.5682
25.7433
25.8516
25.9519
26.047
26.1614
26.2694
26.3659
26.4441
26.5177
26.6306
26.7464
26.8121
27.2946
10.4639
10.7983
11.1431
11.4937
11.848
12.2053
12.5647
12.9253
13.2862
13.6461
14.0042
14.3592
14.7111
15.0585
15.402
15.7404
16.0747
16.4037
16.7279
17.0483
17.3623
17.6751
17.981
18.2833
18.5803
18.8718
19.1606
19.4475
19.7347
20.0151
20.2893
20.5624
20.8351
21.1033
21.3553
21.6217
21.8618
22.1276
22.3631
22.5946
22.8171
23.0525
23.2741
23.515
23.7243
23.9571
24.1731
24.4489
24.6151
25.3012
8.07139
8.30856
8.55231
8.80296
9.06024
9.32376
9.59316
9.86787
10.1473
10.4307
10.7174
11.0065
11.2979
11.5906
11.8848
12.1799
12.4762
12.7734
13.0711
13.3707
13.6699
13.9722
14.275
14.579
14.8846
15.1897
15.4982
15.8084
16.1239
16.4413
16.7591
17.0814
17.4065
17.7386
18.0596
18.3974
18.7199
19.0655
19.3994
19.7415
20.072
20.4234
20.7507
21.1172
21.4403
21.818
22.1332
22.56
22.8137
23.6626
6.6139
6.77031
6.93181
7.09971
7.27447
7.45593
7.64428
7.83946
8.04135
8.24953
8.46387
8.68381
8.9093
9.14
9.37584
9.61683
9.86284
10.1144
10.3707
10.6334
10.9008
11.1753
11.4559
11.7426
12.0365
12.3357
12.6432
12.9582
13.2826
13.6166
13.9573
14.3093
14.6684
15.0438
15.4163
15.8099
16.1979
16.6115
17.0228
17.4561
17.8774
18.3322
18.7557
19.234
19.6565
20.1635
20.5692
21.1357
21.4652
22.4406
5.81947
5.91008
6.00723
6.11092
6.22115
6.33839
6.46268
6.59406
6.73259
6.87822
7.031
7.19083
7.35775
7.5319
7.71321
7.90214
8.09857
8.30337
8.51603
8.73805
8.96858
9.2093
9.46025
9.72162
9.99438
10.2781
10.5741
10.8835
11.2063
11.5453
11.8967
12.2666
12.6484
13.0542
13.4657
13.9042
14.3455
14.8179
15.2931
15.8031
16.3015
16.8471
17.3584
17.9392
18.451
19.0735
19.5612
20.2537
20.6479
21.7148
5.46515
5.51275
5.56712
5.62799
5.69517
5.76871
5.84874
5.9354
6.02889
6.12938
6.23707
6.35221
6.47494
6.60574
6.74469
6.89255
7.04932
7.21618
7.3929
7.58106
7.78038
7.99249
8.2177
8.45708
8.71111
8.98102
9.26693
9.57156
9.89357
10.2378
10.5997
10.9869
11.3911
11.8259
12.2742
12.756
13.2474
13.7768
14.3114
14.8915
15.4602
16.084
16.6677
17.3323
17.9172
18.6315
19.1863
19.9773
20.4222
21.5415
5.39586
5.42391
5.45691
5.49525
5.53915
5.58882
5.64448
5.70644
5.77497
5.85044
5.93311
6.02347
6.12173
6.2286
6.34424
6.46964
6.6049
6.7514
6.90912
7.07982
7.26345
7.46198
7.67558
7.90632
8.15415
8.42172
8.70827
9.01792
9.34836
9.70589
10.0853
10.4955
10.9274
11.395
11.8817
12.4075
12.9475
13.5316
14.1217
14.7643
15.3948
16.0885
16.7409
17.4804
18.1318
18.92
19.5335
20.3943
20.8804
22.0078
5.56586
5.58956
5.61625
5.6469
5.68215
5.72255
5.76847
5.82045
5.87892
5.9445
6.01755
6.09884
6.18869
6.28811
6.39735
6.51773
6.64945
6.79422
6.95213
7.12532
7.3138
7.52012
7.74418
7.98904
8.2541
8.54328
8.85501
9.19459
9.55875
9.95481
10.3767
10.8343
11.3173
11.8398
12.3848
12.9723
13.5756
14.2255
14.8797
15.5874
16.28
17.0355
17.7457
18.5395
19.2415
20.0709
20.7274
21.608
22.1304
23.1943
6.00182
6.02773
6.0571
6.09097
6.13002
6.17486
6.22588
6.28381
6.34915
6.42277
6.50514
6.59731
6.69973
6.8137
6.93961
7.07913
7.23255
7.40199
7.5876
7.79199
8.0151
8.2601
8.52656
8.81836
9.13433
9.4792
9.85068
10.2546
10.6868
11.1548
11.6515
12.1863
12.7484
13.3502
13.9745
14.6395
15.3175
16.0381
16.7575
17.5231
18.2677
19.0642
19.812
20.6266
21.3533
22.1772
22.8522
23.6855
24.2475
25.1439
6.77619
6.81242
6.85326
6.90038
6.95472
7.01703
7.08773
7.16775
7.25771
7.35872
7.47139
7.59705
7.73629
7.89076
8.06098
8.24902
8.45523
8.68217
8.92999
9.20171
9.49713
9.81982
10.1689
10.5487
10.9573
11.3994
11.872
12.3803
12.9192
13.4949
14.0994
14.7399
15.4053
16.1044
16.8206
17.5678
18.3199
19.1015
19.872
20.6721
21.4424
22.2433
22.9937
23.7819
24.4935
25.2559
25.9118
26.6302
27.2111
27.8503
8.05057
8.1065
8.16904
8.24104
8.32405
8.41903
8.52652
8.64769
8.78334
8.93486
9.10298
9.28933
9.49459
9.72076
9.96839
10.2399
10.5355
10.8581
11.2076
11.5871
11.9961
12.4378
12.9109
13.4188
13.9589
14.5347
15.142
15.7842
16.455
17.1578
17.8839
18.637
19.4058
20.1949
20.9891
21.7969
22.5964
23.4048
24.1891
24.9804
25.7317
26.4874
27.1925
27.9018
28.5492
29.1984
29.7866
30.345
30.8882
31.2211
10.1174
10.2041
10.3006
10.4118
10.5402
10.6869
10.8523
11.038
11.2448
11.4744
11.7273
12.0055
12.3095
12.6413
13.0013
13.3919
13.8129
14.2668
14.7531
15.2741
15.8282
16.4178
17.0402
17.6973
18.3849
19.1045
19.8505
20.6231
21.4155
22.2275
23.05
23.8836
24.7172
25.552
26.3751
27.1903
27.9817
28.7593
29.4996
30.2254
30.9004
31.559
32.1667
32.7504
33.2845
33.7842
34.2558
34.6413
35.0477
35.0968
13.4484
13.5774
13.7207
13.8867
14.0786
14.2973
14.543
14.817
15.1202
15.4539
15.8184
16.2151
16.6442
17.1071
17.6036
18.1352
18.7008
19.3018
19.9363
20.6053
21.3057
22.038
22.7976
23.5846
24.393
25.2217
26.0642
26.9177
27.7753
28.6339
29.4852
30.328
31.1515
31.9563
32.7312
33.479
34.1898
34.8655
35.4962
36.0964
36.6368
37.1538
37.6156
38.0386
38.4184
38.7479
39.0698
39.2758
39.4213
39.3115
18.6983
18.8753
19.0715
19.3003
19.5657
19.8672
20.2038
20.5768
20.986
21.4319
21.9137
22.4322
22.9862
23.576
24.2002
24.8588
25.5493
26.2715
27.0218
27.7994
28.5993
29.4201
30.2561
31.1047
31.9593
32.8168
33.6704
34.5149
35.3448
36.1556
36.9406
37.6995
38.4186
39.1045
39.7446
40.3474
40.9023
41.4043
41.8686
42.2891
42.6476
42.993
43.2644
43.5081
43.701
43.8525
44.0154
43.978
44.0413
43.7133
26.5746
26.7839
27.0163
27.2921
27.6145
27.9802
28.3867
28.8345
29.3219
29.8482
30.4111
31.0099
31.6422
32.3068
33.0008
33.7225
34.4682
35.2357
36.0203
36.8192
37.6264
38.4383
39.2494
40.0548
40.8488
41.6269
42.3816
43.1082
43.8033
44.4632
45.0828
45.6632
46.1829
46.6673
47.0955
47.4933
47.8157
48.085
48.3554
48.5503
48.7055
48.8639
48.903
48.9801
48.9452
48.9298
48.9139
48.8104
48.8204
48.1841
37.0947
37.2832
37.4977
37.7665
38.0882
38.4559
38.8664
39.3192
39.8106
40.3383
40.8991
41.4908
42.11
42.7541
43.419
44.1018
44.7976
45.5029
46.2128
46.9216
47.6238
48.314
48.9891
49.6412
50.2688
50.8619
51.4147
51.9279
52.3991
52.8286
53.2078
53.5397
53.7869
54.0219
54.2003
54.371
54.3548
54.3972
54.511
54.4319
54.4322
54.3954
54.2122
54.1926
54.0731
53.9035
53.7642
53.5272
53.4076
52.5337
49.3778
49.4798
49.6133
49.8111
50.0585
50.3526
50.6896
51.066
51.4767
51.9187
52.3883
52.8825
53.397
53.9283
54.4711
55.0228
55.5755
56.128
56.6718
57.1996
57.7084
58.191
58.6502
59.0749
59.4622
59.7949
60.08
60.3263
60.533
60.6926
60.7989
60.8563
60.7841
60.7764
60.7252
60.6486
60.397
60.3245
60.1753
59.9458
59.7185
59.4789
59.2204
58.9724
58.741
58.4429
58.2059
57.8747
57.6852
56.6226
62.7372
62.7704
62.7739
62.8572
62.9493
63.1091
63.3104
63.5395
63.7967
64.0801
64.3855
64.7089
65.0458
65.3917
65.7404
66.0905
66.4285
66.7635
67.0673
67.3463
67.5981
67.8139
68.0066
68.1619
68.2305
68.2497
68.2352
68.1887
68.1484
67.986
67.8841
67.6684
67.3903
67.1109
66.7952
66.4648
66.0917
65.737
65.3793
64.9774
64.5895
64.1817
63.8136
63.4125
63.0823
62.6789
62.3721
61.9637
61.7436
60.553
76.4789
76.3268
76.1769
76.0739
76.0505
76.0284
76.0587
76.0768
76.1313
76.209
76.3031
76.4089
76.5213
76.6351
76.7441
76.8469
76.9259
77.0043
77.0011
77.0022
76.9672
76.8785
76.7937
76.6469
76.4517
76.1923
75.8864
75.5491
75.1775
74.7632
74.3421
73.8732
73.369
72.8506
72.3139
71.7644
71.2176
70.6643
70.1352
69.58
69.0657
68.5269
68.0637
67.5529
67.1532
66.6711
66.3218
65.8633
65.6337
64.3789
89.8484
89.5539
89.2329
88.9603
88.7285
88.5184
88.3356
88.1637
88.0042
87.8568
87.718
87.583
87.4474
87.3052
87.1511
86.9816
86.7828
86.5664
86.3021
85.9985
85.6551
85.271
84.8583
84.402
83.9057
83.3623
82.7758
82.1586
81.5111
80.8399
80.1561
79.4531
78.7373
78.0113
77.2883
76.5599
75.8582
75.1531
74.4933
73.8189
73.2126
72.579
72.0525
71.47
71.0316
70.5023
70.1377
69.6607
69.436
68.1761
102.469
102.025
101.537
101.1
100.682
100.276
99.8849
99.5035
99.1247
98.748
98.371
97.9891
97.5981
97.1921
96.7661
96.315
95.8304
95.3151
94.7602
94.1605
93.5175
92.8345
92.1165
91.3617
90.5753
89.7568
88.9082
88.036
87.1483
86.2494
85.3481
84.4443
83.5495
82.6565
81.7867
80.9217
80.1024
79.2884
78.5387
77.783
77.12
76.4287
75.8735
75.2543
74.8089
74.264
73.9118
73.4503
73.2449
72.0377
114.042
113.474
112.857
112.278
111.697
111.109
110.524
109.938
109.346
108.745
108.135
107.509
106.865
106.196
105.498
104.766
103.996
103.187
102.339
101.449
100.519
99.552
98.5535
97.5267
96.4777
95.4106
94.3304
93.2402
92.1514
91.0648
89.9922
88.9309
87.8985
86.8812
85.9067
84.9479
84.0528
83.172
82.3729
81.575
80.8916
80.1797
79.6304
79.0075
78.5865
78.0561
77.7449
77.3342
77.1609
76.0718
124.515
123.848
123.128
122.432
121.709
120.96
120.198
119.422
118.627
117.814
116.978
116.116
115.223
114.295
113.329
112.322
111.273
110.183
109.054
107.889
106.69
105.464
104.216
102.953
101.68
100.404
99.1317
97.8659
96.6199
95.3905
94.1936
93.0214
91.8965
90.7996
89.7631
88.7535
87.8248
86.9183
86.1087
85.3076
84.6401
83.9442
83.435
82.8392
82.4736
81.9866
81.7475
81.4227
81.3003
80.397
133.925
133.183
132.386
131.597
130.753
129.861
128.939
127.987
127.003
125.985
124.932
123.838
122.702
121.52
120.292
119.019
117.704
116.349
114.961
113.546
112.108
110.656
109.197
107.737
106.285
104.845
103.428
102.034
100.678
99.353
98.0794
96.8432
95.6716
94.54
93.4844
92.4662
91.5455
90.6523
89.8698
89.104
88.488
87.8446
87.4083
86.8683
86.5895
86.1734
86.042
85.8377
85.8033
85.1427
142.365
141.583
140.736
139.872
138.924
137.903
136.833
135.717
134.551
133.335
132.066
130.744
129.367
127.937
126.457
124.931
123.368
121.772
120.153
118.52
116.881
115.244
113.617
112.007
110.423
108.869
107.357
105.883
104.466
103.094
101.791
100.537
99.3645
98.242
97.2089
96.2241
95.3516
94.5091
93.79
93.0978
92.5689
92.0148
91.6812
91.2245
91.0654
90.748
90.767
90.7198
90.8571
90.4501
150.021
149.214
148.325
147.396
146.352
145.21
144
142.723
141.375
139.959
138.474
136.922
135.307
133.636
131.916
130.157
128.37
126.564
124.751
122.941
121.143
119.367
117.621
115.911
114.246
112.63
111.072
109.569
108.141
106.769
105.484
104.257
103.128
102.057
101.087
100.178
99.3921
98.6366
98.0168
97.4372
97.0322
96.6045
96.3978
96.054
96.0511
95.9618
96.1922
96.3062
96.7014
96.4918
157.06
156.246
155.318
154.326
153.188
151.925
150.572
149.128
147.592
145.967
144.259
142.475
140.627
138.725
136.785
134.818
132.84
130.863
128.898
126.958
125.05
123.187
121.373
119.617
117.923
116.296
114.743
113.262
111.871
110.546
109.327
108.171
107.13
106.151
105.285
104.493
103.831
103.2
102.715
102.29
102.048
101.783
101.72
101.625
101.842
101.957
102.443
102.755
103.52
103.512
163.654
162.848
161.88
160.826
159.588
158.195
156.687
155.062
153.32
151.473
149.534
147.519
145.446
143.334
141.199
139.06
136.932
134.829
132.762
130.744
128.781
126.886
125.059
123.31
121.64
120.056
118.559
117.15
115.844
114.613
113.505
112.463
111.555
110.707
109.988
109.359
108.856
108.389
108.075
107.852
107.82
107.749
107.967
108.105
108.594
108.95
109.768
110.316
111.476
111.805
169.993
169.199
168.188
167.063
165.71
164.169
162.483
160.65
158.681
156.597
154.423
152.184
149.906
147.611
145.32
143.053
140.824
138.649
136.536
134.498
132.537
130.666
128.884
127.197
125.607
124.116
122.727
121.441
120.267
119.177
118.229
117.344
116.615
115.939
115.414
114.995
114.684
114.434
114.324
114.362
114.597
114.809
115.331
115.747
116.592
117.221
118.45
119.309
120.901
121.713
176.273
175.485
174.422
173.21
171.715
169.995
168.095
166.021
163.801
161.471
159.067
156.623
154.17
151.733
149.336
146.995
144.725
142.537
140.44
138.444
136.546
134.761
133.081
131.512
130.058
128.716
127.485
126.375
125.382
124.482
123.744
123.062
122.564
122.101
121.824
121.667
121.582
121.624
121.829
122.163
122.708
123.238
124.132
124.885
126.168
127.147
128.878
130.146
132.239
133.691
182.702
181.906
180.777
179.446
177.768
175.822
173.662
171.312
168.824
166.249
163.634
161.02
158.439
155.916
153.474
151.125
148.879
146.748
144.734
142.845
141.075
139.438
137.921
136.531
135.271
134.132
133.116
132.24
131.477
130.824
130.351
129.922
129.71
129.506
129.548
129.706
129.969
130.353
130.905
131.595
132.524
133.446
134.796
135.971
137.792
139.217
141.574
143.366
146.08
148.354
189.505
188.678
187.465
185.958
184.037
181.805
179.334
176.68
173.921
171.122
168.336
165.607
162.963
160.425
158.012
155.73
153.585
151.584
149.726
148.016
146.442
145.024
143.733
142.587
141.586
140.709
139.971
139.39
138.912
138.572
138.426
138.308
138.449
138.633
139.024
139.557
140.228
141.038
142.018
143.16
144.566
145.981
147.895
149.604
152.097
154.088
157.242
159.693
163.214
166.529
196.94
196.044
194.727
192.954
190.709
188.119
185.291
182.326
179.319
176.342
173.451
170.684
168.06
165.594
163.3
161.169
159.211
157.423
155.803
154.35
153.049
151.924
150.931
150.101
149.431
148.883
148.498
148.286
148.156
148.213
148.467
148.781
149.335
149.964
150.802
151.8
152.968
154.309
155.823
157.538
159.542
161.585
164.205
166.598
169.94
172.656
176.847
180.122
184.728
189.353
205.3
204.316
202.824
200.665
197.999
194.983
191.777
188.522
185.326
182.252
179.351
176.649
174.149
171.86
169.788
167.908
166.234
164.753
163.465
162.357
161.417
160.674
160.058
159.634
159.381
159.241
159.305
159.545
159.906
160.429
161.173
161.997
163.075
164.251
165.655
167.24
169.028
171.034
173.224
175.672
178.438
181.29
184.809
188.089
192.519
196.176
201.731
206.039
212.123
218.409
214.976
213.859
212.072
209.376
206.188
202.703
199.14
195.669
192.387
189.336
186.554
184.047
181.799
179.814
178.087
176.573
175.299
174.237
173.391
172.733
172.261
172.006
171.866
171.963
172.231
172.655
173.256
174.057
175.006
176.126
177.488
178.949
180.695
182.556
184.683
187.02
189.598
192.452
195.51
198.904
202.656
206.563
211.239
215.689
221.532
226.424
233.791
239.41
247.521
255.938
226.475
225.144
222.872
219.472
215.682
211.744
207.913
204.363
201.155
198.294
195.802
193.657
191.818
190.294
189.061
188.052
187.321
186.817
186.553
186.474
186.61
186.979
187.489
188.229
189.149
190.273
191.566
193.082
194.774
196.661
198.812
201.088
203.692
206.434
209.497
212.809
216.412
220.367
224.561
229.195
234.244
239.541
245.734
251.743
259.443
265.975
275.763
283.075
293.978
305.168
240.49
238.826
235.79
231.532
227.133
222.857
218.943
215.539
212.634
210.187
208.21
206.637
205.408
204.547
203.996
203.669
203.674
203.909
204.408
205.12
206.04
207.203
208.535
210.118
211.884
213.907
216.099
218.546
221.197
224.084
227.266
230.604
234.333
238.231
242.525
247.126
252.084
257.503
263.203
269.487
276.265
283.424
291.636
299.743
309.92
318.669
331.714
341.257
356.032
370.864
258.025
255.862
251.687
246.516
241.649
237.312
233.631
230.71
228.428
226.701
225.541
224.819
224.467
224.544
224.925
225.59
226.555
227.79
229.281
231.031
232.995
235.213
237.628
240.33
243.22
246.428
249.81
253.495
257.418
261.635
266.19
270.947
276.177
281.631
287.575
293.913
300.697
308.092
315.829
324.344
333.46
343.158
354.107
365.085
378.607
390.415
407.87
420.431
440.615
460.276
280.652
277.743
272.056
266.165
261.246
257.354
254.406
252.47
251.261
250.686
250.774
251.292
252.254
253.628
255.321
257.318
259.615
262.22
265.076
268.235
271.619
275.276
279.161
283.381
287.805
292.617
297.616
302.986
308.638
314.665
321.101
327.794
335.075
342.668
350.873
359.599
368.902
379.004
389.559
401.155
413.505
426.723
441.452
456.437
474.542
490.67
514.137
530.938
558.707
584.941
311.006
307.03
299.83
293.915
289.799
287.22
285.789
285.605
286.133
287.426
289.365
291.762
294.59
297.847
301.418
305.311
309.508
314.05
318.839
323.978
329.355
335.031
340.975
347.32
353.89
360.94
368.201
375.928
383.994
392.554
401.633
411.041
421.202
431.797
443.198
455.29
468.16
482.084
496.634
512.593
529.533
547.749
567.827
588.538
613.057
635.477
667.224
690.344
728.724
764.414
354
348.812
341.564
337.185
335.457
335.686
337.051
339.83
343.323
347.503
352.305
357.566
363.225
369.313
375.683
382.384
389.389
396.775
404.4
412.424
420.7
429.311
438.238
447.649
457.326
467.6
478.139
489.265
500.826
513.057
525.957
539.319
553.674
568.657
584.735
601.756
619.862
639.388
659.82
682.189
705.891
731.471
759.405
788.612
822.431
854.429
897.819
931.162
984.255
1035
420.167
416.319
413.297
414.074
417.763
423.446
430.118
437.907
446.327
455.278
464.747
474.587
484.739
495.275
506.012
517.059
528.396
540.134
552.089
564.497
577.168
590.226
603.66
617.698
632.075
647.229
662.73
679.031
695.927
713.78
732.536
751.99
772.823
794.613
817.956
842.642
868.921
897.192
926.849
959.253
993.566
1030.71
1070.94
1113.59
1161.77
1209.42
1269.97
1321.78
1394.93
1473.65
538.713
550.441
563.508
577.402
593.315
609.488
626.046
643.019
660.148
677.415
694.903
712.484
730.156
748.064
766.007
784.168
802.576
821.389
840.384
859.913
879.727
900.022
920.844
942.491
964.653
987.924
1011.74
1036.75
1062.7
1090.14
1118.95
1148.92
1180.97
1214.61
1250.61
1288.71
1329.34
1372.99
1418.96
1469.07
1522.17
1579.82
1641.81
1708.51
1781.75
1858.45
1947.08
2037.7
2137.57
2279.77
824.336
921.708
990.071
1035.54
1077.76
1116.5
1152.96
1188.04
1222.07
1255.32
1288.11
1320.42
1352.41
1384.39
1416.19
1448.09
1480.25
1512.94
1545.92
1579.76
1614.11
1649.3
1685.54
1723.24
1762.08
1802.89
1844.94
1889.17
1935.31
1984.22
2035.79
2089.71
2147.39
2208.21
2273.29
2342.41
2416.33
2495.76
2579.76
2671.18
2768.23
2873.93
2986.78
3110.37
3241.52
3389.39
3538.68
3735.43
3874.05
4203.26
2151.44
2777.55
3094.67
3239.54
3380.53
3510.33
3624.03
3730.84
3833.75
3933.13
4030.16
4125.43
4219.55
4313.22
4406.1
4499.43
4593.98
4690.43
4788.59
4889.56
4993.1
5099.69
5210.49
5325.95
5446.44
5572.94
5705.07
5843.9
5990.34
6145.32
6310.24
6483.29
6668.92
6864.88
7074.37
7298.1
7537.85
7795.31
8069.09
8366.16
8682.44
9027.96
9393.72
9803.1
10218.6
10732.4
11164.6
11929.3
12192.6
13538.6
)
;

boundaryField
{
    inlet
    {
        type            fixedValue;
        value           uniform 14.855;
    }
    outlet
    {
        type            zeroGradient;
    }
    upperWall
    {
        type            epsilonWallFunction;
        blending        stepwise;
        value           nonuniform List<scalar> 
446
(
1707.93
5017.39
8476.54
11080
12550.1
13228.4
13213.5
13026.6
12682.2
12228.2
11782.5
11366.7
10989.7
10653.3
10355.6
10093.2
9861.96
9658.08
9477.79
9317.95
9175.57
9048.32
8933.89
8830.63
8736.79
8651.18
8572.52
8499.92
8432.5
8369.53
8310.5
8254.7
8201.99
8151.64
8103.67
8057.54
8022.13
7996.98
7972.37
7948.24
7924.56
7901.25
7878.3
7855.68
7833.42
7811.47
7789.87
7768.55
7747.56
7726.85
7706.45
7686.33
7666.46
7646.87
7627.54
7608.49
7589.68
7571.11
7552.77
7534.66
7516.79
7499.14
7481.73
7464.56
7447.63
7430.94
7414.49
7398.29
7382.34
7366.63
7351.17
7335.96
7321
7306.28
7291.8
7277.57
7263.57
7249.81
7236.28
7222.98
7209.9
7197.04
7184.39
7171.95
7159.71
7147.68
7135.84
7124.18
7112.71
7101.43
7090.32
7079.38
7068.61
7058.01
7047.56
7037.28
7027.14
7017.16
7007.32
6997.64
6988.08
6978.68
6969.4
6960.26
6951.24
6942.36
6933.6
6924.97
6916.45
6908.05
6899.76
6891.58
6883.51
6875.53
6867.67
6859.89
6852.22
6844.63
6837.13
6829.72
6822.39
6815.15
6807.97
6800.88
6793.85
6786.9
6780.01
6773.19
6766.43
6759.73
6753.08
6746.5
6739.96
6733.48
6727.04
6720.65
6714.3
6708
6701.74
6695.51
6689.32
6683.16
6677.03
6670.95
6664.89
6658.9
6652.96
6647.09
6641.24
6635.44
6629.65
6623.88
6618.09
6612.31
6606.51
6600.7
6594.86
6589.01
6583.13
6577.23
6571.28
6565.33
6559.32
6553.3
6547.22
6541.12
6534.97
6528.79
6522.54
6516.27
6509.93
6503.55
6497.1
6490.61
6484.05
6477.44
6470.74
6463.99
6457.16
6450.26
6443.27
6436.2
6429.05
6421.81
6414.48
6407.05
6399.53
6391.9
6384.17
6376.33
6368.38
6360.32
6352.14
6343.84
6335.41
6326.85
6318.16
6309.33
6300.37
6291.26
6282.01
6272.6
6263.04
6253.31
6243.41
6233.35
6223.12
6212.72
6202.15
6191.39
6180.48
6169.35
6158.09
6146.58
6134.96
6123.06
6111.05
6098.76
6086.35
6073.67
6060.84
6047.77
6034.5
6021.02
6007.29
5993.35
5979.08
5964.51
5949.74
5934.79
5919.65
5904.31
5888.77
5873.03
5857.09
5840.93
5824.56
5807.97
5791.17
5774.14
5756.89
5739.4
5721.68
5703.71
5685.52
5667.06
5648.37
5629.43
5610.25
5590.82
5571.17
5551.26
5531.13
5510.75
5490.14
5469.33
5448.27
5426.98
5405.48
5383.78
5361.88
5339.78
5317.46
5294.95
5272.24
5249.35
5226.28
5203.03
5179.61
5156.02
5132.25
5108.32
5084.23
5059.98
5035.57
5011
4986.29
4961.45
4936.47
4911.37
4886.16
4860.84
4835.43
4809.91
4784.31
4758.6
4732.83
4706.98
4681.09
4655.15
4629.17
4603.16
4577.13
4551.06
4524.98
4498.9
4472.82
4446.74
4420.69
4394.66
4368.68
4342.72
4316.83
4290.99
4265.21
4239.51
4213.89
4188.35
4162.91
4137.57
4112.34
4087.23
4062.23
4037.37
4012.63
3988.04
3963.6
3939.32
3915.19
3891.25
3867.49
3843.88
3820.49
3797.29
3774.28
3751.46
3728.84
3706.43
3684.23
3662.25
3640.49
3618.96
3597.67
3576.59
3555.74
3535.11
3514.71
3494.52
3474.58
3454.85
3435.37
3416.1
3397.08
3378.25
3359.66
3341.25
3323.07
3305.07
3287.29
3269.68
3252.29
3235.04
3217.98
3201.05
3184.23
3167.6
3151.09
3134.69
3118.37
3102.14
3085.93
3069.79
3053.64
3037.51
3021.34
3005.13
2988.83
2972.44
2955.88
2939.16
2922.19
2905
2887.49
2869.66
2851.4
2832.7
2813.44
2793.6
2773.07
2751.78
2729.61
2706.45
2682.16
2656.61
2629.5
2600.78
2569.74
2536.62
2500
2460.02
2415.59
2360.62
2310.41
2200.21
2171.68
1763.7
2151.44
2777.55
3094.67
3239.54
3380.53
3510.33
3624.03
3730.84
3833.75
3933.13
4030.16
4125.43
4219.55
4313.22
4406.1
4499.43
4593.98
4690.43
4788.59
4889.56
4993.1
5099.69
5210.49
5325.95
5446.44
5572.94
5705.07
5843.9
5990.34
6145.32
6310.24
6483.29
6668.92
6864.88
7074.37
7298.1
7537.85
7795.31
8069.09
8366.16
8682.44
9027.96
9393.72
9803.1
10218.6
10732.4
11164.6
11929.3
12192.6
13538.6
)
;
    }
    lowerWall
    {
        type            epsilonWallFunction;
        blending        stepwise;
        value           nonuniform List<scalar> 
500
(
3684.95
14681.9
22407.8
25302.9
25071.2
24175.3
22586.4
21117.7
19857.3
18816.3
17962.7
17266.2
16686.7
16204.9
15790.1
15436.2
15119.1
14841.5
14585
14354.8
14140
13943.7
13758.6
13589.6
13430
13285.2
13149
13026.4
12912.1
12810.7
12716.6
12637.5
12561.5
12509.3
12451.4
12417.3
0.23313
0.608147
1.28268
2.10953
2.9842
3.84251
4.64515
5.37231
6.01706
6.5794
7.06272
7.47262
7.85101
8.72936
9.87888
11.0766
12.3001
13.5384
14.7808
16.0163
17.234
18.4236
19.5751
20.6792
21.7274
22.712
23.6264
24.4649
25.2228
25.897
26.4827
27.0308
27.4871
27.8156
28.0509
28.2142
28.3285
28.4153
28.5004
28.6082
28.7667
29.0098
29.3775
29.9225
30.7125
31.8332
33.4023
35.5478
38.4636
42.2016
48.6399
52.9904
136.889
995.723
0.23313
0.213761
0.359369
0.539647
0.73699
0.939437
1.13976
1.33364
1.51839
1.69247
1.8552
2.00653
2.14712
2.27969
2.40518
2.52378
2.63665
2.74516
2.85061
2.9541
3.05655
3.15873
3.26136
3.36543
3.47296
3.58931
3.72766
3.90696
4.12242
4.3594
4.61064
4.87361
5.14757
5.43261
5.72899
6.03723
6.35785
6.69154
7.03891
7.40078
7.77783
8.17096
8.5809
9.00864
9.45497
9.92094
10.4074
10.9155
11.446
12.0002
12.579
13.1836
13.815
14.4743
15.1628
15.8815
16.6317
17.4144
18.2308
19.0822
19.9695
20.8942
21.8572
22.8599
23.9034
24.9889
26.1176
27.2912
28.5108
29.7786
31.0934
32.457
33.87
35.3336
36.8485
38.416
40.0367
41.7118
43.442
45.2288
47.0727
48.9749
50.9359
52.9569
55.0379
57.1796
59.3819
61.6458
63.9715
66.36
68.8112
71.3265
73.9055
76.5497
79.2585
82.0335
84.8742
87.782
90.7563
93.7988
96.9087
100.088
103.335
106.652
110.039
113.496
117.024
120.623
124.292
128.034
131.848
135.735
139.693
143.726
147.831
152.011
156.264
160.592
164.994
169.471
174.023
178.651
183.353
188.133
192.986
197.917
202.923
208.006
213.164
218.4
223.71
229.097
234.559
240.099
245.712
251.403
257.166
263.006
268.919
274.908
280.969
287.105
293.312
299.594
305.944
312.369
318.861
325.426
332.057
338.759
345.526
352.362
359.26
366.226
373.253
380.344
387.494
394.706
401.974
409.302
416.682
424.12
431.607
439.149
446.737
454.376
462.059
469.789
477.559
485.373
493.224
501.115
509.041
516.999
524.987
533.004
541.048
549.115
557.204
565.312
573.438
581.577
589.729
597.89
606.058
614.231
622.405
630.577
638.746
646.908
655.061
663.201
671.325
679.431
687.515
695.573
703.602
711.596
719.552
727.463
735.321
743.119
750.847
758.497
766.063
773.549
780.991
788.366
795.669
802.902
810.063
817.149
824.159
831.092
837.953
844.749
851.497
858.233
865.023
871.861
878.51
885.073
891.502
897.814
903.999
910.056
915.983
921.777
927.434
932.953
938.331
943.565
948.653
953.592
958.38
963.015
967.495
971.817
975.98
979.981
983.819
987.491
990.996
994.333
997.499
1000.49
1003.31
1005.96
1008.43
1010.72
1012.83
1014.77
1016.52
1018.1
1019.49
1020.7
1021.72
1022.56
1023.19
1023.64
1024.03
1024.11
1024.05
1023.79
1023.36
1022.74
1021.95
1020.97
1019.81
1018.48
1016.95
1015.21
1013.28
1011.22
1009.01
1006.59
1004.02
1001.28
998.372
995.295
992.054
988.658
985.139
981.63
977.947
974.103
970.098
965.937
961.622
957.155
952.541
947.781
942.879
937.837
932.66
927.349
921.908
916.339
910.648
904.835
898.906
892.862
886.708
880.447
874.082
867.617
861.056
854.402
847.659
840.832
833.923
826.937
819.879
812.751
805.558
798.305
790.996
783.634
776.223
768.77
761.279
753.76
746.24
738.8
732.321
729.234
727.095
725.008
722.892
720.745
718.563
716.349
714.106
711.836
709.542
707.226
704.891
702.54
700.174
697.795
695.404
693.004
690.595
688.177
685.75
683.312
680.86
678.388
675.89
673.352
670.755
668.073
665.26
662.248
658.923
655.067
650.322
643.741
633.755
598.279
638.522
669.286
691.621
707.716
720.761
732.833
744.564
756.134
767.647
779.407
791.411
803.465
815.897
828.697
841.907
855.568
869.741
884.458
899.79
915.768
932.489
949.965
968.332
987.571
1007.86
1029.27
1051.89
1075.78
1101.13
1128.03
1156.69
1187.21
1219.85
1254.75
1292.23
1332.48
1375.8
1422.68
1473.06
1528.4
1587.18
1653.81
1722.46
1804.6
1883.9
1991.53
2077.43
2236.85
2319.41
2585.42
)
;
    }
    frontAndBack
    {
        type            empty;
    }
}


// ************************************************************************* //
