/*--------------------------------*- C++ -*----------------------------------*\
| =========                 |                                                 |
| \\      /  F ield         | OpenFOAM: The Open Source CFD Toolbox           |
|  \\    /   O peration     | Version:  2506                                  |
|   \\  /    A nd           | Website:  www.openfoam.com                      |
|    \\/     M anipulation  |                                                 |
\*---------------------------------------------------------------------------*/
FoamFile
{
    version     2.0;
    format      ascii;
    arch        "LSB;label=32;scalar=64";
    class       volScalarField;
    location    "667";
    object      p;
}
// * * * * * * * * * * * * * * * * * * * * * * * * * * * * * * * * * * * * * //

dimensions      [0 2 -2 0 0 0 0];

internalField   nonuniform List<scalar> 
48900
(
3.55712
-0.89626
-3.03974
-3.6539
-3.99995
-4.32797
-4.57665
-4.74373
-4.86787
-4.97313
-5.06548
-5.14724
-5.22179
-5.29143
-5.35774
-5.42131
-5.48279
-5.54246
-5.60086
-5.65815
-5.71436
-5.77005
-5.82538
-5.88043
-5.93543
-5.99066
-6.04644
-6.10315
-6.16125
-6.22129
-6.28402
-6.35029
-6.42175
-6.49847
-6.59056
-6.6614
-2.5922
-3.87147
-4.33188
-4.24158
-4.26121
-4.43168
-4.61031
-4.74785
-4.85972
-4.96017
-5.05116
-5.13308
-5.20841
-5.27909
-5.3465
-5.41115
-5.47362
-5.53421
-5.59339
-5.65131
-5.70818
-5.7643
-5.81995
-5.87522
-5.93041
-5.98573
-6.04159
-6.0983
-6.15638
-6.21632
-6.27889
-6.34492
-6.41569
-6.49319
-6.57992
-6.7028
-3.36304
-3.19708
-3.55464
-3.78199
-4.00993
-4.28616
-4.52468
-4.69742
-4.82873
-4.93944
-5.03609
-5.12107
-5.19773
-5.26891
-5.33635
-5.40089
-5.46313
-5.52354
-5.58258
-5.64042
-5.69741
-5.75363
-5.80939
-5.86482
-5.92019
-5.9757
-6.03172
-6.08854
-6.14664
-6.2065
-6.26878
-6.33429
-6.40406
-6.4799
-6.56357
-6.66137
-3.14124
-2.95907
-3.51775
-3.89039
-4.12355
-4.35889
-4.5653
-4.71916
-4.83914
-4.94303
-5.03601
-5.11925
-5.19509
-5.26598
-5.33328
-5.39769
-5.45974
-5.5199
-5.57846
-5.63576
-5.69208
-5.74761
-5.80259
-5.85726
-5.91184
-5.96658
-6.0218
-6.07782
-6.13502
-6.19389
-6.25491
-6.31881
-6.38616
-6.45824
-6.53288
-6.60938
-3.12818
-3.14133
-3.65692
-3.97499
-4.15929
-4.35991
-4.55146
-4.70249
-4.82353
-4.92911
-5.02372
-5.10844
-5.18555
-5.2574
-5.3254
-5.39031
-5.45278
-5.51327
-5.57208
-5.62959
-5.68606
-5.74169
-5.79669
-5.85133
-5.90573
-5.96022
-6.01496
-6.07037
-6.12667
-6.18435
-6.24371
-6.30531
-6.36924
-6.43585
-6.50124
-6.56346
-3.25489
-3.31989
-3.72431
-3.99492
-4.16932
-4.36199
-4.54839
-4.69835
-4.81954
-4.925
-5.01932
-5.10389
-5.18095
-5.25269
-5.32055
-5.38528
-5.44757
-5.50783
-5.56644
-5.6237
-5.67991
-5.73525
-5.78994
-5.84421
-5.89822
-5.95221
-6.00639
-6.06106
-6.11645
-6.17288
-6.23055
-6.28972
-6.35013
-6.41134
-6.46927
-6.52084
-3.38111
-3.43809
-3.76446
-4.01594
-4.19146
-4.3763
-4.55365
-4.69897
-4.81817
-4.92237
-5.01584
-5.10002
-5.17696
-5.24863
-5.31641
-5.38104
-5.44318
-5.50326
-5.56167
-5.61869
-5.67461
-5.72962
-5.78394
-5.83777
-5.89129
-5.94469
-5.99817
-6.05196
-6.10626
-6.16124
-6.21701
-6.27356
-6.33039
-6.38653
-6.43835
-6.48244
-3.48236
-3.53265
-3.80892
-4.04532
-4.21764
-4.39226
-4.55968
-4.69997
-4.81707
-4.92005
-5.01274
-5.09656
-5.17339
-5.245
-5.3127
-5.37723
-5.43923
-5.49914
-5.55735
-5.61413
-5.66977
-5.72446
-5.77841
-5.83179
-5.88479
-5.93756
-5.9903
-6.04315
-6.09627
-6.14972
-6.20352
-6.25745
-6.31085
-6.3625
-6.40936
-6.44836
-3.57131
-3.62064
-3.85757
-4.0763
-4.24254
-4.4075
-4.56605
-4.70166
-4.81665
-4.91836
-5.01019
-5.09355
-5.17016
-5.24164
-5.3092
-5.3736
-5.43544
-5.49517
-5.55316
-5.60969
-5.66503
-5.71938
-5.77293
-5.82584
-5.87829
-5.93042
-5.98235
-6.03422
-6.08611
-6.13801
-6.18982
-6.2412
-6.29141
-6.33918
-6.38203
-6.41739
-3.65531
-3.7036
-3.90667
-4.10706
-4.26648
-4.42275
-4.57323
-4.70426
-4.81696
-4.91723
-5.00807
-5.09086
-5.16714
-5.23841
-5.30579
-5.37002
-5.43166
-5.49118
-5.54893
-5.60519
-5.66021
-5.71419
-5.76732
-5.81974
-5.87161
-5.92303
-5.97413
-6.02497
-6.07559
-6.12592
-6.17577
-6.22472
-6.27202
-6.31644
-6.35603
-6.38868
-3.73543
-3.78138
-3.95565
-4.13832
-4.29039
-4.43841
-4.58124
-4.70764
-4.81784
-4.91651
-5.00625
-5.08835
-5.16423
-5.23522
-5.30237
-5.36637
-5.4278
-5.48708
-5.54456
-5.60052
-5.6552
-5.7088
-5.76147
-5.81337
-5.86461
-5.9153
-5.96552
-6.01531
-6.06463
-6.11339
-6.16133
-6.208
-6.25266
-6.29421
-6.33113
-6.36173
-3.81171
-3.8545
-4.00455
-4.17048
-4.31465
-4.45463
-4.59009
-4.71181
-4.81932
-4.91622
-5.00473
-5.08604
-5.16141
-5.23204
-5.29889
-5.36263
-5.42379
-5.48279
-5.53998
-5.59561
-5.64993
-5.7031
-5.75529
-5.80663
-5.85722
-5.90715
-5.95646
-6.00516
-6.05319
-6.10039
-6.1465
-6.19105
-6.23335
-6.27244
-6.30718
-6.33619
-3.88414
-3.92354
-4.05333
-4.20359
-4.33942
-4.47152
-4.59984
-4.71683
-4.82145
-4.9164
-5.00354
-5.08393
-5.15868
-5.22886
-5.29534
-5.35875
-5.4196
-5.47829
-5.53515
-5.59042
-5.64433
-5.69706
-5.74873
-5.79948
-5.8494
-5.89853
-5.94691
-5.99451
-6.04125
-6.08694
-6.13131
-6.17391
-6.21411
-6.2511
-6.28403
-6.31179
-3.95296
-3.98894
-4.10166
-4.23742
-4.36473
-4.48915
-4.61058
-4.72277
-4.82431
-4.91713
-5.00275
-5.08208
-5.15609
-5.22571
-5.29174
-5.35476
-5.41524
-5.47357
-5.53005
-5.58492
-5.6384
-5.69064
-5.74177
-5.7919
-5.8411
-5.88942
-5.93685
-5.98335
-6.02882
-6.07307
-6.1158
-6.15661
-6.19495
-6.23015
-6.26158
-6.28835
-4.01831
-4.05099
-4.14931
-4.2718
-4.3906
-4.50755
-4.6223
-4.72966
-4.82796
-4.91848
-5.00242
-5.08054
-5.15368
-5.22264
-5.28813
-5.35068
-5.41073
-5.46864
-5.5247
-5.57913
-5.63213
-5.68385
-5.73441
-5.78389
-5.83235
-5.87983
-5.9263
-5.97172
-6.01595
-6.05881
-6.10001
-6.1392
-6.1759
-6.20957
-6.23975
-6.26571
-4.08041
-4.10996
-4.19605
-4.30648
-4.41692
-4.52665
-4.63497
-4.73749
-4.83243
-4.92049
-5.0026
-5.07938
-5.15151
-5.2197
-5.28455
-5.34655
-5.4061
-5.46354
-5.51912
-5.57307
-5.62555
-5.67671
-5.72665
-5.77546
-5.82316
-5.86979
-5.91531
-5.95964
-6.00267
-6.04422
-6.08401
-6.12173
-6.15698
-6.18934
-6.21847
-6.24377
-4.13939
-4.16602
-4.24172
-4.34126
-4.44362
-4.54639
-4.64851
-4.74624
-4.8377
-4.92318
-5.00332
-5.07863
-5.14964
-5.21694
-5.28105
-5.34242
-5.40141
-5.4583
-5.51336
-5.56677
-5.61869
-5.66926
-5.71856
-5.76665
-5.81358
-5.85934
-5.90391
-5.94719
-5.98906
-6.02936
-6.06785
-6.10424
-6.13822
-6.16945
-6.19771
-6.22245
-4.19542
-4.2194
-4.2862
-4.37594
-4.47057
-4.56667
-4.66283
-4.75583
-4.84375
-4.92654
-5.00462
-5.07833
-5.14809
-5.2144
-5.27769
-5.33835
-5.39669
-5.45298
-5.50745
-5.56027
-5.6116
-5.66153
-5.71015
-5.75752
-5.80365
-5.84855
-5.89216
-5.93441
-5.97518
-6.01431
-6.0516
-6.08679
-6.11965
-6.1499
-6.17741
-6.2017
-4.24864
-4.27018
-4.32936
-4.41033
-4.49764
-4.58736
-4.67783
-4.76618
-4.85053
-4.93056
-5.00647
-5.07847
-5.1469
-5.21211
-5.27449
-5.33435
-5.39198
-5.44761
-5.50144
-5.55363
-5.60431
-5.65357
-5.70149
-5.7481
-5.79343
-5.83745
-5.88013
-5.92138
-5.9611
-5.99913
-6.03531
-6.06943
-6.10129
-6.13069
-6.15756
-6.18146
-4.29916
-4.31854
-4.37114
-4.44426
-4.5247
-4.60836
-4.69339
-4.77721
-4.85799
-4.9352
-5.00886
-5.07907
-5.14606
-5.21009
-5.27147
-5.33046
-5.38731
-5.44222
-5.49536
-5.54687
-5.59686
-5.64542
-5.69261
-5.73845
-5.78296
-5.82612
-5.86787
-5.90816
-5.94687
-5.98388
-6.01904
-6.05219
-6.08317
-6.11183
-6.13813
-6.1617
-4.34709
-4.36452
-4.41144
-4.47756
-4.55161
-4.62953
-4.70939
-4.78881
-4.86604
-4.9404
-5.01175
-5.08011
-5.14557
-5.20834
-5.26865
-5.32671
-5.38272
-5.43685
-5.48924
-5.54003
-5.5893
-5.63713
-5.68356
-5.72862
-5.7723
-5.8146
-5.85546
-5.89481
-5.93257
-5.96862
-6.00284
-6.03511
-6.0653
-6.09331
-6.11912
-6.1424
-4.39255
-4.40823
-4.45023
-4.51011
-4.57823
-4.65076
-4.7257
-4.80087
-4.8746
-4.94611
-5.01512
-5.08154
-5.14542
-5.20686
-5.26602
-5.32309
-5.3782
-5.4315
-5.48311
-5.53314
-5.58166
-5.62872
-5.67438
-5.71864
-5.76151
-5.80295
-5.84293
-5.88138
-5.91824
-5.95339
-5.98675
-6.01822
-6.04771
-6.07513
-6.10052
-6.12353
-4.43306
-4.44722
-4.48522
-4.53987
-4.60287
-4.67063
-4.7412
-4.81254
-4.88304
-4.95187
-5.01866
-5.08324
-5.14557
-5.20571
-5.26375
-5.31982
-5.37404
-5.42652
-5.47736
-5.52664
-5.57442
-5.62076
-5.66567
-5.70918
-5.75127
-5.79193
-5.83111
-5.86875
-5.9048
-5.93917
-5.97179
-6.00257
-6.03146
-6.05839
-6.08341
-6.1062
-4.47034
-4.48329
-4.51779
-4.56787
-4.6263
-4.68973
-4.75628
-4.82404
-4.8915
-4.95776
-5.0224
-5.08516
-5.14596
-5.20479
-5.2617
-5.31677
-5.37009
-5.42174
-5.47179
-5.52032
-5.56737
-5.61298
-5.65717
-5.69995
-5.7413
-5.7812
-5.81963
-5.85652
-5.89182
-5.92548
-5.95742
-5.98759
-6.01594
-6.04244
-6.06714
-6.08974
-4.5079
-4.51974
-4.55094
-4.59667
-4.65064
-4.70977
-4.77228
-4.83641
-4.90071
-4.96429
-5.02663
-5.08746
-5.1466
-5.204
-5.25967
-5.31364
-5.36596
-5.41669
-5.46589
-5.5136
-5.55986
-5.60468
-5.64809
-5.69009
-5.73066
-5.76978
-5.80742
-5.84355
-5.8781
-5.91104
-5.94232
-5.97189
-5.99972
-6.0258
-6.05018
-6.07261
-4.54549
-4.5563
-4.58443
-4.62604
-4.67571
-4.73062
-4.7891
-4.84957
-4.91065
-4.97143
-5.03138
-5.09013
-5.14749
-5.20335
-5.25767
-5.31043
-5.36166
-5.4114
-5.45966
-5.50647
-5.55186
-5.59585
-5.63843
-5.6796
-5.71936
-5.75767
-5.79451
-5.82986
-5.86366
-5.89589
-5.92651
-5.9555
-5.98283
-6.00851
-6.03258
-6.05483
-4.58279
-4.59262
-4.61793
-4.65569
-4.70125
-4.75205
-4.80659
-4.8634
-4.92122
-4.97914
-5.03658
-5.09317
-5.14864
-5.20284
-5.25569
-5.30715
-5.3572
-5.40584
-5.45308
-5.49894
-5.5434
-5.58649
-5.62819
-5.6685
-5.70741
-5.74489
-5.78092
-5.81548
-5.84854
-5.88007
-5.91005
-5.93847
-5.96531
-5.9906
-6.01437
-6.03646
-4.61941
-4.62834
-4.65108
-4.68528
-4.72696
-4.77383
-4.82452
-4.87774
-4.93229
-4.9873
-5.04218
-5.0965
-5.14999
-5.20244
-5.25373
-5.30379
-5.35257
-5.40004
-5.44618
-5.491
-5.53448
-5.57662
-5.6174
-5.65681
-5.69484
-5.73147
-5.76669
-5.80047
-5.83278
-5.86363
-5.89298
-5.92084
-5.94722
-5.97213
-5.99562
-6.01754
-4.65494
-4.66304
-4.68347
-4.71441
-4.75246
-4.79561
-4.84262
-4.89233
-4.94366
-4.99576
-5.04804
-5.10005
-5.15148
-5.2021
-5.25175
-5.30032
-5.34775
-5.39397
-5.43896
-5.48268
-5.52512
-5.56626
-5.60608
-5.64457
-5.68171
-5.71748
-5.75187
-5.78487
-5.81646
-5.84662
-5.87537
-5.9027
-5.92863
-5.95317
-5.97638
-5.99813
-4.68889
-4.69623
-4.7146
-4.74259
-4.77731
-4.81698
-4.86051
-4.90687
-4.95507
-5.0043
-5.05398
-5.10366
-5.15299
-5.20173
-5.24968
-5.29671
-5.34271
-5.38763
-5.4314
-5.47398
-5.51534
-5.55545
-5.59428
-5.63182
-5.66805
-5.70296
-5.73654
-5.76876
-5.79963
-5.82915
-5.85731
-5.88413
-5.90962
-5.93381
-5.95674
-5.97833
-4.72067
-4.72733
-4.74389
-4.76926
-4.80097
-4.83745
-4.87775
-4.92095
-4.96616
-5.01262
-5.05976
-5.10712
-5.15436
-5.20119
-5.24741
-5.29286
-5.33742
-5.38099
-5.42351
-5.46491
-5.50515
-5.54421
-5.58204
-5.61862
-5.65395
-5.688
-5.72076
-5.75223
-5.78241
-5.81129
-5.83888
-5.86521
-5.89029
-5.91413
-5.9368
-5.95822
-4.74962
-4.75567
-4.77067
-4.79375
-4.82279
-4.8564
-4.89376
-4.93406
-4.97648
-5.02033
-5.06504
-5.11017
-5.15536
-5.20031
-5.24482
-5.28868
-5.33178
-5.374
-5.41525
-5.45546
-5.49459
-5.53258
-5.56941
-5.60504
-5.63947
-5.67267
-5.70465
-5.73538
-5.76489
-5.79316
-5.82021
-5.84607
-5.87075
-5.89427
-5.91668
-5.93792
-4.7749
-4.78045
-4.79413
-4.81526
-4.84199
-4.87311
-4.90788
-4.94558
-4.98549
-5.02694
-5.0694
-5.11243
-5.15568
-5.19884
-5.24169
-5.28402
-5.3257
-5.36658
-5.40659
-5.44563
-5.48365
-5.5206
-5.55644
-5.59115
-5.62471
-5.65709
-5.6883
-5.71834
-5.7472
-5.77489
-5.80143
-5.82684
-5.85114
-5.87435
-5.89651
-5.91759
-4.79556
-4.80068
-4.81329
-4.83282
-4.85765
-4.88668
-4.91926
-4.95476
-4.99248
-5.03183
-5.0723
-5.11346
-5.15495
-5.19647
-5.23778
-5.27868
-5.31901
-5.35864
-5.39746
-5.43538
-5.47235
-5.5083
-5.54321
-5.57703
-5.60976
-5.64137
-5.67186
-5.70123
-5.72949
-5.75664
-5.7827
-5.80768
-5.83162
-5.85454
-5.87647
-5.89738
-4.81035
-4.81516
-4.82695
-4.84527
-4.86864
-4.89606
-4.92693
-4.96067
-4.99664
-5.03429
-5.07311
-5.11269
-5.15269
-5.1928
-5.23278
-5.27242
-5.31155
-5.35005
-5.38779
-5.4247
-5.4607
-5.49574
-5.52978
-5.56279
-5.59475
-5.62564
-5.65547
-5.68423
-5.71193
-5.73858
-5.7642
-5.7888
-5.81241
-5.83505
-5.85675
-5.87751
-4.81774
-4.82234
-4.83361
-4.85115
-4.87357
-4.89993
-4.92966
-4.9622
-4.99697
-5.03341
-5.07104
-5.10947
-5.14834
-5.18737
-5.2263
-5.26493
-5.30309
-5.34065
-5.37749
-5.41353
-5.44871
-5.48295
-5.51624
-5.54853
-5.57981
-5.61008
-5.63932
-5.66754
-5.69474
-5.72094
-5.74616
-5.77041
-5.79372
-5.81611
-5.83761
-5.85823
-4.81567
-4.82021
-4.8313
-4.84858
-4.87068
-4.89667
-4.92597
-4.95804
-4.99229
-5.02818
-5.06524
-5.10306
-5.14131
-5.1797
-5.21798
-5.25595
-5.29345
-5.33034
-5.36653
-5.40191
-5.43644
-5.47006
-5.50274
-5.53445
-5.56517
-5.5949
-5.62364
-5.6514
-5.67818
-5.704
-5.72887
-5.75282
-5.77587
-5.79803
-5.81935
-5.83983
-4.80135
-4.80602
-4.81739
-4.83509
-4.85767
-4.88417
-4.91396
-4.94649
-4.98113
-5.01733
-5.05461
-5.09256
-5.13086
-5.1692
-5.20736
-5.24514
-5.28239
-5.31898
-5.35482
-5.38984
-5.42397
-5.45718
-5.48944
-5.52073
-5.55104
-5.58038
-5.60874
-5.63613
-5.66258
-5.68809
-5.71268
-5.73638
-5.75921
-5.7812
-5.80236
-5.82275
-4.77625
-4.78122
-4.79338
-4.81224
-4.83619
-4.86415
-4.89543
-4.9294
-4.9654
-5.00282
-5.04117
-5.08003
-5.11908
-5.15802
-5.19663
-5.23475
-5.27221
-5.30893
-5.3448
-5.37979
-5.41383
-5.4469
-5.47899
-5.5101
-5.5402
-5.56932
-5.59747
-5.62465
-5.65089
-5.6762
-5.70062
-5.72415
-5.74683
-5.76869
-5.78974
-5.81003
-4.74786
-4.75322
-4.76639
-4.78675
-4.81248
-4.84235
-4.87558
-4.91145
-4.94922
-4.98826
-5.02804
-5.06815
-5.10825
-5.14807
-5.1874
-5.22607
-5.26397
-5.301
-5.33709
-5.37221
-5.40632
-5.43941
-5.47148
-5.50251
-5.53253
-5.56155
-5.58958
-5.61664
-5.64276
-5.66795
-5.69225
-5.71568
-5.73827
-5.76004
-5.78102
-5.80126
-4.71385
-4.71976
-4.7343
-4.75669
-4.78481
-4.81721
-4.85299
-4.89132
-4.9314
-4.97253
-5.01417
-5.05588
-5.09735
-5.13831
-5.17859
-5.21802
-5.25652
-5.29401
-5.33045
-5.36582
-5.4001
-5.43329
-5.46541
-5.49645
-5.52645
-5.55541
-5.58338
-5.61036
-5.6364
-5.66151
-5.68573
-5.70907
-5.73159
-5.75329
-5.77421
-5.7944
-4.67483
-4.68144
-4.69774
-4.72271
-4.75383
-4.7894
-4.82832
-4.86967
-4.91253
-4.95617
-5.00001
-5.04364
-5.08672
-5.12904
-5.17042
-5.21075
-5.24997
-5.28802
-5.32489
-5.36058
-5.3951
-5.42845
-5.46065
-5.49175
-5.52176
-5.55071
-5.57863
-5.60557
-5.63154
-5.65659
-5.68074
-5.70403
-5.72648
-5.74812
-5.76899
-5.78914
-4.63125
-4.63872
-4.65721
-4.68537
-4.72018
-4.75955
-4.80221
-4.84709
-4.89319
-4.93971
-4.98605
-5.03181
-5.07669
-5.1205
-5.1631
-5.20442
-5.24442
-5.28309
-5.32044
-5.35648
-5.39125
-5.42478
-5.45711
-5.48827
-5.51831
-5.54726
-5.57516
-5.60206
-5.62799
-5.65298
-5.67707
-5.7003
-5.72269
-5.74428
-5.7651
-5.78521
-4.58343
-4.59196
-4.61312
-4.64518
-4.68441
-4.72825
-4.77522
-4.82412
-4.87386
-4.92357
-4.97265
-5.02072
-5.06753
-5.11291
-5.15679
-5.19913
-5.23994
-5.27923
-5.31706
-5.35346
-5.3885
-5.4222
-5.45465
-5.48588
-5.51595
-5.5449
-5.57279
-5.59965
-5.62553
-5.65046
-5.6745
-5.69767
-5.72001
-5.74155
-5.76232
-5.7824
-4.53163
-4.54142
-4.56581
-4.60258
-4.64704
-4.69602
-4.74785
-4.80125
-4.855
-4.90816
-4.96014
-5.01063
-5.05943
-5.10643
-5.15159
-5.19495
-5.23655
-5.27645
-5.31474
-5.35148
-5.38675
-5.42063
-5.45317
-5.48446
-5.51455
-5.5435
-5.57135
-5.59817
-5.624
-5.64888
-5.67285
-5.69596
-5.71824
-5.73973
-5.76045
-5.78049
-4.47603
-4.4873
-4.51556
-4.55798
-4.60855
-4.66335
-4.72058
-4.77891
-4.83698
-4.89378
-4.94878
-5.00175
-5.05255
-5.10115
-5.14757
-5.1919
-5.23424
-5.27471
-5.31341
-5.35045
-5.38593
-5.41993
-5.45256
-5.48388
-5.51397
-5.5429
-5.57071
-5.59747
-5.62324
-5.64805
-5.67196
-5.695
-5.71722
-5.73865
-5.75932
-5.77931
-4.4168
-4.42972
-4.46261
-4.51181
-4.56944
-4.63069
-4.69382
-4.75749
-4.82015
-4.88071
-4.93878
-4.99422
-5.04699
-5.09712
-5.14473
-5.18996
-5.23298
-5.27394
-5.31299
-5.35028
-5.38591
-5.42002
-5.45269
-5.48401
-5.51408
-5.54296
-5.57071
-5.5974
-5.62309
-5.64783
-5.67166
-5.69463
-5.71678
-5.73814
-5.75875
-5.77869
-4.35408
-4.36876
-4.40715
-4.46452
-4.53021
-4.59846
-4.66795
-4.73735
-4.80477
-4.86916
-4.93027
-4.98814
-5.04279
-5.09436
-5.14304
-5.18907
-5.23267
-5.27405
-5.31338
-5.35084
-5.38658
-5.42073
-5.45341
-5.4847
-5.51472
-5.54353
-5.5712
-5.59781
-5.62341
-5.64805
-5.67179
-5.69468
-5.71675
-5.73805
-5.75859
-5.77848
-4.28803
-4.30439
-4.34936
-4.41662
-4.49134
-4.567
-4.64329
-4.71876
-4.79108
-4.85924
-4.92333
-4.98351
-5.03992
-5.09279
-5.14242
-5.18913
-5.2332
-5.27489
-5.31443
-5.352
-5.38778
-5.42193
-5.45457
-5.4858
-5.51574
-5.54446
-5.57204
-5.59854
-5.62404
-5.64858
-5.67222
-5.69501
-5.717
-5.73822
-5.75871
-5.77853
-4.21897
-4.23643
-4.28943
-4.36874
-4.45325
-4.53658
-4.62012
-4.70198
-4.77919
-4.85101
-4.91792
-4.98028
-5.03828
-5.09228
-5.14271
-5.18996
-5.2344
-5.2763
-5.31595
-5.35357
-5.38934
-5.42344
-5.456
-5.48715
-5.51699
-5.5456
-5.57306
-5.59946
-5.62484
-5.64927
-5.67281
-5.69551
-5.7174
-5.73855
-5.75897
-5.77874
-4.14724
-4.1644
-4.22754
-4.32167
-4.41644
-4.5074
-4.5986
-4.68707
-4.76908
-4.84436
-4.91392
-4.97826
-5.03766
-5.09263
-5.1437
-5.19137
-5.23605
-5.27809
-5.31778
-5.35538
-5.39109
-5.42511
-5.45757
-5.48861
-5.51833
-5.54682
-5.57417
-5.60045
-5.62571
-5.65004
-5.67347
-5.69607
-5.71788
-5.73895
-5.75931
-5.77904
-4.07405
-4.08749
-4.16364
-4.27593
-4.38105
-4.47961
-4.57889
-4.67404
-4.76056
-4.83904
-4.91104
-4.97717
-5.0378
-5.09356
-5.14515
-5.19313
-5.23797
-5.28006
-5.31974
-5.35729
-5.39292
-5.42683
-5.45918
-5.49009
-5.5197
-5.54807
-5.5753
-5.60146
-5.62662
-5.65083
-5.67416
-5.69666
-5.71838
-5.73938
-5.75969
-5.77939
-4.00039
-4.00572
-4.09853
-4.23152
-4.34621
-4.4526
-4.56078
-4.66271
-4.75343
-4.83483
-4.90907
-4.9768
-5.03847
-5.09489
-5.14687
-5.19507
-5.24001
-5.28212
-5.32176
-5.35922
-5.39475
-5.42855
-5.46078
-5.49159
-5.52107
-5.54934
-5.57647
-5.60252
-5.62757
-5.65169
-5.67491
-5.69732
-5.71895
-5.73987
-5.76014
-5.77983
-3.92525
-3.91864
-4.03668
-4.19025
-4.31022
-4.42421
-4.54269
-4.65204
-4.7471
-4.83146
-4.90794
-4.97719
-5.03978
-5.09672
-5.14898
-5.19732
-5.24227
-5.28433
-5.32388
-5.36123
-5.39664
-5.43033
-5.46245
-5.49314
-5.52252
-5.55068
-5.57771
-5.60367
-5.62863
-5.65265
-5.67578
-5.69809
-5.71962
-5.74047
-5.7607
-5.7804
-3.84175
-3.81173
-3.9813
-4.16042
-4.27807
-4.39569
-4.52358
-4.64016
-4.73962
-4.82729
-4.90642
-4.97754
-5.0413
-5.09893
-5.15159
-5.2001
-5.2451
-5.28711
-5.32656
-5.36379
-5.39906
-5.43261
-5.46459
-5.49516
-5.52443
-5.55249
-5.57943
-5.60531
-5.63018
-5.65412
-5.67716
-5.69938
-5.72082
-5.74157
-5.76178
-5.78154
-3.76175
-3.63766
-3.8976
-4.13509
-4.26126
-4.38274
-4.51587
-4.63495
-4.73529
-4.82389
-4.90416
-4.97625
-5.04075
-5.09898
-5.15213
-5.20103
-5.24631
-5.28854
-5.32814
-5.36547
-5.40081
-5.43441
-5.46642
-5.497
-5.52626
-5.5543
-5.58121
-5.60706
-5.6319
-5.65579
-5.67878
-5.70091
-5.72225
-5.74288
-5.76302
-5.78273
-3.82421
-3.43096
-3.71922
-4.02721
-4.20884
-4.3718
-4.52798
-4.6558
-4.75824
-4.84651
-4.92525
-4.9952
-5.0574
-5.11348
-5.16476
-5.21208
-5.25603
-5.29719
-5.33594
-5.37257
-5.40736
-5.44052
-5.47219
-5.5025
-5.53154
-5.5594
-5.58615
-5.61185
-5.63654
-5.66028
-5.6831
-5.70503
-5.72613
-5.74644
-5.76626
-5.78528
-4.17604
-3.62681
-3.69274
-3.83736
-3.99741
-4.20393
-4.40473
-4.56561
-4.69346
-4.80153
-4.89499
-4.9754
-5.04491
-5.10608
-5.16086
-5.21053
-5.25602
-5.29811
-5.33737
-5.37425
-5.40911
-5.44219
-5.47371
-5.50382
-5.53264
-5.56028
-5.58683
-5.61236
-5.63691
-5.66051
-5.68322
-5.70506
-5.72607
-5.74623
-5.7659
-5.78425
-3.65544
-4.4537
-4.69385
-4.51956
-4.42955
-4.49394
-4.60238
-4.69848
-4.78299
-4.86303
-4.93806
-5.00604
-5.06706
-5.12244
-5.17329
-5.22031
-5.26408
-5.30501
-5.34356
-5.38009
-5.41484
-5.44798
-5.47966
-5.50999
-5.53907
-5.567
-5.59383
-5.61962
-5.64441
-5.66822
-5.6911
-5.71306
-5.73412
-5.75422
-5.77367
-5.79206
2.50839
-1.15463
-3.08582
-3.65521
-3.94082
-4.22395
-4.45644
-4.62118
-4.74407
-4.84607
-4.93385
-5.00918
-5.0744
-5.13215
-5.18428
-5.23194
-5.27594
-5.31686
-5.35523
-5.39149
-5.42589
-5.45863
-5.48987
-5.51974
-5.54837
-5.57583
-5.6022
-5.62754
-5.65189
-5.67529
-5.69776
-5.71931
-5.73998
-5.75965
-5.7785
-5.79565
-6.79092
-6.7908
-6.79067
-6.79062
-6.79067
-6.79086
-6.79118
-6.79163
-6.79219
-6.79286
-6.79361
-6.79443
-6.79531
-6.79623
-6.79719
-6.79818
-6.79921
-6.80026
-6.80133
-6.80244
-6.80356
-6.80472
-6.8059
-6.80711
-6.80836
-6.80965
-6.81097
-6.81233
-6.81374
-6.81519
-6.8167
-6.81825
-6.81987
-6.82154
-6.82329
-6.8251
-6.82698
-6.82895
-6.83099
-6.83312
-6.83534
-6.83765
-6.84006
-6.84256
-6.84518
-6.84789
-6.85073
-6.85367
-6.85674
-6.85993
-6.86324
-6.86669
-6.87027
-6.87399
-6.87785
-6.88186
-6.88602
-6.89033
-6.8948
-6.89943
-6.90423
-6.90919
-6.91433
-6.91964
-6.92513
-6.93079
-6.93665
-6.94268
-6.94891
-6.95532
-6.96193
-6.96873
-6.97573
-6.98293
-6.99032
-6.99791
-7.0057
-7.01369
-7.02188
-7.03027
-7.03886
-7.04765
-7.05663
-7.06581
-7.07518
-7.08474
-7.0945
-7.10444
-7.11457
-7.12488
-7.13537
-7.14603
-7.15685
-7.16785
-7.179
-7.19031
-7.20177
-7.21337
-7.22511
-7.23698
-7.24898
-7.26109
-7.27331
-7.28564
-7.29806
-7.31057
-7.32315
-7.3358
-7.34851
-7.36128
-7.37408
-7.38691
-7.39976
-7.41262
-7.42547
-7.4383
-7.45111
-7.46388
-7.47659
-7.48923
-7.50179
-7.51426
-7.52661
-7.53884
-7.55092
-7.56285
-7.5746
-7.58616
-7.59751
-7.60864
-7.61952
-7.63015
-7.64048
-7.65052
-7.66024
-7.66961
-7.67863
-7.68726
-7.69549
-7.70329
-7.71064
-7.71753
-7.72391
-7.72978
-7.73511
-7.73988
-7.74405
-7.74761
-7.75053
-7.75279
-7.75435
-7.7552
-7.75531
-7.75465
-7.75319
-7.75092
-7.74779
-7.7438
-7.73889
-7.73307
-7.72629
-7.71852
-7.70974
-7.69993
-7.68905
-7.67708
-7.66398
-7.64974
-7.63433
-7.61771
-7.59986
-7.58074
-7.56036
-7.53867
-7.51565
-7.49128
-7.46552
-7.43835
-7.40975
-7.37969
-7.34815
-7.31511
-7.28054
-7.24442
-7.20673
-7.16745
-7.12656
-7.08403
-7.03985
-6.994
-6.94647
-6.89722
-6.84625
-6.79355
-6.73909
-6.68285
-6.62484
-6.56503
-6.50341
-6.43998
-6.37473
-6.30762
-6.23868
-6.16793
-6.09541
-6.02112
-5.94493
-5.86675
-5.78666
-5.70466
-5.62079
-5.53504
-5.44741
-5.3579
-5.26653
-5.17331
-5.07828
-4.98143
-4.88273
-4.78217
-4.67974
-4.57547
-4.46938
-4.36149
-4.25181
-4.14037
-4.02717
-3.91224
-3.7956
-3.67727
-3.55727
-3.43562
-3.31234
-3.18746
-3.06101
-2.93301
-2.80348
-2.67246
-2.53998
-2.40606
-2.27074
-2.13405
-1.99602
-1.85669
-1.71609
-1.57426
-1.43123
-1.28705
-1.14174
-0.995359
-0.847934
-0.69951
-0.550128
-0.399832
-0.248663
-0.0966653
0.056116
0.209636
0.363848
0.518706
0.674165
0.830175
0.986692
1.14366
1.30105
1.45879
1.61684
1.77516
1.93368
2.09238
2.25118
2.41004
2.56891
2.72773
2.88647
3.04506
3.20346
3.36162
3.51949
3.67701
3.83414
3.99081
4.14697
4.3026
4.45767
4.61213
4.76593
4.919
5.07132
5.22283
5.37348
5.52324
5.67205
5.81989
5.96671
6.11246
6.25712
6.40064
6.54299
6.68414
6.82404
6.96267
7.09999
7.23599
7.37062
7.50386
7.63568
7.76607
7.89499
8.02243
8.14836
8.27276
8.39562
8.51691
8.63663
8.75477
8.87129
8.98621
9.09951
9.21118
9.32122
9.42964
9.53642
9.64157
9.74513
9.84704
9.94722
10.0457
10.1424
10.2374
10.3307
10.4224
10.5123
10.6006
10.6873
10.7723
10.8557
10.9375
11.0176
11.0961
11.1731
11.2484
11.3222
11.3944
11.4651
11.5343
11.602
11.6683
11.7331
11.7966
11.8589
11.9199
11.9799
12.0392
12.0981
12.1573
12.2183
12.2833
12.3618
12.45
-6.7913
-6.79113
-6.79095
-6.79089
-6.79098
-6.79119
-6.79151
-6.79191
-6.7924
-6.79296
-6.79358
-6.79426
-6.79498
-6.79575
-6.79656
-6.7974
-6.79828
-6.79919
-6.80013
-6.8011
-6.80211
-6.80316
-6.80424
-6.80536
-6.80652
-6.80772
-6.80896
-6.81024
-6.81157
-6.81294
-6.81437
-6.81585
-6.81739
-6.81899
-6.82065
-6.82239
-6.82419
-6.82607
-6.82803
-6.83007
-6.8322
-6.83442
-6.83673
-6.83914
-6.84165
-6.84426
-6.84699
-6.84982
-6.85278
-6.85585
-6.85905
-6.86238
-6.86585
-6.86944
-6.87318
-6.87707
-6.8811
-6.88529
-6.88963
-6.89414
-6.8988
-6.90364
-6.90865
-6.91383
-6.91919
-6.92473
-6.93045
-6.93636
-6.94246
-6.94874
-6.95523
-6.9619
-6.96878
-6.97585
-6.98312
-6.99059
-6.99826
-7.00613
-7.0142
-7.02247
-7.03094
-7.03962
-7.04849
-7.05755
-7.06681
-7.07627
-7.08592
-7.09575
-7.10577
-7.11597
-7.12635
-7.1369
-7.14763
-7.15852
-7.16957
-7.18078
-7.19213
-7.20364
-7.21528
-7.22705
-7.23895
-7.25097
-7.26309
-7.27533
-7.28765
-7.30007
-7.31256
-7.32512
-7.33775
-7.35042
-7.36314
-7.37589
-7.38866
-7.40143
-7.41421
-7.42697
-7.4397
-7.4524
-7.46504
-7.47761
-7.49011
-7.50251
-7.51481
-7.52698
-7.53901
-7.55089
-7.56259
-7.57411
-7.58543
-7.59652
-7.60737
-7.61796
-7.62827
-7.63829
-7.64799
-7.65736
-7.66636
-7.67499
-7.68322
-7.69103
-7.69839
-7.70529
-7.7117
-7.7176
-7.72296
-7.72777
-7.73198
-7.73559
-7.73857
-7.74089
-7.74252
-7.74344
-7.74363
-7.74306
-7.7417
-7.73952
-7.7365
-7.73262
-7.72784
-7.72214
-7.71549
-7.70786
-7.69923
-7.68957
-7.67885
-7.66704
-7.65412
-7.64007
-7.62484
-7.60842
-7.59077
-7.57187
-7.5517
-7.53024
-7.50745
-7.48332
-7.45781
-7.43089
-7.40255
-7.37276
-7.3415
-7.30874
-7.27446
-7.23864
-7.20126
-7.16229
-7.12171
-7.07951
-7.03566
-6.99015
-6.94296
-6.89407
-6.84346
-6.79112
-6.73704
-6.68119
-6.62357
-6.56417
-6.50297
-6.43997
-6.37515
-6.30851
-6.24004
-6.16972
-6.09753
-6.02342
-5.94744
-5.86962
-5.78993
-5.70837
-5.62493
-5.53963
-5.45245
-5.3634
-5.27249
-5.17973
-5.08514
-4.98871
-4.89043
-4.7903
-4.6883
-4.58448
-4.47883
-4.37138
-4.26215
-4.15114
-4.03839
-3.9239
-3.8077
-3.68981
-3.57024
-3.44902
-3.32618
-3.20173
-3.07571
-2.94813
-2.81903
-2.68843
-2.55636
-2.42286
-2.28794
-2.15166
-2.01403
-1.8751
-1.73489
-1.59344
-1.4508
-1.30699
-1.16205
-1.01603
-0.868967
-0.720895
-0.571859
-0.421901
-0.271064
-0.119391
0.0330721
0.186282
0.34019
0.494754
0.649926
0.805659
0.961905
1.11862
1.27575
1.43324
1.59106
1.74915
1.90746
2.06595
2.22456
2.38323
2.54193
2.70058
2.85916
3.01761
3.17588
3.33391
3.49166
3.64907
3.8061
3.96269
4.11879
4.27437
4.42941
4.58385
4.73763
4.89071
5.04303
5.19456
5.34525
5.49506
5.64393
5.79184
5.93874
6.08459
6.22935
6.37298
6.51546
6.65674
6.79679
6.93557
7.07307
7.20924
7.34405
7.47749
7.60952
7.74012
7.86926
7.99693
8.1231
8.24775
8.37087
8.49243
8.61242
8.73084
8.84765
8.96287
9.07647
9.18845
9.29881
9.40756
9.5147
9.62023
9.72405
9.82611
9.92642
10.025
10.1219
10.217
10.3105
10.4023
10.4925
10.5809
10.6678
10.753
10.8366
10.9185
10.9988
11.0776
11.1547
11.2303
11.3043
11.3767
11.4477
11.5171
11.585
11.6516
11.7167
11.7805
11.8431
11.9045
11.965
12.0249
12.0846
12.1447
12.2071
12.2733
12.3533
12.4378
-6.79132
-6.79112
-6.79091
-6.79084
-6.79097
-6.79122
-6.79156
-6.79194
-6.79235
-6.7928
-6.79328
-6.79378
-6.79432
-6.79489
-6.7955
-6.79614
-6.79682
-6.79753
-6.79829
-6.79908
-6.79991
-6.80079
-6.8017
-6.80266
-6.80366
-6.8047
-6.80579
-6.80693
-6.80812
-6.80936
-6.81066
-6.81202
-6.81344
-6.81492
-6.81647
-6.81809
-6.81977
-6.82153
-6.82337
-6.82529
-6.82729
-6.82939
-6.83157
-6.83385
-6.83623
-6.83871
-6.8413
-6.844
-6.84682
-6.84976
-6.85282
-6.85601
-6.85933
-6.86279
-6.86639
-6.87014
-6.87403
-6.87808
-6.88228
-6.88665
-6.89118
-6.89588
-6.90075
-6.90579
-6.91102
-6.91642
-6.92201
-6.92779
-6.93375
-6.93991
-6.94627
-6.95281
-6.95956
-6.9665
-6.97365
-6.98099
-6.98854
-6.99628
-7.00423
-7.01238
-7.02073
-7.02928
-7.03802
-7.04697
-7.05611
-7.06544
-7.07496
-7.08467
-7.09456
-7.10463
-7.11489
-7.12531
-7.13591
-7.14667
-7.15759
-7.16867
-7.1799
-7.19127
-7.20278
-7.21442
-7.22619
-7.23808
-7.25007
-7.26218
-7.27437
-7.28666
-7.29903
-7.31146
-7.32396
-7.33651
-7.3491
-7.36173
-7.37438
-7.38703
-7.39969
-7.41234
-7.42496
-7.43754
-7.45008
-7.46255
-7.47494
-7.48725
-7.49945
-7.51153
-7.52347
-7.53526
-7.54689
-7.55833
-7.56958
-7.5806
-7.59139
-7.60193
-7.61219
-7.62216
-7.63182
-7.64115
-7.65013
-7.65874
-7.66695
-7.67475
-7.68211
-7.68901
-7.69544
-7.70135
-7.70674
-7.71157
-7.71583
-7.71949
-7.72252
-7.72491
-7.72661
-7.72762
-7.7279
-7.72742
-7.72617
-7.72411
-7.72121
-7.71746
-7.71283
-7.70728
-7.70079
-7.69334
-7.68489
-7.67542
-7.6649
-7.65331
-7.64061
-7.62678
-7.6118
-7.59563
-7.57824
-7.55961
-7.53973
-7.51856
-7.49608
-7.47225
-7.44706
-7.42048
-7.39249
-7.36305
-7.33215
-7.29976
-7.26587
-7.23044
-7.19346
-7.1549
-7.11475
-7.07298
-7.02957
-6.98451
-6.93778
-6.88936
-6.83923
-6.78738
-6.73379
-6.67845
-6.62134
-6.56246
-6.50179
-6.43932
-6.37503
-6.30894
-6.24102
-6.17126
-6.09964
-6.02612
-5.95072
-5.87347
-5.79436
-5.71338
-5.63054
-5.54584
-5.45927
-5.37084
-5.28055
-5.18841
-5.09443
-4.9986
-4.90093
-4.8014
-4.70003
-4.59683
-4.49181
-4.38499
-4.27638
-4.16601
-4.05389
-3.94003
-3.82446
-3.7072
-3.58826
-3.46767
-3.34546
-3.22163
-3.09623
-2.96927
-2.84079
-2.7108
-2.57935
-2.44645
-2.31214
-2.17645
-2.03942
-1.90108
-1.76145
-1.62058
-1.47851
-1.33527
-1.1909
-1.04543
-0.898909
-0.751377
-0.602873
-0.453439
-0.303118
-0.151954
1.07268e-05
0.15273
0.306158
0.460249
0.614959
0.77024
0.926044
1.08232
1.23903
1.39612
1.55354
1.71124
1.86917
2.0273
2.18555
2.34389
2.50225
2.6606
2.81887
2.97703
3.13502
3.29278
3.45028
3.60745
3.76426
3.92064
4.07655
4.23196
4.38684
4.54113
4.69478
4.84774
4.99996
5.15141
5.30202
5.45177
5.6006
5.74848
5.89536
6.04121
6.18598
6.32964
6.47216
6.61349
6.75361
6.89247
7.03006
7.16633
7.30127
7.43483
7.567
7.69776
7.82706
7.9549
8.08126
8.20611
8.32942
8.4512
8.57142
8.69007
8.80713
8.92259
9.03646
9.14871
9.25935
9.36835
9.47572
9.58148
9.68559
9.78805
9.88883
9.98791
10.0853
10.181
10.2749
10.3673
10.4579
10.5469
10.6342
10.7199
10.8039
10.8864
10.9672
11.0464
11.124
11.2
11.2745
11.3474
11.4188
11.4887
11.5572
11.6242
11.6899
11.7543
11.8175
11.8796
11.9409
12.0017
12.0625
12.1241
12.1882
12.2557
12.3368
12.4131
-6.79072
-6.79057
-6.7904
-6.79036
-6.7905
-6.79077
-6.7911
-6.79146
-6.79184
-6.79222
-6.79262
-6.79302
-6.79345
-6.79389
-6.79436
-6.79486
-6.79539
-6.79595
-6.79656
-6.7972
-6.79789
-6.79862
-6.7994
-6.80022
-6.80109
-6.802
-6.80295
-6.80396
-6.80502
-6.80614
-6.80731
-6.80854
-6.80984
-6.8112
-6.81263
-6.81412
-6.81569
-6.81734
-6.81906
-6.82086
-6.82275
-6.82472
-6.82679
-6.82895
-6.83121
-6.83357
-6.83604
-6.83863
-6.84133
-6.84414
-6.84709
-6.85016
-6.85336
-6.8567
-6.86018
-6.86381
-6.86758
-6.87151
-6.8756
-6.87985
-6.88426
-6.88884
-6.89359
-6.89852
-6.90363
-6.90892
-6.91439
-6.92005
-6.92591
-6.93195
-6.93818
-6.94462
-6.95124
-6.95807
-6.9651
-6.97232
-6.97975
-6.98738
-6.99521
-7.00323
-7.01146
-7.01989
-7.02851
-7.03733
-7.04634
-7.05555
-7.06494
-7.07452
-7.08429
-7.09424
-7.10436
-7.11465
-7.12512
-7.13575
-7.14654
-7.15749
-7.16858
-7.17982
-7.1912
-7.20271
-7.21435
-7.2261
-7.23797
-7.24994
-7.26201
-7.27417
-7.28641
-7.29872
-7.3111
-7.32352
-7.336
-7.3485
-7.36104
-7.37358
-7.38613
-7.39866
-7.41118
-7.42366
-7.4361
-7.44847
-7.46078
-7.47299
-7.48511
-7.49711
-7.50898
-7.5207
-7.53226
-7.54364
-7.55483
-7.5658
-7.57654
-7.58704
-7.59726
-7.60721
-7.61684
-7.62615
-7.63512
-7.64372
-7.65194
-7.65974
-7.66712
-7.67404
-7.68049
-7.68644
-7.69188
-7.69676
-7.70108
-7.7048
-7.70791
-7.71038
-7.71217
-7.71328
-7.71367
-7.71331
-7.71218
-7.71025
-7.7075
-7.7039
-7.69942
-7.69404
-7.68773
-7.68047
-7.67222
-7.66295
-7.65265
-7.64128
-7.62881
-7.61523
-7.6005
-7.58459
-7.56748
-7.54913
-7.52954
-7.50867
-7.4865
-7.46299
-7.43813
-7.41189
-7.38424
-7.35516
-7.32462
-7.29261
-7.2591
-7.22406
-7.18748
-7.14934
-7.1096
-7.06826
-7.02529
-6.98068
-6.9344
-6.88644
-6.83678
-6.78541
-6.7323
-6.67745
-6.62084
-6.56246
-6.5023
-6.44034
-6.37657
-6.31098
-6.24357
-6.17432
-6.10321
-6.03023
-5.95539
-5.8787
-5.80016
-5.71976
-5.63749
-5.55337
-5.46738
-5.37954
-5.28984
-5.19829
-5.10489
-5.00965
-4.91256
-4.81363
-4.71286
-4.61026
-4.50584
-4.39963
-4.29164
-4.18188
-4.07037
-3.95712
-3.84216
-3.72551
-3.60718
-3.48719
-3.36558
-3.24236
-3.11755
-2.99119
-2.8633
-2.7339
-2.60303
-2.47072
-2.33699
-2.20187
-2.06541
-1.92762
-1.78856
-1.64824
-1.50671
-1.36401
-1.22017
-1.07522
-0.929221
-0.782198
-0.634196
-0.485256
-0.33542
-0.184732
-0.0332359
0.119024
0.272003
0.425655
0.579935
0.734796
0.890191
1.04607
1.20239
1.3591
1.51615
1.6735
1.8311
1.98889
2.14682
2.30485
2.46292
2.62098
2.77899
2.93689
3.09463
3.25217
3.40945
3.56642
3.72304
3.87925
4.03501
4.19028
4.34503
4.4992
4.65274
4.80561
4.95776
5.10914
5.2597
5.40941
5.55822
5.70609
5.85298
5.99885
6.14365
6.28736
6.42993
6.57134
6.71154
6.8505
6.98819
7.12458
7.25965
7.39336
7.52568
7.65659
7.78607
7.9141
8.04064
8.16569
8.28922
8.41122
8.53167
8.65055
8.76786
8.88358
8.9977
9.11022
9.22112
9.33042
9.43808
9.54413
9.64854
9.75134
9.85249
9.95197
10.0498
10.1459
10.2403
10.333
10.4241
10.5135
10.6012
10.6873
10.7718
10.8546
10.9359
11.0155
11.0935
11.1699
11.2448
11.3182
11.39
11.4604
11.5293
11.5968
11.6629
11.7278
11.7916
11.8544
11.9164
11.9779
12.0396
12.1022
12.1672
12.2347
12.3141
12.381
-6.78946
-6.78941
-6.78937
-6.78946
-6.78968
-6.79
-6.79037
-6.79074
-6.79111
-6.79147
-6.79183
-6.79219
-6.79255
-6.79291
-6.79329
-6.79369
-6.79412
-6.79458
-6.79508
-6.79561
-6.79618
-6.79679
-6.79745
-6.79815
-6.7989
-6.7997
-6.80054
-6.80144
-6.80238
-6.80339
-6.80445
-6.80558
-6.80677
-6.80803
-6.80935
-6.81074
-6.81221
-6.81376
-6.81538
-6.81709
-6.81888
-6.82076
-6.82273
-6.8248
-6.82697
-6.82925
-6.83163
-6.83413
-6.83674
-6.83947
-6.84233
-6.84532
-6.84844
-6.8517
-6.8551
-6.85865
-6.86234
-6.86619
-6.8702
-6.87437
-6.87871
-6.88321
-6.88789
-6.89274
-6.89778
-6.90299
-6.90838
-6.91397
-6.91974
-6.92571
-6.93186
-6.93821
-6.94476
-6.95151
-6.95845
-6.9656
-6.97294
-6.98048
-6.98822
-6.99616
-7.00429
-7.01263
-7.02116
-7.02988
-7.0388
-7.04791
-7.0572
-7.06668
-7.07635
-7.08619
-7.09621
-7.1064
-7.11676
-7.12728
-7.13797
-7.1488
-7.15979
-7.17092
-7.18219
-7.19359
-7.20512
-7.21677
-7.22852
-7.24039
-7.25235
-7.2644
-7.27654
-7.28874
-7.30101
-7.31334
-7.32571
-7.33812
-7.35055
-7.363
-7.37545
-7.3879
-7.40033
-7.41272
-7.42508
-7.43737
-7.4496
-7.46174
-7.47378
-7.48572
-7.49752
-7.50919
-7.52069
-7.53202
-7.54316
-7.55409
-7.5648
-7.57526
-7.58546
-7.59538
-7.60499
-7.61429
-7.62325
-7.63185
-7.64007
-7.64789
-7.65528
-7.66222
-7.6687
-7.67469
-7.68016
-7.6851
-7.68947
-7.69325
-7.69643
-7.69897
-7.70085
-7.70204
-7.70253
-7.70227
-7.70125
-7.69945
-7.69682
-7.69336
-7.68902
-7.68379
-7.67764
-7.67054
-7.66246
-7.65338
-7.64326
-7.63209
-7.61983
-7.60646
-7.59196
-7.57628
-7.5594
-7.54131
-7.52197
-7.50137
-7.47947
-7.45624
-7.43166
-7.40572
-7.37837
-7.3496
-7.31939
-7.2877
-7.25452
-7.21983
-7.1836
-7.14581
-7.10645
-7.06548
-7.02289
-6.97866
-6.93278
-6.88522
-6.83597
-6.78501
-6.73232
-6.6779
-6.62172
-6.56378
-6.50405
-6.44253
-6.37921
-6.31408
-6.24711
-6.17832
-6.10767
-6.03517
-5.96082
-5.88462
-5.80657
-5.72667
-5.64491
-5.56129
-5.47581
-5.38847
-5.29928
-5.20824
-5.11535
-5.02061
-4.92403
-4.82561
-4.72536
-4.62328
-4.5194
-4.41371
-4.30625
-4.19701
-4.08603
-3.97331
-3.85888
-3.74275
-3.62494
-3.50548
-3.38439
-3.26168
-3.1374
-3.01155
-2.88417
-2.75528
-2.62491
-2.4931
-2.35986
-2.22524
-2.08926
-1.95196
-1.81337
-1.67352
-1.53246
-1.39021
-1.24682
-1.10233
-0.956763
-0.810173
-0.662595
-0.514073
-0.364647
-0.214361
-0.0632587
0.0886161
0.241218
0.394503
0.548424
0.702936
0.857991
1.01354
1.16954
1.32594
1.4827
1.63975
1.79707
1.95459
2.11227
2.27005
2.42789
2.58573
2.74353
2.90123
3.05878
3.21615
3.37326
3.53009
3.68657
3.84266
3.99832
4.1535
4.30816
4.46226
4.61574
4.76856
4.92066
5.07202
5.22257
5.37228
5.5211
5.669
5.81592
5.96184
6.1067
6.25048
6.39314
6.53464
6.67494
6.81402
6.95184
7.08837
7.22359
7.35745
7.48994
7.62104
7.7507
7.87892
8.00567
8.13093
8.25469
8.37691
8.49759
8.61672
8.73428
8.85025
8.96464
9.07743
9.18861
9.29819
9.40614
9.51245
9.61712
9.72016
9.82156
9.9213
10.0194
10.1158
10.2105
10.3035
10.3949
10.4846
10.5727
10.6591
10.7438
10.827
10.9085
10.9885
11.0668
11.1436
11.2188
11.2924
11.3646
11.4353
11.5045
11.5724
11.6389
11.7042
11.7684
11.8317
11.8942
11.9563
12.0185
12.0814
12.1465
12.2129
12.2895
12.3477
-6.78759
-6.78766
-6.78782
-6.7881
-6.78849
-6.78892
-6.78936
-6.78979
-6.79019
-6.79057
-6.79093
-6.79127
-6.7916
-6.79193
-6.79226
-6.7926
-6.79296
-6.79335
-6.79376
-6.7942
-6.79468
-6.7952
-6.79576
-6.79637
-6.79702
-6.79772
-6.79847
-6.79928
-6.80013
-6.80105
-6.80202
-6.80306
-6.80416
-6.80533
-6.80657
-6.80788
-6.80927
-6.81073
-6.81228
-6.81391
-6.81563
-6.81744
-6.81934
-6.82135
-6.82345
-6.82566
-6.82798
-6.83042
-6.83297
-6.83564
-6.83844
-6.84138
-6.84444
-6.84765
-6.851
-6.85449
-6.85814
-6.86194
-6.8659
-6.87002
-6.87431
-6.87877
-6.8834
-6.8882
-6.89319
-6.89836
-6.90371
-6.90924
-6.91497
-6.92088
-6.92699
-6.93329
-6.93979
-6.94648
-6.95337
-6.96045
-6.96774
-6.97522
-6.9829
-6.99077
-6.99884
-7.00711
-7.01557
-7.02422
-7.03307
-7.0421
-7.05132
-7.06072
-7.07031
-7.08007
-7.09001
-7.10011
-7.11039
-7.12082
-7.13142
-7.14217
-7.15307
-7.16411
-7.17529
-7.1866
-7.19804
-7.20959
-7.22126
-7.23304
-7.24491
-7.25687
-7.26892
-7.28103
-7.29322
-7.30546
-7.31775
-7.33007
-7.34243
-7.3548
-7.36717
-7.37954
-7.39189
-7.40422
-7.4165
-7.42873
-7.4409
-7.45298
-7.46497
-7.47684
-7.4886
-7.50021
-7.51168
-7.52297
-7.53407
-7.54497
-7.55564
-7.56608
-7.57626
-7.58616
-7.59577
-7.60507
-7.61402
-7.62263
-7.63085
-7.63868
-7.64609
-7.65306
-7.65957
-7.66559
-7.6711
-7.67608
-7.68051
-7.68435
-7.68759
-7.6902
-7.69216
-7.69344
-7.69401
-7.69385
-7.69293
-7.69123
-7.68872
-7.68538
-7.68117
-7.67608
-7.67007
-7.66311
-7.65519
-7.64627
-7.63632
-7.62532
-7.61325
-7.60007
-7.58575
-7.57028
-7.55362
-7.53574
-7.51663
-7.49625
-7.47459
-7.45161
-7.42728
-7.40159
-7.37451
-7.34602
-7.31608
-7.28468
-7.25179
-7.2174
-7.18148
-7.144
-7.10495
-7.0643
-7.02204
-6.97815
-6.93261
-6.8854
-6.8365
-6.78589
-6.73357
-6.67951
-6.62371
-6.56614
-6.5068
-6.44566
-6.38273
-6.31799
-6.25142
-6.18303
-6.11279
-6.04071
-5.96679
-5.89101
-5.81339
-5.73391
-5.65258
-5.56939
-5.48435
-5.39745
-5.3087
-5.21809
-5.12564
-5.03134
-4.9352
-4.83722
-4.73742
-4.63579
-4.53236
-4.42713
-4.32011
-4.21134
-4.10081
-3.98854
-3.87456
-3.75888
-3.64153
-3.52252
-3.40188
-3.27962
-3.15578
-3.03037
-2.90343
-2.77497
-2.64504
-2.51365
-2.38085
-2.24664
-2.11108
-1.9742
-1.83602
-1.69657
-1.55591
-1.41406
-1.27106
-1.12695
-0.981761
-0.835541
-0.688328
-0.540163
-0.391089
-0.241148
-0.0903828
0.0611624
0.213442
0.366412
0.520027
0.67424
0.829005
0.984275
1.14
1.29614
1.45264
1.60945
1.76653
1.92383
2.08129
2.23886
2.3965
2.55416
2.71178
2.86931
3.02672
3.18394
3.34092
3.49763
3.654
3.81
3.96557
4.12067
4.27527
4.42931
4.58275
4.73553
4.88762
5.03896
5.18951
5.33923
5.48807
5.636
5.78296
5.92893
6.07386
6.21771
6.36045
6.50204
6.64245
6.78164
6.91959
7.05625
7.1916
7.32562
7.45827
7.58952
7.71937
7.84777
7.97471
8.10017
8.22412
8.34656
8.46746
8.58681
8.7046
8.82081
8.93544
9.04847
9.1599
9.26971
9.37791
9.48445
9.58934
9.69258
9.79419
9.89415
9.99244
10.0891
10.184
10.2773
10.3689
10.4589
10.5472
10.6339
10.7189
10.8023
10.8841
10.9643
11.0429
11.1199
11.1954
11.2694
11.3418
11.4128
11.4823
11.5504
11.6173
11.6829
11.7474
11.811
11.8739
11.9363
11.9988
12.0617
12.1263
12.1912
12.2648
12.3153
-6.78518
-6.78539
-6.78578
-6.78632
-6.78691
-6.78751
-6.78807
-6.78859
-6.78907
-6.7895
-6.7899
-6.79026
-6.7906
-6.79092
-6.79123
-6.79154
-6.79187
-6.7922
-6.79256
-6.79295
-6.79337
-6.79382
-6.79431
-6.79484
-6.79542
-6.79605
-6.79673
-6.79746
-6.79824
-6.79908
-6.79999
-6.80096
-6.80199
-6.80309
-6.80427
-6.80552
-6.80685
-6.80825
-6.80975
-6.81132
-6.81299
-6.81475
-6.81661
-6.81856
-6.82062
-6.82279
-6.82507
-6.82747
-6.82999
-6.83263
-6.83539
-6.83829
-6.84133
-6.84451
-6.84783
-6.8513
-6.85492
-6.85869
-6.86263
-6.86672
-6.87099
-6.87542
-6.88003
-6.88481
-6.88977
-6.89491
-6.90024
-6.90575
-6.91144
-6.91733
-6.92341
-6.92968
-6.93614
-6.9428
-6.94965
-6.9567
-6.96395
-6.97139
-6.97902
-6.98685
-6.99488
-7.0031
-7.01151
-7.02011
-7.0289
-7.03787
-7.04703
-7.05638
-7.0659
-7.0756
-7.08547
-7.09551
-7.10572
-7.11608
-7.12661
-7.13729
-7.14811
-7.15908
-7.17019
-7.18143
-7.19279
-7.20427
-7.21587
-7.22757
-7.23937
-7.25126
-7.26323
-7.27527
-7.28739
-7.29956
-7.31178
-7.32404
-7.33632
-7.34863
-7.36094
-7.37325
-7.38554
-7.39781
-7.41004
-7.42221
-7.43433
-7.44636
-7.4583
-7.47014
-7.48185
-7.49343
-7.50486
-7.51612
-7.5272
-7.53808
-7.54873
-7.55916
-7.56932
-7.57922
-7.58882
-7.59812
-7.60708
-7.61569
-7.62393
-7.63178
-7.63921
-7.64621
-7.65275
-7.6588
-7.66436
-7.66938
-7.67386
-7.67776
-7.68106
-7.68374
-7.68577
-7.68712
-7.68777
-7.6877
-7.68688
-7.68528
-7.68288
-7.67964
-7.67555
-7.67058
-7.66469
-7.65787
-7.65009
-7.64131
-7.63151
-7.62067
-7.60876
-7.59575
-7.58161
-7.56631
-7.54983
-7.53215
-7.51324
-7.49307
-7.47161
-7.44884
-7.42474
-7.39927
-7.37242
-7.34416
-7.31447
-7.28332
-7.25069
-7.21655
-7.18089
-7.14368
-7.10491
-7.06454
-7.02257
-6.97897
-6.93372
-6.8868
-6.83821
-6.78791
-6.7359
-6.68216
-6.62668
-6.56943
-6.51042
-6.44962
-6.38702
-6.32262
-6.2564
-6.18835
-6.11847
-6.04675
-5.97319
-5.89778
-5.82053
-5.74142
-5.66046
-5.57764
-5.49297
-5.40645
-5.31807
-5.22784
-5.13577
-5.04185
-4.94608
-4.84849
-4.74907
-4.64783
-4.54478
-4.43994
-4.33332
-4.22493
-4.11479
-4.00292
-3.88933
-3.77404
-3.65707
-3.53845
-3.41819
-3.29632
-3.17286
-3.04783
-2.92127
-2.79319
-2.66363
-2.53262
-2.40018
-2.26634
-2.13114
-1.99461
-1.85678
-1.71769
-1.57737
-1.43586
-1.2932
-1.14941
-1.00455
-0.858655
-0.711757
-0.563902
-0.415131
-0.265488
-0.115014
0.0362457
0.188247
0.340945
0.494295
0.64825
0.802765
0.957791
1.11328
1.26919
1.42547
1.58208
1.73895
1.89606
2.05333
2.21072
2.36819
2.52568
2.68315
2.84055
2.99782
3.15491
3.31179
3.46839
3.62467
3.78058
3.93608
4.09113
4.24567
4.39966
4.55306
4.70582
4.85788
5.00922
5.15977
5.3095
5.45836
5.60631
5.75331
5.89933
6.04431
6.18823
6.33104
6.47272
6.61322
6.75251
6.89056
7.02734
7.16281
7.29696
7.42975
7.56115
7.69115
7.81971
7.94681
8.07245
8.19658
8.3192
8.4403
8.55985
8.67784
8.79426
8.90909
9.02233
9.13397
9.244
9.35239
9.45914
9.56422
9.66766
9.76945
9.8696
9.96809
10.0649
10.1601
10.2536
10.3454
10.4356
10.5242
10.6111
10.6963
10.78
10.862
10.9424
11.0212
11.0985
11.1742
11.2484
11.321
11.3922
11.462
11.5304
11.5975
11.6634
11.7282
11.792
11.8551
11.9177
11.9802
12.0429
12.1068
12.1699
12.2409
12.2844
-6.78235
-6.7827
-6.78335
-6.78417
-6.78501
-6.78579
-6.78652
-6.78717
-6.78775
-6.78827
-6.78873
-6.78914
-6.78951
-6.78985
-6.79018
-6.79049
-6.79081
-6.79113
-6.79146
-6.79181
-6.79219
-6.7926
-6.79305
-6.79353
-6.79406
-6.79464
-6.79526
-6.79594
-6.79667
-6.79746
-6.79832
-6.79924
-6.80023
-6.80128
-6.80241
-6.80362
-6.80491
-6.80628
-6.80773
-6.80927
-6.81091
-6.81264
-6.81447
-6.8164
-6.81844
-6.82058
-6.82285
-6.82522
-6.82773
-6.83035
-6.83311
-6.836
-6.83903
-6.84219
-6.84551
-6.84897
-6.85259
-6.85636
-6.86029
-6.86438
-6.86864
-6.87307
-6.87767
-6.88245
-6.8874
-6.89254
-6.89785
-6.90335
-6.90904
-6.91491
-6.92098
-6.92723
-6.93368
-6.94032
-6.94715
-6.95418
-6.9614
-6.96881
-6.97642
-6.98422
-6.99222
-7.0004
-7.00877
-7.01734
-7.02609
-7.03502
-7.04414
-7.05343
-7.06291
-7.07256
-7.08238
-7.09237
-7.10252
-7.11284
-7.12331
-7.13393
-7.1447
-7.15561
-7.16666
-7.17783
-7.18914
-7.20056
-7.2121
-7.22374
-7.23548
-7.24731
-7.25922
-7.27121
-7.28327
-7.29538
-7.30755
-7.31975
-7.33198
-7.34424
-7.3565
-7.36876
-7.38101
-7.39323
-7.40542
-7.41755
-7.42963
-7.44163
-7.45354
-7.46534
-7.47703
-7.48858
-7.49999
-7.51123
-7.52229
-7.53315
-7.5438
-7.55422
-7.56438
-7.57428
-7.58388
-7.59318
-7.60216
-7.61078
-7.61904
-7.62691
-7.63437
-7.6414
-7.64797
-7.65407
-7.65966
-7.66474
-7.66926
-7.67322
-7.67658
-7.67932
-7.68142
-7.68285
-7.68358
-7.68359
-7.68286
-7.68135
-7.67904
-7.67591
-7.67192
-7.66706
-7.66129
-7.65459
-7.64693
-7.63828
-7.62862
-7.61792
-7.60615
-7.59328
-7.5793
-7.56416
-7.54785
-7.53033
-7.51159
-7.4916
-7.47033
-7.44774
-7.42383
-7.39856
-7.37192
-7.34386
-7.31438
-7.28344
-7.25103
-7.21712
-7.18168
-7.14471
-7.10617
-7.06604
-7.02432
-6.98096
-6.93597
-6.88931
-6.84098
-6.79094
-6.7392
-6.68573
-6.63052
-6.57356
-6.51482
-6.45431
-6.392
-6.32789
-6.26196
-6.19422
-6.12464
-6.05323
-5.97998
-5.90488
-5.82794
-5.74914
-5.6685
-5.586
-5.50165
-5.41544
-5.32738
-5.23747
-5.14572
-5.05212
-4.95668
-4.85941
-4.76032
-4.6594
-4.55669
-4.45218
-4.34589
-4.23784
-4.12803
-4.01649
-3.90323
-3.78828
-3.67164
-3.55335
-3.43342
-3.31188
-3.18875
-3.06405
-2.9378
-2.81005
-2.68081
-2.55011
-2.41798
-2.28446
-2.14957
-2.01334
-1.87582
-1.73703
-1.597
-1.45578
-1.31341
-1.16991
-1.02533
-0.879701
-0.733073
-0.585484
-0.436973
-0.287585
-0.137361
0.0136538
0.165416
0.317881
0.471004
0.624738
0.779037
0.933854
1.08914
1.24486
1.40095
1.55738
1.71408
1.87101
2.02812
2.18536
2.34268
2.50004
2.65738
2.81466
2.97181
3.12881
3.28558
3.4421
3.5983
3.75414
3.90958
4.06458
4.21907
4.37303
4.5264
4.67913
4.83118
4.9825
5.13306
5.2828
5.43167
5.57965
5.72669
5.87275
6.01778
6.16176
6.30463
6.44638
6.58696
6.72634
6.86448
7.00136
7.13695
7.27121
7.40412
7.53565
7.66578
7.79448
7.92173
8.04751
8.17181
8.29459
8.41585
8.53557
8.65374
8.77034
8.88535
8.99877
9.11059
9.22079
9.32936
9.43629
9.54155
9.64516
9.74712
9.84744
9.94611
10.0431
10.1385
10.2322
10.3242
10.4146
10.5033
10.5904
10.6759
10.7597
10.8419
10.9225
11.0016
11.079
11.1549
11.2293
11.3022
11.3736
11.4435
11.5122
11.5795
11.6455
11.7105
11.7745
11.8377
11.9003
11.9627
12.0249
12.0879
12.1493
12.218
12.2551
-6.77923
-6.77972
-6.78063
-6.78175
-6.78284
-6.78384
-6.78474
-6.78555
-6.78626
-6.78689
-6.78744
-6.78793
-6.78836
-6.78875
-6.78911
-6.78945
-6.78978
-6.7901
-6.79043
-6.79078
-6.79114
-6.79154
-6.79196
-6.79242
-6.79292
-6.79346
-6.79406
-6.7947
-6.7954
-6.79617
-6.79699
-6.79788
-6.79884
-6.79987
-6.80097
-6.80216
-6.80342
-6.80477
-6.8062
-6.80773
-6.80935
-6.81107
-6.81289
-6.81481
-6.81684
-6.81899
-6.82125
-6.82363
-6.82613
-6.82876
-6.83152
-6.83442
-6.83745
-6.84063
-6.84395
-6.84743
-6.85105
-6.85483
-6.85878
-6.86288
-6.86715
-6.87159
-6.8762
-6.88099
-6.88595
-6.89109
-6.89642
-6.90192
-6.90761
-6.91349
-6.91955
-6.92581
-6.93225
-6.93889
-6.94571
-6.95273
-6.95994
-6.96734
-6.97493
-6.98271
-6.99069
-6.99885
-7.0072
-7.01574
-7.02446
-7.03336
-7.04245
-7.05171
-7.06115
-7.07077
-7.08055
-7.0905
-7.10061
-7.11089
-7.12131
-7.13189
-7.14262
-7.15348
-7.16448
-7.17562
-7.18687
-7.19825
-7.20974
-7.22133
-7.23303
-7.24481
-7.25668
-7.26863
-7.28064
-7.29271
-7.30483
-7.317
-7.32919
-7.3414
-7.35363
-7.36585
-7.37807
-7.39026
-7.40241
-7.41452
-7.42657
-7.43854
-7.45043
-7.46222
-7.47389
-7.48543
-7.49682
-7.50805
-7.51911
-7.52997
-7.54061
-7.55103
-7.5612
-7.5711
-7.58072
-7.59004
-7.59903
-7.60767
-7.61596
-7.62385
-7.63134
-7.6384
-7.64501
-7.65115
-7.65679
-7.66192
-7.66649
-7.67051
-7.67393
-7.67673
-7.6789
-7.68039
-7.6812
-7.68129
-7.68064
-7.67921
-7.677
-7.67396
-7.67007
-7.66531
-7.65964
-7.65305
-7.6455
-7.63697
-7.62743
-7.61685
-7.60521
-7.59248
-7.57863
-7.56363
-7.54746
-7.53009
-7.51151
-7.49167
-7.47055
-7.44814
-7.42439
-7.39929
-7.37282
-7.34494
-7.31564
-7.28488
-7.25266
-7.21894
-7.1837
-7.14693
-7.10859
-7.06867
-7.02715
-6.98401
-6.93923
-6.89279
-6.84468
-6.79487
-6.74336
-6.69012
-6.63514
-6.57841
-6.51991
-6.45964
-6.39758
-6.33371
-6.26804
-6.20054
-6.13122
-6.06007
-5.98708
-5.91224
-5.83557
-5.75704
-5.67666
-5.59443
-5.51034
-5.4244
-5.33661
-5.24697
-5.15549
-5.06216
-4.967
-4.87
-4.77119
-4.67055
-4.56812
-4.46389
-4.35788
-4.2501
-4.14058
-4.02932
-3.91635
-3.80167
-3.68532
-3.56731
-3.44766
-3.32639
-3.20353
-3.07911
-2.95314
-2.82566
-2.69669
-2.56626
-2.4344
-2.30114
-2.16651
-2.03055
-1.89328
-1.75474
-1.61497
-1.47399
-1.33186
-1.1886
-1.04426
-0.898865
-0.752467
-0.605102
-0.456814
-0.307641
-0.15763
-0.00682238
0.144737
0.297004
0.449934
0.60348
0.757597
0.912237
1.06736
1.22291
1.37884
1.53511
1.69167
1.84846
2.00543
2.16254
2.31974
2.47699
2.63422
2.79139
2.94845
3.10536
3.26206
3.4185
3.57464
3.73043
3.88582
4.04077
4.19523
4.34915
4.5025
4.65521
4.80726
4.95858
5.10913
5.25888
5.40778
5.55578
5.70286
5.84895
5.99403
6.13806
6.281
6.42281
6.56346
6.70291
6.84114
6.97811
7.11379
7.24816
7.38117
7.51282
7.64306
7.77189
7.89927
8.02519
8.14962
8.27255
8.39396
8.51383
8.63215
8.7489
8.86407
8.97765
9.08962
9.19998
9.3087
9.41578
9.52119
9.62495
9.72707
9.82754
9.92636
10.0235
10.119
10.2129
10.3051
10.3956
10.4845
10.5718
10.6574
10.7414
10.8238
10.9046
10.9838
11.0614
11.1375
11.212
11.2851
11.3566
11.4268
11.4956
11.563
11.6292
11.6943
11.7584
11.8216
11.8841
11.9462
12.0079
12.0698
12.1294
12.1962
12.2276
-6.77592
-6.77656
-6.77774
-6.77914
-6.7805
-6.78172
-6.78282
-6.7838
-6.78466
-6.78541
-6.78607
-6.78665
-6.78717
-6.78763
-6.78804
-6.78842
-6.78879
-6.78914
-6.78949
-6.78985
-6.79022
-6.79061
-6.79103
-6.79149
-6.79198
-6.79251
-6.79309
-6.79373
-6.79442
-6.79517
-6.79598
-6.79686
-6.7978
-6.79882
-6.79992
-6.80109
-6.80235
-6.8037
-6.80513
-6.80666
-6.80828
-6.81
-6.81183
-6.81376
-6.8158
-6.81795
-6.82023
-6.82262
-6.82514
-6.82779
-6.83057
-6.83348
-6.83654
-6.83974
-6.84308
-6.84658
-6.85023
-6.85403
-6.858
-6.86213
-6.86642
-6.87088
-6.87551
-6.88032
-6.8853
-6.89046
-6.8958
-6.90132
-6.90703
-6.91292
-6.919
-6.92526
-6.93171
-6.93835
-6.94518
-6.9522
-6.95941
-6.9668
-6.97439
-6.98217
-6.99013
-6.99828
-7.00662
-7.01514
-7.02385
-7.03274
-7.0418
-7.05105
-7.06046
-7.07005
-7.07981
-7.08973
-7.09982
-7.11006
-7.12046
-7.131
-7.14169
-7.15253
-7.1635
-7.1746
-7.18582
-7.19716
-7.20862
-7.22018
-7.23184
-7.24359
-7.25542
-7.26734
-7.27932
-7.29136
-7.30345
-7.31558
-7.32775
-7.33994
-7.35214
-7.36434
-7.37653
-7.3887
-7.40084
-7.41293
-7.42496
-7.43692
-7.4488
-7.46058
-7.47224
-7.48378
-7.49517
-7.5064
-7.51746
-7.52832
-7.53897
-7.5494
-7.55958
-7.5695
-7.57914
-7.58848
-7.59749
-7.60616
-7.61448
-7.62241
-7.62993
-7.63703
-7.64368
-7.64986
-7.65555
-7.66072
-7.66535
-7.66942
-7.6729
-7.67577
-7.678
-7.67956
-7.68044
-7.68061
-7.68003
-7.67869
-7.67655
-7.6736
-7.6698
-7.66513
-7.65956
-7.65307
-7.64562
-7.63719
-7.62776
-7.61729
-7.60576
-7.59315
-7.57942
-7.56455
-7.5485
-7.53126
-7.5128
-7.4931
-7.47212
-7.44985
-7.42624
-7.40129
-7.37496
-7.34724
-7.31809
-7.2875
-7.25543
-7.22187
-7.1868
-7.15019
-7.11203
-7.07228
-7.03094
-6.98798
-6.94338
-6.89712
-6.84919
-6.79958
-6.74825
-6.69521
-6.64043
-6.58389
-6.5256
-6.46553
-6.40367
-6.34001
-6.27455
-6.20726
-6.13816
-6.06722
-5.99445
-5.91983
-5.84337
-5.76506
-5.68491
-5.6029
-5.51904
-5.43332
-5.34576
-5.25635
-5.16509
-5.07199
-4.97705
-4.88029
-4.7817
-4.6813
-4.57909
-4.4751
-4.36932
-4.26179
-4.1525
-4.04148
-3.92874
-3.8143
-3.69818
-3.5804
-3.46099
-3.33995
-3.21733
-3.09314
-2.9674
-2.84015
-2.7114
-2.5812
-2.44956
-2.31653
-2.18212
-2.04637
-1.90932
-1.77099
-1.63143
-1.49067
-1.34874
-1.20568
-1.06154
-0.916344
-0.770138
-0.622964
-0.47486
-0.325871
-0.176039
-0.0254063
0.125983
0.278083
0.43085
0.584238
0.738201
0.892693
1.04767
1.20309
1.35889
1.51503
1.67146
1.82813
1.98499
2.14199
2.29909
2.45624
2.61338
2.77047
2.92745
3.08429
3.24092
3.39731
3.55339
3.70914
3.86449
4.01941
4.17384
4.32774
4.48107
4.63378
4.78581
4.93713
5.0877
5.23746
5.38638
5.53441
5.68151
5.82764
5.97276
6.11684
6.25983
6.4017
6.54242
6.68194
6.82025
6.9573
7.09306
7.22752
7.36063
7.49237
7.62273
7.75166
7.87916
8.0052
8.12975
8.25281
8.37434
8.49434
8.61279
8.72968
8.84498
8.9587
9.07081
9.1813
9.29015
9.39736
9.50291
9.60681
9.70906
9.80966
9.90862
10.0059
10.1016
10.1956
10.2879
10.3786
10.4676
10.555
10.6408
10.725
10.8075
10.8884
10.9678
11.0455
11.1217
11.1964
11.2696
11.3413
11.4116
11.4804
11.548
11.6143
11.6794
11.7435
11.8067
11.869
11.9307
11.9917
12.0526
12.1105
12.1756
12.2019
-6.77255
-6.77333
-6.77476
-6.77645
-6.77806
-6.77951
-6.78081
-6.78197
-6.78299
-6.78389
-6.78467
-6.78536
-6.78597
-6.78651
-6.787
-6.78744
-6.78786
-6.78825
-6.78864
-6.78902
-6.78942
-6.78983
-6.79027
-6.79073
-6.79123
-6.79178
-6.79236
-6.793
-6.7937
-6.79445
-6.79526
-6.79614
-6.7971
-6.79812
-6.79923
-6.80041
-6.80168
-6.80303
-6.80448
-6.80602
-6.80765
-6.80939
-6.81124
-6.81319
-6.81525
-6.81743
-6.81973
-6.82215
-6.8247
-6.82737
-6.83018
-6.83313
-6.83622
-6.83945
-6.84283
-6.84635
-6.85004
-6.85387
-6.85787
-6.86203
-6.86636
-6.87085
-6.87551
-6.88035
-6.88536
-6.89054
-6.89591
-6.90146
-6.90718
-6.91309
-6.91919
-6.92547
-6.93194
-6.93859
-6.94543
-6.95246
-6.95968
-6.96708
-6.97467
-6.98245
-6.99042
-6.99857
-7.0069
-7.01542
-7.02412
-7.033
-7.04205
-7.05128
-7.06069
-7.07026
-7.08
-7.08991
-7.09997
-7.1102
-7.12058
-7.1311
-7.14177
-7.15258
-7.16353
-7.17461
-7.18581
-7.19713
-7.20856
-7.2201
-7.23174
-7.24347
-7.25528
-7.26717
-7.27914
-7.29116
-7.30323
-7.31535
-7.3275
-7.33967
-7.35186
-7.36405
-7.37623
-7.38839
-7.40052
-7.41261
-7.42463
-7.43659
-7.44847
-7.46025
-7.47192
-7.48346
-7.49485
-7.5061
-7.51716
-7.52804
-7.53871
-7.54916
-7.55936
-7.5693
-7.57896
-7.58833
-7.59737
-7.60608
-7.61442
-7.62239
-7.62995
-7.63709
-7.64379
-7.65002
-7.65575
-7.66098
-7.66566
-7.66979
-7.67332
-7.67625
-7.67854
-7.68017
-7.68112
-7.68135
-7.68085
-7.67958
-7.67753
-7.67465
-7.67094
-7.66635
-7.66087
-7.65446
-7.64711
-7.63877
-7.62943
-7.61906
-7.60764
-7.59512
-7.5815
-7.56673
-7.55079
-7.53366
-7.51532
-7.49574
-7.47487
-7.45272
-7.42924
-7.40441
-7.37821
-7.35061
-7.32159
-7.29113
-7.2592
-7.22578
-7.19084
-7.15438
-7.11635
-7.07675
-7.03555
-6.99274
-6.94829
-6.90219
-6.85442
-6.80496
-6.75379
-6.7009
-6.64628
-6.58992
-6.53179
-6.47188
-6.41019
-6.34671
-6.28141
-6.21431
-6.14538
-6.07462
-6.00202
-5.92759
-5.85131
-5.77319
-5.69321
-5.61138
-5.52771
-5.44218
-5.3548
-5.26557
-5.1745
-5.08159
-4.98684
-4.89027
-4.79187
-4.69166
-4.58965
-4.48585
-4.38027
-4.27293
-4.16383
-4.05301
-3.94046
-3.82622
-3.7103
-3.59271
-3.47349
-3.35265
-3.23022
-3.10622
-2.98068
-2.85362
-2.72506
-2.59505
-2.4636
-2.33075
-2.19652
-2.06096
-1.92409
-1.78594
-1.64655
-1.50597
-1.36421
-1.22132
-1.07735
-0.932315
-0.786271
-0.639256
-0.491308
-0.342472
-0.192789
-0.0423033
0.108943
0.260904
0.413535
0.566791
0.720626
0.874995
1.02985
1.18515
1.34084
1.49687
1.6532
1.80977
1.96654
2.12345
2.28047
2.43754
2.59461
2.75163
2.90855
3.06533
3.22191
3.37825
3.5343
3.69001
3.84533
4.00022
4.15464
4.30852
4.46184
4.61454
4.76658
4.9179
5.06848
5.21826
5.36719
5.51525
5.66238
5.80854
5.95371
6.09783
6.24087
6.3828
6.52357
6.66316
6.80153
6.93866
7.0745
7.20904
7.34224
7.47407
7.60452
7.73356
7.86115
7.9873
8.11196
8.23512
8.35677
8.47689
8.59545
8.71246
8.82788
8.94171
9.05393
9.16454
9.27351
9.38084
9.48651
9.59053
9.69289
9.79361
9.89268
9.99011
10.0859
10.18
10.2724
10.3633
10.4524
10.54
10.6259
10.7101
10.7928
10.8738
10.9533
11.0312
11.1075
11.1823
11.2556
11.3274
11.3977
11.4667
11.5343
11.6006
11.6658
11.7298
11.7928
11.8549
11.9162
11.9765
12.0363
12.0926
12.1562
12.1779
-6.76922
-6.77012
-6.7718
-6.77377
-6.77562
-6.7773
-6.7788
-6.78014
-6.78132
-6.78237
-6.78328
-6.78409
-6.7848
-6.78544
-6.78601
-6.78652
-6.787
-6.78745
-6.78789
-6.78832
-6.78876
-6.7892
-6.78967
-6.79016
-6.79069
-6.79125
-6.79186
-6.79251
-6.79323
-6.794
-6.79483
-6.79573
-6.7967
-6.79774
-6.79887
-6.80007
-6.80136
-6.80274
-6.80421
-6.80577
-6.80744
-6.80921
-6.81108
-6.81306
-6.81516
-6.81737
-6.8197
-6.82216
-6.82474
-6.82746
-6.83031
-6.83329
-6.83642
-6.83969
-6.84311
-6.84668
-6.8504
-6.85428
-6.85831
-6.86251
-6.86688
-6.87141
-6.87611
-6.88098
-6.88602
-6.89124
-6.89664
-6.90222
-6.90797
-6.91391
-6.92003
-6.92634
-6.93283
-6.9395
-6.94636
-6.95341
-6.96064
-6.96806
-6.97566
-6.98345
-6.99142
-6.99958
-7.00792
-7.01644
-7.02514
-7.03402
-7.04307
-7.0523
-7.0617
-7.07127
-7.081
-7.0909
-7.10096
-7.11117
-7.12154
-7.13206
-7.14272
-7.15352
-7.16445
-7.17552
-7.18671
-7.19801
-7.20943
-7.22096
-7.23259
-7.24431
-7.25611
-7.268
-7.27995
-7.29196
-7.30403
-7.31614
-7.32829
-7.34046
-7.35264
-7.36483
-7.37701
-7.38917
-7.4013
-7.41339
-7.42543
-7.43739
-7.44928
-7.46107
-7.47275
-7.4843
-7.49572
-7.50698
-7.51807
-7.52897
-7.53966
-7.55013
-7.56036
-7.57033
-7.58003
-7.58942
-7.5985
-7.60724
-7.61563
-7.62364
-7.63124
-7.63843
-7.64517
-7.65145
-7.65723
-7.66251
-7.66725
-7.67143
-7.67502
-7.67801
-7.68036
-7.68206
-7.68307
-7.68337
-7.68293
-7.68174
-7.67975
-7.67695
-7.67331
-7.6688
-7.6634
-7.65707
-7.64979
-7.64154
-7.63229
-7.62201
-7.61066
-7.59824
-7.5847
-7.57003
-7.55419
-7.53715
-7.51891
-7.49942
-7.47866
-7.4566
-7.43322
-7.4085
-7.3824
-7.35491
-7.326
-7.29565
-7.26383
-7.23052
-7.1957
-7.15935
-7.12144
-7.08196
-7.04088
-6.99819
-6.95386
-6.90788
-6.86024
-6.8109
-6.75987
-6.70711
-6.65262
-6.59639
-6.53839
-6.47862
-6.41707
-6.35372
-6.28857
-6.2216
-6.15282
-6.0822
-6.00975
-5.93546
-5.85933
-5.78135
-5.70153
-5.61985
-5.53632
-5.45094
-5.36371
-5.27464
-5.18372
-5.09096
-4.99636
-4.89994
-4.8017
-4.70165
-4.59979
-4.49615
-4.39073
-4.28355
-4.17461
-4.06395
-3.95156
-3.83748
-3.72172
-3.6043
-3.48524
-3.36456
-3.24229
-3.11845
-2.99306
-2.86616
-2.73776
-2.6079
-2.47661
-2.34391
-2.20984
-2.07443
-1.9377
-1.7997
-1.66047
-1.52002
-1.37841
-1.23566
-1.09182
-0.94693
-0.801021
-0.654137
-0.50632
-0.357611
-0.208052
-0.0576879
0.093439
0.245284
0.397803
0.550949
0.704678
0.858946
1.01371
1.16891
1.3245
1.48045
1.63669
1.79318
1.94987
2.10671
2.26366
2.42067
2.57768
2.73465
2.89152
3.04825
3.20479
3.36109
3.51711
3.67279
3.82809
3.98297
4.13737
4.29125
4.44456
4.59726
4.7493
4.90063
5.05122
5.20101
5.34997
5.49805
5.64521
5.79141
5.93661
6.08077
6.22386
6.36584
6.50666
6.64631
6.78475
6.92194
7.05786
7.19247
7.32574
7.45766
7.58819
7.71732
7.845
7.97124
8.09599
8.21925
8.341
8.46122
8.57988
8.69699
8.81251
8.92645
9.03877
9.14948
9.25855
9.36598
9.47176
9.57588
9.67835
9.77917
9.87834
9.97587
10.0717
10.166
10.2585
10.3494
10.4387
10.5263
10.6123
10.6967
10.7795
10.8606
10.9402
11.0182
11.0946
11.1694
11.2428
11.3147
11.3851
11.4541
11.5218
11.5881
11.6532
11.7171
11.78
11.8417
11.9025
11.962
12.0208
12.0755
12.138
12.1555
-6.76601
-6.76703
-6.76895
-6.77118
-6.77327
-6.77516
-6.77686
-6.77838
-6.77972
-6.78092
-6.78197
-6.78289
-6.78372
-6.78445
-6.7851
-6.7857
-6.78625
-6.78677
-6.78727
-6.78775
-6.78824
-6.78873
-6.78924
-6.78977
-6.79033
-6.79093
-6.79157
-6.79226
-6.793
-6.7938
-6.79466
-6.79559
-6.79659
-6.79766
-6.79882
-6.80005
-6.80138
-6.80279
-6.80429
-6.80589
-6.80759
-6.8094
-6.81131
-6.81333
-6.81547
-6.81772
-6.8201
-6.8226
-6.82523
-6.82799
-6.83088
-6.83391
-6.83709
-6.8404
-6.84387
-6.84748
-6.85125
-6.85517
-6.85926
-6.8635
-6.86791
-6.87248
-6.87722
-6.88213
-6.88722
-6.89248
-6.89791
-6.90352
-6.90931
-6.91529
-6.92144
-6.92777
-6.93429
-6.94099
-6.94787
-6.95494
-6.96219
-6.96963
-6.97725
-6.98506
-6.99305
-7.00121
-7.00957
-7.0181
-7.0268
-7.03569
-7.04475
-7.05398
-7.06339
-7.07296
-7.0827
-7.09259
-7.10265
-7.11287
-7.12323
-7.13375
-7.14441
-7.15521
-7.16614
-7.1772
-7.18839
-7.1997
-7.21111
-7.22264
-7.23427
-7.24599
-7.25779
-7.26967
-7.28163
-7.29364
-7.30571
-7.31783
-7.32998
-7.34216
-7.35435
-7.36654
-7.37874
-7.39091
-7.40305
-7.41516
-7.42721
-7.43919
-7.4511
-7.4629
-7.47461
-7.48618
-7.49762
-7.50891
-7.52002
-7.53095
-7.54168
-7.55218
-7.56244
-7.57245
-7.58218
-7.59162
-7.60074
-7.60952
-7.61795
-7.626
-7.63365
-7.64089
-7.64768
-7.65401
-7.65984
-7.66517
-7.66997
-7.6742
-7.67785
-7.6809
-7.68331
-7.68507
-7.68614
-7.6865
-7.68613
-7.685
-7.68308
-7.68035
-7.67677
-7.67233
-7.667
-7.66074
-7.65354
-7.64536
-7.63618
-7.62597
-7.6147
-7.60236
-7.5889
-7.5743
-7.55854
-7.54158
-7.52342
-7.50401
-7.48333
-7.46136
-7.43806
-7.41342
-7.38741
-7.36001
-7.33119
-7.30092
-7.26919
-7.23597
-7.20125
-7.16498
-7.12717
-7.08778
-7.0468
-7.0042
-6.95998
-6.9141
-6.86655
-6.81731
-6.76638
-6.71372
-6.65934
-6.60321
-6.54532
-6.48566
-6.42421
-6.36097
-6.29593
-6.22908
-6.1604
-6.0899
-6.01756
-5.94339
-5.86738
-5.78951
-5.7098
-5.62824
-5.54483
-5.45957
-5.37246
-5.28351
-5.19271
-5.10007
-5.0056
-4.9093
-4.81119
-4.71126
-4.60953
-4.50602
-4.40072
-4.29367
-4.18486
-4.07433
-3.96207
-3.84812
-3.73249
-3.6152
-3.49627
-3.37572
-3.25358
-3.12987
-3.00461
-2.87784
-2.74957
-2.61984
-2.48867
-2.3561
-2.22215
-2.08686
-1.95026
-1.81239
-1.67327
-1.53294
-1.39145
-1.24882
-1.10509
-0.960313
-0.814515
-0.667741
-0.52003
-0.371426
-0.221971
-0.0717064
0.0793226
0.231072
0.383498
0.536554
0.690197
0.844382
0.999061
1.15418
1.3097
1.46558
1.62175
1.77817
1.9348
2.09159
2.24848
2.40544
2.5624
2.71932
2.87616
3.03285
3.18936
3.34564
3.50163
3.6573
3.81259
3.96745
4.12184
4.27572
4.42903
4.58173
4.73378
4.88512
5.03572
5.18553
5.33451
5.48261
5.6298
5.77604
5.92127
6.06547
6.20861
6.35063
6.49151
6.63121
6.76971
6.90696
7.04294
7.17762
7.31096
7.44295
7.57356
7.70276
7.83053
7.95684
8.08168
8.20503
8.32686
8.44716
8.56592
8.68311
8.79872
8.91274
9.02516
9.13595
9.24512
9.35263
9.4585
9.56271
9.66528
9.76619
9.86545
9.96306
10.059
10.1533
10.246
10.337
10.4264
10.5141
10.6002
10.6846
10.7675
10.8487
10.9283
11.0064
11.0829
11.1578
11.2312
11.3032
11.3736
11.4426
11.5103
11.5766
11.6416
11.7054
11.768
11.8293
11.8896
11.9484
12.0062
12.0594
12.1209
12.1346
-6.76305
-6.76417
-6.7663
-6.76876
-6.77108
-6.77317
-6.77506
-6.77675
-6.77825
-6.77958
-6.78076
-6.78181
-6.78274
-6.78357
-6.78432
-6.785
-6.78563
-6.78622
-6.78679
-6.78734
-6.78788
-6.78842
-6.78898
-6.78956
-6.79017
-6.79081
-6.79149
-6.79222
-6.793
-6.79384
-6.79474
-6.79571
-6.79675
-6.79786
-6.79906
-6.80033
-6.8017
-6.80315
-6.8047
-6.80634
-6.80808
-6.80993
-6.81189
-6.81396
-6.81615
-6.81845
-6.82087
-6.82342
-6.8261
-6.82891
-6.83185
-6.83494
-6.83816
-6.84153
-6.84504
-6.84871
-6.85252
-6.8565
-6.86063
-6.86492
-6.86937
-6.87399
-6.87878
-6.88374
-6.88887
-6.89417
-6.89964
-6.90529
-6.91112
-6.91713
-6.92332
-6.92968
-6.93623
-6.94296
-6.94988
-6.95697
-6.96425
-6.97171
-6.97936
-6.98719
-6.99519
-7.00338
-7.01175
-7.0203
-7.02902
-7.03792
-7.04699
-7.05624
-7.06565
-7.07523
-7.08498
-7.09489
-7.10496
-7.11518
-7.12555
-7.13608
-7.14674
-7.15755
-7.16849
-7.17956
-7.19075
-7.20206
-7.21349
-7.22502
-7.23666
-7.24839
-7.2602
-7.2721
-7.28406
-7.29609
-7.30817
-7.3203
-7.33247
-7.34466
-7.35687
-7.36908
-7.38129
-7.39349
-7.40565
-7.41778
-7.42985
-7.44186
-7.45379
-7.46563
-7.47736
-7.48897
-7.50044
-7.51176
-7.52291
-7.53387
-7.54464
-7.55518
-7.56548
-7.57553
-7.5853
-7.59478
-7.60395
-7.61278
-7.62125
-7.62935
-7.63705
-7.64434
-7.65118
-7.65756
-7.66345
-7.66883
-7.67368
-7.67797
-7.68168
-7.68478
-7.68725
-7.68906
-7.69019
-7.69061
-7.6903
-7.68923
-7.68737
-7.68469
-7.68118
-7.6768
-7.67153
-7.66534
-7.65819
-7.65008
-7.64096
-7.63081
-7.61961
-7.60733
-7.59393
-7.5794
-7.5637
-7.54681
-7.52871
-7.50937
-7.48876
-7.46685
-7.44362
-7.41905
-7.39311
-7.36577
-7.33702
-7.30682
-7.27516
-7.24201
-7.20735
-7.17116
-7.13342
-7.09411
-7.0532
-7.01067
-6.96652
-6.92071
-6.87324
-6.82408
-6.77322
-6.72065
-6.66634
-6.61029
-6.55248
-6.4929
-6.43153
-6.36838
-6.30342
-6.23665
-6.16806
-6.09764
-6.02539
-5.95131
-5.87538
-5.79761
-5.71799
-5.63652
-5.5532
-5.46803
-5.38101
-5.29215
-5.20144
-5.1089
-5.01453
-4.91832
-4.8203
-4.72047
-4.61885
-4.51543
-4.41024
-4.30329
-4.19458
-4.08415
-3.972
-3.85815
-3.74262
-3.62544
-3.50661
-3.38617
-3.26413
-3.14052
-3.01537
-2.8887
-2.76054
-2.63091
-2.49985
-2.36738
-2.23353
-2.09834
-1.96184
-1.82407
-1.68505
-1.54482
-1.40342
-1.26088
-1.11725
-0.972564
-0.826857
-0.680172
-0.532549
-0.384031
-0.234659
-0.0844774
0.0664714
0.218143
0.370492
0.523475
0.677048
0.831165
0.985777
1.14083
1.29629
1.45211
1.60822
1.76459
1.92117
2.07791
2.23477
2.39168
2.54861
2.7055
2.8623
3.01897
3.17546
3.33171
3.48769
3.64334
3.79862
3.95348
4.10787
4.26174
4.41506
4.56776
4.71982
4.87118
5.02179
5.17162
5.32062
5.46875
5.61597
5.76223
5.9075
6.05174
6.19492
6.33698
6.47791
6.61766
6.75621
6.89352
7.02955
7.16429
7.2977
7.42976
7.56043
7.6897
7.81753
7.94392
8.06883
8.19225
8.31416
8.43454
8.55337
8.67064
8.78633
8.90043
9.01292
9.12379
9.23302
9.34062
9.44657
9.55086
9.6535
9.75449
9.85383
9.95152
10.0476
10.1419
10.2347
10.3258
10.4152
10.503
10.5891
10.6737
10.7566
10.8379
10.9176
10.9957
11.0722
11.1472
11.2207
11.2926
11.3631
11.4321
11.4997
11.566
11.6309
11.6944
11.7567
11.8177
11.8774
11.9354
11.9923
12.0442
12.1047
12.115
-6.76042
-6.76161
-6.7639
-6.76657
-6.7691
-6.77138
-6.77344
-6.77529
-6.77694
-6.77841
-6.77971
-6.78087
-6.78191
-6.78284
-6.78368
-6.78445
-6.78516
-6.78583
-6.78646
-6.78708
-6.78768
-6.78829
-6.7889
-6.78954
-6.7902
-6.79089
-6.79162
-6.7924
-6.79323
-6.79411
-6.79506
-6.79608
-6.79716
-6.79832
-6.79956
-6.80088
-6.80229
-6.80379
-6.80539
-6.80708
-6.80888
-6.81078
-6.81279
-6.81491
-6.81714
-6.8195
-6.82197
-6.82458
-6.82731
-6.83017
-6.83317
-6.83631
-6.83958
-6.84301
-6.84657
-6.85029
-6.85416
-6.85819
-6.86237
-6.86671
-6.87122
-6.87588
-6.88072
-6.88572
-6.8909
-6.89624
-6.90176
-6.90745
-6.91332
-6.91937
-6.9256
-6.932
-6.93859
-6.94535
-6.9523
-6.95943
-6.96673
-6.97423
-6.9819
-6.98975
-6.99778
-7.006
-7.01439
-7.02295
-7.0317
-7.04062
-7.04971
-7.05897
-7.06841
-7.07801
-7.08777
-7.09769
-7.10778
-7.11802
-7.1284
-7.13894
-7.14962
-7.16044
-7.1714
-7.18248
-7.19369
-7.20502
-7.21647
-7.22802
-7.23967
-7.25141
-7.26325
-7.27516
-7.28715
-7.29919
-7.3113
-7.32345
-7.33564
-7.34786
-7.36009
-7.37233
-7.38457
-7.39679
-7.40899
-7.42115
-7.43325
-7.4453
-7.45726
-7.46913
-7.4809
-7.49255
-7.50406
-7.51542
-7.52661
-7.53761
-7.54842
-7.559
-7.56935
-7.57945
-7.58927
-7.59879
-7.608
-7.61688
-7.62541
-7.63356
-7.64131
-7.64864
-7.65554
-7.66197
-7.66791
-7.67335
-7.67825
-7.68259
-7.68635
-7.68951
-7.69203
-7.6939
-7.69508
-7.69556
-7.6953
-7.69428
-7.69248
-7.68986
-7.6864
-7.68207
-7.67685
-7.67071
-7.66362
-7.65556
-7.6465
-7.6364
-7.62525
-7.61302
-7.59968
-7.58519
-7.56955
-7.55271
-7.53466
-7.51537
-7.49481
-7.47295
-7.44977
-7.42525
-7.39936
-7.37207
-7.34336
-7.31322
-7.28161
-7.24851
-7.2139
-7.17776
-7.14007
-7.10081
-7.05995
-7.01748
-6.97337
-6.92762
-6.8802
-6.8311
-6.78029
-6.72777
-6.67352
-6.61752
-6.55977
-6.50024
-6.43894
-6.37584
-6.31094
-6.24423
-6.17571
-6.10535
-6.03317
-5.95914
-5.88328
-5.80557
-5.72602
-5.64461
-5.56136
-5.47626
-5.38931
-5.30051
-5.20988
-5.1174
-5.0231
-4.92697
-4.82902
-4.72927
-4.62772
-4.52438
-4.41926
-4.31239
-4.20376
-4.09341
-3.98134
-3.86757
-3.75212
-3.63502
-3.51627
-3.39591
-3.27396
-3.15044
-3.02537
-2.89878
-2.7707
-2.64115
-2.51017
-2.37778
-2.24402
-2.10891
-1.97249
-1.8348
-1.69586
-1.55571
-1.41439
-1.27193
-1.12837
-0.983759
-0.838126
-0.691513
-0.543961
-0.395513
-0.24621
-0.0960953
0.0547882
0.206396
0.358683
0.511607
0.665124
0.819185
0.973742
1.12875
1.28416
1.43992
1.596
1.75232
1.90887
2.06557
2.22239
2.37927
2.53617
2.69303
2.84981
3.00646
3.16294
3.31918
3.47515
3.63079
3.78606
3.94092
4.09531
4.24919
4.40251
4.55522
4.70729
4.85866
5.00929
5.15914
5.30816
5.45631
5.60356
5.74985
5.89516
6.03944
6.18265
6.32476
6.46573
6.60553
6.74412
6.88148
7.01757
7.15236
7.28582
7.41793
7.54866
7.67799
7.80589
7.93234
8.05732
8.1808
8.30277
8.42322
8.54211
8.65945
8.7752
8.88937
9.00192
9.11286
9.22217
9.32983
9.43584
9.54021
9.64292
9.74398
9.84338
9.94114
10.0372
10.1317
10.2245
10.3156
10.4051
10.493
10.5792
10.6638
10.7467
10.8281
10.9078
10.986
11.0626
11.1376
11.2111
11.283
11.3535
11.4225
11.49
11.5561
11.6209
11.6843
11.7462
11.8068
11.8659
11.9232
11.9791
12.0298
12.0895
12.0966
-6.75817
-6.75941
-6.76182
-6.76466
-6.76737
-6.76982
-6.77204
-6.77403
-6.77582
-6.77741
-6.77883
-6.7801
-6.78124
-6.78227
-6.78321
-6.78406
-6.78485
-6.78559
-6.7863
-6.78699
-6.78766
-6.78833
-6.78901
-6.7897
-6.79042
-6.79116
-6.79195
-6.79278
-6.79367
-6.7946
-6.7956
-6.79667
-6.7978
-6.79902
-6.80031
-6.80168
-6.80314
-6.8047
-6.80634
-6.80809
-6.80994
-6.81189
-6.81395
-6.81613
-6.81842
-6.82083
-6.82336
-6.82602
-6.82881
-6.83173
-6.83478
-6.83798
-6.84131
-6.84479
-6.84841
-6.85218
-6.85611
-6.86019
-6.86442
-6.86882
-6.87337
-6.87809
-6.88298
-6.88803
-6.89325
-6.89864
-6.9042
-6.90994
-6.91585
-6.92194
-6.92821
-6.93465
-6.94128
-6.94808
-6.95506
-6.96222
-6.96957
-6.97709
-6.98479
-6.99268
-7.00074
-7.00898
-7.0174
-7.02599
-7.03476
-7.04371
-7.05283
-7.06211
-7.07157
-7.08119
-7.09098
-7.10093
-7.11103
-7.12129
-7.1317
-7.14226
-7.15297
-7.16381
-7.17479
-7.1859
-7.19713
-7.20848
-7.21995
-7.23152
-7.2432
-7.25497
-7.26683
-7.27877
-7.29079
-7.30287
-7.315
-7.32718
-7.3394
-7.35165
-7.36392
-7.3762
-7.38847
-7.40073
-7.41296
-7.42516
-7.43731
-7.44939
-7.46139
-7.47331
-7.48512
-7.49681
-7.50836
-7.51977
-7.53101
-7.54206
-7.55291
-7.56355
-7.57394
-7.58409
-7.59396
-7.60353
-7.61279
-7.62172
-7.6303
-7.6385
-7.64631
-7.65369
-7.66064
-7.66712
-7.67312
-7.6786
-7.68355
-7.68795
-7.69176
-7.69497
-7.69754
-7.69946
-7.70069
-7.70121
-7.701
-7.70003
-7.69828
-7.6957
-7.69229
-7.68801
-7.68283
-7.67674
-7.66969
-7.66167
-7.65265
-7.6426
-7.63149
-7.61929
-7.60599
-7.59154
-7.57593
-7.55913
-7.54112
-7.52186
-7.50134
-7.47951
-7.45637
-7.43188
-7.40602
-7.37877
-7.3501
-7.31998
-7.28841
-7.25534
-7.22076
-7.18466
-7.147
-7.10776
-7.06694
-7.0245
-6.98043
-6.93471
-6.88732
-6.83825
-6.78747
-6.73499
-6.68077
-6.62481
-6.56709
-6.5076
-6.44633
-6.38327
-6.31841
-6.25174
-6.18325
-6.11294
-6.04079
-5.96681
-5.89099
-5.81333
-5.73381
-5.65245
-5.56925
-5.48419
-5.39729
-5.30854
-5.21795
-5.12553
-5.03127
-4.9352
-4.8373
-4.7376
-4.6361
-4.53282
-4.42776
-4.32094
-4.21238
-4.10208
-3.99007
-3.87637
-3.76098
-3.64394
-3.52526
-3.40496
-3.28307
-3.15961
-3.03461
-2.90808
-2.78007
-2.65059
-2.51967
-2.38735
-2.25365
-2.11861
-1.98225
-1.84462
-1.70574
-1.56566
-1.4244
-1.282
-1.13851
-0.993954
-0.84838
-0.701826
-0.554333
-0.405941
-0.256694
-0.106634
0.0441968
0.195753
0.34799
0.500867
0.654337
0.808352
0.962864
1.11783
1.2732
1.42893
1.58496
1.74126
1.89777
2.05444
2.21124
2.36809
2.52497
2.68181
2.83858
2.99522
3.15168
3.30791
3.46387
3.61951
3.77478
3.92964
4.08403
4.23791
4.39124
4.54397
4.69604
4.84743
4.99808
5.14795
5.29699
5.44517
5.59244
5.73876
5.8841
6.02841
6.17166
6.3138
6.45481
6.59465
6.73329
6.87069
7.00682
7.14166
7.27518
7.40734
7.53812
7.6675
7.79545
7.92196
8.04699
8.17053
8.29256
8.41306
8.53201
8.6494
8.76521
8.87943
8.99205
9.10304
9.2124
9.32012
9.42619
9.53062
9.63339
9.7345
9.83397
9.93178
10.0279
10.1224
10.2153
10.3065
10.396
10.4839
10.5702
10.6548
10.7378
10.8192
10.899
10.9772
11.0538
11.1288
11.2023
11.2742
11.3447
11.4136
11.481
11.5471
11.6116
11.6747
11.7364
11.7965
11.855
11.9116
11.9666
12.0162
12.0752
12.0794
-6.75632
-6.75759
-6.76008
-6.76306
-6.76591
-6.76851
-6.77087
-6.773
-6.7749
-6.77661
-6.77815
-6.77952
-6.78076
-6.78188
-6.7829
-6.78384
-6.78471
-6.78553
-6.78631
-6.78707
-6.78781
-6.78854
-6.78929
-6.79004
-6.79082
-6.79163
-6.79247
-6.79336
-6.7943
-6.79529
-6.79635
-6.79747
-6.79866
-6.79992
-6.80127
-6.8027
-6.80422
-6.80582
-6.80753
-6.80933
-6.81123
-6.81324
-6.81536
-6.8176
-6.81994
-6.82241
-6.825
-6.82772
-6.83056
-6.83354
-6.83665
-6.8399
-6.84329
-6.84682
-6.8505
-6.85433
-6.85831
-6.86244
-6.86673
-6.87118
-6.87579
-6.88056
-6.88549
-6.89059
-6.89586
-6.9013
-6.90691
-6.9127
-6.91865
-6.92479
-6.93109
-6.93758
-6.94424
-6.95108
-6.95811
-6.96531
-6.97269
-6.98024
-6.98798
-6.9959
-7.00399
-7.01227
-7.02072
-7.02934
-7.03815
-7.04712
-7.05627
-7.06558
-7.07507
-7.08472
-7.09454
-7.10451
-7.11464
-7.12493
-7.13537
-7.14596
-7.15669
-7.16757
-7.17857
-7.18971
-7.20098
-7.21236
-7.22386
-7.23547
-7.24718
-7.25898
-7.27088
-7.28285
-7.2949
-7.30702
-7.31919
-7.33141
-7.34367
-7.35596
-7.36827
-7.38058
-7.3929
-7.4052
-7.41748
-7.42972
-7.44191
-7.45404
-7.46609
-7.47806
-7.48992
-7.50165
-7.51326
-7.52471
-7.536
-7.54711
-7.55801
-7.5687
-7.57914
-7.58934
-7.59926
-7.60889
-7.6182
-7.62719
-7.63581
-7.64407
-7.65192
-7.65936
-7.66636
-7.67289
-7.67894
-7.68447
-7.68947
-7.69391
-7.69777
-7.70103
-7.70365
-7.70561
-7.70688
-7.70745
-7.70728
-7.70635
-7.70463
-7.7021
-7.69872
-7.69448
-7.68934
-7.68328
-7.67626
-7.66827
-7.65928
-7.64926
-7.63818
-7.62601
-7.61273
-7.59831
-7.58273
-7.56595
-7.54796
-7.52872
-7.50822
-7.48641
-7.46329
-7.43882
-7.41297
-7.38574
-7.35708
-7.32698
-7.29542
-7.26237
-7.22781
-7.19171
-7.15407
-7.11485
-7.07404
-7.03161
-6.98755
-6.94185
-6.89447
-6.84541
-6.79466
-6.74218
-6.68798
-6.63204
-6.57433
-6.51486
-6.45361
-6.39057
-6.32573
-6.25907
-6.1906
-6.12031
-6.04819
-5.97423
-5.89843
-5.82079
-5.7413
-5.65997
-5.57678
-5.49175
-5.40488
-5.31616
-5.2256
-5.13321
-5.03899
-4.94295
-4.84509
-4.74542
-4.64396
-4.54071
-4.4357
-4.32892
-4.22039
-4.11014
-3.99817
-3.88451
-3.76917
-3.65218
-3.53354
-3.41329
-3.29145
-3.16804
-3.04309
-2.91661
-2.78865
-2.65922
-2.52835
-2.39608
-2.26243
-2.12744
-1.99114
-1.85355
-1.71473
-1.57469
-1.43348
-1.29114
-1.14769
-1.00319
-0.857662
-0.711156
-0.56371
-0.415364
-0.266162
-0.116146
0.0346412
0.186155
0.338353
0.491191
0.644622
0.798599
0.953076
1.10801
1.26335
1.41904
1.57505
1.73132
1.88781
2.04446
2.20123
2.35807
2.51493
2.67176
2.82851
2.98514
3.14159
3.29782
3.45377
3.60941
3.76468
3.91954
4.07394
4.22783
4.38116
4.5339
4.68599
4.83739
4.98806
5.13795
5.28701
5.43521
5.58251
5.72886
5.87422
6.01856
6.16184
6.30402
6.44507
6.58494
6.72362
6.86106
6.99723
7.13212
7.26567
7.39788
7.52871
7.65813
7.78613
7.91268
8.03776
8.16135
8.28342
8.40397
8.52297
8.64041
8.75627
8.87054
8.9832
9.09424
9.20364
9.31142
9.41754
9.52201
9.62483
9.726
9.8255
9.92336
10.0196
10.1141
10.207
10.2982
10.3878
10.4758
10.5621
10.6467
10.7298
10.8112
10.891
10.9692
11.0458
11.1208
11.1943
11.2662
11.3365
11.4054
11.4728
11.5386
11.603
11.6658
11.7271
11.7868
11.8447
11.9005
11.9548
12.0033
12.0617
12.0633
-6.75489
-6.75618
-6.75873
-6.7618
-6.76477
-6.76749
-6.76996
-6.7722
-6.77422
-6.77604
-6.77767
-6.77914
-6.78047
-6.78168
-6.78278
-6.7838
-6.78475
-6.78564
-6.7865
-6.78732
-6.78813
-6.78893
-6.78974
-6.79056
-6.7914
-6.79227
-6.79317
-6.79412
-6.79512
-6.79617
-6.79728
-6.79846
-6.7997
-6.80103
-6.80243
-6.80391
-6.80549
-6.80715
-6.80891
-6.81077
-6.81273
-6.8148
-6.81698
-6.81927
-6.82167
-6.8242
-6.82685
-6.82962
-6.83252
-6.83556
-6.83872
-6.84203
-6.84548
-6.84907
-6.8528
-6.85669
-6.86072
-6.86491
-6.86925
-6.87375
-6.87841
-6.88323
-6.88822
-6.89337
-6.89869
-6.90417
-6.90983
-6.91566
-6.92166
-6.92784
-6.93419
-6.94072
-6.94743
-6.95431
-6.96137
-6.96861
-6.97603
-6.98363
-6.9914
-6.99935
-7.00749
-7.01579
-7.02428
-7.03294
-7.04178
-7.05079
-7.05997
-7.06932
-7.07884
-7.08852
-7.09837
-7.10838
-7.11855
-7.12887
-7.13935
-7.14997
-7.16074
-7.17164
-7.18269
-7.19386
-7.20516
-7.21658
-7.22812
-7.23977
-7.25152
-7.26336
-7.2753
-7.28731
-7.29941
-7.31156
-7.32378
-7.33604
-7.34835
-7.36068
-7.37304
-7.38541
-7.39777
-7.41012
-7.42245
-7.43474
-7.44698
-7.45916
-7.47127
-7.48328
-7.49519
-7.50699
-7.51864
-7.53015
-7.54149
-7.55265
-7.56361
-7.57435
-7.58485
-7.5951
-7.60508
-7.61476
-7.62412
-7.63316
-7.64184
-7.65014
-7.65805
-7.66553
-7.67258
-7.67916
-7.68525
-7.69083
-7.69588
-7.70036
-7.70427
-7.70756
-7.71022
-7.71222
-7.71353
-7.71413
-7.714
-7.7131
-7.71141
-7.70891
-7.70556
-7.70134
-7.69623
-7.69019
-7.6832
-7.67523
-7.66626
-7.65625
-7.64518
-7.63303
-7.61977
-7.60536
-7.58978
-7.57302
-7.55503
-7.5358
-7.5153
-7.4935
-7.47038
-7.44591
-7.42007
-7.39284
-7.36418
-7.33408
-7.30252
-7.26947
-7.2349
-7.19881
-7.16116
-7.12193
-7.08112
-7.03869
-6.99463
-6.94892
-6.90154
-6.85248
-6.80172
-6.74924
-6.69504
-6.63909
-6.58139
-6.52191
-6.46066
-6.39762
-6.33278
-6.26613
-6.19766
-6.12737
-6.05525
-5.9813
-5.9055
-5.82787
-5.74839
-5.66706
-5.58389
-5.49887
-5.41201
-5.32331
-5.23276
-5.14039
-5.04618
-4.95015
-4.85231
-4.75267
-4.65123
-4.54801
-4.44301
-4.33626
-4.22777
-4.11754
-4.0056
-3.89197
-3.77667
-3.6597
-3.5411
-3.42089
-3.29908
-3.1757
-3.05079
-2.92435
-2.79642
-2.66703
-2.53621
-2.40397
-2.27037
-2.13541
-1.99915
-1.86161
-1.72282
-1.58283
-1.44166
-1.29935
-1.15595
-1.01148
-0.865998
-0.719531
-0.572123
-0.423815
-0.274651
-0.124671
0.0260802
0.177559
0.329724
0.482529
0.635928
0.789874
0.944322
1.09922
1.25454
1.41021
1.56619
1.72244
1.87891
2.03554
2.19229
2.34912
2.50596
2.66278
2.81952
2.97614
3.13259
3.28881
3.44476
3.6004
3.75568
3.91054
4.06494
4.21884
4.37218
4.52493
4.67703
4.82845
4.97913
5.12904
5.27812
5.42634
5.57366
5.72003
5.86542
6.00979
6.1531
6.29531
6.43638
6.57629
6.715
6.85247
6.98868
7.1236
7.25719
7.38944
7.5203
7.64977
7.77781
7.9044
8.02951
8.15314
8.27526
8.39585
8.51489
8.63236
8.74826
8.86257
8.97527
9.08635
9.1958
9.30361
9.40977
9.51428
9.61714
9.71835
9.8179
9.91579
10.012
10.1066
10.1995
10.2908
10.3804
10.4684
10.5547
10.6394
10.7225
10.8039
10.8837
10.9619
11.0385
11.1135
11.1869
11.2588
11.3291
11.3979
11.4651
11.5308
11.5949
11.6575
11.7184
11.7776
11.835
11.8901
11.9435
11.9911
12.0489
12.0481
-6.75389
-6.75519
-6.75776
-6.7609
-6.76395
-6.76676
-6.76934
-6.77167
-6.77379
-6.77569
-6.77741
-6.77897
-6.78038
-6.78167
-6.78285
-6.78394
-6.78497
-6.78593
-6.78686
-6.78775
-6.78862
-6.78949
-6.79036
-6.79124
-6.79214
-6.79307
-6.79404
-6.79504
-6.7961
-6.79721
-6.79838
-6.79961
-6.80092
-6.8023
-6.80376
-6.8053
-6.80693
-6.80865
-6.81047
-6.81239
-6.8144
-6.81653
-6.81876
-6.82111
-6.82358
-6.82616
-6.82886
-6.83169
-6.83465
-6.83774
-6.84097
-6.84433
-6.84783
-6.85148
-6.85527
-6.85921
-6.8633
-6.86754
-6.87193
-6.87648
-6.8812
-6.88607
-6.8911
-6.8963
-6.90167
-6.90721
-6.91291
-6.91879
-6.92484
-6.93106
-6.93745
-6.94403
-6.95077
-6.9577
-6.9648
-6.97208
-6.97954
-6.98718
-6.99499
-7.00299
-7.01116
-7.01951
-7.02803
-7.03673
-7.0456
-7.05465
-7.06387
-7.07326
-7.08281
-7.09254
-7.10242
-7.11247
-7.12268
-7.13304
-7.14355
-7.15422
-7.16503
-7.17597
-7.18706
-7.19827
-7.20962
-7.22108
-7.23266
-7.24435
-7.25615
-7.26804
-7.28002
-7.29209
-7.30423
-7.31643
-7.3287
-7.34101
-7.35337
-7.36576
-7.37816
-7.39058
-7.403
-7.4154
-7.42779
-7.44013
-7.45243
-7.46466
-7.47682
-7.48889
-7.50086
-7.51271
-7.52442
-7.53599
-7.54738
-7.5586
-7.56961
-7.5804
-7.59096
-7.60126
-7.61129
-7.62102
-7.63044
-7.63953
-7.64826
-7.65661
-7.66456
-7.67209
-7.67918
-7.68581
-7.69194
-7.69756
-7.70265
-7.70717
-7.71111
-7.71444
-7.71713
-7.71916
-7.7205
-7.72113
-7.72102
-7.72015
-7.71848
-7.716
-7.71267
-7.70846
-7.70336
-7.69734
-7.69036
-7.6824
-7.67343
-7.66343
-7.65237
-7.64022
-7.62695
-7.61254
-7.59696
-7.58019
-7.5622
-7.54296
-7.52245
-7.50064
-7.47751
-7.45303
-7.42718
-7.39993
-7.37126
-7.34114
-7.30956
-7.27649
-7.24191
-7.20579
-7.16812
-7.12888
-7.08804
-7.0456
-7.00152
-6.95579
-6.90839
-6.85931
-6.80853
-6.75604
-6.70181
-6.64585
-6.58813
-6.52864
-6.46737
-6.40431
-6.33946
-6.27279
-6.20431
-6.13401
-6.06188
-5.98792
-5.91212
-5.83447
-5.75499
-5.67366
-5.59048
-5.50546
-5.41859
-5.32989
-5.23935
-5.14697
-5.05277
-4.95675
-4.85892
-4.75928
-4.65785
-4.55464
-4.44966
-4.34292
-4.23444
-4.12423
-4.01231
-3.8987
-3.78341
-3.66647
-3.54789
-3.4277
-3.30592
-3.18257
-3.05768
-2.93128
-2.80338
-2.67402
-2.54322
-2.41102
-2.27744
-2.14252
-2.00629
-1.86878
-1.73003
-1.59006
-1.44893
-1.30665
-1.16328
-1.01885
-0.873399
-0.726965
-0.579589
-0.431314
-0.282181
-0.132232
0.0184888
0.169939
0.322075
0.474851
0.628222
0.782142
0.936565
1.09144
1.24673
1.40238
1.55835
1.71458
1.87102
2.02764
2.18438
2.34119
2.49802
2.65483
2.81156
2.96818
3.12462
3.28084
3.43679
3.59243
3.7477
3.90257
4.05698
4.21088
4.36424
4.51699
4.66911
4.82053
4.97123
5.12115
5.27025
5.41849
5.56583
5.71222
5.85764
6.00203
6.14536
6.28759
6.42869
6.56863
6.70737
6.84487
6.98111
7.11606
7.24968
7.38196
7.51286
7.64235
7.77042
7.89704
8.0222
8.14586
8.268
8.38862
8.5077
8.6252
8.74113
8.85547
8.9682
9.07931
9.18879
9.29664
9.40283
9.50738
9.61027
9.71151
9.81109
9.90901
10.0053
10.0999
10.1928
10.2841
10.3738
10.4618
10.5481
10.6328
10.7159
10.7973
10.8771
10.9553
11.0319
11.1068
11.1802
11.252
11.3222
11.3909
11.458
11.5235
11.5874
11.6496
11.7102
11.7689
11.8257
11.8802
11.9328
11.9795
12.0368
12.0338
-6.75332
-6.75462
-6.75719
-6.76036
-6.76347
-6.76635
-6.769
-6.77141
-6.7736
-6.77558
-6.77738
-6.77901
-6.78049
-6.78185
-6.78311
-6.78427
-6.78536
-6.78639
-6.78738
-6.78834
-6.78927
-6.7902
-6.79114
-6.79208
-6.79304
-6.79403
-6.79505
-6.79612
-6.79723
-6.7984
-6.79963
-6.80092
-6.80228
-6.80372
-6.80523
-6.80683
-6.80852
-6.8103
-6.81217
-6.81414
-6.81622
-6.8184
-6.82069
-6.8231
-6.82562
-6.82826
-6.83102
-6.8339
-6.83692
-6.84006
-6.84335
-6.84676
-6.85032
-6.85402
-6.85786
-6.86185
-6.86599
-6.87029
-6.87473
-6.87934
-6.8841
-6.88902
-6.89411
-6.89936
-6.90477
-6.91036
-6.91611
-6.92203
-6.92812
-6.93439
-6.94083
-6.94745
-6.95424
-6.96121
-6.96835
-6.97568
-6.98318
-6.99086
-6.99871
-7.00675
-7.01496
-7.02335
-7.03191
-7.04065
-7.04957
-7.05865
-7.06791
-7.07734
-7.08694
-7.09671
-7.10664
-7.11673
-7.12698
-7.13738
-7.14794
-7.15865
-7.1695
-7.18049
-7.19163
-7.20289
-7.21428
-7.22579
-7.23742
-7.24916
-7.26101
-7.27295
-7.28498
-7.2971
-7.30929
-7.32155
-7.33387
-7.34624
-7.35865
-7.37109
-7.38356
-7.39603
-7.4085
-7.42097
-7.43341
-7.44581
-7.45816
-7.47046
-7.48267
-7.4948
-7.50683
-7.51873
-7.5305
-7.54212
-7.55357
-7.56484
-7.57591
-7.58676
-7.59737
-7.60772
-7.6178
-7.62758
-7.63705
-7.64618
-7.65495
-7.66335
-7.67135
-7.67892
-7.68605
-7.69271
-7.69888
-7.70454
-7.70965
-7.71421
-7.71817
-7.72153
-7.72424
-7.7263
-7.72766
-7.72831
-7.72821
-7.72735
-7.7257
-7.72322
-7.7199
-7.7157
-7.7106
-7.70458
-7.69759
-7.68963
-7.68066
-7.67065
-7.65957
-7.64741
-7.63413
-7.61971
-7.60411
-7.58732
-7.56931
-7.55005
-7.52952
-7.50768
-7.48453
-7.46002
-7.43413
-7.40686
-7.37815
-7.34801
-7.31639
-7.28329
-7.24868
-7.21253
-7.17483
-7.13555
-7.09468
-7.0522
-7.00808
-6.96232
-6.91489
-6.86577
-6.81496
-6.76243
-6.70818
-6.65218
-6.59443
-6.53491
-6.47361
-6.41053
-6.34564
-6.27895
-6.21045
-6.14012
-6.06797
-5.99398
-5.91816
-5.8405
-5.76099
-5.67964
-5.59645
-5.51141
-5.42454
-5.33582
-5.24527
-5.15288
-5.05868
-4.96265
-4.86481
-4.76518
-4.66375
-4.56054
-4.45556
-4.34882
-4.24035
-4.13015
-4.01824
-3.90464
-3.78937
-3.67244
-3.55387
-3.4337
-3.31194
-3.18861
-3.06374
-2.93735
-2.80947
-2.68013
-2.54936
-2.41718
-2.28363
-2.14874
-2.01253
-1.87505
-1.73632
-1.59639
-1.45528
-1.31304
-1.16969
-1.02529
-0.879868
-0.733462
-0.586115
-0.437868
-0.288762
-0.138842
0.011852
0.163276
0.315385
0.468136
0.621482
0.775377
0.929777
1.08463
1.2399
1.39553
1.55147
1.70769
1.86412
2.02072
2.17744
2.33424
2.49106
2.64786
2.80458
2.96118
3.11762
3.27384
3.42979
3.58543
3.7407
3.89557
4.04998
4.20389
4.35725
4.51001
4.66214
4.81357
4.96428
5.11421
5.26333
5.41158
5.55894
5.70535
5.85078
5.99519
6.13854
6.28079
6.42192
6.56188
6.70063
6.83816
6.97443
7.1094
7.24305
7.37535
7.50627
7.63579
7.76389
7.89054
8.01571
8.1394
8.26157
8.38222
8.50131
8.61885
8.7348
8.84916
8.96192
9.07305
9.18256
9.29042
9.39665
9.50122
9.60414
9.7054
9.805
9.90295
9.99923
10.0939
10.1868
10.2781
10.3678
10.4558
10.5421
10.6268
10.7099
10.7913
10.8711
10.9493
11.0258
11.1008
11.1741
11.2458
11.3159
11.3845
11.4514
11.5167
11.5803
11.6423
11.7024
11.7607
11.817
11.8707
11.9227
11.9685
12.0253
12.0203
-6.75318
-6.75446
-6.75702
-6.76019
-6.76333
-6.76626
-6.76895
-6.77142
-6.77367
-6.77571
-6.77757
-6.77926
-6.78081
-6.78223
-6.78354
-6.78477
-6.78592
-6.78701
-6.78806
-6.78908
-6.79008
-6.79107
-6.79206
-6.79306
-6.79408
-6.79512
-6.7962
-6.79733
-6.7985
-6.79972
-6.801
-6.80235
-6.80377
-6.80526
-6.80683
-6.80849
-6.81023
-6.81206
-6.81399
-6.81602
-6.81815
-6.82039
-6.82273
-6.82519
-6.82777
-6.83046
-6.83327
-6.83622
-6.83928
-6.84248
-6.84582
-6.84929
-6.8529
-6.85665
-6.86055
-6.86459
-6.86878
-6.87312
-6.87762
-6.88227
-6.88709
-6.89206
-6.89719
-6.90249
-6.90795
-6.91358
-6.91938
-6.92534
-6.93148
-6.9378
-6.94428
-6.95094
-6.95778
-6.96479
-6.97198
-6.97934
-6.98689
-6.99461
-7.00251
-7.01058
-7.01884
-7.02727
-7.03588
-7.04466
-7.05362
-7.06275
-7.07205
-7.08153
-7.09117
-7.10098
-7.11096
-7.12109
-7.13139
-7.14184
-7.15245
-7.1632
-7.1741
-7.18515
-7.19633
-7.20764
-7.21908
-7.23065
-7.24233
-7.25413
-7.26602
-7.27802
-7.29011
-7.30228
-7.31453
-7.32685
-7.33922
-7.35165
-7.36412
-7.37662
-7.38914
-7.40167
-7.41421
-7.42673
-7.43922
-7.45169
-7.4641
-7.47645
-7.48873
-7.50091
-7.51299
-7.52495
-7.53678
-7.54845
-7.55996
-7.57128
-7.5824
-7.5933
-7.60396
-7.61436
-7.62449
-7.63431
-7.64382
-7.653
-7.66181
-7.67025
-7.67828
-7.68589
-7.69305
-7.69974
-7.70594
-7.71162
-7.71676
-7.72134
-7.72532
-7.72869
-7.73142
-7.73349
-7.73486
-7.73551
-7.73542
-7.73457
-7.73291
-7.73043
-7.7271
-7.7229
-7.71779
-7.71175
-7.70475
-7.69677
-7.68778
-7.67775
-7.66665
-7.65446
-7.64116
-7.6267
-7.61108
-7.59425
-7.57621
-7.55691
-7.53634
-7.51447
-7.49127
-7.46672
-7.44079
-7.41347
-7.38472
-7.35453
-7.32287
-7.28972
-7.25506
-7.21887
-7.18112
-7.14179
-7.10087
-7.05834
-7.01418
-6.96837
-6.92089
-6.87173
-6.82087
-6.7683
-6.714
-6.65796
-6.60016
-6.5406
-6.47926
-6.41613
-6.35121
-6.28448
-6.21594
-6.14558
-6.07339
-5.99937
-5.92352
-5.84583
-5.76629
-5.68492
-5.6017
-5.51664
-5.42974
-5.341
-5.25043
-5.15803
-5.06381
-4.96777
-4.86992
-4.77027
-4.66884
-4.56562
-4.46064
-4.3539
-4.24543
-4.13523
-4.02332
-3.90973
-3.79446
-3.67754
-3.55899
-3.43882
-3.31707
-3.19376
-3.0689
-2.94253
-2.81467
-2.68535
-2.5546
-2.42244
-2.28891
-2.15404
-2.01786
-1.8804
-1.74169
-1.60178
-1.4607
-1.31848
-1.17517
-1.03079
-0.885394
-0.739015
-0.591694
-0.443474
-0.294395
-0.1445
0.00616687
0.157564
0.309647
0.462372
0.615693
0.769564
0.92394
1.07877
1.23402
1.38963
1.54555
1.70175
1.85816
2.01474
2.17145
2.32823
2.48504
2.64183
2.79854
2.95514
3.11157
3.26778
3.42372
3.57936
3.73463
3.8895
4.04391
4.19782
4.35119
4.50395
4.65608
4.80753
4.95824
5.10818
5.25731
5.40557
5.55294
5.69936
5.84481
5.98923
6.1326
6.27487
6.41601
6.55598
6.69476
6.83231
6.96859
7.10358
7.23725
7.36957
7.50051
7.63005
7.75817
7.88483
8.01003
8.13373
8.25592
8.37658
8.4957
8.61325
8.72922
8.8436
8.95637
9.06752
9.17704
9.28493
9.39117
9.49576
9.59869
9.69997
9.79959
9.89755
9.99385
10.0885
10.1815
10.2728
10.3624
10.4504
10.5368
10.6215
10.7045
10.7859
10.8657
10.9438
11.0203
11.0952
11.1685
11.2401
11.3101
11.3785
11.4453
11.5103
11.5737
11.6353
11.6951
11.7529
11.8086
11.8618
11.9131
11.9581
12.0144
12.0076
-6.75346
-6.75471
-6.75723
-6.76038
-6.76353
-6.76647
-6.76919
-6.7717
-6.77399
-6.77607
-6.77798
-6.77972
-6.78132
-6.78279
-6.78416
-6.78544
-6.78664
-6.78779
-6.7889
-6.78997
-6.79102
-6.79206
-6.79311
-6.79416
-6.79524
-6.79634
-6.79747
-6.79865
-6.79987
-6.80115
-6.80249
-6.80389
-6.80536
-6.8069
-6.80853
-6.81024
-6.81203
-6.81392
-6.8159
-6.81798
-6.82016
-6.82245
-6.82485
-6.82736
-6.82999
-6.83274
-6.83561
-6.8386
-6.84172
-6.84497
-6.84836
-6.85188
-6.85554
-6.85934
-6.86329
-6.86738
-6.87162
-6.87601
-6.88056
-6.88526
-6.89012
-6.89513
-6.90031
-6.90566
-6.91116
-6.91684
-6.92268
-6.92869
-6.93488
-6.94123
-6.94776
-6.95446
-6.96134
-6.9684
-6.97563
-6.98304
-6.99063
-6.99839
-7.00634
-7.01446
-7.02275
-7.03123
-7.03988
-7.04871
-7.05771
-7.06689
-7.07624
-7.08576
-7.09545
-7.10531
-7.11533
-7.12552
-7.13586
-7.14637
-7.15702
-7.16783
-7.17878
-7.18988
-7.20111
-7.21248
-7.22397
-7.23559
-7.24733
-7.25918
-7.27114
-7.28319
-7.29534
-7.30757
-7.31987
-7.33225
-7.34468
-7.35717
-7.3697
-7.38226
-7.39484
-7.40743
-7.42002
-7.4326
-7.44516
-7.45768
-7.47015
-7.48256
-7.49489
-7.50713
-7.51927
-7.53128
-7.54316
-7.55489
-7.56644
-7.57781
-7.58898
-7.59992
-7.61063
-7.62107
-7.63124
-7.6411
-7.65065
-7.65986
-7.66871
-7.67717
-7.68523
-7.69287
-7.70005
-7.70676
-7.71298
-7.71868
-7.72383
-7.72842
-7.73241
-7.73579
-7.73852
-7.74058
-7.74195
-7.7426
-7.7425
-7.74163
-7.73996
-7.73747
-7.73412
-7.7299
-7.72476
-7.7187
-7.71167
-7.70366
-7.69464
-7.68457
-7.67343
-7.66121
-7.64786
-7.63336
-7.61769
-7.60082
-7.58272
-7.56338
-7.54275
-7.52083
-7.49757
-7.47297
-7.44699
-7.41961
-7.3908
-7.36055
-7.32883
-7.29562
-7.2609
-7.22465
-7.18684
-7.14745
-7.10647
-7.06388
-7.01966
-6.97379
-6.92625
-6.87703
-6.82612
-6.77349
-6.71913
-6.66304
-6.60519
-6.54557
-6.48418
-6.421
-6.35603
-6.28926
-6.22067
-6.15026
-6.07803
-6.00397
-5.92808
-5.85035
-5.77078
-5.68937
-5.60612
-5.52103
-5.4341
-5.34533
-5.25474
-5.16231
-5.06807
-4.97201
-4.87415
-4.77449
-4.67304
-4.56981
-4.46482
-4.35808
-4.2496
-4.1394
-4.02749
-3.91389
-3.79863
-3.68171
-3.56317
-3.44301
-3.32127
-3.19797
-3.07312
-2.94677
-2.81892
-2.68962
-2.55888
-2.42674
-2.29323
-2.15838
-2.02222
-1.88479
-1.74611
-1.60622
-1.46516
-1.32297
-1.17968
-1.03533
-0.889962
-0.743611
-0.596318
-0.448126
-0.299075
-0.149209
0.00143079
0.1528
0.304855
0.457553
0.610847
0.764692
0.919042
1.07385
1.22907
1.38466
1.54056
1.69673
1.85313
2.00969
2.16638
2.32315
2.47994
2.63671
2.79341
2.95
3.10641
3.26262
3.41855
3.57418
3.72945
3.88431
4.03872
4.19263
4.34599
4.49876
4.65089
4.80234
4.95306
5.103
5.25213
5.4004
5.54778
5.69421
5.83966
5.98409
6.12747
6.26975
6.4109
6.55089
6.68968
6.82723
6.96353
7.09853
7.23221
7.36454
7.4955
7.62505
7.75318
7.87986
8.00507
8.12878
8.25098
8.37166
8.49078
8.60834
8.72432
8.83871
8.95149
9.06265
9.17219
9.28008
9.38633
9.49094
9.59388
9.69517
9.7948
9.89276
9.98907
10.0837
10.1767
10.268
10.3577
10.4457
10.532
10.6167
10.6997
10.7811
10.8608
10.9389
11.0154
11.0902
11.1634
11.2349
11.3048
11.373
11.4396
11.5045
11.5676
11.6288
11.6882
11.7456
11.8007
11.8533
11.9039
11.9482
12.004
11.9956
-6.75414
-6.75536
-6.75782
-6.76093
-6.76405
-6.76699
-6.76972
-6.77224
-6.77455
-6.77666
-6.7786
-6.78038
-6.78202
-6.78353
-6.78494
-6.78627
-6.78752
-6.78871
-6.78986
-6.79098
-6.79209
-6.79318
-6.79427
-6.79538
-6.7965
-6.79765
-6.79884
-6.80006
-6.80134
-6.80267
-6.80405
-6.80551
-6.80703
-6.80862
-6.8103
-6.81206
-6.8139
-6.81584
-6.81787
-6.82001
-6.82224
-6.82458
-6.82703
-6.82959
-6.83227
-6.83506
-6.83798
-6.84102
-6.84419
-6.84749
-6.85093
-6.8545
-6.85821
-6.86206
-6.86605
-6.87019
-6.87447
-6.87891
-6.8835
-6.88825
-6.89315
-6.89822
-6.90344
-6.90883
-6.91438
-6.9201
-6.92598
-6.93204
-6.93826
-6.94466
-6.95123
-6.95798
-6.9649
-6.972
-6.97928
-6.98673
-6.99436
-7.00217
-7.01016
-7.01832
-7.02666
-7.03519
-7.04388
-7.05276
-7.06181
-7.07103
-7.08043
-7.09
-7.09974
-7.10964
-7.11972
-7.12995
-7.14035
-7.1509
-7.16161
-7.17247
-7.18348
-7.19463
-7.20592
-7.21734
-7.22889
-7.24057
-7.25236
-7.26427
-7.27628
-7.28839
-7.3006
-7.31289
-7.32525
-7.33769
-7.35018
-7.36272
-7.37531
-7.38793
-7.40057
-7.41322
-7.42587
-7.4385
-7.45112
-7.46369
-7.47622
-7.48868
-7.50106
-7.51336
-7.52554
-7.53761
-7.54953
-7.5613
-7.5729
-7.58432
-7.59552
-7.60651
-7.61725
-7.62772
-7.63792
-7.64782
-7.65739
-7.66663
-7.6755
-7.68398
-7.69206
-7.69971
-7.70691
-7.71363
-7.71985
-7.72556
-7.73071
-7.73529
-7.73928
-7.74265
-7.74537
-7.74742
-7.74877
-7.7494
-7.74929
-7.74839
-7.74669
-7.74417
-7.74079
-7.73653
-7.73136
-7.72525
-7.71818
-7.71012
-7.70105
-7.69093
-7.67975
-7.66746
-7.65406
-7.6395
-7.62377
-7.60684
-7.58868
-7.56927
-7.54858
-7.52659
-7.50327
-7.47859
-7.45254
-7.42509
-7.39622
-7.3659
-7.33411
-7.30083
-7.26603
-7.2297
-7.19182
-7.15237
-7.11132
-7.06866
-7.02436
-6.97842
-6.93082
-6.88153
-6.83055
-6.77785
-6.72343
-6.66727
-6.60936
-6.54968
-6.48823
-6.425
-6.35997
-6.29314
-6.2245
-6.15404
-6.08176
-6.00765
-5.93171
-5.85394
-5.77433
-5.69288
-5.60959
-5.52446
-5.4375
-5.3487
-5.25808
-5.16563
-5.07136
-4.97528
-4.8774
-4.77772
-4.67625
-4.57301
-4.46801
-4.36126
-4.25277
-4.14257
-4.03066
-3.91706
-3.8018
-3.68489
-3.56635
-3.4462
-3.32447
-3.20117
-3.07634
-2.95
-2.82217
-2.69288
-2.56217
-2.43005
-2.29656
-2.16173
-2.02559
-1.88818
-1.74953
-1.60967
-1.46864
-1.32648
-1.18321
-1.03889
-0.893554
-0.747233
-0.599972
-0.45181
-0.302791
-0.152955
-0.00234703
0.148991
0.301016
0.453684
0.606948
0.760764
0.915085
1.06987
1.22506
1.38062
1.5365
1.69265
1.84901
2.00555
2.16222
2.31897
2.47574
2.63249
2.78918
2.94575
3.10215
3.25834
3.41426
3.56988
3.72514
3.87999
4.0344
4.1883
4.34165
4.49442
4.64654
4.79799
4.9487
5.09865
5.24778
5.39605
5.54342
5.68986
5.83531
5.97975
6.12313
6.26541
6.40657
6.54656
6.68536
6.82292
6.95922
7.09423
7.22792
7.36025
7.49122
7.62078
7.74891
7.87559
8.0008
8.12452
8.24673
8.36741
8.48654
8.6041
8.72008
8.83448
8.94726
9.05843
9.16796
9.27586
9.38212
9.48672
9.58967
9.69096
9.79059
9.88856
9.98486
10.0795
10.1725
10.2638
10.3534
10.4414
10.5277
10.6124
10.6954
10.7768
10.8565
10.9345
11.0109
11.0856
11.1587
11.2302
11.2999
11.368
11.4343
11.499
11.5618
11.6227
11.6817
11.7386
11.7932
11.8452
11.8952
11.9387
11.9941
11.9843
-6.7552
-6.75637
-6.75876
-6.7618
-6.76488
-6.76779
-6.77051
-6.77303
-6.77534
-6.77747
-6.77943
-6.78123
-6.78289
-6.78444
-6.78588
-6.78724
-6.78853
-6.78976
-6.79095
-6.79212
-6.79326
-6.7944
-6.79553
-6.79668
-6.79785
-6.79905
-6.80028
-6.80156
-6.80288
-6.80425
-6.80569
-6.80719
-6.80876
-6.8104
-6.81212
-6.81393
-6.81582
-6.81781
-6.81989
-6.82207
-6.82435
-6.82674
-6.82923
-6.83184
-6.83457
-6.83741
-6.84037
-6.84346
-6.84668
-6.85002
-6.8535
-6.85712
-6.86087
-6.86477
-6.8688
-6.87298
-6.87732
-6.8818
-6.88643
-6.89122
-6.89617
-6.90127
-6.90654
-6.91197
-6.91756
-6.92332
-6.92925
-6.93534
-6.94161
-6.94805
-6.95467
-6.96146
-6.96842
-6.97556
-6.98288
-6.99038
-6.99805
-7.0059
-7.01393
-7.02214
-7.03053
-7.0391
-7.04784
-7.05676
-7.06586
-7.07513
-7.08457
-7.09419
-7.10398
-7.11394
-7.12406
-7.13435
-7.1448
-7.1554
-7.16616
-7.17708
-7.18814
-7.19934
-7.21069
-7.22216
-7.23377
-7.24551
-7.25736
-7.26932
-7.28139
-7.29356
-7.30582
-7.31817
-7.33059
-7.34308
-7.35563
-7.36823
-7.38088
-7.39355
-7.40624
-7.41895
-7.43165
-7.44434
-7.457
-7.46963
-7.4822
-7.49471
-7.50714
-7.51948
-7.53171
-7.54381
-7.55578
-7.56759
-7.57922
-7.59067
-7.60191
-7.61292
-7.62368
-7.63419
-7.64441
-7.65432
-7.66391
-7.67316
-7.68204
-7.69053
-7.69862
-7.70627
-7.71346
-7.72018
-7.7264
-7.73209
-7.73723
-7.7418
-7.74577
-7.74911
-7.75181
-7.75383
-7.75515
-7.75574
-7.75559
-7.75465
-7.75291
-7.75034
-7.74691
-7.7426
-7.73738
-7.73122
-7.72409
-7.71597
-7.70683
-7.69665
-7.6854
-7.67305
-7.65957
-7.64495
-7.62914
-7.61213
-7.5939
-7.57441
-7.55365
-7.53157
-7.50817
-7.48342
-7.45728
-7.42975
-7.40079
-7.37039
-7.33852
-7.30515
-7.27028
-7.23387
-7.1959
-7.15637
-7.11524
-7.0725
-7.02812
-6.98211
-6.93442
-6.88506
-6.834
-6.78123
-6.72674
-6.67051
-6.61253
-6.55278
-6.49127
-6.42797
-6.36288
-6.29599
-6.22729
-6.15678
-6.08444
-6.01028
-5.93429
-5.85647
-5.77682
-5.69532
-5.61199
-5.52683
-5.43983
-5.351
-5.26035
-5.16787
-5.07358
-4.97747
-4.87957
-4.77987
-4.67839
-4.57513
-4.47012
-4.36336
-4.25487
-4.14466
-4.03275
-3.91915
-3.80389
-3.68698
-3.56845
-3.44831
-3.32659
-3.20331
-3.0785
-2.95217
-2.82436
-2.69509
-2.5644
-2.4323
-2.29884
-2.16404
-2.02793
-1.89055
-1.75192
-1.6121
-1.4711
-1.32897
-1.18574
-1.04145
-0.896146
-0.74986
-0.602634
-0.454508
-0.305524
-0.155725
-0.00515378
0.146148
0.298139
0.450772
0.604001
0.757782
0.912069
1.06682
1.22198
1.37751
1.53336
1.68947
1.84581
2.00232
2.15896
2.31568
2.47242
2.62915
2.78582
2.94236
3.09874
3.25491
3.41082
3.56642
3.72166
3.8765
4.03089
4.18478
4.33812
4.49088
4.64299
4.79443
4.94513
5.09507
5.24419
5.39246
5.53983
5.68626
5.83171
5.97614
6.11952
6.2618
6.40296
6.54295
6.68174
6.81931
6.95561
7.09061
7.2243
7.35664
7.4876
7.61716
7.74529
7.87197
7.99718
8.1209
8.2431
8.36378
8.4829
8.60047
8.71645
8.83084
8.94362
9.05478
9.16431
9.27221
9.37846
9.48307
9.58601
9.6873
9.78693
9.88489
9.98119
10.0758
10.1688
10.2601
10.3497
10.4377
10.524
10.6086
10.6916
10.7729
10.8526
10.9306
11.0069
11.0815
11.1545
11.2258
11.2954
11.3633
11.4295
11.4939
11.5564
11.617
11.6756
11.732
11.7862
11.8376
11.887
11.9298
11.9847
11.9737
-6.75661
-6.75773
-6.76004
-6.76299
-6.76601
-6.76887
-6.77156
-6.77405
-6.77636
-6.77848
-6.78044
-6.78225
-6.78393
-6.78549
-6.78696
-6.78834
-6.78966
-6.79092
-6.79215
-6.79335
-6.79453
-6.7957
-6.79688
-6.79806
-6.79927
-6.80051
-6.80179
-6.8031
-6.80446
-6.80588
-6.80736
-6.8089
-6.81052
-6.81221
-6.81397
-6.81582
-6.81776
-6.81979
-6.82192
-6.82414
-6.82647
-6.8289
-6.83144
-6.83409
-6.83686
-6.83975
-6.84275
-6.84589
-6.84915
-6.85253
-6.85606
-6.85971
-6.86351
-6.86744
-6.87152
-6.87574
-6.88012
-6.88464
-6.88931
-6.89414
-6.89913
-6.90427
-6.90958
-6.91505
-6.92068
-6.92648
-6.93245
-6.93859
-6.94489
-6.95137
-6.95803
-6.96486
-6.97186
-6.97904
-6.9864
-6.99394
-7.00165
-7.00955
-7.01762
-7.02588
-7.03431
-7.04292
-7.05171
-7.06068
-7.06982
-7.07914
-7.08863
-7.0983
-7.10814
-7.11814
-7.12832
-7.13865
-7.14915
-7.15981
-7.17063
-7.18159
-7.19271
-7.20396
-7.21536
-7.22689
-7.23856
-7.25034
-7.26225
-7.27427
-7.28639
-7.29861
-7.31093
-7.32333
-7.33581
-7.34835
-7.36095
-7.37361
-7.3863
-7.39902
-7.41176
-7.42452
-7.43727
-7.45
-7.46271
-7.47537
-7.48799
-7.50054
-7.513
-7.52538
-7.53764
-7.54977
-7.56177
-7.5736
-7.58526
-7.59673
-7.60798
-7.61901
-7.62979
-7.6403
-7.65053
-7.66045
-7.67004
-7.67929
-7.68816
-7.69665
-7.70472
-7.71236
-7.71954
-7.72623
-7.73243
-7.73809
-7.7432
-7.74774
-7.75167
-7.75498
-7.75763
-7.75961
-7.76088
-7.76143
-7.76122
-7.76023
-7.75843
-7.7558
-7.7523
-7.74792
-7.74263
-7.7364
-7.7292
-7.721
-7.71179
-7.70153
-7.6902
-7.67776
-7.6642
-7.64949
-7.6336
-7.6165
-7.59818
-7.5786
-7.55775
-7.53558
-7.51209
-7.48724
-7.46102
-7.43339
-7.40434
-7.37384
-7.34188
-7.30842
-7.27346
-7.23696
-7.1989
-7.15928
-7.11806
-7.07523
-7.03077
-6.98467
-6.9369
-6.88746
-6.83632
-6.78347
-6.7289
-6.67259
-6.61454
-6.55472
-6.49314
-6.42977
-6.36462
-6.29766
-6.22891
-6.15833
-6.08594
-6.01173
-5.93569
-5.85782
-5.77812
-5.69658
-5.61321
-5.52801
-5.44097
-5.35211
-5.26143
-5.16892
-5.0746
-4.97848
-4.88055
-4.78084
-4.67934
-4.57608
-4.47106
-4.36429
-4.25579
-4.14558
-4.03367
-3.92008
-3.80483
-3.68793
-3.56941
-3.44929
-3.32758
-3.20432
-3.07953
-2.95322
-2.82544
-2.6962
-2.56553
-2.43346
-2.30003
-2.16526
-2.02918
-1.89183
-1.75325
-1.61346
-1.4725
-1.3304
-1.18722
-1.04297
-0.897705
-0.75146
-0.604276
-0.456192
-0.307251
-0.157496
-0.00696719
0.144294
0.296243
0.448833
0.602021
0.75576
0.910006
1.06471
1.21984
1.37533
1.53114
1.68721
1.84351
1.99999
2.15659
2.31328
2.46999
2.62669
2.78332
2.93984
3.09619
3.25234
3.40822
3.5638
3.71902
3.87383
4.0282
4.18207
4.33539
4.48813
4.64023
4.79165
4.94234
5.09226
5.24137
5.38962
5.53698
5.6834
5.82884
5.97326
6.11663
6.25891
6.40005
6.54003
6.67882
6.81637
6.95267
7.08767
7.22135
7.35368
7.48463
7.61418
7.7423
7.86898
7.99418
8.11789
8.24008
8.36075
8.47987
8.59742
8.71339
8.82777
8.94054
9.05169
9.16122
9.26911
9.37535
9.47995
9.58288
9.68416
9.78378
9.88173
9.97802
10.0726
10.1656
10.2569
10.3465
10.4344
10.5207
10.6053
10.6882
10.7695
10.8491
10.927
11.0033
11.0778
11.1507
11.2219
11.2914
11.3591
11.425
11.4891
11.5514
11.6117
11.6698
11.7258
11.7795
11.8303
11.8791
11.9214
11.9758
11.9637
-6.75834
-6.75941
-6.76162
-6.76447
-6.76741
-6.77021
-6.77284
-6.77529
-6.77757
-6.77968
-6.78163
-6.78343
-6.78511
-6.78669
-6.78816
-6.78956
-6.7909
-6.79219
-6.79343
-6.79466
-6.79587
-6.79707
-6.79828
-6.7995
-6.80074
-6.80202
-6.80333
-6.80468
-6.80608
-6.80754
-6.80906
-6.81064
-6.81229
-6.81402
-6.81583
-6.81772
-6.8197
-6.82177
-6.82394
-6.8262
-6.82857
-6.83104
-6.83362
-6.83632
-6.83913
-6.84205
-6.8451
-6.84827
-6.85157
-6.855
-6.85856
-6.86225
-6.86609
-6.87006
-6.87418
-6.87844
-6.88285
-6.88741
-6.89212
-6.89699
-6.90201
-6.90719
-6.91254
-6.91804
-6.92371
-6.92955
-6.93555
-6.94173
-6.94807
-6.95459
-6.96128
-6.96815
-6.97519
-6.98241
-6.98981
-6.99738
-7.00514
-7.01308
-7.02119
-7.02949
-7.03797
-7.04662
-7.05545
-7.06447
-7.07366
-7.08302
-7.09256
-7.10227
-7.11216
-7.12221
-7.13243
-7.14282
-7.15337
-7.16407
-7.17494
-7.18595
-7.19712
-7.20843
-7.21987
-7.23146
-7.24317
-7.25501
-7.26696
-7.27903
-7.2912
-7.30347
-7.31584
-7.32828
-7.34081
-7.3534
-7.36604
-7.37874
-7.39148
-7.40424
-7.41702
-7.42981
-7.4426
-7.45537
-7.46811
-7.4808
-7.49345
-7.50602
-7.51851
-7.5309
-7.54319
-7.55534
-7.56734
-7.57919
-7.59086
-7.60233
-7.61359
-7.62462
-7.63539
-7.6459
-7.65612
-7.66602
-7.6756
-7.68483
-7.69368
-7.70214
-7.71019
-7.71779
-7.72494
-7.7316
-7.73775
-7.74337
-7.74843
-7.75292
-7.7568
-7.76005
-7.76264
-7.76456
-7.76576
-7.76624
-7.76596
-7.7649
-7.76302
-7.76031
-7.75674
-7.75228
-7.7469
-7.74058
-7.73329
-7.72501
-7.7157
-7.70535
-7.69392
-7.68139
-7.66773
-7.65292
-7.63693
-7.61974
-7.60131
-7.58164
-7.56068
-7.53841
-7.51481
-7.48986
-7.46354
-7.43581
-7.40666
-7.37606
-7.344
-7.31044
-7.27538
-7.23878
-7.20063
-7.16091
-7.1196
-7.07667
-7.03213
-6.98593
-6.93808
-6.88855
-6.83733
-6.7844
-6.72974
-6.67336
-6.61523
-6.55534
-6.49369
-6.43025
-6.36503
-6.29801
-6.22919
-6.15856
-6.08612
-6.01185
-5.93576
-5.85784
-5.7781
-5.69652
-5.61311
-5.52787
-5.44081
-5.35192
-5.2612
-5.16867
-5.07433
-4.97819
-4.88025
-4.78052
-4.67902
-4.57575
-4.47072
-4.36396
-4.25546
-4.14526
-4.03336
-3.91978
-3.80454
-3.68766
-3.56915
-3.44905
-3.32737
-3.20413
-3.07936
-2.95309
-2.82533
-2.69613
-2.56549
-2.43346
-2.30007
-2.16534
-2.0293
-1.892
-1.75345
-1.61371
-1.47279
-1.33075
-1.18761
-1.04341
-0.898197
-0.752003
-0.604868
-0.456836
-0.307948
-0.158244
-0.00776519
0.143446
0.295343
0.447882
0.601019
0.754708
0.908904
1.06356
1.21864
1.37408
1.52984
1.68587
1.84212
1.99856
2.15512
2.31176
2.46843
2.62509
2.78168
2.93816
3.09448
3.25059
3.40644
3.56198
3.71717
3.87195
4.02629
4.18013
4.33343
4.48614
4.63821
4.78961
4.94027
5.09017
5.23926
5.3875
5.53483
5.68123
5.82665
5.97106
6.11441
6.25667
6.3978
6.53776
6.67653
6.81407
6.95035
7.08534
7.219
7.35132
7.48226
7.61179
7.7399
7.86656
7.99175
8.11544
8.23762
8.35827
8.47737
8.59491
8.71087
8.82523
8.93799
9.04912
9.15864
9.26651
9.37274
9.47732
9.58025
9.68151
9.78111
9.87905
9.97532
10.0699
10.1628
10.2541
10.3437
10.4316
10.5178
10.6024
10.6853
10.7665
10.8461
10.9239
11.0001
11.0746
11.1473
11.2184
11.2877
11.3552
11.4209
11.4848
11.5467
11.6067
11.6645
11.72
11.7731
11.8234
11.8717
11.9133
11.9672
11.9543
-6.76037
-6.76138
-6.76348
-6.76622
-6.76905
-6.77177
-6.77434
-6.77674
-6.77897
-6.78105
-6.78297
-6.78476
-6.78643
-6.788
-6.78948
-6.79088
-6.79223
-6.79353
-6.79479
-6.79603
-6.79726
-6.79849
-6.79972
-6.80097
-6.80224
-6.80355
-6.80489
-6.80627
-6.80771
-6.8092
-6.81075
-6.81237
-6.81406
-6.81583
-6.81767
-6.8196
-6.82162
-6.82373
-6.82593
-6.82823
-6.83064
-6.83315
-6.83576
-6.83849
-6.84134
-6.8443
-6.84739
-6.8506
-6.85393
-6.8574
-6.86099
-6.86472
-6.86859
-6.8726
-6.87675
-6.88105
-6.88549
-6.89008
-6.89483
-6.89973
-6.90479
-6.91
-6.91538
-6.92092
-6.92662
-6.93249
-6.93853
-6.94474
-6.95112
-6.95767
-6.96439
-6.97129
-6.97837
-6.98563
-6.99306
-7.00068
-7.00848
-7.01645
-7.02461
-7.03294
-7.04146
-7.05015
-7.05903
-7.06808
-7.07731
-7.08672
-7.0963
-7.10606
-7.11599
-7.12608
-7.13635
-7.14678
-7.15737
-7.16813
-7.17903
-7.19009
-7.2013
-7.21266
-7.22415
-7.23577
-7.24753
-7.25941
-7.27141
-7.28352
-7.29573
-7.30804
-7.32044
-7.33293
-7.34549
-7.35811
-7.37079
-7.38352
-7.39628
-7.40908
-7.42189
-7.4347
-7.44751
-7.46029
-7.47305
-7.48576
-7.49842
-7.511
-7.5235
-7.5359
-7.54818
-7.56033
-7.57234
-7.58418
-7.59584
-7.60729
-7.61854
-7.62954
-7.6403
-7.65078
-7.66097
-7.67084
-7.68038
-7.68957
-7.69838
-7.7068
-7.71479
-7.72235
-7.72944
-7.73604
-7.74213
-7.74769
-7.75269
-7.7571
-7.76091
-7.76408
-7.7666
-7.76843
-7.76956
-7.76995
-7.76958
-7.76843
-7.76646
-7.76366
-7.75999
-7.75543
-7.74995
-7.74353
-7.73614
-7.72775
-7.71834
-7.70788
-7.69634
-7.68371
-7.66994
-7.65502
-7.63892
-7.62161
-7.60308
-7.58329
-7.56222
-7.53984
-7.51614
-7.49108
-7.46464
-7.43681
-7.40755
-7.37684
-7.34467
-7.31101
-7.27584
-7.23914
-7.20089
-7.16107
-7.11966
-7.07665
-7.032
-6.98572
-6.93778
-6.88816
-6.83685
-6.78384
-6.72911
-6.67265
-6.61444
-6.55448
-6.49276
-6.42926
-6.36397
-6.29689
-6.22801
-6.15733
-6.08483
-6.01051
-5.93438
-5.85642
-5.77663
-5.69501
-5.61157
-5.5263
-5.43921
-5.35029
-5.25956
-5.16701
-5.07266
-4.9765
-4.87855
-4.77882
-4.67731
-4.57405
-4.46902
-4.36227
-4.25378
-4.14359
-4.03171
-3.91815
-3.80293
-3.68607
-3.56759
-3.44752
-3.32587
-3.20267
-3.07793
-2.9517
-2.82398
-2.69482
-2.56423
-2.43225
-2.2989
-2.16422
-2.02824
-1.89098
-1.7525
-1.61281
-1.47195
-1.32996
-1.18688
-1.04274
-0.897585
-0.751451
-0.604378
-0.456409
-0.307583
-0.15794
-0.00752071
0.143628
0.295463
0.447941
0.601016
0.754644
0.908781
1.06338
1.2184
1.37378
1.52948
1.68545
1.84165
1.99803
2.15454
2.31113
2.46775
2.62436
2.7809
2.93733
3.0936
3.24967
3.40547
3.56097
3.71612
3.87086
4.02516
4.17897
4.33223
4.4849
4.63694
4.7883
4.93894
5.08881
5.23786
5.38607
5.53338
5.67975
5.82514
5.96952
6.11285
6.25508
6.39619
6.53613
6.67488
6.81239
6.94865
7.08361
7.21726
7.34955
7.48047
7.60998
7.73807
7.8647
7.98987
8.11354
8.2357
8.35633
8.47541
8.59292
8.70886
8.8232
8.93593
9.04705
9.15654
9.2644
9.37061
9.47517
9.57807
9.67932
9.7789
9.87682
9.97306
10.0676
10.1605
10.2518
10.3413
10.4292
10.5154
10.5999
10.6828
10.7639
10.8434
10.9212
10.9973
11.0716
11.1443
11.2152
11.2843
11.3517
11.4172
11.4808
11.5424
11.602
11.6594
11.7145
11.7672
11.817
11.8647
11.9057
11.9591
11.9455
-6.76265
-6.7636
-6.76559
-6.7682
-6.77092
-6.77355
-6.77603
-6.77836
-6.78054
-6.78257
-6.78446
-6.78622
-6.78786
-6.78942
-6.79088
-6.79228
-6.79363
-6.79493
-6.7962
-6.79745
-6.7987
-6.79994
-6.80119
-6.80246
-6.80376
-6.80508
-6.80645
-6.80786
-6.80933
-6.81085
-6.81243
-6.81408
-6.8158
-6.8176
-6.81948
-6.82144
-6.82349
-6.82563
-6.82787
-6.83021
-6.83264
-6.83519
-6.83784
-6.84061
-6.84348
-6.84648
-6.8496
-6.85284
-6.85621
-6.8597
-6.86333
-6.86709
-6.87099
-6.87503
-6.87922
-6.88354
-6.88802
-6.89264
-6.89741
-6.90234
-6.90743
-6.91267
-6.91808
-6.92365
-6.92938
-6.93528
-6.94135
-6.94758
-6.95399
-6.96058
-6.96733
-6.97427
-6.98138
-6.98867
-6.99614
-7.00379
-7.01162
-7.01963
-7.02782
-7.03619
-7.04474
-7.05347
-7.06238
-7.07147
-7.08074
-7.09018
-7.0998
-7.1096
-7.11956
-7.1297
-7.14
-7.15047
-7.1611
-7.17189
-7.18283
-7.19393
-7.20517
-7.21656
-7.22809
-7.23975
-7.25154
-7.26345
-7.27548
-7.28761
-7.29986
-7.31219
-7.32462
-7.33713
-7.34971
-7.36235
-7.37505
-7.3878
-7.40057
-7.41338
-7.42619
-7.43901
-7.45183
-7.46462
-7.47737
-7.49008
-7.50273
-7.5153
-7.52779
-7.54017
-7.55243
-7.56456
-7.57654
-7.58835
-7.59998
-7.6114
-7.6226
-7.63357
-7.64428
-7.65471
-7.66485
-7.67467
-7.68415
-7.69328
-7.70203
-7.71038
-7.7183
-7.72578
-7.7328
-7.73932
-7.74533
-7.7508
-7.75571
-7.76004
-7.76375
-7.76683
-7.76925
-7.77099
-7.77201
-7.7723
-7.77183
-7.77057
-7.76849
-7.76558
-7.7618
-7.75713
-7.75154
-7.745
-7.73749
-7.72899
-7.71946
-7.70888
-7.69723
-7.68447
-7.67059
-7.65555
-7.63932
-7.6219
-7.60325
-7.58334
-7.56215
-7.53966
-7.51584
-7.49066
-7.46411
-7.43616
-7.40679
-7.37598
-7.3437
-7.30993
-7.27465
-7.23785
-7.1995
-7.15958
-7.11807
-7.07496
-7.03023
-6.98385
-6.93582
-6.88611
-6.83472
-6.78163
-6.72682
-6.67029
-6.61201
-6.55198
-6.49019
-6.42662
-6.36128
-6.29414
-6.22521
-6.15448
-6.08193
-6.00757
-5.9314
-5.8534
-5.77358
-5.69193
-5.60846
-5.52317
-5.43606
-5.34712
-5.25638
-5.16382
-5.06946
-4.9733
-4.87535
-4.77563
-4.67413
-4.57087
-4.46586
-4.35912
-4.25066
-4.14049
-4.02863
-3.9151
-3.79991
-3.68309
-3.56465
-3.44462
-3.32301
-3.19985
-3.07517
-2.94898
-2.82132
-2.69221
-2.56168
-2.42976
-2.29647
-2.16185
-2.02593
-1.88874
-1.75032
-1.6107
-1.46991
-1.32799
-1.18498
-1.04092
-0.895832
-0.749771
-0.602774
-0.45488
-0.306127
-0.156555
-0.00621101
0.144863
0.296623
0.449026
0.602028
0.755583
0.909648
1.06418
1.21913
1.37443
1.53006
1.68596
1.84209
1.9984
2.15485
2.31137
2.46793
2.62448
2.78096
2.93733
3.09355
3.24955
3.4053
3.56075
3.71584
3.87054
4.02479
4.17854
4.33175
4.48438
4.63638
4.78769
4.93829
5.08812
5.23713
5.3853
5.53257
5.6789
5.82426
5.96861
6.1119
6.2541
6.39517
6.53508
6.6738
6.81129
6.94751
7.08245
7.21606
7.34832
7.47921
7.6087
7.73675
7.86336
7.9885
8.11214
8.23427
8.35487
8.47392
8.59141
8.70732
8.82163
8.93434
9.04544
9.1549
9.26273
9.36892
9.47346
9.57634
9.67756
9.77712
9.87501
9.97123
10.0658
10.1586
10.2498
10.3394
10.4272
10.5134
10.5978
10.6806
10.7617
10.8411
10.9188
10.9948
11.0691
11.1416
11.2124
11.2813
11.3485
11.4138
11.4771
11.5384
11.5977
11.6547
11.7094
11.7616
11.8109
11.8581
11.8986
11.9514
11.9373
-6.76516
-6.76605
-6.76792
-6.7704
-6.77299
-6.77551
-6.7779
-6.78015
-6.78226
-6.78423
-6.78606
-6.78778
-6.7894
-6.79092
-6.79237
-6.79375
-6.79509
-6.79638
-6.79765
-6.7989
-6.80015
-6.8014
-6.80267
-6.80395
-6.80526
-6.80661
-6.80799
-6.80943
-6.81092
-6.81246
-6.81407
-6.81575
-6.8175
-6.81932
-6.82123
-6.82322
-6.8253
-6.82747
-6.82974
-6.83211
-6.83458
-6.83715
-6.83984
-6.84263
-6.84554
-6.84857
-6.85171
-6.85498
-6.85838
-6.8619
-6.86556
-6.86935
-6.87327
-6.87734
-6.88154
-6.88589
-6.89039
-6.89504
-6.89984
-6.90479
-6.9099
-6.91517
-6.9206
-6.9262
-6.93195
-6.93788
-6.94397
-6.95024
-6.95667
-6.96328
-6.97007
-6.97703
-6.98417
-6.99148
-6.99898
-7.00666
-7.01451
-7.02255
-7.03077
-7.03917
-7.04775
-7.05651
-7.06545
-7.07457
-7.08387
-7.09334
-7.10299
-7.11281
-7.1228
-7.13297
-7.1433
-7.15379
-7.16445
-7.17526
-7.18623
-7.19735
-7.20862
-7.22003
-7.23158
-7.24326
-7.25506
-7.26699
-7.27903
-7.29118
-7.30344
-7.31578
-7.32822
-7.34073
-7.35331
-7.36596
-7.37865
-7.39139
-7.40416
-7.41695
-7.42976
-7.44256
-7.45535
-7.46812
-7.48085
-7.49353
-7.50615
-7.51869
-7.53114
-7.54348
-7.5557
-7.56778
-7.5797
-7.59146
-7.60303
-7.61439
-7.62553
-7.63643
-7.64707
-7.65743
-7.66749
-7.67723
-7.68664
-7.69568
-7.70434
-7.7126
-7.72043
-7.72782
-7.73473
-7.74116
-7.74706
-7.75243
-7.75723
-7.76145
-7.76505
-7.76802
-7.77033
-7.77195
-7.77285
-7.77302
-7.77243
-7.77105
-7.76885
-7.76581
-7.76191
-7.75711
-7.75139
-7.74473
-7.7371
-7.72846
-7.71881
-7.7081
-7.69632
-7.68344
-7.66942
-7.65426
-7.63791
-7.62036
-7.60159
-7.58156
-7.56024
-7.53763
-7.51369
-7.48839
-7.46173
-7.43366
-7.40418
-7.37325
-7.34086
-7.30699
-7.27161
-7.2347
-7.19625
-7.15623
-7.11463
-7.07142
-7.0266
-6.98014
-6.93202
-6.88223
-6.83076
-6.7776
-6.72271
-6.66611
-6.60777
-6.54767
-6.48582
-6.4222
-6.35681
-6.28962
-6.22064
-6.14987
-6.07728
-6.00289
-5.92668
-5.84865
-5.76881
-5.68714
-5.60366
-5.51835
-5.43123
-5.34229
-5.25154
-5.15898
-5.06463
-4.96848
-4.87054
-4.77083
-4.66935
-4.56611
-4.46113
-4.35442
-4.24599
-4.13586
-4.02404
-3.91055
-3.79541
-3.67864
-3.56025
-3.44027
-3.31872
-3.19562
-3.071
-2.94488
-2.81728
-2.68824
-2.55778
-2.42593
-2.29271
-2.15817
-2.02233
-1.88522
-1.74688
-1.60734
-1.46663
-1.3248
-1.18188
-1.0379
-0.892901
-0.74693
-0.600022
-0.452214
-0.303547
-0.154065
-0.00380967
0.147175
0.298847
0.451161
0.604075
0.757543
0.911525
1.06597
1.22083
1.37605
1.53159
1.68741
1.84346
1.99969
2.15606
2.3125
2.46899
2.62546
2.78187
2.93817
3.09431
3.25025
3.40593
3.56131
3.71634
3.87097
4.02516
4.17886
4.33201
4.48458
4.63652
4.78778
4.93832
5.0881
5.23707
5.38518
5.53241
5.6787
5.82401
5.96831
6.11156
6.25372
6.39475
6.53462
6.6733
6.81074
6.94693
7.08183
7.2154
7.34763
7.47848
7.60793
7.73595
7.86253
7.98763
8.11123
8.23333
8.3539
8.47291
8.59037
8.70624
8.82052
8.9332
9.04426
9.1537
9.2615
9.36766
9.47217
9.57502
9.67621
9.77574
9.8736
9.96979
10.0643
10.1571
10.2483
10.3378
10.4256
10.5117
10.5961
10.6789
10.7599
10.8392
10.9168
10.9927
11.0669
11.1393
11.2099
11.2787
11.3456
11.4107
11.4738
11.5348
11.5937
11.6503
11.7046
11.7563
11.8051
11.8519
11.8918
11.9441
11.9296
-6.76786
-6.76869
-6.77044
-6.77278
-6.77524
-6.77764
-6.77992
-6.78208
-6.7841
-6.786
-6.78778
-6.78944
-6.79101
-6.7925
-6.79391
-6.79527
-6.79659
-6.79787
-6.79912
-6.80037
-6.80161
-6.80287
-6.80413
-6.80542
-6.80674
-6.8081
-6.8095
-6.81095
-6.81246
-6.81402
-6.81566
-6.81735
-6.81913
-6.82098
-6.82291
-6.82493
-6.82704
-6.82924
-6.83153
-6.83392
-6.83642
-6.83902
-6.84173
-6.84455
-6.84748
-6.85053
-6.85371
-6.857
-6.86042
-6.86396
-6.86764
-6.87145
-6.8754
-6.87948
-6.88371
-6.88808
-6.8926
-6.89726
-6.90208
-6.90706
-6.91219
-6.91747
-6.92292
-6.92854
-6.93431
-6.94026
-6.94637
-6.95265
-6.95911
-6.96574
-6.97254
-6.97952
-6.98668
-6.99402
-7.00153
-7.00923
-7.01711
-7.02516
-7.0334
-7.04182
-7.05042
-7.0592
-7.06816
-7.0773
-7.08661
-7.0961
-7.10576
-7.1156
-7.12561
-7.13579
-7.14613
-7.15664
-7.16731
-7.17813
-7.18911
-7.20024
-7.21151
-7.22292
-7.23447
-7.24615
-7.25795
-7.26987
-7.28191
-7.29405
-7.30629
-7.31863
-7.33104
-7.34353
-7.35609
-7.36871
-7.38138
-7.39409
-7.40682
-7.41958
-7.43234
-7.4451
-7.45785
-7.47057
-7.48324
-7.49587
-7.50842
-7.5209
-7.53328
-7.54555
-7.5577
-7.5697
-7.58155
-7.59323
-7.60471
-7.61598
-7.62703
-7.63784
-7.64838
-7.65864
-7.6686
-7.67824
-7.68754
-7.69647
-7.70502
-7.71316
-7.72088
-7.72815
-7.73495
-7.74125
-7.74703
-7.75228
-7.75695
-7.76104
-7.76452
-7.76736
-7.76953
-7.77102
-7.77179
-7.77183
-7.7711
-7.76958
-7.76725
-7.76408
-7.76004
-7.7551
-7.74925
-7.74245
-7.73468
-7.72591
-7.71612
-7.70528
-7.69337
-7.68035
-7.66621
-7.65091
-7.63443
-7.61676
-7.59785
-7.5777
-7.55626
-7.53353
-7.50946
-7.48405
-7.45727
-7.42909
-7.3995
-7.36846
-7.33596
-7.30198
-7.2665
-7.2295
-7.19095
-7.15084
-7.10915
-7.06585
-7.02094
-6.9744
-6.9262
-6.87634
-6.8248
-6.77157
-6.71662
-6.65995
-6.60155
-6.54141
-6.47951
-6.41584
-6.3504
-6.28318
-6.21416
-6.14335
-6.07074
-5.99632
-5.9201
-5.84205
-5.7622
-5.68052
-5.59703
-5.51173
-5.42461
-5.33567
-5.24494
-5.1524
-5.05806
-4.96193
-4.86402
-4.76434
-4.66289
-4.55969
-4.45475
-4.34808
-4.2397
-4.12962
-4.01786
-3.90443
-3.78934
-3.67263
-3.55431
-3.4344
-3.31293
-3.1899
-3.06536
-2.93931
-2.8118
-2.68284
-2.55247
-2.42071
-2.28758
-2.15313
-2.01739
-1.88038
-1.74213
-1.60269
-1.46209
-1.32035
-1.17753
-1.03365
-0.888765
-0.742898
-0.596093
-0.448387
-0.299825
-0.150448
-0.00029865
0.150581
0.302148
0.454357
0.607167
0.760534
0.914418
1.06876
1.22351
1.37863
1.53408
1.6898
1.84575
2.00189
2.15816
2.31451
2.4709
2.62728
2.78361
2.93982
3.09588
3.25173
3.40734
3.56264
3.71759
3.87215
4.02626
4.17988
4.33297
4.48547
4.63734
4.78854
4.93901
5.08873
5.23763
5.38569
5.53286
5.67909
5.82435
5.96859
6.11179
6.25389
6.39487
6.5347
6.67332
6.81072
6.94686
7.08171
7.21524
7.34743
7.47823
7.60764
7.73562
7.86215
7.98721
8.11078
8.23283
8.35336
8.47234
8.58975
8.70559
8.81984
8.93248
9.0435
9.1529
9.26067
9.3668
9.47127
9.57409
9.67526
9.77475
9.87258
9.96874
10.0632
10.156
10.2471
10.3366
10.4243
10.5104
10.5948
10.6775
10.7584
10.8377
10.9152
10.991
11.065
11.1373
11.2078
11.2764
11.3431
11.4079
11.4708
11.5315
11.5901
11.6463
11.7002
11.7515
11.7998
11.846
11.8855
11.9372
11.9224
-6.77073
-6.7715
-6.77312
-6.77531
-6.77764
-6.7799
-6.78207
-6.78413
-6.78606
-6.78787
-6.78958
-6.79118
-6.79269
-6.79413
-6.7955
-6.79682
-6.7981
-6.79936
-6.8006
-6.80183
-6.80306
-6.80431
-6.80557
-6.80686
-6.80818
-6.80955
-6.81096
-6.81242
-6.81394
-6.81552
-6.81717
-6.81889
-6.82068
-6.82255
-6.82451
-6.82655
-6.82867
-6.8309
-6.83321
-6.83563
-6.83815
-6.84077
-6.8435
-6.84634
-6.84929
-6.85236
-6.85555
-6.85886
-6.8623
-6.86586
-6.86955
-6.87338
-6.87734
-6.88144
-6.88568
-6.89007
-6.8946
-6.89928
-6.90411
-6.9091
-6.91424
-6.91954
-6.925
-6.93062
-6.93641
-6.94237
-6.94849
-6.95478
-6.96125
-6.96789
-6.9747
-6.98169
-6.98886
-6.99621
-7.00373
-7.01144
-7.01932
-7.02738
-7.03563
-7.04405
-7.05266
-7.06144
-7.0704
-7.07954
-7.08886
-7.09835
-7.10801
-7.11785
-7.12785
-7.13803
-7.14836
-7.15886
-7.16952
-7.18033
-7.19129
-7.2024
-7.21366
-7.22505
-7.23657
-7.24823
-7.26
-7.27189
-7.28389
-7.296
-7.3082
-7.32049
-7.33286
-7.3453
-7.35781
-7.37037
-7.38298
-7.39562
-7.40829
-7.42098
-7.43367
-7.44635
-7.45902
-7.47165
-7.48424
-7.49678
-7.50924
-7.52163
-7.53391
-7.54608
-7.55812
-7.57002
-7.58176
-7.59332
-7.60469
-7.61585
-7.62678
-7.63747
-7.64789
-7.65802
-7.66786
-7.67736
-7.68653
-7.69533
-7.70375
-7.71175
-7.71933
-7.72646
-7.73312
-7.73928
-7.74493
-7.75003
-7.75456
-7.75851
-7.76184
-7.76453
-7.76656
-7.7679
-7.76853
-7.76842
-7.76755
-7.76588
-7.76341
-7.76009
-7.75591
-7.75083
-7.74483
-7.73789
-7.72998
-7.72107
-7.71115
-7.70017
-7.68812
-7.67497
-7.66069
-7.64526
-7.62865
-7.61085
-7.59182
-7.57154
-7.54998
-7.52713
-7.50295
-7.47743
-7.45053
-7.42225
-7.39254
-7.3614
-7.3288
-7.29473
-7.25915
-7.22205
-7.18341
-7.14322
-7.10144
-7.05807
-7.01308
-6.96647
-6.9182
-6.86828
-6.81668
-6.76338
-6.70838
-6.65167
-6.59322
-6.53303
-6.47109
-6.40739
-6.34192
-6.27467
-6.20564
-6.13481
-6.06218
-5.98775
-5.91152
-5.83348
-5.75362
-5.67195
-5.58847
-5.50318
-5.41608
-5.32717
-5.23646
-5.14395
-5.04964
-4.95356
-4.85569
-4.75605
-4.65465
-4.55151
-4.44663
-4.34002
-4.2317
-4.12169
-4.01
-3.89664
-3.78164
-3.66501
-3.54677
-3.42695
-3.30556
-3.18263
-3.05818
-2.93223
-2.80482
-2.67597
-2.5457
-2.41404
-2.28103
-2.14669
-2.01106
-1.87416
-1.73603
-1.5967
-1.45622
-1.31461
-1.1719
-1.02815
-0.883383
-0.737636
-0.590951
-0.443368
-0.29493
-0.145676
0.00434999
0.155107
0.306551
0.458638
0.611328
0.76458
0.918344
1.07256
1.22719
1.38219
1.53752
1.69313
1.84897
2.00499
2.16115
2.3174
2.47369
2.62996
2.78618
2.94229
3.09825
3.25401
3.40952
3.56472
3.71958
3.87405
4.02808
4.18161
4.33461
4.48703
4.63882
4.78994
4.94034
5.08998
5.23881
5.3868
5.53389
5.68005
5.82525
5.96943
6.11256
6.2546
6.39552
6.53528
6.67385
6.8112
6.94728
7.08208
7.21555
7.34768
7.47844
7.60779
7.73572
7.86221
7.98722
8.11074
8.23274
8.35322
8.47216
8.58953
8.70532
8.81953
8.93213
9.04311
9.15248
9.26021
9.36629
9.47074
9.57352
9.67465
9.77411
9.8719
9.96802
10.0625
10.1552
10.2463
10.3357
10.4234
10.5094
10.5938
10.6764
10.7573
10.8365
10.9139
10.9896
11.0635
11.1356
11.2059
11.2744
11.3409
11.4055
11.4681
11.5285
11.5868
11.6427
11.6961
11.747
11.7948
11.8406
11.8796
11.9307
11.9158
-6.77398
-6.77467
-6.77617
-6.7782
-6.78037
-6.7825
-6.78453
-6.78646
-6.78829
-6.79
-6.79161
-6.79313
-6.79457
-6.79594
-6.79726
-6.79853
-6.79977
-6.80098
-6.80219
-6.80339
-6.80461
-6.80584
-6.80709
-6.80837
-6.80969
-6.81106
-6.81247
-6.81394
-6.81547
-6.81706
-6.81873
-6.82046
-6.82227
-6.82416
-6.82613
-6.82819
-6.83033
-6.83257
-6.83491
-6.83734
-6.83988
-6.84251
-6.84526
-6.84812
-6.85109
-6.85417
-6.85737
-6.86069
-6.86414
-6.86771
-6.87141
-6.87525
-6.87922
-6.88332
-6.88757
-6.89196
-6.89649
-6.90117
-6.90601
-6.91099
-6.91613
-6.92143
-6.92689
-6.93251
-6.9383
-6.94425
-6.95037
-6.95666
-6.96312
-6.96976
-6.97656
-6.98355
-6.99071
-6.99805
-7.00557
-7.01326
-7.02113
-7.02918
-7.03741
-7.04582
-7.0544
-7.06317
-7.07211
-7.08122
-7.09052
-7.09998
-7.10962
-7.11942
-7.12939
-7.13953
-7.14983
-7.16029
-7.1709
-7.18167
-7.19258
-7.20364
-7.21484
-7.22617
-7.23764
-7.24923
-7.26093
-7.27275
-7.28468
-7.29671
-7.30882
-7.32103
-7.33331
-7.34566
-7.35807
-7.37054
-7.38304
-7.39558
-7.40814
-7.42072
-7.43329
-7.44586
-7.45841
-7.47092
-7.48338
-7.49579
-7.50812
-7.52036
-7.53251
-7.54454
-7.55644
-7.5682
-7.57979
-7.5912
-7.60242
-7.61343
-7.6242
-7.63473
-7.645
-7.65497
-7.66465
-7.67399
-7.683
-7.69164
-7.69989
-7.70774
-7.71515
-7.72212
-7.72861
-7.73461
-7.74009
-7.74502
-7.74939
-7.75317
-7.75634
-7.75887
-7.76074
-7.76192
-7.76239
-7.76212
-7.76108
-7.75926
-7.75663
-7.75316
-7.74882
-7.74359
-7.73744
-7.73035
-7.72229
-7.71324
-7.70316
-7.69204
-7.67985
-7.66656
-7.65215
-7.63659
-7.61985
-7.60192
-7.58276
-7.56236
-7.54068
-7.51771
-7.49342
-7.46778
-7.44078
-7.41238
-7.38258
-7.35134
-7.31865
-7.28448
-7.24882
-7.21163
-7.17292
-7.13264
-7.0908
-7.04735
-7.0023
-6.95563
-6.90731
-6.85733
-6.80568
-6.75234
-6.6973
-6.64055
-6.58207
-6.52185
-6.45989
-6.39617
-6.33069
-6.26343
-6.19439
-6.12356
-6.05094
-5.97652
-5.90029
-5.82227
-5.74243
-5.66079
-5.57734
-5.49208
-5.40502
-5.31615
-5.22549
-5.13303
-5.03878
-4.94275
-4.84495
-4.74538
-4.64406
-4.54099
-4.43619
-4.32967
-4.22144
-4.11152
-3.99992
-3.88666
-3.77176
-3.65524
-3.53711
-3.4174
-3.29613
-3.17332
-3.04899
-2.92317
-2.79588
-2.66715
-2.53702
-2.40549
-2.27262
-2.13842
-2.00292
-1.86616
-1.72818
-1.589
-1.44866
-1.30719
-1.16464
-1.02103
-0.876411
-0.730812
-0.584276
-0.436844
-0.288556
-0.139453
0.0104236
0.16103
0.312325
0.464264
0.61681
0.769919
0.923532
1.0776
1.23208
1.38694
1.54213
1.6976
1.8533
2.00919
2.16521
2.32132
2.47748
2.63362
2.78971
2.9457
3.10154
3.25717
3.41256
3.56765
3.7224
3.87675
4.03066
4.18409
4.33698
4.4893
4.64099
4.79201
4.94231
5.09185
5.24059
5.38849
5.53549
5.68157
5.82668
5.97078
6.11383
6.25579
6.39664
6.53632
6.67482
6.81209
6.94811
7.08283
7.21624
7.34831
7.479
7.60829
7.73616
7.86259
7.98754
8.111
8.23296
8.35338
8.47227
8.58959
8.70533
8.81949
8.93204
9.04299
9.15231
9.26
9.36605
9.47045
9.5732
9.67429
9.77371
9.87147
9.96755
10.062
10.1547
10.2457
10.3351
10.4228
10.5087
10.593
10.6756
10.7564
10.8355
10.9128
10.9884
11.0622
11.1342
11.2044
11.2727
11.339
11.4034
11.4657
11.5258
11.5838
11.6393
11.6924
11.7428
11.7902
11.8355
11.8741
11.9246
11.9097
-6.7775
-6.77813
-6.7795
-6.78137
-6.78338
-6.78534
-6.78723
-6.78903
-6.79072
-6.79232
-6.79382
-6.79524
-6.79659
-6.79787
-6.79911
-6.80032
-6.8015
-6.80266
-6.80383
-6.80499
-6.80617
-6.80738
-6.80861
-6.80988
-6.81119
-6.81255
-6.81396
-6.81543
-6.81696
-6.81856
-6.82022
-6.82197
-6.82379
-6.82569
-6.82767
-6.82974
-6.8319
-6.83416
-6.8365
-6.83895
-6.84149
-6.84414
-6.8469
-6.84976
-6.85274
-6.85582
-6.85903
-6.86235
-6.8658
-6.86937
-6.87307
-6.8769
-6.88086
-6.88496
-6.88919
-6.89357
-6.89809
-6.90276
-6.90758
-6.91255
-6.91768
-6.92296
-6.9284
-6.934
-6.93976
-6.94569
-6.95179
-6.95806
-6.96449
-6.9711
-6.97788
-6.98484
-6.99197
-6.99927
-7.00675
-7.01441
-7.02224
-7.03024
-7.03843
-7.04679
-7.05532
-7.06403
-7.07292
-7.08198
-7.09121
-7.10061
-7.11017
-7.11991
-7.12981
-7.13987
-7.15009
-7.16046
-7.17099
-7.18166
-7.19248
-7.20344
-7.21454
-7.22576
-7.23712
-7.24859
-7.26018
-7.27188
-7.28368
-7.29557
-7.30756
-7.31962
-7.33176
-7.34397
-7.35623
-7.36855
-7.3809
-7.39328
-7.40568
-7.41809
-7.4305
-7.44289
-7.45527
-7.4676
-7.47989
-7.49212
-7.50427
-7.51634
-7.5283
-7.54014
-7.55186
-7.56342
-7.57483
-7.58605
-7.59708
-7.6079
-7.61848
-7.62882
-7.63889
-7.64868
-7.65816
-7.66732
-7.67613
-7.68458
-7.69264
-7.7003
-7.70753
-7.71431
-7.72061
-7.72643
-7.73172
-7.73647
-7.74066
-7.74427
-7.74725
-7.74961
-7.7513
-7.75231
-7.7526
-7.75216
-7.75096
-7.74898
-7.74618
-7.74255
-7.73805
-7.73266
-7.72636
-7.71912
-7.71091
-7.70171
-7.6915
-7.68024
-7.66791
-7.65448
-7.63994
-7.62425
-7.60739
-7.58933
-7.57006
-7.54954
-7.52775
-7.50467
-7.48027
-7.45454
-7.42743
-7.39895
-7.36906
-7.33774
-7.30496
-7.27072
-7.23498
-7.19773
-7.15895
-7.11862
-7.07671
-7.03322
-6.98812
-6.9414
-6.89305
-6.84303
-6.79136
-6.73799
-6.68293
-6.62617
-6.56768
-6.50746
-6.4455
-6.38178
-6.3163
-6.24906
-6.18004
-6.10923
-6.03664
-5.96225
-5.88606
-5.80808
-5.72829
-5.6467
-5.56331
-5.47811
-5.39111
-5.30232
-5.21173
-5.11935
-5.02519
-4.92925
-4.83154
-4.73206
-4.63084
-4.52788
-4.42319
-4.31678
-4.20867
-4.09887
-3.98739
-3.87427
-3.7595
-3.64311
-3.52512
-3.40556
-3.28443
-3.16176
-3.03759
-2.91192
-2.78479
-2.65622
-2.52625
-2.39489
-2.26218
-2.12814
-1.99282
-1.85623
-1.71842
-1.57942
-1.43925
-1.29797
-1.15559
-1.01216
-0.867715
-0.722296
-0.57594
-0.428687
-0.280579
-0.131656
0.0180402
0.168468
0.319583
0.471348
0.623724
0.776655
0.930084
1.08398
1.23829
1.39298
1.548
1.7033
1.85883
2.01455
2.17041
2.32637
2.48236
2.63835
2.79429
2.95013
3.10581
3.2613
3.41655
3.5715
3.7261
3.88032
4.0341
4.1874
4.34016
4.49235
4.64392
4.79482
4.945
5.09443
5.24306
5.39084
5.53774
5.68371
5.82872
5.97272
6.11567
6.25754
6.39829
6.53789
6.6763
6.81348
6.94941
7.08406
7.21739
7.34938
7.48
7.60922
7.73702
7.86337
7.98826
8.11166
8.23355
8.35391
8.47273
8.59
8.70569
8.81979
8.93229
9.04319
9.15246
9.26011
9.36611
9.47048
9.57318
9.67423
9.77362
9.87134
9.96739
10.0618
10.1544
10.2455
10.3348
10.4224
10.5083
10.5925
10.675
10.7558
10.8348
10.9121
10.9876
11.0613
11.1332
11.2032
11.2713
11.3374
11.4016
11.4636
11.5235
11.5811
11.6363
11.689
11.739
11.786
11.8308
11.869
11.9189
11.904
-6.78093
-6.78151
-6.78276
-6.78448
-6.78632
-6.78814
-6.78988
-6.79153
-6.79309
-6.79456
-6.79595
-6.79726
-6.7985
-6.7997
-6.80085
-6.80198
-6.80309
-6.8042
-6.80531
-6.80643
-6.80757
-6.80874
-6.80994
-6.81119
-6.81248
-6.81383
-6.81523
-6.8167
-6.81823
-6.81983
-6.8215
-6.82324
-6.82507
-6.82697
-6.82897
-6.83104
-6.83321
-6.83546
-6.83782
-6.84026
-6.84281
-6.84546
-6.84821
-6.85107
-6.85404
-6.85712
-6.86031
-6.86362
-6.86705
-6.8706
-6.87428
-6.87809
-6.88202
-6.88609
-6.8903
-6.89465
-6.89914
-6.90378
-6.90856
-6.91349
-6.91858
-6.92382
-6.92922
-6.93478
-6.9405
-6.94638
-6.95243
-6.95864
-6.96503
-6.97158
-6.9783
-6.98519
-6.99225
-6.99949
-7.00689
-7.01447
-7.02223
-7.03015
-7.03825
-7.04653
-7.05497
-7.06359
-7.07238
-7.08134
-7.09046
-7.09976
-7.10921
-7.11883
-7.12861
-7.13855
-7.14864
-7.15888
-7.16927
-7.17981
-7.19048
-7.20129
-7.21224
-7.22331
-7.2345
-7.24581
-7.25724
-7.26876
-7.28039
-7.29211
-7.30392
-7.3158
-7.32776
-7.33978
-7.35185
-7.36397
-7.37613
-7.38831
-7.40051
-7.41272
-7.42493
-7.43712
-7.44929
-7.46143
-7.47351
-7.48553
-7.49747
-7.50933
-7.52109
-7.53272
-7.54423
-7.55559
-7.56679
-7.57781
-7.58863
-7.59924
-7.60963
-7.61976
-7.62963
-7.63922
-7.6485
-7.65746
-7.66608
-7.67433
-7.6822
-7.68967
-7.69671
-7.7033
-7.70942
-7.71505
-7.72017
-7.72474
-7.72876
-7.73218
-7.735
-7.73719
-7.73871
-7.73955
-7.73969
-7.73909
-7.73773
-7.7356
-7.73265
-7.72886
-7.72422
-7.71869
-7.71225
-7.70487
-7.69653
-7.6872
-7.67686
-7.66547
-7.65302
-7.63948
-7.62482
-7.60903
-7.59206
-7.5739
-7.55452
-7.53391
-7.51203
-7.48886
-7.46437
-7.43856
-7.41138
-7.38282
-7.35286
-7.32147
-7.28864
-7.25434
-7.21855
-7.18125
-7.14242
-7.10205
-7.06011
-7.01659
-6.97147
-6.92473
-6.87635
-6.82633
-6.77464
-6.72128
-6.66622
-6.60946
-6.55098
-6.49078
-6.42884
-6.36515
-6.2997
-6.23249
-6.16351
-6.09275
-6.02021
-5.94587
-5.86975
-5.79183
-5.71211
-5.63059
-5.54727
-5.46216
-5.37525
-5.28655
-5.19605
-5.10378
-5.00972
-4.91389
-4.81629
-4.71694
-4.61584
-4.513
-4.40844
-4.30217
-4.1942
-4.08454
-3.97322
-3.86024
-3.74562
-3.62939
-3.51157
-3.39216
-3.2712
-3.14871
-3.0247
-2.89921
-2.77226
-2.64387
-2.51408
-2.38291
-2.25038
-2.11654
-1.9814
-1.84501
-1.70739
-1.56859
-1.42862
-1.28752
-1.14534
-1.00211
-0.857868
-0.712648
-0.566491
-0.419438
-0.27153
-0.122806
0.0266913
0.176921
0.327841
0.479417
0.631599
0.784326
0.937559
1.09126
1.24538
1.39988
1.55472
1.70983
1.86518
2.02072
2.17641
2.33218
2.488
2.64382
2.79959
2.95526
3.11079
3.26612
3.4212
3.57599
3.73045
3.88452
4.03815
4.1913
4.34393
4.49598
4.64741
4.79818
4.94823
5.09754
5.24604
5.39371
5.54049
5.68634
5.83124
5.97513
6.11798
6.25974
6.4004
6.5399
6.67821
6.8153
6.95115
7.08571
7.21895
7.35086
7.48139
7.61054
7.73826
7.86454
7.98936
8.11269
8.23451
8.35481
8.47357
8.59077
8.7064
8.82045
8.9329
9.04375
9.15297
9.26057
9.36653
9.47085
9.57352
9.67453
9.77388
9.87156
9.96757
10.0619
10.1546
10.2455
10.3348
10.4224
10.5082
10.5924
10.6748
10.7556
10.8345
10.9117
10.9871
11.0607
11.1324
11.2023
11.2702
11.3362
11.4001
11.4619
11.5215
11.5788
11.6337
11.686
11.7356
11.7822
11.8266
11.8643
11.9136
11.8989
-6.78427
-6.7848
-6.78595
-6.78753
-6.78922
-6.79089
-6.79248
-6.79399
-6.79541
-6.79675
-6.79801
-6.7992
-6.80033
-6.80142
-6.80249
-6.80353
-6.80456
-6.8056
-6.80665
-6.80771
-6.80881
-6.80994
-6.81112
-6.81234
-6.81361
-6.81494
-6.81633
-6.81779
-6.81932
-6.82091
-6.82258
-6.82433
-6.82615
-6.82805
-6.83004
-6.83212
-6.83428
-6.83653
-6.83888
-6.84131
-6.84385
-6.84648
-6.84922
-6.85206
-6.85501
-6.85806
-6.86123
-6.86451
-6.8679
-6.87142
-6.87506
-6.87882
-6.88271
-6.88673
-6.89089
-6.89518
-6.89962
-6.90419
-6.90892
-6.91379
-6.91881
-6.92398
-6.92931
-6.9348
-6.94044
-6.94625
-6.95221
-6.95834
-6.96463
-6.97108
-6.97771
-6.9845
-6.99146
-6.99858
-7.00588
-7.01334
-7.02098
-7.02878
-7.03676
-7.0449
-7.05321
-7.06169
-7.07033
-7.07914
-7.08812
-7.09725
-7.10655
-7.11601
-7.12562
-7.13538
-7.1453
-7.15536
-7.16557
-7.17591
-7.1864
-7.19702
-7.20776
-7.21863
-7.22962
-7.24073
-7.25194
-7.26326
-7.27467
-7.28617
-7.29776
-7.30943
-7.32116
-7.33296
-7.34481
-7.3567
-7.36863
-7.38059
-7.39257
-7.40455
-7.41653
-7.4285
-7.44044
-7.45235
-7.4642
-7.476
-7.48772
-7.49935
-7.51089
-7.52231
-7.53359
-7.54474
-7.55572
-7.56652
-7.57714
-7.58754
-7.59771
-7.60764
-7.61731
-7.62669
-7.63578
-7.64454
-7.65297
-7.66103
-7.66871
-7.67599
-7.68285
-7.68926
-7.6952
-7.70066
-7.7056
-7.71001
-7.71385
-7.71711
-7.71977
-7.7218
-7.72317
-7.72386
-7.72384
-7.7231
-7.7216
-7.71932
-7.71623
-7.71232
-7.70754
-7.70189
-7.69532
-7.68782
-7.67936
-7.66992
-7.65946
-7.64797
-7.63542
-7.62177
-7.60702
-7.59113
-7.57407
-7.55582
-7.53637
-7.51567
-7.49372
-7.47048
-7.44593
-7.42005
-7.39281
-7.3642
-7.33419
-7.30275
-7.26988
-7.23554
-7.19971
-7.16239
-7.12354
-7.08314
-7.04119
-6.99766
-6.95253
-6.90578
-6.85741
-6.8074
-6.75572
-6.70238
-6.64734
-6.59061
-6.53216
-6.47199
-6.41009
-6.34645
-6.28105
-6.2139
-6.14498
-6.07428
-6.00181
-5.92755
-5.8515
-5.77367
-5.69404
-5.61261
-5.52939
-5.44438
-5.35758
-5.26899
-5.17861
-5.08646
-4.99252
-4.89682
-4.79936
-4.70015
-4.59919
-4.49651
-4.3921
-4.28598
-4.17816
-4.06867
-3.95751
-3.84471
-3.73027
-3.61421
-3.49657
-3.37735
-3.25657
-3.13427
-3.01046
-2.88516
-2.75841
-2.63022
-2.50063
-2.36966
-2.23734
-2.10371
-1.96879
-1.83261
-1.6952
-1.5566
-1.41685
-1.27597
-1.13401
-0.990996
-0.84697
-0.701969
-0.556032
-0.4092
-0.26151
-0.113004
0.036276
0.186291
0.337004
0.48837
0.640332
0.792841
0.945864
1.09936
1.25327
1.40757
1.5622
1.71711
1.87227
2.02761
2.1831
2.33869
2.49432
2.64996
2.80554
2.96103
3.11638
3.27153
3.42645
3.58107
3.73537
3.88927
4.04275
4.19575
4.34822
4.50012
4.65141
4.80203
4.95195
5.10112
5.24949
5.39703
5.54368
5.68942
5.83419
5.97797
6.1207
6.26236
6.40291
6.5423
6.68052
6.81751
6.95326
7.08773
7.22089
7.35271
7.48316
7.61222
7.73986
7.86607
7.99081
8.11407
8.23582
8.35605
8.47475
8.59189
8.70746
8.82145
8.93385
9.04464
9.15381
9.26137
9.36728
9.47156
9.57418
9.67515
9.77446
9.87211
9.96808
10.0624
10.155
10.2459
10.3351
10.4227
10.5085
10.5926
10.675
10.7556
10.8345
10.9116
10.9869
11.0604
11.132
11.2017
11.2695
11.3353
11.399
11.4605
11.5199
11.5769
11.6314
11.6834
11.7326
11.7788
11.8228
11.8601
11.9087
11.8945
-6.78751
-6.788
-6.78906
-6.79052
-6.79207
-6.79359
-6.79504
-6.7964
-6.79767
-6.79887
-6.79999
-6.80105
-6.80206
-6.80304
-6.804
-6.80495
-6.8059
-6.80686
-6.80784
-6.80886
-6.80991
-6.811
-6.81214
-6.81333
-6.81458
-6.8159
-6.81727
-6.81872
-6.82023
-6.82182
-6.82348
-6.82522
-6.82703
-6.82893
-6.83091
-6.83297
-6.83511
-6.83735
-6.83967
-6.84209
-6.8446
-6.8472
-6.84991
-6.85271
-6.85562
-6.85863
-6.86174
-6.86497
-6.86831
-6.87177
-6.87534
-6.87904
-6.88285
-6.8868
-6.89088
-6.89509
-6.89944
-6.90393
-6.90856
-6.91334
-6.91826
-6.92333
-6.92856
-6.93393
-6.93946
-6.94514
-6.95098
-6.95698
-6.96314
-6.96946
-6.97594
-6.98259
-6.9894
-6.99637
-7.00351
-7.01082
-7.01829
-7.02592
-7.03372
-7.04169
-7.04982
-7.05811
-7.06656
-7.07518
-7.08395
-7.09289
-7.10198
-7.11122
-7.12062
-7.13016
-7.13986
-7.1497
-7.15968
-7.16979
-7.18005
-7.19043
-7.20094
-7.21157
-7.22232
-7.23319
-7.24416
-7.25523
-7.2664
-7.27765
-7.289
-7.30041
-7.3119
-7.32345
-7.33505
-7.3467
-7.35839
-7.3701
-7.38184
-7.39358
-7.40532
-7.41705
-7.42875
-7.44042
-7.45204
-7.46361
-7.4751
-7.4865
-7.49781
-7.50901
-7.52007
-7.531
-7.54177
-7.55236
-7.56276
-7.57296
-7.58293
-7.59265
-7.60212
-7.61131
-7.6202
-7.62878
-7.63701
-7.64489
-7.6524
-7.6595
-7.66618
-7.67242
-7.6782
-7.68348
-7.68827
-7.69251
-7.6962
-7.69931
-7.70182
-7.7037
-7.70493
-7.70548
-7.70533
-7.70445
-7.70282
-7.70042
-7.6972
-7.69317
-7.68828
-7.68251
-7.67583
-7.66823
-7.65966
-7.65012
-7.63957
-7.62798
-7.61534
-7.60161
-7.58677
-7.5708
-7.55367
-7.53535
-7.51583
-7.49507
-7.47306
-7.44976
-7.42516
-7.39924
-7.37196
-7.34331
-7.31326
-7.2818
-7.2489
-7.21453
-7.17869
-7.14136
-7.1025
-7.0621
-7.02015
-6.97662
-6.9315
-6.88478
-6.83642
-6.78643
-6.73479
-6.68148
-6.62648
-6.56979
-6.51139
-6.45128
-6.38944
-6.32586
-6.26053
-6.19345
-6.12461
-6.05399
-5.98161
-5.90744
-5.83149
-5.75375
-5.67423
-5.59292
-5.50982
-5.42493
-5.33825
-5.24979
-5.15955
-5.06753
-4.97374
-4.87819
-4.78088
-4.68183
-4.58103
-4.47851
-4.37427
-4.26833
-4.16069
-4.05138
-3.9404
-3.82779
-3.71354
-3.59768
-3.48023
-3.36122
-3.24065
-3.11855
-2.99495
-2.86987
-2.74334
-2.61537
-2.486
-2.35526
-2.22316
-2.08975
-1.95506
-1.81911
-1.68193
-1.54357
-1.40405
-1.2634
-1.12168
-0.978898
-0.835108
-0.690343
-0.544643
-0.398046
-0.250592
-0.102322
0.0467246
0.196511
0.347
0.498132
0.649854
0.802133
0.95493
1.1082
1.26189
1.41597
1.57038
1.72508
1.88002
2.03515
2.19043
2.34581
2.50124
2.65667
2.81206
2.96736
3.12252
3.27748
3.43221
3.58666
3.74077
3.89451
4.04781
4.20065
4.35296
4.5047
4.65583
4.8063
4.95607
5.1051
5.25333
5.40073
5.54725
5.69285
5.8375
5.98115
6.12377
6.26531
6.40574
6.54503
6.68314
6.82003
6.95568
7.09005
7.22312
7.35484
7.48521
7.61419
7.74175
7.86787
7.99254
8.11572
8.2374
8.35757
8.4762
8.59328
8.70879
8.82272
8.93506
9.04581
9.15493
9.26244
9.36831
9.47254
9.57513
9.67606
9.77533
9.87294
9.96887
10.0631
10.1557
10.2466
10.3358
10.4233
10.5091
10.5931
10.6755
10.756
10.8349
10.9119
10.9871
11.0605
11.132
11.2015
11.2691
11.3347
11.3982
11.4596
11.5186
11.5753
11.6296
11.6812
11.7301
11.7759
11.8194
11.8564
11.9042
11.8907
-6.79067
-6.79112
-6.79211
-6.79346
-6.79488
-6.79626
-6.79755
-6.79875
-6.79987
-6.80091
-6.80188
-6.8028
-6.80369
-6.80455
-6.80539
-6.80624
-6.8071
-6.80799
-6.8089
-6.80986
-6.81086
-6.81191
-6.81301
-6.81417
-6.8154
-6.81669
-6.81805
-6.81948
-6.82098
-6.82255
-6.8242
-6.82592
-6.82771
-6.82959
-6.83155
-6.83358
-6.8357
-6.83791
-6.84019
-6.84257
-6.84504
-6.84759
-6.85024
-6.85298
-6.85583
-6.85877
-6.86181
-6.86496
-6.86822
-6.87158
-6.87506
-6.87866
-6.88238
-6.88622
-6.89018
-6.89428
-6.8985
-6.90287
-6.90737
-6.91201
-6.91679
-6.92172
-6.92679
-6.93201
-6.93738
-6.94291
-6.94858
-6.95441
-6.96039
-6.96653
-6.97283
-6.97928
-6.9859
-6.99267
-6.99961
-7.0067
-7.01396
-7.02138
-7.02896
-7.0367
-7.0446
-7.05266
-7.06088
-7.06926
-7.07779
-7.08648
-7.09533
-7.10432
-7.11347
-7.12276
-7.1322
-7.14178
-7.1515
-7.16136
-7.17135
-7.18147
-7.19172
-7.20208
-7.21257
-7.22317
-7.23388
-7.24468
-7.25559
-7.26659
-7.27767
-7.28882
-7.30005
-7.31134
-7.32269
-7.33409
-7.34552
-7.35698
-7.36847
-7.37996
-7.39146
-7.40295
-7.41441
-7.42585
-7.43724
-7.44857
-7.45983
-7.47102
-7.4821
-7.49308
-7.50393
-7.51464
-7.5252
-7.53559
-7.54579
-7.55578
-7.56556
-7.57509
-7.58437
-7.59337
-7.60208
-7.61048
-7.61854
-7.62624
-7.63357
-7.64051
-7.64703
-7.65311
-7.65873
-7.66386
-7.66849
-7.67259
-7.67614
-7.67911
-7.68148
-7.68323
-7.68432
-7.68474
-7.68447
-7.68347
-7.68172
-7.6792
-7.67588
-7.67173
-7.66674
-7.66087
-7.65409
-7.64639
-7.63774
-7.6281
-7.61747
-7.6058
-7.59308
-7.57928
-7.56437
-7.54834
-7.53114
-7.51277
-7.49319
-7.47238
-7.45032
-7.42699
-7.40235
-7.37639
-7.34908
-7.3204
-7.29033
-7.25885
-7.22594
-7.19157
-7.15573
-7.11839
-7.07954
-7.03915
-6.99721
-6.95371
-6.90861
-6.86192
-6.8136
-6.76365
-6.71205
-6.65878
-6.60384
-6.54721
-6.48888
-6.42883
-6.36706
-6.30356
-6.23832
-6.17132
-6.10257
-6.03206
-5.95977
-5.88571
-5.80988
-5.73226
-5.65285
-5.57167
-5.4887
-5.40395
-5.31741
-5.2291
-5.13901
-5.04714
-4.95351
-4.85813
-4.76099
-4.6621
-4.56148
-4.45914
-4.35509
-4.24934
-4.1419
-4.03279
-3.92202
-3.80961
-3.69557
-3.57992
-3.46269
-3.34389
-3.22354
-3.10167
-2.9783
-2.85345
-2.72715
-2.59942
-2.47028
-2.33978
-2.20793
-2.07476
-1.94031
-1.80461
-1.66768
-1.52956
-1.39029
-1.2499
-1.10843
-0.965899
-0.822361
-0.677849
-0.532399
-0.386053
-0.238849
-0.0908304
0.0579691
0.207515
0.357755
0.50863
0.660104
0.81214
0.964695
1.11772
1.27118
1.42502
1.57919
1.73366
1.88837
2.04328
2.19834
2.3535
2.50871
2.66393
2.81911
2.9742
3.12915
3.28392
3.43845
3.59271
3.74663
3.90018
4.0533
4.20596
4.3581
4.50967
4.66064
4.81095
4.96056
5.10943
5.25751
5.40476
5.55114
5.69661
5.84112
5.98465
6.12714
6.26856
6.40887
6.54804
6.68604
6.82282
6.95837
7.09264
7.2256
7.35724
7.48751
7.6164
7.74388
7.86992
7.99451
8.11762
8.23923
8.35932
8.47789
8.5949
8.71035
8.82423
8.93652
9.04721
9.15629
9.26375
9.36958
9.47377
9.57632
9.67721
9.77645
9.87402
9.96992
10.0641
10.1567
10.2475
10.3367
10.4242
10.5099
10.5939
10.6762
10.7567
10.8355
10.9124
10.9875
11.0608
11.1322
11.2016
11.2691
11.3345
11.3978
11.4589
11.5177
11.5742
11.6281
11.6794
11.7279
11.7733
11.8164
11.8531
11.9002
11.8876
-6.79376
-6.79419
-6.79513
-6.79638
-6.79767
-6.7989
-6.80003
-6.80107
-6.80201
-6.80288
-6.8037
-6.80446
-6.8052
-6.80593
-6.80666
-6.8074
-6.80817
-6.80897
-6.80982
-6.81071
-6.81166
-6.81267
-6.81373
-6.81487
-6.81607
-6.81733
-6.81867
-6.82008
-6.82155
-6.8231
-6.82473
-6.82642
-6.82819
-6.83003
-6.83195
-6.83395
-6.83602
-6.83817
-6.8404
-6.84272
-6.84512
-6.8476
-6.85017
-6.85282
-6.85557
-6.85842
-6.86136
-6.86439
-6.86753
-6.87078
-6.87413
-6.87759
-6.88116
-6.88485
-6.88866
-6.8926
-6.89666
-6.90086
-6.90518
-6.90965
-6.91425
-6.91898
-6.92386
-6.92889
-6.93406
-6.93937
-6.94483
-6.95044
-6.9562
-6.96211
-6.96818
-6.9744
-6.98078
-6.98731
-6.994
-7.00085
-7.00785
-7.01502
-7.02234
-7.02982
-7.03745
-7.04525
-7.0532
-7.06131
-7.06957
-7.07799
-7.08656
-7.09528
-7.10415
-7.11316
-7.12232
-7.13163
-7.14107
-7.15065
-7.16037
-7.17021
-7.18018
-7.19027
-7.20049
-7.21081
-7.22125
-7.23179
-7.24242
-7.25316
-7.26397
-7.27487
-7.28584
-7.29687
-7.30797
-7.31911
-7.33029
-7.34151
-7.35275
-7.36401
-7.37527
-7.38652
-7.39776
-7.40896
-7.42013
-7.43124
-7.44229
-7.45325
-7.46413
-7.47489
-7.48554
-7.49605
-7.50641
-7.5166
-7.52661
-7.53642
-7.546
-7.55536
-7.56445
-7.57328
-7.58182
-7.59004
-7.59793
-7.60548
-7.61265
-7.61943
-7.62579
-7.63172
-7.63719
-7.64218
-7.64667
-7.65063
-7.65404
-7.65688
-7.65913
-7.66075
-7.66172
-7.66202
-7.66163
-7.66052
-7.65866
-7.65603
-7.6526
-7.64836
-7.64327
-7.6373
-7.63044
-7.62265
-7.61391
-7.6042
-7.59349
-7.58175
-7.56896
-7.5551
-7.54013
-7.52403
-7.50679
-7.48836
-7.46874
-7.44789
-7.42579
-7.40242
-7.37776
-7.35177
-7.32444
-7.29575
-7.26567
-7.23418
-7.20126
-7.1669
-7.13106
-7.09374
-7.0549
-7.01453
-6.97262
-6.92914
-6.88409
-6.83743
-6.78916
-6.73926
-6.68771
-6.63451
-6.57963
-6.52307
-6.46481
-6.40484
-6.34316
-6.27975
-6.2146
-6.1477
-6.07905
-6.00865
-5.93648
-5.86254
-5.78683
-5.70934
-5.63007
-5.54902
-5.4662
-5.3816
-5.29522
-5.20706
-5.11714
-5.02545
-4.93199
-4.83678
-4.73983
-4.64113
-4.5407
-4.43855
-4.3347
-4.22916
-4.12192
-4.01302
-3.90247
-3.79028
-3.67646
-3.56104
-3.44404
-3.32547
-3.20536
-3.08373
-2.9606
-2.83599
-2.70993
-2.58245
-2.45357
-2.32332
-2.19173
-2.05882
-1.92463
-1.78919
-1.65252
-1.51467
-1.37567
-1.23554
-1.09433
-0.952077
-0.808807
-0.664562
-0.519381
-0.373303
-0.226367
-0.0786118
0.0699313
0.219216
0.369183
0.519791
0.671004
0.822783
0.975081
1.12785
1.28106
1.43465
1.58858
1.7428
1.89726
2.05193
2.20675
2.36168
2.51666
2.67165
2.82661
2.98148
3.13622
3.29077
3.4451
3.59915
3.75287
3.90622
4.05916
4.21162
4.36358
4.51497
4.66576
4.8159
4.96534
5.11405
5.26197
5.40907
5.5553
5.70062
5.845
5.98838
6.13074
6.27203
6.41222
6.55127
6.68915
6.82583
6.96126
7.09543
7.22829
7.35983
7.49001
7.61881
7.7462
7.87216
7.99667
8.1197
8.24124
8.36127
8.47976
8.59671
8.71211
8.82593
8.93816
9.04881
9.15784
9.26526
9.37104
9.4752
9.57771
9.67857
9.77778
9.87532
9.97119
10.0654
10.1579
10.2487
10.3379
10.4253
10.511
10.595
10.6772
10.7577
10.8364
10.9133
10.9883
11.0615
11.1328
11.2021
11.2694
11.3347
11.3978
11.4587
11.5172
11.5734
11.627
11.678
11.7262
11.7712
11.8139
11.8503
11.8966
11.8851
-6.79683
-6.79725
-6.79814
-6.7993
-6.80047
-6.80154
-6.8025
-6.80334
-6.8041
-6.80478
-6.80541
-6.80601
-6.80659
-6.80718
-6.80778
-6.80841
-6.80908
-6.80981
-6.81058
-6.81142
-6.81231
-6.81328
-6.81431
-6.81541
-6.81658
-6.81782
-6.81913
-6.8205
-6.82195
-6.82347
-6.82506
-6.82671
-6.82844
-6.83023
-6.83209
-6.83403
-6.83603
-6.8381
-6.84025
-6.84248
-6.84478
-6.84715
-6.84961
-6.85215
-6.85477
-6.85748
-6.86028
-6.86317
-6.86615
-6.86922
-6.8724
-6.87568
-6.87906
-6.88256
-6.88617
-6.8899
-6.89375
-6.89774
-6.90185
-6.90609
-6.91046
-6.91497
-6.91961
-6.92439
-6.92932
-6.93438
-6.93959
-6.94494
-6.95044
-6.95609
-6.96189
-6.96784
-6.97394
-6.9802
-6.98662
-6.99319
-6.99991
-7.00679
-7.01383
-7.02103
-7.02838
-7.03589
-7.04356
-7.05138
-7.05936
-7.06749
-7.07577
-7.08421
-7.09279
-7.10152
-7.1104
-7.11942
-7.12858
-7.13788
-7.14732
-7.15688
-7.16658
-7.1764
-7.18634
-7.1964
-7.20657
-7.21684
-7.22722
-7.23769
-7.24825
-7.2589
-7.26962
-7.2804
-7.29125
-7.30216
-7.31311
-7.32409
-7.3351
-7.34613
-7.35716
-7.36819
-7.37921
-7.3902
-7.40115
-7.41205
-7.42289
-7.43366
-7.44433
-7.4549
-7.46535
-7.47567
-7.48584
-7.49585
-7.50568
-7.5153
-7.52472
-7.53389
-7.54282
-7.55148
-7.55985
-7.56792
-7.57565
-7.58304
-7.59006
-7.59669
-7.6029
-7.60869
-7.61402
-7.61887
-7.62322
-7.62705
-7.63033
-7.63304
-7.63516
-7.63666
-7.63752
-7.6377
-7.6372
-7.63598
-7.63402
-7.63128
-7.62776
-7.62342
-7.61824
-7.61218
-7.60523
-7.59736
-7.58854
-7.57876
-7.56797
-7.55617
-7.54331
-7.52939
-7.51436
-7.49821
-7.48092
-7.46245
-7.44278
-7.4219
-7.39977
-7.37637
-7.35168
-7.32567
-7.29833
-7.26962
-7.23954
-7.20805
-7.17513
-7.14077
-7.10495
-7.06764
-7.02883
-6.98849
-6.94661
-6.90317
-6.85815
-6.81154
-6.76332
-6.71348
-6.66199
-6.60886
-6.55405
-6.49757
-6.43939
-6.37951
-6.31792
-6.25461
-6.18956
-6.12278
-6.05424
-5.98395
-5.91191
-5.8381
-5.76252
-5.68518
-5.60606
-5.52516
-5.44249
-5.35805
-5.27183
-5.18385
-5.0941
-5.00258
-4.90931
-4.8143
-4.71753
-4.61903
-4.51881
-4.41687
-4.31323
-4.20789
-4.10088
-3.99219
-3.88187
-3.76991
-3.65633
-3.54115
-3.42439
-3.30607
-3.18621
-3.06483
-2.94195
-2.8176
-2.6918
-2.56459
-2.43597
-2.30599
-2.17467
-2.04203
-1.90811
-1.77295
-1.63656
-1.49899
-1.36026
-1.22042
-1.07949
-0.937515
-0.794526
-0.650564
-0.505665
-0.359868
-0.213213
-0.0657291
0.0825413
0.23154
0.381222
0.531554
0.682495
0.834001
0.986029
1.13853
1.29147
1.4448
1.59846
1.75243
1.90664
2.06106
2.21563
2.37031
2.52505
2.6798
2.83452
2.98916
3.14367
3.298
3.45211
3.60594
3.75945
3.9126
4.06533
4.2176
4.36936
4.52056
4.67117
4.82113
4.9704
5.11893
5.26669
5.41362
5.5597
5.70487
5.84909
5.99233
6.13455
6.27571
6.41577
6.55469
6.69245
6.82901
6.96433
7.09839
7.23115
7.36259
7.49267
7.62138
7.74869
7.87456
7.99899
8.12194
8.24341
8.36337
8.48179
8.59869
8.71402
8.82779
8.93997
9.05057
9.15955
9.26693
9.37268
9.47681
9.57928
9.68012
9.77929
9.87681
9.97266
10.0668
10.1593
10.2501
10.3392
10.4266
10.5123
10.5963
10.6785
10.7589
10.8375
10.9144
10.9893
11.0624
11.1336
11.2028
11.27
11.3351
11.398
11.4587
11.5171
11.573
11.6263
11.677
11.7249
11.7696
11.8119
11.8479
11.8934
11.8833
-6.79992
-6.80034
-6.80121
-6.80228
-6.80331
-6.8042
-6.80496
-6.80559
-6.80612
-6.80659
-6.80702
-6.80743
-6.80784
-6.80827
-6.80874
-6.80926
-6.80984
-6.81048
-6.81118
-6.81196
-6.81281
-6.81373
-6.81472
-6.81578
-6.81692
-6.81813
-6.8194
-6.82074
-6.82215
-6.82362
-6.82515
-6.82675
-6.82841
-6.83013
-6.83191
-6.83375
-6.83566
-6.83763
-6.83966
-6.84176
-6.84393
-6.84616
-6.84847
-6.85084
-6.85329
-6.85582
-6.85843
-6.86112
-6.86389
-6.86676
-6.86971
-6.87276
-6.87591
-6.87917
-6.88254
-6.88602
-6.88963
-6.89336
-6.89721
-6.90119
-6.9053
-6.90954
-6.91392
-6.91842
-6.92307
-6.92786
-6.93278
-6.93785
-6.94307
-6.94843
-6.95394
-6.95961
-6.96542
-6.97139
-6.97752
-6.9838
-6.99023
-6.99682
-7.00357
-7.01048
-7.01754
-7.02476
-7.03214
-7.03967
-7.04736
-7.0552
-7.0632
-7.07135
-7.07965
-7.0881
-7.0967
-7.10545
-7.11433
-7.12336
-7.13253
-7.14183
-7.15126
-7.16082
-7.17051
-7.18031
-7.19023
-7.20025
-7.21038
-7.22061
-7.23093
-7.24134
-7.25182
-7.26238
-7.273
-7.28368
-7.29441
-7.30517
-7.31597
-7.32678
-7.3376
-7.34843
-7.35924
-7.37003
-7.38078
-7.39149
-7.40213
-7.41271
-7.42319
-7.43358
-7.44385
-7.45398
-7.46397
-7.4738
-7.48346
-7.49291
-7.50216
-7.51117
-7.51993
-7.52843
-7.53664
-7.54455
-7.55213
-7.55937
-7.56624
-7.57272
-7.57879
-7.58444
-7.58963
-7.59434
-7.59856
-7.60226
-7.60541
-7.608
-7.60999
-7.61137
-7.61211
-7.61218
-7.61157
-7.61024
-7.60817
-7.60534
-7.60171
-7.59728
-7.592
-7.58585
-7.57882
-7.57086
-7.56197
-7.55211
-7.54125
-7.52937
-7.51645
-7.50247
-7.48738
-7.47118
-7.45384
-7.43532
-7.41562
-7.3947
-7.37253
-7.34911
-7.32439
-7.29837
-7.27101
-7.24229
-7.2122
-7.18071
-7.1478
-7.11345
-7.07764
-7.04035
-7.00156
-6.96126
-6.91941
-6.87601
-6.83104
-6.78448
-6.73631
-6.68653
-6.63511
-6.58205
-6.52732
-6.47091
-6.41283
-6.35304
-6.29155
-6.22834
-6.16341
-6.09674
-6.02833
-5.95817
-5.88625
-5.81258
-5.73714
-5.65994
-5.58097
-5.50023
-5.41773
-5.33345
-5.24741
-5.1596
-5.07002
-4.97869
-4.88562
-4.79079
-4.69423
-4.59594
-4.49593
-4.3942
-4.29078
-4.18567
-4.07889
-3.97044
-3.86035
-3.74863
-3.6353
-3.52037
-3.40386
-3.28579
-3.16619
-3.04507
-2.92247
-2.79839
-2.67286
-2.54592
-2.41758
-2.28788
-2.15684
-2.02449
-1.89086
-1.75598
-1.61988
-1.4826
-1.34416
-1.20461
-1.06398
-0.922295
-0.779601
-0.635933
-0.49133
-0.345827
-0.199458
-0.0522593
0.0957141
0.244412
0.393803
0.543847
0.694502
0.845723
0.997469
1.14969
1.30235
1.4554
1.60879
1.76249
1.91643
2.07058
2.22489
2.37931
2.5338
2.6883
2.84278
2.99717
3.15144
3.30554
3.45941
3.61302
3.76631
3.91924
4.07176
4.22382
4.37538
4.52638
4.67679
4.82656
4.97565
5.124
5.27158
5.41835
5.56426
5.70927
5.85334
5.99643
6.1385
6.27952
6.41944
6.55824
6.69587
6.83231
6.96752
7.10146
7.23412
7.36545
7.49544
7.62406
7.75127
7.87706
8.00141
8.12429
8.24568
8.36557
8.48393
8.60076
8.71604
8.82976
8.94189
9.05245
9.16139
9.26874
9.37446
9.47855
9.581
9.68181
9.78096
9.87846
9.97429
10.0685
10.1609
10.2517
10.3408
10.4282
10.5138
10.5978
10.6799
10.7604
10.839
10.9157
10.9907
11.0637
11.1348
11.2039
11.2709
11.3359
11.3987
11.4592
11.5173
11.573
11.6261
11.6764
11.724
11.7684
11.8103
11.8461
11.8907
11.8821
-6.8031
-6.80352
-6.80437
-6.80537
-6.80623
-6.80691
-6.80742
-6.80779
-6.80807
-6.80829
-6.80849
-6.80869
-6.80892
-6.80919
-6.80952
-6.80993
-6.8104
-6.81096
-6.8116
-6.81232
-6.81312
-6.81399
-6.81495
-6.81597
-6.81707
-6.81823
-6.81946
-6.82075
-6.8221
-6.82351
-6.82497
-6.82648
-6.82805
-6.82966
-6.83133
-6.83305
-6.83482
-6.83664
-6.83852
-6.84045
-6.84243
-6.84447
-6.84657
-6.84874
-6.85097
-6.85326
-6.85563
-6.85807
-6.86059
-6.8632
-6.86589
-6.86867
-6.87155
-6.87454
-6.87763
-6.88084
-6.88417
-6.88763
-6.8912
-6.8949
-6.89873
-6.90269
-6.90677
-6.91099
-6.91535
-6.91985
-6.92448
-6.92926
-6.93419
-6.93926
-6.94448
-6.94985
-6.95537
-6.96105
-6.96688
-6.97287
-6.97901
-6.98531
-6.99177
-6.99839
-7.00516
-7.0121
-7.01919
-7.02644
-7.03385
-7.04142
-7.04914
-7.05702
-7.06505
-7.07324
-7.08157
-7.09006
-7.09869
-7.10746
-7.11638
-7.12543
-7.13462
-7.14394
-7.15338
-7.16295
-7.17264
-7.18244
-7.19234
-7.20234
-7.21245
-7.22264
-7.23291
-7.24325
-7.25366
-7.26414
-7.27466
-7.28522
-7.29582
-7.30643
-7.31706
-7.32769
-7.33831
-7.34891
-7.35948
-7.37
-7.38046
-7.39085
-7.40116
-7.41137
-7.42146
-7.43143
-7.44125
-7.45091
-7.46039
-7.46968
-7.47876
-7.48761
-7.49622
-7.50456
-7.51261
-7.52036
-7.52779
-7.53488
-7.5416
-7.54794
-7.55386
-7.55937
-7.56442
-7.569
-7.57308
-7.57664
-7.57967
-7.58213
-7.584
-7.58525
-7.58587
-7.58582
-7.58509
-7.58365
-7.58147
-7.57853
-7.57481
-7.57027
-7.5649
-7.55866
-7.55153
-7.54349
-7.53451
-7.52457
-7.51363
-7.50169
-7.4887
-7.47465
-7.4595
-7.44324
-7.42585
-7.40728
-7.38753
-7.36657
-7.34437
-7.32091
-7.29617
-7.27012
-7.24275
-7.21402
-7.18392
-7.15243
-7.11952
-7.08518
-7.04939
-7.01211
-6.97335
-6.93307
-6.89125
-6.84789
-6.80297
-6.75646
-6.70835
-6.65862
-6.60727
-6.55428
-6.49964
-6.44332
-6.38532
-6.32563
-6.26424
-6.20114
-6.13631
-6.06976
-6.00148
-5.93144
-5.85966
-5.78613
-5.71083
-5.63378
-5.55496
-5.47438
-5.39204
-5.30794
-5.22207
-5.13445
-5.04506
-4.95392
-4.86105
-4.76643
-4.67007
-4.57199
-4.4722
-4.3707
-4.26751
-4.16263
-4.05608
-3.94788
-3.83803
-3.72656
-3.61348
-3.49881
-3.38256
-3.26476
-3.14543
-3.02458
-2.90225
-2.77845
-2.65321
-2.52655
-2.3985
-2.26908
-2.13833
-2.00628
-1.87294
-1.73836
-1.60257
-1.46559
-1.32745
-1.18821
-1.04787
-0.906497
-0.764109
-0.620747
-0.476448
-0.331245
-0.185172
-0.0382803
0.10938
0.257773
0.406863
0.556608
0.706964
0.857889
1.00934
1.16127
1.31364
1.46641
1.61952
1.77293
1.92659
2.08047
2.2345
2.38866
2.54288
2.69712
2.85133
3.00548
3.1595
3.31335
3.46698
3.62035
3.77341
3.92611
4.07841
4.23025
4.3816
4.53239
4.6826
4.83218
4.98107
5.12923
5.27663
5.42322
5.56896
5.7138
5.85771
6.00065
6.14257
6.28344
6.42323
6.56189
6.69939
6.83571
6.97079
7.10462
7.23717
7.3684
7.49829
7.62681
7.75393
7.87964
8.0039
8.12671
8.24803
8.36785
8.48615
8.60292
8.71815
8.83181
8.94391
9.05442
9.16333
9.27064
9.37633
9.4804
9.58283
9.68363
9.78276
9.88025
9.97606
10.0702
10.1627
10.2535
10.3425
10.4299
10.5156
10.5995
10.6816
10.762
10.8406
10.9173
10.9922
11.0652
11.1362
11.2052
11.2722
11.337
11.3996
11.46
11.5179
11.5734
11.6262
11.6763
11.7236
11.7677
11.8093
11.8448
11.8885
11.8817
-6.80644
-6.80688
-6.80772
-6.80861
-6.80927
-6.80968
-6.80989
-6.80995
-6.80992
-6.80985
-6.80979
-6.80976
-6.80978
-6.80989
-6.81008
-6.81037
-6.81075
-6.81123
-6.8118
-6.81247
-6.81322
-6.81405
-6.81496
-6.81594
-6.81699
-6.81809
-6.81926
-6.82047
-6.82174
-6.82305
-6.82441
-6.82581
-6.82724
-6.82872
-6.83023
-6.83178
-6.83336
-6.83498
-6.83664
-6.83834
-6.84009
-6.84188
-6.84372
-6.84562
-6.84757
-6.84958
-6.85167
-6.85382
-6.85605
-6.85837
-6.86078
-6.86328
-6.86588
-6.86859
-6.87141
-6.87435
-6.8774
-6.88058
-6.88388
-6.8873
-6.89084
-6.89451
-6.89831
-6.90224
-6.9063
-6.91051
-6.91485
-6.91933
-6.92396
-6.92873
-6.93366
-6.93873
-6.94396
-6.94934
-6.95488
-6.96058
-6.96644
-6.97246
-6.97863
-6.98497
-6.99147
-6.99814
-7.00496
-7.01195
-7.0191
-7.02641
-7.03388
-7.04151
-7.04929
-7.05724
-7.06533
-7.07358
-7.08198
-7.09053
-7.09922
-7.10805
-7.11702
-7.12612
-7.13536
-7.14471
-7.15419
-7.16378
-7.17348
-7.18329
-7.19319
-7.20318
-7.21326
-7.22342
-7.23364
-7.24392
-7.25425
-7.26463
-7.27504
-7.28548
-7.29592
-7.30637
-7.31682
-7.32724
-7.33763
-7.34798
-7.35827
-7.36849
-7.37862
-7.38866
-7.39859
-7.40838
-7.41804
-7.42753
-7.43686
-7.44598
-7.4549
-7.46359
-7.47204
-7.48022
-7.48812
-7.49572
-7.503
-7.50993
-7.5165
-7.52269
-7.52847
-7.53383
-7.53874
-7.54318
-7.54712
-7.55055
-7.55344
-7.55576
-7.5575
-7.55863
-7.55912
-7.55895
-7.5581
-7.55654
-7.55425
-7.5512
-7.54736
-7.54272
-7.53724
-7.5309
-7.52367
-7.51554
-7.50647
-7.49644
-7.48542
-7.47339
-7.46033
-7.4462
-7.43099
-7.41467
-7.39721
-7.37859
-7.35879
-7.33778
-7.31554
-7.29204
-7.26727
-7.2412
-7.2138
-7.18505
-7.15494
-7.12344
-7.09053
-7.05619
-7.0204
-6.98314
-6.9444
-6.90414
-6.86236
-6.81903
-6.77415
-6.72769
-6.67964
-6.62998
-6.57869
-6.52577
-6.4712
-6.41497
-6.35706
-6.29746
-6.23617
-6.17317
-6.10845
-6.04201
-5.97385
-5.90394
-5.83229
-5.7589
-5.68375
-5.60685
-5.52819
-5.44778
-5.36561
-5.28167
-5.19599
-5.10855
-5.01935
-4.92841
-4.83574
-4.74133
-4.64518
-4.54732
-4.44775
-4.34648
-4.24352
-4.13888
-4.03257
-3.92462
-3.81502
-3.7038
-3.59098
-3.47658
-3.3606
-3.24307
-3.12401
-3.00345
-2.8814
-2.75788
-2.63293
-2.50656
-2.37881
-2.24969
-2.11924
-1.98749
-1.85446
-1.72019
-1.5847
-1.44803
-1.31021
-1.17128
-1.03126
-0.890199
-0.748127
-0.60508
-0.461088
-0.316187
-0.170428
-0.0238595
0.123483
0.271563
0.420341
0.569775
0.719822
0.870439
1.02158
1.17321
1.32528
1.47775
1.63056
1.78368
1.93705
2.09064
2.2444
2.39827
2.55221
2.70618
2.86013
3.014
3.16776
3.32136
3.47474
3.62787
3.78069
3.93315
4.08521
4.23683
4.38795
4.53853
4.68853
4.8379
4.98659
5.13456
5.28177
5.42818
5.57374
5.71841
5.86215
6.00492
6.14669
6.28741
6.42705
6.56558
6.70295
6.83913
6.97409
7.10781
7.24024
7.37137
7.50116
7.62958
7.75661
7.88224
8.00642
8.12915
8.2504
8.37016
8.4884
8.60511
8.72029
8.83391
8.94596
9.05644
9.16532
9.27261
9.37828
9.48233
9.58475
9.68553
9.78466
9.88214
9.97795
10.0721
10.1646
10.2554
10.3444
10.4318
10.5175
10.6014
10.6835
10.7639
10.8425
10.9192
10.994
11.067
11.1379
11.2069
11.2737
11.3385
11.4009
11.4611
11.5189
11.5742
11.6268
11.6766
11.7236
11.7674
11.8087
11.844
11.8868
11.8819
-6.81006
-6.81052
-6.81133
-6.81207
-6.81246
-6.81252
-6.81234
-6.81201
-6.81161
-6.81121
-6.81085
-6.81057
-6.81038
-6.81031
-6.81036
-6.81054
-6.81083
-6.81123
-6.81174
-6.81235
-6.81305
-6.81384
-6.81469
-6.81561
-6.81659
-6.81762
-6.81869
-6.81981
-6.82096
-6.82214
-6.82334
-6.82457
-6.82582
-6.8271
-6.82839
-6.8297
-6.83104
-6.8324
-6.83379
-6.83521
-6.83667
-6.83816
-6.83971
-6.84131
-6.84296
-6.84467
-6.84645
-6.84832
-6.85025
-6.85227
-6.8544
-6.85663
-6.85896
-6.86141
-6.86398
-6.86666
-6.86946
-6.87236
-6.87538
-6.87851
-6.88176
-6.88513
-6.88862
-6.89225
-6.89601
-6.8999
-6.90394
-6.90812
-6.91245
-6.91692
-6.92155
-6.92633
-6.93127
-6.93637
-6.94163
-6.94706
-6.95264
-6.9584
-6.96432
-6.9704
-6.97665
-6.98307
-6.98966
-6.99641
-7.00333
-7.01041
-7.01766
-7.02507
-7.03264
-7.04037
-7.04826
-7.05631
-7.06451
-7.07285
-7.08135
-7.08999
-7.09876
-7.10768
-7.11672
-7.1259
-7.13519
-7.1446
-7.15412
-7.16375
-7.17348
-7.18329
-7.1932
-7.20318
-7.21323
-7.22334
-7.2335
-7.24371
-7.25396
-7.26422
-7.2745
-7.28479
-7.29506
-7.30532
-7.31555
-7.32573
-7.33586
-7.34591
-7.35589
-7.36576
-7.37553
-7.38516
-7.39466
-7.40399
-7.41315
-7.42212
-7.43088
-7.43941
-7.4477
-7.45573
-7.46347
-7.47092
-7.47804
-7.48482
-7.49124
-7.49728
-7.50291
-7.50812
-7.51288
-7.51717
-7.52097
-7.52426
-7.52701
-7.5292
-7.5308
-7.53179
-7.53215
-7.53185
-7.53087
-7.52918
-7.52676
-7.52359
-7.51964
-7.51488
-7.50929
-7.50284
-7.4955
-7.48727
-7.4781
-7.46797
-7.45686
-7.44474
-7.43159
-7.41739
-7.4021
-7.3857
-7.36818
-7.34949
-7.32963
-7.30857
-7.28627
-7.26273
-7.23791
-7.2118
-7.18437
-7.1556
-7.12547
-7.09395
-7.06103
-7.02669
-6.9909
-6.95366
-6.91493
-6.87469
-6.83293
-6.78964
-6.74479
-6.69838
-6.65037
-6.60076
-6.54954
-6.49668
-6.44218
-6.38602
-6.32819
-6.26868
-6.20748
-6.14459
-6.07998
-6.01366
-5.94561
-5.87583
-5.80432
-5.73106
-5.65606
-5.57931
-5.50081
-5.42056
-5.33856
-5.2548
-5.16929
-5.08204
-4.99304
-4.9023
-4.80982
-4.71562
-4.61969
-4.52205
-4.42271
-4.32167
-4.21894
-4.11454
-4.00848
-3.90078
-3.79143
-3.68048
-3.56792
-3.45378
-3.33808
-3.22083
-3.10205
-2.98177
-2.86001
-2.73679
-2.61213
-2.48606
-2.35861
-2.2298
-2.09966
-1.96821
-1.8355
-1.70153
-1.56636
-1.43001
-1.29251
-1.15389
-1.0142
-0.873463
-0.731715
-0.588987
-0.445312
-0.300737
-0.155311
-0.00906999
0.13795
0.285708
0.434165
0.583278
0.733006
0.883307
1.03414
1.18545
1.33721
1.48936
1.64187
1.79468
1.94776
2.10105
2.25451
2.40809
2.56175
2.71544
2.86911
3.02271
3.1762
3.32953
3.48266
3.63553
3.78809
3.94031
4.09214
4.24352
4.39441
4.54477
4.69455
4.8437
4.99218
5.13996
5.28697
5.43319
5.57856
5.72305
5.86662
6.00923
6.15083
6.2914
6.43089
6.56927
6.70651
6.84256
6.9774
7.111
7.24332
7.37434
7.50402
7.63235
7.75929
7.88483
8.00893
8.13159
8.25277
8.37246
8.49064
8.60731
8.72244
8.83602
8.94804
9.05848
9.16734
9.27461
9.38026
9.48431
9.58671
9.68749
9.78662
9.88411
9.97993
10.0741
10.1666
10.2574
10.3465
10.4339
10.5195
10.6035
10.6856
10.766
10.8446
10.9213
10.9961
11.069
11.1399
11.2088
11.2756
11.3402
11.4026
11.4627
11.5203
11.5754
11.6278
11.6774
11.7242
11.7677
11.8086
11.8438
11.8856
11.8828
-6.81409
-6.81456
-6.8153
-6.81582
-6.81583
-6.81541
-6.81473
-6.81392
-6.81308
-6.81228
-6.81159
-6.81103
-6.81063
-6.81038
-6.81029
-6.81036
-6.81057
-6.8109
-6.81135
-6.81191
-6.81255
-6.81327
-6.81405
-6.81489
-6.81577
-6.81668
-6.81762
-6.81859
-6.81956
-6.82054
-6.82153
-6.82253
-6.82353
-6.82453
-6.82555
-6.82657
-6.82762
-6.82869
-6.82978
-6.83091
-6.83207
-6.83327
-6.83454
-6.83585
-6.83721
-6.83863
-6.84012
-6.84169
-6.84334
-6.84507
-6.84691
-6.84887
-6.85095
-6.85315
-6.85544
-6.85784
-6.86033
-6.86292
-6.86562
-6.86843
-6.87135
-6.8744
-6.87757
-6.88088
-6.88433
-6.88792
-6.89165
-6.89554
-6.89957
-6.90377
-6.90812
-6.91264
-6.91732
-6.92216
-6.92718
-6.93236
-6.93771
-6.94324
-6.94893
-6.9548
-6.96084
-6.96705
-6.97344
-6.97999
-6.98671
-6.99361
-7.00067
-7.0079
-7.01529
-7.02284
-7.03056
-7.03843
-7.04646
-7.05464
-7.06296
-7.07144
-7.08005
-7.0888
-7.09769
-7.1067
-7.11584
-7.1251
-7.13446
-7.14394
-7.15351
-7.16317
-7.17292
-7.18275
-7.19265
-7.20261
-7.21262
-7.22268
-7.23276
-7.24288
-7.25301
-7.26314
-7.27326
-7.28337
-7.29344
-7.30347
-7.31344
-7.32335
-7.33317
-7.34289
-7.3525
-7.36198
-7.37132
-7.3805
-7.3895
-7.39831
-7.40692
-7.4153
-7.42343
-7.4313
-7.43889
-7.44618
-7.45315
-7.45978
-7.46604
-7.47192
-7.47741
-7.48246
-7.48707
-7.49121
-7.49487
-7.498
-7.5006
-7.50265
-7.50411
-7.50496
-7.50517
-7.50474
-7.50362
-7.5018
-7.49925
-7.49595
-7.49186
-7.48698
-7.48127
-7.4747
-7.46725
-7.4589
-7.44962
-7.43939
-7.42818
-7.41596
-7.40271
-7.38841
-7.37304
-7.35656
-7.33895
-7.3202
-7.30026
-7.27913
-7.25678
-7.23318
-7.20831
-7.18215
-7.15468
-7.12588
-7.09572
-7.06419
-7.03125
-6.99689
-6.9611
-6.92385
-6.88512
-6.8449
-6.80316
-6.75988
-6.71506
-6.66867
-6.62071
-6.57114
-6.51997
-6.46717
-6.41274
-6.35665
-6.2989
-6.23947
-6.17837
-6.11557
-6.05107
-5.98486
-5.91692
-5.84727
-5.77588
-5.70276
-5.6279
-5.5513
-5.47296
-5.39286
-5.31103
-5.22744
-5.14212
-5.05505
-4.96624
-4.8757
-4.78343
-4.68943
-4.59372
-4.4963
-4.39718
-4.29637
-4.19388
-4.08972
-3.98391
-3.87646
-3.76738
-3.65668
-3.5444
-3.43053
-3.3151
-3.19813
-3.07964
-2.95964
-2.83817
-2.71524
-2.59088
-2.46512
-2.33798
-2.20948
-2.07965
-1.94852
-1.81612
-1.68248
-1.54763
-1.4116
-1.27443
-1.13615
-0.996783
-0.856376
-0.714953
-0.57255
-0.429211
-0.284981
-0.139894
0.00601367
0.152702
0.300129
0.448256
0.597041
0.746442
0.896417
1.04692
1.19792
1.34935
1.50119
1.65338
1.80588
1.95865
2.11163
2.26479
2.41808
2.57144
2.72484
2.87822
3.03154
3.18475
3.33781
3.49067
3.64327
3.79558
3.94755
4.09912
4.25026
4.40091
4.55104
4.70059
4.84953
4.99779
5.14536
5.29217
5.43819
5.58337
5.72768
5.87107
6.0135
6.15494
6.29535
6.43469
6.57293
6.71002
6.84594
6.98065
7.11413
7.24633
7.37724
7.50682
7.63506
7.76191
7.88736
8.01139
8.13397
8.25509
8.37472
8.49285
8.60947
8.72455
8.8381
8.95008
9.06051
9.16935
9.2766
9.38225
9.48629
9.5887
9.68949
9.78862
9.88612
9.98196
10.0761
10.1686
10.2595
10.3486
10.436
10.5217
10.6057
10.6879
10.7683
10.8468
10.9236
10.9984
11.0713
11.1422
11.211
11.2778
11.3423
11.4046
11.4646
11.5221
11.577
11.6292
11.6787
11.7252
11.7685
11.8091
11.8441
11.8849
11.8844
-6.81872
-6.81917
-6.81977
-6.81992
-6.81937
-6.81831
-6.81698
-6.81556
-6.81419
-6.81294
-6.81188
-6.81103
-6.81041
-6.80999
-6.80978
-6.80974
-6.80987
-6.81014
-6.81053
-6.81101
-6.81157
-6.8122
-6.81287
-6.81358
-6.8143
-6.81503
-6.81577
-6.81651
-6.81724
-6.81796
-6.81867
-6.81939
-6.82011
-6.82083
-6.82156
-6.82231
-6.82308
-6.82388
-6.82471
-6.82557
-6.82645
-6.82738
-6.82835
-6.82935
-6.83038
-6.83146
-6.83262
-6.83388
-6.83525
-6.83671
-6.83827
-6.83992
-6.84167
-6.84352
-6.84546
-6.84749
-6.84962
-6.85186
-6.85422
-6.85669
-6.85929
-6.86202
-6.86489
-6.86791
-6.87107
-6.87438
-6.87785
-6.88148
-6.88527
-6.88922
-6.89334
-6.89764
-6.9021
-6.90674
-6.91155
-6.91654
-6.9217
-6.92704
-6.93256
-6.93825
-6.94412
-6.95017
-6.95639
-6.96278
-6.96935
-6.97609
-6.983
-6.99008
-6.99733
-7.00474
-7.01231
-7.02005
-7.02794
-7.03598
-7.04418
-7.05252
-7.061
-7.06962
-7.07837
-7.08725
-7.09626
-7.10539
-7.11462
-7.12396
-7.1334
-7.14294
-7.15256
-7.16225
-7.17202
-7.18185
-7.19173
-7.20165
-7.2116
-7.22158
-7.23158
-7.24157
-7.25155
-7.26152
-7.27146
-7.28134
-7.29117
-7.30093
-7.31061
-7.32019
-7.32965
-7.33898
-7.34817
-7.3572
-7.36606
-7.37472
-7.38318
-7.3914
-7.39938
-7.4071
-7.41454
-7.42167
-7.42849
-7.43496
-7.44107
-7.4468
-7.45213
-7.45703
-7.46148
-7.46547
-7.46897
-7.47196
-7.47441
-7.4763
-7.47761
-7.47831
-7.47838
-7.4778
-7.47654
-7.47458
-7.47189
-7.46844
-7.46423
-7.45921
-7.45337
-7.44667
-7.4391
-7.43062
-7.42122
-7.41087
-7.39955
-7.38722
-7.37387
-7.35947
-7.34399
-7.32742
-7.30972
-7.29088
-7.27086
-7.24966
-7.22724
-7.20358
-7.17865
-7.15243
-7.12491
-7.09607
-7.06587
-7.03429
-7.00133
-6.96695
-6.93113
-6.89387
-6.85513
-6.8149
-6.77317
-6.72991
-6.68511
-6.63875
-6.59081
-6.54129
-6.49016
-6.43741
-6.38303
-6.32701
-6.26933
-6.20999
-6.14896
-6.08626
-6.02185
-5.95574
-5.88792
-5.81838
-5.74712
-5.67413
-5.59941
-5.52296
-5.44476
-5.36483
-5.28315
-5.19974
-5.11459
-5.0277
-4.93908
-4.84874
-4.75667
-4.66288
-4.56738
-4.47018
-4.37129
-4.27071
-4.16846
-4.06454
-3.95898
-3.85177
-3.74294
-3.63251
-3.52049
-3.40689
-3.29174
-3.17506
-3.05685
-2.93715
-2.81598
-2.69335
-2.56929
-2.44384
-2.317
-2.18882
-2.05931
-1.9285
-1.79643
-1.66312
-1.5286
-1.39291
-1.25607
-1.11812
-0.979091
-0.839015
-0.697922
-0.555858
-0.412865
-0.268977
-0.124229
0.0213391
0.167688
0.314777
0.462567
0.611015
0.760081
0.909722
1.0599
1.21056
1.36167
1.51318
1.66505
1.81723
1.96968
2.12235
2.2752
2.42818
2.58124
2.73433
2.88742
3.04045
3.19338
3.34615
3.49873
3.65107
3.80311
3.95481
4.10613
4.25702
4.40743
4.55731
4.70663
4.85534
5.00339
5.15073
5.29733
5.44315
5.58814
5.73226
5.87546
6.01772
6.15899
6.29924
6.43842
6.5765
6.71345
6.84924
6.98382
7.11717
7.24926
7.38006
7.50954
7.63767
7.76444
7.88981
8.01376
8.13627
8.25732
8.3769
8.49498
8.61155
8.7266
8.84011
8.95207
9.06248
9.17131
9.27856
9.38421
9.48825
9.59067
9.69148
9.79063
9.88816
9.98402
10.0782
10.1708
10.2616
10.3508
10.4383
10.524
10.608
10.6902
10.7707
10.8493
10.926
11.0009
11.0738
11.1447
11.2135
11.2802
11.3448
11.407
11.4669
11.5242
11.579
11.6311
11.6804
11.7267
11.7698
11.8101
11.845
11.8848
11.8867
-6.8242
-6.82458
-6.82488
-6.82444
-6.82306
-6.8211
-6.81891
-6.81675
-6.81475
-6.813
-6.81155
-6.8104
-6.80956
-6.809
-6.80866
-6.80853
-6.80858
-6.80877
-6.80906
-6.80943
-6.80985
-6.81033
-6.81083
-6.81133
-6.81182
-6.8123
-6.81279
-6.81329
-6.81376
-6.81422
-6.8147
-6.81519
-6.81568
-6.81617
-6.81665
-6.81714
-6.81765
-6.81816
-6.81867
-6.81914
-6.81959
-6.8201
-6.82066
-6.82126
-6.82194
-6.82272
-6.82355
-6.82445
-6.82545
-6.82656
-6.82775
-6.82901
-6.83036
-6.83182
-6.83338
-6.83505
-6.83685
-6.83876
-6.84081
-6.843
-6.84533
-6.8478
-6.85042
-6.85319
-6.85612
-6.85922
-6.86248
-6.86591
-6.8695
-6.87327
-6.87721
-6.88133
-6.88563
-6.89011
-6.89477
-6.89961
-6.90463
-6.90983
-6.91521
-6.92078
-6.92652
-6.93244
-6.93854
-6.94482
-6.95127
-6.9579
-6.9647
-6.97167
-6.97881
-6.98612
-6.99359
-7.00122
-7.009
-7.01694
-7.02504
-7.03328
-7.04165
-7.05017
-7.05882
-7.0676
-7.07651
-7.08553
-7.09466
-7.1039
-7.11324
-7.12267
-7.13218
-7.14176
-7.15142
-7.16114
-7.1709
-7.18071
-7.19055
-7.20042
-7.21029
-7.22016
-7.23002
-7.23987
-7.24968
-7.25944
-7.26914
-7.27877
-7.28831
-7.29775
-7.30708
-7.31627
-7.32533
-7.33422
-7.34293
-7.35145
-7.35976
-7.36784
-7.37567
-7.38324
-7.39053
-7.39751
-7.40417
-7.41049
-7.41645
-7.42202
-7.4272
-7.43194
-7.43624
-7.44008
-7.44342
-7.44625
-7.44855
-7.45028
-7.45144
-7.45199
-7.45191
-7.45117
-7.44976
-7.44765
-7.44482
-7.44123
-7.43687
-7.43171
-7.42573
-7.41889
-7.41118
-7.40258
-7.39305
-7.38257
-7.37112
-7.35868
-7.34522
-7.33071
-7.31513
-7.29845
-7.28065
-7.26171
-7.2416
-7.22031
-7.19781
-7.17407
-7.14907
-7.12279
-7.0952
-7.06629
-7.03604
-7.00441
-6.97141
-6.93699
-6.90115
-6.86386
-6.82511
-6.78487
-6.74313
-6.69988
-6.65509
-6.60874
-6.56083
-6.51133
-6.46024
-6.40753
-6.35321
-6.29724
-6.23963
-6.18035
-6.11941
-6.05678
-5.99246
-5.92645
-5.85874
-5.78931
-5.71817
-5.6453
-5.57071
-5.49439
-5.41635
-5.33656
-5.25504
-5.1718
-5.08682
-5.00011
-4.91168
-4.82153
-4.72965
-4.63606
-4.54077
-4.44379
-4.34512
-4.24477
-4.14275
-4.03907
-3.93376
-3.8268
-3.71823
-3.60807
-3.49631
-3.38299
-3.26812
-3.15172
-3.0338
-2.9144
-2.79353
-2.6712
-2.54746
-2.42231
-2.29579
-2.16793
-2.03874
-1.90826
-1.77651
-1.64353
-1.50934
-1.37399
-1.23748
-1.09987
-0.961178
-0.821437
-0.680688
-0.538975
-0.396328
-0.252785
-0.108382
0.0368399
0.182844
0.329588
0.477033
0.625138
0.773862
0.923162
1.073
1.22332
1.3741
1.52527
1.67681
1.82867
1.98079
2.13314
2.28567
2.43833
2.59108
2.74387
2.89665
3.04939
3.20202
3.35451
3.5068
3.65885
3.81062
3.96205
4.11311
4.26374
4.41389
4.56353
4.71261
4.86108
5.0089
5.15603
5.30241
5.44802
5.59281
5.73673
5.87975
6.02183
6.16292
6.303
6.44202
6.57995
6.71675
6.8524
6.98685
7.12008
7.25204
7.38274
7.51211
7.64015
7.76683
7.89212
8.01599
8.13844
8.25943
8.37895
8.49698
8.61352
8.72853
8.84202
8.95397
9.06437
9.17319
9.28045
9.3861
9.49017
9.59261
9.69344
9.79262
9.89019
9.98609
10.0803
10.1729
10.2639
10.3531
10.4406
10.5264
10.6105
10.6928
10.7733
10.8519
10.9287
11.0036
11.0765
11.1475
11.2163
11.283
11.3475
11.4097
11.4695
11.5268
11.5815
11.6335
11.6826
11.7287
11.7716
11.8117
11.8465
11.8854
11.8897
-6.83093
-6.83109
-6.83078
-6.82936
-6.82674
-6.82354
-6.82026
-6.81718
-6.81447
-6.81218
-6.81032
-6.8089
-6.80787
-6.80716
-6.8067
-6.80645
-6.80637
-6.80644
-6.8066
-6.80678
-6.807
-6.80728
-6.80761
-6.80791
-6.80819
-6.80848
-6.80882
-6.80917
-6.80947
-6.80973
-6.80997
-6.81021
-6.81041
-6.81056
-6.81061
-6.81054
-6.81046
-6.81042
-6.8104
-6.81039
-6.81042
-6.8105
-6.81062
-6.81081
-6.8111
-6.81149
-6.81193
-6.81244
-6.81302
-6.81371
-6.8145
-6.81541
-6.81644
-6.81758
-6.81885
-6.82025
-6.82179
-6.82346
-6.82528
-6.82725
-6.82938
-6.83165
-6.83409
-6.83669
-6.83946
-6.8424
-6.84551
-6.84879
-6.85225
-6.85589
-6.85971
-6.86372
-6.86791
-6.87228
-6.87683
-6.88158
-6.8865
-6.89161
-6.89691
-6.90239
-6.90805
-6.9139
-6.91992
-6.92612
-6.9325
-6.93906
-6.94579
-6.95269
-6.95977
-6.967
-6.9744
-6.98197
-6.98969
-6.99756
-7.00558
-7.01376
-7.02207
-7.03051
-7.03909
-7.0478
-7.05663
-7.06558
-7.07464
-7.0838
-7.09306
-7.1024
-7.11183
-7.12133
-7.1309
-7.14053
-7.15021
-7.15992
-7.16967
-7.17943
-7.1892
-7.19898
-7.20874
-7.21847
-7.22817
-7.23781
-7.2474
-7.25691
-7.26633
-7.27565
-7.28486
-7.29393
-7.30285
-7.31161
-7.32019
-7.32857
-7.33674
-7.34468
-7.35237
-7.3598
-7.36694
-7.37377
-7.38028
-7.38645
-7.39226
-7.39768
-7.4027
-7.4073
-7.41144
-7.41512
-7.41831
-7.42098
-7.42312
-7.4247
-7.4257
-7.42609
-7.42585
-7.42496
-7.4234
-7.42113
-7.41814
-7.4144
-7.40989
-7.40459
-7.39846
-7.39149
-7.38364
-7.3749
-7.36523
-7.35462
-7.34304
-7.33047
-7.31688
-7.30225
-7.28655
-7.26976
-7.25185
-7.2328
-7.21259
-7.19119
-7.16859
-7.14476
-7.11968
-7.09332
-7.06566
-7.03669
-7.00637
-6.97469
-6.94163
-6.90717
-6.87129
-6.83397
-6.79519
-6.75493
-6.71318
-6.66992
-6.62512
-6.57879
-6.53089
-6.48141
-6.43034
-6.37767
-6.32338
-6.26746
-6.2099
-6.15069
-6.08981
-6.02726
-5.96302
-5.8971
-5.82948
-5.76016
-5.68913
-5.61638
-5.54191
-5.46573
-5.38781
-5.30817
-5.2268
-5.14371
-5.0589
-4.97237
-4.88412
-4.79415
-4.70247
-4.60908
-4.514
-4.41723
-4.31878
-4.21866
-4.11687
-4.01343
-3.90836
-3.80167
-3.69336
-3.58346
-3.47197
-3.35893
-3.24433
-3.12821
-3.01059
-2.89148
-2.7709
-2.64888
-2.52544
-2.40061
-2.27441
-2.14686
-2.01799
-1.88784
-1.75642
-1.62377
-1.48992
-1.3549
-1.21874
-1.08147
-0.943112
-0.803718
-0.663323
-0.52196
-0.379662
-0.23647
-0.0924174
0.0524537
0.198107
0.3445
0.491595
0.639351
0.787726
0.936679
1.08617
1.23615
1.38658
1.53742
1.68862
1.84014
1.99193
2.14395
2.29616
2.44849
2.60093
2.7534
2.90587
3.0583
3.21063
3.36282
3.51482
3.66659
3.81807
3.96923
4.12001
4.27038
4.42028
4.56966
4.71849
4.86672
5.01431
5.16121
5.30737
5.45277
5.59734
5.74107
5.88389
6.02578
6.1667
6.30661
6.44546
6.58324
6.71989
6.8554
6.98971
7.12281
7.25466
7.38524
7.51452
7.64246
7.76905
7.89426
8.01807
8.14045
8.26138
8.38085
8.49884
8.61534
8.73033
8.8438
8.95574
9.06614
9.17497
9.28223
9.38791
9.492
9.59447
9.69533
9.79457
9.89218
9.98814
10.0825
10.1751
10.2661
10.3554
10.443
10.5289
10.613
10.6954
10.776
10.8547
10.9316
11.0065
11.0795
11.1505
11.2194
11.2861
11.3506
11.4128
11.4726
11.5298
11.5844
11.6363
11.6853
11.7313
11.774
11.8138
11.8486
11.8865
11.8935
-6.83949
-6.83909
-6.83762
-6.83457
-6.83011
-6.8252
-6.82052
-6.81639
-6.81291
-6.81007
-6.80782
-6.80612
-6.80492
-6.80408
-6.80347
-6.80305
-6.80285
-6.80282
-6.80288
-6.80294
-6.80305
-6.80331
-6.80364
-6.8039
-6.80407
-6.80418
-6.80429
-6.80436
-6.80428
-6.80403
-6.80355
-6.80293
-6.80232
-6.80174
-6.80114
-6.80052
-6.79989
-6.79928
-6.79872
-6.79828
-6.79793
-6.79762
-6.79733
-6.79709
-6.79694
-6.79688
-6.79694
-6.79712
-6.79741
-6.79782
-6.79835
-6.79901
-6.79981
-6.80075
-6.80182
-6.80304
-6.8044
-6.80592
-6.80759
-6.80942
-6.81142
-6.81357
-6.8159
-6.81839
-6.82106
-6.82391
-6.82693
-6.83014
-6.83353
-6.83709
-6.84085
-6.8448
-6.84894
-6.85326
-6.85777
-6.86247
-6.86735
-6.87243
-6.87768
-6.88313
-6.88876
-6.89457
-6.90056
-6.90674
-6.9131
-6.91963
-6.92633
-6.9332
-6.94024
-6.94745
-6.95483
-6.96236
-6.97004
-6.97789
-6.98588
-6.99401
-7.00229
-7.0107
-7.01924
-7.0279
-7.03669
-7.04559
-7.0546
-7.06371
-7.07291
-7.0822
-7.09157
-7.10101
-7.11052
-7.12008
-7.12968
-7.13933
-7.14899
-7.15868
-7.16837
-7.17806
-7.18773
-7.19737
-7.20697
-7.21652
-7.22601
-7.23541
-7.24473
-7.25394
-7.26303
-7.27198
-7.28078
-7.28942
-7.29788
-7.30613
-7.31417
-7.32198
-7.32953
-7.33682
-7.34382
-7.35052
-7.35688
-7.36291
-7.36857
-7.37384
-7.37871
-7.38315
-7.38714
-7.39066
-7.39369
-7.39621
-7.39819
-7.39961
-7.40045
-7.40068
-7.40029
-7.39925
-7.39753
-7.39511
-7.39196
-7.38807
-7.3834
-7.37794
-7.37166
-7.36454
-7.35654
-7.34765
-7.33784
-7.32709
-7.31538
-7.30267
-7.28894
-7.27417
-7.25835
-7.24143
-7.2234
-7.20423
-7.18391
-7.16241
-7.13971
-7.11578
-7.0906
-7.06415
-7.03641
-7.00736
-6.97697
-6.94523
-6.91211
-6.87759
-6.84166
-6.8043
-6.76548
-6.72519
-6.68342
-6.64013
-6.59533
-6.54899
-6.50109
-6.45162
-6.40057
-6.34792
-6.29367
-6.23778
-6.18027
-6.12111
-6.06028
-5.99779
-5.93363
-5.86778
-5.80025
-5.73102
-5.66009
-5.58746
-5.51311
-5.43705
-5.35926
-5.27976
-5.19854
-5.11561
-5.03095
-4.94459
-4.85651
-4.76673
-4.67524
-4.58206
-4.48718
-4.39062
-4.29239
-4.19249
-4.09093
-3.98773
-3.8829
-3.77645
-3.6684
-3.55875
-3.44754
-3.33476
-3.22045
-3.10461
-2.98727
-2.86845
-2.74817
-2.62646
-2.50333
-2.37881
-2.25292
-2.12569
-1.99715
-1.86732
-1.73624
-1.60393
-1.47041
-1.33573
-1.1999
-1.06297
-0.924969
-0.785929
-0.645886
-0.504875
-0.362931
-0.220093
-0.0763964
0.0681191
0.213416
0.359454
0.506194
0.653595
0.801616
0.950216
1.09935
1.24899
1.39907
1.54956
1.70042
1.8516
2.00305
2.15473
2.3066
2.45861
2.61072
2.76287
2.91503
3.06714
3.21916
3.37105
3.52275
3.67422
3.82542
3.97629
4.1268
4.27689
4.42652
4.57565
4.72423
4.87221
5.01956
5.16622
5.31216
5.45733
5.6017
5.74522
5.88784
6.02954
6.17028
6.31001
6.4487
6.58631
6.72282
6.85818
6.99236
7.12533
7.25707
7.38753
7.5167
7.64456
7.77106
7.8962
8.01993
8.14225
8.26313
8.38256
8.50051
8.61698
8.73195
8.84541
8.95734
9.06775
9.17659
9.28388
9.38959
9.49371
9.59623
9.69714
9.79643
9.8941
9.99013
10.0845
10.1773
10.2683
10.3577
10.4454
10.5314
10.6156
10.6981
10.7788
10.8576
10.9346
11.0096
11.0827
11.1538
11.2227
11.2895
11.354
11.4163
11.476
11.5333
11.5878
11.6396
11.6885
11.7344
11.777
11.8166
11.8513
11.8883
11.8979
-6.85085
-6.84915
-6.84545
-6.83964
-6.83238
-6.8252
-6.81886
-6.81361
-6.80939
-6.80606
-6.80347
-6.80159
-6.80035
-6.79953
-6.79893
-6.79853
-6.79846
-6.79866
-6.79892
-6.79907
-6.79912
-6.79923
-6.79932
-6.79916
-6.79868
-6.79788
-6.79679
-6.79562
-6.79446
-6.79331
-6.79206
-6.79072
-6.78939
-6.78812
-6.78699
-6.78599
-6.78504
-6.78404
-6.78306
-6.78215
-6.78134
-6.78062
-6.78
-6.77947
-6.77906
-6.77876
-6.7786
-6.77857
-6.77868
-6.77893
-6.77931
-6.77984
-6.78051
-6.78134
-6.78231
-6.78344
-6.78471
-6.78615
-6.78776
-6.78953
-6.79148
-6.79359
-6.79588
-6.79834
-6.80098
-6.80381
-6.80682
-6.81002
-6.8134
-6.81696
-6.82072
-6.82468
-6.82882
-6.83315
-6.83767
-6.84238
-6.84728
-6.85237
-6.85764
-6.8631
-6.86875
-6.87458
-6.88059
-6.88678
-6.89315
-6.89969
-6.90641
-6.91329
-6.92035
-6.92756
-6.93494
-6.94248
-6.95017
-6.95801
-6.966
-6.97413
-6.9824
-6.99081
-6.99934
-7.00798
-7.01675
-7.02563
-7.03462
-7.0437
-7.05287
-7.06213
-7.07146
-7.08086
-7.09033
-7.09984
-7.10939
-7.11898
-7.12859
-7.13821
-7.14784
-7.15746
-7.16706
-7.17662
-7.18614
-7.19561
-7.205
-7.21432
-7.22354
-7.23265
-7.24164
-7.25049
-7.25918
-7.26771
-7.27604
-7.28418
-7.29209
-7.29978
-7.3072
-7.31436
-7.32122
-7.32778
-7.33401
-7.33989
-7.34541
-7.35054
-7.35526
-7.35955
-7.36339
-7.36676
-7.36963
-7.37199
-7.37382
-7.37508
-7.37576
-7.37584
-7.37528
-7.37408
-7.3722
-7.36962
-7.36632
-7.36226
-7.35744
-7.35182
-7.34539
-7.3381
-7.32995
-7.32091
-7.31095
-7.30005
-7.28818
-7.27533
-7.26147
-7.24657
-7.2306
-7.21355
-7.1954
-7.17611
-7.15567
-7.13405
-7.11124
-7.0872
-7.06192
-7.03537
-7.00754
-6.9784
-6.94793
-6.91611
-6.88292
-6.84834
-6.81235
-6.77494
-6.73608
-6.69575
-6.65393
-6.61062
-6.56579
-6.51943
-6.47152
-6.42205
-6.37101
-6.31838
-6.26414
-6.20828
-6.1508
-6.09168
-6.03091
-5.96848
-5.90438
-5.83861
-5.77115
-5.70201
-5.63118
-5.55864
-5.4844
-5.40846
-5.33081
-5.25144
-5.17037
-5.08758
-5.00308
-4.91688
-4.82897
-4.73936
-4.64806
-4.55506
-4.46038
-4.36403
-4.26601
-4.16632
-4.06499
-3.96202
-3.85743
-3.75123
-3.64342
-3.53404
-3.42308
-3.31058
-3.19654
-3.08098
-2.96393
-2.8454
-2.72542
-2.60401
-2.48118
-2.35697
-2.2314
-2.1045
-1.97628
-1.84678
-1.71603
-1.58405
-1.45088
-1.31653
-1.18105
-1.04447
-0.906816
-0.768129
-0.628439
-0.487784
-0.346197
-0.203718
-0.0603798
0.0837759
0.228713
0.374391
0.520771
0.667812
0.815475
0.963717
1.1125
1.26177
1.4115
1.56164
1.71215
1.86298
2.01409
2.16543
2.31696
2.46864
2.62041
2.77224
2.92407
3.07586
3.22757
3.37914
3.53054
3.68171
3.83261
3.9832
4.13342
4.28323
4.43259
4.58146
4.72977
4.8775
5.0246
5.17103
5.31673
5.46168
5.60583
5.74914
5.89157
6.03307
6.17362
6.31317
6.45169
6.58915
6.7255
6.86071
6.99476
7.1276
7.25922
7.38957
7.51864
7.6464
7.77282
7.89788
8.02155
8.14382
8.26464
8.38403
8.50195
8.6184
8.73335
8.84682
8.95875
9.06917
9.17804
9.28536
9.39111
9.49528
9.59785
9.69883
9.79819
9.89594
9.99205
10.0865
10.1794
10.2705
10.36
10.4479
10.534
10.6183
10.7009
10.7817
10.8607
10.9378
11.0129
11.0861
11.1573
11.2263
11.2932
11.3578
11.4201
11.4799
11.5371
11.5917
11.6434
11.6923
11.7381
11.7805
11.82
11.8547
11.8907
11.903
-6.86666
-6.86187
-6.85383
-6.84316
-6.83199
-6.8222
-6.81428
-6.80818
-6.80362
-6.80019
-6.79768
-6.7961
-6.79539
-6.79514
-6.79497
-6.7948
-6.79478
-6.79489
-6.79474
-6.79412
-6.79302
-6.79146
-6.78964
-6.78779
-6.78598
-6.78413
-6.78208
-6.77993
-6.77791
-6.77607
-6.77446
-6.77293
-6.77132
-6.76967
-6.76808
-6.7666
-6.76522
-6.76391
-6.76268
-6.76155
-6.76053
-6.75963
-6.75884
-6.75816
-6.75763
-6.75725
-6.757
-6.7569
-6.75695
-6.75715
-6.75749
-6.75799
-6.75865
-6.75946
-6.76043
-6.76156
-6.76284
-6.7643
-6.76594
-6.76775
-6.76972
-6.77187
-6.7742
-6.77672
-6.77941
-6.78229
-6.78536
-6.78861
-6.79206
-6.79569
-6.79952
-6.80353
-6.80774
-6.81214
-6.81672
-6.8215
-6.82646
-6.83161
-6.83695
-6.84248
-6.84818
-6.85407
-6.86015
-6.8664
-6.87282
-6.87941
-6.88618
-6.89311
-6.90021
-6.90747
-6.91489
-6.92246
-6.93019
-6.93806
-6.94608
-6.95423
-6.96252
-6.97094
-6.97949
-6.98815
-6.99692
-7.0058
-7.01478
-7.02386
-7.03303
-7.04227
-7.05159
-7.06097
-7.0704
-7.07988
-7.0894
-7.09895
-7.10852
-7.1181
-7.12767
-7.13723
-7.14677
-7.15627
-7.16572
-7.17512
-7.18444
-7.19367
-7.20281
-7.21183
-7.22073
-7.22948
-7.23808
-7.2465
-7.25473
-7.26275
-7.27055
-7.27812
-7.28542
-7.29245
-7.29919
-7.30561
-7.3117
-7.31745
-7.32282
-7.32781
-7.33238
-7.33653
-7.34022
-7.34344
-7.34616
-7.34837
-7.35003
-7.35114
-7.35166
-7.35158
-7.35086
-7.34949
-7.34745
-7.34471
-7.34124
-7.33703
-7.33204
-7.32627
-7.31967
-7.31223
-7.30392
-7.29472
-7.2846
-7.27355
-7.26154
-7.24854
-7.23453
-7.21948
-7.20338
-7.1862
-7.1679
-7.14848
-7.12792
-7.10618
-7.08325
-7.0591
-7.03371
-7.00705
-6.97911
-6.94987
-6.91931
-6.88741
-6.85414
-6.81948
-6.78343
-6.74595
-6.70703
-6.66665
-6.6248
-6.58145
-6.53659
-6.4902
-6.44228
-6.3928
-6.34175
-6.28912
-6.2349
-6.17906
-6.12161
-6.06252
-6.0018
-5.93942
-5.87538
-5.80967
-5.74229
-5.67323
-5.60248
-5.53004
-5.4559
-5.38006
-5.30253
-5.22329
-5.14234
-5.0597
-4.97535
-4.8893
-4.80155
-4.71212
-4.62099
-4.52818
-4.43369
-4.33753
-4.23972
-4.14025
-4.03914
-3.9364
-3.83204
-3.72607
-3.61852
-3.50938
-3.39869
-3.28645
-3.17268
-3.0574
-2.94064
-2.8224
-2.70271
-2.5816
-2.45908
-2.33518
-2.20993
-2.08334
-1.95545
-1.82628
-1.69586
-1.56422
-1.43138
-1.29737
-1.16224
-1.02601
-0.88871
-0.750377
-0.611044
-0.470746
-0.329519
-0.1874
-0.0444249
0.0993681
0.243942
0.389256
0.535272
0.68195
0.829249
0.977129
1.12555
1.27446
1.42384
1.57362
1.72377
1.87425
2.02501
2.176
2.32719
2.47852
2.62996
2.78145
2.93295
3.08442
3.2358
3.38706
3.53815
3.68901
3.83961
3.9899
4.13983
4.28936
4.43844
4.58703
4.73509
4.88256
5.0294
5.17559
5.32106
5.46578
5.6097
5.7528
5.89502
6.03633
6.17668
6.31605
6.4544
6.59169
6.72789
6.86296
6.99686
7.12958
7.26107
7.39132
7.52029
7.64796
7.77429
7.89928
8.02289
8.1451
8.26588
8.38523
8.50312
8.61956
8.73451
8.84798
8.95993
9.07037
9.17928
9.28664
9.39244
9.49667
9.59931
9.70036
9.79981
9.89765
9.99386
10.0885
10.1814
10.2727
10.3623
10.4503
10.5365
10.621
10.7038
10.7847
10.8639
10.9411
11.0164
11.0897
11.161
11.2302
11.2972
11.3619
11.4242
11.4841
11.5414
11.596
11.6478
11.6966
11.7423
11.7847
11.824
11.8588
11.8939
11.9089
-6.89036
-6.87798
-6.86088
-6.84263
-6.82754
-6.81601
-6.80759
-6.80185
-6.79806
-6.79545
-6.79361
-6.79252
-6.79203
-6.79156
-6.79053
-6.78887
-6.78668
-6.78409
-6.78133
-6.77864
-6.77601
-6.77307
-6.76984
-6.76684
-6.76423
-6.76199
-6.7599
-6.75772
-6.75547
-6.75323
-6.75113
-6.7492
-6.74734
-6.74553
-6.74381
-6.74219
-6.74068
-6.73928
-6.73799
-6.73683
-6.73578
-6.73487
-6.73409
-6.73342
-6.73293
-6.7326
-6.7324
-6.73236
-6.73248
-6.73275
-6.73317
-6.73376
-6.73451
-6.73542
-6.73649
-6.73772
-6.73913
-6.74071
-6.74245
-6.74437
-6.74647
-6.74874
-6.75119
-6.75383
-6.75665
-6.75966
-6.76285
-6.76622
-6.76979
-6.77357
-6.77752
-6.78164
-6.78597
-6.79048
-6.79518
-6.80007
-6.80515
-6.81041
-6.81586
-6.82149
-6.82729
-6.83328
-6.83945
-6.8458
-6.8523
-6.85898
-6.86583
-6.87284
-6.88001
-6.88734
-6.89483
-6.90246
-6.91025
-6.91818
-6.92624
-6.93444
-6.94278
-6.95124
-6.95981
-6.9685
-6.9773
-6.98621
-6.9952
-7.00429
-7.01346
-7.02271
-7.03203
-7.04141
-7.05083
-7.0603
-7.0698
-7.07932
-7.08886
-7.0984
-7.10793
-7.11745
-7.12694
-7.13639
-7.14578
-7.15511
-7.16437
-7.17353
-7.18259
-7.19153
-7.20034
-7.20901
-7.21751
-7.22583
-7.23396
-7.24188
-7.24957
-7.25702
-7.26421
-7.27112
-7.27773
-7.28403
-7.28999
-7.2956
-7.30084
-7.30568
-7.31011
-7.31411
-7.31765
-7.32072
-7.32329
-7.32534
-7.32686
-7.32781
-7.32817
-7.32793
-7.32705
-7.32552
-7.32331
-7.32041
-7.31678
-7.3124
-7.30726
-7.30132
-7.29456
-7.28696
-7.27849
-7.26912
-7.25885
-7.24764
-7.23547
-7.22231
-7.20815
-7.19296
-7.17671
-7.15939
-7.14095
-7.1214
-7.1007
-7.07883
-7.05577
-7.0315
-7.006
-6.97923
-6.95119
-6.92184
-6.89118
-6.85919
-6.82583
-6.79109
-6.75496
-6.71741
-6.67843
-6.63799
-6.59608
-6.55269
-6.5078
-6.46139
-6.41344
-6.36394
-6.31288
-6.26025
-6.20603
-6.1502
-6.09276
-6.0337
-5.97301
-5.91067
-5.84668
-5.78103
-5.71371
-5.64472
-5.57405
-5.50169
-5.42765
-5.35191
-5.27449
-5.19536
-5.11454
-5.03203
-4.94782
-4.86192
-4.77433
-4.68506
-4.5941
-4.50147
-4.40717
-4.31121
-4.21359
-4.11433
-4.01343
-3.91092
-3.80679
-3.70106
-3.59374
-3.48486
-3.37442
-3.26245
-3.14895
-3.03395
-2.91746
-2.79951
-2.68012
-2.5593
-2.43709
-2.3135
-2.18856
-2.0623
-1.93473
-1.80588
-1.67579
-1.54448
-1.41198
-1.27832
-1.14354
-1.00766
-0.870712
-0.732735
-0.593759
-0.453822
-0.312957
-0.171202
-0.0285909
0.114836
0.259043
0.40399
0.549639
0.695949
0.842882
0.990395
1.13845
1.287
1.43601
1.58543
1.73522
1.88534
2.03575
2.18639
2.33722
2.48821
2.6393
2.79046
2.94162
3.09276
3.24381
3.39475
3.54552
3.69607
3.84636
3.99635
4.14598
4.29522
4.44402
4.59233
4.74012
4.88733
5.03392
5.17985
5.32508
5.46956
5.61326
5.75614
5.89815
6.03926
6.17942
6.31861
6.45678
6.5939
6.72994
6.86487
6.99864
7.13122
7.2626
7.39273
7.5216
7.64918
7.77544
7.90036
8.02391
8.14607
8.26681
8.38613
8.504
8.62043
8.73538
8.84886
8.96085
9.07132
9.18027
9.28769
9.39355
9.49786
9.60058
9.70172
9.80127
9.89921
9.99555
10.0903
10.1834
10.2748
10.3646
10.4527
10.5391
10.6238
10.7067
10.7878
10.8671
10.9445
11.02
11.0935
11.165
11.2343
11.3015
11.3663
11.4288
11.4888
11.5461
11.6008
11.6526
11.7014
11.7472
11.7895
11.8287
11.8636
11.8978
11.9156
-6.92781
-6.89445
-6.86383
-6.8393
-6.82297
-6.8116
-6.80374
-6.7985
-6.79468
-6.79118
-6.78755
-6.78375
-6.77963
-6.77521
-6.77091
-6.76689
-6.76269
-6.7581
-6.75373
-6.75006
-6.74702
-6.74429
-6.74149
-6.73862
-6.73582
-6.73318
-6.73071
-6.72839
-6.72613
-6.72391
-6.72185
-6.71994
-6.71813
-6.71641
-6.71479
-6.71329
-6.71191
-6.71064
-6.70949
-6.70848
-6.70759
-6.70684
-6.70624
-6.70579
-6.70549
-6.70533
-6.70532
-6.70547
-6.70578
-6.70624
-6.70687
-6.70765
-6.7086
-6.70971
-6.71097
-6.71241
-6.71404
-6.71581
-6.71774
-6.71985
-6.72214
-6.72461
-6.72726
-6.73009
-6.7331
-6.73629
-6.73966
-6.74322
-6.74697
-6.75091
-6.75504
-6.75933
-6.76382
-6.76849
-6.77335
-6.77839
-6.78362
-6.78904
-6.79463
-6.8004
-6.80634
-6.81246
-6.81875
-6.82521
-6.83183
-6.83862
-6.84558
-6.85269
-6.85996
-6.86738
-6.87496
-6.88268
-6.89054
-6.89854
-6.90667
-6.91494
-6.92333
-6.93184
-6.94047
-6.9492
-6.95804
-6.96698
-6.976
-6.98512
-6.99431
-7.00357
-7.01289
-7.02227
-7.0317
-7.04116
-7.05065
-7.06016
-7.06967
-7.07919
-7.08869
-7.09818
-7.10762
-7.11703
-7.12637
-7.13565
-7.14484
-7.15394
-7.16293
-7.17179
-7.18052
-7.1891
-7.19751
-7.20574
-7.21377
-7.22159
-7.22918
-7.23652
-7.24359
-7.25039
-7.25688
-7.26305
-7.26889
-7.27437
-7.27947
-7.28417
-7.28846
-7.29231
-7.29571
-7.29863
-7.30105
-7.30295
-7.30431
-7.3051
-7.30531
-7.30491
-7.30387
-7.30218
-7.29981
-7.29674
-7.29295
-7.28841
-7.2831
-7.27699
-7.27007
-7.26231
-7.25367
-7.24415
-7.23371
-7.22234
-7.21001
-7.1967
-7.18239
-7.16704
-7.15065
-7.13317
-7.1146
-7.0949
-7.07406
-7.05206
-7.02887
-7.00447
-6.97885
-6.95197
-6.92381
-6.89436
-6.8636
-6.8315
-6.79805
-6.76323
-6.72701
-6.68938
-6.65033
-6.60983
-6.56786
-6.52441
-6.47947
-6.43302
-6.38504
-6.33552
-6.28445
-6.2318
-6.17757
-6.12175
-6.06432
-6.00528
-5.94461
-5.8823
-5.81835
-5.75275
-5.68548
-5.61655
-5.54595
-5.47368
-5.39972
-5.32408
-5.24675
-5.16774
-5.08704
-5.00465
-4.92058
-4.83482
-4.74738
-4.65827
-4.56748
-4.47502
-4.3809
-4.28512
-4.1877
-4.08864
-3.98795
-3.88565
-3.78175
-3.67625
-3.56918
-3.46054
-3.35035
-3.23863
-3.1254
-3.01067
-2.89447
-2.7768
-2.6577
-2.53718
-2.41527
-2.29199
-2.16736
-2.04141
-1.91416
-1.78565
-1.65588
-1.52491
-1.39275
-1.25944
-1.125
-0.989472
-0.852879
-0.715258
-0.576642
-0.437066
-0.296564
-0.155174
-0.0129299
0.130129
0.273967
0.418544
0.563823
0.709763
0.856326
1.00347
1.15115
1.29934
1.44798
1.59703
1.74646
1.89622
2.04626
2.19655
2.34703
2.49767
2.64841
2.79922
2.95004
3.10084
3.25156
3.40217
3.55261
3.70285
3.85283
4.00251
4.15184
4.30079
4.4493
4.59733
4.74484
4.89178
5.0381
5.18378
5.32877
5.47301
5.61649
5.75914
5.90094
6.04184
6.18181
6.32081
6.4588
6.59576
6.73164
6.86642
7.00005
7.1325
7.26376
7.39379
7.52256
7.65005
7.77623
7.90109
8.02458
8.14669
8.2674
8.3867
8.50456
8.62098
8.73595
8.84945
8.96147
9.07199
9.181
9.28848
9.39442
9.49881
9.60163
9.70288
9.80254
9.90061
9.99708
10.0919
10.1852
10.2768
10.3668
10.4551
10.5417
10.6265
10.7097
10.791
10.8705
10.9481
11.0238
11.0975
11.1692
11.2387
11.3061
11.3711
11.4337
11.4938
11.5513
11.6061
11.658
11.7069
11.7526
11.795
11.8341
11.869
11.9024
11.9229
-7.00618
-6.92136
-6.86885
-6.83903
-6.81877
-6.80336
-6.79154
-6.78153
-6.77244
-6.76434
-6.75717
-6.7503
-6.74324
-6.73653
-6.73119
-6.72716
-6.72364
-6.72011
-6.71661
-6.71328
-6.71015
-6.70724
-6.70455
-6.70199
-6.69955
-6.69723
-6.69506
-6.69301
-6.69109
-6.6893
-6.68761
-6.68602
-6.68453
-6.68316
-6.68189
-6.68073
-6.67969
-6.67877
-6.67797
-6.6773
-6.67677
-6.67635
-6.67609
-6.67601
-6.67605
-6.6762
-6.6765
-6.67697
-6.67759
-6.67836
-6.67929
-6.68037
-6.6816
-6.68299
-6.68454
-6.68625
-6.68815
-6.69019
-6.69239
-6.69476
-6.69731
-6.70003
-6.70292
-6.706
-6.70924
-6.71267
-6.71627
-6.72005
-6.72402
-6.72817
-6.7325
-6.737
-6.74168
-6.74655
-6.75159
-6.75682
-6.76222
-6.7678
-6.77356
-6.77949
-6.78559
-6.79186
-6.79829
-6.8049
-6.81166
-6.81858
-6.82565
-6.83288
-6.84027
-6.8478
-6.85547
-6.86329
-6.87124
-6.87933
-6.88754
-6.89588
-6.90435
-6.91292
-6.92161
-6.9304
-6.93928
-6.94826
-6.95732
-6.96646
-6.97567
-6.98495
-6.99429
-7.00367
-7.0131
-7.02257
-7.03205
-7.04155
-7.05105
-7.06054
-7.07002
-7.07947
-7.08888
-7.09824
-7.10754
-7.11677
-7.1259
-7.13494
-7.14386
-7.15266
-7.16131
-7.16981
-7.17813
-7.18627
-7.19421
-7.20193
-7.20941
-7.21665
-7.22361
-7.23029
-7.23666
-7.24271
-7.24842
-7.25377
-7.25874
-7.26331
-7.26746
-7.27117
-7.27442
-7.2772
-7.27947
-7.28121
-7.28242
-7.28306
-7.2831
-7.28254
-7.28134
-7.27949
-7.27696
-7.27372
-7.26977
-7.26506
-7.25958
-7.25331
-7.24623
-7.2383
-7.2295
-7.21982
-7.20922
-7.19769
-7.1852
-7.17174
-7.15726
-7.14176
-7.12521
-7.10759
-7.08886
-7.06902
-7.04804
-7.0259
-7.00258
-6.97805
-6.9523
-6.92529
-6.89702
-6.86746
-6.83659
-6.80438
-6.77083
-6.73591
-6.69961
-6.6619
-6.62277
-6.58219
-6.54016
-6.49665
-6.45166
-6.40516
-6.35714
-6.30759
-6.25649
-6.20382
-6.14958
-6.09375
-6.03633
-5.97729
-5.91664
-5.85436
-5.79044
-5.72488
-5.65766
-5.58879
-5.51825
-5.44605
-5.37217
-5.29662
-5.21939
-5.14048
-5.05989
-4.97762
-4.89368
-4.80805
-4.72076
-4.6318
-4.54116
-4.44887
-4.35493
-4.25933
-4.1621
-4.06324
-3.96276
-3.86067
-3.75698
-3.65171
-3.54487
-3.43648
-3.32654
-3.21508
-3.10211
-2.98765
-2.87172
-2.75434
-2.63552
-2.5153
-2.39369
-2.27071
-2.14639
-2.02076
-1.89383
-1.76564
-1.63621
-1.50557
-1.37375
-1.24078
-1.10669
-0.971512
-0.835274
-0.69801
-0.559754
-0.42054
-0.280403
-0.13938
0.00249573
0.145185
0.288652
0.432857
0.577763
0.72333
0.869519
1.01629
1.1636
1.31141
1.45968
1.60837
1.75743
1.90682
2.0565
2.20642
2.35655
2.50683
2.65722
2.80768
2.95816
3.10861
3.259
3.40927
3.55939
3.7093
3.85896
4.00833
4.15736
4.30601
4.45422
4.60197
4.74919
4.89586
5.04193
5.18735
5.33208
5.47609
5.61933
5.76176
5.90334
6.04403
6.1838
6.32261
6.46043
6.59722
6.73295
6.86757
7.00106
7.13339
7.26453
7.39445
7.52312
7.65053
7.77664
7.90144
8.02488
8.14695
8.26763
8.38691
8.50477
8.6212
8.73619
8.84972
8.96179
9.07237
9.18144
9.28901
9.39504
9.49952
9.60245
9.70382
9.80362
9.90183
9.99846
10.0935
10.1869
10.2787
10.3689
10.4574
10.5442
10.6293
10.7127
10.7942
10.874
10.9518
11.0278
11.1017
11.1736
11.2434
11.311
11.3762
11.439
11.4993
11.557
11.6119
11.6639
11.7129
11.7587
11.8012
11.8402
11.8753
11.9079
11.9311
-7.18322
-6.87892
-6.80332
-6.7986
-6.78082
-6.7597
-6.74371
-6.73032
-6.7184
-6.70902
-6.70208
-6.69627
-6.69103
-6.68646
-6.68254
-6.67906
-6.67579
-6.67274
-6.67
-6.66755
-6.66528
-6.66317
-6.66124
-6.65945
-6.65777
-6.6562
-6.65475
-6.65337
-6.65212
-6.65104
-6.64997
-6.64894
-6.64804
-6.64723
-6.64651
-6.64589
-6.64536
-6.64494
-6.64463
-6.64444
-6.64438
-6.64443
-6.64463
-6.64499
-6.64547
-6.64606
-6.64679
-6.64766
-6.64868
-6.64985
-6.65115
-6.6526
-6.65419
-6.65593
-6.65782
-6.65987
-6.66208
-6.66445
-6.66697
-6.66965
-6.6725
-6.67552
-6.6787
-6.68206
-6.68558
-6.68927
-6.69314
-6.69717
-6.70137
-6.70576
-6.71032
-6.71505
-6.71995
-6.72502
-6.73027
-6.73569
-6.74129
-6.74705
-6.75298
-6.75908
-6.76535
-6.77178
-6.77837
-6.78512
-6.79203
-6.79909
-6.8063
-6.81365
-6.82116
-6.8288
-6.83658
-6.8445
-6.85255
-6.86073
-6.86903
-6.87745
-6.88598
-6.89463
-6.90337
-6.91222
-6.92115
-6.93017
-6.93928
-6.94845
-6.9577
-6.967
-6.97635
-6.98575
-6.99518
-7.00464
-7.01412
-7.02361
-7.03309
-7.04257
-7.05202
-7.06144
-7.07081
-7.08013
-7.08938
-7.09855
-7.10763
-7.1166
-7.12546
-7.13418
-7.14276
-7.15118
-7.15942
-7.16747
-7.17531
-7.18293
-7.19031
-7.19744
-7.20429
-7.21086
-7.21711
-7.22304
-7.22862
-7.23384
-7.23868
-7.24312
-7.24713
-7.2507
-7.25381
-7.25643
-7.25855
-7.26015
-7.2612
-7.26168
-7.26157
-7.26085
-7.25949
-7.25747
-7.25478
-7.25138
-7.24726
-7.24238
-7.23674
-7.23031
-7.22305
-7.21495
-7.20599
-7.19614
-7.18538
-7.17369
-7.16104
-7.14741
-7.13278
-7.11712
-7.10042
-7.08264
-7.06377
-7.04378
-7.02266
-7.00037
-6.97691
-6.95225
-6.92636
-6.89924
-6.87084
-6.84116
-6.81017
-6.77786
-6.7442
-6.70919
-6.67279
-6.63499
-6.59578
-6.55512
-6.51302
-6.46945
-6.4244
-6.37785
-6.32978
-6.28019
-6.22906
-6.17637
-6.12211
-6.06627
-6.00884
-5.94981
-5.88917
-5.82691
-5.76301
-5.69748
-5.63031
-5.56149
-5.49101
-5.41887
-5.34507
-5.26959
-5.19245
-5.11364
-5.03316
-4.951
-4.86718
-4.78169
-4.69453
-4.60571
-4.51524
-4.4231
-4.32933
-4.23391
-4.13686
-4.03819
-3.93791
-3.83603
-3.73256
-3.62751
-3.5209
-3.41275
-3.30305
-3.19184
-3.07914
-2.96494
-2.84928
-2.73218
-2.61365
-2.49372
-2.3724
-2.24973
-2.12572
-2.00039
-1.87379
-1.74592
-1.61682
-1.48652
-1.35503
-1.22241
-1.08866
-0.953833
-0.817948
-0.681041
-0.543145
-0.404294
-0.264522
-0.123866
0.01764
0.159958
0.303052
0.446884
0.591415
0.736607
0.882421
1.02882
1.17575
1.32319
1.47109
1.6194
1.76809
1.91711
2.06642
2.21598
2.36574
2.51566
2.6657
2.8158
2.96593
3.11604
3.26609
3.41602
3.5658
3.71539
3.86473
4.01378
4.1625
4.31084
4.45876
4.60621
4.75315
4.89954
5.04533
5.19049
5.33497
5.47873
5.62173
5.76394
5.90529
6.04578
6.18535
6.32397
6.4616
6.59822
6.73379
6.86826
7.00161
7.13381
7.26483
7.39464
7.52322
7.65055
7.77659
7.90132
8.02472
8.14675
8.2674
8.38666
8.50452
8.62097
8.73599
8.84957
8.96169
9.07233
9.18149
9.28914
9.39527
9.49987
9.60293
9.70443
9.80437
9.90275
9.99955
10.0948
10.1884
10.2804
10.3708
10.4595
10.5466
10.6319
10.7156
10.7974
10.8774
10.9556
11.0318
11.106
11.1782
11.2482
11.3161
11.3816
11.4446
11.5052
11.5631
11.6182
11.6704
11.7195
11.7654
11.8079
11.847
11.8822
11.9142
11.9399
-6.77782
-6.5959
-6.6073
-6.65764
-6.6621
-6.65043
-6.64412
-6.64138
-6.63871
-6.63591
-6.63347
-6.6311
-6.62878
-6.62691
-6.62538
-6.62395
-6.62247
-6.62109
-6.61995
-6.61898
-6.61808
-6.61723
-6.61644
-6.61572
-6.61506
-6.61446
-6.61392
-6.61342
-6.61301
-6.61269
-6.61235
-6.61206
-6.61186
-6.61171
-6.61162
-6.6116
-6.61167
-6.61182
-6.61207
-6.61242
-6.61287
-6.61344
-6.61413
-6.61496
-6.61591
-6.61697
-6.61813
-6.61943
-6.62087
-6.62244
-6.62413
-6.62595
-6.62791
-6.63001
-6.63225
-6.63463
-6.63718
-6.63987
-6.64272
-6.64571
-6.64887
-6.65218
-6.65565
-6.65929
-6.66308
-6.66704
-6.67116
-6.67543
-6.67988
-6.68449
-6.68927
-6.69421
-6.69932
-6.7046
-6.71005
-6.71566
-6.72144
-6.72738
-6.73349
-6.73975
-6.74618
-6.75276
-6.7595
-6.76639
-6.77343
-6.78061
-6.78794
-6.79541
-6.80302
-6.81076
-6.81864
-6.82665
-6.83478
-6.84304
-6.85141
-6.8599
-6.8685
-6.8772
-6.886
-6.89488
-6.90386
-6.91292
-6.92205
-6.93125
-6.94051
-6.94982
-6.95918
-6.96858
-6.978
-6.98745
-6.99692
-7.00638
-7.01584
-7.02528
-7.03469
-7.04407
-7.0534
-7.06266
-7.07186
-7.08096
-7.08998
-7.09888
-7.10765
-7.1163
-7.12479
-7.13311
-7.14125
-7.1492
-7.15694
-7.16445
-7.17172
-7.17872
-7.18546
-7.19189
-7.19802
-7.20381
-7.20926
-7.21433
-7.21903
-7.22332
-7.22718
-7.2306
-7.23355
-7.23601
-7.23797
-7.2394
-7.24028
-7.24059
-7.24031
-7.23941
-7.23788
-7.23568
-7.23281
-7.22924
-7.22493
-7.21988
-7.21406
-7.20744
-7.2
-7.19173
-7.18258
-7.17255
-7.16161
-7.14974
-7.13691
-7.1231
-7.10829
-7.09247
-7.07559
-7.05764
-7.0386
-7.01844
-6.99716
-6.97472
-6.9511
-6.92628
-6.90025
-6.87297
-6.84444
-6.81462
-6.7835
-6.75106
-6.71728
-6.68215
-6.64564
-6.60773
-6.56841
-6.52767
-6.48547
-6.44182
-6.39669
-6.35007
-6.30194
-6.25229
-6.2011
-6.14837
-6.09407
-6.03821
-5.98076
-5.92171
-5.86106
-5.7988
-5.73492
-5.66941
-5.60226
-5.53347
-5.46303
-5.39094
-5.3172
-5.2418
-5.16473
-5.086
-5.00561
-4.92356
-4.83984
-4.75447
-4.66744
-4.57876
-4.48843
-4.39645
-4.30283
-4.20758
-4.11071
-4.01223
-3.91214
-3.81046
-3.70721
-3.60238
-3.496
-3.38808
-3.27863
-3.16767
-3.05522
-2.94129
-2.82591
-2.70909
-2.59085
-2.47121
-2.3502
-2.22783
-2.10413
-1.97913
-1.85285
-1.72532
-1.59656
-1.4666
-1.33547
-1.20319
-1.06981
-0.935343
-0.799827
-0.663292
-0.525773
-0.387302
-0.247913
-0.107644
0.0334731
0.1754
0.3181
0.461536
0.60567
0.750464
0.895879
1.04187
1.18841
1.33545
1.48294
1.63086
1.77915
1.92777
2.07669
2.22585
2.37522
2.52475
2.6744
2.82412
2.97386
3.1236
3.27327
3.42283
3.57225
3.72147
3.87046
4.01916
4.16754
4.31554
4.46313
4.61026
4.75688
4.90296
5.04846
5.19332
5.33752
5.481
5.62374
5.76568
5.90679
6.04704
6.18638
6.32478
6.46222
6.59864
6.73403
6.86833
7.00152
7.13357
7.26445
7.39415
7.52262
7.64985
7.77581
7.90048
8.02382
8.14581
8.26644
8.38569
8.50355
8.62002
8.73507
8.84871
8.96089
9.07162
9.18087
9.28863
9.39488
9.49962
9.60282
9.70449
9.80461
9.90319
10.0002
10.0956
10.1895
10.2818
10.3724
10.4614
10.5488
10.6345
10.7184
10.8006
10.881
10.9594
11.036
11.1106
11.1832
11.2536
11.3217
11.3876
11.451
11.5119
11.57
11.6254
11.6779
11.7272
11.7733
11.816
11.8552
11.8906
11.922
11.9503
-6.77902
-6.69923
-6.65979
-6.65244
-6.62918
-6.60142
-6.58475
-6.57672
-6.57186
-6.56872
-6.56728
-6.56696
-6.56714
-6.56775
-6.56863
-6.56949
-6.57029
-6.57104
-6.57171
-6.57229
-6.5728
-6.57326
-6.57366
-6.57403
-6.57438
-6.57472
-6.57506
-6.57541
-6.57582
-6.57621
-6.57655
-6.57695
-6.57742
-6.5779
-6.5784
-6.57896
-6.5796
-6.58032
-6.58112
-6.58201
-6.58299
-6.58406
-6.58524
-6.58653
-6.58793
-6.58943
-6.591
-6.59269
-6.59453
-6.59647
-6.59852
-6.60069
-6.603
-6.60543
-6.608
-6.61072
-6.61358
-6.61658
-6.61973
-6.62302
-6.62646
-6.63006
-6.6338
-6.6377
-6.64174
-6.64595
-6.6503
-6.65479
-6.65945
-6.66427
-6.66925
-6.6744
-6.6797
-6.68517
-6.69079
-6.69658
-6.70253
-6.70864
-6.7149
-6.72131
-6.72788
-6.7346
-6.74146
-6.74847
-6.75562
-6.76292
-6.77035
-6.77792
-6.78562
-6.79345
-6.80141
-6.80949
-6.81769
-6.82601
-6.83445
-6.84299
-6.85163
-6.86038
-6.86921
-6.87813
-6.88713
-6.8962
-6.90535
-6.91455
-6.92382
-6.93313
-6.94248
-6.95186
-6.96127
-6.97069
-6.98012
-6.98955
-6.99897
-7.00837
-7.01773
-7.02705
-7.03631
-7.04551
-7.05463
-7.06366
-7.07259
-7.08141
-7.09009
-7.09864
-7.10703
-7.11524
-7.12328
-7.13111
-7.13873
-7.14611
-7.15325
-7.16013
-7.16672
-7.17302
-7.179
-7.18464
-7.18994
-7.19486
-7.19939
-7.20351
-7.20721
-7.21046
-7.21324
-7.21552
-7.2173
-7.21855
-7.21925
-7.21938
-7.21891
-7.21782
-7.2161
-7.21371
-7.21064
-7.20687
-7.20237
-7.19712
-7.1911
-7.18428
-7.17665
-7.16817
-7.15883
-7.1486
-7.13746
-7.12539
-7.11237
-7.09837
-7.08336
-7.06734
-7.05028
-7.03214
-7.01291
-6.99258
-6.97111
-6.94849
-6.9247
-6.89972
-6.87351
-6.84608
-6.81738
-6.78741
-6.75614
-6.72355
-6.68963
-6.65436
-6.61772
-6.57969
-6.54025
-6.49939
-6.45709
-6.41334
-6.36811
-6.3214
-6.27319
-6.22347
-6.17222
-6.11942
-6.06508
-6.00917
-5.95168
-5.89261
-5.83194
-5.76967
-5.70578
-5.64028
-5.57314
-5.50437
-5.43397
-5.36192
-5.28822
-5.21287
-5.13587
-5.05722
-4.97692
-4.89496
-4.81135
-4.72609
-4.63918
-4.55063
-4.46044
-4.3686
-4.27514
-4.18006
-4.08337
-3.98507
-3.88518
-3.7837
-3.68066
-3.57605
-3.4699
-3.36222
-3.25302
-3.14232
-3.03014
-2.91649
-2.80139
-2.68485
-2.56691
-2.44758
-2.32688
-2.20483
-2.08146
-1.9568
-1.83086
-1.70367
-1.57527
-1.44567
-1.31491
-1.18301
-1.05
-0.915921
-0.780795
-0.644655
-0.507535
-0.369468
-0.230487
-0.0906288
0.0500726
0.191581
0.333859
0.476872
0.62058
0.764946
0.909931
1.0555
1.2016
1.3482
1.49527
1.64275
1.79061
1.9388
2.08729
2.23602
2.38496
2.53406
2.68329
2.83258
2.98191
3.13123
3.28049
3.42965
3.57867
3.72749
3.87609
4.0244
4.1724
4.32003
4.46725
4.61402
4.76029
4.90602
5.05118
5.19572
5.3396
5.48277
5.62521
5.76687
5.9077
6.04768
6.18676
6.32492
6.46212
6.59834
6.73352
6.86763
7.00064
7.13252
7.26325
7.39281
7.52116
7.64829
7.77415
7.89875
8.02203
8.14397
8.26457
8.38381
8.50168
8.61818
8.73329
8.84699
8.95926
9.07008
9.17944
9.28733
9.39373
9.49863
9.60201
9.70388
9.80423
9.90304
10.0003
10.096
10.1902
10.2828
10.3738
10.4631
10.5509
10.6369
10.7213
10.8039
10.8846
10.9635
11.0406
11.1156
11.1886
11.2595
11.3281
11.3944
11.4583
11.5195
11.5781
11.6339
11.6867
11.7364
11.7828
11.8258
11.8651
11.9007
11.9317
11.9626
-6.68496
-6.64888
-6.60583
-6.59145
-6.58183
-6.56812
-6.55716
-6.55016
-6.5444
-6.53931
-6.53524
-6.53214
-6.52977
-6.52817
-6.52725
-6.52683
-6.52702
-6.52762
-6.52839
-6.52928
-6.53035
-6.53152
-6.53275
-6.53398
-6.5352
-6.53639
-6.53755
-6.53867
-6.53976
-6.54084
-6.54191
-6.54296
-6.54399
-6.545
-6.54604
-6.54715
-6.54833
-6.5496
-6.55093
-6.55234
-6.55383
-6.55538
-6.55703
-6.55876
-6.5606
-6.56251
-6.56444
-6.56651
-6.56873
-6.57103
-6.57342
-6.57592
-6.57856
-6.58134
-6.58425
-6.58729
-6.59047
-6.59379
-6.59724
-6.60082
-6.60455
-6.60842
-6.61242
-6.61657
-6.62087
-6.6253
-6.62987
-6.63458
-6.63944
-6.64447
-6.64966
-6.65499
-6.66049
-6.66614
-6.67194
-6.6779
-6.68402
-6.69028
-6.69669
-6.70325
-6.70995
-6.7168
-6.72378
-6.7309
-6.73816
-6.74555
-6.75308
-6.76074
-6.76852
-6.77644
-6.78447
-6.79262
-6.80089
-6.80927
-6.81775
-6.82634
-6.83502
-6.8438
-6.85266
-6.8616
-6.87062
-6.8797
-6.88885
-6.89805
-6.90731
-6.91661
-6.92594
-6.9353
-6.94468
-6.95407
-6.96347
-6.97285
-6.98222
-6.99156
-7.00087
-7.01012
-7.01932
-7.02844
-7.03748
-7.04643
-7.05526
-7.06398
-7.07257
-7.08101
-7.08929
-7.09739
-7.1053
-7.11301
-7.12051
-7.12776
-7.13476
-7.1415
-7.14795
-7.15409
-7.15992
-7.16541
-7.17054
-7.1753
-7.17967
-7.18362
-7.18714
-7.19021
-7.19281
-7.19492
-7.19652
-7.19758
-7.19809
-7.19802
-7.19736
-7.19608
-7.19415
-7.19157
-7.1883
-7.18433
-7.17963
-7.17417
-7.16795
-7.16093
-7.1531
-7.14442
-7.13487
-7.12444
-7.1131
-7.10083
-7.08761
-7.07341
-7.05821
-7.04199
-7.02473
-7.0064
-6.98699
-6.96647
-6.94482
-6.92202
-6.89805
-6.8729
-6.84653
-6.81892
-6.79007
-6.75994
-6.72852
-6.69579
-6.66173
-6.62632
-6.58955
-6.55139
-6.51184
-6.47086
-6.42845
-6.38459
-6.33928
-6.29248
-6.24419
-6.19439
-6.14308
-6.09023
-6.03583
-5.97988
-5.92236
-5.86326
-5.80257
-5.74029
-5.6764
-5.6109
-5.54378
-5.47504
-5.40467
-5.33266
-5.25902
-5.18373
-5.1068
-5.02823
-4.94801
-4.86615
-4.78265
-4.69751
-4.61073
-4.52232
-4.43227
-4.34059
-4.24729
-4.15238
-4.05587
-3.95776
-3.85807
-3.75681
-3.65399
-3.54961
-3.4437
-3.33627
-3.22733
-3.1169
-3.00499
-2.89162
-2.77681
-2.66058
-2.54294
-2.42393
-2.30355
-2.18184
-2.05881
-1.93449
-1.8089
-1.68207
-1.55403
-1.42481
-1.29443
-1.16291
-1.0303
-0.896617
-0.761892
-0.62616
-0.489452
-0.351802
-0.213242
-0.0738091
0.0664634
0.207539
0.349383
0.491957
0.635225
0.779149
0.923691
1.06881
1.21447
1.36063
1.50724
1.65428
1.80169
1.94944
2.09747
2.24577
2.39426
2.54293
2.69171
2.84057
2.98947
3.13836
3.28719
3.43593
3.58453
3.73295
3.88114
4.02905
4.17666
4.3239
4.47074
4.61714
4.76304
4.90842
5.05323
5.19743
5.34099
5.48385
5.62598
5.76734
5.90788
6.04759
6.18641
6.32432
6.46129
6.59729
6.73227
6.86618
6.999
7.13072
7.26129
7.39072
7.51896
7.64598
7.77176
7.89628
8.01951
8.14141
8.26199
8.38123
8.49913
8.61567
8.73084
8.84463
8.957
9.06793
9.17743
9.28546
9.39203
9.49712
9.60071
9.70281
9.8034
9.90248
10
10.0961
10.1906
10.2835
10.3748
10.4646
10.5528
10.6393
10.7241
10.8071
10.8884
10.9678
11.0453
11.1208
11.1944
11.2658
11.3349
11.4018
11.4661
11.5279
11.587
11.6432
11.6965
11.7465
11.7933
11.8366
11.8761
11.9121
11.9428
11.9759
-6.62363
-6.61782
-6.59454
-6.58149
-6.5736
-6.56149
-6.54845
-6.53816
-6.53022
-6.52376
-6.51849
-6.51429
-6.51091
-6.50821
-6.50609
-6.50442
-6.5032
-6.50233
-6.50169
-6.50129
-6.50117
-6.5013
-6.50166
-6.50221
-6.50294
-6.50384
-6.50487
-6.50602
-6.50724
-6.50861
-6.51014
-6.51167
-6.51321
-6.51488
-6.51665
-6.51844
-6.52021
-6.52199
-6.52378
-6.52561
-6.52748
-6.5294
-6.53137
-6.53342
-6.53555
-6.53775
-6.54004
-6.54244
-6.54492
-6.54749
-6.55015
-6.55294
-6.55588
-6.55897
-6.56218
-6.56552
-6.56899
-6.57258
-6.57629
-6.58012
-6.58409
-6.58818
-6.59241
-6.59677
-6.60127
-6.6059
-6.61065
-6.61552
-6.62056
-6.62578
-6.63115
-6.63667
-6.64233
-6.64814
-6.6541
-6.66021
-6.66646
-6.67286
-6.6794
-6.68608
-6.69289
-6.69984
-6.70692
-6.71413
-6.72147
-6.72894
-6.73655
-6.74428
-6.75213
-6.76011
-6.7682
-6.7764
-6.78471
-6.79313
-6.80166
-6.81027
-6.81898
-6.82777
-6.83664
-6.84559
-6.8546
-6.86368
-6.87281
-6.882
-6.89123
-6.9005
-6.90981
-6.91913
-6.92847
-6.93782
-6.94716
-6.95649
-6.96579
-6.97507
-6.9843
-6.99347
-7.00258
-7.01162
-7.02056
-7.02941
-7.03814
-7.04676
-7.05523
-7.06355
-7.07171
-7.07968
-7.08747
-7.09505
-7.1024
-7.10951
-7.11636
-7.12295
-7.12924
-7.13523
-7.14089
-7.14622
-7.15118
-7.15576
-7.15995
-7.16373
-7.16707
-7.16995
-7.17236
-7.17428
-7.17568
-7.17655
-7.17686
-7.17659
-7.17573
-7.17425
-7.17212
-7.16933
-7.16586
-7.16168
-7.15677
-7.15111
-7.14467
-7.13745
-7.1294
-7.12051
-7.11076
-7.10012
-7.08858
-7.0761
-7.06267
-7.04827
-7.03288
-7.01646
-6.99901
-6.98049
-6.96088
-6.94017
-6.91834
-6.89536
-6.87122
-6.84588
-6.81934
-6.79158
-6.76256
-6.73227
-6.7007
-6.66782
-6.63362
-6.59807
-6.56117
-6.52289
-6.48322
-6.44213
-6.39961
-6.35566
-6.31025
-6.26337
-6.215
-6.16513
-6.11375
-6.06084
-6.0064
-5.95041
-5.89285
-5.83373
-5.77303
-5.71074
-5.64685
-5.58137
-5.51427
-5.44556
-5.37522
-5.30326
-5.22967
-5.15445
-5.0776
-4.99911
-4.91899
-4.83724
-4.75385
-4.66883
-4.58219
-4.49392
-4.40402
-4.3125
-4.21937
-4.12464
-4.02832
-3.93042
-3.83094
-3.7299
-3.6273
-3.52317
-3.41751
-3.31033
-3.20166
-3.0915
-2.97988
-2.8668
-2.7523
-2.63637
-2.51906
-2.40037
-2.28032
-2.15895
-2.03627
-1.91231
-1.78708
-1.66063
-1.53297
-1.40413
-1.27414
-1.14302
-1.01081
-0.877538
-0.743229
-0.607916
-0.471633
-0.334412
-0.196286
-0.0572908
0.08254
0.223171
0.364566
0.506689
0.649504
0.792973
0.937058
1.08172
1.22692
1.37262
1.51877
1.66535
1.8123
1.95959
2.10717
2.255
2.40305
2.55126
2.69959
2.848
2.99646
3.1449
3.2933
3.44161
3.58978
3.73777
3.88554
4.03305
4.18025
4.3271
4.47355
4.61956
4.7651
4.91011
5.05457
5.19842
5.34164
5.48418
5.626
5.76705
5.90731
6.04673
6.18529
6.32295
6.45968
6.59546
6.73024
6.86394
6.99659
7.12814
7.25857
7.38787
7.516
7.64291
7.7686
7.89307
8.01625
8.13812
8.25869
8.37795
8.49588
8.61248
8.72774
8.84162
8.9541
9.06517
9.17481
9.28302
9.38978
9.49507
9.5989
9.70126
9.80214
9.90151
9.9994
10.0958
10.1906
10.284
10.3757
10.4659
10.5545
10.6415
10.7268
10.8104
10.8921
10.9721
11.0502
11.1263
11.2005
11.2725
11.3422
11.4096
11.4746
11.5369
11.5966
11.6534
11.7071
11.7577
11.8049
11.8486
11.8884
11.9248
11.9553
11.9904
-6.5772
-6.5806
-6.56863
-6.55606
-6.54724
-6.53755
-6.52741
-6.51932
-6.51338
-6.50862
-6.50459
-6.50121
-6.4984
-6.49606
-6.49411
-6.49249
-6.49116
-6.49009
-6.48921
-6.48849
-6.48794
-6.48753
-6.48725
-6.48708
-6.48702
-6.48708
-6.48724
-6.48751
-6.4879
-6.48845
-6.48917
-6.49
-6.49096
-6.49213
-6.49348
-6.49494
-6.49649
-6.49814
-6.49991
-6.50181
-6.50381
-6.50593
-6.50815
-6.51047
-6.51288
-6.51539
-6.51808
-6.52084
-6.52367
-6.52665
-6.52979
-6.53305
-6.53635
-6.53971
-6.54316
-6.54671
-6.55036
-6.55412
-6.55799
-6.56198
-6.56609
-6.57033
-6.5747
-6.5792
-6.58383
-6.58858
-6.59347
-6.5985
-6.6037
-6.60905
-6.61456
-6.62021
-6.626
-6.63194
-6.63801
-6.64422
-6.65056
-6.65705
-6.66366
-6.67041
-6.6773
-6.6843
-6.69143
-6.69869
-6.70608
-6.7136
-6.72125
-6.72903
-6.73692
-6.74494
-6.75305
-6.76127
-6.7696
-6.77804
-6.78657
-6.79519
-6.80389
-6.81267
-6.82152
-6.83044
-6.83942
-6.84847
-6.85756
-6.86671
-6.8759
-6.88512
-6.89437
-6.90363
-6.91291
-6.92219
-6.93146
-6.94071
-6.94993
-6.95911
-6.96825
-6.97732
-6.98633
-6.99525
-7.00409
-7.01282
-7.02143
-7.02991
-7.03826
-7.04644
-7.05446
-7.0623
-7.06993
-7.07736
-7.08456
-7.09151
-7.0982
-7.10462
-7.11074
-7.11656
-7.12204
-7.12718
-7.13196
-7.13636
-7.14036
-7.14394
-7.14709
-7.14977
-7.15199
-7.1537
-7.1549
-7.15556
-7.15566
-7.15519
-7.15412
-7.15242
-7.15008
-7.14707
-7.14338
-7.13899
-7.13386
-7.12799
-7.12134
-7.11389
-7.10564
-7.09653
-7.08657
-7.07572
-7.06396
-7.05128
-7.03764
-7.02304
-7.00743
-6.99082
-6.97316
-6.95445
-6.93465
-6.91374
-6.89172
-6.86856
-6.84424
-6.81873
-6.79202
-6.76408
-6.73491
-6.70447
-6.67274
-6.63972
-6.60537
-6.56969
-6.53266
-6.49426
-6.45446
-6.41326
-6.37064
-6.32659
-6.28109
-6.23412
-6.18568
-6.13574
-6.0843
-6.03134
-5.97685
-5.92082
-5.86324
-5.8041
-5.74338
-5.68109
-5.61721
-5.55174
-5.48467
-5.41599
-5.3457
-5.27379
-5.20026
-5.12512
-5.04835
-4.96995
-4.88993
-4.80828
-4.72502
-4.64014
-4.55363
-4.4655
-4.37576
-4.28441
-4.19146
-4.09692
-4.00081
-3.90312
-3.80386
-3.70304
-3.60069
-3.49681
-3.3914
-3.28449
-3.1761
-3.06623
-2.95489
-2.84212
-2.72793
-2.61233
-2.49534
-2.37699
-2.25729
-2.13627
-2.01395
-1.89035
-1.7655
-1.63943
-1.51216
-1.38372
-1.25413
-1.12343
-0.991635
-0.858782
-0.7249
-0.59002
-0.454174
-0.317395
-0.179716
-0.0411713
0.0982048
0.238377
0.379311
0.520969
0.663318
0.806319
0.949935
1.09413
1.23885
1.38408
1.52976
1.67586
1.82234
1.96916
2.11627
2.26363
2.41121
2.55895
2.70682
2.85478
3.00277
3.15076
3.29871
3.44657
3.5943
3.74186
3.88921
4.0363
4.18308
4.32952
4.47558
4.6212
4.76635
4.91099
5.05509
5.19859
5.34148
5.48369
5.62519
5.76593
5.90588
6.04503
6.18332
6.32073
6.45723
6.59279
6.72735
6.86085
6.99333
7.12472
7.255
7.38418
7.51221
7.63902
7.76463
7.88904
8.01218
8.13403
8.25462
8.37392
8.4919
8.60858
8.72392
8.83792
8.95052
9.06175
9.17156
9.27997
9.38694
9.49248
9.59657
9.69922
9.80041
9.90011
9.99836
10.0951
10.1904
10.2841
10.3763
10.467
10.5561
10.6437
10.7295
10.8136
10.896
10.9765
11.0553
11.1321
11.2069
11.2796
11.35
11.4181
11.4837
11.5467
11.607
11.6644
11.7188
11.7699
11.8176
11.8618
11.902
11.9389
11.9693
12.0062
-6.53632
-6.5422
-6.5383
-6.53079
-6.52474
-6.51874
-6.51207
-6.50601
-6.50108
-6.49694
-6.49333
-6.49026
-6.48771
-6.48563
-6.48395
-6.4826
-6.48156
-6.48077
-6.48019
-6.47978
-6.47952
-6.47939
-6.47939
-6.4795
-6.47969
-6.47998
-6.48034
-6.48077
-6.48126
-6.48184
-6.48249
-6.4832
-6.48394
-6.48472
-6.48554
-6.48645
-6.48745
-6.48856
-6.48977
-6.49108
-6.4925
-6.49403
-6.49569
-6.49747
-6.49938
-6.50144
-6.50368
-6.50607
-6.50859
-6.51132
-6.51424
-6.51731
-6.52048
-6.52377
-6.52719
-6.53075
-6.53444
-6.53828
-6.54224
-6.54634
-6.55057
-6.55494
-6.55944
-6.56408
-6.56885
-6.5738
-6.57892
-6.58422
-6.58961
-6.59507
-6.60064
-6.60635
-6.61219
-6.61816
-6.62426
-6.6305
-6.63687
-6.64338
-6.65001
-6.65678
-6.66368
-6.6707
-6.67784
-6.68511
-6.69251
-6.70005
-6.70771
-6.7155
-6.72339
-6.7314
-6.73951
-6.74772
-6.75603
-6.76443
-6.77292
-6.78149
-6.79015
-6.79887
-6.80766
-6.81652
-6.82544
-6.83441
-6.84345
-6.85252
-6.86164
-6.87078
-6.87995
-6.88912
-6.89831
-6.90749
-6.91665
-6.92579
-6.9349
-6.94397
-6.95299
-6.96192
-6.9708
-6.97959
-6.98829
-6.99687
-7.00534
-7.01367
-7.02186
-7.02989
-7.03775
-7.04542
-7.05289
-7.06014
-7.06716
-7.07393
-7.08044
-7.08667
-7.09261
-7.09823
-7.10352
-7.10846
-7.11303
-7.11723
-7.12102
-7.12439
-7.12733
-7.12981
-7.1318
-7.1333
-7.13428
-7.13472
-7.13461
-7.13391
-7.13261
-7.13069
-7.12813
-7.12489
-7.12098
-7.11636
-7.11101
-7.1049
-7.09803
-7.09036
-7.08188
-7.07256
-7.06237
-7.0513
-7.03933
-7.02643
-7.01258
-6.99776
-6.98195
-6.96513
-6.94727
-6.92835
-6.90835
-6.88726
-6.86505
-6.8417
-6.8172
-6.79151
-6.76463
-6.73652
-6.70718
-6.67658
-6.6447
-6.61153
-6.57704
-6.54123
-6.50407
-6.46554
-6.42563
-6.38432
-6.3416
-6.29745
-6.25186
-6.20481
-6.15629
-6.10629
-6.05479
-6.00178
-5.94725
-5.89119
-5.83358
-5.77443
-5.71371
-5.65142
-5.58755
-5.5221
-5.45506
-5.38642
-5.31618
-5.24433
-5.17087
-5.0958
-5.01912
-4.94082
-4.86091
-4.77938
-4.69624
-4.6115
-4.52514
-4.43716
-4.34759
-4.25642
-4.16366
-4.06933
-3.97342
-3.87595
-3.77692
-3.67634
-3.57423
-3.47061
-3.36547
-3.25884
-3.15073
-3.04115
-2.93013
-2.81767
-2.7038
-2.58853
-2.47188
-2.35388
-2.23453
-2.11387
-1.99192
-1.8687
-1.74424
-1.61857
-1.4917
-1.36367
-1.23449
-1.10421
-0.972845
-0.840425
-0.706982
-0.572546
-0.437148
-0.300823
-0.163602
-0.0255192
0.113391
0.253093
0.393553
0.534736
0.676607
0.819128
0.962263
1.10597
1.25022
1.39496
1.54016
1.68577
1.83177
1.9781
2.12473
2.27161
2.41871
2.56598
2.71337
2.86085
3.00838
3.15591
3.30339
3.4508
3.59809
3.74521
3.89212
4.03877
4.18514
4.33117
4.47681
4.62204
4.7668
4.91106
5.05479
5.19793
5.34047
5.48235
5.62353
5.76395
5.9036
6.04247
6.18049
6.31766
6.45391
6.58925
6.7236
6.85691
6.9892
7.12044
7.2506
7.37966
7.50757
7.63429
7.75983
7.88419
8.0073
8.12916
8.24977
8.36912
8.48718
8.60393
8.71938
8.83348
8.94623
9.05763
9.16764
9.27627
9.38349
9.4893
9.59369
9.69666
9.79819
9.89825
9.99689
10.0941
10.1898
10.284
10.3767
10.4679
10.5576
10.6457
10.7321
10.8169
10.8999
10.9811
11.0605
11.1381
11.2136
11.287
11.3582
11.427
11.4934
11.5572
11.6182
11.6764
11.7314
11.7832
11.8315
11.8763
11.917
11.9543
11.9848
12.0231
-6.50014
-6.50717
-6.50812
-6.50527
-6.50176
-6.49789
-6.4933
-6.48875
-6.48487
-6.48166
-6.47895
-6.47669
-6.47486
-6.47341
-6.47227
-6.47141
-6.47079
-6.47037
-6.47013
-6.47002
-6.47004
-6.47018
-6.47043
-6.47078
-6.47121
-6.47172
-6.47231
-6.47297
-6.4737
-6.47452
-6.47541
-6.47638
-6.4774
-6.47848
-6.47965
-6.4809
-6.48225
-6.48367
-6.48517
-6.48674
-6.48839
-6.49011
-6.49191
-6.4938
-6.49577
-6.49784
-6.50001
-6.50228
-6.50463
-6.50707
-6.5096
-6.51223
-6.515
-6.51792
-6.52097
-6.52415
-6.52746
-6.53091
-6.5345
-6.53824
-6.54213
-6.54616
-6.55036
-6.5547
-6.55922
-6.56393
-6.56882
-6.57389
-6.57908
-6.58439
-6.58984
-6.59544
-6.60118
-6.60708
-6.61312
-6.6193
-6.62562
-6.63209
-6.63869
-6.64543
-6.65231
-6.65934
-6.66653
-6.67385
-6.68128
-6.68881
-6.69643
-6.70414
-6.71196
-6.71988
-6.72792
-6.73606
-6.74429
-6.7526
-6.761
-6.76948
-6.77805
-6.78668
-6.79537
-6.80413
-6.81296
-6.82184
-6.83077
-6.83975
-6.84876
-6.85779
-6.86684
-6.87589
-6.88495
-6.89399
-6.90302
-6.91201
-6.92097
-6.92989
-6.93874
-6.94752
-6.95623
-6.96485
-6.97338
-6.98179
-6.99008
-6.99824
-7.00625
-7.0141
-7.02177
-7.02925
-7.03652
-7.04358
-7.0504
-7.05696
-7.06326
-7.06928
-7.075
-7.0804
-7.08547
-7.09019
-7.09454
-7.09851
-7.10208
-7.10523
-7.10793
-7.11018
-7.11194
-7.11321
-7.11395
-7.11416
-7.1138
-7.11287
-7.11133
-7.10917
-7.10637
-7.10289
-7.09874
-7.09388
-7.08829
-7.08194
-7.07484
-7.06694
-7.05822
-7.04867
-7.03825
-7.02695
-7.01475
-7.00163
-6.98756
-6.97252
-6.9565
-6.93946
-6.92139
-6.90227
-6.88207
-6.86077
-6.83837
-6.81484
-6.79015
-6.76428
-6.73722
-6.70895
-6.67944
-6.64868
-6.61665
-6.58333
-6.5487
-6.51275
-6.47546
-6.43682
-6.39679
-6.35537
-6.31254
-6.2683
-6.22262
-6.1755
-6.12691
-6.07684
-6.02529
-5.97223
-5.91767
-5.86158
-5.80395
-5.74478
-5.68406
-5.62178
-5.55793
-5.4925
-5.4255
-5.3569
-5.28672
-5.21494
-5.14156
-5.06657
-4.98998
-4.91179
-4.83199
-4.75059
-4.66758
-4.58298
-4.49677
-4.40897
-4.31958
-4.2286
-4.13604
-4.04191
-3.94623
-3.84898
-3.75018
-3.64985
-3.54801
-3.44465
-3.33979
-3.23344
-3.12563
-3.01636
-2.90565
-2.79351
-2.67997
-2.56505
-2.44875
-2.3311
-2.21212
-2.09184
-1.97027
-1.84744
-1.72338
-1.5981
-1.47165
-1.34404
-1.21529
-1.08544
-0.954515
-0.822539
-0.689545
-0.555564
-0.420626
-0.284765
-0.148013
-0.0104039
0.128028
0.267249
0.407224
0.547919
0.689301
0.831333
0.973976
1.11719
1.26094
1.40519
1.54989
1.69502
1.84052
1.98635
2.13249
2.27888
2.42549
2.57227
2.71918
2.86618
3.01323
3.16028
3.30729
3.45424
3.60107
3.74774
3.8942
4.04042
4.18636
4.33196
4.47719
4.62201
4.76638
4.91026
5.05362
5.19639
5.33857
5.48011
5.62096
5.76108
5.90043
6.03901
6.17676
6.31367
6.44968
6.5848
6.71894
6.85207
6.9842
7.1153
7.24534
7.37427
7.50207
7.62872
7.7542
7.87849
8.00159
8.12349
8.24415
8.36356
8.4817
8.59855
8.7141
8.82832
8.94122
9.05281
9.16304
9.27193
9.37943
9.48555
9.59027
9.69359
9.79549
9.89596
9.99503
10.0927
10.1889
10.2836
10.3768
10.4686
10.5588
10.6476
10.7347
10.8201
10.9038
10.9858
11.066
11.1443
11.2207
11.2949
11.3669
11.4366
11.5038
11.5684
11.6303
11.6893
11.7451
11.7977
11.8467
11.8921
11.9333
11.9712
12.0019
12.0414
-6.46732
-6.47525
-6.47899
-6.47959
-6.47855
-6.4767
-6.47419
-6.47148
-6.46905
-6.46699
-6.46525
-6.46378
-6.46259
-6.46168
-6.46101
-6.46056
-6.46031
-6.46023
-6.4603
-6.4605
-6.46081
-6.46123
-6.46174
-6.46234
-6.46302
-6.46376
-6.46458
-6.46546
-6.46641
-6.46742
-6.4685
-6.46964
-6.47084
-6.47209
-6.47341
-6.47481
-6.47627
-6.47781
-6.47943
-6.48112
-6.4829
-6.48476
-6.48672
-6.48876
-6.4909
-6.49313
-6.49548
-6.49793
-6.50047
-6.50311
-6.50585
-6.50871
-6.51171
-6.51482
-6.51804
-6.52136
-6.5248
-6.52835
-6.53202
-6.5358
-6.53969
-6.54371
-6.54785
-6.55211
-6.5565
-6.56101
-6.56564
-6.5704
-6.5753
-6.58036
-6.58556
-6.5909
-6.59639
-6.60201
-6.60778
-6.61368
-6.61973
-6.62592
-6.63225
-6.63872
-6.64534
-6.65212
-6.65905
-6.66612
-6.67331
-6.6806
-6.688
-6.69552
-6.70315
-6.71089
-6.71875
-6.72671
-6.73477
-6.74292
-6.75117
-6.7595
-6.76791
-6.77642
-6.78502
-6.79368
-6.8024
-6.81116
-6.81995
-6.82875
-6.83758
-6.84643
-6.85529
-6.86416
-6.87303
-6.88189
-6.89073
-6.89954
-6.90831
-6.91703
-6.92568
-6.93428
-6.9428
-6.95122
-6.95955
-6.96776
-6.97586
-6.98381
-6.99161
-6.99925
-7.0067
-7.01396
-7.02101
-7.02783
-7.03442
-7.04075
-7.04681
-7.05259
-7.05807
-7.06322
-7.06805
-7.07253
-7.07663
-7.08036
-7.08367
-7.08657
-7.08902
-7.09102
-7.09253
-7.09354
-7.09403
-7.09398
-7.09337
-7.09217
-7.09038
-7.08797
-7.0849
-7.08117
-7.07676
-7.07165
-7.0658
-7.05921
-7.05185
-7.04371
-7.03475
-7.02495
-7.01429
-7.00275
-6.99032
-6.97696
-6.96266
-6.9474
-6.93115
-6.91389
-6.89561
-6.87628
-6.85586
-6.83436
-6.81176
-6.78804
-6.76316
-6.73711
-6.70987
-6.68142
-6.65175
-6.62082
-6.58864
-6.55517
-6.5204
-6.48431
-6.4469
-6.40812
-6.36799
-6.32646
-6.28354
-6.2392
-6.19344
-6.14624
-6.09758
-6.04745
-5.99585
-5.94275
-5.88815
-5.83204
-5.7744
-5.71522
-5.6545
-5.59223
-5.52841
-5.46302
-5.39605
-5.32751
-5.25739
-5.18568
-5.11238
-5.03749
-4.961
-4.88292
-4.80325
-4.72197
-4.63911
-4.55465
-4.4686
-4.38098
-4.29179
-4.201
-4.10865
-4.01474
-3.91929
-3.82227
-3.72371
-3.62364
-3.52206
-3.41899
-3.31441
-3.20836
-3.10085
-2.99189
-2.8815
-2.76971
-2.65651
-2.54193
-2.426
-2.30872
-2.19011
-2.0702
-1.94902
-1.82659
-1.70294
-1.57808
-1.45205
-1.32487
-1.19656
-1.06715
-0.936672
-0.805149
-0.672614
-0.539096
-0.404628
-0.269241
-0.132967
0.00415982
0.142105
0.280834
0.420315
0.560514
0.701399
0.842932
0.985076
1.12779
1.27104
1.41478
1.55898
1.7036
1.8486
1.99393
2.13957
2.28546
2.43157
2.57785
2.72427
2.87078
3.01734
3.16391
3.31045
3.45692
3.60329
3.7495
3.89551
4.04128
4.18678
4.33195
4.47676
4.62117
4.76514
4.90863
5.05161
5.19402
5.33584
5.47703
5.61754
5.75736
5.89643
6.03472
6.17221
6.30885
6.4446
6.57947
6.71342
6.84642
6.97839
7.10935
7.23927
7.36807
7.49576
7.62234
7.74777
7.87202
7.99512
8.11707
8.2378
8.35728
8.47551
8.59247
8.70813
8.82249
8.93558
9.04736
9.15784
9.26698
9.3748
9.48126
9.58633
9.69003
9.79234
9.89324
9.99276
10.0909
10.1876
10.2828
10.3766
10.469
10.5599
10.6493
10.7372
10.8233
10.9078
10.9906
11.0716
11.1508
11.228
11.3032
11.3761
11.4467
11.5148
11.5804
11.6433
11.7032
11.7599
11.8133
11.8631
11.9092
11.9511
11.9896
12.0206
12.0609
-6.43677
-6.44561
-6.45127
-6.45445
-6.45569
-6.45574
-6.45506
-6.45398
-6.45285
-6.45184
-6.45098
-6.45028
-6.44977
-6.44945
-6.44932
-6.44935
-6.44953
-6.44986
-6.4503
-6.45085
-6.45149
-6.45222
-6.45302
-6.4539
-6.45483
-6.45583
-6.45689
-6.45801
-6.45918
-6.46041
-6.4617
-6.46304
-6.46443
-6.46588
-6.46739
-6.46896
-6.47061
-6.47232
-6.4741
-6.47596
-6.4779
-6.47991
-6.482
-6.48418
-6.48645
-6.4888
-6.49125
-6.4938
-6.49644
-6.49917
-6.50201
-6.50496
-6.50801
-6.51118
-6.51446
-6.51785
-6.52135
-6.52497
-6.5287
-6.53256
-6.53653
-6.54062
-6.54484
-6.54919
-6.55365
-6.55824
-6.56296
-6.56781
-6.5728
-6.57792
-6.58317
-6.58855
-6.59404
-6.59967
-6.60541
-6.61129
-6.61728
-6.6234
-6.62964
-6.63601
-6.6425
-6.64909
-6.6558
-6.66263
-6.66956
-6.67663
-6.68381
-6.69111
-6.69851
-6.70602
-6.71362
-6.72133
-6.72913
-6.73701
-6.74499
-6.75304
-6.76119
-6.76942
-6.77773
-6.7861
-6.79453
-6.80301
-6.81152
-6.82005
-6.82861
-6.8372
-6.8458
-6.85441
-6.86302
-6.87162
-6.88021
-6.88876
-6.89729
-6.90577
-6.9142
-6.92258
-6.93088
-6.93908
-6.94718
-6.95514
-6.96297
-6.97065
-6.97818
-6.98554
-6.99272
-6.99971
-7.00648
-7.01304
-7.01935
-7.02542
-7.03121
-7.03671
-7.04192
-7.04681
-7.05136
-7.05557
-7.05941
-7.06286
-7.06591
-7.06854
-7.07071
-7.07243
-7.07366
-7.0744
-7.07461
-7.07428
-7.07339
-7.07192
-7.06985
-7.06715
-7.06381
-7.05981
-7.05513
-7.04974
-7.04363
-7.03677
-7.02915
-7.02074
-7.01152
-7.00147
-6.99056
-6.97877
-6.96609
-6.95249
-6.93795
-6.92245
-6.90596
-6.88848
-6.86997
-6.85041
-6.82979
-6.80807
-6.78527
-6.76135
-6.73627
-6.71003
-6.68261
-6.65398
-6.62414
-6.59306
-6.56071
-6.52709
-6.49218
-6.45595
-6.41841
-6.37952
-6.33926
-6.29763
-6.25461
-6.21018
-6.16434
-6.11706
-6.06833
-6.01815
-5.9665
-5.91336
-5.85873
-5.8026
-5.74494
-5.68576
-5.62505
-5.5628
-5.499
-5.43365
-5.36673
-5.29825
-5.2282
-5.15656
-5.08335
-5.00856
-4.93218
-4.85422
-4.77468
-4.69354
-4.61083
-4.52652
-4.44064
-4.3532
-4.2642
-4.17363
-4.0815
-3.98782
-3.89259
-3.79581
-3.69751
-3.59771
-3.49642
-3.39362
-3.28933
-3.18358
-3.07638
-2.96775
-2.8577
-2.74624
-2.6334
-2.51918
-2.40361
-2.28671
-2.16847
-2.04895
-1.92817
-1.80616
-1.68292
-1.55849
-1.43289
-1.30615
-1.17828
-1.04932
-0.919299
-0.788237
-0.656168
-0.523123
-0.389132
-0.254227
-0.11844
0.0181969
0.155647
0.293876
0.432855
0.572549
0.71293
0.853958
0.995594
1.1378
1.28054
1.42377
1.56746
1.71157
1.85605
2.00088
2.146
2.29138
2.43698
2.58275
2.72867
2.87468
3.02075
3.16683
3.31289
3.45888
3.60477
3.75051
3.89607
4.04139
4.18643
4.33118
4.47557
4.61956
4.76312
4.90622
5.04881
5.19086
5.33232
5.47316
5.61334
5.75285
5.89164
6.02965
6.16687
6.30323
6.43874
6.57337
6.70714
6.83999
6.97181
7.10263
7.23241
7.36111
7.4887
7.61522
7.74063
7.86486
7.98796
8.10996
8.23075
8.35031
8.46864
8.58573
8.70155
8.81609
8.92937
9.04137
9.15209
9.26153
9.36967
9.47648
9.58193
9.68604
9.78877
9.89014
9.99014
10.0888
10.186
10.2818
10.3762
10.4692
10.5608
10.6509
10.7395
10.8265
10.9118
10.9955
11.0774
11.1575
11.2357
11.3118
11.3858
11.4574
11.5267
11.5934
11.6572
11.7181
11.7758
11.8301
11.8808
11.9278
11.9705
12.0096
12.041
12.0818
-6.40814
-6.41781
-6.42491
-6.42999
-6.43313
-6.4349
-6.4358
-6.43619
-6.43631
-6.43637
-6.43643
-6.43655
-6.43675
-6.43706
-6.43749
-6.43802
-6.43866
-6.43939
-6.44022
-6.44113
-6.4421
-6.44315
-6.44425
-6.44542
-6.44663
-6.4479
-6.44921
-6.45058
-6.45199
-6.45345
-6.45496
-6.45652
-6.45812
-6.45978
-6.46149
-6.46326
-6.46509
-6.46698
-6.46893
-6.47096
-6.47305
-6.47521
-6.47745
-6.47977
-6.48217
-6.48466
-6.48723
-6.4899
-6.49265
-6.4955
-6.49844
-6.50149
-6.50464
-6.50789
-6.51125
-6.51472
-6.51829
-6.52198
-6.52577
-6.52968
-6.53371
-6.53784
-6.5421
-6.54647
-6.55097
-6.55558
-6.56032
-6.56518
-6.57017
-6.57528
-6.58052
-6.58588
-6.59137
-6.59698
-6.60271
-6.60856
-6.61454
-6.62064
-6.62686
-6.6332
-6.63965
-6.64621
-6.65289
-6.65967
-6.66658
-6.67359
-6.68071
-6.68793
-6.69524
-6.70265
-6.71015
-6.71774
-6.72541
-6.73315
-6.74098
-6.74887
-6.75683
-6.76485
-6.77293
-6.78105
-6.78922
-6.79743
-6.80569
-6.81398
-6.82229
-6.83062
-6.83896
-6.84729
-6.85562
-6.86393
-6.87222
-6.88047
-6.88868
-6.89686
-6.90497
-6.91302
-6.92099
-6.92886
-6.93662
-6.94426
-6.95176
-6.95912
-6.96632
-6.97336
-6.98021
-6.98687
-6.99333
-6.99956
-7.00556
-7.0113
-7.01678
-7.02199
-7.0269
-7.03149
-7.03574
-7.03965
-7.04318
-7.04632
-7.04904
-7.05133
-7.05318
-7.05457
-7.05549
-7.0559
-7.0558
-7.05515
-7.05396
-7.05218
-7.0498
-7.04681
-7.04317
-7.03887
-7.0339
-7.02823
-7.02184
-7.0147
-7.00679
-6.99811
-6.98861
-6.97828
-6.9671
-6.95504
-6.9421
-6.92824
-6.91344
-6.89769
-6.88096
-6.86324
-6.8445
-6.82471
-6.80386
-6.78193
-6.75891
-6.73477
-6.7095
-6.68306
-6.65545
-6.62665
-6.59663
-6.56537
-6.53287
-6.4991
-6.46403
-6.42766
-6.39
-6.35098
-6.31062
-6.26887
-6.22575
-6.18123
-6.1353
-6.08795
-6.03916
-5.98892
-5.93722
-5.88405
-5.82939
-5.77323
-5.71557
-5.65639
-5.59569
-5.53346
-5.4697
-5.40438
-5.33752
-5.2691
-5.19912
-5.12757
-5.05445
-4.97976
-4.9035
-4.82566
-4.74625
-4.66527
-4.58271
-4.49856
-4.41286
-4.3256
-4.23679
-4.14643
-4.05452
-3.96107
-3.86608
-3.76956
-3.67154
-3.57201
-3.471
-3.36848
-3.26448
-3.15904
-3.05217
-2.94387
-2.83416
-2.72305
-2.61056
-2.49671
-2.38151
-2.26498
-2.14712
-2.028
-1.90763
-1.78603
-1.66322
-1.53922
-1.41406
-1.28776
-1.16035
-1.03184
-0.902275
-0.771679
-0.640082
-0.507514
-0.374006
-0.239589
-0.104294
0.0318472
0.168796
0.306521
0.444993
0.584181
0.724053
0.864571
1.00569
1.14739
1.28961
1.43232
1.5755
1.71908
1.86305
2.00735
2.15196
2.29682
2.4419
2.58717
2.73257
2.87808
3.02364
3.16923
3.3148
3.4603
3.60571
3.75098
3.89607
4.04093
4.18553
4.32983
4.4738
4.61738
4.76053
4.90322
5.04543
5.18711
5.3282
5.46869
5.60854
5.74774
5.88624
6.02397
6.16092
6.29702
6.43229
6.56672
6.70029
6.83294
6.96461
7.09527
7.22493
7.35353
7.48105
7.60752
7.73292
7.85716
7.98028
8.10232
8.22317
8.34282
8.46125
8.57847
8.69445
8.80919
8.92268
9.0349
9.14587
9.25561
9.36408
9.47125
9.57709
9.68162
9.78482
9.88668
9.98723
10.0864
10.1842
10.2807
10.3757
10.4694
10.5617
10.6525
10.7419
10.8298
10.9159
11.0005
11.0833
11.1644
11.2436
11.3209
11.3959
11.4688
11.5393
11.6071
11.6721
11.7341
11.7929
11.8483
11.9
11.9479
11.9914
12.0312
12.0631
12.1042
-6.38114
-6.39147
-6.39966
-6.40619
-6.41089
-6.41415
-6.41648
-6.41819
-6.4195
-6.42059
-6.42156
-6.42249
-6.42341
-6.42436
-6.42535
-6.4264
-6.42751
-6.42868
-6.42991
-6.43119
-6.43253
-6.4339
-6.43533
-6.43679
-6.4383
-6.43984
-6.44143
-6.44305
-6.44471
-6.44641
-6.44815
-6.44993
-6.45176
-6.45363
-6.45555
-6.45751
-6.45954
-6.46162
-6.46376
-6.46596
-6.46822
-6.47055
-6.47295
-6.47542
-6.47797
-6.4806
-6.48331
-6.48611
-6.48899
-6.49196
-6.49502
-6.49817
-6.50142
-6.50477
-6.50822
-6.51177
-6.51543
-6.51919
-6.52305
-6.52702
-6.5311
-6.53529
-6.53959
-6.54401
-6.54854
-6.55318
-6.55794
-6.56282
-6.56782
-6.57293
-6.57817
-6.58353
-6.589
-6.5946
-6.60031
-6.60613
-6.61207
-6.61813
-6.6243
-6.63058
-6.63697
-6.64347
-6.65008
-6.6568
-6.66361
-6.67054
-6.67756
-6.68468
-6.69189
-6.6992
-6.70659
-6.71406
-6.72161
-6.72924
-6.73693
-6.7447
-6.75252
-6.7604
-6.76833
-6.7763
-6.78432
-6.79238
-6.80047
-6.80858
-6.81671
-6.82484
-6.83297
-6.8411
-6.84921
-6.8573
-6.86535
-6.87337
-6.88134
-6.88924
-6.89708
-6.90483
-6.91249
-6.92006
-6.92751
-6.93484
-6.94204
-6.9491
-6.956
-6.96272
-6.96925
-6.97559
-6.98171
-6.98761
-6.99326
-6.99866
-7.0038
-7.00865
-7.0132
-7.01743
-7.02132
-7.02486
-7.02803
-7.03081
-7.03317
-7.03511
-7.03661
-7.03765
-7.03821
-7.03827
-7.03782
-7.03683
-7.03529
-7.03319
-7.03048
-7.02716
-7.0232
-7.01858
-7.01329
-7.0073
-7.00059
-6.99314
-6.98493
-6.97592
-6.96611
-6.95548
-6.94399
-6.93164
-6.91841
-6.90426
-6.88919
-6.87317
-6.85617
-6.83819
-6.8192
-6.79917
-6.77808
-6.75593
-6.73268
-6.70831
-6.68282
-6.65619
-6.62838
-6.59938
-6.56918
-6.53775
-6.50507
-6.47114
-6.43593
-6.39942
-6.3616
-6.32246
-6.28196
-6.24011
-6.19688
-6.15226
-6.10625
-6.05882
-6.00996
-5.95967
-5.90792
-5.85471
-5.80002
-5.74384
-5.68617
-5.62699
-5.5663
-5.5041
-5.44036
-5.3751
-5.30829
-5.23993
-5.17002
-5.09856
-5.02553
-4.95095
-4.8748
-4.79709
-4.71782
-4.63698
-4.55458
-4.47061
-4.38509
-4.29802
-4.2094
-4.11924
-4.02756
-3.93433
-3.83958
-3.74333
-3.64558
-3.54632
-3.44557
-3.34336
-3.23968
-3.13456
-3.02801
-2.92004
-2.81066
-2.6999
-2.58777
-2.47427
-2.35945
-2.24329
-2.12583
-2.00712
-1.88717
-1.766
-1.64361
-1.52005
-1.39533
-1.26947
-1.1425
-1.01445
-0.885348
-0.755221
-0.6241
-0.492013
-0.358993
-0.225068
-0.0902674
0.0453738
0.181821
0.31904
0.457005
0.595684
0.735044
0.875044
1.01565
1.15682
1.29852
1.44071
1.58335
1.72641
1.86985
2.01362
2.1577
2.30203
2.44659
2.59134
2.73622
2.88122
3.02628
3.17136
3.31643
3.46144
3.60636
3.75115
3.89576
4.04016
4.18431
4.32816
4.4717
4.61485
4.75759
4.89989
5.04169
5.18299
5.32372
5.46386
5.60338
5.74226
5.88046
6.01791
6.15457
6.29043
6.42546
6.55967
6.69302
6.82546
6.95695
7.08747
7.217
7.3455
7.47297
7.5994
7.72476
7.84903
7.9722
8.09424
8.21514
8.33487
8.45341
8.57075
8.68689
8.80182
8.91552
9.028
9.13925
9.24927
9.35806
9.4656
9.57187
9.67686
9.78056
9.88299
9.98409
10.0839
10.1823
10.2794
10.3753
10.4697
10.5627
10.6542
10.7445
10.8332
10.9203
11.0057
11.0895
11.1716
11.2519
11.3303
11.4066
11.4808
11.5526
11.6218
11.688
11.7513
11.8113
11.8678
11.9206
11.9695
12.0139
12.0545
12.0871
12.1283
-6.3555
-6.36633
-6.37537
-6.38302
-6.38899
-6.39355
-6.39714
-6.40003
-6.40244
-6.40452
-6.40637
-6.40809
-6.40973
-6.41132
-6.4129
-6.41448
-6.41608
-6.4177
-6.41935
-6.42102
-6.42272
-6.42445
-6.4262
-6.42798
-6.42978
-6.43162
-6.43348
-6.43536
-6.43728
-6.43923
-6.44121
-6.44323
-6.44528
-6.44737
-6.4495
-6.45168
-6.4539
-6.45618
-6.4585
-6.46089
-6.46333
-6.46583
-6.4684
-6.47103
-6.47373
-6.47651
-6.47937
-6.4823
-6.48531
-6.4884
-6.49158
-6.49485
-6.49821
-6.50167
-6.50522
-6.50886
-6.5126
-6.51644
-6.52038
-6.52442
-6.52857
-6.53282
-6.53717
-6.54164
-6.54621
-6.55089
-6.55568
-6.56059
-6.5656
-6.57073
-6.57598
-6.58134
-6.5868
-6.59238
-6.59808
-6.60388
-6.60979
-6.61581
-6.62194
-6.62817
-6.63451
-6.64095
-6.64749
-6.65413
-6.66088
-6.66771
-6.67465
-6.68167
-6.68878
-6.69597
-6.70325
-6.7106
-6.71802
-6.72552
-6.73307
-6.74069
-6.74836
-6.75609
-6.76386
-6.77166
-6.77951
-6.78738
-6.79529
-6.8032
-6.81113
-6.81906
-6.82699
-6.8349
-6.8428
-6.85066
-6.85849
-6.86628
-6.87401
-6.88167
-6.88926
-6.89676
-6.90417
-6.91148
-6.91867
-6.92573
-6.93266
-6.93943
-6.94604
-6.95247
-6.95871
-6.96474
-6.97056
-6.97615
-6.98149
-6.98657
-6.99137
-6.99588
-7.00009
-7.00397
-7.00751
-7.0107
-7.01351
-7.01594
-7.01797
-7.01957
-7.02072
-7.02142
-7.02163
-7.02134
-7.02054
-7.0192
-7.01731
-7.01485
-7.01179
-7.00812
-7.0038
-6.99883
-6.99319
-6.98685
-6.9798
-6.972
-6.96345
-6.95412
-6.94398
-6.93302
-6.92122
-6.90856
-6.89501
-6.88057
-6.86521
-6.8489
-6.83163
-6.81337
-6.79411
-6.77381
-6.75247
-6.73006
-6.70656
-6.68196
-6.65624
-6.62938
-6.60135
-6.57215
-6.54174
-6.51011
-6.47725
-6.44313
-6.40775
-6.37109
-6.33311
-6.29381
-6.25319
-6.21122
-6.16787
-6.12315
-6.07705
-6.02954
-5.98061
-5.93025
-5.87844
-5.82518
-5.77045
-5.71424
-5.65655
-5.59737
-5.53669
-5.47451
-5.41081
-5.34558
-5.27881
-5.21052
-5.14067
-5.06929
-4.99636
-4.92188
-4.84584
-4.76826
-4.68912
-4.60842
-4.52618
-4.44238
-4.35704
-4.27016
-4.18174
-4.09179
-4.00032
-3.90732
-3.81282
-3.71681
-3.61932
-3.52033
-3.41986
-3.31794
-3.21459
-3.10978
-3.00354
-2.89589
-2.78685
-2.67643
-2.56464
-2.45151
-2.33706
-2.22131
-2.10428
-1.98598
-1.86644
-1.74567
-1.62371
-1.50057
-1.37628
-1.25086
-1.12434
-0.996743
-0.868102
-0.738446
-0.607802
-0.476199
-0.343667
-0.210235
-0.0759322
0.0592089
0.195156
0.331873
0.469331
0.607496
0.746332
0.885805
1.02588
1.16652
1.30769
1.44934
1.59145
1.73397
1.87687
2.0201
2.16364
2.30745
2.45148
2.59569
2.74006
2.88453
3.02908
3.17366
3.31822
3.46273
3.60715
3.75145
3.89559
4.03952
4.1832
4.3266
4.46969
4.61241
4.75473
4.89661
5.03802
5.17893
5.3193
5.45908
5.59825
5.7368
5.87468
6.01182
6.1482
6.28381
6.4186
6.55252
6.6856
6.81782
6.94914
7.0795
7.2089
7.33729
7.46469
7.59107
7.71638
7.84066
7.96384
8.08589
8.20681
8.32661
8.44526
8.56273
8.67901
8.79412
8.90805
9.0208
9.13233
9.24264
9.35176
9.45969
9.56641
9.67186
9.77609
9.87909
9.98079
10.0812
10.1804
10.2782
10.3748
10.47
10.5638
10.6561
10.7472
10.8369
10.925
11.0114
11.0962
11.1794
11.2607
11.3403
11.4179
11.4934
11.5666
11.6371
11.7048
11.7695
11.8309
11.8887
11.9428
11.9927
12.0381
12.0795
12.113
12.154
-6.331
-6.34221
-6.35191
-6.36044
-6.36746
-6.37313
-6.37781
-6.38178
-6.38519
-6.38819
-6.3909
-6.39339
-6.39573
-6.39797
-6.40013
-6.40226
-6.40435
-6.40644
-6.40851
-6.41059
-6.41267
-6.41475
-6.41684
-6.41894
-6.42106
-6.42319
-6.42533
-6.4275
-6.42968
-6.43189
-6.43412
-6.43637
-6.43866
-6.44097
-6.44332
-6.44571
-6.44814
-6.45061
-6.45313
-6.4557
-6.45833
-6.46101
-6.46374
-6.46654
-6.4694
-6.47233
-6.47534
-6.47841
-6.48156
-6.48478
-6.48809
-6.49148
-6.49495
-6.49851
-6.50216
-6.5059
-6.50973
-6.51366
-6.51768
-6.52179
-6.52601
-6.53032
-6.53474
-6.53925
-6.54387
-6.54859
-6.55342
-6.55835
-6.5634
-6.56854
-6.5738
-6.57916
-6.58463
-6.5902
-6.59588
-6.60166
-6.60755
-6.61354
-6.61963
-6.62582
-6.63211
-6.6385
-6.64498
-6.65156
-6.65823
-6.66499
-6.67183
-6.67876
-6.68578
-6.69286
-6.70003
-6.70726
-6.71456
-6.72193
-6.72935
-6.73683
-6.74435
-6.75192
-6.75953
-6.76717
-6.77484
-6.78254
-6.79026
-6.79798
-6.80571
-6.81344
-6.82115
-6.82885
-6.83653
-6.84417
-6.85176
-6.85931
-6.86679
-6.8742
-6.88154
-6.88878
-6.89593
-6.90296
-6.90987
-6.91665
-6.92329
-6.92977
-6.93608
-6.94222
-6.94815
-6.95388
-6.95939
-6.96466
-6.96968
-6.97444
-6.97892
-6.9831
-6.98698
-6.99053
-6.99374
-6.99659
-6.99907
-7.00116
-7.00284
-7.00409
-7.0049
-7.00525
-7.00511
-7.00448
-7.00332
-7.00163
-6.99939
-6.99657
-6.99316
-6.98913
-6.98446
-6.97913
-6.97314
-6.96645
-6.95905
-6.95092
-6.94203
-6.93236
-6.9219
-6.91062
-6.8985
-6.88553
-6.87167
-6.85692
-6.84125
-6.82464
-6.80707
-6.78852
-6.76897
-6.74839
-6.72677
-6.7041
-6.68034
-6.65549
-6.62952
-6.60241
-6.57416
-6.54472
-6.5141
-6.48227
-6.44921
-6.4149
-6.37934
-6.3425
-6.30436
-6.26492
-6.22415
-6.18203
-6.13856
-6.09372
-6.04751
-5.9999
-5.95089
-5.90045
-5.84857
-5.79524
-5.74047
-5.68423
-5.62652
-5.56732
-5.50663
-5.44445
-5.38076
-5.31555
-5.24883
-5.18057
-5.11079
-5.03948
-4.96663
-4.89224
-4.81631
-4.73884
-4.65983
-4.57927
-4.49718
-4.41354
-4.32837
-4.24167
-4.15344
-4.0637
-3.97244
-3.87967
-3.7854
-3.68964
-3.59239
-3.49368
-3.39349
-3.29185
-3.18879
-3.08429
-2.97837
-2.87104
-2.76232
-2.65224
-2.54081
-2.42805
-2.31397
-2.19861
-2.08199
-1.9641
-1.84496
-1.7246
-1.60304
-1.48032
-1.35646
-1.23148
-1.10541
-0.978274
-0.850102
-0.720919
-0.590755
-0.459636
-0.327593
-0.194655
-0.0608551
0.0737799
0.20922
0.345431
0.482376
0.62002
0.758325
0.897263
1.0368
1.1769
1.31753
1.45864
1.60021
1.74219
1.88455
2.02725
2.17025
2.31351
2.45701
2.60069
2.74452
2.88847
3.03249
3.17655
3.3206
3.46461
3.60853
3.75233
3.89597
4.03942
4.18263
4.32557
4.46819
4.61046
4.75235
4.89381
5.0348
5.17532
5.3153
5.45471
5.59352
5.7317
5.86921
6.00603
6.1421
6.27743
6.41195
6.54559
6.6784
6.81039
6.9415
7.07169
7.20092
7.32919
7.45649
7.5828
7.70806
7.83231
7.95547
8.07753
8.19849
8.31835
8.43709
8.55469
8.67113
8.78643
8.90057
9.01356
9.12538
9.23602
9.34549
9.4538
9.56095
9.66688
9.77163
9.87518
9.97748
10.0786
10.1784
10.2771
10.3744
10.4704
10.5651
10.6584
10.7503
10.8409
10.9302
11.0177
11.1037
11.188
11.2705
11.3512
11.4301
11.5069
11.5814
11.6534
11.7227
11.7889
11.8518
11.911
11.9664
12.0176
12.064
12.1062
12.1407
12.1814
-6.30745
-6.31895
-6.32917
-6.33841
-6.34629
-6.3529
-6.35855
-6.36347
-6.3678
-6.37166
-6.37517
-6.3784
-6.38143
-6.38431
-6.38706
-6.38973
-6.39233
-6.39488
-6.39739
-6.39988
-6.40235
-6.4048
-6.40724
-6.40968
-6.41211
-6.41454
-6.41698
-6.41943
-6.42188
-6.42435
-6.42684
-6.42934
-6.43186
-6.43441
-6.43698
-6.43959
-6.44223
-6.44491
-6.44763
-6.45039
-6.4532
-6.45605
-6.45897
-6.46193
-6.46496
-6.46804
-6.4712
-6.47441
-6.4777
-6.48106
-6.48449
-6.488
-6.49159
-6.49527
-6.49902
-6.50286
-6.50678
-6.5108
-6.5149
-6.51909
-6.52338
-6.52776
-6.53223
-6.5368
-6.54147
-6.54624
-6.5511
-6.55607
-6.56113
-6.5663
-6.57157
-6.57694
-6.58241
-6.58798
-6.59364
-6.59941
-6.60527
-6.61124
-6.61729
-6.62344
-6.62969
-6.63602
-6.64245
-6.64896
-6.65556
-6.66224
-6.66901
-6.67585
-6.68277
-6.68976
-6.69681
-6.70393
-6.71111
-6.71835
-6.72564
-6.73298
-6.74036
-6.74778
-6.75524
-6.76272
-6.77022
-6.77774
-6.78528
-6.79281
-6.80035
-6.80787
-6.81538
-6.82287
-6.83032
-6.83774
-6.8451
-6.85241
-6.85965
-6.86682
-6.8739
-6.88088
-6.88776
-6.89452
-6.90116
-6.90766
-6.91401
-6.9202
-6.92621
-6.93204
-6.93767
-6.94309
-6.94828
-6.95324
-6.95794
-6.96237
-6.96652
-6.97037
-6.97391
-6.97712
-6.97998
-6.98249
-6.98462
-6.98636
-6.98768
-6.98858
-6.98903
-6.98902
-6.98853
-6.98754
-6.98603
-6.98398
-6.98138
-6.9782
-6.97443
-6.97004
-6.96502
-6.95934
-6.95299
-6.94595
-6.9382
-6.92972
-6.92049
-6.91048
-6.89968
-6.88807
-6.87562
-6.86231
-6.84813
-6.83306
-6.81707
-6.80015
-6.78227
-6.76342
-6.74358
-6.72271
-6.70081
-6.67785
-6.65382
-6.62871
-6.60248
-6.57513
-6.54663
-6.51696
-6.48611
-6.45406
-6.4208
-6.38629
-6.35053
-6.31351
-6.2752
-6.23559
-6.19466
-6.1524
-6.10878
-6.06381
-6.01748
-5.96976
-5.92064
-5.87011
-5.81815
-5.76475
-5.70992
-5.65363
-5.59589
-5.53667
-5.47596
-5.41376
-5.35006
-5.28487
-5.21817
-5.14995
-5.08022
-5.00897
-4.93619
-4.86188
-4.78605
-4.70868
-4.62978
-4.54935
-4.4674
-4.38391
-4.2989
-4.21237
-4.12433
-4.03478
-3.94372
-3.85117
-3.75713
-3.6616
-3.56461
-3.46615
-3.36623
-3.26487
-3.16209
-3.05789
-2.95228
-2.84527
-2.73689
-2.62715
-2.51607
-2.40367
-2.28996
-2.17497
-2.05873
-1.94122
-1.82248
-1.70253
-1.58139
-1.4591
-1.33567
-1.21113
-1.08551
-0.958832
-0.831126
-0.702414
-0.572727
-0.442092
-0.310537
-0.178095
-0.0447949
0.0893332
0.224262
0.359959
0.496386
0.633507
0.771286
0.909693
1.04869
1.18825
1.32834
1.46892
1.60995
1.75139
1.89321
2.03537
2.17783
2.32056
2.46351
2.60666
2.74995
2.89336
3.03685
3.18039
3.32392
3.46741
3.61082
3.75411
3.89726
4.04021
4.18293
4.32539
4.46755
4.60936
4.7508
4.89182
5.03239
5.17248
5.31205
5.45107
5.5895
5.72729
5.86443
6.00089
6.13664
6.27165
6.40588
6.53927
6.67183
6.80357
6.93446
7.06444
7.1935
7.32162
7.44879
7.575
7.70019
7.82437
7.94751
8.06957
8.19055
8.31046
8.42928
8.54699
8.66358
8.77906
8.89342
9.00665
9.11874
9.2297
9.33952
9.44822
9.55578
9.66219
9.76743
9.87152
9.97443
10.0762
10.1767
10.2761
10.3742
10.471
10.5667
10.6609
10.7538
10.8455
10.9358
11.0246
11.1119
11.1975
11.2813
11.3633
11.4434
11.5215
11.5974
11.6709
11.7418
11.8096
11.874
11.9348
11.9915
12.044
12.0917
12.1349
12.1705
12.2107
-6.28472
-6.29644
-6.30708
-6.3169
-6.32549
-6.3329
-6.3394
-6.34516
-6.35031
-6.35497
-6.35924
-6.36318
-6.36688
-6.37037
-6.3737
-6.37691
-6.38002
-6.38304
-6.386
-6.3889
-6.39176
-6.39459
-6.39739
-6.40017
-6.40293
-6.40567
-6.40841
-6.41115
-6.41388
-6.41662
-6.41936
-6.42211
-6.42488
-6.42767
-6.43047
-6.4333
-6.43615
-6.43904
-6.44196
-6.44492
-6.44792
-6.45096
-6.45405
-6.45718
-6.46038
-6.46362
-6.46693
-6.47029
-6.47372
-6.47722
-6.48078
-6.48442
-6.48813
-6.49191
-6.49577
-6.49971
-6.50373
-6.50784
-6.51202
-6.5163
-6.52066
-6.5251
-6.52964
-6.53427
-6.53898
-6.54379
-6.5487
-6.5537
-6.55879
-6.56398
-6.56926
-6.57464
-6.58011
-6.58567
-6.59133
-6.59709
-6.60293
-6.60886
-6.61489
-6.621
-6.6272
-6.63348
-6.63985
-6.6463
-6.65283
-6.65944
-6.66612
-6.67288
-6.6797
-6.68659
-6.69354
-6.70055
-6.70761
-6.71473
-6.72189
-6.72909
-6.73633
-6.7436
-6.7509
-6.75822
-6.76555
-6.77291
-6.78026
-6.78761
-6.79495
-6.80228
-6.80959
-6.81686
-6.8241
-6.83129
-6.83843
-6.84551
-6.85251
-6.85943
-6.86626
-6.87299
-6.8796
-6.8861
-6.89246
-6.89868
-6.90475
-6.91065
-6.91637
-6.9219
-6.92723
-6.93234
-6.93722
-6.94186
-6.94624
-6.95034
-6.95416
-6.95768
-6.96089
-6.96376
-6.96628
-6.96844
-6.97022
-6.97161
-6.97258
-6.97313
-6.97322
-6.97285
-6.972
-6.97065
-6.96878
-6.96637
-6.9634
-6.95986
-6.95573
-6.95098
-6.94559
-6.93955
-6.93285
-6.92545
-6.91734
-6.90851
-6.89892
-6.88857
-6.87742
-6.86546
-6.85267
-6.83903
-6.82452
-6.80912
-6.7928
-6.77556
-6.75737
-6.73822
-6.71806
-6.6969
-6.6747
-6.65146
-6.62716
-6.60177
-6.57528
-6.54767
-6.51891
-6.489
-6.45792
-6.42564
-6.39215
-6.35743
-6.32147
-6.28424
-6.24575
-6.20596
-6.16486
-6.12243
-6.07867
-6.03356
-5.98709
-5.93924
-5.89001
-5.83938
-5.78733
-5.73385
-5.67895
-5.6226
-5.56481
-5.50554
-5.44481
-5.38259
-5.31889
-5.2537
-5.18701
-5.11882
-5.04913
-4.97793
-4.90521
-4.83098
-4.75522
-4.67795
-4.59916
-4.51885
-4.43703
-4.35368
-4.26883
-4.18246
-4.09459
-4.00523
-3.91437
-3.82202
-3.7282
-3.6329
-3.53614
-3.43793
-3.33828
-3.2372
-3.13469
-3.03079
-2.92548
-2.81879
-2.71073
-2.60133
-2.49059
-2.37854
-2.26519
-2.15057
-2.0347
-1.91758
-1.79924
-1.6797
-1.55898
-1.4371
-1.31411
-1.19001
-1.06483
-0.938608
-0.811362
-0.683117
-0.553904
-0.423749
-0.29268
-0.16073
-0.0279266
0.1057
0.24012
0.375303
0.511213
0.647815
0.785073
0.922954
1.06143
1.20046
1.34001
1.48005
1.62053
1.76144
1.90271
2.04433
2.18625
2.32844
2.47085
2.61346
2.75622
2.89909
3.04205
3.18505
3.32806
3.47103
3.61393
3.75671
3.89935
4.04181
4.18404
4.32602
4.4677
4.60906
4.75004
4.89062
5.03075
5.17041
5.30955
5.44816
5.58619
5.72361
5.86038
5.99649
6.1319
6.26659
6.40052
6.53365
6.66596
6.79745
6.92811
7.05788
7.18676
7.31472
7.44175
7.56783
7.69294
7.81705
7.94014
8.06219
8.1832
8.30315
8.42204
8.53985
8.65658
8.77223
8.88679
9.00026
9.11262
9.22389
9.33406
9.44314
9.55112
9.65798
9.76373
9.86836
9.97186
10.0742
10.1755
10.2756
10.3745
10.4722
10.5687
10.6639
10.7578
10.8506
10.942
11.0321
11.1207
11.2076
11.2929
11.3764
11.458
11.5375
11.6149
11.6899
11.7623
11.8317
11.8978
11.9601
12.0184
12.0723
12.1212
12.1656
12.2026
12.242
-6.26271
-6.27459
-6.28556
-6.29585
-6.30505
-6.31314
-6.32037
-6.32688
-6.33279
-6.33818
-6.34315
-6.34776
-6.3521
-6.35619
-6.36009
-6.36383
-6.36744
-6.37093
-6.37434
-6.37766
-6.38092
-6.38413
-6.38729
-6.39042
-6.39351
-6.39657
-6.39962
-6.40265
-6.40567
-6.40868
-6.41169
-6.4147
-6.41771
-6.42074
-6.42377
-6.42683
-6.4299
-6.433
-6.43613
-6.43929
-6.44248
-6.44571
-6.44898
-6.45229
-6.45565
-6.45906
-6.46252
-6.46603
-6.46961
-6.47324
-6.47694
-6.4807
-6.48453
-6.48843
-6.4924
-6.49645
-6.50056
-6.50476
-6.50903
-6.51339
-6.51782
-6.52234
-6.52694
-6.53162
-6.53639
-6.54125
-6.54619
-6.55122
-6.55635
-6.56155
-6.56685
-6.57224
-6.57772
-6.58328
-6.58893
-6.59467
-6.60049
-6.6064
-6.61239
-6.61847
-6.62462
-6.63086
-6.63717
-6.64356
-6.65002
-6.65655
-6.66315
-6.66982
-6.67655
-6.68334
-6.69018
-6.69708
-6.70403
-6.71102
-6.71805
-6.72512
-6.73221
-6.73934
-6.74648
-6.75364
-6.76081
-6.76799
-6.77517
-6.78234
-6.78949
-6.79662
-6.80372
-6.81079
-6.81781
-6.82479
-6.8317
-6.83854
-6.84531
-6.85199
-6.85857
-6.86504
-6.8714
-6.87763
-6.88373
-6.88967
-6.89546
-6.90107
-6.90651
-6.91174
-6.91677
-6.92158
-6.92615
-6.93047
-6.93453
-6.93832
-6.94182
-6.94501
-6.94788
-6.95042
-6.9526
-6.95443
-6.95586
-6.95691
-6.95753
-6.95772
-6.95747
-6.95674
-6.95553
-6.95382
-6.95159
-6.94882
-6.9455
-6.9416
-6.93711
-6.932
-6.92626
-6.91986
-6.9128
-6.90504
-6.89658
-6.88739
-6.87746
-6.86676
-6.85526
-6.84296
-6.82983
-6.81585
-6.80101
-6.78528
-6.76864
-6.75108
-6.73257
-6.7131
-6.69265
-6.67118
-6.64869
-6.62516
-6.60057
-6.57491
-6.54815
-6.52027
-6.49126
-6.46111
-6.42978
-6.39726
-6.36355
-6.32861
-6.29244
-6.25502
-6.21633
-6.17635
-6.13508
-6.09249
-6.04857
-6.00331
-5.95671
-5.90873
-5.85938
-5.80864
-5.75649
-5.70294
-5.64796
-5.59154
-5.53368
-5.47438
-5.41361
-5.35137
-5.28766
-5.22247
-5.15579
-5.08763
-5.01797
-4.94681
-4.87414
-4.79998
-4.72431
-4.64713
-4.56844
-4.48824
-4.40654
-4.32333
-4.23862
-4.15242
-4.06472
-3.97553
-3.88486
-3.79272
-3.69911
-3.60404
-3.50752
-3.40955
-3.31016
-3.20934
-3.10712
-3.0035
-2.89849
-2.79211
-2.68437
-2.5753
-2.4649
-2.3532
-2.24021
-2.12595
-2.01045
-1.89372
-1.77577
-1.65663
-1.53632
-1.41487
-1.2923
-1.16863
-1.0439
-0.918124
-0.791332
-0.66355
-0.534805
-0.405125
-0.274538
-0.143075
-0.0107634
0.122366
0.256284
0.39096
0.526359
0.662446
0.799186
0.936547
1.0745
1.213
1.35202
1.49152
1.63148
1.77185
1.91259
2.05367
2.19506
2.33671
2.47859
2.62066
2.76289
2.90524
3.04767
3.19015
3.33264
3.4751
3.61749
3.75977
3.90192
4.04388
4.18563
4.32713
4.46835
4.60924
4.74977
4.88991
5.02961
5.16885
5.30758
5.44578
5.58343
5.72047
5.85689
5.99266
6.12774
6.26212
6.39575
6.52861
6.66067
6.79193
6.92236
7.05193
7.18063
7.30843
7.43532
7.56129
7.6863
7.81034
7.93339
8.05543
8.17644
8.29644
8.4154
8.53332
8.65019
8.766
8.88077
8.99447
9.10711
9.21868
9.3292
9.43866
9.54705
9.65437
9.76062
9.8658
9.96989
10.0729
10.1748
10.2756
10.3753
10.4739
10.5713
10.6675
10.7625
10.8564
10.949
11.0403
11.1301
11.2185
11.3052
11.3903
11.4735
11.5547
11.6336
11.7102
11.7843
11.8553
11.9231
11.9871
12.0471
12.1025
12.1529
12.1985
12.2367
12.2755
-6.24132
-6.25334
-6.26458
-6.27526
-6.28496
-6.29364
-6.30151
-6.30869
-6.31527
-6.32133
-6.32695
-6.3322
-6.33713
-6.3418
-6.34625
-6.35051
-6.35461
-6.35858
-6.36242
-6.36617
-6.36984
-6.37343
-6.37696
-6.38043
-6.38386
-6.38725
-6.3906
-6.39393
-6.39724
-6.40053
-6.40381
-6.40708
-6.41035
-6.41362
-6.41689
-6.42018
-6.42348
-6.42679
-6.43013
-6.43349
-6.43687
-6.44029
-6.44375
-6.44724
-6.45077
-6.45434
-6.45796
-6.46163
-6.46535
-6.46913
-6.47296
-6.47685
-6.4808
-6.48482
-6.4889
-6.49305
-6.49727
-6.50156
-6.50592
-6.51036
-6.51487
-6.51945
-6.52412
-6.52886
-6.53368
-6.53859
-6.54357
-6.54864
-6.55379
-6.55902
-6.56434
-6.56973
-6.57521
-6.58078
-6.58642
-6.59214
-6.59795
-6.60383
-6.60979
-6.61583
-6.62194
-6.62812
-6.63438
-6.64071
-6.6471
-6.65356
-6.66008
-6.66666
-6.6733
-6.67999
-6.68673
-6.69352
-6.70034
-6.70721
-6.71411
-6.72105
-6.728
-6.73498
-6.74197
-6.74897
-6.75598
-6.76299
-6.76998
-6.77697
-6.78393
-6.79087
-6.79777
-6.80463
-6.81144
-6.8182
-6.82488
-6.8315
-6.83803
-6.84446
-6.8508
-6.85702
-6.86312
-6.86909
-6.87492
-6.8806
-6.8861
-6.89144
-6.89658
-6.90153
-6.90626
-6.91077
-6.91503
-6.91905
-6.9228
-6.92627
-6.92944
-6.93231
-6.93486
-6.93707
-6.93892
-6.9404
-6.94151
-6.9422
-6.94249
-6.94234
-6.94173
-6.94066
-6.9391
-6.93704
-6.93446
-6.93134
-6.92766
-6.92341
-6.91856
-6.9131
-6.90701
-6.90026
-6.89285
-6.88474
-6.87593
-6.8664
-6.85612
-6.84507
-6.83324
-6.82061
-6.80714
-6.79283
-6.77766
-6.76161
-6.74465
-6.72678
-6.70796
-6.68819
-6.66743
-6.64567
-6.62289
-6.59907
-6.57421
-6.54827
-6.52124
-6.49311
-6.46385
-6.43344
-6.40188
-6.36914
-6.3352
-6.30005
-6.26367
-6.22605
-6.18717
-6.14702
-6.10557
-6.06282
-6.01875
-5.97334
-5.9266
-5.8785
-5.82904
-5.77819
-5.72595
-5.6723
-5.61725
-5.56077
-5.50286
-5.44351
-5.38271
-5.32045
-5.25673
-5.19154
-5.12487
-5.05673
-4.9871
-4.91599
-4.84339
-4.76929
-4.69369
-4.6166
-4.53802
-4.45793
-4.37636
-4.29329
-4.20872
-4.12268
-4.03515
-3.94614
-3.85567
-3.76373
-3.67033
-3.57548
-3.4792
-3.38148
-3.28234
-3.18179
-3.07985
-2.97651
-2.8718
-2.76573
-2.65831
-2.54957
-2.43951
-2.32815
-2.21552
-2.10163
-1.98649
-1.87014
-1.75258
-1.63384
-1.51394
-1.39291
-1.27076
-1.14753
-1.02323
-0.8979
-0.77156
-0.644236
-0.515955
-0.386746
-0.256635
-0.125653
0.00617143
0.138809
0.272231
0.406405
0.541297
0.676874
0.813102
0.949947
1.08738
1.22536
1.36386
1.50284
1.64227
1.78211
1.92232
2.06288
2.20374
2.34487
2.48622
2.62778
2.76949
2.91132
3.05324
3.19521
3.33719
3.47915
3.62104
3.76283
3.90449
4.04598
4.18725
4.32829
4.46905
4.60949
4.74958
4.88929
5.02857
5.16739
5.30573
5.44355
5.58082
5.71751
5.85358
5.98902
6.1238
6.25787
6.39122
6.52382
6.65564
6.78667
6.9169
7.04628
7.17482
7.30247
7.42924
7.5551
7.68002
7.804
7.92702
8.04905
8.1701
8.29015
8.40919
8.52723
8.64425
8.76024
8.87522
8.98916
9.10208
9.21397
9.32484
9.43468
9.5435
9.65129
9.75805
9.86377
9.96847
10.0721
10.1747
10.2763
10.3768
10.4763
10.5746
10.6718
10.7679
10.8629
10.9567
11.0492
11.1404
11.2301
11.3184
11.4051
11.4899
11.5728
11.6536
11.7319
11.8076
11.8805
11.9501
12.0159
12.0776
12.1347
12.1867
12.2335
12.2732
12.3113
-6.22049
-6.23263
-6.24409
-6.2551
-6.26522
-6.27441
-6.28283
-6.2906
-6.29778
-6.30445
-6.31068
-6.31652
-6.32203
-6.32725
-6.33223
-6.33699
-6.34157
-6.346
-6.35029
-6.35446
-6.35852
-6.3625
-6.36639
-6.37022
-6.37399
-6.3777
-6.38137
-6.385
-6.3886
-6.39218
-6.39573
-6.39927
-6.40279
-6.40631
-6.40983
-6.41335
-6.41687
-6.4204
-6.42395
-6.42752
-6.43111
-6.43472
-6.43836
-6.44203
-6.44573
-6.44947
-6.45325
-6.45708
-6.46095
-6.46487
-6.46884
-6.47286
-6.47694
-6.48107
-6.48527
-6.48952
-6.49384
-6.49823
-6.50268
-6.5072
-6.51179
-6.51644
-6.52117
-6.52598
-6.53085
-6.53581
-6.54083
-6.54594
-6.55112
-6.55637
-6.5617
-6.56711
-6.5726
-6.57816
-6.5838
-6.58951
-6.59529
-6.60115
-6.60708
-6.61308
-6.61915
-6.62528
-6.63149
-6.63775
-6.64408
-6.65046
-6.6569
-6.6634
-6.66994
-6.67653
-6.68317
-6.68984
-6.69656
-6.7033
-6.71008
-6.71687
-6.72369
-6.73052
-6.73736
-6.7442
-6.75104
-6.75788
-6.7647
-6.7715
-6.77828
-6.78502
-6.79172
-6.79837
-6.80497
-6.81151
-6.81797
-6.82436
-6.83065
-6.83685
-6.84294
-6.84892
-6.85476
-6.86047
-6.86604
-6.87144
-6.87667
-6.88173
-6.88659
-6.89125
-6.89568
-6.89989
-6.90386
-6.90757
-6.91101
-6.91417
-6.91703
-6.91958
-6.9218
-6.92368
-6.92521
-6.92636
-6.92713
-6.92749
-6.92744
-6.92695
-6.926
-6.92459
-6.92269
-6.92028
-6.91735
-6.91389
-6.90986
-6.90526
-6.90007
-6.89427
-6.88782
-6.88073
-6.87297
-6.86453
-6.85538
-6.84551
-6.83489
-6.82351
-6.81135
-6.79838
-6.78459
-6.76996
-6.75447
-6.7381
-6.72084
-6.70265
-6.68354
-6.66346
-6.64241
-6.62037
-6.59731
-6.57322
-6.54808
-6.52188
-6.4946
-6.46621
-6.43671
-6.40607
-6.37427
-6.34131
-6.30715
-6.2718
-6.23522
-6.19741
-6.15835
-6.11802
-6.07641
-6.0335
-5.98928
-5.94375
-5.89687
-5.84866
-5.79908
-5.74814
-5.69581
-5.64208
-5.58696
-5.53042
-5.47246
-5.41308
-5.35225
-5.28998
-5.22625
-5.16107
-5.09442
-5.02631
-4.95672
-4.88565
-4.81311
-4.73908
-4.66358
-4.58658
-4.5081
-4.42813
-4.34668
-4.26375
-4.17934
-4.09346
-4.0061
-3.91728
-3.827
-3.73527
-3.64208
-3.54747
-3.45142
-3.35395
-3.25507
-3.15479
-3.05312
-2.95007
-2.84566
-2.7399
-2.6328
-2.52438
-2.41465
-2.30364
-2.19136
-2.07783
-1.96307
-1.8471
-1.72993
-1.61158
-1.49209
-1.37147
-1.24974
-1.12693
-1.00307
-0.878182
-0.752289
-0.625418
-0.497597
-0.368852
-0.239212
-0.108705
0.0226392
0.154792
0.287723
0.421402
0.555795
0.69087
0.826593
0.962931
1.09985
1.23732
1.37531
1.51378
1.65269
1.79201
1.93171
2.07176
2.2121
2.35271
2.49356
2.6346
2.77581
2.91713
3.05855
3.20002
3.34151
3.48298
3.62439
3.7657
3.90689
4.04791
4.18872
4.32931
4.46962
4.60962
4.74929
4.88857
5.02745
5.16588
5.30383
5.44128
5.57819
5.71453
5.85028
5.9854
6.11987
6.25366
6.38675
6.5191
6.65069
6.78151
6.91154
7.04076
7.16914
7.29666
7.42331
7.54907
7.67392
7.79786
7.92085
8.0429
8.16398
8.2841
8.40325
8.52141
8.63858
8.75477
8.86996
8.98416
9.09737
9.20958
9.3208
9.43104
9.5403
9.64857
9.75585
9.86214
9.96745
10.0718
10.1751
10.2775
10.3788
10.4791
10.5784
10.6767
10.7739
10.87
10.965
11.0588
11.1513
11.2425
11.3323
11.4206
11.5072
11.5918
11.6744
11.7546
11.8322
11.907
11.9785
12.0463
12.1099
12.1688
12.2225
12.2707
12.3118
12.3495
-6.20019
-6.21242
-6.22406
-6.23534
-6.24583
-6.25545
-6.26436
-6.27265
-6.28038
-6.2876
-6.29438
-6.30077
-6.30681
-6.31256
-6.31804
-6.3233
-6.32835
-6.33322
-6.33794
-6.34253
-6.34699
-6.35135
-6.35561
-6.3598
-6.3639
-6.36795
-6.37193
-6.37587
-6.37977
-6.38363
-6.38746
-6.39126
-6.39505
-6.39882
-6.40258
-6.40633
-6.41009
-6.41384
-6.41761
-6.42138
-6.42517
-6.42898
-6.4328
-6.43666
-6.44054
-6.44445
-6.44839
-6.45237
-6.4564
-6.46046
-6.46457
-6.46872
-6.47293
-6.47718
-6.48149
-6.48586
-6.49028
-6.49476
-6.4993
-6.50391
-6.50857
-6.51331
-6.5181
-6.52297
-6.5279
-6.5329
-6.53797
-6.54311
-6.54832
-6.5536
-6.55895
-6.56437
-6.56986
-6.57543
-6.58106
-6.58676
-6.59252
-6.59836
-6.60426
-6.61022
-6.61624
-6.62233
-6.62848
-6.63468
-6.64094
-6.64725
-6.65361
-6.66002
-6.66647
-6.67297
-6.6795
-6.68606
-6.69266
-6.69928
-6.70593
-6.71259
-6.71927
-6.72595
-6.73264
-6.73932
-6.746
-6.75267
-6.75931
-6.76593
-6.77252
-6.77907
-6.78557
-6.79202
-6.79841
-6.80473
-6.81097
-6.81712
-6.82319
-6.82915
-6.83499
-6.84072
-6.84631
-6.85177
-6.85707
-6.8622
-6.86716
-6.87194
-6.87652
-6.88089
-6.88504
-6.88895
-6.89262
-6.89603
-6.89916
-6.90201
-6.90456
-6.90679
-6.9087
-6.91026
-6.91146
-6.91229
-6.91273
-6.91276
-6.91237
-6.91154
-6.91026
-6.90851
-6.90627
-6.90353
-6.90026
-6.89645
-6.89209
-6.88715
-6.88162
-6.87547
-6.86869
-6.86126
-6.85317
-6.84439
-6.83491
-6.8247
-6.81375
-6.80205
-6.78956
-6.77627
-6.76217
-6.74722
-6.73142
-6.71474
-6.69718
-6.67869
-6.65928
-6.63892
-6.61759
-6.59526
-6.57193
-6.54758
-6.52218
-6.49572
-6.46819
-6.43956
-6.40983
-6.37895
-6.34694
-6.31376
-6.2794
-6.24385
-6.20708
-6.16909
-6.12985
-6.08937
-6.0476
-6.00454
-5.96019
-5.91452
-5.86753
-5.8192
-5.76952
-5.71848
-5.66607
-5.61228
-5.55709
-5.50051
-5.44251
-5.38309
-5.32224
-5.25996
-5.19624
-5.13107
-5.06445
-4.99637
-4.92682
-4.85581
-4.78334
-4.70939
-4.63397
-4.55707
-4.4787
-4.39886
-4.31754
-4.23476
-4.1505
-4.06478
-3.9776
-3.88897
-3.79888
-3.70736
-3.61439
-3.52
-3.42419
-3.32697
-3.22835
-3.12834
-3.02695
-2.92419
-2.82008
-2.71463
-2.60784
-2.49975
-2.39036
-2.2797
-2.16777
-2.0546
-1.94021
-1.82461
-1.70783
-1.58988
-1.47078
-1.35057
-1.22926
-1.10688
-0.983446
-0.858992
-0.73354
-0.607117
-0.479749
-0.351463
-0.222287
-0.0922491
0.0386218
0.170296
0.302745
0.435937
0.569839
0.704421
0.839648
0.975488
1.11191
1.24888
1.38636
1.52432
1.66273
1.80155
1.94074
2.08028
2.22012
2.36023
2.50057
2.64112
2.78182
2.92266
3.06359
3.20457
3.34558
3.48656
3.6275
3.76835
3.90907
4.04963
4.19
4.33015
4.47003
4.60961
4.74885
4.88773
5.02621
5.16426
5.30184
5.43893
5.57549
5.7115
5.84693
5.98174
6.11592
6.24944
6.38226
6.51438
6.64575
6.77637
6.90621
7.03526
7.16349
7.29089
7.41743
7.54311
7.66791
7.79181
7.9148
8.03686
8.158
8.2782
8.39744
8.51574
8.63308
8.74946
8.86488
8.97934
9.09284
9.20539
9.31698
9.42763
9.53733
9.64609
9.75391
9.86078
9.96673
10.0717
10.1758
10.2789
10.3811
10.4824
10.5826
10.6819
10.7802
10.8775
10.9737
11.0689
11.1628
11.2555
11.3469
11.4368
11.5251
11.6117
11.6961
11.7783
11.858
11.9348
12.0084
12.0782
12.1438
12.2047
12.2602
12.3099
12.3526
12.3902
-6.18036
-6.19267
-6.20447
-6.21598
-6.22677
-6.23677
-6.24611
-6.25486
-6.26308
-6.2708
-6.27809
-6.28498
-6.29153
-6.29777
-6.30374
-6.30946
-6.31497
-6.32028
-6.32542
-6.33041
-6.33527
-6.34001
-6.34464
-6.34917
-6.35362
-6.35799
-6.3623
-6.36655
-6.37074
-6.37489
-6.379
-6.38307
-6.38712
-6.39114
-6.39515
-6.39914
-6.40313
-6.40711
-6.41109
-6.41508
-6.41907
-6.42307
-6.42709
-6.43113
-6.43518
-6.43927
-6.44338
-6.44752
-6.45169
-6.4559
-6.46015
-6.46444
-6.46878
-6.47316
-6.47758
-6.48206
-6.48658
-6.49116
-6.4958
-6.50049
-6.50523
-6.51004
-6.5149
-6.51983
-6.52482
-6.52987
-6.53498
-6.54016
-6.5454
-6.55071
-6.55608
-6.56151
-6.56701
-6.57257
-6.5782
-6.58389
-6.58964
-6.59544
-6.60131
-6.60724
-6.61322
-6.61926
-6.62535
-6.6315
-6.63769
-6.64393
-6.65021
-6.65653
-6.66289
-6.66929
-6.67572
-6.68217
-6.68865
-6.69516
-6.70167
-6.7082
-6.71474
-6.72127
-6.72781
-6.73434
-6.74085
-6.74735
-6.75382
-6.76026
-6.76666
-6.77301
-6.77931
-6.78556
-6.79174
-6.79784
-6.80386
-6.8098
-6.81563
-6.82135
-6.82696
-6.83243
-6.83778
-6.84297
-6.84801
-6.85288
-6.85757
-6.86207
-6.86637
-6.87046
-6.87432
-6.87794
-6.88131
-6.88442
-6.88726
-6.8898
-6.89204
-6.89396
-6.89555
-6.89679
-6.89767
-6.89818
-6.89829
-6.898
-6.89728
-6.89612
-6.89451
-6.89243
-6.88986
-6.88678
-6.88317
-6.87903
-6.87433
-6.86906
-6.86319
-6.85671
-6.8496
-6.84184
-6.83342
-6.82431
-6.8145
-6.80397
-6.7927
-6.78067
-6.76787
-6.75427
-6.73985
-6.7246
-6.70849
-6.69152
-6.67365
-6.65488
-6.63518
-6.61454
-6.59293
-6.57034
-6.54674
-6.52213
-6.49648
-6.46977
-6.442
-6.41314
-6.38317
-6.35209
-6.31986
-6.28647
-6.25192
-6.21617
-6.17922
-6.14106
-6.10166
-6.06101
-6.0191
-5.9759
-5.93142
-5.88563
-5.83852
-5.79009
-5.74032
-5.6892
-5.63672
-5.58286
-5.52762
-5.47099
-5.41295
-5.35351
-5.29265
-5.23037
-5.16666
-5.10151
-5.03491
-4.96687
-4.89738
-4.82643
-4.75403
-4.68016
-4.60483
-4.52804
-4.44979
-4.37007
-4.28889
-4.20625
-4.12215
-4.0366
-3.9496
-3.86116
-3.77127
-3.67995
-3.58721
-3.49305
-3.39748
-3.30051
-3.20215
-3.10241
-3.0013
-2.89883
-2.79501
-2.68986
-2.5834
-2.47563
-2.36658
-2.25625
-2.14468
-2.03186
-1.91784
-1.80261
-1.68621
-1.56865
-1.44995
-1.33014
-1.20925
-1.08728
-0.964273
-0.840249
-0.715233
-0.589251
-0.462329
-0.334495
-0.205776
-0.076199
0.0542062
0.185411
0.317385
0.450099
0.583521
0.717618
0.852359
0.987711
1.12364
1.26012
1.39711
1.53458
1.67249
1.81081
1.94951
2.08855
2.2279
2.36752
2.50737
2.64743
2.78765
2.928
3.06845
3.20896
3.34949
3.49001
3.63049
3.77088
3.91115
4.05127
4.19121
4.33092
4.47038
4.60954
4.74839
4.88687
5.02497
5.16264
5.29986
5.4366
5.57282
5.70851
5.84363
5.97815
6.11204
6.24529
6.37787
6.50975
6.64091
6.77134
6.901
7.02989
7.15798
7.28526
7.4117
7.53731
7.66205
7.78592
7.90891
8.031
8.15219
8.27246
8.39182
8.51025
8.62775
8.74433
8.85998
8.97471
9.08851
9.20139
9.31336
9.42442
9.53458
9.64383
9.75219
9.85965
9.96623
10.0719
10.1767
10.2807
10.3837
10.4858
10.5871
10.6874
10.7869
10.8853
10.9828
11.0793
11.1747
11.269
11.362
11.4536
11.5437
11.6321
11.7186
11.8028
11.8846
11.9636
12.0394
12.1115
12.1793
12.2422
12.2997
12.3511
12.3954
12.4333
-6.16099
-6.17337
-6.18529
-6.19699
-6.20805
-6.21838
-6.22808
-6.23724
-6.2459
-6.25408
-6.26183
-6.2692
-6.27622
-6.28292
-6.28934
-6.29551
-6.30145
-6.30719
-6.31275
-6.31814
-6.32338
-6.32849
-6.33348
-6.33837
-6.34316
-6.34786
-6.35248
-6.35703
-6.36153
-6.36596
-6.37035
-6.3747
-6.37901
-6.38329
-6.38755
-6.39178
-6.396
-6.40021
-6.40441
-6.40861
-6.4128
-6.41701
-6.42122
-6.42544
-6.42968
-6.43394
-6.43821
-6.44252
-6.44685
-6.4512
-6.4556
-6.46002
-6.46448
-6.46899
-6.47353
-6.47812
-6.48275
-6.48743
-6.49216
-6.49693
-6.50176
-6.50664
-6.51158
-6.51657
-6.52161
-6.52671
-6.53187
-6.53709
-6.54236
-6.54769
-6.55308
-6.55853
-6.56404
-6.5696
-6.57522
-6.5809
-6.58663
-6.59242
-6.59826
-6.60415
-6.61009
-6.61608
-6.62212
-6.6282
-6.63432
-6.64049
-6.64669
-6.65293
-6.6592
-6.6655
-6.67183
-6.67817
-6.68454
-6.69092
-6.69731
-6.7037
-6.7101
-6.71649
-6.72287
-6.72924
-6.7356
-6.74192
-6.74822
-6.75448
-6.76069
-6.76685
-6.77296
-6.779
-6.78497
-6.79086
-6.79666
-6.80237
-6.80797
-6.81346
-6.81883
-6.82406
-6.82915
-6.83409
-6.83887
-6.84348
-6.8479
-6.85213
-6.85615
-6.85995
-6.86353
-6.86687
-6.86994
-6.87276
-6.87529
-6.87753
-6.87946
-6.88107
-6.88235
-6.88328
-6.88384
-6.88403
-6.88382
-6.88321
-6.88217
-6.88068
-6.87875
-6.87633
-6.87343
-6.87002
-6.86609
-6.86162
-6.85659
-6.85099
-6.84479
-6.83799
-6.83055
-6.82246
-6.81371
-6.80428
-6.79415
-6.7833
-6.77172
-6.75938
-6.74626
-6.73235
-6.71763
-6.70208
-6.68568
-6.66841
-6.65026
-6.6312
-6.61122
-6.59031
-6.56843
-6.54557
-6.52172
-6.49685
-6.47095
-6.44401
-6.41601
-6.38692
-6.35673
-6.32543
-6.293
-6.25942
-6.22467
-6.18874
-6.15162
-6.11329
-6.07373
-6.03293
-5.99088
-5.94755
-5.90294
-5.85704
-5.80983
-5.7613
-5.71144
-5.66024
-5.60769
-5.55378
-5.49849
-5.44182
-5.38376
-5.3243
-5.26344
-5.20116
-5.13746
-5.07233
-5.00577
-4.93777
-4.86834
-4.79746
-4.72513
-4.65135
-4.57612
-4.49943
-4.4213
-4.34171
-4.26067
-4.17817
-4.09424
-4.00886
-3.92204
-3.83378
-3.7441
-3.65299
-3.56047
-3.46654
-3.37121
-3.27449
-3.17639
-3.07692
-2.97608
-2.8739
-2.77038
-2.66554
-2.55939
-2.45194
-2.34322
-2.23323
-2.122
-2.00955
-1.89588
-1.78103
-1.665
-1.54783
-1.42952
-1.31011
-1.18962
-1.06807
-0.945476
-0.821875
-0.697289
-0.571741
-0.445259
-0.317869
-0.189599
-0.060476
0.0694714
0.200214
0.331723
0.463968
0.596917
0.73054
0.864803
0.999677
1.13513
1.27112
1.40763
1.54461
1.68204
1.81988
1.95809
2.09665
2.23551
2.37465
2.51402
2.6536
2.79335
2.93323
3.07321
3.21325
3.35332
3.49339
3.63341
3.77336
3.91319
4.05288
4.19239
4.33168
4.47073
4.60949
4.74794
4.88604
5.02376
5.16107
5.29794
5.43434
5.57024
5.70561
5.84043
5.97466
6.10829
6.24128
6.37361
6.50527
6.63623
6.76646
6.89595
7.02469
7.15265
7.27981
7.40617
7.5317
7.6564
7.78024
7.90323
8.02535
8.14659
8.26694
8.38641
8.50498
8.62265
8.73943
8.85531
8.97031
9.08441
9.19764
9.30998
9.42146
9.53206
9.64181
9.75071
9.85876
9.96597
10.0724
10.1779
10.2826
10.3865
10.4896
10.5918
10.6932
10.7938
10.8935
10.9923
11.0901
11.187
11.2828
11.3775
11.4709
11.5629
11.6532
11.7417
11.8282
11.9122
11.9936
12.0717
12.1461
12.2162
12.2814
12.341
12.3942
12.4405
12.4789
-6.14205
-6.15448
-6.16652
-6.17838
-6.18966
-6.20027
-6.21031
-6.21983
-6.22887
-6.23747
-6.24564
-6.25344
-6.2609
-6.26803
-6.27489
-6.28148
-6.28784
-6.29399
-6.29994
-6.30572
-6.31134
-6.31682
-6.32217
-6.3274
-6.33252
-6.33755
-6.34249
-6.34735
-6.35214
-6.35687
-6.36154
-6.36616
-6.37074
-6.37527
-6.37978
-6.38426
-6.38871
-6.39315
-6.39757
-6.40198
-6.40638
-6.41079
-6.41519
-6.4196
-6.42402
-6.42846
-6.4329
-6.43737
-6.44185
-6.44636
-6.4509
-6.45546
-6.46005
-6.46468
-6.46934
-6.47404
-6.47878
-6.48356
-6.48838
-6.49325
-6.49816
-6.50312
-6.50812
-6.51317
-6.51828
-6.52343
-6.52863
-6.53389
-6.53919
-6.54455
-6.54996
-6.55543
-6.56094
-6.56651
-6.57213
-6.57779
-6.58351
-6.58927
-6.59508
-6.60094
-6.60684
-6.61278
-6.61877
-6.62479
-6.63085
-6.63694
-6.64307
-6.64922
-6.6554
-6.6616
-6.66782
-6.67406
-6.68031
-6.68657
-6.69283
-6.6991
-6.70535
-6.7116
-6.71783
-6.72405
-6.73024
-6.7364
-6.74252
-6.7486
-6.75463
-6.7606
-6.76651
-6.77235
-6.77811
-6.78379
-6.78937
-6.79485
-6.80023
-6.80548
-6.81061
-6.8156
-6.82044
-6.82513
-6.82965
-6.83399
-6.83815
-6.84211
-6.84585
-6.84938
-6.85267
-6.85572
-6.85851
-6.86103
-6.86327
-6.86521
-6.86684
-6.86814
-6.86911
-6.86973
-6.86998
-6.86985
-6.86933
-6.86839
-6.86703
-6.86523
-6.86296
-6.86023
-6.857
-6.85327
-6.84901
-6.84422
-6.83886
-6.83294
-6.82642
-6.81929
-6.81153
-6.80312
-6.79405
-6.7843
-6.77386
-6.7627
-6.7508
-6.73816
-6.72474
-6.71052
-6.6955
-6.67966
-6.66296
-6.64541
-6.62698
-6.60764
-6.5874
-6.56621
-6.54407
-6.52096
-6.49685
-6.47174
-6.4456
-6.41843
-6.3902
-6.36089
-6.33049
-6.29898
-6.26635
-6.23257
-6.19764
-6.16154
-6.12425
-6.08576
-6.04605
-6.00511
-5.96292
-5.91947
-5.87474
-5.82873
-5.78142
-5.7328
-5.68286
-5.63159
-5.57898
-5.52501
-5.46968
-5.41298
-5.3549
-5.29542
-5.23456
-5.17228
-5.1086
-5.0435
-4.97698
-4.90903
-4.83966
-4.76884
-4.69659
-4.6229
-4.54777
-4.4712
-4.39318
-4.31373
-4.23283
-4.15049
-4.06671
-3.9815
-3.89486
-3.8068
-3.71732
-3.62642
-3.53412
-3.44042
-3.34533
-3.24886
-3.15102
-3.05181
-2.95125
-2.84936
-2.74613
-2.64159
-2.53575
-2.42863
-2.32023
-2.21058
-2.09969
-1.98759
-1.87428
-1.75979
-1.64414
-1.52735
-1.40943
-1.29041
-1.17032
-1.04917
-0.926993
-0.803809
-0.679645
-0.554525
-0.428475
-0.301523
-0.173694
-0.0450166
0.084481
0.21477
0.345822
0.477606
0.610092
0.743249
0.877046
1.01145
1.14643
1.28195
1.41798
1.55449
1.69145
1.82881
1.96655
2.10463
2.24302
2.38169
2.52059
2.65971
2.79899
2.93841
3.07793
3.21752
3.35714
3.49676
3.63635
3.77586
3.91526
4.05453
4.19362
4.33251
4.47115
4.60952
4.74759
4.88532
5.02267
5.15963
5.29616
5.43223
5.56781
5.70287
5.8374
5.97135
6.10471
6.23745
6.36956
6.501
6.63175
6.7618
6.89113
7.01972
7.14755
7.27461
7.40087
7.52634
7.65099
7.77482
7.89781
8.01996
8.14126
8.26169
8.38127
8.49997
8.61782
8.7348
8.85092
8.96618
9.08059
9.19415
9.30687
9.41875
9.52981
9.64006
9.7495
9.85813
9.96598
10.073
10.1793
10.2849
10.3896
10.4936
10.5968
10.6993
10.801
10.9019
11.002
11.1013
11.1997
11.2971
11.3935
11.4887
11.5826
11.675
11.7656
11.8544
11.9408
12.0246
12.1052
12.1821
12.2548
12.3224
12.3843
12.4395
12.4879
12.5269
-6.12465
-6.13712
-6.14924
-6.16123
-6.1727
-6.18353
-6.19383
-6.20366
-6.21303
-6.22197
-6.23051
-6.23868
-6.24651
-6.25403
-6.26126
-6.26823
-6.27496
-6.28148
-6.28779
-6.29392
-6.29989
-6.3057
-6.31138
-6.31693
-6.32236
-6.32769
-6.33293
-6.33808
-6.34314
-6.34814
-6.35308
-6.35795
-6.36278
-6.36756
-6.3723
-6.377
-6.38168
-6.38633
-6.39096
-6.39557
-6.40018
-6.40477
-6.40936
-6.41395
-6.41854
-6.42314
-6.42774
-6.43236
-6.437
-6.44165
-6.44632
-6.45101
-6.45573
-6.46048
-6.46525
-6.47006
-6.4749
-6.47978
-6.48469
-6.48964
-6.49463
-6.49966
-6.50473
-6.50984
-6.515
-6.5202
-6.52545
-6.53074
-6.53608
-6.54146
-6.54689
-6.55237
-6.55789
-6.56346
-6.56907
-6.57473
-6.58043
-6.58617
-6.59196
-6.59778
-6.60364
-6.60954
-6.61547
-6.62144
-6.62744
-6.63346
-6.63951
-6.64558
-6.65168
-6.65779
-6.66391
-6.67005
-6.67619
-6.68233
-6.68847
-6.69461
-6.70073
-6.70684
-6.71293
-6.719
-6.72503
-6.73103
-6.73699
-6.7429
-6.74875
-6.75454
-6.76026
-6.76591
-6.77147
-6.77694
-6.78232
-6.78759
-6.79274
-6.79777
-6.80267
-6.80743
-6.81204
-6.81648
-6.82076
-6.82485
-6.82875
-6.83245
-6.83594
-6.8392
-6.84222
-6.84499
-6.84751
-6.84974
-6.8517
-6.85335
-6.85469
-6.8557
-6.85638
-6.8567
-6.85665
-6.85622
-6.85539
-6.85415
-6.85248
-6.85037
-6.8478
-6.84476
-6.84122
-6.83718
-6.83261
-6.8275
-6.82184
-6.8156
-6.80877
-6.80133
-6.79327
-6.78455
-6.77518
-6.76513
-6.75438
-6.74292
-6.73073
-6.71778
-6.70407
-6.68957
-6.67427
-6.65814
-6.64117
-6.62334
-6.60464
-6.58504
-6.56453
-6.54309
-6.52069
-6.49733
-6.47299
-6.44764
-6.42128
-6.39388
-6.36543
-6.33591
-6.30531
-6.2736
-6.24077
-6.20682
-6.17171
-6.13544
-6.09798
-6.05934
-6.01948
-5.97841
-5.93609
-5.89251
-5.84767
-5.80155
-5.75415
-5.70544
-5.65543
-5.60409
-5.55141
-5.49739
-5.44202
-5.38529
-5.32718
-5.2677
-5.20683
-5.14456
-5.08089
-5.01582
-4.94933
-4.88143
-4.81211
-4.74136
-4.66919
-4.59558
-4.52054
-4.44407
-4.36617
-4.28684
-4.20607
-4.12388
-4.04025
-3.95521
-3.86874
-3.78086
-3.69157
-3.60088
-3.50879
-3.41531
-3.32045
-3.22421
-3.12661
-3.02766
-2.92737
-2.82574
-2.7228
-2.61855
-2.513
-2.40618
-2.2981
-2.18877
-2.07821
-1.96644
-1.85348
-1.73934
-1.62404
-1.50761
-1.39006
-1.27142
-1.15171
-1.03095
-0.909164
-0.78638
-0.662619
-0.537908
-0.412273
-0.285738
-0.158332
-0.0300819
0.098985
0.22884
0.359454
0.490797
0.622839
0.75555
0.888898
1.02285
1.15738
1.29245
1.42803
1.56408
1.70058
1.83749
1.97477
2.1124
2.25034
2.38855
2.52701
2.66567
2.80451
2.94348
3.08257
3.22172
3.36091
3.5001
3.63926
3.77835
3.91735
4.05621
4.1949
4.33339
4.47165
4.60964
4.74734
4.88471
5.02171
5.15833
5.29453
5.43028
5.56555
5.70032
5.83456
5.96825
6.10136
6.23386
6.36574
6.49697
6.62753
6.7574
6.88657
7.01502
7.14273
7.26968
7.39587
7.52128
7.64589
7.7697
7.8927
8.01488
8.13623
8.25675
8.37644
8.49529
8.61331
8.73049
8.84684
8.96237
9.07708
9.19097
9.30407
9.41637
9.52788
9.63862
9.74859
9.85782
9.9663
10.074
10.1811
10.2874
10.393
10.4979
10.6022
10.7057
10.8086
10.9107
11.0122
11.1129
11.2128
11.3118
11.4099
11.507
11.6029
11.6974
11.7903
11.8814
11.9703
12.0567
12.14
12.2196
12.295
12.3652
12.4296
12.4871
12.5377
12.5775
-6.1081
-6.12061
-6.1328
-6.1449
-6.15651
-6.16755
-6.17808
-6.18816
-6.19782
-6.20706
-6.21592
-6.22442
-6.23259
-6.24046
-6.24804
-6.25535
-6.26243
-6.26929
-6.27594
-6.2824
-6.28869
-6.29482
-6.30081
-6.30666
-6.31239
-6.31801
-6.32353
-6.32895
-6.33429
-6.33955
-6.34473
-6.34986
-6.35492
-6.35994
-6.36491
-6.36983
-6.37472
-6.37958
-6.38442
-6.38923
-6.39402
-6.3988
-6.40357
-6.40833
-6.41309
-6.41785
-6.42261
-6.42738
-6.43216
-6.43695
-6.44175
-6.44658
-6.45142
-6.45628
-6.46117
-6.46608
-6.47102
-6.47598
-6.48098
-6.48602
-6.49108
-6.49618
-6.50132
-6.50649
-6.51171
-6.51696
-6.52225
-6.52758
-6.53295
-6.53836
-6.54381
-6.5493
-6.55483
-6.5604
-6.56601
-6.57166
-6.57734
-6.58306
-6.58882
-6.59461
-6.60044
-6.60629
-6.61217
-6.61808
-6.62402
-6.62998
-6.63596
-6.64195
-6.64796
-6.65398
-6.66001
-6.66605
-6.67208
-6.67811
-6.68413
-6.69015
-6.69614
-6.70212
-6.70807
-6.71399
-6.71987
-6.72571
-6.73151
-6.73725
-6.74293
-6.74854
-6.75408
-6.75954
-6.76491
-6.77019
-6.77536
-6.78042
-6.78536
-6.79018
-6.79485
-6.79939
-6.80376
-6.80797
-6.81201
-6.81586
-6.81951
-6.82296
-6.82619
-6.82919
-6.83195
-6.83445
-6.8367
-6.83866
-6.84034
-6.84172
-6.84278
-6.8435
-6.84389
-6.84392
-6.84359
-6.84286
-6.84174
-6.8402
-6.83824
-6.83582
-6.83296
-6.82961
-6.82577
-6.82143
-6.81656
-6.81115
-6.80518
-6.79864
-6.79152
-6.78378
-6.77541
-6.7664
-6.75673
-6.74638
-6.73534
-6.72359
-6.71111
-6.69788
-6.68389
-6.66911
-6.65353
-6.63712
-6.61988
-6.60179
-6.58282
-6.56297
-6.5422
-6.52051
-6.49788
-6.47428
-6.4497
-6.42413
-6.39754
-6.36993
-6.34126
-6.31154
-6.28074
-6.24884
-6.21583
-6.18169
-6.14642
-6.10998
-6.07237
-6.03358
-5.99358
-5.95237
-5.90993
-5.86624
-5.82129
-5.77507
-5.72757
-5.67878
-5.62869
-5.57728
-5.52455
-5.47048
-5.41507
-5.35831
-5.30018
-5.24068
-5.17981
-5.11755
-5.0539
-4.98885
-4.9224
-4.85454
-4.78527
-4.71459
-4.64249
-4.56897
-4.49402
-4.41765
-4.33986
-4.26065
-4.18001
-4.09796
-4.01448
-3.9296
-3.8433
-3.7556
-3.66649
-3.576
-3.48411
-3.39084
-3.2962
-3.2002
-3.10284
-3.00414
-2.9041
-2.80274
-2.70006
-2.59609
-2.49084
-2.38431
-2.27654
-2.16752
-2.05728
-1.94583
-1.8332
-1.7194
-1.60445
-1.48837
-1.37118
-1.2529
-1.13356
-1.01318
-0.891778
-0.769381
-0.646012
-0.521698
-0.396464
-0.270335
-0.143339
-0.0155024
0.113147
0.242581
0.37277
0.503686
0.635298
0.767577
0.90049
1.03401
1.1681
1.30273
1.43786
1.57348
1.70953
1.846
1.98284
2.12003
2.25753
2.39531
2.53332
2.67155
2.80996
2.94851
3.08716
3.22589
3.36466
3.50344
3.64219
3.78087
3.91947
4.05793
4.19624
4.33435
4.47223
4.60986
4.7472
4.88421
5.02088
5.15717
5.29305
5.42849
5.56346
5.69795
5.83192
5.96534
6.09821
6.23048
6.36214
6.49317
6.62355
6.75325
6.88227
7.01058
7.13818
7.26503
7.39114
7.51649
7.64107
7.76487
7.88788
8.0101
8.13151
8.25212
8.37192
8.49091
8.6091
8.72648
8.84307
8.95886
9.07387
9.1881
9.30157
9.41427
9.52624
9.63747
9.74798
9.85779
9.9669
10.0753
10.1831
10.2902
10.3967
10.5026
10.6078
10.7124
10.8165
10.9199
11.0226
11.1248
11.2262
11.3269
11.4268
11.5258
11.6237
11.7204
11.8157
11.9092
12.0007
12.0898
12.1759
12.2585
12.3367
12.4098
12.4769
12.5367
12.5898
12.6305
-6.09085
-6.10342
-6.11568
-6.12787
-6.13962
-6.15084
-6.16159
-6.17192
-6.18185
-6.19139
-6.20056
-6.20939
-6.2179
-6.22611
-6.23403
-6.2417
-6.24912
-6.25632
-6.26332
-6.27012
-6.27675
-6.28321
-6.28952
-6.29569
-6.30173
-6.30765
-6.31346
-6.31917
-6.32479
-6.33033
-6.33578
-6.34117
-6.34649
-6.35175
-6.35696
-6.36212
-6.36724
-6.37233
-6.37737
-6.3824
-6.38739
-6.39237
-6.39733
-6.40227
-6.40721
-6.41214
-6.41707
-6.422
-6.42693
-6.43187
-6.43682
-6.44178
-6.44675
-6.45173
-6.45674
-6.46176
-6.46681
-6.47188
-6.47697
-6.48209
-6.48724
-6.49241
-6.49762
-6.50286
-6.50813
-6.51343
-6.51877
-6.52414
-6.52954
-6.53498
-6.54045
-6.54596
-6.5515
-6.55707
-6.56268
-6.56832
-6.57399
-6.57969
-6.58542
-6.59118
-6.59697
-6.60278
-6.60861
-6.61446
-6.62034
-6.62623
-6.63213
-6.63804
-6.64397
-6.6499
-6.65583
-6.66176
-6.66768
-6.67359
-6.6795
-6.68538
-6.69124
-6.69708
-6.70289
-6.70865
-6.71438
-6.72006
-6.72569
-6.73126
-6.73676
-6.74219
-6.74754
-6.75281
-6.75798
-6.76305
-6.76801
-6.77286
-6.77758
-6.78217
-6.78662
-6.79092
-6.79506
-6.79903
-6.80281
-6.80641
-6.80981
-6.813
-6.81597
-6.8187
-6.82119
-6.82343
-6.82539
-6.82708
-6.82847
-6.82956
-6.83033
-6.83077
-6.83087
-6.83061
-6.82997
-6.82895
-6.82753
-6.82569
-6.82342
-6.8207
-6.81752
-6.81387
-6.80973
-6.80508
-6.7999
-6.79418
-6.78791
-6.78107
-6.77364
-6.76559
-6.75693
-6.74761
-6.73764
-6.727
-6.71566
-6.70362
-6.69085
-6.67733
-6.66305
-6.64799
-6.63213
-6.61545
-6.59794
-6.57958
-6.56036
-6.54024
-6.51922
-6.49729
-6.47441
-6.45057
-6.42576
-6.39997
-6.37316
-6.34533
-6.31646
-6.28653
-6.25554
-6.22345
-6.19026
-6.15595
-6.1205
-6.08391
-6.04615
-6.00721
-5.96708
-5.92574
-5.88318
-5.83938
-5.79432
-5.74801
-5.70043
-5.65156
-5.6014
-5.54993
-5.49715
-5.44304
-5.3876
-5.33081
-5.27267
-5.21317
-5.1523
-5.09006
-5.02643
-4.96142
-4.89501
-4.82721
-4.758
-4.68739
-4.61537
-4.54194
-4.46709
-4.39084
-4.31317
-4.23408
-4.15359
-4.07168
-3.98836
-3.90365
-3.81752
-3.73001
-3.6411
-3.55081
-3.45913
-3.36609
-3.27168
-3.17592
-3.0788
-2.98036
-2.88058
-2.77949
-2.6771
-2.57342
-2.46846
-2.36224
-2.25477
-2.14607
-2.03616
-1.92505
-1.81275
-1.6993
-1.5847
-1.46898
-1.35216
-1.23425
-1.11529
-0.995288
-0.874273
-0.752268
-0.629297
-0.505384
-0.380556
-0.254838
-0.128256
-0.000837537
0.12739
0.256399
0.386161
0.516646
0.647825
0.779667
0.912143
1.04522
1.17887
1.31306
1.44775
1.58293
1.71854
1.85456
1.99096
2.12771
2.26477
2.40211
2.53969
2.67748
2.81546
2.95357
3.0918
3.23011
3.36846
3.50683
3.64517
3.78345
3.92165
4.05972
4.19764
4.33537
4.47288
4.61015
4.74713
4.88381
5.02014
5.1561
5.29166
5.4268
5.56148
5.69569
5.82939
5.96256
6.09518
6.22723
6.35868
6.48951
6.61971
6.74925
6.87812
7.00631
7.13379
7.26055
7.38659
7.51189
7.63644
7.76023
7.88326
8.00551
8.12699
8.24768
8.3676
8.48674
8.6051
8.72269
8.83951
8.95557
9.07088
9.18545
9.29929
9.41241
9.52483
9.63655
9.7476
9.85799
9.96774
10.0769
10.1854
10.2933
10.4007
10.5075
10.6137
10.7194
10.8246
10.9293
11.0334
11.137
11.24
11.3424
11.4441
11.545
11.645
11.744
11.8417
11.9378
12.032
12.124
12.213
12.2986
12.3799
12.456
12.5262
12.5885
12.6444
12.6857
-6.07296
-6.08557
-6.0979
-6.11017
-6.12205
-6.13344
-6.1444
-6.15496
-6.16515
-6.17498
-6.18445
-6.1936
-6.20244
-6.21098
-6.21926
-6.22727
-6.23505
-6.2426
-6.24994
-6.25709
-6.26405
-6.27085
-6.27749
-6.28399
-6.29035
-6.29659
-6.30271
-6.30872
-6.31464
-6.32046
-6.3262
-6.33186
-6.33745
-6.34298
-6.34844
-6.35385
-6.35921
-6.36453
-6.36981
-6.37505
-6.38026
-6.38545
-6.39061
-6.39575
-6.40088
-6.40599
-6.4111
-6.4162
-6.42129
-6.42639
-6.43149
-6.43659
-6.4417
-6.44682
-6.45195
-6.45709
-6.46225
-6.46743
-6.47262
-6.47783
-6.48307
-6.48833
-6.49361
-6.49892
-6.50425
-6.50961
-6.51499
-6.52041
-6.52585
-6.53132
-6.53681
-6.54234
-6.54789
-6.55347
-6.55907
-6.56471
-6.57036
-6.57604
-6.58175
-6.58747
-6.59322
-6.59898
-6.60476
-6.61056
-6.61637
-6.62219
-6.62801
-6.63384
-6.63968
-6.64551
-6.65134
-6.65716
-6.66297
-6.66877
-6.67454
-6.68029
-6.68602
-6.69171
-6.69737
-6.70298
-6.70855
-6.71406
-6.71951
-6.7249
-6.73022
-6.73546
-6.74062
-6.74568
-6.75065
-6.75551
-6.76026
-6.76488
-6.76938
-6.77374
-6.77795
-6.78201
-6.7859
-6.78962
-6.79316
-6.7965
-6.79963
-6.80256
-6.80525
-6.80772
-6.80993
-6.81188
-6.81357
-6.81497
-6.81607
-6.81687
-6.81735
-6.81749
-6.81728
-6.81672
-6.81578
-6.81445
-6.81272
-6.81058
-6.80799
-6.80497
-6.80148
-6.79752
-6.79306
-6.7881
-6.78261
-6.77659
-6.77
-6.76285
-6.75511
-6.74676
-6.73778
-6.72817
-6.7179
-6.70695
-6.69532
-6.68297
-6.66991
-6.65611
-6.64154
-6.6262
-6.61006
-6.5931
-6.57532
-6.5567
-6.53721
-6.51683
-6.49557
-6.47338
-6.45026
-6.42619
-6.40115
-6.37513
-6.3481
-6.32006
-6.29099
-6.26086
-6.22967
-6.1974
-6.16403
-6.12955
-6.09394
-6.05719
-6.01928
-5.98021
-5.93995
-5.89848
-5.85581
-5.8119
-5.76675
-5.72035
-5.67268
-5.62375
-5.57352
-5.522
-5.46918
-5.41504
-5.35957
-5.30277
-5.24462
-5.18512
-5.12427
-5.06205
-4.99845
-4.93348
-4.86713
-4.79939
-4.73025
-4.65972
-4.58779
-4.51446
-4.43973
-4.36359
-4.28605
-4.20711
-4.12676
-4.04501
-3.96186
-3.87732
-3.79139
-3.70406
-3.61536
-3.52528
-3.43383
-3.34102
-3.24685
-3.15133
-3.05448
-2.95629
-2.85679
-2.75599
-2.65388
-2.5505
-2.44584
-2.33994
-2.23279
-2.12441
-2.01483
-1.90406
-1.79211
-1.67901
-1.56478
-1.44942
-1.33297
-1.21544
-1.09686
-0.977249
-0.856627
-0.73502
-0.612451
-0.488947
-0.364529
-0.239227
-0.113064
0.0139313
0.141733
0.270313
0.399643
0.529693
0.660435
0.791839
0.923875
1.05651
1.18972
1.32346
1.45771
1.59244
1.72761
1.86319
1.99915
2.13545
2.27207
2.40897
2.54612
2.68348
2.82102
2.95871
3.09651
3.2344
3.37234
3.51029
3.64822
3.78611
3.9239
4.06159
4.19913
4.33648
4.47363
4.61054
4.74717
4.8835
5.0195
5.15514
5.29039
5.42523
5.55962
5.69355
5.82699
5.95991
6.09229
6.22411
6.35535
6.48599
6.61601
6.7454
6.87412
7.00218
7.12955
7.25623
7.3822
7.50745
7.63197
7.75576
7.8788
8.00109
8.12263
8.24342
8.36346
8.48275
8.60128
8.71908
8.83613
8.95246
9.06807
9.18298
9.29719
9.41072
9.52359
9.63581
9.74739
9.85837
9.96876
10.0786
10.1878
10.2966
10.4048
10.5125
10.6198
10.7266
10.833
10.9389
11.0444
11.1495
11.2541
11.3582
11.4617
11.5646
11.6667
11.768
11.8681
11.9669
12.064
12.1589
12.2512
12.34
12.4247
12.504
12.5774
12.6424
12.7014
12.7429
-6.05445
-6.06712
-6.07951
-6.09185
-6.10385
-6.1154
-6.12655
-6.13733
-6.14777
-6.15786
-6.16763
-6.17708
-6.18624
-6.19512
-6.20373
-6.21209
-6.22021
-6.22811
-6.2358
-6.2433
-6.25061
-6.25776
-6.26474
-6.27157
-6.27826
-6.28483
-6.29127
-6.29759
-6.30381
-6.30994
-6.31597
-6.32192
-6.32779
-6.33359
-6.33932
-6.34499
-6.35061
-6.35617
-6.36169
-6.36717
-6.37261
-6.37801
-6.38339
-6.38874
-6.39407
-6.39937
-6.40467
-6.40995
-6.41522
-6.42048
-6.42574
-6.43099
-6.43625
-6.44151
-6.44677
-6.45204
-6.45732
-6.46261
-6.46791
-6.47323
-6.47856
-6.4839
-6.48926
-6.49464
-6.50004
-6.50546
-6.5109
-6.51636
-6.52184
-6.52734
-6.53287
-6.53841
-6.54398
-6.54956
-6.55517
-6.56079
-6.56644
-6.5721
-6.57778
-6.58347
-6.58917
-6.59489
-6.60062
-6.60635
-6.6121
-6.61784
-6.62359
-6.62933
-6.63507
-6.64081
-6.64653
-6.65224
-6.65793
-6.6636
-6.66925
-6.67487
-6.68045
-6.68599
-6.69149
-6.69694
-6.70234
-6.70768
-6.71296
-6.71816
-6.72329
-6.72834
-6.73329
-6.73815
-6.7429
-6.74755
-6.75207
-6.75647
-6.76073
-6.76485
-6.76883
-6.77264
-6.77628
-6.77974
-6.78301
-6.78609
-6.78896
-6.79161
-6.79403
-6.79621
-6.79814
-6.79981
-6.8012
-6.80231
-6.80311
-6.80361
-6.80379
-6.80363
-6.80311
-6.80224
-6.80099
-6.79935
-6.79731
-6.79485
-6.79195
-6.78861
-6.78481
-6.78053
-6.77575
-6.77047
-6.76467
-6.75833
-6.75143
-6.74396
-6.7359
-6.72725
-6.71796
-6.70804
-6.69746
-6.68621
-6.67427
-6.66163
-6.64827
-6.63418
-6.61933
-6.6037
-6.58728
-6.57005
-6.55199
-6.5331
-6.51335
-6.49272
-6.47119
-6.44876
-6.4254
-6.40109
-6.37582
-6.34958
-6.32234
-6.29409
-6.26481
-6.23449
-6.20311
-6.17066
-6.13711
-6.10246
-6.0667
-6.0298
-5.99175
-5.95254
-5.91215
-5.87057
-5.82778
-5.78378
-5.73854
-5.69205
-5.64432
-5.59531
-5.54504
-5.49347
-5.44061
-5.38644
-5.33095
-5.27415
-5.216
-5.15652
-5.09568
-5.03349
-4.96994
-4.90502
-4.83873
-4.77105
-4.702
-4.63156
-4.55973
-4.48651
-4.4119
-4.33589
-4.25849
-4.17969
-4.0995
-4.01792
-3.93495
-3.85059
-3.76485
-3.67774
-3.58925
-3.49939
-3.40817
-3.3156
-3.22168
-3.12642
-3.02983
-2.93192
-2.8327
-2.73219
-2.63038
-2.5273
-2.42296
-2.31737
-2.21055
-2.10251
-1.99328
-1.88285
-1.77126
-1.65852
-1.54465
-1.42967
-1.3136
-1.19645
-1.07826
-0.959046
-0.838825
-0.717622
-0.595464
-0.472372
-0.348373
-0.223491
-0.0977533
0.0288146
0.156185
0.284331
0.413224
0.542836
0.673138
0.804099
0.935691
1.06788
1.20064
1.33394
1.46775
1.60203
1.73675
1.87189
2.0074
2.14326
2.27944
2.4159
2.55261
2.68953
2.82664
2.96391
3.10129
3.23875
3.37627
3.51381
3.65134
3.78882
3.92623
4.06353
4.20068
4.33766
4.47445
4.61099
4.74728
4.88327
5.01894
5.15426
5.2892
5.42374
5.55784
5.6915
5.82467
5.95734
6.08949
6.22109
6.35213
6.48257
6.61242
6.74164
6.87023
6.99816
7.12543
7.25202
7.37792
7.50312
7.62762
7.7514
7.87446
7.9968
8.11841
8.23929
8.35945
8.47888
8.59759
8.71559
8.83288
8.94948
9.0654
9.18064
9.29522
9.40917
9.52249
9.6352
9.74733
9.8589
9.96992
10.0804
10.1904
10.3
10.4091
10.5177
10.626
10.7339
10.8415
10.9487
11.0555
11.1621
11.2683
11.3741
11.4795
11.5844
11.6888
11.7924
11.8951
11.9966
12.0966
12.1947
12.2903
12.3826
12.4708
12.5537
12.6306
12.6985
12.7609
12.802
-6.03539
-6.0481
-6.06055
-6.07296
-6.08507
-6.09676
-6.10808
-6.11907
-6.12974
-6.14009
-6.15014
-6.15988
-6.16935
-6.17854
-6.18749
-6.19618
-6.20465
-6.21289
-6.22094
-6.22878
-6.23644
-6.24393
-6.25126
-6.25843
-6.26546
-6.27236
-6.27913
-6.28578
-6.29232
-6.29875
-6.30509
-6.31134
-6.3175
-6.32358
-6.32959
-6.33554
-6.34142
-6.34724
-6.35301
-6.35874
-6.36441
-6.37005
-6.37565
-6.38122
-6.38676
-6.39227
-6.39776
-6.40323
-6.40868
-6.41412
-6.41955
-6.42497
-6.43038
-6.43579
-6.44119
-6.4466
-6.45201
-6.45742
-6.46283
-6.46825
-6.47368
-6.47912
-6.48456
-6.49002
-6.49549
-6.50098
-6.50647
-6.51198
-6.51751
-6.52305
-6.5286
-6.53416
-6.53975
-6.54534
-6.55095
-6.55657
-6.5622
-6.56784
-6.57349
-6.57915
-6.58481
-6.59048
-6.59615
-6.60183
-6.6075
-6.61317
-6.61884
-6.62449
-6.63014
-6.63577
-6.64139
-6.64698
-6.65255
-6.65809
-6.6636
-6.66908
-6.67451
-6.6799
-6.68524
-6.69053
-6.69576
-6.70092
-6.70601
-6.71102
-6.71596
-6.7208
-6.72555
-6.73019
-6.73473
-6.73915
-6.74344
-6.7476
-6.75163
-6.75551
-6.75923
-6.76278
-6.76616
-6.76936
-6.77237
-6.77517
-6.77777
-6.78014
-6.78227
-6.78417
-6.7858
-6.78718
-6.78827
-6.78908
-6.78958
-6.78977
-6.78964
-6.78917
-6.78834
-6.78715
-6.78559
-6.78363
-6.78127
-6.77849
-6.77527
-6.77161
-6.76748
-6.76288
-6.75778
-6.75218
-6.74605
-6.73939
-6.73217
-6.72438
-6.71601
-6.70703
-6.69744
-6.6872
-6.67631
-6.66476
-6.65252
-6.63958
-6.62592
-6.61153
-6.59638
-6.58047
-6.56377
-6.54626
-6.52793
-6.50877
-6.48875
-6.46787
-6.44609
-6.42341
-6.39981
-6.37527
-6.34977
-6.32331
-6.29586
-6.2674
-6.23792
-6.20741
-6.17583
-6.14321
-6.10948
-6.07468
-6.03875
-6.00171
-5.96351
-5.92418
-5.88366
-5.84197
-5.79909
-5.75499
-5.70966
-5.6631
-5.61529
-5.56624
-5.51591
-5.46431
-5.41141
-5.35723
-5.30173
-5.24493
-5.18679
-5.12733
-5.06652
-5.00437
-4.94087
-4.87601
-4.80978
-4.74219
-4.67322
-4.60288
-4.53116
-4.45806
-4.38358
-4.30771
-4.23045
-4.15181
-4.07179
-3.99039
-3.9076
-3.82344
-3.73791
-3.65101
-3.56274
-3.47312
-3.38214
-3.28982
-3.19615
-3.10116
-3.00485
-2.90722
-2.8083
-2.70808
-2.60658
-2.50381
-2.3998
-2.29454
-2.18805
-2.08036
-1.97147
-1.8614
-1.75018
-1.63781
-1.52431
-1.40971
-1.29403
-1.17728
-1.05948
-0.940667
-0.820853
-0.700062
-0.578319
-0.455647
-0.332071
-0.207616
-0.0823089
0.0438257
0.17076
0.298467
0.42692
0.556089
0.685946
0.816461
0.947606
1.07935
1.21166
1.34451
1.47787
1.6117
1.74597
1.88066
2.01573
2.15114
2.28688
2.4229
2.55917
2.69566
2.83234
2.96917
3.10612
3.24317
3.38027
3.5174
3.65452
3.7916
3.92862
4.06552
4.2023
4.33891
4.47532
4.61151
4.74745
4.8831
5.01844
5.15344
5.28808
5.42232
5.55614
5.68952
5.82243
5.95486
6.08677
6.21815
6.34898
6.47924
6.60891
6.73798
6.86642
6.99423
7.1214
7.2479
7.37374
7.49889
7.62337
7.74714
7.87022
7.9926
8.11428
8.23526
8.35553
8.47511
8.594
8.71221
8.82974
8.94661
9.06283
9.17841
9.29337
9.40772
9.5215
9.6347
9.74737
9.85952
9.97118
10.0824
10.1931
10.3035
10.4134
10.523
10.6323
10.7413
10.85
10.9585
11.0667
11.1748
11.2826
11.3901
11.4974
11.6044
11.711
11.817
11.9223
12.0267
12.1298
12.2312
12.3303
12.4263
12.5183
12.605
12.6857
12.7567
12.8228
12.8627
-6.01584
-6.02859
-6.0411
-6.05357
-6.06576
-6.07759
-6.08907
-6.10025
-6.11114
-6.12173
-6.13203
-6.14206
-6.15182
-6.16132
-6.17058
-6.1796
-6.1884
-6.19699
-6.20538
-6.21357
-6.22158
-6.22941
-6.23709
-6.2446
-6.25197
-6.25921
-6.26631
-6.27329
-6.28015
-6.2869
-6.29356
-6.30011
-6.30658
-6.31296
-6.31926
-6.32548
-6.33164
-6.33773
-6.34377
-6.34975
-6.35567
-6.36155
-6.36739
-6.37318
-6.37894
-6.38467
-6.39037
-6.39604
-6.40168
-6.40731
-6.41291
-6.4185
-6.42408
-6.42964
-6.4352
-6.44074
-6.44628
-6.45182
-6.45736
-6.46289
-6.46842
-6.47396
-6.4795
-6.48504
-6.49058
-6.49614
-6.50169
-6.50726
-6.51283
-6.5184
-6.52399
-6.52958
-6.53518
-6.54078
-6.54639
-6.552
-6.55762
-6.56324
-6.56887
-6.57449
-6.58012
-6.58574
-6.59135
-6.59697
-6.60257
-6.60816
-6.61374
-6.61931
-6.62486
-6.63038
-6.63589
-6.64136
-6.64681
-6.65222
-6.65759
-6.66292
-6.6682
-6.67343
-6.67861
-6.68372
-6.68877
-6.69375
-6.69865
-6.70347
-6.7082
-6.71283
-6.71737
-6.72179
-6.7261
-6.73029
-6.73435
-6.73827
-6.74205
-6.74568
-6.74914
-6.75243
-6.75555
-6.75848
-6.76121
-6.76373
-6.76604
-6.76812
-6.76997
-6.77157
-6.77291
-6.77398
-6.77477
-6.77527
-6.77546
-6.77534
-6.77489
-6.7741
-6.77296
-6.77144
-6.76956
-6.76727
-6.76459
-6.76148
-6.75794
-6.75394
-6.74949
-6.74456
-6.73914
-6.7332
-6.72675
-6.71976
-6.71222
-6.7041
-6.69541
-6.68611
-6.6762
-6.66564
-6.65445
-6.64258
-6.63004
-6.61679
-6.60283
-6.58814
-6.57271
-6.5565
-6.53952
-6.52173
-6.50314
-6.4837
-6.46342
-6.44227
-6.42025
-6.39732
-6.37348
-6.3487
-6.32298
-6.29629
-6.26863
-6.23997
-6.21029
-6.17958
-6.14784
-6.11502
-6.08114
-6.04616
-6.0101
-5.9729
-5.93458
-5.89511
-5.85449
-5.81268
-5.7697
-5.72551
-5.68011
-5.63347
-5.58561
-5.5365
-5.48613
-5.43449
-5.38158
-5.32738
-5.27189
-5.21509
-5.15698
-5.09754
-5.03677
-4.97467
-4.91122
-4.84643
-4.78028
-4.71278
-4.64391
-4.57367
-4.50207
-4.4291
-4.35475
-4.27903
-4.20193
-4.12346
-4.04362
-3.9624
-3.87981
-3.79586
-3.71054
-3.62386
-3.53583
-3.44644
-3.35572
-3.26365
-3.17026
-3.07555
-2.97952
-2.88218
-2.78356
-2.68365
-2.58247
-2.48003
-2.37634
-2.27142
-2.16528
-2.05794
-1.94941
-1.83971
-1.72885
-1.61686
-1.50375
-1.38954
-1.27425
-1.1579
-1.04051
-0.922101
-0.8027
-0.682328
-0.561006
-0.438761
-0.315614
-0.191594
-0.0667219
0.0589727
0.185466
0.312728
0.440734
0.569455
0.698862
0.828926
0.959619
1.09091
1.22277
1.35516
1.48807
1.62144
1.75527
1.8895
2.02412
2.15909
2.29438
2.42995
2.56578
2.70183
2.83808
2.97448
3.11101
3.24763
3.38431
3.52103
3.65774
3.79442
3.93104
4.06756
4.20395
4.34019
4.47624
4.61207
4.74766
4.88297
5.01798
5.15267
5.28699
5.42094
5.55447
5.68758
5.82024
5.95242
6.0841
6.21526
6.34588
6.47596
6.60545
6.73436
6.86267
6.99036
7.11742
7.24384
7.36961
7.49472
7.61917
7.74294
7.86604
7.98847
8.11022
8.23129
8.35169
8.47142
8.59048
8.7089
8.82667
8.9438
9.06032
9.17624
9.29157
9.40633
9.52055
9.63424
9.74744
9.86017
9.97245
10.0843
10.1958
10.3069
10.4178
10.5283
10.6386
10.7487
10.8586
10.9683
11.0779
11.1875
11.2969
11.4062
11.5154
11.6245
11.7333
11.8418
11.9499
12.0572
12.1635
12.2683
12.371
12.4709
12.567
12.6578
12.7426
12.8168
12.887
12.9249
-5.99589
-6.00867
-6.02122
-6.03375
-6.04602
-6.05796
-6.0696
-6.08095
-6.09204
-6.10285
-6.11339
-6.12368
-6.13372
-6.14351
-6.15308
-6.16242
-6.17154
-6.18046
-6.18918
-6.19771
-6.20606
-6.21424
-6.22226
-6.23012
-6.23783
-6.2454
-6.25284
-6.26015
-6.26734
-6.27442
-6.28139
-6.28826
-6.29504
-6.30172
-6.30832
-6.31484
-6.32128
-6.32765
-6.33396
-6.3402
-6.34639
-6.35252
-6.3586
-6.36463
-6.37062
-6.37657
-6.38248
-6.38836
-6.39421
-6.40002
-6.40582
-6.41158
-6.41733
-6.42306
-6.42877
-6.43447
-6.44015
-6.44582
-6.45148
-6.45713
-6.46277
-6.46841
-6.47405
-6.47968
-6.4853
-6.49093
-6.49655
-6.50217
-6.50779
-6.51341
-6.51903
-6.52465
-6.53026
-6.53588
-6.54149
-6.5471
-6.5527
-6.55831
-6.5639
-6.56949
-6.57507
-6.58065
-6.58621
-6.59176
-6.59729
-6.6028
-6.6083
-6.61377
-6.61922
-6.62464
-6.63002
-6.63538
-6.64069
-6.64597
-6.6512
-6.65638
-6.6615
-6.66657
-6.67158
-6.67652
-6.68138
-6.68617
-6.69087
-6.69549
-6.70001
-6.70443
-6.70875
-6.71295
-6.71702
-6.72098
-6.72479
-6.72847
-6.73199
-6.73536
-6.73856
-6.74159
-6.74443
-6.74708
-6.74953
-6.75177
-6.75378
-6.75557
-6.75711
-6.75841
-6.75944
-6.76021
-6.76068
-6.76087
-6.76074
-6.76031
-6.75953
-6.75842
-6.75694
-6.75511
-6.75289
-6.75028
-6.74726
-6.74382
-6.73994
-6.73562
-6.73083
-6.72556
-6.7198
-6.71354
-6.70675
-6.69944
-6.69156
-6.68313
-6.6741
-6.66448
-6.65424
-6.64338
-6.63186
-6.61968
-6.60682
-6.59327
-6.57901
-6.56403
-6.54829
-6.5318
-6.51452
-6.49646
-6.47758
-6.45789
-6.43734
-6.41594
-6.39365
-6.37049
-6.3464
-6.32139
-6.29544
-6.26854
-6.24067
-6.2118
-6.18193
-6.15103
-6.1191
-6.08612
-6.05207
-6.01694
-5.98072
-5.94339
-5.90493
-5.86534
-5.8246
-5.7827
-5.73962
-5.69535
-5.64987
-5.60318
-5.55526
-5.5061
-5.4557
-5.40404
-5.35111
-5.2969
-5.24142
-5.18464
-5.12655
-5.06714
-5.00642
-4.94437
-4.881
-4.81628
-4.75022
-4.68281
-4.61405
-4.54393
-4.47246
-4.39962
-4.32542
-4.24986
-4.17293
-4.09463
-4.01497
-3.93395
-3.85157
-3.76783
-3.68274
-3.59629
-3.5085
-3.41937
-3.3289
-3.23711
-3.14399
-3.04956
-2.95383
-2.8568
-2.75848
-2.65889
-2.55804
-2.45593
-2.35258
-2.24801
-2.14223
-2.03524
-1.92708
-1.81776
-1.70728
-1.59567
-1.48295
-1.36914
-1.25425
-1.13831
-1.02133
-0.903344
-0.784365
-0.664418
-0.543527
-0.421714
-0.299005
-0.175424
-0.0509957
0.0742537
0.200298
0.32711
0.454664
0.582931
0.711882
0.84149
0.971725
1.10256
1.23396
1.36589
1.49834
1.63126
1.76463
1.89841
2.03257
2.16709
2.30193
2.43706
2.57244
2.70805
2.84386
2.97983
3.11593
3.25213
3.38839
3.52469
3.661
3.79728
3.9335
4.06963
4.20564
4.3415
4.47719
4.61266
4.7479
4.88287
5.01756
5.15192
5.28594
5.41959
5.55284
5.68568
5.81807
5.95
6.08145
6.21239
6.34282
6.4727
6.60203
6.73078
6.85895
6.98651
7.11347
7.23981
7.36551
7.49058
7.61501
7.73878
7.86191
7.98438
8.1062
8.22736
8.34788
8.46776
8.587
8.70562
8.82362
8.94102
9.05784
9.17408
9.28977
9.40494
9.5196
9.63378
9.74751
9.86081
9.97372
10.0863
10.1985
10.3104
10.4221
10.5336
10.6449
10.7561
10.8671
10.9782
11.0892
11.2002
11.3113
11.4224
11.5335
11.6447
11.7558
11.8669
11.9777
12.088
12.1975
12.3059
12.4125
12.5164
12.6168
12.7118
12.8009
12.8787
12.9532
12.9885
-5.97563
-5.98844
-6.00104
-6.01361
-6.02595
-6.038
-6.04977
-6.06128
-6.07255
-6.08356
-6.09433
-6.10486
-6.11516
-6.12523
-6.13509
-6.14473
-6.15416
-6.1634
-6.17244
-6.1813
-6.18999
-6.19851
-6.20686
-6.21506
-6.22311
-6.23102
-6.2388
-6.24644
-6.25396
-6.26137
-6.26866
-6.27585
-6.28294
-6.28993
-6.29683
-6.30365
-6.31038
-6.31704
-6.32362
-6.33014
-6.33659
-6.34298
-6.34931
-6.35559
-6.36182
-6.368
-6.37413
-6.38023
-6.38628
-6.3923
-6.39828
-6.40424
-6.41016
-6.41606
-6.42194
-6.42779
-6.43361
-6.43942
-6.44522
-6.45099
-6.45675
-6.4625
-6.46823
-6.47396
-6.47967
-6.48537
-6.49106
-6.49674
-6.50241
-6.50807
-6.51373
-6.51938
-6.52501
-6.53064
-6.53626
-6.54187
-6.54746
-6.55304
-6.55862
-6.56417
-6.56971
-6.57523
-6.58074
-6.58622
-6.59168
-6.59712
-6.60252
-6.6079
-6.61325
-6.61856
-6.62383
-6.62906
-6.63424
-6.63938
-6.64446
-6.64949
-6.65445
-6.65936
-6.66419
-6.66895
-6.67363
-6.67822
-6.68273
-6.68714
-6.69145
-6.69565
-6.69974
-6.70371
-6.70756
-6.71127
-6.71484
-6.71826
-6.72153
-6.72463
-6.72756
-6.73032
-6.73288
-6.73525
-6.73741
-6.73936
-6.74108
-6.74257
-6.74382
-6.74481
-6.74553
-6.74599
-6.74615
-6.74601
-6.74557
-6.74481
-6.74371
-6.74227
-6.74047
-6.7383
-6.73575
-6.73281
-6.72945
-6.72568
-6.72147
-6.71681
-6.71168
-6.70609
-6.69999
-6.6934
-6.68628
-6.67863
-6.67043
-6.66167
-6.65231
-6.64237
-6.63181
-6.62063
-6.6088
-6.59632
-6.58315
-6.5693
-6.55473
-6.53945
-6.52343
-6.50665
-6.48909
-6.47076
-6.45161
-6.43165
-6.41084
-6.38919
-6.36665
-6.34325
-6.31892
-6.2937
-6.26752
-6.24041
-6.21233
-6.18327
-6.1532
-6.12213
-6.09002
-6.05688
-6.02267
-5.9874
-5.95103
-5.91358
-5.875
-5.8353
-5.79445
-5.75247
-5.70929
-5.66496
-5.6194
-5.57267
-5.52469
-5.47551
-5.42507
-5.37341
-5.32046
-5.26627
-5.21079
-5.15404
-5.09599
-5.03664
-4.97596
-4.91399
-4.85068
-4.78605
-4.72009
-4.65279
-4.58414
-4.51416
-4.44281
-4.37013
-4.29608
-4.22069
-4.14393
-4.06583
-3.98636
-3.90555
-3.82338
-3.73987
-3.65501
-3.5688
-3.48126
-3.39239
-3.30219
-3.21067
-3.11784
-3.02371
-2.92827
-2.83155
-2.73355
-2.63428
-2.53376
-2.43199
-2.32899
-2.22477
-2.11935
-2.01274
-1.90495
-1.796
-1.6859
-1.57469
-1.46236
-1.34895
-1.23447
-1.11893
-1.00237
-0.884802
-0.766246
-0.646726
-0.526265
-0.404886
-0.282615
-0.159473
-0.0354874
0.0893175
0.214915
0.341279
0.468382
0.596197
0.724696
0.85385
0.983631
1.11401
1.24496
1.37644
1.50843
1.6409
1.77382
1.90715
2.04087
2.17494
2.30933
2.44402
2.57897
2.71415
2.84952
2.98507
3.12074
3.25652
3.39238
3.52827
3.66418
3.80006
3.93589
4.07164
4.20728
4.34278
4.4781
4.61323
4.74813
4.88277
5.01713
5.15119
5.28491
5.41826
5.55124
5.68381
5.81596
5.94765
6.07887
6.2096
6.33983
6.46953
6.59869
6.72729
6.85533
6.98278
7.10964
7.2359
7.36154
7.48657
7.61098
7.73476
7.8579
7.98042
8.1023
8.22356
8.34419
8.46421
8.58362
8.70243
8.82065
8.93831
9.05541
9.17198
9.28803
9.40358
9.51868
9.63332
9.74757
9.86143
9.97495
10.0882
10.2011
10.3138
10.4263
10.5387
10.651
10.7632
10.8754
10.9877
11.1001
11.2125
11.3252
11.438
11.551
11.6642
11.7776
11.8911
12.0045
12.1177
12.2304
12.3422
12.4525
12.5604
12.665
12.7644
12.8579
12.9392
13.0182
13.0505
-5.95518
-5.96802
-5.98066
-5.99327
-6.00568
-6.01781
-6.0297
-6.04136
-6.05279
-6.06399
-6.07497
-6.08573
-6.09627
-6.1066
-6.11673
-6.12665
-6.13638
-6.14592
-6.15528
-6.16446
-6.17347
-6.18231
-6.19099
-6.19952
-6.20791
-6.21615
-6.22426
-6.23223
-6.24008
-6.24782
-6.25543
-6.26294
-6.27034
-6.27764
-6.28485
-6.29197
-6.299
-6.30594
-6.31281
-6.3196
-6.32633
-6.33298
-6.33957
-6.3461
-6.35257
-6.35898
-6.36535
-6.37166
-6.37793
-6.38416
-6.39034
-6.39649
-6.4026
-6.40867
-6.41471
-6.42072
-6.42671
-6.43266
-6.43859
-6.44449
-6.45037
-6.45623
-6.46207
-6.46789
-6.47369
-6.47947
-6.48523
-6.49097
-6.4967
-6.50241
-6.50811
-6.51378
-6.51944
-6.52508
-6.53071
-6.53631
-6.5419
-6.54747
-6.55301
-6.55853
-6.56404
-6.56951
-6.57496
-6.58037
-6.58576
-6.59111
-6.59643
-6.60171
-6.60696
-6.61215
-6.61731
-6.62241
-6.62747
-6.63246
-6.6374
-6.64227
-6.64708
-6.65181
-6.65647
-6.66104
-6.66553
-6.66993
-6.67424
-6.67844
-6.68254
-6.68652
-6.69038
-6.69412
-6.69773
-6.70119
-6.70452
-6.70768
-6.71069
-6.71353
-6.7162
-6.71867
-6.72096
-6.72304
-6.72492
-6.72657
-6.728
-6.72919
-6.73013
-6.73081
-6.73123
-6.73136
-6.73122
-6.73076
-6.73
-6.72891
-6.72749
-6.72572
-6.72359
-6.72109
-6.71822
-6.71493
-6.71125
-6.70714
-6.7026
-6.6976
-6.69215
-6.68622
-6.6798
-6.67287
-6.66543
-6.65745
-6.64892
-6.63983
-6.63016
-6.61989
-6.60903
-6.59752
-6.58539
-6.57259
-6.55913
-6.54498
-6.53013
-6.51455
-6.49824
-6.48118
-6.46336
-6.44474
-6.42534
-6.40511
-6.38406
-6.36215
-6.33939
-6.31574
-6.29121
-6.26575
-6.23938
-6.21206
-6.18379
-6.15453
-6.12429
-6.09304
-6.06078
-6.02747
-5.99313
-5.95771
-5.92123
-5.88364
-5.84496
-5.80515
-5.76422
-5.72214
-5.67891
-5.63449
-5.5889
-5.5421
-5.49412
-5.44489
-5.39446
-5.34277
-5.28985
-5.23566
-5.18022
-5.1235
-5.0655
-5.0062
-4.9456
-4.88369
-4.82048
-4.75595
-4.69009
-4.6229
-4.55439
-4.48454
-4.41335
-4.34082
-4.26695
-4.19172
-4.11516
-4.03724
-3.95798
-3.87738
-3.79545
-3.71216
-3.62754
-3.54159
-3.45431
-3.3657
-3.27578
-3.18454
-3.09201
-2.99817
-2.90304
-2.80663
-2.70896
-2.61002
-2.50984
-2.40841
-2.30576
-2.2019
-2.09684
-1.9906
-1.88318
-1.77461
-1.6649
-1.55408
-1.44215
-1.32914
-1.21506
-1.09994
-0.983791
-0.86664
-0.748506
-0.629411
-0.509379
-0.388432
-0.266595
-0.14389
-0.0203428
0.104021
0.229176
0.355095
0.481753
0.609122
0.737175
0.865882
0.995216
1.12515
1.25565
1.38668
1.51823
1.65026
1.78273
1.91562
2.0489
2.18254
2.3165
2.45076
2.58528
2.72003
2.85499
2.99012
3.12538
3.26076
3.39621
3.53171
3.66723
3.80273
3.93818
4.07357
4.20884
4.34398
4.47896
4.61375
4.74832
4.88265
5.0167
5.15045
5.28388
5.41697
5.54968
5.68199
5.81389
5.94536
6.07637
6.2069
6.33694
6.46647
6.59547
6.72393
6.85184
6.97919
7.10596
7.23214
7.35772
7.48271
7.6071
7.73087
7.85404
7.97659
8.09854
8.21988
8.34063
8.46078
8.58035
8.69935
8.81779
8.93569
9.05307
9.16994
9.28634
9.40227
9.51778
9.63288
9.74761
9.86201
9.97611
10.0899
10.2036
10.317
10.4303
10.5436
10.6568
10.77
10.8833
10.9968
11.1104
11.2242
11.3383
11.4527
11.5675
11.6825
11.798
11.9136
12.0295
12.1454
12.261
12.3759
12.4897
12.6014
12.71
12.8135
12.9113
12.9961
13.0797
13.1093
-5.9347
-5.94756
-5.96024
-5.97288
-5.98533
-5.99755
-6.00955
-6.02133
-6.03292
-6.04429
-6.05546
-6.06642
-6.07718
-6.08775
-6.09813
-6.10832
-6.11833
-6.12815
-6.1378
-6.14729
-6.1566
-6.16576
-6.17476
-6.18361
-6.19232
-6.20088
-6.20932
-6.21762
-6.22579
-6.23384
-6.24178
-6.2496
-6.25732
-6.26493
-6.27244
-6.27986
-6.28718
-6.29442
-6.30157
-6.30864
-6.31564
-6.32256
-6.32941
-6.33619
-6.34291
-6.34956
-6.35616
-6.3627
-6.36919
-6.37563
-6.38201
-6.38836
-6.39465
-6.40091
-6.40712
-6.41329
-6.41943
-6.42554
-6.4316
-6.43764
-6.44364
-6.44962
-6.45556
-6.46148
-6.46737
-6.47323
-6.47907
-6.48488
-6.49067
-6.49643
-6.50216
-6.50787
-6.51355
-6.51921
-6.52484
-6.53045
-6.53603
-6.54157
-6.54709
-6.55258
-6.55804
-6.56346
-6.56885
-6.57421
-6.57952
-6.58479
-6.59002
-6.59521
-6.60034
-6.60543
-6.61046
-6.61544
-6.62036
-6.62521
-6.62999
-6.63471
-6.63935
-6.64392
-6.64839
-6.65279
-6.65708
-6.66129
-6.66539
-6.66938
-6.67326
-6.67702
-6.68065
-6.68415
-6.68752
-6.69074
-6.6938
-6.69672
-6.69946
-6.70203
-6.70442
-6.70662
-6.70862
-6.71042
-6.71201
-6.71337
-6.71449
-6.71538
-6.71601
-6.71639
-6.71649
-6.71631
-6.71584
-6.71506
-6.71398
-6.71256
-6.71081
-6.70872
-6.70626
-6.70343
-6.70021
-6.6966
-6.69258
-6.68814
-6.68327
-6.67794
-6.67215
-6.66589
-6.65913
-6.65188
-6.6441
-6.6358
-6.62694
-6.61753
-6.60754
-6.59696
-6.58577
-6.57396
-6.56152
-6.54842
-6.53465
-6.5202
-6.50506
-6.4892
-6.47261
-6.45527
-6.43717
-6.4183
-6.39863
-6.37815
-6.35685
-6.33471
-6.31171
-6.28784
-6.26308
-6.23741
-6.21083
-6.18331
-6.15485
-6.12541
-6.095
-6.06359
-6.03116
-5.99771
-5.96323
-5.92768
-5.89107
-5.85338
-5.81459
-5.7747
-5.73368
-5.69152
-5.64822
-5.60376
-5.55812
-5.51129
-5.46327
-5.41404
-5.3636
-5.31192
-5.25901
-5.20485
-5.14944
-5.09277
-5.03482
-4.97559
-4.91507
-4.85325
-4.79013
-4.72571
-4.65997
-4.59291
-4.52453
-4.45483
-4.38379
-4.31143
-4.23773
-4.1627
-4.08632
-4.00861
-3.92956
-3.84919
-3.76748
-3.68445
-3.60007
-3.51438
-3.42736
-3.33904
-3.24939
-3.15846
-3.06621
-2.97269
-2.87787
-2.7818
-2.68444
-2.58585
-2.486
-2.38493
-2.28263
-2.17913
-2.07445
-1.96858
-1.86154
-1.75336
-1.64404
-1.53361
-1.42209
-1.30948
-1.19581
-1.0811
-0.965373
-0.848644
-0.730934
-0.612267
-0.492666
-0.372154
-0.250753
-0.128486
-0.0053793
0.118542
0.243254
0.368729
0.494942
0.621865
0.74947
0.877731
1.00662
1.1361
1.26616
1.39675
1.52785
1.65944
1.79147
1.92392
2.05677
2.18997
2.3235
2.45733
2.59143
2.72576
2.86031
2.99502
3.12988
3.26486
3.39991
3.53502
3.67015
3.80527
3.94036
4.07538
4.2103
4.34509
4.47973
4.61419
4.74843
4.88244
5.01619
5.14965
5.2828
5.41562
5.54807
5.68014
5.8118
5.94305
6.07385
6.20418
6.33404
6.4634
6.59225
6.72057
6.84836
6.9756
7.10227
7.22838
7.35391
7.47886
7.60323
7.727
7.85019
7.97279
8.0948
8.21624
8.33709
8.45739
8.57712
8.69631
8.81498
8.93313
9.05078
9.16797
9.2847
9.40102
9.51694
9.63249
9.74771
9.86264
9.97732
10.0918
10.2061
10.3202
10.4343
10.5484
10.6625
10.7767
10.891
11.0056
11.1203
11.2354
11.3509
11.4668
11.5831
11.6999
11.8171
11.9348
12.0529
12.1712
12.2895
12.4075
12.5245
12.6397
12.7522
12.8599
12.962
13.0505
13.1389
13.1663
-5.91434
-5.92722
-5.93994
-5.9526
-5.9651
-5.97739
-5.98948
-6.00138
-6.01309
-6.02462
-6.03595
-6.04711
-6.05807
-6.06886
-6.07947
-6.0899
-6.10017
-6.11026
-6.12018
-6.12995
-6.13956
-6.14901
-6.15831
-6.16747
-6.17649
-6.18536
-6.19411
-6.20272
-6.21121
-6.21957
-6.22782
-6.23595
-6.24397
-6.25189
-6.2597
-6.26741
-6.27503
-6.28255
-6.28999
-6.29734
-6.30461
-6.31179
-6.3189
-6.32594
-6.3329
-6.3398
-6.34663
-6.3534
-6.36011
-6.36676
-6.37335
-6.37989
-6.38638
-6.39281
-6.3992
-6.40554
-6.41184
-6.41809
-6.4243
-6.43047
-6.4366
-6.44269
-6.44875
-6.45477
-6.46075
-6.4667
-6.47261
-6.47849
-6.48433
-6.49014
-6.49592
-6.50166
-6.50737
-6.51304
-6.51868
-6.52429
-6.52985
-6.53539
-6.54088
-6.54634
-6.55175
-6.55712
-6.56245
-6.56774
-6.57298
-6.57817
-6.58331
-6.58839
-6.59342
-6.5984
-6.60331
-6.60816
-6.61293
-6.61764
-6.62228
-6.62683
-6.63131
-6.6357
-6.64
-6.6442
-6.6483
-6.65231
-6.6562
-6.65997
-6.66363
-6.66716
-6.67056
-6.67383
-6.67695
-6.67992
-6.68273
-6.68538
-6.68786
-6.69016
-6.69227
-6.69419
-6.69591
-6.69742
-6.6987
-6.69977
-6.70059
-6.70117
-6.70149
-6.70156
-6.70134
-6.70084
-6.70005
-6.69895
-6.69754
-6.6958
-6.69372
-6.69129
-6.6885
-6.68534
-6.68179
-6.67784
-6.67349
-6.66871
-6.66349
-6.65783
-6.65171
-6.64511
-6.63803
-6.63044
-6.62234
-6.6137
-6.60452
-6.59479
-6.58448
-6.57358
-6.56208
-6.54996
-6.5372
-6.5238
-6.50974
-6.495
-6.47956
-6.46342
-6.44655
-6.42894
-6.41057
-6.39143
-6.37151
-6.35078
-6.32923
-6.30685
-6.28362
-6.25953
-6.23455
-6.20868
-6.1819
-6.15419
-6.12553
-6.09592
-6.06534
-6.03377
-6.0012
-5.96761
-5.93299
-5.89732
-5.8606
-5.8228
-5.78391
-5.74393
-5.70283
-5.66061
-5.61725
-5.57274
-5.52706
-5.48021
-5.43217
-5.38294
-5.3325
-5.28084
-5.22795
-5.17383
-5.11846
-5.06184
-5.00395
-4.94479
-4.88436
-4.82264
-4.75963
-4.69532
-4.6297
-4.56278
-4.49455
-4.425
-4.35413
-4.28194
-4.20843
-4.13359
-4.05742
-3.97992
-3.9011
-3.82095
-3.73949
-3.65669
-3.57259
-3.48715
-3.40042
-3.31237
-3.22302
-3.13238
-3.04045
-2.94723
-2.85275
-2.75699
-2.65998
-2.56172
-2.46223
-2.36151
-2.25958
-2.15645
-2.05214
-1.94666
-1.84001
-1.73221
-1.6233
-1.51326
-1.40214
-1.28995
-1.1767
-1.0624
-0.947098
-0.83079
-0.713511
-0.595274
-0.47611
-0.356037
-0.235075
-0.113248
0.00941633
0.132894
0.25716
0.382189
0.507954
0.63443
0.761588
0.889401
1.01784
1.14688
1.27649
1.40664
1.5373
1.66844
1.80003
1.93205
2.06446
2.19723
2.33033
2.46373
2.59741
2.73133
2.86545
2.99976
3.13421
3.26879
3.40345
3.53817
3.67292
3.80767
3.94238
4.07704
4.21161
4.34606
4.48036
4.61449
4.74843
4.88213
5.01558
5.14876
5.28163
5.41418
5.54638
5.6782
5.80964
5.94067
6.07126
6.2014
6.33108
6.46027
6.58897
6.71716
6.84483
6.97196
7.09855
7.22459
7.35007
7.475
7.59935
7.72314
7.84636
7.96901
8.09111
8.21264
8.33363
8.45407
8.57398
8.69337
8.81227
8.93068
9.04863
9.16613
9.28322
9.39992
9.51626
9.63227
9.74799
9.86344
9.97869
10.0938
10.2087
10.3235
10.4384
10.5532
10.6682
10.7832
10.8985
11.014
11.1299
11.2461
11.3628
11.4799
11.5977
11.716
11.8349
11.9544
12.0745
12.195
12.3158
12.4365
12.5566
12.6753
12.7915
12.9032
13.0097
13.102
13.1954
13.221
-5.89433
-5.90722
-5.91996
-5.93264
-5.94518
-5.95753
-5.96969
-5.98169
-5.99352
-6.00518
-6.01667
-6.02799
-6.03914
-6.05013
-6.06095
-6.0716
-6.0821
-6.09244
-6.10262
-6.11264
-6.12252
-6.13225
-6.14184
-6.15128
-6.16059
-6.16976
-6.1788
-6.18771
-6.19649
-6.20516
-6.2137
-6.22213
-6.23045
-6.23866
-6.24677
-6.25477
-6.26267
-6.27048
-6.27819
-6.28581
-6.29334
-6.30079
-6.30816
-6.31545
-6.32266
-6.32979
-6.33686
-6.34385
-6.35078
-6.35764
-6.36443
-6.37117
-6.37785
-6.38446
-6.39103
-6.39753
-6.40399
-6.41039
-6.41675
-6.42305
-6.42931
-6.43552
-6.44168
-6.4478
-6.45387
-6.45991
-6.46589
-6.47184
-6.47774
-6.4836
-6.48942
-6.4952
-6.50093
-6.50662
-6.51227
-6.51787
-6.52343
-6.52894
-6.53441
-6.53983
-6.5452
-6.55053
-6.5558
-6.56102
-6.56618
-6.57128
-6.57633
-6.58132
-6.58624
-6.5911
-6.59588
-6.6006
-6.60524
-6.6098
-6.61428
-6.61868
-6.62298
-6.6272
-6.63131
-6.63532
-6.63923
-6.64303
-6.64671
-6.65027
-6.6537
-6.65701
-6.66017
-6.66319
-6.66607
-6.66878
-6.67134
-6.67372
-6.67593
-6.67796
-6.67979
-6.68143
-6.68285
-6.68407
-6.68506
-6.68582
-6.68634
-6.68661
-6.68662
-6.68637
-6.68584
-6.68502
-6.6839
-6.68248
-6.68073
-6.67866
-6.67625
-6.67349
-6.67036
-6.66687
-6.66298
-6.6587
-6.65401
-6.64889
-6.64334
-6.63735
-6.63089
-6.62396
-6.61654
-6.60862
-6.60019
-6.59123
-6.58172
-6.57166
-6.56103
-6.54982
-6.538
-6.52557
-6.51251
-6.49881
-6.48445
-6.46941
-6.45369
-6.43726
-6.42011
-6.40223
-6.3836
-6.3642
-6.34402
-6.32305
-6.30126
-6.27865
-6.25519
-6.23087
-6.20569
-6.17961
-6.15263
-6.12473
-6.0959
-6.06611
-6.03537
-6.00364
-5.97092
-5.9372
-5.90245
-5.86666
-5.82983
-5.79193
-5.75296
-5.71289
-5.67173
-5.62944
-5.58603
-5.54147
-5.49577
-5.4489
-5.40085
-5.35161
-5.30118
-5.24954
-5.19669
-5.14261
-5.08729
-5.03073
-4.97291
-4.91384
-4.8535
-4.79188
-4.72898
-4.66479
-4.59931
-4.53253
-4.46446
-4.39507
-4.32438
-4.25237
-4.17905
-4.10441
-4.02845
-3.95117
-3.87258
-3.79267
-3.71145
-3.62892
-3.54507
-3.45992
-3.37346
-3.28571
-3.19666
-3.10632
-3.0147
-2.92181
-2.82765
-2.73223
-2.63557
-2.53766
-2.43852
-2.33816
-2.2366
-2.13386
-2.02993
-1.92484
-1.81857
-1.71118
-1.60266
-1.49304
-1.38232
-1.27055
-1.15771
-1.04385
-0.92896
-0.813091
-0.696236
-0.578439
-0.459716
-0.340086
-0.219567
-0.0981842
0.0240353
0.147066
0.270884
0.395463
0.520779
0.646804
0.773512
0.900875
1.02887
1.15746
1.28662
1.41632
1.54653
1.67723
1.80839
1.93996
2.07194
2.20427
2.33694
2.46992
2.60317
2.73667
2.87038
3.00428
3.13833
3.27251
3.40678
3.54112
3.67549
3.80987
3.94422
4.07852
4.21274
4.34685
4.48083
4.61464
4.74825
4.88166
5.01481
5.14771
5.2803
5.41259
5.54453
5.67612
5.80733
5.93814
6.06853
6.19849
6.32799
6.45703
6.58559
6.71365
6.84121
6.96826
7.09478
7.22077
7.34622
7.47113
7.59549
7.71931
7.84258
7.96531
8.0875
8.20916
8.33029
8.4509
8.57101
8.69063
8.80978
8.92847
9.04672
9.16456
9.28202
9.39911
9.51587
9.63232
9.74852
9.86448
9.98027
10.0959
10.2114
10.3269
10.4424
10.558
10.6736
10.7895
10.9056
11.022
11.1387
11.256
11.3737
11.492
11.611
11.7307
11.8511
11.9723
12.0941
12.2167
12.3397
12.463
12.5859
12.7079
12.8278
12.9434
13.0544
13.1507
13.2494
13.2738
-5.8749
-5.88781
-5.90058
-5.91328
-5.92584
-5.93823
-5.95047
-5.96256
-5.97449
-5.98626
-5.99789
-6.00935
-6.02067
-6.03183
-6.04283
-6.05369
-6.0644
-6.07496
-6.08537
-6.09563
-6.10576
-6.11574
-6.12559
-6.1353
-6.14487
-6.15432
-6.16363
-6.17282
-6.18189
-6.19083
-6.19966
-6.20837
-6.21697
-6.22546
-6.23384
-6.24212
-6.2503
-6.25837
-6.26635
-6.27423
-6.28203
-6.28973
-6.29734
-6.30487
-6.31232
-6.31969
-6.32698
-6.33419
-6.34133
-6.3484
-6.3554
-6.36232
-6.36918
-6.37598
-6.38271
-6.38939
-6.396
-6.40255
-6.40904
-6.41548
-6.42186
-6.42818
-6.43445
-6.44067
-6.44684
-6.45295
-6.45901
-6.46502
-6.47098
-6.47689
-6.48275
-6.48856
-6.49431
-6.50002
-6.50567
-6.51127
-6.51682
-6.52232
-6.52776
-6.53314
-6.53847
-6.54374
-6.54895
-6.5541
-6.55918
-6.5642
-6.56915
-6.57404
-6.57885
-6.58359
-6.58825
-6.59283
-6.59733
-6.60175
-6.60607
-6.6103
-6.61444
-6.61847
-6.6224
-6.62622
-6.62993
-6.63352
-6.63699
-6.64033
-6.64354
-6.64661
-6.64954
-6.65232
-6.65494
-6.6574
-6.65969
-6.66181
-6.66375
-6.6655
-6.66705
-6.6684
-6.66954
-6.67046
-6.67115
-6.67161
-6.67182
-6.67178
-6.67148
-6.67091
-6.67006
-6.66892
-6.66747
-6.66572
-6.66365
-6.66125
-6.6585
-6.65541
-6.65195
-6.64811
-6.64389
-6.63927
-6.63424
-6.62879
-6.6229
-6.61657
-6.60978
-6.60251
-6.59476
-6.58651
-6.57775
-6.56846
-6.55863
-6.54825
-6.5373
-6.52577
-6.51364
-6.5009
-6.48754
-6.47354
-6.45888
-6.44355
-6.42754
-6.41083
-6.39341
-6.37526
-6.35636
-6.3367
-6.31627
-6.29505
-6.27303
-6.25018
-6.2265
-6.20197
-6.17657
-6.1503
-6.12312
-6.09504
-6.06603
-6.03608
-6.00517
-5.97329
-5.94043
-5.90657
-5.8717
-5.8358
-5.79886
-5.76087
-5.72181
-5.68167
-5.64044
-5.5981
-5.55464
-5.51005
-5.46432
-5.41743
-5.36938
-5.32015
-5.26973
-5.21812
-5.1653
-5.11127
-5.056
-4.99951
-4.94177
-4.88279
-4.82254
-4.76104
-4.69826
-4.6342
-4.56886
-4.50223
-4.43431
-4.3651
-4.29458
-4.22277
-4.14964
-4.07521
-3.99947
-3.92242
-3.84407
-3.76441
-3.68344
-3.60117
-3.51759
-3.43272
-3.34655
-3.25909
-3.17035
-3.08032
-2.98902
-2.89646
-2.80264
-2.70756
-2.61125
-2.5137
-2.41492
-2.31493
-2.21375
-2.11138
-2.00785
-1.90313
-1.79728
-1.69028
-1.58218
-1.47296
-1.36267
-1.25131
-1.1389
-1.02546
-0.911012
-0.795567
-0.679153
-0.561799
-0.443521
-0.324339
-0.204267
-0.0833318
0.0384383
0.161018
0.284383
0.40851
0.533372
0.658944
0.785199
0.912108
1.03965
1.16778
1.29649
1.42574
1.55551
1.68576
1.81647
1.94761
2.07915
2.21105
2.34329
2.47584
2.60868
2.74176
2.87506
3.00855
3.1422
3.27599
3.40987
3.54382
3.67782
3.81183
3.94582
4.07977
4.21364
4.34741
4.48105
4.61454
4.74785
4.88094
5.01381
5.14642
5.27875
5.41078
5.54248
5.67384
5.80483
5.93544
6.06564
6.19543
6.32478
6.45368
6.58212
6.71009
6.83756
6.96454
7.09101
7.21698
7.34242
7.46735
7.59175
7.71562
7.83898
7.96181
8.08413
8.20594
8.32724
8.44806
8.56839
8.68825
8.80766
8.92664
9.0452
9.16338
9.28118
9.39864
9.51579
9.63266
9.74928
9.8657
9.98196
10.0981
10.2141
10.3302
10.4462
10.5624
10.6787
10.7952
10.912
11.0292
11.1468
11.2649
11.3836
11.5029
11.623
11.7439
11.8656
11.9882
12.1117
12.2361
12.3612
12.4868
12.6125
12.7375
12.8609
12.9805
13.096
13.1964
13.3008
13.3245
-5.85637
-5.86928
-5.88208
-5.89479
-5.90737
-5.9198
-5.9321
-5.94426
-5.95627
-5.96815
-5.97989
-5.99149
-6.00294
-6.01425
-6.02543
-6.03646
-6.04735
-6.05811
-6.06872
-6.0792
-6.08955
-6.09976
-6.10984
-6.11979
-6.12961
-6.13931
-6.14887
-6.15832
-6.16764
-6.17685
-6.18594
-6.19491
-6.20377
-6.21252
-6.22116
-6.2297
-6.23813
-6.24646
-6.25469
-6.26282
-6.27086
-6.2788
-6.28665
-6.29441
-6.30208
-6.30967
-6.31718
-6.3246
-6.33194
-6.33921
-6.3464
-6.35351
-6.36055
-6.36752
-6.37441
-6.38124
-6.388
-6.39469
-6.40132
-6.40788
-6.41438
-6.42082
-6.42719
-6.4335
-6.43975
-6.44595
-6.45208
-6.45815
-6.46416
-6.47012
-6.47601
-6.48185
-6.48763
-6.49334
-6.499
-6.5046
-6.51013
-6.5156
-6.52101
-6.52636
-6.53164
-6.53685
-6.542
-6.54708
-6.55208
-6.55702
-6.56187
-6.56665
-6.57135
-6.57597
-6.5805
-6.58495
-6.58931
-6.59357
-6.59774
-6.6018
-6.60576
-6.60962
-6.61336
-6.61699
-6.6205
-6.62388
-6.62714
-6.63026
-6.63324
-6.63608
-6.63877
-6.6413
-6.64367
-6.64588
-6.6479
-6.64976
-6.65142
-6.65289
-6.65416
-6.65523
-6.65607
-6.6567
-6.65709
-6.65724
-6.65715
-6.6568
-6.65618
-6.65529
-6.65412
-6.65266
-6.65089
-6.64881
-6.64641
-6.64367
-6.64059
-6.63717
-6.63337
-6.6292
-6.62464
-6.61969
-6.61432
-6.60853
-6.60231
-6.59564
-6.58851
-6.58092
-6.57283
-6.56425
-6.55516
-6.54555
-6.53539
-6.52469
-6.51342
-6.50158
-6.48914
-6.47609
-6.46243
-6.44813
-6.43317
-6.41756
-6.40126
-6.38428
-6.36658
-6.34816
-6.329
-6.30909
-6.28841
-6.26695
-6.24468
-6.22161
-6.19771
-6.17297
-6.14736
-6.12089
-6.09352
-6.06526
-6.03607
-6.00596
-5.97489
-5.94287
-5.90987
-5.87588
-5.84089
-5.80488
-5.76784
-5.72976
-5.69062
-5.65041
-5.60911
-5.56672
-5.52322
-5.4786
-5.43284
-5.38595
-5.33789
-5.28868
-5.23828
-5.1867
-5.13392
-5.07994
-5.02474
-4.96832
-4.91066
-4.85177
-4.79163
-4.73023
-4.66758
-4.60366
-4.53846
-4.47199
-4.40423
-4.3352
-4.26487
-4.19325
-4.12033
-4.04611
-3.9706
-3.89378
-3.81567
-3.73625
-3.65554
-3.57354
-3.49024
-3.40565
-3.31978
-3.23262
-3.14419
-3.05448
-2.96351
-2.87128
-2.7778
-2.68307
-2.58711
-2.48992
-2.39152
-2.2919
-2.1911
-2.08912
-1.98597
-1.88166
-1.77621
-1.66962
-1.56193
-1.45313
-1.34326
-1.23232
-1.12035
-1.00733
-0.893325
-0.778315
-0.662351
-0.545439
-0.427614
-0.308882
-0.18926
-0.0687774
0.0525375
0.174661
0.297568
0.421237
0.54564
0.670754
0.796551
0.923004
1.05009
1.17777
1.30603
1.43483
1.56415
1.69396
1.82422
1.95492
2.08602
2.21749
2.3493
2.48143
2.61384
2.74651
2.8794
3.01248
3.14573
3.27912
3.41261
3.54618
3.6798
3.81343
3.94706
4.08066
4.21419
4.34762
4.48094
4.61411
4.74712
4.87993
5.01251
5.14486
5.27694
5.40873
5.54021
5.67136
5.80216
5.9326
6.06264
6.19229
6.32151
6.45031
6.57866
6.70656
6.83399
6.96094
7.0874
7.21338
7.33886
7.46384
7.58831
7.71228
7.83575
7.95872
8.08119
8.20317
8.32466
8.44567
8.56622
8.68632
8.80598
8.92522
9.04406
9.16252
9.28063
9.39841
9.51589
9.63311
9.7501
9.86691
9.98356
10.1001
10.2166
10.3331
10.4497
10.5664
10.6832
10.8003
10.9178
11.0356
11.1539
11.2728
11.3923
11.5125
11.6336
11.7555
11.8784
12.0024
12.1274
12.2534
12.3804
12.5082
12.6363
12.7643
12.8911
13.0146
13.1346
13.2392
13.3497
13.3733
-5.83919
-5.8521
-5.86491
-5.87763
-5.89022
-5.90269
-5.91503
-5.92725
-5.93934
-5.9513
-5.96313
-5.97484
-5.98641
-5.99786
-6.00917
-6.02035
-6.0314
-6.04233
-6.05312
-6.06379
-6.07433
-6.08474
-6.09503
-6.10519
-6.11522
-6.12514
-6.13493
-6.1446
-6.15416
-6.1636
-6.17292
-6.18213
-6.19122
-6.20021
-6.20908
-6.21785
-6.22652
-6.23508
-6.24353
-6.25189
-6.26015
-6.26832
-6.27638
-6.28436
-6.29224
-6.30003
-6.30773
-6.31535
-6.32288
-6.33033
-6.33769
-6.34498
-6.35218
-6.35931
-6.36635
-6.37333
-6.38022
-6.38705
-6.3938
-6.40048
-6.40708
-6.41362
-6.42009
-6.42649
-6.43282
-6.43908
-6.44528
-6.4514
-6.45746
-6.46346
-6.46938
-6.47524
-6.48103
-6.48675
-6.49241
-6.49799
-6.50351
-6.50896
-6.51433
-6.51964
-6.52486
-6.53002
-6.5351
-6.5401
-6.54502
-6.54986
-6.55462
-6.5593
-6.56388
-6.56838
-6.57278
-6.57709
-6.5813
-6.58541
-6.58942
-6.59332
-6.59711
-6.60078
-6.60434
-6.60777
-6.61108
-6.61425
-6.61729
-6.62019
-6.62295
-6.62555
-6.628
-6.63029
-6.63241
-6.63435
-6.63612
-6.63771
-6.6391
-6.64029
-6.64128
-6.64206
-6.64261
-6.64294
-6.64303
-6.64289
-6.64248
-6.64182
-6.64089
-6.63969
-6.6382
-6.63641
-6.63432
-6.63192
-6.62919
-6.62612
-6.62271
-6.61895
-6.61482
-6.61032
-6.60543
-6.60014
-6.59444
-6.58832
-6.58176
-6.57476
-6.5673
-6.55937
-6.55096
-6.54205
-6.53263
-6.5227
-6.51222
-6.5012
-6.48962
-6.47746
-6.46471
-6.45137
-6.4374
-6.4228
-6.40756
-6.39166
-6.37508
-6.35782
-6.33985
-6.32117
-6.30175
-6.28158
-6.26066
-6.23896
-6.21646
-6.19317
-6.16905
-6.14409
-6.11829
-6.09162
-6.06407
-6.03562
-6.00627
-5.97599
-5.94477
-5.91261
-5.87947
-5.84536
-5.81025
-5.77414
-5.737
-5.69883
-5.65961
-5.61933
-5.57798
-5.53554
-5.49201
-5.44736
-5.40159
-5.35468
-5.30664
-5.25743
-5.20706
-5.15551
-5.10278
-5.04884
-4.99371
-4.93736
-4.8798
-4.821
-4.76097
-4.69969
-4.63717
-4.57338
-4.50833
-4.44201
-4.37444
-4.30557
-4.23544
-4.16402
-4.09131
-4.01731
-3.94202
-3.86544
-3.78757
-3.70841
-3.62797
-3.54623
-3.46321
-3.37892
-3.29333
-3.20649
-3.11836
-3.02898
-2.93833
-2.84645
-2.75331
-2.65894
-2.56333
-2.46652
-2.36848
-2.26925
-2.16883
-2.06724
-1.96448
-1.86057
-1.75552
-1.64935
-1.54207
-1.4337
-1.32425
-1.21375
-1.1022
-0.989636
-0.876057
-0.761503
-0.645979
-0.529524
-0.41215
-0.293868
-0.1747
-0.0546738
0.066184
0.18785
0.3103
0.433511
0.557458
0.682114
0.807453
0.93345
1.06008
1.18731
1.31511
1.44347
1.57234
1.7017
1.83153
1.96179
2.09245
2.22349
2.35487
2.48657
2.61856
2.75081
2.88329
3.01597
3.14883
3.28183
3.41494
3.54813
3.68139
3.81467
3.94796
4.08122
4.21443
4.34756
4.48058
4.61347
4.7462
4.87875
5.0111
5.14322
5.27509
5.40668
5.53798
5.66897
5.79962
5.92993
6.05986
6.18941
6.31857
6.4473
6.57561
6.70349
6.83091
6.95787
7.08436
7.21038
7.33591
7.46096
7.58552
7.70958
7.83316
7.95624
8.07884
8.20095
8.32259
8.44376
8.56448
8.68476
8.80461
8.92405
9.04311
9.1618
9.28015
9.39818
9.51593
9.63344
9.75074
9.86787
9.98487
10.1018
10.2187
10.3356
10.4526
10.5697
10.6871
10.8047
10.9227
11.0411
11.16
11.2796
11.3998
11.5208
11.6427
11.7656
11.8896
12.0147
12.141
12.2685
12.3973
12.527
12.6576
12.7882
12.9184
13.0456
13.1703
13.2792
13.3961
13.4202
-5.82638
-5.83931
-5.85213
-5.86486
-5.87746
-5.88996
-5.90233
-5.91459
-5.92673
-5.93875
-5.95064
-5.96242
-5.97408
-5.98561
-5.99702
-6.00831
-6.01947
-6.03051
-6.04143
-6.05222
-6.0629
-6.07345
-6.08388
-6.09419
-6.10438
-6.11445
-6.1244
-6.13424
-6.14395
-6.15356
-6.16305
-6.17242
-6.18169
-6.19084
-6.19989
-6.20883
-6.21766
-6.22639
-6.23501
-6.24354
-6.25196
-6.26028
-6.26851
-6.27664
-6.28467
-6.29261
-6.30046
-6.30822
-6.31589
-6.32347
-6.33097
-6.33838
-6.3457
-6.35294
-6.3601
-6.36718
-6.37417
-6.38109
-6.38793
-6.3947
-6.40138
-6.40799
-6.41453
-6.42099
-6.42737
-6.43368
-6.43992
-6.44608
-6.45217
-6.45819
-6.46413
-6.47
-6.47579
-6.48152
-6.48716
-6.49273
-6.49823
-6.50365
-6.50898
-6.51425
-6.51943
-6.52453
-6.52955
-6.53448
-6.53933
-6.54409
-6.54876
-6.55335
-6.55783
-6.56223
-6.56652
-6.57071
-6.5748
-6.57878
-6.58265
-6.58641
-6.59005
-6.59357
-6.59697
-6.60024
-6.60337
-6.60638
-6.60923
-6.61195
-6.61451
-6.61692
-6.61917
-6.62125
-6.62316
-6.6249
-6.62644
-6.62781
-6.62896
-6.62993
-6.63068
-6.63122
-6.63153
-6.63162
-6.63145
-6.63106
-6.6304
-6.62948
-6.62829
-6.62682
-6.62506
-6.62301
-6.62064
-6.61797
-6.61496
-6.61163
-6.60794
-6.6039
-6.59949
-6.59471
-6.58954
-6.58397
-6.57798
-6.57159
-6.56475
-6.55747
-6.54973
-6.54153
-6.53283
-6.52366
-6.51396
-6.50376
-6.49301
-6.48173
-6.46987
-6.45746
-6.44445
-6.43085
-6.41662
-6.40178
-6.38629
-6.37015
-6.35333
-6.33584
-6.31764
-6.29874
-6.27909
-6.25872
-6.23758
-6.21568
-6.19299
-6.1695
-6.14519
-6.12006
-6.09408
-6.06725
-6.03953
-6.01094
-5.98143
-5.95102
-5.91967
-5.88738
-5.85412
-5.81991
-5.78469
-5.74849
-5.71126
-5.67302
-5.63372
-5.59339
-5.55198
-5.5095
-5.46592
-5.42126
-5.37546
-5.32856
-5.28049
-5.23131
-5.18094
-5.12942
-5.07671
-5.02283
-4.96774
-4.91146
-4.85395
-4.79524
-4.73528
-4.67411
-4.61167
-4.54801
-4.48307
-4.4169
-4.34944
-4.28074
-4.21075
-4.13951
-4.06697
-3.99315
-3.91804
-3.84166
-3.76399
-3.68505
-3.60481
-3.52331
-3.44052
-3.35646
-3.27113
-3.18453
-3.09667
-3.00756
-2.91719
-2.82558
-2.73274
-2.63866
-2.54336
-2.44685
-2.34913
-2.25022
-2.15013
-2.04887
-1.94644
-1.84288
-1.73817
-1.63235
-1.52543
-1.41742
-1.30833
-1.19819
-1.08702
-0.974818
-0.861619
-0.747438
-0.632297
-0.516222
-0.399227
-0.281331
-0.162551
-0.0429163
0.0775509
0.198825
0.320885
0.443704
0.567259
0.691524
0.816473
0.942079
1.06832
1.19516
1.32257
1.45054
1.57903
1.70801
1.83746
1.96734
2.09763
2.2283
2.35933
2.49067
2.62231
2.75422
2.88636
3.01871
3.15124
3.28392
3.41673
3.54963
3.6826
3.8156
3.94862
4.08163
4.21459
4.34749
4.48029
4.61297
4.7455
4.87787
5.01005
5.14201
5.27373
5.40519
5.53637
5.66725
5.79781
5.92803
6.0579
6.18739
6.31649
6.44518
6.57346
6.70131
6.82871
6.95566
7.08215
7.20817
7.33372
7.45878
7.58336
7.70746
7.83107
7.95421
8.07686
8.19905
8.32077
8.44203
8.56285
8.68325
8.80323
8.92281
9.04203
9.16089
9.27943
9.39767
9.51564
9.63338
9.75093
9.86833
9.98562
10.1028
10.2201
10.3373
10.4547
10.5722
10.6899
10.808
10.9265
11.0454
11.1649
11.285
11.4059
11.5276
11.6502
11.774
11.8989
12.025
12.1525
12.2814
12.4116
12.5432
12.676
12.8092
12.9426
13.0734
13.2028
13.3161
13.4401
13.4648
-5.81755
-5.83048
-5.84332
-5.85604
-5.86865
-5.88116
-5.89355
-5.90583
-5.918
-5.93005
-5.94199
-5.95381
-5.96552
-5.97711
-5.98858
-5.99994
-6.01117
-6.02229
-6.03329
-6.04417
-6.05493
-6.06558
-6.0761
-6.08651
-6.0968
-6.10698
-6.11703
-6.12698
-6.13681
-6.14652
-6.15612
-6.16562
-6.175
-6.18427
-6.19343
-6.20248
-6.21143
-6.22027
-6.22901
-6.23764
-6.24618
-6.25461
-6.26295
-6.27118
-6.27932
-6.28736
-6.29531
-6.30317
-6.31093
-6.3186
-6.32619
-6.33368
-6.34109
-6.34841
-6.35564
-6.36279
-6.36986
-6.37684
-6.38374
-6.39056
-6.3973
-6.40395
-6.41053
-6.41703
-6.42345
-6.42979
-6.43605
-6.44224
-6.44834
-6.45437
-6.46032
-6.46619
-6.47199
-6.4777
-6.48333
-6.48889
-6.49436
-6.49975
-6.50506
-6.51029
-6.51543
-6.52048
-6.52545
-6.53033
-6.53512
-6.53982
-6.54442
-6.54893
-6.55333
-6.55764
-6.56185
-6.56595
-6.56994
-6.57382
-6.57758
-6.58123
-6.58475
-6.58816
-6.59143
-6.59457
-6.59757
-6.60044
-6.60316
-6.60573
-6.60814
-6.6104
-6.61249
-6.61441
-6.61616
-6.61772
-6.6191
-6.62029
-6.62128
-6.62206
-6.62263
-6.62298
-6.6231
-6.62299
-6.62264
-6.62204
-6.62119
-6.62007
-6.61867
-6.617
-6.61503
-6.61277
-6.6102
-6.60731
-6.60409
-6.60054
-6.59664
-6.59238
-6.58776
-6.58276
-6.57737
-6.57158
-6.56538
-6.55876
-6.5517
-6.54421
-6.53625
-6.52783
-6.51892
-6.50953
-6.49962
-6.4892
-6.47825
-6.46675
-6.45469
-6.44207
-6.42886
-6.41505
-6.40063
-6.38559
-6.3699
-6.35357
-6.33657
-6.31889
-6.30051
-6.28143
-6.26161
-6.24107
-6.21977
-6.1977
-6.17485
-6.15121
-6.12675
-6.10148
-6.07536
-6.04839
-6.02055
-5.99183
-5.9622
-5.93168
-5.90022
-5.86783
-5.83448
-5.80017
-5.76487
-5.72859
-5.69129
-5.65298
-5.61363
-5.57324
-5.53178
-5.48927
-5.44565
-5.40096
-5.35515
-5.30823
-5.26017
-5.21097
-5.16061
-5.10911
-5.05642
-5.00256
-4.94751
-4.89126
-4.83381
-4.77514
-4.71526
-4.65414
-4.59179
-4.5282
-4.46336
-4.39727
-4.32993
-4.26132
-4.19147
-4.12034
-4.04794
-3.97426
-3.8993
-3.82306
-3.74555
-3.66676
-3.5867
-3.50537
-3.42276
-3.33889
-3.25375
-3.16735
-3.07969
-2.99079
-2.90064
-2.80926
-2.71664
-2.6228
-2.52774
-2.43147
-2.334
-2.23534
-2.1355
-2.0345
-1.93234
-1.82904
-1.72461
-1.61907
-1.51242
-1.40469
-1.2959
-1.18605
-1.07516
-0.963261
-0.85036
-0.73648
-0.621642
-0.505868
-0.389178
-0.271588
-0.15312
-0.0337977
0.0863549
0.207314
0.329058
0.451561
0.5748
0.698751
0.823386
0.94868
1.07461
1.20114
1.32825
1.45591
1.5841
1.71278
1.84193
1.97152
2.10152
2.23191
2.36266
2.49373
2.6251
2.75675
2.88864
3.02074
3.15303
3.28548
3.41806
3.55075
3.68351
3.81632
3.94915
4.08197
4.21476
4.34749
4.48014
4.61267
4.74507
4.87731
5.00937
5.14121
5.27283
5.40419
5.53528
5.66608
5.79656
5.9267
6.0565
6.18592
6.31496
6.4436
6.57183
6.69963
6.82699
6.9539
7.08037
7.20636
7.33189
7.45695
7.58153
7.70563
7.82926
7.95242
8.07511
8.19734
8.31911
8.44044
8.56134
8.68183
8.8019
8.9216
9.04093
9.15993
9.27861
9.39701
9.51515
9.63307
9.75081
9.86843
9.98594
10.1034
10.2209
10.3384
10.4561
10.5739
10.692
10.8104
10.9293
11.0486
11.1686
11.2892
11.4106
11.5329
11.6562
11.7806
11.9063
12.0333
12.1619
12.2919
12.4236
12.5569
12.6916
12.8273
12.9637
13.0981
13.2322
13.35
13.4816
13.5072
-5.81064
-5.82357
-5.83641
-5.84914
-5.86175
-5.87426
-5.88667
-5.89896
-5.91115
-5.92323
-5.9352
-5.94706
-5.9588
-5.97043
-5.98195
-5.99336
-6.00465
-6.01582
-6.02688
-6.03782
-6.04865
-6.05937
-6.06997
-6.08045
-6.09082
-6.10107
-6.11121
-6.12124
-6.13115
-6.14095
-6.15064
-6.16022
-6.16969
-6.17905
-6.1883
-6.19744
-6.20648
-6.21541
-6.22424
-6.23296
-6.24158
-6.25009
-6.25851
-6.26683
-6.27505
-6.28317
-6.2912
-6.29913
-6.30697
-6.31471
-6.32236
-6.32992
-6.33739
-6.34477
-6.35206
-6.35926
-6.36638
-6.37341
-6.38036
-6.38722
-6.39399
-6.40069
-6.4073
-6.41382
-6.42027
-6.42662
-6.43291
-6.4391
-6.44522
-6.45125
-6.4572
-6.46307
-6.46886
-6.47456
-6.48018
-6.48571
-6.49116
-6.49652
-6.50181
-6.50699
-6.5121
-6.51711
-6.52203
-6.52686
-6.53159
-6.53623
-6.54077
-6.5452
-6.54954
-6.55377
-6.5579
-6.56191
-6.56582
-6.5696
-6.57328
-6.57682
-6.58025
-6.58354
-6.58671
-6.58973
-6.59262
-6.59536
-6.59796
-6.6004
-6.60269
-6.60481
-6.60677
-6.60854
-6.61015
-6.61156
-6.6128
-6.61383
-6.61466
-6.61528
-6.61569
-6.61588
-6.61584
-6.61556
-6.61504
-6.61427
-6.61324
-6.61194
-6.61037
-6.60851
-6.60637
-6.60392
-6.60117
-6.59809
-6.59469
-6.59094
-6.58686
-6.58241
-6.5776
-6.5724
-6.56683
-6.56085
-6.55446
-6.54764
-6.54041
-6.53271
-6.52458
-6.51595
-6.50687
-6.49728
-6.4872
-6.47658
-6.46545
-6.45376
-6.44153
-6.42871
-6.41533
-6.40134
-6.38676
-6.37153
-6.35569
-6.33918
-6.32203
-6.30417
-6.28565
-6.26639
-6.24644
-6.22574
-6.2043
-6.18208
-6.15911
-6.13532
-6.11075
-6.08533
-6.0591
-6.032
-6.00406
-5.97522
-5.94551
-5.91487
-5.88333
-5.85083
-5.81742
-5.78301
-5.74766
-5.71129
-5.67394
-5.63556
-5.59617
-5.55572
-5.51424
-5.47167
-5.42804
-5.38331
-5.3375
-5.29056
-5.2425
-5.19329
-5.14295
-5.09145
-5.03879
-4.98495
-4.92993
-4.87371
-4.81631
-4.75769
-4.69785
-4.6368
-4.57452
-4.511
-4.44624
-4.38024
-4.31298
-4.24448
-4.17472
-4.10371
-4.03143
-3.95787
-3.88303
-3.80693
-3.72956
-3.65092
-3.57101
-3.48984
-3.40739
-3.32368
-3.23871
-3.15248
-3.06501
-2.97629
-2.88633
-2.79514
-2.70273
-2.60909
-2.51424
-2.41819
-2.32094
-2.2225
-2.12289
-2.02212
-1.92019
-1.81713
-1.71294
-1.60764
-1.50125
-1.39377
-1.28522
-1.17563
-1.06501
-0.953368
-0.840733
-0.72712
-0.61255
-0.497044
-0.380623
-0.263303
-0.145107
-0.0260566
0.0938242
0.214513
0.335985
0.458219
0.581189
0.704872
0.829241
0.954273
1.07994
1.20622
1.33307
1.46049
1.58843
1.71687
1.84578
1.97514
2.10491
2.23508
2.36561
2.49647
2.62764
2.75908
2.89078
3.02269
3.15481
3.28708
3.4195
3.55202
3.68462
3.81728
3.94997
4.08265
4.2153
4.34791
4.48043
4.61284
4.74512
4.87724
5.00918
5.14091
5.27242
5.40367
5.53466
5.66534
5.79572
5.92577
6.05546
6.18479
6.31375
6.4423
6.57045
6.69817
6.82547
6.95232
7.07873
7.20468
7.33017
7.4552
7.57976
7.70385
7.82747
7.95063
8.07334
8.1956
8.31741
8.43878
8.55974
8.68029
8.80043
8.92021
9.03964
9.15875
9.27755
9.39607
9.51435
9.63243
9.75034
9.86813
9.98585
10.1035
10.2212
10.339
10.4569
10.575
10.6934
10.8121
10.9313
11.051
11.1713
11.2924
11.4142
11.537
11.6609
11.786
11.9124
12.0402
12.1696
12.3008
12.4337
12.5684
12.705
12.8429
12.9822
13.12
13.2589
13.3811
13.5207
13.5476
-5.80534
-5.81827
-5.83111
-5.84383
-5.85644
-5.86896
-5.88137
-5.89368
-5.90588
-5.91798
-5.92996
-5.94185
-5.95362
-5.96528
-5.97683
-5.98827
-5.9996
-6.01082
-6.02192
-6.03291
-6.04379
-6.05456
-6.06521
-6.07575
-6.08617
-6.09649
-6.10669
-6.11678
-6.12676
-6.13662
-6.14638
-6.15602
-6.16556
-6.17499
-6.1843
-6.19352
-6.20262
-6.21162
-6.22051
-6.2293
-6.23799
-6.24657
-6.25505
-6.26343
-6.27171
-6.2799
-6.28798
-6.29597
-6.30386
-6.31166
-6.31936
-6.32697
-6.33449
-6.34191
-6.34924
-6.35649
-6.36364
-6.37071
-6.37769
-6.38458
-6.39138
-6.3981
-6.40472
-6.41127
-6.41773
-6.4241
-6.43039
-6.43659
-6.44271
-6.44874
-6.45468
-6.46055
-6.46632
-6.47201
-6.47761
-6.48313
-6.48855
-6.49389
-6.49914
-6.50429
-6.50936
-6.51433
-6.5192
-6.52398
-6.52866
-6.53325
-6.53773
-6.54211
-6.54637
-6.55054
-6.55459
-6.55854
-6.56236
-6.56607
-6.56965
-6.57311
-6.57644
-6.57965
-6.58271
-6.58564
-6.58842
-6.59106
-6.59354
-6.59587
-6.59804
-6.60005
-6.60188
-6.60354
-6.60501
-6.6063
-6.6074
-6.6083
-6.60899
-6.60948
-6.60974
-6.60979
-6.6096
-6.60918
-6.60851
-6.60759
-6.6064
-6.60496
-6.60322
-6.60122
-6.59891
-6.5963
-6.59338
-6.59015
-6.58658
-6.58268
-6.57842
-6.57382
-6.56883
-6.56348
-6.55773
-6.55159
-6.54503
-6.53806
-6.53064
-6.52279
-6.51448
-6.5057
-6.49644
-6.4867
-6.47644
-6.46568
-6.45437
-6.44254
-6.43013
-6.41717
-6.40362
-6.38949
-6.37474
-6.35938
-6.34338
-6.32674
-6.30943
-6.29145
-6.27277
-6.2534
-6.2333
-6.21248
-6.1909
-6.16857
-6.14546
-6.12157
-6.09687
-6.07137
-6.04501
-6.01783
-5.98977
-5.96085
-5.93103
-5.90033
-5.86868
-5.83613
-5.80262
-5.76817
-5.73274
-5.69632
-5.65891
-5.62049
-5.58104
-5.54056
-5.49903
-5.45645
-5.41278
-5.36805
-5.32222
-5.27527
-5.22721
-5.17801
-5.12767
-5.07618
-5.02353
-4.96972
-4.91473
-4.85855
-4.80117
-4.7426
-4.68282
-4.62182
-4.55959
-4.49614
-4.43146
-4.36553
-4.29836
-4.22995
-4.16029
-4.08937
-4.01719
-3.94374
-3.86902
-3.79303
-3.71578
-3.63727
-3.5575
-3.47646
-3.39416
-3.3106
-3.22578
-3.1397
-3.05239
-2.96384
-2.87405
-2.78303
-2.6908
-2.59734
-2.50267
-2.40681
-2.30975
-2.21151
-2.1121
-2.01154
-1.90982
-1.80697
-1.70299
-1.59791
-1.49173
-1.38447
-1.27615
-1.16678
-1.05638
-0.944962
-0.832552
-0.719167
-0.604824
-0.489546
-0.37335
-0.256257
-0.138287
-0.0194618
0.100196
0.220663
0.341916
0.463932
0.586688
0.710158
0.834319
0.959144
1.08461
1.21069
1.33735
1.46457
1.59232
1.72058
1.84931
1.9785
2.1081
2.2381
2.36846
2.49917
2.63018
2.76147
2.89302
3.02479
3.15676
3.28889
3.42116
3.55355
3.68601
3.81853
3.95108
4.08362
4.21614
4.3486
4.48098
4.61325
4.74539
4.87738
5.00918
5.14078
5.27215
5.40327
5.53412
5.66469
5.79494
5.92487
6.05445
6.18368
6.31253
6.44098
6.56904
6.69668
6.8239
6.95069
7.07704
7.20293
7.32838
7.45337
7.5779
7.70196
7.82557
7.94873
8.07145
8.19372
8.31555
8.43695
8.55795
8.67856
8.79875
8.91861
9.03811
9.15732
9.27621
9.39485
9.51324
9.63146
9.7495
9.86745
9.98533
10.1032
10.2211
10.339
10.4572
10.5755
10.6941
10.8132
10.9326
11.0527
11.1733
11.2947
11.417
11.5402
11.6646
11.7902
11.9172
12.0457
12.1759
12.308
12.442
12.5781
12.7164
12.8563
12.9983
13.1393
13.2829
13.4095
13.5576
13.5861
-5.80138
-5.8143
-5.82714
-5.83985
-5.85246
-5.86497
-5.87739
-5.8897
-5.90191
-5.91401
-5.92602
-5.93791
-5.9497
-5.96139
-5.97296
-5.98443
-5.99578
-6.00703
-6.01817
-6.02919
-6.04011
-6.05091
-6.0616
-6.07219
-6.08265
-6.09301
-6.10326
-6.1134
-6.12342
-6.13333
-6.14314
-6.15283
-6.16242
-6.1719
-6.18127
-6.19053
-6.19968
-6.20873
-6.21767
-6.22651
-6.23525
-6.24388
-6.25241
-6.26084
-6.26916
-6.27739
-6.28552
-6.29355
-6.30148
-6.30932
-6.31706
-6.3247
-6.33226
-6.33971
-6.34708
-6.35435
-6.36153
-6.36862
-6.37562
-6.38253
-6.38935
-6.39608
-6.40272
-6.40928
-6.41574
-6.42212
-6.42841
-6.43461
-6.44073
-6.44675
-6.45269
-6.45854
-6.4643
-6.46998
-6.47556
-6.48105
-6.48645
-6.49176
-6.49698
-6.5021
-6.50713
-6.51206
-6.51689
-6.52163
-6.52626
-6.53079
-6.53522
-6.53954
-6.54375
-6.54785
-6.55184
-6.55572
-6.55947
-6.5631
-6.56661
-6.57
-6.57325
-6.57636
-6.57934
-6.58218
-6.58487
-6.58742
-6.5898
-6.59204
-6.5941
-6.596
-6.59773
-6.59928
-6.60064
-6.60182
-6.6028
-6.60358
-6.60416
-6.60452
-6.60466
-6.60458
-6.60427
-6.60372
-6.60292
-6.60186
-6.60055
-6.59896
-6.5971
-6.59495
-6.5925
-6.58976
-6.5867
-6.58333
-6.57962
-6.57557
-6.57117
-6.56642
-6.5613
-6.5558
-6.5499
-6.54362
-6.53691
-6.52979
-6.52223
-6.51424
-6.50578
-6.49687
-6.48746
-6.47758
-6.46718
-6.45627
-6.44483
-6.43285
-6.42031
-6.40722
-6.39353
-6.37927
-6.36439
-6.3489
-6.33277
-6.316
-6.29857
-6.28046
-6.26167
-6.24218
-6.22196
-6.20103
-6.17934
-6.15691
-6.1337
-6.1097
-6.08491
-6.0593
-6.03287
-6.00559
-5.97746
-5.94845
-5.91856
-5.88777
-5.85607
-5.82344
-5.78988
-5.75536
-5.71988
-5.68341
-5.64595
-5.60749
-5.568
-5.52749
-5.48593
-5.44332
-5.39965
-5.35489
-5.30905
-5.26211
-5.21404
-5.16484
-5.11451
-5.06304
-5.01041
-4.95662
-4.90166
-4.84551
-4.78817
-4.72964
-4.6699
-4.60895
-4.54678
-4.48339
-4.41877
-4.35291
-4.28581
-4.21748
-4.1479
-4.07707
-4.00498
-3.93163
-3.85701
-3.78113
-3.70399
-3.6256
-3.54594
-3.46503
-3.38285
-3.29942
-3.21473
-3.12879
-3.04162
-2.95321
-2.86357
-2.77271
-2.68063
-2.58733
-2.49283
-2.39713
-2.30024
-2.20217
-2.10293
-2.00254
-1.901
-1.79832
-1.69452
-1.58962
-1.48362
-1.37654
-1.2684
-1.15921
-1.049
-0.937763
-0.825535
-0.71233
-0.598167
-0.483066
-0.367047
-0.250129
-0.132333
-0.0136798
0.105807
0.226106
0.347194
0.469047
0.591642
0.714954
0.838959
0.963633
1.08895
1.21488
1.34139
1.46847
1.59608
1.7242
1.85279
1.98184
2.1113
2.24116
2.37139
2.50195
2.63282
2.76397
2.89537
3.02699
3.15881
3.29079
3.42291
3.55514
3.68745
3.81981
3.9522
4.08458
4.21694
4.34925
4.48147
4.61359
4.74557
4.8774
5.00906
5.14051
5.27174
5.40272
5.53344
5.66387
5.794
5.92381
6.05328
6.1824
6.31115
6.43951
6.56748
6.69504
6.82218
6.9489
7.07518
7.20103
7.32643
7.45137
7.57587
7.69991
7.82351
7.94666
8.06938
8.19165
8.3135
8.43493
8.55597
8.67662
8.79686
8.91678
9.03635
9.15564
9.27461
9.39335
9.51185
9.63017
9.74833
9.86643
9.98445
10.1025
10.2205
10.3387
10.457
10.5755
10.6944
10.8136
10.9334
11.0537
11.1746
11.2963
11.4189
11.5425
11.6673
11.7934
11.9209
12.05
12.181
12.3138
12.4489
12.5861
12.7259
12.8677
13.0122
13.1561
13.3044
13.4353
13.5923
13.6229
-5.79852
-5.81143
-5.82427
-5.83697
-5.84957
-5.86208
-5.87449
-5.8868
-5.89902
-5.91112
-5.92314
-5.93504
-5.94684
-5.95854
-5.97013
-5.98161
-5.99299
-6.00426
-6.01542
-6.02646
-6.03741
-6.04824
-6.05896
-6.06957
-6.08007
-6.09046
-6.10074
-6.1109
-6.12096
-6.13091
-6.14075
-6.15048
-6.16011
-6.16962
-6.17903
-6.18832
-6.19752
-6.2066
-6.21558
-6.22445
-6.23323
-6.24189
-6.25046
-6.25892
-6.26728
-6.27554
-6.2837
-6.29175
-6.29972
-6.30758
-6.31535
-6.32302
-6.33059
-6.33807
-6.34546
-6.35275
-6.35995
-6.36705
-6.37406
-6.38098
-6.38781
-6.39455
-6.4012
-6.40776
-6.41423
-6.4206
-6.42689
-6.43309
-6.4392
-6.44521
-6.45114
-6.45698
-6.46273
-6.46838
-6.47394
-6.47941
-6.48479
-6.49007
-6.49526
-6.50034
-6.50534
-6.51023
-6.51503
-6.51972
-6.52431
-6.52879
-6.53317
-6.53744
-6.5416
-6.54564
-6.54958
-6.55339
-6.55708
-6.56065
-6.56409
-6.5674
-6.57058
-6.57362
-6.57653
-6.57928
-6.5819
-6.58435
-6.58666
-6.5888
-6.59078
-6.59259
-6.59422
-6.59567
-6.59695
-6.59802
-6.5989
-6.59958
-6.60005
-6.60031
-6.60035
-6.60015
-6.59973
-6.59906
-6.59815
-6.59698
-6.59555
-6.59384
-6.59186
-6.58959
-6.58703
-6.58416
-6.58099
-6.57748
-6.57366
-6.56948
-6.56497
-6.56008
-6.55484
-6.54921
-6.5432
-6.53677
-6.52996
-6.5227
-6.51503
-6.5069
-6.49833
-6.48928
-6.47976
-6.46974
-6.45924
-6.4482
-6.43664
-6.42453
-6.41189
-6.39866
-6.38487
-6.37048
-6.3555
-6.33989
-6.32366
-6.30678
-6.28924
-6.27103
-6.25213
-6.23254
-6.21223
-6.19119
-6.16942
-6.14689
-6.12359
-6.09951
-6.07464
-6.04895
-6.02244
-5.99509
-5.96688
-5.9378
-5.90785
-5.877
-5.84524
-5.81256
-5.77894
-5.74438
-5.70885
-5.67234
-5.63484
-5.59634
-5.55683
-5.51629
-5.47472
-5.43209
-5.38839
-5.34363
-5.29778
-5.25083
-5.20277
-5.15358
-5.10326
-5.0518
-4.99919
-4.94543
-4.89049
-4.83437
-4.77707
-4.71857
-4.65887
-4.59796
-4.53585
-4.47251
-4.40794
-4.34215
-4.27512
-4.20685
-4.13735
-4.06659
-3.99459
-3.92132
-3.84679
-3.77101
-3.69397
-3.61567
-3.53612
-3.45531
-3.37325
-3.28992
-3.20535
-3.11952
-3.03246
-2.94418
-2.85467
-2.76393
-2.67198
-2.57881
-2.48444
-2.38888
-2.29212
-2.19419
-2.09509
-1.99483
-1.89342
-1.79088
-1.68722
-1.58246
-1.4766
-1.36965
-1.26165
-1.1526
-1.04251
-0.931415
-0.819319
-0.706246
-0.592213
-0.477242
-0.36135
-0.244558
-0.126887
-0.00835892
0.111005
0.23118
0.352146
0.473876
0.596348
0.719537
0.843419
0.967967
1.09316
1.21896
1.34535
1.47229
1.59977
1.72775
1.8562
1.9851
2.11442
2.24413
2.3742
2.5046
2.63531
2.7663
2.89754
3.029
3.16065
3.29246
3.42442
3.55648
3.68862
3.82081
3.95303
4.08525
4.21745
4.34959
4.48166
4.61362
4.74545
4.87713
5.00864
5.13995
5.27105
5.4019
5.53249
5.6628
5.79281
5.9225
6.05187
6.18088
6.30954
6.43781
6.56569
6.69318
6.82025
6.9469
7.07313
7.19892
7.32428
7.44919
7.57366
7.69768
7.82126
7.9444
8.06713
8.18941
8.31127
8.43272
8.55379
8.67449
8.79476
8.91474
9.03438
9.15375
9.27279
9.39161
9.51019
9.62863
9.74689
9.86512
9.98326
10.1014
10.2196
10.3379
10.4564
10.5751
10.6941
10.8136
10.9335
11.0541
11.1753
11.2973
11.4201
11.5441
11.6692
11.7957
11.9237
12.0533
12.1849
12.3185
12.4543
12.5927
12.7337
12.8772
13.024
13.1707
13.3235
13.4586
13.6248
13.6578
-5.79658
-5.80948
-5.8223
-5.83499
-5.84758
-5.86008
-5.87248
-5.88479
-5.897
-5.90912
-5.92113
-5.93304
-5.94484
-5.95655
-5.96815
-5.97964
-5.99103
-6.00231
-6.01348
-6.02455
-6.03551
-6.04636
-6.05709
-6.06772
-6.07824
-6.08866
-6.09896
-6.10915
-6.11923
-6.1292
-6.13907
-6.14882
-6.15847
-6.16801
-6.17744
-6.18676
-6.19598
-6.20509
-6.21409
-6.223
-6.23179
-6.24048
-6.24907
-6.25755
-6.26593
-6.27422
-6.2824
-6.29048
-6.29846
-6.30634
-6.31412
-6.32181
-6.3294
-6.33689
-6.34429
-6.35159
-6.3588
-6.36591
-6.37293
-6.37986
-6.38669
-6.39343
-6.40008
-6.40664
-6.4131
-6.41948
-6.42576
-6.43195
-6.43805
-6.44405
-6.44997
-6.45579
-6.46152
-6.46715
-6.47269
-6.47814
-6.48349
-6.48875
-6.4939
-6.49896
-6.50392
-6.50878
-6.51354
-6.51819
-6.52274
-6.52719
-6.53152
-6.53574
-6.53985
-6.54385
-6.54772
-6.55148
-6.55512
-6.55863
-6.56201
-6.56526
-6.56837
-6.57135
-6.57419
-6.57688
-6.57942
-6.58181
-6.58403
-6.5861
-6.588
-6.58973
-6.59128
-6.59265
-6.59383
-6.59482
-6.59561
-6.5962
-6.59658
-6.59675
-6.59669
-6.5964
-6.59588
-6.59512
-6.5941
-6.59284
-6.5913
-6.5895
-6.58741
-6.58504
-6.58237
-6.5794
-6.57611
-6.57251
-6.56857
-6.5643
-6.55967
-6.55469
-6.54932
-6.5436
-6.53747
-6.53095
-6.52401
-6.51666
-6.50886
-6.50064
-6.49195
-6.4828
-6.47317
-6.46306
-6.45244
-6.44131
-6.42964
-6.41744
-6.40468
-6.39136
-6.37747
-6.36298
-6.34789
-6.3322
-6.31587
-6.2989
-6.28127
-6.26297
-6.24398
-6.2243
-6.20391
-6.1828
-6.16094
-6.13834
-6.11496
-6.09081
-6.06587
-6.04011
-6.01354
-5.98612
-5.95785
-5.92872
-5.89871
-5.86781
-5.836
-5.80328
-5.76962
-5.73501
-5.69945
-5.6629
-5.62538
-5.58685
-5.54732
-5.50676
-5.46516
-5.42252
-5.37882
-5.33405
-5.2882
-5.24125
-5.19319
-5.14401
-5.0937
-5.04226
-4.98967
-4.93592
-4.88101
-4.82492
-4.76764
-4.70918
-4.64951
-4.58865
-4.52658
-4.46329
-4.39877
-4.33303
-4.26606
-4.19785
-4.1284
-4.05772
-3.98578
-3.91258
-3.83813
-3.76242
-3.68546
-3.60724
-3.52777
-3.44705
-3.36507
-3.28183
-3.19734
-3.11161
-3.02464
-2.93644
-2.84702
-2.75639
-2.66453
-2.57145
-2.47718
-2.3817
-2.28504
-2.18721
-2.0882
-1.98804
-1.88673
-1.78429
-1.68072
-1.57605
-1.47028
-1.36344
-1.25553
-1.14657
-1.03658
-0.925575
-0.813575
-0.700599
-0.586664
-0.471791
-0.356
-0.239311
-0.121744
-0.00332267
0.115931
0.235993
0.356842
0.478452
0.6008
0.723861
0.847612
0.972026
1.09708
1.22274
1.34898
1.47577
1.6031
1.73092
1.85921
1.98795
2.11711
2.24665
2.37656
2.50679
2.63734
2.76816
2.89923
3.03052
3.162
3.29365
3.42543
3.55733
3.6893
3.82134
3.9534
4.08546
4.2175
4.34949
4.48141
4.61323
4.74492
4.87646
5.00784
5.13902
5.26998
5.40071
5.53119
5.66138
5.79129
5.92088
6.05015
6.17907
6.30764
6.43583
6.56365
6.69106
6.81807
6.94467
7.07085
7.19661
7.32193
7.44681
7.57126
7.69526
7.81883
7.94197
8.06471
8.187
8.30888
8.43034
8.55145
8.67219
8.7925
8.91254
9.03223
9.15167
9.27077
9.38967
9.50834
9.62688
9.74524
9.86356
9.98181
10.1001
10.2184
10.3368
10.4554
10.5744
10.6936
10.8132
10.9333
11.054
11.1754
11.2977
11.4208
11.545
11.6705
11.7973
11.9257
12.0558
12.1878
12.322
12.4586
12.5979
12.7401
12.8851
13.034
13.1833
13.3404
13.4794
13.6551
13.6911
-5.79537
-5.80824
-5.82105
-5.83373
-5.8463
-5.85879
-5.87119
-5.88349
-5.8957
-5.90781
-5.91982
-5.93173
-5.94354
-5.95525
-5.96685
-5.97835
-5.98975
-6.00103
-6.01221
-6.02329
-6.03425
-6.04511
-6.05586
-6.0665
-6.07704
-6.08746
-6.09777
-6.10798
-6.11808
-6.12806
-6.13794
-6.14772
-6.15738
-6.16693
-6.17638
-6.18572
-6.19496
-6.20408
-6.2131
-6.22202
-6.23083
-6.23954
-6.24814
-6.25664
-6.26504
-6.27333
-6.28152
-6.28962
-6.29761
-6.3055
-6.3133
-6.32099
-6.32859
-6.33609
-6.34349
-6.3508
-6.35801
-6.36513
-6.37215
-6.37908
-6.38591
-6.39265
-6.3993
-6.40585
-6.41231
-6.41867
-6.42495
-6.43113
-6.43721
-6.44321
-6.44911
-6.45491
-6.46062
-6.46624
-6.47176
-6.47718
-6.48251
-6.48774
-6.49287
-6.4979
-6.50283
-6.50765
-6.51238
-6.517
-6.52151
-6.52591
-6.5302
-6.53439
-6.53845
-6.5424
-6.54623
-6.54994
-6.55353
-6.55699
-6.56031
-6.56351
-6.56657
-6.56949
-6.57226
-6.5749
-6.57737
-6.5797
-6.58186
-6.58386
-6.58569
-6.58735
-6.58883
-6.59013
-6.59123
-6.59215
-6.59286
-6.59338
-6.59367
-6.59376
-6.59362
-6.59325
-6.59264
-6.5918
-6.5907
-6.58935
-6.58772
-6.58583
-6.58365
-6.58119
-6.57844
-6.57538
-6.572
-6.5683
-6.56427
-6.5599
-6.55519
-6.55011
-6.54466
-6.53883
-6.53262
-6.526
-6.51897
-6.51152
-6.50365
-6.49532
-6.48655
-6.47731
-6.46759
-6.45739
-6.44668
-6.43545
-6.4237
-6.41141
-6.39857
-6.38517
-6.37119
-6.35662
-6.34145
-6.32567
-6.30926
-6.29221
-6.27451
-6.25613
-6.23708
-6.21732
-6.19686
-6.17568
-6.15376
-6.13108
-6.10765
-6.08344
-6.05843
-6.03263
-6.006
-5.97853
-5.95021
-5.92103
-5.89098
-5.86004
-5.82819
-5.79543
-5.76173
-5.7271
-5.6915
-5.65493
-5.61738
-5.57883
-5.53928
-5.4987
-5.45709
-5.41444
-5.37073
-5.32596
-5.28011
-5.23316
-5.18511
-5.13593
-5.08564
-5.0342
-4.98163
-4.9279
-4.873
-4.81694
-4.75968
-4.70124
-4.64161
-4.58077
-4.51873
-4.45548
-4.391
-4.3253
-4.25836
-4.1902
-4.1208
-4.05016
-3.97827
-3.90512
-3.83071
-3.75505
-3.67815
-3.59999
-3.52057
-3.4399
-3.35798
-3.2748
-3.19036
-3.10468
-3.01777
-2.92963
-2.84027
-2.74969
-2.65789
-2.56488
-2.47066
-2.37525
-2.27865
-2.18088
-2.08194
-1.98184
-1.8806
-1.77822
-1.67473
-1.57012
-1.46443
-1.35766
-1.24983
-1.14096
-1.03106
-0.920142
-0.808237
-0.695358
-0.581526
-0.46676
-0.35108
-0.234504
-0.117056
0.00124235
0.120369
0.2403
0.361013
0.482485
0.60469
0.727607
0.85121
0.975475
1.10037
1.22588
1.35197
1.47861
1.60577
1.73343
1.86157
1.99014
2.11914
2.24852
2.37826
2.50834
2.63872
2.76938
2.90029
3.03142
3.16274
3.29423
3.42586
3.5576
3.68943
3.82131
3.95323
4.08515
4.21705
4.3489
4.48069
4.61237
4.74393
4.87535
5.00661
5.13767
5.26853
5.39915
5.52952
5.65962
5.78944
5.91893
6.04813
6.17697
6.30548
6.4336
6.56136
6.68871
6.81568
6.94222
7.06838
7.1941
7.31941
7.44425
7.5687
7.69268
7.81625
7.93939
8.06215
8.18445
8.30635
8.42782
8.54898
8.66977
8.79013
8.91019
9.02994
9.14943
9.26859
9.38757
9.50632
9.62495
9.74341
9.86181
9.98014
10.0985
10.2169
10.3355
10.4542
10.5733
10.6926
10.8124
10.9327
11.0536
11.1752
11.2976
11.421
11.5454
11.6711
11.7983
11.927
12.0574
12.1899
12.3246
12.4619
12.6019
12.7452
12.8914
13.0423
13.1938
13.3551
13.4979
13.6832
13.7227
-5.79472
-5.80757
-5.82036
-5.83301
-5.84558
-5.85805
-5.87044
-5.88274
-5.89494
-5.90705
-5.91906
-5.93097
-5.94278
-5.95448
-5.96609
-5.97759
-5.98899
-6.00027
-6.01146
-6.02254
-6.03351
-6.04437
-6.05513
-6.06577
-6.07631
-6.08674
-6.09706
-6.10728
-6.11738
-6.12738
-6.13727
-6.14705
-6.15672
-6.16628
-6.17574
-6.18509
-6.19434
-6.20347
-6.2125
-6.22143
-6.23025
-6.23896
-6.24758
-6.25608
-6.26449
-6.27279
-6.28099
-6.28909
-6.29709
-6.30499
-6.31279
-6.32049
-6.32809
-6.33559
-6.343
-6.35031
-6.35752
-6.36463
-6.37166
-6.37858
-6.38541
-6.39214
-6.39879
-6.40533
-6.41178
-6.41814
-6.4244
-6.43057
-6.43664
-6.44262
-6.44851
-6.45429
-6.45999
-6.46558
-6.47109
-6.47649
-6.48179
-6.48699
-6.4921
-6.4971
-6.50201
-6.5068
-6.5115
-6.51608
-6.52056
-6.52493
-6.52919
-6.53333
-6.53736
-6.54126
-6.54506
-6.54872
-6.55227
-6.55568
-6.55896
-6.5621
-6.56512
-6.56798
-6.57071
-6.57328
-6.57571
-6.57797
-6.58009
-6.58202
-6.5838
-6.58539
-6.58682
-6.58805
-6.58909
-6.58994
-6.59059
-6.59103
-6.59127
-6.59128
-6.59107
-6.59063
-6.58995
-6.58903
-6.58786
-6.58643
-6.58474
-6.58277
-6.58052
-6.57798
-6.57514
-6.572
-6.56855
-6.56478
-6.56067
-6.55622
-6.55143
-6.54627
-6.54074
-6.53484
-6.52854
-6.52185
-6.51474
-6.50722
-6.49926
-6.49086
-6.48201
-6.47269
-6.4629
-6.45262
-6.44184
-6.43054
-6.41871
-6.40635
-6.39343
-6.37996
-6.36591
-6.35127
-6.33603
-6.32019
-6.30371
-6.2866
-6.26883
-6.25039
-6.23127
-6.21146
-6.19094
-6.1697
-6.14772
-6.12499
-6.10151
-6.07724
-6.05219
-6.02634
-5.99966
-5.97215
-5.9438
-5.91458
-5.88449
-5.85351
-5.82163
-5.78884
-5.75512
-5.72045
-5.68483
-5.64824
-5.61066
-5.5721
-5.53253
-5.49194
-5.45032
-5.40765
-5.36393
-5.31915
-5.2733
-5.22635
-5.1783
-5.12912
-5.07883
-5.0274
-4.97483
-4.92111
-4.86622
-4.81017
-4.75293
-4.69449
-4.63487
-4.57405
-4.51202
-4.44879
-4.38432
-4.31864
-4.25172
-4.18357
-4.11419
-4.04357
-3.97171
-3.89858
-3.8242
-3.74856
-3.67168
-3.59355
-3.51416
-3.43352
-3.35162
-3.26848
-3.18407
-3.09842
-3.01154
-2.92344
-2.83412
-2.74358
-2.65183
-2.55886
-2.4647
-2.36934
-2.2728
-2.17508
-2.0762
-1.97617
-1.875
-1.7727
-1.66929
-1.56477
-1.45917
-1.35249
-1.24476
-1.13599
-1.02619
-0.915387
-0.803594
-0.690833
-0.577122
-0.462481
-0.346926
-0.23048
-0.113163
0.00500135
0.123992
0.243784
0.364357
0.485686
0.607747
0.730518
0.853976
0.978093
1.10284
1.2282
1.35414
1.48063
1.60764
1.73515
1.86314
1.99156
2.1204
2.24964
2.37923
2.50915
2.63939
2.7699
2.90066
3.03164
3.16283
3.29417
3.42566
3.55727
3.68896
3.82071
3.95249
4.08428
4.21606
4.3478
4.47947
4.61103
4.74249
4.8738
5.00496
5.13592
5.26669
5.39721
5.52751
5.65752
5.78726
5.91669
6.04582
6.1746
6.30306
6.43112
6.55884
6.68614
6.81308
6.93959
7.06573
7.19143
7.31672
7.44155
7.56599
7.68998
7.81357
7.9367
8.05947
8.18178
8.3037
8.42521
8.5464
8.66724
8.78765
8.90775
9.02754
9.14709
9.26631
9.38536
9.50418
9.62289
9.74143
9.85992
9.97832
10.0968
10.2153
10.334
10.4528
10.572
10.6915
10.8114
10.9318
11.0528
11.1746
11.2972
11.4207
11.5454
11.6713
11.7987
11.9276
12.0584
12.1913
12.3264
12.4642
12.6049
12.7491
12.8965
13.049
13.2026
13.3678
13.5141
13.7091
13.7526
-5.79448
-5.80731
-5.82007
-5.83271
-5.84526
-5.85772
-5.8701
-5.8824
-5.89459
-5.90669
-5.9187
-5.93061
-5.94242
-5.95412
-5.96572
-5.97723
-5.98862
-5.99991
-6.01109
-6.02217
-6.03314
-6.04401
-6.05476
-6.06541
-6.07595
-6.08639
-6.09671
-6.10693
-6.11704
-6.12704
-6.13693
-6.14672
-6.15639
-6.16597
-6.17543
-6.18478
-6.19403
-6.20318
-6.21221
-6.22114
-6.22997
-6.23869
-6.2473
-6.25582
-6.26423
-6.27253
-6.28074
-6.28884
-6.29684
-6.30474
-6.31254
-6.32024
-6.32784
-6.33534
-6.34275
-6.35006
-6.35726
-6.36438
-6.37139
-6.37832
-6.38514
-6.39187
-6.3985
-6.40504
-6.41148
-6.41783
-6.42408
-6.43024
-6.4363
-6.44226
-6.44813
-6.4539
-6.45958
-6.46516
-6.47064
-6.47602
-6.4813
-6.48649
-6.49157
-6.49655
-6.50142
-6.50619
-6.51085
-6.51541
-6.51986
-6.5242
-6.52842
-6.53253
-6.53653
-6.5404
-6.54415
-6.54779
-6.55129
-6.55466
-6.5579
-6.56101
-6.56397
-6.5668
-6.56948
-6.57201
-6.57439
-6.57661
-6.57866
-6.58056
-6.58228
-6.58383
-6.58519
-6.58637
-6.58736
-6.58816
-6.58875
-6.58913
-6.5893
-6.58926
-6.58899
-6.58849
-6.58775
-6.58677
-6.58553
-6.58404
-6.58228
-6.58025
-6.57793
-6.57533
-6.57243
-6.56923
-6.56571
-6.56187
-6.5577
-6.55318
-6.54832
-6.54309
-6.5375
-6.53153
-6.52517
-6.51841
-6.51124
-6.50365
-6.49563
-6.48716
-6.47824
-6.46886
-6.45901
-6.44866
-6.43782
-6.42646
-6.41457
-6.40214
-6.38917
-6.37564
-6.36153
-6.34683
-6.33154
-6.31563
-6.2991
-6.28193
-6.26411
-6.24562
-6.22645
-6.20658
-6.18602
-6.16473
-6.1427
-6.11993
-6.0964
-6.0721
-6.047
-6.02111
-5.9944
-5.96685
-5.93845
-5.9092
-5.87908
-5.84807
-5.81616
-5.78333
-5.74958
-5.71489
-5.67924
-5.64262
-5.60503
-5.56644
-5.52685
-5.48624
-5.4446
-5.40191
-5.35818
-5.31338
-5.26751
-5.22055
-5.17248
-5.1233
-5.07299
-5.02155
-4.96897
-4.91524
-4.86035
-4.80429
-4.74704
-4.6886
-4.62896
-4.56814
-4.50611
-4.44287
-4.3784
-4.31272
-4.2458
-4.17765
-4.10828
-4.03766
-3.9658
-3.89269
-3.81831
-3.7427
-3.66583
-3.58772
-3.50836
-3.42774
-3.34588
-3.26277
-3.1784
-3.09279
-3.00595
-2.9179
-2.82864
-2.73816
-2.64646
-2.55356
-2.45947
-2.36418
-2.26772
-2.17008
-2.07129
-1.97134
-1.87027
-1.76806
-1.66474
-1.56033
-1.45483
-1.34826
-1.24063
-1.13197
-1.02229
-0.911598
-0.799924
-0.687282
-0.573693
-0.459176
-0.343746
-0.227425
-0.110235
0.00779988
0.12666
0.246321
0.36676
0.487954
0.60988
0.732515
0.855836
0.979816
1.10443
1.22965
1.35545
1.4818
1.60867
1.73605
1.86389
1.99218
2.12089
2.24998
2.37944
2.50923
2.63933
2.76971
2.90035
3.03121
3.16226
3.29349
3.42485
3.55634
3.68791
3.81955
3.95122
4.08291
4.21458
4.34622
4.4778
4.60926
4.74063
4.87185
5.00293
5.13381
5.26451
5.39496
5.52519
5.65513
5.78482
5.91419
6.04328
6.17201
6.30042
6.42845
6.55613
6.68341
6.81033
6.93682
7.06295
7.18863
7.31391
7.43873
7.56319
7.68718
7.81081
7.93394
8.05672
8.17904
8.30099
8.42252
8.54376
8.66464
8.78509
8.90525
9.02507
9.14467
9.26396
9.38308
9.50196
9.62073
9.73934
9.85791
9.97638
10.0949
10.2136
10.3323
10.4513
10.5705
10.6901
10.8101
10.9306
11.0518
11.1737
11.2964
11.4201
11.5449
11.671
11.7986
11.9278
12.0588
12.192
12.3275
12.4658
12.607
12.7519
12.9003
13.0543
13.2098
13.3784
13.5282
13.7328
13.7808
-5.79451
-5.80731
-5.82005
-5.83267
-5.84521
-5.85767
-5.87004
-5.88233
-5.89452
-5.90663
-5.91863
-5.93054
-5.94235
-5.95405
-5.96565
-5.97715
-5.98855
-5.99984
-6.01102
-6.0221
-6.03307
-6.04393
-6.05468
-6.06533
-6.07587
-6.08631
-6.09663
-6.10685
-6.11696
-6.12697
-6.13686
-6.14665
-6.15633
-6.1659
-6.17537
-6.18473
-6.19398
-6.20312
-6.21216
-6.2211
-6.22992
-6.23865
-6.24726
-6.25578
-6.26419
-6.2725
-6.2807
-6.2888
-6.2968
-6.3047
-6.3125
-6.3202
-6.3278
-6.3353
-6.3427
-6.35001
-6.35721
-6.36432
-6.37133
-6.37825
-6.38506
-6.39179
-6.39841
-6.40494
-6.41137
-6.41771
-6.42395
-6.4301
-6.43614
-6.44209
-6.44795
-6.45371
-6.45937
-6.46493
-6.47039
-6.47576
-6.48102
-6.48618
-6.49124
-6.4962
-6.50105
-6.5058
-6.51043
-6.51497
-6.51939
-6.5237
-6.52789
-6.53198
-6.53594
-6.53978
-6.54351
-6.54711
-6.55058
-6.55392
-6.55712
-6.56019
-6.56312
-6.56591
-6.56855
-6.57104
-6.57338
-6.57556
-6.57758
-6.57943
-6.58111
-6.58261
-6.58393
-6.58506
-6.58601
-6.58675
-6.5873
-6.58763
-6.58776
-6.58766
-6.58734
-6.58678
-6.58599
-6.58496
-6.58367
-6.58212
-6.58031
-6.57822
-6.57586
-6.5732
-6.57024
-6.56699
-6.56341
-6.55952
-6.55529
-6.55072
-6.54581
-6.54053
-6.53488
-6.52885
-6.52243
-6.51562
-6.50839
-6.50075
-6.49267
-6.48415
-6.47518
-6.46575
-6.45584
-6.44544
-6.43454
-6.42313
-6.41119
-6.39872
-6.38569
-6.37211
-6.35795
-6.3432
-6.32786
-6.31191
-6.29533
-6.27811
-6.26024
-6.2417
-6.22248
-6.20258
-6.18196
-6.16063
-6.13856
-6.11575
-6.09217
-6.06783
-6.0427
-6.01676
-5.99001
-5.96242
-5.93399
-5.9047
-5.87454
-5.84349
-5.81155
-5.77869
-5.7449
-5.71017
-5.67449
-5.63784
-5.60021
-5.56159
-5.52197
-5.48132
-5.43965
-5.39694
-5.35317
-5.30835
-5.26245
-5.21546
-5.16737
-5.11816
-5.06783
-5.01637
-4.96378
-4.91003
-4.85512
-4.79904
-4.74178
-4.68333
-4.62369
-4.56286
-4.50083
-4.43758
-4.37312
-4.30744
-4.24053
-4.1724
-4.10304
-4.03245
-3.96062
-3.88753
-3.81319
-3.7376
-3.66078
-3.58271
-3.50339
-3.42283
-3.34102
-3.25796
-3.17365
-3.0881
-3.00133
-2.91335
-2.82416
-2.73375
-2.64213
-2.54931
-2.45529
-2.36009
-2.26371
-2.16616
-2.06746
-1.9676
-1.86662
-1.76451
-1.66129
-1.55697
-1.45157
-1.3451
-1.23758
-1.12902
-1.01945
-0.908867
-0.797304
-0.684774
-0.571301
-0.456901
-0.341588
-0.225384
-0.108312
0.0096034
0.128343
0.247882
0.368199
0.48927
0.611072
0.733583
0.85678
0.980636
1.10513
1.23022
1.3559
1.48213
1.60888
1.73613
1.86386
1.99202
2.12061
2.24959
2.37893
2.50861
2.63859
2.76886
2.89939
3.03014
3.16109
3.29221
3.42348
3.55487
3.68634
3.81789
3.94947
4.08107
4.21265
4.34422
4.47572
4.6071
4.7384
4.86955
5.00057
5.13139
5.26203
5.39242
5.5226
5.6525
5.78215
5.91148
6.04054
6.16923
6.29761
6.42561
6.55328
6.68054
6.80747
6.93394
7.06006
7.18573
7.31102
7.43585
7.56032
7.68432
7.80797
7.93112
8.05392
8.17625
8.29826
8.41982
8.5411
8.66201
8.7825
8.9027
9.02257
9.14221
9.26157
9.38075
9.49969
9.61852
9.73719
9.85583
9.97437
10.093
10.2117
10.3306
10.4496
10.5689
10.6886
10.8087
10.9293
11.0505
11.1725
11.2954
11.4192
11.5442
11.6704
11.7981
11.9275
12.0588
12.1922
12.328
12.4666
12.6083
12.7539
12.903
13.0583
13.2154
13.3872
13.5403
13.7541
13.8072
-5.7947
-5.80747
-5.82019
-5.8328
-5.84533
-5.85779
-5.87016
-5.88245
-5.89465
-5.90676
-5.91877
-5.93067
-5.94249
-5.95419
-5.9658
-5.97729
-5.98869
-5.99998
-6.01116
-6.02223
-6.0332
-6.04406
-6.05482
-6.06547
-6.07601
-6.08644
-6.09677
-6.10699
-6.1171
-6.1271
-6.137
-6.14679
-6.15647
-6.16605
-6.17551
-6.18487
-6.19413
-6.20327
-6.21232
-6.22125
-6.23008
-6.2388
-6.24742
-6.25593
-6.26434
-6.27265
-6.28085
-6.28895
-6.29695
-6.30485
-6.31265
-6.32035
-6.32794
-6.33544
-6.34284
-6.35014
-6.35734
-6.36444
-6.37145
-6.37836
-6.38517
-6.39188
-6.3985
-6.40502
-6.41144
-6.41777
-6.424
-6.43013
-6.43617
-6.44211
-6.44795
-6.4537
-6.45934
-6.46489
-6.47034
-6.47568
-6.48093
-6.48607
-6.49112
-6.49605
-6.50089
-6.50561
-6.51023
-6.51474
-6.51914
-6.52342
-6.5276
-6.53165
-6.53559
-6.53941
-6.54311
-6.54668
-6.55012
-6.55343
-6.55661
-6.55965
-6.56255
-6.5653
-6.56791
-6.57037
-6.57267
-6.57482
-6.5768
-6.57862
-6.58026
-6.58173
-6.58301
-6.58411
-6.58501
-6.58572
-6.58622
-6.58652
-6.5866
-6.58646
-6.5861
-6.5855
-6.58466
-6.58358
-6.58225
-6.58066
-6.57881
-6.57667
-6.57426
-6.57156
-6.56856
-6.56525
-6.56164
-6.5577
-6.55342
-6.54881
-6.54385
-6.53852
-6.53283
-6.52675
-6.52029
-6.51343
-6.50616
-6.49847
-6.49034
-6.48178
-6.47276
-6.46327
-6.45332
-6.44287
-6.43193
-6.42047
-6.40848
-6.39596
-6.38289
-6.36926
-6.35506
-6.34026
-6.32487
-6.30887
-6.29224
-6.27498
-6.25706
-6.23847
-6.21921
-6.19926
-6.1786
-6.15721
-6.1351
-6.11224
-6.08862
-6.06422
-6.03904
-6.01306
-5.98626
-5.95863
-5.93015
-5.90082
-5.87061
-5.83952
-5.80754
-5.77464
-5.74081
-5.70604
-5.67032
-5.63363
-5.59597
-5.55731
-5.51766
-5.47699
-5.43528
-5.39254
-5.34876
-5.30391
-5.258
-5.211
-5.16289
-5.11368
-5.06334
-5.01188
-4.95928
-4.90554
-4.85064
-4.79457
-4.73732
-4.67888
-4.61926
-4.55845
-4.49644
-4.43322
-4.36879
-4.30314
-4.23626
-4.16816
-4.09884
-4.02829
-3.9565
-3.88345
-3.80916
-3.73362
-3.65685
-3.57883
-3.49957
-3.41906
-3.33731
-3.25432
-3.17007
-3.08458
-2.99787
-2.90996
-2.82084
-2.7305
-2.63895
-2.5462
-2.45226
-2.35714
-2.26084
-2.16337
-2.06475
-1.96498
-1.86408
-1.76206
-1.65893
-1.5547
-1.4494
-1.34303
-1.2356
-1.12715
-1.01767
-0.907189
-0.795728
-0.683301
-0.569934
-0.455643
-0.340433
-0.224336
-0.107369
0.0104381
0.129071
0.248501
0.368711
0.489672
0.611366
0.733768
0.856858
0.980606
1.10499
1.22998
1.35555
1.48167
1.60832
1.73547
1.86309
1.99116
2.11965
2.24853
2.37777
2.50735
2.63725
2.76743
2.89786
3.02852
3.15939
3.29043
3.42161
3.55292
3.68432
3.8158
3.9473
4.07884
4.21035
4.34185
4.4733
4.60463
4.73587
4.86697
4.99794
5.12871
5.25931
5.38967
5.51981
5.64968
5.77931
5.90861
6.03764
6.16631
6.29468
6.42267
6.55033
6.67758
6.80451
6.93099
7.05711
7.18278
7.30809
7.43293
7.55742
7.68143
7.8051
7.92828
8.0511
8.17345
8.29551
8.41711
8.53842
8.65937
8.7799
8.90015
9.02006
9.13975
9.25916
9.3784
9.49738
9.61627
9.735
9.8537
9.97231
10.091
10.2098
10.3287
10.4478
10.5672
10.6869
10.8071
10.9278
11.0491
11.1712
11.2942
11.4181
11.5432
11.6695
11.7974
11.9269
12.0583
12.1919
12.328
12.4669
12.609
12.755
12.9049
13.0612
13.2196
13.3943
13.5504
13.7729
13.8318
-5.79497
-5.80773
-5.82043
-5.83304
-5.84557
-5.85803
-5.87041
-5.88271
-5.89492
-5.90704
-5.91906
-5.93097
-5.94279
-5.9545
-5.96611
-5.97761
-5.98901
-6.00029
-6.01148
-6.02255
-6.03352
-6.04438
-6.05514
-6.06578
-6.07632
-6.08676
-6.09709
-6.10731
-6.11742
-6.12742
-6.13732
-6.14711
-6.1568
-6.16637
-6.17584
-6.1852
-6.19446
-6.20361
-6.21265
-6.22158
-6.23041
-6.23914
-6.24775
-6.25627
-6.26468
-6.27298
-6.28118
-6.28928
-6.29728
-6.30518
-6.31297
-6.32067
-6.32826
-6.33576
-6.34315
-6.35045
-6.35764
-6.36474
-6.37174
-6.37865
-6.38545
-6.39216
-6.39877
-6.40528
-6.4117
-6.41802
-6.42424
-6.43037
-6.43639
-6.44232
-6.44815
-6.45388
-6.45952
-6.46505
-6.47048
-6.47582
-6.48105
-6.48618
-6.4912
-6.49612
-6.50094
-6.50564
-6.51025
-6.51474
-6.51912
-6.52338
-6.52754
-6.53157
-6.53549
-6.53929
-6.54296
-6.54651
-6.54993
-6.55322
-6.55637
-6.55939
-6.56226
-6.56499
-6.56758
-6.57001
-6.57229
-6.5744
-6.57636
-6.57814
-6.57976
-6.5812
-6.58245
-6.58352
-6.58439
-6.58506
-6.58553
-6.58579
-6.58584
-6.58567
-6.58526
-6.58463
-6.58376
-6.58264
-6.58128
-6.57965
-6.57775
-6.57558
-6.57313
-6.57038
-6.56735
-6.564
-6.56034
-6.55636
-6.55205
-6.54739
-6.54239
-6.53702
-6.53128
-6.52516
-6.51866
-6.51175
-6.50443
-6.4967
-6.48853
-6.47991
-6.47085
-6.46132
-6.45131
-6.44082
-6.42983
-6.41832
-6.40628
-6.39371
-6.38059
-6.36691
-6.35265
-6.33781
-6.32236
-6.30631
-6.28963
-6.27232
-6.25435
-6.23571
-6.2164
-6.19639
-6.17568
-6.15425
-6.13209
-6.10919
-6.08552
-6.06109
-6.03586
-6.00985
-5.98301
-5.95535
-5.92684
-5.89747
-5.86724
-5.83612
-5.80411
-5.77119
-5.73735
-5.70256
-5.66682
-5.63012
-5.59245
-5.55379
-5.51414
-5.47346
-5.43176
-5.38902
-5.34524
-5.3004
-5.2545
-5.20751
-5.15942
-5.11022
-5.0599
-5.00846
-4.95588
-4.90215
-4.84727
-4.79123
-4.734
-4.67559
-4.61599
-4.55521
-4.49323
-4.43004
-4.36564
-4.30002
-4.23318
-4.16512
-4.09583
-4.02532
-3.95356
-3.88056
-3.80631
-3.73082
-3.65409
-3.57612
-3.49691
-3.41646
-3.33476
-3.25182
-3.16763
-3.0822
-2.99555
-2.90771
-2.81865
-2.72838
-2.6369
-2.54422
-2.45035
-2.3553
-2.25908
-2.16168
-2.06314
-1.96345
-1.86263
-1.76069
-1.65765
-1.5535
-1.44828
-1.342
-1.23466
-1.12629
-1.0169
-0.906514
-0.795142
-0.682807
-0.569534
-0.455339
-0.34022
-0.224215
-0.107339
0.0103746
0.128916
0.248252
0.36837
0.489237
0.61084
0.733149
0.856148
0.979807
1.1041
1.229
1.35448
1.48052
1.60708
1.73415
1.86168
1.98967
2.11808
2.24688
2.37604
2.50555
2.63537
2.76548
2.89584
3.02643
3.15723
3.28821
3.41932
3.55058
3.68192
3.81334
3.94479
4.07627
4.20774
4.3392
4.4706
4.60189
4.7331
4.86417
4.9951
5.12584
5.2564
5.38674
5.51687
5.64672
5.77633
5.90563
6.03465
6.16331
6.29168
6.41966
6.54733
6.67458
6.80151
6.92799
7.05413
7.1798
7.30515
7.43001
7.55452
7.67855
7.80225
7.92545
8.04831
8.17069
8.29278
8.41441
8.53577
8.65675
8.77732
8.89762
9.01758
9.13731
9.25677
9.37605
9.49509
9.61403
9.73281
9.85157
9.97023
10.089
10.2078
10.3268
10.4459
10.5654
10.6852
10.8054
10.9262
11.0476
11.1697
11.2928
11.4168
11.5419
11.6684
11.7963
11.926
12.0575
12.1912
12.3275
12.4666
12.609
12.7554
12.9058
13.0631
13.2227
13.3997
13.5587
13.7894
13.8545
-5.79532
-5.80805
-5.82073
-5.83333
-5.84588
-5.85836
-5.87077
-5.88309
-5.89532
-5.90745
-5.91948
-5.93142
-5.94324
-5.95496
-5.96658
-5.97808
-5.98948
-6.00077
-6.01196
-6.02304
-6.03401
-6.04487
-6.05563
-6.06628
-6.07682
-6.08726
-6.09759
-6.10782
-6.11793
-6.12794
-6.13784
-6.14764
-6.15732
-6.1669
-6.17637
-6.18574
-6.195
-6.20415
-6.21319
-6.22213
-6.23096
-6.23968
-6.2483
-6.25681
-6.26522
-6.27352
-6.28173
-6.28982
-6.29782
-6.30571
-6.3135
-6.3212
-6.32879
-6.33628
-6.34367
-6.35096
-6.35815
-6.36525
-6.37224
-6.37914
-6.38594
-6.39264
-6.39925
-6.40576
-6.41217
-6.41848
-6.42469
-6.43081
-6.43683
-6.44275
-6.44857
-6.4543
-6.45992
-6.46545
-6.47087
-6.47619
-6.48141
-6.48653
-6.49155
-6.49645
-6.50126
-6.50595
-6.51054
-6.51501
-6.51938
-6.52363
-6.52777
-6.53179
-6.53569
-6.53947
-6.54313
-6.54666
-6.55006
-6.55333
-6.55646
-6.55945
-6.56231
-6.56502
-6.56758
-6.56999
-6.57225
-6.57434
-6.57627
-6.57803
-6.57962
-6.58103
-6.58226
-6.58329
-6.58414
-6.58478
-6.58522
-6.58545
-6.58546
-6.58525
-6.58481
-6.58414
-6.58323
-6.58208
-6.58067
-6.57901
-6.57707
-6.57486
-6.57237
-6.56958
-6.5665
-6.56311
-6.55941
-6.55539
-6.55103
-6.54633
-6.54127
-6.53585
-6.53007
-6.5239
-6.51735
-6.51039
-6.50303
-6.49524
-6.48702
-6.47836
-6.46924
-6.45966
-6.44961
-6.43907
-6.42803
-6.41648
-6.4044
-6.39179
-6.37863
-6.36491
-6.35061
-6.33573
-6.32026
-6.30417
-6.28746
-6.27012
-6.25212
-6.23346
-6.21413
-6.19411
-6.17338
-6.15193
-6.12976
-6.10684
-6.08316
-6.05872
-6.03349
-6.00747
-5.98063
-5.95296
-5.92444
-5.89508
-5.86484
-5.83373
-5.80172
-5.7688
-5.73496
-5.70018
-5.66444
-5.62775
-5.59008
-5.55143
-5.51178
-5.47111
-5.42941
-5.38668
-5.3429
-5.29807
-5.25218
-5.2052
-5.15712
-5.10793
-5.05763
-5.0062
-4.95364
-4.89993
-4.84507
-4.78904
-4.73183
-4.67344
-4.61387
-4.55311
-4.49115
-4.42799
-4.36362
-4.29803
-4.23122
-4.16319
-4.09393
-4.02346
-3.95174
-3.87877
-3.80456
-3.72912
-3.65244
-3.57452
-3.49536
-3.41495
-3.3333
-3.25042
-3.16629
-3.08091
-2.99432
-2.90654
-2.81754
-2.72733
-2.63592
-2.5433
-2.4495
-2.35451
-2.25836
-2.16103
-2.06256
-1.96294
-1.86219
-1.76032
-1.65735
-1.55328
-1.44814
-1.34192
-1.23467
-1.12637
-1.01706
-0.906745
-0.795453
-0.683194
-0.570003
-0.455889
-0.340847
-0.22492
-0.10812
0.00951564
0.12798
0.247239
0.367281
0.48807
0.609599
0.731831
0.854757
0.978341
1.10256
1.22739
1.3528
1.47877
1.60526
1.73226
1.85973
1.98765
2.116
2.24474
2.37384
2.50329
2.63305
2.7631
2.89341
3.02396
3.1547
3.28563
3.4167
3.54792
3.67921
3.8106
3.942
4.07346
4.20488
4.33632
4.4677
4.59896
4.73014
4.86119
4.9921
5.12283
5.25338
5.3837
5.51382
5.64366
5.77327
5.90256
6.03158
6.16025
6.28863
6.41662
6.5443
6.67156
6.7985
6.925
7.05116
7.17685
7.30221
7.4271
7.55164
7.6757
7.79942
7.92266
8.04556
8.16797
8.2901
8.41176
8.53315
8.65418
8.77479
8.89513
9.01513
9.13491
9.25441
9.37373
9.49282
9.61181
9.73063
9.84944
9.96816
10.087
10.2058
10.3248
10.444
10.5636
10.6834
10.8037
10.9245
11.046
11.1682
11.2913
11.4153
11.5405
11.667
11.795
11.9248
12.0564
12.1902
12.3266
12.4659
12.6085
12.7553
12.9061
13.064
13.2245
13.4036
13.5652
13.8033
13.8752
-5.79579
-5.80851
-5.82116
-5.83376
-5.84634
-5.85886
-5.87131
-5.88366
-5.89592
-5.90808
-5.92014
-5.93209
-5.94393
-5.95566
-5.96728
-5.97879
-5.99019
-6.00148
-6.01267
-6.02375
-6.03472
-6.04558
-6.05634
-6.06699
-6.07754
-6.08797
-6.09831
-6.10853
-6.11865
-6.12866
-6.13857
-6.14836
-6.15805
-6.16764
-6.17711
-6.18648
-6.19574
-6.20489
-6.21394
-6.22288
-6.23171
-6.24044
-6.24906
-6.25758
-6.26599
-6.2743
-6.2825
-6.2906
-6.2986
-6.3065
-6.3143
-6.32199
-6.32958
-6.33708
-6.34447
-6.35176
-6.35896
-6.36605
-6.37305
-6.37994
-6.38674
-6.39344
-6.40004
-6.40655
-6.41295
-6.41926
-6.42547
-6.43158
-6.43759
-6.44351
-6.44932
-6.45504
-6.46065
-6.46617
-6.47158
-6.47689
-6.4821
-6.48721
-6.49221
-6.49711
-6.5019
-6.50658
-6.51116
-6.51562
-6.51997
-6.52421
-6.52833
-6.53233
-6.53621
-6.53998
-6.54361
-6.54712
-6.55051
-6.55375
-6.55686
-6.55984
-6.56267
-6.56535
-6.56789
-6.57027
-6.5725
-6.57457
-6.57647
-6.5782
-6.57975
-6.58113
-6.58232
-6.58332
-6.58413
-6.58473
-6.58513
-6.58531
-6.58528
-6.58503
-6.58455
-6.58383
-6.58288
-6.58168
-6.58023
-6.57852
-6.57654
-6.57428
-6.57175
-6.56892
-6.5658
-6.56238
-6.55864
-6.55458
-6.55019
-6.54545
-6.54037
-6.53492
-6.52911
-6.52292
-6.51634
-6.50937
-6.50198
-6.49418
-6.48595
-6.47727
-6.46815
-6.45856
-6.4485
-6.43795
-6.42691
-6.41535
-6.40327
-6.39065
-6.37749
-6.36376
-6.34947
-6.33459
-6.31911
-6.30302
-6.28631
-6.26896
-6.25097
-6.2323
-6.21296
-6.19294
-6.1722
-6.15075
-6.12857
-6.10565
-6.08197
-6.05751
-6.03228
-6.00625
-5.9794
-5.95172
-5.9232
-5.89383
-5.86359
-5.83247
-5.80045
-5.76753
-5.73368
-5.69889
-5.66315
-5.62645
-5.58878
-5.55013
-5.51048
-5.46981
-5.42811
-5.38538
-5.34161
-5.29678
-5.2509
-5.20393
-5.15586
-5.10668
-5.05639
-5.00498
-4.95243
-4.89874
-4.84389
-4.78788
-4.7307
-4.67233
-4.61278
-4.55204
-4.49011
-4.42698
-4.36263
-4.29707
-4.23029
-4.1623
-4.09307
-4.02264
-3.95095
-3.87803
-3.80386
-3.72846
-3.65182
-3.57394
-3.49482
-3.41446
-3.33286
-3.25003
-3.16596
-3.08062
-2.99409
-2.90635
-2.81741
-2.72726
-2.6359
-2.54334
-2.4496
-2.35467
-2.25857
-2.1613
-2.06289
-1.96333
-1.86265
-1.76084
-1.65793
-1.55392
-1.44884
-1.34269
-1.2355
-1.12727
-1.01803
-0.907773
-0.796546
-0.684351
-0.571228
-0.457182
-0.342202
-0.226338
-0.1096
0.00797129
0.126374
0.24557
0.365551
0.486278
0.607747
0.729919
0.852788
0.976313
1.10048
1.22525
1.35061
1.47652
1.60296
1.7299
1.85733
1.9852
2.1135
2.24219
2.37125
2.50066
2.63038
2.76039
2.89066
3.02117
3.15188
3.28278
3.41382
3.54501
3.67627
3.80764
3.93902
4.07045
4.20185
4.33328
4.46464
4.59589
4.72706
4.8581
4.98901
5.11973
5.25029
5.3806
5.51073
5.64057
5.77018
5.89948
6.02851
6.15718
6.28558
6.41359
6.54129
6.66857
6.79553
6.92205
7.04823
7.17395
7.29934
7.42425
7.54883
7.67291
7.79667
7.91994
8.04288
8.16532
8.28749
8.40918
8.53062
8.65168
8.77233
8.89271
9.01276
9.13257
9.25211
9.37148
9.49061
9.60964
9.7285
9.84735
9.96611
10.085
10.2038
10.3229
10.4422
10.5617
10.6816
10.8019
10.9228
11.0443
11.1665
11.2896
11.4137
11.539
11.6655
11.7936
11.9234
12.0551
12.189
12.3254
12.4649
12.6076
12.7546
12.9057
13.0641
13.2254
13.4061
13.57
13.8147
13.8939
-5.79641
-5.80907
-5.82164
-5.83425
-5.84689
-5.85949
-5.87198
-5.88438
-5.89668
-5.90887
-5.92097
-5.93294
-5.94481
-5.95656
-5.96821
-5.97974
-5.99116
-6.00247
-6.01367
-6.02477
-6.03576
-6.04664
-6.05741
-6.06808
-6.07864
-6.0891
-6.09944
-6.10968
-6.11982
-6.12984
-6.13976
-6.14956
-6.15926
-6.16885
-6.17833
-6.18771
-6.19698
-6.20613
-6.21518
-6.22412
-6.23295
-6.24168
-6.2503
-6.25881
-6.26722
-6.27552
-6.28372
-6.29182
-6.29981
-6.30771
-6.3155
-6.32319
-6.33077
-6.33826
-6.34565
-6.35294
-6.36013
-6.36722
-6.37422
-6.38111
-6.38791
-6.39461
-6.4012
-6.4077
-6.41411
-6.42041
-6.42661
-6.43272
-6.43872
-6.44463
-6.45043
-6.45614
-6.46174
-6.46724
-6.47264
-6.47794
-6.48313
-6.48822
-6.4932
-6.49807
-6.50284
-6.50749
-6.51204
-6.51647
-6.52079
-6.525
-6.52908
-6.53305
-6.5369
-6.54063
-6.54423
-6.5477
-6.55104
-6.55425
-6.55732
-6.56025
-6.56304
-6.56569
-6.56819
-6.57054
-6.57273
-6.57476
-6.57663
-6.57834
-6.57986
-6.58122
-6.58238
-6.58336
-6.58415
-6.58474
-6.58512
-6.58529
-6.58525
-6.58499
-6.5845
-6.58378
-6.58283
-6.58163
-6.58018
-6.57848
-6.57651
-6.57426
-6.57173
-6.56892
-6.56581
-6.5624
-6.55867
-6.55462
-6.55024
-6.54552
-6.54044
-6.53501
-6.5292
-6.52302
-6.51644
-6.50947
-6.50209
-6.49429
-6.48605
-6.47738
-6.46825
-6.45865
-6.44858
-6.43803
-6.42697
-6.4154
-6.40331
-6.39068
-6.3775
-6.36376
-6.34945
-6.33455
-6.31905
-6.30294
-6.28622
-6.26885
-6.25083
-6.23215
-6.21279
-6.19275
-6.17199
-6.15053
-6.12833
-6.10539
-6.08169
-6.05722
-6.03197
-6.00592
-5.97906
-5.95138
-5.92284
-5.89346
-5.86321
-5.83208
-5.80006
-5.76713
-5.73328
-5.69849
-5.66275
-5.62605
-5.58838
-5.54973
-5.51007
-5.46941
-5.42772
-5.38499
-5.34123
-5.29641
-5.25053
-5.20357
-5.15552
-5.10636
-5.05609
-5.00469
-4.95216
-4.89848
-4.84366
-4.78767
-4.73051
-4.67216
-4.61263
-4.55191
-4.49001
-4.4269
-4.36259
-4.29706
-4.2303
-4.16234
-4.09315
-4.02274
-3.95109
-3.8782
-3.80407
-3.72871
-3.65211
-3.57428
-3.49519
-3.41488
-3.33331
-3.25053
-3.1665
-3.08121
-2.99472
-2.90703
-2.81814
-2.72803
-2.63673
-2.54421
-2.45052
-2.35564
-2.25959
-2.16238
-2.06402
-1.96451
-1.86388
-1.76212
-1.65926
-1.5553
-1.45028
-1.34418
-1.23705
-1.12886
-1.01967
-0.909471
-0.798298
-0.686152
-0.573086
-0.459095
-0.344164
-0.22835
-0.111663
0.00585738
0.124211
0.243358
0.363292
0.483973
0.605395
0.727521
0.850346
0.973827
1.09795
1.22269
1.34801
1.47388
1.60028
1.72719
1.85457
1.98241
2.11068
2.23934
2.36837
2.49775
2.62744
2.75743
2.88767
3.01817
3.14885
3.27974
3.41076
3.54193
3.67318
3.80453
3.9359
4.06733
4.19872
4.33015
4.46151
4.59275
4.72392
4.85496
4.98587
5.1166
5.24716
5.37749
5.50763
5.63748
5.76711
5.89642
6.02547
6.15416
6.28258
6.4106
6.53833
6.66563
6.79262
6.91917
7.04538
7.17113
7.29655
7.42149
7.5461
7.67022
7.79401
7.91731
8.04029
8.16277
8.28497
8.40671
8.52817
8.64927
8.76996
8.89038
9.01047
9.13032
9.2499
9.3693
9.48847
9.60753
9.72644
9.84532
9.96412
10.083
10.2019
10.321
10.4403
10.5599
10.6798
10.8002
10.921
11.0426
11.1648
11.288
11.4121
11.5374
11.6639
11.792
11.9218
12.0535
12.1875
12.324
12.4635
12.6063
12.7534
12.9047
13.0635
13.2254
13.4073
13.5732
13.8235
13.9103
-5.79782
-5.81031
-5.82273
-5.83539
-5.84817
-5.86087
-5.87343
-5.88587
-5.89822
-5.91045
-5.92256
-5.93454
-5.9464
-5.95815
-5.96978
-5.9813
-5.99271
-6.004
-6.01519
-6.02627
-6.03725
-6.04812
-6.05888
-6.06955
-6.0801
-6.09056
-6.10091
-6.11115
-6.12129
-6.13132
-6.14124
-6.15106
-6.16077
-6.17038
-6.17988
-6.18927
-6.19855
-6.20772
-6.21679
-6.22575
-6.2346
-6.24334
-6.25197
-6.2605
-6.26892
-6.27723
-6.28544
-6.29354
-6.30153
-6.30942
-6.31721
-6.32489
-6.33247
-6.33994
-6.34732
-6.35459
-6.36175
-6.36882
-6.37578
-6.38264
-6.3894
-6.39606
-6.40261
-6.40907
-6.41543
-6.42169
-6.42784
-6.4339
-6.43986
-6.44571
-6.45147
-6.45713
-6.46269
-6.46815
-6.4735
-6.47876
-6.48391
-6.48897
-6.49392
-6.49876
-6.5035
-6.50814
-6.51267
-6.51709
-6.5214
-6.5256
-6.52969
-6.53366
-6.53752
-6.54126
-6.54487
-6.54837
-6.55173
-6.55497
-6.55807
-6.56103
-6.56386
-6.56654
-6.56907
-6.57146
-6.57369
-6.57576
-6.57767
-6.5794
-6.58097
-6.58236
-6.58356
-6.58457
-6.58538
-6.58599
-6.5864
-6.58659
-6.58657
-6.58632
-6.58584
-6.58513
-6.58418
-6.58299
-6.58154
-6.57983
-6.57785
-6.5756
-6.57306
-6.57023
-6.56711
-6.56368
-6.55993
-6.55587
-6.55146
-6.54672
-6.54162
-6.53616
-6.53033
-6.52411
-6.51752
-6.51052
-6.50311
-6.49528
-6.48701
-6.47831
-6.46915
-6.45953
-6.44944
-6.43885
-6.42777
-6.41618
-6.40405
-6.3914
-6.3782
-6.36444
-6.3501
-6.33519
-6.31966
-6.30354
-6.2868
-6.26941
-6.25137
-6.23268
-6.2133
-6.19324
-6.17247
-6.15099
-6.12878
-6.10583
-6.08212
-6.05764
-6.03238
-6.00633
-5.97946
-5.95177
-5.92323
-5.89384
-5.86359
-5.83246
-5.80043
-5.7675
-5.73365
-5.69886
-5.66313
-5.62643
-5.58876
-5.55011
-5.51047
-5.46981
-5.42813
-5.38541
-5.34165
-5.29685
-5.25098
-5.20403
-5.156
-5.10685
-5.0566
-5.00521
-4.9527
-4.89904
-4.84424
-4.78826
-4.73113
-4.67281
-4.6133
-4.5526
-4.49072
-4.42764
-4.36335
-4.29785
-4.23112
-4.16319
-4.09403
-4.02365
-3.95202
-3.87918
-3.80507
-3.72975
-3.65318
-3.57539
-3.49633
-3.41606
-3.33453
-3.25179
-3.16781
-3.08255
-2.9961
-2.90845
-2.8196
-2.72953
-2.63826
-2.54579
-2.45214
-2.3573
-2.2613
-2.16412
-2.06581
-1.96634
-1.86575
-1.76403
-1.66122
-1.5573
-1.45232
-1.34627
-1.23917
-1.13103
-1.02189
-0.911721
-0.80059
-0.68848
-0.575456
-0.461505
-0.346609
-0.230831
-0.114183
0.00329956
0.121617
0.240728
0.360628
0.481274
0.602663
0.724757
0.84755
0.971001
1.0951
1.2198
1.3451
1.47094
1.59732
1.72421
1.85157
1.97939
2.10763
2.23628
2.36529
2.49466
2.62433
2.75431
2.88454
3.01502
3.1457
3.27658
3.40759
3.53876
3.67
3.80136
3.93273
4.06417
4.19556
4.32699
4.45836
4.58961
4.72079
4.85184
4.98276
5.1135
5.24408
5.37443
5.50458
5.63446
5.76411
5.89344
6.02252
6.15123
6.27967
6.40772
6.53548
6.66281
6.78983
6.91641
7.04265
7.16843
7.29388
7.41886
7.5435
7.66765
7.79148
7.91482
8.03783
8.16036
8.28259
8.40436
8.52586
8.64699
8.76772
8.88817
9.0083
9.12819
9.2478
9.36723
9.48644
9.60553
9.72447
9.84338
9.96221
10.0811
10.2001
10.3192
10.4385
10.5581
10.678
10.7984
10.9193
11.0409
11.1631
11.2863
11.4104
11.5357
11.6623
11.7904
11.9202
12.0519
12.1859
12.3224
12.4619
12.6048
12.7519
12.9034
13.0623
13.2246
13.4073
13.575
13.8298
13.9243
-5.7995
-5.81162
-5.82382
-5.83665
-5.84965
-5.86248
-5.87513
-5.88768
-5.90014
-5.91248
-5.92469
-5.93676
-5.94871
-5.96054
-5.97224
-5.98382
-5.99528
-6.00663
-6.01786
-6.02898
-6.03998
-6.05087
-6.06165
-6.07232
-6.08287
-6.09332
-6.10365
-6.11387
-6.12398
-6.13397
-6.14385
-6.15362
-6.16327
-6.17281
-6.18224
-6.19156
-6.20077
-6.20986
-6.21884
-6.22772
-6.23648
-6.24514
-6.25369
-6.26213
-6.27047
-6.27871
-6.28684
-6.29487
-6.3028
-6.31063
-6.31836
-6.32599
-6.33353
-6.34097
-6.34831
-6.35556
-6.36271
-6.36977
-6.37673
-6.3836
-6.39038
-6.39706
-6.40364
-6.41014
-6.41653
-6.42284
-6.42905
-6.43516
-6.44118
-6.4471
-6.45292
-6.45865
-6.46428
-6.46981
-6.47524
-6.48057
-6.4858
-6.49092
-6.49594
-6.50086
-6.50566
-6.51036
-6.51495
-6.51942
-6.52379
-6.52803
-6.53216
-6.53618
-6.54006
-6.54383
-6.54747
-6.55098
-6.55436
-6.5576
-6.56071
-6.56367
-6.56649
-6.56917
-6.57169
-6.57406
-6.57627
-6.57832
-6.5802
-6.58192
-6.58345
-6.58481
-6.58598
-6.58696
-6.58774
-6.58831
-6.58868
-6.58883
-6.58877
-6.58848
-6.58796
-6.58721
-6.58622
-6.58499
-6.5835
-6.58176
-6.57974
-6.57746
-6.57489
-6.57203
-6.56887
-6.56541
-6.56164
-6.55754
-6.55311
-6.54833
-6.54321
-6.53773
-6.53187
-6.52563
-6.51901
-6.51198
-6.50455
-6.4967
-6.48841
-6.47969
-6.47051
-6.46087
-6.45076
-6.44015
-6.42905
-6.41744
-6.4053
-6.39263
-6.37941
-6.36564
-6.35128
-6.33635
-6.32081
-6.30468
-6.28792
-6.27052
-6.25247
-6.23376
-6.21438
-6.19431
-6.17353
-6.15204
-6.12982
-6.10686
-6.08315
-6.05866
-6.0334
-6.00734
-5.98046
-5.95277
-5.92423
-5.89485
-5.86459
-5.83346
-5.80143
-5.76851
-5.73466
-5.69989
-5.66415
-5.62746
-5.5898
-5.55116
-5.51152
-5.47087
-5.4292
-5.38649
-5.34275
-5.29795
-5.2521
-5.20516
-5.15715
-5.10801
-5.05778
-5.00641
-4.95393
-4.90027
-4.8455
-4.78954
-4.73243
-4.67414
-4.61464
-4.55397
-4.49211
-4.42906
-4.36479
-4.29931
-4.23261
-4.1647
-4.09557
-4.02522
-3.95361
-3.88081
-3.80672
-3.73144
-3.65489
-3.57714
-3.4981
-3.41787
-3.33636
-3.25367
-3.16972
-3.08449
-2.99808
-2.91046
-2.82164
-2.7316
-2.64037
-2.54793
-2.45431
-2.3595
-2.26353
-2.16639
-2.06811
-1.96867
-1.86812
-1.76643
-1.66365
-1.55977
-1.45482
-1.3488
-1.24174
-1.13363
-1.02451
-0.91438
-0.803278
-0.691199
-0.578207
-0.464285
-0.349415
-0.233661
-0.117038
0.000420194
0.118713
0.237801
0.357678
0.478303
0.59967
0.721745
0.844519
0.967952
1.09203
1.21672
1.34199
1.46782
1.59419
1.72107
1.84842
1.97623
2.10446
2.2331
2.36211
2.49147
2.62115
2.75113
2.88136
3.01184
3.14252
3.2734
3.40442
3.53559
3.66684
3.79821
3.92959
4.06103
4.19244
4.32388
4.45527
4.58653
4.71773
4.8488
4.97975
5.11051
5.24111
5.37148
5.50166
5.63156
5.76123
5.89059
6.01969
6.14844
6.27691
6.40499
6.53277
6.66014
6.78719
6.9138
7.04008
7.1659
7.29138
7.41639
7.54107
7.66526
7.78912
7.91249
8.03554
8.1581
8.28037
8.40217
8.5237
8.64487
8.76563
8.88612
9.00628
9.1262
9.24584
9.3653
9.48454
9.60366
9.72262
9.84155
9.96041
10.0793
10.1983
10.3175
10.4368
10.5564
10.6763
10.7967
10.9176
11.0392
11.1615
11.2846
11.4087
11.534
11.6606
11.7887
11.9185
12.0502
12.1841
12.3206
12.4601
12.603
12.7501
12.9016
13.0607
13.2232
13.4062
13.5754
13.8334
13.9356
-5.80318
-5.81474
-5.82673
-5.83979
-5.85299
-5.8658
-5.87833
-5.89073
-5.90303
-5.91519
-5.92721
-5.93909
-5.95084
-5.96249
-5.97402
-5.98543
-5.99673
-6.00793
-6.01903
-6.03003
-6.04093
-6.05173
-6.06244
-6.07304
-6.08356
-6.09397
-6.10429
-6.11451
-6.12462
-6.13464
-6.14456
-6.15438
-6.16409
-6.17371
-6.18322
-6.19263
-6.20193
-6.21113
-6.22023
-6.22923
-6.23812
-6.2469
-6.25559
-6.26417
-6.27265
-6.28102
-6.28929
-6.29746
-6.30552
-6.31348
-6.32134
-6.3291
-6.33675
-6.3443
-6.35175
-6.3591
-6.36634
-6.37349
-6.38053
-6.38747
-6.3943
-6.40103
-6.40767
-6.41419
-6.42062
-6.42694
-6.43317
-6.43928
-6.4453
-6.45121
-6.45702
-6.46273
-6.46833
-6.47383
-6.47922
-6.48451
-6.48969
-6.49477
-6.49974
-6.5046
-6.50935
-6.51399
-6.51852
-6.52294
-6.52724
-6.53143
-6.53551
-6.53946
-6.54329
-6.547
-6.55059
-6.55405
-6.55737
-6.56057
-6.56362
-6.56654
-6.56932
-6.57195
-6.57443
-6.57676
-6.57893
-6.58095
-6.58279
-6.58447
-6.58598
-6.58731
-6.58845
-6.58939
-6.59014
-6.59069
-6.59103
-6.59116
-6.59106
-6.59075
-6.59021
-6.58943
-6.58842
-6.58716
-6.58565
-6.58387
-6.58184
-6.57953
-6.57694
-6.57405
-6.57088
-6.56739
-6.5636
-6.55948
-6.55503
-6.55023
-6.54509
-6.53958
-6.5337
-6.52745
-6.5208
-6.51376
-6.50631
-6.49844
-6.49014
-6.4814
-6.4722
-6.46255
-6.45242
-6.4418
-6.43067
-6.41906
-6.4069
-6.39422
-6.38099
-6.36721
-6.35284
-6.3379
-6.32235
-6.30621
-6.28944
-6.27204
-6.25398
-6.23526
-6.21587
-6.1958
-6.17502
-6.15352
-6.1313
-6.10834
-6.08462
-6.06014
-6.03487
-6.00882
-5.98193
-5.95425
-5.92571
-5.89634
-5.86607
-5.83497
-5.80293
-5.77003
-5.73617
-5.70141
-5.66569
-5.62901
-5.59135
-5.55272
-5.5131
-5.47246
-5.4308
-5.38811
-5.34438
-5.2996
-5.25376
-5.20681
-5.15884
-5.1097
-5.05951
-5.00814
-4.95569
-4.90204
-4.8473
-4.79134
-4.73427
-4.67599
-4.61651
-4.55586
-4.49403
-4.43099
-4.36674
-4.30129
-4.23462
-4.16673
-4.09763
-4.02731
-3.95569
-3.88295
-3.80886
-3.73363
-3.65707
-3.57938
-3.50034
-3.42017
-3.33865
-3.25601
-3.17209
-3.08689
-3.00049
-2.9129
-2.82411
-2.7341
-2.64289
-2.55048
-2.45689
-2.36211
-2.26616
-2.16905
-2.07079
-1.97137
-1.87084
-1.76918
-1.66643
-1.56257
-1.45764
-1.35164
-1.2446
-1.13651
-1.02742
-0.917304
-0.806222
-0.694165
-0.581194
-0.467291
-0.352441
-0.236704
-0.120095
-0.00265096
0.115629
0.234704
0.354569
0.475184
0.596541
0.718607
0.841373
0.964799
1.08887
1.21355
1.33882
1.46465
1.59102
1.71789
1.84524
1.97305
2.10129
2.22993
2.35895
2.48831
2.618
2.74798
2.87822
3.00871
3.1394
3.2703
3.40133
3.53252
3.66378
3.79516
3.92656
4.05803
4.18945
4.32091
4.45232
4.58361
4.71483
4.84593
4.9769
5.10768
5.23831
5.36871
5.49891
5.62885
5.75855
5.88794
6.01707
6.14586
6.27435
6.40247
6.53028
6.65769
6.78477
6.91141
7.03773
7.16358
7.2891
7.41414
7.53885
7.66308
7.78697
7.91037
8.03346
8.15606
8.27835
8.40019
8.52175
8.64295
8.76374
8.88425
9.00445
9.1244
9.24406
9.36355
9.48281
9.60195
9.72093
9.83989
9.95877
10.0777
10.1967
10.3159
10.4352
10.5548
10.6748
10.7952
10.9161
11.0376
11.1599
11.283
11.4071
11.5324
11.659
11.787
11.9168
12.0485
12.1824
12.3188
12.4583
12.6011
12.7482
12.8996
13.0586
13.2213
13.4043
13.5747
13.8344
13.9439
-5.80188
-5.81346
-5.82578
-5.83937
-5.85309
-5.86637
-5.87932
-5.89212
-5.90479
-5.91729
-5.92962
-5.9418
-5.95384
-5.96576
-5.97755
-5.98922
-6.00076
-6.01219
-6.02352
-6.03474
-6.04586
-6.05685
-6.06774
-6.07852
-6.08919
-6.09976
-6.11021
-6.12055
-6.13077
-6.14089
-6.15088
-6.16077
-6.17053
-6.18019
-6.18972
-6.19915
-6.20845
-6.21764
-6.22671
-6.23568
-6.24452
-6.25326
-6.26188
-6.27039
-6.27879
-6.28708
-6.29526
-6.30334
-6.31131
-6.31917
-6.32692
-6.33458
-6.34213
-6.34957
-6.35691
-6.36416
-6.3713
-6.37834
-6.38528
-6.39211
-6.39885
-6.40549
-6.41203
-6.41848
-6.42482
-6.43106
-6.43721
-6.44325
-6.4492
-6.45505
-6.46079
-6.46644
-6.47199
-6.47744
-6.48278
-6.48802
-6.49316
-6.4982
-6.50313
-6.50795
-6.51266
-6.51727
-6.52177
-6.52616
-6.53043
-6.53459
-6.53863
-6.54256
-6.54637
-6.55005
-6.55361
-6.55704
-6.56034
-6.5635
-6.56654
-6.56943
-6.57218
-6.57478
-6.57723
-6.57954
-6.58168
-6.58367
-6.58549
-6.58715
-6.58863
-6.58994
-6.59105
-6.59197
-6.59269
-6.59321
-6.59353
-6.59362
-6.59351
-6.59316
-6.59259
-6.59179
-6.59075
-6.58947
-6.58793
-6.58614
-6.58408
-6.58175
-6.57913
-6.57623
-6.57303
-6.56953
-6.56571
-6.56157
-6.5571
-6.55229
-6.54713
-6.54161
-6.53572
-6.52944
-6.52279
-6.51573
-6.50827
-6.50038
-6.49207
-6.48331
-6.47411
-6.46444
-6.4543
-6.44367
-6.43254
-6.42091
-6.40875
-6.39606
-6.38282
-6.36903
-6.35466
-6.33972
-6.32416
-6.30802
-6.29125
-6.27384
-6.25578
-6.23706
-6.21767
-6.1976
-6.17682
-6.15532
-6.1331
-6.11014
-6.08642
-6.06194
-6.03668
-6.01062
-5.98375
-5.95607
-5.92754
-5.89818
-5.86793
-5.83682
-5.8048
-5.7719
-5.73806
-5.70331
-5.6676
-5.63093
-5.59328
-5.55467
-5.51505
-5.47443
-5.43279
-5.39011
-5.34639
-5.30163
-5.25579
-5.20886
-5.1609
-5.11179
-5.06161
-5.01026
-4.95783
-4.9042
-4.84947
-4.79353
-4.73648
-4.67823
-4.61877
-4.55813
-4.49631
-4.4333
-4.36907
-4.30363
-4.23698
-4.16911
-4.10003
-4.02972
-3.95813
-3.8854
-3.81134
-3.73613
-3.65959
-3.58191
-3.5029
-3.42274
-3.34125
-3.25863
-3.17473
-3.08955
-3.00317
-2.9156
-2.82683
-2.73684
-2.64565
-2.55326
-2.45969
-2.36493
-2.269
-2.1719
-2.07366
-1.97426
-1.87374
-1.77209
-1.66935
-1.5655
-1.46059
-1.3546
-1.24757
-1.1395
-1.03041
-0.920313
-0.80924
-0.697193
-0.584228
-0.470333
-0.355493
-0.239763
-0.123161
-0.0057209
0.112555
0.231628
0.351491
0.472106
0.593463
0.71553
0.838297
0.961726
1.0858
1.21049
1.33576
1.4616
1.58797
1.71485
1.84222
1.97004
2.09828
2.22694
2.35596
2.48535
2.61504
2.74504
2.8753
3.00581
3.13652
3.26743
3.39848
3.52969
3.66098
3.79238
3.92381
4.05529
4.18675
4.31823
4.44966
4.58099
4.71224
4.84336
4.97435
5.10517
5.23583
5.36626
5.49649
5.62646
5.75619
5.88562
6.01478
6.1436
6.27213
6.40028
6.52812
6.65556
6.78267
6.90935
7.0357
7.16159
7.28713
7.41221
7.53695
7.66121
7.78513
7.90857
8.03168
8.15432
8.27664
8.39851
8.52009
8.64131
8.76214
8.88267
9.00289
9.12286
9.24255
9.36205
9.48133
9.60049
9.71949
9.83846
9.95735
10.0763
10.1953
10.3145
10.4338
10.5534
10.6734
10.7938
10.9147
11.0362
11.1585
11.2816
11.4057
11.5309
11.6575
11.7855
11.9152
12.0468
12.1807
12.3171
12.4565
12.5992
12.7462
12.8976
13.0564
13.2191
13.4017
13.573
13.8327
13.9493
-5.8107
-5.82294
-5.83551
-5.84895
-5.86235
-5.87534
-5.88807
-5.90066
-5.91313
-5.92543
-5.93758
-5.94959
-5.96146
-5.9732
-5.98481
-5.99631
-6.00768
-6.01895
-6.03009
-6.04113
-6.05207
-6.0629
-6.07363
-6.08425
-6.09477
-6.10519
-6.11549
-6.12569
-6.13578
-6.14577
-6.15564
-6.1654
-6.17506
-6.18461
-6.19404
-6.20337
-6.21259
-6.2217
-6.2307
-6.23959
-6.24837
-6.25704
-6.26561
-6.27407
-6.28243
-6.29068
-6.29883
-6.30687
-6.31481
-6.32264
-6.33037
-6.338
-6.34553
-6.35296
-6.36029
-6.36751
-6.37464
-6.38166
-6.38858
-6.39541
-6.40213
-6.40875
-6.41528
-6.4217
-6.42803
-6.43425
-6.44037
-6.4464
-6.45232
-6.45815
-6.46387
-6.46949
-6.47501
-6.48043
-6.48574
-6.49096
-6.49607
-6.50107
-6.50597
-6.51076
-6.51545
-6.52002
-6.52449
-6.52884
-6.53309
-6.53722
-6.54123
-6.54512
-6.5489
-6.55255
-6.55608
-6.55948
-6.56276
-6.5659
-6.5689
-6.57177
-6.57449
-6.57707
-6.5795
-6.58178
-6.5839
-6.58586
-6.58767
-6.58931
-6.59077
-6.59206
-6.59316
-6.59407
-6.59478
-6.59529
-6.59558
-6.59566
-6.59552
-6.59515
-6.59456
-6.59374
-6.59268
-6.59138
-6.58982
-6.58801
-6.58594
-6.58359
-6.58097
-6.57805
-6.57484
-6.57132
-6.56749
-6.56334
-6.55886
-6.55404
-6.54887
-6.54335
-6.53744
-6.53116
-6.5245
-6.51743
-6.50996
-6.50207
-6.49376
-6.485
-6.47579
-6.46612
-6.45597
-6.44534
-6.43421
-6.42257
-6.41042
-6.39773
-6.38449
-6.3707
-6.35633
-6.34138
-6.32583
-6.30969
-6.29292
-6.27552
-6.25746
-6.23875
-6.21936
-6.19928
-6.17851
-6.15702
-6.1348
-6.11185
-6.08814
-6.06366
-6.03841
-6.01236
-5.98549
-5.95783
-5.92931
-5.89995
-5.86971
-5.83861
-5.80661
-5.77371
-5.73988
-5.70514
-5.66945
-5.63279
-5.59516
-5.55655
-5.51695
-5.47634
-5.43471
-5.39204
-5.34834
-5.30358
-5.25775
-5.21083
-5.16287
-5.1138
-5.06363
-5.01231
-4.95989
-4.90628
-4.85156
-4.79565
-4.73861
-4.68037
-4.62093
-4.56031
-4.4985
-4.4355
-4.37129
-4.30587
-4.23923
-4.17137
-4.1023
-4.032
-3.96043
-3.88771
-3.81368
-3.73846
-3.66196
-3.58428
-3.50529
-3.42513
-3.34366
-3.26104
-3.17716
-3.092
-3.00563
-2.91807
-2.82931
-2.73933
-2.64815
-2.55577
-2.46221
-2.36746
-2.27154
-2.17445
-2.07621
-1.97682
-1.8763
-1.77466
-1.67192
-1.56808
-1.46317
-1.35719
-1.25016
-1.14209
-1.03301
-0.92291
-0.811836
-0.699791
-0.586822
-0.472924
-0.358085
-0.242353
-0.125748
-0.00830311
0.109977
0.229057
0.348926
0.469549
0.590913
0.712989
0.835765
0.959205
1.08329
1.20799
1.33328
1.45912
1.58551
1.71241
1.83978
1.96762
2.09589
2.22456
2.3536
2.483
2.61272
2.74274
2.87302
3.00354
3.13428
3.26521
3.39629
3.52752
3.65883
3.79025
3.9217
4.05321
4.1847
4.3162
4.44766
4.57902
4.71029
4.84144
4.97246
5.10331
5.23399
5.36445
5.49471
5.62471
5.75447
5.88393
6.01312
6.14196
6.27052
6.3987
6.52657
6.65404
6.78117
6.90789
7.03425
7.16017
7.28574
7.41085
7.53561
7.6599
7.78384
7.90731
8.03044
8.1531
8.27544
8.39734
8.51893
8.64018
8.76102
8.88158
9.00181
9.1218
9.2415
9.36102
9.48031
9.59948
9.71849
9.83746
9.95637
10.0753
10.1943
10.3135
10.4328
10.5524
10.6724
10.7928
10.9137
11.0352
11.1575
11.2806
11.4046
11.5299
11.6564
11.7844
11.914
12.0456
12.1794
12.3158
12.4551
12.5977
12.7446
12.8959
13.0545
13.2172
13.3992
13.5711
13.8294
13.9521
-5.81138
-5.82411
-5.83807
-5.85232
-5.86604
-5.87919
-5.89202
-5.90465
-5.9171
-5.92937
-5.94147
-5.95343
-5.96525
-5.97694
-5.98849
-5.99995
-6.0113
-6.02252
-6.03362
-6.04461
-6.05551
-6.06633
-6.07705
-6.08766
-6.09817
-6.10858
-6.11888
-6.12907
-6.13915
-6.14913
-6.15899
-6.16875
-6.17839
-6.18792
-6.19734
-6.20665
-6.21585
-6.22494
-6.23391
-6.24278
-6.25153
-6.26018
-6.26871
-6.27714
-6.28546
-6.29368
-6.30179
-6.30979
-6.31769
-6.32549
-6.33318
-6.34077
-6.34826
-6.35565
-6.36294
-6.37012
-6.37721
-6.3842
-6.39108
-6.39787
-6.40456
-6.41114
-6.41763
-6.42402
-6.43031
-6.4365
-6.44259
-6.44859
-6.45448
-6.46028
-6.46597
-6.47156
-6.47706
-6.48245
-6.48774
-6.49292
-6.49801
-6.50299
-6.50786
-6.51263
-6.51729
-6.52185
-6.52629
-6.53063
-6.53485
-6.53896
-6.54295
-6.54683
-6.55058
-6.55422
-6.55773
-6.56111
-6.56437
-6.56749
-6.57048
-6.57333
-6.57604
-6.5786
-6.58102
-6.58328
-6.58539
-6.58734
-6.58913
-6.59076
-6.59221
-6.59349
-6.59458
-6.59549
-6.5962
-6.5967
-6.59698
-6.59704
-6.59688
-6.5965
-6.5959
-6.59506
-6.59399
-6.59268
-6.59112
-6.5893
-6.58722
-6.58486
-6.58223
-6.57931
-6.57609
-6.57257
-6.56873
-6.56458
-6.56009
-6.55527
-6.5501
-6.54456
-6.53866
-6.53238
-6.52571
-6.51864
-6.51117
-6.50328
-6.49496
-6.4862
-6.47699
-6.46732
-6.45717
-6.44654
-6.43541
-6.42377
-6.41162
-6.39893
-6.38569
-6.3719
-6.35754
-6.34259
-6.32705
-6.3109
-6.29414
-6.27673
-6.25868
-6.23997
-6.22059
-6.20052
-6.17975
-6.15826
-6.13605
-6.1131
-6.08939
-6.06492
-6.03967
-6.01362
-5.98677
-5.9591
-5.93059
-5.90123
-5.87101
-5.83991
-5.80791
-5.77502
-5.7412
-5.70647
-5.67078
-5.63413
-5.5965
-5.5579
-5.51831
-5.4777
-5.43608
-5.39342
-5.34972
-5.30496
-5.25913
-5.21222
-5.16427
-5.11521
-5.06506
-5.01375
-4.96133
-4.90774
-4.85302
-4.79712
-4.74008
-4.68185
-4.62242
-4.5618
-4.5
-4.43701
-4.3728
-4.30738
-4.24075
-4.1729
-4.10383
-4.03353
-3.96198
-3.88924
-3.81523
-3.74001
-3.66352
-3.58583
-3.50686
-3.42669
-3.34525
-3.26262
-3.17874
-3.09359
-3.00723
-2.91967
-2.8309
-2.74093
-2.64975
-2.55737
-2.46381
-2.36906
-2.27313
-2.17604
-2.0778
-1.97841
-1.8779
-1.77626
-1.67351
-1.56967
-1.46476
-1.35877
-1.25174
-1.14367
-1.03458
-0.924476
-0.813397
-0.701348
-0.588371
-0.474465
-0.359621
-0.243881
-0.12727
-0.00981626
0.108471
0.227561
0.347438
0.468071
0.589445
0.711532
0.834317
0.957768
1.08186
1.20657
1.33187
1.45773
1.58413
1.71104
1.83843
1.96628
2.09456
2.22324
2.3523
2.48172
2.61145
2.74148
2.87178
3.00232
3.13307
3.26402
3.39511
3.52635
3.65769
3.78912
3.92059
4.05212
4.18362
4.31514
4.44662
4.57799
4.70928
4.84045
4.97149
5.10235
5.23305
5.36353
5.4938
5.62382
5.75359
5.88307
6.01227
6.14114
6.26971
6.39791
6.52579
6.65328
6.78043
6.90716
7.03354
7.15948
7.28506
7.41019
7.53495
7.65926
7.78321
7.9067
8.02983
8.15251
8.27486
8.39677
8.51837
8.63963
8.76049
8.88105
9.00129
9.12129
9.241
9.36052
9.47982
9.59899
9.71801
9.83699
9.9559
10.0749
10.1939
10.313
10.4324
10.552
10.6719
10.7923
10.9132
11.0347
11.157
11.2801
11.4041
11.5294
11.6558
11.7838
11.9135
12.045
12.1788
12.3151
12.4544
12.597
12.7438
12.8951
13.0535
13.2162
13.3979
13.5699
13.8271
13.9529
12.6185
12.6353
12.6437
12.6685
12.6884
12.7007
12.7092
12.7142
12.7152
12.7116
12.7033
12.6899
12.671
12.6462
12.6149
12.5769
12.5315
12.4784
12.4168
12.3465
12.2665
12.1767
12.0758
11.9639
11.8394
11.7022
11.5515
11.3865
11.2056
11.0088
10.7942
10.5617
10.309
10.0361
9.74027
9.42163
9.07682
8.70609
8.30514
7.87518
7.40888
6.91159
6.36568
5.79491
5.13986
4.50328
3.65236
3.03056
1.64186
1.48047
12.5795
12.5972
12.6121
12.6389
12.6596
12.6728
12.6819
12.6874
12.6885
12.685
12.6768
12.6634
12.6444
12.6194
12.5881
12.55
12.5045
12.4513
12.3896
12.3192
12.2391
12.1491
12.0482
11.9362
11.8117
11.6744
11.5237
11.3586
11.1777
10.9809
10.7663
10.5338
10.2811
10.0082
9.71244
9.39382
9.04903
8.67834
8.2774
7.84747
7.38113
6.88388
6.33778
5.76716
5.11143
4.47547
3.62226
3.00223
1.60567
1.45923
12.5286
12.5427
12.5639
12.5925
12.6137
12.6281
12.6382
12.6442
12.6456
12.6425
12.6343
12.621
12.602
12.5772
12.5458
12.5077
12.4622
12.4089
12.3472
12.2768
12.1967
12.1068
12.0059
11.894
11.7695
11.6324
11.4817
11.3168
11.1359
10.9393
10.7249
10.4926
10.2401
9.9674
9.67181
9.35343
9.00887
8.63844
8.23772
7.80808
7.34189
6.84504
6.29876
5.72901
5.07186
4.43871
3.57965
2.96981
1.55191
1.44962
12.4827
12.4934
12.5182
12.5465
12.5674
12.5824
12.593
12.5992
12.6009
12.5978
12.5897
12.5763
12.5573
12.5324
12.5009
12.4627
12.417
12.3637
12.3019
12.2314
12.1512
12.0612
11.9602
11.8482
11.7237
11.5865
11.4359
11.2709
11.0901
10.8935
10.6791
10.4469
10.1945
9.92191
9.62644
9.30817
8.96375
8.59347
8.19288
7.76346
7.29728
6.80083
6.25412
5.68548
5.02626
4.39705
3.52992
2.93535
1.48871
1.44757
12.4433
12.4518
12.4786
12.5058
12.526
12.5411
12.5518
12.558
12.5597
12.5565
12.5483
12.5348
12.5157
12.4905
12.4588
12.4204
12.3745
12.3209
12.2589
12.1882
12.1078
12.0176
11.9164
11.8042
11.6795
11.5422
11.3914
11.2262
11.0453
10.8486
10.6341
10.4018
10.1493
9.87665
9.58114
9.26281
8.91835
8.54805
8.14741
7.71802
7.25166
6.75547
6.20808
5.64055
4.97878
4.35406
3.47762
2.90093
1.42316
1.45073
12.4081
12.4148
12.443
12.4692
12.4886
12.5036
12.5142
12.5203
12.5218
12.5185
12.5102
12.4964
12.477
12.4516
12.4197
12.381
12.3349
12.281
12.2187
12.1476
12.067
11.9765
11.8751
11.7625
11.6377
11.5001
11.349
11.1836
11.0026
10.8056
10.591
10.3584
10.1058
9.83297
9.53732
9.21883
8.87424
8.50381
8.10302
7.67356
7.2069
6.7109
6.16266
5.59627
4.93167
4.31183
3.42552
2.86809
1.35922
1.45824
12.3763
12.3809
12.4103
12.4356
12.4545
12.4693
12.4797
12.4856
12.4869
12.4834
12.4748
12.4608
12.4411
12.4154
12.3832
12.3442
12.2977
12.2435
12.1809
12.1096
12.0286
11.9378
11.8361
11.7232
11.5981
11.4602
11.3089
11.1432
10.9619
10.7646
10.5498
10.317
10.0642
9.79109
9.49525
9.17654
8.83176
8.46114
8.06013
7.63056
7.16353
6.66769
6.11852
5.55334
4.88573
4.27111
3.37471
2.83737
1.29833
1.46935
12.3474
12.3498
12.3802
12.4048
12.4232
12.4377
12.4479
12.4536
12.4546
12.4508
12.442
12.4277
12.4078
12.3817
12.3492
12.3098
12.2631
12.2085
12.1456
12.0739
11.9926
11.9014
11.7994
11.6862
11.5607
11.4225
11.2709
11.1049
10.9233
10.7258
10.5106
10.2775
10.0245
9.75113
9.45507
9.1361
8.7911
8.42025
8.019
7.58927
7.12184
6.62615
6.076
5.51208
4.8414
4.23223
3.32577
2.80896
1.24103
1.48331
12.3211
12.3211
12.3523
12.3765
12.3945
12.4087
12.4186
12.4241
12.4249
12.4208
12.4117
12.3971
12.3768
12.3505
12.3176
12.2779
12.2308
12.1759
12.1126
12.0405
11.9589
11.8673
11.7649
11.6513
11.5256
11.387
11.235
11.0687
10.8868
10.6889
10.4735
10.2401
9.98676
9.71311
9.41679
9.09754
8.75228
8.38118
7.97964
7.54974
7.08189
6.58633
6.03519
5.47256
4.79882
4.19521
3.27893
2.78277
1.18746
1.49935
12.2972
12.2948
12.3266
12.3503
12.3681
12.3821
12.3917
12.3968
12.3974
12.393
12.3836
12.3687
12.3481
12.3214
12.2883
12.2481
12.2007
12.1454
12.0818
12.0092
11.9273
11.8353
11.7326
11.6186
11.4925
11.3536
11.2012
11.0345
10.8523
10.6541
10.4383
10.2046
9.95097
9.677
9.3804
9.06084
8.71532
8.34394
7.94211
7.51202
7.04373
6.54831
5.99617
5.43487
4.75812
4.16013
3.23438
2.75873
1.13763
1.51688
12.2753
12.2704
12.3026
12.3262
12.3436
12.3574
12.3668
12.3717
12.3719
12.3673
12.3575
12.3423
12.3214
12.2944
12.2609
12.2204
12.1726
12.1169
12.0529
11.98
11.8977
11.8052
11.7022
11.5878
11.4613
11.322
11.1693
11.0022
10.8196
10.6211
10.405
10.1709
9.91696
9.64266
9.34576
9.02588
8.68007
8.30841
7.90628
7.476
7.00727
6.512
5.95888
5.39891
4.71927
4.12686
3.19213
2.73665
1.09146
1.53531
12.2552
12.2478
12.2804
12.3037
12.3209
12.3345
12.3437
12.3483
12.3483
12.3434
12.3333
12.3178
12.2966
12.2692
12.2353
12.1944
12.1463
12.0902
12.0258
11.9525
11.8698
11.7769
11.6736
11.5587
11.4319
11.2922
11.1391
10.9716
10.7887
10.5898
10.3734
10.1389
9.88465
9.61
9.31281
8.9926
8.6465
8.27455
7.87211
7.44164
6.97247
6.47735
5.92329
5.36467
4.68227
4.0954
3.1522
2.71641
1.04877
1.55423
12.2366
12.2268
12.2596
12.2828
12.2998
12.3132
12.3222
12.3266
12.3263
12.3211
12.3107
12.2949
12.2733
12.2456
12.2114
12.1701
12.1216
12.0651
12.0004
11.9266
11.8435
11.7503
11.6465
11.5312
11.4041
11.2639
11.1105
10.9426
10.7593
10.56
10.3432
10.1084
9.85386
9.57886
9.28136
8.96082
8.61443
8.24219
7.83944
7.40879
6.9392
6.44424
5.88927
5.332
4.64701
4.06559
3.1145
2.69779
1.0094
1.57318
12.2194
12.2072
12.2402
12.2632
12.2801
12.2934
12.3021
12.3062
12.3057
12.3002
12.2896
12.2734
12.2515
12.2234
12.1889
12.1472
12.0983
12.0414
11.9763
11.9022
11.8187
11.725
11.6209
11.5052
11.3777
11.2371
11.0833
10.915
10.7313
10.5316
10.3146
10.0794
9.82448
9.54913
9.25133
8.93047
8.58378
8.21126
7.80821
7.37738
6.90739
6.4126
5.85679
5.30086
4.61343
4.03738
3.07895
2.68067
0.973138
1.59189
12.2034
12.1889
12.222
12.2449
12.2616
12.2747
12.2832
12.2871
12.2864
12.2806
12.2697
12.2532
12.231
12.2026
12.1676
12.1256
12.0764
12.0191
11.9536
11.879
11.7952
11.7011
11.5966
11.4804
11.3525
11.2116
11.0573
10.8887
10.7046
10.5046
10.2871
10.0516
9.79635
9.52066
9.22255
8.90137
8.55439
8.1816
7.77826
7.34727
6.8769
6.38229
5.8257
5.2711
4.58143
4.0106
3.04543
2.66484
0.939827
1.61006
12.1885
12.1717
12.2049
12.2276
12.2441
12.2571
12.2655
12.2692
12.2682
12.2622
12.251
12.2342
12.2117
12.1828
12.1476
12.1052
12.0556
11.9979
11.932
11.857
11.7728
11.6783
11.5734
11.4568
11.3286
11.1872
11.0325
10.8635
10.6791
10.4787
10.2609
10.025
9.7694
9.49336
9.19495
8.87346
8.5262
8.15315
7.74954
7.3184
6.84768
6.35326
5.79595
5.24267
4.55095
3.98519
3.01385
2.65018
0.909243
1.6275
12.1744
12.1555
12.1888
12.2113
12.2277
12.2405
12.2487
12.2522
12.251
12.2447
12.2332
12.2161
12.1933
12.1641
12.1285
12.0858
12.0358
11.9777
11.9114
11.836
11.7514
11.6565
11.5512
11.4342
11.3056
11.1638
11.0088
10.8393
10.6546
10.4538
10.2356
9.99935
9.74347
9.4671
9.16839
8.84659
8.49907
8.12576
7.72189
7.29062
6.81958
6.32537
5.76742
5.21544
4.52188
3.96101
2.98411
2.63651
0.881266
1.64399
12.1611
12.1403
12.1735
12.1959
12.2121
12.2248
12.2328
12.2361
12.2346
12.2281
12.2164
12.199
12.1758
12.1464
12.1104
12.0673
12.0169
11.9585
11.8918
11.816
11.731
11.6356
11.53
11.4125
11.2835
11.1414
10.9859
10.8161
10.631
10.4298
10.2113
9.97471
9.7185
9.44181
9.1428
8.82071
8.47293
8.09939
7.69527
7.26388
6.79256
6.29857
5.74006
5.18935
4.49415
3.93798
2.95612
2.6237
0.855685
1.65942
12.1485
12.126
12.159
12.1814
12.1973
12.2098
12.2177
12.2208
12.2191
12.2124
12.2003
12.1827
12.1592
12.1294
12.0931
12.0496
11.9989
11.94
11.873
11.7968
11.7114
11.6156
11.5095
11.3917
11.2623
11.1197
10.9639
10.7937
10.6083
10.4067
10.1879
9.95089
9.69437
9.41736
9.11807
8.79569
8.44766
8.0739
7.66957
7.23808
6.76651
6.27275
5.71376
5.16429
4.46768
3.916
2.9298
2.61161
0.832418
1.67361
12.1366
12.1124
12.1453
12.1675
12.1833
12.1956
12.2033
12.2062
12.2043
12.1973
12.185
12.1671
12.1433
12.1132
12.0765
12.0327
11.9816
11.9223
11.8549
11.7783
11.6925
11.5963
11.4898
11.3716
11.2418
11.0989
10.9427
10.7721
10.5863
10.3843
10.1652
9.92786
9.67103
9.3937
9.09414
8.77149
8.42322
8.04925
7.64472
7.21315
6.74137
6.24785
5.68846
5.14021
4.4424
3.89498
2.90504
2.60013
0.811269
1.6865
12.1253
12.0995
12.1323
12.1543
12.1699
12.182
12.1895
12.1923
12.1901
12.1829
12.1704
12.1521
12.128
12.0976
12.0606
12.0164
11.9649
11.9052
11.8375
11.7604
11.6743
11.5776
11.4708
11.3521
11.222
11.0786
10.9221
10.7511
10.5649
10.3626
10.1431
9.9055
9.64836
9.37073
9.0709
8.748
8.39951
8.02535
7.62064
7.189
6.71706
6.22379
5.66409
5.11702
4.41823
3.87485
2.88179
2.58916
0.792186
1.69797
12.1145
12.0873
12.1199
12.1418
12.1571
12.1691
12.1764
12.1789
12.1766
12.1691
12.1563
12.1378
12.1134
12.0826
12.0452
12.0007
11.9488
11.8888
11.8206
11.7432
11.6566
11.5596
11.4524
11.3333
11.2028
11.059
10.9021
10.7308
10.5442
10.3416
10.1217
9.88378
9.62634
9.34842
9.04833
8.72518
8.37648
8.00215
7.59728
7.16559
6.69352
6.20051
5.64058
5.09465
4.39511
3.85552
2.85993
2.57858
0.77498
1.70799
12.1041
12.0757
12.108
12.1298
12.1449
12.1567
12.1638
12.1661
12.1636
12.1558
12.1428
12.124
12.0992
12.0681
12.0304
11.9855
11.9333
11.8729
11.8043
11.7265
11.6395
11.5421
11.4345
11.315
11.1841
11.0399
10.8826
10.7109
10.524
10.321
10.1009
9.86261
9.60487
9.32666
9.02632
8.70295
8.35406
7.97957
7.57456
7.14285
6.67069
6.17796
5.61789
5.07306
4.37298
3.83693
2.83943
2.56835
0.759621
1.71648
12.0942
12.0647
12.0967
12.1184
12.1332
12.1448
12.1517
12.1538
12.1511
12.1431
12.1297
12.1107
12.0856
12.0542
12.0162
11.9709
11.9183
11.8575
11.7885
11.7103
11.6229
11.5251
11.4171
11.2972
11.1659
11.0213
10.8636
10.6916
10.5043
10.301
10.0806
9.84196
9.58393
9.30545
9.00488
8.68128
8.33221
7.95758
7.55246
7.12074
6.64852
6.15607
5.59595
5.05216
4.35177
3.81899
2.82015
2.55832
0.745931
1.72345
12.0847
12.0542
12.0859
12.1074
12.122
12.1334
12.1401
12.142
12.139
12.1308
12.1172
12.0978
12.0725
12.0407
12.0023
11.9567
11.9037
11.8425
11.7732
11.6945
11.6068
11.5085
11.4001
11.2798
11.1481
11.0032
10.8451
10.6727
10.4851
10.2814
10.0607
9.82175
9.56345
9.2847
8.9839
8.6601
8.31086
7.93611
7.53091
7.09919
6.62697
6.1348
5.57471
5.03193
4.33144
3.80169
2.80209
2.54851
0.733903
1.72884
12.0756
12.0443
12.0756
12.097
12.1113
12.1225
12.129
12.1307
12.1274
12.119
12.1051
12.0854
12.0598
12.0277
11.9889
11.9429
11.8896
11.828
11.7583
11.6792
11.591
11.4924
11.3835
11.2629
11.1308
10.9855
10.827
10.6542
10.4663
10.2623
10.0412
9.802
9.54341
9.26441
8.96339
8.63939
8.29001
7.91514
7.50987
7.07817
6.60598
6.1141
5.55413
5.0123
4.31192
3.78491
2.78512
2.53877
0.723363
1.73267
12.0668
12.0349
12.0658
12.087
12.1011
12.112
12.1183
12.1198
12.1163
12.1075
12.0934
12.0734
12.0475
12.015
11.9759
11.9296
11.8758
11.8139
11.7437
11.6642
11.5757
11.4766
11.3673
11.2463
11.1138
10.9681
10.8092
10.6361
10.4478
10.2435
10.0221
9.7826
9.52375
9.2445
8.94327
8.61909
8.26957
7.89462
7.4893
7.05764
6.58552
6.09394
5.53417
4.99325
4.29319
3.76867
2.76924
2.52913
0.71432
1.73491
12.0584
12.026
12.0564
12.0775
12.0913
12.102
12.1081
12.1093
12.1056
12.0966
12.0821
12.0618
12.0356
12.0028
11.9633
11.9166
11.8625
11.8001
11.7295
11.6497
11.5607
11.4612
11.3515
11.23
11.0972
10.9511
10.7919
10.6184
10.4297
10.2251
10.0034
9.76358
9.50447
9.22498
8.92355
8.5992
8.24956
7.87452
7.46918
7.03757
6.56555
6.07427
5.51478
4.9747
4.27516
3.75285
2.75432
2.51946
0.706602
1.73559
12.0503
12.0176
12.0475
12.0685
12.082
12.0924
12.0982
12.0992
12.0952
12.0859
12.0712
12.0506
12.024
11.9909
11.9511
11.904
11.8494
11.7867
11.7157
11.6354
11.546
11.4461
11.336
11.2141
11.0808
10.9343
10.7748
10.6009
10.4119
10.207
9.98496
9.74486
9.4855
9.20578
8.90416
8.57965
8.22991
7.8548
7.44946
7.01793
6.54605
6.05508
5.49595
4.95667
4.25785
3.73748
2.74038
2.50979
0.700232
1.73471
12.0426
12.0097
12.0391
12.0599
12.0731
12.0833
12.0889
12.0896
12.0853
12.0757
12.0607
12.0398
12.0129
11.9794
11.9392
11.8917
11.8368
11.7736
11.7022
11.6215
11.5317
11.4313
11.3209
11.1985
11.0649
10.918
10.758
10.5838
10.3945
10.1892
9.96687
9.72649
9.46687
9.18692
8.88512
8.56047
8.21063
7.83547
7.43014
6.99869
6.52699
6.03632
5.47761
4.93906
4.24115
3.72244
2.72726
2.5
0.695044
1.73228
12.0352
12.0022
12.031
12.0517
12.0646
12.0746
12.0799
12.0803
12.0757
12.0659
12.0506
12.0293
12.0021
11.9682
11.9277
11.8798
11.8244
11.7609
11.689
11.6079
11.5176
11.4169
11.306
11.1832
11.0491
10.9019
10.7415
10.5669
10.3773
10.1717
9.94903
9.70837
9.4485
9.16834
8.86637
8.54158
8.19166
7.81646
7.41117
6.97982
6.50833
6.01797
5.45977
4.92191
4.22508
3.70778
2.71503
2.49015
0.691077
1.72833
12.0282
11.9952
12.0235
12.044
12.0566
12.0663
12.0713
12.0714
12.0666
12.0565
12.0408
12.0193
11.9916
11.9574
11.9165
11.8682
11.8125
11.7485
11.6762
11.5946
11.5039
11.4027
11.2914
11.1682
11.0338
10.8861
10.7254
10.5504
10.3604
10.1544
9.9315
9.69055
9.43045
9.15008
8.84794
8.52301
8.17301
7.79779
7.39255
6.9613
6.49005
5.99999
5.44236
4.90512
4.20955
3.69338
2.70352
2.48011
0.688163
1.7229
12.0216
11.9886
12.0163
12.0366
12.049
12.0584
12.0631
12.063
12.0579
12.0474
12.0315
12.0096
11.9816
11.947
11.9056
11.8569
11.8008
11.7363
11.6637
11.5816
11.4905
11.3889
11.2771
11.1535
11.0186
10.8705
10.7094
10.5341
10.3437
10.1374
9.91418
9.67296
9.41262
9.13204
8.82975
8.5047
8.15465
7.77941
7.37425
6.94312
6.47214
5.98239
5.42541
4.88873
4.1946
3.67931
2.69281
2.46996
0.68635
1.71601
12.0153
11.9826
12.0097
12.0298
12.0419
12.0509
12.0554
12.055
12.0496
12.0388
12.0225
12.0002
11.9719
11.9369
11.8952
11.846
11.7895
11.7246
11.6515
11.569
11.4774
11.3753
11.2631
11.1391
11.0037
10.8552
10.6938
10.5181
10.3273
10.1207
9.89715
9.65565
9.39507
9.1143
8.81185
8.48669
8.13658
7.76134
7.35626
6.92525
6.45458
5.96512
5.40883
4.87266
4.18012
3.66544
2.68273
2.45957
0.685471
1.70769
12.0092
11.977
12.0035
12.0234
12.0352
12.0439
12.0481
12.0474
12.0416
12.0305
12.0139
11.9913
11.9625
11.9271
11.885
11.8355
11.7784
11.7131
11.6395
11.5566
11.4645
11.362
11.2493
11.1249
10.9891
10.8402
10.6783
10.5022
10.3112
10.1042
9.88032
9.63854
9.37774
9.09678
8.79418
8.46892
8.11877
7.74353
7.33856
6.90769
6.43735
5.9482
5.39268
4.85696
4.16616
3.65185
2.67336
2.44904
0.685581
1.69798
12.0034
11.972
11.9978
12.0175
12.0289
12.0374
12.0413
12.0402
12.0342
12.0227
12.0057
11.9827
11.9536
11.9178
11.8752
11.8252
11.7678
11.702
11.6279
11.5445
11.452
11.349
11.2359
11.111
10.9748
10.8254
10.6632
10.4867
10.2952
10.0879
9.86376
9.62172
9.36068
9.07953
8.77679
8.45143
8.10125
7.72602
7.32116
6.89044
6.42044
5.93158
5.37687
4.84153
4.15263
3.63841
2.66454
2.43823
0.686516
1.68693
11.9978
11.9674
11.9925
12.012
12.0232
12.0313
12.0349
12.0335
12.0271
12.0153
11.9979
11.9745
11.945
11.9088
11.8658
11.8153
11.7574
11.6911
11.6166
11.5327
11.4397
11.3362
11.2227
11.0973
10.9607
10.8109
10.6482
10.4713
10.2795
10.0718
9.8474
9.60508
9.34382
9.06249
8.75962
8.43417
8.08396
7.70875
7.30403
6.87346
6.40385
5.91527
5.36144
4.82644
4.13956
3.62522
2.65636
2.42725
0.68834
1.67456
11.9925
11.9634
11.9878
12.007
12.0179
12.0257
12.0289
12.0272
12.0205
12.0083
11.9906
11.9668
11.9368
11.9002
11.8567
11.8058
11.7474
11.6807
11.6056
11.5213
11.4278
11.3238
11.2098
11.0839
10.9469
10.7966
10.6335
10.4563
10.2641
10.0561
9.83132
9.58872
9.32724
9.04572
8.74272
8.41718
8.06696
7.69177
7.28719
6.85677
6.38756
5.89926
5.34634
4.81161
4.12688
3.61215
2.64865
2.41598
0.690894
1.66092
11.9874
11.9599
11.9836
12.0025
12.0131
12.0206
12.0235
12.0214
12.0143
12.0018
11.9836
11.9594
11.929
11.8919
11.848
11.7966
11.7377
11.6705
11.595
11.5101
11.4161
11.3117
11.1971
11.0708
10.9333
10.7826
10.6191
10.4414
10.2488
10.0405
9.81542
9.57255
9.31085
9.02915
8.72602
8.40041
8.05018
7.67503
7.2706
6.84035
6.37157
5.88354
5.3316
4.79708
4.11463
3.5993
2.64152
2.40453
0.694246
1.64605
11.9826
11.957
11.9799
11.9985
12.0088
12.0159
12.0185
12.0161
12.0086
11.9957
11.9771
11.9525
11.9217
11.8841
11.8397
11.7879
11.7285
11.6607
11.5847
11.4993
11.4048
11.2999
11.1848
11.058
10.92
10.7689
10.6049
10.4268
10.2339
10.0251
9.7998
9.55666
9.29473
9.01285
8.70961
8.38391
8.03368
7.65857
7.2543
6.82422
6.35587
5.8681
5.31715
4.78278
4.10272
3.58655
2.63481
2.39278
0.698245
1.62999
11.9782
11.9546
11.9768
11.9951
12.0051
12.0118
12.0141
12.0113
12.0034
11.9901
11.9711
11.946
11.9147
11.8767
11.8318
11.7795
11.7195
11.6513
11.5747
11.4888
11.3938
11.2883
11.1727
11.0454
10.9069
10.7553
10.5909
10.4124
10.2191
10.01
9.78437
9.54096
9.27881
8.99676
8.69339
8.36763
8.0174
7.64234
7.23825
6.80834
6.34045
5.85295
5.30305
4.76878
4.09121
3.57399
2.62861
2.38084
0.70296
1.61278
11.9741
11.9529
11.9743
11.9922
12.0019
12.0083
12.0102
12.007
11.9987
11.985
11.9656
11.94
11.9083
11.8698
11.8244
11.7715
11.711
11.6422
11.5651
11.4787
11.3831
11.2771
11.161
11.0332
10.8942
10.7421
10.5773
10.3983
10.2047
9.99519
9.76924
9.52554
9.26317
8.98095
8.67746
8.35163
8.00141
7.6264
7.22249
6.79275
6.32533
5.83807
5.28924
4.75501
4.08001
3.56152
2.62278
2.3686
0.708252
1.59445
11.9704
11.9517
11.9723
11.9899
11.9993
12.0053
12.0068
12.0032
11.9945
11.9804
11.9605
11.9345
11.9022
11.8632
11.8173
11.7639
11.7029
11.6335
11.5558
11.4688
11.3727
11.2662
11.1495
11.0212
10.8817
10.7291
10.5638
10.3844
10.1904
9.98055
9.7543
9.51032
9.24773
8.96534
8.66174
8.33585
7.98565
7.61069
7.20697
6.77742
6.31048
5.82347
5.27575
4.74151
4.06919
3.54923
2.61743
2.35618
0.714188
1.57506
11.9672
11.9511
11.971
11.9881
11.9973
12.0029
12.004
12.0001
11.9909
11.9763
11.956
11.9295
11.8967
11.8572
11.8107
11.7567
11.6952
11.6252
11.547
11.4594
11.3627
11.2556
11.1384
11.0095
10.8695
10.7164
10.5507
10.3708
10.1764
9.96621
9.73966
9.4954
9.23259
8.95003
8.64632
8.32036
7.97018
7.59528
7.19175
6.76237
6.29593
5.80914
5.26255
4.72824
4.05867
3.53702
2.6124
2.34347
0.720639
1.55464
11.9643
11.9511
11.9703
11.987
11.9959
12.0011
12.0018
11.9974
11.9879
11.9728
11.9519
11.925
11.8917
11.8516
11.8045
11.75
11.6878
11.6173
11.5385
11.4503
11.353
11.2453
11.1276
10.9981
10.8576
10.704
10.5378
10.3575
10.1627
9.95209
9.72523
9.48069
9.21766
8.93493
8.63111
8.3051
7.95493
7.58011
7.17678
6.74759
6.28166
5.7951
5.24967
4.71524
4.0485
3.52498
2.60779
2.33058
0.727671
1.53322
11.962
11.9518
11.9703
11.9865
11.9951
11.9999
12.0002
11.9954
11.9854
11.9698
11.9485
11.921
11.8871
11.8465
11.7989
11.7437
11.681
11.6098
11.5304
11.4416
11.3437
11.2354
11.1171
10.9871
10.846
10.6919
10.5252
10.3445
10.1493
9.93828
9.71112
9.46628
9.20304
8.92014
8.61621
8.29014
7.94
7.56524
7.16212
6.73311
6.26769
5.78133
5.23708
4.70247
4.03862
3.51304
2.60349
2.31742
0.735171
1.51085
11.9602
11.9531
11.971
11.9867
11.995
11.9994
11.9993
11.994
11.9835
11.9675
11.9456
11.9176
11.8831
11.8419
11.7937
11.7379
11.6745
11.6028
11.5227
11.4333
11.3347
11.2258
11.1069
10.9763
10.8347
10.6801
10.5129
10.3317
10.1361
9.92469
9.69723
9.4521
9.18863
8.90557
8.60154
8.27542
7.92531
7.55062
7.14772
6.71889
6.25399
5.76785
5.22479
4.68996
4.02907
3.50126
2.59958
2.3041
0.743199
1.48756
11.9589
11.9551
11.9724
11.9875
11.9955
11.9996
11.999
11.9933
11.9823
11.9657
11.9433
11.9147
11.8797
11.8378
11.789
11.7326
11.6686
11.5962
11.5154
11.4254
11.3262
11.2166
11.0971
10.9659
10.8237
10.6686
10.5009
10.3192
10.1232
9.91143
9.68368
9.43825
9.17456
8.89133
8.58719
8.26102
7.91095
7.53632
7.13363
6.70499
6.24062
5.75466
5.21281
4.67771
4.0198
3.48958
2.59595
2.29052
0.751657
1.46337
11.9583
11.9578
11.9746
11.9891
11.9968
12.0004
11.9994
11.9932
11.9817
11.9646
11.9416
11.9124
11.8768
11.8343
11.7848
11.7278
11.663
11.59
11.5085
11.4178
11.318
11.2078
11.0876
10.9558
10.813
10.6573
10.4892
10.307
10.1106
9.89841
9.67036
9.42462
9.16072
8.87733
8.57308
8.24687
7.89683
7.52228
7.11981
6.69135
6.22752
5.74175
5.20112
4.66571
4.01086
3.47806
2.59268
2.2768
0.760605
1.43832
11.9583
11.9612
11.9775
11.9914
11.9988
12.002
12.0005
11.9938
11.9818
11.9642
11.9406
11.9108
11.8745
11.8314
11.7812
11.7234
11.658
11.5842
11.5021
11.4107
11.3102
11.1993
11.0785
10.9461
10.8027
10.6465
10.4779
10.2951
10.0984
9.88575
9.6574
9.41135
9.14723
8.86367
8.55933
8.23306
7.88306
7.50858
7.10634
6.67806
6.21477
5.72916
5.18976
4.65397
4.0022
3.46667
2.58969
2.26285
0.769966
1.41243
11.959
11.9654
11.9813
11.9944
12.0015
12.0043
12.0024
11.9952
11.9826
11.9644
11.9402
11.9098
11.8728
11.829
11.7781
11.7196
11.6535
11.579
11.4961
11.404
11.3028
11.1912
11.0697
10.9367
10.7927
10.6359
10.4668
10.2836
10.0864
9.87334
9.64468
9.39833
9.13398
8.85026
8.54582
8.21951
7.86954
7.49515
7.09313
6.66504
6.20229
5.71685
5.17869
4.64251
3.99385
3.45545
2.58702
2.24879
0.779743
1.38577
11.9606
11.9703
11.9859
11.9983
12.0051
12.0074
12.005
11.9973
11.9842
11.9653
11.9405
11.9094
11.8718
11.8272
11.7756
11.7164
11.6495
11.5742
11.4906
11.3978
11.2958
11.1836
11.0614
10.9277
10.7831
10.6257
10.4561
10.2724
10.0747
9.8613
9.63233
9.38566
9.12109
8.83721
8.53267
8.20632
7.85639
7.48207
7.08028
6.65237
6.19015
5.70486
5.16794
4.63131
3.98577
3.44437
2.58456
2.23458
0.789795
1.35847
11.9629
11.976
11.9913
12.003
12.0094
12.0114
12.0084
12.0001
11.9864
11.967
11.9415
11.9097
11.8713
11.826
11.7736
11.7136
11.6459
11.5699
11.4855
11.3919
11.2892
11.1762
11.0533
10.9191
10.7738
10.6158
10.4457
10.2614
10.0634
9.8495
9.62021
9.37324
9.10843
8.8244
8.51976
8.19336
7.84347
7.46924
7.06768
6.63995
6.17828
5.69313
5.15746
4.62034
3.97797
3.43341
2.58243
2.22015
0.800372
1.33023
11.966
11.9825
11.9976
12.0085
12.0146
12.016
12.0125
12.0037
11.9894
11.9693
11.9431
11.9106
11.8715
11.8254
11.7722
11.7114
11.6429
11.5661
11.4809
11.3865
11.283
11.1694
11.0458
10.9108
10.7649
10.6064
10.4357
10.2509
10.0524
9.83816
9.60855
9.36127
9.09624
8.81205
8.50731
8.18088
7.83103
7.45688
7.05555
6.62799
6.16688
5.68182
5.14744
4.60968
3.97068
3.42244
2.5811
2.2048
0.812873
1.29933
11.9705
11.9903
12.0054
12.0155
12.0212
12.0222
12.0181
12.0086
11.9936
11.9728
11.9458
11.9125
11.8725
11.8256
11.7715
11.7098
11.6404
11.5627
11.4766
11.3814
11.277
11.1626
11.0381
10.9025
10.7558
10.5967
10.4253
10.24
10.041
9.82635
9.59636
9.34876
9.08349
8.79913
8.49429
8.16781
7.81802
7.44396
7.0429
6.61552
6.15505
5.67006
5.13718
4.59853
3.96356
3.41056
2.58105
2.18681
0.829772
1.26158
11.9769
12
12.0153
12.0245
12.0296
12.0301
12.0253
12.0152
11.9994
11.9777
11.9499
11.9156
11.8747
11.8268
11.7717
11.709
11.6385
11.5598
11.4727
11.3766
11.2712
11.1559
11.0306
10.8942
10.7467
10.5869
10.4149
10.229
10.0295
9.8143
9.58391
9.33597
9.07043
8.7859
8.48095
8.15444
7.80471
7.43075
7.02998
6.60283
6.14299
5.65815
5.12674
4.58738
3.95621
3.39896
2.58043
2.16977
0.844998
1.22528
11.9849
12.0109
12.0266
12.0348
12.0393
12.0393
12.0339
12.023
12.0064
11.9838
11.955
11.9198
11.8778
11.8289
11.7727
11.709
11.6375
11.5578
11.4696
11.3725
11.2662
11.1499
11.0237
10.8864
10.7382
10.5777
10.405
10.2185
10.0184
9.80277
9.57198
9.3237
9.0579
8.7732
8.46815
8.14161
7.79193
7.4181
7.01761
6.59069
6.13148
5.64682
5.11677
4.57686
3.94913
3.38818
2.57947
2.1542
0.858233
1.19176
11.9946
12.0232
12.0393
12.0465
12.0504
12.0499
12.0437
12.032
12.0146
11.9911
11.9613
11.9251
11.882
11.832
11.7747
11.7099
11.6373
11.5564
11.4672
11.369
11.2617
11.1445
11.0174
10.8793
10.7303
10.569
10.3956
10.2085
10.0079
9.79179
9.56061
9.31198
9.04593
8.76106
8.45592
8.12935
7.77975
7.40604
7.00584
6.57916
6.12054
5.63609
5.10734
4.56692
3.94244
3.37796
2.57855
2.13927
0.870825
1.15911
12.0061
12.0369
12.0535
12.0598
12.0631
12.0619
12.055
12.0425
12.0241
11.9996
11.9688
11.9314
11.8873
11.8361
11.7777
11.7117
11.6379
11.5559
11.4656
11.3663
11.2579
11.1398
11.0117
10.8727
10.7228
10.5608
10.3867
10.199
9.99786
9.78128
9.5497
9.30073
9.03442
8.74939
8.44417
8.11757
7.76804
7.39447
6.99455
6.56813
6.1101
5.62588
5.09837
4.55749
3.9361
3.36825
2.57775
2.12486
0.882997
1.12704
12.0195
12.0521
12.0691
12.0746
12.0772
12.0754
12.0678
12.0543
12.035
12.0094
11.9775
11.939
11.8936
11.8412
11.7816
11.7143
11.6393
11.5562
11.4647
11.3643
11.2548
11.1356
11.0066
10.8667
10.716
10.5532
10.3785
10.1901
9.9884
9.77133
9.53936
9.29005
9.02349
8.73832
8.433
8.1064
7.75693
7.3835
6.98388
6.55771
6.10026
5.61627
5.08995
4.54866
3.9302
3.35911
2.57708
2.11104
0.894744
1.09568
12.035
12.0689
12.0864
12.0911
12.0929
12.0904
12.082
12.0676
12.0472
12.0205
11.9874
11.9477
11.9011
11.8474
11.7864
11.7179
11.6416
11.5572
11.4645
11.363
11.2524
11.1321
11.0021
10.8613
10.7097
10.5461
10.3707
10.1817
9.97943
9.76187
9.52949
9.27985
9.01304
8.72772
8.42232
8.09571
7.74632
7.37304
6.9737
6.5478
6.09092
5.60718
5.08201
4.54034
3.92466
3.35049
2.5765
2.09779
0.906037
1.06506
12.0526
12.0874
12.1053
12.1092
12.1102
12.1071
12.0978
12.0823
12.0608
12.0329
11.9986
11.9575
11.9096
11.8545
11.7922
11.7223
11.6447
11.559
11.4651
11.3623
11.2506
11.1293
10.9982
10.8565
10.7041
10.5397
10.3635
10.1739
9.97102
9.75297
9.5202
9.27022
9.00316
8.7177
8.41224
8.08562
7.73631
7.36319
6.96415
6.53852
6.08218
5.59872
5.07463
4.53263
3.91956
3.34246
2.57609
2.08517
0.916931
1.03525
12.0726
12.1077
12.1259
12.1292
12.1293
12.1253
12.1151
12.0985
12.0758
12.0467
12.0111
11.9686
11.9193
11.8628
11.799
11.7277
11.6487
11.5617
11.4664
11.3624
11.2495
11.127
10.9949
10.8522
10.6989
10.5337
10.3568
10.1665
9.96309
9.74455
9.51138
9.26106
8.99375
8.70817
8.40263
8.07601
7.72679
7.35384
6.95509
6.52973
6.07394
5.59076
5.06772
4.52542
3.91483
3.33495
2.57578
2.07312
0.9274
1.00621
12.095
12.1299
12.1483
12.1509
12.1501
12.1452
12.134
12.1163
12.0923
12.0619
12.0248
11.9809
11.93
11.872
11.8068
11.734
11.6535
11.5651
11.4685
11.3632
11.249
11.1254
10.9922
10.8486
10.6943
10.5283
10.3506
10.1597
9.95571
9.73669
9.50312
9.25246
8.98492
8.6992
8.3936
8.06699
7.71787
7.3451
6.94664
6.52156
6.0663
5.58341
5.06136
4.51882
3.91055
3.32804
2.57566
2.06171
0.937484
0.978013
12.12
12.1542
12.1724
12.1744
12.1727
12.1669
12.1546
12.1356
12.1103
12.0785
12.0399
11.9944
11.942
11.8824
11.8155
11.7412
11.6592
11.5693
11.4713
11.3646
11.2492
11.1244
10.9902
10.8454
10.6903
10.5234
10.345
10.1534
9.94879
9.72929
9.49532
9.24432
8.97653
8.69069
8.38504
8.05843
7.70942
7.33683
6.93867
6.51387
6.05913
5.57654
5.05545
4.51269
3.90662
3.32162
2.57564
2.05088
0.947142
0.950645
12.1477
12.1804
12.1981
12.1998
12.1971
12.1903
12.1768
12.1566
12.1298
12.0964
12.0562
12.0091
11.955
11.8937
11.8252
11.7493
11.6657
11.5743
11.4748
11.3668
11.2501
11.1241
10.9887
10.8429
10.6867
10.519
10.3399
10.1476
9.9424
9.72243
9.48805
9.23672
8.9687
8.68272
8.37702
8.05045
7.70157
7.32916
6.93129
6.50679
6.05255
5.57026
5.05008
4.50716
3.90317
3.31582
2.57582
2.04073
0.956428
0.924163
12.1781
12.2088
12.2258
12.2271
12.2235
12.2155
12.2008
12.1792
12.1508
12.1158
12.0739
12.025
11.9691
11.9061
11.8359
11.7582
11.673
11.58
11.479
11.3695
11.2515
11.1243
10.9877
10.8409
10.6837
10.5152
10.3353
10.1423
9.93649
9.71606
9.48122
9.22956
8.96131
8.67517
8.36943
8.04291
7.69418
7.32196
6.92435
6.50017
6.04642
5.56442
5.04512
4.50209
3.90007
3.31051
2.57612
2.03116
0.96534
0.898596
12.211
12.2393
12.2553
12.2562
12.2517
12.2425
12.2265
12.2033
12.1733
12.1366
12.0928
12.0421
11.9843
11.9195
11.8474
11.768
11.6811
11.5864
11.4838
11.3729
11.2535
11.125
10.9873
10.8393
10.6812
10.5118
10.331
10.1374
9.93111
9.71022
9.47491
9.22293
8.95446
8.66815
8.36237
8.03593
7.68739
7.31535
6.918
6.49415
6.04086
5.55914
5.04068
4.4976
3.89745
3.30582
2.57667
2.02228
0.973967
0.87403
12.2464
12.2721
12.2868
12.2874
12.282
12.2714
12.2539
12.2291
12.1974
12.1587
12.1131
12.0604
12.0006
11.9338
11.8598
11.7785
11.6899
11.5935
11.4893
11.3769
11.2561
11.1262
10.9873
10.8383
10.6792
10.5088
10.3272
10.1329
9.92614
9.70476
9.46901
9.21671
8.94805
8.66155
8.35573
8.02936
7.68105
7.30923
6.91214
6.48864
6.03579
5.55432
5.03664
4.49355
3.89519
3.30165
2.57738
2.01402
0.982269
0.85054
12.2841
12.3072
12.3202
12.3204
12.3141
12.3021
12.2829
12.2564
12.2228
12.1822
12.1345
12.0797
12.0179
11.949
11.8731
11.7898
11.6993
11.6012
11.4953
11.3813
11.2591
11.1279
10.9877
10.8376
10.6774
10.5062
10.3238
10.1288
9.9215
9.69966
9.46351
9.21091
8.94206
8.65543
8.34957
8.02327
7.67518
7.30364
6.90687
6.48374
6.03137
5.55016
5.0332
4.49011
3.89341
3.29811
2.57839
2.00651
0.990293
0.828228
12.3242
12.3446
12.3559
12.3555
12.3482
12.3346
12.3137
12.2853
12.2497
12.2069
12.1571
12.1001
12.0362
11.9652
11.8871
11.8019
11.7094
11.6095
11.5019
11.3863
11.2626
11.13
10.9885
10.8373
10.6761
10.5039
10.3208
10.1251
9.91715
9.69484
9.4583
9.20541
8.93638
8.64966
8.34379
8.01755
7.66964
7.29839
6.90198
6.47924
6.0274
5.54653
5.03029
4.48721
3.89202
3.29512
2.57964
1.99972
0.997997
0.807208
12.3666
12.3845
12.3937
12.3927
12.3842
12.369
12.3462
12.3158
12.278
12.233
12.1808
12.1216
12.0553
11.9821
11.9019
11.8146
11.7202
11.6183
11.509
11.3918
11.2665
11.1325
10.9898
10.8374
10.6751
10.5021
10.3181
10.1217
9.91318
9.69039
9.45348
9.2003
8.9311
8.64433
8.33848
8.01232
7.66461
7.29366
6.89763
6.4753
6.02401
5.54357
5.02807
4.48506
3.89128
3.29288
2.5813
1.99381
1.0055
0.787624
12.4112
12.4268
12.4339
12.4319
12.4223
12.4053
12.3805
12.3479
12.3078
12.2604
12.2059
12.1442
12.0755
12
11.9175
11.8281
11.7316
11.6278
11.5167
11.3977
11.2709
11.1355
10.9914
10.8379
10.6746
10.5006
10.3158
10.1188
9.90961
9.68633
9.44905
9.1956
8.92624
8.63943
8.33362
8.00759
7.66007
7.28942
6.8938
6.4719
6.02117
5.5412
5.02646
4.48358
3.89112
3.29133
2.58331
1.98876
1.01273
0.769633
12.458
12.4716
12.4764
12.4733
12.4624
12.4436
12.4166
12.3816
12.3391
12.2892
12.2321
12.1679
12.0967
12.0188
11.9339
11.8423
11.7437
11.6379
11.5249
11.4043
11.2758
11.139
10.9936
10.8389
10.6745
10.4996
10.314
10.1163
9.90657
9.68285
9.4452
9.19149
8.92198
8.63516
8.32943
8.00355
7.65625
7.28593
6.89074
6.46929
6.01912
5.53966
5.02569
4.48297
3.89174
3.29067
2.58584
1.9847
1.01969
0.753372
12.5071
12.5189
12.5213
12.5169
12.5047
12.4838
12.4545
12.4171
12.372
12.3194
12.2596
12.1928
12.119
12.0385
11.9513
11.8573
11.7566
11.6488
11.5339
11.4115
11.2815
11.1432
10.9965
10.8405
10.6751
10.4992
10.3129
10.1145
9.90414
9.67997
9.44196
9.188
8.91836
8.63153
8.32588
8.00016
7.6531
7.2831
6.88833
6.46733
6.01772
5.53875
5.02551
4.48298
3.89286
3.29063
2.58858
1.98141
1.02605
0.738924
12.5588
12.5688
12.5686
12.5626
12.5489
12.526
12.4941
12.4541
12.4063
12.351
12.2883
12.2187
12.1423
12.0592
11.9695
11.8732
11.7702
11.6604
11.5436
11.4195
11.2878
11.148
10.9999
10.8428
10.6763
10.4995
10.3123
10.1133
9.90234
9.67773
9.43936
9.18517
8.91538
8.62854
8.32297
7.99741
7.65058
7.2809
6.88655
6.46598
6.0169
5.53841
5.02586
4.48355
3.89441
3.29115
2.59145
1.97887
1.03163
0.726316
12.6134
12.6215
12.6182
12.6104
12.5953
12.5702
12.5356
12.4927
12.442
12.3838
12.3183
12.2457
12.1666
12.0808
11.9886
11.8898
11.7846
11.6727
11.5539
11.428
11.2946
11.1534
11.004
10.8456
10.678
10.5003
10.3123
10.1125
9.90102
9.67596
9.4372
9.18276
8.91282
8.62593
8.32041
7.99499
7.64837
7.27897
6.88499
6.46483
6.01624
5.53821
5.02628
4.4842
3.89589
3.29177
2.59394
1.97671
1.03592
0.71554
12.6711
12.677
12.6702
12.6605
12.6438
12.6163
12.5788
12.5328
12.4791
12.4178
12.3492
12.2737
12.1916
12.1031
12.0083
11.9071
11.7996
11.6855
11.5648
11.437
11.302
11.1592
11.0084
10.8488
10.6802
10.5015
10.3127
10.1122
9.90006
9.67453
9.43536
9.18066
8.91054
8.62357
8.31806
7.99274
7.64629
7.27713
6.88348
6.4637
6.01555
5.53795
5.02658
4.48475
3.89712
3.29236
2.59588
1.97488
1.03866
0.706542
12.7323
12.7355
12.7245
12.7127
12.6945
12.6645
12.6237
12.5744
12.5175
12.453
12.3812
12.3025
12.2175
12.1261
12.0286
11.9249
11.8151
11.6988
11.5761
11.4465
11.3098
11.1654
11.0133
10.8524
10.6826
10.5029
10.3133
10.1121
9.89927
9.67323
9.43361
9.17861
8.90826
8.62115
8.31561
7.99033
7.64401
7.27505
6.88169
6.46224
6.01449
5.5373
5.02642
4.48489
3.89779
3.29262
2.59696
1.97316
1.03953
0.699338
12.7973
12.7969
12.7809
12.767
12.7472
12.7144
12.6701
12.6174
12.5571
12.4891
12.4139
12.332
12.2439
12.1496
12.0494
11.9431
11.8309
11.7124
11.5877
11.4562
11.3178
11.1719
11.0183
10.8562
10.6853
10.5046
10.314
10.1121
9.89855
9.67198
9.43188
9.17657
8.90596
8.61869
8.31308
7.98783
7.64161
7.27284
6.87972
6.46059
6.01321
5.53643
5.02599
4.48479
3.89809
3.29272
2.59739
1.97171
1.03862
0.693977
12.8663
12.8611
12.8392
12.8234
12.802
12.7661
12.7179
12.6615
12.5976
12.526
12.4473
12.362
12.2707
12.1735
12.0704
11.9616
11.8469
11.7262
11.5994
11.466
11.3259
11.1784
11.0234
10.86
10.688
10.5063
10.3148
10.1121
9.8979
9.67079
9.43021
9.17458
8.90372
8.61626
8.31058
7.98534
7.63921
7.27061
6.87773
6.4589
6.01186
5.53546
5.02542
4.48458
3.89815
3.29278
2.59731
1.97061
1.03612
0.690622
12.9394
12.9279
12.8991
12.8815
12.8585
12.8191
12.7668
12.7064
12.6387
12.5633
12.4809
12.3922
12.2977
12.1974
12.0915
11.98
11.8629
11.74
11.6111
11.4759
11.334
11.185
11.0286
10.864
10.6908
10.5081
10.3158
10.1123
9.89744
9.66982
9.4288
9.17287
8.90177
8.61414
8.3084
7.98319
7.63715
7.26872
6.87607
6.45753
6.01083
5.53481
5.02513
4.48465
3.89839
3.29319
2.59712
1.97013
1.03254
0.689386
13.0163
12.9969
12.9605
12.9413
12.9165
12.8731
12.8163
12.7518
12.6801
12.6008
12.5146
12.4223
12.3244
12.221
12.1123
11.9982
11.8787
11.7536
11.6227
11.4856
11.3421
11.1915
11.0338
10.868
10.6937
10.5101
10.3169
10.1128
9.89731
9.6692
9.42777
9.17157
8.90027
8.61249
8.3067
7.98153
7.6356
7.26734
6.87492
6.45667
6.01029
5.53465
5.02528
4.48519
3.89898
3.29414
2.59703
1.9706
1.02832
0.690409
13.0964
13.0672
13.0229
13.0024
12.9755
12.9275
12.8659
12.7972
12.7212
12.6378
12.5478
12.4519
12.3507
12.2443
12.1327
12.016
11.8941
11.7669
11.634
11.4952
11.3501
11.1981
11.0391
10.8721
10.6968
10.5124
10.3184
10.1136
9.89762
9.66908
9.42729
9.17087
8.89939
8.61148
8.30568
7.98057
7.63478
7.26669
6.87451
6.45656
6.0105
5.53524
5.02615
4.48649
3.90025
3.29599
2.59738
1.97258
1.02355
0.693876
13.1757
13.1355
13.0835
13.062
13.0324
12.9795
12.9133
12.8402
12.7602
12.6727
12.5789
12.4796
12.3753
12.2659
12.1517
12.0326
11.9086
11.7794
11.6447
11.5043
11.3577
11.2044
11.0443
10.8763
10.7001
10.5149
10.3203
10.1149
9.89841
9.66949
9.4274
9.17078
8.89916
8.61116
8.30539
7.98038
7.63471
7.2668
6.87487
6.45722
6.01149
5.53661
5.0278
4.48862
3.90224
3.29881
2.59826
1.97614
1.01815
0.699792
13.2507
13.1994
13.1409
13.1185
13.0856
13.0277
12.9569
12.8799
12.7958
12.7045
12.6072
12.5048
12.3975
12.2856
12.169
12.0477
11.9217
11.7908
11.6545
11.5127
11.3648
11.2104
11.0492
10.8804
10.7034
10.5175
10.3224
10.1165
9.89966
9.67043
9.42811
9.1713
8.89958
8.61156
8.30586
7.98098
7.63546
7.26773
6.87605
6.45868
6.01326
5.53877
5.03022
4.49148
3.90491
3.30239
2.59974
1.98057
1.01303
0.706619
13.3223
13.2603
13.1961
13.1726
13.136
13.073
12.9979
12.9168
12.8288
12.7339
12.6334
12.528
12.4181
12.3037
12.1849
12.0617
11.9339
11.8014
11.6637
11.5207
11.3716
11.2162
11.0542
10.8845
10.7069
10.5204
10.3248
10.1185
9.90133
9.67187
9.42937
9.17241
8.90065
8.6126
8.30699
7.98226
7.63689
7.26936
6.87789
6.46078
6.01565
5.54153
5.03318
4.49491
3.90809
3.30653
2.6017
1.98567
1.00845
0.714
13.3901
13.318
13.2492
13.2244
13.1834
13.1153
13.036
12.9512
12.8594
12.7611
12.6575
12.5494
12.437
12.3205
12.1997
12.0747
11.9453
11.8114
11.6724
11.5282
11.3781
11.2219
11.0591
10.8888
10.7106
10.5236
10.3275
10.1209
9.90346
9.6738
9.43118
9.17413
8.90233
8.61424
8.30873
7.98413
7.63891
7.27156
6.8803
6.46346
6.0186
5.54482
5.03667
4.49887
3.91179
3.31124
2.60421
1.99146
1.00458
0.721669
13.4543
13.3727
13.3001
13.2737
13.2279
13.1547
13.0715
12.983
12.8877
12.7861
12.6798
12.5692
12.4545
12.3359
12.2134
12.0868
11.956
11.8207
11.6806
11.5354
11.3845
11.2275
11.064
10.8931
10.7145
10.527
10.3305
10.1236
9.90595
9.67611
9.4334
9.17629
8.90447
8.61635
8.31094
7.98645
7.64139
7.27424
6.8832
6.46663
6.02203
5.54859
5.04064
4.50333
3.91599
3.31649
2.60729
1.99785
1.00155
0.729442
13.5152
13.4247
13.3489
13.3204
13.2695
13.1914
13.1045
13.0124
12.9137
12.8092
12.7002
12.5873
12.4706
12.3502
12.226
12.098
11.9659
11.8296
11.6885
11.5424
11.3907
11.233
11.0689
10.8975
10.7184
10.5306
10.3338
10.1266
9.90877
9.67877
9.436
9.17885
8.90704
8.61892
8.31362
7.98927
7.64438
7.27743
6.88662
6.47032
6.02599
5.55287
5.04512
4.5083
3.92071
3.32225
2.61095
2.00477
0.999411
0.737105
13.5731
13.474
13.3955
13.3648
13.3084
13.2255
13.1351
13.0396
12.9376
12.8304
12.719
12.604
12.4854
12.3634
12.2378
12.1085
11.9753
11.8379
11.696
11.5491
11.3967
11.2384
11.0738
10.9019
10.7225
10.5344
10.3373
10.1299
9.91189
9.68176
9.43896
9.18179
8.91002
8.6219
8.31673
7.99251
7.6478
7.28105
6.89047
6.47444
6.03036
5.55758
5.05002
4.51368
3.92587
3.32842
2.61515
2.01209
0.998212
0.744571
13.6284
13.5208
13.44
13.4066
13.3447
13.2572
13.1634
13.0646
12.9597
12.8499
12.7364
12.6194
12.4992
12.3757
12.2488
12.1184
11.9842
11.8459
11.7031
11.5556
11.4026
11.2438
11.0787
10.9064
10.7267
10.5383
10.341
10.1334
9.91533
9.6851
9.44229
9.1851
8.91339
8.62529
8.32026
7.99618
7.65165
7.28511
6.89476
6.47898
6.03516
5.56269
5.05533
4.51945
3.93143
3.33497
2.61986
2.01974
0.997954
0.751731
13.6818
13.5654
13.4824
13.4462
13.3786
13.2867
13.1896
13.0877
12.98
12.8678
12.7524
12.6337
12.5119
12.3871
12.259
12.1276
11.9925
11.8535
11.71
11.5619
11.4084
11.2491
11.0837
10.911
10.731
10.5424
10.345
10.1372
9.91904
9.68872
9.44592
9.18873
8.9171
8.62902
8.32413
8.00019
7.65585
7.28951
6.89938
6.48385
6.04029
5.56814
5.06097
4.52552
3.93734
3.34181
2.62504
2.02765
0.998661
0.758573
13.7337
13.6079
13.5227
13.4835
13.4101
13.314
13.2139
13.109
12.9987
12.8844
12.7671
12.6469
12.5238
12.3977
12.2687
12.1364
12.0005
11.8607
11.7167
11.568
11.4141
11.2544
11.0886
10.9157
10.7355
10.5467
10.3491
10.1412
9.92301
9.69263
9.44986
9.19267
8.92113
8.63308
8.32835
8.00456
7.6604
7.29426
6.90435
6.48907
6.04575
5.5739
5.06692
4.53189
3.94356
3.34893
2.63067
2.03578
1.0003
0.765036
13.7844
13.6485
13.5611
13.5186
13.4395
13.3394
13.2364
13.1287
13.0159
12.8997
12.7808
12.6591
12.5348
12.4077
12.2778
12.1447
12.0081
11.8678
11.7232
11.5741
11.4198
11.2597
11.0937
10.9205
10.7401
10.5511
10.3534
10.1454
9.9272
9.69677
9.45406
9.19688
8.92544
8.63742
8.33284
8.0092
7.66523
7.29927
6.90959
6.49454
6.05147
5.5799
5.07311
4.53848
3.95007
3.35628
2.6367
2.04407
1.00285
0.771141
13.8341
13.6874
13.5974
13.5516
13.4668
13.363
13.2571
13.1468
13.0318
12.9139
12.7935
12.6706
12.5452
12.4172
12.2864
12.1526
12.0155
11.8746
11.7296
11.58
11.4254
11.2651
11.0988
10.9254
10.7448
10.5557
10.3579
10.1499
9.93164
9.70116
9.45852
9.20136
8.93002
8.64204
8.33762
8.01413
7.67034
7.30456
6.9151
6.50028
6.05744
5.58615
5.07954
4.5453
3.95684
3.36384
2.6431
2.05248
1.00621
0.776856
13.883
13.7247
13.6319
13.5825
13.4923
13.3849
13.2763
13.1635
13.0466
12.9271
12.8054
12.6813
12.555
12.4262
12.2947
12.1603
12.0226
11.8813
11.7359
11.5859
11.431
11.2704
11.1039
10.9304
10.7497
10.5604
10.3626
10.1545
9.93626
9.70576
9.46319
9.20606
8.93483
8.64688
8.34262
8.01929
7.67565
7.31005
6.92081
6.50621
6.06359
5.59256
5.08615
4.55229
3.96381
3.37151
2.64976
2.06093
1.0103
0.782233
13.9314
13.7604
13.6645
13.6115
13.516
13.4053
13.2941
13.179
13.0603
12.9394
12.8165
12.6915
12.5643
12.4348
12.3027
12.1677
12.0296
11.8878
11.7421
11.5919
11.4367
11.2759
11.1092
10.9355
10.7547
10.5653
10.3675
10.1593
9.9411
9.71058
9.46809
9.21098
8.93986
8.65194
8.34785
8.02465
7.68116
7.31574
6.92671
6.51232
6.06992
5.59915
5.09293
4.5594
3.97091
3.37925
2.65665
2.06937
1.01501
0.787268
13.9793
13.7948
13.6953
13.6387
13.5382
13.4242
13.3106
13.1935
13.0732
12.951
12.827
12.7011
12.5732
12.443
12.3104
12.1749
12.0364
11.8943
11.7483
11.5978
11.4424
11.2814
11.1146
10.9407
10.7598
10.5704
10.3725
10.1643
9.94609
9.71556
9.47315
9.21606
8.94506
8.65716
8.35323
8.03017
7.68681
7.32158
6.93274
6.51854
6.07635
5.60581
5.09977
4.56656
3.97809
3.387
2.66368
2.07775
1.02025
0.792017
14.0269
13.8278
13.7242
13.664
13.5589
13.4417
13.3259
13.207
13.0853
12.962
12.8371
12.7104
12.5818
12.451
12.3179
12.1821
12.0432
11.9008
11.7545
11.6037
11.4482
11.287
11.12
10.946
10.7651
10.5755
10.3777
10.1694
9.95125
9.72071
9.47838
9.22131
8.9504
8.66254
8.35876
8.03582
7.69259
7.32753
6.93887
6.52486
6.08285
5.61253
5.10666
4.57373
3.98529
3.39471
2.6708
2.08601
1.02594
0.796475
14.0744
13.8595
13.7513
13.6878
13.5782
13.4581
13.3403
13.2198
13.0968
12.9724
12.8467
12.7193
12.5901
12.4589
12.3253
12.1891
12.0499
11.9072
11.7607
11.6097
11.454
11.2927
11.1256
10.9515
10.7705
10.5808
10.3829
10.1746
9.95651
9.72597
9.48371
9.22666
8.95584
8.668
8.36436
8.04153
7.69844
7.33353
6.94503
6.53118
6.08935
5.61923
5.11351
4.58085
3.99244
3.40232
2.67794
2.0941
1.03197
0.80069
14.1215
13.8901
13.7767
13.71
13.5963
13.4734
13.3538
13.2319
13.1077
12.9825
12.856
12.728
12.5983
12.4666
12.3327
12.1962
12.0567
11.9137
11.767
11.6158
11.4599
11.2984
11.1312
10.957
10.7759
10.5862
10.3883
10.18
9.96187
9.73133
9.48912
9.23209
8.96135
8.67354
8.37002
8.04729
7.70431
7.33953
6.95117
6.53748
6.09581
5.62587
5.12029
4.58788
3.99951
3.40979
2.68504
2.10197
1.03822
0.804663
14.1684
13.9196
13.8005
13.7308
13.6133
13.4879
13.3666
13.2435
13.1183
12.9922
12.8651
12.7366
12.6064
12.4743
12.34
12.2032
12.0634
11.9202
11.7733
11.6219
11.4659
11.3042
11.1369
10.9626
10.7815
10.5917
10.3938
10.1854
9.96726
9.73671
9.49455
9.23753
8.96686
8.67906
8.37564
8.053
7.71013
7.34547
6.95724
6.54369
6.10215
5.63237
5.12693
4.59474
4.00642
3.41705
2.692
2.10958
1.0446
0.808438
14.2149
13.9481
13.8226
13.7503
13.6294
13.5016
13.3789
13.2546
13.1285
13.0018
12.874
12.745
12.6144
12.482
12.3474
12.2102
12.0702
11.9268
11.7796
11.6281
11.4719
11.3101
11.1427
10.9682
10.787
10.5972
10.3992
10.1908
9.97265
9.74207
9.49996
9.24294
8.97233
8.68453
8.38119
8.05864
7.71586
7.35131
6.96318
6.54976
6.10835
5.63871
5.13339
4.6014
4.01312
3.42405
2.69878
2.11687
1.051
0.812031
14.2608
13.9757
13.8433
13.7686
13.6447
13.5148
13.3909
13.2656
13.1387
13.0112
12.883
12.7535
12.6225
12.4897
12.3547
12.2173
12.077
11.9333
11.786
11.6342
11.4779
11.3159
11.1484
10.9738
10.7925
10.6026
10.4046
10.1961
9.97795
9.74735
9.50526
9.24824
8.97767
8.68988
8.3866
8.06413
7.72143
7.35697
6.96893
6.55563
6.11432
5.64481
5.1396
4.60779
4.01955
3.43075
2.70531
2.12381
1.05734
0.815483
14.306
14.0025
13.8626
13.7858
13.6595
13.5277
13.4026
13.2764
13.1487
13.0206
12.8918
12.7619
12.6305
12.4973
12.362
12.2243
12.0837
11.9398
11.7923
11.6403
11.4838
11.3217
11.154
10.9793
10.7979
10.6079
10.4098
10.2013
9.98312
9.75249
9.51042
9.25338
8.98284
8.69506
8.39183
8.06941
7.72679
7.36241
6.97444
6.56125
6.12003
5.65064
5.14551
4.61386
4.02568
3.4371
2.71155
2.13039
1.06354
0.818816
14.3502
14.0287
13.8808
13.8023
13.674
13.5405
13.4141
13.2871
13.1587
13.03
12.9007
12.7703
12.6384
12.5049
12.3693
12.2312
12.0904
11.9462
11.7984
11.6463
11.4896
11.3273
11.1594
10.9846
10.8031
10.613
10.4149
10.2062
9.98806
9.7574
9.51534
9.25829
8.98777
8.69998
8.39679
8.07443
7.73187
7.36757
6.97966
6.56655
6.12542
5.65613
5.1511
4.61959
4.03145
3.44308
2.71746
2.13658
1.06954
0.822073
14.3929
14.0545
13.898
13.8182
13.6885
13.5531
13.4256
13.2978
13.1686
13.0393
12.9094
12.7785
12.6462
12.5123
12.3763
12.2379
12.0968
11.9523
11.8043
11.6519
11.495
11.3326
11.1646
10.9897
10.808
10.6178
10.4196
10.2109
9.99272
9.76203
9.51998
9.2629
8.99241
8.70462
8.40145
8.07914
7.73663
7.3724
6.98456
6.57153
6.13048
5.66128
5.15633
4.62495
4.03687
3.44867
2.72302
2.1424
1.07526
0.825302
14.4339
14.0801
13.9146
13.8339
13.7031
13.5658
13.4371
13.3084
13.1784
13.0484
12.9179
12.7865
12.6537
12.5194
12.383
12.2443
12.1028
11.9581
11.8098
11.6572
11.5002
11.3375
11.1694
10.9943
10.8126
10.6223
10.424
10.2153
9.99701
9.7663
9.52425
9.26716
8.99668
8.70889
8.40576
8.0835
7.74104
7.37687
6.98909
6.57613
6.13516
5.66605
5.16118
4.62991
4.0419
3.45386
2.72822
2.14784
1.08068
0.82856
14.4726
14.1062
13.9313
13.8497
13.7178
13.5784
13.4483
13.3187
13.1878
13.0571
12.926
12.794
12.6607
12.5259
12.3892
12.2501
12.1083
11.9633
11.8148
11.662
11.5048
11.3419
11.1737
10.9985
10.8167
10.6263
10.428
10.2192
10.0009
9.77015
9.52811
9.27102
9.00056
8.71278
8.40968
8.08747
7.74506
7.38096
6.99323
6.58035
6.13945
5.67043
5.16564
4.63448
4.04655
3.45864
2.73305
2.1529
1.08575
0.831913
14.5093
14.1339
13.9484
13.8654
13.7321
13.5904
13.4588
13.3282
13.1964
13.0648
12.9331
12.8005
12.6668
12.5316
12.3945
12.2551
12.113
11.9678
11.8191
11.6661
11.5087
11.3458
11.1774
11.0021
10.8202
10.6298
10.4314
10.2226
10.0043
9.77354
9.53152
9.27444
9.004
8.71626
8.41318
8.09102
7.74867
7.38464
6.99697
6.58417
6.14335
5.67441
5.16971
4.63864
4.05082
3.46301
2.73752
2.15758
1.09047
0.83545
14.5438
14.1635
13.9655
13.8797
13.7448
13.6008
13.4677
13.3361
13.2035
13.0712
12.9389
12.8059
12.6718
12.5362
12.3988
12.2591
12.1169
11.9715
11.8226
11.6695
11.512
11.3489
11.1805
11.0051
10.8232
10.6328
10.4344
10.2255
10.0072
9.7765
9.53452
9.27746
9.00706
8.71936
8.41632
8.09423
7.75194
7.38798
7.00038
6.58766
6.14692
5.67807
5.17347
4.64249
4.05478
3.46707
2.74173
2.162
1.09488
0.839385
14.5734
14.191
13.9796
13.8902
13.7542
13.6084
13.4741
13.3418
13.2086
13.0759
12.9432
12.8099
12.6755
12.5397
12.4021
12.2623
12.1199
11.9744
11.8254
11.6722
11.5147
11.3516
11.1831
11.0077
10.8258
10.6354
10.437
10.2282
10.0099
9.77919
9.53723
9.28024
9.00988
8.72224
8.41925
8.09724
7.75501
7.39114
7.00362
6.59099
6.15034
5.68159
5.17709
4.64621
4.05863
3.47105
2.74581
2.16643
1.09905
0.843984
14.59
14.2071
13.9875
13.8957
13.7592
13.6127
13.4778
13.3451
13.2117
13.0787
12.9459
12.8124
12.6779
12.542
12.4044
12.2645
12.122
11.9765
11.8275
11.6743
11.5167
11.3536
11.1851
11.0098
10.8278
10.6374
10.4391
10.2303
10.012
9.78139
9.53947
9.28253
9.01222
8.72465
8.42171
8.09976
7.75761
7.39381
7.00637
6.59381
6.15325
5.68459
5.18018
4.64942
4.06191
3.47453
2.74924
2.17044
1.10238
0.848583
)
;

boundaryField
{
    inlet
    {
        type            zeroGradient;
    }
    outlet
    {
        type            fixedValue;
        value           uniform 0;
    }
    upperWall
    {
        type            zeroGradient;
    }
    lowerWall
    {
        type            zeroGradient;
    }
    frontAndBack
    {
        type            empty;
    }
}


// ************************************************************************* //
