/*--------------------------------*- C++ -*----------------------------------*\
| =========                 |                                                 |
| \\      /  F ield         | OpenFOAM: The Open Source CFD Toolbox           |
|  \\    /   O peration     | Version:  2506                                  |
|   \\  /    A nd           | Website:  www.openfoam.com                      |
|    \\/     M anipulation  |                                                 |
\*---------------------------------------------------------------------------*/
FoamFile
{
    version     2.0;
    format      ascii;
    arch        "LSB;label=32;scalar=64";
    class       volScalarField;
    location    "200";
    object      epsilon;
}
// * * * * * * * * * * * * * * * * * * * * * * * * * * * * * * * * * * * * * //

dimensions      [0 2 -3 0 0 0 0];

internalField   nonuniform List<scalar> 
48900
(
3777.23
14598
22427.4
25282.1
25074.2
24160.6
22580.5
21113.5
19854
18811.4
17955.8
17257.3
16675.5
16191.2
15774
15417.4
15097.8
14817.2
14557.9
14324.3
14106.4
13906.4
13717.6
13544.4
13380.7
13231.2
13090.2
12962.3
12842.4
12735
12634.3
12548.2
12464
12404.9
12334.1
12297.5
487.482
1607.95
3018.34
3851.56
4228.7
4406.63
4447.83
4462.19
4488.06
4522.91
4579.97
4657
4730.18
4810.45
4873.28
4935.31
4972.92
5007.03
5018.43
5021.61
5015.72
5000.73
4975.58
4950.18
4917.12
4886.89
4851.44
4819.88
4784.99
4753.85
4720.75
4690.23
4659.27
4627.13
4595.05
4586.09
45.6326
210.424
458.262
662.363
797.357
882.288
920.026
942.051
951.938
968.593
990.113
1023.16
1060.63
1113.82
1168.6
1237.02
1303.58
1380.6
1453.19
1532.06
1604.49
1680.88
1747.81
1817.58
1876.05
1937.04
1985.53
2037.01
2075.16
2117.36
2145.67
2179.25
2198.64
2224.07
2234.38
2252.77
30.0434
48.6667
105.596
160.086
205.945
244.81
271.457
291.187
302.449
310.903
315.718
321.701
326.065
334.257
342.029
354.802
367.595
385.875
403.395
427.24
449.394
478.315
504.29
537.402
566.166
602.458
632.76
671.181
701.601
741.157
770.165
810.025
835.821
875.438
895.426
934.115
24.632
26.3876
42.7779
60.619
77.1737
93.0878
106.257
117.795
126.362
133.566
138.34
142.741
145.333
148.406
150.206
153.178
155.153
158.858
161.513
166.419
170.124
176.56
181.446
189.655
195.687
205.745
212.839
224.756
232.771
246.479
255.132
270.452
279.354
295.934
304.454
322.259
18.6896
19.3297
25.7646
33.1933
40.3827
47.645
54.1981
60.4064
65.5892
70.314
73.9496
77.3144
79.7127
82.0948
83.6519
85.4552
86.5318
88.0959
88.9744
90.5365
91.4236
93.1645
94.211
96.2677
97.5375
100.028
101.547
104.532
106.319
109.824
111.874
115.883
118.159
122.601
124.996
130.161
16.1002
16.5266
19.5354
23.1418
26.7441
30.4872
34.0387
37.5426
40.6634
43.6258
46.1116
48.4541
50.3269
52.1311
53.4972
54.8863
55.8725
56.9763
57.7051
58.6352
59.2045
60.0537
60.54
61.3825
61.845
62.73
63.2164
64.1757
64.7115
65.7668
66.3619
67.5272
68.1819
69.4466
70.1577
71.7188
15.1876
15.3758
16.8465
18.7238
20.6727
22.7577
24.8175
26.9075
28.853
30.7433
32.419
34.0197
35.3907
36.7046
37.7936
38.8555
39.7044
40.5619
41.2205
41.9232
42.4378
43.0307
43.4422
43.9627
44.3059
44.7824
45.0851
45.543
45.8238
46.2806
46.5512
47.0179
47.2861
47.7596
48.055
48.606
14.9008
14.946
15.6005
16.5876
17.6624
18.8591
20.0934
21.3819
22.6266
23.859
24.9953
26.0936
27.0782
28.0234
28.8523
29.6496
30.3337
30.9988
31.5571
32.1108
32.5647
33.0284
33.399
33.7922
34.0983
34.4382
34.695
34.9972
35.2168
35.4941
35.6849
35.947
36.114
36.3655
36.5221
36.8021
14.8204
14.8039
15.0296
15.5218
16.0948
16.7712
17.5077
18.3051
19.1052
19.9144
20.6856
21.4406
22.141
22.8174
23.4335
24.0251
24.5557
25.0651
25.5159
25.9506
26.3306
26.7003
27.0195
27.3344
27.6026
27.8725
28.0982
28.3327
28.5228
28.7303
28.8897
29.0785
29.2091
29.3864
29.4925
29.6854
14.8097
14.7433
14.7914
14.9967
15.2738
15.632
16.0519
16.5311
17.0344
17.5582
18.0739
18.5877
19.0782
19.557
20.0057
20.4388
20.8394
21.2235
21.5752
21.9116
22.2169
22.5091
22.7723
23.0253
23.2512
23.4702
23.6632
23.8538
24.0177
24.1856
24.3227
24.474
24.5844
24.7264
24.8098
24.9647
14.813
14.7175
14.7006
14.7457
14.8545
15.0179
15.2338
15.5013
15.8008
16.1256
16.458
16.7973
17.1308
17.4616
17.7795
18.0896
18.3833
18.6668
18.9325
19.1872
19.4241
19.6505
19.8597
20.0594
20.2426
20.4182
20.5776
20.7321
20.8695
21.0064
21.1226
21.2466
21.3404
21.4577
21.5267
21.6567
14.814
14.7196
14.661
14.6365
14.6528
14.6972
14.7861
14.9129
15.0724
15.2572
15.4566
15.6678
15.8828
16.1011
16.3167
16.5303
16.7373
16.9393
17.1326
17.3193
17.4964
17.6664
17.8263
17.9794
18.1225
18.2595
18.3862
18.5085
18.6195
18.7291
18.8244
18.9244
19.0024
19.098
19.1551
19.2631
14.8135
14.7232
14.6478
14.5902
14.5537
14.5425
14.5546
14.5876
14.6537
14.7412
14.8452
14.963
15.0888
15.2214
15.3569
15.4948
15.6319
15.768
15.9011
16.0313
16.157
16.2789
16.3955
16.5079
16.6144
16.717
16.8132
16.9063
16.9921
17.0766
17.1515
17.2294
17.2916
17.367
17.4125
17.4996
14.8126
14.725
14.6439
14.5719
14.5108
14.4649
14.434
14.4202
14.4255
14.4444
14.483
14.534
14.5936
14.6619
14.736
14.8148
14.8962
14.9794
15.063
15.1466
15.2291
15.3103
15.3893
15.4665
15.5407
15.6128
15.6814
15.7481
15.8105
15.8721
15.9275
15.9849
16.0318
16.0881
16.1225
16.1889
14.8119
14.7255
14.6428
14.5652
14.4934
14.4302
14.3766
14.3334
14.3035
14.2835
14.2782
14.2823
14.2939
14.3158
14.344
14.3782
14.4161
14.4574
14.5013
14.547
14.5937
14.641
14.6883
14.7354
14.7815
14.8271
14.8712
14.9145
14.9556
14.9965
15.0339
15.0727
15.1049
15.1433
15.1674
15.2136
14.8115
14.7254
14.6422
14.5625
14.4865
14.4155
14.3506
14.292
14.242
14.1991
14.1654
14.14
14.1213
14.1099
14.1054
14.1066
14.1112
14.1207
14.1337
14.1494
14.1674
14.187
14.2081
14.2301
14.2525
14.2754
14.2982
14.3213
14.3436
14.3662
14.3872
14.4093
14.4279
14.4502
14.4646
14.4918
14.8112
14.725
14.6415
14.561
14.4835
14.4093
14.3391
14.2731
14.2124
14.1568
14.107
14.0633
14.0251
13.9925
13.9651
13.9431
13.925
13.911
13.9007
13.8935
13.8891
13.8871
13.8873
13.8886
13.8915
13.8957
13.9007
13.9066
13.9128
13.9197
13.9262
13.9339
13.94
13.9482
13.9539
13.9645
14.811
14.7246
14.6409
14.56
14.4818
14.4062
14.3338
14.2643
14.1984
14.1362
14.0778
14.0238
13.9738
13.9281
13.8865
13.8491
13.8153
13.7851
13.7583
13.7345
13.7135
13.695
13.6789
13.6647
13.6522
13.6414
13.6319
13.6237
13.6164
13.6103
13.6045
13.6
13.5949
13.5919
13.5868
13.5886
14.8109
14.7242
14.6403
14.5591
14.4805
14.4044
14.3309
14.2599
14.1916
14.1261
14.0634
14.0039
13.9474
13.8942
13.8441
13.7972
13.7534
13.7125
13.6746
13.6394
13.6067
13.5765
13.5485
13.5226
13.4985
13.4763
13.4555
13.4363
13.4183
13.4017
13.3858
13.3714
13.3569
13.3449
13.3302
13.3233
14.8108
14.7239
14.6398
14.5583
14.4794
14.403
14.3289
14.2572
14.1878
14.1208
14.0561
13.9938
13.9339
13.8766
13.8217
13.7694
13.7196
13.6722
13.6272
13.5846
13.5443
13.506
13.4699
13.4357
13.4033
13.3727
13.3437
13.3162
13.2901
13.2654
13.2417
13.2195
13.1975
13.178
13.1566
13.1413
14.8107
14.7237
14.6394
14.5577
14.4785
14.4018
14.3274
14.2553
14.1854
14.1176
14.0519
13.9882
13.9267
13.8673
13.8099
13.7546
13.7014
13.6502
13.6011
13.554
13.5088
13.4655
13.4241
13.3844
13.3464
13.31
13.2752
13.2418
13.2098
13.1792
13.1497
13.1217
13.0942
13.0688
13.0424
13.0205
14.8106
14.7235
14.639
14.5572
14.4778
14.4009
14.3263
14.2539
14.1836
14.1155
14.0493
13.985
13.9227
13.8623
13.8037
13.747
13.6921
13.639
13.5877
13.5381
13.4903
13.4441
13.3996
13.3567
13.3153
13.2754
13.237
13.1999
13.1642
13.1298
13.0964
13.0645
13.0333
13.0038
12.974
12.9475
14.8106
14.7234
14.6388
14.5568
14.4772
14.4001
14.3253
14.2527
14.1822
14.1138
14.0473
13.9827
13.92
13.859
13.7998
13.7423
13.6865
13.6323
13.5798
13.5289
13.4795
13.4316
13.3853
13.3404
13.2969
13.2548
13.2141
13.1746
13.1364
13.0995
13.0636
13.0289
12.9951
12.9628
12.9307
12.901
14.8105
14.7232
14.6385
14.5564
14.4767
14.3994
14.3244
14.2517
14.181
14.1123
14.0456
13.9808
13.9178
13.8565
13.7969
13.739
13.6826
13.6279
13.5746
13.5229
13.4726
13.4237
13.3763
13.3301
13.2854
13.2418
13.1996
13.1585
13.1187
13.08
13.0423
13.0058
12.9702
12.9359
12.902
12.8699
14.8105
14.7231
14.6383
14.556
14.4762
14.3988
14.3236
14.2507
14.1799
14.111
14.0442
13.9791
13.9159
13.8544
13.7946
13.7364
13.6797
13.6246
13.571
13.5188
13.468
13.4185
13.3704
13.3236
13.278
13.2336
13.1905
13.1485
13.1076
13.0678
13.029
12.9913
12.9545
12.9188
12.8838
12.8502
14.8104
14.723
14.6381
14.5557
14.4758
14.3982
14.3229
14.2498
14.1788
14.1099
14.0428
13.9776
13.9143
13.8526
13.7926
13.7342
13.6774
13.622
13.5681
13.5157
13.4646
13.4148
13.3663
13.3191
13.2731
13.2282
13.1846
13.142
13.1005
13.0601
13.0206
12.9822
12.9447
12.9082
12.8725
12.8379
14.8104
14.7229
14.6379
14.5555
14.4754
14.3977
14.3223
14.2491
14.1779
14.1088
14.0416
13.9763
13.9128
13.851
13.7908
13.7323
13.6753
13.6198
13.5658
13.5131
13.4619
13.4119
13.3632
13.3157
13.2695
13.2244
13.1804
13.1375
13.0957
13.0549
13.0151
12.9763
12.9384
12.9015
12.8653
12.8302
14.8104
14.7228
14.6378
14.5552
14.4751
14.3973
14.3218
14.2484
14.1772
14.1079
14.0406
13.9752
13.9115
13.8496
13.7893
13.7306
13.6735
13.6179
13.5637
13.511
13.4596
13.4095
13.3606
13.313
13.2666
13.2213
13.1772
13.1341
13.0921
13.0511
13.0111
12.9721
12.934
12.8968
12.8605
12.8251
14.8104
14.7227
14.6376
14.555
14.4748
14.3969
14.3213
14.2478
14.1765
14.1071
14.0397
13.9741
13.9104
13.8483
13.7879
13.7292
13.672
13.6162
13.562
13.5091
13.4576
13.4074
13.3584
13.3107
13.2642
13.2188
13.1746
13.1314
13.0893
13.0482
13.0081
12.9689
12.9307
12.8934
12.8569
12.8214
14.8103
14.7227
14.6375
14.5549
14.4746
14.3966
14.3209
14.2473
14.1759
14.1064
14.0389
13.9733
13.9094
13.8473
13.7868
13.7279
13.6706
13.6148
13.5604
13.5075
13.4559
13.4056
13.3565
13.3087
13.2621
13.2167
13.1723
13.1291
13.0869
13.0457
13.0055
12.9663
12.928
12.8906
12.8541
12.8185
14.8103
14.7226
14.6374
14.5547
14.4744
14.3963
14.3206
14.2469
14.1754
14.1059
14.0383
13.9725
13.9086
13.8463
13.7858
13.7268
13.6695
13.6136
13.5591
13.5061
13.4544
13.404
13.3549
13.3071
13.2604
13.2149
13.1705
13.1272
13.0849
13.0437
13.0034
12.9641
12.9258
12.8884
12.8518
12.8161
14.8103
14.7226
14.6374
14.5546
14.4742
14.3961
14.3203
14.2466
14.175
14.1054
14.0377
13.9719
13.9079
13.8456
13.785
13.7259
13.6685
13.6125
13.558
13.5049
13.4532
13.4028
13.3536
13.3057
13.2589
13.2134
13.1689
13.1256
13.0833
13.042
13.0017
12.9624
12.924
12.8866
12.85
12.8143
14.8103
14.7225
14.6373
14.5545
14.4741
14.396
14.3201
14.2463
14.1747
14.105
14.0373
13.9714
13.9073
13.845
13.7843
13.7252
13.6677
13.6117
13.5572
13.504
13.4522
13.4017
13.3525
13.3046
13.2578
13.2122
13.1677
13.1243
13.082
13.0407
13.0004
12.9611
12.9227
12.8852
12.8486
12.8129
14.8103
14.7225
14.6373
14.5544
14.474
14.3958
14.3199
14.2461
14.1744
14.1047
14.037
13.971
13.9069
13.8445
13.7838
13.7247
13.6671
13.6111
13.5565
13.5033
13.4515
13.401
13.3518
13.3038
13.257
13.2113
13.1668
13.1234
13.0811
13.0398
12.9994
12.9601
12.9217
12.8842
12.8477
12.812
14.8103
14.7225
14.6372
14.5544
14.4739
14.3958
14.3198
14.246
14.1743
14.1046
14.0368
13.9708
13.9067
13.8443
13.7835
13.7244
13.6668
13.6107
13.5561
13.5029
13.4511
13.4005
13.3513
13.3033
13.2565
13.2108
13.1663
13.1229
13.0806
13.0392
12.9989
12.9596
12.9212
12.8837
12.8472
12.8115
14.8103
14.7225
14.6372
14.5544
14.4739
14.3957
14.3198
14.246
14.1743
14.1045
14.0367
13.9708
13.9066
13.8442
13.7834
13.7243
13.6667
13.6106
13.556
13.5028
13.4509
13.4004
13.3512
13.3032
13.2564
13.2107
13.1662
13.1228
13.0805
13.0392
12.9989
12.9596
12.9212
12.8837
12.8472
12.8115
14.8103
14.7225
14.6372
14.5544
14.474
14.3958
14.3199
14.2461
14.1744
14.1046
14.0368
13.9709
13.9068
13.8444
13.7836
13.7245
13.6669
13.6109
13.5563
13.5031
13.4512
13.4007
13.3515
13.3035
13.2567
13.2111
13.1666
13.1233
13.081
13.0397
12.9994
12.9601
12.9218
12.8844
12.8479
12.8122
14.8103
14.7225
14.6373
14.5545
14.4741
14.3959
14.32
14.2463
14.1746
14.1049
14.0372
13.9713
13.9072
13.8448
13.7841
13.725
13.6675
13.6115
13.5569
13.5038
13.452
13.4015
13.3523
13.3044
13.2576
13.212
13.1676
13.1243
13.082
13.0408
13.0005
12.9613
12.923
12.8856
12.8492
12.8136
14.8103
14.7226
14.6374
14.5546
14.4742
14.3961
14.3203
14.2465
14.1749
14.1053
14.0376
13.9718
13.9077
13.8454
13.7848
13.7257
13.6682
13.6123
13.5578
13.5046
13.4529
13.4025
13.3533
13.3054
13.2587
13.2132
13.1688
13.1255
13.0833
13.0421
13.0019
12.9627
12.9245
12.8872
12.8508
12.8152
14.8103
14.7226
14.6374
14.5547
14.4744
14.3963
14.3206
14.2469
14.1754
14.1058
14.0382
13.9724
13.9084
13.8462
13.7856
13.7267
13.6692
13.6133
13.5589
13.5058
13.4541
13.4038
13.3547
13.3069
13.2602
13.2148
13.1704
13.1272
13.085
13.0439
13.0038
12.9647
12.9265
12.8893
12.853
12.8175
14.8103
14.7227
14.6376
14.5549
14.4746
14.3967
14.321
14.2474
14.1759
14.1065
14.0389
13.9733
13.9094
13.8472
13.7867
13.7278
13.6705
13.6147
13.5603
13.5074
13.4558
13.4055
13.3565
13.3088
13.2622
13.2169
13.1727
13.1296
13.0875
13.0466
13.0066
12.9677
12.9297
12.8926
12.8565
12.8212
14.8104
14.7228
14.6377
14.5551
14.4749
14.3971
14.3215
14.248
14.1767
14.1073
14.0399
13.9744
13.9106
13.8485
13.7882
13.7294
13.6722
13.6165
13.5623
13.5095
13.458
13.4079
13.3592
13.3116
13.2654
13.2203
13.1764
13.1336
13.0919
13.0513
13.0118
12.9732
12.9357
12.8991
12.8635
12.8288
14.8104
14.7229
14.6379
14.5554
14.4753
14.3976
14.3221
14.2488
14.1776
14.1084
14.0411
13.9757
13.9121
13.8503
13.7901
13.7316
13.6746
13.6192
13.5653
13.5129
13.4619
13.4123
13.3641
13.3173
13.2717
13.2274
13.1843
13.1425
13.1018
13.0623
13.0239
12.9865
12.9503
12.915
12.8808
12.8474
14.8104
14.723
14.6381
14.5558
14.4758
14.3983
14.3229
14.2498
14.1788
14.1098
14.0428
13.9776
13.9144
13.8529
13.7932
13.7353
13.6791
13.6246
13.5718
13.5206
13.471
13.4229
13.3765
13.3315
13.288
13.2459
13.2052
13.1658
13.1278
13.091
13.0554
13.021
12.9878
12.9555
12.9246
12.8942
14.8105
14.7232
14.6384
14.5562
14.4765
14.3991
14.324
14.2511
14.1804
14.1118
14.0454
13.981
13.9188
13.8586
13.8006
13.7447
13.6909
13.6392
13.5895
13.5419
13.4962
13.4524
13.4106
13.3705
13.3321
13.2954
13.2603
13.2268
13.1946
13.1638
13.1344
13.1061
13.0792
13.053
13.0285
13.0038
14.8105
14.7234
14.6388
14.5568
14.4773
14.4001
14.3254
14.2532
14.1833
14.1162
14.0517
13.99
13.9312
13.8754
13.8226
13.7727
13.7258
13.6818
13.6405
13.6019
13.5658
13.5321
13.5006
13.4712
13.4438
13.4183
13.3944
13.3721
13.3512
13.3316
13.3133
13.2959
13.2799
13.2643
13.2505
13.2354
14.8106
14.7237
14.6393
14.5575
14.4783
14.4018
14.3283
14.2584
14.1919
14.1299
14.0723
14.0194
13.9711
13.9278
13.8888
13.8547
13.8246
13.7982
13.7754
13.7559
13.7393
13.7254
13.7138
13.7043
13.6967
13.6905
13.6858
13.6823
13.6798
13.6781
13.6771
13.6768
13.677
13.6776
13.6787
13.6779
14.8106
14.7241
14.6397
14.5585
14.4805
14.4067
14.3386
14.2773
14.2227
14.1777
14.1405
14.1113
14.0899
14.0765
14.0687
14.069
14.0722
14.0796
14.0916
14.1066
14.1242
14.1436
14.1647
14.1868
14.2098
14.2333
14.2571
14.2808
14.3047
14.328
14.3513
14.3736
14.3963
14.4166
14.4396
14.4557
14.8105
14.7247
14.6397
14.5615
14.4893
14.4278
14.3803
14.3461
14.3277
14.3296
14.3403
14.3643
14.4013
14.4473
14.5002
14.5591
14.622
14.6877
14.7555
14.8243
14.8935
14.9624
15.0306
15.0976
15.1632
15.2269
15.2889
15.3485
15.4065
15.4616
15.5155
15.5656
15.6159
15.6602
15.7084
15.7446
14.8101
14.725
14.6407
14.5787
14.5305
14.5142
14.5268
14.5642
14.6373
14.7358
14.8524
14.9825
15.1233
15.2711
15.4231
15.5767
15.7304
15.8822
16.0314
16.1767
16.3179
16.4539
16.5852
16.7106
16.8311
16.9455
17.055
17.1584
17.2575
17.35
17.4397
17.5215
17.6033
17.6739
17.7505
17.8073
14.8089
14.7263
14.6592
14.6636
14.6925
14.7874
14.9611
15.1813
15.4388
15.7217
16.0212
16.3285
16.6386
16.9461
17.2486
17.5424
17.827
18.0997
18.3611
18.6092
18.8455
19.0682
19.2796
19.4775
19.665
19.8396
20.0053
20.1582
20.3043
20.4373
20.5666
20.681
20.7968
20.8927
20.9996
21.0748
14.8084
14.7498
14.7745
14.9449
15.2035
15.6263
16.1358
16.698
17.2911
17.8949
18.4984
19.0893
19.6638
20.2139
20.74
21.2364
21.7065
22.1452
22.5582
22.9405
23.2992
23.6289
23.9382
24.2204
24.486
24.7261
24.9539
25.1572
25.3531
25.5241
25.6941
25.8362
25.9864
26.1014
26.2393
26.3262
14.84
14.8728
15.2123
15.845
16.7613
17.8386
19.0063
20.2014
21.3942
22.5533
23.6698
24.7257
25.7226
26.6484
27.5119
28.3025
29.0351
29.6976
30.3104
30.8584
31.3666
31.816
32.236
32.6023
32.9496
33.2471
33.5363
33.7775
34.0215
34.2164
34.4267
34.5831
34.771
34.8941
35.0704
35.1621
15.0679
15.4314
16.7044
18.6776
21.0052
23.4741
25.9908
28.4408
30.7926
32.9905
35.0372
36.9016
38.6044
40.1247
41.4976
42.7018
43.7858
44.7196
45.5658
46.2806
46.9401
47.4839
48.0029
48.4175
48.8354
49.1551
49.5047
49.757
50.0648
50.2704
50.5584
50.7331
51.0184
51.1725
51.4691
51.6087
16.0176
17.5601
21.8494
27.3159
33.158
39.0474
44.796
50.1328
55.0368
59.3831
63.2361
66.5371
69.3916
71.773
73.8047
75.4608
76.8798
78.0066
79.0097
79.7809
80.5256
81.0782
81.6886
82.1255
82.6937
83.0892
83.6816
84.0865
84.7498
85.1997
85.972
86.4834
87.3819
87.9666
89.0023
89.666
19.4005
26.0284
41.3865
58.3936
75.5576
92.1738
107.388
120.454
131.49
140.297
147.347
152.641
156.734
159.682
161.96
163.617
165.003
166.137
167.315
168.402
169.772
171.132
172.951
174.755
177.16
179.485
182.538
185.402
189.113
192.501
196.878
200.695
205.714
209.919
215.541
220.076
31.5123
72.9665
142.73
213.627
281.036
340.809
387.241
420.541
443.365
457.627
466.629
471.752
475.575
478.482
482.164
486.485
492.232
499.574
508.295
518.518
530.256
543.341
557.808
573.302
590.034
607.385
625.895
644.526
664.36
683.692
704.443
723.958
745.297
764.494
786.182
804.664
105.451
473.623
905.93
1344.97
1701.57
1955.88
2094.45
2173.58
2212.35
2230.65
2240.77
2250.04
2262.06
2278.69
2299.93
2325.89
2355.44
2388.14
2422.85
2459.04
2495.54
2532.05
2567.55
2601.97
2634.47
2665.14
2693.41
2719.38
2742.85
2763.69
2782.42
2798.05
2812.65
2823.06
2834.78
2839.81
1716.18
5012.99
8476.91
11079.8
12550.3
13229.3
13206.6
13054.1
12670.7
12227.9
11785.9
11371.9
10996.1
10660.8
10364.1
10102.8
9872.65
9669.89
9490.74
9332.06
9190.86
9064.81
8951.61
8849.59
8757.02
8672.72
8595.39
8524.16
8458.14
8396.61
8339.06
8284.78
8233.65
8184.88
8138.58
8094.11
1.55171
1.41105
2.34368
3.54169
4.93581
6.4649
8.05551
9.65288
11.22
12.7268
14.1506
15.4768
16.6973
17.808
18.8089
19.701
20.4889
21.1797
21.7762
22.282
22.7029
23.0444
23.3097
23.5202
23.6965
23.8387
23.9625
24.0912
24.2541
24.4835
24.8118
25.2649
25.8658
26.6291
27.5643
28.671
29.9431
31.3663
32.924
34.5941
36.3559
38.1862
40.0662
41.9763
43.903
45.8333
47.7634
49.6983
51.6786
53.8296
56.4501
59.7651
63.5811
67.7202
72.1223
76.779
81.7065
86.922
92.4478
98.2922
104.473
110.99
117.854
125.057
132.609
140.496
148.715
157.229
166.035
175.098
184.418
193.964
203.733
213.684
223.814
234.08
244.475
254.965
265.552
276.205
286.927
297.692
308.504
319.341
330.21
341.091
351.993
362.896
373.812
384.724
395.642
406.554
417.47
428.378
439.289
450.194
461.101
472.004
482.911
493.818
504.731
515.648
526.573
537.509
548.456
559.42
570.4
581.405
592.431
603.492
614.583
625.722
636.905
648.153
659.47
670.883
682.402
694.066
705.902
717.97
730.322
743.056
756.268
769.667
783.216
796.899
810.75
824.763
838.939
853.301
867.829
882.558
897.46
912.575
927.868
943.386
959.085
975.018
991.14
1007.5
1024.06
1040.86
1057.86
1075.11
1092.55
1110.24
1128.13
1146.28
1164.61
1183.21
1201.97
1221
1240.19
1259.63
1279.23
1299.07
1319.04
1339.26
1359.58
1380.13
1400.76
1421.61
1442.52
1463.62
1484.77
1506.09
1527.42
1548.9
1570.36
1591.95
1613.49
1635.1
1656.67
1678.2
1699.63
1720.98
1742.2
1763.27
1784.17
1804.86
1825.32
1845.52
1865.41
1884.98
1904.18
1922.98
1941.34
1959.25
1976.66
1993.55
2009.92
2025.75
2041.08
2055.94
2070.4
2084.48
2097.99
2110.98
2123.4
2135.25
2146.47
2157.05
2166.94
2176.07
2184.35
2191.59
2197.45
2200.11
2208.73
2212.11
2219.18
2221.06
2224.52
2225.95
2226.07
2226.94
2224.65
2221.87
2217.91
2212.85
2206.68
2199.32
2190.78
2181.01
2170.23
2158.43
2145.39
2131.02
2115.69
2098.41
2080.17
2060.54
2039.69
2017.57
1994.23
1969.66
1943.88
1916.93
1888.83
1859.62
1829.36
1798.08
1765.84
1732.69
1698.67
1663.83
1628.17
1591.68
1554.54
1517.13
1479.32
1441.26
1403.02
1364.73
1326.33
1286.87
1247.87
1209.12
1170.78
1132.91
1095.6
1058.93
1022.98
987.784
953.842
920.679
893.498
875.356
859.223
843.603
828.265
813.183
798.375
783.859
769.658
755.772
742.247
728.994
716.2
703.599
690.908
678.456
666.347
654.592
643.23
632.275
621.702
611.514
601.614
591.933
582.472
573.262
564.332
555.69
547.338
539.268
531.47
523.94
516.654
509.585
502.725
496.07
489.622
483.379
477.342
471.504
465.865
460.419
455.163
450.087
445.182
440.439
435.854
431.419
427.131
422.985
418.978
415.104
411.36
407.741
404.245
400.848
397.528
394.303
391.165
388.115
385.157
382.294
379.525
376.849
374.266
371.772
369.367
367.048
364.812
362.657
360.582
358.582
356.655
354.798
353.008
351.28
349.609
347.989
346.417
344.877
343.372
341.867
340.388
338.846
337.317
335.635
333.868
331.832
329.621
326.72
323.542
318.783
310.701
294.356
3.66144
2.29195
2.51088
3.00017
3.55302
4.11041
4.64843
5.15288
5.6085
6.02028
6.39575
6.73983
7.05633
7.34869
7.62004
7.87336
8.11148
8.33729
8.55316
8.76141
8.96431
9.16456
9.36641
9.5845
9.82885
10.0919
10.373
10.677
11.0131
11.394
11.834
12.3482
12.9508
13.6539
14.4673
15.3974
16.4492
17.6211
18.9099
20.3104
21.8161
23.4196
25.1135
26.8914
28.748
30.6813
32.6937
34.7956
37.0083
39.3684
41.9235
44.6967
47.6598
50.7787
54.0326
57.412
60.911
64.5262
68.2595
72.1023
76.0408
80.0644
84.1636
88.3269
92.5439
96.8033
101.097
105.414
109.751
114.103
118.473
122.859
127.238
131.606
135.962
140.301
144.624
148.93
153.219
157.493
161.752
165.998
170.233
174.458
178.674
182.883
187.087
191.285
195.481
199.674
203.867
208.06
212.254
216.451
220.652
224.858
229.069
233.287
237.513
241.748
245.992
250.247
254.515
258.795
263.089
267.399
271.725
276.07
280.434
284.822
289.234
293.675
298.148
302.657
307.206
311.801
316.446
321.149
325.914
330.748
335.654
340.631
345.67
350.747
355.868
361.026
366.227
371.468
376.749
382.071
387.433
392.836
398.279
403.763
409.286
414.85
420.452
426.095
431.775
437.496
443.251
449.046
454.875
460.74
466.637
472.569
478.53
484.524
490.543
496.592
502.662
508.76
514.875
521.014
527.166
533.338
539.517
545.712
551.909
558.117
564.322
570.534
576.738
582.944
589.135
595.324
601.49
607.645
613.771
619.879
625.951
631.995
637.988
643.932
649.818
655.649
661.415
667.115
672.742
678.289
683.75
689.121
694.394
699.565
704.628
709.579
714.418
719.141
723.755
728.265
732.686
737.042
741.366
745.704
750.11
754.657
759.142
763.491
767.705
771.775
775.693
779.448
783.029
786.421
789.608
792.57
795.3
797.838
800.582
802.89
805.156
806.953
808.69
810.049
811.124
811.964
812.358
812.37
812.658
812.167
811.436
810.353
808.915
807.127
805.006
802.584
799.713
796.521
792.957
788.808
784.325
779.394
774.049
768.273
762.067
755.423
748.338
740.814
732.867
724.504
715.732
706.561
697
687.062
676.754
666.085
655.057
643.676
631.963
619.982
607.629
594.993
582.189
569.236
556.133
542.779
529.427
516.069
502.743
489.48
476.308
463.259
450.365
437.657
425.226
413.12
402.069
392.783
384.259
376.056
368.043
360.188
352.489
344.948
337.572
330.363
323.332
316.458
309.78
303.108
296.486
289.983
283.639
277.468
271.483
265.667
260.021
254.555
249.252
244.092
239.065
234.176
229.423
224.813
220.346
216.024
211.845
207.807
203.905
200.128
196.47
192.929
189.503
186.191
182.992
179.905
176.928
174.059
171.296
168.635
166.074
163.609
161.236
158.953
156.757
154.646
152.617
150.669
148.799
147.005
145.286
143.636
142.052
140.563
139.164
137.833
136.561
135.346
134.185
133.077
132.02
131.014
130.056
129.145
128.28
127.458
126.679
125.942
125.244
124.586
123.964
123.38
122.831
122.316
121.836
121.388
120.974
120.591
120.243
119.935
119.633
119.487
119.296
119.13
119.27
119.474
119.611
121.41
121.945
129.349
5.39101
3.75669
3.84279
4.13873
4.45081
4.73454
4.98799
5.21572
5.42459
5.61544
5.78978
5.95026
6.09988
6.24179
6.37906
6.51473
6.65176
6.79313
6.94178
7.10075
7.27334
7.46342
7.67605
7.91838
8.19515
8.5102
8.86826
9.27553
9.73975
10.2701
10.8766
11.5693
12.3581
13.2512
14.2551
15.3728
16.6019
17.9464
19.4061
20.9777
22.6563
24.4357
26.3096
28.2719
30.3179
32.4451
34.6546
36.9534
39.3466
41.8408
44.4417
47.1468
49.9419
52.8093
55.7346
58.7102
61.723
64.7497
67.7573
70.7442
73.7296
76.7166
79.7058
82.698
85.6839
88.6614
91.631
94.5923
97.5464
100.495
103.439
106.378
109.313
112.242
115.169
118.094
121.017
123.942
126.868
129.797
132.731
135.67
138.615
141.566
144.525
147.492
150.467
153.451
156.445
159.448
162.461
165.484
168.517
171.562
174.617
177.684
180.762
183.853
186.956
190.071
193.2
196.344
199.501
202.675
205.867
209.074
212.296
215.535
218.791
222.065
225.359
228.673
232.01
235.37
238.755
242.166
245.603
249.069
252.563
256.084
259.632
263.203
266.795
270.404
274.032
277.678
281.341
285.021
288.719
292.433
296.164
299.911
303.674
307.453
311.246
315.054
318.875
322.711
326.559
330.42
334.292
338.175
342.069
345.972
349.884
353.804
357.73
361.663
365.6
369.541
373.483
377.428
381.372
385.315
389.256
393.195
397.128
401.056
404.976
408.889
412.791
416.682
420.561
424.427
428.277
432.111
435.926
439.721
443.494
447.245
450.972
454.672
458.343
461.981
465.586
469.157
472.691
476.189
479.648
483.068
486.446
489.782
493.077
496.328
499.539
502.709
505.841
508.938
512.005
515.048
518.073
521.087
524.096
527.106
530.119
533.106
536.037
538.904
541.705
544.437
547.093
549.671
552.164
554.569
556.88
559.096
561.22
563.268
565.258
567.108
568.85
570.44
571.914
573.226
574.385
575.387
576.208
576.866
577.282
577.739
577.78
577.744
577.435
576.911
576.163
575.19
573.946
572.468
570.727
568.655
566.317
563.679
560.743
557.499
553.94
550.058
545.837
541.252
536.339
531.1
525.536
519.653
513.455
506.949
500.14
493.036
485.645
477.975
470.043
461.874
453.466
444.856
436.082
427.164
418.112
408.929
399.688
390.407
381.112
371.823
362.564
353.356
344.219
335.18
326.285
317.611
309.396
301.838
294.704
287.816
281.099
274.525
268.089
261.79
255.633
249.618
243.751
238.026
232.449
226.971
221.589
216.321
211.182
206.181
201.322
196.556
191.904
187.387
183.001
178.737
174.591
170.561
166.634
162.814
159.109
155.519
152.045
148.686
145.437
142.29
139.243
136.293
133.44
130.682
128.02
125.45
122.972
120.583
118.282
116.066
113.934
111.883
109.911
108.015
106.193
104.443
102.764
101.153
99.6087
98.1293
96.7132
95.3579
94.0598
92.8228
91.6472
90.5297
89.4664
88.454
87.4902
86.5733
85.7019
84.8743
84.0891
83.3449
82.6403
81.9739
81.3444
80.7506
80.1912
79.665
79.171
78.7079
78.275
77.8711
77.4958
77.1476
76.8271
76.5331
76.2652
76.0298
75.8102
75.6492
75.5124
75.4109
75.401
75.5122
75.6051
76.5103
76.8559
80.849
9.83795
6.16296
5.71652
5.72544
5.80053
5.88566
5.96486
6.03844
6.10868
6.17753
6.2464
6.31688
6.3908
6.4701
6.55689
6.65347
6.76234
6.88626
7.02825
7.19168
7.38034
7.5987
7.85186
8.14474
8.48291
8.87237
9.31971
9.83226
10.4182
11.0866
11.8468
12.7069
13.6742
14.755
15.9539
17.2742
18.7181
20.2818
21.9606
23.749
25.6403
27.627
29.7015
31.8561
34.0836
36.3777
38.7326
41.1419
43.6034
46.1146
48.6701
51.2607
53.8738
56.4959
59.114
61.7158
64.296
66.8575
69.4104
71.9575
74.4907
77.0109
79.5004
81.9549
84.3963
86.8304
89.2671
91.7035
94.1413
96.5822
99.0282
101.481
103.94
106.409
108.887
111.376
113.876
116.389
118.915
121.455
124.008
126.576
129.158
131.755
134.366
136.992
139.633
142.288
144.958
147.642
150.341
153.054
155.781
158.522
161.278
164.048
166.832
169.63
172.443
175.269
178.111
180.966
183.837
186.722
189.623
192.538
195.467
198.412
201.372
204.348
207.34
210.348
213.373
216.415
219.473
222.548
225.64
228.748
231.872
235.01
238.161
241.324
244.497
247.68
250.872
254.073
257.282
260.499
263.724
266.955
270.193
273.437
276.686
279.939
283.197
286.457
289.72
292.986
296.252
299.519
302.785
306.051
309.314
312.576
315.834
319.089
322.34
325.588
328.829
332.061
335.285
338.499
341.702
344.893
348.072
351.238
354.39
357.526
360.647
363.751
366.838
369.906
372.955
375.985
378.994
381.981
384.946
387.889
390.808
393.704
396.576
399.424
402.247
405.043
407.813
410.556
413.272
415.961
418.625
421.262
423.874
426.461
429.024
431.565
434.084
436.585
439.069
441.538
443.994
446.441
448.879
451.309
453.729
456.14
458.532
460.897
463.225
465.515
467.765
469.972
472.134
474.247
476.31
478.32
480.274
482.171
484.011
485.794
487.514
489.152
490.708
492.173
493.546
494.815
495.978
497.028
497.958
498.766
499.444
500.024
500.387
500.564
500.624
500.501
500.186
499.673
498.944
498.001
496.829
495.401
493.727
491.793
489.593
487.117
484.359
481.309
477.961
474.308
470.356
466.107
461.561
456.719
451.587
446.167
440.468
434.495
428.259
421.771
415.045
408.099
400.946
393.609
386.113
378.476
370.714
362.847
354.907
346.917
338.897
330.867
322.847
314.854
306.906
299.032
291.276
283.697
276.395
269.433
262.746
256.26
249.934
243.748
237.699
231.786
226.01
220.374
214.88
209.525
204.311
199.219
194.245
189.392
184.667
180.071
175.606
171.258
167.028
162.919
158.932
155.059
151.298
147.646
144.066
140.58
137.196
133.916
130.74
127.668
124.693
121.805
119.006
116.296
113.675
111.142
108.695
106.333
104.053
101.854
99.7342
97.6926
95.7272
93.8363
92.0176
90.2691
88.5889
86.9752
85.4264
83.9408
82.5167
81.1524
79.8464
78.5966
77.4006
76.258
75.1682
74.1298
73.1406
72.1985
71.3016
70.4483
69.6371
68.8665
68.1351
67.4417
66.7847
66.163
65.5754
65.0205
64.4973
64.0046
63.5412
63.1062
62.6987
62.3175
61.9621
61.6316
61.3255
61.0437
60.7851
60.5532
60.3417
60.1654
60.0176
59.9072
59.8447
59.8523
59.9153
60.384
60.6933
62.8916
16.6353
9.31755
7.90053
7.46611
7.27618
7.17303
7.11107
7.0742
7.05575
7.05293
7.06268
7.08471
7.12068
7.17126
7.23793
7.32265
7.42783
7.55635
7.71153
7.89723
8.11775
8.3779
8.68306
9.03989
9.45542
9.93712
10.4928
11.1305
11.8583
12.6838
13.6139
14.6556
15.8143
17.0936
18.4951
20.0184
21.6607
23.4168
25.2796
27.2406
29.2904
31.419
33.6162
35.8721
38.1769
40.5216
42.8976
45.2972
47.7135
50.1397
52.5683
54.9914
57.4007
59.7889
62.1504
64.4825
66.7856
69.0635
71.3209
73.5609
75.7841
77.991
80.1946
82.406
84.6239
86.8376
89.0453
91.2611
93.4895
95.7323
97.9912
100.267
102.561
104.873
107.204
109.555
111.925
114.316
116.726
119.157
121.607
124.077
126.567
129.076
131.604
134.151
136.716
139.299
141.9
144.519
147.154
149.807
152.476
155.161
157.862
160.579
163.312
166.06
168.823
171.602
174.395
177.202
180.024
182.861
185.711
188.576
191.454
194.346
197.252
200.171
203.103
206.048
209.007
211.977
214.96
217.954
220.959
223.975
226.999
230.032
233.071
236.117
239.168
242.223
245.283
248.345
251.411
254.478
257.546
260.615
263.684
266.752
269.819
272.883
275.943
279
282.052
285.098
288.137
291.17
294.194
297.209
300.214
303.208
306.191
309.161
312.119
315.062
317.989
320.899
323.795
326.674
329.534
332.375
335.196
337.998
340.778
343.538
346.275
348.991
351.683
354.352
356.997
359.618
362.214
364.786
367.332
369.854
372.35
374.822
377.269
379.692
382.092
384.466
386.817
389.144
391.447
393.729
395.99
398.229
400.45
402.653
404.838
407.009
409.165
411.309
413.443
415.567
417.682
419.79
421.89
423.98
426.059
428.126
430.174
432.2
434.202
436.177
438.126
440.045
441.934
443.79
445.611
447.396
449.143
450.849
452.512
454.13
455.696
457.202
458.646
460.021
461.323
462.545
463.683
464.729
465.679
466.525
467.261
467.881
468.358
468.675
468.818
468.858
468.716
468.392
467.876
467.16
466.232
465.078
463.693
462.065
460.187
458.049
455.643
452.962
449.999
446.751
443.216
439.394
435.283
430.886
426.205
421.244
416.01
410.509
404.753
398.751
392.519
386.071
379.423
372.595
365.607
358.476
351.222
343.865
336.429
328.936
321.404
313.852
306.299
298.761
291.263
283.834
276.51
269.334
262.355
255.601
249.052
242.675
236.45
230.367
224.422
218.616
212.95
207.425
202.043
196.803
191.704
186.739
181.905
177.199
172.624
168.179
163.864
159.674
155.606
151.659
147.832
144.12
140.52
137.027
133.628
130.324
127.118
124.01
121
118.087
115.259
112.506
109.837
107.251
104.749
102.331
99.995
97.7363
95.5529
93.4449
91.4116
89.4518
87.5641
85.7471
83.9984
82.3159
80.6981
79.1436
77.6509
76.2185
74.8449
73.5285
72.2676
71.0602
69.9046
68.7995
67.7439
66.7364
65.7755
64.8595
63.9868
63.1558
62.3651
61.6134
60.8993
60.2215
59.5787
58.9697
58.3932
57.8481
57.3332
56.8475
56.3897
55.9591
55.5544
55.175
54.8199
54.4883
54.1799
53.8942
53.6306
53.3909
53.1728
52.9823
52.8194
52.6903
52.6056
52.5484
52.5834
52.8275
53.092
54.3985
25.4915
13.0005
10.2496
9.26898
8.7866
8.50366
8.32174
8.20043
8.12037
8.07155
8.0484
8.04838
8.0684
8.11027
8.17558
8.26584
8.38358
8.53198
8.71486
8.93669
9.20252
9.51806
9.88967
10.3244
10.8297
11.4136
12.0841
12.8493
13.7167
14.6931
15.7844
16.9948
18.3269
19.781
21.3554
23.0459
24.8461
26.7478
28.7411
30.8149
32.9574
35.1568
37.4012
39.6792
41.9803
44.2945
46.6132
48.9286
51.234
53.5237
55.7927
58.0366
60.2523
62.4381
64.5943
66.7227
68.8271
70.9125
72.9842
75.047
77.1054
79.1639
81.228
83.3012
85.3838
87.4849
89.611
91.7609
93.9339
96.1295
98.3485
100.591
102.859
105.151
107.468
109.81
112.177
114.569
116.986
119.427
121.891
124.38
126.891
129.425
131.981
134.559
137.158
139.777
142.416
145.076
147.754
150.451
153.166
155.899
158.649
161.416
164.2
167
169.816
172.647
175.493
178.354
181.229
184.118
187.021
189.936
192.865
195.806
198.759
201.724
204.7
207.687
210.684
213.69
216.705
219.728
222.759
225.796
228.838
231.884
234.934
237.987
241.041
244.096
247.15
250.204
253.257
256.307
259.353
262.396
265.433
268.465
271.49
274.507
277.516
280.516
283.505
286.483
289.448
292.4
295.339
298.262
301.169
304.059
306.932
309.785
312.619
315.433
318.224
320.991
323.733
326.451
329.145
331.815
334.459
337.078
339.671
342.238
344.777
347.29
349.775
352.233
354.663
357.065
359.44
361.786
364.104
366.395
368.658
370.895
373.105
375.29
377.451
379.586
381.697
383.785
385.85
387.895
389.918
391.923
393.91
395.88
397.835
399.776
401.704
403.62
405.526
407.422
409.309
411.187
413.056
414.916
416.767
418.603
420.423
422.225
424.008
425.77
427.512
429.231
430.927
432.598
434.242
435.858
437.444
438.998
440.517
441.998
443.436
444.826
446.165
447.447
448.668
449.822
450.904
451.908
452.826
453.653
454.38
455
455.501
455.857
456.032
456.124
456.05
455.805
455.382
454.77
453.957
452.932
451.684
450.205
448.484
446.513
444.281
441.783
439.01
435.959
432.625
429.007
425.104
420.915
416.443
411.691
406.666
401.375
395.828
390.035
384.01
377.767
371.324
364.697
357.904
350.966
343.9
336.728
329.47
322.148
314.779
307.384
299.98
292.59
285.239
277.955
270.769
263.712
256.812
250.086
243.53
237.131
230.881
224.773
218.807
212.984
207.305
201.772
196.385
191.145
186.05
181.097
176.282
171.605
167.062
162.652
158.375
154.229
150.21
146.315
142.541
138.885
135.342
131.909
128.577
125.346
122.212
119.176
116.236
113.391
110.633
107.958
105.366
102.855
100.424
98.0744
95.8029
93.6009
91.4681
89.4071
87.4178
85.499
83.6497
81.8683
80.1517
78.498
76.9065
75.3761
73.9055
72.4935
71.1384
69.8389
68.593
67.3989
66.2553
65.1607
64.1141
63.114
62.1592
61.2481
60.3791
59.5509
58.7622
58.0115
57.2976
56.6193
55.9752
55.3642
54.7851
54.2366
53.7178
53.2274
52.7644
52.3278
51.9166
51.53
51.1671
50.8271
50.5096
50.2141
49.9401
49.6886
49.4589
49.254
49.0756
48.9282
48.8222
48.7339
48.7362
48.8581
49.068
49.8771
36.1219
17.0267
12.6878
11.1059
10.3239
9.86944
9.58163
9.39208
9.26735
9.18969
9.14927
9.14082
9.16019
9.20757
9.28476
9.39314
9.53541
9.71515
9.93666
10.205
10.5259
10.9056
11.3512
11.87
12.4698
13.1585
13.9438
14.833
15.8326
16.9476
18.1818
19.5367
21.0119
22.6046
24.3096
26.1195
28.025
30.0152
32.078
34.2006
36.37
38.5736
40.7991
43.0356
45.2729
47.5025
49.7172
51.9113
54.0807
56.2224
58.335
60.4182
62.4731
64.5021
66.5085
68.4971
70.4733
72.4426
74.411
76.3836
78.3653
80.3607
82.3738
84.4079
86.4657
88.5506
90.6645
92.8069
94.9793
97.1829
99.4184
101.686
103.985
106.316
108.678
111.072
113.496
115.95
118.433
120.945
123.486
126.053
128.647
131.267
133.913
136.582
139.275
141.992
144.731
147.491
150.272
153.074
155.895
158.736
161.595
164.471
167.365
170.276
173.203
176.146
179.104
182.076
185.063
188.063
191.075
194.101
197.137
200.185
203.244
206.312
209.39
212.476
215.57
218.671
221.777
224.889
228.006
231.125
234.247
237.37
240.493
243.616
246.737
249.855
252.969
256.079
259.184
262.282
265.373
268.456
271.53
274.593
277.645
280.684
283.711
286.723
289.72
292.701
295.665
298.61
301.536
304.443
307.327
310.19
313.03
315.846
318.637
321.403
324.143
326.857
329.544
332.203
334.834
337.436
340.007
342.549
345.06
347.541
349.99
352.408
354.794
357.149
359.473
361.766
364.027
366.257
368.456
370.624
372.761
374.869
376.949
379
381.024
383.021
384.992
386.937
388.859
390.757
392.633
394.489
396.325
398.142
399.942
401.726
403.494
405.249
406.989
408.717
410.432
412.135
413.825
415.504
417.17
418.82
420.455
422.074
423.676
425.261
426.828
428.376
429.904
431.411
432.896
434.358
435.795
437.204
438.583
439.929
441.238
442.507
443.731
444.907
446.029
447.093
448.092
449.021
449.873
450.641
451.318
451.896
452.365
452.702
452.877
452.95
452.88
452.649
452.248
451.666
450.892
449.913
448.719
447.301
445.646
443.746
441.592
439.175
436.487
433.524
430.279
426.751
422.937
418.837
414.452
409.786
404.844
399.633
394.162
388.442
382.486
376.309
369.926
363.353
356.611
349.716
342.689
335.55
328.319
321.016
313.661
306.273
298.875
291.492
284.149
276.873
269.688
262.621
255.691
248.911
242.285
235.807
229.476
223.289
217.248
211.353
205.608
200.012
194.568
189.274
184.131
179.135
174.284
169.577
165.009
160.572
156.275
152.114
148.086
144.185
140.408
136.752
133.212
129.785
126.464
123.247
120.131
117.113
114.192
111.365
108.628
105.977
103.409
100.924
98.5187
96.1926
93.9437
91.7676
89.662
87.6267
85.6609
83.7636
81.9335
80.1691
78.4652
76.821
75.237
73.7126
72.2466
70.8378
69.4848
68.186
66.939
65.7428
64.596
63.4976
62.4462
61.4406
60.4795
59.5615
58.6851
57.849
57.0518
56.2923
55.5693
54.8814
54.2275
53.6064
53.0169
52.4579
51.9282
51.4267
50.9523
50.5041
50.0811
49.6824
49.3072
48.9547
48.6242
48.3155
48.0282
47.7626
47.5189
47.2988
47.1044
46.9394
46.8119
46.7173
46.6769
46.7345
46.8826
47.3858
47.9154
21.1751
15.152
12.9643
11.8916
11.2771
10.8949
10.6484
10.4899
10.3941
10.3466
10.3396
10.3676
10.4303
10.5285
10.6637
10.8388
11.0577
11.3251
11.6465
12.0281
12.4764
12.9988
13.6026
14.2954
15.0846
15.9768
16.9782
18.0933
19.3252
20.6751
22.142
23.7223
25.4103
27.1983
29.0762
31.0328
33.0553
35.1307
37.2457
39.3873
41.5432
43.7026
45.8557
47.9946
50.1129
52.2061
54.2714
56.3077
58.3153
60.2957
62.2519
64.1877
66.1078
68.0173
69.9221
71.828
73.7407
75.6656
77.6077
79.5713
81.5602
83.5777
85.6264
87.7085
89.8257
91.9791
94.1692
96.3966
98.6617
100.965
103.305
105.683
108.097
110.547
113.033
115.554
118.109
120.697
123.317
125.968
128.65
131.361
134.102
136.87
139.664
142.485
145.332
148.202
151.096
154.012
156.951
159.911
162.891
165.89
168.908
171.945
174.999
178.069
181.156
184.258
187.374
190.505
193.648
196.804
199.972
203.151
206.339
209.538
212.744
215.959
219.181
222.408
225.641
228.877
232.117
235.359
238.602
241.844
245.086
248.326
251.562
254.794
258.02
261.241
264.453
267.658
270.852
274.037
277.209
280.369
283.515
286.646
289.761
292.859
295.939
299
302.04
305.059
308.056
311.03
313.979
316.902
319.799
322.669
325.511
328.324
331.107
333.86
336.582
339.273
341.931
344.556
347.147
349.704
352.227
354.715
357.168
359.585
361.967
364.313
366.624
368.898
371.136
373.339
375.506
377.639
379.737
381.802
383.834
385.834
387.803
389.742
391.65
393.53
395.381
397.205
399.003
400.777
402.526
404.253
405.958
407.643
409.308
410.955
412.584
414.195
415.79
417.368
418.93
420.475
422.002
423.513
425.006
426.483
427.942
429.383
430.807
432.213
433.601
434.969
436.318
437.645
438.95
440.232
441.488
442.716
443.914
445.078
446.206
447.293
448.336
449.33
450.271
451.153
451.971
452.718
453.387
453.971
454.462
454.852
455.111
455.234
455.257
455.139
454.87
454.438
453.833
453.042
452.055
450.86
449.446
447.802
445.918
443.783
441.389
438.728
435.793
432.578
429.08
425.294
421.221
416.86
412.215
407.29
402.092
396.629
390.912
384.953
378.767
372.368
365.774
359.002
352.071
345.001
337.812
330.523
323.156
315.731
308.272
300.804
293.352
285.94
278.594
271.336
264.187
257.164
250.28
243.539
236.943
230.494
224.193
218.041
212.04
206.194
200.503
194.968
189.589
184.366
179.296
174.378
169.609
164.986
160.498
156.156
151.955
147.89
143.956
140.15
136.467
132.903
129.454
126.116
122.885
119.757
116.729
113.799
110.964
108.22
105.564
102.994
100.506
98.0995
95.7718
93.5213
91.3449
89.2402
87.2058
85.2404
83.3428
81.5115
79.745
78.0403
76.3958
74.8105
73.2836
71.8138
70.4
69.0408
67.7346
66.4779
65.2709
64.1128
63.0025
61.9387
60.9202
59.9457
59.014
58.1235
57.2729
56.461
55.6866
54.9486
54.2457
53.5767
52.9404
52.3358
51.7615
51.2165
50.6998
50.2101
49.7467
49.3083
48.8943
48.5037
48.1357
47.7898
47.4656
47.1628
46.8814
46.622
46.3857
46.1745
45.9919
45.844
45.7331
45.6644
45.6821
45.7721
46.082
60.1256
25.256
17.5944
14.8329
13.4901
12.7298
12.2643
11.9701
11.7862
11.6797
11.6321
11.6332
11.6763
11.7605
11.8854
12.0529
12.2657
12.5281
12.8449
13.2218
13.6652
14.1817
14.7785
15.4624
16.2405
17.119
18.1033
19.1978
20.405
21.7258
23.1588
24.7005
26.345
28.0843
29.9086
31.8065
33.7656
35.7728
37.8151
39.8797
41.9549
44.03
46.096
48.1456
50.1735
52.1759
54.1513
56.0996
58.0222
59.9221
61.8031
63.6698
65.5277
67.3824
69.2399
71.1059
72.9861
74.8858
76.8097
78.7619
80.7463
82.7657
84.8226
86.9191
89.0565
91.2361
93.4583
95.7236
98.0321
100.384
102.778
105.215
107.694
110.214
112.774
115.373
118.012
120.687
123.4
126.148
128.931
131.747
134.596
137.476
140.387
143.327
146.295
149.291
152.313
155.36
158.432
161.528
164.646
167.786
170.947
174.127
177.327
180.545
183.78
187.032
190.299
193.581
196.877
200.186
203.508
206.84
210.184
213.536
216.898
220.267
223.643
227.024
230.41
233.8
237.193
240.587
243.981
247.375
250.767
254.156
257.54
260.92
264.293
267.658
271.015
274.362
277.698
281.021
284.331
287.627
290.907
294.171
297.416
300.642
303.848
307.032
310.194
313.332
316.446
319.533
322.593
325.626
328.629
331.602
334.544
337.454
340.332
343.175
345.985
348.759
351.497
354.199
356.864
359.491
362.08
364.63
367.141
369.613
372.046
374.438
376.791
379.104
381.377
383.61
385.804
387.958
390.074
392.15
394.189
396.191
398.157
400.087
401.983
403.843
405.671
407.465
409.228
410.961
412.664
414.338
415.985
417.605
419.2
420.769
422.315
423.838
425.338
426.816
428.272
429.707
431.121
432.514
433.886
435.237
436.568
437.879
439.17
440.441
441.692
442.923
444.132
445.32
446.486
447.629
448.747
449.84
450.905
451.94
452.943
453.91
454.838
455.725
456.566
457.357
458.092
458.766
459.374
459.909
460.364
460.732
460.998
461.133
461.173
461.097
460.889
460.536
460.027
459.353
458.5
457.457
456.212
454.755
453.074
451.157
448.994
446.576
443.894
440.939
437.706
434.189
430.385
426.291
421.908
417.237
412.282
407.05
401.548
395.787
389.778
383.535
377.072
370.408
363.558
356.543
349.381
342.093
334.699
327.222
319.686
312.116
304.538
296.977
289.457
282.002
274.632
267.367
260.222
253.209
246.335
239.606
233.024
226.593
220.316
214.196
208.234
202.433
196.793
191.315
185.998
180.84
175.839
170.993
166.298
161.75
157.348
153.09
148.97
144.986
141.132
137.405
133.8
130.314
126.941
123.677
120.52
117.464
114.508
111.649
108.882
106.205
103.614
101.107
98.6825
96.3372
94.0694
91.8766
89.7565
87.7072
85.7271
83.8146
81.9684
80.1867
78.4675
76.8089
75.2095
73.6682
72.1837
70.7547
69.3798
68.0577
66.7861
65.5639
64.3902
63.2637
62.1834
61.148
60.1562
59.2068
58.298
57.4287
56.5981
55.8049
55.0482
54.3266
53.639
52.9842
52.3611
51.7685
51.2052
50.6702
50.1624
49.681
49.2247
48.7929
48.3846
47.999
47.6357
47.2941
46.9739
46.6753
46.3987
46.145
45.9162
45.7154
45.5474
45.4166
45.3293
45.3067
45.3518
45.5265
72.0774
29.146
19.985
16.7015
15.1147
14.2246
13.687
13.3536
13.151
13.0398
12.9974
13.0111
13.0738
13.1829
13.3377
13.5399
13.7923
14.0991
14.4651
14.8961
15.3981
15.9778
16.6415
17.3956
18.2458
19.1973
20.2537
21.4176
22.6896
24.0682
25.5501
27.1296
28.7992
30.5494
32.3693
34.2472
36.1706
38.1269
40.1042
42.0912
44.078
46.0562
48.0192
49.9624
51.8828
53.7795
55.6532
57.506
59.3414
61.1638
62.9782
64.7904
66.6062
68.4315
70.272
72.1333
74.0204
75.9378
77.8895
79.8791
81.9094
83.9827
86.1009
88.2654
90.4773
92.737
95.045
97.4013
99.8058
102.258
104.758
107.304
109.897
112.534
115.216
117.941
120.708
123.517
126.365
129.253
132.178
135.139
138.137
141.168
144.233
147.329
150.456
153.613
156.799
160.012
163.251
166.516
169.805
173.117
176.452
179.808
183.184
186.579
189.992
193.423
196.87
200.332
203.808
207.298
210.8
214.313
217.837
221.37
224.911
228.459
232.014
235.573
239.136
242.702
246.27
249.838
253.405
256.97
260.532
264.09
267.642
271.187
274.724
278.251
281.768
285.273
288.765
292.243
295.705
299.15
302.577
305.985
309.372
312.738
316.08
319.398
322.691
325.957
329.195
332.405
335.584
338.731
341.847
344.929
347.977
350.989
353.965
356.903
359.804
362.666
365.488
368.269
371.01
373.709
376.366
378.981
381.552
384.08
386.565
389.005
391.402
393.754
396.062
398.326
400.546
402.722
404.854
406.943
408.99
410.995
412.958
414.881
416.763
418.606
420.41
422.176
423.905
425.597
427.254
428.877
430.466
432.022
433.547
435.04
436.504
437.938
439.343
440.72
442.07
443.393
444.688
445.958
447.202
448.42
449.614
450.783
451.927
453.047
454.143
455.214
456.261
457.284
458.28
459.251
460.195
461.111
461.997
462.852
463.673
464.458
465.205
465.909
466.569
467.179
467.735
468.233
468.668
469.032
469.319
469.52
469.614
469.613
469.511
469.293
468.95
468.468
467.838
467.048
466.087
464.943
463.604
462.059
460.295
458.302
456.067
453.582
450.836
447.821
444.53
440.956
437.095
432.944
428.502
423.77
418.752
413.452
407.878
402.041
395.95
389.62
383.064
376.3
369.344
362.216
354.935
347.522
339.998
332.391
324.725
317.026
309.321
301.633
293.988
286.406
278.908
271.512
264.233
257.083
250.071
243.204
236.487
229.924
223.518
217.274
211.194
205.279
199.53
193.948
188.532
183.281
178.192
173.263
168.491
163.871
159.402
155.079
150.899
146.857
142.949
139.171
135.518
131.986
128.571
125.267
122.071
118.98
115.989
113.096
110.297
107.589
104.968
102.433
99.98
97.6073
95.3126
93.0935
90.9477
88.8734
86.8686
84.9318
83.0612
81.2553
79.5122
77.8303
76.2079
74.6436
73.1362
71.6842
70.2864
68.9414
67.6474
66.4031
65.2073
64.0589
62.9566
61.8991
60.8854
59.9141
58.9837
58.0931
57.2412
56.4268
55.6488
54.906
54.1973
53.5215
52.8774
52.2639
51.6799
51.1244
50.5963
50.0947
49.6186
49.1669
48.739
48.3341
47.9515
47.5908
47.2518
46.9345
46.6393
46.3671
46.1196
45.8995
45.7111
45.5589
45.4486
45.392
45.4016
45.4791
83.2645
32.7787
22.3039
18.5592
16.7567
15.7532
15.1541
14.7893
14.5742
14.4632
14.4301
14.4598
14.5443
14.68
14.8658
15.1029
15.3941
15.7433
16.1552
16.6354
17.1894
17.8233
18.5426
19.3529
20.2586
21.2633
22.3692
23.577
24.8854
26.2914
27.7898
29.3738
31.0346
32.7624
34.5462
36.3744
38.2355
40.1182
42.0122
43.9084
45.7989
47.6779
49.5412
51.3863
53.2128
55.0216
56.8153
58.5973
60.3724
62.1457
63.9228
65.7096
67.5118
69.3351
71.1847
73.0655
74.9819
76.9376
78.9361
80.9801
83.0719
85.2132
87.4055
89.6497
91.9464
94.2961
96.6988
99.1543
101.662
104.222
106.834
109.496
112.208
114.969
117.778
120.634
123.536
126.482
129.471
132.503
135.576
138.688
141.839
145.027
148.25
151.509
154.801
158.125
161.48
164.865
168.278
171.719
175.185
178.677
182.193
185.731
189.291
192.872
196.472
200.09
203.725
207.377
211.043
214.724
218.417
222.121
225.837
229.561
233.294
237.034
240.78
244.53
248.284
252.04
255.798
259.555
263.31
267.062
270.811
274.554
278.29
282.019
285.738
289.446
293.142
296.825
300.494
304.146
307.781
311.397
314.993
318.568
322.12
325.649
329.152
332.628
336.076
339.496
342.884
346.242
349.566
352.856
356.111
359.33
362.511
365.654
368.757
371.82
374.841
377.82
380.755
383.647
386.494
389.296
392.052
394.761
397.423
400.038
402.606
405.125
407.595
410.017
412.39
414.715
416.99
419.217
421.396
423.525
425.607
427.642
429.63
431.571
433.466
435.316
437.121
438.881
440.597
442.271
443.903
445.494
447.044
448.555
450.027
451.461
452.858
454.218
455.543
456.833
458.088
459.31
460.499
461.655
462.779
463.871
464.932
465.962
466.962
467.931
468.871
469.781
470.66
471.51
472.329
473.117
473.875
474.599
475.291
475.947
476.567
477.147
477.687
478.183
478.634
479.034
479.379
479.666
479.892
480.049
480.119
480.115
480.017
479.827
479.535
479.132
478.608
477.952
477.154
476.203
475.087
473.795
472.316
470.636
468.745
466.631
464.282
461.687
458.837
455.722
452.333
448.666
444.712
440.471
435.938
431.115
426.004
420.609
414.938
408.999
402.804
396.365
389.696
382.813
375.734
368.476
361.061
353.511
345.851
338.108
330.307
322.476
314.639
306.821
299.045
291.334
283.705
276.177
268.765
261.481
254.335
247.335
240.486
233.796
227.267
220.903
214.708
208.682
202.828
197.146
191.634
186.291
181.116
176.105
171.256
166.564
162.026
157.639
153.398
149.298
145.336
141.506
137.803
134.224
130.763
127.417
124.18
121.049
118.021
115.09
112.255
109.512
106.857
104.288
101.802
99.3966
97.0695
94.8185
92.6412
90.5358
88.5002
86.5327
84.6317
82.7955
81.0224
79.3108
77.659
76.0657
74.5294
73.0487
71.6224
70.249
68.9272
67.6554
66.4325
65.2572
64.1284
63.0447
62.0049
61.0079
60.0522
59.1367
58.2602
57.4216
56.6196
55.8531
55.1209
54.4219
53.7549
53.1187
52.5123
51.9346
51.3845
50.8611
50.3632
49.8901
49.4409
49.0148
48.6114
48.2301
47.8706
47.5331
47.2177
46.9255
46.6579
46.4174
46.2075
46.0324
45.8969
45.8097
45.7769
45.7848
93.3433
36.1203
24.5366
20.3937
18.4035
17.3022
16.6517
16.2626
16.0403
15.934
15.913
15.9606
16.0681
16.2307
16.4468
16.7173
17.0445
17.4319
17.8841
18.406
19.0026
19.6792
20.4406
21.291
22.2337
23.2709
24.4033
25.63
26.9485
28.3545
29.8417
31.4026
33.0284
34.7092
36.4345
38.194
39.9775
41.7755
43.5795
45.3827
47.1795
48.9662
50.7408
52.5027
54.2531
55.9945
57.7304
59.4653
61.2041
62.9524
64.7157
66.4997
68.3095
70.1505
72.0271
73.9436
75.9038
77.9107
79.9672
82.0755
84.2373
86.454
88.7267
91.0561
93.4424
95.886
98.3867
100.944
103.558
106.228
108.953
111.733
114.566
117.451
120.388
123.375
126.412
129.496
132.627
135.804
139.025
142.288
145.594
148.939
152.323
155.745
159.203
162.695
166.221
169.78
173.369
176.988
180.635
184.309
188.01
191.734
195.482
199.252
203.043
206.854
210.683
214.53
218.392
222.269
226.16
230.063
233.978
237.902
241.835
245.775
249.722
253.673
257.628
261.585
265.543
269.5
273.456
277.408
281.356
285.298
289.233
293.159
297.075
300.979
304.871
308.748
312.609
316.453
320.279
324.084
327.868
331.629
335.365
339.076
342.76
346.415
350.041
353.635
357.196
360.724
364.217
367.672
371.091
374.47
377.809
381.107
384.362
387.574
390.741
393.863
396.938
399.966
402.946
405.876
408.757
411.588
414.368
417.097
419.773
422.397
424.968
427.486
429.951
432.362
434.719
437.022
439.271
441.466
443.608
445.696
447.732
449.715
451.645
453.524
455.35
457.125
458.85
460.525
462.15
463.727
465.257
466.739
468.174
469.565
470.91
472.211
473.469
474.684
475.857
476.989
478.08
479.131
480.143
481.115
482.049
482.944
483.801
484.621
485.404
486.149
486.857
487.528
488.162
488.759
489.319
489.839
490.32
490.762
491.162
491.517
491.826
492.089
492.304
492.466
492.569
492.608
492.588
492.497
492.328
492.081
491.746
491.319
490.793
490.159
489.408
488.531
487.517
486.355
485.036
483.548
481.879
480.018
477.952
475.67
473.161
470.412
467.415
464.158
460.633
456.834
452.753
448.386
443.731
438.787
433.555
428.04
422.248
416.187
409.868
403.303
396.505
389.491
382.276
374.88
367.327
359.64
351.845
343.97
336.039
328.08
320.117
312.174
304.274
296.438
288.686
281.034
273.498
266.09
258.82
251.698
244.731
237.924
231.282
224.809
218.509
212.383
206.433
200.658
195.058
189.631
184.377
179.29
174.37
169.611
165.01
160.563
156.265
152.112
148.098
144.219
140.47
136.846
133.343
129.956
126.68
123.51
120.444
117.477
114.606
111.827
109.137
106.534
104.013
101.573
99.2117
96.9263
94.7148
92.5752
90.5055
88.504
86.569
84.6988
82.8919
81.1466
79.4613
77.8347
76.2653
74.7518
73.2929
71.8871
70.5333
69.2299
67.9759
66.7698
65.6106
64.4969
63.4277
62.4015
61.4173
60.4737
59.5696
58.7038
57.8751
57.0822
56.3242
55.5996
54.9075
54.2466
53.6158
53.014
52.4402
51.8932
51.3722
50.8762
50.4043
49.9558
49.5301
49.1268
48.7456
48.3864
48.0497
47.7362
47.4473
47.1854
46.9531
46.7543
46.5928
46.4748
46.4048
46.3514
102.073
39.1655
26.6813
22.195
20.0406
18.8546
18.1614
17.7539
17.5291
17.4309
17.4238
17.4907
17.6214
17.8103
18.0551
18.356
18.715
19.1351
19.6203
20.175
20.8035
21.5102
22.2991
23.1731
24.1346
25.1844
26.3222
27.5458
28.852
30.2354
31.6897
33.2073
34.7795
36.3973
38.0513
39.7325
41.4325
43.1436
44.8596
46.5753
48.2875
49.9941
51.6948
53.3905
55.0835
56.7772
58.4755
60.1833
61.9056
63.6476
65.4148
67.212
69.0442
70.9158
72.8309
74.7929
76.8052
78.8702
80.9904
83.1673
85.4026
87.6972
90.052
92.4675
94.9438
97.4811
100.079
102.738
105.456
108.234
111.071
113.965
116.916
119.924
122.986
126.102
129.27
132.49
135.76
139.079
142.445
145.857
149.314
152.814
156.356
159.939
163.561
167.22
170.916
174.646
178.41
182.207
186.034
189.89
193.775
197.686
201.622
205.583
209.566
213.571
217.596
221.64
225.701
229.779
233.871
237.977
242.095
246.224
250.362
254.509
258.662
262.821
266.984
271.15
275.317
279.484
283.649
287.811
291.968
296.12
300.264
304.4
308.525
312.637
316.737
320.822
324.89
328.94
332.971
336.981
340.968
344.931
348.869
352.779
356.661
360.514
364.334
368.122
371.875
375.593
379.273
382.915
386.517
390.078
393.596
397.07
400.499
403.882
407.218
410.505
413.742
416.929
420.065
423.148
426.178
429.153
432.074
434.94
437.749
440.501
443.196
445.834
448.413
450.933
453.394
455.796
458.139
460.422
462.645
464.809
466.914
468.959
470.946
472.873
474.741
476.551
478.303
479.997
481.635
483.216
484.741
486.211
487.626
488.988
490.296
491.552
492.757
493.91
495.013
496.066
497.071
498.026
498.933
499.793
500.605
501.37
502.089
502.761
503.388
503.968
504.503
504.992
505.436
505.835
506.187
506.492
506.75
506.964
507.128
507.239
507.296
507.303
507.258
507.152
506.984
506.751
506.453
506.082
505.634
505.105
504.49
503.784
502.979
502.068
501.044
499.896
498.617
497.196
495.623
493.888
491.979
489.885
487.594
485.095
482.376
479.426
476.234
472.791
469.088
465.115
460.868
456.34
451.529
446.432
441.051
435.389
429.452
423.247
416.785
410.078
403.139
395.982
388.626
381.092
373.403
365.585
357.664
349.665
341.615
333.539
325.461
317.405
309.394
301.448
293.586
285.824
278.179
270.663
263.287
256.06
248.99
242.083
235.345
228.778
222.388
216.175
210.142
204.288
198.612
193.114
187.791
182.64
177.658
172.842
168.187
163.688
159.341
155.142
151.084
147.164
143.375
139.714
136.174
132.751
129.44
126.237
123.138
120.138
117.234
114.422
111.7
109.063
106.509
104.036
101.641
99.3216
97.0758
94.9016
92.7971
90.7604
88.79
86.8842
85.0414
83.2603
81.5392
79.8767
78.2716
76.7224
75.228
73.787
72.3981
71.0601
69.7718
68.5319
67.3393
66.1927
65.0909
64.0328
63.0172
62.0427
61.1083
60.2127
59.3547
58.5331
57.7468
56.9945
56.2751
55.5874
54.9303
54.3025
53.7031
53.131
52.5852
52.0647
51.5687
51.0964
50.6472
50.2207
49.8165
49.4347
49.0756
48.7397
48.4285
48.1438
47.888
47.6643
47.4757
47.3266
47.2196
47.1147
109.408
42.0855
28.7561
23.9523
21.6495
20.3892
19.6604
19.2399
19.0165
18.9284
18.9367
19.024
19.1779
19.3919
19.6629
19.9907
20.3765
20.823
21.3335
21.9116
22.5611
23.2855
24.0879
24.9703
25.9341
26.9792
28.1045
29.3072
30.5834
31.9278
33.3341
34.795
36.3027
37.8493
39.4268
41.0277
42.6454
44.2741
45.9092
47.5476
49.1875
50.8282
52.4707
54.1168
55.7695
57.4324
59.1098
60.8064
62.527
64.2764
66.0595
67.8807
69.7444
71.6543
73.6139
75.6264
77.6943
79.8199
82.0049
84.2511
86.5594
88.9308
91.3658
93.865
96.4284
99.056
101.748
104.503
107.322
110.203
113.146
116.15
119.215
122.338
125.52
128.759
132.054
135.404
138.807
142.262
145.768
149.323
152.926
156.576
160.271
164.009
167.79
171.611
175.472
179.37
183.305
187.275
191.279
195.314
199.38
203.475
207.598
211.748
215.922
220.12
224.34
228.581
232.841
237.12
241.414
245.724
250.048
254.384
258.731
263.087
267.452
271.823
276.199
280.578
284.96
289.342
293.723
298.102
302.477
306.846
311.209
315.562
319.906
324.237
328.556
332.859
337.145
341.413
345.662
349.889
354.092
358.272
362.424
366.549
370.645
374.709
378.741
382.738
386.7
390.624
394.51
398.355
402.159
405.919
409.634
413.304
416.926
420.5
424.023
427.495
430.915
434.281
437.592
440.848
444.047
447.189
450.271
453.295
456.257
459.159
461.999
464.777
467.491
470.142
472.728
475.25
477.706
480.097
482.422
484.681
486.875
489.002
491.064
493.06
494.989
496.852
498.649
500.381
502.047
503.649
505.187
506.661
508.072
509.421
510.708
511.933
513.098
514.203
515.248
516.235
517.164
518.034
518.847
519.602
520.301
520.942
521.527
522.057
522.53
522.948
523.31
523.616
523.866
524.064
524.206
524.286
524.311
524.29
524.204
524.058
523.85
523.582
523.251
522.855
522.392
521.858
521.251
520.569
519.806
518.96
518.026
516.998
515.872
514.639
513.295
511.829
510.235
508.504
506.626
504.591
502.389
500.009
497.44
494.671
491.69
488.488
485.052
481.374
477.445
473.255
468.798
464.069
459.063
453.78
448.217
442.38
436.272
429.901
423.276
416.411
409.318
402.012
394.514
386.844
379.027
371.087
363.05
354.941
346.785
338.607
330.431
322.28
314.175
306.137
298.184
290.333
282.6
274.997
267.536
260.226
253.075
246.088
239.273
232.632
226.17
219.889
213.79
207.874
202.139
196.585
191.208
186.007
180.978
176.116
171.419
166.881
162.497
158.262
154.172
150.22
146.401
142.71
139.142
135.692
132.355
129.125
126
122.974
120.043
117.205
114.454
111.789
109.207
106.704
104.278
101.927
99.6495
97.4424
95.3043
93.2333
91.228
89.2867
87.4081
85.5905
83.8327
82.1334
80.4912
78.9048
77.3732
75.895
74.4691
73.0944
71.7696
70.4936
69.2652
68.0833
66.9467
65.8542
64.8048
63.7971
62.83
61.9023
61.0128
60.1603
59.3436
58.5615
57.8129
57.0964
56.411
55.7555
55.1288
54.5298
53.9576
53.4111
52.8894
52.3919
51.9179
51.4669
51.0386
50.633
50.2502
49.891
49.5563
49.2479
48.9677
48.7183
48.502
48.3219
48.1783
48.028
115.517
44.7225
30.7005
25.6291
23.2006
21.8788
21.1226
20.6945
20.4765
20.4005
20.4259
20.5337
20.71
20.9473
21.2419
21.5927
22.0004
22.467
22.9952
23.588
24.2485
24.9795
25.7832
26.661
27.6136
28.6403
29.7395
30.9082
32.1424
33.437
34.7862
36.1836
37.6224
39.0959
40.5976
42.1216
43.6629
45.2173
46.782
48.355
49.9357
51.5247
53.1236
54.7347
56.3613
58.0072
59.6764
61.3733
63.1025
64.8682
66.6747
68.526
70.4258
72.3774
74.3838
76.4477
78.5711
80.7561
83.0043
85.3169
87.6949
90.1391
92.65
95.2279
97.8729
100.585
103.364
106.21
109.122
112.099
115.142
118.248
121.418
124.651
127.945
131.299
134.712
138.183
141.711
145.295
148.932
152.623
156.364
160.156
163.996
167.882
171.815
175.791
179.81
183.87
187.969
192.106
196.28
200.489
204.731
209.005
213.31
217.644
222.006
226.393
230.805
235.241
239.698
244.175
248.671
253.184
257.713
262.256
266.812
271.379
275.956
280.541
285.132
289.728
294.328
298.93
303.532
308.132
312.73
317.323
321.909
326.488
331.057
335.615
340.16
344.69
349.204
353.7
358.176
362.63
367.061
371.467
375.847
380.198
384.519
388.809
393.065
397.286
401.47
405.615
409.721
413.784
417.805
421.78
425.709
429.59
433.422
437.203
440.931
444.605
448.225
451.788
455.293
458.739
462.126
465.451
468.714
471.913
475.048
478.118
481.122
484.058
486.926
489.726
492.456
495.116
497.705
500.222
502.667
505.041
507.341
509.57
511.725
513.806
515.814
517.748
519.608
521.394
523.107
524.747
526.314
527.809
529.231
530.582
531.862
533.072
534.212
535.282
536.284
537.217
538.082
538.879
539.608
540.269
540.863
541.389
541.849
542.241
542.568
542.827
543.021
543.147
543.199
543.199
543.135
542.994
542.785
542.51
542.164
541.749
541.262
540.704
540.074
539.369
538.588
537.729
536.79
535.768
534.66
533.463
532.173
530.786
529.297
527.701
525.991
524.161
522.204
520.112
517.877
515.489
512.94
510.219
507.317
504.222
500.925
497.415
493.683
489.718
485.511
481.055
476.342
471.367
466.126
460.616
454.837
448.792
442.483
435.92
429.111
422.071
414.815
407.358
399.719
391.919
383.981
375.929
367.789
359.584
351.339
343.078
334.824
326.598
318.422
310.314
302.295
294.378
286.581
278.916
271.396
264.028
256.82
249.78
242.911
236.22
229.709
223.381
217.238
211.279
205.505
199.912
194.5
189.265
184.205
179.315
174.591
170.028
165.62
161.364
157.253
153.282
149.446
145.738
142.153
138.687
135.333
132.087
128.945
125.901
122.953
120.095
117.324
114.638
112.033
109.506
107.055
104.678
102.372
100.136
97.9674
95.8649
93.827
91.8521
89.9388
88.0859
86.2921
84.5561
82.8767
81.2529
79.6834
78.1673
76.7034
75.2906
73.9279
72.6142
71.3484
70.1295
68.9562
67.8276
66.7424
65.6996
64.6979
63.7361
62.8132
61.9279
61.0789
60.2652
59.4854
58.7384
58.023
57.338
56.6824
56.055
55.4548
54.8808
54.3322
53.8081
53.3079
52.8311
52.3774
51.9467
51.5392
51.1554
50.7962
50.463
50.1574
49.8815
49.6369
49.4257
49.2465
49.056
120.403
47.0436
32.4842
27.1968
24.6665
23.2965
22.521
22.0909
21.8818
21.8199
21.8635
21.9919
22.1898
22.4488
22.7643
23.1345
23.5596
24.0408
24.5802
25.1803
25.8435
26.572
27.3675
28.2308
29.1622
30.1608
31.2248
32.3512
33.5364
34.7758
36.0644
37.3967
38.767
40.1701
41.6008
43.0547
44.5282
46.0185
47.5239
49.0436
50.5778
52.1278
53.6954
55.2835
56.8951
58.534
60.2039
61.9089
63.653
65.44
67.2737
69.1575
71.0946
73.0879
75.1401
77.2532
79.4294
81.6702
83.9771
86.3511
88.7933
91.3041
93.8842
96.5338
99.2531
102.042
104.9
107.828
110.825
113.89
117.022
120.222
123.488
126.82
130.216
133.675
137.197
140.78
144.423
148.125
151.884
155.699
159.569
163.493
167.468
171.494
175.568
179.69
183.858
188.07
192.325
196.621
200.957
205.331
209.742
214.189
218.669
223.18
227.723
232.295
236.894
241.519
246.168
250.84
255.534
260.247
264.978
269.726
274.489
279.266
284.054
288.852
293.659
298.473
303.292
308.114
312.939
317.764
322.587
327.407
332.222
337.03
341.83
346.619
351.397
356.16
360.908
365.639
370.35
375.04
379.707
384.349
388.965
393.552
398.109
402.634
407.125
411.581
415.999
420.377
424.715
429.009
433.26
437.464
441.62
445.726
449.781
453.783
457.731
461.622
465.456
469.231
472.946
476.598
480.187
483.712
487.171
490.563
493.887
497.141
500.325
503.436
506.475
509.441
512.331
515.146
517.884
520.545
523.127
525.631
528.056
530.402
532.667
534.851
536.954
538.976
540.915
542.773
544.548
546.242
547.855
549.385
550.835
552.204
553.493
554.701
555.831
556.881
557.853
558.746
559.561
560.296
560.953
561.531
562.031
562.452
562.795
563.06
563.248
563.355
563.389
563.353
563.228
563.025
562.741
562.375
561.928
561.401
560.792
560.101
559.327
558.469
557.528
556.5
555.386
554.183
552.89
551.505
550.026
548.449
546.772
544.992
543.104
541.104
538.988
536.749
534.383
531.881
529.238
526.446
523.495
520.379
517.087
513.61
509.94
506.066
501.979
497.671
493.133
488.357
483.338
478.068
472.546
466.767
460.731
454.442
447.901
441.117
434.103
426.874
419.448
411.836
404.057
396.13
388.079
379.927
371.697
363.412
355.097
346.773
338.462
330.186
321.963
313.813
305.753
297.799
289.965
282.267
274.716
267.32
260.085
253.018
246.124
239.408
232.873
226.523
220.36
214.383
208.59
202.982
197.554
192.306
187.234
182.333
177.599
173.028
168.614
164.352
160.236
156.261
152.42
148.709
145.121
141.651
138.293
135.043
131.896
128.846
125.889
123.023
120.241
117.543
114.923
112.381
109.912
107.515
105.187
102.927
100.733
98.604
96.5373
94.5322
92.5873
90.7015
88.8736
87.1025
85.3872
83.7266
82.1198
80.5659
79.0638
77.6127
76.2115
74.8594
73.5552
72.2981
71.087
69.9208
68.7985
67.719
66.6812
65.6838
64.7259
63.8061
62.9233
62.0762
61.2637
60.4846
59.7377
59.0218
58.3358
57.6785
57.0489
56.446
55.869
55.3171
54.7894
54.2857
53.8054
53.3485
52.915
52.5055
52.1207
51.7616
51.4297
51.1264
50.8528
50.6104
50.3963
50.1653
124.113
49.0338
34.0837
28.6305
26.022
24.6168
23.8299
23.4033
23.2062
23.16
23.2229
23.3719
23.5909
23.8702
24.2044
24.5911
25.0298
25.5213
26.0669
26.6686
27.3284
28.048
28.8286
29.6709
30.5749
31.5397
32.5635
33.6439
34.7777
35.961
37.1896
38.4591
39.7651
41.1036
42.4706
43.863
45.2783
46.7149
48.1719
49.6494
51.148
52.6695
54.2158
55.7898
57.3945
59.0332
60.7094
62.4268
64.1889
65.999
67.8605
69.7762
71.7491
73.7817
75.8761
78.0344
80.2583
82.5493
84.9086
87.3372
89.8361
92.4058
95.0468
97.7595
100.544
103.4
106.329
109.328
112.399
115.541
118.754
122.036
125.387
128.806
132.293
135.846
139.465
143.148
146.894
150.703
154.572
158.501
162.487
166.531
170.63
174.783
178.988
183.244
187.55
191.903
196.303
200.748
205.237
209.767
214.337
218.946
223.592
228.273
232.988
237.736
242.514
247.322
252.157
257.018
261.903
266.811
271.74
276.689
281.655
286.637
291.634
296.643
301.663
306.693
311.73
316.773
321.82
326.869
331.919
336.967
342.012
347.052
352.086
357.11
362.123
367.125
372.111
377.081
382.033
386.964
391.873
396.758
401.617
406.448
411.248
416.017
420.752
425.45
430.111
434.732
439.312
443.848
448.338
452.781
457.175
461.518
465.808
470.044
474.223
478.344
482.405
486.404
490.341
494.213
498.019
501.757
505.426
509.024
512.55
516.003
519.38
522.682
525.906
529.052
532.117
535.102
538.004
540.823
543.558
546.208
548.773
551.251
553.641
555.944
558.158
560.282
562.316
564.261
566.115
567.878
569.551
571.133
572.625
574.027
575.339
576.562
577.696
578.74
579.696
580.563
581.34
582.027
582.625
583.133
583.55
583.878
584.115
584.263
584.326
584.312
584.197
583.987
583.682
583.283
582.79
582.202
581.52
580.743
579.871
578.903
577.838
576.676
575.416
574.057
572.598
571.038
569.376
567.61
565.737
563.757
561.667
559.464
557.146
554.708
552.148
549.46
546.641
543.685
540.586
537.338
533.935
530.368
526.631
522.716
518.614
514.317
509.818
505.108
500.182
495.031
489.65
484.034
478.18
472.085
465.75
459.177
452.371
445.339
438.098
430.666
423.062
415.291
407.371
399.321
391.164
382.92
374.614
366.266
357.9
349.535
341.192
332.891
324.65
316.486
308.416
300.454
292.614
284.914
277.365
269.972
262.742
255.68
248.791
242.079
235.549
229.205
223.048
217.078
211.293
205.691
200.272
195.032
189.968
185.077
180.353
175.792
171.39
167.139
163.035
159.072
155.244
151.545
147.969
144.51
141.163
137.922
134.783
131.739
128.788
125.924
123.143
120.443
117.82
115.27
112.793
110.384
108.043
105.767
103.554
101.404
99.314
97.2836
95.3115
93.3965
91.5379
89.7345
87.9855
86.2902
84.6476
83.0571
81.5177
80.0286
78.5892
77.1986
75.8558
74.5601
73.3104
72.1059
70.9456
69.8285
68.7534
67.7193
66.725
65.7695
64.8515
63.9699
63.1234
62.3109
61.5311
60.7829
60.0652
59.3767
58.7165
58.0836
57.477
56.896
56.3398
55.8079
55.2999
54.8157
54.3553
53.919
53.5074
53.1215
52.7622
52.4307
52.1275
51.8536
51.6052
51.3361
126.722
50.6818
35.4783
29.9078
27.2442
25.8165
25.0258
24.6075
24.4254
24.3966
24.4795
24.6495
24.889
25.1876
25.5391
25.9403
26.3902
26.8889
27.4374
28.0373
28.6899
29.3968
30.159
30.977
31.8509
32.7798
33.7625
34.7968
35.8803
37.0099
38.1823
39.3943
40.6424
41.9236
43.2353
44.5754
45.9422
47.3349
48.7534
50.1981
51.6701
53.1713
54.7036
56.2698
57.8727
59.5152
61.2006
62.932
64.7124
66.545
68.4325
70.3775
72.3825
74.4498
76.5812
78.7787
81.0437
83.3776
85.7816
88.2566
90.8035
93.4229
96.1154
98.8813
101.721
104.634
107.621
110.682
113.816
117.023
120.303
123.655
127.079
130.574
134.139
137.773
141.475
145.245
149.082
152.984
156.949
160.978
165.068
169.219
173.428
177.695
182.018
186.396
190.827
195.309
199.842
204.423
209.052
213.726
218.444
223.204
228.005
232.846
237.723
242.637
247.586
252.567
257.579
262.62
267.689
272.785
277.904
283.047
288.21
293.392
298.592
303.808
309.038
314.28
319.532
324.792
330.059
335.331
340.606
345.882
351.156
356.428
361.695
366.955
372.206
377.446
382.674
387.886
393.081
398.258
403.413
408.545
413.651
418.73
423.78
428.798
433.782
438.731
443.642
448.513
453.342
458.127
462.865
467.556
472.197
476.785
481.319
485.798
490.218
494.578
498.876
503.111
507.281
511.383
515.416
519.378
523.268
527.084
530.825
534.488
538.072
541.575
544.997
548.335
551.589
554.756
557.836
560.827
563.727
566.537
569.254
571.878
574.408
576.843
579.182
581.423
583.566
585.612
587.558
589.405
591.153
592.801
594.35
595.799
597.149
598.4
599.552
600.605
601.558
602.412
603.165
603.818
604.371
604.821
605.169
605.415
605.558
605.613
605.579
605.43
605.171
604.803
604.326
603.742
603.048
602.246
601.334
600.313
599.181
597.938
596.583
595.116
593.536
591.841
590.032
588.106
586.064
583.903
581.623
579.222
576.697
574.048
571.273
568.368
565.331
562.16
558.85
555.397
551.798
548.049
544.142
540.074
535.838
531.427
526.837
522.059
517.088
511.919
506.545
500.96
495.161
489.144
482.906
476.445
469.764
462.873
455.769
448.463
440.971
433.311
425.512
417.569
409.499
401.323
393.062
384.736
376.367
367.975
359.579
351.199
342.853
334.559
326.332
318.19
310.146
302.213
294.401
286.736
279.225
271.871
264.68
257.657
250.805
244.13
237.634
231.326
225.205
219.27
213.519
207.951
202.563
197.355
192.324
187.464
182.771
178.242
173.87
169.65
165.577
161.644
157.845
154.175
150.627
147.196
143.875
140.658
137.542
134.519
131.586
128.738
125.971
123.282
120.667
118.123
115.647
113.237
110.892
108.608
106.385
104.221
102.115
100.066
98.072
96.1332
94.2483
92.4167
90.6377
88.9106
87.2348
85.6097
84.0347
82.5092
81.0325
79.6041
78.2231
76.889
75.6008
74.3578
73.1591
72.0038
70.8908
69.8192
68.7879
67.7957
66.8416
65.9244
65.0429
64.1959
63.3822
62.6006
61.8501
61.1294
60.4375
59.7735
59.1363
58.5251
57.9393
57.3783
56.8417
56.3291
55.8408
55.3767
54.9375
54.5238
54.1362
53.7757
53.4424
53.1367
52.8542
52.5493
128.121
51.954
36.6452
31.0086
28.3132
26.8756
26.0885
25.6829
25.5183
25.5083
25.6124
25.8036
26.0636
26.381
26.7489
27.1636
27.6234
28.128
28.6779
29.2744
29.9185
30.6116
31.3545
32.148
32.992
33.8862
34.8296
35.8208
36.8579
37.9387
39.0609
40.222
41.4198
42.6521
43.9172
45.2138
46.541
47.8985
49.2867
50.7063
52.1587
53.6455
55.1688
56.7311
58.3348
59.9828
61.6778
63.4226
65.2198
67.0721
68.9821
70.9519
72.9838
75.0798
77.2417
79.471
81.7693
84.1377
86.5775
89.0896
91.6748
94.3338
97.0671
99.8753
102.759
105.717
108.751
111.861
115.045
118.305
121.64
125.049
128.532
132.088
135.717
139.418
143.191
147.033
150.946
154.926
158.974
163.088
167.267
171.51
175.816
180.182
184.608
189.093
193.635
198.232
202.883
207.587
212.342
217.146
221.999
226.898
231.842
236.829
241.857
246.926
252.033
257.176
262.355
267.566
272.81
278.083
283.384
288.712
294.064
299.439
304.836
310.251
315.683
321.131
326.593
332.066
337.549
343.04
348.536
354.036
359.538
365.039
370.538
376.032
381.52
386.999
392.467
397.923
403.362
408.785
414.187
419.568
424.925
430.256
435.557
440.829
446.067
451.269
456.435
461.56
466.644
471.683
476.676
481.621
486.514
491.355
496.14
500.868
505.537
510.144
514.688
519.166
523.576
527.917
532.186
536.382
540.502
544.546
548.51
552.393
556.193
559.909
563.539
567.08
570.532
573.893
577.161
580.335
583.412
586.393
589.275
592.057
594.739
597.318
599.794
602.165
604.43
606.589
608.641
610.585
612.421
614.148
615.767
617.277
618.678
619.97
621.154
622.228
623.192
624.046
624.79
625.422
625.942
626.349
626.641
626.817
626.892
626.876
626.732
626.464
626.073
625.559
624.922
624.163
623.279
622.272
621.14
619.882
618.497
616.985
615.345
613.576
611.677
609.647
607.485
605.191
602.762
600.2
597.501
594.666
591.692
588.579
585.326
581.93
578.39
574.704
570.87
566.885
562.747
558.452
553.998
549.379
544.593
539.635
534.5
529.185
523.684
517.996
512.115
506.039
499.764
493.288
486.615
479.74
472.67
465.406
457.95
450.325
442.549
434.647
426.668
418.577
410.381
402.1
393.756
385.368
376.955
368.536
360.128
351.75
343.418
335.149
326.956
318.855
310.858
302.974
295.203
287.607
280.171
272.896
265.784
258.84
252.065
245.464
239.038
232.798
226.745
220.876
215.188
209.681
204.351
199.201
194.225
189.42
184.782
180.305
175.985
171.816
167.792
163.908
160.158
156.535
153.032
149.645
146.367
143.191
140.113
137.127
134.228
131.411
128.672
126.008
123.414
120.887
118.425
116.026
113.687
111.407
109.183
107.015
104.901
102.84
100.832
98.8756
96.9705
95.1159
93.3114
91.5566
89.8512
88.1947
86.5867
85.027
83.5149
82.0502
80.6323
79.2606
77.9346
76.6535
75.4165
74.223
73.072
71.9626
70.8938
69.8645
68.8737
67.9202
67.003
66.1207
65.2723
64.4565
63.6724
62.9186
62.1942
61.4981
60.8295
60.1874
59.5712
58.9802
58.414
57.8723
57.3551
56.8625
56.3947
55.9523
55.5358
55.1456
54.7816
54.444
54.1277
53.7882
128.525
52.8767
37.5801
31.9213
29.2155
27.7794
27.0024
26.613
26.4668
26.4773
26.6041
26.8174
27.0981
27.4342
27.8185
28.2465
28.7161
29.2265
29.7781
30.3715
31.0078
31.6881
32.4134
33.1844
34.0014
34.8643
35.7727
36.7257
37.7222
38.7608
39.8398
40.9578
42.1133
43.3049
44.5317
45.7929
47.0882
48.4179
49.7825
51.1828
52.6204
54.0968
55.6141
57.1743
58.7797
60.4329
62.1361
63.892
65.7027
67.5707
69.4982
71.4871
73.5395
75.6572
77.8418
80.0948
82.4176
84.8114
87.2773
89.8163
92.4292
95.1169
97.8799
100.719
103.634
106.625
109.694
112.839
116.061
119.36
122.735
126.187
129.715
133.319
136.997
140.75
144.577
148.477
152.45
156.494
160.608
164.792
169.044
173.364
177.749
182.199
186.713
191.289
195.926
200.622
205.376
210.188
215.054
219.974
224.946
229.97
235.042
240.162
245.327
250.537
255.789
261.083
266.415
271.785
277.191
282.631
288.103
293.606
299.137
304.695
310.278
315.884
321.512
327.158
332.822
338.5
344.192
349.896
355.608
361.327
367.051
372.778
378.505
384.23
389.952
395.667
401.374
407.07
412.753
418.421
424.071
429.701
435.308
440.89
446.445
451.971
457.464
462.923
468.346
473.728
479.07
484.367
489.618
494.82
499.97
505.068
510.109
515.092
520.014
524.874
529.669
534.396
539.053
543.639
548.151
552.587
556.945
561.222
565.418
569.529
573.553
577.489
581.335
585.089
588.748
592.311
595.776
599.142
602.406
605.567
608.624
611.575
614.418
617.152
619.776
622.287
624.686
626.97
629.139
631.191
633.127
634.946
636.646
638.229
639.694
641.04
642.267
643.374
644.362
645.23
645.977
646.602
647.104
647.48
647.729
647.853
647.88
647.786
647.55
647.177
646.667
646.02
645.235
644.313
643.251
642.05
640.707
639.223
637.595
635.822
633.904
631.839
629.625
627.263
624.751
622.088
619.272
616.304
613.182
609.904
606.471
602.881
599.134
595.229
591.164
586.94
582.554
578.005
573.293
568.416
563.373
558.161
552.778
547.222
541.491
535.583
529.498
523.233
516.789
510.163
503.359
496.372
489.2
481.833
474.308
466.662
458.9
451.001
442.981
434.868
426.711
418.435
410.084
401.68
393.242
384.789
376.336
367.901
359.499
351.145
342.854
334.64
326.515
318.492
310.581
302.789
295.11
287.603
280.258
273.074
266.055
259.204
252.522
246.012
239.67
233.532
227.582
221.813
216.223
210.809
205.567
200.5
195.607
190.882
186.321
181.919
177.672
173.575
169.621
165.806
162.123
158.565
155.127
151.802
148.583
145.466
142.443
139.51
136.661
133.891
131.195
128.57
126.012
123.517
121.083
118.707
116.387
114.121
111.907
109.745
107.633
105.57
103.556
101.59
99.6713
97.8001
95.976
94.1988
92.4683
90.7845
89.1471
87.5562
86.0115
84.5128
83.0598
81.6521
80.2895
78.9712
77.6969
76.4657
75.2771
74.13
73.0237
71.9572
70.9295
69.9395
68.9861
68.0681
67.1845
66.334
65.5156
64.7282
63.9706
63.2419
62.5412
61.8675
61.2201
60.5984
60.002
59.4305
58.8838
58.3618
57.8648
57.3931
56.9469
56.5265
56.1314
55.7617
55.4118
55.0389
127.974
53.4356
38.2734
32.6369
29.9415
28.5179
27.7577
27.3878
27.2617
27.2942
27.4436
27.6788
27.9804
28.3356
28.7366
29.1785
29.6588
30.1762
30.7309
31.3231
31.954
32.6244
33.3354
34.0879
34.8824
35.7192
36.5984
37.5196
38.4824
39.486
40.5296
41.6122
42.7333
43.892
45.0879
46.3209
47.591
48.8987
50.2447
51.63
53.0561
54.5244
56.0367
57.5951
59.2015
60.858
62.5668
64.3301
66.15
68.0284
69.9675
71.9689
74.0346
76.1661
78.3651
80.6329
82.9708
85.3801
87.8619
90.4171
93.0468
95.7516
98.5324
101.39
104.324
107.336
110.426
113.593
116.839
120.163
123.565
127.045
130.602
134.238
137.95
141.74
145.606
149.547
153.564
157.655
161.819
166.056
170.365
174.744
179.193
183.71
188.295
192.945
197.66
202.439
207.28
212.181
217.142
222.162
227.238
232.369
237.555
242.792
248.079
253.415
258.799
264.228
269.7
275.215
280.769
286.363
291.993
297.659
303.357
309.087
314.846
320.632
326.444
332.279
338.136
344.011
349.904
355.812
361.732
367.663
373.603
379.549
385.498
391.449
397.4
403.347
409.288
415.222
421.145
427.055
432.949
438.826
444.682
450.514
456.322
462.101
467.85
473.565
479.244
484.885
490.485
496.041
501.551
507.013
512.423
517.779
523.079
528.32
533.499
538.614
543.664
548.644
553.553
558.388
563.147
567.828
572.429
576.946
581.378
585.722
589.977
594.139
598.208
602.179
606.053
609.825
613.495
617.06
620.519
623.869
627.108
630.236
633.249
636.148
638.928
641.59
644.13
646.549
648.845
651.017
653.063
654.983
656.777
658.443
659.982
661.393
662.675
663.827
664.851
665.744
666.506
667.137
667.633
667.993
668.213
668.308
668.291
668.125
667.809
667.343
666.727
665.96
665.041
663.968
662.74
661.357
659.815
658.115
656.253
654.23
652.042
649.689
647.168
644.48
641.621
638.592
635.391
632.017
628.469
624.746
620.847
616.772
612.52
608.091
603.485
598.702
593.741
588.604
583.289
577.797
572.129
566.284
560.262
554.063
547.688
541.139
534.417
527.524
520.467
513.24
505.834
498.249
490.541
482.75
474.841
466.86
458.718
450.468
442.135
433.74
425.303
416.818
408.303
399.773
391.244
382.733
374.253
365.819
357.444
349.14
340.92
332.793
324.771
316.863
309.079
301.424
293.906
286.543
279.338
272.296
265.418
258.707
252.164
245.789
239.577
233.557
227.722
222.065
216.585
211.277
206.14
201.186
196.405
191.789
187.333
183.028
178.877
174.873
171.011
167.284
163.687
160.214
156.858
153.614
150.474
147.432
144.482
141.619
138.836
136.129
133.493
130.923
128.416
125.968
123.575
121.237
118.949
116.71
114.519
112.375
110.275
108.221
106.21
104.243
102.319
100.439
98.602
96.8085
95.0586
93.3525
91.6903
90.0722
88.4983
86.9686
85.4832
84.0419
82.6445
81.2908
79.9804
78.7127
77.4872
76.3032
75.16
74.0566
72.9921
71.9656
70.976
70.0223
69.1033
68.2179
67.365
66.5435
65.7524
64.9907
64.2573
63.5516
62.8726
62.2198
61.5926
60.9907
60.4139
59.862
59.3352
58.8336
58.3573
57.9062
57.4798
57.0778
56.6946
56.289
126.499
53.6427
38.728
33.1557
30.4899
29.0884
28.3497
28.0016
27.8965
27.9514
28.1232
28.3804
28.7029
29.0776
29.4961
29.9531
30.4456
30.9721
31.5323
32.1264
32.7553
33.4199
34.1212
34.8603
35.638
36.455
37.3116
38.2082
39.1446
40.1207
41.1364
42.1914
43.2853
44.4182
45.5899
46.8006
48.0508
49.3411
50.6722
52.0453
53.4616
54.9227
56.4301
57.9855
59.5908
61.2479
62.9586
64.7249
66.5486
68.4316
70.3756
72.3824
74.4535
76.5906
78.7951
81.0684
83.4118
85.8265
88.3135
90.874
93.5089
96.2191
99.0055
101.869
104.81
107.829
110.927
114.104
117.359
120.693
124.106
127.599
131.172
134.823
138.554
142.364
146.252
150.218
154.262
158.384
162.581
166.854
171.202
175.624
180.118
184.685
189.323
194.03
198.806
203.649
208.559
213.533
218.571
223.672
228.835
234.058
239.339
244.677
250.07
255.517
261.015
266.564
272.161
277.805
283.494
289.226
295.001
300.815
306.667
312.556
318.478
324.432
330.416
336.429
342.466
348.528
354.611
360.714
366.833
372.967
379.114
385.271
391.435
397.604
403.776
409.949
416.119
422.284
428.441
434.589
440.723
446.842
452.943
459.024
465.08
471.11
477.112
483.081
489.016
494.914
500.771
506.586
512.355
518.076
523.745
529.361
534.92
540.42
545.858
551.231
556.536
561.771
566.934
572.021
577.031
581.96
586.806
591.566
596.238
600.82
605.309
609.702
613.998
618.193
622.285
626.273
630.153
633.923
637.582
641.127
644.556
647.867
651.058
654.127
657.073
659.892
662.583
665.146
667.577
669.876
672.042
674.073
675.969
677.729
679.351
680.836
682.183
683.391
684.46
685.39
686.179
686.826
687.329
687.684
687.889
687.964
687.906
687.685
687.302
686.757
686.047
685.172
684.13
682.919
681.538
679.984
678.255
676.35
674.266
672.001
669.553
666.92
664.101
661.093
657.894
654.504
650.921
647.143
643.169
638.999
634.63
630.064
625.3
620.338
615.178
609.82
604.267
598.518
592.576
586.442
580.117
573.605
566.907
560.026
552.965
545.732
538.331
530.766
523.031
515.124
507.102
499.02
490.876
482.565
474.152
465.662
457.09
448.456
439.781
431.083
422.379
413.677
404.99
396.332
387.716
379.155
370.662
362.247
353.92
345.691
337.569
329.562
321.676
313.92
306.298
298.818
291.484
284.306
277.286
270.427
263.733
257.204
250.841
244.646
238.619
232.767
227.092
221.589
216.258
211.093
206.09
201.262
196.602
192.104
187.764
183.578
179.547
175.662
171.915
168.297
164.807
161.437
158.182
155.036
151.992
149.044
146.184
143.408
140.709
138.082
135.522
133.024
130.584
128.198
125.863
123.576
121.335
119.138
116.983
114.868
112.794
110.758
108.761
106.803
104.884
103.003
101.161
99.3585
97.5958
95.8733
94.1916
92.5512
90.9524
89.3957
87.8812
86.4092
84.9798
83.5928
82.2482
80.9457
79.6848
78.465
77.2857
76.1462
75.0457
73.9832
72.9578
71.9685
71.0142
70.0939
69.2065
68.351
67.5262
66.7313
65.9652
65.2271
64.5162
63.832
63.1737
62.5411
61.9338
61.3517
60.7946
60.2627
59.7558
59.2738
58.8159
58.3816
57.9654
57.5279
124.197
53.5368
38.9665
33.4927
30.8706
29.4967
28.7813
28.455
28.3704
28.4468
28.6403
28.919
29.2624
29.657
30.0939
30.5674
31.074
31.6121
32.1809
32.7805
33.4116
34.0751
34.7721
35.5036
36.2708
37.0745
37.9156
38.7946
39.7119
40.668
41.6631
42.6973
43.7709
44.884
46.0372
47.2306
48.4651
49.7413
51.06
52.4225
53.8298
55.2834
56.7847
58.3352
59.9367
61.5906
63.2989
65.063
66.8848
68.7659
70.708
72.7125
74.7811
76.9151
79.1161
81.3856
83.7247
86.1347
88.6163
91.1708
93.7993
96.5028
99.2824
102.139
105.074
108.088
111.182
114.354
117.604
120.934
124.344
127.834
131.405
135.057
138.79
142.604
146.498
150.472
154.527
158.661
162.874
167.166
171.535
175.982
180.505
185.103
189.776
194.522
199.341
204.231
209.19
214.217
219.314
224.479
229.71
235.007
240.366
245.788
251.269
256.809
262.405
268.057
273.762
279.519
285.326
291.181
297.084
303.032
309.023
315.056
321.127
327.236
333.379
339.555
345.761
351.997
358.258
364.544
370.851
377.178
383.521
389.879
396.248
402.627
409.012
415.401
421.792
428.181
434.566
440.944
447.313
453.669
460.009
466.331
472.632
478.909
485.159
491.379
497.566
503.718
509.83
515.901
521.927
527.905
533.833
539.707
545.525
551.283
556.978
562.608
568.17
573.661
579.078
584.418
589.679
594.858
599.951
604.956
609.871
614.693
619.418
624.045
628.571
632.993
637.308
641.514
645.608
649.589
653.452
657.197
660.82
664.32
667.694
670.941
674.057
677.04
679.889
682.602
685.176
687.611
689.904
692.054
694.06
695.921
697.635
699.203
700.624
701.897
703.022
703.998
704.824
705.497
706.016
706.379
706.58
706.642
706.551
706.287
705.849
705.235
704.443
703.472
702.319
700.981
699.457
697.743
695.838
693.738
691.442
688.945
686.247
683.343
680.232
676.912
673.379
669.633
665.672
661.493
657.095
652.476
647.637
642.576
637.293
631.789
626.065
620.121
613.959
607.581
600.99
594.19
587.184
579.976
572.572
564.977
557.199
549.249
541.123
532.801
524.374
515.902
507.359
498.653
489.853
480.963
472.006
463.005
453.973
444.928
435.887
426.87
417.892
408.966
400.104
391.318
382.62
374.02
365.526
357.148
348.891
340.762
332.767
324.91
317.195
309.625
302.204
294.935
287.821
280.865
274.071
267.438
260.968
254.662
248.52
242.542
236.729
231.083
225.604
220.292
215.144
210.158
205.332
200.668
196.165
191.817
187.622
183.571
179.671
175.912
172.29
168.799
165.436
162.193
159.06
156.031
153.1
150.262
147.511
144.839
142.241
139.711
137.244
134.834
132.477
130.17
127.908
125.689
123.509
121.368
119.262
117.191
115.154
113.151
111.179
109.241
107.336
105.464
103.626
101.822
100.054
98.3224
96.6274
94.9703
93.3518
91.7725
90.2332
88.7342
87.2759
85.8587
84.4825
83.1473
81.8529
80.599
79.3852
78.2108
77.0752
75.9776
74.9171
73.8929
72.9039
71.9491
71.0275
70.1381
69.2798
68.4517
67.6529
66.8825
66.1397
65.4239
64.7344
64.0709
63.4329
62.8202
62.2328
61.6703
61.1327
60.6196
60.1301
59.6637
59.2147
58.746
121.539
53.2714
39.0704
33.6952
31.1122
29.7608
29.0637
28.7552
28.6879
28.7835
28.9969
29.296
29.6599
30.0745
30.5305
31.0218
31.5446
32.0968
32.6774
33.2864
33.9241
34.5914
35.2895
36.0194
36.7823
37.5794
38.4116
39.28
40.1853
41.1281
42.1091
43.1289
44.1879
45.2867
46.4259
47.6061
48.828
50.0924
51.4004
52.7529
54.1511
55.5962
57.0896
58.6326
60.2268
61.8736
63.5745
65.3312
67.1451
69.0178
70.9508
72.9457
75.0035
77.1259
79.3142
81.5703
83.8956
86.2919
88.7578
91.295
93.9052
96.5897
99.35
102.187
105.102
108.097
111.172
114.325
117.558
120.87
124.263
127.737
131.293
134.931
138.651
142.453
146.337
150.303
154.351
158.481
162.693
166.985
171.358
175.811
180.343
184.954
189.642
194.408
199.25
204.166
209.156
214.218
219.356
224.567
229.849
235.201
240.621
246.107
251.659
257.274
262.951
268.689
274.485
280.337
286.243
292.204
298.218
304.284
310.398
316.559
322.765
329.012
335.3
341.625
347.986
354.381
360.808
367.263
373.746
380.253
386.781
393.328
399.891
406.468
413.056
419.652
426.254
432.859
439.462
446.063
452.657
459.242
465.815
472.373
478.912
485.43
491.923
498.388
504.822
511.223
517.586
523.909
530.188
536.421
542.603
548.733
554.806
560.821
566.772
572.658
578.476
584.221
589.892
595.484
600.996
606.424
611.765
617.016
622.174
627.236
632.2
637.062
641.82
646.47
651.01
655.438
659.749
663.942
668.014
671.962
675.783
679.477
683.039
686.467
689.758
692.911
695.923
698.792
701.515
704.091
706.518
708.794
710.917
712.887
714.701
716.36
717.862
719.208
720.396
721.427
722.297
723.006
723.551
723.93
724.137
724.192
724.078
723.78
723.297
722.625
721.762
720.704
719.45
717.995
716.338
714.475
712.402
710.117
707.616
704.897
701.955
698.788
695.393
691.766
687.905
683.807
679.47
674.892
670.07
665.004
659.691
654.132
648.325
642.273
635.975
629.434
622.651
615.629
608.374
600.89
593.182
585.259
577.125
568.795
560.266
551.524
542.634
533.699
524.705
515.529
506.242
496.857
487.402
477.898
468.369
458.837
449.321
439.841
430.417
421.068
411.809
402.655
393.618
384.709
375.936
367.308
358.83
350.508
342.344
334.342
326.502
318.826
311.313
303.965
296.78
289.759
282.901
276.208
269.678
263.31
257.105
251.061
245.178
239.454
233.889
228.484
223.239
218.151
213.219
208.442
203.819
199.349
195.03
190.861
186.837
182.956
179.215
175.61
172.137
168.788
165.562
162.452
159.451
156.558
153.762
151.055
148.428
145.878
143.397
140.981
138.623
136.318
134.061
131.848
129.676
127.54
125.438
123.367
121.326
119.313
117.327
115.367
113.434
111.528
109.648
107.795
105.97
104.175
102.41
100.676
98.9749
97.3076
95.6752
94.0788
92.5193
90.9977
89.5146
88.0705
86.6658
85.3008
83.9754
82.6896
81.4432
80.2356
79.0665
77.9351
76.8407
75.7824
74.7595
73.7709
72.8158
71.893
71.0017
70.1408
69.3096
68.5071
67.7325
66.9852
66.2646
65.5702
64.9015
64.2583
63.6403
63.0473
62.4789
61.9347
61.4137
60.9154
60.4341
59.9348
122.161
53.5643
39.2732
33.8615
31.2629
29.9071
29.2134
28.9132
28.8575
28.9682
29.1987
29.5164
29.8997
30.3341
30.8097
31.3199
31.8605
32.4292
33.0246
33.6465
34.295
34.9709
35.6752
36.409
37.1735
37.9701
38.7998
39.6639
40.5633
41.499
42.4719
43.4826
44.532
45.6209
46.7499
47.9199
49.1316
50.386
51.6839
53.0265
54.4148
55.85
57.3332
58.8657
60.4489
62.0842
63.7731
65.5168
67.3168
69.1745
71.0919
73.0707
75.1098
77.2115
79.3776
81.6102
83.9112
86.2832
88.7239
91.2352
93.8187
96.4756
99.2074
102.015
104.9
107.862
110.903
114.022
117.22
120.499
123.859
127.3
130.824
134.431
138.122
141.896
145.754
149.695
153.721
157.831
162.024
166.301
170.661
175.105
179.631
184.239
188.928
193.698
198.549
203.478
208.485
213.568
218.729
223.966
229.278
234.664
240.123
245.653
251.253
256.922
262.658
268.46
274.325
280.252
286.238
292.288
298.398
304.564
310.785
317.058
323.381
329.752
336.168
342.627
349.126
355.665
362.242
368.854
375.499
382.172
388.872
395.595
402.34
409.103
415.882
422.674
429.476
436.285
443.098
449.911
456.721
463.527
470.323
477.108
483.877
490.628
497.357
504.061
510.736
517.379
523.988
530.557
537.085
543.567
550
556.381
562.707
568.974
575.179
581.318
587.388
593.385
599.308
605.151
610.912
616.588
622.176
627.672
633.073
638.376
643.578
648.676
653.666
658.546
663.313
667.963
672.493
676.901
681.183
685.337
689.36
693.249
697.002
700.615
704.087
707.413
710.593
713.622
716.499
719.222
721.788
724.196
726.442
728.526
730.447
732.202
733.793
735.219
736.478
737.569
738.492
739.243
739.821
740.224
740.446
740.501
740.37
740.047
739.527
738.805
737.879
736.743
735.396
733.833
732.051
730.045
727.813
725.35
722.652
719.716
716.537
713.112
709.436
705.507
701.321
696.874
692.163
687.186
681.941
676.425
670.636
664.574
658.239
651.632
644.753
637.605
630.191
622.515
614.583
606.402
597.978
589.326
580.443
571.308
561.967
552.581
543.124
533.444
523.634
513.701
503.675
493.583
483.454
473.314
463.189
453.106
443.089
433.161
423.342
413.653
404.111
394.73
385.522
376.497
367.662
359.021
350.578
342.334
334.288
326.439
318.784
311.32
304.043
296.949
290.035
283.297
276.732
270.337
264.109
258.045
252.141
246.397
240.808
235.374
230.093
224.963
219.984
215.153
210.47
205.933
201.54
197.291
193.185
189.219
185.391
181.699
178.14
174.71
171.407
168.225
165.159
162.206
159.358
156.61
153.955
151.387
148.903
146.493
144.148
141.861
139.629
137.445
135.305
133.203
131.135
129.099
127.089
125.105
123.143
121.202
119.282
117.381
115.498
113.636
111.793
109.97
108.17
106.392
104.639
102.912
101.212
99.5419
97.9022
96.2947
94.7207
93.1815
91.678
90.2113
88.7819
87.3903
86.037
84.722
83.4453
82.2068
81.006
79.8425
78.7157
77.6248
76.5692
75.5479
74.5601
73.6048
72.6811
71.7881
70.925
70.0908
69.2849
68.5065
67.755
67.0299
66.3307
65.6571
65.0088
64.3853
63.7863
63.2111
62.6589
62.129
61.6157
61.0864
125.973
54.4262
39.5915
34.0057
31.3349
29.9466
29.2401
28.9382
28.8877
29.0088
29.2533
29.5875
29.9891
30.4427
30.9381
31.4679
32.027
32.6138
33.2266
33.8646
34.5277
35.2163
35.9314
36.6739
37.4452
38.2465
39.0793
39.9446
40.8437
41.7775
42.7471
43.7535
44.7975
45.88
47.0019
48.1639
49.3671
50.6124
51.9006
53.2328
54.6101
56.0336
57.5042
59.0232
60.5917
62.2111
63.8832
65.6094
67.3893
69.225
71.1187
73.0729
75.0866
77.1617
79.2998
81.5025
83.7709
86.1058
88.5077
90.9787
93.5204
96.1345
98.8222
101.585
104.423
107.338
110.331
113.403
116.554
119.786
123.1
126.496
129.975
133.538
137.185
140.916
144.732
148.634
152.621
156.693
160.852
165.096
169.426
173.842
178.343
182.929
187.599
192.354
197.193
202.115
207.12
212.207
217.375
222.623
227.952
233.359
238.844
244.405
250.042
255.753
261.537
267.391
273.316
279.307
285.364
291.484
297.667
303.913
310.218
316.582
323.001
329.473
335.997
342.569
349.189
355.858
362.571
369.324
376.115
382.941
389.799
396.685
403.595
410.531
417.488
424.464
431.454
438.456
445.466
452.48
459.496
466.511
473.522
480.524
487.514
494.489
501.446
508.38
515.288
522.167
529.013
535.823
542.593
549.318
555.997
562.624
569.198
575.713
582.166
588.554
594.873
601.12
607.29
613.382
619.39
625.312
631.145
636.884
642.527
648.07
653.509
658.842
664.065
669.174
674.167
679.04
683.79
688.414
692.908
697.269
701.495
705.583
709.529
713.331
716.985
720.489
723.839
727.033
730.068
732.942
735.652
738.196
740.57
742.774
744.806
746.665
748.35
749.86
751.195
752.354
753.334
754.134
754.75
755.181
755.424
755.48
755.342
755.002
754.452
753.688
752.705
751.498
750.064
748.399
746.497
744.355
741.968
739.331
736.441
733.291
729.879
726.198
722.245
718.015
713.504
708.708
703.624
698.247
692.576
686.607
680.338
673.77
666.901
659.733
652.267
644.506
636.454
628.114
619.494
610.608
601.452
592.01
582.32
572.508
562.545
552.464
542.158
531.679
521.069
510.359
499.58
488.764
477.943
467.149
456.415
445.769
435.241
424.856
414.639
404.611
394.789
385.19
375.823
366.697
357.817
349.184
340.799
332.657
324.756
317.089
309.649
302.428
295.418
288.612
282.003
275.582
269.344
263.281
257.389
251.663
246.096
240.685
235.425
230.314
225.348
220.526
215.844
211.301
206.896
202.626
198.491
194.49
190.621
186.883
183.274
179.792
176.436
173.202
170.088
167.089
164.202
161.422
158.743
156.16
153.667
151.259
148.926
146.664
144.465
142.325
140.237
138.19
136.182
134.207
132.26
130.338
128.437
126.554
124.687
122.834
120.993
119.164
117.346
115.54
113.746
111.966
110.2
108.451
106.72
105.008
103.319
101.653
100.013
98.4014
96.819
95.2678
93.7492
92.2645
90.8146
89.4005
88.0228
86.6818
85.3779
84.1109
82.8809
81.6874
80.5301
79.4083
78.3215
77.2689
76.2497
75.263
74.308
73.3837
72.4895
71.6244
70.7878
69.9788
69.1969
68.4416
67.7123
67.0087
66.3302
65.6765
65.0472
64.4414
63.8582
63.2971
62.7525
62.1939
129.305
55.1601
39.8119
34.0497
31.3012
29.8753
29.1508
28.8423
28.7927
28.9202
29.1749
29.522
29.9386
30.4089
30.922
31.4704
32.0492
32.6561
33.2886
33.9456
34.6265
35.3316
36.0612
36.8157
37.5977
38.4084
39.2488
40.1201
41.0234
41.9598
42.9304
43.9362
44.9781
46.0571
47.1742
48.3301
49.5259
50.7624
52.0407
53.3618
54.7268
56.1369
57.5935
59.0957
60.6453
62.2441
63.894
65.5974
67.3529
69.1623
71.0271
72.9483
74.9259
76.9622
79.0593
81.2187
83.4418
85.7298
88.0847
90.5079
93.0007
95.5644
98.2003
100.91
103.694
106.553
109.49
112.505
115.599
118.774
122.03
125.368
128.789
132.294
135.883
139.558
143.319
147.166
151.099
155.121
159.229
163.425
167.71
172.082
176.542
181.09
185.725
190.448
195.259
200.156
205.139
210.209
215.364
220.604
225.928
231.335
236.825
242.396
248.047
253.778
259.586
265.471
271.432
277.466
283.574
289.752
295.999
302.315
308.696
315.142
321.649
328.217
334.841
341.52
348.249
355.027
361.854
368.727
375.644
382.601
389.595
396.624
403.685
410.78
417.903
425.049
432.215
439.397
446.591
453.793
461.003
468.216
475.43
482.639
489.84
497.029
504.203
511.358
518.491
525.597
532.673
539.715
546.719
553.681
560.598
567.466
574.28
581.038
587.734
594.366
600.93
607.421
613.836
620.172
626.424
632.589
638.664
644.644
650.526
656.307
661.982
667.549
673.003
678.342
683.56
688.656
693.626
698.466
703.172
707.742
712.172
716.459
720.601
724.592
728.432
732.115
735.638
739
742.197
745.225
748.082
750.766
753.273
755.601
757.748
759.714
761.498
763.098
764.513
765.743
766.786
767.638
768.296
768.759
769.022
769.084
768.947
768.596
768.022
767.219
766.184
764.91
763.393
761.628
759.61
757.334
754.795
751.987
748.905
745.544
741.899
737.963
733.732
729.2
724.363
719.216
713.755
707.975
701.874
695.447
688.694
681.614
674.205
666.47
658.411
650.028
641.331
632.318
622.992
613.342
603.405
593.293
582.984
572.507
561.746
550.785
539.64
528.341
516.923
505.424
493.879
482.326
470.803
459.347
447.996
436.784
425.744
414.906
404.297
393.94
383.853
374.052
364.546
355.342
346.441
337.843
329.543
321.534
313.808
306.353
299.158
292.212
285.502
279.015
272.741
266.669
260.788
255.09
249.566
244.207
239.008
233.961
229.06
224.302
219.681
215.194
210.838
206.611
202.511
198.535
194.683
190.953
187.345
183.857
180.488
177.237
174.103
171.083
168.176
165.377
162.684
160.092
157.597
155.194
152.877
150.641
148.477
146.381
144.346
142.362
140.425
138.53
136.669
134.837
133.027
131.235
129.458
127.692
125.934
124.183
122.436
120.693
118.954
117.218
115.486
113.76
112.041
110.33
108.631
106.945
105.274
103.622
101.99
100.381
98.7969
97.2399
95.7119
94.2145
92.7491
91.3168
89.9187
88.5554
87.2275
85.9353
84.6788
83.4579
82.2724
81.1219
80.0058
78.9236
77.8745
76.8578
75.8728
74.9185
73.9942
73.0992
72.2326
71.3939
70.5824
69.7974
69.0386
68.3054
67.5973
66.914
66.2547
65.6188
65.0052
64.4134
63.838
63.2509
131.639
55.5695
39.8396
33.9485
31.1357
29.674
28.9301
28.613
28.5629
28.6958
28.9602
29.3207
29.7535
30.2421
30.7752
31.3444
31.9439
32.5704
33.222
33.8973
34.5961
35.3181
36.0638
36.834
37.631
38.4551
39.3072
40.1885
41.1
42.0427
43.0178
44.0261
45.0687
46.1465
47.2605
48.4115
49.6005
50.8284
52.0962
53.4049
54.7557
56.15
57.5896
59.073
60.6021
62.178
63.8018
65.4738
67.1952
68.968
70.7936
72.6735
74.6092
76.6027
78.6551
80.7677
82.9419
85.1793
87.4813
89.8496
92.2854
94.7903
97.3657
100.013
102.734
105.529
108.4
111.348
114.374
117.481
120.668
123.937
127.288
130.724
134.245
137.851
141.544
145.324
149.192
153.148
157.194
161.329
165.553
169.868
174.272
178.768
183.353
188.029
192.796
197.653
202.599
207.636
212.762
217.976
223.279
228.67
234.147
239.711
245.36
251.093
256.91
262.808
268.787
274.846
280.983
287.197
293.485
299.848
306.282
312.787
319.359
325.998
332.7
339.463
346.287
353.168
360.104
367.092
374.129
381.214
388.341
395.509
402.71
409.944
417.211
424.506
431.827
439.168
446.528
453.904
461.295
468.695
476.1
483.505
490.905
498.296
505.676
513.042
520.389
527.713
535.01
542.275
549.505
556.696
563.843
570.943
577.992
584.985
591.919
598.789
605.591
612.322
618.977
625.552
632.044
638.448
644.761
650.979
657.097
663.113
669.022
674.82
680.504
686.07
691.513
696.831
702.02
707.075
711.994
716.772
721.407
725.894
730.231
734.414
738.439
742.303
746.003
749.534
752.894
756.079
759.087
761.913
764.555
767.01
769.276
771.353
773.238
774.931
776.431
777.735
778.842
779.749
780.452
780.948
781.232
781.303
781.169
780.811
780.215
779.377
778.291
776.952
775.353
773.489
771.356
768.946
766.254
763.274
760
756.425
752.544
748.35
743.838
739.001
733.833
728.33
722.487
716.299
709.761
702.87
695.625
688.025
680.069
671.758
663.098
654.083
644.713
634.968
624.895
614.615
604.076
593.317
582.22
570.866
559.267
547.458
535.471
523.341
511.107
498.81
486.492
474.197
461.969
449.852
437.888
426.117
414.577
403.301
392.319
381.655
371.328
361.353
351.739
342.488
333.601
325.071
316.89
309.048
301.529
294.32
287.404
280.763
274.382
268.245
262.336
256.64
251.145
245.838
240.708
235.745
230.938
226.281
221.765
217.385
213.134
209.007
205.002
201.115
197.342
193.683
190.136
186.7
183.373
180.155
177.046
174.044
171.15
168.36
165.675
163.091
160.606
158.217
155.92
153.709
151.581
149.529
147.547
145.629
143.768
141.956
140.188
138.457
136.754
135.076
133.417
131.771
130.132
128.498
126.865
125.23
123.592
121.949
120.301
118.648
116.992
115.332
113.671
112.01
110.354
108.703
107.061
105.431
103.815
102.216
100.638
99.0819
97.5507
96.0463
94.5706
93.1251
91.7112
90.3298
88.9818
87.6677
86.3879
85.1426
83.9316
82.7548
81.6117
80.502
79.425
78.38
77.3665
76.3836
75.4306
74.5068
73.6115
72.744
71.9037
71.09
70.3024
69.5404
68.8034
68.0909
67.4023
66.7369
66.0936
65.4718
64.8663
64.2514
132.969
55.633
39.6676
33.6851
30.8286
29.3436
28.5866
28.2631
28.2121
28.3486
28.62
28.9904
29.4358
29.9393
30.4893
31.0774
31.6981
32.3469
33.0213
33.7195
34.4408
35.1847
35.9511
36.7403
37.5535
38.392
39.2569
40.1494
41.0703
42.0208
43.0019
44.0144
45.0594
46.1377
47.2502
48.3978
49.5813
50.8018
52.0601
53.357
54.6936
56.0705
57.4881
58.9468
60.4483
61.994
63.5849
65.2224
66.9084
68.6438
70.4298
72.2678
74.1591
76.1054
78.108
80.1684
82.2881
84.4686
86.7115
89.0184
91.3908
93.8303
96.3384
98.9166
101.566
104.289
107.087
109.96
112.911
115.941
119.05
122.241
125.515
128.872
132.314
135.843
139.457
143.16
146.952
150.832
154.803
158.865
163.018
167.263
171.601
176.031
180.554
185.17
189.879
194.682
199.578
204.567
209.649
214.824
220.091
225.45
230.9
236.441
242.072
247.792
253.6
259.495
265.477
271.543
277.693
283.926
290.239
296.632
303.102
309.649
316.269
322.962
329.724
336.555
343.451
350.411
357.431
364.51
371.645
378.833
386.07
393.354
400.683
408.053
415.462
422.904
430.378
437.878
445.402
452.94
460.494
468.06
475.635
483.215
490.796
498.374
505.95
513.517
521.068
528.599
536.104
543.582
551.028
558.439
565.808
573.132
580.406
587.628
594.791
601.892
608.926
615.89
622.779
629.588
636.314
642.952
649.498
655.949
662.3
668.547
674.686
680.713
686.624
692.415
698.081
703.619
709.025
714.295
719.425
724.411
729.25
733.937
738.47
742.844
747.055
751.101
754.976
758.678
762.203
765.546
768.705
771.676
774.455
777.039
779.426
781.615
783.604
785.392
786.977
788.358
789.531
790.494
791.242
791.771
792.078
792.158
792.026
791.661
791.044
790.169
789.032
787.625
785.943
783.979
781.727
779.18
776.332
773.176
769.704
765.911
761.789
757.332
752.531
747.382
741.877
736.01
729.775
723.168
716.185
708.819
701.071
692.942
684.427
675.523
666.215
656.515
646.47
636.14
625.485
614.564
603.255
591.632
579.703
567.5
555.05
542.389
529.555
516.587
503.53
490.432
477.34
464.306
451.38
438.612
426.051
413.742
401.726
390.042
378.72
367.786
357.26
347.153
337.472
328.218
319.386
310.967
302.947
295.309
288.037
281.108
274.503
268.2
262.178
256.417
250.898
245.604
240.518
235.624
230.91
226.363
221.971
217.724
213.613
209.631
205.769
202.023
198.388
194.859
191.435
188.111
184.887
181.762
178.734
175.804
172.971
170.234
167.594
165.05
162.6
160.245
157.981
155.806
153.717
151.711
149.782
147.925
146.136
144.406
142.73
141.102
139.513
137.957
136.427
134.918
133.421
131.931
130.444
128.956
127.462
125.958
124.442
122.913
121.37
119.814
118.245
116.663
115.072
113.474
111.87
110.265
108.661
107.062
105.471
103.892
102.327
100.779
99.251
97.7459
96.2657
94.8123
93.3874
91.9925
90.6286
89.2966
87.9972
86.7307
85.4973
84.297
83.1295
81.9947
80.8919
79.8208
78.7806
77.7708
76.7907
75.8396
74.9169
74.0219
73.1539
72.3125
71.4971
70.7071
69.942
69.2012
68.4842
67.79
67.1176
66.4666
65.8318
65.1901
133.311
55.3864
39.2871
33.2672
30.3929
28.8968
28.1327
27.8056
27.7545
27.8941
28.1713
28.5503
29.0065
29.5231
30.088
30.6928
31.3312
31.9989
32.6929
33.4113
34.153
34.9175
35.7048
36.5151
37.3486
38.206
39.0882
39.9959
40.9302
41.8919
42.882
43.9012
44.9504
46.0304
47.1421
48.2862
49.4636
50.6751
51.9217
53.204
54.5229
55.8792
57.2739
58.7085
60.1839
61.7009
63.2608
64.8646
66.5137
68.2094
69.953
71.7458
73.5893
75.485
77.4343
79.4389
81.5003
83.62
85.7997
88.0411
90.3458
92.7153
95.1515
97.6559
100.23
102.876
105.594
108.388
111.257
114.204
117.231
120.337
123.526
126.799
130.155
133.598
137.128
140.745
144.452
148.25
152.138
156.118
160.191
164.357
168.618
172.973
177.423
181.969
186.61
191.348
196.182
201.112
206.138
211.261
216.48
221.794
227.204
232.709
238.308
244.001
249.787
255.664
261.633
267.692
273.84
280.076
286.398
292.805
299.295
305.867
312.519
319.249
326.056
332.936
339.888
346.91
353.998
361.152
368.367
375.641
382.972
390.356
397.79
405.272
412.797
420.363
427.965
435.601
443.266
450.957
458.671
466.403
474.149
481.905
489.666
497.425
505.178
512.924
520.659
528.378
536.076
543.755
551.408
559.027
566.608
574.145
581.636
589.076
596.46
603.784
611.042
618.231
625.346
632.383
639.336
646.202
652.976
659.655
666.233
672.707
679.072
685.323
691.457
697.469
703.355
709.11
714.731
720.213
725.552
730.744
735.784
740.67
745.397
749.961
754.358
758.584
762.635
766.508
770.197
773.698
777.009
780.124
783.04
785.754
788.263
790.565
792.658
794.541
796.211
797.668
798.907
799.924
800.716
801.277
801.603
801.69
801.558
801.184
800.543
799.629
798.436
796.958
795.188
793.118
790.741
788.051
785.04
781.7
778.023
774.002
769.63
764.898
759.799
754.325
748.471
742.228
735.588
728.549
721.105
713.25
704.979
696.284
687.156
677.618
667.725
657.481
646.919
635.902
624.5
612.738
600.612
588.15
575.373
562.312
549.001
535.48
521.79
507.98
494.099
480.202
466.344
452.583
438.978
425.584
412.456
399.646
387.197
375.151
363.54
352.39
341.718
331.536
321.845
312.643
303.919
295.661
287.848
280.461
273.474
266.864
260.603
254.668
249.032
243.672
238.567
233.694
229.035
224.572
220.29
216.174
212.211
208.389
204.697
201.126
197.668
194.316
191.065
187.909
184.846
181.872
178.986
176.186
173.471
170.842
168.297
165.839
163.465
161.178
158.976
156.859
154.826
152.876
151.006
149.212
147.492
145.84
144.25
142.719
141.238
139.801
138.401
137.031
135.683
134.352
133.029
131.709
130.388
129.057
127.713
126.353
124.973
123.572
122.147
120.7
119.23
117.74
116.231
114.705
113.166
111.616
110.061
108.502
106.945
105.393
103.849
102.316
100.799
99.2998
97.8212
96.3657
94.9353
93.5317
92.1566
90.811
89.496
88.212
86.9596
85.7389
84.55
83.3927
82.2667
81.1717
80.107
79.0723
78.0669
77.0902
76.1416
75.2205
74.3263
73.4584
72.6163
71.7994
71.0073
70.2392
69.4945
68.7725
68.072
67.3927
66.7295
66.0617
132.813
54.8245
38.7232
32.7105
29.8394
28.3436
27.5786
27.2509
27.2009
27.3435
27.6257
28.0116
28.4769
29.0046
29.5826
30.2021
30.8568
31.5421
32.2547
32.9925
33.754
34.5384
35.3453
36.1747
37.0266
37.9017
38.8003
39.7231
40.6709
41.6443
42.6441
43.671
44.7258
45.8092
46.9219
48.0646
49.2381
50.4432
51.6805
52.951
54.2554
55.5945
56.9694
58.3811
59.8305
61.3187
62.8469
64.4162
66.0278
67.6831
69.3834
71.1301
72.9248
74.7688
76.6637
78.6112
80.6129
82.6703
84.7853
86.9596
89.1948
91.4927
93.855
96.2836
98.7801
101.346
103.984
106.695
109.48
112.342
115.282
118.302
121.403
124.587
127.854
131.208
134.648
138.177
141.795
145.504
149.305
153.198
157.185
161.267
165.445
169.718
174.089
178.557
183.124
187.788
192.552
197.415
202.377
207.438
212.599
217.859
223.218
228.676
234.232
239.886
245.637
251.485
257.428
263.467
269.599
275.824
282.141
288.548
295.043
301.626
308.295
315.047
321.881
328.795
335.786
342.854
349.994
357.205
364.484
371.828
379.235
386.701
394.224
401.8
409.426
417.098
424.813
432.567
440.357
448.178
456.027
463.9
471.793
479.701
487.619
495.544
503.473
511.399
519.319
527.227
535.118
542.984
550.823
558.632
566.406
574.14
581.836
589.485
597.08
604.616
612.089
619.494
626.826
634.081
641.254
648.339
655.334
662.233
669.032
675.726
682.31
688.781
695.132
701.361
707.462
713.43
719.261
724.951
730.496
735.89
741.129
746.211
751.129
755.88
760.46
764.865
769.089
773.129
776.981
780.639
784.099
787.358
790.409
793.251
795.88
798.293
800.488
802.464
804.218
805.748
807.05
808.119
808.95
809.538
809.877
809.965
809.831
809.442
808.77
807.809
806.554
804.996
803.128
800.942
798.431
795.587
792.4
788.864
784.968
780.706
776.069
771.047
765.633
759.819
753.599
746.96
739.897
732.403
724.455
716.056
707.213
697.969
688.331
678.276
667.844
656.928
645.588
633.815
621.626
609.043
596.081
582.765
569.124
555.192
541.008
526.617
512.068
497.414
482.715
468.03
453.425
438.964
424.713
410.735
397.09
383.834
371.014
358.673
346.842
335.548
324.804
314.617
304.986
295.903
287.352
279.313
271.763
264.674
258.017
251.763
245.881
240.342
235.117
230.18
225.504
221.068
216.849
212.828
208.988
205.311
201.784
198.394
195.127
191.975
188.928
185.978
183.118
180.344
177.651
175.035
172.496
170.03
167.638
165.318
163.072
160.9
158.803
156.781
154.835
152.966
151.172
149.453
147.809
146.235
144.73
143.289
141.907
140.58
139.301
138.063
136.859
135.683
134.526
133.382
132.243
131.103
129.956
128.795
127.614
126.409
125.177
123.915
122.621
121.294
119.937
118.549
117.132
115.69
114.226
112.743
111.246
109.737
108.223
106.706
105.191
103.682
102.182
100.696
99.2253
97.7736
96.3433
94.9365
93.5551
92.2005
90.8741
89.5766
88.3089
87.0714
85.8642
84.6875
83.5411
82.4247
81.338
80.2806
79.252
78.2516
77.2789
76.3334
75.4144
74.5215
73.6541
72.8116
71.9936
71.1993
70.4281
69.6793
68.9517
68.245
67.5544
66.8617
131.257
53.9025
37.9307
31.9736
29.129
27.6463
26.8875
26.5629
26.5159
26.662
26.9488
27.341
27.8144
28.3521
28.9421
29.5755
30.2458
30.9483
31.6794
32.4368
33.2187
34.0239
34.8517
35.7019
36.5743
37.469
38.3864
39.3267
40.2904
41.2782
42.2904
43.3277
44.3906
45.4798
46.5958
47.7392
48.9108
50.1111
51.3409
52.6009
53.8919
55.2146
56.57
57.959
59.3827
60.8421
62.3382
63.8724
65.4457
67.0597
68.7155
70.4148
72.1589
73.9494
75.7879
77.6761
79.6157
81.6084
83.656
85.7602
87.9229
90.146
92.4312
94.7805
97.1957
99.6787
102.231
104.855
107.553
110.325
113.174
116.102
119.11
122.2
125.374
128.633
131.979
135.412
138.936
142.55
146.257
150.057
153.952
157.942
162.029
166.214
170.497
174.88
179.363
183.946
188.631
193.417
198.306
203.296
208.389
213.585
218.883
224.283
229.786
235.39
241.096
246.902
252.808
258.814
264.919
271.121
277.42
283.814
290.302
296.882
303.554
310.315
317.164
324.098
331.116
338.216
345.395
352.65
359.98
367.382
374.852
382.388
389.986
397.644
405.359
413.126
420.942
428.804
436.707
444.649
452.624
460.629
468.659
476.71
484.778
492.859
500.947
509.038
517.128
525.211
533.282
541.338
549.374
557.384
565.363
573.304
581.201
589.051
596.849
604.591
612.278
619.901
627.452
634.926
642.318
649.625
656.842
663.963
670.985
677.902
684.71
691.402
697.976
704.425
710.744
716.929
722.976
728.878
734.632
740.232
745.675
750.955
756.069
761.011
765.778
770.363
774.764
778.975
782.991
786.807
790.419
793.822
797.011
799.981
802.729
805.252
807.548
809.615
811.45
813.049
814.408
815.522
816.385
816.99
817.329
817.402
817.26
816.843
816.124
815.099
813.762
812.103
810.116
807.791
805.119
802.093
798.703
794.938
790.791
786.253
781.315
775.964
770.191
763.981
757.32
750.204
742.629
734.602
726.183
717.304
707.965
698.22
687.953
677.209
666
654.315
642.168
629.565
616.524
603.063
589.205
574.98
560.42
545.567
530.464
515.163
499.722
484.202
468.669
453.196
437.853
422.714
407.853
393.339
379.237
365.605
352.494
339.945
327.99
316.648
305.93
295.839
286.365
277.494
269.205
261.47
254.259
247.539
241.277
235.437
229.986
224.89
220.117
215.638
211.426
207.454
203.701
200.144
196.766
193.549
190.476
187.535
184.711
181.993
179.373
176.84
174.388
172.011
169.703
167.462
165.285
163.17
161.115
159.122
157.189
155.32
153.513
151.772
150.096
148.488
146.946
145.473
144.066
142.724
141.445
140.226
139.064
137.952
136.885
135.857
134.86
133.888
132.933
131.988
131.045
130.097
129.138
128.16
127.156
126.12
125.05
123.94
122.789
121.597
120.364
119.091
117.78
116.434
115.055
113.649
112.22
110.771
109.309
107.836
106.359
104.881
103.406
101.939
100.483
99.0411
97.6164
96.2114
94.8284
93.4692
92.1354
90.8282
89.5487
88.2974
87.0749
85.8814
84.7169
83.5815
82.4748
81.3966
80.3464
79.3239
78.3286
77.3599
76.4174
75.5005
74.6088
73.7417
72.8986
72.079
71.2821
70.5072
69.7532
69.0199
68.3026
67.5856
128.542
52.6024
36.9136
31.0695
28.2798
26.8258
26.0826
25.7666
25.7255
25.8766
26.1685
26.5666
27.0472
27.594
28.1949
28.841
29.526
30.2449
30.9941
31.7708
32.5732
33.3998
34.2496
35.122
36.0165
36.9331
37.8718
38.8325
39.8155
40.8211
41.8496
42.9013
43.9767
45.0761
46.2
47.3489
48.5233
49.7237
50.9508
52.2053
53.4878
54.7991
56.14
57.5115
58.9145
60.35
61.8192
63.3232
64.8633
66.4408
68.0572
69.714
71.4126
73.1546
74.9418
76.7759
78.6585
80.5915
82.5768
84.6162
86.7116
88.865
91.0783
93.3535
95.6925
98.0974
100.57
103.112
105.726
108.414
111.177
114.018
116.938
119.939
123.023
126.192
129.446
132.789
136.221
139.744
143.36
147.069
150.874
154.775
158.774
162.871
167.068
171.365
175.765
180.266
184.871
189.579
194.392
199.309
204.331
209.458
214.69
220.028
225.471
231.018
236.671
242.428
248.289
254.253
260.32
266.488
272.758
279.127
285.595
292.16
298.821
305.576
312.425
319.364
326.392
333.508
340.708
347.991
355.354
362.794
370.309
377.896
385.552
393.273
401.057
408.9
416.798
424.748
432.746
440.788
448.87
456.987
465.136
473.312
481.511
489.727
497.957
506.196
514.438
522.679
530.914
539.137
547.345
555.532
563.692
571.82
579.911
587.961
595.965
603.914
611.801
619.622
627.375
635.054
642.657
650.173
657.6
664.934
672.169
679.3
686.321
693.228
700.014
706.675
713.205
719.6
725.853
731.96
737.916
743.715
749.354
754.826
760.127
765.252
770.197
774.955
779.524
783.896
788.068
792.034
795.788
799.325
802.64
805.728
808.585
811.207
813.591
815.736
817.637
819.29
820.691
821.832
822.707
823.309
823.628
823.674
823.497
823.021
822.226
821.107
819.655
817.863
815.721
813.219
810.349
807.099
803.463
799.427
794.98
790.11
784.8
779.042
772.83
766.161
759.068
751.511
743.478
734.972
726.014
716.525
706.529
696.037
685.031
673.513
661.49
648.964
635.946
622.449
608.49
594.092
579.284
564.098
548.576
532.764
516.714
500.487
484.149
467.772
451.433
435.211
419.188
403.446
388.066
373.122
358.683
344.807
331.545
318.935
307.002
295.762
285.217
275.362
266.18
257.648
249.735
242.409
235.632
229.366
223.572
218.21
213.243
208.635
204.352
200.363
196.638
193.152
189.879
186.8
183.894
181.143
178.531
176.043
173.665
171.386
169.195
167.083
165.042
163.066
161.149
159.288
157.479
155.721
154.011
152.351
150.741
149.182
147.676
146.224
144.828
143.489
142.21
140.99
139.83
138.728
137.685
136.696
135.759
134.871
134.025
133.213
132.43
131.669
130.923
130.185
129.447
128.702
127.94
127.155
126.338
125.482
124.582
123.635
122.639
121.592
120.495
119.347
118.151
116.911
115.628
114.309
112.957
111.578
110.176
108.756
107.325
105.885
104.443
103.003
101.568
100.142
98.7295
97.3322
95.9531
94.5945
93.2583
91.946
90.6589
89.398
88.1639
86.9571
85.778
84.6265
83.5027
82.4063
81.3371
80.2948
79.2789
78.2891
77.3249
76.3858
75.4714
74.5811
73.7145
72.8708
72.0495
71.2499
70.4708
69.712
68.9691
68.229
125.131
51.1067
35.8026
30.1094
27.3939
25.9801
25.2597
24.9569
24.9245
25.0823
25.38
25.7839
26.2715
26.8264
27.4371
28.0948
28.7932
29.5273
30.2934
31.0885
31.9107
32.7582
33.6299
34.5247
35.4422
36.3819
37.3435
38.3268
39.3318
40.3586
41.4071
42.4777
43.5703
44.6854
45.8231
46.9838
48.1679
49.3759
50.6083
51.8657
53.1486
54.4579
55.794
57.1581
58.5509
59.9734
61.4269
62.9125
64.4315
65.9852
67.5751
69.2026
70.8694
72.5771
74.3274
76.1221
77.9629
79.8518
81.7906
83.7813
85.8259
87.9264
90.0847
92.3031
94.5834
96.9277
99.3382
101.817
104.366
106.987
109.682
112.454
115.304
118.234
121.246
124.342
127.523
130.793
134.151
137.6
141.141
144.777
148.507
152.334
156.259
160.283
164.407
168.633
172.961
177.393
181.928
186.568
191.314
196.165
201.124
206.189
211.36
216.64
222.026
227.519
233.12
238.827
244.64
250.56
256.585
262.714
268.947
275.284
281.722
288.261
294.9
301.637
308.471
315.4
322.423
329.536
336.74
344.03
351.405
358.863
366.4
374.015
381.703
389.462
397.289
405.181
413.134
421.143
429.207
437.32
445.478
453.678
461.915
470.184
478.482
486.803
495.143
503.496
511.859
520.225
528.59
536.949
545.297
553.628
561.937
570.218
578.466
586.677
594.843
602.959
611.019
619.02
626.955
634.815
642.594
650.289
657.897
665.413
672.833
680.149
687.356
694.449
701.422
708.268
714.983
721.56
727.994
734.281
740.413
746.386
752.195
757.834
763.298
768.582
773.68
778.589
783.301
787.812
792.116
796.207
800.08
803.729
807.147
810.33
813.272
815.971
818.421
820.62
822.565
824.249
825.666
826.81
827.673
828.246
828.521
828.52
828.28
827.714
826.813
825.569
823.973
822.016
819.688
816.979
813.877
810.37
806.442
802.081
797.281
792.036
786.36
780.227
773.622
766.542
758.997
750.926
742.34
733.238
723.617
713.458
702.76
691.522
679.742
667.42
654.56
641.171
627.264
612.856
597.968
582.627
566.867
550.728
534.257
517.509
500.546
483.438
466.262
449.1
432.039
415.17
398.582
382.366
366.606
351.382
336.762
322.804
309.553
297.041
285.286
274.295
264.062
254.569
245.792
237.698
230.249
223.405
217.121
211.356
206.064
201.205
196.738
192.625
188.831
185.324
182.075
179.057
176.246
173.62
171.161
168.85
166.671
164.608
162.649
160.781
158.994
157.277
155.622
154.024
152.475
150.973
149.513
148.094
146.714
145.373
144.072
142.813
141.596
140.425
139.301
138.226
137.201
136.23
135.311
134.445
133.632
132.87
132.156
131.488
130.859
130.26
129.686
129.133
128.594
128.062
127.527
126.984
126.422
125.832
125.203
124.529
123.805
123.025
122.187
121.29
120.333
119.317
118.243
117.114
115.935
114.709
113.441
112.138
110.804
109.445
108.066
106.673
105.27
103.863
102.457
101.054
99.6592
98.2757
96.9065
95.5542
94.221
92.9089
91.6193
90.3534
89.1123
87.8966
86.7068
85.5432
84.4058
83.2948
82.2098
81.1508
80.1174
79.1092
78.1259
77.1671
76.2324
75.3212
74.4331
73.5675
72.7237
71.9012
71.0987
70.3162
69.5493
68.7877
121.244
49.4832
34.6353
29.1204
26.4933
25.1288
24.4372
24.1521
24.1317
24.2985
24.6037
25.0149
25.5103
26.0742
26.6952
27.3651
28.0774
28.8272
29.6108
30.4253
31.2683
32.1382
33.0334
33.9529
34.8959
35.8617
36.8498
37.8598
38.8915
39.9446
41.0191
42.1149
43.2321
44.3706
45.5305
46.7119
47.9152
49.1408
50.3892
51.6616
52.9573
54.277
55.6215
56.9915
58.388
59.8121
61.2648
62.7474
64.2612
65.8076
67.3879
69.0037
70.6566
72.3484
74.0806
75.8551
77.6739
79.5387
81.4515
83.4144
85.4294
87.4984
89.6237
91.8072
94.0512
96.3576
98.7288
101.167
103.673
106.251
108.902
111.628
114.431
117.314
120.277
123.322
126.453
129.671
132.978
136.375
139.864
143.447
147.124
150.897
154.769
158.739
162.809
166.981
171.255
175.632
180.114
184.7
189.393
194.192
199.097
204.11
209.231
214.46
219.796
225.241
230.793
236.453
242.221
248.096
254.078
260.165
266.359
272.657
279.059
285.564
292.172
298.88
305.687
312.592
319.594
326.69
333.879
341.158
348.526
355.98
363.518
371.137
378.834
386.606
394.45
402.364
410.343
418.384
426.484
434.638
442.843
451.094
459.388
467.719
476.083
484.475
492.892
501.327
509.776
518.234
526.695
535.155
543.609
552.05
560.474
568.875
577.246
585.583
593.879
602.129
610.326
618.467
626.544
634.552
642.482
650.326
658.083
665.751
673.324
680.795
688.159
695.408
702.536
709.538
716.408
723.14
729.727
736.163
742.444
748.563
754.514
760.292
765.891
771.307
776.532
781.562
786.391
791.013
795.422
799.612
803.577
807.31
810.805
814.056
817.058
819.805
822.295
824.522
826.482
828.169
829.575
830.693
831.513
832.027
832.226
832.159
831.821
831.133
830.092
828.689
826.915
824.757
822.203
819.238
815.854
812.043
807.806
803.129
797.994
792.396
786.338
779.771
772.698
765.114
757.011
748.369
739.181
729.442
719.144
708.28
696.844
684.835
672.253
659.099
645.382
631.109
616.298
600.967
585.143
568.859
552.154
535.077
517.682
500.035
482.208
464.281
446.343
428.488
410.814
393.419
376.404
359.861
343.882
328.544
313.915
300.046
286.973
274.722
263.299
252.7
242.907
233.892
225.62
218.05
211.134
204.828
199.08
193.846
189.077
184.73
180.763
177.138
173.82
170.777
167.98
165.403
163.023
160.82
158.775
156.87
155.088
153.417
151.842
150.351
148.933
147.579
146.28
145.028
143.82
142.651
141.515
140.412
139.34
138.298
137.288
136.312
135.37
134.467
133.602
132.779
131.999
131.266
130.581
129.942
129.352
128.809
128.311
127.859
127.441
127.048
126.675
126.323
125.985
125.654
125.32
124.976
124.614
124.22
123.778
123.287
122.739
122.128
121.451
120.707
119.894
119.013
118.066
117.054
115.982
114.856
113.679
112.458
111.198
109.906
108.586
107.245
105.889
104.522
103.149
101.776
100.405
99.0411
97.6875
96.3469
95.0219
93.7149
92.4275
91.1613
89.9175
88.697
87.5006
86.3286
85.1813
84.0589
82.9615
81.8888
80.8407
79.8169
78.8171
77.8411
76.8883
75.9585
75.051
74.1655
73.3011
72.4574
71.6333
70.8287
70.0394
69.2578
117.084
47.7895
33.4424
28.1235
25.5951
24.2869
23.6298
23.3669
23.3626
23.5419
23.8578
24.2793
24.7854
25.3609
25.9951
26.6798
27.4088
28.1773
28.9815
29.8186
30.6862
31.5823
32.5054
33.4544
34.4281
35.4258
36.4468
37.4906
38.5565
39.6442
40.7534
41.884
43.0366
44.2099
45.4037
46.6181
47.8533
49.1097
50.3875
51.6871
53.0073
54.35
55.716
57.1064
58.5221
59.964
61.4334
62.9313
64.4591
66.018
67.6095
69.2352
70.8966
72.5955
74.3334
76.1124
77.9341
79.8006
81.7137
83.6756
85.6883
87.7538
89.8742
92.0516
94.2883
96.5863
98.9478
101.375
103.87
106.435
109.071
111.782
114.569
117.434
120.38
123.406
126.516
129.712
132.996
136.368
139.832
143.387
147.037
150.783
154.624
158.565
162.604
166.744
170.985
175.328
179.776
184.327
188.983
193.745
198.613
203.588
208.669
213.858
219.154
224.558
230.069
235.687
241.412
247.245
253.184
259.229
265.38
271.636
277.996
284.46
291.026
297.695
304.464
311.332
318.298
325.361
332.518
339.768
347.109
354.539
362.054
369.654
377.335
385.094
392.926
400.833
408.81
416.854
424.96
433.124
441.343
449.613
457.93
466.288
474.685
483.114
491.572
500.054
508.553
517.067
525.588
534.113
542.636
551.154
559.656
568.139
576.597
585.023
593.413
601.76
610.058
618.302
626.485
634.602
642.641
650.599
658.474
666.261
673.955
681.548
689.034
696.406
703.658
710.784
717.776
724.629
731.337
737.893
744.29
750.523
756.586
762.472
768.176
773.691
779.013
784.134
789.049
793.751
798.235
802.493
806.519
810.305
813.846
817.135
820.165
822.931
825.429
827.653
829.597
831.255
832.617
833.675
834.419
834.836
834.927
834.775
834.298
833.451
832.232
830.628
828.628
826.222
823.406
820.173
816.503
812.39
807.829
802.785
797.254
791.229
784.698
777.644
770.056
761.924
753.238
743.984
734.154
723.739
712.733
701.129
688.923
676.114
662.702
648.693
634.096
618.923
603.194
586.933
570.172
552.95
535.315
517.324
499.042
480.545
461.917
443.251
424.647
406.211
388.052
370.277
352.991
336.291
320.268
304.999
290.543
276.94
264.218
252.387
241.444
231.37
222.135
213.7
206.017
199.038
192.71
186.98
181.796
177.107
172.865
169.027
165.549
162.394
159.529
156.921
154.545
152.376
150.391
148.573
146.902
145.363
143.94
142.621
141.39
140.237
139.152
138.123
137.143
136.206
135.305
134.436
133.596
132.781
131.99
131.224
130.482
129.768
129.084
128.43
127.81
127.223
126.674
126.168
125.703
125.281
124.905
124.569
124.279
124.04
123.825
123.627
123.44
123.28
123.136
123
122.86
122.711
122.548
122.348
122.089
121.78
121.407
120.963
120.448
119.858
119.192
118.449
117.631
116.741
115.781
114.758
113.677
112.543
111.363
110.142
108.888
107.605
106.301
104.979
103.647
102.308
100.967
99.6279
98.2949
96.9711
95.6594
94.3622
93.0817
91.8195
90.5773
89.356
88.1567
86.98
85.8263
84.6959
83.5891
82.5057
81.4457
80.409
79.3954
78.4045
77.436
76.4896
75.5649
74.6613
73.7783
72.9153
72.0712
71.2462
70.4358
69.6356
112.821
46.0735
32.2484
27.1354
24.7129
23.4671
22.8499
22.6144
22.6313
22.8281
23.1598
23.5966
24.1183
24.7107
25.3633
26.0683
26.8196
27.6126
28.4437
29.3099
30.2088
31.1385
32.0974
33.0842
34.0975
35.1365
36.2005
37.2895
38.4015
39.5359
40.6923
41.8702
43.0685
44.2854
45.5223
46.7799
48.0583
49.3579
50.679
52.0219
53.3876
54.776
56.1875
57.6227
59.0826
60.5679
62.0797
63.6192
65.1875
66.786
68.416
70.0792
71.777
73.5111
75.2833
77.0954
78.9493
80.8467
82.7899
84.7806
86.821
88.9132
91.0593
93.2614
95.5216
97.8421
100.225
102.673
105.187
107.77
110.424
113.151
115.954
118.833
121.792
124.832
127.954
131.162
134.455
137.837
141.308
144.869
148.523
152.271
156.114
160.053
164.09
168.225
172.46
176.795
181.232
185.77
190.412
195.157
200.006
204.959
210.017
215.18
220.449
225.822
231.301
236.885
242.574
248.368
254.267
260.27
266.378
272.588
278.902
285.319
291.837
298.457
305.176
311.995
318.912
325.925
333.034
340.236
347.53
354.914
362.385
369.942
377.582
385.302
393.099
400.971
408.915
416.929
425.007
433.148
441.347
449.6
457.904
466.254
474.645
483.074
491.535
500.024
508.536
517.065
525.608
534.157
542.709
551.259
559.797
568.32
576.822
585.296
593.737
602.139
610.496
618.802
627.051
635.237
643.353
651.393
659.352
667.224
675.002
682.681
690.253
697.712
705.051
712.264
719.344
726.283
733.076
739.716
746.195
752.508
758.647
764.607
770.381
775.962
781.345
786.523
791.49
796.238
800.762
805.054
809.107
812.913
816.466
819.758
822.782
825.533
828.005
830.191
832.084
833.676
834.958
835.92
836.549
836.834
836.814
836.52
835.853
834.801
833.358
831.519
829.273
826.605
823.513
819.966
815.958
811.48
806.518
801.056
795.082
788.584
781.55
773.966
765.819
757.097
747.789
737.884
727.372
716.244
704.495
692.117
679.108
665.469
651.201
636.313
620.816
604.726
588.069
570.873
553.178
535.03
516.488
497.618
478.497
459.214
439.866
420.559
401.406
382.523
364.03
346.041
328.661
311.99
296.116
281.107
267.011
253.854
241.649
230.393
220.067
210.638
202.062
194.289
187.262
180.926
175.22
170.09
165.48
161.338
157.616
154.271
151.261
148.551
146.107
143.902
141.91
140.11
138.48
137.005
135.668
134.453
133.347
132.337
131.409
130.554
129.76
129.019
128.32
127.658
127.029
126.429
125.851
125.294
124.755
124.236
123.737
123.263
122.813
122.391
121.996
121.627
121.293
120.997
120.738
120.522
120.349
120.204
120.116
120.091
120.068
120.047
120.024
120.047
120.089
120.138
120.184
120.221
120.258
120.252
120.161
120.032
119.831
119.551
119.196
118.76
118.241
117.637
116.95
116.183
115.339
114.424
113.441
112.399
111.302
110.159
108.974
107.755
106.508
105.237
103.95
102.65
101.344
100.035
98.7281
97.4259
96.132
94.8492
93.5798
92.326
91.0893
89.8711
88.6727
87.4948
86.338
85.2029
84.0897
82.9986
81.9296
80.8826
79.8575
78.8542
77.8723
76.9116
75.9716
75.052
74.1521
73.2715
72.409
71.565
70.7355
69.9186
108.595
44.3743
31.073
26.1698
23.858
22.68
22.1088
21.9072
21.9519
22.1731
22.5277
22.9872
23.5325
24.1499
24.8293
25.5632
26.346
27.1731
28.0411
28.9469
29.8882
30.863
31.8703
32.9082
33.9748
35.069
36.1896
37.3343
38.5014
39.6921
40.9065
42.1443
43.4056
44.6906
45.9981
47.3278
48.6794
50.0531
51.4489
52.8672
54.3085
55.7733
57.2616
58.774
60.3111
61.8736
63.4625
65.0787
66.7236
68.3983
70.1041
71.8426
73.6153
75.4238
77.2698
79.1551
81.0815
83.0509
85.0652
87.1264
89.2365
91.3976
93.6117
95.8809
98.2073
100.593
103.04
105.551
108.127
110.771
113.485
116.271
119.131
122.066
125.078
128.17
131.344
134.599
137.939
141.365
144.877
148.478
152.169
155.95
159.824
163.791
167.852
172.008
176.261
180.61
185.057
189.602
194.246
198.99
203.834
208.778
213.823
218.969
224.215
229.563
235.012
240.562
246.213
251.965
257.818
263.771
269.825
275.979
282.233
288.587
295.04
301.591
308.241
314.988
321.832
328.771
335.804
342.931
350.149
357.457
364.852
372.334
379.9
387.547
395.274
403.078
410.955
418.904
426.92
435.001
443.143
451.342
459.594
467.895
476.242
484.629
493.053
501.508
509.99
518.493
527.014
535.545
544.083
552.622
561.156
569.679
578.186
586.669
595.124
603.543
611.922
620.253
628.532
636.75
644.902
652.981
660.98
668.893
676.715
684.437
692.055
699.56
706.947
714.207
721.334
728.321
735.16
741.845
748.368
754.721
760.899
766.895
772.7
778.31
783.717
788.914
793.895
798.652
803.178
807.466
811.508
815.297
818.824
822.081
825.063
827.761
830.168
832.277
834.081
835.568
836.731
837.555
838.028
838.14
837.989
837.489
836.596
835.311
833.62
831.516
828.977
825.994
822.556
818.647
814.253
809.364
803.964
798.039
791.576
784.561
776.982
768.824
760.074
750.72
740.75
730.153
718.919
707.041
694.511
681.325
667.481
652.981
637.83
622.038
605.622
588.602
571.007
552.877
534.256
515.204
495.786
476.084
456.188
436.199
416.231
396.403
376.837
357.664
339.012
320.996
303.718
287.276
271.752
257.202
243.654
231.115
219.583
209.042
199.453
190.77
182.935
175.888
169.565
163.902
158.839
154.315
150.276
146.671
143.452
140.576
138.006
135.708
133.652
131.812
130.165
128.694
127.378
126.205
125.159
124.228
123.396
122.654
121.986
121.387
120.845
120.351
119.893
119.47
119.075
118.709
118.358
118.026
117.709
117.408
117.126
116.865
116.627
116.415
116.227
116.053
115.913
115.812
115.741
115.726
115.741
115.759
115.841
115.969
116.12
116.284
116.463
116.665
116.884
117.108
117.328
117.538
117.736
117.891
118.018
118.072
118.036
117.912
117.714
117.431
117.057
116.592
116.036
115.392
114.665
113.858
112.978
112.031
111.023
109.96
108.85
107.698
106.511
105.296
104.059
102.804
101.537
100.263
98.9862
97.7101
96.4384
95.1743
93.9203
92.6787
91.4515
90.2402
89.0462
87.8705
86.7141
85.5773
84.4608
83.3648
82.2894
81.2348
80.2008
79.1873
78.1942
77.2212
76.268
75.3342
74.4191
73.5226
72.6438
71.7831
70.9365
70.105
104.52
42.7205
29.9312
25.2378
23.0406
21.9362
21.418
21.2584
21.3397
21.5947
21.9822
22.4751
23.0551
23.7091
24.4275
25.2035
26.0312
26.9065
27.8266
28.7879
29.7878
30.8241
31.8943
32.9944
34.1255
35.2875
36.4797
37.7022
38.9541
40.2339
41.5408
42.8743
44.2344
45.621
47.0332
48.4702
49.9314
51.4167
52.926
54.4591
56.016
57.597
59.2027
60.8334
62.4899
64.1728
65.883
67.6214
69.389
71.1871
73.0167
74.8794
76.7766
78.7098
80.6805
82.6906
84.7416
86.8353
88.9737
91.1585
93.3917
95.6751
98.0108
100.401
102.847
105.351
107.916
110.542
113.233
115.99
118.815
121.709
124.676
127.716
130.831
134.022
137.292
140.642
144.072
147.584
151.18
154.86
158.626
162.478
166.417
170.445
174.562
178.768
183.066
187.454
191.935
196.507
201.173
205.932
210.785
215.732
220.773
225.908
231.138
236.463
241.882
247.395
253.003
258.705
264.502
270.393
276.379
282.46
288.635
294.904
301.269
307.728
314.281
320.928
327.669
334.502
341.428
348.444
355.55
362.745
370.027
377.394
384.845
392.377
399.99
407.68
415.444
423.282
431.188
439.161
447.197
455.292
463.444
471.648
479.901
488.198
496.534
504.906
513.309
521.738
530.187
538.652
547.127
555.608
564.088
572.561
581.023
589.466
597.884
606.272
614.623
622.93
631.186
639.387
647.524
655.592
663.583
671.491
679.309
687.031
694.649
702.156
709.546
716.81
723.941
730.932
737.774
744.461
750.985
757.337
763.512
769.501
775.297
780.893
786.283
791.458
796.411
801.136
805.624
809.868
813.858
817.588
821.048
824.231
827.128
829.732
832.034
834.025
835.696
837.037
838.036
838.68
838.954
838.899
838.54
837.79
836.642
835.077
833.086
830.658
827.777
824.431
820.606
816.288
811.462
806.115
800.232
793.799
786.801
779.224
771.054
762.278
752.881
742.852
732.177
720.847
708.852
696.183
682.835
668.805
654.092
638.7
622.639
605.92
588.566
570.603
552.069
533.008
513.479
493.55
473.302
452.831
432.24
411.645
391.18
370.976
351.16
331.876
313.263
295.426
278.458
262.456
247.488
233.595
220.775
209.011
198.294
188.587
179.835
171.977
164.943
158.664
153.07
148.095
143.675
139.752
136.27
133.18
130.437
128.002
125.839
123.918
122.212
120.699
119.359
118.177
117.135
116.224
115.428
114.74
114.141
113.629
113.178
112.798
112.469
112.183
111.927
111.704
111.507
111.342
111.182
111.045
110.916
110.804
110.71
110.636
110.584
110.566
110.566
110.557
110.59
110.661
110.765
110.912
111.087
111.29
111.535
111.818
112.131
112.464
112.814
113.183
113.564
113.951
114.332
114.701
115.051
115.365
115.643
115.853
116.011
116.066
116.02
115.888
115.655
115.326
114.9
114.38
113.769
113.072
112.295
111.445
110.527
109.549
108.517
107.437
106.315
105.16
103.976
102.769
101.546
100.311
99.0686
97.8228
96.5775
95.3362
94.1015
92.876
91.6619
90.4611
89.275
88.1049
86.9519
85.8166
84.6997
83.6016
82.5226
81.4628
80.4222
79.4009
78.3988
77.4155
76.4509
75.5049
74.577
73.6669
72.7741
71.8989
71.0373
70.1933
100.697
41.1401
28.8372
24.3499
22.2709
21.247
20.7908
20.6839
20.8133
21.1149
21.5489
22.0898
22.7199
23.4267
24.2014
25.0381
25.93
26.8727
27.8614
28.8921
29.9649
31.0791
32.2338
33.4288
34.6617
35.9312
37.2365
38.5774
39.9532
41.3623
42.8035
44.2759
45.7783
47.3098
48.8702
50.4591
52.0759
53.7204
55.3923
57.0912
58.8172
60.5703
62.3507
64.1587
65.9947
67.8592
69.753
71.6766
73.6311
75.6174
77.6365
79.6897
81.7782
83.9033
86.0664
88.2691
90.5128
92.7991
95.1296
97.5061
99.9301
102.403
104.928
107.505
110.137
112.824
115.571
118.376
121.244
124.175
127.171
130.233
133.364
136.564
139.836
143.18
146.598
150.09
153.658
157.303
161.025
164.824
168.703
172.661
176.699
180.818
185.018
189.3
193.664
198.111
202.641
207.255
211.952
216.734
221.601
226.552
231.588
236.71
241.917
247.209
252.586
258.049
263.597
269.231
274.95
280.756
286.648
292.626
298.692
304.846
311.088
317.418
323.837
330.345
336.942
343.627
350.401
357.263
364.211
371.245
378.365
385.568
392.853
400.219
407.665
415.188
422.786
430.458
438.2
446.01
453.884
461.821
469.816
477.866
485.967
494.116
502.308
510.54
518.806
527.101
535.422
543.763
552.118
560.483
568.851
577.218
585.578
593.923
602.249
610.549
618.816
627.044
635.226
643.355
651.425
659.43
667.361
675.212
682.977
690.647
698.216
705.676
713.02
720.239
727.326
734.273
741.072
747.715
754.193
760.499
766.624
772.561
778.302
783.84
789.167
794.276
799.158
803.806
808.211
812.365
816.26
819.887
823.236
826.301
829.07
831.535
833.686
835.514
837.008
838.156
838.947
839.362
839.408
839.16
838.527
837.484
836.023
834.13
831.792
828.995
825.725
821.968
817.709
812.934
807.628
801.776
795.363
788.375
780.795
772.609
763.804
754.363
744.275
733.526
722.103
709.997
697.197
683.697
669.492
654.581
638.965
622.65
605.65
587.983
569.675
550.762
531.288
511.311
490.9
470.138
449.12
427.96
406.778
385.702
364.887
344.48
324.599
305.409
287.054
269.62
253.177
237.828
223.621
210.572
198.662
187.855
178.103
169.346
161.515
154.537
148.336
142.838
137.971
133.668
129.868
126.513
123.552
120.939
118.631
116.594
114.794
113.206
111.807
110.579
109.503
108.57
107.762
107.074
106.489
106.008
105.603
105.285
105.01
104.817
104.665
104.552
104.461
104.402
104.369
104.378
104.368
104.4
104.426
104.474
104.54
104.627
104.734
104.868
105.018
105.184
105.38
105.608
105.869
106.167
106.497
106.858
107.254
107.685
108.145
108.628
109.129
109.646
110.176
110.71
111.238
111.752
112.243
112.7
113.117
113.475
113.773
113.978
114.118
114.154
114.053
113.857
113.557
113.157
112.661
112.074
111.401
110.649
109.823
108.93
107.978
106.972
105.92
104.828
103.702
102.549
101.373
100.18
98.9759
97.764
96.5487
95.3337
94.122
92.9162
91.7188
90.5318
89.357
88.1957
87.0492
85.9184
84.8039
83.7064
82.6263
81.5639
80.519
79.4921
78.4831
77.492
76.5186
75.5629
74.6246
73.7034
72.7988
71.9113
71.0371
70.1824
97.2157
39.6574
27.8032
23.5167
21.5602
20.626
20.244
20.2038
20.3971
20.7624
21.2615
21.87
22.5722
23.3544
24.2071
25.1208
26.0935
27.1232
28.2082
29.3469
30.5364
31.7752
33.0625
34.3979
35.7793
37.2051
38.6739
40.1842
41.735
43.3257
44.9555
46.6232
48.3281
50.0691
51.8454
53.6564
55.5015
57.38
59.2913
61.2351
63.211
65.2187
67.2581
69.3292
71.4321
73.5669
75.734
77.9338
80.1668
82.4337
84.7352
87.0722
89.4455
91.8562
94.3053
96.7939
99.3232
101.894
104.509
107.167
109.872
112.623
115.423
118.273
121.174
124.127
127.135
130.198
133.318
136.496
139.733
143.032
146.393
149.817
153.305
156.859
160.479
164.165
167.918
171.739
175.627
179.583
183.607
187.701
191.863
196.094
200.396
204.766
209.207
213.719
218.3
222.953
227.677
232.473
237.34
242.28
247.292
252.377
257.535
262.765
268.068
273.445
278.895
284.419
290.018
295.691
301.441
307.267
313.171
319.154
325.217
331.36
337.586
343.894
350.285
356.76
363.319
369.961
376.686
383.495
390.385
397.357
404.41
411.542
418.752
426.04
433.404
440.842
448.351
455.929
463.574
471.283
479.053
486.881
494.764
502.698
510.679
518.703
526.766
534.863
542.989
551.14
559.311
567.495
575.689
583.886
592.081
600.267
608.438
616.589
624.712
632.8
640.848
648.847
656.792
664.676
672.49
680.228
687.883
695.446
702.911
710.27
717.514
724.636
731.627
738.478
745.182
751.729
758.111
764.32
770.346
776.182
781.819
787.25
792.466
797.46
802.222
806.746
811.021
815.038
818.79
822.266
825.458
828.357
830.951
833.23
835.183
836.8
838.067
838.974
839.508
839.658
839.479
838.936
837.975
836.592
834.772
832.502
829.767
826.553
822.845
818.629
813.888
808.607
802.772
796.367
789.376
781.783
773.574
764.732
755.243
745.092
734.265
722.75
710.534
697.606
683.959
669.586
654.484
638.653
622.098
604.83
586.866
568.23
548.956
529.09
508.688
487.817
466.566
445.032
423.322
401.58
379.936
358.528
337.543
317.138
297.396
278.525
260.666
243.909
228.311
213.911
200.72
188.721
177.876
168.127
159.406
151.639
144.746
138.646
133.262
128.517
124.342
120.671
117.445
114.612
112.124
109.938
108.017
106.329
104.846
103.547
102.41
101.425
100.573
99.8502
99.2334
98.733
98.3221
98.0193
97.7656
97.6165
97.4704
97.443
97.4341
97.4624
97.4968
97.5685
97.6686
97.7929
97.9295
98.0843
98.2512
98.4348
98.6363
98.8578
99.0999
99.366
99.6538
99.9635
100.301
100.67
101.073
101.509
101.98
102.483
103.02
103.589
104.187
104.808
105.449
106.103
106.766
107.431
108.089
108.731
109.348
109.935
110.48
110.968
111.393
111.737
112.012
112.206
112.271
112.2
112.021
111.737
111.353
110.874
110.304
109.649
108.915
108.11
107.239
106.31
105.329
104.303
103.238
102.14
101.015
99.8696
98.7074
97.5335
96.3521
95.1669
93.9814
92.7986
91.6212
90.4511
89.2905
88.141
87.0039
85.8804
84.771
83.6767
82.598
81.5354
80.4891
79.4593
78.4462
77.4499
76.4703
75.5075
74.5611
73.6312
72.7172
71.8198
70.9351
70.0718
94.1177
38.2812
26.8373
22.7484
20.9225
20.0913
19.8002
19.846
20.1248
20.5775
21.1674
21.8687
22.6617
23.5391
24.4954
25.5276
26.6302
27.8
29.0354
30.3352
31.6968
33.1183
34.598
36.1345
37.7273
39.3754
41.0778
42.8333
44.6408
46.4993
48.4078
50.3652
52.3704
54.4223
56.5198
58.6618
60.8473
63.0752
65.3447
67.6547
70.0044
72.3931
74.8201
77.2847
79.7864
82.3249
84.8996
87.5106
90.1577
92.8409
95.5604
98.3164
101.109
103.939
106.806
109.711
112.655
115.638
118.66
121.722
124.826
127.971
131.158
134.389
137.663
140.983
144.348
147.76
151.22
154.728
158.286
161.894
165.554
169.266
173.03
176.848
180.719
184.643
188.62
192.649
196.731
200.865
205.052
209.291
213.582
217.926
222.322
226.771
231.273
235.827
240.434
245.095
249.81
254.579
259.403
264.283
269.219
274.212
279.261
284.367
289.531
294.753
300.034
305.374
310.775
316.238
321.765
327.357
333.015
338.741
344.537
350.406
356.349
362.368
368.464
374.639
380.892
387.225
393.638
400.13
406.702
413.353
420.083
426.892
433.779
440.744
447.785
454.902
462.092
469.354
476.685
484.082
491.544
499.068
506.65
514.288
521.977
529.715
537.496
545.316
553.171
561.057
568.968
576.899
584.844
592.799
600.757
608.713
616.66
624.593
632.503
640.385
648.232
656.036
663.791
671.489
679.123
686.685
694.168
701.564
708.865
716.063
723.149
730.115
736.952
743.651
750.204
756.6
762.831
768.888
774.762
780.443
785.923
791.194
796.248
801.075
805.666
810.014
814.108
817.938
821.497
824.773
827.757
830.44
832.809
834.851
836.555
837.909
838.9
839.514
839.741
839.617
839.135
838.23
836.898
835.125
832.898
830.201
827.019
823.338
819.142
814.415
809.142
803.307
796.893
789.884
782.265
774.019
765.131
755.583
745.362
734.451
722.838
710.509
697.452
683.658
669.118
653.828
637.787
620.999
603.471
585.219
566.267
546.647
526.402
505.589
484.282
462.554
440.522
418.3
396
373.81
351.868
330.301
309.354
289.208
269.993
251.837
234.843
219.071
204.551
191.287
179.255
168.415
158.703
150.049
142.371
135.584
129.604
124.348
119.736
115.696
112.159
109.066
106.361
103.996
101.927
100.118
98.5341
97.1486
95.9363
94.8823
93.9668
93.1862
92.5182
91.9702
91.5067
91.1655
90.8938
90.7478
90.5977
90.6054
90.5679
90.6509
90.7486
90.8757
91.0256
91.2022
91.4041
91.6287
91.8708
92.1305
92.4059
92.6988
93.0105
93.3429
93.6974
94.0764
94.4802
94.9101
95.3695
95.8613
96.387
96.9478
97.5437
98.1739
98.8379
99.5337
100.258
101.006
101.773
102.554
103.341
104.129
104.908
105.669
106.405
107.107
107.765
108.368
108.907
109.371
109.762
110.074
110.291
110.369
110.307
110.132
109.857
109.482
109.013
108.455
107.813
107.095
106.307
105.455
104.547
103.588
102.586
101.547
100.476
99.3795
98.2623
97.1293
95.9849
94.833
93.6773
92.5209
91.3667
90.2169
89.0736
87.9388
86.814
85.7005
84.5993
83.5111
82.4369
81.377
80.332
79.3022
78.2877
77.2888
76.3056
75.3381
74.3862
73.45
72.529
71.624
70.7311
69.8611
91.4554
37.0223
25.9485
22.0583
20.3766
19.6685
19.4921
19.6512
20.0453
20.6124
21.3147
22.137
23.0689
24.0994
25.2218
26.4332
27.7293
29.1067
30.563
32.0966
33.7071
35.3938
37.1559
38.9925
40.903
42.8867
44.9426
47.0697
49.2669
51.5329
53.8664
56.2661
58.7306
61.2584
63.8479
66.4973
69.2048
71.9688
74.7872
77.6582
80.58
83.5507
86.5686
89.6319
92.739
95.8883
99.0783
102.307
105.575
108.878
112.218
115.592
119
122.441
125.915
129.419
132.955
136.52
140.116
143.742
147.396
151.08
154.793
158.534
162.305
166.104
169.933
173.791
177.68
181.599
185.55
189.532
193.547
197.595
201.675
205.789
209.935
214.112
218.321
222.559
226.826
231.122
235.446
239.798
244.179
248.589
253.027
257.494
261.991
266.517
271.072
275.658
280.276
284.927
289.612
294.332
299.087
303.88
308.71
313.578
318.486
323.434
328.425
333.459
338.538
343.665
348.842
354.07
359.354
364.695
370.097
375.561
381.093
386.695
392.369
398.117
403.941
409.841
415.818
421.873
428.006
434.217
440.507
446.876
453.324
459.852
466.459
473.145
479.908
486.746
493.658
500.64
507.692
514.81
521.993
529.237
536.539
543.896
551.302
558.755
566.249
573.78
581.344
588.935
596.548
604.178
611.818
619.463
627.107
634.743
642.364
649.964
657.535
665.071
672.563
680.005
687.389
694.706
701.95
709.111
716.182
723.153
730.017
736.764
743.385
749.871
756.212
762.397
768.418
774.265
779.928
785.397
790.664
795.719
800.554
805.159
809.526
813.643
817.502
821.092
824.403
827.426
830.151
832.565
834.655
836.407
837.809
838.847
839.508
839.775
839.682
839.229
838.351
837.04
835.286
833.073
830.386
827.211
823.531
819.332
814.596
809.308
803.452
797.01
789.966
782.304
774.006
765.056
755.438
745.134
734.13
722.41
709.96
696.768
682.822
668.112
652.634
636.383
619.362
601.577
583.043
563.781
543.821
523.209
501.995
480.254
458.084
435.552
412.821
390.027
367.26
344.79
322.814
301.502
281.034
261.564
243.207
226.055
210.172
195.585
182.294
170.271
159.471
149.828
141.264
133.695
127.032
121.185
116.068
111.599
107.701
104.305
101.347
98.7721
96.5298
94.5774
92.8759
91.3934
90.0984
88.9706
87.9863
87.1385
86.4058
85.7957
85.2746
84.8743
84.526
84.325
84.1566
84.1615
84.1042
84.1957
84.2874
84.4303
84.6057
84.8101
85.0401
85.2951
85.574
85.8752
86.1961
86.536
86.8943
87.2719
87.6701
88.0908
88.5358
89.0071
89.5063
90.0351
90.596
91.1914
91.8228
92.4911
93.1963
93.9377
94.714
95.5229
96.3609
97.2235
98.1052
99.0001
99.9014
100.801
101.692
102.564
103.41
104.219
104.984
105.694
106.339
106.911
107.407
107.819
108.141
108.355
108.425
108.358
108.186
107.912
107.54
107.076
106.524
105.892
105.186
104.412
103.577
102.688
101.75
100.771
99.7564
98.7116
97.642
96.5526
95.4479
94.3321
93.2089
92.0818
90.9537
89.8271
88.7044
87.5876
86.4784
85.3782
84.2882
83.2093
82.1425
81.0884
80.0476
79.0205
78.0074
77.0087
76.0245
75.0549
74.1
73.1599
72.2343
71.3241
70.4253
69.5506
89.2847
35.891
25.1483
21.4655
19.9511
19.3968
19.3705
19.6774
20.2128
20.9342
21.8137
22.8303
23.9726
25.2324
26.6027
28.0789
29.6594
31.3436
33.1312
35.0218
37.0159
39.1136
41.315
43.62
46.0285
48.54
51.1537
53.8686
56.6831
59.5957
62.6048
65.7082
68.904
72.1897
75.5626
79.02
82.5584
86.1741
89.8632
93.6215
97.4449
101.329
105.271
109.266
113.309
117.398
121.528
125.695
129.896
134.127
138.384
142.666
146.968
151.289
155.624
159.972
164.33
168.697
173.07
177.447
181.828
186.211
190.594
194.976
199.357
203.736
208.113
212.489
216.864
221.237
225.61
229.983
234.356
238.732
243.108
247.486
251.865
256.243
260.619
264.99
269.355
273.716
278.071
282.423
286.77
291.115
295.457
299.799
304.139
308.48
312.822
317.167
321.518
325.876
330.243
334.623
339.015
343.423
347.848
352.291
356.755
361.241
365.752
370.29
374.859
379.461
384.099
388.779
393.502
398.273
403.096
407.975
412.916
417.923
423.001
428.153
433.38
438.682
444.06
449.517
455.054
460.67
466.368
472.147
478.01
483.957
489.989
496.107
502.308
508.59
514.953
521.393
527.91
534.502
541.166
547.9
554.701
561.564
568.487
575.464
582.491
589.566
596.681
603.834
611.018
618.227
625.457
632.7
639.951
647.203
654.449
661.682
668.895
676.081
683.231
690.338
697.393
704.39
711.319
718.173
724.941
731.616
738.188
744.648
750.985
757.191
763.254
769.165
774.912
780.486
785.876
791.072
796.065
800.845
805.402
809.727
813.81
817.64
821.207
824.499
827.508
830.223
832.632
834.721
836.477
837.883
838.925
839.593
839.867
839.772
839.314
838.427
837.107
835.339
833.109
830.403
827.205
823.499
819.269
814.499
809.171
803.27
796.778
789.678
781.953
773.584
764.556
754.85
744.449
733.337
721.499
708.918
695.58
681.474
666.587
650.914
634.45
617.193
599.151
580.332
560.762
540.468
519.487
497.885
475.717
453.082
430.116
406.849
383.528
360.363
337.526
315.225
293.647
272.958
253.306
234.811
217.563
201.62
187.01
173.729
161.748
151.016
141.465
133.014
125.572
119.048
113.347
108.381
104.063
100.315
97.0634
94.2451
91.8022
89.6845
87.8475
86.254
84.8691
83.6662
82.6159
81.7048
80.9093
80.2335
79.6485
79.1805
78.7732
78.5044
78.2243
78.1585
78.1299
78.1958
78.2596
78.388
78.5489
78.7472
78.9777
79.237
79.5223
79.8323
80.1658
80.5218
80.899
81.2968
81.7153
82.1554
82.6183
83.1061
83.6207
84.1642
84.7388
85.3464
85.9893
86.6695
87.3883
88.1467
88.9444
89.7806
90.6537
91.561
92.4987
93.4621
94.4455
95.4427
96.4463
97.4485
98.4407
99.4142
100.36
101.269
102.132
102.941
103.685
104.356
104.948
105.456
105.87
106.183
106.371
106.424
106.355
106.177
105.898
105.523
105.058
104.51
103.884
103.187
102.425
101.606
100.734
99.8161
98.8588
97.8675
96.8476
95.8041
94.7417
93.6647
92.577
91.4821
90.3832
89.2831
88.184
87.0883
85.9978
84.914
83.8382
82.7717
81.7153
80.67
79.6362
78.6146
77.6057
76.6098
75.6272
74.6582
73.7029
72.7614
71.8337
70.9205
70.0182
69.1409
87.6675
34.8974
24.4536
21.0012
19.6941
19.3398
19.499
19.9986
20.7577
21.7241
22.8709
24.1805
25.64
27.243
28.988
30.8744
32.9032
35.076
37.3949
39.862
42.4796
45.2494
48.1729
51.2511
54.4847
57.8737
61.4172
65.1139
68.9616
72.9579
77.0992
81.3815
85.8009
90.3526
95.0316
99.8325
104.747
109.768
114.884
120.087
125.368
130.718
136.128
141.589
147.092
152.628
158.188
163.764
169.349
174.936
180.517
186.088
191.64
197.168
202.667
208.133
213.56
218.945
224.286
229.579
234.822
240.012
245.148
250.229
255.252
260.219
265.13
269.987
274.791
279.543
284.245
288.898
293.505
298.067
302.585
307.06
311.491
315.877
320.216
324.503
328.738
332.926
337.068
341.167
345.221
349.235
353.213
357.155
361.062
364.936
368.781
372.599
376.394
380.172
383.935
387.686
391.43
395.168
398.904
402.64
406.381
410.128
413.886
417.657
421.446
425.257
429.096
432.968
436.877
440.828
444.827
448.879
452.989
457.169
461.426
465.76
470.173
474.664
479.237
483.893
488.634
493.461
498.376
503.379
508.473
513.661
518.946
524.328
529.803
535.371
541.029
546.776
552.609
558.528
564.532
570.619
576.785
583.025
589.336
595.713
602.153
608.651
615.203
621.804
628.449
635.131
641.844
648.582
655.34
662.11
668.885
675.658
682.421
689.166
695.886
702.572
709.215
715.809
722.342
728.808
735.196
741.498
747.702
753.801
759.782
765.636
771.352
776.919
782.325
787.559
792.611
797.469
802.124
806.566
810.783
814.767
818.505
821.987
825.202
828.139
830.787
833.135
835.17
836.877
838.24
839.242
839.864
840.107
839.977
839.472
838.54
837.173
835.357
833.077
830.319
827.066
823.303
819.012
814.179
808.785
802.813
796.246
789.065
781.254
772.793
763.665
753.853
743.338
732.102
720.129
707.402
693.906
679.627
664.554
648.677
631.99
614.492
596.184
577.082
557.195
536.562
515.225
493.214
470.642
447.549
424.067
400.411
376.737
353.248
330.145
307.617
285.848
265.006
245.237
226.658
209.359
193.398
178.8
165.563
153.653
143.016
133.58
125.26
117.962
111.59
106.048
101.241
97.0824
93.4894
90.3883
87.7128
85.4048
83.4128
81.6929
80.2057
78.9198
77.8037
76.837
75.9901
75.2588
74.6172
74.084
73.6152
73.2689
72.9464
72.804
72.6319
72.6726
72.7197
72.8208
72.9517
73.1232
73.3282
73.5658
73.8335
74.1288
74.4498
74.7951
75.164
75.5556
75.9696
76.4058
76.8647
77.3474
77.8554
78.3908
78.9556
79.5523
80.1832
80.8506
81.5565
82.3029
83.0912
83.9219
84.7949
85.7092
86.6628
87.6527
88.6752
89.7251
90.7966
91.8829
92.9766
94.0693
95.1525
96.2171
97.2539
98.2537
99.2074
100.106
100.94
101.702
102.385
102.98
103.483
103.882
104.167
104.321
104.367
104.278
104.088
103.801
103.42
102.953
102.406
101.784
101.095
100.345
99.5388
98.6836
97.7851
96.8491
95.8808
94.8855
93.8679
92.8324
91.7829
90.7232
89.6564
88.5856
87.5133
86.4418
85.373
84.3087
83.2503
82.199
81.1561
80.1223
79.0985
78.0853
77.0833
76.093
75.1147
74.1489
73.1956
72.2553
71.3279
70.4143
69.5108
68.6327
86.6668
34.0531
23.8942
20.7232
19.6919
19.5793
20.0159
20.828
21.9287
23.2719
24.8324
26.5952
28.5572
30.7187
33.0832
35.6556
38.442
41.4494
44.6839
48.1521
51.8598
55.8118
60.0125
64.4645
69.1687
74.1243
79.329
84.7793
90.4701
96.3942
102.542
108.904
115.469
122.226
129.164
136.269
143.522
150.9
158.382
165.949
173.58
181.256
188.959
196.67
204.371
212.045
219.675
227.248
234.753
242.178
249.511
256.743
263.864
270.866
277.742
284.486
291.094
297.563
303.891
310.075
316.114
322.007
327.754
333.356
338.81
344.122
349.299
354.346
359.268
364.069
368.753
373.324
377.789
382.151
386.414
390.58
394.649
398.622
402.494
406.256
409.911
413.481
416.967
420.366
423.677
426.914
430.084
433.186
436.22
439.191
442.105
444.967
447.784
450.563
453.31
456.028
458.723
461.399
464.06
466.711
469.354
471.994
474.636
477.285
479.946
482.626
485.33
488.066
490.84
493.657
496.523
499.445
502.426
505.49
508.651
511.901
515.237
518.661
522.176
525.785
529.492
533.296
537.2
541.205
545.312
549.53
553.865
558.314
562.873
567.539
572.311
577.186
582.163
587.241
592.422
597.703
603.081
608.549
614.104
619.739
625.453
631.241
637.099
643.022
649.004
655.038
661.118
667.237
673.39
679.57
685.768
691.978
698.191
704.398
710.591
716.762
722.902
729.002
735.053
741.045
746.969
752.814
758.572
764.229
769.778
775.204
780.499
785.648
790.641
795.466
800.11
804.562
808.813
812.85
816.663
820.24
823.571
826.643
829.445
831.964
834.19
836.111
837.712
838.976
839.887
840.427
840.56
840.372
839.777
838.759
837.305
835.402
833.036
830.189
826.847
822.993
818.611
813.683
808.192
802.12
795.45
788.163
780.24
771.664
762.414
752.473
741.823
730.443
718.318
705.428
691.758
677.292
662.018
645.925
629.004
611.253
592.673
573.271
553.073
532.085
510.371
487.991
464.946
441.443
417.623
393.65
369.714
346.001
322.707
300.022
278.127
257.188
237.35
218.732
201.424
185.482
170.932
157.768
145.957
135.44
126.141
117.971
110.833
104.627
99.252
94.6129
90.6185
87.1853
84.2373
81.707
79.5348
77.6696
76.066
74.6864
73.4961
72.47
71.5784
70.8082
70.1264
69.5431
69.0233
68.6093
68.2298
67.9936
67.73
67.7275
67.6521
67.7412
67.8452
67.9837
68.1531
68.3554
68.5882
68.8503
69.1401
69.4561
69.7968
70.1615
70.5495
70.9606
71.3949
71.8527
72.335
72.8431
73.3787
73.9441
74.5416
75.1739
75.8434
76.5525
77.3036
78.0985
78.9384
79.8241
80.7552
81.7305
82.748
83.8046
84.896
86.0173
87.1622
88.3238
89.4942
90.6651
91.8276
92.9725
94.0901
95.1712
96.2065
97.1869
98.1037
98.9482
99.7133
100.391
100.975
101.456
101.826
102.075
102.189
102.219
102.112
101.909
101.61
101.222
100.751
100.205
99.5881
98.9069
98.1674
97.3755
96.5372
95.6579
94.7433
93.7984
92.828
91.8364
90.8279
89.8062
88.7745
87.7361
86.6935
85.6491
84.6051
83.5633
82.5253
81.4923
80.4657
79.4465
78.4355
77.4335
76.4412
75.4592
74.488
73.5279
72.5794
71.6428
70.7181
69.8065
68.9042
68.0275
86.5229
33.3973
23.5341
20.7443
20.0491
20.3418
21.2283
22.538
24.1916
26.151
28.402
30.9457
33.7914
36.9519
40.4415
44.2766
48.4749
53.0544
58.0315
63.4194
69.2285
75.4678
82.1444
89.2589
96.806
104.777
113.159
121.935
131.083
140.581
150.402
160.514
170.887
181.5
192.316
203.323
214.452
225.651
236.875
248.084
259.242
270.315
281.273
292.084
302.719
313.154
323.368
333.344
343.068
352.531
361.722
370.63
379.251
387.581
395.611
403.342
410.776
417.915
424.764
431.327
437.608
443.611
449.343
454.812
460.011
464.958
469.682
474.195
478.504
482.617
486.544
490.293
493.878
497.306
500.584
503.716
506.703
509.547
512.245
514.757
517.106
519.389
521.553
523.596
525.506
527.329
529.078
530.733
532.296
533.778
535.187
536.534
537.829
539.078
540.29
541.471
542.627
543.763
544.883
545.993
547.096
548.197
549.301
550.415
551.546
552.7
553.887
555.113
556.386
557.712
559.099
560.548
562.053
563.675
565.443
567.308
569.271
571.338
573.513
575.8
578.204
580.725
583.363
586.118
588.992
592.004
595.164
598.462
601.892
605.449
609.131
612.937
616.863
620.912
625.088
629.391
633.811
638.343
642.98
647.717
652.552
657.482
662.504
667.61
672.795
678.05
683.368
688.744
694.172
699.643
705.151
710.687
716.241
721.804
727.369
732.924
738.462
743.973
749.448
754.875
760.246
765.549
770.773
775.908
780.941
785.861
790.656
795.312
799.817
804.158
808.323
812.299
816.075
819.639
822.98
826.085
828.943
831.54
833.865
835.904
837.646
839.078
840.184
840.942
841.341
841.355
841.024
840.293
839.142
837.559
835.528
833.034
830.061
826.593
822.612
818.103
813.047
807.426
801.224
794.421
786.998
778.937
770.218
760.821
750.728
739.919
728.374
716.076
703.003
689.14
674.471
658.979
642.653
625.486
607.465
588.601
568.894
548.351
527.031
504.91
482.1
458.737
434.932
410.848
386.655
362.529
338.661
315.241
292.455
270.485
249.497
229.635
211.019
193.74
177.855
163.387
150.327
138.641
128.267
119.125
111.122
104.158
98.1283
92.9302
88.4646
84.6387
81.3675
78.5736
76.1888
74.1524
72.4125
70.9249
69.6502
68.5569
67.6146
66.804
66.0966
65.4873
64.9365
64.4731
64.0463
63.7349
63.4217
63.2945
63.1364
63.193
63.2325
63.3317
63.4641
63.6275
63.8199
64.0407
64.289
64.5636
64.8635
65.1878
65.5358
65.9069
66.3011
66.7185
67.1596
67.6251
68.1163
68.635
69.1831
69.7631
70.3776
71.0294
71.7212
72.4557
73.2352
74.0616
74.9364
75.86
76.8322
77.8519
78.9168
80.0236
81.1681
82.3451
83.5482
84.7703
86.0034
87.2391
88.4682
89.6814
90.8688
92.021
93.1286
94.1821
95.1729
96.0923
96.9327
97.6862
98.346
98.9035
99.3513
99.6796
99.8762
99.9665
99.9681
99.8466
99.6276
99.3174
98.9229
98.4503
97.9054
97.2937
96.6212
95.8935
95.1165
94.2958
93.4367
92.5443
91.6234
90.6785
89.7136
88.7326
87.739
86.7358
85.7259
84.7118
83.6956
82.6793
81.6646
80.6529
79.6457
78.6439
77.6486
76.6607
75.681
74.71
73.7485
72.7969
71.8557
70.9254
70.006
69.0988
68.2002
67.3266
87.0846
32.9513
23.5262
21.2329
21.1397
22.1162
23.77
25.95
28.5999
31.7057
35.2773
39.3425
43.9416
49.1169
54.9089
61.3564
68.4987
76.3785
85.0271
94.4586
104.68
115.693
127.491
140.045
153.318
167.269
181.837
196.955
212.547
228.56
244.921
261.533
278.308
295.252
312.238
329.124
345.847
362.336
378.523
394.356
409.791
424.79
439.318
453.348
466.85
479.815
492.224
504.07
515.353
526.079
536.25
545.871
554.95
563.513
571.527
579.043
586.059
592.595
598.673
604.309
609.517
614.314
618.717
622.746
626.354
629.625
632.644
635.395
637.886
640.128
642.138
643.935
645.537
646.958
648.205
649.283
650.194
650.943
651.527
651.786
651.858
652.104
652.125
652.015
651.698
651.359
650.995
650.495
649.901
649.23
648.497
647.714
646.893
646.042
645.17
644.283
643.386
642.486
641.586
640.691
639.804
638.928
638.068
637.234
636.432
635.671
634.961
634.309
633.723
633.209
632.777
632.419
632.07
631.933
632.054
632.232
632.522
632.938
633.487
634.174
635.003
635.975
637.088
638.337
639.717
641.277
643.039
644.964
647.043
649.273
651.654
654.183
656.851
659.671
662.652
665.795
669.082
672.503
676.053
679.726
683.52
687.435
691.469
695.613
699.857
704.194
708.617
713.118
717.692
722.332
727.029
731.773
736.555
741.364
746.191
751.025
755.859
760.681
765.481
770.25
774.974
779.644
784.247
788.771
793.205
797.536
801.751
805.835
809.775
813.557
817.168
820.595
823.825
826.846
829.646
832.213
834.53
836.586
838.369
839.864
841.06
841.938
842.486
842.676
842.523
841.994
841.073
839.741
837.98
835.776
833.111
829.97
826.334
822.189
817.515
812.295
806.511
800.145
793.177
785.588
777.358
768.469
758.898
748.627
737.635
725.901
713.406
700.13
686.053
671.158
655.431
638.853
621.417
603.124
583.944
563.916
543.039
521.306
498.85
475.747
452.114
428.09
403.819
379.47
355.22
331.252
307.756
284.92
262.921
241.927
222.084
203.512
186.301
170.507
156.152
143.227
131.692
121.483
112.516
104.696
97.9172
92.0732
87.0578
82.7699
79.1147
76.0057
73.3654
71.124
69.2214
67.6048
66.2295
65.0583
64.0572
63.2008
62.4618
61.8267
61.2678
60.7887
60.3369
59.9693
59.6111
59.3945
59.1248
59.1285
59.0826
59.1572
59.2471
59.3698
59.5216
59.7007
59.9056
60.1355
60.3897
60.6676
60.9684
61.2918
61.6374
62.0052
62.3954
62.8085
63.2454
63.7073
64.1958
64.7127
65.2606
65.842
66.4598
67.117
67.8166
68.5614
69.3539
70.1962
71.0897
72.0351
73.0323
74.0799
75.1759
76.3168
77.4984
78.7153
79.9612
81.2288
82.5102
83.7966
85.079
86.3476
87.5929
88.8051
89.9745
91.0916
92.1476
93.1337
94.042
94.8644
95.5938
96.2223
96.7429
97.1469
97.4298
97.5733
97.6314
97.6155
97.4729
97.2394
96.9203
96.5216
96.0484
95.5065
94.9015
94.2391
93.5249
92.7643
91.9627
91.125
90.256
89.3602
88.4416
87.5042
86.5514
85.5865
84.6122
83.6313
82.646
81.6582
80.6699
79.6825
78.6976
77.7162
76.7396
75.7686
74.8042
73.8471
72.898
71.9576
71.0264
70.1049
69.1933
68.293
67.4005
66.532
88.5177
32.88
24.1159
22.8008
23.8385
26.1091
29.2652
33.213
37.9566
43.5439
50.0467
57.5625
66.2113
76.1041
87.3332
99.9556
114.027
129.61
146.697
165.241
185.176
206.414
228.843
252.296
276.617
301.698
327.312
353.236
379.293
405.472
431.625
457.489
482.877
507.588
531.564
554.739
577.051
598.448
618.873
638.291
656.691
674.069
690.421
705.755
720.062
733.416
745.779
757.181
767.666
777.272
786.032
793.977
801.134
807.645
813.267
818.326
822.685
826.427
829.601
832.231
834.346
835.975
837.149
837.909
838.002
837.843
837.626
837.062
836.241
835.158
833.857
832.365
830.706
828.892
826.929
824.819
822.565
820.174
817.642
814.886
811.995
809.059
806.033
802.931
799.72
796.47
793.175
789.822
786.424
782.993
779.543
776.086
772.632
769.19
765.765
762.364
758.988
755.643
752.332
749.058
745.818
742.611
739.446
736.332
733.278
730.293
727.386
724.566
721.841
719.217
716.702
714.294
711.974
709.855
707.92
706.133
704.496
703.014
701.696
700.545
699.565
698.756
698.114
697.63
697.255
697.142
697.33
697.677
698.195
698.893
699.771
700.824
702.028
703.422
705.027
706.843
708.823
710.962
713.255
715.698
718.288
721.03
723.927
726.961
730.123
733.401
736.79
740.282
743.872
747.555
751.319
755.154
759.047
762.988
766.967
770.973
774.997
779.028
783.055
787.067
791.052
794.996
798.887
802.714
806.463
810.121
813.673
817.105
820.401
823.548
826.531
829.336
831.949
834.356
836.545
838.505
840.215
841.662
842.841
843.725
844.312
844.573
844.502
844.108
843.323
842.16
840.592
838.604
836.177
833.295
829.94
826.095
821.743
816.866
811.444
805.461
798.895
791.728
783.941
775.512
766.421
756.648
746.171
734.968
723.02
710.304
696.799
682.488
667.347
651.358
634.515
616.788
598.18
578.71
558.304
537.062
515.047
492.32
468.989
445.165
420.979
396.582
372.133
347.807
323.788
300.263
277.418
255.435
234.479
214.696
196.207
179.101
163.433
149.223
136.46
125.1
115.076
106.301
98.676
92.0928
86.4412
81.6131
77.5049
74.021
71.0731
68.5833
66.4824
64.7093
63.212
61.9457
60.8727
59.9618
59.1846
58.5206
57.945
57.4523
57.0095
56.6332
56.2505
55.9591
55.6505
55.5316
55.3585
55.4173
55.4624
55.5505
55.6643
55.804
55.9683
56.156
56.3661
56.598
56.8513
57.1255
57.4205
57.7361
58.0723
58.4294
58.808
59.2089
59.6333
60.0826
60.5589
61.0642
61.6014
62.1731
62.7825
63.4329
64.1274
64.8691
65.6607
66.5044
67.4019
68.354
69.3605
70.4204
71.5316
72.6908
73.8937
75.1349
76.4082
77.7063
79.0211
80.344
81.6658
82.9769
84.2674
85.5276
86.7476
87.918
89.0297
90.0737
91.0418
91.926
92.7189
93.4127
94.0007
94.475
94.832
95.0625
95.1588
95.1959
95.1452
94.9876
94.7437
94.4192
94.0182
93.5465
93.0099
92.4139
91.7638
91.0651
90.323
89.5422
88.7276
87.8834
87.0139
86.1228
85.2137
84.29
83.3544
82.4097
81.4582
80.5021
79.5431
78.5831
77.6234
76.6654
75.7103
74.7592
73.813
72.8725
71.9387
71.0121
70.0934
69.1834
68.2821
67.3912
66.5073
65.6459
92.0965
33.5844
26.4553
27.2698
30.8392
36.1102
42.906
51.3202
61.5393
73.7732
88.2403
105.183
124.875
147.477
173.005
201.351
232.377
265.972
301.778
339.401
378.543
418.761
459.588
500.597
541.479
582.391
622.604
661.693
699.448
735.604
770.055
802.805
833.812
863.005
890.364
915.89
939.649
961.64
981.828
1000.26
1017.02
1032.19
1045.83
1058.01
1068.73
1078.36
1086.52
1093.45
1099.25
1104.01
1107.77
1110.61
1112.54
1114.11
1113.99
1113.98
1112.84
1111.18
1108.95
1106.21
1102.99
1099.32
1095.24
1090.81
1085.93
1080.79
1075.48
1069.99
1064.35
1058.56
1052.65
1046.66
1040.58
1034.43
1028.2
1021.9
1015.51
1009.07
1002.57
995.975
989.316
982.63
975.924
969.212
962.485
955.765
949.063
942.387
935.747
929.151
922.613
916.139
909.736
903.409
897.159
890.989
884.898
878.888
872.959
867.115
861.333
855.608
849.961
844.402
838.94
833.583
828.34
823.22
818.227
813.369
808.653
804.077
799.634
795.371
791.299
787.411
783.706
780.187
776.86
773.729
770.796
768.057
765.512
763.156
760.976
759.066
757.413
755.987
754.775
753.777
752.99
752.406
751.951
751.75
751.832
752.2
752.718
753.42
754.305
755.367
756.598
758.021
759.647
761.437
763.379
765.466
767.689
770.041
772.522
775.129
777.843
780.652
783.543
786.506
789.53
792.602
795.712
798.851
802.008
805.168
808.319
811.446
814.538
817.58
820.559
823.46
826.269
828.969
831.544
833.98
836.261
838.372
840.297
842.019
843.529
844.816
845.852
846.622
847.139
847.344
847.26
846.879
846.141
845.046
843.581
841.722
839.451
836.75
833.601
829.986
825.887
821.285
816.162
810.499
804.277
797.476
790.075
782.055
773.395
764.071
754.065
743.353
731.913
719.722
706.761
693.003
678.427
663.019
646.75
629.602
611.582
592.638
572.789
552.099
530.587
508.328
485.401
461.9
437.939
413.647
389.168
364.665
340.308
316.28
292.768
269.959
248.033
227.156
207.474
189.106
172.14
156.63
142.595
130.019
118.856
109.036
100.467
93.0484
86.6681
81.2139
76.5753
72.6474
69.3327
66.5437
64.2006
62.235
60.5865
59.2028
58.04
57.061
56.2341
55.5333
54.9369
54.426
53.9814
53.6008
53.2446
52.9472
52.6075
52.3739
52.1044
52.1105
52.04
52.1183
52.2019
52.3087
52.4377
52.5881
52.7592
52.95
53.16
53.3889
53.6364
53.9022
54.1866
54.4895
54.8113
55.1525
55.514
55.8969
56.3025
56.7327
57.1896
57.6756
58.1936
58.7467
59.3381
59.9714
60.6498
61.3768
62.1551
62.9874
63.8753
64.8199
65.8213
66.8786
67.9898
69.1519
70.3607
71.6109
72.8963
74.2097
75.5433
76.8883
78.2356
79.5756
80.8985
82.1944
83.4535
84.6663
85.8234
86.9159
87.9353
88.8736
89.7231
90.4761
91.1259
91.6652
92.091
92.3933
92.5698
92.6248
92.6479
92.5618
92.3928
92.1437
91.8156
91.415
90.9477
90.4193
89.8349
89.1999
88.5194
87.7979
87.04
86.2502
85.4324
84.5906
83.7282
82.8485
81.9546
81.0492
80.1346
79.2131
78.2866
77.3569
76.4255
75.4939
74.5633
73.6348
72.7097
71.7887
70.8728
69.9628
69.0594
68.1633
67.275
66.3959
65.523
64.6706
94.7448
36.8464
34.993
42.2264
53.4067
68.0977
86.6846
109.877
138.266
172.169
211.645
256.669
307.276
362.908
422.559
485.209
549.847
615.49
681.137
745.971
810.191
872.654
932.455
989.226
1042.78
1092.66
1139.11
1182.2
1221.95
1258.41
1291.66
1321.84
1349.1
1373.58
1395.4
1414.61
1431.74
1446.52
1458.91
1469.2
1477.6
1484.24
1489.22
1492.64
1494.54
1496.03
1495.01
1493.05
1490.1
1486.2
1481.43
1475.84
1469.48
1462.59
1454.83
1446.66
1437.91
1428.67
1419.01
1408.97
1398.6
1387.95
1377.05
1365.96
1354.66
1343.23
1331.75
1320.24
1308.75
1297.29
1285.87
1274.52
1263.23
1251.99
1240.77
1229.6
1218.46
1207.37
1196.34
1185.37
1174.45
1163.61
1152.84
1142.17
1131.57
1121.07
1110.7
1100.44
1090.33
1080.36
1070.55
1060.89
1051.39
1042.04
1032.85
1023.8
1014.89
1006.13
997.51
989.029
980.678
972.454
964.361
956.406
948.592
940.928
933.418
926.068
918.883
911.865
905.021
898.34
891.799
885.439
879.28
873.324
867.575
862.035
856.709
851.6
846.705
842.017
837.541
833.278
829.233
825.448
821.929
818.667
815.648
812.87
810.329
808.021
805.91
804.063
802.499
801.201
800.129
799.277
798.638
798.204
797.945
797.929
798.194
798.623
799.231
800.012
800.956
802.052
803.313
804.74
806.3
807.978
809.765
811.648
813.616
815.656
817.755
819.908
822.104
824.323
826.552
828.776
830.983
833.157
835.285
837.351
839.339
841.23
843.008
844.662
846.172
847.52
848.689
849.656
850.419
850.973
851.269
851.29
851.098
850.592
849.784
848.659
847.181
845.35
843.141
840.53
837.501
834.033
830.108
825.707
820.81
815.399
809.453
802.953
795.879
788.208
779.92
770.994
761.407
751.136
740.158
728.453
715.992
702.753
688.718
673.857
658.143
641.576
624.111
605.727
586.47
566.35
545.399
523.674
501.231
478.151
454.53
430.477
406.12
381.603
357.085
332.737
308.742
285.284
262.552
240.724
219.966
200.422
182.211
165.419
150.098
136.263
123.898
112.952
103.351
95.0021
87.7982
81.6266
76.3725
71.9241
68.1749
65.0271
62.3919
60.191
58.3547
56.8244
55.5481
54.4825
53.5906
52.8431
52.2129
51.6794
51.2271
50.8367
50.4946
50.1973
49.9017
49.665
49.3443
49.1411
49.0068
49.0587
49.0909
49.1678
49.2668
49.3862
49.5244
49.6806
49.854
50.044
50.2502
50.4725
50.7108
50.9651
51.2356
51.5226
51.8267
52.1486
52.4894
52.8503
53.2328
53.6391
54.0713
54.5322
55.0247
55.552
56.1177
56.7254
57.3786
58.0809
58.8353
59.6445
60.5107
61.435
62.4179
63.4587
64.5557
65.7061
66.9059
68.1501
69.4326
70.7466
72.0841
73.4368
74.7955
76.1508
77.493
78.8121
80.0984
81.3422
82.5343
83.6655
84.7273
85.7114
86.6101
87.4157
88.1216
88.7204
89.2097
89.577
89.819
89.9498
89.9471
89.9616
89.8669
89.6959
89.4412
89.113
88.7165
88.2569
87.7399
87.1706
86.5538
85.894
85.1956
84.4628
83.6996
82.9099
82.0971
81.2646
80.4154
79.5523
78.6777
77.7939
76.903
76.0066
75.1065
74.2042
73.3011
72.3983
71.497
70.5983
69.7031
68.8124
67.9269
67.0475
66.1746
65.3097
64.4504
63.6089
114.468
59.738
79.1805
114.114
158.152
212.544
278.136
355.72
444.48
542.259
646.233
753.959
863.409
972.152
1077.83
1180.04
1277
1366.84
1449.47
1525.08
1593.35
1654.92
1710.28
1759.73
1803.54
1842.31
1875.93
1905.05
1929.88
1950.77
1968.09
1982.13
1993.14
2001.38
2007.11
2010.18
2012.66
2012.02
2008.66
2003.73
1997.44
1989.8
1980.88
1970.76
1959.54
1947.64
1934.59
1920.67
1906.05
1890.8
1875.01
1858.74
1842.02
1824.98
1807.56
1789.88
1771.96
1753.85
1735.57
1717.18
1698.71
1680.21
1661.71
1643.25
1624.85
1606.56
1588.4
1570.45
1552.71
1535.2
1517.95
1500.95
1484.18
1467.58
1451.14
1434.9
1418.81
1402.96
1387.28
1371.81
1356.56
1341.52
1326.67
1312.03
1297.57
1283.33
1269.33
1255.56
1242.04
1228.78
1215.77
1203.02
1190.51
1178.25
1166.21
1154.39
1142.78
1131.39
1120.19
1109.2
1098.41
1087.81
1077.4
1067.18
1057.16
1047.34
1037.71
1028.28
1019.06
1010.04
1001.22
992.595
984.164
975.935
967.917
960.116
952.533
945.171
938.034
931.124
924.423
917.919
911.632
905.57
899.744
894.174
888.873
883.839
879.057
874.527
870.249
866.224
862.439
858.921
855.687
852.729
850.027
847.573
845.359
843.378
841.617
840.124
838.885
837.868
837.062
836.458
836.041
835.785
835.743
835.921
836.244
836.707
837.305
838.024
838.852
839.776
840.779
841.864
843.022
844.222
845.451
846.695
847.94
849.172
850.375
851.534
852.63
853.641
854.551
855.358
856.034
856.555
856.904
857.05
857.003
856.772
856.28
855.53
854.534
853.244
851.649
849.727
847.468
844.843
841.833
838.418
834.578
830.293
825.542
820.304
814.559
808.288
801.47
794.083
786.107
777.515
768.288
758.405
747.84
736.564
724.559
711.804
698.261
683.911
668.741
652.71
635.782
617.988
599.325
579.798
559.442
538.29
516.39
493.807
470.618
446.915
422.809
398.425
373.907
349.413
325.113
301.189
277.827
255.21
233.518
212.916
193.546
175.525
158.938
143.833
130.225
118.09
107.379
98.0112
89.8914
82.9098
76.9505
71.8977
67.6382
64.0651
61.0798
58.5936
56.5281
54.8154
53.3954
52.2198
51.2438
50.4335
49.7572
49.1926
48.7178
48.3171
47.9764
47.6779
47.4139
47.1733
46.9168
46.7298
46.3971
46.368
46.2617
46.3405
46.4132
46.5051
46.6155
46.7431
46.8864
47.0446
47.2169
47.403
47.6028
47.8161
48.043
48.2837
48.5385
48.8078
49.0922
49.3928
49.7105
50.0469
50.4037
50.7829
51.1869
51.6185
52.0808
52.5772
53.1112
53.6866
54.3071
54.9764
55.6978
56.4741
57.3079
58.2005
59.1528
60.1643
61.2338
62.3586
63.5353
64.7591
66.0243
67.3243
68.6514
69.9974
71.3536
72.7105
74.0587
75.3883
76.6896
77.953
79.1692
80.329
81.4237
82.4451
83.3853
84.2366
84.9924
85.6453
86.1927
86.6201
86.9299
87.1124
87.1327
87.1581
87.1656
87.0781
86.8961
86.642
86.3179
85.9288
85.4808
84.9792
84.4286
83.833
83.1967
82.5238
81.8181
81.0835
80.3233
79.5411
78.7397
77.922
77.0906
76.2476
75.3952
74.5352
73.6695
72.7995
71.9268
71.0525
70.1781
69.3045
68.4328
67.564
66.6991
65.8388
64.9839
64.1358
63.2925
62.4636
171.98
243.962
417.366
596.074
776.018
962.202
1152.56
1343.81
1529.62
1704.76
1866.17
2011.36
2138.57
2248.48
2343.33
2423.51
2491.19
2548.12
2595.51
2634.42
2665.6
2689.9
2708.19
2721.24
2729.17
2734.85
2734.91
2732.32
2726.04
2717.14
2706.11
2693.11
2678.31
2661.89
2644.04
2624.7
2604.61
2583.34
2560.85
2537.42
2513.25
2488.45
2463.1
2437.26
2411
2384.49
2357.67
2330.59
2303.33
2275.97
2248.54
2221.08
2193.62
2166.21
2138.85
2111.59
2084.46
2057.48
2030.67
2004.07
1977.69
1951.56
1925.72
1900.17
1874.97
1850.11
1825.64
1801.58
1777.95
1754.76
1732.02
1709.74
1687.83
1666.21
1644.89
1623.96
1603.31
1583.08
1563.13
1543.55
1524.35
1505.48
1486.92
1468.71
1450.79
1433.19
1415.96
1399.05
1382.5
1366.31
1350.47
1334.97
1319.8
1304.94
1290.38
1276.12
1262.13
1248.41
1234.96
1221.77
1208.85
1196.17
1183.75
1171.57
1159.64
1147.95
1136.5
1125.29
1114.32
1103.59
1093.08
1082.8
1072.74
1062.9
1053.29
1043.91
1034.75
1025.82
1017.11
1008.64
1000.39
992.348
984.529
976.935
969.575
962.462
955.606
949.012
942.649
936.526
930.656
925.042
919.683
914.591
909.78
905.242
900.968
896.955
893.198
889.693
886.438
883.45
880.726
878.248
876.006
873.988
872.183
870.578
869.203
868.041
867.065
866.258
865.61
865.108
864.739
864.487
864.324
864.281
864.348
864.466
864.633
864.834
865.057
865.284
865.501
865.691
865.835
865.902
865.881
865.792
865.58
865.216
864.691
863.978
863.079
861.981
860.645
859.059
857.218
855.086
852.651
849.9
846.8
843.331
839.473
835.206
830.507
825.357
819.733
813.612
806.973
799.795
792.056
783.736
774.809
765.247
755.03
744.137
732.542
720.204
707.113
693.249
678.56
663.025
646.655
629.435
611.357
592.436
572.688
552.136
530.819
508.786
486.098
462.833
439.085
414.96
390.585
366.102
341.669
317.455
293.64
270.409
247.945
226.426
206.014
186.851
169.052
152.698
137.835
124.475
112.59
102.127
93.0042
85.121
78.366
72.6214
67.7692
63.6961
60.2949
57.4669
55.1238
53.1872
51.5901
50.2745
49.1905
48.2985
47.5602
46.9505
46.4438
46.023
45.6693
45.3703
45.1133
44.8823
44.6764
44.4698
44.2353
44.089
43.8115
43.8373
43.8455
43.9084
43.9929
44.0951
44.2132
44.3453
44.4903
44.6475
44.8162
44.9964
45.1878
45.3906
45.6049
45.8309
46.0689
46.3195
46.5834
46.8616
47.1553
47.466
47.7954
48.1457
48.5193
48.9191
49.3481
49.8098
50.3077
50.8458
51.4277
52.0574
52.7382
53.4734
54.2656
55.1165
56.0273
56.998
58.0277
59.1143
60.2546
61.4444
62.6783
63.9502
65.2528
66.5782
67.9179
69.2628
70.6037
71.931
73.235
74.5062
75.7354
76.9135
78.0316
79.0814
80.0552
80.9449
81.7441
82.4453
83.0455
83.5294
83.9021
84.1378
84.2058
84.2464
84.2793
84.297
84.1802
84.0041
83.7539
83.437
83.06
82.6284
82.1464
81.6178
81.0464
80.4363
79.7911
79.1146
78.4102
77.6813
76.9308
76.1617
75.3764
74.5774
73.7667
72.9462
72.1179
71.2832
70.4438
69.6011
68.7562
67.9105
67.0651
66.221
65.3792
64.5408
63.7063
62.8773
62.0525
61.2382
1033.79
2078.86
2753.64
3140.24
3381.41
3543.45
3660.21
3744.24
3803.71
3845.26
3872.44
3888.9
3896.89
3895.43
3889.17
3875.55
3855.68
3831.76
3804.55
3774.54
3742.22
3707.96
3672.14
3635.15
3596.94
3558.39
3518.94
3479.05
3438.62
3397.8
3356.78
3315.63
3274.45
3233.21
3192.01
3150.81
3109.77
3068.86
3028.03
2987.32
2946.79
2906.48
2866.42
2826.64
2787.15
2748.01
2709.21
2670.76
2632.68
2595
2557.73
2520.87
2484.42
2448.4
2412.81
2377.66
2342.97
2308.74
2274.99
2241.72
2208.94
2176.67
2144.91
2113.69
2083.02
2052.92
2023.39
1994.47
1966.13
1938.4
1911.29
1884.78
1858.75
1833.12
1807.92
1783.28
1759.02
1735.33
1712.02
1689.18
1666.88
1644.98
1623.52
1602.49
1581.87
1561.65
1541.89
1522.53
1503.61
1485.12
1467.06
1449.41
1432.14
1415.25
1398.72
1382.53
1366.67
1351.14
1335.93
1321.03
1306.44
1292.15
1278.17
1264.47
1251.06
1237.94
1225.09
1212.52
1200.21
1188.16
1176.36
1164.8
1153.49
1142.42
1131.59
1120.99
1110.62
1100.48
1090.56
1080.86
1071.39
1062.13
1053.08
1044.26
1035.65
1027.28
1019.14
1011.25
1003.6
996.17
988.983
982.041
975.344
968.902
962.724
956.796
951.116
945.691
940.523
935.61
930.954
926.563
922.435
918.559
914.928
911.536
908.374
905.435
902.728
900.245
897.968
895.882
893.974
892.231
890.641
889.189
887.857
886.658
885.568
884.562
883.626
882.744
881.901
881.081
880.267
879.443
878.591
877.683
876.708
875.656
874.495
873.201
871.755
870.136
868.334
866.333
864.108
861.636
858.901
855.893
852.585
848.951
844.967
840.612
835.864
830.701
825.103
819.046
812.507
805.46
797.883
789.753
781.05
771.751
761.827
751.244
739.984
728.029
715.352
701.887
687.644
672.612
656.765
640.092
622.594
604.272
585.131
565.191
544.478
523.029
500.894
478.134
454.826
431.063
406.953
382.62
358.208
333.871
309.778
286.108
263.044
240.768
219.455
199.267
180.342
162.793
146.698
132.1
119.006
107.388
97.186
88.3157
80.675
74.1491
68.6192
63.9661
60.0756
56.8411
54.1646
51.9577
50.1437
48.6549
47.4357
46.437
45.6194
44.9498
44.3965
43.9439
43.5686
43.2573
42.9953
42.771
42.5754
42.3928
42.2266
42.0461
41.8078
41.6964
41.5074
41.5679
41.6259
41.7037
41.7984
41.9078
42.0299
42.1634
42.3073
42.461
42.6242
42.7969
42.979
43.1704
43.3715
43.5823
43.8033
44.0349
44.278
44.5336
44.803
45.0876
45.3892
45.7099
46.0522
46.4187
46.8126
47.2372
47.6961
48.1932
48.7323
49.3172
49.9516
50.6389
51.3817
52.1824
53.0423
53.962
54.9409
55.9775
57.0692
58.2122
59.4017
60.6321
61.8965
63.1876
64.4973
65.8168
67.1373
68.4493
69.7437
71.011
72.242
73.4276
74.5593
75.6284
76.6274
77.5481
78.384
79.1277
79.7752
80.3118
80.7419
81.0375
81.1841
81.2184
81.2851
81.341
81.292
81.203
81.0271
80.784
80.4801
80.1213
79.7108
79.2519
78.7484
78.204
77.6224
77.007
76.3615
75.689
74.9927
74.2752
73.5393
72.7873
72.0213
71.2434
70.4555
69.6591
68.856
68.0476
67.2352
66.4202
65.6037
64.787
63.971
63.1569
62.3454
61.5379
60.7341
59.936
9770.27
7408.79
6314.38
5708.59
5362.99
5179.4
5082.09
5025.09
4983.06
4943.21
4899.59
4850.32
4796.51
4738.57
4678.18
4616.63
4553.27
4489.58
4426.54
4363.87
4301.59
4239.77
4178.56
4118.03
4058.18
3999.16
3940.86
3883.36
3826.62
3770.56
3715.22
3660.55
3606.7
3553.74
3501.56
3450.04
3399.17
3348.95
3299.32
3250.31
3201.89
3154.08
3106.9
3060.35
3014.39
2969.06
2924.34
2880.23
2836.75
2793.92
2751.72
2710.15
2669.18
2628.82
2589.06
2549.91
2511.36
2473.43
2436.1
2399.39
2363.29
2327.8
2292.94
2258.72
2225.15
2192.23
2159.99
2128.42
2097.53
2067.32
2037.8
2008.95
1980.61
1952.77
1925.44
1898.72
1872.47
1846.8
1821.62
1796.94
1772.83
1749.21
1726.08
1703.41
1681.25
1659.51
1638.27
1617.47
1597.15
1577.31
1557.92
1538.98
1520.46
1502.35
1484.62
1467.27
1450.28
1433.65
1417.36
1401.43
1385.83
1370.57
1355.64
1341.02
1326.72
1312.73
1299.04
1285.65
1272.54
1259.7
1247.12
1234.8
1222.74
1210.92
1199.35
1188.01
1176.89
1166
1155.32
1144.85
1134.59
1124.53
1114.68
1105.03
1095.57
1086.33
1077.29
1068.48
1059.87
1051.48
1043.3
1035.33
1027.59
1020.08
1012.81
1005.77
998.956
992.381
986.044
979.946
974.09
968.482
963.118
957.987
953.095
948.439
944.015
939.819
935.852
932.11
928.58
925.247
922.102
919.133
916.33
913.678
911.165
908.789
906.534
904.381
902.313
900.314
898.369
896.461
894.573
892.689
890.792
888.858
886.87
884.808
882.648
880.365
877.941
875.355
872.59
869.625
866.438
863.019
859.347
855.397
851.142
846.557
841.62
836.308
830.598
824.469
817.896
810.857
803.326
795.273
786.672
777.504
767.747
757.377
746.362
734.65
722.238
709.109
695.244
680.607
665.191
648.987
631.984
614.178
595.575
576.185
556.025
535.122
513.517
491.257
468.407
445.044
421.261
397.168
372.89
348.567
324.357
300.427
276.955
254.123
232.11
211.09
191.22
172.636
155.446
139.721
125.501
112.786
101.54
91.7001
83.1767
75.8629
69.6425
64.3934
59.9969
56.338
53.311
50.8195
48.7772
47.1072
45.7457
44.6356
43.7332
42.9971
42.3999
41.9108
41.5095
41.1823
40.9106
40.6839
40.4929
40.3245
40.1762
40.0268
39.8844
39.7312
39.4388
39.3717
39.3302
39.4083
39.4878
39.5775
39.6792
39.7915
39.9134
40.0443
40.1836
40.3309
40.486
40.6489
40.8194
40.9976
41.1835
41.3772
41.5792
41.79
42.0104
42.2414
42.4843
42.7406
43.0119
43.3003
43.608
43.9377
44.2924
44.6753
45.09
45.54
46.0294
46.5618
47.1411
47.7706
48.4535
49.1922
49.9885
50.8434
51.7569
52.7281
53.755
54.8344
55.9623
57.1336
58.3423
59.5815
60.8437
62.1207
63.4041
64.685
65.9544
67.2032
68.4225
69.6033
70.7372
71.8155
72.8308
73.7748
74.641
75.4224
76.1131
76.7008
77.1859
77.5545
77.7112
77.8253
77.9534
77.9424
77.9607
77.9899
77.8869
77.7249
77.5016
77.2243
76.8937
76.5129
76.0853
75.6148
75.1046
74.5583
73.9793
73.3709
72.736
72.0775
71.398
70.6998
69.9853
69.2565
68.5153
67.7634
67.0025
66.2342
65.4598
64.6808
63.8985
63.114
62.3286
61.5433
60.7592
59.9774
59.199
58.42
4451.74
4294.42
4149.21
4028.97
3945.52
3896.72
3886.59
3894.16
3916.81
3953.88
3995.33
4035.51
4071.6
4100.79
4121.17
4134.87
4134.92
4129.3
4120.86
4103.31
4080.19
4052.47
4021.02
3986.48
3949.36
3910.25
3869.32
3827.17
3783.93
3739.37
3694.26
3648.45
3603.08
3557.59
3511.95
3466.25
3420.55
3374.96
3329.47
3284.22
3239.16
3194.42
3150.04
3106
3062.21
3018.86
2975.86
2933.35
2891.32
2849.95
2809.12
2768.78
2728.94
2689.58
2650.75
2612.41
2574.59
2537.32
2500.58
2464.36
2428.68
2393.52
2358.94
2324.94
2291.54
2258.76
2226.61
2195.1
2164.24
2134.04
2104.49
2075.56
2047.14
2019.21
1991.77
1964.86
1938.44
1912.53
1887.12
1862.21
1837.81
1813.91
1790.49
1767.52
1745.02
1722.98
1701.4
1680.3
1659.67
1639.5
1619.79
1600.51
1581.66
1563.21
1545.15
1527.46
1510.14
1493.18
1476.57
1460.32
1444.42
1428.86
1413.63
1398.73
1384.16
1369.9
1355.95
1342.31
1328.95
1315.88
1303.07
1290.51
1278.21
1266.16
1254.34
1242.76
1231.39
1220.23
1209.27
1198.5
1187.92
1177.53
1167.31
1157.27
1147.4
1137.71
1128.2
1118.87
1109.72
1100.74
1091.94
1083.33
1074.89
1066.65
1058.61
1050.77
1043.12
1035.67
1028.43
1021.39
1014.57
1007.96
1001.57
995.39
989.43
983.687
978.158
972.843
967.741
962.849
958.158
953.652
949.328
945.18
941.198
937.371
933.688
930.143
926.722
923.41
920.192
917.052
913.973
910.939
907.935
904.944
901.949
898.931
895.869
892.74
889.517
886.179
882.703
879.067
875.257
871.261
867.052
862.61
857.908
852.923
847.63
842.002
836.017
829.65
822.878
815.677
808.024
799.893
791.256
782.077
772.325
761.986
751.037
739.457
727.218
714.287
700.648
686.285
671.181
655.319
638.69
621.289
603.114
584.171
564.472
544.039
522.901
501.097
478.682
455.72
432.291
408.492
384.433
360.241
336.061
312.047
288.369
265.203
242.729
221.124
200.557
181.18
163.12
146.476
131.313
117.657
105.5
94.797
85.4755
77.4395
70.5782
64.7714
59.8973
55.8354
52.4742
49.7088
47.446
45.6023
44.1052
42.8908
41.9084
41.1122
40.4691
39.9463
39.5281
39.1823
38.8985
38.6652
38.4708
38.3073
38.1697
38.0405
37.9291
37.7908
37.6618
37.539
37.2861
37.3035
37.3254
37.3881
37.4696
37.5648
37.668
37.7781
37.8956
38.0205
38.1525
38.2913
38.4367
38.5885
38.7464
38.9104
39.0802
39.2559
39.438
39.6271
39.8241
40.03
40.2459
40.4734
40.7139
40.9694
41.2419
41.534
41.8484
42.1881
42.5565
42.9572
43.3938
43.8702
44.3899
44.9566
45.5733
46.2429
46.9674
47.7483
48.5861
49.4804
50.4299
51.4323
52.4842
53.5813
54.7182
55.8889
57.0866
58.3038
59.5326
60.7648
61.9918
63.2049
64.3956
65.555
66.675
67.7472
68.7641
69.7175
70.6009
71.4076
72.1303
72.759
73.2909
73.7169
73.9762
74.1569
74.2179
74.2478
74.2968
74.3584
74.3212
74.2469
74.1067
73.9181
73.673
73.3754
73.029
72.6377
72.2045
71.7329
71.226
70.6873
70.1197
69.5259
68.9086
68.2703
67.613
66.939
66.2502
65.5484
64.8353
64.1125
63.3815
62.6438
61.9007
61.1536
60.4036
59.652
58.9
58.1483
57.4
56.6433
2236.5
2220.96
2205.03
2191.78
2180.28
2179.26
2184.3
2195.88
2219.56
2252.84
2295.68
2346.44
2404.53
2467.87
2535.14
2604.37
2673.49
2740.85
2805.44
2865.59
2920.45
2969.21
3011.57
3047.4
3076.69
3099.98
3117.08
3129.3
3136.39
3135.28
3134.34
3126.95
3121.46
3110.9
3097.35
3081.24
3062.85
3042.57
3020.49
2997.09
2972.19
2946.4
2919.58
2891.81
2862.75
2833.44
2803.24
2773.15
2742.75
2712.93
2682.82
2652.44
2621.91
2591.24
2560.57
2529.87
2499.23
2468.74
2438.32
2407.99
2377.8
2347.75
2318.02
2288.55
2259.45
2230.77
2202.54
2174.7
2147.36
2120.53
2094.18
2068.25
2042.67
2017.42
1992.53
1967.97
1943.75
1919.89
1896.41
1873.3
1850.59
1828.27
1806.34
1784.79
1763.61
1742.82
1722.42
1702.46
1682.92
1663.78
1645.03
1626.65
1608.64
1590.98
1573.66
1556.66
1539.99
1523.65
1507.63
1491.93
1476.56
1461.51
1446.78
1432.36
1418.23
1404.42
1390.9
1377.68
1364.73
1352.06
1339.63
1327.45
1315.5
1303.8
1292.32
1281.06
1269.99
1259.11
1248.41
1237.87
1227.49
1217.26
1207.18
1197.25
1187.45
1177.8
1168.28
1158.9
1149.66
1140.56
1131.58
1122.75
1114.05
1105.5
1097.09
1088.84
1080.73
1072.77
1064.97
1057.32
1049.83
1042.51
1035.37
1028.4
1021.62
1015.01
1008.59
1002.34
996.279
990.399
984.696
979.162
973.793
968.583
963.525
958.611
953.833
949.181
944.647
940.218
935.881
931.62
927.418
923.261
919.135
915.024
910.913
906.785
902.616
898.381
894.052
889.614
885.048
880.33
875.442
870.359
865.06
859.524
853.726
847.64
841.239
834.493
827.381
819.877
811.957
803.596
794.769
785.45
775.611
765.223
754.256
742.691
730.506
717.678
704.186
690.004
675.118
659.512
643.177
626.1
608.28
589.719
570.424
550.411
529.702
508.331
486.343
463.792
440.747
417.293
393.528
369.565
345.535
321.582
297.863
274.548
251.81
229.828
208.774
188.808
170.075
152.692
136.746
122.289
109.334
97.8593
87.8107
79.1054
71.6414
65.3025
59.9674
55.5139
51.8242
48.7875
46.3051
44.2857
42.6512
41.3319
40.2703
39.4151
38.7277
38.1727
37.7296
37.3701
37.0854
36.8391
36.6358
36.4672
36.3271
36.2094
36.1102
36.0039
35.9245
35.7499
35.6618
35.5988
35.396
35.4408
35.501
35.5784
35.6668
35.7652
35.8636
35.9663
36.0762
36.1936
36.3178
36.4483
36.5845
36.7259
36.8719
37.0226
37.1771
37.3356
37.4987
37.6675
37.8429
38.0257
38.2171
38.4183
38.6309
38.8563
39.0967
39.3541
39.6313
39.9309
40.2561
40.6102
40.9968
41.4194
41.8816
42.387
42.9387
43.5396
44.1921
44.8979
45.658
46.4726
47.341
48.2615
49.2314
50.2473
51.3047
52.3981
53.5217
54.6686
55.8316
57.0032
58.1753
59.3398
60.4885
61.613
62.7053
63.7573
64.7615
65.7101
66.5966
67.4146
68.156
68.8116
69.3795
69.843
70.1654
70.4054
70.5264
70.513
70.6141
70.5866
70.5966
70.6268
70.5604
70.4677
70.3064
70.091
69.8249
69.5123
69.156
68.7586
68.3239
67.855
67.3552
66.8269
66.2728
65.6953
65.0967
64.479
63.8443
63.1944
62.531
61.8558
61.1704
60.4762
59.7747
59.0672
58.3551
57.6397
56.9222
56.203
55.4875
54.755
942.142
947.208
952.234
957.201
962.004
967.39
973.961
981.957
992.196
1005.01
1021.17
1040.84
1064.69
1092.76
1125.49
1162.82
1205.08
1251.85
1303.14
1358.35
1417.13
1478.69
1542.39
1607.35
1672.8
1737.85
1801.72
1863.63
1923.05
1979.02
2031.52
2079.67
2123.59
2163.01
2197.98
2228.68
2255.21
2277.97
2296.89
2312.77
2324.93
2334.95
2341.48
2345.73
2343.55
2344.05
2337.61
2335.67
2327.89
2324.27
2316.42
2306.75
2295.69
2283.32
2270.02
2255.64
2240.5
2224.79
2207.9
2190.31
2172.09
2153.35
2134.58
2115.22
2096.05
2076.94
2057.93
2038.63
2019.57
2000.67
1981.8
1962.96
1944.04
1925.12
1906.26
1887.29
1868.34
1849.44
1830.66
1812.02
1793.59
1775.28
1757.21
1739.39
1721.72
1704.32
1687.15
1670.38
1653.9
1637.64
1621.59
1605.77
1590.17
1574.79
1559.62
1544.65
1529.89
1515.39
1501.12
1487.1
1473.34
1459.83
1446.59
1433.62
1420.89
1408.41
1396.22
1384.29
1372.6
1361.14
1349.88
1338.82
1327.97
1317.34
1306.92
1296.67
1286.58
1276.64
1266.83
1257.15
1247.57
1238.11
1228.76
1219.52
1210.37
1201.32
1192.37
1183.51
1174.74
1166.05
1157.45
1148.94
1140.52
1132.18
1123.93
1115.76
1107.68
1099.69
1091.78
1083.97
1076.25
1068.63
1061.14
1053.76
1046.5
1039.37
1032.37
1025.5
1018.76
1012.16
1005.69
999.357
993.151
987.071
981.113
975.271
969.54
963.913
958.383
952.94
947.573
942.269
937.013
931.791
926.589
921.392
916.19
910.972
905.716
900.391
894.971
889.437
883.765
877.934
871.926
865.719
859.29
852.616
845.672
838.431
830.868
822.954
814.665
805.974
796.858
787.289
777.243
766.694
755.616
743.98
731.764
718.943
705.499
691.41
676.659
661.228
645.103
628.276
610.742
592.498
573.549
553.906
533.589
512.624
491.049
468.911
446.27
423.199
399.787
376.134
352.36
328.595
304.987
281.694
258.884
236.728
215.399
195.062
175.87
157.953
141.416
126.329
112.729
100.614
89.9469
80.6608
72.6639
65.8474
60.0928
55.2776
51.2819
47.9918
45.3008
43.1136
41.3477
39.9269
38.7885
37.8769
37.15
36.5663
36.1024
35.728
35.4319
35.1908
35.001
34.8081
34.658
34.5327
34.4315
34.3497
34.2767
34.1721
34.1267
33.9347
33.9152
33.9
33.7411
33.8023
33.8835
33.9714
34.0629
34.1594
34.2417
34.3321
34.4335
34.544
34.6617
34.7852
34.9135
35.0455
35.1804
35.3186
35.4579
35.5993
35.7443
35.8942
36.0497
36.2117
36.3811
36.5589
36.7464
36.945
37.1563
37.3824
37.6256
37.8885
38.1738
38.4846
38.8244
39.1963
39.6039
40.0506
40.5395
41.0735
41.6552
42.2866
42.9689
43.7029
44.4884
45.3244
46.2088
47.139
48.1112
49.1209
50.1628
51.2311
52.3192
53.4203
54.527
55.6317
56.7267
57.8039
58.8558
59.8744
60.853
61.7833
62.6595
63.4753
64.2227
64.8917
65.484
65.9676
66.3267
66.6143
66.7165
66.75
66.8128
66.8421
66.8571
66.8741
66.8742
66.9039
66.8176
66.6845
66.4975
66.2635
65.9832
65.6595
65.2963
64.8972
64.4652
64.0026
63.5121
62.9963
62.4572
61.8971
61.3178
60.7212
60.1092
59.4833
58.8452
58.1965
57.5386
56.8729
56.2009
55.5238
54.8431
54.1587
53.4787
52.772
327.243
331.012
334.777
338.587
342.407
346.293
350.339
354.586
359.159
364.102
369.618
375.748
382.765
390.708
399.908
410.404
422.568
436.458
452.426
470.57
491.171
514.358
540.302
569.134
600.88
635.649
673.282
713.84
756.99
802.668
850.473
900.176
951.757
1004.62
1058.31
1112.21
1165.83
1218.65
1270.18
1320.12
1367.92
1413.53
1456.51
1496.87
1533.73
1567.78
1598.55
1626.8
1652.15
1675.44
1696.22
1714.51
1730.58
1744.29
1756.23
1765.89
1773.88
1780.89
1782.06
1784.66
1785.45
1784.8
1784.01
1778.61
1777.36
1774.41
1770.65
1765.16
1759.61
1753.56
1746.8
1739.51
1731.4
1723
1713.88
1703.8
1693.4
1682.82
1671.95
1660.93
1649.95
1638.4
1627.06
1615.92
1604.29
1592.98
1581.38
1570.55
1559.66
1548.58
1537.39
1526.16
1514.9
1503.6
1492.3
1480.92
1469.63
1458.48
1447.41
1436.47
1425.68
1415.01
1404.52
1394.2
1383.98
1373.97
1364.21
1354.67
1345.28
1336.03
1326.87
1317.79
1308.91
1300.23
1291.7
1283.27
1274.93
1266.67
1258.47
1250.33
1242.24
1234.19
1226.21
1218.3
1210.44
1202.63
1194.88
1187.18
1179.51
1171.88
1164.29
1156.73
1149.2
1141.7
1134.22
1126.75
1119.29
1111.83
1104.38
1096.94
1089.52
1082.14
1074.79
1067.49
1060.24
1053.04
1045.9
1038.82
1031.81
1024.87
1017.99
1011.19
1004.47
997.816
991.236
984.726
978.282
971.902
965.582
959.312
953.085
946.891
940.721
934.563
928.403
922.229
916.032
909.801
903.519
897.156
890.684
884.084
877.333
870.41
863.299
855.978
848.423
840.61
832.515
824.112
815.375
806.278
796.796
786.902
776.572
765.781
754.502
742.713
730.387
717.501
704.032
689.962
675.271
659.944
643.966
627.326
610.016
592.035
573.386
554.075
534.117
513.537
492.365
470.644
448.425
425.774
402.769
379.502
356.08
332.624
309.268
286.161
263.462
241.334
219.947
199.464
180.041
161.818
144.908
129.399
115.342
102.754
91.6151
81.8734
73.4483
66.2402
60.1348
55.0128
50.7537
47.2414
44.3676
42.0336
40.1486
38.6358
37.4307
36.4696
35.7054
35.0972
34.6178
34.2332
33.9315
33.6873
33.4936
33.3319
33.2078
33.0166
32.9042
32.8095
32.7392
32.6953
32.6296
32.4805
32.5236
32.4106
32.4053
32.4241
32.299
32.3709
32.4596
32.5478
32.6358
32.7199
32.7659
32.8455
32.9436
33.0517
33.1663
33.2855
33.4076
33.5313
33.6557
33.7817
33.9041
34.0276
34.1552
34.288
34.4261
34.57
34.7203
34.8778
35.0434
35.2183
35.4039
35.602
35.8147
36.0442
36.2932
36.5643
36.8607
37.1854
37.5418
37.9331
38.3622
38.8322
39.3457
39.9046
40.5108
41.1651
41.868
42.6188
43.4164
44.2585
45.1424
46.0641
47.0194
48.003
49.0093
50.0322
51.065
52.1006
53.1318
54.151
55.1514
56.1251
57.0661
57.9661
58.8198
59.621
60.3621
61.0317
61.6363
62.1258
62.5018
62.8142
63.029
62.9965
63.0818
63.134
63.1436
63.1774
63.208
63.2564
63.2286
63.1833
63.0731
62.9189
62.7134
62.4614
62.169
61.839
61.4745
61.0773
60.6506
60.1966
59.7176
59.2157
58.6927
58.1505
57.591
57.0158
56.4266
55.825
55.2124
54.5903
53.9603
53.3235
52.6818
52.0342
51.3921
50.7131
131.307
132.193
133.103
134.06
135.056
136.102
137.201
138.362
139.599
140.912
142.334
143.86
145.545
147.379
149.439
151.718
154.307
157.216
160.539
164.317
168.639
173.583
179.233
185.702
193.069
201.481
211.013
221.83
234.022
247.73
263.09
280.201
299.227
320.23
343.337
368.555
395.932
425.439
457.001
490.552
525.916
562.922
601.406
640.974
681.68
723.169
765.071
807.041
848.729
889.841
930.102
969.168
1006.92
1043.03
1077.54
1110.1
1140.69
1169.48
1196.01
1220.6
1243.26
1263.98
1283.16
1300.41
1316.39
1330.95
1344.26
1356.01
1366.6
1376.13
1384.42
1391.85
1397.65
1403.69
1404.59
1405.55
1406.57
1409.16
1409.11
1409.52
1409.65
1406
1404.34
1404.35
1399.86
1398.9
1393.47
1393.25
1390.66
1387.04
1382.87
1378.27
1373.37
1367.83
1362.14
1355.82
1349.6
1343.51
1337.25
1330.96
1324.64
1318.29
1311.99
1305.76
1299.22
1293.01
1287.16
1281.4
1275.58
1269.69
1263.68
1257.54
1251.67
1245.98
1240.34
1234.66
1228.96
1223.22
1217.46
1211.65
1205.77
1199.87
1193.99
1188.13
1182.24
1176.34
1170.47
1164.61
1158.71
1152.8
1146.89
1140.96
1135.02
1129.02
1122.96
1116.83
1110.62
1104.32
1097.94
1091.48
1084.96
1078.4
1071.8
1065.16
1058.48
1051.77
1045.02
1038.26
1031.47
1024.67
1017.86
1011.05
1004.23
997.412
990.598
983.785
976.975
970.169
963.364
956.557
949.742
942.913
936.062
929.18
922.257
915.283
908.249
901.151
893.979
886.702
879.289
871.723
863.982
856.05
847.908
839.536
830.911
822.011
812.809
803.284
793.41
783.163
772.517
761.449
749.934
737.948
725.469
712.474
698.939
684.845
670.173
654.908
639.036
622.545
605.429
587.682
569.305
550.307
530.698
510.499
489.738
468.451
446.686
424.501
401.966
379.166
356.196
333.169
310.209
287.452
265.049
243.154
221.929
201.535
182.124
163.839
146.799
131.102
116.81
103.953
92.5261
82.4904
73.7774
66.2965
59.9394
54.5916
50.1335
46.4511
43.4337
40.9818
39.0039
37.4201
36.1567
35.1558
34.3713
33.7449
33.2484
32.8599
32.5528
32.3102
32.1225
31.9654
31.8426
31.7324
31.6507
31.3897
31.3114
31.2556
31.2133
31.2368
31.1134
31.1052
31.1451
31.1451
31.0595
31.1377
31.0433
31.1212
31.2015
31.2791
31.3585
31.4057
31.3809
31.4779
31.5878
31.7014
31.8174
31.9348
32.0521
32.1674
32.2805
32.3926
32.4926
32.597
32.7094
32.8283
32.9527
33.0821
33.2169
33.3574
33.5045
33.659
33.8222
33.9957
34.1812
34.3809
34.5969
34.8318
35.0884
35.3697
35.6786
36.0182
36.3914
36.801
37.2496
37.7395
38.2723
38.8495
39.4715
40.1386
40.8499
41.6038
42.3983
43.2303
44.0961
44.9914
45.9113
46.8505
47.803
48.7622
49.7217
50.6743
51.6137
52.5327
53.4259
54.2847
55.1053
55.8812
56.6041
57.2611
57.8698
58.3374
58.7113
59.0408
59.2904
59.3139
59.4548
59.5295
59.4879
59.5904
59.6222
59.5657
59.5706
59.6188
59.5762
59.509
59.3759
59.1923
58.9691
58.7077
58.4098
58.0774
57.714
57.3217
56.9028
56.4592
55.9929
55.5057
54.9996
54.4761
53.9369
53.3836
52.8178
52.2409
51.6544
51.0596
50.4587
49.8497
49.2477
48.5982
71.8785
71.9775
72.0788
72.1893
72.3123
72.4557
72.6132
72.7926
72.9962
73.2205
73.4771
73.7572
74.0723
74.4205
74.8157
75.256
75.7594
76.328
76.9766
77.7127
78.5514
79.5089
80.6
81.8501
83.2759
84.9112
86.7796
88.9192
91.3642
94.154
97.3381
100.961
105.086
109.769
115.083
121.1
127.893
135.554
144.157
153.799
164.564
176.535
189.809
204.448
220.549
238.157
257.334
278.079
300.406
324.269
349.613
376.347
404.333
433.466
463.513
494.384
525.893
557.823
589.929
621.989
653.799
685.152
715.903
745.878
774.986
803.113
830.176
856.05
880.72
904.25
926.518
947.699
967.558
986.369
1003.9
1019.98
1034.96
1048.99
1061.93
1073.92
1085.14
1095.12
1104.46
1113.27
1120.94
1128.17
1134.46
1140.7
1146.36
1151.16
1155.41
1158.92
1162.3
1162.14
1164.31
1163.64
1163.9
1165.37
1165.99
1165.85
1165.57
1165.03
1164.29
1163.69
1160.99
1159.91
1159.99
1159.76
1158.71
1157.26
1155.39
1152.96
1151.11
1149.52
1147.66
1145.58
1143.34
1140.93
1138.41
1135.58
1132.51
1129.46
1126.4
1123.4
1120.16
1116.9
1113.66
1110.45
1106.99
1103.53
1100.11
1096.56
1092.95
1089.18
1085.23
1081.11
1076.82
1072.33
1067.64
1062.8
1057.84
1052.74
1047.53
1042.19
1036.71
1031.09
1025.35
1019.49
1013.5
1007.41
1001.2
994.896
988.505
982.031
975.469
968.822
962.093
955.289
948.412
941.458
934.426
927.312
920.11
912.816
905.421
897.917
890.3
882.571
874.725
866.737
858.572
850.222
841.659
832.871
823.842
814.553
804.982
795.108
784.911
774.367
763.455
752.151
740.434
728.281
715.67
702.582
688.995
674.89
660.249
645.056
629.298
612.966
596.051
578.55
560.464
541.797
522.562
502.775
482.464
461.66
440.407
418.759
396.78
374.547
352.149
329.688
307.279
285.05
263.138
241.692
220.862
200.803
181.662
163.58
146.676
131.052
116.776
103.887
92.3908
82.257
73.4288
65.8256
59.3457
53.8796
49.3114
45.5297
42.4251
39.9003
37.8608
36.2304
34.9344
33.9111
33.104
32.4744
31.9904
31.5925
31.2801
31.0392
30.8445
30.701
30.5985
30.4951
30.4279
30.3575
30.2734
30.1058
30.0668
30.087
30.0369
30.0269
29.9309
30.0076
29.9655
29.9597
29.959
30.0394
29.9529
30.0223
30.0703
30.1331
30.2035
30.142
30.131
30.2374
30.366
30.4885
30.607
30.7226
30.8339
30.9374
31.0365
31.1274
31.1912
31.2797
31.3838
31.4954
31.6114
31.731
31.8543
31.9815
32.1133
32.2506
32.3945
32.5464
32.708
32.881
33.0673
33.2694
33.4898
33.7313
33.9966
34.2886
34.61
34.9634
35.3514
35.7763
36.2398
36.7434
37.2881
37.8743
38.5015
39.169
39.8751
40.6175
41.3932
42.1987
43.0299
43.8821
44.7501
45.6279
46.5097
47.389
48.2602
49.1163
49.9538
50.762
51.5411
52.2822
52.9754
53.6062
54.2165
54.6094
54.971
55.3167
55.6146
55.6982
55.8096
55.8681
55.8977
56.0214
55.9901
55.9876
55.9993
56.0201
56.0243
56.072
56.001
55.8802
55.7253
55.5318
55.2989
55.0303
54.7296
54.3984
54.0392
53.6537
53.2441
52.8121
52.3597
51.8884
51.4
50.896
50.378
49.8474
49.3058
48.7544
48.196
47.6271
47.0671
46.4488
48.5996
48.5516
48.4901
48.4325
48.3748
48.3284
48.2832
48.2477
48.2216
48.1974
48.1939
48.1831
48.174
48.1827
48.2057
48.2485
48.3176
48.4139
48.5264
48.6574
48.812
48.9942
49.2073
49.4565
49.7484
50.0899
50.4856
50.9419
51.4667
52.0681
52.7577
53.5461
54.4476
55.4764
56.6478
57.9813
59.4945
61.213
63.1581
65.3597
67.847
70.6526
73.8147
77.3711
81.3708
85.8576
90.8899
96.5186
102.807
109.815
117.602
126.24
135.777
146.284
157.804
170.392
184.083
198.904
214.868
231.964
250.174
269.458
289.765
311.011
333.126
355.983
379.506
403.564
427.984
452.661
477.422
502.158
526.744
551.041
574.984
598.443
621.348
643.628
665.238
686.137
706.325
725.72
744.359
762.244
779.319
795.611
811.131
825.94
840.079
853.436
866.083
878.024
889.314
899.612
909.372
918.133
926.43
934.409
941.803
948.706
955.168
961.175
966.823
972.16
976.849
981.419
985.957
990.272
994.215
997.813
1001.01
1003.81
1006.54
1009.21
1011.69
1013.84
1015.75
1017.34
1018.94
1018.74
1019.01
1019.66
1020.04
1021.07
1020.8
1020.8
1020.85
1021.38
1020.62
1020.29
1020.38
1019.77
1019.24
1018.26
1016.99
1015.46
1013.68
1011.52
1009.08
1006.45
1003.68
1000.67
997.538
994.15
990.511
986.633
982.52
978.181
973.624
968.855
963.859
958.672
953.302
947.751
941.999
936.06
929.939
923.655
917.203
910.584
903.798
896.842
889.714
882.412
874.931
867.264
859.41
851.374
843.166
834.76
826.131
817.264
808.131
798.727
789.037
779.044
768.732
758.083
747.077
735.697
723.923
711.736
699.118
686.05
672.515
658.495
643.977
628.945
613.387
597.294
580.661
563.484
545.765
527.51
508.73
489.443
469.672
449.449
428.815
407.82
386.523
364.997
343.323
321.596
299.924
278.424
257.226
236.465
216.284
196.827
178.236
160.642
144.163
128.898
114.915
102.261
90.9408
80.9374
72.198
64.6488
58.1994
52.7472
48.1793
44.3895
41.2708
38.729
36.6744
35.0304
33.7215
32.6973
31.8939
31.267
30.7762
30.4094
30.124
29.8651
29.6729
29.5248
29.3987
29.3328
29.3054
29.2356
29.2301
29.1917
29.0907
29.0508
29.069
29.0784
28.9678
28.9511
28.946
29.0492
29.0349
29.0191
29.0116
29.0767
28.9959
29.013
29.0117
29.0902
29.1387
29.0932
29.0762
29.1676
29.2935
29.4156
29.5303
29.6393
29.7392
29.8213
29.8999
29.9458
29.9483
30.0454
30.1586
30.2733
30.3879
30.5028
30.6185
30.7357
30.8551
30.9779
31.1052
31.2383
31.3788
31.5278
31.6872
31.8593
32.0469
32.2523
32.478
32.7266
33.0007
33.3026
33.6348
33.9994
34.3983
34.8331
35.3048
35.8142
36.3612
36.9454
37.5658
38.2207
38.9075
39.6236
40.3657
41.1298
41.9112
42.7047
43.505
44.3065
45.1044
45.8917
46.6675
47.4172
48.1493
48.8471
49.4987
50.0895
50.7026
50.9147
51.2973
51.6817
52.0144
52.238
52.4022
52.3823
52.4141
52.5336
52.4995
52.5114
52.5427
52.5771
52.5843
52.6642
52.619
52.5503
52.4676
52.3418
52.171
51.9649
51.7259
51.4549
51.1545
50.8265
50.473
50.096
49.6973
49.2786
48.8413
48.3871
47.9175
47.4341
46.9384
46.4315
45.9167
45.3893
44.8729
44.2876
36.7819
36.7255
36.6593
36.5914
36.5216
36.4539
36.386
36.3202
36.2571
36.1951
36.1379
36.0819
36.0287
35.9783
35.9328
35.8932
35.8573
35.8339
35.8152
35.7923
35.7658
35.7627
35.7721
35.8
35.8492
35.914
35.9921
36.0872
36.1979
36.329
36.4861
36.6729
36.8926
37.1481
37.4424
37.7805
38.1671
38.6087
39.1108
39.6813
40.3267
41.0545
41.875
42.7977
43.8351
44.999
46.3048
47.7671
49.4035
51.2338
53.278
55.5607
58.1063
60.9433
64.1016
67.6146
71.5179
75.8493
80.6491
85.9585
91.8211
98.2795
105.38
113.162
121.67
130.942
141.007
151.898
163.62
176.19
189.599
203.83
218.865
234.66
251.168
268.332
286.09
304.367
323.081
342.147
361.482
380.996
400.607
420.231
439.784
459.183
478.369
497.279
515.874
534.091
551.882
569.232
586.109
602.473
618.33
633.605
648.338
662.578
676.291
689.484
702.185
714.383
726.109
737.382
748.162
758.518
768.494
778.095
787.297
796.119
804.529
812.555
820.242
827.643
834.762
841.532
847.962
854.053
859.85
865.175
870.094
874.818
879.33
883.719
887.718
891.517
895.153
898.667
901.797
904.756
907.6
910.178
912.556
914.635
916.403
917.859
919.066
919.351
919.552
919.663
919.809
919.329
918.981
918.074
916.805
915.204
913.272
911.026
908.467
905.6
902.378
898.897
895.149
891.114
886.737
882.071
877.115
871.912
866.441
860.698
854.681
848.395
841.837
835.006
827.901
820.519
812.856
804.926
796.748
788.314
779.596
770.567
761.207
751.516
741.481
731.092
720.335
709.196
697.664
685.723
673.359
660.558
647.306
633.592
619.402
604.728
589.558
573.888
557.714
541.033
523.851
506.174
488.015
469.392
450.329
430.858
411.018
390.857
370.431
349.808
329.066
308.294
287.59
267.065
246.838
227.036
207.79
189.233
171.496
154.702
138.96
124.363
110.976
98.8426
87.9694
78.3446
69.9176
62.6261
56.3803
51.0858
46.6443
42.9534
39.9067
37.4206
35.4025
33.7857
32.5016
31.4904
30.6994
30.1006
29.63
29.2681
28.9846
28.8038
28.5968
28.4421
28.3381
28.249
28.146
28.1576
28.2185
28.1549
28.2421
28.1801
28.2147
28.1899
28.203
28.1984
28.1038
28.1112
28.1323
28.2186
28.2735
28.2148
28.181
28.1731
28.1552
28.2037
28.1457
28.2222
28.1904
28.2466
28.1778
28.2556
28.3675
28.4782
28.5767
28.6703
28.7485
28.7854
28.8314
28.7606
28.7625
28.8884
29.0304
29.157
29.2752
29.3888
29.4993
29.6083
29.7171
29.8272
29.9399
30.0563
30.1778
30.3045
30.4388
30.5837
30.7417
30.9148
31.1051
31.3149
31.5464
31.8017
32.0832
32.3929
32.7325
33.1037
33.5076
33.9452
34.4167
34.9221
35.4609
36.0315
36.6323
37.2613
37.9157
38.5923
39.287
39.9953
40.7126
41.4339
42.1557
42.8704
43.5811
44.2655
44.9492
45.5936
46.1895
46.7303
47.3285
47.4356
47.7915
48.1964
48.5462
48.8276
49.0194
49.0277
49.0697
49.1181
49.1323
49.1656
49.2297
49.3213
49.2598
49.3367
49.2396
49.2153
49.2264
49.1697
49.0553
48.9101
48.7313
48.52
48.2773
48.0056
47.7074
47.3848
47.0395
46.673
46.2869
45.8827
45.4619
45.026
44.5769
44.1154
43.6453
43.1603
42.6888
42.1384
29.6702
29.6295
29.5824
29.5326
29.4806
29.4278
29.3739
29.3197
29.2655
29.2112
29.1577
29.1046
29.0525
29.001
28.9511
28.903
28.8559
28.8126
28.7713
28.7316
28.6938
28.6599
28.6295
28.6035
28.5825
28.5704
28.5594
28.5609
28.5464
28.5512
28.5727
28.6115
28.6591
28.7177
28.7853
28.8669
28.9659
29.0837
29.222
29.3818
29.5656
29.7769
30.0185
30.2933
30.6043
30.9549
31.3489
31.7905
32.2847
32.8366
33.452
34.137
34.8978
35.7423
36.6793
37.718
38.8689
40.1431
41.5534
43.1132
44.8381
46.7444
48.8505
51.176
53.7423
56.5741
59.6945
63.1332
66.9156
71.0734
75.6365
80.6358
86.1031
92.0699
98.5652
105.618
113.254
121.496
130.359
139.858
149.997
160.779
172.194
184.228
196.857
210.046
223.76
237.951
252.572
267.567
282.874
298.438
314.2
330.102
346.093
362.109
378.098
394.021
409.834
425.496
440.976
456.241
471.264
486.027
500.501
514.678
528.549
542.107
555.336
568.236
580.788
592.996
604.862
616.396
627.609
638.495
649.038
659.248
669.117
678.646
687.812
696.649
705.181
713.424
721.345
728.966
736.303
743.363
750.113
756.568
762.744
768.626
774.221
779.507
784.466
789.089
793.384
797.206
800.64
803.757
806.594
809.069
811.27
813.083
814.5
815.533
816.17
816.416
816.306
815.793
814.766
813.506
811.936
809.94
807.402
804.513
801.226
797.682
793.731
789.398
784.676
779.589
774.12
768.271
762.043
755.436
748.447
741.09
733.405
725.413
717.058
708.293
699.127
689.56
679.585
669.193
658.379
647.136
635.455
623.328
610.749
597.71
584.203
570.224
555.768
540.832
525.419
509.529
493.17
476.351
459.087
441.399
423.312
404.859
386.079
367.019
347.736
328.292
308.763
289.232
269.791
250.544
231.6
213.076
195.091
177.766
161.221
145.564
130.895
117.294
104.821
93.5093
83.368
74.3803
66.5
59.6735
53.8129
48.8403
44.6531
41.1636
38.2865
35.933
34.0137
32.4795
31.2446
30.281
29.5323
28.9448
28.5014
28.1847
27.9209
27.7231
27.5634
27.5124
27.3759
27.304
27.3121
27.2171
27.2997
27.3911
27.3631
27.3672
27.4408
27.4058
27.4461
27.3793
27.4526
27.3883
27.367
27.4256
27.4853
27.5243
27.4578
27.5143
27.4368
27.4251
27.4084
27.4038
27.3969
27.4179
27.4115
27.4752
27.4038
27.4726
27.5667
27.6564
27.7194
27.79
27.8281
27.757
27.7501
27.7416
27.7494
27.873
28.0222
28.1537
28.2731
28.3845
28.489
28.5894
28.6876
28.7858
28.885
28.9862
29.0896
29.1936
29.3038
29.4242
29.5564
29.7016
29.8612
30.037
30.231
30.4452
30.6814
30.9415
31.2275
31.5407
31.8825
32.2537
32.655
33.087
33.549
34.04
34.5587
35.1039
35.6736
36.265
36.8749
37.4991
38.134
38.7751
39.4199
40.0604
40.7046
41.3181
41.9575
42.531
43.0556
43.542
44.1087
44.1904
44.5132
44.9051
45.2497
45.5598
45.7348
45.858
45.924
45.9062
45.9163
46.0083
45.9909
46.1236
46.065
46.1379
46.0394
46.0391
46.0182
46.0531
45.9771
45.8943
45.7754
45.6233
45.4366
45.2194
44.9753
44.7063
44.4137
44.099
43.7637
43.4093
43.0373
42.6492
42.2468
41.8312
41.4064
40.9649
40.5391
40.0255
24.9566
24.9316
24.902
24.8699
24.8357
24.8001
24.763
24.7249
24.6859
24.6461
24.6059
24.5652
24.5245
24.4836
24.4428
24.4024
24.3622
24.3229
24.2842
24.2464
24.2095
24.1739
24.1395
24.1066
24.0755
24.0467
24.0201
23.9969
23.9734
23.9531
23.9355
23.9261
23.917
23.9164
23.9034
23.9087
23.9277
23.9548
23.9892
24.028
24.075
24.1335
24.204
24.2875
24.3841
24.4949
24.6213
24.7652
24.928
25.1118
25.3178
25.5486
25.8067
26.0945
26.4143
26.7689
27.1614
27.5951
28.0735
28.6009
29.1815
29.8204
30.5222
31.293
32.1392
33.0682
34.0873
35.2057
36.4322
37.7776
39.2528
40.8703
42.6432
44.5864
46.7153
49.0471
51.5998
54.3931
57.447
60.7839
64.4258
68.3966
72.7202
77.4205
82.5212
88.0443
94.0109
100.44
107.347
114.743
122.637
131.031
139.923
149.308
159.177
169.513
180.298
191.509
203.121
215.102
227.418
240.035
252.912
266.011
279.29
292.71
306.233
319.819
333.432
347.035
360.593
374.075
387.458
400.716
413.831
426.788
439.567
452.154
464.532
476.691
488.612
500.289
511.714
522.885
533.787
544.417
554.769
564.839
574.617
584.096
593.273
602.139
610.694
618.928
626.833
634.4
641.624
648.467
654.926
661.005
666.716
672.05
677.012
681.583
685.74
689.49
692.797
695.702
698.134
700.2
701.624
702.927
704.096
704.395
703.873
703.096
701.83
700.521
698.49
696.002
693.012
689.62
685.71
681.308
676.43
671.071
665.233
658.931
652.206
645.156
637.661
629.63
621.13
612.158
602.71
592.784
582.381
571.5
560.142
548.305
535.99
523.197
509.927
496.185
481.975
467.306
452.188
436.636
420.667
404.306
387.58
370.525
353.18
335.593
317.82
299.923
281.973
264.051
246.242
228.641
211.35
194.473
178.119
162.396
147.406
133.245
119.997
107.728
96.487
86.3002
77.1679
69.0707
61.9688
55.8051
50.5046
46.0021
42.1984
39.0292
36.3955
34.2383
32.4922
31.0843
29.9473
29.0706
28.3543
27.832
27.434
27.094
26.8724
26.7173
26.5822
26.4862
26.3849
26.4542
26.3753
26.3661
26.4933
26.4768
26.5939
26.6171
26.7346
26.7591
26.7057
26.7824
26.7321
26.7175
26.8136
26.7451
26.7262
26.7418
26.8229
26.7754
26.7598
26.7682
26.7817
26.7773
26.7572
26.7695
26.7569
26.8183
26.7574
26.8132
26.7327
26.796
26.8589
26.9143
26.8999
26.9632
26.9093
26.8912
26.8816
26.8873
26.8932
27.0043
27.1437
27.2687
27.3823
27.4865
27.5797
27.6687
27.755
27.8411
27.927
28.0138
28.0966
28.1734
28.2609
28.3616
28.4736
28.5967
28.7312
28.8786
29.0406
29.2189
29.4153
29.6315
29.8694
30.1299
30.4152
30.7256
31.0627
31.4271
31.8177
32.2338
32.6752
33.1412
33.6306
34.1409
34.6694
35.2126
35.7676
36.3304
36.8995
37.4664
38.0445
38.583
39.1874
39.6542
40.0966
40.5364
41.0636
41.1634
41.4721
41.8286
42.1531
42.4592
42.6763
42.748
42.7866
42.8903
42.8557
42.9228
42.9616
43.0757
43.0221
43.087
43.0106
43.0657
42.9989
43.0519
42.9476
42.9484
42.8879
42.7953
42.661
42.4956
42.3046
42.0883
41.8475
41.5839
41.2988
40.9937
40.6701
40.3295
39.974
39.6044
39.2255
38.8279
38.4486
37.9737
21.6537
21.6399
21.6227
21.6033
21.5821
21.5594
21.5353
21.51
21.4835
21.4561
21.4278
21.3987
21.3691
21.3389
21.3084
21.2775
21.2464
21.2152
21.1841
21.153
21.1221
21.0916
21.0614
21.0318
21.0027
20.9743
20.9469
20.9206
20.8951
20.8707
20.8472
20.826
20.806
20.7888
20.7708
20.7557
20.7452
20.736
20.7332
20.7179
20.7176
20.7293
20.7469
20.7688
20.7928
20.8219
20.8587
20.9035
20.9565
21.018
21.088
21.1676
21.2583
21.3609
21.4764
21.6058
21.7501
21.9105
22.0883
22.285
22.5021
22.7411
23.0044
23.2939
23.6115
23.9593
24.3399
24.7559
25.2101
25.7058
26.2463
26.8356
27.4778
28.177
28.9384
29.7675
30.6704
31.6536
32.7243
33.8905
35.1607
36.5443
38.0516
39.6936
41.4825
43.431
45.5531
47.8636
50.3781
53.113
56.0852
59.3124
62.8124
66.6033
70.7036
75.1306
79.9015
85.0311
90.5336
96.4213
102.705
109.392
116.487
123.991
131.904
140.22
148.932
158.025
167.484
177.289
187.416
197.84
208.534
219.469
230.617
241.947
253.431
265.04
276.744
288.515
300.323
312.142
323.944
335.705
347.4
359.004
370.496
381.853
393.055
404.081
414.911
425.528
435.916
446.059
455.942
465.553
474.878
483.9
492.6
500.964
508.984
516.648
523.947
530.872
537.397
543.533
549.229
554.533
559.351
563.801
567.655
571.221
574.278
576.998
578.83
580.642
581.535
583.239
582.945
582.561
581.573
580.368
578.298
575.669
572.495
568.745
564.441
559.588
554.248
548.543
542.416
535.584
528.231
520.34
511.912
502.954
493.476
483.484
472.985
461.988
450.5
438.531
426.092
413.197
399.861
386.103
371.948
357.42
342.553
327.383
311.952
296.309
280.51
264.615
248.694
232.821
217.077
201.55
186.329
171.509
157.185
143.448
130.387
118.078
106.589
95.9705
86.2576
77.4653
69.5875
62.6065
56.4766
51.1484
46.5631
42.6511
39.3384
36.5751
34.2675
32.3832
30.8284
29.5872
28.6057
27.8226
27.2016
26.7555
26.3501
26.1264
25.9462
25.6532
25.5533
25.5002
25.5681
25.5237
25.666
25.6994
25.7255
25.7301
25.8741
25.8754
25.9151
26.0558
26.1811
26.1174
26.1062
26.2043
26.1789
26.1722
26.1879
26.1747
26.1651
26.1749
26.1677
26.1684
26.1621
26.1735
26.2654
26.2272
26.1951
26.264
26.1918
26.1807
26.1691
26.2265
26.1402
26.1953
26.182
26.1858
26.2494
26.2049
26.1961
26.173
26.1728
26.1818
26.1764
26.269
26.3879
26.4966
26.5981
26.6857
26.7578
26.8323
26.9056
26.9796
27.0522
27.1243
27.1718
27.2108
27.2845
27.3777
27.4793
27.5878
27.7036
27.8285
27.9638
28.1115
28.273
28.4503
28.6451
28.8579
29.0919
29.3467
29.6261
29.9287
30.253
30.5995
30.969
31.3616
31.7763
32.2111
32.6636
33.1306
33.61
34.0982
34.5944
35.09
35.603
36.066
36.6444
36.935
37.3132
37.7342
38.215
38.4404
38.6876
38.9756
39.2698
39.555
39.805
39.9391
39.891
39.9665
39.9959
40.1007
40.1582
40.2326
40.1724
40.1801
40.1623
40.1627
40.1596
40.2189
40.1341
40.0952
40.0969
40.0681
39.9781
39.8594
39.7225
39.5583
39.3682
39.1547
38.9191
38.6625
38.3866
38.093
37.7841
37.4606
37.1278
36.7748
36.4421
36.008
19.2625
19.2553
19.2459
19.2346
19.2217
19.2075
19.1919
19.1752
19.1573
19.1385
19.1188
19.0982
19.0769
19.0549
19.0323
19.0092
18.9856
18.9616
18.9374
18.9129
18.8882
18.8634
18.8386
18.8138
18.789
18.7645
18.7402
18.7163
18.6927
18.6695
18.6468
18.6248
18.6034
18.5831
18.5632
18.5441
18.5265
18.5097
18.4953
18.4799
18.4664
18.4566
18.4468
18.4429
18.4276
18.4242
18.4323
18.4448
18.4585
18.4752
18.4925
18.5151
18.5433
18.5772
18.6169
18.6628
18.7147
18.7734
18.8398
18.9144
18.9981
19.0913
19.195
19.3097
19.4363
19.5756
19.7286
19.8963
20.0798
20.2802
20.4987
20.7367
20.9956
21.2773
21.5833
21.9155
22.2757
22.6661
23.089
23.5471
24.043
24.5799
25.161
25.79
26.4707
27.2076
28.0056
28.8698
29.8062
30.8209
31.9208
33.1132
34.406
35.8078
37.3279
38.9763
40.7635
42.7011
44.8009
47.0763
49.5403
52.2076
55.0921
58.2094
61.5734
65.1982
69.0981
73.2862
77.775
82.5754
87.697
93.147
98.9317
105.054
111.517
118.318
125.454
132.917
140.701
148.791
157.175
165.835
174.751
183.903
193.266
202.815
212.522
222.361
232.302
242.315
252.371
262.439
272.49
282.497
292.433
302.271
311.99
321.561
330.965
340.172
349.161
357.912
366.398
374.611
382.511
390.109
397.342
404.255
410.751
416.917
422.593
427.945
432.771
437.315
441.142
444.806
447.657
450.635
452.406
454.782
455.925
457.824
457.178
456.464
455.143
453.12
450.538
447.351
443.661
439.531
435.07
429.931
424.136
417.753
410.795
403.28
395.228
386.651
377.566
367.986
357.927
347.408
336.449
325.073
313.308
301.184
288.734
275.998
263.02
249.848
236.538
223.149
209.745
196.396
183.177
170.164
157.438
145.078
133.164
121.771
110.971
100.82
91.3722
82.6573
74.7005
67.5043
61.0615
55.3479
50.3246
45.9572
42.1796
38.9467
36.2064
33.8987
31.9669
30.3915
29.0825
28.0492
27.1884
26.5424
26.0496
25.6548
25.3742
25.1827
24.9297
24.9219
24.8838
24.7314
24.7022
24.7358
24.792
24.9354
25.1377
25.2488
25.3113
25.2405
25.3779
25.3943
25.43
25.5017
25.5635
25.582
25.5901
25.6633
25.7348
25.6723
25.7374
25.6988
25.6858
25.7474
25.6729
25.6683
25.6587
25.6666
25.7338
25.776
25.6867
25.74
25.6777
25.6724
25.6492
25.6987
25.6093
25.6054
25.6682
25.6313
25.6168
25.6067
25.6466
25.5802
25.622
25.6492
25.5828
25.6504
25.7364
25.8213
25.9086
25.9586
25.9963
26.0615
26.124
26.1865
26.2467
26.2943
26.2535
26.2499
26.3524
26.4644
26.5677
26.6695
26.7724
26.8797
26.9929
27.1139
27.2444
27.3869
27.5422
27.7108
27.8984
28.1029
28.3315
28.577
28.8389
29.1214
29.426
29.7527
30.1003
30.4667
30.85
31.2468
31.6563
32.0745
32.5016
32.9298
33.3786
33.7711
34.3139
34.4022
34.7568
35.1722
35.615
35.8266
36.0561
36.3222
36.5992
36.8676
37.1257
37.2623
37.2199
37.3454
37.3588
37.4239
37.4837
37.5525
37.5325
37.5327
37.5268
37.5227
37.5326
37.5804
37.5773
37.4654
37.448
37.4803
37.4111
37.3329
37.2563
37.1436
37.0021
36.8379
36.6509
36.4419
36.2126
35.9652
35.7025
35.4249
35.1384
34.8304
34.5444
34.1533
17.5006
17.4964
17.4906
17.4834
17.475
17.4654
17.4547
17.443
17.4303
17.4168
17.4024
17.3872
17.3713
17.3546
17.3374
17.3196
17.3013
17.2825
17.2632
17.2436
17.2237
17.2035
17.183
17.1624
17.1416
17.1208
17.0999
17.079
17.0582
17.0374
17.0169
16.9965
16.9763
16.9566
16.9371
16.918
16.8994
16.8812
16.8639
16.8469
16.8305
16.8151
16.8006
16.7877
16.774
16.7616
16.7515
16.7453
16.7387
16.7361
16.7223
16.7245
16.7297
16.7368
16.7462
16.7579
16.7705
16.7869
16.8076
16.8327
16.8621
16.8959
16.9346
16.9785
17.0273
17.0819
17.143
17.2109
17.2863
17.3694
17.4609
17.5613
17.6709
17.7904
17.9208
18.0626
18.2166
18.3837
18.5647
18.7606
18.9723
19.201
19.4478
19.714
20.0014
20.3112
20.6452
21.0051
21.3929
21.8107
22.2607
22.7456
23.268
23.831
24.4379
25.0919
25.797
26.5577
27.3783
28.264
29.2201
30.2527
31.3681
32.5732
33.8755
35.2827
36.8036
38.4471
40.2229
42.141
44.2121
46.4471
48.8573
51.4539
54.248
57.2512
60.4746
63.9291
67.625
71.5718
75.7779
80.2502
84.9948
90.0148
95.3123
100.886
106.733
112.848
119.221
125.84
132.692
139.758
147.02
154.455
162.042
169.755
177.571
185.464
193.402
201.36
209.307
217.219
225.059
232.811
240.43
247.913
255.203
262.313
269.172
275.813
282.132
288.202
293.884
299.324
304.262
308.986
313.096
317.102
320.289
323.566
325.97
328.755
330.123
333.116
333.538
332.993
332.125
330.563
328.503
325.965
323.223
320.072
316.043
311.444
306.265
300.553
294.328
287.611
280.417
272.768
264.686
256.196
247.326
238.107
228.574
218.766
208.726
198.5
188.14
177.701
167.242
156.825
146.515
136.377
126.478
116.881
107.652
98.8456
90.5149
82.7038
75.446
68.7597
62.6641
57.1456
52.2043
47.8104
43.9432
40.5635
37.6292
35.1183
32.9585
31.1362
29.613
28.3463
27.2932
26.4732
25.7814
25.2849
24.8348
24.5684
24.3901
24.2205
24.1812
24.0443
24.1176
24.0473
24.0189
24.0077
24.1198
24.2736
24.3981
24.5511
24.6877
24.8238
24.7963
24.8064
24.9452
24.9975
25.0502
25.1648
25.2371
25.2044
25.185
25.1858
25.1868
25.1965
25.2668
25.3145
25.2446
25.303
25.2379
25.236
25.228
25.2335
25.2867
25.324
25.233
25.2154
25.2249
25.2737
25.1803
25.1685
25.1381
25.1319
25.1963
25.2205
25.1444
25.1299
25.1034
25.0851
25.1243
25.1423
25.0837
25.1178
25.1561
25.2181
25.2965
25.2418
25.2479
25.34
25.3976
25.4495
25.4993
25.4555
25.5125
25.4444
25.5322
25.6454
25.7489
25.8455
25.9373
26.0295
26.1226
26.2185
26.3198
26.4299
26.547
26.674
26.8196
26.981
27.1651
27.3532
27.5561
27.7835
28.0336
28.3044
28.594
28.9001
29.2215
29.5548
29.9003
30.2533
30.6157
30.9813
31.3661
31.6959
32.1718
32.2251
32.5176
32.883
33.2687
33.3455
33.5949
33.8781
34.1487
34.4088
34.6643
34.7264
34.7605
34.893
34.9638
35.0454
35.1215
35.1132
35.1234
35.1292
35.1242
35.1165
35.1387
35.1308
35.178
35.069
35.0483
35.0834
34.9708
34.928
34.939
34.871
34.7739
34.6592
34.5202
34.3573
34.1733
33.9708
33.7537
33.522
33.2819
33.0194
32.7797
32.434
16.1897
16.1865
16.1818
16.1761
16.1694
16.1617
16.1532
16.1439
16.1338
16.1229
16.1112
16.0989
16.086
16.0724
16.0583
16.0436
16.0284
16.0128
15.9967
15.9802
15.9633
15.9462
15.9287
15.9109
15.893
15.8748
15.8565
15.838
15.8195
15.8009
15.7822
15.7636
15.745
15.7265
15.7081
15.6898
15.6717
15.6538
15.6362
15.6189
15.6018
15.5852
15.5689
15.5532
15.5379
15.5229
15.5086
15.4954
15.4829
15.4717
15.459
15.4485
15.4402
15.4331
15.4288
15.4182
15.4098
15.41
15.4137
15.4186
15.4248
15.4328
15.4428
15.4553
15.4681
15.4847
15.5054
15.5296
15.5578
15.5898
15.6259
15.666
15.7103
15.7594
15.8137
15.8737
15.9397
16.0119
16.0908
16.1767
16.2701
16.3712
16.4807
16.5991
16.7269
16.8649
17.0138
17.1741
17.3466
17.5321
17.7316
17.9459
18.1761
18.4231
18.6883
18.973
19.2787
19.6068
19.9589
20.3367
20.7421
21.1773
21.6446
22.1464
22.6853
23.2645
23.8868
24.5558
25.275
26.0487
26.8811
27.7769
28.7413
29.7795
30.8974
32.1013
33.3978
34.7938
36.2967
37.9142
39.6544
41.5257
43.5365
45.6954
48.0108
50.4912
53.1443
55.9774
58.9973
62.2094
65.6183
69.2266
73.0359
77.0451
81.2519
85.6515
90.2368
94.9991
99.9295
105.016
110.241
115.591
121.041
126.58
132.175
137.815
143.459
149.102
154.696
160.232
165.654
170.975
176.119
181.13
185.889
190.483
194.751
198.84
202.518
206.006
209.034
211.889
214.341
216.209
218.763
221.058
222.381
221.745
220.856
219.636
218.264
216.691
214.585
211.831
208.505
204.736
200.531
195.902
190.871
185.461
179.696
173.607
167.221
160.575
153.705
146.654
139.463
132.181
124.858
117.543
110.29
103.149
96.1717
89.4061
82.8999
76.6914
70.8199
65.3099
60.1872
55.4641
51.1481
47.2319
43.7194
40.5738
37.7983
35.3496
33.2241
31.3791
29.7871
28.4529
27.2902
26.3372
25.5544
24.9223
24.3897
24.021
23.6853
23.5346
23.3022
23.3242
23.3527
23.2466
23.3519
23.4361
23.5136
23.5452
23.4772
23.5242
23.6683
23.8863
24.1042
24.1597
24.2172
24.3599
24.4028
24.4362
24.5737
24.7065
24.7892
24.8729
24.8239
24.8863
24.8186
24.8053
24.7947
24.803
24.8723
24.9118
24.8571
24.911
24.8718
24.8777
24.8726
24.8728
24.9109
24.9143
24.8498
24.8343
24.8865
24.805
24.7657
24.7455
24.7183
24.7125
24.7845
24.8051
24.7613
24.7629
24.6702
24.663
24.7043
24.6963
24.6951
24.6154
24.5993
24.6687
24.73
24.6663
24.6685
24.7379
24.7322
24.7724
24.7887
24.7737
24.8345
24.7671
24.8394
24.9413
25.0365
25.1228
25.2
25.2764
25.347
25.4152
25.4859
25.5652
25.6419
25.7306
25.8411
25.9723
26.1057
26.2269
26.382
26.5743
26.7856
27.0121
27.2528
27.5062
27.7722
28.0476
28.3344
28.626
28.9283
29.236
29.5564
29.8273
30.2189
30.3561
30.5541
30.8493
31.1292
31.2292
31.4285
31.6829
31.935
32.1871
32.4239
32.4948
32.5429
32.6841
32.7788
32.8303
32.9029
32.9477
32.9845
32.9956
32.9672
32.9464
32.9397
32.9456
33.0036
32.909
32.8915
32.9257
32.8123
32.7817
32.8158
32.7655
32.7041
32.6439
32.5521
32.4332
32.2926
32.1334
31.9615
31.7761
31.5824
31.366
31.1719
30.874
15.2132
15.2094
15.2041
15.198
15.1911
15.1836
15.1754
15.1665
15.157
15.1469
15.1362
15.1249
15.1131
15.1008
15.088
15.0748
15.0611
15.0469
15.0324
15.0176
15.0023
14.9868
14.971
14.9549
14.9385
14.9219
14.9051
14.8882
14.871
14.8538
14.8364
14.819
14.8015
14.784
14.7665
14.749
14.7315
14.7141
14.6967
14.6795
14.6624
14.6455
14.6287
14.6122
14.5959
14.5799
14.5641
14.5486
14.5336
14.5191
14.5047
14.4907
14.4775
14.4649
14.4533
14.442
14.4302
14.4199
14.411
14.4038
14.3976
14.3927
14.3882
14.3863
14.3749
14.3765
14.3801
14.3848
14.3914
14.3995
14.4096
14.4208
14.433
14.4488
14.4679
14.4901
14.5153
14.5438
14.5755
14.6108
14.6497
14.6922
14.7386
14.7896
14.8454
14.9063
14.9726
15.0444
15.1223
15.2063
15.2971
15.3949
15.5001
15.6132
15.7346
15.865
16.0049
16.1549
16.3157
16.4879
16.6723
16.8697
17.0809
17.3068
17.5484
17.8068
18.0833
18.379
18.6953
19.0337
19.3957
19.783
20.1975
20.6412
21.1163
21.625
22.17
22.7538
23.3795
24.0501
24.7691
25.5402
26.3672
27.2543
28.2058
29.2262
30.3204
31.4932
32.7498
34.0951
35.5344
37.0727
38.715
40.4659
42.3298
44.3104
46.4107
48.6336
50.9801
53.4515
56.0465
58.7642
61.5999
64.5497
67.6063
70.7612
74.0057
77.3249
80.707
84.1476
87.624
91.1252
94.6225
98.1084
101.547
104.928
108.219
111.398
114.446
117.325
120.023
122.518
124.792
126.73
128.594
130.042
131.717
133.841
134.286
133.765
133.177
132.473
131.684
130.49
128.922
126.904
124.538
121.859
118.883
115.631
112.123
108.386
104.444
100.33
96.0745
91.7131
87.2835
82.8225
78.3675
73.9554
69.6216
65.3975
61.3172
57.4054
53.6898
50.1854
46.9114
43.8707
41.0768
38.5252
36.2178
34.1405
32.3001
30.6506
29.215
27.9434
26.8667
25.9266
25.1162
24.4744
23.876
23.4368
23.0745
22.8291
22.6093
22.519
22.3916
22.4422
22.5244
22.6638
22.5523
22.536
22.723
22.7739
22.8042
22.8339
22.9914
23.2135
23.4163
23.6301
23.792
23.9227
23.9725
24.1228
24.1521
24.168
24.2807
24.42
24.5418
24.4828
24.4614
24.4769
24.4833
24.4791
24.4651
24.4734
24.5422
24.526
24.5377
24.5543
24.5919
24.6109
24.607
24.5898
24.5956
24.5149
24.5558
24.4669
24.4443
24.4212
24.3906
24.3746
24.3499
24.3431
24.4154
24.4462
24.4635
24.3474
24.3056
24.336
24.3564
24.2972
24.3237
24.229
24.2008
24.2121
24.2061
24.1998
24.241
24.2816
24.2383
24.2198
24.2192
24.2582
24.2931
24.2184
24.2773
24.3582
24.4349
24.5025
24.557
24.6155
24.6513
24.6833
24.7202
24.7736
24.8046
24.8664
24.9552
25.0775
25.0892
25.1436
25.3028
25.5015
25.6892
25.8787
26.0763
26.2812
26.4957
26.7165
26.9476
27.1802
27.4285
27.682
27.9336
28.1429
28.4775
28.499
28.7074
29.0084
29.2515
29.3185
29.4951
29.7313
29.9625
30.2065
30.4126
30.5711
30.5829
30.7352
30.7976
30.8066
30.9046
30.9791
31.0348
31.0246
31.0721
31.0138
31.0047
31.0135
31.075
30.9958
30.9837
31.0189
30.9176
30.8933
30.9245
30.8339
30.8022
30.8203
30.7716
30.6927
30.5937
30.4748
30.3486
30.2106
30.0637
29.8939
29.7443
29.4964
14.4898
14.4837
14.4767
14.4691
14.461
14.4523
14.4432
14.4335
14.4234
14.4128
14.4017
14.3902
14.3783
14.366
14.3533
14.3402
14.3267
14.3129
14.2988
14.2844
14.2696
14.2546
14.2393
14.2238
14.208
14.1921
14.1759
14.1596
14.143
14.1264
14.1096
14.0927
14.0757
14.0587
14.0415
14.0244
14.0072
13.99
13.9728
13.9556
13.9384
13.9214
13.9044
13.8874
13.8706
13.854
13.8374
13.821
13.8048
13.7889
13.7731
13.7575
13.7421
13.7271
13.7125
13.6983
13.6842
13.6705
13.6572
13.6447
13.6327
13.6214
13.6106
13.6007
13.5896
13.5801
13.5723
13.5655
13.5602
13.5559
13.5517
13.5469
13.5376
13.5403
13.5439
13.5484
13.5539
13.561
13.5696
13.5798
13.5919
13.604
13.6192
13.6373
13.6582
13.6818
13.7083
13.7377
13.7702
13.8057
13.8448
13.8872
13.9331
13.983
14.0371
14.0959
14.1594
14.228
14.302
14.3816
14.4671
14.5588
14.6571
14.7623
14.8749
14.9952
15.1238
15.2612
15.408
15.5648
15.7321
15.9106
16.101
16.304
16.5206
16.7514
16.9974
17.2597
17.5396
17.8382
18.1567
18.4965
18.8592
19.2462
19.6591
20.0998
20.5702
21.0723
21.6083
22.1801
22.7904
23.4414
24.1358
24.8759
25.6646
26.5043
27.398
28.3476
29.3564
30.4259
31.5592
32.7567
34.0219
35.3531
36.7539
38.2205
39.7556
41.355
43.0165
44.7379
46.5126
48.338
50.2029
52.1025
54.0236
55.9549
57.8861
59.795
61.6755
63.5007
65.2557
66.9223
68.5063
69.9259
71.268
72.3521
73.3902
74.2374
75.0811
76.049
76.0979
75.8212
75.5307
75.1413
74.6111
73.8469
72.8354
71.5986
70.1634
68.5488
66.7708
64.848
62.7974
60.6411
58.4017
56.105
53.7749
51.4346
49.1063
46.8101
44.5647
42.3863
40.2957
38.3003
36.4178
34.649
33.0036
31.4783
30.0851
28.8166
27.6804
26.6609
25.7737
24.9627
24.2733
23.6539
23.1716
22.7278
22.3375
22.0945
21.8128
21.6977
21.5088
21.5577
21.6042
21.6778
21.767
21.8751
22.0668
22.0221
22.0312
22.066
22.2723
22.4971
22.4759
22.4804
22.6242
22.854
23.0796
23.2868
23.5172
23.6828
23.7263
23.8445
23.9609
23.9365
24.0419
24.145
24.2357
24.1619
24.143
24.2117
24.2502
24.2048
24.1835
24.2286
24.2653
24.2949
24.3051
24.3455
24.2776
24.312
24.3064
24.2832
24.2874
24.2143
24.1786
24.1481
24.114
24.0961
24.0728
24.0606
24.0417
24.0381
24.1253
24.0797
24.1177
24.008
23.9749
23.9591
23.9603
23.9959
24.0132
23.9236
23.8933
23.9286
23.8549
23.8437
23.8552
23.9049
23.9148
23.8354
23.8198
23.8471
23.8651
23.7865
23.8364
23.8813
23.9309
23.9732
23.9946
24.0323
23.9873
23.9821
23.9826
24.0407
24.0139
24.0858
24.1763
24.2885
24.2886
24.3262
24.4573
24.6161
24.7626
24.9093
25.063
25.218
25.3798
25.5458
25.7225
25.8987
26.1035
26.3016
26.4698
26.6256
26.9024
26.9245
27.1231
27.4003
27.6229
27.6291
27.7917
28.0206
28.2311
28.4717
28.6287
28.7831
28.8227
28.9784
29.0378
29.0702
29.176
29.2564
29.3087
29.3295
29.3737
29.3319
29.3298
29.3393
29.4021
29.3389
29.333
29.3708
29.289
29.2724
29.3037
29.2153
29.1956
29.233
29.2033
29.1565
29.0999
29.0134
28.9375
28.8495
28.7493
28.6262
28.5192
28.3229
13.9594
13.9504
13.9411
13.9314
13.9213
13.9108
13.9
13.8888
13.8773
13.8654
13.8531
13.8406
13.8277
13.8145
13.801
13.7872
13.7731
13.7588
13.7442
13.7293
13.7142
13.6989
13.6834
13.6677
13.6517
13.6356
13.6193
13.6029
13.5863
13.5696
13.5528
13.5358
13.5188
13.5016
13.4844
13.4671
13.4498
13.4325
13.4151
13.3977
13.3803
13.3629
13.3455
13.3282
13.3109
13.2937
13.2765
13.2594
13.2424
13.2255
13.2087
13.1921
13.1756
13.1592
13.143
13.127
13.1112
13.0956
13.0802
13.0651
13.0503
13.0358
13.0216
13.0079
12.9942
12.9808
12.9681
12.9558
12.9444
12.9334
12.9231
12.9126
12.9018
12.8928
12.885
12.8783
12.8726
12.8678
12.8642
12.8605
12.8584
12.8492
12.8507
12.8537
12.8575
12.8626
12.8689
12.8767
12.8859
12.8967
12.9098
12.9227
12.9379
12.9558
12.9763
12.9995
13.0252
13.0537
13.085
13.1192
13.1564
13.1968
13.2402
13.2871
13.3377
13.3922
13.451
13.5143
13.5823
13.6553
13.7335
13.8171
13.9065
14.0018
14.1034
14.2117
14.3272
14.4502
14.5812
14.7207
14.8693
15.0275
15.1957
15.3747
15.5651
15.7675
15.9828
16.2117
16.4551
16.714
16.9895
17.2824
17.5938
17.9248
18.2766
18.6503
19.0473
19.4688
19.9165
20.3911
20.8951
21.4284
21.9943
22.5912
23.2239
23.8898
24.5935
25.3328
26.1096
26.9248
27.7751
28.6642
29.5846
30.5404
31.5217
32.529
33.5528
34.5897
35.6264
36.6572
37.6652
38.6385
39.5718
40.4286
41.2313
41.9225
42.542
43.0604
43.5093
43.8377
44.2131
44.2261
44.1951
44.1031
43.9487
43.7308
43.3966
42.9415
42.3711
41.7007
40.9368
40.0904
39.1699
38.1869
37.1593
36.1005
35.0252
33.9433
32.8657
31.7998
30.7555
29.7416
28.7721
27.8422
26.9716
26.1459
25.3792
24.6625
24.0109
23.4275
22.9166
22.4616
22.0819
21.7123
21.4043
21.1417
20.9926
20.8262
20.6121
20.6289
20.644
20.6857
20.7444
20.8402
20.9531
21.0922
21.2443
21.4051
21.6246
21.6312
21.7006
21.8373
22.0006
22.1334
22.2114
22.1742
22.338
22.5686
22.7979
23.0073
23.2349
23.4243
23.4501
23.5616
23.7216
23.7103
23.8276
23.8699
23.9537
23.8785
23.8638
23.9563
23.9178
23.9888
23.9249
23.9406
24.0111
24.0809
24.0084
24.0046
24.0071
24.0465
23.9999
23.9746
23.9821
24.0136
23.9205
23.8914
23.8542
23.8355
23.8284
23.8133
23.8119
23.8027
23.858
23.8418
23.8457
23.74
23.7127
23.7014
23.7097
23.7443
23.7354
23.6924
23.6371
23.6178
23.59
23.5768
23.6183
23.6428
23.6453
23.5632
23.5364
23.5219
23.5292
23.4578
23.496
23.471
23.5026
23.5223
23.4879
23.4788
23.5037
23.4955
23.4381
23.4385
23.4374
23.4804
23.5462
23.6285
23.6956
23.743
23.8108
23.9017
23.9937
24.092
24.2015
24.294
24.3954
24.5066
24.6343
24.7632
24.9424
25.0731
25.131
25.2659
25.4942
25.6493
25.8088
26.0389
26.1379
26.1826
26.3372
26.553
26.7421
26.9847
27.0249
27.2159
27.2893
27.4566
27.5961
27.6095
27.7282
27.7597
27.7955
27.8196
27.8782
27.8971
27.9083
27.9291
27.9888
27.9461
27.9485
27.9872
27.9352
27.9291
27.9642
27.8918
27.8802
27.9131
27.857
27.8377
27.841
27.7583
27.7532
27.718
27.6626
27.5857
27.5183
27.3725
13.5766
13.565
13.5531
13.541
13.5286
13.516
13.5031
13.4899
13.4765
13.4629
13.449
13.4348
13.4205
13.4059
13.3911
13.3761
13.3608
13.3454
13.3298
13.314
13.298
13.2818
13.2655
13.249
13.2323
13.2156
13.1986
13.1816
13.1644
13.1472
13.1298
13.1123
13.0948
13.0771
13.0594
13.0417
13.0239
13.006
12.9882
12.9703
12.9523
12.9344
12.9165
12.8986
12.8807
12.8628
12.8449
12.8271
12.8094
12.7917
12.7741
12.7565
12.739
12.7216
12.7043
12.6871
12.6701
12.6531
12.6363
12.6196
12.6031
12.5868
12.5706
12.5547
12.5389
12.5233
12.508
12.4929
12.4782
12.4637
12.4497
12.4358
12.422
12.4087
12.3958
12.3835
12.3718
12.3606
12.35
12.3398
12.3302
12.3196
12.3105
12.3026
12.2956
12.2897
12.2846
12.2803
12.2769
12.2743
12.2736
12.2645
12.2649
12.268
12.2719
12.2769
12.2832
12.2908
12.2999
12.3104
12.3225
12.3356
12.3497
12.3659
12.3847
12.4059
12.4295
12.4556
12.4842
12.5155
12.5493
12.5859
12.6255
12.6679
12.7135
12.7626
12.8153
12.8719
12.9326
12.9975
13.0668
13.1408
13.2197
13.3038
13.3934
13.4887
13.5902
13.6981
13.8128
13.935
14.0649
14.2029
14.3496
14.5054
14.671
14.8469
15.034
15.2327
15.444
15.6684
15.9074
16.1608
16.4311
16.7176
17.0234
17.3472
17.6924
18.0583
18.4467
18.8592
19.2943
19.756
20.2398
20.7511
21.2828
21.8378
22.4098
22.9984
23.5914
24.1891
24.7763
25.347
25.8908
26.3928
26.8547
27.2632
27.6328
27.934
28.1861
28.3653
28.514
28.5686
28.5921
28.6032
28.5924
28.5462
28.4502
28.3071
28.1146
27.879
27.6023
27.2867
26.9286
26.5349
26.1183
25.6876
25.2512
24.8064
24.3615
23.913
23.4723
23.0473
22.6406
22.2476
21.8895
21.5338
21.2178
20.8875
20.61
20.3942
20.2137
20.0667
19.9376
19.8172
19.6256
19.5823
19.6559
19.7118
19.762
19.8319
19.9257
20.0335
20.161
20.3062
20.4599
20.6341
20.8149
21.0058
21.2056
21.3753
21.5893
21.5639
21.5842
21.6376
21.6563
21.8416
22.0969
22.3243
22.5588
22.7463
23.0136
23.0698
23.1044
23.2431
23.4339
23.5297
23.63
23.6064
23.5995
23.6024
23.6132
23.647
23.6724
23.6813
23.6993
23.7271
23.7561
23.7536
23.7531
23.8148
23.8497
23.7949
23.8479
23.775
23.8395
23.7599
23.7243
23.6904
23.6551
23.6372
23.7003
23.6355
23.7126
23.643
23.6793
23.5897
23.5644
23.5336
23.5176
23.5586
23.5915
23.5167
23.5419
23.4709
23.4514
23.413
23.3927
23.3724
23.3757
23.4339
23.4179
23.3929
23.3589
23.339
23.2489
23.2312
23.2505
23.2567
23.2023
23.1728
23.1534
23.1235
23.1081
23.0831
23.0515
23.044
23.0722
23.0131
23.0598
23.1233
23.1678
23.2015
23.2464
23.3075
23.3464
23.3972
23.4628
23.4372
23.4797
23.5626
23.6652
23.7705
23.9368
24.0273
23.9933
24.1219
24.3187
24.5016
24.6628
24.8633
25.0086
25.0083
25.1465
25.3333
25.5014
25.7236
25.7566
25.9318
26.0787
26.2243
26.378
26.397
26.5127
26.5523
26.5967
26.6225
26.729
26.756
26.7723
26.7961
26.827
26.8278
26.8429
26.867
26.8732
26.8745
26.9148
26.8653
26.8652
26.8912
26.8565
26.8562
26.877
26.8333
26.8251
26.8449
26.8267
26.7945
26.7625
26.6572
13.307
13.2927
13.2782
13.2636
13.2488
13.2339
13.2188
13.2035
13.1881
13.1725
13.1567
13.1408
13.1247
13.1085
13.0921
13.0756
13.059
13.0421
13.0252
13.0081
12.9909
12.9736
12.9561
12.9385
12.9209
12.9031
12.8852
12.8672
12.8492
12.831
12.8128
12.7945
12.7761
12.7577
12.7393
12.7207
12.7022
12.6836
12.665
12.6464
12.6277
12.6091
12.5904
12.5717
12.5531
12.5344
12.5158
12.4972
12.4786
12.4601
12.4416
12.4232
12.4048
12.3865
12.3682
12.35
12.3319
12.3139
12.2959
12.278
12.2603
12.2426
12.2251
12.2077
12.1904
12.1732
12.1562
12.1393
12.1226
12.1061
12.0898
12.0736
12.0576
12.0418
12.0263
12.0109
11.9959
11.9812
11.9668
11.9527
11.9389
11.9252
11.9117
11.8988
11.8863
11.8743
11.8629
11.852
11.8416
11.8316
11.8226
11.8124
11.8033
11.7952
11.7882
11.782
11.7768
11.7725
11.7691
11.7662
11.7656
11.7571
11.7539
11.7554
11.7596
11.7643
11.7698
11.7765
11.7842
11.7933
11.8035
11.8145
11.8275
11.8417
11.8581
11.8769
11.8978
11.9208
11.9459
11.9731
12.0026
12.0344
12.0689
12.1058
12.1454
12.188
12.2338
12.2829
12.3357
12.3922
12.4528
12.5175
12.5867
12.6606
12.7396
12.824
12.9144
13.0111
13.1147
13.2257
13.3449
13.4725
13.6098
13.7572
13.9161
14.0867
14.2711
14.4692
14.6831
14.9136
15.1614
15.4281
15.7134
16.0198
16.3442
16.688
17.0474
17.4214
17.8
18.1829
18.5598
18.9235
19.2654
19.5796
19.8575
20.1147
20.3469
20.5184
20.6812
20.7053
20.7304
20.7697
20.8859
20.9075
20.915
20.9515
20.9653
20.9672
20.9336
20.9082
20.8629
20.7993
20.7023
20.5871
20.4481
20.3038
20.1658
20.0186
19.8765
19.7075
19.5598
19.4298
19.3049
19.183
19.0769
18.9533
18.874
18.653
18.6093
18.6188
18.6284
18.6447
18.6744
18.707
18.7497
18.8118
18.8998
19.0002
19.117
19.2403
19.384
19.5302
19.6962
19.8681
20.0465
20.2404
20.4411
20.635
20.8403
21.0183
21.2541
21.2919
21.3195
21.3443
21.4065
21.6022
21.8601
22.0862
22.3266
22.5146
22.7682
22.9497
22.9454
23.0741
23.1604
23.2251
23.2887
23.4261
23.3902
23.4176
23.4972
23.5421
23.5974
23.5205
23.5988
23.636
23.6952
23.5959
23.6028
23.6018
23.6011
23.6776
23.6156
23.6082
23.6748
23.6058
23.5783
23.5449
23.5317
23.5156
23.4973
23.5434
23.5683
23.5541
23.5497
23.465
23.4294
23.4133
23.3956
23.3915
23.3956
23.3747
23.3865
23.3787
23.3697
23.2858
23.2588
23.241
23.2458
23.2902
23.2898
23.2577
23.2132
23.1831
23.0811
23.1118
23.0468
23.0781
23.0705
22.9687
22.9828
22.8942
22.9136
22.8361
22.8088
22.8229
22.8268
22.7209
22.7421
22.7699
22.724
22.7267
22.7723
22.8222
22.7702
22.7655
22.7683
22.7891
22.8642
22.8478
22.8591
22.9478
23.1102
23.1081
23.111
23.2185
23.3853
23.558
23.7158
23.8907
24.0534
24.0728
24.1997
24.3585
24.5082
24.6908
24.8084
24.9511
25.0904
25.2276
25.3702
25.4722
25.5542
25.6382
25.7209
25.7354
25.8314
25.9184
25.9234
25.9517
26.0085
26.0008
26.0555
26.1022
26.1427
26.1247
26.1617
26.1435
26.17
26.1636
26.1975
26.2252
26.2368
26.2605
26.2507
26.2892
26.2704
26.2859
26.2878
26.2754
13.1216
13.1049
13.0881
13.0712
13.0542
13.0372
13.02
13.0027
12.9853
12.9679
12.9503
12.9326
12.9148
12.8969
12.8789
12.8608
12.8426
12.8244
12.806
12.7875
12.769
12.7504
12.7316
12.7129
12.694
12.6751
12.6561
12.637
12.6179
12.5987
12.5795
12.5602
12.5408
12.5215
12.5021
12.4827
12.4632
12.4437
12.4242
12.4047
12.3852
12.3657
12.3462
12.3267
12.3072
12.2877
12.2682
12.2487
12.2293
12.2099
12.1906
12.1712
12.1519
12.1327
12.1135
12.0944
12.0753
12.0563
12.0373
12.0184
11.9996
11.9809
11.9622
11.9436
11.9251
11.9067
11.8884
11.8702
11.8521
11.8341
11.8163
11.7985
11.7809
11.7634
11.7461
11.7289
11.7118
11.695
11.6783
11.6618
11.6455
11.6293
11.6133
11.5976
11.582
11.5668
11.5518
11.5371
11.5227
11.5086
11.4949
11.4813
11.4679
11.4548
11.4423
11.4302
11.4186
11.4076
11.397
11.387
11.3775
11.3679
11.3582
11.3494
11.3417
11.335
11.3291
11.3246
11.3178
11.3142
11.3106
11.3022
11.2997
11.2983
11.3019
11.3069
11.3121
11.3176
11.3239
11.3311
11.3395
11.3489
11.3601
11.3712
11.3839
11.3988
11.4157
11.4345
11.4555
11.4783
11.5034
11.5306
11.5603
11.5923
11.6271
11.665
11.7067
11.7521
11.8018
11.856
11.9152
11.9802
12.0516
12.13
12.2162
12.3112
12.4158
12.531
12.6584
12.7982
12.953
13.1217
13.3085
13.5106
13.7308
13.9662
14.2159
14.4775
14.7439
15.0124
15.2787
15.5295
15.7719
15.9809
16.1778
16.352
16.5072
16.6273
16.7593
16.7988
16.8139
16.8912
16.9867
17.1003
17.0801
17.1371
17.2114
17.2763
17.3312
17.3777
17.414
17.4441
17.4526
17.488
17.3723
17.3307
17.3036
17.3394
17.3492
17.2536
17.3016
17.3518
17.3832
17.4021
17.4243
17.4401
17.4684
17.4896
17.5295
17.5882
17.661
17.7452
17.8405
17.9442
18.0575
18.1795
18.3133
18.4542
18.6081
18.7643
18.9381
19.1073
19.2979
19.4838
19.6791
19.8871
20.0938
20.2898
20.5004
20.6831
20.908
21.146
21.146
21.1662
21.3024
21.4912
21.6989
21.9069
22.1356
22.3301
22.5622
22.7888
22.7964
22.9121
23.1245
23.2098
23.2639
23.2635
23.2607
23.366
23.3421
23.3407
23.3479
23.3464
23.4521
23.4153
23.4193
23.4299
23.5441
23.5353
23.5264
23.5163
23.5251
23.5197
23.5708
23.5657
23.5222
23.4869
23.5281
23.4647
23.424
23.4097
23.4524
23.4695
23.4527
23.4429
23.3737
23.4032
23.3572
23.3791
23.3744
23.346
23.2787
23.257
23.2338
23.2102
23.1878
23.1798
23.232
23.2452
23.2244
23.1686
23.1303
23.0883
22.9956
22.9819
22.945
22.9719
22.9529
22.844
22.8116
22.7642
22.7854
22.7344
22.704
22.6525
22.6547
22.5583
22.5298
22.5057
22.4779
22.4895
22.4339
22.4234
22.3932
22.3618
22.3268
22.3147
22.3614
22.3817
22.3136
22.3633
22.4775
22.4532
22.4516
22.5445
22.6866
22.8407
22.9877
23.1395
23.2914
23.3877
23.4945
23.622
23.7551
23.9083
24.0468
24.188
24.327
24.4651
24.6013
24.7417
24.7892
24.9068
25.0264
25.1073
25.1973
25.2923
25.3583
25.4154
25.439
25.4545
25.5213
25.5944
25.6603
25.6696
25.6996
25.7498
25.7591
25.8031
25.8573
25.9074
25.9484
25.991
26.0248
26.0716
26.0753
26.0981
26.1308
26.1793
12.9979
12.9792
12.9604
12.9416
12.9228
12.9038
12.8849
12.8658
12.8467
12.8275
12.8083
12.789
12.7696
12.7502
12.7307
12.7112
12.6916
12.6719
12.6521
12.6324
12.6125
12.5926
12.5726
12.5526
12.5326
12.5125
12.4924
12.4722
12.452
12.4317
12.4114
12.3911
12.3708
12.3504
12.3301
12.3097
12.2893
12.2689
12.2484
12.228
12.2076
12.1872
12.1668
12.1464
12.126
12.1056
12.0853
12.0649
12.0446
12.0244
12.0041
11.9839
11.9637
11.9436
11.9235
11.9035
11.8835
11.8635
11.8436
11.8238
11.804
11.7843
11.7647
11.7451
11.7256
11.7061
11.6868
11.6675
11.6483
11.6292
11.6101
11.5912
11.5723
11.5535
11.5349
11.5163
11.4978
11.4795
11.4613
11.4432
11.4252
11.4073
11.3896
11.372
11.3545
11.3372
11.3201
11.3031
11.2863
11.2697
11.2533
11.2371
11.221
11.2051
11.1895
11.1741
11.1589
11.1441
11.1295
11.1153
11.1013
11.0876
11.0741
11.0608
11.0479
11.0354
11.0234
11.012
11.0008
10.9902
10.9799
10.9694
10.9599
10.9506
10.9423
10.9351
10.9287
10.923
10.9179
10.9136
10.9098
10.9066
10.9048
10.8965
10.8954
10.8972
10.8995
10.9024
10.9063
10.9111
10.9172
10.9236
10.932
10.9401
10.9507
10.9637
10.9794
10.9973
11.0178
11.041
11.0677
11.0987
11.1342
11.1751
11.2217
11.275
11.3359
11.405
11.4842
11.5731
11.6753
11.7883
11.9184
12.0599
12.2189
12.3899
12.5734
12.7671
12.9663
13.1673
13.3655
13.5528
13.7305
13.8902
14.0371
14.1716
14.2947
14.4069
14.5117
14.6089
14.695
14.7843
14.8738
14.9683
15.0479
15.1242
15.201
15.2775
15.3528
15.4259
15.4958
15.5633
15.6257
15.689
15.7418
15.7934
15.8489
15.9041
15.964
16.0145
16.0762
16.145
16.218
16.2934
16.3737
16.4577
16.5474
16.6423
16.7445
16.8548
16.9735
17.1001
17.2345
17.376
17.5247
17.6797
17.8421
18.0096
18.1856
18.3637
18.5539
18.74
18.944
19.1393
19.3478
19.561
19.7712
19.973
20.1935
20.3913
20.6161
20.8709
21.0171
21.009
21.1326
21.3372
21.5509
21.7627
21.9816
22.1834
22.4016
22.6154
22.7283
22.866
23.0316
23.0551
23.1329
23.0773
23.1471
23.3074
23.2561
23.2432
23.2408
23.2362
23.2714
23.3086
23.3488
23.3811
23.4756
23.5644
23.4919
23.4774
23.5578
23.515
23.5451
23.4764
23.4754
23.5025
23.4491
23.4803
23.4038
23.4023
23.3865
23.3975
23.3744
23.359
23.3926
23.3394
23.3946
23.3291
23.3032
23.2822
23.2617
23.2527
23.2201
23.2119
23.1872
23.1893
23.2358
23.2314
23.1957
23.1538
23.1085
23.0232
22.991
23.0113
22.9228
22.9337
22.8458
22.8017
22.807
22.7154
22.7206
22.6193
22.5846
22.5956
22.5877
22.5399
22.4994
22.454
22.4105
22.3703
22.3205
22.2836
22.2404
22.1489
22.084
22.0455
22.0537
22.0501
21.9701
21.9567
22.0323
22.044
22.0213
22.1024
22.2232
22.3579
22.4898
22.6209
22.7559
22.874
22.9879
23.1097
23.2377
23.3777
23.5191
23.6632
23.8066
23.9508
24.0915
24.2412
24.3517
24.4707
24.5949
24.7071
24.8159
24.9256
25.0247
25.1107
25.1976
25.2135
25.2907
25.3815
25.4632
25.53
25.5861
25.6566
25.6709
25.7337
25.8096
25.8806
25.946
26.0108
26.0739
26.1426
26.2006
26.2625
26.3176
26.4015
12.9228
12.9026
12.8824
12.8622
12.8419
12.8215
12.8012
12.7807
12.7603
12.7398
12.7192
12.6986
12.678
12.6573
12.6366
12.6158
12.595
12.5742
12.5533
12.5324
12.5114
12.4905
12.4694
12.4484
12.4273
12.4062
12.385
12.3639
12.3427
12.3215
12.3003
12.279
12.2578
12.2365
12.2152
12.194
12.1727
12.1514
12.1301
12.1089
12.0876
12.0663
12.0451
12.0239
12.0027
11.9815
11.9603
11.9391
11.918
11.8969
11.8759
11.8549
11.8339
11.8129
11.792
11.7712
11.7503
11.7296
11.7088
11.6882
11.6675
11.647
11.6265
11.606
11.5856
11.5653
11.545
11.5248
11.5047
11.4846
11.4647
11.4447
11.4249
11.4051
11.3854
11.3658
11.3463
11.3269
11.3075
11.2883
11.2691
11.25
11.231
11.2122
11.1934
11.1747
11.1562
11.1377
11.1194
11.1012
11.0831
11.0652
11.0474
11.0297
11.0122
10.9948
10.9776
10.9605
10.9437
10.927
10.9105
10.8942
10.8781
10.8621
10.8464
10.8309
10.8156
10.8006
10.7859
10.7715
10.7574
10.7435
10.7299
10.7166
10.7035
10.6909
10.6788
10.667
10.6558
10.6449
10.6346
10.6245
10.6154
10.6053
10.596
10.5877
10.5803
10.5736
10.5676
10.5626
10.5572
10.5518
10.5493
10.5398
10.5398
10.5404
10.5428
10.5455
10.5495
10.5542
10.5627
10.5747
10.59
10.6095
10.6337
10.6633
10.6989
10.7411
10.7918
10.8504
10.9203
10.9991
11.0932
11.1966
11.3155
11.4449
11.5848
11.7343
11.8893
12.0457
12.2
12.3485
12.49
12.6222
12.7454
12.861
12.9695
13.0738
13.1738
13.2731
13.3703
13.469
13.5685
13.6691
13.7685
13.8662
13.9626
14.0579
14.152
14.2449
14.3364
14.4267
14.5155
14.6039
14.6914
14.7787
14.8673
14.9567
15.0486
15.1417
15.2383
15.3386
15.4434
15.5523
15.6665
15.7854
15.9095
16.0395
16.1749
16.3161
16.4631
16.6159
16.7745
16.9386
17.108
17.2824
17.4619
17.6458
17.8348
18.0276
18.2255
18.4264
18.6329
18.8406
19.0527
19.2691
19.4883
19.703
19.9315
20.1418
20.3699
20.6308
20.6888
20.7725
20.9748
21.2194
21.4371
21.6496
21.8586
22.0687
22.2672
22.4884
22.6427
22.8258
22.931
23.0388
22.96
22.9617
23.0615
23.2468
23.1874
23.1746
23.1742
23.1889
23.281
23.3589
23.431
23.4081
23.4164
23.4372
23.4528
23.4625
23.5268
23.5593
23.4939
23.4817
23.5311
23.514
23.4967
23.476
23.4597
23.4962
23.4601
23.4934
23.4314
23.427
23.4625
23.4028
23.4467
23.394
23.3656
23.3472
23.3673
23.3576
23.2912
23.3386
23.274
23.3241
23.3089
23.2878
23.2483
23.2073
23.1284
23.0879
23.0881
23.0693
22.9865
22.978
22.8841
22.8472
22.8546
22.7736
22.7534
22.6442
22.6018
22.6133
22.5899
22.5447
22.4946
22.4401
22.3848
22.3293
22.2718
22.2205
22.1645
22.1054
22.037
21.9631
21.8786
21.8488
21.8487
21.7932
21.8258
21.8639
21.8413
21.9133
22.0108
22.1239
22.2388
22.3538
22.4748
22.596
22.7176
22.8439
22.9759
23.1158
23.2607
23.4102
23.5612
23.7145
23.8658
24.0234
24.1669
24.3061
24.4452
24.5798
24.7106
24.8394
24.9637
25.0774
25.1933
25.2775
25.3689
25.4675
25.565
25.6599
25.7466
25.8396
25.9107
25.9897
26.0773
26.1678
26.2577
26.3487
26.4397
26.5365
26.6289
26.7328
26.8182
26.9411
12.8747
12.8534
12.832
12.8107
12.7893
12.7679
12.7464
12.725
12.7035
12.6819
12.6603
12.6387
12.6171
12.5954
12.5737
12.552
12.5303
12.5085
12.4867
12.4648
12.443
12.4211
12.3992
12.3772
12.3553
12.3333
12.3113
12.2893
12.2673
12.2453
12.2233
12.2012
12.1792
12.1572
12.1351
12.1131
12.091
12.069
12.047
12.025
12.0029
11.981
11.959
11.937
11.9151
11.8932
11.8713
11.8494
11.8276
11.8058
11.784
11.7622
11.7405
11.7189
11.6972
11.6756
11.6541
11.6326
11.6111
11.5897
11.5684
11.5471
11.5258
11.5046
11.4835
11.4624
11.4413
11.4204
11.3994
11.3786
11.3578
11.3371
11.3164
11.2958
11.2753
11.2548
11.2345
11.2141
11.1939
11.1737
11.1537
11.1336
11.1137
11.0939
11.0741
11.0544
11.0348
11.0153
10.9959
10.9766
10.9573
10.9382
10.9192
10.9002
10.8814
10.8627
10.8441
10.8256
10.8073
10.789
10.7709
10.7529
10.7351
10.7174
10.6998
10.6824
10.6651
10.6481
10.6311
10.6144
10.5979
10.5815
10.5654
10.5494
10.5336
10.5181
10.5027
10.4877
10.4729
10.4584
10.4441
10.4302
10.4166
10.4031
10.3899
10.377
10.3645
10.3524
10.3409
10.3296
10.319
10.3081
10.2982
10.2873
10.2777
10.2692
10.2614
10.2544
10.2462
10.2337
10.234
10.235
10.2367
10.2426
10.2528
10.2672
10.2866
10.3114
10.343
10.3812
10.4285
10.4838
10.5511
10.6276
10.7163
10.8151
10.9231
11.0395
11.1616
11.2863
11.4107
11.5328
11.6511
11.765
11.8739
11.9788
12.0801
12.1795
12.2776
12.3764
12.476
12.5775
12.6811
12.7866
12.8934
13.0009
13.1086
13.2161
13.3232
13.4299
13.5359
13.6414
13.7465
13.8516
13.9571
14.0632
14.1707
14.28
14.3918
14.5062
14.6242
14.7457
14.872
15.0022
15.1382
15.2781
15.4242
15.5746
15.73
15.8905
16.056
16.2261
16.4007
16.5797
16.7627
16.9497
17.1404
17.3349
17.5328
17.7345
17.9392
18.1478
18.3589
18.5734
18.7901
19.0105
19.233
19.4565
19.6857
19.9083
20.142
20.3729
20.5976
20.7987
20.9843
21.1722
21.365
21.5671
21.7658
21.9771
22.1626
22.3868
22.555
22.7805
22.8109
22.8346
22.8556
22.9211
23.0231
23.1582
23.127
23.1407
23.1597
23.2053
23.324
23.4182
23.5063
23.4908
23.4861
23.4939
23.5705
23.5252
23.5409
23.5597
23.5794
23.5939
23.6514
23.7101
23.6458
23.6208
23.6198
23.6113
23.6026
23.6024
23.5925
23.6207
23.6243
23.5711
23.5552
23.5786
23.5214
23.5074
23.5292
23.4648
23.4514
23.4365
23.4263
23.4695
23.4667
23.425
23.3933
23.3196
23.308
23.2584
23.2114
23.122
23.089
23.1022
23.0664
23.0232
22.9856
22.9345
22.8836
22.8185
22.7631
22.7189
22.6706
22.6153
22.5566
22.4954
22.4336
22.3717
22.31
22.2519
22.1923
22.1366
22.0736
22.0165
21.8929
21.8736
21.865
21.8599
21.8441
21.8884
21.9096
21.9611
22.0308
22.1243
22.2267
22.3338
22.4494
22.5725
22.7014
22.8364
22.9776
23.1255
23.2792
23.4387
23.6015
23.7679
23.9345
24.1051
24.2722
24.4353
24.5962
24.7543
24.9093
25.0615
25.2109
25.353
25.4945
25.6223
25.7452
25.8676
25.9882
26.1079
26.2231
26.3403
26.4496
26.5581
26.6695
26.7841
26.9002
27.0193
27.1392
27.2672
27.3906
27.5361
27.6474
27.8495
12.8424
12.8203
12.7981
12.7759
12.7537
12.7315
12.7092
12.6869
12.6646
12.6422
12.6198
12.5974
12.575
12.5525
12.53
12.5075
12.485
12.4624
12.4399
12.4173
12.3947
12.372
12.3494
12.3267
12.3041
12.2814
12.2587
12.236
12.2133
12.1906
12.1678
12.1451
12.1224
12.0997
12.077
12.0543
12.0316
12.0089
11.9862
11.9635
11.9408
11.9182
11.8956
11.873
11.8504
11.8278
11.8053
11.7828
11.7603
11.7379
11.7154
11.6931
11.6707
11.6484
11.6261
11.6039
11.5817
11.5595
11.5374
11.5153
11.4933
11.4714
11.4494
11.4276
11.4057
11.384
11.3622
11.3406
11.319
11.2974
11.2759
11.2545
11.2331
11.2118
11.1906
11.1694
11.1483
11.1272
11.1062
11.0853
11.0644
11.0437
11.0229
11.0023
10.9817
10.9612
10.9408
10.9204
10.9001
10.8799
10.8598
10.8397
10.8198
10.7999
10.7801
10.7604
10.7408
10.7212
10.7018
10.6824
10.6632
10.644
10.625
10.606
10.5872
10.5685
10.5499
10.5314
10.513
10.4947
10.4766
10.4586
10.4408
10.4231
10.4055
10.3881
10.3708
10.3537
10.3367
10.32
10.3034
10.287
10.2708
10.2548
10.239
10.2233
10.2079
10.1927
10.1778
10.1631
10.1488
10.1346
10.1208
10.1069
10.0936
10.0798
10.0679
10.0546
10.0433
10.0281
10.017
10.0046
9.98864
9.98675
9.98819
9.99172
9.99975
10.0124
10.0301
10.0533
10.0834
10.1205
10.1667
10.2215
10.2859
10.3594
10.4413
10.5305
10.6255
10.7242
10.8248
10.9257
11.0261
11.1255
11.2239
11.3215
11.4185
11.5159
11.6141
11.7139
11.8155
11.9195
12.0258
12.1346
12.2453
12.3577
12.4713
12.5856
12.7004
12.8156
12.9308
13.0463
13.162
13.2782
13.3952
13.5136
13.6337
13.756
13.8812
14.0095
14.1418
14.2781
14.4192
14.5646
14.7154
14.8705
15.0312
15.1962
15.3657
15.5397
15.718
15.9001
16.0859
16.2751
16.4675
16.6631
16.8616
17.0632
17.2676
17.4752
17.6854
17.899
18.1147
18.334
18.555
18.7799
19.0056
19.2354
19.4652
19.6983
19.9316
20.1648
20.403
20.6348
20.8533
21.0661
21.2739
21.484
21.6865
21.8951
22.0888
22.3002
22.4773
22.7047
22.7832
22.8269
22.847
22.872
22.8973
23.0328
23.0916
23.1943
23.282
23.3737
23.458
23.5094
23.5901
23.6563
23.6332
23.6451
23.6652
23.6895
23.7573
23.8085
23.8388
23.8625
23.8649
23.8635
23.8491
23.8403
23.8996
23.8715
23.8549
23.9009
23.8547
23.8789
23.8298
23.8572
23.8008
23.7856
23.7969
23.7872
23.7839
23.7168
23.7488
23.6974
23.7111
23.7091
23.6943
23.6614
23.6333
23.5906
23.5391
23.4811
23.3964
23.3549
23.3555
23.3261
23.2762
23.2241
23.1806
23.1329
23.0806
23.0229
22.9644
22.9066
22.8478
22.7869
22.7249
22.6621
22.5998
22.5382
22.4783
22.4207
22.365
22.312
22.2604
22.2041
22.12
22.0468
22.0575
22.0739
22.0897
22.1272
22.1681
22.2248
22.2939
22.3834
22.486
22.5973
22.7184
22.8495
22.9897
23.138
23.2938
23.4565
23.6254
23.8002
23.9797
24.1633
24.3489
24.5375
24.7264
24.9135
25.0987
25.2815
25.4618
25.6391
25.8139
25.9835
26.1506
26.3108
26.4651
26.6158
26.7632
26.9087
27.0512
27.1936
27.333
27.4711
27.6099
27.751
27.8942
28.042
28.1911
28.3511
28.505
28.6912
28.8277
29.1041
12.8219
12.7991
12.7764
12.7536
12.7308
12.7079
12.6851
12.6622
12.6392
12.6163
12.5933
12.5703
12.5473
12.5243
12.5012
12.4781
12.455
12.4319
12.4087
12.3856
12.3624
12.3392
12.316
12.2927
12.2695
12.2463
12.223
12.1998
12.1765
12.1532
12.13
12.1067
12.0834
12.0602
12.0369
12.0137
11.9904
11.9672
11.944
11.9207
11.8975
11.8744
11.8512
11.8281
11.8049
11.7818
11.7588
11.7357
11.7127
11.6897
11.6667
11.6438
11.6209
11.5981
11.5752
11.5524
11.5297
11.507
11.4843
11.4617
11.4391
11.4165
11.394
11.3716
11.3492
11.3268
11.3045
11.2823
11.2601
11.2379
11.2158
11.1938
11.1718
11.1499
11.128
11.1062
11.0845
11.0628
11.0411
11.0196
10.9981
10.9766
10.9552
10.9339
10.9126
10.8915
10.8703
10.8493
10.8283
10.8074
10.7865
10.7657
10.745
10.7244
10.7038
10.6833
10.6629
10.6426
10.6223
10.6022
10.5821
10.562
10.5421
10.5223
10.5025
10.4828
10.4632
10.4438
10.4244
10.4051
10.3859
10.3667
10.3477
10.3289
10.3101
10.2914
10.2728
10.2544
10.2361
10.2179
10.1998
10.1818
10.1641
10.1464
10.1289
10.1115
10.0943
10.0772
10.0603
10.0436
10.027
10.0107
9.99447
9.97838
9.96266
9.94662
9.93153
9.91584
9.90117
9.88515
9.87035
9.85552
9.8411
9.81631
9.8055
9.79573
9.79802
9.80214
9.80872
9.81995
9.83661
9.85883
9.88784
9.92396
9.96773
10.0193
10.0783
10.1441
10.2159
10.2926
10.3729
10.4561
10.5416
10.629
10.7185
10.8101
10.9039
11.0001
11.0989
11.2004
11.3045
11.4112
11.5205
11.6321
11.7459
11.8616
11.9788
12.0974
12.2169
12.3374
12.4586
12.5805
12.7032
12.827
12.9522
13.0791
13.2081
13.3399
13.475
13.6137
13.7566
13.904
14.0562
14.2132
14.3751
14.5417
14.7131
14.8889
15.0688
15.2525
15.4397
15.63
15.8234
16.0194
16.2181
16.4193
16.6232
16.8297
17.0388
17.2507
17.4652
17.6828
17.9027
18.1261
18.3516
18.5807
18.8114
19.045
19.2807
19.5171
19.7567
19.9959
20.2341
20.4754
20.7156
20.9508
21.1756
21.3989
21.6094
21.824
22.0261
22.2335
22.4302
22.6314
22.8235
22.984
22.9045
22.894
22.9045
23.0579
23.1395
23.2645
23.4035
23.5051
23.6416
23.7317
23.7906
23.806
23.8591
23.9325
23.9496
24.0088
24.0726
24.1188
24.1471
24.1804
24.1827
24.2063
24.1706
24.1718
24.2063
24.2281
24.1928
24.2322
24.1964
24.2151
24.1711
24.1637
24.1519
24.1384
24.1504
24.1357
24.1305
24.0794
24.0636
24.0848
24.0499
24.0293
24.0153
23.9581
23.9569
23.9144
23.8303
23.7957
23.7885
23.7536
23.7115
23.6544
23.5817
23.5159
23.4893
23.4445
23.3945
23.3402
23.2836
23.226
23.1679
23.1098
23.0519
22.9947
22.9392
22.8849
22.8343
22.7849
22.74
22.6972
22.6598
22.6151
22.5615
22.5103
22.5231
22.5506
22.5863
22.6367
22.6972
22.7718
22.8578
22.9599
23.0761
23.2035
23.3413
23.4896
23.648
23.8154
23.991
24.1739
24.3632
24.5584
24.7585
24.9629
25.1702
25.38
25.5911
25.8018
26.0112
26.2186
26.4235
26.6255
26.8245
27.0194
27.2108
27.3974
27.5788
27.7558
27.9288
28.099
28.2664
28.4326
28.5973
28.7613
28.9257
29.0923
29.2613
29.4361
29.6128
29.8035
29.9866
30.2116
30.3712
30.7336
12.8091
12.786
12.7629
12.7397
12.7165
12.6933
12.67
12.6467
12.6234
12.6001
12.5767
12.5533
12.5299
12.5065
12.483
12.4596
12.436
12.4125
12.389
12.3654
12.3418
12.3183
12.2947
12.271
12.2474
12.2238
12.2001
12.1765
12.1528
12.1291
12.1055
12.0818
12.0582
12.0345
12.0108
11.9872
11.9635
11.9399
11.9163
11.8926
11.869
11.8455
11.8219
11.7983
11.7748
11.7513
11.7278
11.7043
11.6809
11.6574
11.634
11.6107
11.5874
11.564
11.5408
11.5175
11.4943
11.4712
11.4481
11.425
11.4019
11.3789
11.3559
11.333
11.3102
11.2873
11.2645
11.2418
11.2191
11.1965
11.1739
11.1513
11.1288
11.1064
11.084
11.0617
11.0394
11.0172
10.995
10.9729
10.9509
10.9289
10.9069
10.8851
10.8633
10.8415
10.8198
10.7982
10.7766
10.7551
10.7337
10.7123
10.691
10.6697
10.6485
10.6274
10.6064
10.5854
10.5645
10.5437
10.5229
10.5022
10.4816
10.4611
10.4406
10.4202
10.3999
10.3797
10.3595
10.3394
10.3195
10.2996
10.2797
10.26
10.2404
10.2208
10.2013
10.182
10.1627
10.1435
10.1245
10.1055
10.0866
10.0679
10.0492
10.0307
10.0123
9.99401
9.97584
9.95781
9.93988
9.92212
9.90448
9.88692
9.86965
9.85219
9.83527
9.81808
9.80137
9.78438
9.76735
9.75138
9.73408
9.71559
9.70058
9.67845
9.66967
9.65335
9.64354
9.64774
9.65515
9.66451
9.6789
9.69854
9.72414
9.75626
9.79519
9.84082
9.89291
9.95095
10.0144
10.0829
10.1561
10.2337
10.3156
10.4019
10.4924
10.5871
10.6856
10.7878
10.8934
11.0022
11.1137
11.2279
11.3443
11.4627
11.583
11.7048
11.8281
11.9527
12.0784
12.2054
12.3337
12.4635
12.595
12.7288
12.8653
13.005
13.1482
13.2956
13.4475
13.604
13.7655
13.9317
14.1028
14.2783
14.4582
14.6419
14.8292
15.0196
15.213
15.4088
15.6071
15.8077
16.0105
16.2156
16.4232
16.6333
16.8462
17.0617
17.2801
17.5016
17.7259
17.9536
18.1843
18.4181
18.6544
18.893
19.1339
19.3764
19.6203
19.8656
20.11
20.3562
20.6016
20.8454
21.0822
21.317
21.5426
21.7688
21.9833
22.1967
22.4031
22.6034
22.8188
22.8535
22.8877
22.9352
22.9916
23.1634
23.3424
23.483
23.6187
23.7358
23.8371
23.9363
24.0185
24.0828
24.1352
24.201
24.2673
24.337
24.405
24.4521
24.4941
24.5401
24.5919
24.5791
24.5825
24.6101
24.6398
24.6438
24.6428
24.6796
24.6479
24.6378
24.6353
24.6548
24.6547
24.6335
24.6379
24.5927
24.5846
24.6005
24.5572
24.5606
24.5057
24.4863
24.4962
24.4753
24.4497
24.4064
24.3438
24.3331
24.302
24.2608
24.2094
24.1455
24.0861
24.0333
23.988
23.9426
23.8968
23.8496
23.8012
23.7539
23.7071
23.6623
23.6178
23.5759
23.5363
23.4991
23.4687
23.435
23.409
23.3858
23.3658
23.3439
23.3273
23.3267
23.3503
23.3943
23.4525
23.5257
23.612
23.7126
23.8257
23.9528
24.0936
24.2463
24.4099
24.5837
24.767
24.9591
25.1592
25.3662
25.5793
25.7977
26.0207
26.2475
26.4769
26.7083
26.9407
27.173
27.4039
27.6328
27.859
28.082
28.3015
28.5169
28.7282
28.935
29.1369
29.3343
29.5274
29.7171
29.9041
30.0893
30.2734
30.4574
30.642
30.8295
31.0198
31.2174
31.4175
31.6351
31.8442
32.1039
32.285
32.7293
12.8011
12.7778
12.7544
12.7311
12.7076
12.6842
12.6607
12.6372
12.6137
12.5901
12.5665
12.5429
12.5193
12.4956
12.4719
12.4482
12.4245
12.4007
12.3769
12.3531
12.3293
12.3055
12.2816
12.2578
12.2339
12.21
12.1861
12.1622
12.1383
12.1144
12.0905
12.0665
12.0426
12.0187
11.9948
11.9709
11.9469
11.923
11.8991
11.8752
11.8514
11.8275
11.8036
11.7798
11.756
11.7322
11.7084
11.6846
11.6609
11.6371
11.6134
11.5897
11.5661
11.5425
11.5189
11.4953
11.4718
11.4483
11.4248
11.4014
11.378
11.3546
11.3313
11.308
11.2848
11.2616
11.2385
11.2153
11.1923
11.1692
11.1463
11.1233
11.1004
11.0776
11.0548
11.0321
11.0094
10.9867
10.9641
10.9416
10.9191
10.8967
10.8743
10.852
10.8297
10.8075
10.7854
10.7633
10.7412
10.7192
10.6973
10.6755
10.6537
10.6319
10.6103
10.5886
10.5671
10.5456
10.5242
10.5028
10.4815
10.4603
10.4391
10.4181
10.397
10.3761
10.3552
10.3344
10.3136
10.293
10.2724
10.2519
10.2314
10.2111
10.1908
10.1705
10.1504
10.1304
10.1104
10.0905
10.0707
10.051
10.0314
10.0119
9.99242
9.97308
9.95383
9.93469
9.91563
9.8967
9.87785
9.85911
9.8405
9.82192
9.80361
9.78515
9.76708
9.74885
9.73089
9.71292
9.69489
9.67719
9.65938
9.64041
9.62313
9.60413
9.58742
9.57137
9.55848
9.53235
9.52146
9.51341
9.51892
9.52507
9.53564
9.55183
9.57454
9.60412
9.64065
9.68402
9.73402
9.79048
9.85312
9.92189
9.99658
10.077
10.163
10.2543
10.3505
10.4513
10.5562
10.6649
10.7771
10.8923
11.0103
11.1309
11.2536
11.3785
11.5051
11.6335
11.7635
11.8952
12.0286
12.164
12.3017
12.4421
12.5857
12.7329
12.8841
13.0397
13.2
13.365
13.5347
13.7091
13.8879
14.0707
14.2572
14.447
14.6397
14.8348
15.0323
15.2318
15.4334
15.6369
15.8428
16.051
16.2619
16.4755
16.6918
16.9111
17.1337
17.3597
17.5889
17.822
18.0589
18.2985
18.541
18.7859
19.0331
19.2823
19.5323
19.7846
20.0352
20.2894
20.5404
20.7893
21.0333
21.2751
21.5103
21.7428
21.9634
22.1809
22.3901
22.6026
22.7836
23.0155
23.0877
23.1578
23.2881
23.4601
23.6105
23.7428
23.8845
23.9739
24.0231
24.1193
24.2078
24.2874
24.3719
24.4787
24.5823
24.6815
24.7683
24.8407
24.9121
24.9809
25.0357
25.0829
25.1227
25.1603
25.1853
25.2227
25.2074
25.238
25.2238
25.2261
25.25
25.2665
25.2429
25.2374
25.2536
25.2271
25.2453
25.2191
25.2254
25.1891
25.1718
25.1663
25.1707
25.1529
25.129
25.0987
25.0664
25.0381
25.0051
24.9677
24.9264
24.8788
24.8324
24.7887
24.7481
24.7142
24.6847
24.6565
24.6264
24.6042
24.5824
24.566
24.5448
24.5348
24.5224
24.522
24.5279
24.511
24.519
24.5224
24.5159
24.5292
24.5572
24.6005
24.6609
24.7383
24.8308
24.9382
25.0593
25.1946
25.3427
25.5036
25.6771
25.862
26.057
26.261
26.4731
26.6923
26.918
27.1494
27.3858
27.6264
27.8702
28.1168
28.3649
28.6138
28.8626
29.1104
29.3563
29.5994
29.8392
30.0752
30.307
30.5341
30.7565
30.9741
31.1867
31.3945
31.5981
31.7982
31.9955
32.191
32.3855
32.5806
32.777
32.9773
33.1812
33.3943
33.6111
33.849
34.0788
34.3668
34.567
35.0842
12.7958
12.7724
12.7489
12.7254
12.7019
12.6784
12.6548
12.6312
12.6075
12.5838
12.5601
12.5364
12.5127
12.4889
12.4651
12.4412
12.4174
12.3935
12.3696
12.3457
12.3217
12.2978
12.2738
12.2498
12.2258
12.2018
12.1778
12.1537
12.1297
12.1057
12.0816
12.0575
12.0335
12.0094
11.9853
11.9613
11.9372
11.9131
11.8891
11.865
11.841
11.817
11.7929
11.7689
11.7449
11.7209
11.697
11.673
11.6491
11.6251
11.6012
11.5774
11.5535
11.5297
11.5059
11.4821
11.4584
11.4346
11.4109
11.3873
11.3636
11.34
11.3165
11.293
11.2695
11.246
11.2226
11.1992
11.1759
11.1526
11.1293
11.1061
11.0829
11.0598
11.0367
11.0136
10.9906
10.9677
10.9448
10.9219
10.8991
10.8763
10.8536
10.831
10.8083
10.7858
10.7633
10.7408
10.7184
10.6961
10.6738
10.6515
10.6293
10.6072
10.5851
10.5631
10.5412
10.5193
10.4974
10.4757
10.4539
10.4323
10.4107
10.3892
10.3677
10.3463
10.3249
10.3037
10.2825
10.2613
10.2402
10.2192
10.1983
10.1774
10.1566
10.1359
10.1152
10.0946
10.0741
10.0536
10.0333
10.013
9.99278
9.97264
9.95259
9.93261
9.91272
9.89291
9.87319
9.85355
9.83402
9.81454
9.79521
9.77588
9.75676
9.73758
9.71864
9.69966
9.68084
9.66203
9.6433
9.62455
9.60595
9.58681
9.5682
9.54903
9.53034
9.51184
9.4943
9.47557
9.45969
9.44467
9.42709
9.40374
9.40342
9.40721
9.41799
9.4355
9.45999
9.49145
9.53
9.57554
9.62811
9.68748
9.75366
9.82632
9.9054
9.99048
10.0814
10.1776
10.2789
10.3849
10.4953
10.6096
10.7277
10.849
10.9734
11.1004
11.23
11.3618
11.4959
11.6321
11.7708
11.912
12.0562
12.2036
12.3548
12.51
12.6697
12.8339
13.0028
13.1762
13.3542
13.5361
13.7219
13.9111
14.1032
14.2979
14.4948
14.6935
14.8941
15.0963
15.3005
15.5069
15.716
15.9278
16.1425
16.36
16.5813
16.8058
17.0346
17.2668
17.5028
17.7438
17.9874
18.2329
18.4809
18.7307
18.9825
19.2363
19.4907
19.7477
20.0027
20.2622
20.5149
20.7664
21.014
21.2593
21.4996
21.7348
21.9634
22.1897
22.4109
22.6313
22.8497
23.0568
23.2474
23.4219
23.5848
23.7377
23.8737
24.0118
24.1317
24.2729
24.395
24.5101
24.6094
24.6986
24.7994
24.9058
25.0152
25.1329
25.2404
25.3337
25.4165
25.4988
25.5771
25.646
25.7046
25.7581
25.7997
25.8511
25.8924
25.9305
25.9625
25.9841
26.0181
26.0184
26.0248
26.0349
26.0446
26.053
26.06
26.0646
26.0776
26.0668
26.0631
26.0633
26.0663
26.0562
26.046
26.0341
26.0215
26.0147
26.0031
25.9917
25.9831
25.9644
25.944
25.9203
25.8981
25.9101
25.9191
25.9287
25.9222
25.9521
25.9707
26.0077
26.0132
26.0828
26.1041
26.1052
26.181
26.2103
26.1984
26.2323
26.2869
26.3577
26.4423
26.5407
26.6531
26.7793
26.919
27.0715
27.2368
27.4146
27.6037
27.8037
28.0144
28.2337
28.461
28.6941
28.932
29.1736
29.4192
29.6681
29.92
30.1746
30.4304
30.6873
30.9436
31.1991
31.4529
31.704
31.9517
32.1955
32.435
32.67
32.9001
33.1246
33.3444
33.5586
33.7673
33.9713
34.1712
34.368
34.5623
34.755
34.9474
35.1414
35.3378
35.5398
35.7468
35.9653
36.1895
36.4386
36.6816
36.9895
37.2049
37.7875
12.792
12.7686
12.745
12.7215
12.6979
12.6743
12.6507
12.627
12.6033
12.5796
12.5559
12.5321
12.5083
12.4845
12.4606
12.4367
12.4128
12.3889
12.365
12.341
12.317
12.293
12.269
12.245
12.2209
12.1969
12.1728
12.1487
12.1246
12.1005
12.0764
12.0523
12.0282
12.004
11.9799
11.9558
11.9317
11.9075
11.8834
11.8593
11.8352
11.8111
11.787
11.7629
11.7388
11.7147
11.6906
11.6666
11.6426
11.6185
11.5946
11.5706
11.5466
11.5227
11.4988
11.4749
11.451
11.4271
11.4033
11.3795
11.3558
11.332
11.3083
11.2846
11.261
11.2374
11.2138
11.1902
11.1667
11.1432
11.1198
11.0964
11.073
11.0497
11.0264
11.0031
10.9799
10.9567
10.9336
10.9105
10.8874
10.8644
10.8415
10.8186
10.7957
10.7729
10.7501
10.7274
10.7047
10.6821
10.6595
10.637
10.6145
10.5921
10.5697
10.5474
10.5251
10.5029
10.4807
10.4586
10.4366
10.4146
10.3926
10.3707
10.3489
10.3271
10.3054
10.2838
10.2622
10.2407
10.2192
10.1978
10.1764
10.1551
10.1339
10.1127
10.0916
10.0706
10.0496
10.0287
10.0079
9.98709
9.96637
9.94575
9.92516
9.90468
9.88424
9.8639
9.8436
9.82341
9.80326
9.78322
9.76323
9.74333
9.72351
9.70375
9.68407
9.6645
9.64492
9.62551
9.60604
9.58667
9.5673
9.54781
9.52845
9.5088
9.48919
9.46934
9.44993
9.43004
9.41188
9.39375
9.37356
9.34972
9.32199
9.31202
9.31692
9.32682
9.3423
9.36413
9.39258
9.42798
9.47031
9.51968
9.57596
9.63911
9.70893
9.78533
9.86806
9.95703
10.0519
10.1526
10.2587
10.37
10.486
10.6065
10.731
10.8593
10.9908
11.1256
11.2634
11.4043
11.5484
11.6961
11.8474
12.0029
12.1627
12.327
12.496
12.6696
12.8477
13.0301
13.2162
13.4058
13.5985
13.7938
13.9913
14.1906
14.3914
14.594
14.7985
15.0049
15.2135
15.4251
15.6399
15.8566
16.0759
16.2981
16.5238
16.7529
16.9864
17.2234
17.4642
17.711
17.9573
18.2055
18.4562
18.7089
18.9638
19.2208
19.4785
19.7386
19.9971
20.2594
20.5152
20.7717
21.0263
21.2801
21.5318
21.7793
22.0261
22.2664
22.502
22.7359
22.9643
23.1793
23.3815
23.574
23.7554
23.9252
24.0875
24.2429
24.4005
24.5528
24.7071
24.8632
25.0119
25.1457
25.2735
25.397
25.5193
25.6429
25.7661
25.8807
25.9906
26.0953
26.1989
26.2944
26.3803
26.4591
26.5343
26.6085
26.6816
26.7541
26.8227
26.8851
26.9437
26.9962
27.043
27.0851
27.1212
27.153
27.1808
27.2053
27.2281
27.2481
27.2682
27.2845
27.3092
27.3238
27.3541
27.3745
27.3992
27.4455
27.4825
27.5304
27.6055
27.6326
27.6592
27.6409
27.6582
27.6927
27.7584
27.8257
27.9011
28.0532
28.1086
28.2575
28.2671
28.4433
28.5188
28.4983
28.5572
28.643
28.7386
28.8516
28.9794
29.1204
29.2732
29.438
29.6139
29.7993
29.9951
30.1993
30.4143
30.6375
30.8682
31.1063
31.3516
31.5981
31.8504
32.1007
32.3491
32.5952
32.8423
33.0889
33.3371
33.5877
33.8355
34.0835
34.3271
34.5697
34.8076
35.0404
35.2676
35.4896
35.7071
35.9198
36.1277
36.329
36.5273
36.7183
36.9034
37.0845
37.262
37.4377
37.6111
37.7839
37.9581
38.1358
38.3178
38.5082
38.7056
38.917
39.137
39.3867
39.6338
39.9517
40.1772
40.8179
12.7891
12.7656
12.7421
12.7185
12.6949
12.6713
12.6477
12.624
12.6003
12.5766
12.5528
12.529
12.5052
12.4814
12.4575
12.4336
12.4097
12.3858
12.3619
12.3379
12.3139
12.2899
12.2659
12.2419
12.2178
12.1938
12.1697
12.1456
12.1215
12.0974
12.0733
12.0492
12.0251
12.0009
11.9768
11.9527
11.9285
11.9044
11.8802
11.8561
11.832
11.8078
11.7837
11.7596
11.7355
11.7114
11.6873
11.6633
11.6392
11.6152
11.5911
11.5671
11.5431
11.5191
11.4952
11.4712
11.4473
11.4234
11.3995
11.3757
11.3518
11.328
11.3042
11.2805
11.2567
11.233
11.2094
11.1857
11.1621
11.1385
11.115
11.0914
11.068
11.0445
11.0211
10.9977
10.9744
10.951
10.9278
10.9045
10.8813
10.8582
10.8351
10.812
10.7889
10.7659
10.743
10.7201
10.6972
10.6744
10.6516
10.6288
10.6062
10.5835
10.5609
10.5384
10.5159
10.4934
10.471
10.4486
10.4263
10.4041
10.3819
10.3597
10.3376
10.3155
10.2935
10.2716
10.2497
10.2278
10.206
10.1843
10.1626
10.141
10.1194
10.0979
10.0764
10.055
10.0336
10.0123
9.9911
9.96992
9.94878
9.92772
9.9067
9.88576
9.86486
9.84404
9.82326
9.80256
9.78192
9.76134
9.74083
9.72037
9.69999
9.67967
9.65941
9.63923
9.61908
9.59903
9.57898
9.55899
9.53902
9.519
9.49908
9.4789
9.45875
9.43849
9.418
9.39792
9.37784
9.3585
9.33774
9.31458
9.2897
9.25922
9.24943
9.25587
9.26622
9.28116
9.30161
9.32814
9.361
9.40041
9.44646
9.49924
9.55876
9.6251
9.69823
9.77825
9.86504
9.95862
10.0587
10.1652
10.2778
10.396
10.5195
10.648
10.781
10.9186
11.0605
11.2067
11.3573
11.5125
11.6724
11.8372
12.0069
12.1815
12.3609
12.5446
12.7325
12.9241
13.1191
13.3174
13.5182
13.721
13.9246
14.1292
14.3348
14.5416
14.75
14.9604
15.173
15.3888
15.6083
15.8273
16.049
16.2739
16.5026
16.7349
16.9717
17.2122
17.4565
17.7066
17.9558
18.209
18.4662
18.7267
18.9902
19.2562
19.5241
19.7935
20.0635
20.3342
20.6038
20.8734
21.1402
21.4064
21.6681
21.9284
22.1832
22.4345
22.6815
22.9221
23.1579
23.3891
23.6135
23.8292
24.0355
24.2318
24.4202
24.6018
24.7789
24.9534
25.1252
25.295
25.4631
25.6277
25.7873
25.9417
26.0912
26.2382
26.382
26.5248
26.6642
26.8008
26.937
27.0692
27.1945
27.3137
27.4298
27.5442
27.657
27.7684
27.8772
27.9824
28.0837
28.1805
28.273
28.3613
28.4457
28.5264
28.6044
28.6798
28.7538
28.8268
28.8998
28.9727
29.0482
29.1263
29.2093
29.3004
29.3871
29.5461
29.6429
29.8473
29.8492
29.9175
30.0117
30.118
30.2478
30.3666
30.5458
30.7048
30.8882
31.2161
31.2217
31.3347
31.4702
31.6386
31.8033
31.9565
32.121
32.298
32.4835
32.6815
32.8885
33.1055
33.3312
33.5677
33.8101
34.0536
34.3026
34.5511
34.8109
35.0652
35.3271
35.5885
35.8498
36.0953
36.3548
36.5881
36.809
37.0184
37.228
37.4316
37.6431
37.8617
38.0651
38.2742
38.4725
38.6748
38.8638
39.0434
39.2159
39.3831
39.5509
39.7136
39.8741
40.0265
40.1838
40.3258
40.4635
40.5997
40.7329
40.8673
40.9982
41.1312
41.269
41.4142
41.5662
41.7317
41.9061
42.0964
42.2997
42.5378
42.7788
43.0958
43.3257
44.0155
12.7868
12.7633
12.7397
12.7162
12.6926
12.669
12.6453
12.6217
12.598
12.5742
12.5505
12.5267
12.5029
12.4791
12.4553
12.4314
12.4075
12.3836
12.3597
12.3357
12.3118
12.2878
12.2638
12.2398
12.2158
12.1917
12.1677
12.1436
12.1195
12.0955
12.0714
12.0473
12.0232
11.9991
11.975
11.9508
11.9267
11.9026
11.8785
11.8544
11.8303
11.8062
11.7821
11.758
11.7339
11.7098
11.6857
11.6617
11.6376
11.6136
11.5896
11.5656
11.5415
11.5176
11.4936
11.4696
11.4457
11.4218
11.3979
11.374
11.3502
11.3263
11.3025
11.2787
11.255
11.2312
11.2075
11.1838
11.1602
11.1365
11.1129
11.0894
11.0658
11.0423
11.0188
10.9953
10.9719
10.9485
10.9252
10.9018
10.8785
10.8553
10.8321
10.8089
10.7857
10.7626
10.7395
10.7165
10.6935
10.6705
10.6476
10.6247
10.6019
10.5791
10.5563
10.5336
10.5109
10.4883
10.4657
10.4432
10.4207
10.3982
10.3758
10.3534
10.3311
10.3088
10.2866
10.2644
10.2422
10.2201
10.1981
10.1761
10.1541
10.1322
10.1103
10.0885
10.0667
10.045
10.0233
10.0017
9.98009
9.95853
9.93705
9.91559
9.89421
9.87284
9.85156
9.83029
9.80911
9.78794
9.76685
9.74578
9.72481
9.70383
9.68297
9.66209
9.64133
9.62057
9.5999
9.57923
9.55866
9.53805
9.51757
9.49691
9.47658
9.45573
9.43533
9.41442
9.39337
9.37322
9.35079
9.33182
9.30935
9.28672
9.26701
9.23066
9.21426
9.21021
9.21362
9.22165
9.2347
9.25297
9.27689
9.30663
9.34257
9.38487
9.43389
9.48978
9.55289
9.62333
9.70136
9.78699
9.88034
9.98119
10.0895
10.2049
10.3272
10.4561
10.5913
10.7326
10.8798
11.033
11.192
11.3566
11.5271
11.7029
11.8843
12.0704
12.2616
12.4569
12.6565
12.8589
13.0637
13.2704
13.4783
13.6873
13.8951
14.103
14.3117
14.5215
14.733
14.9465
15.1623
15.3814
15.604
15.8267
16.0541
16.2861
16.523
16.7646
17.0108
17.2616
17.5168
17.7761
18.0393
18.3061
18.5762
18.849
19.1245
19.4023
19.6816
19.9621
20.243
20.524
20.8042
21.0833
21.3604
21.6354
21.9073
22.1759
22.4408
22.7012
22.9572
23.2085
23.4545
23.6953
23.931
24.1617
24.3868
24.6061
24.8193
25.0273
25.2307
25.4306
25.6276
25.8221
26.0144
26.2048
26.3932
26.5798
26.7646
26.9479
27.1301
27.3116
27.4924
27.6726
27.8525
28.0318
28.2101
28.3868
28.5621
28.7361
28.909
29.0808
29.2514
29.4206
29.5885
29.7547
29.9196
30.0832
30.2458
30.4079
30.5699
30.7324
30.8961
31.0617
31.2297
31.4007
31.5757
31.7556
31.9411
32.1333
32.3303
32.546
32.7578
32.9787
33.1867
33.3995
33.6203
33.8489
34.0896
34.3299
34.5935
34.8562
35.1236
35.4038
35.6478
35.8944
36.147
36.4083
36.6708
36.9332
37.1965
37.4616
37.7281
38.0075
38.2878
38.5729
38.8671
39.173
39.4715
39.7517
40.03
40.2903
40.5778
40.8091
41.1045
41.343
41.5684
41.7536
42.0173
42.1558
42.2816
42.3808
42.49
42.584
42.7349
42.8955
42.9921
43.1357
43.2532
43.3886
43.4742
43.548
43.6209
43.6937
43.7938
43.8747
43.9659
44.0428
44.15
44.2078
44.2797
44.3511
44.4184
44.4946
44.5574
44.6305
44.7153
44.8148
44.9236
45.0554
45.1965
45.3519
45.5275
45.743
45.9682
46.2751
46.5048
47.2343
12.7849
12.7614
12.7379
12.7143
12.6908
12.6672
12.6435
12.6199
12.5962
12.5725
12.5487
12.525
12.5012
12.4774
12.4536
12.4297
12.4059
12.382
12.3581
12.3342
12.3103
12.2863
12.2623
12.2384
12.2144
12.1904
12.1664
12.1423
12.1183
12.0943
12.0702
12.0462
12.0221
11.998
11.974
11.9499
11.9258
11.9017
11.8777
11.8536
11.8295
11.8055
11.7814
11.7573
11.7333
11.7092
11.6852
11.6611
11.6371
11.6131
11.5891
11.5651
11.5411
11.5171
11.4932
11.4692
11.4453
11.4214
11.3975
11.3736
11.3498
11.3259
11.3021
11.2783
11.2545
11.2308
11.2071
11.1834
11.1597
11.136
11.1124
11.0888
11.0652
11.0417
11.0181
10.9947
10.9712
10.9478
10.9243
10.901
10.8776
10.8543
10.831
10.8078
10.7846
10.7614
10.7382
10.7151
10.692
10.669
10.646
10.623
10.6
10.5771
10.5542
10.5314
10.5086
10.4858
10.4631
10.4404
10.4177
10.3951
10.3725
10.35
10.3275
10.305
10.2826
10.2602
10.2379
10.2156
10.1933
10.1711
10.1489
10.1267
10.1046
10.0825
10.0605
10.0385
10.0165
9.99456
9.97266
9.95081
9.92898
9.9072
9.88546
9.86375
9.84207
9.82044
9.79884
9.77728
9.75576
9.73427
9.71282
9.69142
9.67005
9.64871
9.62742
9.60617
9.58494
9.56376
9.54262
9.52146
9.50044
9.47921
9.45833
9.437
9.41601
9.39481
9.37316
9.35255
9.32976
9.30917
9.28723
9.26343
9.24508
9.21333
9.19358
9.1642
9.16434
9.16526
9.17093
9.18165
9.1974
9.21843
9.24507
9.27773
9.31684
9.36284
9.41616
9.47723
9.5464
9.62401
9.71029
9.80538
9.90937
10.0222
10.1437
10.2739
10.4124
10.5591
10.7137
10.8761
11.0457
11.2225
11.4058
11.5951
11.7905
11.9914
12.1972
12.4064
12.6177
12.8285
13.0402
13.2527
13.4656
13.6793
13.8914
14.1053
14.3212
14.5394
14.7599
14.9833
15.2097
15.4395
15.673
15.9104
16.1518
16.3977
16.6479
16.9026
17.1613
17.4246
17.6922
17.9639
18.2392
18.518
18.7996
19.0839
19.3703
19.6583
19.9477
20.2378
20.5282
20.8183
21.1078
21.3959
21.6825
21.9668
22.2485
22.5273
22.8027
23.0745
23.3426
23.6066
23.8666
24.1226
24.3745
24.6227
24.8671
25.1082
25.3463
25.5816
25.8147
26.046
26.276
26.5052
26.7342
26.9637
27.1942
27.4258
27.659
27.8941
28.1315
28.3714
28.614
28.8594
29.1079
29.3595
29.6142
29.8719
30.1325
30.3961
30.6626
30.932
31.2042
31.4794
31.7576
32.0389
32.3236
32.612
32.9043
33.2009
33.5025
33.8091
34.1215
34.4397
34.7644
35.0953
35.433
35.7772
36.128
36.4853
36.8483
37.2185
37.592
37.969
38.3464
38.7248
39.1043
39.4849
39.868
40.2526
40.6391
41.0324
41.4179
41.8119
42.1959
42.5734
42.9434
43.3097
43.6671
44.0196
44.3629
44.683
45.0108
45.3616
45.6928
46.0143
46.3897
46.7651
47.0883
47.3476
47.5795
47.769
48.0608
48.1217
48.6422
48.6074
48.6609
48.719
49.1154
48.9328
48.8688
48.7196
48.6369
48.5304
48.7154
48.7856
48.6301
48.7515
48.7719
48.7878
48.6328
48.5164
48.4348
48.3777
48.4461
48.374
48.3871
48.354
48.4301
48.3351
48.3589
48.3453
48.326
48.3347
48.2794
48.2682
48.2839
48.331
48.3851
48.4853
48.5864
48.6869
48.8273
49.0102
49.2114
49.502
49.7286
50.4919
12.7835
12.76
12.7365
12.713
12.6894
12.6658
12.6422
12.6186
12.5949
12.5712
12.5475
12.5238
12.5
12.4762
12.4525
12.4286
12.4048
12.381
12.3571
12.3332
12.3093
12.2854
12.2615
12.2376
12.2136
12.1897
12.1657
12.1417
12.1177
12.0937
12.0697
12.0457
12.0217
11.9977
11.9736
11.9496
11.9256
11.9015
11.8775
11.8534
11.8294
11.8054
11.7813
11.7573
11.7333
11.7093
11.6852
11.6612
11.6372
11.6132
11.5893
11.5653
11.5413
11.5174
11.4935
11.4695
11.4456
11.4217
11.3979
11.374
11.3502
11.3263
11.3025
11.2787
11.255
11.2312
11.2075
11.1838
11.1601
11.1364
11.1128
11.0892
11.0656
11.042
11.0185
10.995
10.9715
10.948
10.9246
10.9012
10.8778
10.8544
10.8311
10.8078
10.7845
10.7613
10.7381
10.7149
10.6918
10.6686
10.6456
10.6225
10.5995
10.5765
10.5535
10.5306
10.5077
10.4849
10.462
10.4392
10.4164
10.3937
10.371
10.3483
10.3257
10.303
10.2804
10.2579
10.2354
10.2129
10.1904
10.168
10.1456
10.1232
10.1009
10.0786
10.0563
10.0341
10.0118
9.98965
9.96748
9.94534
9.92323
9.90115
9.87908
9.85705
9.83504
9.81306
9.79109
9.76916
9.74724
9.72536
9.70349
9.68166
9.65984
9.63806
9.61629
9.59456
9.57283
9.55115
9.52947
9.50782
9.48622
9.46451
9.44302
9.42125
9.39971
9.37799
9.35614
9.33456
9.31238
9.29042
9.26845
9.24493
9.22464
9.19669
9.17683
9.14702
9.13479
9.10593
9.10354
9.11025
9.12011
9.13392
9.15249
9.1765
9.20655
9.24327
9.28727
9.33917
9.39957
9.46906
9.54817
9.63735
9.73704
9.84729
9.96828
10.1002
10.2429
10.3963
10.5601
10.7338
10.9168
11.1088
11.3096
11.5177
11.7314
11.948
12.1664
12.3861
12.6069
12.8281
13.0514
13.2763
13.5024
13.7296
13.9578
14.1872
14.4181
14.6509
14.8858
15.1233
15.3638
15.6076
15.855
16.106
16.3615
16.6214
16.8855
17.1538
17.4261
17.7022
17.9819
18.2649
18.5511
18.8401
19.1317
19.4256
19.7214
20.0188
20.3174
20.6169
20.9167
21.2166
21.516
21.8148
22.1123
22.4085
22.7028
22.9951
23.2853
23.5731
23.8587
24.1419
24.4229
24.7019
24.9791
25.2548
25.5295
25.8036
26.0775
26.3518
26.6271
26.904
27.1831
27.465
27.7504
28.0402
28.3348
28.6353
28.9422
29.2567
29.5792
29.91
30.2494
30.598
30.956
31.3238
31.7014
32.0891
32.4869
32.895
33.3133
33.7421
34.1813
34.6311
35.0918
35.5634
36.046
36.5398
37.0449
37.5611
38.0885
38.6266
39.1751
39.7331
40.3004
40.8751
41.4572
42.0444
42.6357
43.23
43.8245
44.4196
45.0109
45.5997
46.1807
46.7549
47.3201
47.8766
48.4268
48.9734
49.5053
50.056
50.5724
51.1335
51.6548
52.1571
52.6278
53.0687
53.4888
53.8937
54.2591
54.5086
54.914
55.3216
55.6474
55.9174
56.6175
57.0025
57.2559
57.35
57.1967
57.1292
57.4324
57.0835
57.017
56.7767
56.5613
56.7489
56.8084
56.5813
56.0972
55.7329
55.4125
55.1081
54.8554
54.9084
54.7821
54.4639
54.3997
54.2848
54.0431
53.7428
53.487
53.2787
53.1216
52.971
52.8108
52.7964
52.7042
52.528
52.3777
52.2549
52.131
52.1255
52.0664
51.9668
51.9045
51.9147
51.8951
51.9982
52.0524
52.0564
52.1657
52.3022
52.4735
52.7442
52.9671
53.7631
12.7826
12.7591
12.7356
12.7121
12.6886
12.665
12.6414
12.6178
12.5941
12.5705
12.5468
12.5231
12.4994
12.4757
12.4519
12.4281
12.4043
12.3805
12.3567
12.3329
12.309
12.2851
12.2612
12.2373
12.2134
12.1895
12.1656
12.1416
12.1177
12.0937
12.0698
12.0458
12.0218
11.9978
11.9738
11.9498
11.9259
11.9019
11.8779
11.8539
11.8299
11.8059
11.7819
11.7579
11.7339
11.7099
11.686
11.662
11.638
11.6141
11.5901
11.5662
11.5422
11.5183
11.4944
11.4705
11.4466
11.4228
11.3989
11.3751
11.3513
11.3274
11.3036
11.2799
11.2561
11.2324
11.2086
11.1849
11.1613
11.1376
11.114
11.0903
11.0667
11.0432
11.0196
10.9961
10.9726
10.9491
10.9256
10.9022
10.8788
10.8554
10.832
10.8087
10.7854
10.7621
10.7389
10.7156
10.6924
10.6693
10.6461
10.623
10.5999
10.5768
10.5538
10.5308
10.5078
10.4849
10.4619
10.4391
10.4162
10.3934
10.3705
10.3478
10.325
10.3023
10.2796
10.2569
10.2342
10.2116
10.189
10.1664
10.1438
10.1212
10.0987
10.0762
10.0537
10.0312
10.0088
9.98635
9.96393
9.94154
9.91915
9.89679
9.87443
9.85211
9.82978
9.80748
9.78518
9.76291
9.74064
9.7184
9.69616
9.67394
9.65172
9.62952
9.60732
9.58515
9.56297
9.54083
9.51866
9.49655
9.47441
9.45227
9.4302
9.408
9.38595
9.36372
9.34154
9.31944
9.29683
9.27489
9.25184
9.22943
9.20678
9.18302
9.15982
9.13559
9.11115
9.08475
9.05367
9.04595
9.05172
9.06017
9.07231
9.08919
9.11162
9.14038
9.17626
9.22008
9.2727
9.33493
9.40767
9.49167
9.58762
9.69644
9.81861
9.95472
10.1046
10.268
10.4448
10.6338
10.8344
11.044
11.2605
11.4828
11.7099
11.9404
12.1757
12.4143
12.6553
12.8979
13.1417
13.3862
13.6312
13.8766
14.1226
14.3694
14.6174
14.8668
15.1181
15.3717
15.6287
15.8889
16.1526
16.4196
16.69
16.9637
17.2409
17.5214
17.8053
18.0923
18.3826
18.6758
18.972
19.271
19.5726
19.8765
20.1825
20.4905
20.8001
21.111
21.4229
21.7357
22.049
22.3625
22.6762
22.9898
23.3033
23.6166
23.9299
24.2431
24.5567
24.8707
25.1856
25.5018
25.82
26.1406
26.4643
26.7917
27.1237
27.4611
27.8047
28.1554
28.5142
28.8821
29.2602
29.6494
30.051
30.4661
30.8958
31.3414
31.8038
32.2844
32.7845
33.3046
33.8453
34.4072
34.9907
35.5963
36.2241
36.8746
37.5476
38.2434
38.962
39.7031
40.4663
41.2514
42.0574
42.8836
43.7284
44.5905
45.468
46.3583
47.2598
48.1686
49.083
49.9986
50.9145
51.8246
52.7277
53.6213
54.4984
55.365
56.2084
57.0384
57.8373
58.6206
59.3765
60.1078
60.8263
61.5269
62.2035
62.9461
63.5833
64.4469
65.0909
65.701
66.2115
66.5688
66.9907
67.3496
67.5151
67.3016
68.3544
68.6532
68.8665
69.011
68.5274
67.9689
68.2803
67.7608
67.8856
67.5752
67.0633
66.4639
65.9691
65.4801
64.9245
64.9188
64.7364
64.1543
63.4611
62.9059
62.3991
61.9111
61.4488
61.0615
60.7208
60.3224
59.9604
59.6309
59.3013
58.9473
58.5937
58.2591
57.9495
57.6617
57.3741
57.1424
56.9234
56.6846
56.4479
56.2292
56.0202
55.8599
55.7098
55.575
55.4631
55.3728
55.3853
55.4107
55.436
55.4142
55.5377
55.5914
55.7356
55.9839
56.2057
57.0395
12.7822
12.7587
12.7352
12.7117
12.6882
12.6647
12.6411
12.6175
12.5939
12.5703
12.5466
12.523
12.4993
12.4756
12.4518
12.4281
12.4043
12.3806
12.3568
12.333
12.3092
12.2853
12.2615
12.2376
12.2138
12.1899
12.166
12.1421
12.1182
12.0943
12.0704
12.0465
12.0225
11.9986
11.9747
11.9507
11.9268
11.9028
11.8789
11.8549
11.831
11.807
11.7831
11.7591
11.7352
11.7112
11.6873
11.6634
11.6394
11.6155
11.5916
11.5677
11.5438
11.5199
11.496
11.4722
11.4483
11.4245
11.4007
11.3768
11.353
11.3292
11.3055
11.2817
11.258
11.2342
11.2105
11.1868
11.1632
11.1395
11.1159
11.0923
11.0687
11.0451
11.0215
10.998
10.9745
10.951
10.9275
10.904
10.8806
10.8572
10.8338
10.8105
10.7871
10.7638
10.7405
10.7173
10.694
10.6708
10.6476
10.6245
10.6013
10.5782
10.5551
10.532
10.509
10.486
10.463
10.44
10.4171
10.3941
10.3712
10.3484
10.3255
10.3027
10.2798
10.2571
10.2343
10.2115
10.1888
10.1661
10.1434
10.1207
10.098
10.0754
10.0527
10.0301
10.0075
9.98491
9.96232
9.93974
9.91717
9.89461
9.87204
9.8495
9.82695
9.80441
9.78186
9.75933
9.73677
9.71424
9.69169
9.66915
9.6466
9.62407
9.60152
9.579
9.55644
9.53393
9.51137
9.48887
9.46632
9.4438
9.42128
9.39873
9.37623
9.35366
9.33112
9.30856
9.28585
9.26335
9.2403
9.21766
9.19439
9.17112
9.14766
9.12321
9.09906
9.07238
9.04439
9.0132
9.01094
9.01226
9.01906
9.03112
9.04883
9.07295
9.10437
9.14407
9.19317
9.2527
9.32387
9.40772
9.50534
9.6178
9.74446
9.88622
10.0429
10.2146
10.4007
10.6002
10.8123
11.0341
11.2667
11.5084
11.7578
12.0129
12.2727
12.5355
12.8004
13.0666
13.3332
13.6
13.8665
14.1328
14.399
14.6653
14.9327
15.2017
15.4724
15.745
16.0194
16.2959
16.5747
16.8558
17.1395
17.4259
17.7151
18.0074
18.3027
18.6011
18.9028
19.2076
19.5157
19.8269
20.1412
20.4585
20.7787
21.1017
21.4273
21.7555
22.0861
22.4191
22.7545
23.0922
23.4323
23.7751
24.1206
24.4693
24.8215
25.1779
25.5387
25.9049
26.2771
26.6562
27.0432
27.4391
27.845
28.2623
28.692
29.136
29.5955
30.0722
30.5676
31.0838
31.6221
32.1844
32.7725
33.3882
34.033
34.7088
35.4172
36.16
36.9389
37.7554
38.6113
39.5082
40.4465
41.4267
42.4484
43.5118
44.6157
45.7595
46.9416
48.16
49.4124
50.6958
52.0064
53.3406
54.6931
56.06
57.4348
58.8113
60.1862
61.5505
62.9007
64.2305
65.5385
66.8108
68.0543
69.2597
70.4208
71.5616
72.6439
73.6987
74.6776
75.6603
76.5619
77.4062
78.2485
79.0079
79.9416
80.8737
81.6642
83.4835
84.2083
84.8192
85.1296
84.5616
85.1619
85.0735
84.0681
82.9378
83.0727
82.3143
82.5406
82.3653
81.434
80.3521
79.5948
78.8264
78.229
77.6055
76.9022
76.1168
75.3268
74.5347
73.7336
72.9994
72.3743
71.677
70.922
70.1869
69.482
68.7923
68.1267
67.4903
66.9001
66.317
65.7507
65.2105
64.6992
64.1997
63.7105
63.2374
62.7845
62.3542
61.938
61.5509
61.1903
60.843
60.5087
60.1944
59.8971
59.6339
59.3904
59.1786
58.9962
58.8336
58.7825
58.7543
58.7536
58.7128
58.8338
58.8611
58.9988
59.2157
59.4468
60.3291
12.7822
12.7588
12.7354
12.7119
12.6884
12.6649
12.6414
12.6178
12.5942
12.5706
12.547
12.5234
12.4998
12.4761
12.4524
12.4287
12.405
12.3813
12.3575
12.3338
12.31
12.2862
12.2625
12.2386
12.2148
12.191
12.1672
12.1433
12.1195
12.0956
12.0717
12.0479
12.024
12.0001
11.9762
11.9523
11.9284
11.9045
11.8806
11.8567
11.8328
11.8089
11.785
11.7611
11.7372
11.7133
11.6894
11.6655
11.6417
11.6178
11.5939
11.57
11.5462
11.5223
11.4985
11.4747
11.4509
11.4271
11.4033
11.3795
11.3557
11.3319
11.3082
11.2845
11.2607
11.237
11.2134
11.1897
11.166
11.1424
11.1188
11.0952
11.0716
11.048
11.0245
11.001
10.9775
10.954
10.9305
10.9071
10.8836
10.8602
10.8369
10.8135
10.7902
10.7669
10.7436
10.7203
10.697
10.6738
10.6506
10.6274
10.6043
10.5812
10.558
10.535
10.5119
10.4888
10.4658
10.4428
10.4198
10.3969
10.3739
10.351
10.3281
10.3052
10.2824
10.2595
10.2367
10.2139
10.1911
10.1683
10.1455
10.1228
10.1
10.0773
10.0545
10.0318
10.0091
9.98642
9.96372
9.94103
9.91833
9.89565
9.87296
9.85028
9.82758
9.8049
9.7822
9.75952
9.73682
9.71413
9.69142
9.66873
9.64601
9.62331
9.60058
9.57787
9.55513
9.53243
9.50968
9.48699
9.46424
9.44154
9.41881
9.39609
9.3734
9.35065
9.32797
9.30523
9.28243
9.25988
9.23659
9.21426
9.19048
9.1675
9.14449
9.11877
9.09819
9.06843
9.04624
9.02049
8.99135
8.99406
9.00078
9.01216
9.02898
9.05228
9.08314
9.12271
9.17224
9.2329
9.30604
9.39282
9.49446
9.61188
9.74514
9.89569
10.0636
10.249
10.4513
10.6696
10.9026
11.149
11.407
11.6746
11.9501
12.2315
12.5171
12.8054
13.0949
13.385
13.6748
13.9637
14.2517
14.539
14.8262
15.1136
15.4011
15.6889
15.977
16.2658
16.5556
16.8466
17.1392
17.4339
17.7309
18.0305
18.3332
18.6391
18.9485
19.2617
19.5787
19.8998
20.2252
20.5548
20.8888
21.2273
21.5704
21.9182
22.2708
22.6284
22.9912
23.3595
23.7336
24.1139
24.501
24.8955
25.2981
25.7098
26.1314
26.5641
27.009
27.4677
27.9416
28.4326
28.9422
29.4726
30.0259
30.6044
31.2106
31.8468
32.5158
33.2202
33.9629
34.7465
35.574
36.4482
37.372
38.3484
39.3802
40.47
41.6203
42.8337
44.1122
45.4576
46.8715
48.3548
49.9076
51.5292
53.2163
54.9666
56.7743
58.6361
60.5446
62.493
64.4737
66.4771
68.4949
70.5156
72.531
74.5302
76.5007
78.4358
80.3311
82.1673
83.9452
85.6634
87.3193
88.8815
90.4056
91.8149
93.2302
94.605
95.869
97.0199
98.1123
99.2827
100.133
100.817
101.595
102.204
102.493
103.612
104.462
104.838
104.985
104.884
104.668
104.3
102.792
101.324
100.033
98.726
97.7473
96.6917
95.7103
94.8353
93.8154
92.6548
91.5021
90.3388
89.2324
88.1427
87.0443
85.9288
84.8139
83.6961
82.5962
81.5062
80.4751
79.4758
78.477
77.504
76.5624
75.6461
74.7589
73.8997
73.0793
72.2878
71.5233
70.7875
70.0865
69.4154
68.7695
68.1483
67.5525
66.9835
66.4386
65.9212
65.4334
64.9722
64.5355
64.1257
63.7407
63.3894
63.0643
62.7749
62.5205
62.2986
62.1332
62.0304
62.0248
61.9789
62.0811
62.1053
62.2397
62.4635
62.7107
63.6573
12.783
12.7596
12.7362
12.7127
12.6893
12.6658
12.6423
12.6188
12.5953
12.5717
12.5482
12.5246
12.501
12.4774
12.4537
12.4301
12.4064
12.3827
12.3591
12.3354
12.3116
12.2879
12.2642
12.2404
12.2167
12.1929
12.1691
12.1453
12.1215
12.0977
12.0739
12.0501
12.0263
12.0025
11.9786
11.9548
11.931
11.9071
11.8833
11.8595
11.8356
11.8118
11.7879
11.7641
11.7403
11.7164
11.6926
11.6688
11.645
11.6212
11.5973
11.5735
11.5498
11.526
11.5022
11.4784
11.4547
11.4309
11.4072
11.3835
11.3598
11.3361
11.3124
11.2887
11.2651
11.2415
11.2178
11.1942
11.1706
11.1471
11.1235
11.1
11.0765
11.053
11.0295
11.0061
10.9826
10.9592
10.9359
10.9125
10.8891
10.8658
10.8425
10.8192
10.796
10.7728
10.7496
10.7264
10.7032
10.6801
10.657
10.6339
10.6108
10.5878
10.5648
10.5418
10.5188
10.4958
10.4729
10.45
10.4271
10.4043
10.3814
10.3586
10.3358
10.3131
10.2903
10.2676
10.2448
10.2221
10.1994
10.1768
10.1541
10.1314
10.1088
10.0862
10.0636
10.041
10.0183
9.99575
9.97315
9.95057
9.92797
9.9054
9.88281
9.86023
9.83764
9.81506
9.79246
9.76988
9.74727
9.72468
9.70206
9.67946
9.65684
9.63423
9.61161
9.589
9.56636
9.54376
9.52113
9.49854
9.47593
9.45334
9.43078
9.40821
9.38569
9.36322
9.34063
9.31839
9.29563
9.27367
9.25076
9.22883
9.20599
9.18353
9.1608
9.13796
9.11462
9.08896
9.06255
9.03288
9.02339
9.02973
9.03974
9.05435
9.0751
9.10332
9.14027
9.18729
9.24573
9.317
9.40252
9.50362
9.62157
9.75741
9.91193
10.0856
10.2786
10.4905
10.7206
10.9678
11.2303
11.5064
11.7938
12.0904
12.3939
12.7022
13.0133
13.3257
13.6379
13.9494
14.2592
14.5671
14.8738
15.1792
15.4832
15.786
16.0879
16.3891
16.6902
16.9918
17.2944
17.5986
17.9051
18.2142
18.5267
18.8429
19.1634
19.4886
19.8189
20.1546
20.4963
20.8442
21.1986
21.5599
21.9285
22.3048
22.6892
23.0822
23.4845
23.8967
24.3196
24.754
25.2012
25.662
26.1381
26.6308
27.1419
27.6731
28.2269
28.8052
29.4109
30.0464
30.7151
31.4197
32.1641
32.9515
33.7861
34.6715
35.6124
36.6129
37.6776
38.8111
40.0183
41.3039
42.6727
44.1293
45.6782
47.3236
49.069
50.9176
52.8711
54.9312
57.0977
59.37
61.7456
64.2204
66.7886
69.4424
72.1707
74.963
77.803
80.6813
83.5766
86.4758
89.3608
92.214
95.022
97.7583
100.431
102.996
105.465
107.833
110.09
112.197
114.187
116.079
117.878
119.479
121.153
122.381
124.772
125.989
127.249
127.712
129.513
130.584
130.841
129.83
130.427
129.338
128.058
126.973
126.132
125.149
124.11
122.928
121.733
120.573
119.162
117.588
115.976
114.312
112.706
111.112
109.51
107.964
106.416
104.848
103.268
101.694
100.138
98.6122
97.1071
95.6165
94.1452
92.6917
91.2678
89.868
88.5093
87.1972
85.9193
84.6809
83.4848
82.3287
81.2131
80.1366
79.1026
78.109
77.1539
76.2362
75.3589
74.5213
73.7206
72.9546
72.2225
71.5241
70.8583
70.2254
69.6264
69.0614
68.529
68.0304
67.564
67.1344
66.738
66.3805
66.0621
65.7849
65.5551
65.3813
65.3168
65.2695
65.3433
65.3697
65.5031
65.7617
66.0329
67.067
12.7844
12.761
12.7377
12.7143
12.6908
12.6674
12.644
12.6205
12.597
12.5735
12.55
12.5265
12.5029
12.4794
12.4558
12.4322
12.4086
12.385
12.3613
12.3377
12.314
12.2904
12.2667
12.243
12.2193
12.1956
12.1719
12.1482
12.1245
12.1007
12.077
12.0533
12.0295
12.0058
11.982
11.9583
11.9345
11.9108
11.887
11.8633
11.8396
11.8158
11.7921
11.7683
11.7446
11.7209
11.6972
11.6735
11.6498
11.6261
11.6024
11.5787
11.555
11.5314
11.5078
11.4841
11.4605
11.4369
11.4133
11.3898
11.3662
11.3427
11.3192
11.2957
11.2722
11.2488
11.2253
11.2019
11.1786
11.1552
11.1319
11.1085
11.0852
11.062
11.0387
11.0155
10.9923
10.9692
10.9461
10.923
10.8999
10.8768
10.8538
10.8308
10.8079
10.7849
10.762
10.7392
10.7163
10.6935
10.6707
10.648
10.6252
10.6026
10.5799
10.5573
10.5347
10.5121
10.4895
10.467
10.4445
10.4221
10.3996
10.3773
10.3549
10.3325
10.3102
10.2879
10.2656
10.2433
10.2211
10.1989
10.1766
10.1545
10.1323
10.1102
10.088
10.0659
10.0438
10.0217
9.99955
9.9775
9.95539
9.93335
9.91125
9.88922
9.86713
9.84511
9.82303
9.80101
9.77894
9.75693
9.73485
9.71285
9.69079
9.6688
9.64675
9.62478
9.60276
9.58082
9.55884
9.53695
9.51503
9.49322
9.4714
9.44969
9.42798
9.40651
9.38485
9.36375
9.34212
9.32145
9.29995
9.27985
9.25776
9.23903
9.21497
9.19641
9.17337
9.14517
9.13534
9.13787
9.14406
9.15576
9.17364
9.19883
9.23225
9.27528
9.32906
9.39515
9.47481
9.56963
9.68084
9.80987
9.95762
10.1251
10.3125
10.5202
10.7475
10.9938
11.2577
11.5375
11.831
12.1362
12.4504
12.7716
13.097
13.4252
13.7536
14.082
14.4083
14.7327
15.054
15.3727
15.6883
16.0019
16.3133
16.6238
16.9334
17.2436
17.5545
17.8677
18.1831
18.5024
18.8255
19.1539
19.4877
19.8279
20.1749
20.5298
20.8932
21.2657
21.6478
22.0403
22.4438
22.859
23.2869
23.7284
24.1847
24.657
25.1468
25.6555
26.1851
26.7375
27.315
27.92
28.5552
29.2238
29.9289
30.6743
31.4639
32.3018
33.1928
34.1417
35.154
36.235
37.3911
38.6281
39.9531
41.3726
42.8939
44.524
46.2702
48.1396
50.1395
52.2761
54.5557
56.9827
59.5617
62.2956
65.1848
68.2275
71.4179
74.752
78.2174
81.8056
85.4991
89.2823
93.1334
97.0328
100.955
104.876
108.77
112.619
116.384
120.056
123.599
127.012
130.254
133.317
136.253
138.892
141.478
143.855
146.004
147.883
149.623
151.302
153.064
154.284
155.938
156.807
156.998
158.922
159.386
158.329
157.079
156.079
154.924
153.562
152.418
150.983
149.348
147.575
145.807
143.966
142.075
140.092
138.077
136.094
134.08
132.013
129.919
127.802
125.698
123.619
121.549
119.508
117.491
115.492
113.51
111.551
109.623
107.732
105.879
104.062
102.283
100.541
98.8415
97.1835
95.5723
94.0134
92.5041
91.0455
89.6393
88.2841
86.9799
85.7254
84.5212
83.3661
82.2586
81.197
80.1822
79.2138
78.2901
77.4091
76.5695
75.7703
75.0104
74.2894
73.6074
72.9645
72.36
71.7945
71.267
70.7801
70.3319
69.9262
69.5631
69.247
68.9782
68.7685
68.6287
68.6019
68.6357
68.6755
68.8209
69.1392
69.4492
70.6076
12.7861
12.7628
12.7394
12.7161
12.6927
12.6693
12.6459
12.6225
12.5991
12.5756
12.5522
12.5287
12.5052
12.4817
12.4582
12.4347
12.4112
12.3876
12.3641
12.3405
12.3169
12.2934
12.2698
12.2462
12.2226
12.199
12.1754
12.1518
12.1282
12.1045
12.0809
12.0573
12.0337
12.0101
11.9865
11.9629
11.9393
11.9157
11.8921
11.8685
11.845
11.8214
11.7979
11.7743
11.7508
11.7273
11.7038
11.6803
11.6568
11.6334
11.6099
11.5865
11.5631
11.5397
11.5164
11.493
11.4697
11.4464
11.4232
11.3999
11.3767
11.3535
11.3303
11.3072
11.2841
11.261
11.238
11.215
11.192
11.1691
11.1462
11.1233
11.1004
11.0776
11.0548
11.0321
11.0094
10.9867
10.9641
10.9415
10.919
10.8965
10.874
10.8515
10.8291
10.8068
10.7845
10.7622
10.7399
10.7177
10.6956
10.6734
10.6513
10.6293
10.6073
10.5853
10.5633
10.5414
10.5196
10.4977
10.476
10.4542
10.4325
10.4108
10.3891
10.3675
10.3459
10.3243
10.3028
10.2813
10.2598
10.2383
10.2169
10.1955
10.1741
10.1527
10.1314
10.1101
10.0887
10.0674
10.0462
10.0249
10.0037
9.98243
9.96121
9.94
9.9188
9.89762
9.87644
9.85528
9.83412
9.81299
9.79186
9.77076
9.74967
9.72861
9.70758
9.68657
9.66562
9.64469
9.62385
9.60303
9.58235
9.5617
9.54125
9.52079
9.50065
9.48067
9.46058
9.44167
9.42136
9.40371
9.38405
9.36649
9.34854
9.33047
9.31123
9.28837
9.2794
9.28492
9.29367
9.30651
9.3249
9.35013
9.38328
9.42559
9.47823
9.54258
9.61992
9.71175
9.81934
9.94412
10.0871
10.2495
10.4318
10.6345
10.8573
11.0999
11.3612
11.6399
11.934
12.2416
12.5602
12.8874
13.221
13.5584
13.8981
14.2379
14.577
14.9141
15.249
15.581
15.9103
16.2371
16.5619
16.8855
17.2086
17.5321
17.857
18.1842
18.5148
18.8496
19.1898
19.5362
19.8898
20.2516
20.6223
21.0031
21.3947
21.7982
22.2145
22.6448
23.0901
23.5519
24.0312
24.53
25.0495
25.5923
26.1604
26.7562
27.3824
28.0419
28.7379
29.474
30.2541
31.0826
31.9643
32.9043
33.9084
34.9825
36.1334
37.368
38.694
40.1191
41.6523
43.3018
45.0776
46.9882
49.0444
51.2548
53.6299
56.1776
58.9074
61.8256
64.9398
68.2551
71.7733
75.4914
79.4077
83.5128
87.7983
92.2491
96.8465
101.574
106.398
111.302
116.244
121.201
126.129
131.01
135.793
140.457
144.974
149.317
153.453
157.365
161.026
164.485
167.568
170.515
173.204
175.402
178.039
179.912
181.369
182.448
183.431
184.671
186.889
187.359
187.579
186.399
184.933
183.717
182.608
181.114
179.281
177.336
175.28
173.13
170.972
168.744
166.431
164.034
161.587
159.102
156.583
154.034
151.463
148.901
146.352
143.804
141.264
138.732
136.221
133.741
131.291
128.876
126.5
124.162
121.861
119.602
117.388
115.223
113.11
111.047
109.036
107.076
105.17
103.319
101.523
99.7864
98.1085
96.4896
94.9306
93.4305
91.9891
90.6052
89.2784
88.0073
86.7908
85.6269
84.5152
83.4552
82.4456
81.4844
80.5702
79.7018
78.878
78.0981
77.3616
76.6684
76.0179
75.4104
74.8452
74.3242
73.846
73.4139
73.0272
72.6925
72.4055
72.1857
72.0175
71.9771
72.0023
72.0662
72.24
72.6412
73.0127
74.3312
12.7885
12.7652
12.742
12.7187
12.6954
12.6721
12.6488
12.6255
12.6022
12.5788
12.5555
12.5321
12.5087
12.4854
12.462
12.4386
12.4152
12.3918
12.3685
12.3451
12.3217
12.2983
12.2749
12.2515
12.2281
12.2047
12.1814
12.158
12.1347
12.1113
12.088
12.0646
12.0413
12.018
11.9947
11.9715
11.9482
11.925
11.9018
11.8786
11.8554
11.8323
11.8092
11.7861
11.763
11.7399
11.7169
11.6939
11.671
11.6481
11.6252
11.6023
11.5795
11.5567
11.5339
11.5112
11.4885
11.4659
11.4433
11.4207
11.3982
11.3757
11.3533
11.3309
11.3086
11.2863
11.264
11.2418
11.2196
11.1975
11.1754
11.1534
11.1314
11.1095
11.0876
11.0658
11.044
11.0223
11.0006
10.9789
10.9574
10.9358
10.9143
10.8929
10.8715
10.8501
10.8289
10.8076
10.7864
10.7652
10.7441
10.7231
10.7021
10.6811
10.6602
10.6393
10.6184
10.5976
10.5769
10.5562
10.5355
10.5149
10.4943
10.4737
10.4532
10.4327
10.4123
10.3919
10.3715
10.3512
10.3309
10.3106
10.2904
10.2701
10.25
10.2298
10.2097
10.1895
10.1694
10.1493
10.1293
10.1093
10.0893
10.0693
10.0493
10.0293
10.0095
9.98951
9.96967
9.94978
9.92998
9.91015
9.89041
9.87066
9.851
9.83134
9.8118
9.79227
9.7729
9.75354
9.73443
9.71525
9.69651
9.67762
9.65945
9.64068
9.62352
9.60535
9.58866
9.57247
9.55472
9.5421
9.52546
9.51474
9.49616
9.49088
9.49307
9.49865
9.50874
9.52432
9.5462
9.57498
9.61183
9.65766
9.71376
9.78125
9.86147
9.95571
10.0653
10.1914
10.3353
10.498
10.6801
10.8822
11.1042
11.3462
11.6067
11.8856
12.1801
12.4895
12.8105
13.1419
13.4802
13.8245
14.1716
14.5206
14.8696
15.2177
15.5642
15.9088
16.2512
16.5917
16.9308
17.2693
17.6081
17.948
18.2903
18.636
18.9864
19.3427
19.7061
20.0778
20.459
20.8509
21.255
21.6721
22.104
22.5516
23.0168
23.5009
24.0057
24.5331
25.085
25.6638
26.2719
26.912
27.5875
28.3014
29.0579
29.8607
30.7149
31.6254
32.5977
33.638
34.7532
35.9507
37.2385
38.6247
40.1187
41.7299
43.4688
45.3458
47.373
49.561
51.923
54.4695
57.2145
60.1672
63.3415
66.7455
70.3897
74.2765
78.413
82.7959
87.4259
92.2926
97.3888
102.694
108.194
113.858
119.664
125.572
131.552
137.566
143.558
149.514
155.359
161.089
166.617
171.973
177.043
181.879
186.425
190.652
194.566
198.079
201.329
204.278
206.544
209.226
210.884
212.813
216.009
215.71
215.357
214.866
214.326
213.749
213.133
212.083
210.924
209.287
207.288
205.058
202.783
200.347
197.744
195.027
192.228
189.357
186.466
183.548
180.599
177.615
174.608
171.587
168.556
165.523
162.493
159.484
156.505
153.556
150.642
147.762
144.921
142.125
139.376
136.676
134.027
131.43
128.888
126.4
123.971
121.603
119.297
117.052
114.87
112.749
110.692
108.698
106.768
104.903
103.104
101.37
99.7018
98.0984
96.5592
95.0832
93.6694
92.3166
91.0233
89.7878
88.6093
87.4864
86.4182
85.4027
84.4385
83.5242
82.6587
81.8409
81.0701
80.3461
79.6682
79.0367
78.4505
77.9117
77.4186
76.9755
76.5789
76.24
75.9476
75.733
75.5569
75.5039
75.5306
75.6356
75.8519
76.3446
76.7973
78.3108
12.7923
12.7693
12.7462
12.7231
12.7
12.6769
12.6538
12.6308
12.6077
12.5846
12.5615
12.5385
12.5154
12.4923
12.4693
12.4463
12.4232
12.4002
12.3773
12.3543
12.3313
12.3084
12.2855
12.2626
12.2397
12.2169
12.1941
12.1713
12.1485
12.1258
12.1031
12.0804
12.0578
12.0352
12.0126
11.9901
11.9677
11.9452
11.9228
11.9005
11.8782
11.8559
11.8337
11.8115
11.7894
11.7674
11.7453
11.7234
11.7015
11.6796
11.6578
11.6361
11.6144
11.5927
11.5711
11.5496
11.5282
11.5067
11.4854
11.4641
11.4429
11.4217
11.4006
11.3795
11.3585
11.3376
11.3167
11.2959
11.2752
11.2545
11.2338
11.2132
11.1927
11.1723
11.1519
11.1315
11.1112
11.091
11.0708
11.0507
11.0307
11.0107
10.9907
10.9708
10.951
10.9312
10.9115
10.8918
10.8722
10.8526
10.8331
10.8136
10.7942
10.7748
10.7554
10.7362
10.7169
10.6977
10.6785
10.6594
10.6403
10.6213
10.6023
10.5834
10.5644
10.5456
10.5267
10.5079
10.4891
10.4704
10.4516
10.433
10.4143
10.3957
10.3771
10.3586
10.34
10.3215
10.303
10.2846
10.2661
10.2478
10.2294
10.211
10.1927
10.1745
10.1562
10.138
10.1198
10.1018
10.0836
10.0657
10.0477
10.0299
10.0121
9.99447
9.97685
9.95953
9.94221
9.92532
9.90843
9.89182
9.87582
9.85976
9.8449
9.82822
9.81562
9.80071
9.78958
9.77711
9.75901
9.75874
9.75951
9.76357
9.76994
9.78068
9.79653
9.81822
9.84631
9.88178
9.92542
9.97836
10.0415
10.1162
10.2034
10.3046
10.4207
10.5531
10.7026
10.8705
11.057
11.2632
11.4884
11.7334
11.9964
12.2777
12.5745
12.8865
13.2105
13.5456
13.8884
14.2382
14.5918
14.9486
15.3064
15.6649
16.0227
16.38
16.7364
17.0921
17.4477
17.8042
18.1624
18.5236
18.8891
19.2602
19.6382
20.0248
20.4212
20.8291
21.2499
21.6853
22.1368
22.6063
23.0954
23.6062
24.1405
24.7008
25.2893
25.9088
26.562
27.2524
27.9832
28.7585
29.5825
30.4601
31.3962
32.3972
33.4687
34.6185
35.8536
37.1825
38.6144
40.1588
41.8266
43.6286
45.5772
47.6847
49.9648
52.4307
55.0971
57.9775
61.0869
64.438
68.0452
71.9178
76.0695
80.5035
85.2307
90.246
95.5555
101.143
107.01
113.126
119.483
126.041
132.782
139.655
146.634
153.66
160.703
167.694
174.612
181.381
187.956
194.326
200.399
206.202
211.59
216.74
221.339
225.737
229.644
233.126
236.166
238.665
241.212
242.957
244.005
246.743
246.146
247.458
247.652
245.896
243.924
242.047
240.08
238.011
235.795
233.413
230.88
228.142
225.222
222.14
218.969
215.731
212.412
209.027
205.593
202.126
198.647
195.169
191.694
188.223
184.762
181.315
177.887
174.483
171.108
167.772
164.483
161.244
158.058
154.925
151.848
148.831
145.874
142.98
140.148
137.38
134.677
132.039
129.469
126.968
124.537
122.176
119.884
117.661
115.508
113.424
111.409
109.464
107.59
105.785
104.049
102.383
100.784
99.252
97.7859
96.3841
95.0454
93.7679
92.5507
91.3923
90.2915
89.2464
88.2558
87.318
86.4319
85.5964
84.8105
84.0743
83.3865
82.7478
82.1565
81.6157
81.1221
80.6824
80.2888
79.9594
79.673
79.4766
79.3012
79.253
79.2954
79.4594
79.7294
80.3267
80.8766
82.627
12.8004
12.7778
12.7552
12.7326
12.7101
12.6875
12.665
12.6425
12.6201
12.5977
12.5753
12.5529
12.5306
12.5084
12.4861
12.464
12.4418
12.4197
12.3977
12.3757
12.3537
12.3319
12.31
12.2882
12.2665
12.2449
12.2232
12.2017
12.1802
12.1588
12.1375
12.1162
12.095
12.0738
12.0527
12.0317
12.0108
11.9899
11.9692
11.9484
11.9278
11.9072
11.8867
11.8663
11.846
11.8257
11.8055
11.7854
11.7653
11.7453
11.7254
11.7056
11.6859
11.6662
11.6466
11.6271
11.6076
11.5883
11.569
11.5497
11.5306
11.5115
11.4925
11.4735
11.4546
11.4358
11.4171
11.3984
11.3797
11.3612
11.3427
11.3243
11.3059
11.2876
11.2694
11.2512
11.233
11.215
11.1969
11.179
11.161
11.1432
11.1254
11.1076
11.0899
11.0722
11.0546
11.037
11.0195
11.002
10.9846
10.9672
10.9498
10.9325
10.9152
10.898
10.8808
10.8636
10.8465
10.8294
10.8123
10.7953
10.7783
10.7614
10.7444
10.7275
10.7107
10.6938
10.677
10.6603
10.6435
10.6268
10.6102
10.5935
10.5769
10.5603
10.5438
10.5273
10.5108
10.4943
10.4779
10.4616
10.4453
10.429
10.4128
10.3966
10.3805
10.3645
10.3485
10.3327
10.3168
10.3013
10.2856
10.2704
10.2551
10.2402
10.2253
10.2109
10.1967
10.1834
10.1695
10.1566
10.1447
10.1333
10.1241
10.1055
10.0977
10.0921
10.0966
10.1022
10.1086
10.1187
10.133
10.152
10.1764
10.2068
10.244
10.2889
10.3423
10.4053
10.4789
10.5641
10.6619
10.7736
10.9002
11.0427
11.2021
11.3792
11.5745
11.7886
12.0213
12.2727
12.5418
12.8285
13.1305
13.4473
13.7763
14.1164
14.4651
14.8213
15.1824
15.5481
15.9164
16.2867
16.6582
17.0308
17.4046
17.7797
18.1571
18.5377
18.9228
19.3139
19.7123
20.1197
20.5377
20.9682
21.4128
21.8735
22.3522
22.8511
23.3721
23.9178
24.4905
25.0927
25.7274
26.3976
27.1066
27.858
28.6559
29.5048
30.4093
31.3749
32.4074
33.5135
34.6998
35.9746
37.3461
38.8236
40.4173
42.1378
43.9972
46.0077
48.1828
50.5364
53.0835
55.839
58.8189
62.0386
65.5141
69.2602
73.292
77.6218
82.2619
87.2202
92.5046
98.1152
104.055
110.312
116.884
123.743
130.882
138.255
145.852
153.606
161.506
169.469
177.483
185.45
193.363
201.126
208.721
216.055
223.15
229.854
236.215
242.191
247.723
252.797
257.297
261.617
265.014
268.643
271.212
273.337
274.731
276.305
278.066
277.509
276.496
275.855
274.516
272.921
271.166
268.828
266.146
263.227
260.112
256.874
253.477
249.987
246.401
242.715
238.948
235.105
231.217
227.306
223.373
219.427
215.476
211.531
207.606
203.71
199.848
196.02
192.229
188.48
184.775
181.118
177.513
173.966
170.481
167.062
163.71
160.425
157.208
154.063
150.989
147.986
145.056
142.197
139.411
136.697
134.056
131.489
128.997
126.58
124.236
121.965
119.768
117.643
115.59
113.61
111.702
109.866
108.102
106.409
104.786
103.231
101.745
100.324
98.9685
97.6762
96.4464
95.2772
94.1678
93.1157
92.1203
91.1797
90.2924
89.4578
88.6747
87.9434
87.262
86.632
86.0502
85.5223
85.0415
84.6191
84.2395
83.933
83.6615
83.4942
83.3187
83.3073
83.3826
83.6257
83.9576
84.6732
85.3377
87.3684
12.8203
12.7988
12.7774
12.7561
12.7348
12.7136
12.6925
12.6714
12.6505
12.6296
12.6088
12.5881
12.5674
12.5469
12.5265
12.5061
12.4858
12.4657
12.4456
12.4256
12.4057
12.386
12.3663
12.3467
12.3272
12.3078
12.2885
12.2694
12.2503
12.2313
12.2124
12.1937
12.175
12.1564
12.138
12.1196
12.1013
12.0832
12.0651
12.0471
12.0292
12.0114
11.9937
11.9762
11.9586
11.9412
11.9239
11.9067
11.8895
11.8725
11.8555
11.8386
11.8218
11.805
11.7884
11.7718
11.7553
11.7388
11.7225
11.7062
11.6899
11.6738
11.6577
11.6416
11.6256
11.6097
11.5939
11.578
11.5623
11.5466
11.5309
11.5153
11.4998
11.4842
11.4688
11.4533
11.438
11.4226
11.4073
11.392
11.3768
11.3616
11.3464
11.3313
11.3162
11.3011
11.2861
11.271
11.256
11.2411
11.2261
11.2112
11.1963
11.1815
11.1667
11.1518
11.1371
11.1223
11.1076
11.0928
11.0782
11.0635
11.0489
11.0343
11.0197
11.0051
10.9907
10.9761
10.9617
10.9473
10.9329
10.9185
10.9042
10.8899
10.8758
10.8615
10.8474
10.8333
10.8193
10.8053
10.7915
10.7776
10.7639
10.7502
10.7367
10.7232
10.7099
10.6967
10.6836
10.6707
10.6579
10.6456
10.6333
10.6218
10.6097
10.5987
10.5875
10.5776
10.5683
10.5615
10.5499
10.5449
10.5345
10.5365
10.5397
10.5434
10.5503
10.5604
10.5749
10.5937
10.6172
10.646
10.6809
10.7224
10.7714
10.8285
10.8948
10.971
11.0582
11.1572
11.2691
11.395
11.5356
11.6921
11.8651
12.0553
12.2634
12.4893
12.7335
12.9954
13.2745
13.5703
13.881
14.2064
14.5438
14.8928
15.2508
15.6171
15.99
16.3684
16.7516
17.1389
17.5302
17.9251
18.3241
18.7277
19.137
19.5535
19.9787
20.4141
20.8618
21.3235
21.8014
22.2977
22.8146
23.3546
23.9201
24.514
25.139
25.7983
26.4949
27.2328
28.0153
28.8471
29.7322
30.676
31.6834
32.7611
33.9147
35.1522
36.4805
37.9091
39.4462
41.1029
42.8891
44.8176
46.8998
49.1507
51.5828
54.2129
57.0554
60.127
63.4441
67.0232
70.8812
75.0332
79.4951
84.2797
89.3996
94.8634
100.678
106.847
113.369
120.237
127.443
134.967
142.794
150.887
159.228
167.756
176.455
185.244
194.112
202.947
211.761
220.419
228.946
237.178
245.192
252.813
260.079
266.884
273.327
279.079
284.484
289.341
293.645
297.228
300.333
303.36
305.223
308.187
308.133
308.133
307.596
306.605
305.613
303.945
301.71
299.237
296.453
293.33
290.037
286.469
282.705
278.757
274.658
270.462
266.176
261.837
257.461
253.049
248.615
244.167
239.725
235.303
230.909
226.546
222.219
217.936
213.703
209.529
205.416
201.364
197.372
193.443
189.579
185.783
182.057
178.405
174.829
171.33
167.908
164.563
161.296
158.106
154.995
151.963
149.008
146.13
143.329
140.603
137.954
135.381
132.884
130.464
128.119
125.848
123.652
121.53
119.48
117.504
115.601
113.77
112.012
110.324
108.707
107.16
105.68
104.268
102.921
101.638
100.419
99.2611
98.1644
97.1257
96.1451
95.2202
94.3496
93.533
92.7687
92.0583
91.3982
90.7915
90.2327
89.7316
89.2757
88.8836
88.5274
88.2572
88.0048
87.876
87.7287
87.7671
87.8987
88.235
88.6353
89.4837
90.2832
92.6316
12.8701
12.8511
12.8323
12.8136
12.7951
12.7766
12.7584
12.7402
12.7223
12.7044
12.6867
12.6692
12.6518
12.6345
12.6174
12.6005
12.5837
12.567
12.5505
12.5341
12.5178
12.5017
12.4857
12.4699
12.4542
12.4386
12.4232
12.4079
12.3927
12.3776
12.3627
12.3479
12.3332
12.3186
12.3041
12.2898
12.2755
12.2614
12.2473
12.2334
12.2195
12.2058
12.1921
12.1785
12.165
12.1516
12.1383
12.125
12.1119
12.0987
12.0857
12.0727
12.0598
12.0469
12.0341
12.0213
12.0086
11.9959
11.9833
11.9707
11.9582
11.9457
11.9332
11.9208
11.9084
11.896
11.8836
11.8713
11.859
11.8467
11.8344
11.8222
11.8099
11.7977
11.7855
11.7733
11.7611
11.7489
11.7367
11.7245
11.7124
11.7002
11.6881
11.6759
11.6638
11.6517
11.6395
11.6274
11.6153
11.6032
11.5911
11.579
11.5669
11.5549
11.5428
11.5308
11.5188
11.5068
11.4948
11.4828
11.4709
11.459
11.4471
11.4353
11.4234
11.4117
11.3999
11.3883
11.3766
11.3651
11.3535
11.3421
11.3307
11.3194
11.3081
11.297
11.2859
11.275
11.2641
11.2534
11.2428
11.2324
11.2221
11.2119
11.2021
11.1924
11.1829
11.1738
11.1647
11.156
11.1476
11.1403
11.1331
11.1275
11.1197
11.1145
11.1072
11.1068
11.1077
11.1107
11.1145
11.1209
11.1298
11.1424
11.1588
11.1792
11.2041
11.2341
11.2697
11.3115
11.3601
11.4161
11.4804
11.5535
11.6364
11.7298
11.8347
11.9518
12.0822
12.2265
12.3858
12.5608
12.7519
12.9602
13.1856
13.4285
13.689
13.9664
14.2609
14.5711
14.8966
15.2362
15.5883
15.9527
16.327
16.7112
17.1036
17.5045
17.9125
18.3279
18.751
19.1815
19.6206
20.0694
20.5294
21.0023
21.4902
21.9951
22.5194
23.0656
23.6363
24.2343
24.8627
25.5245
26.2231
26.9622
27.7454
28.5769
29.461
30.4026
31.4066
32.4788
33.625
34.852
36.1667
37.577
39.0912
40.7184
42.4687
44.3528
46.3817
48.5686
50.9256
53.4678
56.2087
59.1649
62.351
65.7847
69.4815
73.4586
77.7318
82.3172
87.2288
92.4799
98.082
104.043
110.37
117.065
124.127
131.549
139.321
147.428
155.849
164.555
173.519
182.698
192.054
201.532
211.1
220.668
230.223
239.656
248.965
258.002
266.832
275.259
283.378
290.93
298.185
304.753
310.864
316.395
321.482
325.477
329.524
332.741
335.137
336.774
338.065
339.929
339.076
338.383
337.013
335.232
332.972
330.233
327.232
323.909
320.251
316.345
312.227
307.867
303.363
298.725
293.996
289.185
284.295
279.367
274.404
269.44
264.487
259.551
254.645
249.775
244.954
240.193
235.499
230.874
226.319
221.838
217.434
213.114
208.877
204.722
200.647
196.652
192.738
188.907
185.158
181.495
177.917
174.424
171.015
167.689
164.446
161.286
158.207
155.211
152.294
149.457
146.698
144.016
141.41
138.881
136.427
134.049
131.745
129.516
127.361
125.277
123.267
121.328
119.462
117.667
115.943
114.29
112.706
111.191
109.744
108.362
107.047
105.795
104.607
103.48
102.415
101.408
100.46
99.5677
98.7294
97.9462
97.2157
96.5412
95.9159
95.346
94.8226
94.3617
93.9413
93.5921
93.2664
93.0447
92.8082
92.737
92.6487
92.7559
92.9574
93.4017
93.8786
94.8778
95.8348
98.5195
12.9855
12.9712
12.9571
12.9433
12.9297
12.9163
12.903
12.89
12.8772
12.8646
12.8521
12.8399
12.8278
12.816
12.8043
12.7928
12.7814
12.7702
12.7592
12.7483
12.7376
12.7271
12.7167
12.7064
12.6962
12.6862
12.6763
12.6666
12.6569
12.6474
12.6379
12.6286
12.6193
12.6102
12.6011
12.5921
12.5832
12.5744
12.5656
12.5569
12.5483
12.5397
12.5311
12.5226
12.5142
12.5057
12.4973
12.489
12.4806
12.4723
12.464
12.4557
12.4474
12.4391
12.4308
12.4226
12.4143
12.406
12.3977
12.3894
12.3811
12.3728
12.3644
12.356
12.3477
12.3393
12.3308
12.3224
12.3139
12.3054
12.2969
12.2883
12.2797
12.2711
12.2625
12.2538
12.2451
12.2364
12.2277
12.219
12.2102
12.2014
12.1926
12.1838
12.1749
12.1661
12.1572
12.1484
12.1395
12.1306
12.1218
12.1129
12.1041
12.0953
12.0865
12.0777
12.0689
12.0602
12.0516
12.0429
12.0344
12.0259
12.0174
12.0091
12.0007
11.9925
11.9844
11.9764
11.9685
11.9607
11.953
11.9455
11.9381
11.9309
11.9239
11.917
11.9103
11.9039
11.8976
11.8916
11.8859
11.8805
11.8755
11.8706
11.8665
11.8626
11.8591
11.8566
11.8534
11.8498
11.8496
11.851
11.8534
11.8571
11.8616
11.8682
11.8764
11.8876
11.9018
11.9193
11.9403
11.9653
11.9947
12.029
12.0689
12.1149
12.1674
12.2272
12.2948
12.3709
12.4562
12.5513
12.6571
12.7742
12.9035
13.0455
13.2013
13.3711
13.5564
13.757
13.9741
14.2078
14.4583
14.7264
15.0111
15.3133
15.6317
15.9662
16.3163
16.6807
17.0594
17.4507
17.8549
18.2716
18.6999
19.14
19.5919
20.0561
20.5338
21.0253
21.5323
22.0564
22.6
23.1655
23.7553
24.3725
25.02
25.7012
26.4196
27.1787
27.9827
28.8356
29.7419
30.7064
31.7339
32.8302
34.0005
35.2517
36.5898
38.0227
39.5574
41.2029
42.9675
44.8615
46.8943
49.078
51.4231
53.9433
56.6504
59.5595
62.6838
66.0396
69.6405
73.5039
77.6433
82.0763
86.8153
91.8773
97.2722
103.015
109.112
115.572
122.4
129.596
137.159
145.082
153.354
161.96
170.88
180.088
189.555
199.245
209.119
219.13
229.233
239.37
249.491
259.527
269.451
279.138
288.612
297.733
306.525
314.807
322.737
330.037
336.877
342.912
348.721
353.447
357.813
361.678
364.793
366.517
369.474
370.469
370.223
369.138
367.925
366.564
364.352
361.705
358.588
355.119
351.225
346.959
342.427
337.672
332.724
327.61
322.385
317.038
311.623
306.153
300.664
295.174
289.682
284.217
278.783
273.397
268.07
262.81
257.624
252.517
247.494
242.561
237.725
232.986
228.344
223.798
219.35
215.002
210.755
206.605
202.55
198.588
194.717
190.938
187.25
183.655
180.15
176.734
173.406
170.165
167.009
163.936
160.947
158.04
155.214
152.467
149.796
147.202
144.682
142.237
139.865
137.567
135.341
133.187
131.105
129.092
127.15
125.277
123.475
121.743
120.079
118.484
116.957
115.497
114.103
112.773
111.509
110.307
109.168
108.09
107.075
106.115
105.215
104.371
103.579
102.844
102.161
101.537
100.958
100.438
99.9617
99.5534
99.1784
98.8845
98.5935
98.4274
98.1971
98.227
98.2288
98.4303
98.7025
99.2662
99.831
101.003
102.135
105.282
13.2264
13.2197
13.2133
13.2071
13.2012
13.1955
13.19
13.1847
13.1797
13.1748
13.1701
13.1656
13.1612
13.1571
13.153
13.1492
13.1454
13.1418
13.1383
13.135
13.1317
13.1285
13.1255
13.1225
13.1196
13.1167
13.1139
13.1112
13.1086
13.1059
13.1033
13.1008
13.0982
13.0957
13.0931
13.0906
13.0881
13.0856
13.083
13.0804
13.0778
13.0752
13.0726
13.0699
13.0672
13.0644
13.0616
13.0587
13.0557
13.0527
13.0497
13.0466
13.0434
13.0401
13.0368
13.0334
13.0299
13.0264
13.0228
13.0191
13.0153
13.0115
13.0075
13.0036
12.9995
12.9953
12.9911
12.9869
12.9825
12.9781
12.9736
12.9691
12.9645
12.9598
12.9552
12.9504
12.9456
12.9408
12.9359
12.9311
12.9262
12.9212
12.9163
12.9113
12.9064
12.9015
12.8965
12.8916
12.8868
12.8819
12.8771
12.8724
12.8677
12.8631
12.8586
12.8541
12.8498
12.8456
12.8415
12.8375
12.8337
12.83
12.8265
12.8232
12.8201
12.8171
12.8145
12.812
12.8098
12.8078
12.8062
12.8048
12.8038
12.803
12.8028
12.8028
12.8032
12.8041
12.8054
12.8073
12.8097
12.8127
12.8165
12.8209
12.8263
12.8325
12.8397
12.8481
12.8576
12.8684
12.8812
12.8961
12.9133
12.9332
12.9558
12.9817
13.0113
13.045
13.0835
13.1271
13.1764
13.232
13.2944
13.3642
13.4422
13.5288
13.6248
13.7308
13.8475
13.9755
14.1155
14.268
14.4338
14.6135
14.8077
15.0168
15.2418
15.4824
15.7399
16.0137
16.305
16.6133
16.9391
17.2823
17.6425
18.0201
18.4141
18.8249
19.2519
19.696
20.1562
20.6331
21.1275
21.6399
22.1724
22.7247
23.2995
23.8977
24.5222
25.1758
25.8615
26.5826
27.3429
28.146
28.9962
29.8977
30.8554
31.8738
32.9585
34.1147
35.3483
36.6654
38.0724
39.5765
41.1846
42.9048
44.7449
46.7142
48.8211
51.0764
53.4892
56.0715
58.8335
61.7883
64.9471
68.3237
71.9301
75.7809
79.8884
84.2676
88.9299
93.8907
99.16
104.752
110.674
116.937
123.547
130.511
137.829
145.502
153.525
161.895
170.596
179.616
188.936
198.532
208.376
218.437
228.677
239.056
249.529
260.047
270.56
281.009
291.349
301.503
311.429
321.057
330.37
339.203
347.668
355.564
362.955
369.642
375.943
381.388
386.245
390.152
394.082
396.418
398.703
401.113
401.461
400.479
399.634
398.212
396.089
393.342
390.121
386.549
382.537
378.14
373.404
368.385
363.082
357.52
351.767
345.855
339.848
333.774
327.683
321.576
315.485
309.424
303.416
297.483
291.616
285.833
280.132
274.521
269.008
263.6
258.302
253.114
248.039
243.078
238.235
233.509
228.897
224.399
220.013
215.739
211.577
207.524
203.574
199.725
195.975
192.321
188.762
185.298
181.927
178.647
175.455
172.351
169.33
166.394
163.539
160.765
158.069
155.451
152.907
150.437
148.037
145.71
143.451
141.263
139.144
137.093
135.111
133.194
131.346
129.564
127.85
126.202
124.621
123.105
121.655
120.269
118.947
117.688
116.492
115.358
114.286
113.274
112.323
111.425
110.591
109.807
109.074
108.402
107.78
107.221
106.7
106.243
105.824
105.48
105.16
104.934
104.676
104.558
104.43
104.539
104.672
104.982
105.318
106.011
106.675
108.043
109.372
113.108
13.6821
13.6862
13.6905
13.695
13.6997
13.7045
13.7095
13.7146
13.7198
13.7251
13.7305
13.736
13.7416
13.7472
13.7529
13.7586
13.7644
13.7701
13.7759
13.7817
13.7874
13.7932
13.7989
13.8045
13.8101
13.8157
13.8212
13.8266
13.8319
13.8371
13.8423
13.8473
13.8523
13.8571
13.8619
13.8665
13.8709
13.8753
13.8795
13.8836
13.8875
13.8913
13.895
13.8985
13.9019
13.9051
13.9082
13.9111
13.9139
13.9165
13.919
13.9213
13.9235
13.9255
13.9274
13.9292
13.9308
13.9323
13.9337
13.9349
13.936
13.937
13.9379
13.9387
13.9394
13.94
13.9405
13.9409
13.9412
13.9415
13.9417
13.9419
13.9421
13.9422
13.9423
13.9423
13.9424
13.9425
13.9426
13.9428
13.9429
13.9432
13.9435
13.9439
13.9443
13.9449
13.9456
13.9465
13.9474
13.9486
13.9499
13.9515
13.9532
13.9552
13.9574
13.9599
13.9627
13.9658
13.9692
13.9729
13.977
13.9815
13.9864
13.9917
13.9975
14.0037
14.0105
14.0177
14.0255
14.0339
14.0429
14.0526
14.0629
14.0739
14.0857
14.0983
14.1117
14.126
14.1413
14.1576
14.175
14.1937
14.2137
14.2351
14.2582
14.2832
14.3101
14.3393
14.3711
14.4056
14.4434
14.4848
14.5304
14.5805
14.6358
14.6967
14.7639
14.838
14.9198
15.0098
15.1089
15.2176
15.3367
15.467
15.6091
15.7636
15.9314
16.1128
16.3087
16.5195
16.7458
16.988
17.2467
17.5222
17.815
18.1251
18.4528
18.7984
19.1622
19.5445
19.9457
20.3657
20.8062
21.2659
21.7464
22.2471
22.7695
23.3144
23.883
24.4774
25.0988
25.7492
26.4304
27.1444
27.8945
28.6842
29.517
30.3969
31.3283
32.3156
33.364
34.4784
35.6645
36.9277
38.2742
39.7102
41.2423
42.8772
44.6221
46.4843
48.4717
50.5923
52.8544
55.2668
57.8382
60.5785
63.4964
66.603
69.9069
73.4203
77.1519
81.1142
85.316
89.7701
94.4849
99.4731
104.742
110.304
116.165
122.336
128.821
135.628
142.759
150.219
158.005
166.118
174.55
183.298
192.346
201.685
211.294
221.156
231.241
241.525
251.973
262.55
273.216
283.928
294.637
305.297
315.856
326.258
336.448
346.371
355.983
365.196
373.991
382.308
390.141
397.256
403.963
409.902
415.198
419.657
423.902
426.945
429.289
430.661
432.709
432.342
431.594
430.46
428.541
425.794
422.625
418.995
414.838
410.26
405.243
399.898
394.254
388.343
382.183
375.852
369.359
362.734
356.026
349.264
342.523
335.808
329.152
322.559
316.05
309.635
303.329
297.144
291.079
285.143
279.334
273.654
268.104
262.691
257.415
252.277
247.272
242.401
237.661
233.051
228.569
224.21
219.972
215.855
211.856
207.971
204.195
200.525
196.955
193.484
190.108
186.827
183.638
180.538
177.526
174.599
171.754
168.99
166.305
163.699
161.166
158.709
156.321
154.003
151.752
149.569
147.45
145.398
143.41
141.486
139.626
137.828
136.095
134.424
132.82
131.278
129.799
128.382
127.027
125.735
124.502
123.33
122.22
121.17
120.183
119.252
118.382
117.561
116.807
116.096
115.435
114.84
114.294
113.817
113.361
112.98
112.629
112.36
112.107
111.965
111.72
111.718
111.735
111.936
112.181
112.615
113.032
113.872
114.646
116.235
117.783
122.27
14.4769
14.4948
14.5126
14.5305
14.5484
14.5662
14.584
14.6017
14.6193
14.6369
14.6543
14.6716
14.6888
14.7059
14.7228
14.7395
14.7561
14.7725
14.7887
14.8047
14.8205
14.836
14.8514
14.8665
14.8813
14.896
14.9103
14.9245
14.9384
14.952
14.9653
14.9784
14.9913
15.0038
15.0161
15.0282
15.04
15.0515
15.0627
15.0737
15.0844
15.0949
15.1052
15.1152
15.1249
15.1344
15.1437
15.1528
15.1616
15.1703
15.1787
15.187
15.1951
15.203
15.2107
15.2183
15.2257
15.233
15.2402
15.2473
15.2543
15.2613
15.2681
15.2749
15.2817
15.2884
15.2952
15.3019
15.3087
15.3155
15.3224
15.3294
15.3364
15.3436
15.3509
15.3584
15.366
15.3738
15.3819
15.3902
15.3988
15.4076
15.4167
15.4262
15.4361
15.4463
15.4569
15.4679
15.4795
15.4915
15.504
15.517
15.5307
15.5449
15.5598
15.5753
15.5915
15.6085
15.6262
15.6447
15.6641
15.6844
15.7055
15.7276
15.7507
15.7748
15.8
15.8263
15.8538
15.8825
15.9125
15.9439
15.9766
16.0108
16.0466
16.0839
16.1231
16.164
16.2069
16.2519
16.2991
16.3489
16.4013
16.4567
16.5153
16.5776
16.6438
16.7144
16.79
16.871
16.958
17.0518
17.153
17.2625
17.3811
17.5096
17.649
17.8
17.9639
18.1413
18.3332
18.5406
18.7641
19.0048
19.2631
19.5401
19.8361
20.1518
20.4878
20.8443
21.2217
21.6204
22.0406
22.4826
22.9466
23.4319
23.9381
24.467
25.0184
25.5946
26.1953
26.8227
27.4782
28.1634
28.8796
29.6289
30.4143
31.2386
32.1047
33.0157
33.9756
34.9887
36.0595
37.1926
38.3935
39.6673
41.0201
42.4577
43.9866
45.613
47.3441
49.1861
51.147
53.2329
55.4524
57.8119
60.32
62.9835
65.8112
68.8101
71.9889
75.3552
78.9172
82.6828
86.6597
90.8564
95.2795
99.938
104.838
109.987
115.391
121.059
126.993
133.202
139.688
146.457
153.509
160.85
168.478
176.396
184.598
193.085
201.847
210.881
220.173
229.714
239.486
249.473
259.652
269.999
280.487
291.086
301.758
312.468
323.174
333.836
344.405
354.832
365.065
375.06
384.766
394.115
403.063
411.575
419.602
427.036
433.928
440.223
445.889
450.601
455.102
458.568
461.251
463.033
465.254
465.266
464.751
463.484
462.001
459.504
456.398
452.74
448.522
443.75
438.563
433.001
427.041
420.777
414.177
407.326
400.298
393.139
385.871
378.588
371.269
363.923
356.582
349.271
342.039
334.896
327.875
320.988
314.248
307.661
301.233
294.969
288.869
282.936
277.167
271.555
266.099
260.801
255.661
250.677
245.843
241.154
236.606
232.196
227.92
223.774
219.753
215.857
212.082
208.422
204.873
201.431
198.089
194.845
191.694
188.636
185.666
182.783
179.986
177.268
174.628
172.067
169.581
167.17
164.828
162.557
160.35
158.21
156.13
154.114
152.157
150.264
148.429
146.652
144.937
143.277
141.678
140.141
138.666
137.249
135.892
134.592
133.352
132.172
131.045
129.977
128.971
128.024
127.138
126.307
125.535
124.806
124.149
123.521
122.945
122.447
121.992
121.613
121.225
120.939
120.667
120.486
120.314
120.275
120.156
120.309
120.459
120.755
121.079
121.64
122.155
123.159
124.056
125.893
127.684
133.16
15.7859
15.8199
15.8535
15.8869
15.9199
15.9526
15.9848
16.0168
16.0483
16.0794
16.1102
16.1405
16.1703
16.1998
16.2288
16.2574
16.2855
16.3131
16.3403
16.3671
16.3934
16.4192
16.4446
16.4695
16.4939
16.5179
16.5415
16.5646
16.5873
16.6096
16.6314
16.6528
16.6739
16.6945
16.7147
16.7346
16.7541
16.7733
16.7921
16.8106
16.8288
16.8467
16.8643
16.8817
16.8989
16.9158
16.9325
16.949
16.9654
16.9816
16.9977
17.0137
17.0296
17.0454
17.0613
17.0771
17.0929
17.1088
17.1248
17.1408
17.157
17.1733
17.1898
17.2066
17.2235
17.2408
17.2583
17.2761
17.2944
17.313
17.3321
17.3516
17.3716
17.3922
17.4134
17.4351
17.4575
17.4806
17.5045
17.5291
17.5545
17.5807
17.6079
17.636
17.665
17.6951
17.7263
17.7586
17.792
17.8267
17.8627
17.8999
17.9386
17.9787
18.0203
18.0634
18.1082
18.1546
18.2027
18.2527
18.3045
18.3582
18.414
18.4718
18.5319
18.5941
18.6587
18.7257
18.7952
18.8673
18.9421
19.0197
19.1004
19.1841
19.271
19.3614
19.4554
19.5533
19.6552
19.7617
19.8728
19.9892
20.1111
20.2392
20.3741
20.5163
20.6666
20.8257
20.9947
21.1746
21.3663
21.571
21.7901
22.0247
22.2763
22.5461
22.8356
23.146
23.4788
23.8354
24.2167
24.6242
25.0587
25.5213
26.0127
26.5338
27.085
27.6667
28.2795
28.9233
29.5985
30.3054
31.0439
31.8145
32.6178
33.4526
34.3191
35.2199
36.1567
37.1314
38.1468
39.2051
40.3091
41.4627
42.6703
43.9359
45.2639
46.6592
48.1271
49.6734
51.3039
53.0252
54.8436
56.7661
58.7993
60.9505
63.2266
65.6348
68.1825
70.8762
73.7238
76.7314
79.9065
83.2552
86.7846
90.5004
94.4091
98.5163
102.828
107.348
112.084
117.039
122.217
127.623
133.259
139.131
145.239
151.587
158.175
165.008
172.083
179.403
186.966
194.772
202.817
211.103
219.621
228.372
237.345
246.539
255.94
265.541
275.326
285.282
295.389
305.629
315.977
326.409
336.894
347.405
357.903
368.353
378.713
388.941
398.994
408.831
418.396
427.638
436.515
444.99
453.009
460.489
467.436
473.829
479.591
484.582
489.028
492.837
495.818
497.63
499.966
500.496
500.071
499.004
497.631
495.26
492.23
488.477
484.275
479.415
474.081
468.254
461.98
455.323
448.365
441.131
433.608
425.899
418.014
410.048
402.05
394.031
386.012
378.044
370.122
362.266
354.503
346.852
339.342
331.987
324.81
317.82
311.027
304.433
298.038
291.841
285.843
280.039
274.425
268.991
263.73
258.642
253.726
248.977
244.389
239.954
235.664
231.516
227.505
223.626
219.874
216.247
212.742
209.351
206.069
202.893
199.816
196.833
193.94
191.135
188.416
185.778
183.223
180.74
178.331
175.998
173.737
171.545
169.418
167.355
165.352
163.411
161.525
159.699
157.925
156.212
154.551
152.942
151.391
149.888
148.446
147.063
145.74
144.469
143.255
142.093
140.987
139.939
138.935
137.992
137.111
136.288
135.526
134.815
134.156
133.538
132.996
132.462
131.985
131.606
131.262
131.001
130.675
130.521
130.337
130.274
130.186
130.325
130.421
130.675
130.943
131.36
131.784
132.484
133.11
134.297
135.331
137.443
139.512
146.036
17.8711
17.9228
17.9738
18.024
18.0734
18.1219
18.1697
18.2167
18.2629
18.3083
18.3529
18.3967
18.4398
18.482
18.5235
18.5642
18.6042
18.6435
18.682
18.7198
18.757
18.7935
18.8293
18.8645
18.8991
18.9331
18.9666
18.9995
19.0319
19.0638
19.0952
19.1263
19.1569
19.1872
19.2171
19.2468
19.2761
19.3053
19.3342
19.363
19.3917
19.4202
19.4487
19.4772
19.5058
19.5343
19.563
19.5919
19.621
19.6503
19.6799
19.7098
19.7401
19.7709
19.8021
19.8339
19.8663
19.8993
19.933
19.9674
20.0026
20.0387
20.0757
20.1136
20.1526
20.1926
20.2337
20.2761
20.3197
20.3647
20.4111
20.4589
20.5083
20.5592
20.6119
20.6662
20.7224
20.7805
20.8405
20.9026
20.9668
21.0332
21.1019
21.173
21.2465
21.3226
21.4014
21.4828
21.5672
21.6544
21.7447
21.8381
21.9347
22.0347
22.1382
22.2452
22.356
22.4706
22.5892
22.7118
22.8387
22.97
23.1059
23.2466
23.3921
23.5426
23.6983
23.8595
24.0263
24.199
24.3777
24.5627
24.7544
24.9531
25.159
25.3727
25.5944
25.8249
26.0645
26.3142
26.5743
26.8461
27.1302
27.4279
27.7404
28.0689
28.415
28.7803
29.1666
29.5757
30.0097
30.4706
30.9606
31.482
32.0371
32.6281
33.257
33.9264
34.6379
35.3937
36.1951
37.0439
37.9412
38.8879
39.8848
40.9322
42.0302
43.1791
44.378
45.6272
46.9259
48.2739
49.6711
51.1173
52.6127
54.1594
55.7593
57.412
59.1196
60.8841
62.7093
64.5984
66.5561
68.5868
70.6964
72.8903
75.175
77.5565
80.0422
82.6387
85.3534
88.1934
91.1661
94.2784
97.5377
100.95
104.523
108.262
112.174
116.263
120.535
124.994
129.645
134.491
139.536
144.782
150.233
155.889
161.753
167.825
174.107
180.598
187.299
194.209
201.325
208.648
216.174
223.903
231.829
239.951
248.263
256.763
265.443
274.3
283.325
292.514
301.856
311.347
320.972
330.723
340.581
350.534
360.558
370.637
380.743
390.852
400.935
410.96
420.894
430.702
440.348
449.787
458.977
467.875
476.44
484.633
492.389
499.665
506.455
512.706
518.363
523.315
527.705
531.485
534.466
536.533
538.177
539.378
539.115
538.019
536.611
534.337
531.3
527.571
523.289
518.312
512.82
506.706
500.165
493.143
485.772
478.065
470.052
461.795
453.34
444.727
435.99
427.24
418.455
409.688
400.96
392.307
383.753
375.332
367.047
358.91
350.94
343.15
335.556
328.169
321.003
314.066
307.361
300.891
294.651
288.635
282.842
277.265
271.895
266.721
261.734
256.927
252.299
247.841
243.55
239.418
235.434
231.593
227.889
224.318
220.873
217.552
214.352
211.262
208.279
205.4
202.615
199.922
197.313
194.789
192.345
189.977
187.69
185.464
183.309
181.23
179.217
177.269
175.379
173.55
171.773
170.054
168.385
166.772
165.205
163.697
162.231
160.812
159.449
158.124
156.863
155.663
154.517
153.416
152.369
151.368
150.423
149.532
148.668
147.878
147.149
146.477
145.866
145.302
144.772
144.292
143.879
143.452
143.09
142.864
142.656
142.528
142.248
142.325
142.241
142.427
142.465
142.739
143.007
143.392
143.789
144.347
144.891
145.747
146.497
147.886
149.067
151.48
153.864
161.564
21.162
21.2324
21.3013
21.369
21.4352
21.5002
21.564
21.6265
21.6878
21.7479
21.8069
21.8648
21.9217
21.9775
22.0324
22.0864
22.1395
22.1917
22.2432
22.294
22.3441
22.3936
22.4425
22.4909
22.5389
22.5865
22.6338
22.6809
22.7278
22.7746
22.8213
22.868
22.9149
22.9619
23.0091
23.0567
23.1047
23.1531
23.202
23.2516
23.3018
23.3529
23.4047
23.4575
23.5114
23.5663
23.6225
23.68
23.7388
23.7992
23.8611
23.9247
23.9901
24.0574
24.1266
24.1979
24.2714
24.3472
24.4253
24.506
24.5892
24.6752
24.7641
24.8559
24.9508
25.0489
25.1504
25.2553
25.3639
25.4761
25.5922
25.7123
25.8366
25.9651
26.0981
26.2357
26.378
26.5253
26.6776
26.8352
26.9983
27.167
27.3415
27.522
27.7088
27.902
28.1017
28.3083
28.522
28.7429
28.9713
29.2074
29.4516
29.7039
29.9648
30.2345
30.5132
30.8013
31.099
31.4066
31.7246
32.0532
32.3927
32.7436
33.1062
33.4809
33.868
34.2682
34.6818
35.1094
35.5516
36.0088
36.4819
36.9715
37.4785
38.0037
38.5482
39.1132
39.6999
40.3098
40.9447
41.6062
42.2966
43.0179
43.7729
44.5642
45.3948
46.2678
47.1863
48.154
49.1742
50.2507
51.3869
52.5864
53.8526
55.1888
56.5977
58.082
59.6437
61.2845
63.0057
64.8074
66.6899
68.6522
70.6932
72.8111
75.0034
77.2675
79.6002
81.9983
84.4587
86.9782
89.5543
92.1842
94.8667
97.6007
100.386
103.224
106.114
109.06
112.064
115.13
118.265
121.471
124.758
128.13
131.597
135.166
138.845
142.643
146.568
150.627
154.828
159.179
163.685
168.354
173.19
178.199
183.384
188.748
194.295
200.025
205.942
212.044
218.333
224.809
231.47
238.316
245.344
252.553
259.94
267.501
275.23
283.125
291.179
299.389
307.747
316.25
324.886
333.656
342.543
351.545
360.647
369.846
379.128
388.49
397.914
407.396
416.911
426.454
435.993
445.514
454.986
464.39
473.69
482.86
491.868
500.678
509.256
517.565
525.567
533.213
540.467
547.296
553.654
559.507
564.776
569.444
573.603
577.071
579.828
581.748
583.186
584.123
583.83
582.719
581.06
578.763
575.65
571.756
567.265
562.098
556.324
549.971
543.085
535.67
527.87
519.632
511.072
502.192
493.096
483.813
474.37
464.826
455.214
445.553
435.947
426.402
416.937
407.59
398.384
389.34
380.478
371.822
363.374
355.142
347.137
339.366
331.838
324.557
317.531
310.765
304.262
298.017
292.025
286.276
280.762
275.474
270.405
265.542
260.875
256.394
252.096
247.972
244.018
240.227
236.582
233.079
229.715
226.482
223.372
220.386
217.518
214.755
212.095
209.539
207.074
204.695
202.396
200.178
198.034
195.961
193.97
192.018
190.145
188.348
186.612
184.935
183.309
181.74
180.217
178.749
177.325
175.953
174.621
173.349
172.106
170.908
169.759
168.635
167.592
166.613
165.676
164.773
163.926
163.118
162.369
161.662
160.962
160.367
159.83
159.347
158.922
158.539
158.146
157.855
157.573
157.287
157.044
157.013
156.98
157.008
156.989
157.25
157.433
157.749
157.993
158.385
158.801
159.337
159.878
160.596
161.279
162.306
163.193
164.8
166.133
168.866
171.601
180.63
26.4377
26.5274
26.6154
26.7016
26.7863
26.8695
26.9513
27.0319
27.1113
27.1896
27.2671
27.3436
27.4195
27.4948
27.5697
27.6441
27.7183
27.7924
27.8665
27.9407
28.0152
28.0901
28.1656
28.2417
28.3187
28.3967
28.4759
28.5563
28.6381
28.7214
28.8065
28.8935
28.9825
29.0736
29.1671
29.2631
29.3618
29.4632
29.5677
29.6754
29.7864
29.901
30.0194
30.1416
30.268
30.3987
30.5339
30.6737
30.8185
30.9683
31.1235
31.2842
31.4506
31.6231
31.8016
31.9867
32.1784
32.3771
32.583
32.7964
33.0174
33.2466
33.484
33.73
33.9849
34.2491
34.5227
34.8061
35.0996
35.4035
35.7182
36.044
36.3813
36.7305
37.0918
37.4658
37.8527
38.253
38.6672
39.0955
39.5386
39.9968
40.4704
40.96
41.4661
41.9891
42.5295
43.0878
43.6646
44.2603
44.8756
45.511
46.1669
46.8441
47.5429
48.264
49.008
49.7755
50.5669
51.3831
52.2245
53.0919
53.9857
54.9067
55.8557
56.8333
57.8404
58.8775
59.9456
61.0455
62.1782
63.3446
64.5461
65.7838
67.0593
68.3742
69.7305
71.1301
72.5756
74.0695
75.6149
77.215
78.8732
80.5934
82.3796
84.2361
86.1674
88.1778
90.2719
92.4538
94.728
97.0978
99.5667
102.137
104.812
107.592
110.477
113.466
116.559
119.751
123.04
126.42
129.885
133.429
137.045
140.724
144.458
148.238
152.057
155.904
159.775
163.661
167.558
171.461
175.366
179.273
183.183
187.096
191.016
194.949
198.9
202.876
206.888
210.944
215.055
219.232
223.489
227.834
232.282
236.843
241.529
246.347
251.309
256.419
261.689
267.12
272.72
278.489
284.432
290.547
296.838
303.3
309.937
316.743
323.718
330.856
338.157
345.613
353.223
360.978
368.874
376.897
385.043
393.3
401.661
410.119
418.66
427.282
435.967
444.708
453.487
462.297
471.12
479.954
488.782
497.601
506.389
515.135
523.816
532.41
540.886
549.222
557.389
565.356
573.091
580.558
587.74
594.585
601.072
607.154
612.806
617.965
622.61
626.745
630.271
633.19
635.397
636.912
638.114
638.266
637.7
636.284
634.281
631.621
628.174
623.947
619.05
613.504
607.336
600.543
593.172
585.258
576.876
568.065
558.858
549.275
539.443
529.341
519.059
508.612
498.085
487.516
476.931
466.377
455.89
445.48
435.23
425.15
415.248
405.551
396.074
386.826
377.83
369.106
360.64
352.444
344.521
336.876
329.51
322.422
315.615
309.091
302.849
296.884
291.188
285.75
280.561
275.609
270.885
266.373
262.062
257.939
254.002
250.24
246.649
243.224
239.943
236.802
233.801
230.931
228.182
225.553
223.044
220.627
218.316
216.113
213.995
211.959
209.997
208.114
206.299
204.553
202.89
201.232
199.678
198.202
196.778
195.409
194.084
192.812
191.581
190.401
189.26
188.171
187.114
186.119
185.136
184.203
183.299
182.411
181.645
180.944
180.252
179.584
178.984
178.418
177.92
177.425
176.921
176.6
176.312
176.069
175.879
175.724
175.447
175.455
175.278
175.233
175.389
175.605
175.79
176.042
176.256
176.646
177.038
177.532
177.991
178.559
179.146
179.859
180.563
181.46
182.297
183.508
184.539
186.371
187.849
190.905
194.008
204.517
35.3079
35.4263
35.5439
35.6613
35.7784
35.8957
36.0134
36.1318
36.2511
36.3716
36.4935
36.6173
36.743
36.8711
37.0018
37.1355
37.2723
37.4126
37.5567
37.705
37.8577
38.0151
38.1777
38.3455
38.5191
38.6986
38.8846
39.0772
39.2768
39.4839
39.6987
39.9216
40.1531
40.3934
40.643
40.9024
41.1719
41.4519
41.743
42.0456
42.3602
42.6872
43.0272
43.3806
43.7478
44.1295
44.526
44.9379
45.3657
45.8101
46.2714
46.7505
47.2476
47.7638
48.2991
48.8548
49.431
50.0287
50.6485
51.2908
51.9565
52.6463
53.3609
54.1009
54.8671
55.6603
56.4812
57.3306
58.2094
59.1183
60.058
61.0294
62.0332
63.0703
64.1412
65.247
66.3881
67.5656
68.7799
70.0321
71.3223
72.6517
74.0207
75.4302
76.8805
78.3725
79.9064
81.483
83.1026
84.7658
86.473
88.2244
90.0205
91.8616
93.7479
95.6797
97.6571
99.6802
101.749
103.864
106.025
108.231
110.483
112.781
115.125
117.514
119.949
122.428
124.953
127.523
130.139
132.8
135.508
138.263
141.066
143.92
146.825
149.784
152.8
155.875
159.013
162.217
165.491
168.838
172.263
175.768
179.358
183.035
186.802
190.661
194.613
198.658
202.795
207.022
211.335
215.731
220.202
224.742
229.342
233.994
238.685
243.408
248.148
252.897
257.641
262.372
267.075
271.745
276.368
280.94
285.455
289.907
294.297
298.622
302.886
307.093
311.248
315.36
319.44
323.498
327.547
331.601
335.676
339.788
343.951
348.186
352.504
356.927
361.465
366.136
370.946
375.911
381.034
386.327
391.79
397.431
403.247
409.241
415.411
421.752
428.266
434.942
441.782
448.774
455.917
463.2
470.62
478.167
485.832
493.603
501.464
509.398
517.393
525.435
533.515
541.621
549.74
557.858
565.954
574.02
582.027
589.967
597.827
605.608
613.292
620.876
628.326
635.631
642.751
649.677
656.344
662.754
668.868
674.656
680.071
685.095
689.715
693.883
697.561
700.74
703.356
705.364
706.749
707.656
707.755
707.244
705.892
703.866
701.24
697.851
693.727
688.838
683.262
677.04
670.185
662.673
654.557
645.881
636.716
627.087
617.016
606.55
595.758
584.702
573.405
561.9
550.287
538.568
526.818
515.057
503.35
491.735
480.239
468.897
457.738
446.781
436.064
425.607
415.417
405.511
395.895
386.576
377.564
368.87
360.483
352.41
344.649
337.202
330.062
323.226
316.691
310.456
304.517
298.869
293.504
288.408
283.571
278.978
274.62
270.479
266.544
262.798
259.241
255.858
252.65
249.614
246.714
243.956
241.344
238.862
236.498
234.254
232.133
230.085
228.153
226.344
224.611
222.956
221.369
219.861
218.417
217.041
215.755
214.41
213.241
212.144
211.086
210.078
209.107
208.187
207.304
206.472
205.673
204.927
204.206
203.553
202.888
202.293
201.657
201.066
200.682
200.345
199.927
199.549
199.282
199.043
198.879
198.594
198.364
198.468
198.504
198.574
198.686
198.83
198.949
199.165
199.377
199.62
200.014
200.488
200.955
201.475
201.977
202.588
203.223
203.947
204.649
205.444
206.235
207.159
208.045
209.139
210.138
211.535
212.699
214.739
216.325
219.672
223.116
235.185
51.8745
52.0974
52.3273
52.5655
52.8119
53.0679
53.3333
53.6096
53.8966
54.1958
54.5071
54.8318
55.1703
55.5233
55.8918
56.2764
56.6781
57.0976
57.5358
57.9934
58.4713
58.9702
59.491
60.0345
60.6016
61.1933
61.8105
62.4541
63.1253
63.8248
64.5539
65.3136
66.1049
66.9289
67.7868
68.6798
69.6089
70.5752
71.5799
72.6242
73.7094
74.8366
76.007
77.2218
78.4826
79.7904
81.1467
82.5526
84.0095
85.5184
87.0807
88.6975
90.3701
92.0994
93.8867
95.7327
97.6389
99.6058
101.634
103.726
105.88
108.099
110.382
112.73
115.145
117.625
120.172
122.785
125.465
128.212
131.025
133.905
136.851
139.862
142.938
146.079
149.282
152.548
155.874
159.261
162.705
166.207
169.763
173.373
177.034
180.744
184.502
188.305
192.15
196.036
199.959
203.918
207.91
211.933
215.983
220.059
224.157
228.276
232.412
236.564
240.727
244.901
249.083
253.271
257.463
261.656
265.849
270.039
274.227
278.41
282.59
286.764
290.937
295.105
299.276
303.447
307.625
311.81
316.01
320.225
324.465
328.728
333.024
337.352
341.721
346.131
350.586
355.088
359.639
364.238
368.886
373.579
378.316
383.09
387.897
392.728
397.574
402.426
407.273
412.107
416.913
421.686
426.408
431.079
435.679
440.21
444.652
449.007
453.264
457.425
461.486
465.452
469.323
473.107
476.811
480.444
484.023
487.557
491.066
494.562
498.065
501.593
505.164
508.803
512.521
516.348
520.292
524.379
528.616
533.023
537.601
542.364
547.311
552.449
557.778
563.292
568.993
574.868
580.917
587.127
593.499
600.012
606.673
613.454
620.358
627.362
634.469
641.657
648.917
656.214
663.531
670.835
678.121
685.368
692.566
699.706
706.762
713.717
720.547
727.226
733.729
740.061
746.225
752.221
758.026
763.626
768.981
774.063
778.84
783.279
787.3
790.961
794.221
796.994
799.255
801.018
802.273
802.984
803.087
802.737
801.598
799.803
797.318
794.175
790.329
785.774
780.466
774.444
767.764
760.407
752.398
743.737
734.447
724.598
714.236
703.376
692.046
680.299
668.206
655.821
643.16
630.274
617.221
604.073
590.853
577.597
564.379
551.214
538.165
525.253
512.525
500.015
487.748
475.75
464.04
452.635
441.556
430.816
420.418
410.375
400.682
391.346
382.362
373.738
365.461
357.537
349.957
342.722
335.819
329.244
322.987
317.045
311.414
306.088
301.056
296.307
291.826
287.599
283.614
279.852
276.303
272.945
269.783
266.797
263.991
261.371
258.87
256.52
254.333
252.275
250.334
248.514
246.825
245.176
243.673
242.328
241.04
239.825
238.675
237.609
236.603
235.669
234.834
233.826
233.169
232.541
231.936
231.374
230.847
230.37
229.928
229.539
229.18
228.878
228.595
228.385
228.144
228.002
227.619
227.466
227.666
227.816
227.651
227.681
227.932
228.169
228.446
228.71
228.937
229.36
229.807
230.289
230.807
231.359
231.918
232.52
233.163
233.815
234.57
235.386
236.216
237.079
237.939
238.865
239.807
240.827
241.815
242.889
243.92
245.086
246.168
247.465
248.612
250.162
251.416
253.58
255.176
258.694
262.34
275.837
90.6514
91.4876
92.3672
93.2941
94.2666
95.2895
96.361
97.4864
98.6637
99.8982
101.189
102.539
103.951
105.425
106.964
108.57
110.245
111.99
113.809
115.702
117.672
119.722
121.853
124.068
126.369
128.757
131.236
133.805
136.468
139.227
142.082
145.036
148.089
151.244
154.502
157.862
161.328
164.898
168.575
172.357
176.246
180.242
184.344
188.551
192.865
197.283
201.804
206.427
211.151
215.974
220.893
225.907
231.012
236.207
241.487
246.851
252.293
257.81
263.398
269.054
274.772
280.548
286.378
292.256
298.178
304.14
310.135
316.16
322.207
328.274
334.353
340.44
346.528
352.613
358.688
364.749
370.789
376.805
382.79
388.741
394.651
400.518
406.336
412.103
417.812
423.464
429.052
434.576
440.03
445.416
450.729
455.969
461.134
466.222
471.234
476.169
481.025
485.804
490.505
495.129
499.675
504.144
508.539
512.86
517.108
521.285
525.393
529.432
533.408
537.321
541.181
544.986
548.753
552.474
556.171
559.837
563.492
567.133
570.776
574.421
578.084
581.761
585.469
589.206
592.978
596.794
600.645
604.551
608.491
612.486
616.519
620.592
624.703
628.84
632.993
637.158
641.316
645.46
649.571
653.655
657.679
661.664
665.572
669.428
673.188
676.873
680.439
683.92
687.285
690.562
693.735
696.82
699.821
702.745
705.611
708.425
711.216
713.985
716.764
719.553
722.392
725.286
728.26
731.34
734.531
737.88
741.365
745.041
748.886
752.939
757.174
761.611
766.238
771.06
776.065
781.242
786.585
792.076
797.71
803.47
809.357
815.337
821.424
827.567
833.775
840.02
846.314
852.61
858.891
865.101
871.215
877.205
883.07
888.772
894.32
899.696
904.865
909.787
914.466
918.795
922.828
926.617
930.187
933.477
936.458
939.101
941.353
943.179
944.55
945.42
945.657
945.577
945.087
943.797
941.89
939.427
936.361
932.671
928.293
923.239
917.478
911.008
903.797
895.889
887.327
878.085
868.167
857.601
846.436
834.695
822.42
809.628
796.344
782.639
768.577
754.193
739.514
724.594
709.499
694.299
679.011
663.686
648.365
633.127
617.992
602.997
588.193
573.596
559.262
545.207
531.464
518.062
505.021
492.358
480.082
468.207
456.74
445.689
435.05
424.832
415.022
405.622
396.621
388.021
379.808
371.984
364.537
357.467
350.756
344.398
338.379
332.696
327.34
322.308
317.588
313.167
309.03
305.161
301.546
298.166
295.013
292.056
289.313
286.751
284.38
282.223
280.147
278.252
276.562
274.992
273.545
272.221
271.035
269.833
268.855
268.117
267.381
266.714
266.115
265.61
265.165
264.807
264.55
263.906
264.036
264.027
264.024
264.064
264.138
264.27
264.436
264.665
264.919
265.241
265.576
265.995
266.378
266.865
267.29
267.752
268.47
269.221
269.871
270.523
271.299
272.104
272.972
273.889
274.795
275.791
276.834
277.912
279.012
280.146
281.291
282.467
283.686
284.906
286.193
287.503
288.827
290.151
291.474
292.828
294.173
295.57
296.899
298.302
299.597
301.023
302.284
303.747
304.97
306.557
307.768
309.8
311.185
314.544
317.968
332.113
225.265
229.583
234.065
238.711
243.52
248.494
253.634
258.94
264.415
270.058
275.871
281.853
288.004
294.325
300.815
307.473
314.299
321.29
328.445
335.762
343.238
350.869
358.653
366.584
374.659
382.872
391.218
399.691
408.284
416.99
425.802
434.712
443.713
452.795
461.949
471.167
480.439
489.755
499.106
508.481
517.87
527.263
536.65
546.02
555.364
564.671
573.931
583.133
592.27
601.33
610.305
619.188
627.968
636.639
645.192
653.622
661.92
670.083
678.104
685.978
693.701
701.271
708.686
715.945
723.048
729.992
736.78
743.407
749.877
756.185
762.334
768.323
774.155
779.827
785.346
790.708
795.922
800.984
805.903
810.677
815.313
819.814
824.182
828.425
832.541
836.54
840.421
844.194
847.854
851.418
854.874
858.245
861.517
864.71
867.812
870.84
873.786
876.666
879.465
882.208
884.869
887.484
890.033
892.541
894.991
897.396
899.751
902.067
904.347
906.597
908.833
911.049
913.274
915.487
917.732
919.976
922.273
924.575
926.959
929.353
931.848
934.357
936.979
939.629
942.385
945.198
948.085
951.067
954.083
957.219
960.375
963.618
966.917
970.235
973.581
976.951
980.279
983.588
986.857
990.12
993.301
996.519
999.617
1002.76
1005.69
1008.61
1011.32
1014.04
1016.58
1019.13
1021.52
1023.89
1026.16
1028.41
1030.61
1032.79
1034.98
1037.16
1039.38
1041.61
1043.95
1046.33
1048.82
1051.42
1054.14
1057.05
1060.04
1063.31
1066.66
1070.29
1073.99
1077.94
1081.98
1086.23
1090.55
1095.02
1099.56
1104.17
1108.87
1113.62
1118.42
1123.21
1128.03
1132.79
1137.5
1142.17
1146.8
1151.24
1155.56
1159.6
1163.46
1167.02
1170.34
1173.25
1175.9
1178.21
1180.13
1181.58
1182.71
1182.9
1182.91
1182.77
1182.53
1181.74
1180.44
1178.64
1176.26
1173.27
1169.63
1165.4
1160.39
1154.88
1148.61
1141.65
1133.9
1125.63
1116.62
1107
1096.58
1085.48
1073.69
1061.22
1048.05
1034.22
1019.79
1004.78
989.22
973.142
956.605
939.647
922.323
904.662
886.699
868.503
850.15
831.689
813.146
794.574
776.032
757.597
739.284
721.143
703.201
685.536
668.162
651.116
634.425
618.104
602.199
586.721
571.693
557.134
543.06
529.477
516.389
503.801
491.711
480.119
469.018
458.41
448.276
438.613
429.403
420.647
412.325
404.44
396.974
389.929
383.28
377.021
371.134
365.617
360.456
355.65
351.186
347.053
343.232
339.706
336.461
333.474
330.743
328.217
325.951
323.875
322.015
320.426
318.826
317.501
316.473
315.529
314.726
314.055
313.501
312.845
312.609
312.807
312.835
312.941
313.129
313.433
313.804
314.294
314.865
315.3
316.162
317.045
317.943
318.899
319.898
320.971
322.085
323.277
324.496
325.8
327.113
328.526
329.909
331.413
332.909
334.431
336.115
337.838
339.548
341.229
342.984
344.756
346.583
348.484
350.417
352.369
354.364
356.379
358.384
360.417
362.441
364.491
366.563
368.612
370.697
372.744
374.779
376.755
378.704
380.634
382.503
384.373
386.097
387.853
389.385
391.023
392.353
393.805
394.879
396.143
396.939
398.113
398.87
401.107
403.136
415.029
822.985
837.753
852.609
867.522
882.48
897.455
912.44
927.409
942.351
957.25
972.083
986.844
1001.51
1016.06
1030.48
1044.76
1058.89
1072.82
1086.58
1100.12
1113.46
1126.56
1139.42
1152.02
1164.35
1176.39
1188.15
1199.61
1210.76
1221.6
1232.13
1242.33
1252.22
1261.79
1271.03
1279.95
1288.56
1296.84
1304.83
1312.5
1319.87
1326.95
1333.74
1340.25
1346.49
1352.46
1358.19
1363.65
1368.88
1373.88
1378.66
1383.22
1387.58
1391.74
1395.71
1399.5
1403.12
1406.57
1409.87
1413
1416.01
1418.83
1421.6
1424.2
1426.77
1429.18
1431.56
1433.78
1435.96
1438
1439.99
1441.85
1443.67
1445.35
1447.01
1448.53
1450.04
1451.42
1452.8
1454.05
1455.31
1456.45
1457.61
1458.66
1459.72
1460.7
1461.69
1462.59
1463.52
1464.37
1465.22
1466.06
1466.88
1467.68
1468.47
1469.22
1470.03
1470.73
1471.48
1472.19
1472.92
1473.67
1474.45
1475.24
1476.03
1476.81
1477.6
1478.4
1479.22
1480.08
1480.98
1481.94
1482.95
1484.02
1485.16
1486.38
1487.68
1489.11
1490.6
1492.22
1493.91
1495.74
1497.65
1499.69
1501.81
1504.12
1506.38
1508.96
1511.36
1514.19
1516.77
1519.7
1522.61
1525.46
1528.47
1531.39
1534.11
1536.92
1539.72
1542.59
1545.4
1548.41
1551.25
1554.13
1556.57
1558.94
1561.14
1563.48
1565.61
1567.82
1569.76
1571.7
1573.61
1575.51
1577.34
1579.1
1580.86
1582.63
1584.34
1586.13
1588.01
1589.82
1591.73
1593.6
1595.64
1597.72
1599.88
1602.3
1604.74
1607.27
1609.78
1612.43
1615.14
1617.78
1620.53
1623
1625.67
1628.1
1630.61
1632.96
1635.23
1637.23
1639.13
1640.77
1642.21
1643.48
1644.42
1644.69
1644.77
1644.51
1644.03
1643.15
1641.58
1639.27
1636.55
1633.3
1629.28
1624.64
1619.3
1613.22
1606.65
1599.54
1592.01
1583.77
1575.09
1565.63
1555.35
1544.22
1532.26
1519.57
1505.99
1491.77
1476.68
1460.87
1444.18
1426.95
1408.93
1390.37
1370.98
1350.96
1330.35
1309.14
1287.35
1265.02
1242.27
1219.11
1195.6
1171.78
1147.74
1123.51
1099.17
1074.75
1050.29
1025.86
1001.55
977.406
953.462
929.763
906.36
883.335
860.694
838.482
816.709
795.46
774.733
754.564
734.947
715.898
697.459
679.631
662.427
645.856
629.927
614.635
599.979
585.955
572.552
559.762
547.574
535.984
524.965
514.512
504.596
495.22
486.356
478.01
470.159
462.805
455.917
449.492
443.502
437.948
432.813
428.099
423.791
419.877
416.336
413.15
410.303
407.766
405.555
403.57
401.958
400.548
399.417
398.664
397.649
397.236
397.333
397.355
397.582
397.973
398.661
399.363
400.306
401.542
402.836
404.268
405.825
407.545
409.357
411.352
413.396
415.562
417.971
420.455
422.984
425.603
428.293
431.089
433.947
436.911
439.913
443.027
446.151
449.393
452.614
456.005
459.369
462.806
466.347
469.894
473.442
476.948
480.51
484.058
487.644
491.297
494.997
498.646
502.309
505.95
509.516
513.081
516.579
520.074
523.529
526.893
530.236
533.433
536.544
539.473
542.293
544.993
547.515
549.92
552.016
554.028
555.577
557.143
558.118
558.914
559.153
558.986
558.757
557.411
555.832
553.587
551.147
550.08
2849.36
2856.45
2862.75
2868.22
2872.95
2876.96
2880.31
2883.03
2885.12
2886.72
2887.66
2888.33
2888.27
2887.84
2887.05
2885.94
2885.05
2882.21
2880.88
2878.04
2876.18
2873.51
2870.89
2867.92
2864.81
2861.58
2858.25
2854.84
2851.37
2847.84
2844.27
2840.68
2837.07
2833.46
2829.84
2826.23
2822.64
2819.07
2815.52
2811.99
2808.5
2805.04
2801.61
2798.22
2794.86
2791.54
2788.26
2785.02
2781.82
2778.64
2775.52
2772.43
2769.38
2766.38
2763.4
2760.48
2757.58
2754.73
2752
2748.72
2746.51
2742.39
2740.97
2737.12
2736.04
2732.43
2731.47
2727.99
2727.09
2723.71
2722.86
2719.57
2718.77
2715.59
2714.86
2711.79
2711.13
2708.19
2707.62
2704.82
2704.33
2701.69
2701.27
2698.81
2698.48
2696.18
2695.94
2693.82
2693.67
2691.7
2690.91
2690.06
2689.35
2688.47
2687.77
2687.09
2687.15
2685.7
2685.26
2685.24
2685.24
2685.37
2685.52
2685.67
2685.78
2685.91
2686.07
2686.31
2686.61
2687.03
2687.53
2688.26
2688.77
2689.66
2690.49
2691.5
2692.77
2694.45
2695.88
2697.55
2699.39
2701.5
2703.52
2705.75
2708.28
2710.89
2713.36
2716.47
2718.99
2722.66
2725.19
2729.25
2732.38
2735.63
2739.31
2741.69
2744.08
2747.63
2750.99
2754.73
2758.29
2762.7
2765.87
2769.28
2771.11
2773.28
2775.86
2778.64
2780.63
2783.17
2784.59
2786.49
2788.64
2790.14
2791.65
2791.84
2793.18
2794.06
2794.68
2796
2796.53
2796.61
2796.42
2796.13
2795.81
2795.3
2794.89
2794.82
2793.94
2792.7
2791.47
2790.29
2788.48
2786.18
2784.6
2780.13
2778.51
2773.81
2770.93
2766.26
2762.03
2756.27
2750.46
2744.1
2737.53
2729.73
2721.8
2713.52
2704.07
2693.37
2681.78
2669.17
2655.75
2641.3
2625.96
2609.75
2592.38
2573.8
2554.24
2533.62
2512.11
2489.63
2466.35
2442.22
2417.25
2391.34
2364.35
2336.27
2307.19
2277.21
2246.16
2214.4
2181.67
2148.21
2113.86
2079.05
2043.52
2007.64
1970.99
1933.99
1896.64
1858.91
1820.89
1782.67
1744.37
1706.04
1667.75
1629.57
1591.58
1553.84
1516.44
1479.41
1442.8
1406.68
1371.15
1336.25
1302
1268.46
1235.66
1203.67
1172.49
1142.16
1112.67
1084.1
1056.42
1029.68
1003.8
978.829
954.807
931.712
909.54
888.286
867.951
848.516
829.977
812.317
795.516
779.554
764.419
750.099
736.554
723.771
711.716
700.39
689.754
679.827
670.574
662.005
654.076
646.784
640.091
634.002
628.494
623.577
619.231
615.445
612.19
609.451
607.206
605.416
604.13
603.146
602.856
602.748
603.14
604.082
605.202
606.602
608.505
610.682
613.218
616.031
619.387
622.969
626.66
630.645
634.888
639.41
644.171
649.211
654.424
659.958
665.517
671.535
677.742
684.045
690.444
696.997
703.687
710.544
717.517
724.644
731.838
739.182
746.547
754.045
761.511
769.226
776.836
784.574
792.379
800.106
807.771
815.314
822.86
830.309
837.75
845.217
852.663
859.916
867.091
874.116
880.931
887.65
894.123
900.448
906.557
912.371
917.995
923.239
928.192
932.666
936.803
940.543
943.779
946.607
948.72
950.395
951.013
951.356
950.37
948.885
945.929
940.767
935.627
926.786
916.527
898.033
885.44
823.932
8060.44
8036.68
8013.44
7990.7
7968.42
7946.52
7925.02
7903.89
7883.14
7862.76
7842.74
7823.09
7803.78
7784.82
7766.19
7747.91
7729.95
7712.29
7694.97
7677.96
7661.26
7644.88
7628.8
7613.01
7597.52
7582.32
7567.42
7552.82
7538.53
7524.54
7510.86
7497.49
7484.44
7471.69
7459.27
7447.15
7435.36
7423.88
7412.73
7401.88
7391.35
7381.13
7371.23
7361.63
7352.34
7343.35
7334.66
7326.26
7318.15
7310.33
7302.79
7295.53
7288.54
7281.83
7275.39
7269.21
7263.29
7257.63
7252.23
7247.08
7242.23
7237.69
7233.48
7229.56
7225.93
7222.56
7219.44
7216.53
7213.85
7211.37
7209.1
7207.02
7205.15
7203.46
7201.98
7200.67
7199.57
7198.63
7197.92
7197.36
7197.01
7196.83
7196.83
7197.04
7197.39
7197.96
7198.68
7199.6
7200.67
7201.93
7203.39
7205.02
7206.85
7208.68
7210.72
7212.91
7215.11
7217.42
7220.05
7222.55
7225.23
7228.15
7231.28
7234.52
7237.85
7241.27
7244.77
7248.42
7252.12
7256.15
7259.95
7264.85
7264.46
7271.06
7272.63
7277.17
7284.49
7292.28
7294.42
7299.75
7306.83
7314.23
7317.65
7323.74
7332.27
7336.84
7343.17
7349.86
7356.61
7363.71
7370.63
7379.52
7385.22
7391.91
7400.88
7404.11
7409.81
7417.89
7421.13
7426.94
7434.76
7441.31
7445.82
7449.66
7451.41
7452.66
7453.63
7454.22
7453.6
7452.63
7449.93
7446.76
7443.08
7438.3
7432.27
7425.46
7417.56
7408.87
7398.51
7387.73
7375.58
7362.49
7348
7332.11
7315.44
7297.36
7278.17
7258.66
7237.48
7214.71
7190.88
7166.07
7139.97
7111.93
7083.01
7052.08
7020.58
6987.29
6952.41
6916.28
6878.57
6839.13
6798.58
6756.33
6712.86
6667.27
6620.69
6572.72
6522.29
6469.61
6414.59
6357.52
6298.38
6237.28
6174.16
6109.29
6042.14
5972.9
5901.7
5828.61
5753.98
5677.89
5600.61
5522.21
5442.77
5362.22
5279.94
5196.2
5111.27
5025.16
4938.2
4850.47
4762.17
4673.25
4584.08
4494.78
4405.63
4316.55
4227.7
4139.21
4051.09
3963.5
3876.56
3790.42
3705.19
3620.92
3537.73
3455.74
3375.12
3295.87
3218.12
3141.85
3067.22
2994.21
2922.99
2853.53
2785.94
2720.14
2656.22
2594.19
2534.13
2475.93
2419.62
2365.23
2312.78
2262.12
2213.32
2166.47
2121.54
2078.42
2037.06
1997.51
1959.73
1923.72
1889.45
1856.92
1826.06
1796.83
1769.25
1743.27
1718.83
1695.9
1674.44
1654.4
1635.8
1618.65
1602.94
1588.66
1575.76
1564.19
1553.94
1545
1537.36
1531.04
1526.03
1522.32
1519.86
1518.65
1518.6
1519.75
1521.99
1525.08
1529.52
1534.89
1541.52
1549.41
1558.01
1567.05
1577.18
1588.32
1600.47
1613.53
1628.13
1643.26
1658.69
1674.85
1691.85
1709.7
1728.3
1747.69
1767.66
1788.51
1809.54
1831.88
1854.72
1877.88
1901.4
1925.31
1949.67
1974.46
1999.66
2025.2
2051.01
2077.11
2103.32
2129.75
2156.12
2182.89
2209.38
2236.14
2262.94
2289.45
2315.6
2341.25
2366.62
2391.51
2416.1
2440.54
2464.59
2487.93
2510.71
2532.69
2553.7
2573.93
2593.08
2611.37
2628.59
2644.58
2659.55
2673.17
2685.44
2696.1
2705.23
2712.63
2717.96
2721.54
2722.53
2721.14
2716.36
2709.36
2697.49
2682.69
2660.67
2633.45
2598.18
2547.61
2496.47
2377.78
2331.87
1893.02
298.584
313.123
332.882
350.887
365.989
379.24
391.39
402.775
413.702
424.455
435.261
446.249
457.565
469.259
481.473
494.225
507.63
521.729
536.564
552.275
568.824
586.389
604.954
624.609
645.535
667.655
691.234
716.131
742.663
770.812
800.882
832.828
866.957
903.385
942.28
984.012
1028.48
1076.52
1127.58
1183.24
1242.08
1307.31
1375.79
1453.13
1531.94
1627.56
1714.75
1846.09
1935.39
2134.63
123.291
121.594
121.604
122.935
125.289
127.925
130.574
133.214
135.875
138.572
141.333
144.173
147.128
150.195
153.414
156.778
160.316
164.039
167.94
172.071
176.394
180.976
185.787
190.853
196.234
201.863
207.844
214.107
220.738
227.724
235.149
243.009
251.345
260.238
269.609
279.725
290.267
301.848
313.757
327.103
340.558
356.184
371.631
389.799
407.485
429.038
449.867
473.714
506.521
533.362
79.1793
78.3849
77.8582
77.963
78.5135
79.4719
80.5307
81.647
82.8136
84.0216
85.2723
86.5652
87.9127
89.3106
90.7748
92.3012
93.9003
95.5765
97.3222
99.1629
101.074
103.089
105.184
107.372
109.679
112.063
114.581
117.172
119.884
122.713
125.681
128.801
132.051
135.511
139.069
142.929
146.814
151.152
155.402
160.319
164.95
170.568
175.82
182.094
188.168
194.918
202.815
208.452
221.457
225.598
62.3998
62.0985
61.7538
61.7494
61.9518
62.4301
63.0007
63.6313
64.3097
65.025
65.7728
66.5494
67.3589
68.1981
69.074
69.9841
70.9333
71.923
72.9489
74.0236
75.1328
76.2936
77.4916
78.7327
80.0274
81.3531
82.7366
84.1488
85.6036
87.1093
88.6623
90.2851
91.938
93.6955
95.4515
97.3632
99.2123
101.306
103.249
105.555
107.575
110.11
112.334
115.004
117.567
120.115
123.542
125.15
131.646
131.251
54.3031
54.2299
54.0926
54.0908
54.2174
54.5038
54.8619
55.2717
55.723
56.2063
56.7162
57.2484
57.8034
58.3787
58.9771
59.5969
60.2404
60.9079
61.5966
62.3131
63.0489
63.8123
64.5954
65.3991
66.2297
67.0725
67.9406
68.8228
69.7155
70.6346
71.5645
72.5323
73.4931
74.5181
75.5085
76.5907
77.5934
78.7463
79.7572
80.9814
81.9765
83.2647
84.3105
85.56
86.7635
87.8007
89.3618
89.8733
93.2479
92.2363
49.9691
49.9979
49.9847
50.0158
50.1258
50.3201
50.5667
50.855
51.1775
51.527
51.8982
52.2874
52.6935
53.1141
53.5504
54.0007
54.4659
54.9457
55.4384
55.9468
56.4663
56.9996
57.5439
58.0958
58.6615
59.2289
59.8069
60.3898
60.9673
61.5607
62.1468
62.7555
63.3408
63.9732
64.555
65.1958
65.7587
66.4218
66.959
67.6282
68.1201
68.7819
69.2593
69.809
70.3935
70.7615
71.4195
71.5294
73.2615
72.243
47.5463
47.6584
47.7121
47.7729
47.8731
48.0196
48.202
48.4155
48.6556
48.9171
49.1962
49.4893
49.795
50.1115
50.4382
50.7742
51.1191
51.4725
51.8333
52.2018
52.5761
52.9552
53.3397
53.7235
54.1135
54.498
54.8866
55.2724
55.6436
56.026
56.3901
56.7681
57.1148
57.5031
57.8287
58.1941
58.4919
58.8534
59.1026
59.4459
59.6455
59.9318
60.0892
60.2078
60.5152
60.5467
60.6575
60.5836
61.3065
60.3711
46.2621
46.4072
46.5015
46.5852
46.6836
46.8042
46.9461
47.1089
47.2907
47.4885
47.6994
47.9215
48.1527
48.3913
48.6362
48.8866
49.1416
49.4005
49.6626
49.927
50.1927
50.4571
50.7229
50.9819
51.2422
51.4917
51.7433
51.984
52.2052
52.4351
52.6382
52.8503
53.0274
53.2492
53.395
53.5678
53.6943
53.8346
53.8808
54.026
54.031
54.0595
53.944
53.8078
53.8267
53.6404
53.599
53.3047
53.5046
52.5967
45.7051
45.8629
45.9775
46.074
46.1706
46.2741
46.3875
46.5129
46.6503
46.7985
46.9558
47.1209
47.2918
47.4671
47.6454
47.8261
48.0081
48.1908
48.3733
48.5538
48.732
48.9042
49.0748
49.2337
49.3905
49.5323
49.6781
49.8029
49.9072
50.0174
50.0929
50.1747
50.2218
50.3249
50.3366
50.3613
50.3382
50.324
50.2052
50.1365
49.9846
49.8344
49.5989
49.2907
49.1044
48.6592
48.5485
48.0508
48.0399
47.1381
45.6338
45.7907
45.9125
46.0137
46.1065
46.1966
46.2881
46.3843
46.4863
46.5943
46.7078
46.826
46.9468
47.0683
47.1896
47.3105
47.4295
47.5467
47.6605
47.7687
47.8721
47.9659
48.0561
48.1299
48.199
48.2503
48.3109
48.3379
48.3475
48.3563
48.323
48.296
48.2378
48.2082
48.1076
48.0129
47.8655
47.727
47.5104
47.3013
47.0294
46.7388
46.4024
45.9648
45.6459
45.0427
44.8204
44.0809
44.0127
43.0991
45.9135
46.0611
46.18
46.2783
46.3635
46.4397
46.511
46.5812
46.6516
46.7238
46.798
46.8746
46.9503
47.0247
47.0962
47.1651
47.2288
47.289
47.3417
47.3856
47.4219
47.4455
47.4647
47.4624
47.454
47.4268
47.3968
47.3421
47.2659
47.1863
47.0734
46.9555
46.8084
46.6696
46.4792
46.2841
46.04
45.7945
45.4892
45.1708
44.8027
44.3996
43.9768
43.4374
43.0206
42.3108
41.988
41.1087
40.937
39.9935
46.4536
46.5857
46.6941
46.7828
46.8561
46.9166
46.9675
47.013
47.0537
47.0926
47.1307
47.1695
47.2035
47.2338
47.2585
47.2788
47.2897
47.2973
47.2952
47.2815
47.2575
47.2183
47.1689
47.1005
47.021
46.9229
46.8152
46.6867
46.5357
46.3768
46.1901
45.9924
45.7674
45.5387
45.2695
44.9881
44.6629
44.3265
43.9422
43.5337
43.0849
42.59
42.0919
41.4702
40.975
40.1872
39.7814
38.8096
38.5359
37.5503
47.1896
47.3013
47.393
47.4667
47.524
47.5661
47.5952
47.6162
47.627
47.6339
47.6375
47.6417
47.6359
47.6243
47.6052
47.5791
47.5432
47.4989
47.4434
47.3749
47.2935
47.1961
47.0855
46.956
46.8112
46.6471
46.4697
46.2735
46.055
45.8247
45.57
45.3009
45.0061
44.7005
44.3609
44.0042
43.6083
43.1941
42.7393
42.2542
41.7359
41.1645
40.6001
39.9103
39.3489
38.5011
38.0264
36.9895
36.6303
35.5973
48.0753
48.1615
48.2318
48.2856
48.323
48.344
48.349
48.3452
48.33
48.306
48.2761
48.2412
48.1972
48.145
48.0835
48.0127
47.9307
47.8374
47.7311
47.6102
47.4744
47.3215
47.1529
46.9649
46.7605
46.5362
46.295
46.0353
45.7547
45.4596
45.1422
44.8084
44.4503
44.0771
43.6742
43.2509
42.7922
42.3103
41.7927
41.2413
40.6618
40.0256
39.4025
38.6556
38.037
37.1411
36.6087
35.5255
35.098
34.0163
49.0743
49.1301
49.176
49.206
49.22
49.2168
49.1985
49.1658
49.1218
49.0672
49.0037
48.9319
48.8499
48.7578
48.6548
48.5404
48.4132
48.2727
48.1173
47.946
47.758
47.5519
47.3283
47.0851
46.8239
46.5424
46.2434
45.9252
45.5862
45.2316
44.8562
44.4634
44.0475
43.6142
43.1538
42.6712
42.156
41.6148
41.041
40.4315
39.7978
39.1059
38.4309
37.6351
36.9665
36.0313
35.4492
34.3339
33.8504
32.7244
50.1529
50.1795
50.1985
50.2012
50.1888
50.1574
50.1115
50.051
49.9772
49.891
49.7936
49.6855
49.5657
49.4341
49.2899
49.1326
48.9611
48.7743
48.5713
48.351
48.1128
47.8555
47.5795
47.2835
46.9685
46.6333
46.2796
45.907
45.5142
45.1043
44.6752
44.2283
43.7596
43.2723
42.7596
42.2239
41.6578
41.064
40.44
39.7795
39.0975
38.3574
37.6362
36.7986
36.0859
35.1178
34.4924
33.3539
32.8255
31.6608
51.2868
51.2855
51.2742
51.2463
51.2039
51.1448
51.07
50.9798
50.8749
50.7563
50.6245
50.4799
50.3223
50.1513
49.9662
49.7665
49.551
49.319
49.0694
48.8015
48.5145
48.2079
47.8815
47.535
47.169
46.7829
46.3781
45.9547
45.5116
45.051
44.5719
44.0754
43.5583
43.0221
42.4621
41.8787
41.2667
40.6263
39.9574
39.2518
38.5268
37.7448
36.9827
36.1089
35.3573
34.3617
33.6978
32.5416
31.9768
30.7811
52.4628
52.4298
52.3848
52.3257
52.252
52.1623
52.0567
51.9352
51.798
51.6457
51.4788
51.2976
51.1018
50.8914
50.6655
50.4236
50.1647
49.8882
49.593
49.2786
48.9444
48.59
48.2154
47.8206
47.406
46.9718
46.5189
46.0479
45.5582
45.0507
44.5255
43.9832
43.422
42.8418
42.2388
41.6126
40.9594
40.2777
39.5687
38.8234
38.0603
37.2417
36.4435
35.5385
34.7525
33.7335
33.0359
31.8658
31.2709
30.0518
53.6646
53.5967
53.5169
53.4244
53.3177
53.1955
53.0573
52.9029
52.7321
52.5451
52.3424
52.124
51.8898
51.6398
51.3731
51.0893
50.7875
50.4671
50.1272
49.7674
49.3874
48.9869
48.566
48.125
47.6644
47.1846
46.6866
46.171
45.6379
45.0877
44.5202
43.9356
43.3341
42.7142
42.0726
41.4082
40.718
39.9997
39.2552
38.475
37.6783
36.8278
35.9979
35.0659
34.2498
33.2109
32.4836
31.3023
30.6816
29.4466
54.8778
54.7731
54.6571
54.5294
54.3882
54.2318
54.0596
53.8708
53.6651
53.4426
53.2032
52.9471
52.6742
52.3844
52.0771
51.7516
51.4073
51.0437
50.66
50.2561
49.8316
49.3866
48.9213
48.4362
47.932
47.4092
46.8689
46.3119
45.7384
45.1488
44.5432
43.9199
43.2817
42.6261
41.9499
41.2515
40.5286
39.778
39.0023
38.1917
37.3655
36.4874
35.6299
34.6745
33.8322
32.7765
32.0233
30.8328
30.1902
28.9438
56.09
55.9471
55.7937
55.6295
55.4523
55.2605
55.053
54.8286
54.5869
54.3278
54.051
53.7568
53.4449
53.1153
52.7673
52.4005
52.0142
51.6081
51.1817
50.7347
50.2673
49.7795
49.2717
48.7447
48.1992
47.6361
47.0562
46.4607
45.85
45.2242
44.5836
43.9262
43.2542
42.567
41.8601
41.1317
40.38
39.6011
38.7983
37.9613
37.1097
36.2078
35.3264
34.3512
33.4863
32.4162
31.6406
30.4424
29.781
28.5267
57.2907
57.1086
56.9166
56.7147
56.5006
56.2722
56.0281
55.7671
55.4885
55.1919
54.8773
54.5445
54.1934
53.8239
53.4355
53.0277
52.6001
52.1523
51.6841
51.1955
50.6866
50.1577
49.6095
49.0428
48.4584
47.8574
47.2408
46.6097
45.9647
45.3059
44.6337
43.9462
43.2436
42.5284
41.7946
41.0399
40.2631
39.46
38.6338
37.7742
36.9008
35.9788
35.0772
34.0851
33.2009
32.1188
31.3241
30.1196
29.4422
28.1819
58.4702
58.2482
58.017
57.7764
57.5245
57.2586
56.977
56.6784
56.362
56.0274
55.6743
55.3027
54.9123
54.5031
54.0745
53.6263
53.158
52.6696
52.1608
51.6319
51.0831
50.515
49.9284
49.3241
48.7032
48.0669
47.4163
46.7525
46.0762
45.3876
44.6868
43.9724
43.2434
42.5037
41.7462
40.969
40.1707
39.3469
38.5009
37.6224
36.7308
35.792
34.8734
33.8673
32.9669
31.8748
31.064
29.8543
29.1634
27.8988
59.6202
59.3578
59.0867
58.807
58.5164
58.2123
57.8923
57.5554
57.2006
56.8275
56.4357
56.0251
55.5955
55.1467
54.6785
54.1905
53.6824
53.1543
52.6062
52.0385
51.4516
50.8462
50.2231
49.5836
48.9287
48.2597
47.5778
46.8841
46.1794
45.4639
44.7377
43.9995
43.2482
42.4869
41.7093
40.9129
40.0965
39.2555
38.3932
37.4992
36.5926
35.6402
34.7078
33.6904
32.7767
31.6766
30.8525
29.6386
28.9367
27.6686
60.7331
60.43
60.1187
59.7994
59.4698
59.1266
58.7677
58.3919
57.9983
57.5864
57.1557
56.7061
56.2375
55.7497
55.2423
54.7153
54.1684
53.6019
53.0159
52.411
51.7878
51.147
50.4898
49.8173
49.1307
48.4317
47.7211
47.0004
46.2701
45.5307
44.7821
44.0229
43.253
42.4735
41.6789
40.8665
40.0354
39.1805
38.305
37.3988
36.4805
35.5175
34.5741
33.5479
32.6237
31.5173
30.6824
29.4653
28.7544
27.4837
61.8019
61.4581
61.1065
60.7474
60.3784
59.9957
59.5975
59.1824
58.7498
58.2989
57.8294
57.3411
56.8338
56.3075
55.7618
55.1967
54.6122
54.0086
53.3863
52.7459
52.0882
51.4141
50.7249
50.0218
49.3061
48.5795
47.8429
47.0978
46.3448
45.5845
44.8162
44.0392
43.2545
42.4594
41.6508
40.8257
39.9829
39.1172
38.2318
37.3163
36.3892
35.4184
34.4669
33.4342
32.502
31.3912
30.5479
29.3286
28.6107
27.3379
62.8206
62.4361
62.0443
61.6453
61.2366
60.8142
60.3763
59.922
59.4502
58.9605
58.4524
57.9258
57.3805
56.8164
56.2333
55.6313
55.0104
54.3713
53.7143
53.0403
52.3501
51.6448
50.9258
50.1945
49.4521
48.7005
47.9405
47.1739
46.4008
45.6223
44.8372
44.0461
43.2486
42.4411
41.6215
40.7865
39.935
39.0615
38.1691
37.2473
36.3143
35.3383
34.3814
33.3445
32.4068
31.2931
30.4435
29.2229
28.4999
27.2256
63.7831
63.3584
62.9266
62.4879
62.0394
61.5771
61.0996
60.6061
60.0954
59.5672
59.0211
58.4568
57.8742
57.2733
56.6539
56.0162
55.3606
54.6875
53.9976
53.2919
52.5713
51.837
51.0905
50.3333
49.5666
48.7926
48.0117
47.2262
46.4357
45.6421
44.8439
44.0414
43.2327
42.4156
41.5878
40.7458
39.8884
39.0099
38.1133
37.1879
36.2517
35.2731
34.3133
33.2744
32.3334
31.2184
30.3647
29.1438
28.4176
27.1421
64.6844
64.2198
63.7485
63.2704
62.782
62.28
61.7632
61.2308
60.6817
60.1156
59.5321
58.931
58.3121
57.6755
57.0211
56.3493
55.6604
54.9552
54.2343
53.4988
52.75
51.9889
51.2173
50.4366
49.648
48.8541
48.0548
47.2533
46.4488
45.6432
44.8339
44.0215
43.2044
42.3804
41.547
40.7007
39.84
38.9591
38.061
37.1346
36.1978
35.2191
34.2587
33.2198
32.2778
31.163
30.3071
29.0867
28.3589
27.0828
65.5194
65.0156
64.5054
63.9882
63.4601
62.9189
62.3633
61.7926
61.2059
60.6027
59.9827
59.3458
58.6918
58.0209
57.333
56.6287
55.9083
55.1728
54.4229
53.6599
52.885
52.0994
51.3049
50.5031
49.695
48.8842
48.0698
47.2553
46.4388
45.6223
44.8043
43.9845
43.1616
42.3331
41.4966
40.6485
39.7871
38.9064
38.0091
37.0843
36.1493
35.1726
34.2141
33.1774
32.2363
31.1231
30.267
29.0482
28.3207
27.0444
66.2836
65.7415
65.193
64.637
64.0699
63.4901
62.8966
62.2884
61.665
61.0258
60.3705
59.6991
59.0115
58.3077
57.5881
56.8531
56.103
55.3392
54.5625
53.7739
52.9753
52.1673
51.3521
50.5325
49.7083
48.8832
48.0557
47.2291
46.4029
45.5779
44.7535
43.9287
43.1023
42.2717
41.4346
40.5869
39.7271
38.8489
37.955
37.0339
36.1031
35.1307
34.1761
33.1435
32.2056
31.0954
30.2411
29.0252
28.2998
27.0241
66.9726
66.3931
65.8072
65.2129
64.6078
63.9905
63.36
62.7156
62.0567
61.3827
60.6936
59.9892
59.2695
58.5347
57.785
57.0213
56.2436
55.4535
54.652
53.8399
53.0204
52.1934
51.361
50.5256
49.687
48.8485
48.01
47.1738
46.34
45.5089
44.6801
43.8526
43.0249
42.1944
41.3588
40.5138
39.6578
38.7843
37.8959
36.9808
36.0562
35.0902
34.1417
33.1152
32.1824
31.0768
30.2266
29.015
28.2927
27.0184
67.5824
66.9668
66.3442
65.7126
65.0707
64.4171
63.7511
63.0719
62.3789
61.6718
60.9505
60.2147
59.4648
58.7007
57.923
57.1324
56.329
55.5147
54.6919
53.8599
53.0222
52.1778
51.3297
50.4797
49.6288
48.7794
47.9321
47.0886
46.2492
45.4142
44.5831
43.7549
42.9279
42.0997
41.2675
40.4273
39.5771
38.7104
37.8295
36.9224
36.0062
35.0484
34.1081
33.0894
32.1637
31.0648
30.22
29.0135
28.2952
27.023
68.1091
67.4587
66.8003
66.1329
65.4558
64.7676
64.0677
63.3553
62.6299
61.8915
61.1398
60.3745
59.5962
58.8047
58.0008
57.1864
56.3608
55.5259
54.6835
53.8333
52.978
52.1185
51.2568
50.3947
49.5336
48.6756
47.8215
46.9727
46.1298
45.2929
44.4615
43.6344
42.8101
41.9859
41.1591
40.3255
39.483
38.625
37.7536
36.8565
35.9506
35.0029
34.0727
33.0635
32.1464
31.0559
30.2177
29.0175
28.3049
27.0356
68.5492
67.8654
67.1725
66.4713
65.7608
65.0398
64.3079
63.5643
62.8085
62.0407
61.2602
60.4671
59.6632
58.8477
58.0213
57.1855
56.3394
55.4853
54.6245
53.7581
52.888
52.0154
51.1423
50.2704
49.4012
48.5366
47.6778
46.8258
45.9812
45.1442
44.3143
43.4902
42.6703
41.8518
41.0322
40.207
39.3739
38.5264
37.6662
36.7809
35.887
34.9513
34.0329
33.0348
32.1282
31.0469
30.2172
29.0245
28.3191
27.0536
68.8995
68.1835
67.4585
66.7256
65.9839
65.2322
64.4702
63.6972
62.9127
62.118
61.3123
60.4953
59.6687
58.8309
57.9833
57.1272
56.2627
55.3916
54.5152
53.6348
52.7521
51.8686
50.9863
50.1067
49.2315
48.3625
47.5007
46.6474
45.803
44.9676
44.1408
43.3213
42.5074
41.6964
40.8854
40.0701
39.2482
38.4127
37.5654
36.6935
35.8134
34.8914
33.9867
33.0013
32.1068
31.0364
30.2163
29.0324
28.3356
27.075
69.1571
68.411
67.6562
66.8937
66.1227
65.3422
64.5532
63.7543
62.9451
62.1268
61.2976
60.4582
59.6097
58.7518
57.8854
57.0117
56.1311
55.2454
54.3557
53.4636
52.5706
51.6785
50.789
49.9039
49.0247
48.153
47.2902
46.4372
45.5947
44.7626
43.9405
43.1271
42.3207
41.5185
40.7176
39.9138
39.1043
38.2824
37.4495
36.5926
35.7279
34.8212
33.9317
32.9607
32.0799
31.0222
30.2127
29.0389
28.352
27.0976
69.3187
68.5449
67.7627
66.9743
66.1779
65.3728
64.5599
63.7371
62.9049
62.0639
61.2135
60.3542
59.4866
58.611
57.7282
56.8393
55.9451
55.0471
54.1465
53.245
52.3441
51.4455
50.5509
49.6621
48.7808
47.9084
47.0462
46.1953
45.3562
44.5289
43.7129
42.9069
42.1093
41.3172
40.5278
39.7366
38.941
38.134
37.3169
36.4764
35.6287
34.7387
33.8662
32.911
32.0457
31.002
30.205
29.0422
28.3666
27.1196
69.3846
68.5872
67.7816
66.9701
66.1504
65.3226
64.487
63.6428
62.7901
61.9294
61.0604
60.1836
59.2996
58.4088
57.5122
56.6107
55.7053
54.7974
53.8883
52.9796
52.0729
51.1699
50.2723
49.3818
48.5001
47.6287
46.7688
45.9215
45.0872
44.2661
43.4575
42.6603
41.8726
41.0919
40.3151
39.5377
38.7572
37.9662
37.1663
36.3435
35.5141
34.6424
33.7882
32.8504
32.0021
30.9738
30.1915
29.0404
28.3773
27.1392
69.3556
68.5371
67.7105
66.8776
66.0374
65.1896
64.3344
63.4716
62.6012
61.7235
60.8386
59.9471
59.0493
58.1461
57.2382
56.3266
55.4124
54.497
53.5817
52.6681
51.7577
50.8524
49.9536
49.0634
48.1831
47.3143
46.4582
45.6159
44.7878
43.9741
43.1741
42.3867
41.6102
40.8418
40.0786
39.3162
38.5517
37.778
36.9963
36.1925
35.3826
34.5306
33.6962
32.7773
31.9474
30.9362
30.1699
29.0328
28.3827
27.155
69.2289
68.3923
67.5476
66.6967
65.8389
64.9741
64.1025
63.224
62.3386
61.4469
60.5489
59.6453
58.7366
57.8235
56.9069
55.9878
55.0673
54.1468
53.2275
52.3112
51.3993
50.4935
49.5956
48.7073
47.83
46.9654
46.1146
45.2787
44.4581
43.6529
42.8626
42.0861
41.3216
40.5665
39.8179
39.0712
38.3238
37.5683
36.8059
36.0221
35.233
34.4019
33.5886
32.6901
31.8802
30.8875
30.1387
29.0175
28.3811
27.1654
69.0047
68.1531
67.2935
66.4277
65.5555
64.6768
63.7917
62.9005
62.0032
61.1004
60.1922
59.2794
58.3624
57.4422
56.5194
55.5954
54.671
53.7476
52.8267
51.9098
50.9984
50.0942
49.1988
48.3141
47.4415
46.5825
45.7384
44.91
44.098
43.3025
42.5229
41.7582
41.0066
40.2656
39.5324
38.8023
38.0728
37.3363
36.5941
35.8314
35.0642
34.2551
33.4643
32.5874
31.7989
30.8264
30.0965
28.993
28.3721
27.1694
68.6836
67.82
66.9486
66.0713
65.1879
64.2983
63.403
62.5021
61.596
60.685
59.7695
58.8503
57.9279
57.0031
56.0769
55.1503
54.2244
53.3006
52.3802
51.4648
50.5558
49.6551
48.7641
47.8846
47.0181
46.1662
45.3299
44.5104
43.7081
42.9231
42.1551
41.403
40.6651
39.9389
39.2217
38.509
37.7981
37.0814
36.3602
35.6194
34.8751
34.0892
33.3219
32.4681
31.7024
30.7515
30.0419
28.9576
28.3539
27.1662
68.2661
67.3938
66.514
65.6284
64.737
63.8399
62.9375
62.0301
61.1181
60.2019
59.2821
58.3593
57.4342
56.5076
55.5805
54.6539
53.7289
52.8069
51.8892
50.9773
50.0727
49.1771
48.2922
47.4195
46.5606
45.717
44.8898
44.0802
43.2885
42.5151
41.7594
41.0206
40.2971
39.5864
38.8858
38.191
37.4993
36.8031
36.1036
35.3855
34.6649
33.9032
33.1607
32.3312
31.5896
30.6618
29.974
28.9109
28.325
27.1552
67.7534
66.8758
65.9908
65.1003
64.2041
63.3027
62.3965
61.4857
60.5709
59.6526
58.7313
57.8078
56.8827
55.957
55.0315
54.1073
53.1856
52.2676
51.3547
50.4483
49.55
48.6614
47.784
46.9197
46.0697
45.2357
44.4188
43.62
42.8399
42.0787
41.3362
40.6114
39.9028
39.2081
38.5247
37.8482
37.1762
36.501
35.8238
35.1292
34.4332
33.6965
32.9797
32.1758
31.4595
30.5564
29.8915
28.8515
28.2842
27.135
67.1466
66.2672
65.3805
64.4884
63.5909
62.6884
61.7815
60.8705
59.956
59.0386
58.1187
57.1973
56.275
55.3527
54.4314
53.5121
52.5959
51.6841
50.778
49.8791
48.9888
48.1089
47.2407
46.3861
45.5464
44.7231
43.9175
43.1305
42.3629
41.6147
40.886
40.1757
39.4825
38.8042
38.1384
37.4807
36.8288
36.175
35.5207
34.85
34.1793
33.4686
32.7785
32.0013
31.3115
30.4346
29.7938
28.7792
28.2307
27.1053
66.4476
65.5697
64.6847
63.7944
62.8989
61.9987
61.0943
60.1863
59.2751
58.3615
57.446
56.5295
55.6126
54.6964
53.7817
52.8696
51.9612
51.0577
50.1605
49.271
48.3905
47.5209
46.6634
45.8198
44.9916
44.1802
43.3869
42.6127
41.8582
41.1238
40.4093
39.7141
39.0368
38.3753
37.7274
37.0888
36.4573
35.8253
35.1942
34.548
33.9031
33.2191
32.5565
31.8071
31.1449
30.2957
29.6802
28.6929
28.1634
27.0655
65.658
64.7852
63.9054
63.0203
62.1302
61.2355
60.3369
59.4349
58.5301
57.6232
56.715
55.8061
54.8974
53.9898
53.0841
52.1816
51.2832
50.3901
49.5037
48.6254
47.7565
46.8986
46.0533
45.2222
44.4066
43.6082
42.8281
42.0674
41.3268
40.6068
39.9072
39.2274
38.5663
37.9219
37.2921
36.6729
36.062
35.452
34.8445
34.2232
33.6046
32.9479
32.3136
31.593
30.9595
30.1395
29.5503
28.5925
28.0824
27.0149
64.7802
63.9159
63.0447
62.1682
61.2868
60.4009
59.5112
58.6183
57.723
56.8258
55.9276
55.0291
54.1312
53.2347
52.3405
51.4498
50.5635
49.6829
48.8092
47.9438
47.0881
46.2437
45.4119
44.5944
43.7927
43.0083
42.2423
41.4959
40.7699
40.0648
39.3805
38.7165
38.072
37.4449
36.8334
36.2336
35.6436
35.0557
34.4719
33.8758
33.2839
32.6551
32.0497
31.3589
30.7548
29.9655
29.4037
28.4774
27.9873
26.9526
63.8164
62.9643
62.1051
61.2406
60.3711
59.4972
58.6196
57.739
56.856
55.9715
55.0861
54.2006
53.316
52.4331
51.5528
50.6761
49.8041
48.9379
48.0788
47.2281
46.3872
45.5576
44.7407
43.9381
43.1513
42.3818
41.6308
40.8995
40.1887
39.499
38.8304
38.1826
37.5548
36.9452
36.3522
35.7719
35.2027
34.6371
34.0772
33.5064
32.9415
32.341
31.765
31.1049
30.5311
29.7739
29.2402
28.3477
27.8782
26.8786
62.7695
61.9329
61.0892
60.24
59.3857
58.527
57.6646
56.7992
55.9316
55.0625
54.1926
53.3229
52.4541
51.5872
50.723
49.8625
49.0068
48.157
47.3143
46.48
45.6555
44.8421
44.0414
43.255
42.4842
41.7305
40.9953
40.2798
39.5848
38.9109
38.2584
37.627
37.0161
36.4242
35.8496
35.2888
34.7404
34.197
33.6609
33.1156
32.5778
32.0061
31.4599
30.8313
30.2884
29.5646
29.0598
28.2032
27.7549
26.7926
61.6423
60.8247
59.9998
59.1693
58.3335
57.4931
56.6489
55.8018
54.9523
54.1014
53.2498
52.3984
51.5479
50.6993
49.8535
49.0114
48.174
47.3425
46.5179
45.7016
44.8949
44.0993
43.3161
42.5468
41.793
41.0562
40.3376
39.6384
38.9597
38.3021
37.666
37.0513
36.4575
35.8831
35.3269
34.7856
34.2579
33.7367
33.2243
32.7044
32.1938
31.651
31.135
30.5385
30.0271
29.3382
28.8627
28.0443
27.6177
26.6948
60.4382
59.643
58.8402
58.0315
57.2173
56.3984
55.5755
54.7495
53.9211
53.0911
52.2604
51.4297
50.6
49.772
48.9467
48.125
47.3079
46.4965
45.6918
44.8952
44.1078
43.3312
42.5667
41.8158
41.08
40.3608
39.6594
38.9773
38.3154
37.6745
37.0551
36.4572
35.8804
35.3237
34.7859
34.2638
33.7567
33.2573
32.7686
32.274
31.7906
31.2768
30.7911
30.2273
29.7477
29.0949
28.6493
27.8711
27.4667
26.5853
59.1606
58.3911
57.6137
56.8301
56.0406
55.2462
54.4475
53.6454
52.8408
52.0344
51.2271
50.4197
49.613
48.8079
48.0052
47.206
46.411
45.6215
44.8383
44.0629
43.2963
42.5401
41.7954
41.064
40.3471
39.6464
38.9631
38.2986
37.6539
37.0301
36.4276
35.8466
35.287
34.7478
34.2282
33.7252
33.2383
32.7606
32.2952
31.8257
31.3692
30.8846
30.4293
29.8986
29.451
28.8356
28.42
27.6843
27.3021
26.4648
57.675
56.9373
56.1913
55.4386
54.6797
53.9154
53.1465
52.3738
51.5983
50.8207
50.0418
49.2626
48.4837
47.7062
46.9307
46.1583
45.3898
44.6263
43.8687
43.1183
42.3763
41.6439
40.9225
40.2137
39.5188
38.8394
38.1769
37.5325
36.9075
36.3029
35.7194
35.1573
34.6167
34.0968
33.5972
33.115
32.6502
32.196
31.7558
31.3136
30.8864
30.4336
30.0115
29.5175
29.1053
28.5319
28.1494
27.4622
27.1049
26.3184
55.9351
55.2362
54.5285
53.8134
53.0917
52.364
51.6312
50.8943
50.154
49.4112
48.6667
47.9214
47.1762
46.4317
45.6889
44.9487
44.2119
43.4795
42.7525
42.032
41.3193
40.6155
39.9219
39.2402
38.5715
37.9176
37.2797
36.6594
36.0577
35.4759
34.9147
34.3745
33.8559
33.358
32.8809
32.4219
31.9813
31.5526
31.1397
30.7268
30.3309
29.9121
29.5253
29.0708
28.6961
28.1686
27.8216
27.188
26.8585
26.1275
54.0873
53.4307
52.7648
52.091
51.4099
50.7222
50.0289
49.3309
48.629
47.9241
47.2171
46.5088
45.7999
45.0914
44.384
43.6787
42.9762
42.2775
41.5835
40.8954
40.2143
39.5414
38.878
38.2255
37.5854
36.959
36.3479
35.7535
35.177
34.6196
34.0823
33.5656
33.0701
32.5953
32.1414
31.7061
31.29
30.8869
30.501
30.1168
29.7514
29.3657
29.0131
28.5971
28.2589
27.7765
27.4645
26.8838
26.5828
25.9067
52.1481
51.5371
50.9162
50.2866
49.6491
49.0044
48.3536
47.6974
47.0367
46.3725
45.7056
45.0368
44.3669
43.6968
43.0273
42.3592
41.6933
41.0306
40.3719
39.7184
39.071
38.4311
37.7999
37.1787
36.5689
35.972
35.3895
34.8227
34.273
33.7416
33.2296
32.7376
32.2663
31.8155
31.3855
30.9744
30.5829
30.2053
29.846
29.4899
29.1542
28.8005
28.4809
28.1023
27.7994
27.3614
27.0835
26.555
26.2829
25.6612
50.1356
49.5729
48.9995
48.4168
47.8254
47.2263
46.6203
46.0083
45.3913
44.7701
44.1455
43.5185
42.8898
42.2603
41.6307
41.0018
40.3745
39.7497
39.1282
38.5111
37.8994
37.2943
36.6969
36.1087
35.531
34.9652
34.4128
33.8752
33.3538
32.8497
32.3642
31.8979
31.4518
31.0257
30.6202
30.2335
29.8668
29.5145
29.1814
28.8528
28.5457
28.223
27.9351
27.5926
27.3235
26.9289
26.6837
26.2066
25.963
25.3955
48.0694
47.5569
47.033
46.4992
45.956
45.4043
44.8452
44.2794
43.7078
43.1315
42.5512
41.9678
41.382
40.7948
40.2068
39.6188
39.0318
38.4464
37.8637
37.2845
36.7099
36.1411
35.5791
35.0253
34.481
33.9477
33.4267
32.9195
32.4275
31.9518
31.4938
31.0542
30.634
30.2332
29.8526
29.4906
29.1487
28.8214
28.5139
28.212
27.9325
27.6397
27.3819
27.0743
26.8372
26.4849
26.2708
25.8443
25.6285
25.1146
45.9703
45.5093
45.0364
44.5528
44.0591
43.5564
43.0454
42.5272
42.0026
41.4725
40.9377
40.3992
39.8577
39.314
38.7689
38.2231
37.6775
37.1329
36.59
36.05
35.5136
34.9822
34.4566
33.9384
33.4286
32.9288
32.4403
31.9645
31.5028
31.0564
30.6267
30.2144
29.8207
29.4456
29.0902
28.7529
28.4356
28.133
27.8505
27.5745
27.3215
27.0573
26.8281
26.5538
26.3469
26.0354
25.8502
25.4734
25.2845
24.8229
43.8603
43.4515
43.0302
42.5976
42.1542
41.7011
41.2391
40.7692
40.2923
39.8093
39.321
38.8282
38.3317
37.8324
37.331
36.8282
36.3248
35.8216
35.3195
34.8193
34.322
33.8287
33.3404
32.8584
32.3839
31.9184
31.463
31.0193
30.5886
30.1721
29.7712
29.3867
29.0198
28.6707
28.3405
28.0279
27.7349
27.4566
27.1984
26.9474
26.7197
26.4826
26.2802
26.0375
25.8589
25.5867
25.4278
25.0999
24.9364
24.5257
41.7626
41.4058
41.0361
40.6543
40.2613
39.858
39.4452
39.0238
38.5949
38.1592
37.7175
37.2707
36.8197
36.365
35.9076
35.4481
34.9873
34.526
34.0649
33.605
33.1471
32.6923
32.2417
31.7964
31.3576
30.9266
30.5048
30.0936
29.6942
29.308
28.9361
28.5796
28.2397
27.9166
27.6115
27.3233
27.0542
26.7995
26.5648
26.3377
26.1339
25.9225
25.7451
25.5321
25.3797
25.1448
25.0102
24.7288
24.5896
24.2278
39.7007
39.3951
39.0762
38.7447
38.4014
38.0473
37.6832
37.31
36.9286
36.5398
36.1445
35.7435
35.3376
34.9275
34.5139
34.0976
33.6792
33.2597
32.8396
32.4199
32.0014
31.5851
31.1721
30.7634
30.3603
29.9641
29.5759
29.1972
28.8292
28.4732
28.1305
27.8019
27.4888
27.1914
26.9112
26.647
26.4012
26.1692
25.9571
25.7527
25.5714
25.384
25.2297
25.0444
24.9158
24.7161
24.6037
24.3662
24.2497
23.9344
37.6988
37.4429
37.1732
36.8906
36.5958
36.2897
35.9731
35.647
35.3122
34.9695
34.6197
34.2637
33.9022
33.5359
33.1654
32.7917
32.4152
32.0368
31.6572
31.2772
30.8976
30.5194
30.1436
29.7713
29.4036
29.0417
28.6869
28.3404
28.0035
27.6775
27.3635
27.0625
26.7758
26.5037
26.2478
26.0068
25.7836
25.5735
25.3827
25.1997
25.0393
24.8742
24.7408
24.5811
24.474
24.3069
24.2147
24.0178
23.9221
23.6506
35.7812
35.5726
35.3501
35.1143
34.866
34.606
34.3353
34.0546
33.7648
33.4667
33.1611
32.8487
32.5302
32.2065
31.8781
31.5458
31.2101
30.8719
30.5317
30.1905
29.849
29.5081
29.1687
28.832
28.4989
28.1707
27.8485
27.5337
27.2272
26.9305
26.6447
26.3706
26.1097
25.8621
25.6296
25.4111
25.2093
25.0199
24.8492
24.6861
24.5449
24.4001
24.2855
24.1488
24.061
23.9237
23.8495
23.6898
23.6131
23.382
33.9722
33.808
33.6298
33.4381
33.2337
33.0174
32.7901
32.5526
32.3057
32.0501
31.7867
31.5161
31.239
30.9561
30.6681
30.3756
30.0793
29.7797
29.4776
29.1738
28.869
28.5641
28.26
27.9577
27.6581
27.3625
27.072
26.7877
26.5107
26.2423
25.9837
25.7356
25.4994
25.2754
25.0652
24.8679
24.6864
24.5163
24.3642
24.2194
24.0955
23.9688
23.8707
23.7546
23.6836
23.5729
23.5145
23.3882
23.3282
23.1337
32.2955
32.1722
32.0348
31.8839
31.7202
31.5446
31.3578
31.1608
30.9541
30.7385
30.5148
30.2836
30.0456
29.8015
29.5518
29.2971
29.038
28.7752
28.5094
28.2412
27.9714
27.7008
27.4303
27.1608
26.8933
26.6288
26.3684
26.1133
25.8645
25.6232
25.3904
25.1669
24.9542
24.7523
24.5632
24.3857
24.2229
24.0706
23.9352
23.8068
23.6983
23.5875
23.5035
23.4054
23.3487
23.2613
23.2162
23.1194
23.0737
22.9118
30.7745
30.6878
30.5872
30.473
30.3463
30.2078
30.0583
29.8984
29.7289
29.5504
29.3635
29.169
28.9674
28.7594
28.5454
28.3261
28.1019
27.8736
27.6417
27.4069
27.1699
26.9316
26.6926
26.454
26.2166
25.9814
25.7494
25.5218
25.2994
25.0834
24.8748
24.6743
24.4834
24.302
24.1322
23.9728
23.8269
23.6905
23.57
23.456
23.3606
23.2633
23.1909
23.108
23.063
22.9952
22.9606
22.8894
22.8555
22.7216
29.4315
29.3766
29.3079
29.2259
29.132
29.0268
28.9108
28.7846
28.6488
28.504
28.3508
28.1898
28.0216
27.8466
27.6654
27.4785
27.2865
27.0898
26.8892
26.6852
26.4785
26.2699
26.0601
25.85
25.6404
25.4323
25.2265
25.0241
24.8261
24.6333
24.4469
24.2674
24.0963
23.9335
23.781
23.6376
23.5067
23.3839
23.2762
23.1742
23.0896
23.0032
22.9401
22.8691
22.8332
22.7811
22.754
22.7046
22.6801
22.5692
28.2871
28.2587
28.2168
28.1617
28.0967
28.0208
27.9343
27.838
27.7322
27.6175
27.4944
27.3634
27.2251
27.0799
26.9282
26.7705
26.6073
26.4392
26.2667
26.0905
25.9111
25.7294
25.546
25.3616
25.1771
24.9934
24.8113
24.6317
24.4555
24.2836
24.117
23.9561
23.8025
23.6558
23.5183
23.3886
23.2702
23.1589
23.0614
22.9688
22.8926
22.8143
22.758
22.6956
22.666
22.6255
22.6027
22.5707
22.5532
22.4603
27.359
27.3527
27.3325
27.2973
27.2586
27.208
27.147
27.0768
26.9973
26.9089
26.8121
26.7074
26.5953
26.476
26.3501
26.2179
26.08
25.9369
25.7891
25.6373
25.4819
25.3238
25.1635
25.0018
24.8394
24.677
24.5156
24.3559
24.1988
24.0452
23.8958
23.7509
23.6122
23.4792
23.3542
23.2355
23.127
23.0243
22.9344
22.8484
22.7778
22.7047
22.6523
22.5949
22.5687
22.5354
22.5144
22.495
22.4822
22.4018
26.657
26.6749
26.6717
26.6446
26.6367
26.6069
26.5667
26.5194
26.4625
26.3964
26.3218
26.2392
26.1491
26.0517
25.9475
25.8369
25.7204
25.5986
25.4719
25.341
25.2062
25.0684
24.9279
24.7856
24.642
24.498
24.354
24.2111
24.0697
23.9306
23.7947
23.6623
23.5351
23.4122
23.2963
23.1854
23.0837
22.9864
22.9011
22.8186
22.7506
22.6796
22.6284
22.5724
22.5467
22.5159
22.4955
22.4823
22.4721
22.3985
26.2549
26.2756
26.251
26.2416
26.2543
26.2353
26.2101
26.1844
26.1468
26.0991
26.0426
25.978
25.9057
25.8261
25.7393
25.6459
25.5463
25.4412
25.331
25.2164
25.0976
24.9755
24.8504
24.7231
24.5939
24.4638
24.3333
24.203
24.0736
23.9457
23.8202
23.6971
23.578
23.4622
23.3522
23.246
23.1479
23.0529
22.969
22.8867
22.8184
22.7463
22.6933
22.6348
22.6069
22.5737
22.5535
22.5398
22.5299
22.4576
26.1551
26.171
26.1392
26.1313
26.1433
26.1071
26.0902
26.0928
26.0704
26.0358
25.9919
25.9397
25.8795
25.8119
25.7372
25.6558
25.5684
25.4753
25.3772
25.2744
25.1674
25.0568
24.943
24.8266
24.7081
24.588
24.467
24.3456
24.2243
24.1037
23.9847
23.867
23.7524
23.6398
23.5322
23.4268
23.3287
23.2324
23.1464
23.0607
22.9887
22.9121
22.8543
22.7893
22.7561
22.7157
22.6947
22.6741
22.662
22.5853
26.366
26.3768
26.3426
26.3309
26.3341
26.2906
26.2678
26.2705
26.2562
26.2275
26.1894
26.1432
26.0893
26.0281
25.9599
25.8853
25.8047
25.7186
25.6274
25.5316
25.4315
25.3277
25.2205
25.1104
24.9978
24.8833
24.7673
24.6504
24.5329
24.4153
24.2984
24.1819
24.0677
23.9542
23.8447
23.7363
23.6343
23.5327
23.4409
23.3479
23.2687
23.1837
23.1182
23.0427
23.0013
22.9487
22.9248
22.8916
22.8754
22.7888
26.9151
26.9154
26.8916
26.8685
26.8453
26.8055
26.7554
26.7523
26.7274
26.6942
26.6538
26.6064
26.552
26.4909
26.4233
26.3496
26.2702
26.1855
26.0959
26.0017
25.9034
25.8012
25.6955
25.5868
25.4752
25.3614
25.2456
25.1283
25.0099
24.8906
24.7713
24.6514
24.5329
24.4141
24.2985
24.1826
24.0725
23.9614
23.8599
23.7556
23.6655
23.5682
23.4917
23.4018
23.3492
23.2798
23.2498
23.1991
23.1766
23.0748
27.8072
27.7905
27.7547
27.7164
27.6756
27.6281
27.579
27.541
27.4984
27.4519
27.4009
27.3447
27.2829
27.2152
27.1418
27.0629
26.9787
26.8896
26.7958
26.6978
26.5956
26.4897
26.3801
26.2674
26.1517
26.0333
25.9126
25.7899
25.6655
25.5395
25.4128
25.2846
25.1571
25.0281
24.9017
24.7738
24.6512
24.5262
24.4108
24.2909
24.1862
24.0724
23.9818
23.8737
23.807
23.7166
23.6772
23.6045
23.5737
23.4522
29.0597
29.0119
28.9517
28.8916
28.8305
28.7668
28.7025
28.6404
28.5767
28.5111
28.4428
28.3709
28.2947
28.2138
28.1281
28.0376
27.9425
27.8429
27.7391
27.6313
27.5196
27.4042
27.2853
27.163
27.0376
26.9093
26.7783
26.6448
26.5091
26.3711
26.2318
26.0901
25.9485
25.8044
25.6623
25.5175
25.3779
25.2345
25.101
24.9613
24.8381
24.7036
24.5955
24.4658
24.3823
24.267
24.2152
24.1161
24.0751
23.9293
30.6667
30.586
30.495
30.407
30.3201
30.2326
30.145
30.0575
29.969
29.8793
29.7879
29.694
29.5971
29.4965
29.3921
29.2838
29.1716
29.0555
28.9357
28.8122
28.6851
28.5545
28.4204
28.283
28.1422
27.9984
27.8515
27.7016
27.5491
27.3937
27.2364
27.0758
26.9148
26.7504
26.5877
26.4212
26.2599
26.0934
25.9377
25.7739
25.6286
25.4695
25.3407
25.1861
25.0833
24.9401
24.8729
24.7442
24.6914
24.5176
32.6318
32.5158
32.3896
32.2682
32.1497
32.032
31.9147
31.7975
31.6796
31.5609
31.4411
31.3196
31.196
31.0698
30.9406
30.8085
30.6731
30.5346
30.3929
30.248
30.0997
29.9482
29.7933
29.635
29.4733
29.3083
29.1398
28.968
28.793
28.6145
28.4337
28.2489
28.0632
27.8734
27.6851
27.4919
27.3044
27.1105
26.9285
26.7367
26.5659
26.3785
26.2262
26.0433
25.9193
25.746
25.6612
25.5005
25.434
25.2292
34.9572
34.7992
34.6329
34.4731
34.3178
34.1645
34.0123
33.8605
33.7085
33.5561
33.403
33.2489
33.0933
32.936
32.7767
32.6152
32.4512
32.2848
32.1157
31.9439
31.769
31.5911
31.4099
31.2252
31.037
30.8451
30.6495
30.45
30.247
30.0399
29.8301
29.6156
29.4002
29.1798
28.9612
28.7368
28.5189
28.2935
28.0817
27.8584
27.6593
27.4404
27.2625
27.0485
26.902
26.6966
26.5932
26.399
26.3182
26.0811
37.6283
37.4238
37.2138
37.0122
36.8162
36.6231
36.4317
36.2413
36.0511
35.8608
35.6702
35.4791
35.2873
35.0944
34.9003
34.7047
34.5075
34.3083
34.107
33.9033
33.6968
33.4873
33.2745
33.0582
32.838
32.6138
32.3856
32.153
31.9165
31.6754
31.4313
31.1822
30.9321
30.6765
30.4232
30.1635
29.9117
29.6512
29.4068
29.1491
28.9197
28.6671
28.4623
28.2155
28.0462
27.8072
27.6854
27.4572
27.3621
27.0924
40.6241
40.37
40.1149
39.8697
39.631
39.3957
39.1625
38.9305
38.6991
38.4679
38.2368
38.0056
37.7741
37.5422
37.3097
37.0764
36.842
36.6061
36.3684
36.1284
35.8858
35.6401
35.3909
35.1378
34.8806
34.6189
34.3528
34.0817
33.8067
33.5265
33.2434
32.9549
32.6658
32.371
32.0795
31.7812
31.4927
31.1947
30.9159
30.6221
30.3615
30.0743
29.8424
29.5625
29.3711
29.099
28.9603
28.6989
28.5913
28.2916
43.7869
43.4838
43.1867
42.9005
42.6209
42.3446
42.0704
41.7975
41.5252
41.2532
40.9815
40.7099
40.4385
40.1671
39.8955
39.6234
39.3505
39.0763
38.8004
38.5221
38.2408
37.9562
37.6677
37.3748
37.0772
36.7747
36.4675
36.155
35.8384
35.5164
35.1918
34.8618
34.5322
34.1967
33.8664
33.529
33.204
32.869
32.5569
32.2284
31.9384
31.6188
31.3623
31.0521
30.8417
30.5402
30.3882
30.0977
29.9816
29.6567
46.9724
46.6296
46.2952
45.9728
45.6568
45.3435
45.032
44.7213
44.411
44.1007
43.7907
43.481
43.1715
42.8622
42.5529
42.2431
41.9326
41.6204
41.3063
40.9893
40.6687
40.3443
40.0152
39.6813
39.3422
38.9978
38.6483
38.2934
37.9347
37.5707
37.2049
36.8339
36.4646
36.0901
35.7226
35.3484
34.9897
34.6208
34.2788
33.9195
33.6043
33.2569
32.9804
32.6452
32.4205
32.0959
31.9353
31.6232
31.504
31.1627
50.2021
49.8284
49.4636
49.1113
48.7643
48.4189
48.0741
47.7293
47.384
47.0384
46.6929
46.3473
46.0019
45.6565
45.3109
44.9644
44.6167
44.2667
43.9139
43.5574
43.1966
42.831
42.4601
42.0837
41.7017
41.3142
40.9217
40.5239
40.1228
39.7171
39.3107
38.9
38.4929
38.0814
37.6796
37.2718
36.8829
36.4842
36.1169
35.7316
35.3961
35.0268
34.7356
34.3822
34.1485
33.8087
33.6449
33.3207
33.2044
32.855
53.454
53.0588
52.6724
52.2977
51.9264
51.5544
51.1814
50.8069
50.4308
50.0535
49.6757
49.2973
48.9185
48.5392
48.1588
47.7767
47.3923
47.0045
46.6127
46.216
45.8139
45.4061
44.9923
44.5725
44.147
43.716
43.2806
42.8405
42.3983
41.9525
41.5078
41.0602
40.6185
40.1739
39.742
39.3055
38.8918
38.4689
38.0821
37.6776
37.3283
36.9446
36.6454
36.2822
36.046
35.7013
35.5406
35.2172
35.1117
34.7652
56.721
56.3147
55.9163
55.5275
55.139
54.7466
54.3508
53.9514
53.5488
53.1438
52.7372
52.329
51.9195
51.508
51.0942
50.6771
50.2561
49.8301
49.3985
48.9607
48.5163
48.0653
47.608
47.1445
46.6756
46.2018
45.7247
45.2442
44.7634
44.2807
43.8015
43.3214
42.8501
42.3779
41.9221
41.4632
41.0316
40.5919
40.1933
39.7778
39.4228
39.0339
38.735
38.3726
38.1418
37.8044
37.6553
37.348
37.2623
36.9278
60.0116
59.6058
59.2047
58.8099
58.411
58.0042
57.5908
57.1711
56.7462
56.3172
55.885
55.4497
55.0111
54.5687
54.1219
53.6696
53.2113
52.7459
52.2732
51.793
51.3052
50.8105
50.3094
49.8026
49.2915
48.7768
48.2607
47.7432
47.228
46.7132
46.205
45.6986
45.2044
44.712
44.2398
43.767
43.3258
42.8786
42.4774
42.061
41.7098
41.3272
41.0381
40.6894
40.4733
40.1589
40.0314
39.7593
39.7038
39.3919
63.3494
62.9561
62.5601
62.1662
61.7628
61.3468
60.9203
60.4844
60.0409
59.5909
59.1355
58.6744
58.2075
57.7339
57.2531
56.7641
56.2666
55.7599
55.2445
54.7204
54.1885
53.6498
53.1056
52.5571
52.0062
51.454
50.9032
50.3538
49.8101
49.2698
48.7402
48.2153
47.7069
47.2034
46.7243
46.2478
45.8074
45.3637
44.9709
44.5657
44.23
43.867
43.5996
43.28
43.09
42.8168
42.7242
42.5102
42.4936
42.212
66.7689
66.4039
66.0162
65.6283
65.2252
64.8039
64.3679
63.9191
63.4593
62.9901
62.5122
62.0251
61.5287
61.0219
60.5045
59.9759
59.4362
58.8858
58.3255
57.7564
57.18
56.5982
56.0128
55.4257
54.8392
54.2547
53.6753
53.1013
52.5371
51.9802
51.4384
50.9053
50.3931
49.8898
49.4152
48.9473
48.5197
48.093
47.7214
47.342
47.0356
46.7082
46.4763
46.2045
46.0545
45.8448
45.8027
45.6768
45.7023
45.4626
70.3192
69.9909
69.6156
69.2378
68.8382
68.4146
67.9714
67.5111
67.0361
66.5473
66.0455
65.5299
65.0002
64.4561
63.8976
63.3252
62.7398
62.1427
61.5359
60.9214
60.3015
59.6789
59.0561
58.4353
57.8195
57.2103
56.6108
56.0216
55.4471
54.8845
54.3424
53.8132
53.3101
52.8206
52.3641
51.9196
51.519
51.1255
50.7903
50.4542
50.1934
49.9206
49.7414
49.5399
49.4471
49.3261
49.3531
49.3106
49.421
49.2403
74.0574
73.77
73.4105
73.046
72.6515
72.2266
71.7766
71.3047
70.8127
70.3015
69.7712
69.2215
68.6524
68.0645
67.459
66.8376
66.2026
65.5566
64.9026
64.2438
63.5834
62.9245
62.2704
61.6237
60.9875
60.3636
59.7553
59.1631
58.591
58.0366
57.5084
56.9981
56.5197
56.0598
55.6378
55.2343
54.8773
54.5369
54.2555
53.9846
53.7887
53.5931
53.4877
53.3829
53.3686
53.3619
53.456
53.5134
53.7699
53.6822
78.05
77.8061
77.4636
77.1137
76.7245
76.297
75.8384
75.3515
74.8377
74.2972
73.7305
73.1377
72.5203
71.8805
71.221
70.5456
69.8578
69.1621
68.4623
67.7629
67.0674
66.3799
65.7038
65.0419
64.3975
63.7722
63.1693
62.5894
62.0356
61.5061
61.0091
60.5355
60.1005
59.6894
59.3216
58.98
58.6868
58.4236
58.2168
58.0387
57.9298
57.8375
57.8331
57.852
57.9419
58.0347
58.2997
58.4557
58.8894
58.96
82.3735
82.1746
81.8483
81.5125
81.1267
80.6928
80.22
79.711
79.1659
78.5848
77.9693
77.3213
76.6446
75.9436
75.2236
74.4902
73.7486
73.0051
72.264
71.5312
70.8101
70.1052
69.4203
68.7578
68.1213
67.5114
66.932
66.3834
65.8672
65.3832
64.9382
64.5232
64.1543
63.8145
63.5253
63.2704
63.0655
62.9098
62.8026
62.7525
62.7546
62.7916
62.9233
63.0552
63.3502
63.562
64.0584
64.347
65.0142
65.307
87.1186
86.965
86.6526
86.3276
85.9398
85.4916
84.9944
84.4505
83.8588
83.2205
82.54
81.822
81.0741
80.3033
79.5178
78.7255
77.9328
77.1475
76.3743
75.62
74.8873
74.1811
73.5052
72.8615
72.2532
71.6802
71.1469
70.6527
70.1979
69.7848
69.4167
69.0873
68.8119
68.5704
68.3912
68.2519
68.1671
68.1562
68.1793
68.2634
68.4368
68.6262
68.9663
69.2512
69.8036
70.1797
70.9754
71.452
72.4139
73.0073
92.4063
92.2855
91.9817
91.66
91.2599
90.7839
90.2451
89.6464
88.9858
88.2685
87.5033
86.6997
85.8696
85.023
84.1713
83.3239
82.4881
81.673
80.8827
80.125
79.4006
78.7151
78.0719
77.4717
76.9176
76.408
75.9493
75.538
75.174
74.8629
74.6022
74.3925
74.2442
74.1342
74.106
74.1139
74.1934
74.3353
74.5579
74.8239
75.2208
75.6119
76.218
76.7164
77.5922
78.1979
79.3712
80.1195
81.4497
82.4528
98.3878
98.2713
97.9608
97.6297
97.1997
96.6744
96.0683
95.3852
94.6264
93.804
92.9335
92.0301
91.1108
90.1879
89.276
88.3846
87.5214
86.6963
85.9116
85.176
84.4867
83.851
83.2713
82.7464
82.2792
81.8663
81.5177
81.2245
80.9886
80.8181
80.7025
80.6564
80.6763
80.7387
80.8901
81.1046
81.3979
81.7593
82.2283
82.7408
83.4202
84.0827
85.0267
85.8169
87.1035
88.0227
89.6808
90.8008
92.6102
94.1531
105.188
105.075
104.743
104.381
103.893
103.286
102.575
101.767
100.875
99.9201
98.9261
97.9143
96.9067
95.916
94.9597
94.0452
93.1805
92.3747
91.6279
90.9494
90.3309
89.7834
89.307
88.8977
88.5585
88.2843
88.0913
87.96
87.9001
87.9183
87.9962
88.1547
88.3965
88.699
89.0927
89.5679
90.1419
90.7941
91.5783
92.4186
93.4602
94.4853
95.8614
97.0453
98.8595
100.201
102.491
104.105
106.556
108.814
113.018
112.894
112.518
112.09
111.501
110.763
109.894
108.914
107.851
106.739
105.612
104.494
103.411
102.374
101.403
100.499
99.6722
98.9272
98.2629
97.6882
97.1873
96.7782
96.4567
96.2144
96.0557
95.9736
95.9946
96.0816
96.2588
96.523
96.867
97.2952
97.8267
98.4375
99.1543
99.9697
100.908
101.944
103.136
104.41
105.92
107.428
109.361
111.072
113.573
115.474
118.604
120.858
124.182
127.372
122.133
121.977
121.524
120.97
120.216
119.279
118.184
116.982
115.714
114.434
113.177
111.974
110.848
109.804
108.866
108.023
107.29
106.662
106.141
105.732
105.41
105.206
105.107
105.097
105.187
105.382
105.681
106.067
106.553
107.142
107.834
108.623
109.535
110.548
111.689
112.953
114.365
115.908
117.631
119.479
121.598
123.751
126.407
128.823
132.222
134.863
139.118
142.19
146.716
151.132
132.844
132.645
132.058
131.289
130.279
129.051
127.655
126.185
124.697
123.258
121.902
120.658
119.547
118.561
117.726
117.016
116.455
116.019
115.724
115.564
115.502
115.593
115.805
116.127
116.56
117.114
117.787
118.57
119.47
120.492
121.641
122.908
124.323
125.865
127.565
129.421
131.455
133.668
136.089
138.699
141.614
144.628
148.228
151.586
156.17
159.783
165.557
169.664
175.844
181.863
145.625
145.335
144.506
143.386
141.993
140.367
138.601
136.844
135.15
133.601
132.212
131.01
130.005
129.173
128.545
128.068
127.789
127.641
127.691
127.89
128.235
128.726
129.355
130.123
131.02
132.061
133.239
134.552
136.007
137.606
139.362
141.265
143.347
145.59
148.029
150.671
153.528
156.628
159.97
163.592
167.556
171.721
176.557
181.18
187.327
192.225
200.041
205.468
213.923
222.052
161.064
160.624
159.369
157.706
155.772
153.647
151.477
149.466
147.633
146.08
144.773
143.75
142.991
142.452
142.179
142.074
142.231
142.574
143.106
143.811
144.689
145.74
146.947
148.325
149.854
151.556
153.416
155.442
157.642
160.016
162.583
165.336
168.307
171.485
174.909
178.596
182.547
186.829
191.395
196.364
201.715
207.42
213.883
220.202
228.411
235.025
245.573
252.695
264.273
275.144
180.003
179.304
177.323
174.87
172.233
169.561
167.033
164.891
163.069
161.702
160.662
160.028
159.723
159.683
159.969
160.51
161.292
162.303
163.53
164.957
166.587
168.418
170.428
172.644
175.039
177.643
180.432
183.425
186.63
190.053
193.711
197.605
201.77
206.201
210.944
216.027
221.442
227.299
233.498
240.264
247.46
255.225
263.848
272.438
283.371
292.287
306.479
315.8
331.677
346.134
203.68
202.498
199.345
195.837
192.403
189.279
186.576
184.574
183.028
182.168
181.669
181.759
182.216
183.047
184.201
185.638
187.349
189.326
191.553
194.009
196.705
199.628
202.759
206.139
209.728
213.572
217.633
221.947
226.52
231.364
236.5
241.934
247.713
253.831
260.348
267.305
274.688
282.655
291.046
300.216
309.885
320.407
331.913
343.565
358.105
370.147
389.198
401.425
423.232
442.422
233.993
231.864
227.002
222.272
218.185
214.976
212.509
211.145
210.319
210.486
211.138
212.406
214.087
216.175
218.651
221.429
224.516
227.904
231.578
235.511
239.721
244.19
248.898
253.902
259.151
264.71
270.527
276.655
283.099
289.884
297.031
304.558
312.528
320.931
329.853
339.345
349.39
360.205
371.566
383.978
396.998
411.246
426.641
442.472
461.831
478.212
503.752
519.996
549.996
575.711
273.993
270.089
263.191
257.502
253.423
250.971
249.506
249.656
250.522
252.482
255.019
258.16
261.787
265.84
270.333
275.128
280.265
285.732
291.514
297.582
303.963
310.634
317.573
324.862
332.433
340.378
348.633
357.269
366.292
375.746
385.657
396.057
407.031
418.574
430.799
443.771
457.479
472.202
487.658
504.528
522.185
541.578
562.342
584.016
609.957
632.582
666.872
689.113
730.407
765.806
328.968
322.41
314.244
309.026
306.593
306.577
307.814
310.886
314.857
319.866
325.48
331.687
338.408
345.537
353.124
360.982
369.191
377.739
386.615
395.788
405.299
415.133
425.251
435.774
446.623
457.929
469.606
481.761
494.401
507.599
521.389
535.829
551.04
567.019
583.923
601.83
620.75
641.038
662.364
685.608
709.95
736.75
765.255
795.472
830.78
862.919
909.283
941.52
998.239
1049.86
409.433
401.961
396.63
396.032
398.653
404.396
411.355
419.827
429.196
439.488
450.226
461.433
473.077
485.027
497.381
509.929
522.761
535.901
549.357
563.095
577.186
591.619
606.36
621.582
637.199
653.395
670.062
687.366
705.318
724.042
743.583
764.047
785.612
808.272
832.253
857.651
884.526
913.332
943.702
976.772
1011.49
1049.79
1090.34
1134.05
1183.7
1231.64
1295.52
1346.74
1424.03
1507.54
544.68
550.627
562.333
575.698
591.674
608.853
626.622
645.064
663.87
683.148
702.4
721.726
741.223
760.791
780.622
800.446
820.44
840.679
861.213
882.022
903.237
924.856
946.874
969.546
992.792
1016.87
1041.67
1067.43
1094.19
1122.15
1151.39
1182.09
1214.51
1248.67
1284.89
1323.32
1364.11
1407.88
1454.22
1504.67
1557.84
1616.59
1678.59
1746.66
1821.4
1899.41
1991.59
2084.87
2188.05
2346.72
850.552
948.578
1026.48
1075.28
1118.78
1159.4
1197.41
1233.92
1269.47
1304.62
1338.87
1372.62
1406.24
1439.64
1473.17
1506.52
1540.03
1573.89
1608.24
1643.11
1678.75
1715.17
1752.44
1790.92
1830.61
1871.88
1914.65
1959.28
2005.92
2054.85
2106.3
2160.59
2218.04
2278.83
2343.53
2412.44
2485.95
2564.98
2649.06
2740.58
2837.48
2944.77
3057.61
3184.22
3317.3
3470.84
3623.56
3836.28
3971.96
4352.54
2248.75
2976.69
3360.19
3515.76
3656.49
3788.91
3901.96
4006.45
4107.78
4206.8
4303.01
4397.43
4490.93
4584.21
4678.26
4772.65
4868.3
4965.54
5065.13
5167.05
5272.25
5380.53
5492.63
5608.94
5730.2
5856.79
5989.4
6128.34
6274.8
6429.01
6592.46
6765.52
6949.68
7145.27
7353.48
7575.93
7814.12
8070.56
8344.61
8642.67
8959.37
9310.82
9677.85
10101.4
10520.7
11068.7
11498.1
12352.7
12572.4
14167.9
)
;

boundaryField
{
    inlet
    {
        type            fixedValue;
        value           uniform 14.855;
    }
    outlet
    {
        type            zeroGradient;
    }
    upperWall
    {
        type            epsilonWallFunction;
        blending        stepwise;
        value           nonuniform List<scalar> 
446
(
1716.18
5012.99
8476.91
11079.8
12550.3
13229.3
13206.6
13054.1
12670.7
12227.9
11785.9
11371.9
10996.1
10660.8
10364.1
10102.8
9872.65
9669.89
9490.74
9332.06
9190.86
9064.81
8951.61
8849.59
8757.02
8672.72
8595.39
8524.16
8458.14
8396.61
8339.06
8284.78
8233.65
8184.88
8138.58
8094.11
8060.44
8036.68
8013.44
7990.7
7968.42
7946.52
7925.02
7903.89
7883.14
7862.76
7842.74
7823.09
7803.78
7784.82
7766.19
7747.91
7729.95
7712.29
7694.97
7677.96
7661.26
7644.88
7628.8
7613.01
7597.52
7582.32
7567.42
7552.82
7538.53
7524.54
7510.86
7497.49
7484.44
7471.69
7459.27
7447.15
7435.36
7423.88
7412.73
7401.88
7391.35
7381.13
7371.23
7361.63
7352.34
7343.35
7334.66
7326.26
7318.15
7310.33
7302.79
7295.53
7288.54
7281.83
7275.39
7269.21
7263.29
7257.63
7252.23
7247.08
7242.23
7237.69
7233.48
7229.56
7225.93
7222.56
7219.44
7216.53
7213.85
7211.37
7209.1
7207.02
7205.15
7203.46
7201.98
7200.67
7199.57
7198.63
7197.92
7197.36
7197.01
7196.83
7196.83
7197.04
7197.39
7197.96
7198.68
7199.6
7200.67
7201.93
7203.39
7205.02
7206.85
7208.68
7210.72
7212.91
7215.11
7217.42
7220.05
7222.55
7225.23
7228.15
7231.28
7234.52
7237.85
7241.27
7244.77
7248.42
7252.12
7256.15
7259.95
7264.85
7264.46
7271.06
7272.63
7277.17
7284.49
7292.28
7294.42
7299.75
7306.83
7314.23
7317.65
7323.74
7332.27
7336.84
7343.17
7349.86
7356.61
7363.71
7370.63
7379.52
7385.22
7391.91
7400.88
7404.11
7409.81
7417.89
7421.13
7426.94
7434.76
7441.31
7445.82
7449.66
7451.41
7452.66
7453.63
7454.22
7453.6
7452.63
7449.93
7446.76
7443.08
7438.3
7432.27
7425.46
7417.56
7408.87
7398.51
7387.73
7375.58
7362.49
7348
7332.11
7315.44
7297.36
7278.17
7258.66
7237.48
7214.71
7190.88
7166.07
7139.97
7111.93
7083.01
7052.08
7020.58
6987.29
6952.41
6916.28
6878.57
6839.13
6798.58
6756.33
6712.86
6667.27
6620.69
6572.72
6522.29
6469.61
6414.59
6357.52
6298.38
6237.28
6174.16
6109.29
6042.14
5972.9
5901.7
5828.61
5753.98
5677.89
5600.61
5522.21
5442.77
5362.22
5279.94
5196.2
5111.27
5025.16
4938.2
4850.47
4762.17
4673.25
4584.08
4494.78
4405.63
4316.55
4227.7
4139.21
4051.09
3963.5
3876.56
3790.42
3705.19
3620.92
3537.73
3455.74
3375.12
3295.87
3218.12
3141.85
3067.22
2994.21
2922.99
2853.53
2785.94
2720.14
2656.22
2594.19
2534.13
2475.93
2419.62
2365.23
2312.78
2262.12
2213.32
2166.47
2121.54
2078.42
2037.06
1997.51
1959.73
1923.72
1889.45
1856.92
1826.06
1796.83
1769.25
1743.27
1718.83
1695.9
1674.44
1654.4
1635.8
1618.65
1602.94
1588.66
1575.76
1564.19
1553.94
1545
1537.36
1531.04
1526.03
1522.32
1519.86
1518.65
1518.6
1519.75
1521.99
1525.08
1529.52
1534.89
1541.52
1549.41
1558.01
1567.05
1577.18
1588.32
1600.47
1613.53
1628.13
1643.26
1658.69
1674.85
1691.85
1709.7
1728.3
1747.69
1767.66
1788.51
1809.54
1831.88
1854.72
1877.88
1901.4
1925.31
1949.67
1974.46
1999.66
2025.2
2051.01
2077.11
2103.32
2129.75
2156.12
2182.89
2209.38
2236.14
2262.94
2289.45
2315.6
2341.25
2366.62
2391.51
2416.1
2440.54
2464.59
2487.93
2510.71
2532.69
2553.7
2573.93
2593.08
2611.37
2628.59
2644.58
2659.55
2673.17
2685.44
2696.1
2705.23
2712.63
2717.96
2721.54
2722.53
2721.14
2716.36
2709.36
2697.49
2682.69
2660.67
2633.45
2598.18
2547.61
2496.47
2377.78
2331.87
1893.02
2248.75
2976.69
3360.19
3515.76
3656.49
3788.91
3901.96
4006.45
4107.78
4206.8
4303.01
4397.43
4490.93
4584.21
4678.26
4772.65
4868.3
4965.54
5065.13
5167.05
5272.25
5380.53
5492.63
5608.94
5730.2
5856.79
5989.4
6128.34
6274.8
6429.01
6592.46
6765.52
6949.68
7145.27
7353.48
7575.93
7814.12
8070.56
8344.61
8642.67
8959.37
9310.82
9677.85
10101.4
10520.7
11068.7
11498.1
12352.7
12572.4
14167.9
)
;
    }
    lowerWall
    {
        type            epsilonWallFunction;
        blending        stepwise;
        value           nonuniform List<scalar> 
500
(
3777.23
14598
22427.4
25282.1
25074.2
24160.6
22580.5
21113.5
19854
18811.4
17955.8
17257.3
16675.5
16191.2
15774
15417.4
15097.8
14817.2
14557.9
14324.3
14106.4
13906.4
13717.6
13544.4
13380.7
13231.2
13090.2
12962.3
12842.4
12735
12634.3
12548.2
12464
12404.9
12334.1
12297.5
1.55171
3.66144
5.39101
9.83795
16.6353
25.4915
36.1219
47.9154
60.1256
72.0774
83.2645
93.3433
102.073
109.408
115.517
120.403
124.113
126.722
128.121
128.525
127.974
126.499
124.197
121.539
122.161
125.973
129.305
131.639
132.969
133.311
132.813
131.257
128.542
125.131
121.244
117.084
112.821
108.595
104.52
100.697
97.2157
94.1177
91.4554
89.2847
87.6675
86.6668
86.5229
87.0846
88.5177
92.0965
94.7448
114.468
171.98
1033.79
1.55171
1.41105
2.34368
3.54169
4.93581
6.4649
8.05551
9.65288
11.22
12.7268
14.1506
15.4768
16.6973
17.808
18.8089
19.701
20.4889
21.1797
21.7762
22.282
22.7029
23.0444
23.3097
23.5202
23.6965
23.8387
23.9625
24.0912
24.2541
24.4835
24.8118
25.2649
25.8658
26.6291
27.5643
28.671
29.9431
31.3663
32.924
34.5941
36.3559
38.1862
40.0662
41.9763
43.903
45.8333
47.7634
49.6983
51.6786
53.8296
56.4501
59.7651
63.5811
67.7202
72.1223
76.779
81.7065
86.922
92.4478
98.2922
104.473
110.99
117.854
125.057
132.609
140.496
148.715
157.229
166.035
175.098
184.418
193.964
203.733
213.684
223.814
234.08
244.475
254.965
265.552
276.205
286.927
297.692
308.504
319.341
330.21
341.091
351.993
362.896
373.812
384.724
395.642
406.554
417.47
428.378
439.289
450.194
461.101
472.004
482.911
493.818
504.731
515.648
526.573
537.509
548.456
559.42
570.4
581.405
592.431
603.492
614.583
625.722
636.905
648.153
659.47
670.883
682.402
694.066
705.902
717.97
730.322
743.056
756.268
769.667
783.216
796.899
810.75
824.763
838.939
853.301
867.829
882.558
897.46
912.575
927.868
943.386
959.085
975.018
991.14
1007.5
1024.06
1040.86
1057.86
1075.11
1092.55
1110.24
1128.13
1146.28
1164.61
1183.21
1201.97
1221
1240.19
1259.63
1279.23
1299.07
1319.04
1339.26
1359.58
1380.13
1400.76
1421.61
1442.52
1463.62
1484.77
1506.09
1527.42
1548.9
1570.36
1591.95
1613.49
1635.1
1656.67
1678.2
1699.63
1720.98
1742.2
1763.27
1784.17
1804.86
1825.32
1845.52
1865.41
1884.98
1904.18
1922.98
1941.34
1959.25
1976.66
1993.55
2009.92
2025.75
2041.08
2055.94
2070.4
2084.48
2097.99
2110.98
2123.4
2135.25
2146.47
2157.05
2166.94
2176.07
2184.35
2191.59
2197.45
2200.11
2208.73
2212.11
2219.18
2221.06
2224.52
2225.95
2226.07
2226.94
2224.65
2221.87
2217.91
2212.85
2206.68
2199.32
2190.78
2181.01
2170.23
2158.43
2145.39
2131.02
2115.69
2098.41
2080.17
2060.54
2039.69
2017.57
1994.23
1969.66
1943.88
1916.93
1888.83
1859.62
1829.36
1798.08
1765.84
1732.69
1698.67
1663.83
1628.17
1591.68
1554.54
1517.13
1479.32
1441.26
1403.02
1364.73
1326.33
1286.87
1247.87
1209.12
1170.78
1132.91
1095.6
1058.93
1022.98
987.784
953.842
920.679
893.498
875.356
859.223
843.603
828.265
813.183
798.375
783.859
769.658
755.772
742.247
728.994
716.2
703.599
690.908
678.456
666.347
654.592
643.23
632.275
621.702
611.514
601.614
591.933
582.472
573.262
564.332
555.69
547.338
539.268
531.47
523.94
516.654
509.585
502.725
496.07
489.622
483.379
477.342
471.504
465.865
460.419
455.163
450.087
445.182
440.439
435.854
431.419
427.131
422.985
418.978
415.104
411.36
407.741
404.245
400.848
397.528
394.303
391.165
388.115
385.157
382.294
379.525
376.849
374.266
371.772
369.367
367.048
364.812
362.657
360.582
358.582
356.655
354.798
353.008
351.28
349.609
347.989
346.417
344.877
343.372
341.867
340.388
338.846
337.317
335.635
333.868
331.832
329.621
326.72
323.542
318.783
310.701
294.356
298.584
313.123
332.882
350.887
365.989
379.24
391.39
402.775
413.702
424.455
435.261
446.249
457.565
469.259
481.473
494.225
507.63
521.729
536.564
552.275
568.824
586.389
604.954
624.609
645.535
667.655
691.234
716.131
742.663
770.812
800.882
832.828
866.957
903.385
942.28
984.012
1028.48
1076.52
1127.58
1183.24
1242.08
1307.31
1375.79
1453.13
1531.94
1627.56
1714.75
1846.09
1935.39
2134.63
)
;
    }
    frontAndBack
    {
        type            empty;
    }
}


// ************************************************************************* //
