/*--------------------------------*- C++ -*----------------------------------*\
| =========                 |                                                 |
| \\      /  F ield         | OpenFOAM: The Open Source CFD Toolbox           |
|  \\    /   O peration     | Version:  2506                                  |
|   \\  /    A nd           | Website:  www.openfoam.com                      |
|    \\/     M anipulation  |                                                 |
\*---------------------------------------------------------------------------*/
FoamFile
{
    version     2.0;
    format      ascii;
    arch        "LSB;label=32;scalar=64";
    class       volScalarField;
    location    "200";
    object      k;
}
// * * * * * * * * * * * * * * * * * * * * * * * * * * * * * * * * * * * * * //

dimensions      [0 2 -2 0 0 0 0];

internalField   nonuniform List<scalar> 
48900
(
0.810427
2.04883
2.71546
2.94202
2.92388
2.85394
2.72739
2.60769
2.50268
2.4142
2.34036
2.27918
2.22759
2.1842
2.14647
2.11394
2.08459
2.05864
2.03454
2.01269
1.99221
1.97333
1.95542
1.93893
1.92328
1.90893
1.89535
1.88301
1.87138
1.86096
1.85115
1.84276
1.83454
1.82873
1.8219
1.81805
0.597138
0.770924
0.854625
0.904193
0.931403
0.956747
0.975135
0.999557
1.02498
1.05814
1.09288
1.13177
1.1684
1.2065
1.2391
1.2716
1.2967
1.32155
1.33862
1.3557
1.3671
1.37734
1.3838
1.39026
1.39374
1.39789
1.39968
1.40246
1.40341
1.40529
1.40583
1.40704
1.40722
1.40735
1.40781
1.40686
0.398416
0.492173
0.514188
0.510113
0.497512
0.480596
0.460722
0.449117
0.437848
0.437883
0.440882
0.44882
0.46146
0.481729
0.50306
0.531048
0.558568
0.591502
0.622658
0.657687
0.690113
0.725166
0.756436
0.789838
0.818551
0.849248
0.874553
0.902069
0.923597
0.947916
0.965629
0.986988
1.00105
1.01965
1.03017
1.04563
0.390002
0.405112
0.419727
0.418177
0.415733
0.407989
0.395746
0.38329
0.369819
0.357764
0.346877
0.338021
0.330434
0.325826
0.32258
0.322983
0.324366
0.328791
0.334035
0.343265
0.352399
0.365618
0.377946
0.394565
0.409401
0.428702
0.445316
0.466554
0.48414
0.506603
0.524308
0.547338
0.564267
0.587299
0.602339
0.624712
0.385848
0.387654
0.393274
0.392718
0.391835
0.389061
0.383499
0.376766
0.369284
0.361257
0.353111
0.345065
0.337305
0.330015
0.323551
0.317663
0.31264
0.308203
0.304643
0.301789
0.299978
0.298781
0.298862
0.299556
0.300734
0.303596
0.306118
0.310963
0.314848
0.321467
0.326425
0.334695
0.340401
0.350098
0.356136
0.366793
0.379618
0.380216
0.383117
0.382988
0.382505
0.381195
0.378365
0.374579
0.370273
0.365474
0.360446
0.355118
0.349835
0.344371
0.339056
0.333736
0.328842
0.324031
0.319697
0.315468
0.311781
0.308241
0.30523
0.302562
0.30031
0.298437
0.296765
0.295535
0.294556
0.293972
0.293717
0.293854
0.294103
0.294947
0.295616
0.297095
0.376465
0.376653
0.37819
0.378143
0.377841
0.377075
0.375384
0.37302
0.370301
0.36721
0.363919
0.360349
0.356717
0.352908
0.34912
0.345221
0.341451
0.337653
0.334042
0.330449
0.32707
0.323759
0.320655
0.317628
0.314762
0.312062
0.309618
0.307276
0.305221
0.303215
0.301531
0.299866
0.298535
0.297225
0.296241
0.295205
0.375136
0.37496
0.375504
0.375394
0.375157
0.374584
0.373391
0.371771
0.369898
0.367741
0.365423
0.362894
0.360276
0.357516
0.354725
0.351839
0.348972
0.346062
0.343211
0.340357
0.337584
0.33484
0.332193
0.329589
0.327088
0.324624
0.322315
0.320028
0.317933
0.315826
0.313954
0.31202
0.310383
0.308567
0.307177
0.305456
0.374671
0.374071
0.373994
0.373783
0.373478
0.372891
0.371972
0.370757
0.369354
0.367745
0.366006
0.364111
0.362128
0.360037
0.357897
0.355685
0.353455
0.351185
0.348923
0.34665
0.344404
0.342166
0.339975
0.337801
0.335691
0.333593
0.331585
0.329581
0.327697
0.325793
0.324052
0.322243
0.320669
0.318933
0.317548
0.315848
0.374519
0.37365
0.373188
0.372771
0.372319
0.371715
0.37092
0.36993
0.368801
0.367528
0.366147
0.364653
0.363082
0.361429
0.359726
0.357968
0.356181
0.354361
0.352531
0.350686
0.348848
0.347008
0.345189
0.343377
0.3416
0.33983
0.338112
0.336396
0.334753
0.333098
0.331548
0.329951
0.328516
0.326964
0.32567
0.324129
0.374472
0.373468
0.372744
0.372128
0.371536
0.370881
0.370128
0.369256
0.368287
0.367219
0.366069
0.364836
0.36354
0.362182
0.36078
0.359335
0.357862
0.356361
0.354845
0.353315
0.351782
0.350245
0.348716
0.347189
0.345682
0.344179
0.342707
0.341237
0.339813
0.338382
0.33702
0.335629
0.334345
0.332984
0.331805
0.330441
0.374456
0.373392
0.372505
0.37173
0.371012
0.37029
0.369532
0.368712
0.367832
0.366887
0.365885
0.364823
0.363714
0.362558
0.361367
0.360142
0.358894
0.357623
0.356338
0.35504
0.353737
0.352428
0.351123
0.349818
0.348523
0.347232
0.345959
0.344691
0.34345
0.342209
0.34101
0.339798
0.338655
0.337463
0.336398
0.335198
0.374449
0.373357
0.372377
0.371491
0.37067
0.369879
0.369091
0.368282
0.367443
0.366568
0.365656
0.364707
0.363722
0.362706
0.361663
0.360595
0.359509
0.358406
0.357291
0.356167
0.355036
0.353902
0.352768
0.351635
0.350507
0.349383
0.34827
0.347162
0.346072
0.344985
0.343925
0.34286
0.341841
0.340793
0.339832
0.338774
0.374443
0.373339
0.372308
0.37135
0.370453
0.369599
0.368771
0.367949
0.367121
0.366279
0.365419
0.364538
0.363637
0.362714
0.361775
0.360819
0.35985
0.35887
0.357881
0.356886
0.355887
0.354885
0.353883
0.352882
0.351885
0.350892
0.349907
0.348927
0.347959
0.346996
0.346052
0.345107
0.344193
0.343262
0.342393
0.341454
0.374438
0.373326
0.372268
0.371265
0.370316
0.369413
0.368545
0.367699
0.366863
0.366031
0.365195
0.364353
0.363502
0.362642
0.361772
0.360894
0.360009
0.359118
0.358222
0.357323
0.356422
0.355521
0.35462
0.353722
0.352828
0.351937
0.351053
0.350175
0.349305
0.348442
0.347592
0.346744
0.345918
0.345083
0.344292
0.343452
0.374434
0.373316
0.372241
0.371213
0.37023
0.36929
0.368388
0.367515
0.366663
0.365825
0.364996
0.364172
0.363349
0.362526
0.361702
0.360876
0.360048
0.35922
0.358391
0.357563
0.356735
0.35591
0.355087
0.354267
0.353452
0.352641
0.351837
0.351038
0.350248
0.349464
0.34869
0.347921
0.347167
0.34641
0.345685
0.344925
0.37443
0.373306
0.372221
0.371177
0.370172
0.369207
0.368279
0.367382
0.366511
0.365661
0.364828
0.364007
0.363197
0.362393
0.361595
0.360802
0.360013
0.359227
0.358445
0.357667
0.356893
0.356123
0.355358
0.354597
0.353843
0.353094
0.352351
0.351615
0.350887
0.350166
0.349453
0.348746
0.348052
0.347357
0.346686
0.345993
0.374427
0.373298
0.372206
0.371151
0.370132
0.36915
0.368202
0.367285
0.366397
0.365533
0.36469
0.363866
0.363057
0.362261
0.361476
0.360701
0.359935
0.359176
0.358425
0.357681
0.356944
0.356214
0.35549
0.354773
0.354064
0.353361
0.352666
0.351978
0.351298
0.350625
0.349961
0.349304
0.348656
0.348012
0.347385
0.346745
0.374424
0.373291
0.372193
0.37113
0.370102
0.369107
0.368145
0.367214
0.366311
0.365434
0.364581
0.363749
0.362935
0.362139
0.361358
0.360591
0.359837
0.359093
0.358361
0.357639
0.356926
0.356222
0.355528
0.354842
0.354165
0.353496
0.352835
0.352183
0.35154
0.350904
0.350277
0.349657
0.349048
0.348442
0.347851
0.347253
0.374422
0.373285
0.372182
0.371113
0.370078
0.369075
0.368103
0.36716
0.366246
0.365358
0.364494
0.363653
0.362833
0.362033
0.361251
0.360485
0.359734
0.358998
0.358276
0.357565
0.356867
0.356181
0.355505
0.354839
0.354184
0.353538
0.352902
0.352276
0.351659
0.35105
0.350451
0.34986
0.349278
0.348702
0.348139
0.347573
0.374421
0.37328
0.372173
0.371099
0.370058
0.369049
0.368069
0.367118
0.366195
0.365298
0.364426
0.363577
0.36275
0.361943
0.361157
0.360389
0.359638
0.358903
0.358184
0.357479
0.356788
0.35611
0.355445
0.354792
0.354151
0.35352
0.352901
0.352291
0.351692
0.351103
0.350524
0.349953
0.349392
0.348838
0.348295
0.347754
0.374419
0.373276
0.372165
0.371088
0.370042
0.369027
0.368042
0.367085
0.366155
0.365251
0.364371
0.363515
0.362681
0.361869
0.361077
0.360305
0.359551
0.358815
0.358095
0.357391
0.356703
0.356029
0.355369
0.354722
0.354088
0.353467
0.352857
0.352259
0.351671
0.351094
0.350527
0.34997
0.349423
0.348885
0.348357
0.347834
0.374418
0.373273
0.372159
0.371079
0.370029
0.36901
0.368021
0.367059
0.366124
0.365214
0.364329
0.363468
0.362629
0.361812
0.361015
0.360238
0.359481
0.358741
0.35802
0.357315
0.356626
0.355952
0.355293
0.354649
0.354018
0.3534
0.352795
0.352202
0.35162
0.35105
0.350491
0.349942
0.349404
0.348875
0.348355
0.347844
0.374417
0.37327
0.372155
0.371071
0.370019
0.368996
0.368003
0.367038
0.366098
0.365185
0.364295
0.36343
0.362586
0.361765
0.360964
0.360183
0.359422
0.358679
0.357954
0.357247
0.356556
0.355881
0.355222
0.354577
0.353947
0.35333
0.352727
0.352136
0.351558
0.350991
0.350436
0.349892
0.349359
0.348835
0.348322
0.347818
0.374416
0.373267
0.37215
0.371064
0.370009
0.368984
0.367987
0.367018
0.366076
0.365158
0.364265
0.363395
0.362548
0.361723
0.360918
0.360134
0.359369
0.358622
0.357895
0.357184
0.356491
0.355814
0.355152
0.354506
0.353875
0.353258
0.352654
0.352064
0.351486
0.350921
0.350368
0.349826
0.349295
0.348775
0.348265
0.347765
0.374416
0.373265
0.372146
0.371058
0.370001
0.368973
0.367973
0.367001
0.366055
0.365134
0.364238
0.363365
0.362514
0.361685
0.360877
0.360089
0.359321
0.358572
0.35784
0.357127
0.356431
0.355751
0.355087
0.354439
0.353805
0.353187
0.352582
0.351991
0.351412
0.350847
0.350294
0.349752
0.349222
0.348703
0.348195
0.347697
0.374415
0.373263
0.372142
0.371053
0.369993
0.368963
0.36796
0.366986
0.366037
0.365113
0.364214
0.363338
0.362484
0.361652
0.360841
0.36005
0.359279
0.358526
0.357792
0.357076
0.356377
0.355694
0.355028
0.354377
0.353741
0.35312
0.352514
0.351921
0.351341
0.350774
0.35022
0.349677
0.349147
0.348628
0.348119
0.347622
0.374414
0.373261
0.372139
0.371048
0.369986
0.368954
0.367949
0.366972
0.366021
0.365095
0.364193
0.363314
0.362458
0.361623
0.360809
0.360016
0.359242
0.358487
0.35775
0.357031
0.356329
0.355644
0.354975
0.354322
0.353684
0.35306
0.352452
0.351856
0.351275
0.350706
0.35015
0.349606
0.349075
0.348554
0.348045
0.347548
0.374414
0.37326
0.372137
0.371044
0.36998
0.368946
0.367939
0.36696
0.366007
0.365078
0.364174
0.363293
0.362434
0.361597
0.360781
0.359986
0.359209
0.358452
0.357713
0.356992
0.356287
0.3556
0.354929
0.354273
0.353633
0.353008
0.352397
0.3518
0.351216
0.350645
0.350088
0.349542
0.349009
0.348488
0.347977
0.347478
0.374413
0.373259
0.372134
0.37104
0.369975
0.368939
0.367931
0.36695
0.365994
0.365064
0.364158
0.363275
0.362414
0.361575
0.360757
0.359959
0.359181
0.358422
0.357681
0.356957
0.356251
0.355562
0.354889
0.354231
0.353589
0.352962
0.352349
0.35175
0.351165
0.350593
0.350033
0.349486
0.348952
0.348429
0.347917
0.347417
0.374413
0.373257
0.372132
0.371037
0.369971
0.368934
0.367924
0.366941
0.365984
0.365052
0.364144
0.363259
0.362397
0.361556
0.360736
0.359937
0.359157
0.358395
0.357653
0.356928
0.35622
0.355529
0.354854
0.354195
0.353552
0.352923
0.352308
0.351708
0.351121
0.350548
0.349987
0.349439
0.348903
0.348379
0.347866
0.347365
0.374413
0.373256
0.372131
0.371035
0.369968
0.368929
0.367918
0.366934
0.365975
0.365042
0.364132
0.363246
0.362382
0.36154
0.360718
0.359917
0.359136
0.358373
0.357629
0.356903
0.356194
0.355501
0.354825
0.354165
0.35352
0.35289
0.352274
0.351672
0.351084
0.35051
0.349948
0.349399
0.348862
0.348337
0.347824
0.347323
0.374412
0.373256
0.372129
0.371033
0.369965
0.368925
0.367913
0.366928
0.365968
0.365033
0.364122
0.363235
0.36237
0.361526
0.360704
0.359901
0.359119
0.358355
0.357609
0.356882
0.356172
0.355478
0.354801
0.35414
0.353494
0.352862
0.352246
0.351643
0.351055
0.350479
0.349917
0.349367
0.348829
0.348304
0.34779
0.347288
0.374412
0.373255
0.372128
0.371031
0.369963
0.368922
0.367909
0.366923
0.365962
0.365026
0.364115
0.363226
0.36236
0.361515
0.360692
0.359888
0.359105
0.35834
0.357594
0.356865
0.356154
0.35546
0.354782
0.35412
0.353473
0.352841
0.352224
0.351621
0.351031
0.350455
0.349892
0.349342
0.348804
0.348279
0.347765
0.347262
0.374412
0.373255
0.372127
0.37103
0.369961
0.36892
0.367906
0.366919
0.365958
0.365022
0.364109
0.36322
0.362353
0.361507
0.360683
0.359879
0.359095
0.358329
0.357582
0.356853
0.356141
0.355446
0.354768
0.354105
0.353458
0.352826
0.352208
0.351604
0.351015
0.350438
0.349875
0.349325
0.348787
0.348261
0.347747
0.347245
0.374412
0.373254
0.372127
0.371029
0.36996
0.368919
0.367905
0.366917
0.365956
0.365019
0.364106
0.363216
0.362348
0.361503
0.360678
0.359873
0.359088
0.358323
0.357575
0.356846
0.356134
0.355438
0.35476
0.354096
0.353449
0.352816
0.352199
0.351595
0.351005
0.350429
0.349866
0.349316
0.348778
0.348252
0.347738
0.347236
0.374412
0.373254
0.372127
0.371029
0.36996
0.368918
0.367904
0.366917
0.365955
0.365018
0.364105
0.363215
0.362347
0.361501
0.360676
0.359872
0.359087
0.358321
0.357573
0.356844
0.356132
0.355436
0.354757
0.354094
0.353447
0.352815
0.352197
0.351593
0.351004
0.350428
0.349865
0.349315
0.348777
0.348252
0.347739
0.347237
0.374412
0.373255
0.372127
0.371029
0.36996
0.368919
0.367906
0.366918
0.365957
0.36502
0.364107
0.363217
0.36235
0.361505
0.36068
0.359876
0.359091
0.358325
0.357578
0.356849
0.356137
0.355442
0.354763
0.354101
0.353454
0.352822
0.352204
0.351601
0.351012
0.350437
0.349874
0.349325
0.348788
0.348263
0.347751
0.34725
0.374412
0.373255
0.372128
0.371031
0.369962
0.368922
0.367909
0.366922
0.365961
0.365025
0.364113
0.363224
0.362358
0.361513
0.360689
0.359885
0.359101
0.358336
0.35759
0.356861
0.35615
0.355455
0.354778
0.354116
0.353469
0.352838
0.352222
0.351619
0.351031
0.350456
0.349895
0.349346
0.34881
0.348286
0.347774
0.347274
0.374412
0.373256
0.372129
0.371032
0.369964
0.368925
0.367913
0.366927
0.365967
0.365032
0.36412
0.363233
0.362367
0.361523
0.3607
0.359897
0.359114
0.35835
0.357604
0.356877
0.356166
0.355473
0.354796
0.354135
0.353489
0.352859
0.352243
0.351642
0.351054
0.35048
0.34992
0.349372
0.348837
0.348314
0.347803
0.347303
0.374413
0.373257
0.372131
0.371035
0.369968
0.368929
0.367918
0.366933
0.365975
0.365041
0.364131
0.363244
0.36238
0.361537
0.360715
0.359914
0.359132
0.358369
0.357624
0.356898
0.356189
0.355496
0.35482
0.35416
0.353516
0.352887
0.352272
0.351672
0.351085
0.350513
0.349953
0.349407
0.348872
0.348351
0.347841
0.347342
0.374413
0.373258
0.372133
0.371038
0.369972
0.368935
0.367925
0.366942
0.365985
0.365053
0.364144
0.363259
0.362396
0.361555
0.360735
0.359935
0.359155
0.358393
0.35765
0.356925
0.356218
0.355527
0.354853
0.354194
0.353551
0.352923
0.35231
0.351711
0.351126
0.350555
0.349997
0.349452
0.348919
0.348398
0.34789
0.347393
0.374413
0.373259
0.372135
0.371042
0.369978
0.368942
0.367934
0.366953
0.365998
0.365068
0.364162
0.363279
0.362418
0.361579
0.360761
0.359963
0.359185
0.358425
0.357685
0.356962
0.356256
0.355567
0.354895
0.354238
0.353598
0.352972
0.35236
0.351763
0.35118
0.35061
0.350054
0.34951
0.348978
0.348459
0.347951
0.347455
0.374414
0.373261
0.372139
0.371047
0.369985
0.368951
0.367946
0.366967
0.366015
0.365087
0.364184
0.363304
0.362446
0.36161
0.360794
0.36
0.359224
0.358468
0.35773
0.35701
0.356307
0.355622
0.354952
0.354298
0.35366
0.353036
0.352427
0.351832
0.35125
0.350681
0.350126
0.349582
0.349051
0.348532
0.348024
0.347527
0.374415
0.373263
0.372143
0.371053
0.369994
0.368963
0.36796
0.366985
0.366036
0.365112
0.364213
0.363336
0.362483
0.361651
0.360841
0.36005
0.35928
0.358528
0.357794
0.357079
0.35638
0.355697
0.355031
0.35438
0.353743
0.353121
0.352513
0.351917
0.351335
0.350766
0.350208
0.349663
0.349128
0.348605
0.348093
0.347591
0.374416
0.373266
0.372148
0.371061
0.370005
0.368978
0.367979
0.367009
0.366064
0.365146
0.364253
0.363383
0.362537
0.361713
0.36091
0.360126
0.359363
0.358617
0.357889
0.357178
0.356483
0.355803
0.355138
0.354487
0.353849
0.353225
0.352613
0.352013
0.351424
0.350847
0.350282
0.349726
0.349181
0.348647
0.348122
0.347608
0.374417
0.37327
0.372155
0.371072
0.370019
0.368997
0.368005
0.367042
0.366107
0.365199
0.364317
0.36346
0.362626
0.361814
0.361021
0.360248
0.359492
0.358753
0.358029
0.35732
0.356624
0.355941
0.355271
0.354612
0.353965
0.353328
0.352702
0.352086
0.35148
0.350884
0.350297
0.34972
0.349151
0.348593
0.348042
0.347502
0.374418
0.373275
0.372164
0.371085
0.370039
0.369026
0.368046
0.367099
0.366183
0.365296
0.364435
0.363599
0.362783
0.361986
0.361207
0.360442
0.35969
0.358951
0.358222
0.357504
0.356796
0.356096
0.355405
0.354722
0.354047
0.353381
0.352722
0.352072
0.351429
0.350795
0.350168
0.349549
0.348939
0.348337
0.347742
0.347158
0.37442
0.37328
0.372174
0.371104
0.370072
0.369081
0.368131
0.367219
0.36634
0.365489
0.364661
0.363851
0.363056
0.362272
0.361497
0.360729
0.359966
0.359208
0.358454
0.357704
0.356958
0.356216
0.355477
0.354744
0.354015
0.353291
0.352573
0.35186
0.351154
0.350454
0.349761
0.349076
0.348397
0.347727
0.347062
0.346412
0.374422
0.373286
0.372189
0.371142
0.37015
0.369215
0.368328
0.367482
0.366664
0.365863
0.365072
0.364284
0.363496
0.362704
0.361908
0.361106
0.360298
0.359486
0.35867
0.357849
0.357026
0.356202
0.355377
0.354553
0.353731
0.352912
0.352096
0.351285
0.350478
0.349678
0.348884
0.348098
0.347318
0.346549
0.345783
0.345037
0.374423
0.373293
0.372227
0.371251
0.370365
0.369548
0.368776
0.368028
0.367283
0.366527
0.365753
0.364955
0.364133
0.363286
0.362417
0.361528
0.36062
0.359695
0.358757
0.357809
0.356853
0.355891
0.354924
0.353956
0.352987
0.35202
0.351056
0.350096
0.349142
0.348195
0.347254
0.346325
0.3454
0.344493
0.343585
0.342706
0.37442
0.373318
0.372362
0.371589
0.370926
0.370306
0.369693
0.369049
0.368352
0.367594
0.366774
0.365895
0.36496
0.363977
0.362952
0.361888
0.360792
0.359671
0.358528
0.357369
0.356196
0.355015
0.353828
0.352638
0.351448
0.350261
0.349078
0.347903
0.346735
0.34558
0.344432
0.343302
0.342177
0.341079
0.339979
0.338921
0.37442
0.373455
0.372834
0.372514
0.372207
0.371834
0.371374
0.370777
0.37004
0.369173
0.368189
0.367101
0.365923
0.364674
0.363352
0.361982
0.360566
0.359117
0.357638
0.356141
0.354627
0.353107
0.351582
0.350059
0.348539
0.34703
0.345528
0.344046
0.342574
0.341128
0.33969
0.338287
0.336889
0.335537
0.334178
0.332889
0.374508
0.374026
0.374209
0.374694
0.37479
0.374637
0.374253
0.373543
0.372583
0.371407
0.370047
0.368531
0.366893
0.36514
0.363303
0.361401
0.359441
0.357446
0.355419
0.35338
0.351329
0.349284
0.347241
0.34522
0.343212
0.341236
0.33928
0.337369
0.335476
0.333634
0.331804
0.330043
0.328287
0.326619
0.324939
0.323375
0.37511
0.375689
0.377768
0.379347
0.379792
0.37962
0.379076
0.377976
0.376432
0.374558
0.372413
0.370058
0.367516
0.364851
0.362071
0.359228
0.356326
0.35341
0.350476
0.347566
0.344668
0.341821
0.339008
0.336266
0.333572
0.330963
0.328412
0.325952
0.323515
0.321178
0.318878
0.316725
0.314605
0.312648
0.310687
0.308922
0.377298
0.380934
0.386267
0.389091
0.389514
0.389078
0.387854
0.385562
0.382651
0.379208
0.375395
0.371292
0.366976
0.362517
0.357974
0.353435
0.348901
0.344464
0.340106
0.335896
0.331808
0.327906
0.324153
0.32061
0.317226
0.314071
0.311068
0.308316
0.305738
0.303441
0.301287
0.299328
0.297504
0.295853
0.294362
0.29301
0.3838
0.397284
0.408373
0.412134
0.411719
0.409944
0.406033
0.400551
0.394218
0.387078
0.379686
0.371973
0.364413
0.356939
0.349836
0.343074
0.336751
0.330976
0.32567
0.320908
0.316691
0.31301
0.309909
0.307285
0.305277
0.303648
0.302689
0.301956
0.302061
0.302307
0.303016
0.304057
0.305665
0.307399
0.309789
0.312112
0.406801
0.456711
0.479113
0.478753
0.475404
0.467283
0.456162
0.443454
0.430854
0.418309
0.407303
0.397146
0.389285
0.382469
0.378252
0.374938
0.37427
0.374871
0.376606
0.379915
0.384638
0.3906
0.397623
0.405655
0.414569
0.424249
0.434663
0.445589
0.45715
0.468941
0.481342
0.493641
0.506615
0.519104
0.532442
0.544848
0.48993
0.589196
0.636631
0.67088
0.697198
0.717172
0.728849
0.737622
0.745417
0.75326
0.762341
0.773157
0.78591
0.800566
0.816887
0.834712
0.853615
0.873443
0.893742
0.914382
0.934931
0.955335
0.975194
0.994543
1.01302
1.03074
1.04739
1.06315
1.07775
1.09141
1.10395
1.11551
1.12615
1.13568
1.14474
1.15231
0.588662
1.20703
1.71195
2.04679
2.22404
2.30356
2.30186
2.28019
2.23993
2.18626
2.13293
2.08259
2.03643
1.99481
1.95762
1.92457
1.89523
1.86919
1.84603
1.82539
1.80693
1.79036
1.77542
1.7619
1.74959
1.73834
1.72799
1.71842
1.70954
1.70123
1.69344
1.68608
1.67913
1.67249
1.66617
1.66009
0.00635757
0.00968338
0.0135765
0.0178701
0.0222833
0.0266666
0.0308706
0.0348233
0.0384927
0.0418647
0.044929
0.0476943
0.0501684
0.0523705
0.0543142
0.0560203
0.0575015
0.0587873
0.0598855
0.0608114
0.0615756
0.0621948
0.0626737
0.0630549
0.063374
0.0636345
0.0638617
0.0640997
0.0643966
0.0648137
0.0653996
0.0661996
0.0672457
0.0685599
0.0701468
0.0720001
0.0740965
0.0764073
0.0788935
0.0815181
0.0842383
0.0870223
0.0898329
0.0926497
0.0954444
0.0982114
0.100936
0.103642
0.106377
0.109346
0.112935
0.117371
0.122319
0.127569
0.133016
0.138668
0.144512
0.150581
0.156868
0.163389
0.170135
0.177109
0.184299
0.191699
0.199297
0.207082
0.215035
0.223121
0.231326
0.23962
0.247995
0.256427
0.264909
0.273412
0.281928
0.290432
0.298913
0.307354
0.315749
0.324089
0.332367
0.340581
0.348723
0.356793
0.364788
0.372709
0.380553
0.388321
0.396013
0.40363
0.411173
0.418644
0.426044
0.433376
0.440642
0.447843
0.454982
0.462062
0.469085
0.476054
0.48297
0.489837
0.496656
0.503432
0.510164
0.51686
0.523515
0.530141
0.536731
0.543299
0.549838
0.556362
0.562868
0.569369
0.575865
0.582373
0.588897
0.59546
0.602074
0.608771
0.615579
0.622544
0.629714
0.637001
0.644288
0.651615
0.658977
0.666379
0.673821
0.681311
0.688842
0.696428
0.704057
0.711745
0.719478
0.727275
0.735117
0.743026
0.750983
0.759008
0.767081
0.775224
0.783415
0.791678
0.799985
0.808364
0.816787
0.825281
0.833815
0.842418
0.851056
0.85976
0.868495
0.877292
0.886113
0.894993
0.903889
0.912837
0.921792
0.930793
0.939788
0.948823
0.957845
0.9669
0.975929
0.984984
0.994
1.00303
1.01202
1.021
1.02993
1.03885
1.04771
1.05651
1.06523
1.07389
1.08245
1.09091
1.09927
1.10752
1.11564
1.12362
1.13145
1.13913
1.14663
1.15395
1.16108
1.168
1.1747
1.18118
1.18744
1.19346
1.19925
1.20483
1.21022
1.21545
1.22048
1.22528
1.22986
1.2342
1.2383
1.24214
1.2457
1.24895
1.25185
1.25433
1.25604
1.2583
1.26022
1.26222
1.26291
1.2653
1.26526
1.26535
1.26586
1.26661
1.26531
1.26429
1.26261
1.26062
1.25818
1.25531
1.25199
1.24822
1.24403
1.23946
1.23447
1.22898
1.22306
1.2165
1.20945
1.20188
1.19381
1.18523
1.17614
1.16654
1.15643
1.14581
1.13469
1.12307
1.11096
1.09838
1.08532
1.07182
1.05787
1.0435
1.02869
1.01344
0.997745
0.981716
0.965449
0.948895
0.932104
0.91511
0.897967
0.880394
0.862493
0.844574
0.826623
0.808687
0.790804
0.773005
0.75533
0.737809
0.720497
0.703688
0.68736
0.67576
0.666895
0.658531
0.650307
0.642172
0.634127
0.626185
0.61836
0.610656
0.603098
0.595655
0.58841
0.581264
0.574124
0.566985
0.55997
0.553113
0.546428
0.53994
0.533644
0.527537
0.521601
0.515771
0.510039
0.50442
0.498935
0.493595
0.488403
0.483358
0.478456
0.473696
0.469068
0.464556
0.460154
0.455858
0.451673
0.447598
0.443635
0.439781
0.436038
0.432403
0.428877
0.425452
0.422127
0.418894
0.415753
0.412699
0.409732
0.40685
0.40405
0.401331
0.39869
0.396126
0.393636
0.391218
0.388851
0.386532
0.384267
0.382055
0.379896
0.377793
0.375748
0.373761
0.371831
0.369958
0.368141
0.366379
0.36467
0.363013
0.361407
0.359849
0.358339
0.356874
0.355452
0.35407
0.352726
0.351416
0.350136
0.348877
0.347642
0.346405
0.345186
0.343922
0.34267
0.341308
0.339894
0.338296
0.336563
0.334343
0.332158
0.327693
0.32625
0.3081
0.0112837
0.0195502
0.0294876
0.0387448
0.0473025
0.0551089
0.0621178
0.0683195
0.0737358
0.0784139
0.0824204
0.0858318
0.088725
0.0911746
0.0932497
0.095015
0.096529
0.097847
0.0990185
0.100091
0.101107
0.102107
0.103122
0.104169
0.105287
0.106557
0.108066
0.109899
0.112139
0.11486
0.118125
0.121979
0.126449
0.131541
0.137241
0.143519
0.150329
0.157612
0.165304
0.173341
0.181658
0.1902
0.198915
0.207763
0.21671
0.225735
0.234829
0.243998
0.253269
0.262691
0.272301
0.282111
0.292103
0.302251
0.312533
0.322952
0.333518
0.344251
0.355163
0.366257
0.377523
0.388956
0.400548
0.41229
0.424177
0.436194
0.44833
0.460566
0.472892
0.48529
0.497752
0.510265
0.522822
0.53541
0.548018
0.560636
0.573244
0.58582
0.598353
0.610838
0.623266
0.635632
0.647932
0.660161
0.672316
0.684394
0.696393
0.70831
0.720144
0.731894
0.743559
0.75514
0.766635
0.778046
0.789373
0.800616
0.811778
0.822859
0.833859
0.844782
0.855627
0.866396
0.877092
0.887717
0.898273
0.908762
0.919186
0.929549
0.93985
0.950095
0.960283
0.970421
0.980509
0.990551
1.00055
1.01051
1.02044
1.03033
1.0402
1.05004
1.05986
1.06966
1.07943
1.08917
1.09887
1.10856
1.11822
1.12787
1.1375
1.14712
1.15674
1.16635
1.17596
1.18558
1.1952
1.20482
1.21445
1.2241
1.23376
1.24344
1.25313
1.26285
1.2726
1.28237
1.29217
1.302
1.31187
1.32178
1.33173
1.34172
1.35175
1.36183
1.37196
1.38214
1.39237
1.40266
1.413
1.4234
1.43385
1.44437
1.45494
1.46558
1.47628
1.48704
1.49787
1.50878
1.51975
1.53079
1.54191
1.5531
1.56436
1.57572
1.58713
1.59862
1.61016
1.62176
1.63343
1.64515
1.65692
1.66875
1.68062
1.69254
1.70449
1.71647
1.72847
1.74049
1.75251
1.76453
1.77654
1.78852
1.80045
1.81231
1.8241
1.83578
1.84734
1.85877
1.87013
1.88143
1.89267
1.90384
1.91493
1.92592
1.93679
1.94754
1.95814
1.96858
1.97886
1.98903
1.999
2.00878
2.01829
2.02764
2.03657
2.04527
2.05369
2.06174
2.0693
2.07651
2.08321
2.0895
2.09525
2.10046
2.10508
2.10905
2.11234
2.1145
2.11749
2.1189
2.11928
2.11984
2.11869
2.11676
2.1139
2.1101
2.10533
2.09957
2.09279
2.08499
2.07613
2.0662
2.0552
2.04313
2.02998
2.01576
2.00048
1.98414
1.96674
1.94828
1.9287
1.90789
1.8862
1.86366
1.84032
1.81622
1.79141
1.76595
1.73991
1.71342
1.68653
1.65932
1.63185
1.60418
1.5764
1.54856
1.52073
1.49311
1.46586
1.43928
1.41318
1.38732
1.36167
1.33627
1.31117
1.28641
1.26203
1.23805
1.21448
1.19135
1.16864
1.14612
1.1238
1.10185
1.08035
1.05934
1.03883
1.01885
0.999383
0.980429
0.961939
0.943761
0.925916
0.908455
0.891417
0.87482
0.858665
0.842947
0.827659
0.812799
0.798335
0.784231
0.77048
0.757088
0.74406
0.731399
0.719106
0.707178
0.695614
0.684413
0.673567
0.663062
0.652886
0.643032
0.633496
0.624273
0.61536
0.606753
0.598447
0.590439
0.582722
0.575291
0.56814
0.561259
0.554634
0.548242
0.542084
0.53617
0.530504
0.525085
0.519906
0.514962
0.510247
0.505754
0.501475
0.497403
0.493532
0.489855
0.486364
0.483053
0.479913
0.476938
0.474119
0.471451
0.468923
0.466528
0.464259
0.462103
0.460058
0.458096
0.456243
0.454417
0.45272
0.450975
0.449288
0.447609
0.445825
0.44407
0.442284
0.439613
0.439182
0.422857
0.0146168
0.0293303
0.0433697
0.0552503
0.0655956
0.0747067
0.0827524
0.0898471
0.0960832
0.101548
0.106325
0.110495
0.114138
0.11733
0.120145
0.122653
0.124922
0.127017
0.128998
0.130926
0.13286
0.134855
0.13697
0.139263
0.141802
0.144657
0.147906
0.151626
0.155895
0.16078
0.166339
0.172614
0.179628
0.187385
0.195868
0.205043
0.214859
0.225253
0.236153
0.247489
0.259187
0.271181
0.283409
0.295819
0.308369
0.321028
0.333776
0.346605
0.359517
0.372521
0.385626
0.398835
0.412136
0.425517
0.438968
0.452491
0.466098
0.479803
0.493619
0.507551
0.521605
0.535787
0.550103
0.564553
0.579131
0.593832
0.608649
0.623575
0.638602
0.65372
0.66892
0.68419
0.699518
0.71489
0.730294
0.745717
0.761145
0.776565
0.791969
0.807347
0.822691
0.837994
0.85325
0.868452
0.883596
0.898679
0.913695
0.928642
0.943518
0.958319
0.973045
0.987694
1.00226
1.01676
1.03117
1.04551
1.05977
1.07395
1.08805
1.10208
1.11603
1.12991
1.14371
1.15744
1.17111
1.1847
1.19823
1.2117
1.2251
1.23845
1.25173
1.26496
1.27813
1.29126
1.30433
1.31736
1.33034
1.34327
1.35616
1.36901
1.38182
1.39458
1.4073
1.41998
1.43261
1.4452
1.45776
1.47028
1.48277
1.49525
1.50769
1.52012
1.53253
1.54493
1.55731
1.56968
1.58204
1.5944
1.60674
1.61908
1.63142
1.64375
1.65609
1.66842
1.68076
1.69311
1.70545
1.71781
1.73017
1.74255
1.75493
1.76733
1.77975
1.79217
1.80462
1.81708
1.82956
1.84206
1.85457
1.86711
1.87967
1.89225
1.90485
1.91747
1.93012
1.94279
1.95549
1.96822
1.98098
1.99377
2.00659
2.01944
2.03232
2.04523
2.05816
2.0711
2.08407
2.09706
2.11007
2.12309
2.13613
2.14919
2.16225
2.17533
2.1884
2.20149
2.21457
2.22765
2.24073
2.2538
2.26686
2.27991
2.29295
2.30597
2.31898
2.33195
2.3449
2.3578
2.37065
2.38344
2.39616
2.4088
2.42134
2.43377
2.44608
2.45825
2.47027
2.48213
2.4938
2.50526
2.51647
2.52743
2.53808
2.54842
2.55841
2.56801
2.57718
2.58591
2.59415
2.60187
2.60903
2.61557
2.62145
2.62665
2.63111
2.63478
2.63784
2.63989
2.64073
2.64117
2.64024
2.63823
2.63508
2.63076
2.62521
2.61841
2.61033
2.60092
2.59018
2.57807
2.56458
2.54971
2.53345
2.51581
2.4968
2.47643
2.45472
2.43169
2.40737
2.38178
2.35505
2.32725
2.29843
2.26868
2.23806
2.20665
2.17456
2.14187
2.10866
2.07504
2.04106
2.00683
1.97241
1.93787
1.90332
1.86891
1.83492
1.80142
1.7683
1.73548
1.70295
1.67076
1.63896
1.60759
1.57669
1.54629
1.51643
1.48711
1.45833
1.43005
1.40224
1.37497
1.34827
1.32215
1.29663
1.27172
1.24742
1.22372
1.20059
1.17775
1.15534
1.13341
1.11201
1.09115
1.07082
1.05103
1.03177
1.01303
0.994755
0.976905
0.959489
0.94252
0.926005
0.909946
0.894342
0.879192
0.864494
0.850245
0.836429
0.823024
0.810023
0.797421
0.785214
0.773401
0.761976
0.750935
0.740272
0.729982
0.720057
0.71049
0.701273
0.692394
0.683843
0.675603
0.667667
0.660035
0.652707
0.645679
0.638948
0.632508
0.626353
0.620474
0.614864
0.609516
0.60442
0.59957
0.594955
0.590569
0.586402
0.582445
0.578689
0.575126
0.571745
0.568537
0.565491
0.562597
0.559846
0.557219
0.55472
0.55231
0.550012
0.547776
0.545597
0.543478
0.541353
0.539294
0.537288
0.534847
0.534181
0.521827
0.0217792
0.0394199
0.0566621
0.0706656
0.0824361
0.0925437
0.10134
0.109055
0.115851
0.121854
0.127168
0.131887
0.136094
0.139872
0.143296
0.146442
0.149381
0.152186
0.154926
0.157671
0.160491
0.163456
0.166638
0.170112
0.173952
0.178238
0.183046
0.188454
0.194533
0.201345
0.208941
0.217351
0.226588
0.236645
0.247493
0.259084
0.271356
0.284238
0.29765
0.31151
0.325737
0.340256
0.354999
0.369907
0.384934
0.400044
0.415211
0.430423
0.44567
0.460953
0.476269
0.49162
0.507002
0.522416
0.537865
0.553362
0.568922
0.584561
0.600294
0.616142
0.632126
0.648264
0.664563
0.681026
0.697651
0.714435
0.731372
0.748452
0.765665
0.782999
0.800441
0.817975
0.835589
0.853266
0.870993
0.888756
0.90654
0.924335
0.942129
0.959912
0.977676
0.995411
1.01311
1.03077
1.04838
1.06594
1.08344
1.10088
1.11825
1.13556
1.1528
1.16997
1.18707
1.20409
1.22104
1.23792
1.25472
1.27144
1.28809
1.30467
1.32118
1.33761
1.35396
1.37025
1.38647
1.40262
1.4187
1.43472
1.45067
1.46655
1.48238
1.49814
1.51385
1.5295
1.54509
1.56063
1.57611
1.59153
1.60691
1.62222
1.63749
1.6527
1.66785
1.68295
1.698
1.713
1.72794
1.74285
1.7577
1.77252
1.78729
1.80203
1.81672
1.83137
1.84599
1.86056
1.8751
1.8896
1.90407
1.91849
1.93289
1.94724
1.96156
1.97584
1.99009
2.00431
2.01848
2.03263
2.04673
2.06081
2.07485
2.08885
2.10283
2.11677
2.13067
2.14455
2.15839
2.17221
2.18599
2.19974
2.21345
2.22714
2.2408
2.25444
2.26804
2.28162
2.29518
2.30871
2.32222
2.33571
2.34919
2.36265
2.3761
2.38954
2.40295
2.41635
2.42973
2.4431
2.45645
2.4698
2.48313
2.49646
2.50978
2.5231
2.53641
2.54971
2.56302
2.57632
2.58963
2.60294
2.61624
2.62955
2.64286
2.65617
2.66946
2.68273
2.69597
2.70917
2.72234
2.73545
2.7485
2.76147
2.77436
2.78715
2.79983
2.81239
2.8248
2.83705
2.84912
2.86099
2.87262
2.88399
2.89506
2.90582
2.91622
2.92622
2.93581
2.94493
2.95354
2.9616
2.96908
2.97592
2.98205
2.98744
2.99205
2.99583
2.99867
3.00042
3.00116
3.00107
2.99969
2.99711
2.99328
2.98813
2.98164
2.97374
2.9644
2.95359
2.94127
2.92742
2.91202
2.89506
2.87653
2.85645
2.83481
2.81164
2.78697
2.76083
2.73325
2.7043
2.67406
2.6426
2.61
2.57634
2.54171
2.5062
2.46991
2.43293
2.39537
2.35731
2.31885
2.28007
2.24106
2.20192
2.16278
2.12382
2.08521
2.04701
2.0092
1.97174
1.93465
1.89797
1.86175
1.82604
1.79087
1.75629
1.72232
1.68898
1.65628
1.62419
1.59272
1.5619
1.53173
1.50223
1.47341
1.44526
1.41778
1.39097
1.36481
1.33919
1.31412
1.28962
1.2657
1.24238
1.21963
1.19747
1.17589
1.15486
1.13434
1.11423
1.09461
1.07548
1.05687
1.03876
1.02115
1.00405
0.987441
0.971331
0.955688
0.940485
0.925725
0.911407
0.897532
0.884096
0.871095
0.858523
0.846374
0.83464
0.823315
0.812387
0.801846
0.791682
0.781888
0.772452
0.763366
0.754624
0.746222
0.738154
0.730416
0.723001
0.715903
0.709112
0.702622
0.696423
0.690507
0.684865
0.679487
0.674365
0.66949
0.664851
0.660439
0.656243
0.652255
0.648462
0.644855
0.641422
0.638153
0.635034
0.63206
0.629209
0.62648
0.623857
0.621325
0.618889
0.616517
0.614278
0.612168
0.610084
0.609117
0.600274
0.0308716
0.0502565
0.0703295
0.0862885
0.0994229
0.110529
0.120093
0.128432
0.135767
0.142264
0.148055
0.153249
0.157943
0.162227
0.166185
0.169897
0.173443
0.176901
0.18035
0.183868
0.187535
0.191431
0.195637
0.200237
0.205312
0.210945
0.217215
0.224196
0.231955
0.240546
0.250005
0.260351
0.271582
0.283674
0.296582
0.310247
0.324591
0.33953
0.354972
0.370827
0.387008
0.403433
0.420031
0.436744
0.453521
0.470329
0.487142
0.503946
0.520736
0.537514
0.554285
0.571059
0.587845
0.604659
0.621518
0.638444
0.655462
0.672598
0.689878
0.707323
0.724953
0.742777
0.760802
0.779029
0.797459
0.816087
0.834903
0.853895
0.87305
0.892353
0.911789
0.931341
0.950992
0.970728
0.990531
1.01039
1.03028
1.05021
1.07015
1.09009
1.11003
1.12995
1.14985
1.16972
1.18956
1.20935
1.22909
1.24879
1.26842
1.288
1.30752
1.32697
1.34635
1.36567
1.38491
1.40409
1.42319
1.44222
1.46118
1.48006
1.49888
1.51761
1.53628
1.55487
1.57339
1.59184
1.61021
1.62852
1.64676
1.66492
1.68302
1.70105
1.71902
1.73691
1.75474
1.7725
1.7902
1.80783
1.82539
1.84288
1.86031
1.87767
1.89495
1.91217
1.92932
1.9464
1.96341
1.98036
1.99724
2.01406
2.03081
2.04749
2.06411
2.08066
2.09715
2.11356
2.12991
2.14619
2.1624
2.17854
2.1946
2.2106
2.22652
2.24237
2.25814
2.27384
2.28946
2.30501
2.32048
2.33587
2.35118
2.36642
2.38157
2.39665
2.41164
2.42656
2.4414
2.45616
2.47084
2.48544
2.49997
2.51441
2.52878
2.54307
2.55729
2.57144
2.58551
2.59951
2.61345
2.62733
2.64114
2.6549
2.6686
2.68225
2.69584
2.70937
2.72286
2.7363
2.7497
2.76306
2.77638
2.78967
2.80293
2.81617
2.82938
2.84257
2.85575
2.86891
2.88205
2.89519
2.90831
2.92142
2.93451
2.94759
2.96064
2.97366
2.98664
2.99958
3.01248
3.02532
3.0381
3.0508
3.06343
3.07595
3.08837
3.10067
3.11283
3.12483
3.13665
3.14827
3.15966
3.1708
3.18166
3.19219
3.20238
3.21218
3.22156
3.23047
3.23888
3.24673
3.25398
3.26058
3.26646
3.27158
3.27589
3.27932
3.2817
3.2829
3.28335
3.28263
3.28066
3.27743
3.27287
3.26693
3.25955
3.25068
3.24028
3.2283
3.21471
3.19948
3.18258
3.16401
3.14374
3.12179
3.09817
3.07289
3.04598
3.01749
2.98745
2.95594
2.92302
2.88878
2.85329
2.81665
2.77894
2.74027
2.70075
2.66046
2.61952
2.57803
2.53608
2.49376
2.4512
2.40851
2.36585
2.32336
2.28119
2.23939
2.19798
2.15697
2.11639
2.07628
2.03669
1.99766
1.95925
1.92148
1.88439
1.84799
1.8123
1.77732
1.74305
1.7095
1.67669
1.64461
1.61327
1.58267
1.55279
1.52364
1.49519
1.46741
1.44026
1.41375
1.38788
1.36264
1.33803
1.31404
1.29067
1.2679
1.2457
1.22404
1.2029
1.18231
1.16225
1.14274
1.12375
1.10529
1.08736
1.06994
1.05299
1.03649
1.02046
1.0049
0.989807
0.975187
0.961031
0.947333
0.934085
0.92128
0.908911
0.896963
0.885422
0.874284
0.863544
0.853193
0.843224
0.833628
0.824399
0.815529
0.807014
0.798845
0.791015
0.783516
0.776338
0.769473
0.762911
0.756643
0.750661
0.744954
0.739513
0.734327
0.729386
0.72468
0.720197
0.715928
0.711861
0.707984
0.704288
0.70076
0.697391
0.694169
0.691086
0.688134
0.685305
0.682605
0.680017
0.677615
0.675404
0.673445
0.672256
0.665631
0.0409875
0.0619745
0.0847448
0.102566
0.117026
0.129133
0.139493
0.148495
0.156405
0.163423
0.169704
0.175375
0.180548
0.185323
0.189793
0.194048
0.198176
0.202262
0.206395
0.210661
0.215147
0.219944
0.225138
0.23082
0.237075
0.243987
0.251634
0.260085
0.269397
0.279611
0.290749
0.302813
0.315782
0.329616
0.344255
0.359621
0.375627
0.392177
0.409172
0.426517
0.444122
0.461907
0.479802
0.497753
0.515715
0.53366
0.551571
0.569441
0.587274
0.605083
0.622884
0.640698
0.658551
0.676468
0.694479
0.712612
0.730898
0.749364
0.768033
0.786927
0.806059
0.825437
0.845065
0.864941
0.88506
0.905409
0.925978
0.946753
0.96772
0.98886
1.01016
1.03159
1.05315
1.07481
1.09656
1.11838
1.14027
1.16219
1.18415
1.20613
1.22812
1.25011
1.27209
1.29406
1.316
1.33791
1.35979
1.38162
1.4034
1.42514
1.44682
1.46844
1.49
1.51149
1.53292
1.55428
1.57558
1.59679
1.61794
1.63901
1.66001
1.68094
1.70178
1.72255
1.74325
1.76387
1.78441
1.80487
1.82525
1.84556
1.86579
1.88594
1.90602
1.92601
1.94593
1.96576
1.98551
2.00519
2.02478
2.04428
2.0637
2.08303
2.10228
2.12144
2.14051
2.15949
2.17838
2.19718
2.21589
2.23451
2.25304
2.27148
2.28982
2.30806
2.32621
2.34425
2.3622
2.38004
2.39778
2.41542
2.43295
2.45037
2.46767
2.48487
2.50195
2.51892
2.53577
2.5525
2.56911
2.5856
2.60197
2.61822
2.63434
2.65034
2.66621
2.68196
2.69759
2.71309
2.72846
2.74371
2.75884
2.77384
2.78871
2.80347
2.8181
2.83261
2.84701
2.86129
2.87546
2.88953
2.90349
2.91735
2.93111
2.94477
2.95834
2.97182
2.98522
2.99853
3.01177
3.02493
3.03802
3.05105
3.06402
3.07693
3.0898
3.10261
3.11539
3.12812
3.14082
3.15347
3.16609
3.17867
3.19121
3.20371
3.21617
3.22857
3.24093
3.25324
3.26548
3.27766
3.28977
3.3018
3.31374
3.32559
3.33732
3.34894
3.36041
3.37173
3.38287
3.39382
3.40454
3.41502
3.42523
3.43512
3.44468
3.45386
3.46262
3.47094
3.47875
3.48601
3.49268
3.49869
3.50401
3.50855
3.51227
3.51509
3.51677
3.5175
3.5173
3.5159
3.51326
3.50932
3.50403
3.49731
3.48911
3.47937
3.46804
3.45507
3.44042
3.42406
3.40595
3.38608
3.36443
3.34101
3.31582
3.28888
3.26023
3.22989
3.19792
3.16439
3.12936
3.09291
3.05512
3.0161
2.97593
2.93473
2.89259
2.84963
2.80596
2.76167
2.71687
2.67168
2.62625
2.5807
2.53519
2.48985
2.4448
2.4001
2.3558
2.31194
2.26855
2.22567
2.18336
2.14167
2.10065
2.06032
2.02071
1.98186
1.94378
1.90647
1.86994
1.8342
1.79925
1.76509
1.73173
1.69916
1.66737
1.63634
1.60608
1.57653
1.5477
1.51956
1.4921
1.46532
1.43921
1.41376
1.38895
1.36479
1.34123
1.31826
1.29588
1.27406
1.25282
1.23213
1.21201
1.19244
1.17341
1.15492
1.13694
1.11946
1.10247
1.08598
1.06997
1.05445
1.03942
1.02485
1.01075
0.997116
0.983929
0.971171
0.95883
0.94691
0.935409
0.924318
0.91363
0.903337
0.89343
0.883902
0.874746
0.865953
0.857517
0.849427
0.841674
0.834249
0.827142
0.820346
0.813849
0.807644
0.801718
0.796062
0.790665
0.785516
0.780603
0.775917
0.771446
0.767178
0.763104
0.759211
0.755492
0.751937
0.748538
0.745291
0.742193
0.739251
0.736468
0.733895
0.731573
0.729588
0.728222
0.722886
0.0516663
0.0745953
0.100033
0.119641
0.135372
0.148461
0.159624
0.169313
0.177831
0.185405
0.192208
0.198383
0.204056
0.209336
0.214327
0.219128
0.223836
0.228546
0.233353
0.238352
0.243637
0.249305
0.255448
0.262158
0.269523
0.277625
0.286535
0.296315
0.307008
0.318641
0.331221
0.344731
0.359135
0.374375
0.390376
0.407051
0.424302
0.442029
0.460131
0.478513
0.49709
0.515785
0.534538
0.553302
0.572044
0.590746
0.609403
0.62802
0.646614
0.665207
0.683828
0.702508
0.721283
0.740186
0.75925
0.778508
0.797988
0.817716
0.837712
0.857989
0.878559
0.899423
0.920581
0.942027
0.963751
0.985742
1.00798
1.03046
1.05316
1.07605
1.09912
1.12236
1.14574
1.16924
1.19286
1.21657
1.24036
1.26421
1.28811
1.31206
1.33603
1.36002
1.38401
1.40801
1.43199
1.45596
1.4799
1.5038
1.52768
1.5515
1.57529
1.59901
1.62269
1.6463
1.66985
1.69333
1.71675
1.74009
1.76336
1.78656
1.80967
1.83271
1.85567
1.87855
1.90135
1.92406
1.94668
1.96923
1.99168
2.01405
2.03632
2.05851
2.08061
2.10261
2.12452
2.14633
2.16805
2.18967
2.21118
2.2326
2.25391
2.27512
2.29622
2.31721
2.33809
2.35886
2.37951
2.40005
2.42048
2.44078
2.46097
2.48103
2.50097
2.52078
2.54047
2.56002
2.57944
2.59872
2.61787
2.63687
2.65574
2.67445
2.69302
2.71144
2.7297
2.74781
2.76576
2.78356
2.80119
2.81865
2.83596
2.85309
2.87006
2.88686
2.9035
2.91996
2.93625
2.95237
2.96832
2.98411
2.99971
3.01515
3.03042
3.04552
3.06046
3.07523
3.08983
3.10427
3.11856
3.13269
3.14667
3.16051
3.17421
3.18776
3.20118
3.21447
3.22763
3.24066
3.25358
3.26639
3.27908
3.29168
3.30418
3.31658
3.3289
3.34114
3.3533
3.36538
3.37739
3.38932
3.40119
3.41298
3.42471
3.43637
3.44795
3.45946
3.4709
3.48227
3.49356
3.50476
3.51588
3.52691
3.53785
3.54867
3.55938
3.56997
3.58041
3.59069
3.60079
3.61071
3.62041
3.62987
3.63906
3.64796
3.65654
3.66475
3.67256
3.67993
3.68682
3.69317
3.69895
3.7041
3.70856
3.71226
3.71515
3.71709
3.718
3.71806
3.71705
3.71487
3.71146
3.70675
3.70069
3.69319
3.68419
3.67364
3.66146
3.64762
3.63206
3.61474
3.59562
3.57469
3.55193
3.52733
3.5009
3.47265
3.44261
3.41081
3.37731
3.34217
3.30545
3.26723
3.22761
3.18667
3.14451
3.10125
3.05698
3.01183
2.96589
2.9193
2.87216
2.82464
2.77686
2.72898
2.68113
2.63344
2.58602
2.53896
2.4923
2.4461
2.4004
2.35526
2.31072
2.26685
2.22368
2.18125
2.13959
2.09873
2.05869
2.01947
1.98108
1.94354
1.90683
1.87098
1.83596
1.80177
1.76841
1.73586
1.7041
1.67312
1.6429
1.61341
1.58465
1.5566
1.52925
1.50259
1.47661
1.45129
1.42662
1.40256
1.37913
1.35629
1.33404
1.31238
1.2913
1.27079
1.25084
1.23144
1.21258
1.19425
1.17644
1.15914
1.14234
1.12605
1.11025
1.09494
1.08011
1.06576
1.05187
1.03843
1.02544
1.01288
1.00076
0.989063
0.977781
0.966908
0.956434
0.946353
0.936656
0.927334
0.91838
0.909784
0.901535
0.893624
0.886043
0.878784
0.871836
0.86519
0.858835
0.85276
0.846954
0.841407
0.836106
0.831041
0.826201
0.821574
0.817151
0.812922
0.808879
0.805014
0.80132
0.797796
0.794442
0.79127
0.788292
0.785548
0.783096
0.781011
0.779458
0.774842
0.0623444
0.0879367
0.11607
0.137414
0.154385
0.168448
0.180428
0.190828
0.199987
0.20815
0.21551
0.222222
0.228421
0.234228
0.239757
0.245115
0.250408
0.255738
0.261209
0.266921
0.272975
0.27947
0.286503
0.294166
0.302543
0.311712
0.321736
0.332664
0.344528
0.35734
0.37109
0.385746
0.401257
0.417554
0.434551
0.452155
0.470265
0.488781
0.507605
0.52665
0.545837
0.565102
0.584395
0.603681
0.622941
0.64217
0.661375
0.680574
0.699794
0.719066
0.738427
0.757916
0.777571
0.797428
0.817521
0.83788
0.858531
0.879494
0.900783
0.922408
0.944373
0.966677
0.989313
1.01227
1.03554
1.05911
1.08296
1.10707
1.13142
1.156
1.18079
1.20575
1.23089
1.25618
1.2816
1.30714
1.33277
1.3585
1.38429
1.41015
1.43605
1.46198
1.48794
1.51391
1.53989
1.56587
1.59183
1.61776
1.64368
1.66956
1.69539
1.72119
1.74693
1.77261
1.79824
1.8238
1.8493
1.87472
1.90007
1.92534
1.95054
1.97565
2.00067
2.02561
2.05046
2.07521
2.09988
2.12445
2.14892
2.17329
2.19756
2.22172
2.24578
2.26974
2.29358
2.31732
2.34094
2.36444
2.38782
2.41109
2.43422
2.45724
2.48012
2.50288
2.5255
2.54798
2.57033
2.59254
2.6146
2.63652
2.65829
2.6799
2.70137
2.72267
2.74382
2.76481
2.78562
2.80627
2.82675
2.84705
2.86717
2.88711
2.90686
2.92643
2.94581
2.96499
2.98397
3.00275
3.02133
3.03971
3.05788
3.07584
3.09359
3.11113
3.12846
3.14557
3.16247
3.17915
3.19561
3.21186
3.22789
3.2437
3.2593
3.27468
3.28985
3.3048
3.31954
3.33408
3.3484
3.36253
3.37646
3.39019
3.40374
3.4171
3.43027
3.44326
3.45608
3.46874
3.48122
3.49355
3.50573
3.51776
3.52965
3.5414
3.55301
3.56451
3.57588
3.58713
3.59826
3.60928
3.62019
3.631
3.64169
3.65228
3.66277
3.67315
3.68343
3.69361
3.70368
3.71365
3.72351
3.73326
3.74289
3.75241
3.7618
3.77104
3.78014
3.78907
3.79782
3.80638
3.81473
3.82285
3.83071
3.83829
3.84555
3.85247
3.859
3.86512
3.87077
3.87593
3.88053
3.88452
3.88786
3.89048
3.89225
3.89311
3.89317
3.89225
3.89029
3.8872
3.88291
3.87734
3.87044
3.86212
3.85231
3.84095
3.82798
3.81333
3.79695
3.7788
3.75883
3.73702
3.71335
3.6878
3.66037
3.63108
3.59994
3.567
3.53229
3.49588
3.45782
3.4182
3.37711
3.33463
3.29088
3.24594
3.19995
3.153
3.10522
3.05675
3.00773
2.9583
2.90863
2.85885
2.80909
2.75948
2.71014
2.66113
2.61254
2.56443
2.51685
2.46985
2.42349
2.37782
2.33289
2.28874
2.2454
2.2029
2.16124
2.12046
2.08056
2.04153
2.00339
1.96614
1.92976
1.89425
1.85961
1.8258
1.79283
1.76067
1.7293
1.69871
1.66887
1.63978
1.61141
1.58375
1.5568
1.53052
1.50491
1.47996
1.45563
1.43193
1.40884
1.38635
1.36445
1.34314
1.3224
1.30223
1.28262
1.26354
1.24501
1.22699
1.2095
1.19253
1.17606
1.16009
1.14462
1.12963
1.11512
1.10108
1.0875
1.07437
1.06169
1.04945
1.03763
1.02624
1.01526
1.00468
0.994502
0.984709
0.975293
0.966247
0.957559
0.94922
0.94122
0.93355
0.926199
0.919158
0.912415
0.905959
0.899779
0.893865
0.888204
0.882787
0.877601
0.872638
0.867885
0.863337
0.858985
0.854823
0.850846
0.847054
0.843451
0.840051
0.836873
0.833953
0.831345
0.829117
0.827348
0.823112
0.0725165
0.101741
0.132618
0.15568
0.17389
0.188947
0.201772
0.212919
0.222756
0.231547
0.239498
0.246777
0.253528
0.259883
0.265964
0.271886
0.277762
0.283702
0.289814
0.296206
0.302981
0.310241
0.318081
0.326593
0.335855
0.345938
0.356896
0.368767
0.381568
0.395298
0.409934
0.425432
0.441731
0.458753
0.476409
0.494606
0.513244
0.53223
0.551474
0.570898
0.590436
0.610037
0.629665
0.649299
0.668932
0.688572
0.708237
0.727953
0.747756
0.767682
0.787773
0.808067
0.828604
0.849418
0.87054
0.891995
0.913805
0.935984
0.958541
0.98148
1.0048
1.0285
1.05257
1.07699
1.10175
1.12684
1.15223
1.17792
1.20387
1.23007
1.25651
1.28315
1.30999
1.337
1.36417
1.39148
1.41891
1.44645
1.47408
1.5018
1.52958
1.55741
1.58529
1.61319
1.64112
1.66905
1.69699
1.72492
1.75283
1.78071
1.80857
1.83638
1.86415
1.89187
1.91954
1.94714
1.97468
2.00214
2.02953
2.05684
2.08407
2.11121
2.13827
2.16523
2.19209
2.21885
2.24551
2.27207
2.29852
2.32485
2.35108
2.37718
2.40317
2.42903
2.45477
2.48039
2.50587
2.53121
2.55642
2.58149
2.60642
2.63119
2.65582
2.6803
2.70462
2.72878
2.75277
2.7766
2.80026
2.82375
2.84706
2.87019
2.89314
2.9159
2.93847
2.96085
2.98303
3.005
3.02677
3.04833
3.06967
3.0908
3.1117
3.13238
3.15283
3.17305
3.19303
3.21277
3.23227
3.25153
3.27054
3.28929
3.30779
3.32604
3.34403
3.36176
3.37924
3.39645
3.41339
3.43008
3.4465
3.46265
3.47854
3.49417
3.50953
3.52464
3.53948
3.55406
3.56838
3.58246
3.59628
3.60986
3.6232
3.6363
3.64917
3.6618
3.67421
3.6864
3.69837
3.71014
3.7217
3.73306
3.74422
3.7552
3.766
3.77662
3.78707
3.79735
3.80746
3.81742
3.82721
3.83686
3.84635
3.85569
3.86489
3.87395
3.88286
3.89164
3.90028
3.90878
3.91714
3.92536
3.93345
3.9414
3.9492
3.95684
3.96431
3.97161
3.97871
3.98562
3.99232
3.9988
4.00502
4.01097
4.01661
4.02193
4.02688
4.03143
4.03555
4.03921
4.04234
4.04489
4.04686
4.04804
4.04851
4.0482
4.04704
4.04495
4.04186
4.0377
4.03238
4.02583
4.01799
4.00877
3.9981
3.98591
3.97213
3.9567
3.93956
3.92066
3.89994
3.87738
3.85294
3.82661
3.79839
3.76827
3.73627
3.70243
3.66679
3.62939
3.5903
3.54959
3.50734
3.46366
3.41863
3.37238
3.32499
3.27661
3.22737
3.17742
3.1269
3.07598
3.0248
2.9735
2.92222
2.87107
2.82018
2.76962
2.71948
2.66982
2.62071
2.57222
2.52438
2.47727
2.43092
2.38538
2.34067
2.29684
2.25389
2.21184
2.17071
2.13049
2.09119
2.0528
2.01533
1.97876
1.94307
1.90826
1.87431
1.8412
1.80891
1.77742
1.74671
1.71676
1.68756
1.65909
1.63134
1.60428
1.57791
1.55219
1.52713
1.5027
1.4789
1.45571
1.43312
1.41112
1.38971
1.36887
1.34859
1.32887
1.3097
1.29106
1.27295
1.25537
1.2383
1.22174
1.20568
1.19012
1.17505
1.16046
1.14635
1.1327
1.1195
1.10675
1.09445
1.08258
1.07113
1.06009
1.04947
1.03924
1.02939
1.01993
1.01083
1.00209
0.993702
0.985648
0.977921
0.970509
0.963403
0.95659
0.950059
0.9438
0.9378
0.932049
0.926537
0.921253
0.916187
0.911332
0.906681
0.902229
0.897974
0.893917
0.890065
0.886433
0.883045
0.879936
0.877149
0.874743
0.872726
0.868663
0.0818353
0.115751
0.149419
0.174203
0.193682
0.209773
0.223487
0.235425
0.245981
0.255439
0.264015
0.271889
0.279216
0.286134
0.292774
0.299258
0.305705
0.312232
0.318951
0.325973
0.333402
0.341342
0.349886
0.35912
0.36912
0.379945
0.391641
0.404234
0.417733
0.432123
0.447371
0.463428
0.480225
0.497683
0.515715
0.534231
0.553138
0.572353
0.591798
0.611408
0.63113
0.650928
0.670778
0.690673
0.710618
0.730629
0.750732
0.77096
0.79135
0.811943
0.832778
0.853893
0.875325
0.897102
0.919253
0.941796
0.964748
0.988118
1.01191
1.03613
1.06076
1.0858
1.11124
1.13707
1.16326
1.18981
1.21669
1.24389
1.27138
1.29914
1.32716
1.35542
1.3839
1.41257
1.44143
1.47045
1.49962
1.52892
1.55833
1.58785
1.61745
1.64713
1.67687
1.70665
1.73648
1.76632
1.79618
1.82605
1.85591
1.88576
1.91558
1.94538
1.97513
2.00484
2.0345
2.0641
2.09364
2.12311
2.1525
2.18181
2.21104
2.24018
2.26922
2.29817
2.32701
2.35574
2.38437
2.41288
2.44127
2.46954
2.49768
2.5257
2.55358
2.58133
2.60893
2.6364
2.66371
2.69087
2.71788
2.74473
2.77141
2.79793
2.82427
2.85045
2.87644
2.90225
2.92787
2.9533
2.97854
3.00357
3.02841
3.05303
3.07744
3.10164
3.12562
3.14937
3.17289
3.19617
3.21922
3.24202
3.26458
3.28688
3.30892
3.3307
3.35222
3.37347
3.39444
3.41514
3.43555
3.45567
3.47551
3.49506
3.51431
3.53326
3.55191
3.57026
3.5883
3.60603
3.62346
3.64058
3.65738
3.67387
3.69005
3.70591
3.72147
3.7367
3.75163
3.76625
3.78055
3.79455
3.80825
3.82165
3.83476
3.84757
3.86009
3.87232
3.88427
3.89595
3.90735
3.91849
3.92937
3.93999
3.95036
3.96048
3.97037
3.98002
3.98945
3.99865
4.00764
4.0164
4.02496
4.03332
4.04147
4.04942
4.05718
4.06475
4.07214
4.07934
4.08636
4.0932
4.09986
4.10635
4.11267
4.11883
4.12481
4.1306
4.1362
4.1416
4.1468
4.15179
4.15656
4.16111
4.16541
4.16944
4.17318
4.17659
4.17966
4.18235
4.18464
4.18651
4.1879
4.18868
4.18893
4.18855
4.18747
4.18565
4.18304
4.17955
4.17513
4.16969
4.16317
4.15549
4.14657
4.13633
4.12471
4.11162
4.09699
4.08076
4.06286
4.04323
4.02181
3.99858
3.97348
3.9465
3.91762
3.88684
3.85417
3.81964
3.78328
3.74513
3.70525
3.66371
3.6206
3.57599
3.52999
3.48271
3.43427
3.3848
3.33445
3.28338
3.23173
3.17967
3.12734
3.07488
3.02242
2.97009
2.91799
2.86623
2.81488
2.76402
2.71372
2.66405
2.61506
2.5668
2.51934
2.4727
2.42693
2.38205
2.33808
2.29504
2.25294
2.21179
2.17158
2.13231
2.09398
2.05658
2.02009
1.98449
1.94978
1.91592
1.88291
1.85072
1.81932
1.78871
1.75885
1.72974
1.70135
1.67367
1.64667
1.62035
1.59468
1.56966
1.54526
1.52149
1.49831
1.47574
1.45374
1.43233
1.41148
1.39119
1.37145
1.35226
1.3336
1.31547
1.29786
1.28076
1.26418
1.2481
1.23251
1.21741
1.2028
1.18866
1.17498
1.16177
1.149
1.13668
1.12479
1.11332
1.10227
1.09162
1.08137
1.07151
1.06202
1.0529
1.04414
1.03571
1.02762
1.01986
1.0124
1.00524
0.998369
0.991774
0.985445
0.979369
0.973538
0.96794
0.962566
0.957411
0.952466
0.947729
0.943199
0.938879
0.934778
0.930912
0.927305
0.923992
0.92101
0.9184
0.916111
0.912098
0.0901129
0.129731
0.166221
0.192752
0.213544
0.230718
0.245372
0.258148
0.269468
0.279629
0.288862
0.297357
0.305276
0.312767
0.319966
0.327003
0.334001
0.34108
0.348358
0.355945
0.363949
0.37247
0.381599
0.391418
0.401996
0.413385
0.425622
0.438725
0.452693
0.467504
0.483122
0.499491
0.516544
0.534204
0.55239
0.571019
0.590009
0.609289
0.628795
0.648474
0.66829
0.688216
0.708243
0.728373
0.74862
0.769005
0.789559
0.810318
0.831318
0.852598
0.874196
0.896145
0.918476
0.941214
0.964381
0.987992
1.01206
1.03658
1.06157
1.08701
1.1129
1.13922
1.16598
1.19315
1.22071
1.24865
1.27694
1.30558
1.33454
1.3638
1.39334
1.42314
1.45318
1.48345
1.51393
1.54459
1.57543
1.60642
1.63755
1.66881
1.70017
1.73163
1.76317
1.79477
1.82643
1.85812
1.88985
1.9216
1.95336
1.98511
2.01685
2.04857
2.08026
2.11191
2.14352
2.17507
2.20656
2.23799
2.26934
2.30061
2.3318
2.36289
2.39389
2.42478
2.45557
2.48624
2.51679
2.54723
2.57753
2.60771
2.63775
2.66764
2.6974
2.727
2.75645
2.78574
2.81486
2.84382
2.87261
2.90121
2.92964
2.95788
2.98593
3.01378
3.04144
3.06888
3.09612
3.12314
3.14994
3.17652
3.20287
3.22898
3.25486
3.28049
3.30586
3.33099
3.35585
3.38045
3.40477
3.42883
3.45259
3.47608
3.49927
3.52216
3.54475
3.56704
3.58901
3.61067
3.63201
3.65302
3.6737
3.69405
3.71406
3.73372
3.75305
3.77203
3.79066
3.80893
3.82685
3.84441
3.86161
3.87845
3.89493
3.91105
3.92679
3.94218
3.9572
3.97185
3.98614
4.00007
4.01364
4.02686
4.03973
4.05224
4.0644
4.07621
4.08769
4.09882
4.10963
4.1201
4.13026
4.14009
4.14962
4.15884
4.16776
4.17639
4.18472
4.19277
4.20055
4.20805
4.21528
4.22225
4.22896
4.23541
4.24161
4.24757
4.25329
4.25879
4.26404
4.26906
4.27385
4.27842
4.2828
4.28698
4.29094
4.29468
4.2982
4.30148
4.30453
4.30735
4.30994
4.3123
4.31443
4.31628
4.31783
4.31906
4.31997
4.3205
4.32066
4.32045
4.31977
4.31857
4.31686
4.31457
4.31165
4.30806
4.30372
4.29859
4.2926
4.28567
4.27773
4.26872
4.25854
4.24714
4.23442
4.22031
4.20475
4.18764
4.16893
4.14855
4.12645
4.10256
4.07686
4.04929
4.01986
3.98854
3.95534
3.92028
3.88337
3.84467
3.80422
3.76208
3.71833
3.67305
3.62634
3.57833
3.52913
3.4789
3.42778
3.37592
3.32349
3.27062
3.21748
3.16418
3.11088
3.05769
3.00471
2.95206
2.89982
2.84808
2.7969
2.74635
2.6965
2.6474
2.59911
2.55166
2.50509
2.45943
2.4147
2.37093
2.32811
2.28626
2.24538
2.20547
2.1665
2.12849
2.0914
2.05523
2.01996
1.98556
1.95202
1.91931
1.88741
1.8563
1.82595
1.79636
1.76749
1.73933
1.71186
1.68506
1.65892
1.63343
1.60856
1.5843
1.56065
1.53759
1.51511
1.49321
1.47187
1.45109
1.43086
1.41117
1.39202
1.3734
1.3553
1.33772
1.32065
1.30408
1.28802
1.27245
1.25737
1.24277
1.22864
1.21498
1.20177
1.18902
1.17671
1.16482
1.15336
1.14232
1.13167
1.12143
1.11156
1.10206
1.09293
1.08415
1.0757
1.06758
1.05978
1.05228
1.04507
1.03815
1.03149
1.02509
1.01894
1.01303
1.00735
1.0019
0.99666
0.991637
0.98683
0.982243
0.977888
0.97378
0.969943
0.96641
0.96321
0.960369
0.957795
0.953746
0.0972704
0.14345
0.182787
0.211099
0.233252
0.251561
0.267203
0.280863
0.292984
0.303883
0.313801
0.322937
0.331462
0.33953
0.347283
0.354855
0.362375
0.369966
0.377746
0.385829
0.39432
0.403318
0.412911
0.423176
0.434177
0.445959
0.458554
0.471973
0.486209
0.501239
0.517023
0.533507
0.550628
0.568315
0.586496
0.605097
0.624051
0.643298
0.662788
0.682482
0.702354
0.722391
0.742591
0.762963
0.783527
0.804308
0.825338
0.846649
0.868279
0.890261
0.912628
0.935409
0.95863
0.982311
1.00647
1.03111
1.05624
1.08187
1.10799
1.1346
1.16168
1.18922
1.21722
1.24565
1.27451
1.30376
1.3334
1.3634
1.39374
1.42442
1.45539
1.48666
1.5182
1.54998
1.582
1.61423
1.64666
1.67926
1.71203
1.74495
1.778
1.81116
1.84442
1.87777
1.91119
1.94467
1.9782
2.01176
2.04534
2.07894
2.11253
2.14612
2.17969
2.21322
2.24672
2.28017
2.31357
2.3469
2.38016
2.41334
2.44644
2.47945
2.51235
2.54516
2.57785
2.61042
2.64288
2.6752
2.70739
2.73944
2.77134
2.8031
2.83469
2.86613
2.8974
2.9285
2.95942
2.99016
3.02071
3.05106
3.08122
3.11117
3.14092
3.17044
3.19975
3.22883
3.25768
3.28629
3.31466
3.34278
3.37065
3.39826
3.4256
3.45266
3.47945
3.50596
3.53218
3.5581
3.58372
3.60903
3.63403
3.65871
3.68307
3.70709
3.73078
3.75413
3.77712
3.79977
3.82205
3.84397
3.86552
3.8867
3.9075
3.92791
3.94794
3.96757
3.98682
4.00566
4.0241
4.04214
4.05976
4.07698
4.09378
4.11017
4.12614
4.1417
4.15683
4.17154
4.18584
4.19972
4.21318
4.22623
4.23886
4.25108
4.26289
4.27429
4.28529
4.29588
4.30608
4.31589
4.32531
4.33434
4.34301
4.35129
4.35922
4.36678
4.37399
4.38085
4.38737
4.39355
4.3994
4.40492
4.41011
4.41499
4.41956
4.42381
4.42777
4.43145
4.43484
4.43793
4.44071
4.44321
4.44549
4.44755
4.44934
4.45085
4.45209
4.45307
4.45377
4.4542
4.45436
4.45432
4.45405
4.45347
4.45257
4.45137
4.44984
4.44797
4.44574
4.44313
4.4401
4.43662
4.43266
4.42817
4.42312
4.41746
4.41113
4.40408
4.39625
4.38757
4.37798
4.3674
4.35576
4.34298
4.32899
4.31371
4.29706
4.27897
4.25935
4.23816
4.21531
4.19075
4.16444
4.13632
4.10638
4.07459
4.04095
4.00547
3.96816
3.92906
3.8882
3.84565
3.80147
3.75574
3.70858
3.66011
3.61046
3.55976
3.50818
3.45585
3.40294
3.34959
3.29594
3.24213
3.1883
3.13455
3.08101
3.02778
2.97496
2.92262
2.87086
2.81973
2.7693
2.71963
2.67078
2.62278
2.57567
2.52949
2.48425
2.43998
2.39669
2.35438
2.31305
2.2727
2.23332
2.19491
2.15743
2.12089
2.08525
2.0505
2.01661
1.98357
1.95134
1.9199
1.88923
1.85932
1.83012
1.80164
1.77383
1.7467
1.72022
1.69437
1.66914
1.64452
1.62049
1.59705
1.57418
1.55187
1.53012
1.50893
1.48827
1.46815
1.44857
1.42951
1.41097
1.39294
1.37543
1.35842
1.34192
1.3259
1.31038
1.29535
1.28079
1.2667
1.25307
1.2399
1.22718
1.21489
1.20304
1.1916
1.18057
1.16994
1.1597
1.14984
1.14034
1.1312
1.1224
1.11394
1.10579
1.09795
1.09041
1.08315
1.07617
1.06945
1.06298
1.05675
1.05076
1.045
1.03947
1.03415
1.02907
1.02421
1.01959
1.01523
1.01115
1.00737
1.00393
1.00084
0.997966
0.993815
0.103277
0.156661
0.198884
0.229024
0.252584
0.27207
0.288739
0.303318
0.316272
0.327935
0.33856
0.348353
0.357492
0.366137
0.374434
0.382522
0.390534
0.398593
0.406819
0.415326
0.424219
0.433594
0.443537
0.454121
0.465404
0.47743
0.490224
0.503796
0.518137
0.533223
0.549017
0.56547
0.582526
0.600122
0.618195
0.636686
0.655539
0.674706
0.694151
0.713845
0.733772
0.753929
0.774319
0.794956
0.815861
0.837061
0.858585
0.880464
0.902731
0.925414
0.948541
0.972136
0.996219
1.02081
1.04591
1.07153
1.09767
1.12434
1.15153
1.17922
1.20742
1.2361
1.26526
1.29488
1.32494
1.35542
1.38631
1.41759
1.44923
1.48123
1.51356
1.5462
1.57914
1.61235
1.64582
1.67953
1.71345
1.74759
1.78191
1.8164
1.85104
1.88582
1.92073
1.95574
1.99084
2.02603
2.06127
2.09657
2.13191
2.16727
2.20265
2.23803
2.2734
2.30875
2.34408
2.37936
2.4146
2.44978
2.4849
2.51994
2.5549
2.58977
2.62454
2.65921
2.69377
2.7282
2.76252
2.79669
2.83073
2.86463
2.89837
2.93195
2.96537
2.99862
3.03169
3.06458
3.09728
3.12978
3.16208
3.19417
3.22605
3.25771
3.28915
3.32035
3.35131
3.38202
3.41249
3.44269
3.47263
3.50231
3.5317
3.56081
3.58963
3.61815
3.64637
3.67427
3.70186
3.72913
3.75606
3.78266
3.80892
3.83482
3.86037
3.88555
3.91036
3.9348
3.95885
3.98251
4.00577
4.02863
4.05109
4.07313
4.09475
4.11595
4.13671
4.15705
4.17694
4.19639
4.21539
4.23394
4.25203
4.26966
4.28683
4.30353
4.31976
4.33552
4.3508
4.36561
4.37995
4.39381
4.40719
4.4201
4.43253
4.44449
4.45597
4.46698
4.47752
4.48759
4.4972
4.50635
4.51504
4.52328
4.53108
4.53844
4.54536
4.55186
4.55793
4.56359
4.56883
4.57367
4.57811
4.58215
4.58579
4.58906
4.59193
4.5944
4.59653
4.59835
4.59982
4.60089
4.60156
4.60186
4.60194
4.6018
4.60127
4.60041
4.59923
4.59774
4.59594
4.59384
4.59145
4.58879
4.58584
4.58259
4.57902
4.57513
4.57092
4.56638
4.56149
4.55623
4.55058
4.54452
4.53802
4.53105
4.52357
4.51555
4.50693
4.49767
4.48772
4.47701
4.46548
4.45308
4.43972
4.42533
4.40985
4.39318
4.37527
4.35602
4.33536
4.31322
4.28954
4.26424
4.23726
4.20857
4.17811
4.14588
4.11184
4.07601
4.03839
3.999
3.95787
3.91506
3.87063
3.82467
3.7773
3.72863
3.67879
3.62791
3.57615
3.52365
3.47055
3.41701
3.36316
3.30913
3.25507
3.20107
3.14727
3.09375
3.04063
2.988
2.93593
2.88449
2.83376
2.78379
2.73464
2.68634
2.63895
2.59249
2.54698
2.50245
2.4589
2.41635
2.3748
2.33423
2.29465
2.25603
2.21837
2.18165
2.14584
2.11093
2.07688
2.04368
2.01129
1.9797
1.94887
1.91879
1.88942
1.86075
1.83276
1.80543
1.77873
1.75266
1.72719
1.70231
1.67802
1.65429
1.63112
1.6085
1.58642
1.56489
1.54388
1.5234
1.50343
1.48399
1.46506
1.44663
1.42872
1.4113
1.39438
1.37796
1.36203
1.34658
1.33161
1.31711
1.30308
1.2895
1.27638
1.2637
1.25146
1.23963
1.22823
1.21722
1.20661
1.19639
1.18653
1.17703
1.16788
1.15906
1.15057
1.14239
1.13451
1.12692
1.11961
1.11256
1.10577
1.09922
1.09292
1.08685
1.08101
1.07541
1.07003
1.06489
1.06
1.05537
1.05103
1.047
1.0433
1.03993
1.03675
1.03244
0.108204
0.169051
0.214312
0.246326
0.271321
0.292007
0.309727
0.325246
0.339055
0.351502
0.362848
0.373307
0.383064
0.392283
0.401115
0.409701
0.418174
0.426661
0.435282
0.44415
0.453369
0.463034
0.473229
0.484023
0.495473
0.50762
0.520489
0.534088
0.548411
0.563437
0.579133
0.595459
0.612364
0.629799
0.647712
0.666053
0.684781
0.703858
0.723258
0.742962
0.762963
0.783261
0.803864
0.824789
0.846055
0.867688
0.889714
0.91216
0.935054
0.958419
0.982279
1.00665
1.03155
1.05699
1.08298
1.10951
1.1366
1.16423
1.1924
1.2211
1.25033
1.28006
1.31029
1.341
1.37217
1.40379
1.43583
1.46829
1.50114
1.53436
1.56794
1.60186
1.63609
1.67063
1.70545
1.74054
1.77587
1.81143
1.8472
1.88317
1.91931
1.95561
1.99207
2.02864
2.06534
2.10213
2.13901
2.17595
2.21296
2.25
2.28708
2.32418
2.36128
2.39837
2.43545
2.4725
2.50952
2.54648
2.58339
2.62023
2.65699
2.69367
2.73026
2.76674
2.80311
2.83937
2.8755
2.91149
2.94734
2.98305
3.01859
3.05398
3.08919
3.12423
3.15908
3.19374
3.2282
3.26245
3.29649
3.33031
3.36391
3.39727
3.43038
3.46326
3.49587
3.52822
3.56031
3.59211
3.62364
3.65487
3.6858
3.71643
3.74674
3.77673
3.8064
3.83572
3.86471
3.89334
3.92162
3.94953
3.97707
4.00423
4.03099
4.05737
4.08334
4.10889
4.13404
4.15875
4.18303
4.20688
4.23028
4.25322
4.27571
4.29773
4.31928
4.34035
4.36094
4.38104
4.40064
4.41975
4.43835
4.45644
4.47402
4.49108
4.50762
4.52363
4.53911
4.55406
4.56848
4.58236
4.59571
4.60852
4.62079
4.63253
4.64372
4.65438
4.66449
4.67408
4.68313
4.69165
4.69965
4.70713
4.71409
4.72053
4.72648
4.73192
4.73687
4.74133
4.74532
4.74882
4.75184
4.75439
4.75647
4.75813
4.75931
4.75994
4.76016
4.76013
4.75968
4.75869
4.75724
4.75539
4.75318
4.75061
4.74766
4.74432
4.7406
4.73652
4.73208
4.7273
4.72218
4.71673
4.71096
4.70485
4.69841
4.69164
4.68452
4.67707
4.66928
4.66112
4.6526
4.64368
4.63437
4.62462
4.61442
4.60374
4.59253
4.58076
4.56838
4.55534
4.54159
4.52706
4.5117
4.49544
4.4782
4.45991
4.44049
4.41987
4.39797
4.37472
4.35005
4.32388
4.29614
4.26679
4.23577
4.20306
4.16863
4.13247
4.09458
4.05497
4.01367
3.97073
3.92622
3.88023
3.83286
3.78423
3.73445
3.68365
3.63198
3.57957
3.52656
3.47311
3.41934
3.36539
3.31138
3.25743
3.20364
3.15013
3.097
3.04434
2.99224
2.94077
2.89
2.83999
2.79079
2.74245
2.69501
2.64851
2.60296
2.5584
2.51482
2.47225
2.43068
2.3901
2.35052
2.31191
2.27426
2.23755
2.20175
2.16686
2.13283
2.09965
2.06728
2.0357
2.00488
1.97479
1.94541
1.91671
1.88868
1.86129
1.83451
1.80834
1.78275
1.75774
1.73328
1.70938
1.686
1.66316
1.64085
1.61904
1.59776
1.57698
1.5567
1.53693
1.51765
1.49888
1.4806
1.46281
1.44552
1.42871
1.41239
1.39655
1.38119
1.3663
1.35188
1.33792
1.32441
1.31134
1.29871
1.28651
1.27473
1.26336
1.25238
1.24179
1.23157
1.22171
1.21221
1.20304
1.19421
1.18568
1.17746
1.16953
1.16188
1.15451
1.14739
1.14052
1.1339
1.12752
1.12137
1.11546
1.10979
1.10436
1.09919
1.09428
1.08967
1.08537
1.08139
1.07772
1.07421
1.06972
0.112232
0.180752
0.228971
0.262826
0.289244
0.311131
0.329906
0.346374
0.361047
0.374286
0.386362
0.397494
0.407871
0.417662
0.427019
0.436085
0.444996
0.453878
0.462852
0.472031
0.481516
0.491403
0.501774
0.512696
0.524227
0.536407
0.549262
0.562803
0.577027
0.591918
0.607453
0.623596
0.64031
0.657554
0.675288
0.693474
0.71208
0.731078
0.750452
0.770189
0.790286
0.810748
0.831584
0.85281
0.874445
0.896511
0.919031
0.942027
0.965522
0.989535
1.01408
1.03918
1.06484
1.09106
1.11786
1.14523
1.17317
1.20168
1.23075
1.26036
1.29052
1.3212
1.3524
1.3841
1.41628
1.44892
1.48202
1.51555
1.54949
1.58383
1.61855
1.65364
1.68906
1.72482
1.76088
1.79723
1.83385
1.87073
1.90785
1.94518
1.98272
2.02044
2.05833
2.09638
2.13456
2.17286
2.21127
2.24976
2.28834
2.32698
2.36566
2.40438
2.44313
2.48188
2.52063
2.55937
2.59808
2.63676
2.67539
2.71396
2.75246
2.79089
2.82923
2.86747
2.9056
2.94362
2.98152
3.01929
3.05691
3.09439
3.1317
3.16886
3.20583
3.24263
3.27923
3.31564
3.35184
3.38783
3.4236
3.45914
3.49443
3.52949
3.56429
3.59883
3.6331
3.66709
3.7008
3.73421
3.76733
3.80013
3.83261
3.86477
3.8966
3.92808
3.95921
3.98998
4.02039
4.05042
4.08006
4.10931
4.13817
4.16661
4.19463
4.22223
4.24939
4.27611
4.30238
4.32819
4.35354
4.3784
4.40279
4.42668
4.45008
4.47297
4.49535
4.51721
4.53854
4.55934
4.5796
4.59932
4.61848
4.63708
4.65512
4.67259
4.68949
4.7058
4.72153
4.73668
4.75123
4.76519
4.77855
4.79132
4.80348
4.81505
4.82601
4.83636
4.84611
4.85525
4.86379
4.87173
4.87908
4.88583
4.892
4.89757
4.90257
4.907
4.91086
4.91416
4.91691
4.9191
4.92075
4.92183
4.92232
4.92242
4.92203
4.92098
4.91941
4.91737
4.91482
4.91172
4.90812
4.90404
4.8995
4.89451
4.88906
4.88318
4.87685
4.8701
4.86293
4.85535
4.84738
4.83902
4.83029
4.82118
4.81171
4.80187
4.79166
4.7811
4.77019
4.75891
4.74726
4.73525
4.72285
4.71006
4.69686
4.68322
4.66912
4.65453
4.63942
4.62374
4.60745
4.59049
4.57282
4.55437
4.53508
4.51488
4.49369
4.47145
4.44807
4.42348
4.39762
4.37041
4.34176
4.31161
4.27993
4.24666
4.21178
4.17527
4.13711
4.09732
4.05593
4.01297
3.96853
3.92268
3.87551
3.82712
3.77763
3.72715
3.6758
3.62373
3.57107
3.51797
3.46457
3.41097
3.35729
3.30365
3.25017
3.19693
3.14407
3.09166
3.0398
2.98857
2.93801
2.88821
2.83921
2.79107
2.74383
2.69752
2.65216
2.60778
2.5644
2.52201
2.48063
2.44025
2.40086
2.36245
2.325
2.2885
2.25291
2.21821
2.18439
2.1514
2.11922
2.08782
2.05717
2.02724
1.99801
1.96944
1.94151
1.9142
1.88749
1.86135
1.83578
1.81075
1.78625
1.76227
1.73881
1.71584
1.69337
1.67139
1.6499
1.62889
1.60837
1.58833
1.56877
1.54969
1.53109
1.51298
1.49534
1.47818
1.4615
1.4453
1.42957
1.41431
1.39951
1.38517
1.37128
1.35784
1.34484
1.33227
1.32011
1.30837
1.29703
1.28607
1.2755
1.26528
1.25543
1.24591
1.23672
1.22785
1.21929
1.21102
1.20303
1.19532
1.18787
1.18068
1.17373
1.16703
1.16057
1.15435
1.14838
1.14265
1.13718
1.13199
1.12709
1.1225
1.11822
1.11424
1.1104
1.10569
0.115412
0.191648
0.242698
0.278329
0.306135
0.329201
0.34902
0.366431
0.381968
0.396
0.408807
0.420613
0.43161
0.44197
0.451846
0.461382
0.470714
0.47997
0.489269
0.498724
0.508436
0.5185
0.528996
0.539995
0.551552
0.563711
0.576499
0.589934
0.604016
0.618738
0.634083
0.650026
0.666539
0.683593
0.701155
0.7192
0.737703
0.756647
0.776018
0.795811
0.816025
0.836667
0.857746
0.879277
0.901275
0.92376
0.94675
0.970262
0.994316
1.01892
1.0441
1.06986
1.0962
1.12313
1.15066
1.17877
1.20748
1.23676
1.26663
1.29705
1.32804
1.35956
1.39162
1.42419
1.45727
1.49083
1.52486
1.55935
1.59427
1.62961
1.66536
1.70149
1.73799
1.77484
1.81203
1.84952
1.88732
1.9254
1.96374
2.00232
2.04114
2.08016
2.11938
2.15877
2.19833
2.23803
2.27786
2.3178
2.35784
2.39797
2.43816
2.47841
2.5187
2.55902
2.59935
2.63969
2.68002
2.72032
2.76059
2.80082
2.84099
2.88109
2.92112
2.96106
3.00089
3.04063
3.08024
3.11973
3.15907
3.19828
3.23732
3.2762
3.31491
3.35344
3.39177
3.4299
3.46782
3.50552
3.543
3.58024
3.61723
3.65397
3.69045
3.72665
3.76258
3.79821
3.83354
3.86857
3.90328
3.93767
3.97172
4.00542
4.03878
4.07177
4.10439
4.13663
4.16847
4.19992
4.23096
4.26159
4.29178
4.32154
4.35086
4.37971
4.40811
4.43603
4.46347
4.49041
4.51686
4.54279
4.56821
4.5931
4.61745
4.64126
4.66451
4.68721
4.70934
4.73089
4.75186
4.77223
4.79201
4.81118
4.82973
4.84767
4.86498
4.88166
4.8977
4.91309
4.92784
4.94193
4.95537
4.96815
4.98027
4.99172
5.0025
5.01261
5.02205
5.03081
5.0389
5.04633
5.05308
5.05916
5.06458
5.06934
5.07345
5.07691
5.07973
5.08193
5.0835
5.08441
5.08477
5.0846
5.08369
5.08218
5.08005
5.07726
5.07387
5.06988
5.0653
5.06011
5.05435
5.04802
5.04115
5.03374
5.0258
5.01734
5.00836
4.99889
4.98893
4.97849
4.96759
4.95624
4.94445
4.93223
4.91959
4.90654
4.8931
4.87926
4.86504
4.85044
4.83547
4.82013
4.80441
4.78832
4.77185
4.75498
4.7377
4.71999
4.70184
4.6832
4.66405
4.64434
4.62403
4.60307
4.58141
4.55898
4.53572
4.51156
4.48642
4.46023
4.43294
4.40446
4.37469
4.34358
4.31107
4.27712
4.24169
4.20476
4.16631
4.12636
4.08492
4.04205
3.99779
3.95221
3.9054
3.85744
3.80842
3.75847
3.70768
3.65617
3.60409
3.55159
3.49881
3.44583
3.39276
3.33971
3.28679
3.23411
3.18177
3.12988
3.07853
3.02779
2.97771
2.92837
2.87982
2.83211
2.7853
2.7394
2.69446
2.65048
2.6075
2.56552
2.52453
2.48454
2.44555
2.40753
2.37047
2.33435
2.29915
2.26484
2.23139
2.19878
2.16696
2.13591
2.1056
2.07599
2.04706
2.01878
1.99111
1.96403
1.93753
1.91157
1.88614
1.86123
1.83681
1.81288
1.78942
1.76643
1.74391
1.72185
1.70024
1.67908
1.65838
1.63814
1.61835
1.59903
1.58016
1.56176
1.54382
1.52634
1.50934
1.4928
1.47672
1.4611
1.44595
1.43125
1.417
1.40319
1.38983
1.37689
1.36437
1.35226
1.34056
1.32924
1.3183
1.30774
1.29752
1.28765
1.27812
1.2689
1.25999
1.25138
1.24305
1.235
1.22722
1.21969
1.21242
1.2054
1.19862
1.19208
1.1858
1.17976
1.174
1.16851
1.16331
1.15841
1.15382
1.14952
1.14534
1.14037
0.117808
0.201624
0.255338
0.292653
0.321787
0.345993
0.366828
0.385164
0.401551
0.41637
0.429904
0.442381
0.453998
0.464924
0.475317
0.485319
0.495067
0.504686
0.514298
0.524012
0.533932
0.54415
0.55475
0.5658
0.577361
0.589476
0.60218
0.615493
0.629424
0.643973
0.659131
0.674883
0.691211
0.708092
0.725508
0.743438
0.761866
0.78078
0.800173
0.820041
0.840387
0.861215
0.882536
0.90436
0.926702
0.949576
0.972997
0.996979
1.02153
1.04668
1.07241
1.09875
1.12569
1.15324
1.1814
1.21016
1.23952
1.26949
1.30004
1.33116
1.36286
1.39512
1.42792
1.46125
1.49511
1.52946
1.56431
1.59963
1.6354
1.67162
1.70827
1.74532
1.78277
1.82059
1.85877
1.89729
1.93613
1.97528
2.01471
2.05442
2.09439
2.13459
2.17501
2.21563
2.25644
2.29742
2.33855
2.37983
2.42122
2.46272
2.50432
2.54599
2.58772
2.6295
2.67132
2.71316
2.75501
2.79685
2.83868
2.88048
2.92224
2.96394
3.00558
3.04714
3.08862
3.13
3.17127
3.21242
3.25344
3.29432
3.33504
3.37561
3.41601
3.45623
3.49625
3.53608
3.57569
3.61508
3.65424
3.69317
3.73184
3.77025
3.80839
3.84626
3.88383
3.9211
3.95807
3.99471
4.03103
4.067
4.10263
4.13789
4.17279
4.20731
4.24143
4.27516
4.30847
4.34137
4.37383
4.40585
4.43742
4.46853
4.49917
4.52932
4.55898
4.58814
4.61678
4.64491
4.67249
4.69954
4.72603
4.75196
4.77731
4.80209
4.82627
4.84985
4.87282
4.89518
4.9169
4.93799
4.95844
4.97823
4.99736
5.01582
5.0336
5.0507
5.06711
5.08281
5.09782
5.11211
5.12569
5.13855
5.15068
5.16208
5.17275
5.18269
5.19188
5.20033
5.20804
5.21501
5.22123
5.22671
5.23146
5.23547
5.23875
5.2413
5.24314
5.24428
5.2448
5.24473
5.24386
5.24226
5.23992
5.23686
5.23309
5.22861
5.22343
5.21755
5.211
5.20377
5.19588
5.18733
5.17815
5.16835
5.15792
5.14689
5.13527
5.12306
5.11028
5.09695
5.08308
5.06868
5.05377
5.03837
5.02248
5.00613
4.98932
4.97208
4.95442
4.93634
4.91786
4.899
4.87976
4.86014
4.84015
4.8198
4.79907
4.77796
4.75646
4.73456
4.71223
4.68944
4.66616
4.64236
4.61799
4.593
4.56732
4.54093
4.51371
4.4856
4.45652
4.42641
4.39517
4.36278
4.32919
4.29433
4.25819
4.22073
4.18194
4.14182
4.10038
4.05766
4.0137
3.96854
3.92225
3.87491
3.82659
3.7774
3.72741
3.67674
3.62551
3.5739
3.52199
3.46988
3.41768
3.36548
3.3134
3.26153
3.20997
3.15887
3.10829
3.0583
3.00895
2.96031
2.91245
2.86542
2.81926
2.77401
2.7297
2.68634
2.64397
2.60259
2.5622
2.5228
2.48438
2.44694
2.41046
2.37491
2.34028
2.30653
2.27364
2.24157
2.21029
2.17976
2.14996
2.12084
2.09237
2.06453
2.03728
2.01059
1.98444
1.95881
1.93367
1.909
1.88479
1.86103
1.83771
1.81481
1.79234
1.77028
1.74865
1.72743
1.70663
1.68626
1.66632
1.6468
1.62772
1.60908
1.59088
1.57313
1.55583
1.53898
1.52258
1.50664
1.49115
1.47611
1.46151
1.44735
1.43363
1.42033
1.40746
1.39499
1.38293
1.37126
1.35996
1.34904
1.33847
1.32825
1.31836
1.3088
1.29954
1.29059
1.28192
1.27353
1.26541
1.25755
1.24994
1.24259
1.23549
1.22864
1.22203
1.21569
1.20961
1.20381
1.1983
1.19309
1.18818
1.18354
1.17901
1.17378
0.119488
0.210582
0.266754
0.305636
0.336019
0.361307
0.383115
0.402345
0.41956
0.435149
0.449399
0.462543
0.474776
0.486271
0.497181
0.507652
0.517817
0.527803
0.537729
0.547705
0.557834
0.568209
0.578913
0.590018
0.601585
0.613664
0.626293
0.639498
0.653295
0.667692
0.682688
0.698277
0.714449
0.731192
0.748493
0.766339
0.784721
0.803631
0.823064
0.843019
0.8635
0.884511
0.906059
0.928154
0.950807
0.974029
0.997831
1.02222
1.04721
1.07281
1.09902
1.12585
1.1533
1.18137
1.21006
1.23937
1.26928
1.29981
1.33093
1.36265
1.39494
1.4278
1.46123
1.4952
1.5297
1.56473
1.60026
1.63628
1.67278
1.70975
1.74716
1.785
1.82326
1.86191
1.90095
1.94036
1.98011
2.0202
2.0606
2.1013
2.14228
2.18352
2.22501
2.26673
2.30867
2.3508
2.39311
2.43559
2.47822
2.52098
2.56385
2.60683
2.6499
2.69303
2.73623
2.77947
2.82274
2.86602
2.90931
2.95259
2.99585
3.03907
3.08224
3.12535
3.16839
3.21134
3.2542
3.29695
3.33958
3.38208
3.42444
3.46665
3.50869
3.55055
3.59223
3.63371
3.67499
3.71604
3.75686
3.79745
3.83778
3.87785
3.91764
3.95715
3.99637
4.03527
4.07386
4.11213
4.15005
4.18762
4.22483
4.26166
4.29811
4.33417
4.36982
4.40505
4.43985
4.47421
4.50812
4.54157
4.57454
4.60703
4.63902
4.6705
4.70146
4.73189
4.76178
4.79112
4.81989
4.84808
4.87569
4.9027
4.92911
4.95489
4.98005
5.00456
5.02843
5.05164
5.07418
5.09603
5.1172
5.13767
5.15743
5.17647
5.19478
5.21236
5.2292
5.24528
5.2606
5.27515
5.28893
5.30194
5.31415
5.32558
5.33621
5.34604
5.35505
5.36326
5.37066
5.37725
5.38302
5.38797
5.39211
5.39544
5.39796
5.39968
5.40062
5.40095
5.4006
5.39935
5.39726
5.39436
5.39063
5.38611
5.38079
5.37467
5.36777
5.36008
5.35163
5.34242
5.33245
5.32174
5.3103
5.29815
5.28528
5.27172
5.25747
5.24255
5.22697
5.21075
5.1939
5.17644
5.15839
5.13976
5.12058
5.10085
5.08061
5.05987
5.03866
5.01698
4.99486
4.97232
4.94937
4.92604
4.90233
4.87826
4.85384
4.82907
4.80395
4.77849
4.75267
4.72648
4.69991
4.67292
4.6455
4.6176
4.58915
4.56002
4.53019
4.49968
4.46847
4.43657
4.40384
4.37015
4.33544
4.29966
4.26278
4.22478
4.18563
4.14532
4.10386
4.06127
4.01758
3.97282
3.92705
3.88032
3.83272
3.7843
3.73515
3.68536
3.63499
3.58445
3.53368
3.48274
3.43171
3.38068
3.32974
3.279
3.22854
3.17848
3.12893
3.07995
3.03158
2.98389
2.93694
2.89082
2.84555
2.80117
2.7577
2.71517
2.67361
2.63303
2.59343
2.55481
2.51717
2.48049
2.44476
2.40997
2.37608
2.34306
2.31089
2.27954
2.24896
2.21913
2.19
2.16153
2.1337
2.10646
2.07979
2.05365
2.02801
2.00285
1.97814
1.95386
1.93
1.90654
1.88347
1.86079
1.83848
1.81654
1.79498
1.77379
1.75298
1.73256
1.71253
1.69289
1.67365
1.65483
1.63642
1.61844
1.60089
1.58377
1.56708
1.55084
1.53503
1.51967
1.50474
1.49025
1.47618
1.46254
1.44932
1.4365
1.42409
1.41207
1.40042
1.38915
1.37823
1.36766
1.35742
1.34751
1.33791
1.3286
1.31959
1.31086
1.3024
1.29421
1.28627
1.27859
1.27116
1.26398
1.25706
1.2504
1.24401
1.23789
1.23206
1.22653
1.22128
1.2163
1.21141
1.20589
0.120413
0.218423
0.276825
0.317138
0.348674
0.374971
0.397697
0.417777
0.435789
0.452124
0.467076
0.480877
0.493724
0.505787
0.517221
0.528169
0.538764
0.54913
0.559386
0.569641
0.579998
0.59055
0.60138
0.612565
0.624166
0.636239
0.648824
0.661955
0.675655
0.689939
0.704813
0.72028
0.736338
0.752981
0.770202
0.787997
0.806358
0.825283
0.844768
0.864815
0.885425
0.906603
0.928354
0.950687
0.973607
0.997124
1.02124
1.04598
1.07133
1.0973
1.1239
1.15113
1.17898
1.20747
1.23659
1.26632
1.29668
1.32765
1.35923
1.39141
1.42418
1.45752
1.49144
1.52592
1.56094
1.59651
1.63259
1.66918
1.70627
1.74384
1.78188
1.82037
1.8593
1.89865
1.93841
1.97856
2.01909
2.05997
2.10119
2.14274
2.1846
2.22675
2.26917
2.31186
2.35478
2.39793
2.44129
2.48484
2.52857
2.57246
2.61649
2.66066
2.70493
2.74931
2.79377
2.83829
2.88287
2.9275
2.97214
3.01681
3.06146
3.10611
3.15072
3.1953
3.23982
3.28427
3.32865
3.37293
3.4171
3.46116
3.50509
3.54887
3.5925
3.63597
3.67926
3.72235
3.76525
3.80793
3.85038
3.8926
3.93456
3.97626
4.01769
4.05883
4.09967
4.14021
4.18042
4.22029
4.25982
4.29898
4.33778
4.37619
4.4142
4.45181
4.48899
4.52575
4.56205
4.5979
4.63328
4.66817
4.70257
4.73646
4.76983
4.80267
4.83497
4.8667
4.89787
4.92846
4.95845
4.98783
5.0166
5.04474
5.07223
5.09907
5.12525
5.15075
5.17556
5.19967
5.22306
5.24574
5.26768
5.28888
5.30933
5.32901
5.34791
5.36603
5.38335
5.39987
5.41557
5.43045
5.4445
5.45771
5.47008
5.4816
5.49226
5.50205
5.51097
5.51901
5.52617
5.53245
5.53785
5.54235
5.54597
5.5487
5.55054
5.55153
5.55185
5.55141
5.55002
5.5477
5.54447
5.54035
5.53533
5.52943
5.52264
5.51497
5.50643
5.49702
5.48676
5.47563
5.46367
5.45087
5.43724
5.4228
5.40756
5.39152
5.3747
5.35711
5.33877
5.31969
5.29989
5.27938
5.25819
5.23634
5.21384
5.19073
5.16701
5.14272
5.11788
5.09252
5.06666
5.04032
5.01354
4.98634
4.95874
4.93077
4.90244
4.87377
4.84479
4.8155
4.78591
4.75602
4.72583
4.69534
4.66448
4.63311
4.60136
4.5693
4.53695
4.50413
4.47081
4.43697
4.40233
4.36693
4.33075
4.29375
4.2559
4.21716
4.1775
4.13691
4.09538
4.05292
4.00953
3.96525
3.9201
3.87414
3.82741
3.77998
3.7319
3.68325
3.63406
3.58465
3.53503
3.48526
3.43542
3.38559
3.33587
3.28632
3.23704
3.18832
3.14009
3.09241
3.04533
2.99888
2.95312
2.90814
2.86399
2.8207
2.77828
2.73678
2.69624
2.65666
2.61804
2.58038
2.54369
2.50795
2.47316
2.43928
2.4063
2.37419
2.34291
2.31244
2.28274
2.25376
2.22547
2.19782
2.17078
2.14432
2.11838
2.09294
2.06797
2.04344
2.01931
1.99558
1.97221
1.94919
1.92651
1.90416
1.88213
1.86043
1.83904
1.81799
1.79726
1.77688
1.75683
1.73715
1.71783
1.69888
1.68032
1.66216
1.64439
1.62704
1.61011
1.59359
1.5775
1.56184
1.54661
1.5318
1.51741
1.50344
1.48988
1.47673
1.46397
1.4516
1.43961
1.42799
1.41673
1.40581
1.39523
1.38497
1.37503
1.36538
1.35603
1.34696
1.33816
1.32963
1.32136
1.31335
1.30559
1.29809
1.29085
1.28386
1.27715
1.27071
1.26455
1.25869
1.2531
1.24777
1.24253
1.23672
0.120702
0.225095
0.285468
0.327054
0.359632
0.386852
0.410428
0.431306
0.450072
0.467124
0.482756
0.497201
0.510656
0.52329
0.535256
0.546695
0.557737
0.568506
0.579118
0.589682
0.6003
0.611065
0.622062
0.633367
0.645047
0.657158
0.669749
0.682856
0.69651
0.71073
0.725533
0.740925
0.756912
0.773495
0.790673
0.808445
0.826807
0.84576
0.865302
0.885435
0.906161
0.927482
0.949403
0.971929
0.995065
1.01882
1.04319
1.06819
1.09381
1.12007
1.14696
1.17449
1.20265
1.23145
1.26088
1.29094
1.32162
1.35292
1.38483
1.41734
1.45046
1.48416
1.51844
1.55329
1.58871
1.62467
1.66116
1.69819
1.73572
1.77376
1.81229
1.85128
1.89074
1.93064
1.97098
2.01172
2.05287
2.0944
2.13631
2.17856
2.22115
2.26406
2.30727
2.35078
2.39455
2.43858
2.48284
2.52733
2.57203
2.61691
2.66197
2.70719
2.75255
2.79804
2.84364
2.88933
2.93511
2.98096
3.02686
3.07279
3.11875
3.16472
3.21068
3.25663
3.30254
3.34841
3.39421
3.43995
3.48559
3.53113
3.57657
3.62187
3.66703
3.71204
3.75688
3.80155
3.84602
3.89028
3.93433
3.97814
4.02171
4.06501
4.10805
4.1508
4.19325
4.2354
4.27721
4.31869
4.35981
4.40057
4.44095
4.48094
4.52052
4.55968
4.59841
4.6367
4.67452
4.71187
4.74873
4.7851
4.82094
4.85626
4.89104
4.92527
4.95892
4.99199
5.02447
5.05634
5.08759
5.1182
5.14816
5.17746
5.20609
5.23403
5.26126
5.28779
5.31359
5.33865
5.36295
5.3865
5.40927
5.43125
5.45243
5.4728
5.49235
5.51107
5.52893
5.54595
5.56209
5.57736
5.59174
5.60523
5.61782
5.6295
5.64025
5.65008
5.65897
5.66693
5.67393
5.67999
5.68508
5.68922
5.6924
5.69461
5.69588
5.69638
5.69609
5.69478
5.69247
5.68917
5.68489
5.67964
5.67342
5.66623
5.65807
5.64895
5.63887
5.62783
5.61583
5.6029
5.58902
5.57421
5.55848
5.54184
5.5243
5.50586
5.48654
5.46635
5.4453
5.42342
5.40072
5.37721
5.35292
5.32787
5.30208
5.27557
5.24838
5.22052
5.19203
5.16293
5.13326
5.10306
5.07234
5.04116
5.00953
4.9775
4.94509
4.91234
4.87928
4.84592
4.81231
4.77845
4.74433
4.70983
4.67504
4.6403
4.60548
4.57052
4.5351
4.49936
4.46329
4.42685
4.38995
4.35256
4.31467
4.27622
4.23718
4.19752
4.15721
4.11622
4.07452
4.03212
3.989
3.94519
3.9007
3.85555
3.80979
3.76345
3.71658
3.66925
3.62154
3.57357
3.52542
3.47714
3.42881
3.38052
3.33233
3.28431
3.2365
3.18917
3.14231
3.09599
3.05023
3.0051
2.96064
2.91705
2.87428
2.83233
2.79123
2.751
2.71167
2.67328
2.63583
2.59932
2.56374
2.52912
2.49542
2.46263
2.43072
2.39968
2.36946
2.34003
2.31136
2.2834
2.2561
2.22944
2.20336
2.17782
2.15279
2.12822
2.10408
2.08033
2.05694
2.0339
2.01116
1.98873
1.96658
1.9447
1.92308
1.90173
1.88065
1.85983
1.83929
1.81903
1.79907
1.77942
1.76008
1.74109
1.72243
1.70414
1.68622
1.66869
1.65154
1.63479
1.61845
1.60252
1.58701
1.5719
1.55721
1.54293
1.52905
1.51557
1.50249
1.48979
1.47747
1.46551
1.45391
1.44265
1.43173
1.42113
1.41085
1.40087
1.39117
1.38177
1.37264
1.36377
1.35517
1.34683
1.33874
1.33091
1.32334
1.31604
1.309
1.30223
1.29575
1.28954
1.28361
1.27793
1.27234
1.26623
0.120401
0.230557
0.292619
0.33531
0.368805
0.396852
0.421202
0.442816
0.462288
0.480019
0.496304
0.511378
0.525434
0.53864
0.551146
0.56309
0.574602
0.585802
0.596804
0.607715
0.618636
0.62966
0.640873
0.652352
0.664166
0.676374
0.689028
0.702171
0.715835
0.73005
0.744834
0.760202
0.776164
0.792726
0.809893
0.827666
0.846046
0.865034
0.884631
0.904837
0.925656
0.947089
0.969139
0.991809
1.0151
1.03902
1.06357
1.08875
1.11457
1.14102
1.16811
1.19584
1.2242
1.2532
1.28283
1.31309
1.34397
1.37547
1.40759
1.44032
1.47365
1.50758
1.54209
1.57719
1.61285
1.64907
1.68584
1.72315
1.761
1.79935
1.83822
1.87758
1.91741
1.95772
1.99848
2.03967
2.0813
2.12333
2.16576
2.20856
2.25174
2.29526
2.33911
2.38328
2.42776
2.47252
2.51755
2.56283
2.60835
2.65409
2.70004
2.74617
2.79249
2.83896
2.88557
2.93231
2.97916
3.02611
3.07314
3.12024
3.16739
3.21458
3.26179
3.309
3.35621
3.4034
3.45055
3.49765
3.54468
3.59163
3.63849
3.68524
3.73187
3.77836
3.8247
3.87087
3.91687
3.96267
4.00826
4.05363
4.09876
4.14364
4.18826
4.23259
4.27663
4.32036
4.36376
4.40683
4.44954
4.49188
4.53384
4.5754
4.61655
4.65727
4.69755
4.73737
4.77672
4.81559
4.85395
4.89179
4.92911
4.96588
5.00208
5.03772
5.07276
5.10719
5.14101
5.17419
5.20673
5.2386
5.26979
5.30029
5.33009
5.35916
5.3875
5.41509
5.44192
5.46798
5.49324
5.5177
5.54135
5.56416
5.58613
5.60725
5.6275
5.64686
5.66533
5.6829
5.69954
5.71526
5.73004
5.74387
5.75674
5.76865
5.77957
5.7895
5.79844
5.80638
5.8133
5.81921
5.82409
5.82795
5.83077
5.83255
5.83342
5.83349
5.83249
5.83043
5.82731
5.82313
5.8179
5.81162
5.80428
5.7959
5.78647
5.77599
5.76446
5.75189
5.73827
5.72361
5.70792
5.6912
5.67346
5.65471
5.63496
5.61421
5.59247
5.56977
5.5461
5.52149
5.49596
5.46951
5.44217
5.41397
5.38493
5.35506
5.32441
5.29299
5.26085
5.22801
5.19451
5.16038
5.12568
5.09043
5.05469
5.01848
4.98186
4.94487
4.90755
4.86993
4.83207
4.79392
4.75541
4.71696
4.67861
4.64029
4.6017
4.56297
4.52409
4.48508
4.44595
4.40668
4.36723
4.32757
4.28769
4.24754
4.20709
4.16632
4.12517
4.08362
4.04164
3.9992
3.9563
3.91293
3.86908
3.82477
3.78002
3.73485
3.68929
3.64341
3.59724
3.55088
3.50437
3.4578
3.41121
3.36467
3.31825
3.27203
3.22607
3.18049
3.13535
3.09071
3.0466
3.00309
2.96017
2.91804
2.87669
2.83613
2.7964
2.7575
2.7196
2.68263
2.64656
2.61141
2.57715
2.5438
2.51136
2.47982
2.44914
2.41932
2.39031
2.36208
2.33459
2.3078
2.28166
2.25613
2.23117
2.20672
2.18275
2.1592
2.13605
2.11325
2.09076
2.06856
2.04662
2.02492
2.00344
1.98217
1.96111
1.94024
1.91957
1.89911
1.87886
1.85884
1.83905
1.81952
1.80026
1.78128
1.76261
1.74425
1.72623
1.70856
1.69125
1.67432
1.65776
1.6416
1.62583
1.61046
1.59549
1.58092
1.56674
1.55296
1.53956
1.52655
1.5139
1.50162
1.48969
1.4781
1.46685
1.45592
1.4453
1.43499
1.42497
1.41523
1.40576
1.39657
1.38764
1.37897
1.37056
1.36241
1.35451
1.34688
1.33952
1.33242
1.32561
1.31907
1.31279
1.30675
1.30081
1.2944
0.119518
0.234775
0.298243
0.341865
0.376149
0.404919
0.429957
0.452237
0.472359
0.490726
0.507633
0.523313
0.537959
0.551734
0.564788
0.577254
0.589259
0.600919
0.612347
0.623648
0.63492
0.646256
0.657741
0.669453
0.681461
0.693828
0.706609
0.719848
0.733585
0.747851
0.76267
0.778063
0.794043
0.810621
0.827804
0.845599
0.864007
0.883031
0.902674
0.922937
0.943821
0.965329
0.987461
1.01022
1.03361
1.05763
1.08228
1.10756
1.13348
1.16003
1.18722
1.21504
1.24349
1.27258
1.3023
1.33264
1.36361
1.3952
1.4274
1.46022
1.49364
1.52765
1.56226
1.59746
1.63323
1.66958
1.70648
1.74394
1.78194
1.82048
1.85953
1.8991
1.93917
1.97973
2.02076
2.06225
2.1042
2.14658
2.18938
2.23258
2.27619
2.32017
2.36451
2.4092
2.45422
2.49956
2.54521
2.59113
2.63733
2.68379
2.73048
2.7774
2.82452
2.87183
2.91933
2.96698
3.01478
3.0627
3.11075
3.15889
3.20711
3.2554
3.30375
3.35213
3.40053
3.44894
3.49733
3.54571
3.59404
3.64232
3.69052
3.73864
3.78666
3.83456
3.88233
3.92995
3.97741
4.0247
4.07178
4.11866
4.16531
4.21172
4.25788
4.30376
4.34935
4.39464
4.43961
4.48425
4.52853
4.57244
4.61597
4.65909
4.70181
4.74408
4.78591
4.82727
4.86816
4.90854
4.94841
4.98775
5.02655
5.06478
5.10243
5.13949
5.17594
5.21177
5.24695
5.28147
5.31532
5.34848
5.38094
5.41267
5.44367
5.47392
5.5034
5.5321
5.56
5.58709
5.61336
5.63878
5.66334
5.68704
5.70985
5.73176
5.75276
5.77282
5.79195
5.81013
5.82733
5.84356
5.85879
5.87303
5.88625
5.89844
5.9096
5.91971
5.92876
5.93675
5.94367
5.9495
5.95425
5.9579
5.96045
5.96192
5.96248
5.96206
5.96048
5.95777
5.95393
5.94896
5.94286
5.93564
5.92729
5.91782
5.90721
5.89547
5.88259
5.86858
5.85344
5.83716
5.81976
5.80123
5.78158
5.76082
5.73895
5.71599
5.69193
5.6668
5.6406
5.61335
5.58506
5.55576
5.52545
5.49416
5.46192
5.42876
5.39469
5.35975
5.32398
5.28741
5.25007
5.21202
5.17329
5.13394
5.09402
5.05356
5.01263
4.97128
4.92957
4.88752
4.84506
4.80242
4.76
4.71765
4.67505
4.63239
4.58969
4.547
4.50435
4.46179
4.41931
4.37693
4.33464
4.29244
4.2503
4.20819
4.1661
4.12399
4.08181
4.03952
3.99711
3.95452
3.91174
3.86874
3.8255
3.78203
3.73831
3.69435
3.65018
3.60582
3.56131
3.51668
3.472
3.4273
3.38264
3.33806
3.29364
3.24942
3.20548
3.16189
3.11872
3.076
3.03379
2.99215
2.9511
2.91075
2.87112
2.83223
2.79413
2.75681
2.72039
2.68485
2.65021
2.61646
2.58362
2.55173
2.52075
2.49064
2.46136
2.4329
2.40525
2.37836
2.3522
2.32673
2.30189
2.27765
2.25396
2.23075
2.208
2.18564
2.16363
2.14193
2.1205
2.09931
2.07832
2.05751
2.03686
2.01635
1.99597
1.97572
1.9556
1.93562
1.91578
1.8961
1.87659
1.85728
1.83817
1.8193
1.80068
1.78233
1.76427
1.74653
1.72911
1.71203
1.69531
1.67895
1.66297
1.64736
1.63214
1.61731
1.60286
1.58879
1.5751
1.56178
1.54883
1.53624
1.524
1.51209
1.50052
1.48927
1.47833
1.46769
1.45734
1.44728
1.43749
1.42798
1.41872
1.40973
1.401
1.39252
1.38431
1.37635
1.36867
1.36125
1.3541
1.34722
1.3406
1.33421
1.32792
1.32121
0.118107
0.237751
0.302347
0.346724
0.381662
0.411047
0.43668
0.459549
0.480256
0.499206
0.516696
0.532956
0.548175
0.562515
0.57612
0.589121
0.601639
0.613789
0.625679
0.637412
0.649083
0.660782
0.672595
0.684599
0.696864
0.709453
0.722422
0.73582
0.749688
0.764061
0.778967
0.79443
0.810467
0.827093
0.844317
0.862146
0.880588
0.899645
0.919321
0.939617
0.960535
0.982077
1.00424
1.02703
1.05045
1.0745
1.09917
1.12447
1.1504
1.17696
1.20415
1.23196
1.2604
1.28947
1.31916
1.34947
1.38041
1.41196
1.44412
1.47689
1.51027
1.54425
1.57882
1.61399
1.64974
1.68606
1.72296
1.76042
1.79843
1.837
1.8761
1.91573
1.95588
1.99653
2.03769
2.07933
2.12144
2.16401
2.20703
2.25049
2.29436
2.33864
2.38332
2.42837
2.47379
2.51956
2.56567
2.61209
2.65882
2.70584
2.75313
2.80068
2.84847
2.89649
2.94472
2.99315
3.04176
3.09053
3.13945
3.18851
3.23769
3.28697
3.33633
3.38576
3.43525
3.48477
3.53431
3.58386
3.63339
3.6829
3.73236
3.78177
3.8311
3.88033
3.92946
3.97846
4.02732
4.07602
4.12455
4.17288
4.221
4.2689
4.31655
4.36394
4.41105
4.45787
4.50437
4.55055
4.59638
4.64184
4.68692
4.7316
4.77586
4.81968
4.86306
4.90596
4.94837
4.99028
5.03166
5.07251
5.11279
5.1525
5.19162
5.23012
5.268
5.30523
5.3418
5.37769
5.41288
5.44736
5.48111
5.51411
5.54635
5.5778
5.60846
5.6383
5.66731
5.69548
5.72278
5.74921
5.77474
5.79936
5.82305
5.84581
5.8676
5.88843
5.90826
5.9271
5.94492
5.96171
5.97746
5.99215
6.00578
6.01833
6.02978
6.04013
6.04937
6.05748
6.06446
6.0703
6.07499
6.07852
6.08088
6.08214
6.08243
6.08155
6.07947
6.07619
6.07172
6.06605
6.05919
6.05112
6.04185
6.03138
6.01969
6.00678
5.99266
5.97731
5.96074
5.94295
5.92393
5.90369
5.88223
5.85956
5.83568
5.8106
5.78432
5.75686
5.72822
5.69842
5.66747
5.63539
5.60219
5.5679
5.53254
5.49613
5.45871
5.4203
5.38094
5.34067
5.29953
5.25756
5.21481
5.17135
5.12721
5.08246
5.03715
4.99137
4.9451
4.89831
4.85157
4.80502
4.75809
4.71104
4.66391
4.61679
4.56976
4.5229
4.47624
4.42985
4.38377
4.33803
4.29264
4.24762
4.20296
4.15865
4.11467
4.07099
4.02756
3.98436
3.94134
3.89847
3.85569
3.81297
3.77029
3.72762
3.68493
3.64222
3.59947
3.55671
3.51393
3.47116
3.42843
3.38577
3.34321
3.30079
3.25855
3.21654
3.17482
3.13343
3.09244
3.05188
3.01179
2.97223
2.93324
2.89488
2.85718
2.82018
2.78392
2.74842
2.71374
2.67989
2.64689
2.61475
2.58346
2.55307
2.52356
2.49492
2.46712
2.44019
2.41406
2.38869
2.364
2.33999
2.3166
2.29378
2.2715
2.24969
2.2283
2.20728
2.18657
2.16614
2.14592
2.1259
2.10601
2.08625
2.06657
2.04697
2.02743
2.00795
1.98851
1.96914
1.94983
1.93061
1.91149
1.8925
1.87365
1.85497
1.83648
1.81821
1.80019
1.78243
1.76496
1.7478
1.73096
1.71445
1.6983
1.6825
1.66706
1.65199
1.63729
1.62297
1.60901
1.59541
1.58217
1.56929
1.55675
1.54454
1.53267
1.52111
1.50986
1.4989
1.48824
1.47787
1.46777
1.45793
1.44836
1.43906
1.43001
1.42122
1.41268
1.40441
1.3964
1.38866
1.38118
1.37397
1.36701
1.36027
1.35363
1.34662
0.116451
0.239571
0.30501
0.34996
0.385406
0.415279
0.441403
0.464771
0.485991
0.505466
0.523493
0.540298
0.556068
0.570961
0.585115
0.598658
0.611706
0.62437
0.636754
0.648956
0.661069
0.673181
0.685375
0.697726
0.710305
0.723174
0.73639
0.750004
0.764057
0.778589
0.793628
0.809201
0.825329
0.842028
0.859311
0.877186
0.895663
0.914745
0.934436
0.954739
0.975657
0.997189
1.01934
1.0421
1.06549
1.08949
1.1141
1.13934
1.16519
1.19167
1.21876
1.24646
1.27479
1.30373
1.33328
1.36345
1.39423
1.42562
1.45762
1.49023
1.52344
1.55725
1.59166
1.62666
1.66224
1.69841
1.73516
1.77248
1.81037
1.84881
1.88781
1.92735
1.96743
2.00804
2.04917
2.0908
2.13293
2.17554
2.21863
2.26217
2.30617
2.35059
2.39545
2.44071
2.48637
2.53241
2.57882
2.62559
2.6727
2.72013
2.76787
2.8159
2.86422
2.9128
2.96162
3.01068
3.05996
3.10945
3.15912
3.20896
3.25896
3.3091
3.35936
3.40973
3.46018
3.5107
3.56128
3.6119
3.66254
3.71318
3.7638
3.8144
3.86495
3.91544
3.96584
4.01615
4.06633
4.11638
4.16628
4.216
4.26554
4.31486
4.36396
4.41282
4.46141
4.50971
4.55772
4.6054
4.65275
4.69973
4.74634
4.79255
4.83835
4.88371
4.92862
4.97305
5.01699
5.06042
5.10332
5.14567
5.18745
5.22865
5.26924
5.3092
5.34852
5.38718
5.42515
5.46243
5.49899
5.53481
5.56987
5.60416
5.63767
5.67036
5.70223
5.73325
5.76341
5.79269
5.82107
5.84854
5.87508
5.90066
5.92529
5.94893
5.97157
5.9932
6.01379
6.03334
6.05183
6.06924
6.08555
6.10076
6.11486
6.12782
6.13963
6.15028
6.15977
6.16807
6.17518
6.18109
6.18579
6.18927
6.19153
6.19265
6.19266
6.19143
6.18894
6.18518
6.18017
6.17389
6.16634
6.15752
6.14742
6.13603
6.12335
6.10938
6.0941
6.07751
6.0596
6.04038
6.01985
5.99799
5.97482
5.95034
5.92455
5.89744
5.86904
5.83934
5.80836
5.7761
5.74258
5.70781
5.67181
5.63459
5.59619
5.55662
5.51591
5.47409
5.4312
5.38728
5.34236
5.29651
5.24976
5.20219
5.15383
5.10477
5.05505
5.00462
4.95377
4.9029
4.85196
4.80057
4.74891
4.69713
4.64533
4.59363
4.54212
4.49088
4.44001
4.38959
4.33968
4.29034
4.24162
4.19354
4.14612
4.09936
4.05325
4.00778
3.96291
3.9186
3.8748
3.83148
3.78859
3.74606
3.70386
3.66193
3.62025
3.57878
3.53749
3.49636
3.45539
3.41458
3.37392
3.33342
3.29311
3.253
3.21312
3.17351
3.13419
3.09521
3.0566
3.0184
2.98065
2.94338
2.90664
2.87046
2.8349
2.79998
2.76575
2.73222
2.69945
2.66746
2.63628
2.60591
2.57637
2.54767
2.51983
2.49282
2.46663
2.44126
2.41668
2.39286
2.36975
2.34735
2.32556
2.30433
2.28359
2.26331
2.24343
2.22389
2.20464
2.18562
2.16678
2.14807
2.12946
2.11089
2.09236
2.07382
2.05527
2.03669
2.01809
1.99946
1.98082
1.96218
1.94356
1.925
1.9065
1.88811
1.86985
1.85175
1.83384
1.81614
1.79869
1.78149
1.76459
1.74798
1.7317
1.71574
1.70013
1.68486
1.66995
1.6554
1.64119
1.62734
1.61384
1.60069
1.58787
1.57538
1.56322
1.55136
1.53982
1.52857
1.51761
1.50693
1.49652
1.48639
1.47651
1.4669
1.45754
1.44844
1.4396
1.43102
1.42269
1.41463
1.40683
1.39929
1.39199
1.38491
1.37793
1.37063
0.11681
0.24068
0.306478
0.351735
0.387495
0.417706
0.444197
0.467965
0.489615
0.509549
0.528058
0.545368
0.56166
0.577086
0.591781
0.605866
0.619453
0.632647
0.645548
0.65825
0.670841
0.683407
0.696027
0.708773
0.721716
0.734916
0.74843
0.762308
0.776595
0.791328
0.806539
0.822257
0.838503
0.855296
0.872651
0.890577
0.909085
0.928181
0.947868
0.968151
0.989032
1.01051
1.03259
1.05528
1.07856
1.10245
1.12693
1.15202
1.17772
1.20401
1.23091
1.25841
1.28652
1.31522
1.34454
1.37445
1.40496
1.43608
1.4678
1.50012
1.53304
1.56656
1.60067
1.63537
1.67067
1.70655
1.74301
1.78006
1.81767
1.85586
1.89461
1.93391
1.97378
2.01418
2.05513
2.09661
2.13861
2.18112
2.22411
2.26759
2.31155
2.35597
2.40084
2.44616
2.4919
2.53807
2.58463
2.63159
2.67892
2.72661
2.77465
2.82302
2.87171
2.9207
2.96997
3.01952
3.06932
3.11938
3.16966
3.22016
3.27085
3.32173
3.37276
3.42393
3.47523
3.52664
3.57814
3.62972
3.68135
3.73301
3.7847
3.83639
3.88807
3.93972
3.99131
4.04284
4.09427
4.1456
4.19679
4.24784
4.29873
4.34942
4.39991
4.45017
4.50019
4.54994
4.5994
4.64855
4.69738
4.74586
4.79397
4.84169
4.889
4.93587
4.9823
5.02825
5.07371
5.11866
5.16307
5.20693
5.25021
5.29289
5.33496
5.37639
5.41716
5.45726
5.49666
5.53534
5.57328
5.61047
5.64688
5.68249
5.71728
5.75124
5.78435
5.81658
5.84792
5.87835
5.90785
5.9364
5.96398
5.99058
6.01618
6.04075
6.06428
6.08676
6.10816
6.12847
6.14767
6.16575
6.18269
6.19847
6.21308
6.22651
6.23874
6.24976
6.25955
6.2681
6.2754
6.28144
6.28622
6.28972
6.29195
6.29296
6.29276
6.29125
6.28843
6.28428
6.27881
6.27199
6.26384
6.25435
6.2435
6.23129
6.21771
6.20274
6.1864
6.16865
6.14951
6.12896
6.10699
6.08362
6.05882
6.03262
6.005
5.97597
5.94553
5.91369
5.88045
5.84582
5.80982
5.77244
5.73372
5.69366
5.65229
5.60963
5.5657
5.52054
5.47419
5.42666
5.37803
5.32833
5.27762
5.22597
5.17341
5.11993
5.06563
5.01111
4.95642
4.90098
4.84513
4.78891
4.73245
4.67588
4.61934
4.56294
4.50681
4.45107
4.39583
4.34121
4.28729
4.23416
4.1819
4.13054
4.08015
4.03073
3.98229
3.93482
3.8883
3.8427
3.79798
3.75407
3.71092
3.66848
3.62667
3.58544
3.54473
3.50448
3.46465
3.4252
3.38608
3.34729
3.30878
3.27057
3.23263
3.19497
3.15761
3.12054
3.0838
3.0474
3.01136
2.97571
2.94048
2.90569
2.87138
2.83759
2.80435
2.77169
2.73965
2.70827
2.67757
2.6476
2.61838
2.58992
2.56225
2.53538
2.50933
2.48408
2.45964
2.43599
2.41311
2.39098
2.36955
2.34879
2.32864
2.30906
2.29002
2.27142
2.2532
2.23529
2.21763
2.20017
2.18285
2.16562
2.14843
2.13123
2.11398
2.09667
2.07926
2.06174
2.04411
2.02636
2.00852
1.9906
1.97261
1.95459
1.93657
1.91857
1.90063
1.88278
1.86506
1.8475
1.83013
1.81297
1.79606
1.77941
1.76305
1.74699
1.73124
1.71582
1.70073
1.68598
1.67157
1.65749
1.64376
1.63036
1.61728
1.60453
1.5921
1.57998
1.56815
1.55662
1.54537
1.53441
1.52371
1.51328
1.50312
1.49321
1.48356
1.47416
1.46501
1.45613
1.4475
1.43912
1.431
1.42314
1.41551
1.4081
1.40079
1.3932
0.119245
0.241127
0.306806
0.352113
0.388
0.418401
0.445139
0.469206
0.491203
0.511525
0.530457
0.548224
0.565001
0.580934
0.596153
0.610771
0.624896
0.638628
0.65206
0.665281
0.678376
0.691426
0.704506
0.717686
0.731031
0.744603
0.758456
0.772639
0.787196
0.802166
0.817581
0.833469
0.849854
0.866756
0.88419
0.902169
0.920703
0.939798
0.959461
0.979695
1.0005
1.02189
1.04385
1.0664
1.08952
1.11323
1.13751
1.16238
1.18783
1.21386
1.24048
1.26769
1.29548
1.32385
1.35282
1.38237
1.41251
1.44325
1.47458
1.50649
1.539
1.5721
1.60579
1.64008
1.67496
1.71043
1.74647
1.7831
1.82031
1.85809
1.89645
1.93538
1.97488
2.01494
2.05556
2.09673
2.13846
2.18071
2.22348
2.26676
2.31053
2.3548
2.39955
2.44477
2.49045
2.53658
2.58314
2.63013
2.67753
2.72533
2.77351
2.82206
2.87096
2.92021
2.96978
3.01966
3.06986
3.12035
3.17111
3.22212
3.27337
3.32484
3.37651
3.42837
3.48039
3.53257
3.58487
3.63729
3.6898
3.74239
3.79502
3.8477
3.90041
3.95312
4.00581
4.05847
4.11106
4.16358
4.216
4.2683
4.32046
4.37246
4.42427
4.47588
4.52727
4.57841
4.62928
4.67986
4.73013
4.78006
4.82963
4.87883
4.92762
4.976
5.02392
5.07137
5.11834
5.16479
5.2107
5.25606
5.30084
5.34501
5.38856
5.43146
5.4737
5.51524
5.55608
5.59618
5.63552
5.67409
5.71186
5.74881
5.78493
5.82018
5.85456
5.88803
5.92058
5.95219
5.98284
6.01251
6.04118
6.06883
6.09543
6.12098
6.14545
6.16882
6.19107
6.21219
6.23215
6.25095
6.26855
6.28496
6.30015
6.3141
6.32679
6.33823
6.34838
6.35723
6.36479
6.37102
6.37593
6.37952
6.38176
6.38272
6.38236
6.38066
6.37758
6.37312
6.36725
6.35999
6.35131
6.34122
6.3297
6.31674
6.30233
6.28646
6.26913
6.25031
6.23
6.2082
6.18489
6.16007
6.13374
6.1059
6.07654
6.04566
6.01327
5.97937
5.94395
5.90704
5.86863
5.82873
5.78736
5.74453
5.70027
5.65459
5.60751
5.55908
5.50932
5.45826
5.40595
5.35248
5.29784
5.24205
5.18521
5.1277
5.0696
5.01102
4.95158
4.89145
4.83081
4.76979
4.70852
4.64714
4.58579
4.52464
4.46382
4.40348
4.34377
4.28483
4.22677
4.1697
4.11373
4.05895
4.0054
3.95314
3.90219
3.85256
3.80424
3.75719
3.71138
3.66676
3.62325
3.58079
3.5393
3.4987
3.45891
3.41987
3.38149
3.34372
3.3065
3.26977
3.23349
3.19764
3.16217
3.12708
3.09235
3.05798
3.02395
2.99028
2.95697
2.92404
2.8915
2.85936
2.82766
2.79641
2.76566
2.73543
2.70575
2.67666
2.64819
2.62038
2.59325
2.56684
2.54116
2.51624
2.49209
2.46871
2.44611
2.42428
2.4032
2.38286
2.36321
2.34422
2.32585
2.30805
2.29075
2.27388
2.2574
2.24125
2.22534
2.2096
2.19395
2.17834
2.16272
2.14703
2.13124
2.1153
2.09919
2.08288
2.06637
2.04966
2.03276
2.01568
1.99845
1.9811
1.96366
1.94616
1.92864
1.91115
1.89371
1.87636
1.85915
1.84211
1.82525
1.80863
1.79224
1.77613
1.76029
1.74476
1.72953
1.71462
1.70004
1.68577
1.67183
1.65821
1.64491
1.63193
1.61925
1.60687
1.59479
1.583
1.57149
1.56025
1.54928
1.53858
1.52813
1.51794
1.508
1.49832
1.48889
1.47971
1.47078
1.4621
1.45368
1.4455
1.43755
1.42982
1.42218
1.41431
0.12136
0.24062
0.305955
0.35115
0.38702
0.417483
0.444351
0.468609
0.490854
0.511478
0.530769
0.548943
0.566166
0.582577
0.598295
0.613425
0.628075
0.642339
0.656305
0.670054
0.683666
0.697218
0.71078
0.724418
0.738194
0.752166
0.766386
0.780903
0.795758
0.810989
0.82663
0.842707
0.859246
0.876265
0.893782
0.911811
0.93036
0.94944
0.969056
0.989213
1.00992
1.03117
1.05297
1.07532
1.09823
1.12169
1.1457
1.17028
1.19541
1.2211
1.24736
1.27418
1.30156
1.32952
1.35804
1.38713
1.4168
1.44705
1.47788
1.50929
1.54127
1.57383
1.60698
1.64073
1.67507
1.71002
1.74556
1.78168
1.81838
1.85567
1.89354
1.93199
1.97102
2.01062
2.05079
2.09152
2.13281
2.17464
2.21701
2.25992
2.30336
2.34731
2.39178
2.43675
2.48221
2.52816
2.57458
2.62146
2.66879
2.71656
2.76475
2.81335
2.86235
2.91173
2.96148
3.01157
3.06201
3.11277
3.16385
3.21522
3.26687
3.31878
3.37094
3.42332
3.47592
3.5287
3.58166
3.63477
3.68802
3.74137
3.79483
3.84839
3.90201
3.95569
4.00938
4.06307
4.11674
4.17037
4.22393
4.27739
4.33075
4.38397
4.43704
4.48993
4.54262
4.59509
4.64732
4.69928
4.75094
4.80228
4.85328
4.90391
4.95416
5.00399
5.05339
5.10232
5.15077
5.19871
5.24611
5.29296
5.33922
5.38488
5.42991
5.47429
5.51798
5.56098
5.60326
5.64479
5.68555
5.72552
5.76467
5.80299
5.84044
5.87701
5.91268
5.94742
5.98122
6.01404
6.04587
6.07669
6.10648
6.13521
6.16286
6.18942
6.21486
6.23917
6.26232
6.28429
6.30506
6.32462
6.34294
6.36002
6.37582
6.39034
6.40356
6.41546
6.42602
6.43524
6.44309
6.44957
6.45467
6.45837
6.46069
6.46162
6.46119
6.45937
6.45611
6.45139
6.44521
6.43756
6.42843
6.41781
6.40568
6.39205
6.37688
6.36018
6.34192
6.3221
6.3007
6.27772
6.25314
6.22695
6.19916
6.16975
6.13872
6.10607
6.07179
6.0359
5.99838
5.95925
5.9185
5.87615
5.8322
5.78667
5.73959
5.69096
5.64081
5.58916
5.53607
5.48153
5.42559
5.36825
5.30966
5.25016
5.18975
5.12856
5.06618
5.00293
4.93886
4.87407
4.80871
4.74291
4.67684
4.61064
4.54449
4.47857
4.41303
4.34805
4.28382
4.22047
4.15818
4.09708
4.03731
3.97897
3.92215
3.86692
3.81334
3.76142
3.71117
3.66257
3.61557
3.57013
3.52617
3.48362
3.44237
3.40235
3.36345
3.32559
3.28865
3.25257
3.21725
3.18262
3.14862
3.11519
3.08227
3.04983
3.01783
2.98625
2.95506
2.92425
2.8938
2.86373
2.83401
2.80467
2.77572
2.74717
2.71906
2.69139
2.66422
2.63756
2.61145
2.58593
2.56102
2.53677
2.51319
2.49032
2.46817
2.44676
2.42608
2.40616
2.38696
2.36848
2.3507
2.33357
2.31706
2.30111
2.28566
2.27066
2.25605
2.24173
2.22764
2.21371
2.19987
2.18605
2.17215
2.15813
2.14394
2.12953
2.11487
2.09993
2.0847
2.06917
2.05335
2.03725
2.02091
2.00435
1.98761
1.97073
1.95374
1.93669
1.91963
1.90259
1.88563
1.86876
1.85205
1.8355
1.81916
1.80304
1.78718
1.77158
1.75626
1.74124
1.72651
1.71209
1.69798
1.68418
1.67068
1.65749
1.64459
1.63199
1.61968
1.60764
1.59589
1.5844
1.57318
1.56221
1.5515
1.54105
1.53084
1.52089
1.51118
1.50172
1.4925
1.48354
1.47482
1.46633
1.45808
1.45003
1.44209
1.43395
0.122856
0.239032
0.303786
0.348735
0.384495
0.414942
0.441876
0.466274
0.488724
0.509612
0.529206
0.547715
0.565307
0.582121
0.598277
0.613885
0.629042
0.643827
0.658319
0.672589
0.686718
0.700776
0.714828
0.728936
0.743156
0.757543
0.772148
0.787015
0.802185
0.817693
0.833571
0.849848
0.866546
0.883686
0.901284
0.919355
0.93791
0.956958
0.976506
0.996559
1.01712
1.0382
1.05979
1.08191
1.10454
1.1277
1.15139
1.17561
1.20035
1.22563
1.25145
1.2778
1.30471
1.33215
1.36014
1.38867
1.41777
1.44744
1.47769
1.50851
1.53991
1.57188
1.60443
1.63756
1.67126
1.70553
1.74038
1.77581
1.81183
1.84844
1.88564
1.92343
1.96181
2.00078
2.04032
2.08045
2.12116
2.16243
2.20427
2.24668
2.28964
2.33315
2.3772
2.42178
2.46688
2.51251
2.55863
2.60526
2.65237
2.69995
2.748
2.7965
2.84544
2.8948
2.94458
2.99476
3.04532
3.09625
3.14754
3.19917
3.25113
3.30339
3.35595
3.40877
3.46186
3.51518
3.56872
3.62246
3.67638
3.73045
3.78466
3.83897
3.89339
3.94788
4.00243
4.05703
4.11163
4.16623
4.2208
4.27531
4.32974
4.38408
4.43832
4.49243
4.54636
4.6001
4.65362
4.70689
4.75989
4.81259
4.86496
4.91699
4.96864
5.0199
5.07074
5.12112
5.17102
5.22043
5.2693
5.31762
5.36536
5.41249
5.45899
5.50483
5.55
5.59445
5.63818
5.68114
5.72333
5.7647
5.80525
5.84494
5.88376
5.92167
5.95865
5.99468
6.02974
6.06381
6.09685
6.12885
6.15979
6.18964
6.21838
6.24598
6.27244
6.29772
6.3218
6.34466
6.36628
6.38664
6.40573
6.42352
6.43999
6.45513
6.46891
6.48132
6.49235
6.50197
6.51017
6.51694
6.52226
6.52613
6.52854
6.52949
6.52904
6.52718
6.5238
6.5189
6.51247
6.50449
6.49497
6.48388
6.47121
6.45695
6.44109
6.42361
6.4045
6.38373
6.3613
6.33719
6.3114
6.2839
6.2547
6.22379
6.19115
6.15678
6.12069
6.08286
6.0433
6.00201
5.95899
5.91424
5.86778
5.81961
5.76977
5.71826
5.66508
5.61027
5.5538
5.49572
5.43617
5.3756
5.31375
5.2508
5.18641
5.12085
5.05415
4.98644
4.91783
4.84843
4.7784
4.70788
4.63705
4.56607
4.49515
4.42447
4.35422
4.28461
4.21582
4.14806
4.08151
4.01634
3.95271
3.89076
3.83062
3.77237
3.71609
3.66183
3.60958
3.55936
3.51112
3.46481
3.42035
3.37765
3.33662
3.29714
3.2591
3.22239
3.18689
3.15249
3.11908
3.08657
3.05487
3.02389
2.99357
2.96384
2.93464
2.90593
2.87766
2.8498
2.82232
2.79521
2.76844
2.74201
2.71593
2.69021
2.66485
2.63988
2.61532
2.59121
2.56758
2.54446
2.52189
2.49989
2.47852
2.45778
2.43771
2.41834
2.39967
2.38171
2.36447
2.34792
2.33206
2.31685
2.30226
2.28823
2.27472
2.26166
2.24899
2.23661
2.22447
2.21248
2.20054
2.18859
2.17655
2.16435
2.15192
2.1392
2.12614
2.11272
2.09891
2.0847
2.07011
2.05514
2.03982
2.02419
2.00827
1.99212
1.97577
1.95928
1.94269
1.92606
1.90942
1.89282
1.87631
1.85992
1.84368
1.82763
1.81179
1.79618
1.78082
1.76573
1.75092
1.73638
1.72214
1.70819
1.69452
1.68115
1.66807
1.65527
1.64275
1.6305
1.61852
1.60681
1.59535
1.58415
1.5732
1.56249
1.55204
1.54182
1.53185
1.52213
1.51264
1.5034
1.4944
1.48562
1.47707
1.46873
1.4605
1.45209
0.123713
0.236393
0.300382
0.344959
0.3805
0.410832
0.437737
0.462183
0.484753
0.505829
0.525683
0.544514
0.56248
0.579708
0.596303
0.612354
0.627957
0.643197
0.658157
0.672914
0.687546
0.702104
0.716645
0.731222
0.745883
0.760687
0.77568
0.790903
0.806393
0.822183
0.838302
0.854779
0.871635
0.888892
0.906566
0.92467
0.943218
0.962217
0.981675
1.0016
1.022
1.04287
1.06421
1.08605
1.10836
1.13117
1.15448
1.17828
1.20258
1.22737
1.25268
1.27849
1.30484
1.33173
1.35915
1.3871
1.41558
1.4446
1.47416
1.50424
1.53488
1.56608
1.59784
1.63017
1.66308
1.69657
1.73065
1.76531
1.80057
1.83641
1.87286
1.9099
1.94753
1.98576
2.02459
2.06402
2.10403
2.14464
2.18583
2.22761
2.26996
2.31289
2.35639
2.40045
2.44506
2.49022
2.53592
2.58215
2.62891
2.67617
2.72394
2.77219
2.82093
2.87013
2.91979
2.96989
3.02042
3.07137
3.12271
3.17445
3.22655
3.279
3.3318
3.38491
3.43832
3.49202
3.54599
3.6002
3.65463
3.70928
3.76411
3.81911
3.87426
3.92953
3.9849
4.04036
4.09587
4.15141
4.20697
4.2625
4.318
4.37341
4.42872
4.48391
4.53896
4.59385
4.64855
4.70302
4.75725
4.81121
4.86487
4.91824
4.97125
5.02389
5.07612
5.12792
5.17925
5.23008
5.2804
5.33016
5.37935
5.42794
5.4759
5.5232
5.56982
5.61573
5.66089
5.7053
5.74891
5.7917
5.83365
5.87473
5.91491
5.95418
5.99249
6.02984
6.06619
6.10151
6.13579
6.169
6.20112
6.23211
6.26197
6.29066
6.31815
6.34444
6.36949
6.39328
6.41579
6.437
6.45688
6.47542
6.4926
6.5084
6.52279
6.53575
6.54728
6.55734
6.56593
6.57303
6.57862
6.58269
6.58522
6.58624
6.58582
6.58397
6.58054
6.57551
6.56887
6.56062
6.55075
6.53924
6.52608
6.51125
6.49475
6.47654
6.45661
6.43494
6.41153
6.38635
6.35939
6.33064
6.30008
6.26771
6.23351
6.19747
6.1596
6.11988
6.07833
6.03493
5.98969
5.94261
5.89367
5.84291
5.79032
5.73587
5.67962
5.62166
5.56228
5.50126
5.43869
5.37482
5.30927
5.24227
5.17385
5.10411
5.03315
4.96107
4.88799
4.81406
4.73942
4.66424
4.58872
4.51303
4.43738
4.36199
4.28707
4.21286
4.13956
4.06741
3.99663
3.92741
3.85995
3.79442
3.73097
3.66971
3.61076
3.55415
3.49993
3.4481
3.39862
3.35144
3.30648
3.26365
3.22283
3.18389
3.14671
3.11115
3.07707
3.04435
3.01286
2.98247
2.95307
2.92457
2.89686
2.86987
2.84351
2.81771
2.79241
2.76757
2.74312
2.71904
2.6953
2.67187
2.64875
2.62593
2.60343
2.58125
2.55941
2.53795
2.51689
2.49626
2.4761
2.45646
2.43735
2.41883
2.40091
2.38364
2.36703
2.35109
2.33584
2.32128
2.30738
2.29414
2.28152
2.26947
2.25794
2.24688
2.23621
2.22586
2.21574
2.20578
2.19586
2.18591
2.17585
2.16558
2.15503
2.14415
2.13285
2.12109
2.10885
2.09612
2.0829
2.06919
2.05504
2.04046
2.02549
2.01019
1.9946
1.97877
1.96276
1.94662
1.9304
1.91416
1.89794
1.88177
1.86571
1.84979
1.83404
1.81848
1.80313
1.78802
1.77316
1.75856
1.74422
1.73016
1.71637
1.70285
1.68962
1.67665
1.66395
1.65152
1.63934
1.62742
1.61576
1.60434
1.59317
1.58224
1.57155
1.5611
1.55088
1.54091
1.53117
1.52166
1.51239
1.50335
1.49452
1.48589
1.47738
1.46873
0.123965
0.232882
0.295909
0.339983
0.375206
0.405339
0.432137
0.456557
0.479174
0.500364
0.520393
0.539455
0.557704
0.575264
0.592239
0.608723
0.624794
0.640524
0.655979
0.671216
0.686299
0.701295
0.716265
0.731263
0.746347
0.761561
0.776938
0.792514
0.80832
0.824387
0.840738
0.857406
0.874413
0.891778
0.909517
0.927643
0.946168
0.965101
0.984452
1.00423
1.02443
1.04507
1.06613
1.08764
1.1096
1.13201
1.15488
1.17823
1.20206
1.22636
1.25113
1.27639
1.30213
1.32834
1.35504
1.38224
1.40994
1.43817
1.46692
1.49621
1.52604
1.55642
1.58736
1.61886
1.65092
1.68356
1.71678
1.75058
1.78497
1.81996
1.85555
1.89174
1.92853
1.96592
2.00392
2.04253
2.08175
2.12157
2.162
2.20304
2.24467
2.2869
2.32972
2.37313
2.41713
2.4617
2.50685
2.55256
2.59882
2.64564
2.69299
2.74087
2.78927
2.83818
2.88759
2.93748
2.98784
3.03867
3.08993
3.14163
3.19375
3.24626
3.29916
3.35242
3.40604
3.45999
3.51425
3.5688
3.62363
3.67871
3.73403
3.78956
3.84529
3.90118
3.95723
4.01339
4.06966
4.12601
4.1824
4.23882
4.29525
4.35165
4.408
4.46427
4.52044
4.57648
4.63236
4.68805
4.74353
4.79875
4.85369
4.90831
4.96259
5.01651
5.07004
5.12316
5.17582
5.228
5.27969
5.33085
5.38146
5.43148
5.48087
5.52961
5.57766
5.62501
5.67161
5.71744
5.76248
5.80668
5.85003
5.8925
5.93406
5.97469
6.01435
6.05302
6.09067
6.12728
6.16281
6.19725
6.23057
6.26273
6.29373
6.32352
6.35209
6.37941
6.40546
6.43022
6.45364
6.47573
6.49644
6.51577
6.53369
6.55017
6.56521
6.57876
6.59082
6.60137
6.61038
6.61784
6.62373
6.62803
6.63073
6.63183
6.63148
6.62968
6.62624
6.62113
6.61433
6.60585
6.59568
6.58379
6.57017
6.55481
6.53769
6.51879
6.49808
6.47555
6.45118
6.42496
6.39687
6.3669
6.33502
6.30123
6.2655
6.22783
6.18821
6.14664
6.10312
6.05764
6.01017
5.9607
5.90925
5.85587
5.80073
5.74375
5.68489
5.62425
5.562
5.49778
5.43182
5.3642
5.29491
5.22404
5.15164
5.07781
5.00264
4.92627
4.8488
4.77041
4.69124
4.61149
4.53134
4.451
4.37071
4.29069
4.21118
4.13244
4.05472
3.97827
3.90334
3.83017
3.75897
3.68996
3.6233
3.55915
3.49762
3.43878
3.38268
3.32933
3.2787
3.23074
3.18535
3.14244
3.10187
3.06351
3.02721
2.99282
2.96018
2.92915
2.89956
2.87129
2.8442
2.81817
2.79307
2.76881
2.74529
2.72242
2.70011
2.6783
2.65692
2.63591
2.61523
2.59485
2.57474
2.55489
2.5353
2.51597
2.49692
2.47817
2.45975
2.44168
2.42401
2.40677
2.39
2.37374
2.35803
2.3429
2.32839
2.31451
2.30129
2.28873
2.27683
2.26558
2.25495
2.24491
2.2354
2.22638
2.21777
2.20949
2.20146
2.19359
2.18578
2.17793
2.16995
2.16174
2.15323
2.14429
2.13488
2.12493
2.11441
2.10329
2.09158
2.07928
2.06642
2.05302
2.03913
2.02481
2.01009
1.99503
1.97971
1.96417
1.94847
1.93266
1.91681
1.90096
1.88515
1.86943
1.85382
1.83837
1.82309
1.80802
1.79316
1.77854
1.76416
1.75003
1.73615
1.72253
1.70917
1.69607
1.68323
1.67064
1.6583
1.64621
1.63436
1.62275
1.61138
1.60024
1.58934
1.57867
1.56823
1.55803
1.54805
1.5383
1.52878
1.51948
1.51039
1.50149
1.49271
1.48384
0.123688
0.228578
0.290465
0.333922
0.368735
0.398587
0.425204
0.449527
0.472121
0.493358
0.513495
0.532725
0.551194
0.569022
0.586307
0.603135
0.619582
0.635717
0.651603
0.667303
0.682868
0.698347
0.713788
0.729231
0.744713
0.760287
0.775994
0.79187
0.807946
0.82425
0.840808
0.857654
0.874801
0.892263
0.910054
0.928186
0.946672
0.96552
0.984741
1.00434
1.02434
1.04473
1.06552
1.08671
1.10831
1.13032
1.15274
1.17558
1.19883
1.22251
1.24663
1.27119
1.29621
1.32168
1.34764
1.37407
1.401
1.42842
1.45634
1.48478
1.51375
1.54324
1.57328
1.60387
1.63502
1.66673
1.69901
1.73188
1.76533
1.79938
1.83402
1.86927
1.90512
1.94159
1.97868
2.01638
2.0547
2.09364
2.13321
2.17339
2.2142
2.25562
2.29767
2.34032
2.38359
2.42746
2.47194
2.51701
2.56267
2.60891
2.65573
2.70312
2.75106
2.79955
2.84857
2.89813
2.9482
2.99877
3.04983
3.10136
3.15336
3.20581
3.25868
3.31197
3.36565
3.41972
3.47414
3.52891
3.584
3.6394
3.69508
3.75102
3.8072
3.86359
3.92018
3.97695
4.03385
4.09089
4.14801
4.20521
4.26245
4.31971
4.37696
4.43418
4.49132
4.54838
4.60531
4.66209
4.71868
4.77506
4.8312
4.88707
4.94264
4.99786
5.05273
5.10719
5.16122
5.21479
5.26786
5.32038
5.37234
5.42371
5.47446
5.52456
5.57399
5.6227
5.67067
5.71789
5.76433
5.80994
5.85468
5.89854
5.94147
5.98346
6.02446
6.06447
6.10343
6.14132
6.17812
6.2138
6.24833
6.28168
6.31383
6.34475
6.37442
6.4028
6.42987
6.45561
6.47998
6.50296
6.52454
6.54468
6.56336
6.58056
6.59626
6.61043
6.62306
6.63411
6.64357
6.65142
6.65763
6.66219
6.66508
6.6663
6.66603
6.66432
6.66089
6.65572
6.6488
6.64012
6.62967
6.61743
6.60338
6.58752
6.56981
6.55023
6.52876
6.50539
6.48009
6.45284
6.42365
6.39248
6.35929
6.32407
6.2868
6.24746
6.20606
6.16259
6.11706
6.06949
6.02003
5.96847
5.91483
5.8592
5.80173
5.74209
5.68042
5.61679
5.55125
5.48377
5.41439
5.3432
5.27022
5.19553
5.1192
5.04134
4.96204
4.88143
4.79965
4.71686
4.63325
4.54899
4.4643
4.37941
4.29457
4.21002
4.12604
4.0429
3.96089
3.88029
3.80138
3.72442
3.64968
3.57737
3.50771
3.44086
3.37696
3.31609
3.25831
3.20363
3.15203
3.10344
3.05777
3.0149
2.9747
2.93701
2.90166
2.86849
2.83732
2.80798
2.78032
2.75415
2.72935
2.70576
2.68325
2.6617
2.64099
2.62102
2.60168
2.58289
2.56455
2.54661
2.52899
2.51166
2.49457
2.4777
2.46105
2.44461
2.42838
2.41238
2.39663
2.38117
2.36602
2.35122
2.33682
2.32286
2.30938
2.29643
2.28404
2.27224
2.26106
2.25051
2.24062
2.23137
2.22274
2.21471
2.20724
2.20028
2.19375
2.18757
2.18166
2.17595
2.17031
2.16464
2.15883
2.15279
2.14641
2.13957
2.13217
2.12416
2.11548
2.10611
2.09604
2.08528
2.07385
2.06177
2.04909
2.03585
2.02213
2.00796
1.99343
1.97858
1.9635
1.94823
1.93283
1.91737
1.90189
1.88644
1.87106
1.85578
1.84063
1.82565
1.81086
1.79626
1.78188
1.76773
1.75381
1.74013
1.72669
1.71349
1.70054
1.68782
1.67535
1.66311
1.6511
1.63933
1.62779
1.61647
1.60538
1.59451
1.58387
1.57346
1.56327
1.55329
1.54354
1.534
1.52466
1.51552
1.5065
1.4974
0.122768
0.223165
0.283671
0.326357
0.360643
0.390116
0.416464
0.44061
0.463108
0.484322
0.504505
0.523843
0.542479
0.560524
0.578074
0.595208
0.611997
0.628503
0.644783
0.660891
0.676875
0.692781
0.708652
0.724531
0.740452
0.756448
0.772551
0.788789
0.805189
0.821772
0.838564
0.855585
0.872858
0.8904
0.908226
0.926348
0.944777
0.963522
0.98259
1.00199
1.02172
1.04178
1.06219
1.08294
1.10405
1.12553
1.14738
1.16961
1.19223
1.21524
1.23866
1.26249
1.28675
1.31143
1.33655
1.36213
1.38817
1.41468
1.44167
1.46915
1.49714
1.52564
1.55467
1.58423
1.61433
1.645
1.67622
1.70802
1.7404
1.77337
1.80694
1.84112
1.8759
1.9113
1.94733
1.98398
2.02127
2.05919
2.09774
2.13694
2.17677
2.21725
2.25836
2.30012
2.34251
2.38553
2.42919
2.47348
2.51838
2.56391
2.61005
2.65679
2.70412
2.75205
2.80055
2.84963
2.89926
2.94944
3.00016
3.05139
3.10314
3.15538
3.2081
3.26128
3.31491
3.36897
3.42345
3.47831
3.53355
3.58915
3.64508
3.70132
3.75786
3.81466
3.87171
3.92898
3.98644
4.04408
4.10186
4.15977
4.21776
4.27582
4.33391
4.39202
4.4501
4.50813
4.56607
4.6239
4.68159
4.73911
4.79641
4.85348
4.91027
4.96676
5.02291
5.07868
5.13406
5.18899
5.24345
5.2974
5.35082
5.40367
5.4559
5.5075
5.55842
5.60864
5.6581
5.70677
5.75463
5.80166
5.84781
5.89307
5.93739
5.98076
6.02314
6.06451
6.10484
6.14409
6.18222
6.21921
6.25502
6.28963
6.323
6.35511
6.38593
6.41544
6.4436
6.47038
6.49576
6.5197
6.54219
6.56319
6.58269
6.60066
6.61707
6.6319
6.64512
6.65672
6.66666
6.67493
6.68149
6.68633
6.68942
6.69077
6.69058
6.68896
6.68557
6.68035
6.6733
6.66441
6.65366
6.64104
6.62653
6.61011
6.59176
6.57145
6.54915
6.52485
6.49852
6.47015
6.43974
6.40729
6.37275
6.33609
6.29729
6.25634
6.21323
6.16797
6.12056
6.07104
6.01946
5.96559
5.90951
5.85128
5.79094
5.72842
5.66376
5.59698
5.52813
5.45721
5.38428
5.30939
5.23259
5.15396
5.07359
4.99156
4.90801
4.82305
4.73685
4.64957
4.56141
4.47256
4.38327
4.29377
4.20433
4.11525
4.0268
3.9393
3.85307
3.76841
3.68564
3.60506
3.52696
3.45158
3.37916
3.30988
3.24389
3.18129
3.12214
3.06644
3.01416
2.96523
2.91956
2.877
2.8374
2.80059
2.76639
2.73461
2.70506
2.67756
2.65192
2.62797
2.60555
2.58448
2.56464
2.54587
2.52805
2.51104
2.49474
2.47903
2.46382
2.44901
2.43453
2.42033
2.40635
2.39256
2.37894
2.36548
2.35217
2.33903
2.32607
2.31331
2.30078
2.28854
2.27661
2.26504
2.25389
2.24319
2.233
2.22334
2.21427
2.2058
2.19797
2.19077
2.18421
2.17825
2.17287
2.16804
2.16364
2.15961
2.15591
2.15244
2.14907
2.14569
2.14219
2.13845
2.13437
2.12977
2.12455
2.11863
2.11196
2.1045
2.09624
2.08717
2.07732
2.0667
2.05537
2.04337
2.03076
2.01761
2.00398
1.98995
1.97558
1.96094
1.9461
1.93112
1.91605
1.90094
1.88585
1.87081
1.85586
1.84103
1.82634
1.81183
1.79749
1.78336
1.76944
1.75573
1.74224
1.72898
1.71595
1.70314
1.69055
1.67819
1.66606
1.65414
1.64245
1.63097
1.61971
1.60867
1.59784
1.58723
1.57683
1.56665
1.55668
1.54692
1.53735
1.52798
1.51872
1.50942
0.121122
0.216755
0.275672
0.31745
0.351101
0.3801
0.40609
0.429973
0.452293
0.473404
0.493553
0.51292
0.531644
0.549833
0.567575
0.584945
0.602008
0.618821
0.635435
0.651896
0.668248
0.68453
0.700779
0.717029
0.733311
0.749655
0.766086
0.782631
0.799314
0.816155
0.83317
0.850372
0.867777
0.885399
0.903251
0.921342
0.939684
0.958285
0.977152
0.996292
1.01571
1.03542
1.05543
1.07575
1.09638
1.11733
1.13861
1.16022
1.18218
1.20449
1.22717
1.25022
1.27366
1.2975
1.32174
1.3464
1.37149
1.39703
1.42302
1.44948
1.47642
1.50385
1.53179
1.56025
1.58924
1.61877
1.64885
1.6795
1.71073
1.74253
1.77494
1.80795
1.84157
1.87581
1.91068
1.94618
1.98232
2.01911
2.05655
2.09464
2.13339
2.1728
2.21287
2.2536
2.295
2.33705
2.37976
2.42313
2.46716
2.51183
2.55715
2.60311
2.64971
2.69693
2.74477
2.79322
2.84227
2.89192
2.94214
2.99293
3.04428
3.09617
3.14858
3.20151
3.25494
3.30884
3.36321
3.41803
3.47327
3.52892
3.58495
3.64135
3.6981
3.75517
3.81253
3.87017
3.92806
3.98617
4.04448
4.10295
4.16158
4.22031
4.27913
4.33801
4.39691
4.4558
4.51466
4.57345
4.63213
4.69068
4.74906
4.80724
4.86518
4.92286
4.98022
5.03724
5.09389
5.15013
5.20591
5.26122
5.316
5.37023
5.42387
5.47688
5.52923
5.58089
5.63182
5.68198
5.73134
5.77985
5.8275
5.87424
5.92004
5.96486
6.00867
6.05144
6.09311
6.13367
6.1731
6.21135
6.24841
6.28424
6.3188
6.35207
6.38403
6.41463
6.44387
6.47169
6.49807
6.52298
6.54638
6.56825
6.58856
6.60729
6.62441
6.63989
6.65371
6.66584
6.67624
6.68491
6.6918
6.69691
6.70019
6.70164
6.70151
6.69995
6.69656
6.69125
6.68403
6.67488
6.6638
6.65075
6.63574
6.61873
6.5997
6.57862
6.55548
6.53024
6.50289
6.47341
6.4418
6.40807
6.3721
6.3339
6.29346
6.25076
6.2058
6.15856
6.10906
6.05729
6.00325
5.94689
5.88822
5.82725
5.764
5.69847
5.63066
5.56061
5.48834
5.41389
5.3373
5.25862
5.17792
5.09527
5.01077
4.92453
4.83667
4.74733
4.65668
4.56491
4.47221
4.37881
4.28498
4.19096
4.09707
4.00361
3.91091
3.8193
3.72914
3.64077
3.55453
3.47077
3.38978
3.31184
3.2372
3.16606
3.09856
3.03481
2.97485
2.91869
2.86628
2.81753
2.77231
2.73049
2.69188
2.6563
2.62354
2.59341
2.5657
2.54021
2.51674
2.49511
2.47513
2.45665
2.43951
2.42354
2.40861
2.39457
2.38129
2.36865
2.35654
2.34485
2.3335
2.32241
2.31153
2.30082
2.29024
2.27977
2.26941
2.25915
2.24901
2.239
2.22914
2.21949
2.21008
2.20095
2.19217
2.18378
2.17583
2.16836
2.16143
2.15508
2.14934
2.14422
2.13975
2.13587
2.13262
2.12998
2.12773
2.12586
2.1244
2.12323
2.1222
2.12118
2.12007
2.11874
2.11708
2.11487
2.11192
2.10822
2.10369
2.09827
2.09194
2.0847
2.07655
2.06753
2.05767
2.04703
2.03567
2.02365
2.01104
1.99793
1.98438
1.97048
1.95628
1.94187
1.92729
1.91261
1.89789
1.88316
1.86848
1.85386
1.83935
1.82498
1.81075
1.79669
1.78281
1.76913
1.75564
1.74236
1.72928
1.71642
1.70376
1.69131
1.67908
1.66705
1.65523
1.64362
1.63222
1.62103
1.61004
1.59926
1.58869
1.57832
1.56816
1.55819
1.54841
1.53883
1.52935
1.51988
0.119025
0.210125
0.267421
0.308252
0.341227
0.369708
0.395293
0.41886
0.440941
0.461882
0.481925
0.501245
0.519977
0.538224
0.556071
0.573587
0.590833
0.60786
0.624715
0.641439
0.65807
0.674641
0.691183
0.707726
0.724295
0.740914
0.757607
0.774391
0.791287
0.808311
0.825476
0.842795
0.860281
0.877944
0.895794
0.913841
0.932093
0.950558
0.969244
0.988157
1.00731
1.0267
1.04634
1.06625
1.08642
1.10687
1.1276
1.14863
1.16996
1.19161
1.21358
1.2359
1.25856
1.28158
1.30498
1.32877
1.35296
1.37757
1.40261
1.42809
1.45403
1.48044
1.50734
1.53474
1.56266
1.5911
1.62009
1.64962
1.67973
1.71041
1.74168
1.77356
1.80604
1.83914
1.87288
1.90725
1.94227
1.97794
2.01427
2.05127
2.08893
2.12727
2.16629
2.20598
2.24635
2.28741
2.32915
2.37157
2.41467
2.45845
2.5029
2.54802
2.59381
2.64026
2.68736
2.73511
2.78349
2.83251
2.88214
2.93238
2.98322
3.03464
3.08663
3.13918
3.19227
3.24589
3.30001
3.35463
3.40972
3.46527
3.52125
3.57764
3.63443
3.69159
3.7491
3.80693
3.86506
3.92346
3.98211
4.04098
4.10004
4.15926
4.21861
4.27807
4.3376
4.39717
4.45674
4.51629
4.57578
4.63518
4.69444
4.75355
4.81245
4.87112
4.92952
4.9876
5.04534
5.1027
5.15964
5.21612
5.2721
5.32754
5.38242
5.43669
5.4903
5.54324
5.59545
5.6469
5.69756
5.74738
5.79633
5.84437
5.89147
5.93758
5.98268
6.02673
6.0697
6.11154
6.15222
6.19172
6.22999
6.267
6.30272
6.33712
6.37016
6.40181
6.43203
6.46079
6.48806
6.51382
6.53803
6.56067
6.5817
6.6011
6.61884
6.63489
6.64922
6.6618
6.67261
6.6816
6.68876
6.69406
6.69746
6.69896
6.69884
6.6973
6.69386
6.68843
6.681
6.67158
6.66013
6.64665
6.6311
6.61348
6.59375
6.57188
6.54786
6.52165
6.49323
6.46259
6.42971
6.39457
6.35713
6.31735
6.27524
6.23076
6.18391
6.13468
6.08306
6.02905
5.97263
5.91378
5.85251
5.78881
5.72271
5.6542
5.5833
5.51003
5.43443
5.35652
5.27636
5.194
5.10951
5.02298
4.93451
4.84421
4.75222
4.6587
4.56382
4.46778
4.37081
4.27315
4.17509
4.07691
3.97894
3.88152
3.78501
3.68979
3.59624
3.50473
3.41564
3.32933
3.24612
3.16632
3.09016
3.01785
2.94953
2.8853
2.82518
2.76916
2.71716
2.66909
2.62479
2.58408
2.54679
2.5127
2.48159
2.45325
2.42746
2.40401
2.3827
2.36333
2.34572
2.3297
2.31511
2.30177
2.28954
2.27826
2.26779
2.25799
2.24875
2.23994
2.23148
2.22328
2.21528
2.20743
2.1997
2.19204
2.18445
2.17692
2.16944
2.16203
2.15472
2.14754
2.14054
2.13375
2.12724
2.12106
2.11527
2.1099
2.10502
2.10069
2.09695
2.09383
2.09138
2.08948
2.08828
2.08783
2.08758
2.08773
2.08845
2.08952
2.09079
2.09211
2.09336
2.09442
2.09528
2.09546
2.09481
2.09336
2.09103
2.08767
2.08335
2.078
2.07164
2.06429
2.056
2.0468
2.03676
2.02596
2.01447
2.00236
1.98972
1.97664
1.96317
1.94941
1.93541
1.92124
1.90696
1.89262
1.87827
1.86394
1.84968
1.8355
1.82144
1.80751
1.79374
1.78013
1.76669
1.75344
1.74037
1.7275
1.71482
1.70233
1.69003
1.67794
1.66604
1.65433
1.64282
1.63151
1.6204
1.60948
1.59876
1.58824
1.57791
1.56777
1.55782
1.54804
1.53839
1.52876
0.116605
0.203443
0.259111
0.298971
0.331242
0.359173
0.384315
0.407523
0.429317
0.450035
0.469913
0.489124
0.507796
0.52603
0.543907
0.561492
0.578842
0.596004
0.61302
0.629926
0.646756
0.663537
0.680297
0.697059
0.713845
0.730675
0.747565
0.764532
0.78159
0.798752
0.816029
0.833431
0.850968
0.868649
0.88648
0.904471
0.922627
0.940957
0.959466
0.978162
0.997052
1.01614
1.03545
1.05497
1.07471
1.0947
1.11492
1.13541
1.15616
1.17719
1.19852
1.22014
1.24209
1.26436
1.28698
1.30996
1.33331
1.35706
1.38121
1.40578
1.43078
1.45624
1.48217
1.50857
1.53548
1.5629
1.59085
1.61934
1.64839
1.678
1.7082
1.73899
1.77039
1.80241
1.83506
1.86835
1.90228
1.93687
1.97213
2.00805
2.04466
2.08194
2.11992
2.15859
2.19795
2.23801
2.27877
2.32023
2.36239
2.40524
2.4488
2.49305
2.53799
2.58362
2.62993
2.67691
2.72457
2.77288
2.82184
2.87145
2.92169
2.97255
3.02401
3.07607
3.12871
3.18192
3.23567
3.28996
3.34477
3.40007
3.45585
3.5121
3.56877
3.62587
3.68336
3.74122
3.79942
3.85794
3.91676
3.97584
4.03516
4.09468
4.15439
4.21425
4.27422
4.33427
4.39438
4.4545
4.51461
4.57466
4.63462
4.69446
4.75414
4.81362
4.87286
4.93183
4.99049
5.04879
5.10669
5.16417
5.22118
5.27767
5.33361
5.38896
5.44368
5.49774
5.55108
5.60367
5.65547
5.70645
5.75656
5.80576
5.85401
5.90129
5.94754
5.99273
6.03683
6.07979
6.12158
6.16217
6.20151
6.23957
6.27631
6.31171
6.34572
6.3783
6.40944
6.43908
6.4672
6.49376
6.51874
6.54209
6.56379
6.5838
6.6021
6.61866
6.63344
6.6464
6.65753
6.66678
6.67413
6.67954
6.68298
6.68444
6.68428
6.68269
6.67913
6.67351
6.66582
6.65605
6.64418
6.63019
6.61407
6.59577
6.57528
6.55257
6.52761
6.50037
6.47084
6.43899
6.40479
6.36823
6.32927
6.28788
6.24406
6.19777
6.149
6.09775
6.04399
5.98772
5.92893
5.8676
5.80374
5.73734
5.66841
5.59696
5.52301
5.44658
5.3677
5.28642
5.20277
5.11684
5.02868
4.9384
4.8461
4.75191
4.65597
4.55846
4.45956
4.35951
4.25853
4.15691
4.05495
3.95297
3.85133
3.7504
3.65058
3.55228
3.45591
3.36188
3.27059
3.18241
3.0977
3.01675
2.9398
2.86705
2.79862
2.73458
2.67495
2.61967
2.56864
2.52173
2.47877
2.43955
2.40387
2.37151
2.34222
2.31579
2.29199
2.2706
2.25142
2.23424
2.21889
2.20519
2.19297
2.18207
2.17232
2.16357
2.15566
2.14845
2.1418
2.13561
2.12978
2.1242
2.11883
2.1136
2.10847
2.1034
2.09837
2.09336
2.08836
2.08339
2.07845
2.07359
2.06885
2.06426
2.0599
2.05581
2.05205
2.04865
2.0457
2.04328
2.04144
2.04021
2.03973
2.0396
2.04014
2.04146
2.04328
2.04561
2.04847
2.05172
2.05522
2.05882
2.06237
2.06576
2.06886
2.07137
2.07333
2.07427
2.07419
2.0729
2.07064
2.06723
2.06272
2.05712
2.05046
2.04278
2.03415
2.02465
2.01434
2.00333
1.99168
1.97949
1.96684
1.9538
1.94046
1.92687
1.91311
1.89923
1.88528
1.8713
1.85734
1.84343
1.8296
1.81586
1.80224
1.78876
1.77543
1.76225
1.74924
1.7364
1.72374
1.71125
1.69894
1.68681
1.67486
1.66309
1.65151
1.64012
1.62891
1.61789
1.60705
1.59641
1.58594
1.57566
1.56556
1.55563
1.54581
1.53605
0.11398
0.196832
0.250884
0.289759
0.321307
0.348665
0.373336
0.396153
0.417623
0.438078
0.457747
0.476799
0.495358
0.513523
0.53137
0.548962
0.566351
0.583581
0.600691
0.617712
0.634672
0.651597
0.66851
0.685428
0.702371
0.719353
0.736387
0.753487
0.770663
0.787925
0.80528
0.822737
0.840302
0.857982
0.875784
0.893712
0.911773
0.929973
0.948317
0.966812
0.985465
1.00428
1.02328
1.04245
1.06181
1.08138
1.10115
1.12115
1.14138
1.16186
1.18259
1.2036
1.2249
1.24649
1.26841
1.29066
1.31325
1.33621
1.35956
1.3833
1.40745
1.43204
1.45708
1.48258
1.50856
1.53504
1.56204
1.58956
1.61763
1.64626
1.67546
1.70525
1.73564
1.76665
1.79827
1.83054
1.86345
1.89702
1.93125
1.96616
2.00174
2.03802
2.07499
2.11266
2.15104
2.19012
2.22991
2.27042
2.31164
2.35357
2.39622
2.43958
2.48365
2.52843
2.57391
2.62009
2.66697
2.71452
2.76276
2.81167
2.86123
2.91144
2.9623
3.01377
3.06587
3.11856
3.17183
3.22568
3.28007
3.33501
3.39046
3.44641
3.50283
3.55972
3.61703
3.67476
3.73288
3.79136
3.85018
3.9093
3.96871
4.02837
4.08825
4.14832
4.20856
4.26892
4.32937
4.38988
4.45042
4.51094
4.57142
4.63181
4.69208
4.75219
4.81209
4.87176
4.93114
4.9902
5.0489
5.1072
5.16505
5.22242
5.27925
5.33552
5.39118
5.44618
5.50049
5.55406
5.60686
5.65883
5.70994
5.76016
5.80942
5.85771
5.90497
5.95117
5.99626
6.04021
6.08298
6.12453
6.16482
6.2038
6.24146
6.27773
6.3126
6.34601
6.37794
6.40835
6.43719
6.46445
6.49007
6.51403
6.53629
6.55682
6.57559
6.59256
6.6077
6.62097
6.63234
6.64177
6.64923
6.65469
6.6581
6.65948
6.65922
6.65752
6.65377
6.64788
6.63986
6.62967
6.61731
6.60275
6.58597
6.56693
6.54562
6.52199
6.49603
6.46771
6.43699
6.40387
6.3683
6.33028
6.28976
6.24672
6.20114
6.153
6.10229
6.04897
5.99306
5.93452
5.87335
5.80954
5.74309
5.67399
5.60226
5.52791
5.45095
5.37141
5.28933
5.20474
5.1177
5.02829
4.93658
4.84267
4.74668
4.64876
4.54905
4.44775
4.34507
4.24125
4.13655
4.03129
3.92578
3.82039
3.71551
3.61155
3.50894
3.40812
3.30955
3.21366
3.12087
3.03156
2.94609
2.86474
2.78776
2.7153
2.64748
2.58432
2.52581
2.47185
2.42231
2.37703
2.3358
2.29841
2.26462
2.23419
2.20688
2.18246
2.16069
2.14135
2.12425
2.10917
2.09595
2.08441
2.07438
2.06571
2.05822
2.05175
2.04614
2.04122
2.03688
2.03302
2.02951
2.02627
2.02323
2.02035
2.01756
2.01483
2.01212
2.0094
2.00667
2.00392
2.00117
1.99844
1.99578
1.99323
1.99086
1.98873
1.98687
1.98529
1.9841
1.98349
1.9834
1.98374
1.98482
1.9865
1.98888
1.99197
1.9957
2.00003
2.00491
2.01023
2.01587
2.02165
2.02744
2.03308
2.03841
2.04321
2.04737
2.05062
2.05303
2.05409
2.05399
2.05254
2.04993
2.04613
2.04116
2.03507
2.02793
2.0198
2.01077
2.00092
1.99034
1.97912
1.96735
1.95511
1.94249
1.92956
1.91638
1.90303
1.88954
1.87598
1.86239
1.8488
1.83525
1.82176
1.80835
1.79505
1.78187
1.76882
1.7559
1.74314
1.73053
1.71808
1.70579
1.69367
1.68171
1.66992
1.6583
1.64686
1.63559
1.62449
1.61357
1.60282
1.59225
1.58186
1.57163
1.56157
1.55163
1.54176
0.111254
0.190384
0.242842
0.280727
0.311539
0.338306
0.362487
0.384891
0.406012
0.426174
0.445602
0.464459
0.482867
0.50092
0.518693
0.536244
0.553623
0.57087
0.58802
0.605102
0.62214
0.639155
0.656167
0.673191
0.690242
0.70733
0.724467
0.741661
0.75892
0.776251
0.793659
0.811151
0.82873
0.846402
0.864171
0.88204
0.900015
0.918099
0.936299
0.954619
0.973067
0.991649
1.01037
1.02925
1.04828
1.06749
1.08687
1.10645
1.12623
1.14622
1.16645
1.18692
1.20766
1.22867
1.24997
1.27158
1.29351
1.31579
1.33842
1.36144
1.38484
1.40866
1.43291
1.45761
1.48277
1.50842
1.53456
1.56122
1.58841
1.61615
1.64445
1.67332
1.70279
1.73287
1.76356
1.79489
1.82685
1.85947
1.89275
1.9267
1.96134
1.99666
2.03268
2.0694
2.10683
2.14497
2.18382
2.2234
2.2637
2.30472
2.34646
2.38893
2.43212
2.47604
2.52067
2.56601
2.61207
2.65882
2.70628
2.75443
2.80325
2.85275
2.90292
2.95373
3.00518
3.05726
3.10995
3.16324
3.21712
3.27156
3.32656
3.38208
3.43812
3.49465
3.55166
3.60911
3.66699
3.72527
3.78392
3.84293
3.90226
3.96188
4.02176
4.08188
4.14219
4.20268
4.2633
4.32402
4.38481
4.44562
4.50642
4.56718
4.62785
4.6884
4.74878
4.80896
4.86889
4.92853
4.98784
5.04678
5.10529
5.16335
5.22091
5.27792
5.33434
5.39012
5.44523
5.49962
5.55324
5.60605
5.65801
5.70908
5.7592
5.80835
5.85647
5.90353
5.94948
5.99428
6.03788
6.08026
6.12136
6.16114
6.19957
6.23661
6.27221
6.30633
6.33894
6.36999
6.39945
6.42728
6.45345
6.47791
6.50063
6.52157
6.5407
6.55799
6.57339
6.58686
6.59838
6.60791
6.61539
6.6208
6.62411
6.62532
6.62492
6.62302
6.61899
6.61275
6.60431
6.59362
6.58069
6.56547
6.54795
6.5281
6.50588
6.48127
6.45424
6.42476
6.3928
6.35834
6.32135
6.2818
6.23967
6.19493
6.14755
6.09752
6.04482
5.98942
5.93132
5.87049
5.80693
5.74064
5.6716
5.59983
5.52532
5.44809
5.36816
5.28556
5.20033
5.11251
5.02216
4.92936
4.83421
4.7368
4.63727
4.53577
4.43248
4.3276
4.22136
4.11403
4.0059
3.89732
3.78863
3.68025
3.57259
3.46611
3.36128
3.25857
3.15846
3.06141
2.96785
2.87817
2.79271
2.71175
2.63549
2.56408
2.49756
2.43595
2.37916
2.32707
2.27951
2.23628
2.19715
2.16188
2.13021
2.1019
2.07669
2.05434
2.03463
2.01732
2.00223
1.98915
1.97793
1.96839
1.96037
1.95372
1.94825
1.9438
1.94021
1.93729
1.93495
1.93312
1.93164
1.9304
1.9294
1.92857
1.92785
1.92719
1.92653
1.92586
1.92515
1.9244
1.92362
1.92282
1.92205
1.92135
1.92078
1.92047
1.92039
1.92039
1.92076
1.92167
1.9231
1.92507
1.92771
1.93101
1.93504
1.93981
1.94529
1.95144
1.95819
1.96546
1.97311
1.98097
1.9889
1.99671
2.00422
2.01124
2.0176
2.02309
2.02764
2.03098
2.03326
2.03406
2.03339
2.03144
2.02821
2.02377
2.01817
2.01149
2.0038
1.99519
1.98575
1.97557
1.96476
1.95339
1.94156
1.92934
1.91682
1.90405
1.89109
1.87801
1.86484
1.85163
1.83842
1.82522
1.81208
1.79901
1.78602
1.77314
1.76037
1.74773
1.73522
1.72285
1.71062
1.69853
1.6866
1.67482
1.6632
1.65173
1.64043
1.62929
1.61831
1.6075
1.59685
1.58636
1.57604
1.56587
1.55582
1.54588
0.108519
0.184163
0.235053
0.271946
0.302015
0.328181
0.35186
0.373836
0.394593
0.414444
0.433611
0.452251
0.470483
0.488397
0.506065
0.523542
0.540876
0.558103
0.575256
0.592359
0.609434
0.626501
0.643574
0.660667
0.67779
0.694952
0.712161
0.729424
0.746745
0.764129
0.781579
0.799097
0.816688
0.834353
0.852096
0.86992
0.887827
0.905822
0.923909
0.942092
0.960378
0.978773
0.997285
1.01592
1.03469
1.05361
1.07268
1.09191
1.11133
1.13093
1.15075
1.17078
1.19106
1.21158
1.23237
1.25346
1.27484
1.29654
1.31859
1.34099
1.36377
1.38694
1.41052
1.43453
1.45899
1.48392
1.50933
1.53524
1.56167
1.58863
1.61614
1.64421
1.67287
1.70212
1.73198
1.76246
1.79357
1.82533
1.85774
1.89082
1.92458
1.95901
1.99414
2.02997
2.06651
2.10375
2.14171
2.18039
2.21979
2.25992
2.30077
2.34235
2.38466
2.4277
2.47147
2.51595
2.56116
2.60708
2.65371
2.70105
2.74908
2.7978
2.8472
2.89727
2.94799
2.99937
3.05138
3.10401
3.15725
3.21109
3.2655
3.32048
3.376
3.43204
3.48858
3.54561
3.6031
3.66103
3.71936
3.77809
3.83717
3.89658
3.9563
4.01628
4.07651
4.13694
4.19755
4.25829
4.31914
4.38006
4.441
4.50194
4.56283
4.62363
4.6843
4.74481
4.8051
4.86513
4.92487
4.98426
5.04326
5.10183
5.15993
5.2175
5.2745
5.33089
5.38663
5.44165
5.49593
5.54942
5.60206
5.65382
5.70464
5.75449
5.80332
5.85108
5.89773
5.94323
5.98753
6.03059
6.07236
6.1128
6.15188
6.18954
6.22574
6.26044
6.2936
6.32518
6.35513
6.38342
6.41001
6.43486
6.45792
6.47916
6.49855
6.51604
6.5316
6.54518
6.55675
6.56625
6.57366
6.57893
6.58201
6.58298
6.5824
6.58022
6.57581
6.56913
6.56016
6.54889
6.53529
6.51934
6.501
6.48024
6.45704
6.43137
6.40319
6.37247
6.3392
6.30334
6.26486
6.22373
6.17993
6.13344
6.08422
6.03225
5.97752
5.92
5.85968
5.79655
5.7306
5.66181
5.5902
5.51575
5.43848
5.3584
5.27554
5.18992
5.10159
5.0106
4.91703
4.82094
4.72244
4.62166
4.51872
4.41381
4.30711
4.19885
4.08929
3.97872
3.86747
3.75591
3.64445
3.53352
3.42359
3.31514
3.20869
3.10475
3.00381
2.90635
2.81279
2.72353
2.63888
2.55909
2.48432
2.41466
2.35014
2.29068
2.23618
2.18646
2.14131
2.10051
2.06378
2.03088
2.00154
1.97548
1.95247
1.93225
1.91459
1.89928
1.88613
1.87495
1.86559
1.8579
1.85171
1.84687
1.84318
1.8405
1.83867
1.83743
1.83675
1.83669
1.83692
1.83734
1.83809
1.83903
1.84009
1.84121
1.84234
1.84345
1.84451
1.84551
1.84646
1.84738
1.84828
1.84922
1.85025
1.85144
1.8528
1.85435
1.85623
1.85856
1.86139
1.8648
1.86885
1.87361
1.87912
1.88541
1.89247
1.90027
1.90874
1.9178
1.92732
1.93713
1.94707
1.95695
1.96657
1.97574
1.98425
1.99192
1.99862
2.00416
2.00854
2.01169
2.01313
2.01318
2.01171
2.00896
2.00497
1.99979
1.9935
1.98619
1.97795
1.96889
1.9591
1.94867
1.9377
1.92627
1.91446
1.90234
1.88997
1.87741
1.86473
1.85195
1.83912
1.82628
1.81344
1.80065
1.7879
1.77524
1.76266
1.75018
1.73781
1.72555
1.71342
1.70141
1.68954
1.6778
1.6662
1.65475
1.64344
1.63228
1.62128
1.61042
1.59972
1.58918
1.57878
1.56853
1.5584
1.5484
0.105841
0.178206
0.227561
0.263463
0.292783
0.318342
0.341512
0.363056
0.383441
0.402976
0.421872
0.440285
0.458328
0.476089
0.493635
0.51102
0.528288
0.545473
0.562604
0.579704
0.596794
0.613888
0.631
0.648141
0.665318
0.682538
0.699806
0.717126
0.734502
0.751936
0.769428
0.786981
0.804596
0.822273
0.840015
0.857822
0.875698
0.893645
0.911666
0.929766
0.94795
0.966225
0.984596
1.00307
1.02166
1.04038
1.05923
1.07822
1.09738
1.11671
1.13622
1.15594
1.17587
1.19603
1.21645
1.23713
1.2581
1.27937
1.30096
1.32288
1.34517
1.36783
1.39088
1.41435
1.43824
1.46259
1.4874
1.5127
1.53849
1.56481
1.59165
1.61905
1.64702
1.67556
1.7047
1.73444
1.76481
1.79581
1.82745
1.85974
1.8927
1.92633
1.96065
1.99565
2.03135
2.06775
2.10486
2.14267
2.18121
2.22047
2.26044
2.30115
2.34257
2.38473
2.42761
2.47121
2.51554
2.56059
2.60635
2.65282
2.69999
2.74786
2.79642
2.84566
2.89557
2.94614
2.99737
3.04924
3.10173
3.15484
3.20854
3.26283
3.31769
3.3731
3.42905
3.4855
3.54244
3.59986
3.65771
3.71599
3.77465
3.83369
3.89306
3.95274
4.01269
4.07289
4.1333
4.19389
4.25461
4.31545
4.37635
4.43727
4.49819
4.55906
4.61983
4.68047
4.74093
4.80116
4.86113
4.92079
4.98009
5.03899
5.09744
5.15539
5.2128
5.26961
5.32579
5.38129
5.43605
5.49003
5.54318
5.59546
5.64682
5.6972
5.74657
5.79488
5.84208
5.88812
5.93296
5.97655
6.01885
6.0598
6.09938
6.13752
6.17419
6.20933
6.24291
6.27488
6.3052
6.33383
6.36071
6.38582
6.40911
6.43054
6.45006
6.46765
6.48325
6.49682
6.50832
6.51771
6.52493
6.52994
6.53265
6.53325
6.53254
6.52997
6.52508
6.51785
6.50827
6.49632
6.48196
6.46517
6.44592
6.42418
6.39991
6.37309
6.34368
6.31166
6.277
6.23967
6.19963
6.15687
6.11134
6.06304
6.01192
5.95797
5.90118
5.84151
5.77895
5.71349
5.64512
5.57384
5.49964
5.42252
5.34251
5.2596
5.17384
5.08525
4.99388
4.89979
4.80305
4.70376
4.60202
4.49797
4.39177
4.28359
4.17367
4.06224
3.94961
3.83608
3.72204
3.60789
3.49408
3.38108
3.26942
3.15962
3.05222
2.94775
2.84673
2.74964
2.65689
2.56886
2.48581
2.40795
2.3354
2.26819
2.20629
2.14956
2.09784
2.05093
2.00856
1.97049
1.93643
1.9061
1.87923
1.85554
1.83478
1.81671
1.8011
1.78774
1.77646
1.76708
1.75946
1.75346
1.74893
1.74571
1.74358
1.74243
1.74212
1.74218
1.74282
1.74408
1.74573
1.74768
1.74991
1.75233
1.75489
1.75751
1.76015
1.76277
1.76535
1.76786
1.7703
1.77269
1.77505
1.77741
1.77982
1.78235
1.78502
1.78791
1.79109
1.79468
1.79876
1.80343
1.80874
1.81478
1.8216
1.82923
1.83769
1.84696
1.85698
1.86766
1.87887
1.89048
1.90229
1.91411
1.92574
1.93696
1.94756
1.95735
1.96615
1.97383
1.98027
1.98539
1.98894
1.99117
1.99174
1.99074
1.98841
1.98478
1.97994
1.97398
1.96701
1.95911
1.9504
1.94098
1.93093
1.92035
1.90931
1.8979
1.88619
1.87422
1.86207
1.84978
1.83739
1.82494
1.81247
1.79999
1.78754
1.77513
1.76278
1.7505
1.7383
1.7262
1.7142
1.7023
1.69052
1.67886
1.66732
1.65591
1.64463
1.63348
1.62247
1.61161
1.60088
1.5903
1.57985
1.56955
1.55936
1.54932
0.103299
0.172543
0.220386
0.255299
0.283867
0.308817
0.331479
0.352591
0.372608
0.391827
0.410456
0.428643
0.446497
0.464102
0.481522
0.49881
0.516005
0.53314
0.550243
0.567335
0.584431
0.601546
0.618691
0.635875
0.653105
0.670384
0.687717
0.705105
0.72255
0.740052
0.757611
0.775228
0.792901
0.810632
0.82842
0.846266
0.86417
0.882136
0.900165
0.918262
0.93643
0.954677
0.973008
0.991431
1.00995
1.02859
1.04734
1.06623
1.08525
1.10444
1.1238
1.14334
1.16308
1.18304
1.20323
1.22367
1.24438
1.26537
1.28667
1.30829
1.33024
1.35256
1.37525
1.39833
1.42182
1.44574
1.47011
1.49495
1.52026
1.54608
1.57241
1.59927
1.62668
1.65464
1.68319
1.71232
1.74205
1.7724
1.80337
1.83498
1.86723
1.90014
1.93371
1.96795
2.00287
2.03847
2.07477
2.11176
2.14945
2.18785
2.22696
2.26678
2.30731
2.34856
2.39053
2.43321
2.47661
2.52073
2.56556
2.61109
2.65733
2.70427
2.75189
2.80021
2.8492
2.89886
2.94918
3.00015
3.05177
3.10401
3.15687
3.21033
3.26439
3.31901
3.37419
3.42991
3.48614
3.54287
3.60007
3.65772
3.7158
3.77427
3.83311
3.8923
3.95179
4.01157
4.07159
4.13183
4.19224
4.2528
4.31346
4.37418
4.43493
4.49566
4.55634
4.61692
4.67735
4.7376
4.79761
4.85735
4.91675
4.97578
5.0344
5.09254
5.15016
5.20722
5.26366
5.31943
5.3745
5.4288
5.48228
5.53491
5.58662
5.63738
5.68712
5.73581
5.78339
5.82981
5.87503
5.919
5.96167
6.00299
6.04291
6.08139
6.11837
6.15382
6.18768
6.21991
6.25046
6.27929
6.30634
6.33159
6.35497
6.37646
6.396
6.41356
6.42908
6.44253
6.45385
6.463
6.46992
6.47457
6.47685
6.47714
6.4761
6.47299
6.46751
6.45963
6.44933
6.43659
6.42138
6.40366
6.38341
6.36059
6.33517
6.30711
6.2764
6.243
6.20687
6.168
6.12634
6.08187
6.03457
5.9844
5.93134
5.87537
5.81647
5.75461
5.68978
5.62198
5.55118
5.47739
5.4006
5.32083
5.23807
5.15236
5.06372
4.97219
4.87782
4.78068
4.68085
4.57844
4.47356
4.36636
4.25702
4.14575
4.03279
3.91842
3.80297
3.6868
3.57032
3.454
3.33831
3.22379
3.11099
3.00049
2.89285
2.78862
2.68832
2.59241
2.5013
2.41529
2.33462
2.25943
2.18978
2.12564
2.06689
2.01337
1.96486
1.92111
1.88183
1.84674
1.81554
1.78794
1.76366
1.74241
1.72395
1.70804
1.69446
1.68301
1.67352
1.66585
1.65985
1.65542
1.65239
1.65062
1.64982
1.64985
1.65043
1.65169
1.65355
1.65596
1.65878
1.66194
1.66536
1.66899
1.67276
1.6766
1.68048
1.68435
1.68817
1.69194
1.69564
1.69927
1.70285
1.70642
1.71001
1.71369
1.7175
1.72152
1.72582
1.7305
1.73567
1.74141
1.74781
1.75495
1.7629
1.77171
1.78138
1.79193
1.8033
1.81542
1.82816
1.84139
1.85491
1.86853
1.88203
1.89519
1.90778
1.91959
1.93044
1.94018
1.94866
1.95575
1.96135
1.96551
1.96822
1.96918
1.96856
1.96653
1.96319
1.95863
1.95297
1.9463
1.93873
1.93036
1.92129
1.91161
1.90141
1.89076
1.87975
1.86843
1.85687
1.84512
1.83323
1.82123
1.80916
1.79705
1.78493
1.77282
1.76074
1.7487
1.73672
1.7248
1.71297
1.70122
1.68956
1.678
1.66655
1.65521
1.64399
1.63288
1.6219
1.61105
1.60032
1.58973
1.57926
1.56893
1.5587
1.54865
0.10095
0.16718
0.21353
0.247455
0.275271
0.299616
0.321774
0.342464
0.362123
0.38104
0.399413
0.417384
0.43506
0.452519
0.469825
0.487024
0.504156
0.521251
0.538334
0.555424
0.572539
0.589689
0.606885
0.624133
0.641439
0.658806
0.676236
0.693731
0.711289
0.72891
0.746593
0.764336
0.782139
0.8
0.817918
0.835894
0.853926
0.872017
0.890168
0.908383
0.926664
0.945018
0.963451
0.98197
1.00058
1.0193
1.03812
1.05707
1.07615
1.09538
1.11476
1.13432
1.15406
1.17401
1.19418
1.21458
1.23523
1.25615
1.27735
1.29886
1.32069
1.34285
1.36537
1.38826
1.41154
1.43522
1.45933
1.48388
1.50889
1.53437
1.56034
1.58682
1.61381
1.64135
1.66943
1.69807
1.72729
1.75709
1.7875
1.81851
1.85013
1.88239
1.91528
1.94882
1.983
2.01785
2.05335
2.08953
2.12638
2.16391
2.20213
2.24103
2.28064
2.32093
2.36193
2.40363
2.44603
2.48913
2.53294
2.57743
2.62263
2.66851
2.71509
2.76234
2.81028
2.85888
2.90815
2.95808
3.00866
3.05987
3.11172
3.16418
3.21725
3.27091
3.32515
3.37994
3.43527
3.49113
3.54749
3.60432
3.66161
3.71932
3.77744
3.83593
3.89477
3.95392
4.01335
4.07303
4.13293
4.193
4.25321
4.31353
4.37391
4.43431
4.49469
4.555
4.61521
4.67526
4.73512
4.79473
4.85404
4.91301
4.97159
5.02972
5.08737
5.14447
5.20099
5.25686
5.31204
5.36647
5.42011
5.4729
5.5248
5.57574
5.62569
5.67458
5.72237
5.76901
5.81445
5.85863
5.9015
5.94303
5.98314
6.02181
6.05896
6.09457
6.12856
6.16091
6.19155
6.22044
6.24753
6.27277
6.29613
6.31755
6.33698
6.35439
6.36972
6.38292
6.39394
6.40273
6.40923
6.41341
6.41519
6.41512
6.41361
6.40985
6.40366
6.39503
6.38391
6.37029
6.35412
6.33538
6.31403
6.29004
6.26338
6.23401
6.20191
6.16705
6.12939
6.0889
6.04556
5.99933
5.95018
5.8981
5.84305
5.78501
5.72396
5.65988
5.59275
5.52258
5.44933
5.37302
5.29364
5.21121
5.12572
5.03722
4.94572
4.85128
4.75396
4.65382
4.55096
4.4455
4.33757
4.22734
4.115
4.0008
3.88501
3.76794
3.64997
3.53149
3.41298
3.29494
3.17791
3.06246
2.9492
2.83872
2.73162
2.62843
2.52967
2.43577
2.34707
2.26384
2.18624
2.11437
2.04822
1.98767
1.93255
1.88264
1.83768
1.79738
1.76144
1.72953
1.70136
1.67661
1.655
1.63625
1.62012
1.60636
1.59479
1.5852
1.57744
1.57138
1.56691
1.56393
1.56229
1.5618
1.56186
1.56268
1.56427
1.56652
1.56934
1.57266
1.5764
1.58046
1.58482
1.58938
1.5941
1.59891
1.60376
1.60862
1.61344
1.61821
1.62292
1.62756
1.63215
1.6367
1.64128
1.64592
1.65068
1.65564
1.66087
1.66647
1.67254
1.67919
1.68651
1.69457
1.70347
1.71326
1.72397
1.7356
1.74814
1.7615
1.77558
1.79024
1.80529
1.82054
1.83576
1.85071
1.86517
1.8789
1.89171
1.90342
1.91388
1.92294
1.93051
1.93657
1.94114
1.9442
1.94544
1.94511
1.9433
1.94019
1.93589
1.93049
1.92411
1.91684
1.9088
1.90008
1.89077
1.88094
1.87069
1.86007
1.84915
1.83799
1.82663
1.81513
1.80351
1.79182
1.78008
1.76831
1.75654
1.74478
1.73305
1.72136
1.70973
1.69816
1.68666
1.67524
1.66391
1.65267
1.64153
1.6305
1.61957
1.60875
1.59805
1.58747
1.577
1.56666
1.55642
1.54637
0.0988318
0.16211
0.206982
0.239919
0.266985
0.29073
0.312398
0.332681
0.352002
0.370637
0.388777
0.406558
0.42408
0.441418
0.458631
0.475766
0.492861
0.509943
0.527038
0.544163
0.561335
0.578564
0.595859
0.613227
0.630671
0.648194
0.665798
0.683482
0.701245
0.719085
0.737001
0.754988
0.773046
0.791172
0.809366
0.827625
0.845949
0.864336
0.882788
0.901309
0.919901
0.938568
0.957315
0.97615
0.995086
1.01412
1.03325
1.05251
1.07188
1.0914
1.11107
1.1309
1.1509
1.1711
1.1915
1.21212
1.23297
1.25407
1.27543
1.29708
1.31902
1.34127
1.36385
1.38677
1.41006
1.43372
1.45777
1.48224
1.50712
1.53245
1.55823
1.58448
1.61122
1.63845
1.6662
1.69447
1.72328
1.75264
1.78256
1.81304
1.84411
1.87576
1.908
1.94085
1.97431
2.00839
2.04309
2.07842
2.11439
2.15099
2.18825
2.22617
2.26475
2.304
2.34392
2.38451
2.42579
2.46774
2.51037
2.55368
2.59767
2.64234
2.68768
2.73371
2.7804
2.82776
2.87578
2.92446
2.9738
3.02378
3.0744
3.12565
3.17752
3.23
3.28307
3.33673
3.39094
3.4457
3.50099
3.55678
3.61306
3.66979
3.72696
3.78454
3.84249
3.90079
3.95941
4.01832
4.07747
4.13684
4.19639
4.25608
4.31587
4.37572
4.43558
4.49542
4.55519
4.61484
4.67432
4.73359
4.79261
4.85131
4.90965
4.96758
5.02505
5.082
5.13839
5.19417
5.24927
5.30365
5.35725
5.41002
5.46191
5.51287
5.56283
5.61176
5.65959
5.70627
5.75175
5.79598
5.8389
5.88046
5.92062
5.95931
5.99648
6.03209
6.06607
6.09838
6.12897
6.15778
6.18477
6.20988
6.23307
6.25429
6.27349
6.29061
6.30562
6.31845
6.32905
6.33736
6.34332
6.34689
6.34809
6.34761
6.3455
6.34099
6.334
6.32451
6.31247
6.29786
6.28064
6.26078
6.23824
6.21299
6.185
6.15424
6.12068
6.08428
6.04501
6.00284
5.95775
5.90969
5.85865
5.8046
5.74751
5.68736
5.62412
5.55779
5.48834
5.41577
5.34006
5.26121
5.17923
5.09413
5.00592
4.91463
4.8203
4.72298
4.62273
4.51964
4.41382
4.30538
4.1945
4.08135
3.96617
3.84923
3.73083
3.61134
3.49117
3.37078
3.25069
3.13147
3.01369
2.898
2.785
2.67531
2.56951
2.46815
2.37171
2.28056
2.19499
2.1152
2.04132
1.97335
1.91121
1.85472
1.80363
1.75768
1.71657
1.67998
1.64757
1.61902
1.59399
1.57218
1.55331
1.5371
1.52331
1.5117
1.5021
1.49432
1.48823
1.48371
1.48069
1.47907
1.47864
1.47879
1.4797
1.48141
1.48382
1.48683
1.49038
1.49438
1.4988
1.50354
1.50858
1.51383
1.51925
1.52477
1.53035
1.53595
1.54153
1.54708
1.55256
1.55798
1.56335
1.56869
1.57404
1.57945
1.58497
1.59068
1.59666
1.603
1.60981
1.6172
1.62525
1.63407
1.64374
1.65433
1.66589
1.67842
1.69192
1.70633
1.72154
1.73743
1.75382
1.7705
1.78726
1.80385
1.82002
1.83554
1.85019
1.86378
1.87613
1.88709
1.89657
1.90452
1.9109
1.91574
1.91904
1.92049
1.92036
1.91872
1.91581
1.91172
1.90657
1.90046
1.89351
1.88579
1.87742
1.86846
1.85901
1.84914
1.83892
1.82839
1.81763
1.80667
1.79555
1.78431
1.77299
1.76161
1.75019
1.73875
1.72731
1.71589
1.70449
1.69313
1.68183
1.67058
1.65939
1.64829
1.63726
1.62632
1.61547
1.60471
1.59406
1.58352
1.57308
1.56275
1.55251
1.54249
0.0969923
0.157319
0.200717
0.232663
0.258983
0.282142
0.30334
0.323242
0.342255
0.360643
0.378585
0.396209
0.413613
0.43087
0.448036
0.465156
0.482267
0.499397
0.51657
0.533805
0.551116
0.568516
0.586012
0.603611
0.621316
0.639131
0.657054
0.675087
0.693227
0.711471
0.729815
0.748256
0.76679
0.785415
0.804134
0.822938
0.841822
0.860786
0.879833
0.898962
0.918176
0.937476
0.956867
0.976346
0.995899
1.01554
1.03529
1.05516
1.07515
1.09527
1.11554
1.13596
1.15654
1.1773
1.19825
1.2194
1.24075
1.26233
1.28415
1.30622
1.32855
1.35116
1.37406
1.39727
1.4208
1.44467
1.46888
1.49347
1.51843
1.54378
1.56954
1.59572
1.62234
1.64941
1.67694
1.70495
1.73343
1.76242
1.79191
1.82192
1.85245
1.88351
1.91511
1.94726
1.97997
2.01323
2.04707
2.08148
2.11648
2.15207
2.18824
2.22501
2.2624
2.30042
2.33907
2.37836
2.4183
2.45889
2.50013
2.54202
2.58456
2.62777
2.67164
2.71617
2.76137
2.80722
2.85373
2.90091
2.94874
2.99722
3.04635
3.09612
3.14652
3.19755
3.24919
3.30143
3.35425
3.40765
3.46161
3.5161
3.5711
3.6266
3.68256
3.73896
3.79578
3.85298
3.91054
3.96842
4.02659
4.08502
4.14366
4.20248
4.26145
4.32051
4.37963
4.43876
4.49786
4.55688
4.61578
4.6745
4.73299
4.79121
4.8491
4.90661
4.96369
5.02029
5.07636
5.13183
5.18665
5.24078
5.29415
5.34672
5.39841
5.44919
5.49899
5.54776
5.59545
5.642
5.68735
5.73146
5.77426
5.81569
5.85572
5.89428
5.93131
5.96676
6.00059
6.03272
6.06311
6.0917
6.11844
6.14328
6.16617
6.18706
6.20589
6.22261
6.23716
6.24949
6.25954
6.26725
6.27255
6.27535
6.27588
6.27503
6.27216
6.26679
6.25889
6.24843
6.23537
6.21967
6.2013
6.18023
6.15641
6.12982
6.10042
6.06818
6.03308
5.99507
5.95412
5.91021
5.8633
5.81337
5.76038
5.70431
5.64513
5.58282
5.51737
5.44874
5.37694
5.30194
5.22375
5.14235
5.05776
4.96999
4.87905
4.78499
4.68783
4.58765
4.48451
4.37851
4.26978
4.15845
4.04472
3.92879
3.81093
3.69146
3.57071
3.44912
3.32714
3.2053
3.08418
2.96438
2.84651
2.73125
2.61924
2.51105
2.40728
2.30847
2.21509
2.12739
2.04559
1.96989
1.9003
1.83678
1.77914
1.72713
1.68042
1.63873
1.60173
1.56905
1.54035
1.51528
1.4935
1.47471
1.45862
1.44496
1.4335
1.42402
1.41636
1.41034
1.40584
1.40277
1.40114
1.40075
1.40094
1.4019
1.40365
1.40608
1.40912
1.41269
1.41676
1.42125
1.42614
1.43135
1.43685
1.44257
1.44846
1.45447
1.46055
1.46667
1.47278
1.47886
1.4849
1.49089
1.49684
1.50275
1.50868
1.51467
1.52077
1.52705
1.53361
1.54053
1.54791
1.55586
1.5645
1.5739
1.58418
1.59539
1.60761
1.62085
1.63511
1.65035
1.66649
1.68339
1.7009
1.71881
1.73691
1.75494
1.77265
1.7898
1.80615
1.82149
1.83563
1.84842
1.85973
1.86949
1.87767
1.88424
1.88925
1.89271
1.89429
1.89429
1.89278
1.89004
1.88616
1.88125
1.87542
1.86876
1.86137
1.85334
1.84475
1.83568
1.82619
1.81635
1.80622
1.79585
1.78527
1.77454
1.76368
1.75272
1.74169
1.73061
1.7195
1.70837
1.69725
1.68614
1.67506
1.66401
1.653
1.64206
1.63117
1.62035
1.60961
1.59894
1.58837
1.57788
1.56749
1.5572
1.54699
1.537
0.0954781
0.152784
0.194699
0.22565
0.251233
0.273826
0.294584
0.314147
0.332896
0.35108
0.368873
0.386398
0.403748
0.420993
0.438191
0.455386
0.472613
0.489904
0.507284
0.52477
0.542379
0.560124
0.578016
0.596061
0.61426
0.632618
0.651133
0.669809
0.688644
0.707627
0.726754
0.74602
0.765423
0.784952
0.804586
0.8243
0.844119
0.864048
0.884088
0.904237
0.924495
0.94486
0.965334
0.985917
1.00662
1.02744
1.04837
1.06942
1.09058
1.11186
1.13326
1.1548
1.17648
1.19831
1.22028
1.24242
1.26472
1.2872
1.30986
1.33272
1.35579
1.37908
1.4026
1.42636
1.45037
1.47466
1.49923
1.52409
1.54926
1.57475
1.60057
1.62674
1.65328
1.68019
1.70749
1.73519
1.7633
1.79183
1.82079
1.85019
1.88004
1.91035
1.94112
1.97236
2.00409
2.0363
2.069
2.10222
2.13596
2.17024
2.20507
2.24047
2.27643
2.31297
2.3501
2.38783
2.42616
2.46511
2.50467
2.54487
2.58569
2.6271
2.66916
2.71185
2.75519
2.79919
2.84385
2.88916
2.93514
2.98177
3.02907
3.07702
3.12561
3.17485
3.22473
3.27523
3.32635
3.37807
3.43038
3.48325
3.53668
3.59063
3.64508
3.70002
3.75541
3.81123
3.86744
3.92402
3.98093
4.03814
4.09561
4.15331
4.21119
4.26921
4.32734
4.38552
4.44371
4.50186
4.55992
4.61785
4.6756
4.7331
4.79032
4.8472
4.90368
4.9597
5.01523
5.07019
5.12453
5.17821
5.23115
5.2833
5.33461
5.38502
5.43447
5.48291
5.53027
5.5765
5.62155
5.66536
5.70786
5.74901
5.78874
5.827
5.86373
5.89888
5.93238
5.96418
5.99422
6.02245
6.04881
6.07324
6.09569
6.11611
6.13444
6.15063
6.1646
6.17631
6.18569
6.19267
6.19719
6.19917
6.19915
6.19766
6.19386
6.18752
6.1786
6.16707
6.15288
6.136
6.11639
6.09401
6.06883
6.04081
6.00992
5.97613
5.93941
5.89972
5.85704
5.81132
5.76254
5.71067
5.65567
5.59754
5.53623
5.47173
5.40401
5.33307
5.25888
5.18144
5.10073
5.01677
4.92955
4.8391
4.74543
4.64858
4.54861
4.44559
4.33959
4.23073
4.11915
4.00503
3.88856
3.77001
3.64968
3.52793
3.40516
3.28185
3.15853
3.03575
2.91414
2.79436
2.677
2.5628
2.45246
2.34646
2.24541
2.14986
2.06025
1.97666
1.89929
1.82827
1.76356
1.705
1.65233
1.60522
1.5633
1.52621
1.49357
1.465
1.44013
1.41861
1.40012
1.38434
1.37101
1.35986
1.35068
1.34325
1.33747
1.33312
1.33013
1.32845
1.32811
1.32843
1.32945
1.33121
1.33363
1.33661
1.34012
1.34409
1.34851
1.35332
1.35849
1.36399
1.36976
1.37575
1.38192
1.38821
1.39459
1.40101
1.40745
1.41387
1.42026
1.42662
1.43294
1.43925
1.44557
1.45196
1.45846
1.46515
1.47212
1.47946
1.48726
1.49563
1.50469
1.51453
1.52525
1.53693
1.54962
1.56338
1.57822
1.59409
1.61093
1.62862
1.64701
1.66592
1.68512
1.70437
1.72342
1.74201
1.75989
1.77683
1.79263
1.80712
1.82017
1.83168
1.84159
1.84987
1.85653
1.86162
1.86516
1.86682
1.86688
1.86549
1.86291
1.85925
1.85458
1.84902
1.84266
1.8356
1.82791
1.81968
1.81098
1.80187
1.79242
1.78268
1.77269
1.7625
1.75214
1.74165
1.73105
1.72037
1.70962
1.69883
1.68801
1.67718
1.66636
1.65554
1.64475
1.63398
1.62327
1.6126
1.60199
1.59144
1.58096
1.57056
1.56024
1.55001
1.53985
1.52992
0.0943405
0.148474
0.188879
0.218832
0.243694
0.265757
0.286125
0.305398
0.323943
0.341997
0.359724
0.377245
0.39465
0.41201
0.429384
0.446817
0.46435
0.482016
0.499844
0.517855
0.536065
0.554491
0.573154
0.592054
0.611192
0.630571
0.650189
0.670029
0.690037
0.710253
0.730682
0.751321
0.772166
0.793206
0.814438
0.835866
0.857467
0.879231
0.90115
0.923214
0.945414
0.967742
0.990191
1.01276
1.03544
1.05823
1.08111
1.10408
1.12713
1.15025
1.17346
1.19675
1.22012
1.24357
1.26709
1.2907
1.31438
1.33815
1.36202
1.38599
1.41006
1.43426
1.45858
1.48305
1.50767
1.53245
1.55741
1.58256
1.60792
1.63348
1.65928
1.68533
1.71164
1.73824
1.76512
1.79231
1.81981
1.84763
1.87579
1.9043
1.93316
1.96239
1.99199
2.02196
2.05232
2.08307
2.11424
2.14585
2.1779
2.21042
2.24342
2.27693
2.31094
2.34548
2.38057
2.4162
2.45241
2.48918
2.52655
2.56452
2.6031
2.6423
2.68214
2.7226
2.7637
2.80546
2.84787
2.89094
2.93466
2.97903
3.02407
3.06978
3.11616
3.1632
3.21092
3.25929
3.30831
3.35797
3.40826
3.45915
3.51064
3.5627
3.6153
3.66843
3.72207
3.77617
3.83072
3.88569
3.94103
3.99673
4.05274
4.10902
4.16553
4.22224
4.27909
4.33606
4.39307
4.4501
4.50708
4.56398
4.62073
4.67728
4.73359
4.7896
4.84524
4.90048
4.95524
5.00948
5.06313
5.11614
5.16844
5.21999
5.27071
5.32056
5.36946
5.41737
5.46422
5.50996
5.55452
5.59785
5.63988
5.68057
5.71984
5.75764
5.79391
5.82859
5.86162
5.89294
5.92249
5.95021
5.97604
5.99992
6.02181
6.04163
6.05933
6.07485
6.08812
6.09908
6.10765
6.11377
6.11738
6.11852
6.11792
6.1156
6.11076
6.10335
6.09332
6.08062
6.06521
6.04706
6.02611
6.00234
5.97571
5.94619
5.91374
5.87833
5.83993
5.79849
5.754
5.70642
5.65571
5.60185
5.54481
5.48456
5.42108
5.35435
5.28434
5.21104
5.13443
5.05451
4.97127
4.88472
4.79486
4.70171
4.6053
4.50568
4.40291
4.29706
4.18823
4.07657
3.96223
3.84541
3.72636
3.60539
3.48284
3.35913
3.2347
3.11009
2.98587
2.8626
2.74102
2.62181
2.50552
2.393
2.285
2.18183
2.08418
1.99264
1.90755
1.82902
1.75706
1.69164
1.63256
1.57956
1.53232
1.49044
1.45351
1.42114
1.39291
1.36845
1.34738
1.32936
1.31406
1.30119
1.29051
1.28174
1.27472
1.2692
1.2652
1.26239
1.26078
1.26051
1.261
1.26216
1.264
1.26641
1.26936
1.27275
1.27661
1.28087
1.28552
1.29052
1.29586
1.30149
1.30737
1.31347
1.31974
1.32614
1.33263
1.33918
1.34576
1.35234
1.3589
1.36544
1.37196
1.37849
1.38504
1.39166
1.39841
1.40536
1.4126
1.42021
1.42829
1.43695
1.44631
1.45645
1.46747
1.47945
1.49247
1.50657
1.5218
1.5381
1.55541
1.57364
1.59267
1.61233
1.63239
1.65261
1.67276
1.69256
1.71175
1.73012
1.74742
1.76347
1.77813
1.79128
1.80284
1.81277
1.82106
1.82772
1.83281
1.83636
1.83796
1.83813
1.83688
1.83449
1.83103
1.8266
1.82131
1.81525
1.80851
1.80116
1.79329
1.78496
1.77624
1.76717
1.75782
1.74821
1.7384
1.72841
1.71828
1.70803
1.69768
1.68726
1.67679
1.66627
1.65573
1.64518
1.63462
1.62408
1.61356
1.60306
1.59261
1.58221
1.57185
1.56156
1.55133
1.54118
1.53109
1.52123
0.0936316
0.144348
0.183201
0.212153
0.23633
0.257918
0.27796
0.297032
0.315478
0.333525
0.351333
0.369021
0.386681
0.404392
0.42222
0.440215
0.458422
0.476887
0.495653
0.514734
0.534152
0.553917
0.573999
0.594399
0.615165
0.636308
0.657834
0.679743
0.70206
0.724737
0.747755
0.771101
0.794762
0.818713
0.842934
0.867409
0.892114
0.917034
0.942143
0.96741
0.992809
1.01832
1.04391
1.0696
1.09534
1.1211
1.14687
1.17264
1.19837
1.22407
1.24973
1.27532
1.30083
1.32628
1.35165
1.37696
1.4022
1.42738
1.4525
1.47756
1.50259
1.52758
1.55255
1.57752
1.60249
1.6275
1.65254
1.67764
1.7028
1.72805
1.75341
1.7789
1.80454
1.83035
1.85634
1.88253
1.90892
1.93552
1.96235
1.98943
2.01678
2.04438
2.07224
2.10037
2.1288
2.15752
2.18658
2.21599
2.24577
2.27595
2.30655
2.33759
2.36909
2.40107
2.43354
2.46653
2.50004
2.53409
2.56869
2.60385
2.6396
2.67596
2.71293
2.75053
2.78876
2.82765
2.86721
2.90745
2.94841
2.99006
3.03241
3.07545
3.1192
3.16364
3.20875
3.25454
3.30103
3.34819
3.39604
3.44454
3.49369
3.54346
3.59383
3.64478
3.69629
3.74832
3.80086
3.85387
3.90731
3.96116
4.01538
4.06994
4.12478
4.17987
4.23517
4.29063
4.34619
4.40182
4.45745
4.51305
4.56855
4.6239
4.67905
4.73395
4.78853
4.84273
4.89651
4.9498
5.00254
5.05467
5.10613
5.15686
5.20679
5.25587
5.30404
5.35123
5.39739
5.44244
5.48634
5.52901
5.5704
5.61045
5.64909
5.68627
5.72192
5.75598
5.78838
5.81907
5.84798
5.87505
5.90021
5.92341
5.94459
5.96369
5.98063
5.99536
6.00781
6.01789
6.02553
6.03067
6.03321
6.03351
6.03234
6.02897
6.02301
6.01443
6.00319
5.98923
5.97251
5.95298
5.93062
5.90539
5.87724
5.84614
5.81205
5.77496
5.7348
5.69157
5.64522
5.59571
5.54303
5.48713
5.428
5.3656
5.2999
5.2309
5.15856
5.08287
5.00382
4.92139
4.83559
4.74643
4.6539
4.55804
4.45889
4.35649
4.25092
4.14227
4.03067
3.91627
3.79927
3.67991
3.55848
3.43532
3.31082
3.18547
3.05969
2.93413
2.80942
2.68606
2.56496
2.44687
2.33214
2.22193
2.11703
2.01792
1.9251
1.83891
1.75956
1.68704
1.62126
1.56201
1.50901
1.46189
1.42027
1.38373
1.35181
1.32411
1.30021
1.27973
1.26233
1.24762
1.23536
1.22522
1.217
1.21043
1.2054
1.20159
1.19928
1.19783
1.19763
1.19835
1.19971
1.20164
1.20413
1.20703
1.21037
1.21408
1.21818
1.22263
1.22742
1.23252
1.23791
1.24357
1.24946
1.25554
1.26179
1.26817
1.27465
1.28118
1.28776
1.29434
1.30092
1.3075
1.31407
1.32066
1.32728
1.334
1.34086
1.34793
1.35529
1.36305
1.37129
1.38013
1.38967
1.4
1.41123
1.42343
1.43667
1.451
1.46645
1.48298
1.50055
1.51907
1.53848
1.55862
1.57925
1.60016
1.62114
1.6419
1.66217
1.68172
1.70032
1.71776
1.73388
1.74853
1.76164
1.77313
1.78298
1.79118
1.79778
1.80281
1.80604
1.80784
1.80813
1.80702
1.80479
1.80154
1.79736
1.79234
1.78658
1.78016
1.77316
1.76565
1.75769
1.74934
1.74065
1.73167
1.72244
1.713
1.70337
1.69359
1.68369
1.67367
1.66357
1.6534
1.64318
1.63292
1.62264
1.61234
1.60204
1.59175
1.58149
1.57124
1.56104
1.55088
1.54077
1.53072
1.52071
1.51094
0.0935249
0.140359
0.177595
0.205564
0.229112
0.250312
0.270156
0.289184
0.307724
0.325997
0.344168
0.362364
0.380691
0.399241
0.418114
0.437354
0.457021
0.477141
0.497665
0.518717
0.54035
0.562598
0.585515
0.609112
0.633355
0.658228
0.683727
0.709846
0.736562
0.763815
0.791555
0.81975
0.848372
0.877349
0.906623
0.936148
0.965876
0.995797
1.02584
1.05593
1.08603
1.11609
1.14606
1.17588
1.20551
1.23494
1.26414
1.29311
1.32182
1.35028
1.37845
1.40634
1.43392
1.4612
1.48818
1.51487
1.54127
1.56739
1.59325
1.61884
1.6442
1.66932
1.69424
1.71898
1.74356
1.76802
1.79234
1.81656
1.84072
1.86483
1.88893
1.91304
1.93719
1.96141
1.9857
2.01008
2.03456
2.05915
2.08386
2.10873
2.13378
2.15897
2.18433
2.20986
2.23559
2.26155
2.28776
2.31425
2.34104
2.36817
2.39567
2.42356
2.45187
2.48063
2.50985
2.53955
2.56975
2.60046
2.63171
2.6635
2.69586
2.72882
2.76239
2.79658
2.83142
2.86692
2.9031
2.93996
2.97754
3.01585
3.05489
3.09467
3.13519
3.17648
3.21854
3.26134
3.30489
3.34917
3.39414
3.43982
3.48619
3.53325
3.58098
3.62936
3.67835
3.72793
3.77808
3.82876
3.87995
3.93162
3.98372
4.03621
4.08907
4.14223
4.19566
4.24931
4.30313
4.35707
4.41108
4.4651
4.51909
4.57298
4.62672
4.68026
4.73352
4.78647
4.83903
4.89114
4.94274
4.99378
5.04418
5.09388
5.14283
5.19094
5.23818
5.28446
5.32972
5.37391
5.41696
5.4588
5.49938
5.53862
5.57647
5.61286
5.64773
5.68101
5.71265
5.74256
5.77069
5.79696
5.82133
5.84371
5.86406
5.8823
5.89837
5.91219
5.92368
5.93277
5.93936
5.94339
5.94485
5.94444
5.94238
5.93783
5.93065
5.92082
5.90827
5.89296
5.87485
5.85389
5.83004
5.80326
5.77352
5.74077
5.705
5.66615
5.6242
5.5791
5.53084
5.47937
5.42466
5.36668
5.30541
5.24082
5.17288
5.10156
5.02686
4.94875
4.86722
4.78226
4.69387
4.60206
4.50686
4.40827
4.30636
4.20119
4.09284
3.98144
3.86712
3.75009
3.63057
3.50882
3.3852
3.26006
3.13383
3.00708
2.88019
2.75397
2.62914
2.50598
2.38582
2.26958
2.15795
2.05173
1.95157
1.85793
1.77111
1.69131
1.61855
1.55272
1.49359
1.44084
1.39411
1.35296
1.31696
1.28567
1.25862
1.23542
1.21563
1.19892
1.18494
1.17331
1.16386
1.1562
1.15023
1.14565
1.14238
1.14003
1.1394
1.13935
1.14025
1.14177
1.14387
1.1464
1.14935
1.15263
1.15625
1.16019
1.16444
1.16899
1.17383
1.17895
1.18432
1.18992
1.19573
1.20171
1.20785
1.21411
1.22046
1.22687
1.23333
1.2398
1.24628
1.25277
1.25926
1.26578
1.27236
1.27904
1.28588
1.29294
1.30032
1.3081
1.31639
1.32529
1.3349
1.34532
1.35665
1.36896
1.38232
1.39678
1.41236
1.42903
1.44676
1.46547
1.48507
1.50542
1.52634
1.54762
1.56913
1.59055
1.61161
1.6321
1.65175
1.67036
1.68774
1.70374
1.71825
1.73118
1.7425
1.75217
1.76022
1.76668
1.77147
1.77471
1.77655
1.77693
1.77594
1.77388
1.77083
1.76689
1.76215
1.75669
1.7506
1.74394
1.73679
1.72919
1.72122
1.7129
1.70429
1.69543
1.68635
1.67708
1.66764
1.65807
1.64838
1.63859
1.62872
1.61878
1.6088
1.59877
1.58873
1.57867
1.56861
1.55856
1.54853
1.53852
1.52855
1.51863
1.50872
1.49906
0.0938892
0.136403
0.17198
0.199016
0.222057
0.243061
0.262956
0.282261
0.3013
0.3203
0.339468
0.358963
0.378911
0.3994
0.420379
0.442079
0.464626
0.488137
0.512736
0.538399
0.565136
0.592985
0.621981
0.652089
0.683221
0.715285
0.748247
0.782057
0.816589
0.851706
0.887298
0.923305
0.959692
0.996277
1.03295
1.06962
1.10618
1.14249
1.1785
1.21418
1.24947
1.28434
1.31873
1.35259
1.38588
1.41857
1.45066
1.48217
1.51308
1.54339
1.57311
1.60222
1.63074
1.65865
1.68602
1.71282
1.73909
1.76485
1.79012
1.81492
1.83928
1.86321
1.88676
1.90996
1.93287
1.9555
1.97786
1.99999
2.02194
2.04376
2.06547
2.08712
2.10873
2.13033
2.15194
2.17355
2.19517
2.21682
2.23852
2.26029
2.28216
2.3041
2.32615
2.3483
2.3706
2.39306
2.4157
2.43857
2.46169
2.48511
2.50887
2.53299
2.55751
2.58244
2.60783
2.63368
2.66001
2.68685
2.7142
2.7421
2.77057
2.79962
2.82928
2.85958
2.89054
2.92217
2.95449
2.98754
3.02132
3.05586
3.09117
3.12726
3.16414
3.2018
3.24027
3.27954
3.31961
3.36049
3.4022
3.44468
3.48793
3.53191
3.5766
3.622
3.66809
3.71485
3.76224
3.81025
3.85883
3.90797
3.95761
4.00772
4.05826
4.10918
4.16043
4.21197
4.26375
4.31572
4.36782
4.42
4.4722
4.52436
4.57644
4.62837
4.68008
4.73152
4.78263
4.83334
4.88359
4.93331
4.98244
5.03091
5.07866
5.12562
5.17172
5.21691
5.2611
5.30424
5.34627
5.38711
5.42669
5.46497
5.50186
5.53731
5.57125
5.6036
5.63431
5.66331
5.69052
5.71588
5.73931
5.76076
5.78015
5.79742
5.81249
5.82528
5.8357
5.84368
5.8491
5.85187
5.8523
5.85124
5.84802
5.84219
5.83372
5.82254
5.80861
5.79188
5.7723
5.74982
5.72442
5.69603
5.66464
5.6302
5.59267
5.55202
5.50822
5.46122
5.411
5.35752
5.30075
5.24065
5.17721
5.11038
5.04015
4.9665
4.88939
4.80882
4.72478
4.63726
4.54625
4.45178
4.35387
4.25255
4.14788
4.03995
3.92887
3.81477
3.69782
3.57825
3.45633
3.3323
3.20661
3.07959
2.95174
2.82379
2.6959
2.56923
2.44479
2.32337
2.20594
2.09337
1.98637
1.88558
1.7915
1.70444
1.62456
1.55188
1.48627
1.42751
1.37525
1.32909
1.28861
1.25333
1.22278
1.19652
1.17408
1.15508
1.13911
1.12588
1.11503
1.10616
1.09929
1.0938
1.08986
1.087
1.08523
1.08475
1.08532
1.08636
1.08806
1.09027
1.09294
1.09591
1.0992
1.10274
1.10656
1.11064
1.11498
1.11957
1.1244
1.12946
1.13474
1.14023
1.14589
1.15171
1.15766
1.16373
1.16988
1.17609
1.18233
1.18861
1.19489
1.20119
1.20751
1.21386
1.22029
1.22683
1.23354
1.24049
1.24778
1.25548
1.2637
1.27255
1.28212
1.29252
1.30384
1.31616
1.32953
1.34401
1.35961
1.37632
1.3941
1.41288
1.43256
1.45303
1.4741
1.4956
1.51736
1.53911
1.56063
1.58174
1.60218
1.62169
1.64009
1.65723
1.67296
1.68719
1.69984
1.71088
1.72031
1.72814
1.73437
1.73902
1.74224
1.74411
1.74455
1.74368
1.74179
1.73896
1.73526
1.7308
1.72564
1.71988
1.71356
1.70676
1.69953
1.69191
1.68397
1.67572
1.66722
1.65849
1.64957
1.64046
1.63121
1.62184
1.61235
1.60277
1.59311
1.58339
1.57362
1.56382
1.554
1.54417
1.53433
1.5245
1.51469
1.5049
1.49513
1.48558
0.0951116
0.132395
0.166286
0.19255
0.215401
0.236656
0.257189
0.277575
0.298166
0.319203
0.340774
0.363098
0.386548
0.411365
0.437806
0.465898
0.495769
0.527594
0.561405
0.597086
0.634497
0.6736
0.714353
0.756506
0.7998
0.843949
0.888895
0.934507
0.980442
1.02647
1.07242
1.11811
1.16328
1.20794
1.25199
1.29536
1.33792
1.3796
1.42036
1.46018
1.49905
1.53693
1.5738
1.60965
1.64446
1.67819
1.71094
1.74274
1.7736
1.80353
1.83257
1.86072
1.88802
1.91445
1.94015
1.96505
1.98924
2.01275
2.03561
2.05785
2.0795
2.1006
2.1212
2.14135
2.16111
2.18051
2.19956
2.21834
2.23689
2.25527
2.27352
2.29167
2.30977
2.32784
2.34586
2.36385
2.38181
2.39975
2.41768
2.43563
2.45362
2.47167
2.48979
2.508
2.52632
2.54475
2.56333
2.5821
2.6011
2.62038
2.63998
2.65993
2.68028
2.70104
2.72224
2.7439
2.76604
2.78868
2.81184
2.83554
2.8598
2.88466
2.91012
2.93624
2.96301
2.99048
3.01866
3.04757
3.07725
3.10772
3.13898
3.17107
3.20399
3.23775
3.27236
3.30782
3.34413
3.3813
3.41931
3.45817
3.49786
3.5384
3.57977
3.62191
3.66478
3.70838
3.7527
3.79771
3.84337
3.88965
3.93653
3.98395
4.03187
4.08025
4.12904
4.17819
4.22765
4.27736
4.32729
4.37736
4.42752
4.47771
4.52787
4.57794
4.62787
4.67758
4.72701
4.7761
4.82478
4.87298
4.92063
4.96767
5.01403
5.05964
5.10442
5.14832
5.19127
5.23319
5.27402
5.31369
5.35213
5.38928
5.42506
5.45942
5.49228
5.52357
5.55322
5.58116
5.60733
5.63164
5.65402
5.67441
5.69274
5.70892
5.72289
5.73454
5.74378
5.75053
5.75467
5.7562
5.75581
5.75376
5.74922
5.74204
5.73219
5.7196
5.70422
5.68599
5.66488
5.64083
5.61381
5.58377
5.55067
5.51448
5.47515
5.43266
5.38696
5.33802
5.2858
5.23027
5.1714
5.10915
5.0435
4.97441
4.90186
4.82582
4.74628
4.66323
4.57664
4.48652
4.39287
4.29571
4.19507
4.09101
3.98361
3.87295
3.75916
3.6424
3.52285
3.40077
3.27649
3.15016
3.02242
2.89351
2.76402
2.63506
2.50739
2.38197
2.2598
2.14173
2.02863
1.92128
1.82029
1.72615
1.63919
1.55955
1.48725
1.42214
1.36398
1.3124
1.26701
1.22732
1.19289
1.16319
1.13779
1.11623
1.09802
1.08288
1.07037
1.06029
1.05223
1.04578
1.04126
1.03755
1.03546
1.03409
1.0343
1.03492
1.03631
1.0382
1.0406
1.04334
1.04642
1.0497
1.05322
1.05695
1.0609
1.06505
1.06941
1.07398
1.07875
1.08372
1.08886
1.09418
1.09965
1.10526
1.11098
1.1168
1.12269
1.12864
1.13462
1.14063
1.14665
1.15269
1.15876
1.16487
1.17106
1.17738
1.18388
1.19064
1.19773
1.20526
1.21333
1.22202
1.23146
1.24173
1.25293
1.26514
1.27841
1.29279
1.3083
1.32492
1.34263
1.36135
1.381
1.40145
1.42256
1.44414
1.46602
1.48797
1.50978
1.53125
1.55214
1.57223
1.59139
1.60942
1.62615
1.64146
1.6553
1.66757
1.67826
1.68738
1.69494
1.70094
1.70548
1.70866
1.71055
1.71104
1.71031
1.7086
1.70597
1.70252
1.69833
1.69348
1.68804
1.68206
1.67561
1.66874
1.66148
1.65389
1.64601
1.63785
1.62947
1.62087
1.61209
1.60316
1.59408
1.58488
1.57558
1.5662
1.55674
1.54722
1.53766
1.52806
1.51844
1.50881
1.49918
1.48956
1.47993
1.47051
0.0969781
0.128115
0.160598
0.186685
0.210308
0.23319
0.256173
0.279603
0.304063
0.330152
0.358367
0.389136
0.422858
0.459791
0.500022
0.543323
0.589615
0.639061
0.691166
0.745389
0.801157
0.858307
0.916692
0.975565
1.03449
1.09304
1.15085
1.20759
1.26326
1.31784
1.37124
1.42333
1.47399
1.52317
1.57084
1.61701
1.66155
1.70452
1.74599
1.78597
1.82449
1.86155
1.89719
1.93144
1.96428
1.99571
2.02595
2.05501
2.08291
2.10971
2.13544
2.16014
2.18388
2.20662
2.22856
2.24958
2.26984
2.28934
2.30813
2.32625
2.34374
2.36066
2.37704
2.39294
2.40842
2.42354
2.43835
2.45289
2.46724
2.48144
2.49554
2.50959
2.52361
2.53761
2.55157
2.56548
2.57934
2.59317
2.60698
2.62079
2.63464
2.64853
2.66249
2.67654
2.69067
2.7049
2.71927
2.73383
2.74861
2.76367
2.77906
2.79482
2.81096
2.82753
2.84454
2.86201
2.87997
2.89843
2.9174
2.93691
2.95698
2.97764
2.99892
3.02084
3.04343
3.06672
3.09072
3.11547
3.141
3.16734
3.19449
3.2225
3.25137
3.28111
3.31173
3.34325
3.37565
3.40895
3.44315
3.47824
3.51422
3.55108
3.58881
3.62741
3.66686
3.7071
3.74812
3.78989
3.83239
3.87559
3.91945
3.96393
4.00899
4.05459
4.10066
4.14718
4.19407
4.2413
4.28881
4.33653
4.38442
4.43241
4.48043
4.52844
4.57635
4.62412
4.67167
4.71894
4.76584
4.81233
4.85831
4.90373
4.94852
4.9926
5.0359
5.07835
5.11988
5.16042
5.19989
5.23824
5.27538
5.31125
5.34579
5.37891
5.41055
5.44064
5.46911
5.49589
5.52088
5.54403
5.56526
5.58449
5.60165
5.61665
5.62941
5.63982
5.64778
5.6532
5.65593
5.6563
5.65516
5.65184
5.6459
5.63732
5.62602
5.61195
5.59506
5.57529
5.55259
5.52692
5.49824
5.46649
5.43165
5.39367
5.35251
5.30814
5.26051
5.20959
5.15534
5.09773
5.03673
4.97229
4.90439
4.833
4.7581
4.67965
4.59765
4.51207
4.4229
4.33015
4.23383
4.13397
4.03061
3.9238
3.81365
3.70025
3.58371
3.46427
3.34204
3.21735
3.09065
2.96179
2.83193
2.70177
2.5721
2.4439
2.31806
2.19554
2.07727
1.96411
1.8568
1.75598
1.66215
1.57561
1.49651
1.42486
1.36049
1.30313
1.25243
1.20793
1.16919
1.13568
1.10695
1.08245
1.06179
1.04452
1.03011
1.01843
1.00897
1.00169
0.99605
0.991652
0.989332
0.986849
0.986673
0.987072
0.988167
0.98975
0.991882
0.994414
0.997332
1.00046
1.00381
1.00732
1.01099
1.01483
1.01884
1.02301
1.02735
1.03186
1.03653
1.04137
1.04635
1.05147
1.05672
1.06209
1.06755
1.07309
1.0787
1.08434
1.09002
1.09572
1.10144
1.10717
1.11294
1.11875
1.12465
1.13069
1.13691
1.1434
1.15024
1.15752
1.16533
1.17379
1.18299
1.19304
1.20401
1.216
1.22905
1.24321
1.25851
1.27492
1.29243
1.31096
1.33044
1.35074
1.37173
1.39325
1.41511
1.43712
1.45907
1.48075
1.50195
1.52247
1.54213
1.56077
1.57823
1.59438
1.6092
1.62253
1.63434
1.64462
1.6534
1.66067
1.66648
1.67089
1.67401
1.67592
1.67648
1.67589
1.67434
1.67193
1.66872
1.66482
1.66027
1.65515
1.64951
1.6434
1.63687
1.62997
1.62273
1.61518
1.60737
1.59931
1.59104
1.58257
1.57394
1.56515
1.55624
1.54721
1.53808
1.52888
1.5196
1.51026
1.50089
1.49148
1.48205
1.47261
1.46315
1.45385
0.101321
0.123871
0.156804
0.18535
0.212655
0.24068
0.271007
0.304982
0.343417
0.386716
0.435111
0.488775
0.548095
0.612533
0.681016
0.752199
0.825411
0.901041
0.977321
1.0533
1.12823
1.20154
1.27266
1.34171
1.40877
1.47372
1.53651
1.59692
1.65501
1.71082
1.7644
1.81578
1.86499
1.91209
1.95711
2.00018
2.04113
2.08018
2.11748
2.15305
2.18695
2.21922
2.24992
2.27913
2.30686
2.33309
2.35812
2.38194
2.40459
2.42614
2.44663
2.46612
2.48466
2.50228
2.51905
2.53501
2.5502
2.56467
2.57848
2.59166
2.60426
2.61633
2.62792
2.63909
2.64988
2.66038
2.67063
2.6807
2.69066
2.70054
2.71041
2.72031
2.73028
2.74022
2.75015
2.76
2.76983
2.77962
2.78943
2.79922
2.80909
2.81901
2.829
2.83911
2.84927
2.85955
2.86997
2.88059
2.89145
2.90261
2.91413
2.92603
2.93831
2.95103
2.9642
2.97783
2.99195
3.00657
3.0217
3.03736
3.05358
3.07038
3.0878
3.10586
3.12457
3.14396
3.16407
3.18492
3.20655
3.22899
3.25225
3.27637
3.30136
3.32724
3.35401
3.38168
3.41026
3.43976
3.47018
3.50152
3.5338
3.56699
3.6011
3.63612
3.67201
3.70878
3.74641
3.78484
3.82406
3.86404
3.90475
3.94614
3.98819
4.03083
4.07403
4.11773
4.16189
4.20645
4.25136
4.29656
4.34199
4.38758
4.43329
4.47904
4.52477
4.57042
4.61591
4.66117
4.70614
4.75074
4.79489
4.83853
4.88158
4.92397
4.96563
5.00648
5.04645
5.08546
5.12345
5.16033
5.19604
5.23051
5.26367
5.29543
5.32574
5.35452
5.38169
5.40719
5.43092
5.45281
5.47278
5.49076
5.50666
5.5204
5.53186
5.54093
5.54752
5.55152
5.55288
5.55236
5.55012
5.54537
5.538
5.52795
5.51516
5.49957
5.48112
5.45976
5.43544
5.40811
5.37772
5.34424
5.30762
5.26782
5.2248
5.17852
5.12893
5.07601
5.0197
4.95999
4.89682
4.83017
4.76
4.68628
4.60899
4.52809
4.44359
4.35545
4.26367
4.16828
4.06926
3.96666
3.86054
3.75092
3.63794
3.5217
3.40225
3.27997
3.15479
3.02724
2.89808
2.76783
2.63737
2.50753
2.37922
2.2534
2.13099
2.01293
1.90008
1.7932
1.69292
1.59972
1.5139
1.43563
1.36486
1.30144
1.24509
1.1954
1.15195
1.11423
1.08177
1.054
1.03053
1.01075
0.994362
0.980904
0.96982
0.961175
0.95434
0.949569
0.945912
0.943202
0.943034
0.942032
0.943173
0.944596
0.946488
0.948776
0.951509
0.954501
0.957774
0.961154
0.964685
0.968333
0.972103
0.975996
0.980016
0.984165
0.988448
0.992863
0.99741
1.00209
1.00688
1.0118
1.01681
1.02192
1.02711
1.03236
1.03766
1.04299
1.04835
1.05373
1.05911
1.06452
1.06995
1.07543
1.08101
1.08672
1.09262
1.09879
1.10531
1.11227
1.11977
1.12791
1.13679
1.14651
1.15716
1.16881
1.18153
1.19536
1.21031
1.22638
1.24355
1.26176
1.28092
1.30094
1.32167
1.34297
1.36468
1.38659
1.40851
1.43026
1.45161
1.47239
1.49242
1.51152
1.52955
1.54639
1.56195
1.57613
1.58887
1.60016
1.61002
1.61842
1.6254
1.631
1.63528
1.63836
1.64029
1.64093
1.64048
1.63909
1.63689
1.63394
1.63032
1.62607
1.62126
1.61594
1.61017
1.60398
1.59742
1.59051
1.5833
1.57581
1.56807
1.5601
1.55194
1.5436
1.53509
1.52645
1.51768
1.5088
1.49984
1.49079
1.48167
1.4725
1.46329
1.45406
1.44478
1.43563
0.103613
0.125814
0.166193
0.20716
0.252358
0.304335
0.364405
0.434041
0.51282
0.598901
0.689982
0.784614
0.883138
0.983088
1.08189
1.17777
1.27037
1.35816
1.44202
1.52223
1.59908
1.67256
1.74255
1.80903
1.87231
1.93219
1.98909
2.04304
2.09428
2.14293
2.18909
2.23286
2.27437
2.31374
2.35102
2.38641
2.41967
2.45117
2.48101
2.50923
2.53587
2.56101
2.58471
2.60705
2.62809
2.64785
2.66644
2.68396
2.70046
2.71601
2.73064
2.7444
2.75734
2.76949
2.78089
2.79158
2.80162
2.81104
2.81989
2.82822
2.83606
2.84346
2.85048
2.85716
2.86357
2.86976
2.87581
2.88178
2.88774
2.89373
2.89979
2.90603
2.91244
2.91876
2.92511
2.93132
2.93759
2.94379
2.95008
2.95628
2.96263
2.96905
2.97554
2.9822
2.98888
2.99569
3.00267
3.00988
3.01733
3.0251
3.03327
3.04187
3.05091
3.06041
3.07037
3.08081
3.09172
3.10312
3.11503
3.12746
3.14044
3.15399
3.16815
3.18293
3.19835
3.21441
3.23116
3.24865
3.2669
3.28594
3.30579
3.32648
3.34804
3.37046
3.39375
3.41794
3.44302
3.46902
3.49594
3.52379
3.55259
3.58231
3.61297
3.64455
3.67704
3.71043
3.74473
3.77989
3.81586
3.85264
3.89019
3.92847
3.96746
4.00711
4.04736
4.08818
4.12951
4.17131
4.21353
4.25609
4.29895
4.34204
4.38531
4.42868
4.4721
4.5155
4.5588
4.60193
4.64483
4.68741
4.7296
4.77133
4.81252
4.8531
4.89299
4.93211
4.9704
5.00777
5.04415
5.07946
5.11363
5.14659
5.17826
5.20857
5.23744
5.26481
5.29059
5.31472
5.3371
5.35765
5.37629
5.39295
5.40753
5.41993
5.43002
5.43768
5.4428
5.44527
5.44544
5.4441
5.44047
5.43427
5.42542
5.41387
5.39955
5.3824
5.36236
5.33938
5.31341
5.2844
5.25229
5.21705
5.17864
5.137
5.09209
5.04388
4.99232
4.93737
4.87899
4.81714
4.75179
4.68289
4.61042
4.53434
4.45463
4.37126
4.28422
4.19349
4.09906
4.00096
3.89916
3.79372
3.68473
3.57211
3.4561
3.33678
3.21404
3.08866
2.96104
2.83179
2.70165
2.57134
2.44175
2.31377
2.18836
2.06647
1.94901
1.83685
1.73074
1.63132
1.53905
1.45425
1.37704
1.30739
1.24511
1.1899
1.14139
1.09907
1.06249
1.03108
1.0044
0.981856
0.963118
0.947503
0.934918
0.924767
0.916479
0.910487
0.905824
0.903358
0.901121
0.90099
0.901686
0.902504
0.904141
0.906211
0.908698
0.911509
0.914675
0.917973
0.921454
0.924999
0.928639
0.932361
0.93617
0.940068
0.944062
0.948155
0.952351
0.956652
0.961058
0.965565
0.970171
0.974867
0.979646
0.984496
0.989408
0.994367
0.999363
1.00438
1.00942
1.01446
1.01951
1.02458
1.02967
1.03481
1.04004
1.04541
1.05096
1.05677
1.06293
1.06952
1.07665
1.0844
1.09288
1.10219
1.11242
1.12364
1.13591
1.14927
1.16376
1.17936
1.19605
1.21379
1.2325
1.25208
1.27241
1.29334
1.31473
1.33639
1.35814
1.37979
1.40115
1.42204
1.44227
1.46168
1.48014
1.49751
1.51369
1.52859
1.54215
1.55431
1.5651
1.57449
1.58251
1.58919
1.59457
1.59875
1.60179
1.60375
1.60445
1.60413
1.60292
1.60094
1.59824
1.59488
1.59093
1.58643
1.58144
1.57599
1.57012
1.56388
1.5573
1.5504
1.54322
1.53578
1.52812
1.52024
1.51217
1.50394
1.49555
1.48703
1.47839
1.46965
1.46082
1.45191
1.44294
1.43393
1.42485
1.41586
0.159269
0.191375
0.287026
0.392167
0.50264
0.620307
0.743395
0.872249
1.00253
1.1294
1.24974
1.36374
1.46935
1.56765
1.6595
1.74571
1.82706
1.90341
1.97513
2.04245
2.1057
2.16517
2.22117
2.27379
2.32353
2.37004
2.414
2.45538
2.49452
2.5315
2.5664
2.59935
2.63046
2.65984
2.68754
2.71369
2.73824
2.76127
2.7829
2.80322
2.82227
2.84012
2.85683
2.87244
2.88702
2.9006
2.91324
2.92502
2.93599
2.9462
2.95568
2.96446
2.97257
2.98003
2.98689
2.99318
2.99894
3.0042
3.009
3.01338
3.01738
3.02105
3.02444
3.02758
3.03055
3.0334
3.0362
3.03902
3.04191
3.0449
3.04808
3.0516
3.05544
3.05892
3.06275
3.06602
3.06976
3.07301
3.07675
3.08002
3.08366
3.0873
3.09102
3.09509
3.09904
3.10321
3.10752
3.11212
3.11687
3.12198
3.12755
3.13359
3.14011
3.14711
3.15457
3.16249
3.17089
3.17976
3.18912
3.19899
3.2094
3.22037
3.23192
3.2441
3.2569
3.27036
3.28449
3.29934
3.31492
3.33127
3.34839
3.36633
3.38509
3.40467
3.42507
3.44633
3.46845
3.49147
3.51538
3.54021
3.56595
3.59261
3.62018
3.64868
3.67808
3.70842
3.73965
3.77174
3.80467
3.83842
3.87297
3.90828
3.94432
3.98105
4.01843
4.05642
4.09496
4.13401
4.17353
4.21345
4.25372
4.29427
4.33505
4.376
4.41705
4.45813
4.49918
4.54011
4.58086
4.62134
4.66149
4.70122
4.74047
4.77915
4.81719
4.85451
4.89103
4.92668
4.96136
4.99502
5.02757
5.05894
5.08904
5.11782
5.14519
5.17107
5.1954
5.21809
5.23906
5.25822
5.27548
5.29077
5.30397
5.31498
5.32364
5.32981
5.3334
5.33446
5.33371
5.33118
5.3261
5.31843
5.30808
5.29501
5.27914
5.26041
5.23878
5.21417
5.18654
5.15582
5.12199
5.08498
5.04475
5.00126
4.95447
4.90431
4.85076
4.79377
4.73329
4.6693
4.60173
4.53056
4.45576
4.3773
4.29513
4.20923
4.11961
4.02621
3.92901
3.82809
3.72334
3.61484
3.50275
3.38673
3.2673
3.14485
3.01967
2.89237
2.76353
2.63385
2.50411
2.37516
2.2479
2.1233
2.00228
1.88578
1.77465
1.66964
1.57138
1.48034
1.39679
1.32087
1.25251
1.19154
1.13763
1.09037
1.04932
1.01389
0.983647
0.957972
0.9365
0.918591
0.904039
0.892003
0.882771
0.875371
0.869329
0.865691
0.862682
0.862689
0.862351
0.863305
0.864772
0.866547
0.868777
0.871351
0.87428
0.877456
0.880893
0.884384
0.887971
0.891606
0.895296
0.89904
0.902843
0.90671
0.910646
0.914659
0.918751
0.922925
0.927181
0.931516
0.935928
0.94041
0.944955
0.949555
0.954199
0.958878
0.96358
0.968296
0.973019
0.977743
0.982469
0.987203
0.99196
0.996763
1.00165
1.00665
1.01184
1.01728
1.02305
1.02924
1.03594
1.04325
1.05127
1.0601
1.06981
1.0805
1.09221
1.105
1.11889
1.13389
1.14997
1.1671
1.1852
1.2042
1.22397
1.24439
1.26531
1.28656
1.30798
1.32938
1.35059
1.37142
1.39171
1.41129
1.43003
1.44778
1.46446
1.47995
1.4942
1.50715
1.51877
1.52905
1.53802
1.5457
1.55211
1.55733
1.5614
1.5644
1.56634
1.56711
1.56694
1.56592
1.56416
1.56169
1.5586
1.55494
1.55074
1.54605
1.54091
1.53535
1.52942
1.52314
1.51654
1.50966
1.50251
1.49512
1.48752
1.47971
1.47173
1.46359
1.45531
1.44689
1.43837
1.42975
1.42104
1.41227
1.40343
1.39461
0.486839
0.721726
0.951285
1.1291
1.27412
1.39994
1.51412
1.61776
1.71282
1.80176
1.88575
1.96542
2.04013
2.11029
2.17558
2.23627
2.29326
2.3468
2.39709
2.4443
2.48871
2.5305
2.56997
2.60718
2.64245
2.67569
2.70712
2.73679
2.76487
2.79146
2.81663
2.84048
2.86305
2.88441
2.90454
2.92353
2.94135
2.95805
2.97368
2.98831
3.00196
3.01471
3.02658
3.03762
3.04786
3.05736
3.06615
3.07426
3.08174
3.08862
3.0949
3.10061
3.10576
3.11039
3.11451
3.11815
3.12136
3.12415
3.12658
3.12867
3.13045
3.13198
3.13329
3.13443
3.13547
3.13645
3.13745
3.13851
3.13971
3.14103
3.14261
3.14476
3.14736
3.14907
3.15249
3.1531
3.15639
3.15684
3.16001
3.1608
3.16261
3.16434
3.16629
3.16891
3.17112
3.1739
3.17643
3.17949
3.18232
3.18565
3.18953
3.19391
3.19879
3.20413
3.20992
3.21616
3.22284
3.22998
3.23758
3.24568
3.25429
3.26344
3.27316
3.28347
3.2944
3.30596
3.31818
3.33109
3.34471
3.35905
3.37413
3.38998
3.40661
3.42403
3.44224
3.46127
3.48112
3.50181
3.52336
3.54578
3.56907
3.59324
3.61828
3.64423
3.67107
3.69877
3.72734
3.75675
3.78699
3.81805
3.8499
3.88252
3.91587
3.94991
3.98462
4.01996
4.05587
4.09231
4.12925
4.16662
4.20438
4.24247
4.28082
4.31939
4.3581
4.39688
4.43568
4.47441
4.513
4.55138
4.58946
4.62718
4.66445
4.7012
4.73736
4.77283
4.80754
4.84142
4.87437
4.90633
4.93722
4.96695
4.99546
5.02266
5.04848
5.07284
5.09567
5.11689
5.13641
5.15414
5.17
5.18389
5.19571
5.20529
5.21248
5.21711
5.21909
5.21902
5.21741
5.21346
5.20692
5.19777
5.18592
5.17132
5.1539
5.13361
5.11037
5.08414
5.05484
5.02244
4.98687
4.94809
4.90606
4.86072
4.81203
4.75993
4.70438
4.64533
4.58274
4.51658
4.44678
4.37331
4.29614
4.21525
4.13054
4.04201
3.94969
3.85345
3.75327
3.64928
3.54125
3.42927
3.31375
3.19481
3.07285
2.94834
2.82174
2.69369
2.56487
2.43606
2.30812
2.18196
2.0585
1.93871
1.8235
1.71371
1.6101
1.51328
1.42369
1.34163
1.26718
1.20031
1.14077
1.08827
1.04237
1.00257
0.96844
0.939291
0.914767
0.894193
0.877313
0.863431
0.852506
0.843444
0.837195
0.831891
0.827517
0.826268
0.825586
0.826725
0.827866
0.829497
0.831544
0.833905
0.836584
0.839528
0.842759
0.846162
0.849746
0.853335
0.856967
0.860628
0.86432
0.868044
0.871806
0.875612
0.879471
0.883387
0.887364
0.891404
0.895507
0.899672
0.903895
0.908171
0.912494
0.916856
0.921249
0.925665
0.930093
0.934526
0.938957
0.943383
0.947804
0.952226
0.956664
0.961139
0.965685
0.970345
0.975171
0.980231
0.9856
0.991361
0.997607
1.00443
1.01193
1.0202
1.02933
1.03939
1.05045
1.06255
1.07573
1.08999
1.10533
1.12171
1.13907
1.15733
1.17639
1.19613
1.21643
1.23712
1.25805
1.27905
1.29995
1.32058
1.34077
1.36038
1.37925
1.39726
1.41429
1.43026
1.44509
1.45872
1.47107
1.48217
1.492
1.5006
1.50798
1.51418
1.51925
1.52324
1.5262
1.52813
1.52898
1.52901
1.52817
1.52658
1.52437
1.52156
1.51817
1.51426
1.50985
1.505
1.49973
1.49409
1.48809
1.48178
1.47517
1.4683
1.46118
1.45383
1.44628
1.43854
1.43063
1.42257
1.41438
1.40607
1.39765
1.38915
1.38056
1.37193
1.65789
1.49731
1.49673
1.51762
1.5691
1.64801
1.73669
1.82694
1.91441
1.99634
2.07206
2.14163
2.2059
2.26513
2.32046
2.37164
2.41969
2.46488
2.50759
2.54781
2.5858
2.62167
2.65568
2.68786
2.71845
2.74743
2.77496
2.80106
2.82582
2.84934
2.8717
2.89299
2.91323
2.9324
2.95052
2.96763
2.98376
2.99892
3.01317
3.02655
3.03908
3.05082
3.06181
3.07206
3.08164
3.09058
3.0989
3.10664
3.11379
3.12039
3.12642
3.1319
3.13686
3.14132
3.14531
3.14885
3.15197
3.15471
3.15709
3.15915
3.16092
3.16245
3.16379
3.16495
3.16602
3.16703
3.16805
3.16913
3.17035
3.17163
3.17318
3.17558
3.17763
3.18003
3.18233
3.18263
3.18562
3.18592
3.18822
3.18963
3.19083
3.1922
3.19385
3.1958
3.198
3.20157
3.20274
3.20601
3.20735
3.21001
3.21325
3.217
3.22121
3.22585
3.23091
3.23637
3.24224
3.24853
3.25526
3.26243
3.27009
3.27826
3.28695
3.29621
3.30605
3.3165
3.32757
3.33929
3.35168
3.36474
3.3785
3.39297
3.40817
3.42411
3.44081
3.45827
3.47652
3.49555
3.51538
3.53603
3.55751
3.57981
3.60293
3.62688
3.65165
3.67725
3.70367
3.73091
3.75893
3.78773
3.81728
3.84757
3.87857
3.91025
3.94257
3.9755
4.00901
4.04305
4.07759
4.11257
4.14795
4.18368
4.2197
4.25595
4.29238
4.32891
4.36548
4.40202
4.43845
4.4747
4.5107
4.54636
4.58162
4.61639
4.6506
4.68417
4.71701
4.74904
4.78019
4.81037
4.83951
4.86753
4.89434
4.91987
4.94405
4.9668
4.98804
5.00769
5.02567
5.04188
5.05624
5.06867
5.079
5.08706
5.09266
5.09559
5.09607
5.09515
5.09219
5.08669
5.07861
5.06788
5.05443
5.03821
5.01914
4.99717
4.97223
4.94426
4.9132
4.87898
4.84156
4.80089
4.75691
4.70959
4.65886
4.60466
4.54693
4.48565
4.42077
4.35225
4.27998
4.20395
4.12414
4.04052
3.9529
3.86133
3.76588
3.66627
3.56246
3.4548
3.34335
3.22831
3.11002
2.9888
2.86509
2.73943
2.61242
2.48475
2.35722
2.23067
2.10602
1.9842
1.86616
1.7528
1.64497
1.54339
1.44866
1.36121
1.28129
1.20899
1.1442
1.08671
1.03615
0.992108
0.954076
0.921519
0.89401
0.870763
0.851581
0.835697
0.82301
0.812757
0.80508
0.798522
0.795182
0.791121
0.789899
0.790664
0.791546
0.793087
0.794948
0.797137
0.79963
0.802383
0.805367
0.808558
0.811979
0.815489
0.819102
0.822709
0.826327
0.829955
0.833595
0.837251
0.840929
0.844638
0.848385
0.852174
0.85601
0.859892
0.863822
0.867798
0.871816
0.875871
0.879959
0.884073
0.888206
0.89235
0.896498
0.900641
0.904774
0.908894
0.913002
0.917104
0.921213
0.925348
0.929541
0.93383
0.938266
0.94291
0.947833
0.953113
0.958838
0.965099
0.971989
0.979598
0.988013
0.997312
1.00756
1.01881
1.0311
1.04444
1.05883
1.07425
1.09064
1.10794
1.12607
1.14492
1.16437
1.18427
1.2045
1.22488
1.24527
1.26549
1.2854
1.30485
1.3237
1.34181
1.35908
1.37541
1.39072
1.40494
1.41797
1.42984
1.44051
1.45
1.45833
1.46551
1.4716
1.47662
1.48062
1.48361
1.48557
1.48666
1.48695
1.48628
1.48503
1.48314
1.48064
1.47756
1.47396
1.46988
1.46535
1.4604
1.45508
1.4494
1.4434
1.4371
1.43052
1.42368
1.41662
1.40933
1.40186
1.39421
1.38639
1.37844
1.37035
1.36216
1.35386
1.34544
1.39932
1.39468
1.39832
1.40877
1.43022
1.46384
1.50773
1.55985
1.62025
1.68552
1.75419
1.82373
1.8935
1.96123
2.02743
2.08999
2.15018
2.20707
2.26093
2.31147
2.35926
2.40436
2.44704
2.48734
2.52555
2.56168
2.59596
2.62845
2.65923
2.68849
2.71631
2.74288
2.76811
2.79202
2.81467
2.8361
2.8564
2.8756
2.89376
2.91094
2.92717
2.94251
2.95699
2.97066
2.98359
2.99581
3.00736
3.01824
3.02847
3.03803
3.04693
3.0552
3.06286
3.06996
3.07651
3.08256
3.08813
3.09326
3.09796
3.10227
3.10624
3.10993
3.11336
3.11657
3.11961
3.12255
3.12541
3.12826
3.13114
3.13401
3.13701
3.14041
3.14362
3.14662
3.1495
3.15195
3.15485
3.15733
3.16009
3.16266
3.16533
3.16797
3.17068
3.17343
3.17635
3.17961
3.18246
3.18567
3.18854
3.19181
3.1955
3.19961
3.2041
3.20895
3.21416
3.21972
3.22563
3.23191
3.23857
3.24564
3.25315
3.26111
3.26955
3.27851
3.288
3.29805
3.30868
3.31991
3.33175
3.34421
3.35731
3.37107
3.38549
3.40059
3.41639
3.43288
3.45007
3.468
3.48667
3.50608
3.52627
3.54722
3.56894
3.59143
3.61469
3.63873
3.66353
3.68908
3.71536
3.74237
3.77007
3.79845
3.82749
3.85717
3.88744
3.91829
3.94968
3.98158
4.01396
4.04676
4.07996
4.1135
4.14733
4.18139
4.21564
4.25
4.28441
4.3188
4.35311
4.38725
4.42116
4.45477
4.48799
4.52075
4.55298
4.58458
4.61549
4.64562
4.67489
4.70323
4.73054
4.75675
4.78177
4.80554
4.82798
4.849
4.86853
4.88651
4.90283
4.91741
4.93017
4.94103
4.94978
4.95616
4.95999
4.9612
4.96059
4.95838
4.95374
4.94656
4.93677
4.92431
4.90911
4.8911
4.87022
4.84641
4.81959
4.78971
4.75668
4.72045
4.68096
4.63816
4.592
4.54244
4.48941
4.43282
4.37262
4.30876
4.24123
4.16997
4.09479
4.0157
3.93272
3.84582
3.75455
3.65916
3.5598
3.45646
3.34922
3.23831
3.12395
3.00642
2.88612
2.76348
2.63906
2.51346
2.38741
2.26168
2.13716
2.01473
1.89535
1.77995
1.66941
1.56455
1.46606
1.37452
1.29028
1.21358
1.14443
1.08272
1.02815
0.980403
0.938938
0.903342
0.873017
0.84745
0.826252
0.808503
0.794298
0.782684
0.773794
0.766793
0.761926
0.757362
0.757093
0.755329
0.756361
0.757804
0.75952
0.761587
0.763927
0.766507
0.769306
0.772301
0.775463
0.778788
0.782274
0.785786
0.789341
0.792893
0.796439
0.799982
0.803525
0.807072
0.810632
0.814213
0.817823
0.821464
0.82514
0.828849
0.832592
0.836367
0.840171
0.844
0.847848
0.851712
0.855583
0.859456
0.863323
0.867178
0.871016
0.874834
0.878633
0.882417
0.886199
0.889997
0.893837
0.897755
0.901798
0.90602
0.910487
0.915272
0.920455
0.926123
0.932364
0.939265
0.94691
0.955377
0.964734
0.975036
0.986322
0.998616
1.01192
1.02623
1.04149
1.05767
1.07468
1.09244
1.11084
1.12975
1.14905
1.1686
1.18825
1.20785
1.22726
1.24633
1.26493
1.28293
1.30022
1.31671
1.33231
1.34692
1.36049
1.37299
1.38437
1.39465
1.4038
1.41187
1.41889
1.42488
1.42987
1.43387
1.4369
1.43904
1.44025
1.44058
1.44036
1.43945
1.43785
1.43563
1.43286
1.42957
1.42581
1.42161
1.41699
1.41198
1.40663
1.40094
1.39494
1.38866
1.38212
1.37533
1.36833
1.36112
1.35372
1.34616
1.33844
1.3306
1.32263
1.31444
1.04967
1.05227
1.05736
1.06345
1.07263
1.08509
1.10184
1.12313
1.14989
1.18172
1.2192
1.26155
1.3091
1.36061
1.41614
1.47422
1.53463
1.59623
1.65853
1.7205
1.78176
1.84168
1.90008
1.95652
2.01107
2.06339
2.11376
2.1619
2.20808
2.25239
2.29493
2.3356
2.3742
2.41087
2.44583
2.47909
2.51081
2.541
2.5698
2.59722
2.62335
2.64829
2.672
2.69459
2.71621
2.73683
2.75654
2.7753
2.79316
2.81002
2.82596
2.84105
2.8553
2.8688
2.88155
2.8936
2.905
2.91576
2.92591
2.93552
2.94462
2.9533
2.96157
2.96947
2.97705
2.98436
2.99142
2.99832
3.00504
3.0116
3.01807
3.02455
3.03083
3.03686
3.04264
3.04819
3.05368
3.05905
3.0644
3.06964
3.07487
3.08006
3.08524
3.09034
3.09544
3.10058
3.10564
3.11071
3.11571
3.12086
3.12623
3.13186
3.13776
3.14392
3.15033
3.15701
3.16397
3.17122
3.17878
3.18668
3.19493
3.20357
3.21263
3.22213
3.2321
3.24255
3.25352
3.26501
3.27705
3.28964
3.3028
3.31654
3.33087
3.34581
3.36136
3.37754
3.39436
3.41184
3.43
3.44885
3.4684
3.48866
3.50962
3.53128
3.55365
3.57672
3.60047
3.62491
3.65001
3.67576
3.70213
3.72912
3.7567
3.78485
3.81354
3.84275
3.87246
3.90262
3.93322
3.96422
3.99557
4.02724
4.05918
4.09133
4.12365
4.15607
4.18853
4.22097
4.25333
4.28553
4.3175
4.34917
4.38047
4.41132
4.44165
4.47138
4.50042
4.52871
4.55615
4.58267
4.60819
4.63262
4.65588
4.67789
4.69859
4.71788
4.7357
4.75198
4.76664
4.77957
4.79074
4.80005
4.8072
4.8118
4.81372
4.81358
4.81199
4.80813
4.80177
4.79285
4.78129
4.76704
4.75001
4.73014
4.70737
4.68163
4.65284
4.62093
4.58583
4.54745
4.50574
4.46066
4.41216
4.36017
4.30464
4.24542
4.18244
4.1157
4.04519
3.97082
3.89222
3.80951
3.72278
3.63205
3.5372
3.43834
3.33561
3.22913
3.11907
3.00571
2.88934
2.77036
2.64925
2.52657
2.40294
2.2791
2.15586
2.03406
1.91464
1.79851
1.68659
1.57974
1.47875
1.38425
1.29675
1.21658
1.14387
1.07863
1.02063
0.969631
0.92514
0.886793
0.853935
0.826206
0.802924
0.783677
0.768092
0.755112
0.745257
0.737268
0.731554
0.727343
0.724445
0.723359
0.72444
0.725329
0.726845
0.728769
0.730974
0.73342
0.736065
0.738886
0.741859
0.744973
0.748223
0.751564
0.755013
0.758462
0.761918
0.765367
0.768805
0.772235
0.775657
0.77908
0.782512
0.785962
0.789432
0.792927
0.796446
0.79999
0.803556
0.807145
0.810752
0.814373
0.818004
0.821642
0.825279
0.828911
0.832531
0.836132
0.83971
0.843262
0.846789
0.850295
0.85379
0.857291
0.86082
0.86441
0.868102
0.871946
0.876
0.880331
0.885015
0.890129
0.895758
0.901983
0.908887
0.916545
0.925025
0.934384
0.944667
0.955903
0.968105
0.981267
0.995366
1.01036
1.02619
1.04278
1.06004
1.07786
1.09613
1.11471
1.13348
1.1523
1.17104
1.18956
1.20773
1.22543
1.24255
1.259
1.27467
1.28948
1.30337
1.3163
1.32821
1.33909
1.34892
1.35771
1.3655
1.37231
1.37816
1.38304
1.38699
1.39005
1.39222
1.39343
1.39404
1.39407
1.3933
1.39187
1.38989
1.38737
1.38435
1.38086
1.37692
1.37258
1.36786
1.36277
1.35735
1.35163
1.34561
1.33933
1.3328
1.32604
1.31907
1.31192
1.30458
1.29709
1.28947
1.28152
0.634273
0.641257
0.648592
0.65594
0.663595
0.671712
0.680671
0.690637
0.702106
0.715196
0.730471
0.747979
0.768333
0.791488
0.818022
0.847804
0.88125
0.918138
0.958696
1.00256
1.04972
1.09969
1.15229
1.20692
1.26333
1.32085
1.37922
1.43777
1.49634
1.5543
1.61128
1.66702
1.72135
1.77405
1.82522
1.87467
1.9226
1.96881
2.01354
2.05659
2.09821
2.13824
2.17678
2.214
2.24991
2.28441
2.31752
2.34928
2.37949
2.40826
2.4358
2.46219
2.48743
2.51163
2.53474
2.55687
2.57803
2.59822
2.61752
2.63598
2.6537
2.67076
2.68714
2.70291
2.71807
2.73271
2.74683
2.76051
2.77374
2.78652
2.79893
2.81103
2.82278
2.83418
2.84519
2.85586
2.86626
2.87642
2.88639
2.89615
2.90574
2.91518
2.92448
2.9336
2.94258
2.95142
2.96011
2.96867
2.9771
2.98551
2.99396
3.00249
3.01112
3.01988
3.02877
3.03781
3.04702
3.05641
3.06601
3.07584
3.08593
3.09632
3.10702
3.11806
3.12948
3.14129
3.15352
3.16619
3.17931
3.19289
3.20696
3.22151
3.23657
3.25214
3.26824
3.28488
3.30209
3.31988
3.33827
3.35728
3.37691
3.39718
3.41808
3.4396
3.46175
3.48451
3.50788
3.53185
3.5564
3.58152
3.60719
3.63339
3.6601
3.6873
3.71497
3.7431
3.77165
3.8006
3.82992
3.85959
3.88956
3.9198
3.95026
3.9809
4.01167
4.0425
4.07335
4.10415
4.13485
4.16538
4.19567
4.22564
4.25523
4.28438
4.313
4.34101
4.36835
4.39493
4.42067
4.4455
4.46932
4.49206
4.51363
4.53396
4.55298
4.57059
4.58675
4.60136
4.61437
4.62569
4.63532
4.64318
4.64873
4.65139
4.6517
4.65066
4.64755
4.64195
4.63383
4.62312
4.60974
4.59362
4.57469
4.55289
4.52813
4.50036
4.46949
4.43544
4.39811
4.35741
4.31329
4.2657
4.21461
4.15995
4.10163
4.0394
3.9732
3.9031
3.8291
3.75114
3.66909
3.58296
3.49283
3.39876
3.30076
3.19897
3.09357
2.98475
2.87279
2.75803
2.64089
2.52186
2.40151
2.28052
2.15962
2.03962
1.92139
1.80585
1.69389
1.5864
1.4842
1.38802
1.29845
1.2159
1.14063
1.07272
1.01207
0.958473
0.911519
0.870866
0.835897
0.806278
0.781246
0.760586
0.743495
0.729788
0.718992
0.710011
0.703787
0.698818
0.695479
0.693986
0.694582
0.695356
0.696819
0.698569
0.700637
0.702955
0.705472
0.70815
0.710965
0.713905
0.716947
0.720083
0.723328
0.726599
0.729946
0.733285
0.736615
0.739934
0.743241
0.746538
0.749827
0.753119
0.75642
0.759737
0.76307
0.766421
0.76979
0.773174
0.776574
0.779989
0.783414
0.786846
0.790282
0.793718
0.797149
0.800569
0.803972
0.807352
0.810705
0.814027
0.817319
0.820586
0.823834
0.827079
0.83034
0.833645
0.837031
0.840542
0.84423
0.848155
0.852386
0.856994
0.862055
0.867649
0.873851
0.880735
0.888369
0.896811
0.906108
0.916295
0.927392
0.939402
0.952312
0.966092
0.980697
0.996064
1.01212
1.02876
1.0459
1.06341
1.08118
1.09909
1.11701
1.13482
1.1524
1.16962
1.18639
1.2026
1.21817
1.23298
1.24699
1.26016
1.27242
1.28373
1.29409
1.30345
1.31186
1.31933
1.32588
1.33151
1.33625
1.34011
1.3431
1.34524
1.34662
1.34718
1.34733
1.34657
1.34537
1.34357
1.34125
1.33844
1.33517
1.33147
1.32736
1.32287
1.31803
1.31285
1.30736
1.30158
1.29553
1.28923
1.2827
1.27595
1.26901
1.26189
1.25463
1.24692
0.371684
0.375561
0.379552
0.383649
0.387843
0.392171
0.396691
0.401427
0.406479
0.411864
0.41775
0.424142
0.431283
0.439169
0.448108
0.4581
0.469492
0.482303
0.496882
0.513287
0.531823
0.552586
0.5758
0.601583
0.630036
0.661292
0.695275
0.732145
0.771604
0.813816
0.858746
0.906121
0.955734
1.00706
1.05996
1.11382
1.16854
1.22352
1.27867
1.33352
1.38788
1.44162
1.49419
1.54561
1.59588
1.64492
1.69266
1.73914
1.78412
1.82766
1.8698
1.9106
1.95
1.98816
2.0249
2.06046
2.09464
2.12758
2.15941
2.19024
2.22001
2.24877
2.2764
2.30308
2.32884
2.35367
2.3776
2.40086
2.42319
2.44476
2.4657
2.48601
2.50577
2.52497
2.54357
2.56164
2.57926
2.59642
2.61319
2.62956
2.64555
2.66122
2.67657
2.69155
2.70625
2.7206
2.73467
2.74839
2.76182
2.77505
2.78814
2.8011
2.81398
2.8268
2.83959
2.85239
2.86523
2.87809
2.89102
2.90405
2.91721
2.93052
2.94403
2.95775
2.97173
2.98598
3.00052
3.01537
3.03056
3.0461
3.06201
3.0783
3.09498
3.11206
3.12956
3.1475
3.16591
3.18482
3.20424
3.2242
3.24469
3.26573
3.28731
3.30942
3.33207
3.35525
3.37894
3.40314
3.42783
3.453
3.47864
3.50471
3.5312
3.5581
3.58539
3.61305
3.64106
3.6694
3.69804
3.72695
3.75611
3.78546
3.81498
3.8446
3.8743
3.90401
3.93368
3.96327
3.9927
4.02193
4.05088
4.07949
4.1077
4.13544
4.16263
4.1892
4.21507
4.24018
4.26445
4.28778
4.31009
4.3313
4.35134
4.37013
4.38759
4.40364
4.41822
4.43126
4.44271
4.45249
4.46072
4.46733
4.47126
4.47202
4.47142
4.46905
4.46421
4.45686
4.44694
4.43439
4.41912
4.40107
4.38016
4.35631
4.32946
4.29952
4.26643
4.23008
4.19031
4.14702
4.10018
4.04977
3.99573
3.93801
3.87653
3.81114
3.7418
3.66851
3.59128
3.51008
3.42489
3.33575
3.24273
3.14594
3.04551
2.94162
2.8345
2.72447
2.61189
2.4972
2.38092
2.26366
2.14609
2.02898
1.91314
1.79943
1.68876
1.582
1.47999
1.38348
1.29313
1.20945
1.13276
1.06323
1.00086
0.945484
0.896787
0.854465
0.817921
0.786831
0.760469
0.738631
0.720426
0.705891
0.694019
0.685041
0.678118
0.67241
0.668808
0.666784
0.667144
0.667696
0.668988
0.67064
0.67263
0.674862
0.677288
0.679854
0.682545
0.685334
0.688214
0.691174
0.694201
0.697279
0.700443
0.703597
0.706811
0.710012
0.7132
0.716375
0.71954
0.722698
0.725851
0.729013
0.732187
0.735374
0.738574
0.741786
0.745009
0.748242
0.751486
0.754739
0.757997
0.761258
0.76452
0.767779
0.771029
0.774266
0.777482
0.780672
0.783832
0.786958
0.790052
0.793116
0.796156
0.799184
0.802218
0.805281
0.808406
0.811629
0.814998
0.818566
0.822394
0.826546
0.831092
0.836105
0.841655
0.847814
0.854646
0.86221
0.870555
0.879721
0.889732
0.900601
0.912323
0.924881
0.93824
0.952351
0.967151
0.982562
0.998497
1.01486
1.03153
1.04842
1.06541
1.08237
1.09921
1.1158
1.13205
1.14786
1.16314
1.17777
1.19172
1.20494
1.21735
1.22897
1.23966
1.24947
1.25835
1.26636
1.27346
1.2797
1.28509
1.28963
1.29334
1.29622
1.29833
1.29966
1.3001
1.30002
1.29964
1.29846
1.29683
1.29467
1.29204
1.28896
1.28545
1.28154
1.27725
1.27261
1.26764
1.26236
1.25679
1.25095
1.24486
1.23853
1.23199
1.22525
1.21838
1.21091
0.297952
0.2987
0.29953
0.300443
0.30143
0.302492
0.303636
0.304858
0.306176
0.307583
0.309115
0.310763
0.31258
0.314553
0.316758
0.319185
0.321929
0.32499
0.328476
0.332408
0.336904
0.34203
0.347883
0.354571
0.362185
0.370876
0.380733
0.391932
0.404584
0.418832
0.434867
0.452809
0.472877
0.495098
0.519688
0.546612
0.576016
0.607839
0.642103
0.678723
0.717625
0.75858
0.801667
0.846646
0.893301
0.941293
0.990361
1.0402
1.0905
1.14097
1.19136
1.24143
1.29098
1.33989
1.38777
1.4348
1.48073
1.5256
1.56944
1.61235
1.65427
1.69519
1.73498
1.77367
1.81135
1.84795
1.88346
1.91799
1.95134
1.98365
2.01505
2.04551
2.07526
2.10414
2.13221
2.15985
2.18672
2.21295
2.23845
2.26333
2.28756
2.31127
2.33434
2.35692
2.37899
2.40053
2.42146
2.4418
2.46173
2.48131
2.50056
2.51948
2.5381
2.5565
2.57466
2.59268
2.61058
2.62829
2.64591
2.66347
2.68098
2.6985
2.71604
2.73364
2.75136
2.76921
2.78716
2.80527
2.82357
2.84208
2.86083
2.87984
2.8991
2.9186
2.93839
2.95851
2.97899
2.99986
3.02115
3.04287
3.06502
3.08761
3.11065
3.13411
3.15801
3.18233
3.20708
3.23222
3.25777
3.2837
3.30999
3.33662
3.36358
3.39085
3.41842
3.44628
3.4744
3.50278
3.53137
3.56017
3.58912
3.6182
3.64736
3.67655
3.70574
3.73487
3.7639
3.79277
3.82144
3.84983
3.8779
3.90558
3.93281
3.95952
3.98563
4.01109
4.03582
4.05975
4.0828
4.1049
4.12595
4.14588
4.16461
4.18207
4.19817
4.21283
4.226
4.23761
4.24763
4.25599
4.26311
4.26891
4.27139
4.27103
4.26909
4.26492
4.25831
4.24916
4.2374
4.22295
4.20572
4.18564
4.16263
4.13661
4.1075
4.07522
4.03969
4.00082
3.95847
3.91258
3.86307
3.8099
3.75304
3.69242
3.62799
3.55968
3.48744
3.41129
3.33123
3.24731
3.15956
3.06805
2.97292
2.87434
2.77252
2.66771
2.56026
2.45057
2.3391
2.2264
2.11311
1.99992
1.8876
1.77697
1.66889
1.56422
1.46379
1.36837
1.27865
1.19517
1.11835
1.04839
0.985389
0.929218
0.879675
0.83641
0.798969
0.767015
0.73981
0.717166
0.698239
0.683062
0.670558
0.661157
0.653476
0.648498
0.644467
0.641434
0.641761
0.641996
0.643196
0.644763
0.646679
0.648839
0.651193
0.653713
0.656312
0.659
0.661748
0.664566
0.667428
0.670321
0.673273
0.676244
0.679277
0.682292
0.685356
0.68841
0.691449
0.694476
0.697501
0.700521
0.703545
0.706586
0.709639
0.7127
0.715768
0.718844
0.721927
0.725017
0.728114
0.731218
0.734325
0.737433
0.740543
0.743648
0.746743
0.749823
0.75288
0.75591
0.758908
0.761872
0.764801
0.767696
0.770564
0.773413
0.776258
0.77912
0.782024
0.785004
0.788101
0.79136
0.794835
0.798584
0.80267
0.807157
0.812113
0.817602
0.823688
0.830427
0.83787
0.846059
0.855023
0.864782
0.875339
0.886688
0.898804
0.911651
0.925179
0.939324
0.954012
0.969158
0.98467
1.00045
1.0164
1.03241
1.04839
1.06422
1.07981
1.09506
1.10989
1.12417
1.1379
1.151
1.16344
1.17516
1.18605
1.19614
1.20538
1.21377
1.22131
1.22802
1.23393
1.23902
1.24333
1.24683
1.24957
1.25153
1.25267
1.25279
1.25307
1.25236
1.25141
1.24987
1.24784
1.24536
1.24242
1.23907
1.23533
1.23122
1.22676
1.22197
1.21688
1.2115
1.20585
1.19995
1.19382
1.18747
1.18099
1.17378
0.294578
0.294133
0.293741
0.293402
0.293114
0.29287
0.292677
0.292524
0.292424
0.292358
0.292366
0.292405
0.292498
0.292614
0.292816
0.293081
0.293426
0.293852
0.294376
0.29501
0.295757
0.29663
0.297661
0.298868
0.300286
0.30195
0.30389
0.306145
0.308766
0.311799
0.315309
0.319352
0.324011
0.329363
0.335513
0.342539
0.35055
0.359653
0.369956
0.381579
0.394649
0.409269
0.425582
0.443698
0.463765
0.485834
0.51001
0.536305
0.564753
0.595336
0.627961
0.66262
0.699053
0.737302
0.777125
0.818388
0.860794
0.904121
0.948147
0.992703
1.03759
1.08265
1.12768
1.17254
1.21704
1.2611
1.30458
1.34746
1.38954
1.43082
1.47134
1.511
1.54998
1.58814
1.62541
1.66221
1.69825
1.73366
1.76827
1.80216
1.83532
1.86777
1.89947
1.93058
1.96096
1.99069
2.01956
2.04776
2.07535
2.10244
2.12897
2.15498
2.18057
2.20576
2.23065
2.25525
2.27939
2.3032
2.32675
2.35001
2.37304
2.39591
2.41859
2.44118
2.46372
2.48611
2.50843
2.53076
2.55314
2.57562
2.59821
2.6209
2.64358
2.66637
2.68932
2.71248
2.73588
2.75955
2.78352
2.80781
2.8324
2.85733
2.88258
2.90813
2.934
2.96019
2.98669
3.01346
3.04054
3.06791
3.09552
3.12338
3.15145
3.17974
3.20824
3.23693
3.26581
3.29485
3.32404
3.35335
3.38273
3.41215
3.44157
3.47094
3.50021
3.52935
3.55831
3.58704
3.61548
3.64358
3.67128
3.69853
3.72526
3.75141
3.77691
3.80168
3.82567
3.84881
3.87102
3.89222
3.91233
3.93128
3.94898
3.96536
3.98035
3.99385
4.0058
4.01616
4.02491
4.03203
4.03858
4.04435
4.04533
4.04376
4.04018
4.03428
4.02592
4.015
4.00143
3.9851
3.96595
3.94388
3.91882
3.89068
3.85938
3.82485
3.78699
3.74571
3.70093
3.65257
3.60056
3.54486
3.48543
3.42224
3.35525
3.28443
3.20978
3.13133
3.04913
2.96326
2.87382
2.78096
2.68488
2.58583
2.48409
2.38005
2.27412
2.16682
2.05872
1.95047
1.84279
1.73645
1.63225
1.53103
1.43359
1.34071
1.25307
1.17123
1.09565
1.02656
0.964158
0.908323
0.858934
0.815631
0.778118
0.745888
0.718486
0.695593
0.67635
0.660828
0.648027
0.638358
0.630379
0.625222
0.620714
0.619201
0.617151
0.617923
0.61919
0.620689
0.622551
0.624666
0.626968
0.629411
0.631951
0.634593
0.637234
0.639939
0.642676
0.645448
0.648233
0.651025
0.653858
0.656703
0.659571
0.662447
0.665366
0.668271
0.671164
0.674052
0.676946
0.679834
0.682752
0.685675
0.688605
0.691538
0.694476
0.697417
0.700364
0.703317
0.706278
0.709247
0.712217
0.715194
0.718174
0.721149
0.724114
0.727062
0.729988
0.732885
0.73575
0.73858
0.741374
0.744133
0.746861
0.749565
0.752257
0.754953
0.757676
0.760454
0.763321
0.766318
0.76949
0.772888
0.776568
0.780588
0.785009
0.789891
0.795292
0.801269
0.807871
0.815142
0.823114
0.831812
0.841247
0.851421
0.86232
0.873919
0.886179
0.89905
0.912471
0.926371
0.940672
0.955289
0.970132
0.985107
1.00013
1.01509
1.02989
1.04446
1.0587
1.07248
1.08585
1.09871
1.11101
1.12267
1.13362
1.14386
1.1533
1.16195
1.16982
1.17689
1.18319
1.18872
1.19349
1.19749
1.20076
1.20324
1.20491
1.20536
1.20591
1.20547
1.20537
1.20435
1.20292
1.20101
1.19862
1.19581
1.19259
1.18899
1.18504
1.18074
1.17612
1.1712
1.166
1.16053
1.15481
1.14886
1.14279
1.13583
0.304549
0.303851
0.30317
0.302508
0.301867
0.301244
0.300644
0.300063
0.299504
0.298965
0.298448
0.297955
0.297485
0.297035
0.296609
0.296207
0.295832
0.295483
0.295167
0.294879
0.294638
0.294434
0.294292
0.294176
0.294171
0.294206
0.294309
0.294469
0.294756
0.295144
0.295664
0.29631
0.297132
0.298109
0.299276
0.300664
0.302299
0.304212
0.306441
0.309031
0.312025
0.315473
0.319433
0.323968
0.329158
0.335065
0.341782
0.349385
0.35797
0.367642
0.37848
0.390614
0.40411
0.419089
0.435634
0.453839
0.473765
0.49545
0.518925
0.544193
0.571244
0.600047
0.630551
0.662649
0.69628
0.731354
0.767648
0.805064
0.843333
0.882325
0.921888
0.961805
1.00203
1.0424
1.08273
1.12306
1.16326
1.2033
1.24307
1.28252
1.32161
1.3603
1.39851
1.43627
1.4735
1.51015
1.54614
1.58151
1.61625
1.65046
1.68406
1.71707
1.74961
1.78163
1.81334
1.84464
1.87539
1.9057
1.93567
1.96519
1.99435
2.0232
2.0517
2.07997
2.108
2.13573
2.16324
2.1906
2.21785
2.24503
2.27217
2.29922
2.32611
2.35295
2.37979
2.40673
2.43378
2.46097
2.48834
2.5159
2.54371
2.57167
2.59978
2.62808
2.65658
2.68525
2.71408
2.7431
2.77231
2.80166
2.83115
2.86076
2.8905
2.92036
2.95034
2.98044
3.01063
3.04091
3.07127
3.10166
3.13203
3.16237
3.1926
3.2227
3.25262
3.28233
3.31177
3.34091
3.36968
3.39803
3.42591
3.45326
3.48002
3.50611
3.53148
3.55606
3.57979
3.60259
3.6244
3.64512
3.6647
3.68306
3.7001
3.71577
3.72997
3.74263
3.75367
3.76306
3.77082
3.77695
3.78417
3.78971
3.78931
3.78657
3.78152
3.77408
3.76415
3.75161
3.73636
3.71832
3.6974
3.67351
3.64658
3.61651
3.58323
3.54665
3.50671
3.46332
3.41641
3.3659
3.31176
3.25394
3.19243
3.12722
3.05829
2.98568
2.90941
2.82957
2.74625
2.65959
2.56978
2.47704
2.38165
2.28394
2.18433
2.08326
1.98129
1.87901
1.77708
1.67623
1.57722
1.48082
1.38781
1.29892
1.21484
1.13612
1.06324
0.996434
0.93592
0.881621
0.833511
0.791197
0.754465
0.722774
0.695884
0.673129
0.654224
0.63885
0.626026
0.616247
0.608262
0.603081
0.598482
0.596942
0.594767
0.595747
0.596711
0.598184
0.600038
0.602119
0.604385
0.606782
0.60927
0.61183
0.614417
0.61704
0.619667
0.622314
0.624985
0.627657
0.630335
0.633009
0.635701
0.638417
0.641134
0.64388
0.64666
0.649419
0.652186
0.654952
0.657726
0.660493
0.663304
0.666108
0.668909
0.671708
0.674511
0.677319
0.680132
0.682959
0.685796
0.688643
0.691497
0.694367
0.697241
0.700109
0.702966
0.705807
0.708625
0.711415
0.714173
0.716897
0.719584
0.722235
0.724853
0.727442
0.730012
0.732575
0.735152
0.737765
0.740443
0.743219
0.746134
0.749231
0.752559
0.75617
0.760117
0.764456
0.769241
0.774524
0.780355
0.786776
0.793823
0.801524
0.809896
0.818948
0.828675
0.839062
0.850082
0.861696
0.873856
0.886504
0.899574
0.912995
0.926689
0.94057
0.95457
0.968576
0.982495
0.996274
1.00981
1.02302
1.0359
1.04837
1.06038
1.07184
1.08271
1.09294
1.10247
1.11127
1.11932
1.12665
1.13323
1.1391
1.14422
1.1486
1.15229
1.15521
1.15735
1.15804
1.15856
1.15877
1.15898
1.15843
1.15762
1.15626
1.1544
1.15209
1.14938
1.14628
1.14282
1.139
1.13485
1.13039
1.12563
1.12059
1.11529
1.10974
1.10409
1.09741
0.314858
0.314098
0.313349
0.312611
0.311885
0.31117
0.310466
0.309773
0.309092
0.308421
0.307761
0.307113
0.306476
0.305851
0.305238
0.304636
0.304047
0.30347
0.302907
0.302357
0.301823
0.301303
0.300805
0.300321
0.299863
0.299428
0.299018
0.298631
0.298279
0.297956
0.29768
0.297435
0.297254
0.297105
0.297062
0.297081
0.297166
0.297303
0.297564
0.297934
0.29842
0.299042
0.299812
0.300734
0.301837
0.303136
0.304657
0.306425
0.308476
0.310843
0.313558
0.316671
0.320225
0.324268
0.328855
0.334044
0.339899
0.346486
0.353878
0.362148
0.371376
0.381641
0.393029
0.40562
0.419486
0.434725
0.451372
0.469513
0.48915
0.51032
0.533031
0.557253
0.582972
0.610146
0.638689
0.668553
0.699645
0.731864
0.765103
0.799251
0.834195
0.869832
0.906033
0.9427
0.979705
1.01693
1.05427
1.09163
1.12893
1.16613
1.20316
1.23994
1.27652
1.31282
1.34894
1.38482
1.42039
1.45564
1.49062
1.52527
1.55959
1.59364
1.62735
1.6608
1.69396
1.72682
1.75942
1.79176
1.8239
1.85583
1.88759
1.91913
1.95048
1.98164
2.01269
2.04371
2.07473
2.10577
2.13689
2.16804
2.19935
2.23069
2.26205
2.2935
2.32502
2.35658
2.38818
2.41987
2.4516
2.48337
2.51518
2.54699
2.57882
2.61068
2.64257
2.67448
2.70642
2.7384
2.77037
2.80227
2.83407
2.86573
2.8972
2.92847
2.95949
2.99022
3.02061
3.05062
3.08019
3.10927
3.1378
3.16574
3.19301
3.21954
3.24525
3.27012
3.29407
3.31702
3.33889
3.35961
3.3791
3.3973
3.41413
3.42949
3.44333
3.45554
3.46607
3.47486
3.48201
3.48751
3.49784
3.50154
3.50043
3.49656
3.49036
3.48171
3.4705
3.45663
3.44002
3.42056
3.39818
3.3728
3.34432
3.31268
3.2778
3.23961
3.19803
3.15301
3.10449
3.05242
2.99677
2.93755
2.87474
2.80837
2.7385
2.66517
2.58849
2.50859
2.42565
2.33987
2.25153
2.16093
2.06845
1.97453
1.87966
1.7844
1.68938
1.59526
1.50274
1.41255
1.32541
1.24201
1.163
1.0889
1.02018
0.957095
0.899848
0.848369
0.802662
0.762374
0.727409
0.697119
0.671386
0.649512
0.631477
0.616364
0.604311
0.594842
0.586825
0.581528
0.577248
0.575854
0.573708
0.574722
0.575682
0.577212
0.579009
0.581053
0.583292
0.585645
0.588089
0.590581
0.593102
0.595646
0.598199
0.600751
0.603311
0.605864
0.608431
0.61098
0.613545
0.616102
0.618656
0.621237
0.623836
0.626447
0.629079
0.63171
0.634357
0.636999
0.639652
0.64231
0.645005
0.647686
0.650352
0.653012
0.655679
0.658355
0.661045
0.66376
0.66649
0.669238
0.672014
0.674798
0.677584
0.680365
0.683136
0.68589
0.688623
0.691329
0.694004
0.696645
0.699251
0.701819
0.704353
0.706853
0.709328
0.711788
0.71425
0.716731
0.719255
0.72185
0.72455
0.727393
0.730419
0.733675
0.737208
0.741068
0.745304
0.749965
0.755098
0.760745
0.766943
0.773722
0.781103
0.789101
0.79772
0.806951
0.816778
0.827174
0.838102
0.849516
0.861362
0.873583
0.886108
0.898865
0.911801
0.924786
0.937751
0.950662
0.963404
0.975975
0.988276
1.00025
1.01184
1.02299
1.03363
1.04371
1.0532
1.06202
1.07015
1.07764
1.08441
1.0905
1.09589
1.10058
1.10461
1.10786
1.11036
1.11127
1.11191
1.11246
1.11251
1.11237
1.11234
1.11148
1.1101
1.10828
1.10606
1.10344
1.10046
1.09711
1.09342
1.0894
1.08508
1.08048
1.07561
1.07046
1.06525
1.05885
0.323178
0.322442
0.321712
0.320988
0.32027
0.319558
0.318851
0.31815
0.317455
0.316766
0.316083
0.315406
0.314735
0.31407
0.313412
0.312759
0.312113
0.311473
0.31084
0.310213
0.309594
0.308981
0.308377
0.307781
0.307194
0.306616
0.30605
0.305494
0.304952
0.304421
0.303907
0.303405
0.302926
0.302461
0.302023
0.301614
0.301232
0.300878
0.300555
0.300275
0.300031
0.299844
0.299692
0.299626
0.29964
0.299678
0.299807
0.300006
0.300316
0.300725
0.301253
0.3019
0.302678
0.303608
0.304702
0.305974
0.30745
0.309154
0.311107
0.313339
0.315883
0.318767
0.32203
0.325711
0.329849
0.334499
0.339706
0.345532
0.35203
0.359267
0.367304
0.376208
0.386044
0.396885
0.408789
0.421822
0.436043
0.451503
0.468244
0.486304
0.505702
0.526457
0.548564
0.572005
0.596751
0.622744
0.649928
0.678222
0.707547
0.737816
0.768933
0.800797
0.833331
0.866441
0.900081
0.93417
0.968631
1.00339
1.0384
1.07361
1.10894
1.14438
1.17987
1.21539
1.25089
1.28635
1.32175
1.35707
1.3923
1.42742
1.46242
1.49727
1.53198
1.56656
1.601
1.63538
1.66974
1.70407
1.73842
1.77277
1.80716
1.84154
1.87592
1.91031
1.94469
1.97905
2.01339
2.04771
2.08201
2.11627
2.15049
2.18462
2.21869
2.25268
2.28663
2.32051
2.35436
2.38817
2.42191
2.45551
2.48894
2.52213
2.55508
2.58776
2.62013
2.65214
2.68376
2.71493
2.74561
2.77574
2.80526
2.83415
2.86226
2.88959
2.91604
2.9416
2.96617
2.98969
3.01204
3.03318
3.05303
3.07151
3.08855
3.10406
3.11798
3.13018
3.14065
3.14927
3.15628
3.16162
3.17426
3.17852
3.17628
3.17185
3.16499
3.15559
3.14356
3.12882
3.11129
3.0909
3.06755
3.04119
3.01172
2.97909
2.94322
2.90406
2.86156
2.81568
2.76637
2.71364
2.65747
2.59791
2.53498
2.46877
2.39936
2.32689
2.25153
2.17347
2.09298
2.01034
1.92593
1.84013
1.75342
1.66632
1.5794
1.49328
1.40859
1.32602
1.24621
1.1698
1.09737
1.02938
0.966287
0.908291
0.855647
0.808274
0.766152
0.728952
0.696609
0.668554
0.644801
0.62443
0.607673
0.593574
0.58252
0.573158
0.566426
0.561261
0.556366
0.554685
0.553782
0.554885
0.555948
0.55748
0.55926
0.561319
0.563518
0.56585
0.568246
0.570681
0.573147
0.575622
0.578092
0.580558
0.583037
0.585501
0.587955
0.590401
0.592854
0.595286
0.597732
0.60018
0.602614
0.605072
0.607545
0.610012
0.612489
0.614995
0.617505
0.620023
0.622552
0.625097
0.627662
0.630201
0.632718
0.635234
0.637771
0.640326
0.642914
0.645541
0.648204
0.650889
0.653608
0.656328
0.659046
0.661759
0.664463
0.667153
0.669822
0.672465
0.675079
0.677661
0.680207
0.682716
0.685188
0.687622
0.690026
0.692409
0.694782
0.69716
0.699562
0.70201
0.704533
0.707163
0.709934
0.712887
0.716062
0.719504
0.723258
0.727368
0.731879
0.736831
0.742261
0.748198
0.75467
0.761693
0.769278
0.777425
0.786126
0.795362
0.805107
0.815328
0.825981
0.837019
0.848383
0.860011
0.871862
0.883785
0.895756
0.907754
0.919653
0.931506
0.943152
0.954537
0.965619
0.976343
0.986658
0.996485
1.00579
1.01451
1.02265
1.03019
1.03706
1.04328
1.04885
1.05379
1.05807
1.06157
1.06436
1.06546
1.06624
1.06726
1.06701
1.0671
1.06732
1.06705
1.0661
1.06473
1.06298
1.06085
1.05832
1.05543
1.05219
1.04862
1.04474
1.04057
1.03612
1.03139
1.02662
1.02052
0.329559
0.328874
0.328191
0.327511
0.326833
0.326158
0.325485
0.324815
0.324147
0.323482
0.32282
0.32216
0.321504
0.320851
0.3202
0.319553
0.318909
0.318267
0.317629
0.316995
0.316364
0.315736
0.315111
0.314491
0.313874
0.313262
0.312654
0.312051
0.311454
0.310861
0.310276
0.309696
0.309125
0.308561
0.308007
0.307464
0.306932
0.306412
0.305905
0.305415
0.30494
0.304486
0.304049
0.303637
0.303256
0.3029
0.302574
0.302278
0.302022
0.301803
0.301634
0.301503
0.301448
0.301458
0.301504
0.301608
0.301804
0.302082
0.302449
0.302914
0.303478
0.304155
0.304961
0.305903
0.306994
0.308255
0.3097
0.31135
0.313229
0.315358
0.317761
0.320466
0.323504
0.326907
0.330713
0.334961
0.339694
0.344958
0.350801
0.357277
0.364438
0.372341
0.381046
0.390609
0.401091
0.412546
0.425026
0.43858
0.453246
0.469057
0.486038
0.504196
0.523542
0.544065
0.565763
0.588614
0.612588
0.637651
0.66376
0.69087
0.718919
0.747856
0.777609
0.808119
0.839315
0.871132
0.90351
0.936381
0.969691
1.00337
1.03737
1.07164
1.10613
1.14081
1.17565
1.21064
1.24579
1.28109
1.31653
1.3521
1.3878
1.4236
1.45948
1.49543
1.53144
1.56748
1.60353
1.6396
1.67564
1.71166
1.74762
1.7835
1.81929
1.85498
1.89058
1.92608
1.96149
1.99682
2.03203
2.06708
2.10192
2.1365
2.17079
2.20478
2.23841
2.27165
2.30446
2.33678
2.36858
2.3998
2.4304
2.46024
2.48931
2.51758
2.54497
2.57147
2.59689
2.62124
2.64432
2.6662
2.68673
2.70586
2.72348
2.73952
2.75393
2.76654
2.77739
2.78631
2.79359
2.7993
2.81319
2.81908
2.81723
2.81276
2.80579
2.79622
2.78398
2.76898
2.75119
2.73053
2.70693
2.68033
2.65066
2.61787
2.58192
2.54276
2.50036
2.45472
2.40584
2.35375
2.29848
2.24011
2.17874
2.1145
2.04756
1.9781
1.90639
1.83269
1.75736
1.68078
1.60338
1.52563
1.44808
1.37126
1.29578
1.22223
1.15118
1.08321
1.01878
0.958372
0.902274
0.850722
0.803891
0.761692
0.724244
0.691145
0.662321
0.637272
0.61601
0.597808
0.582963
0.570168
0.56037
0.552037
0.546102
0.540819
0.538221
0.535493
0.535743
0.536416
0.537431
0.538974
0.540773
0.542788
0.544947
0.547247
0.549598
0.552017
0.554426
0.556832
0.559237
0.561637
0.564025
0.5664
0.568775
0.571133
0.573472
0.575803
0.578155
0.580489
0.582816
0.585148
0.587472
0.589808
0.592134
0.594432
0.596747
0.599093
0.601459
0.603848
0.606246
0.608675
0.611071
0.613424
0.615769
0.618141
0.620565
0.62304
0.62557
0.628146
0.630773
0.633419
0.636106
0.638791
0.641469
0.64414
0.6468
0.649447
0.652073
0.654675
0.65725
0.659794
0.662302
0.664771
0.667201
0.66959
0.671945
0.674273
0.676581
0.678881
0.681187
0.683518
0.685896
0.688349
0.690907
0.693602
0.696471
0.699552
0.702887
0.706515
0.710478
0.714814
0.719556
0.724737
0.730385
0.736521
0.743158
0.750304
0.757957
0.766107
0.774738
0.783825
0.793334
0.80323
0.813458
0.82398
0.83474
0.845592
0.856569
0.867639
0.878663
0.889733
0.900661
0.911394
0.921897
0.932102
0.942013
0.951482
0.960515
0.969069
0.977094
0.984575
0.991471
0.997756
1.00345
1.00854
1.01299
1.0167
1.0197
1.02101
1.02189
1.02303
1.0228
1.02294
1.02306
1.0234
1.02272
1.02181
1.02054
1.01887
1.0168
1.01435
1.01154
1.00841
1.00496
1.00122
0.997207
0.992887
0.988568
0.982785
0.334391
0.333761
0.333132
0.332503
0.331875
0.331247
0.330619
0.329992
0.329365
0.328739
0.328114
0.32749
0.326867
0.326245
0.325623
0.325003
0.324384
0.323767
0.32315
0.322535
0.321921
0.321308
0.320697
0.320087
0.319479
0.318873
0.318268
0.317665
0.317065
0.316466
0.31587
0.315277
0.314687
0.3141
0.313516
0.312937
0.312363
0.311794
0.31123
0.310674
0.310124
0.309583
0.309049
0.308526
0.308014
0.307514
0.307028
0.306555
0.306099
0.305659
0.305241
0.304841
0.304466
0.30412
0.3038
0.303506
0.303244
0.303019
0.302829
0.302685
0.302579
0.302535
0.302546
0.302593
0.302698
0.302881
0.303138
0.303468
0.30388
0.30438
0.304978
0.305687
0.306512
0.307466
0.308563
0.30982
0.31125
0.31287
0.314698
0.316752
0.319055
0.321631
0.324507
0.327711
0.331278
0.33524
0.339634
0.3445
0.349879
0.355814
0.36235
0.369533
0.377413
0.386037
0.395455
0.405715
0.416866
0.42895
0.442008
0.456079
0.471195
0.487382
0.504662
0.523044
0.542536
0.563134
0.584828
0.607595
0.63141
0.656234
0.682023
0.708729
0.736304
0.764695
0.793849
0.823717
0.854258
0.885428
0.91719
0.949501
0.982324
1.01561
1.04933
1.08344
1.11789
1.15264
1.18767
1.22292
1.25835
1.29394
1.32964
1.36541
1.40122
1.43703
1.47284
1.50862
1.54436
1.58005
1.61566
1.65116
1.68649
1.72161
1.75647
1.79104
1.82529
1.85915
1.89261
1.92558
1.95807
1.98996
2.02129
2.05179
2.08158
2.11055
2.13874
2.16591
2.19203
2.21703
2.24084
2.26363
2.28497
2.3049
2.32329
2.3401
2.35529
2.36863
2.38022
2.38981
2.39782
2.40454
2.41472
2.42773
2.42667
2.42295
2.4166
2.40758
2.39585
2.38139
2.36417
2.34412
2.32121
2.29537
2.26658
2.23478
2.19997
2.16212
2.12126
2.07741
2.03061
1.98093
1.92849
1.8734
1.81583
1.75598
1.69408
1.63041
1.56529
1.49907
1.43217
1.36503
1.29812
1.23192
1.16697
1.10376
1.04282
0.984585
0.929476
0.877869
0.829953
0.786005
0.746012
0.710017
0.677991
0.649647
0.625149
0.603767
0.585595
0.570028
0.557243
0.546377
0.538176
0.530699
0.526187
0.521808
0.518884
0.517327
0.518065
0.518798
0.520005
0.521557
0.523357
0.525379
0.527522
0.529758
0.532062
0.534429
0.536799
0.539179
0.541538
0.543863
0.546175
0.548476
0.550773
0.553044
0.555309
0.557558
0.55979
0.562022
0.564276
0.566507
0.568728
0.57093
0.573121
0.575316
0.577431
0.579512
0.581639
0.583813
0.586017
0.588286
0.590525
0.592832
0.59496
0.597056
0.599215
0.60148
0.603838
0.606286
0.608814
0.611392
0.614015
0.616655
0.619343
0.622028
0.6247
0.627359
0.630005
0.632635
0.635244
0.637829
0.640388
0.642915
0.645402
0.647852
0.650257
0.652617
0.654943
0.657237
0.6595
0.661742
0.663974
0.666211
0.668473
0.670779
0.673158
0.675636
0.678244
0.681017
0.68399
0.6872
0.690687
0.694482
0.698618
0.703128
0.708041
0.71338
0.719162
0.725399
0.732093
0.739243
0.746839
0.754865
0.763296
0.772108
0.781247
0.790701
0.800379
0.810218
0.820223
0.830356
0.840493
0.850718
0.860883
0.870924
0.880797
0.890437
0.899841
0.908893
0.917597
0.925883
0.933722
0.941065
0.947906
0.954197
0.959939
0.965105
0.969662
0.973537
0.976715
0.978338
0.979322
0.980315
0.980373
0.980441
0.98063
0.981057
0.980217
0.979859
0.97912
0.977903
0.97626
0.974232
0.971852
0.969144
0.966126
0.962812
0.959233
0.955334
0.951471
0.946031
0.338036
0.337459
0.336882
0.336303
0.335724
0.335143
0.334562
0.33398
0.333397
0.332814
0.33223
0.331646
0.331061
0.330477
0.329892
0.329307
0.328722
0.328137
0.327551
0.326966
0.326381
0.325796
0.325211
0.324627
0.324042
0.323458
0.322874
0.322291
0.321708
0.321126
0.320544
0.319963
0.319383
0.318804
0.318226
0.317649
0.317075
0.316502
0.315931
0.315363
0.314797
0.314235
0.313677
0.313123
0.312573
0.312029
0.311491
0.310959
0.310434
0.309916
0.309408
0.308909
0.308421
0.307944
0.307481
0.307031
0.306596
0.306178
0.305776
0.305395
0.305032
0.304694
0.304383
0.304095
0.303833
0.303602
0.303404
0.30324
0.303117
0.303034
0.302991
0.303002
0.30305
0.303157
0.303332
0.30357
0.303871
0.304246
0.304703
0.305243
0.30588
0.306618
0.307471
0.308451
0.309571
0.310838
0.312268
0.313876
0.315677
0.317689
0.31993
0.322423
0.325193
0.328264
0.331661
0.335416
0.339559
0.344125
0.349146
0.354665
0.360719
0.367353
0.374609
0.382534
0.391171
0.400565
0.410759
0.421795
0.433712
0.446548
0.460333
0.475094
0.490854
0.50763
0.525433
0.544268
0.564136
0.585031
0.606941
0.629852
0.65374
0.678579
0.704334
0.730967
0.758436
0.786693
0.815688
0.845368
0.875677
0.906559
0.937952
0.969799
1.00204
1.03462
1.0675
1.10062
1.13394
1.16743
1.20105
1.23474
1.26845
1.30213
1.33572
1.36917
1.40243
1.43543
1.46815
1.50049
1.53247
1.56393
1.59494
1.62522
1.65492
1.6838
1.71206
1.73921
1.7655
1.79061
1.81477
1.83768
1.85933
1.87979
1.8989
1.91655
1.93257
1.94672
1.95919
1.96968
1.97864
1.98615
1.99469
2.01148
2.01329
2.0116
2.00676
1.99909
1.98872
1.97571
1.96006
1.94171
1.92066
1.89686
1.8703
1.84096
1.80887
1.77406
1.73656
1.69647
1.65387
1.6089
1.56171
1.5125
1.46149
1.40895
1.35516
1.30047
1.24523
1.18984
1.13474
1.08033
1.02705
0.975312
0.925533
0.87804
0.833225
0.791283
0.752426
0.716808
0.684353
0.65524
0.629189
0.606223
0.586171
0.56874
0.554283
0.541597
0.531256
0.522547
0.515762
0.509908
0.506475
0.502322
0.502071
0.499983
0.501058
0.502079
0.503469
0.505079
0.506917
0.508914
0.511058
0.513299
0.515561
0.517857
0.520177
0.52252
0.524841
0.527129
0.5294
0.53163
0.533852
0.536052
0.53825
0.54042
0.542577
0.544723
0.546869
0.549003
0.551151
0.553262
0.555355
0.557396
0.55941
0.561405
0.563173
0.56496
0.56688
0.568913
0.570949
0.573109
0.575133
0.577294
0.578891
0.580675
0.582707
0.584958
0.587355
0.589854
0.592453
0.595097
0.597773
0.600462
0.60319
0.605911
0.608612
0.611296
0.613959
0.616604
0.619223
0.621818
0.624383
0.626912
0.629398
0.631845
0.634239
0.636594
0.638908
0.641182
0.643415
0.645613
0.647787
0.649949
0.652113
0.654298
0.656526
0.658821
0.661208
0.663718
0.666383
0.669235
0.672313
0.675638
0.679245
0.683168
0.687436
0.692071
0.697093
0.702514
0.708344
0.714586
0.721237
0.728286
0.735717
0.743515
0.751627
0.760067
0.768702
0.777598
0.786665
0.795874
0.805125
0.814484
0.823865
0.833193
0.842405
0.851451
0.860285
0.868886
0.877193
0.88514
0.892732
0.899878
0.906595
0.91282
0.918534
0.923733
0.928349
0.932336
0.935638
0.937894
0.939067
0.939264
0.939812
0.939956
0.940325
0.940529
0.939993
0.939126
0.939151
0.938338
0.937093
0.935463
0.933493
0.931203
0.928609
0.925723
0.922576
0.919102
0.915701
0.910631
0.340779
0.340249
0.339718
0.339185
0.338651
0.338114
0.337577
0.337037
0.336496
0.335954
0.335411
0.334866
0.33432
0.333773
0.333225
0.332677
0.332127
0.331576
0.331025
0.330473
0.32992
0.329367
0.328813
0.328258
0.327703
0.327147
0.326591
0.326034
0.325477
0.324919
0.324362
0.323804
0.323246
0.322687
0.322129
0.321571
0.321013
0.320455
0.319898
0.319341
0.318785
0.31823
0.317677
0.317125
0.316574
0.316025
0.315479
0.314936
0.314396
0.313858
0.313325
0.312797
0.312272
0.311753
0.31124
0.310734
0.310235
0.309743
0.30926
0.308787
0.308323
0.30787
0.307429
0.307002
0.306588
0.306189
0.305806
0.305439
0.305093
0.304766
0.304459
0.304177
0.303917
0.303683
0.303478
0.303306
0.303165
0.303061
0.303
0.302954
0.302966
0.303019
0.303135
0.303305
0.303532
0.303815
0.30417
0.304597
0.305096
0.305679
0.306356
0.30714
0.308037
0.309055
0.310202
0.311491
0.312935
0.314543
0.316331
0.318317
0.320519
0.322957
0.325652
0.328625
0.331901
0.335506
0.339468
0.343817
0.348584
0.353805
0.359514
0.365748
0.372545
0.379944
0.387982
0.396698
0.406133
0.416324
0.427309
0.439123
0.4518
0.46537
0.479858
0.495285
0.511668
0.529012
0.547322
0.566592
0.586808
0.607949
0.629988
0.652889
0.676609
0.701106
0.726327
0.752224
0.778736
0.805822
0.833412
0.86146
0.889892
0.918652
0.947667
0.976865
1.0062
1.03556
1.06496
1.0942
1.12337
1.15224
1.18091
1.20909
1.23692
1.26411
1.29089
1.31673
1.34201
1.36616
1.38965
1.41166
1.43283
1.45267
1.47152
1.48884
1.50537
1.52006
1.53327
1.54471
1.55444
1.56285
1.57213
1.58465
1.59846
1.59684
1.59397
1.5882
1.57994
1.56933
1.55632
1.5409
1.52304
1.50274
1.48
1.45486
1.42735
1.39756
1.36558
1.33153
1.29557
1.25788
1.21865
1.17814
1.13659
1.09431
1.05161
1.00882
0.966307
0.924399
0.883477
0.843828
0.805755
0.769525
0.735349
0.703375
0.673868
0.646731
0.622113
0.599964
0.580054
0.562642
0.547233
0.533998
0.522601
0.513024
0.505795
0.498836
0.493841
0.489814
0.487028
0.484085
0.484341
0.484484
0.485334
0.486288
0.487753
0.489439
0.491325
0.493346
0.495484
0.497681
0.499945
0.502228
0.504495
0.506772
0.509038
0.511309
0.51355
0.515736
0.517908
0.520049
0.522179
0.524285
0.526391
0.528463
0.53054
0.532589
0.534652
0.536657
0.538718
0.540642
0.542529
0.544314
0.546076
0.547691
0.548798
0.55028
0.552091
0.554076
0.555937
0.558005
0.559657
0.561619
0.56203
0.563641
0.565827
0.568286
0.570893
0.573579
0.576348
0.579136
0.581942
0.584741
0.587556
0.59035
0.593119
0.595863
0.59858
0.601271
0.603935
0.606562
0.609153
0.611701
0.614205
0.616665
0.619065
0.621434
0.623749
0.626009
0.628218
0.63038
0.632505
0.634603
0.636686
0.638768
0.640869
0.643008
0.645207
0.647495
0.6499
0.652451
0.655181
0.658103
0.661256
0.664675
0.668385
0.672407
0.676761
0.681463
0.686525
0.691953
0.697752
0.703913
0.71043
0.717294
0.724455
0.731942
0.739609
0.747595
0.75577
0.7641
0.772484
0.781025
0.78963
0.798233
0.806768
0.815198
0.823454
0.831552
0.839428
0.847012
0.854288
0.861176
0.867705
0.873808
0.87945
0.884636
0.889273
0.893327
0.896721
0.899326
0.900358
0.900816
0.901569
0.901926
0.901663
0.902088
0.901232
0.900835
0.901045
0.900565
0.899668
0.898402
0.896829
0.89495
0.892776
0.890316
0.887604
0.884559
0.881621
0.876954
0.342831
0.342343
0.341852
0.341359
0.340865
0.340367
0.339868
0.339367
0.338864
0.33836
0.337853
0.337345
0.336835
0.336323
0.33581
0.335296
0.33478
0.334263
0.333745
0.333225
0.332704
0.332182
0.331659
0.331135
0.33061
0.330084
0.329557
0.329028
0.328499
0.327969
0.327439
0.326907
0.326375
0.325842
0.325309
0.324774
0.32424
0.323705
0.323169
0.322633
0.322097
0.321561
0.321025
0.320489
0.319953
0.319418
0.318883
0.318349
0.317816
0.317284
0.316754
0.316225
0.315699
0.315174
0.314652
0.314133
0.313618
0.313106
0.312598
0.312094
0.311595
0.311101
0.310613
0.310132
0.309658
0.309192
0.308733
0.308283
0.307843
0.307413
0.306994
0.306587
0.306193
0.305812
0.305445
0.305095
0.304761
0.304446
0.304151
0.303873
0.303617
0.303382
0.303175
0.302995
0.30285
0.302728
0.302649
0.302603
0.302557
0.302573
0.302641
0.302767
0.302939
0.303163
0.303439
0.303784
0.304189
0.304656
0.305203
0.30584
0.306572
0.307404
0.308343
0.309397
0.310578
0.311892
0.31335
0.314967
0.316758
0.318737
0.32092
0.323323
0.325966
0.328868
0.332049
0.335533
0.339343
0.343506
0.34805
0.353004
0.358398
0.364266
0.370639
0.377551
0.385037
0.39313
0.401862
0.411267
0.421374
0.43221
0.443798
0.456158
0.469303
0.483242
0.497976
0.513509
0.529829
0.546927
0.564777
0.583364
0.602644
0.622586
0.643144
0.664254
0.6859
0.707943
0.730396
0.753089
0.776077
0.799149
0.822391
0.845538
0.868716
0.891606
0.914431
0.936694
0.958776
0.980033
1.00098
1.02077
1.04007
1.05804
1.07523
1.09121
1.10611
1.1201
1.13312
1.14488
1.15506
1.16369
1.17332
1.18093
1.19928
1.20498
1.20717
1.2024
1.19639
1.18891
1.17956
1.1682
1.15481
1.13941
1.12203
1.10273
1.08159
1.05873
1.03427
1.00837
0.981217
0.953007
0.923941
0.894279
0.86425
0.834142
0.8042
0.774717
0.745936
0.718093
0.691441
0.666068
0.642143
0.619801
0.599029
0.579935
0.562719
0.547028
0.533181
0.520874
0.509859
0.500656
0.492535
0.485893
0.480063
0.475895
0.473589
0.469468
0.467991
0.467096
0.467928
0.468633
0.469764
0.471131
0.472745
0.474529
0.476461
0.478507
0.48065
0.482859
0.485107
0.48736
0.489619
0.491862
0.494089
0.49631
0.498491
0.500673
0.50282
0.504921
0.507001
0.509059
0.511097
0.513124
0.515148
0.517135
0.519143
0.521085
0.523046
0.524874
0.526834
0.528383
0.529882
0.531207
0.532617
0.533274
0.533153
0.534776
0.536877
0.538927
0.540513
0.542491
0.543318
0.545031
0.542597
0.545296
0.548326
0.551351
0.554384
0.557424
0.560471
0.563486
0.566491
0.569455
0.5724
0.575312
0.578192
0.581029
0.583829
0.586592
0.589329
0.59201
0.594648
0.597233
0.599772
0.602246
0.604669
0.607055
0.609372
0.611621
0.613807
0.615935
0.618017
0.620058
0.62207
0.624064
0.626057
0.628063
0.630104
0.632209
0.634398
0.636699
0.639136
0.641716
0.644491
0.647486
0.65072
0.654215
0.65799
0.662064
0.66645
0.671161
0.676201
0.681568
0.687263
0.69328
0.699573
0.706181
0.712974
0.720081
0.727418
0.734929
0.742519
0.750287
0.758143
0.76603
0.773893
0.781697
0.789386
0.796948
0.80437
0.811569
0.818506
0.825119
0.831414
0.837352
0.84289
0.848012
0.852621
0.85672
0.860183
0.862971
0.864546
0.864963
0.865408
0.865545
0.865628
0.866078
0.865362
0.864966
0.865156
0.864947
0.864339
0.863388
0.862211
0.860739
0.85898
0.856946
0.85467
0.85206
0.849584
0.845354
0.344351
0.343898
0.343442
0.342983
0.342523
0.34206
0.341594
0.341127
0.340657
0.340185
0.339712
0.339236
0.338758
0.338278
0.337797
0.337314
0.336829
0.336343
0.335855
0.335365
0.334874
0.334382
0.333888
0.333393
0.332896
0.332398
0.331899
0.331399
0.330898
0.330395
0.329891
0.329386
0.32888
0.328374
0.327866
0.327357
0.326847
0.326337
0.325826
0.325313
0.324801
0.324287
0.323773
0.323259
0.322744
0.322229
0.321714
0.321198
0.320683
0.320167
0.319652
0.319137
0.318622
0.318109
0.317596
0.317084
0.316573
0.316064
0.315557
0.315052
0.314548
0.314047
0.313549
0.313054
0.312563
0.312075
0.311591
0.311112
0.310637
0.310168
0.309705
0.309248
0.308797
0.308354
0.307919
0.307492
0.307073
0.306665
0.306267
0.30588
0.305504
0.30514
0.30479
0.304454
0.304136
0.303831
0.303547
0.303282
0.30303
0.302798
0.30259
0.302411
0.302259
0.302137
0.302037
0.301986
0.30194
0.301901
0.301935
0.302027
0.302161
0.302339
0.302564
0.302839
0.303175
0.303558
0.304006
0.304531
0.305138
0.305829
0.30661
0.307486
0.308466
0.309556
0.310762
0.312096
0.313569
0.315194
0.316981
0.318944
0.321096
0.323452
0.326028
0.328838
0.331904
0.335243
0.338877
0.342827
0.347115
0.351764
0.356797
0.362239
0.368111
0.374438
0.381241
0.388542
0.396359
0.404715
0.413619
0.42309
0.433133
0.44375
0.454953
0.466711
0.479048
0.49191
0.50535
0.51925
0.533674
0.548478
0.563727
0.579246
0.595117
0.611116
0.627375
0.643577
0.659888
0.675915
0.691882
0.707381
0.722615
0.737172
0.751263
0.764635
0.776834
0.788649
0.799406
0.80973
0.819244
0.827781
0.836458
0.843635
0.853887
0.860807
0.872085
0.872365
0.871003
0.867592
0.8625
0.855818
0.847591
0.837848
0.826646
0.814069
0.800215
0.785215
0.769203
0.75234
0.734768
0.716679
0.698205
0.679598
0.660983
0.642612
0.624593
0.607182
0.590435
0.574553
0.559601
0.545519
0.53244
0.520438
0.509241
0.499251
0.4905
0.482494
0.475905
0.469957
0.464474
0.460507
0.457007
0.454522
0.451592
0.451641
0.452051
0.451893
0.452689
0.453677
0.455049
0.456604
0.458339
0.460241
0.46224
0.464325
0.466474
0.468683
0.47092
0.473164
0.475409
0.477636
0.479849
0.482033
0.484201
0.48634
0.488435
0.490534
0.492598
0.494622
0.496619
0.498606
0.50057
0.502526
0.504478
0.506361
0.508315
0.510086
0.51189
0.513403
0.515162
0.515775
0.516492
0.517092
0.518007
0.515783
0.515363
0.518109
0.521125
0.522947
0.523866
0.525657
0.524459
0.526129
0.523975
0.526824
0.530735
0.534469
0.538053
0.541543
0.544936
0.548237
0.551475
0.554636
0.557749
0.560813
0.563829
0.566779
0.569688
0.572543
0.575362
0.57811
0.580806
0.58344
0.586016
0.58852
0.590961
0.59336
0.595679
0.597916
0.600079
0.602176
0.604217
0.606209
0.608158
0.610074
0.611977
0.613873
0.615786
0.617744
0.619758
0.621854
0.624044
0.626359
0.628824
0.63146
0.634288
0.637332
0.640612
0.644145
0.647949
0.652035
0.656409
0.661077
0.666047
0.671309
0.676824
0.682642
0.688653
0.694971
0.701537
0.708284
0.715156
0.72219
0.729333
0.736535
0.743752
0.750947
0.758077
0.765106
0.77206
0.778853
0.785458
0.791795
0.797848
0.803601
0.808995
0.814012
0.818578
0.822695
0.826205
0.829111
0.830952
0.831998
0.832436
0.832107
0.832286
0.83278
0.832708
0.831806
0.831696
0.831854
0.831431
0.830709
0.829976
0.828907
0.827553
0.825946
0.824106
0.82194
0.819921
0.816155
0.345458
0.345033
0.344607
0.344177
0.343746
0.343312
0.342875
0.342436
0.341995
0.341552
0.341106
0.340659
0.340209
0.339758
0.339304
0.338849
0.338391
0.337932
0.337472
0.337009
0.336545
0.336079
0.335612
0.335143
0.334673
0.334201
0.333728
0.333254
0.332778
0.332301
0.331822
0.331343
0.330862
0.33038
0.329897
0.329413
0.328927
0.328441
0.327954
0.327466
0.326976
0.326486
0.325996
0.325504
0.325012
0.324519
0.324025
0.323531
0.323036
0.322541
0.322046
0.32155
0.321054
0.320558
0.320062
0.319566
0.31907
0.318575
0.31808
0.317586
0.317092
0.3166
0.316108
0.315618
0.315129
0.314643
0.314158
0.313675
0.313194
0.312717
0.312242
0.31177
0.311302
0.310838
0.310377
0.309921
0.30947
0.309024
0.308584
0.30815
0.307722
0.307301
0.306888
0.306482
0.306086
0.305697
0.30532
0.304953
0.304596
0.30425
0.303916
0.303596
0.303291
0.303002
0.302727
0.302476
0.302236
0.302009
0.301803
0.301625
0.301474
0.301347
0.301251
0.301176
0.30113
0.301066
0.30107
0.301136
0.301247
0.301391
0.301575
0.301803
0.302081
0.302403
0.30277
0.303205
0.303712
0.30429
0.304943
0.305675
0.306494
0.307401
0.308401
0.309504
0.31072
0.312056
0.313521
0.315123
0.316873
0.31878
0.320855
0.323108
0.325551
0.328198
0.331062
0.334154
0.337491
0.341084
0.344948
0.349098
0.353546
0.358302
0.363387
0.368797
0.374562
0.380663
0.387143
0.393969
0.401183
0.408735
0.416667
0.424913
0.433513
0.442381
0.451562
0.460932
0.470571
0.48035
0.490275
0.500244
0.51021
0.520061
0.529796
0.539284
0.548353
0.557184
0.565198
0.573141
0.580601
0.587803
0.595061
0.601622
0.608875
0.615725
0.62229
0.627941
0.632914
0.632638
0.631237
0.628688
0.625061
0.620363
0.614699
0.608148
0.600817
0.59282
0.584255
0.57524
0.565853
0.556228
0.546414
0.536685
0.526977
0.51758
0.508403
0.499792
0.49155
0.484011
0.476895
0.470235
0.464193
0.458799
0.453342
0.449174
0.44549
0.442161
0.440127
0.437932
0.43508
0.434112
0.43355
0.434572
0.435412
0.436501
0.437855
0.43927
0.440885
0.442632
0.44451
0.446483
0.448531
0.450667
0.452829
0.455023
0.457239
0.459497
0.461753
0.463982
0.466188
0.468371
0.470519
0.472641
0.474743
0.47681
0.478834
0.480861
0.48285
0.484807
0.486741
0.488676
0.490562
0.492456
0.494313
0.496026
0.497942
0.499301
0.500804
0.501628
0.502749
0.500848
0.500068
0.500149
0.499846
0.500152
0.499597
0.50237
0.505275
0.504593
0.504362
0.50548
0.507958
0.507201
0.506568
0.509631
0.514051
0.518315
0.522382
0.526273
0.529997
0.533581
0.53705
0.540414
0.543701
0.546917
0.550064
0.55314
0.556162
0.559113
0.562004
0.564821
0.567572
0.570253
0.572859
0.5754
0.577859
0.580264
0.582575
0.584797
0.586938
0.589006
0.591013
0.59296
0.594852
0.59671
0.59854
0.600355
0.602172
0.60401
0.605878
0.607805
0.609791
0.611898
0.61411
0.616448
0.618939
0.621608
0.624472
0.627552
0.63086
0.634412
0.638215
0.642285
0.646629
0.651229
0.656066
0.6612
0.666523
0.672166
0.678036
0.684078
0.690267
0.696631
0.70312
0.709687
0.716303
0.722925
0.72951
0.736056
0.74256
0.748947
0.755197
0.761251
0.767067
0.77263
0.777868
0.782773
0.787299
0.791407
0.794953
0.797944
0.800057
0.801551
0.801598
0.801699
0.801975
0.80245
0.802634
0.801742
0.801597
0.801788
0.801402
0.800515
0.800486
0.799771
0.798799
0.797627
0.79622
0.79451
0.792936
0.789616
0.346242
0.345842
0.345439
0.345034
0.344626
0.344216
0.343804
0.343389
0.342973
0.342553
0.342132
0.341709
0.341283
0.340856
0.340426
0.339995
0.339561
0.339126
0.338689
0.33825
0.33781
0.337368
0.336924
0.336479
0.336032
0.335584
0.335134
0.334682
0.33423
0.333776
0.33332
0.332864
0.332406
0.331947
0.331487
0.331025
0.330563
0.330099
0.329634
0.329168
0.328702
0.328234
0.327765
0.327296
0.326825
0.326354
0.325882
0.32541
0.324936
0.324462
0.323987
0.323512
0.323036
0.32256
0.322084
0.321607
0.321129
0.320652
0.320175
0.319697
0.31922
0.318742
0.318265
0.317789
0.317312
0.316837
0.316362
0.315888
0.315415
0.314944
0.314473
0.314004
0.313537
0.313072
0.312609
0.312148
0.31169
0.311234
0.310782
0.310332
0.309887
0.309445
0.309007
0.308574
0.308146
0.307722
0.307304
0.306893
0.306487
0.306088
0.305696
0.305312
0.304936
0.30457
0.304211
0.303865
0.303528
0.3032
0.302884
0.30258
0.30229
0.302016
0.301757
0.301513
0.30129
0.301072
0.300872
0.300698
0.30055
0.300426
0.300326
0.300254
0.300199
0.300158
0.300099
0.300145
0.300235
0.300353
0.300505
0.300693
0.300928
0.301184
0.301488
0.301852
0.302277
0.30276
0.303305
0.303912
0.304589
0.305337
0.306156
0.307055
0.308041
0.309119
0.310295
0.311574
0.31296
0.314462
0.316083
0.317832
0.319712
0.321731
0.3239
0.326222
0.328712
0.331369
0.334212
0.337234
0.340462
0.343882
0.347519
0.351358
0.355423
0.359692
0.364184
0.368874
0.373773
0.378868
0.384137
0.389574
0.39514
0.400808
0.406555
0.412348
0.418115
0.423905
0.42953
0.435163
0.440637
0.446174
0.45182
0.457335
0.463002
0.468663
0.47392
0.478886
0.482868
0.485401
0.487049
0.487227
0.486578
0.485114
0.483152
0.480684
0.47783
0.474626
0.471177
0.46747
0.463525
0.459438
0.455207
0.451177
0.446968
0.443131
0.439193
0.436009
0.432775
0.430242
0.427439
0.425136
0.423271
0.421801
0.418956
0.41888
0.417007
0.416476
0.417493
0.418251
0.418774
0.419617
0.420658
0.422028
0.423583
0.425298
0.427157
0.429097
0.431112
0.433177
0.435283
0.437419
0.43959
0.441797
0.444006
0.446224
0.448449
0.450708
0.452948
0.455155
0.45733
0.459474
0.461575
0.463638
0.46568
0.467693
0.46966
0.471625
0.473548
0.47545
0.47732
0.479206
0.480982
0.482816
0.484476
0.485841
0.487747
0.487923
0.488747
0.487818
0.486401
0.488243
0.485669
0.487759
0.4859
0.488107
0.48561
0.488045
0.487417
0.489956
0.488479
0.490731
0.492264
0.493375
0.491279
0.494388
0.499012
0.503541
0.507887
0.512033
0.515991
0.51979
0.523439
0.526975
0.530404
0.533745
0.537013
0.540194
0.543308
0.546332
0.54928
0.552146
0.554935
0.557643
0.560269
0.562822
0.565293
0.567695
0.569991
0.572198
0.574315
0.576358
0.578332
0.580235
0.582078
0.583887
0.58566
0.587411
0.589156
0.5909
0.592657
0.594451
0.596282
0.598205
0.600212
0.602317
0.604543
0.606914
0.609442
0.612153
0.615052
0.618163
0.621494
0.625069
0.628886
0.632933
0.637212
0.641761
0.646498
0.651525
0.656776
0.662195
0.667764
0.673534
0.679437
0.685433
0.691506
0.697595
0.703706
0.709806
0.715906
0.721908
0.727797
0.733566
0.739141
0.744505
0.749599
0.75441
0.758878
0.762977
0.766562
0.769634
0.771975
0.7738
0.774152
0.774509
0.77488
0.775108
0.775506
0.774907
0.774827
0.775084
0.774339
0.773985
0.774122
0.773606
0.77297
0.772277
0.771286
0.770052
0.768899
0.765927
0.346776
0.346395
0.346012
0.345626
0.345238
0.344848
0.344456
0.344061
0.343665
0.343266
0.342865
0.342462
0.342056
0.341649
0.34124
0.340829
0.340416
0.340001
0.339585
0.339166
0.338746
0.338325
0.337901
0.337476
0.33705
0.336622
0.336193
0.335762
0.33533
0.334896
0.334461
0.334025
0.333587
0.333149
0.332709
0.332268
0.331826
0.331382
0.330938
0.330493
0.330047
0.329599
0.329151
0.328702
0.328252
0.327801
0.327349
0.326897
0.326444
0.32599
0.325535
0.32508
0.324624
0.324167
0.32371
0.323252
0.322794
0.322336
0.321877
0.321418
0.320958
0.320498
0.320039
0.319579
0.319119
0.318659
0.318199
0.31774
0.31728
0.316822
0.316363
0.315906
0.315449
0.314993
0.314538
0.314084
0.313631
0.31318
0.31273
0.312282
0.311836
0.311391
0.31095
0.310511
0.310074
0.30964
0.30921
0.308783
0.308359
0.30794
0.307524
0.307113
0.306708
0.306307
0.305911
0.305522
0.305139
0.304762
0.304392
0.30403
0.303675
0.303329
0.302992
0.302665
0.302349
0.302041
0.301743
0.301457
0.301185
0.300926
0.300682
0.300454
0.300241
0.30004
0.299845
0.299676
0.299534
0.299413
0.299316
0.299242
0.299193
0.299067
0.299036
0.299087
0.299165
0.299262
0.299384
0.299538
0.299728
0.299942
0.300178
0.300469
0.300811
0.301201
0.30164
0.302126
0.302665
0.303256
0.303905
0.304607
0.305364
0.306186
0.307078
0.308043
0.309086
0.310209
0.311418
0.312715
0.314107
0.315597
0.317199
0.318911
0.320749
0.322711
0.324809
0.327044
0.329423
0.331953
0.33463
0.337466
0.340455
0.343596
0.346889
0.350331
0.353908
0.357639
0.361467
0.365438
0.369461
0.373677
0.377975
0.382365
0.386925
0.391553
0.39579
0.399638
0.402922
0.40542
0.407437
0.408597
0.409228
0.409258
0.409469
0.409117
0.408884
0.408344
0.407937
0.407167
0.406196
0.405151
0.403914
0.402886
0.401492
0.400584
0.398925
0.39925
0.397941
0.398362
0.397219
0.397923
0.398784
0.399499
0.399909
0.400707
0.401537
0.402527
0.40378
0.405208
0.406686
0.408325
0.410063
0.411932
0.413919
0.41598
0.418095
0.420231
0.422385
0.424546
0.426719
0.428898
0.431098
0.433311
0.435532
0.437755
0.439991
0.442231
0.444448
0.446643
0.4488
0.450927
0.452994
0.455017
0.457016
0.458986
0.460894
0.462795
0.464652
0.466484
0.468288
0.470105
0.471659
0.473358
0.474458
0.475039
0.476965
0.473444
0.472608
0.471974
0.47178
0.473784
0.47224
0.472054
0.472602
0.47516
0.472674
0.472855
0.473027
0.474319
0.475006
0.476672
0.476803
0.477733
0.477788
0.481165
0.485955
0.490559
0.494972
0.499194
0.503245
0.507142
0.510891
0.514525
0.518045
0.521475
0.524808
0.528052
0.531209
0.534271
0.53724
0.540111
0.542897
0.545604
0.548228
0.55077
0.553233
0.555601
0.557874
0.560053
0.562141
0.564152
0.566084
0.567944
0.569751
0.571512
0.573242
0.57494
0.576632
0.578319
0.580006
0.581707
0.58343
0.58521
0.58706
0.588991
0.591018
0.593162
0.595431
0.597855
0.600443
0.603215
0.60617
0.609348
0.612733
0.616337
0.620164
0.624226
0.628474
0.63296
0.637672
0.642553
0.647596
0.652849
0.658241
0.663736
0.669328
0.674947
0.680656
0.686351
0.69207
0.697727
0.7033
0.708805
0.714146
0.719312
0.724281
0.72901
0.733425
0.737511
0.741157
0.744325
0.746893
0.748983
0.750098
0.750814
0.751376
0.75139
0.751572
0.751556
0.751528
0.751866
0.751209
0.751037
0.751244
0.750549
0.750231
0.750185
0.749533
0.748819
0.748041
0.745753
0.347117
0.346751
0.346384
0.346014
0.345642
0.345268
0.344892
0.344514
0.344133
0.343751
0.343366
0.34298
0.342591
0.342201
0.341809
0.341415
0.341019
0.340621
0.340222
0.339821
0.339418
0.339013
0.338608
0.3382
0.337791
0.337381
0.336969
0.336556
0.336141
0.335725
0.335308
0.33489
0.33447
0.334049
0.333627
0.333204
0.33278
0.332355
0.331929
0.331502
0.331073
0.330644
0.330214
0.329783
0.329352
0.328919
0.328486
0.328051
0.327617
0.327181
0.326745
0.326308
0.32587
0.325432
0.324993
0.324553
0.324113
0.323673
0.323232
0.322791
0.322349
0.321907
0.321465
0.321022
0.320579
0.320136
0.319693
0.319249
0.318806
0.318363
0.31792
0.317477
0.317034
0.316591
0.316149
0.315707
0.315266
0.314826
0.314386
0.313947
0.313509
0.313072
0.312637
0.312203
0.31177
0.311339
0.310909
0.310482
0.310057
0.309634
0.309213
0.308795
0.308381
0.307969
0.30756
0.307155
0.306754
0.306357
0.305965
0.305576
0.305193
0.304815
0.304443
0.304076
0.303716
0.303362
0.303015
0.302675
0.302343
0.302018
0.301703
0.301397
0.301101
0.300815
0.300536
0.300269
0.300014
0.299772
0.299545
0.299331
0.299136
0.298937
0.298755
0.298599
0.298466
0.298354
0.298259
0.298191
0.298118
0.298064
0.297959
0.29799
0.298046
0.298118
0.29821
0.298324
0.298467
0.298633
0.298832
0.29903
0.299258
0.299535
0.299851
0.300206
0.3006
0.301029
0.301501
0.30201
0.302566
0.303169
0.303835
0.304564
0.305366
0.306244
0.307208
0.308265
0.309418
0.310687
0.312069
0.313587
0.315242
0.317051
0.319022
0.321165
0.323479
0.325983
0.328643
0.331524
0.334524
0.337818
0.341158
0.344697
0.348445
0.352183
0.355552
0.358549
0.361219
0.363522
0.365542
0.367213
0.368609
0.369754
0.370772
0.371655
0.37244
0.373137
0.373787
0.374346
0.374833
0.375272
0.375688
0.376206
0.37663
0.377239
0.377789
0.378689
0.37955
0.380662
0.381615
0.382764
0.384059
0.385423
0.386792
0.388276
0.389826
0.391483
0.393206
0.395074
0.396955
0.399
0.40103
0.403183
0.405394
0.407587
0.409766
0.411931
0.414099
0.416274
0.418461
0.420659
0.422872
0.425086
0.427318
0.429557
0.431807
0.434051
0.436266
0.438469
0.440619
0.442744
0.444778
0.44677
0.448717
0.450646
0.452486
0.454322
0.456094
0.457799
0.45951
0.461131
0.462124
0.463275
0.462675
0.461477
0.463252
0.459945
0.459232
0.459285
0.459033
0.458911
0.461735
0.460916
0.462586
0.464213
0.461608
0.46193
0.462252
0.464958
0.463855
0.465021
0.465618
0.468541
0.467243
0.470533
0.475122
0.479574
0.483864
0.488005
0.492003
0.495879
0.499634
0.503269
0.506807
0.510249
0.513583
0.516833
0.51997
0.523007
0.525925
0.528748
0.531478
0.534152
0.536746
0.539253
0.541664
0.543969
0.546193
0.548318
0.550352
0.552314
0.554194
0.556013
0.557786
0.559516
0.561218
0.562891
0.564552
0.56622
0.567873
0.569522
0.571187
0.572884
0.574633
0.576444
0.578335
0.58032
0.58241
0.58463
0.586987
0.589506
0.592194
0.595071
0.598117
0.601366
0.604832
0.608509
0.612366
0.616423
0.62069
0.625125
0.629733
0.634547
0.639509
0.644581
0.649768
0.655
0.660343
0.6657
0.671083
0.676448
0.681756
0.687029
0.692176
0.697184
0.702038
0.706699
0.711084
0.715161
0.718872
0.722162
0.724948
0.727277
0.728961
0.730041
0.730847
0.731409
0.731673
0.732033
0.731896
0.732238
0.73189
0.731852
0.732098
0.731667
0.73152
0.731627
0.731083
0.731057
0.730647
0.729081
0.347313
0.346959
0.346604
0.346246
0.345887
0.345526
0.345162
0.344797
0.344429
0.34406
0.343689
0.343315
0.342941
0.342564
0.342185
0.341805
0.341423
0.341039
0.340654
0.340267
0.339879
0.339489
0.339098
0.338705
0.338311
0.337915
0.337518
0.33712
0.33672
0.336319
0.335917
0.335514
0.33511
0.334704
0.334298
0.33389
0.333481
0.333072
0.332661
0.33225
0.331837
0.331424
0.33101
0.330595
0.330179
0.329763
0.329345
0.328927
0.328509
0.328089
0.327669
0.327248
0.326827
0.326405
0.325983
0.32556
0.325137
0.324713
0.324288
0.323863
0.323438
0.323013
0.322587
0.32216
0.321734
0.321307
0.32088
0.320452
0.320025
0.319597
0.319169
0.318741
0.318314
0.317886
0.317458
0.317031
0.316603
0.316176
0.315749
0.315323
0.314897
0.314472
0.314047
0.313623
0.3132
0.312778
0.312357
0.311937
0.311518
0.311101
0.310685
0.31027
0.309858
0.309447
0.309038
0.308632
0.308228
0.307826
0.307428
0.307032
0.306639
0.30625
0.305864
0.305481
0.305104
0.30473
0.304361
0.303996
0.303636
0.303282
0.302933
0.30259
0.302253
0.301923
0.3016
0.301283
0.300973
0.300672
0.300379
0.300095
0.299822
0.299555
0.299297
0.299049
0.298815
0.298593
0.298383
0.298187
0.298006
0.29783
0.297652
0.297503
0.297376
0.297268
0.297177
0.297099
0.297041
0.296993
0.296966
0.296833
0.296795
0.29685
0.296912
0.296982
0.297067
0.297159
0.297275
0.297388
0.297532
0.297687
0.297908
0.298149
0.298452
0.298805
0.299216
0.299692
0.300239
0.300872
0.301599
0.302437
0.303393
0.304491
0.305729
0.307144
0.308716
0.310494
0.312416
0.314583
0.316854
0.319428
0.322034
0.324878
0.32792
0.330915
0.333667
0.336161
0.338453
0.340571
0.342545
0.344367
0.346051
0.347606
0.349064
0.350439
0.351747
0.353003
0.354213
0.355397
0.356563
0.357718
0.358883
0.360068
0.361306
0.362579
0.363935
0.365352
0.366827
0.368401
0.36997
0.371564
0.373201
0.374893
0.37663
0.378442
0.380306
0.382268
0.384245
0.386368
0.38842
0.390713
0.392799
0.395186
0.397446
0.399561
0.401671
0.403808
0.405983
0.408189
0.410414
0.412656
0.414899
0.417139
0.419391
0.42166
0.423927
0.426191
0.428425
0.430651
0.432799
0.434918
0.436907
0.438865
0.440734
0.442606
0.444327
0.446062
0.447639
0.449074
0.45066
0.45146
0.450847
0.449472
0.451297
0.449592
0.448913
0.44781
0.447278
0.45018
0.448169
0.447847
0.44867
0.451666
0.452647
0.453958
0.45199
0.454295
0.454352
0.456696
0.455618
0.458568
0.457685
0.460248
0.458935
0.462016
0.466335
0.47053
0.474596
0.478539
0.482385
0.486143
0.489799
0.493341
0.496802
0.500165
0.503432
0.506608
0.50966
0.512572
0.515356
0.518057
0.520688
0.523296
0.525839
0.528268
0.530588
0.532815
0.534952
0.536983
0.538935
0.540822
0.542648
0.544427
0.546173
0.547896
0.549596
0.551278
0.552944
0.554615
0.556265
0.557914
0.559564
0.561239
0.562949
0.5647
0.566518
0.568406
0.570389
0.572482
0.574691
0.577034
0.579545
0.582209
0.585021
0.588007
0.59121
0.594599
0.598161
0.6019
0.605827
0.60992
0.614182
0.618644
0.623263
0.628006
0.63287
0.637807
0.642844
0.64793
0.653055
0.658188
0.663296
0.668371
0.673381
0.678277
0.683038
0.68764
0.692012
0.696107
0.699884
0.703307
0.706297
0.708869
0.710959
0.71252
0.7137
0.714705
0.714978
0.715789
0.715958
0.716166
0.716494
0.716541
0.716733
0.716947
0.716857
0.716871
0.716848
0.717016
0.716971
0.716148
0.347403
0.347058
0.346711
0.346363
0.346013
0.345661
0.345307
0.344951
0.344594
0.344235
0.343874
0.343512
0.343148
0.342782
0.342415
0.342045
0.341675
0.341302
0.340929
0.340553
0.340177
0.339799
0.339419
0.339038
0.338656
0.338273
0.337888
0.337502
0.337115
0.336726
0.336337
0.335946
0.335555
0.335162
0.334769
0.334374
0.333978
0.333582
0.333185
0.332786
0.332387
0.331987
0.331587
0.331186
0.330783
0.330381
0.329977
0.329573
0.329168
0.328763
0.328357
0.327951
0.327544
0.327136
0.326728
0.32632
0.325911
0.325501
0.325091
0.324681
0.32427
0.32386
0.323448
0.323037
0.322625
0.322212
0.3218
0.321387
0.320974
0.320561
0.320148
0.319735
0.319321
0.318908
0.318494
0.318081
0.317667
0.317254
0.316841
0.316428
0.316015
0.315603
0.315191
0.314779
0.314368
0.313957
0.313547
0.313137
0.312729
0.312321
0.311914
0.311508
0.311103
0.3107
0.310297
0.309896
0.309497
0.309099
0.308704
0.30831
0.307918
0.307528
0.307141
0.306756
0.306374
0.305995
0.305618
0.305245
0.304876
0.304509
0.304147
0.303789
0.303434
0.303085
0.30274
0.302399
0.302064
0.301734
0.30141
0.301091
0.300779
0.300474
0.300174
0.299882
0.299597
0.29932
0.299051
0.298791
0.298541
0.298298
0.298061
0.297834
0.297618
0.297414
0.297222
0.297041
0.296873
0.296714
0.296569
0.296411
0.296263
0.296141
0.296034
0.295941
0.295857
0.295774
0.295682
0.295588
0.295522
0.295387
0.29543
0.295318
0.295407
0.295488
0.295624
0.295788
0.296012
0.296305
0.296674
0.297134
0.297693
0.298375
0.299179
0.300145
0.301238
0.302528
0.303929
0.305575
0.307274
0.309304
0.311286
0.313587
0.31601
0.318371
0.320648
0.322829
0.324914
0.326911
0.328822
0.33065
0.332398
0.334073
0.335683
0.337242
0.338756
0.340239
0.341699
0.343151
0.344609
0.346064
0.347556
0.349033
0.350623
0.352161
0.353864
0.355464
0.357175
0.358888
0.360565
0.36228
0.364059
0.365912
0.367832
0.369828
0.37187
0.374
0.376123
0.378392
0.380519
0.382993
0.384965
0.387749
0.389607
0.391422
0.393534
0.395773
0.398067
0.400377
0.40268
0.404982
0.407265
0.409534
0.41181
0.414108
0.416393
0.418683
0.420937
0.423188
0.425315
0.427411
0.42931
0.431215
0.432951
0.434664
0.436156
0.43767
0.438731
0.439487
0.440778
0.437985
0.437504
0.437555
0.439372
0.440905
0.438332
0.437637
0.437305
0.437886
0.438054
0.438838
0.439972
0.443329
0.442642
0.444667
0.443828
0.446573
0.448508
0.450242
0.448903
0.451654
0.450799
0.451815
0.452093
0.455023
0.459221
0.463191
0.467025
0.470746
0.474394
0.47796
0.481414
0.484754
0.488041
0.491236
0.494362
0.497406
0.500263
0.50292
0.505486
0.508008
0.510532
0.513081
0.515543
0.517825
0.520011
0.522151
0.524164
0.526058
0.527894
0.529694
0.531479
0.533247
0.535002
0.536754
0.538487
0.540203
0.541908
0.543608
0.545291
0.546976
0.548659
0.550359
0.552083
0.553832
0.55564
0.5575
0.559445
0.561476
0.563614
0.565876
0.568281
0.570826
0.573504
0.576337
0.579369
0.582568
0.585932
0.589457
0.593155
0.597016
0.601041
0.605247
0.609618
0.614126
0.61876
0.623488
0.62831
0.633201
0.638145
0.643115
0.648084
0.653028
0.657941
0.662766
0.667474
0.672042
0.676419
0.680556
0.684416
0.687967
0.691144
0.69396
0.696375
0.698357
0.699952
0.701322
0.702265
0.703213
0.703979
0.704181
0.704809
0.705341
0.705734
0.706109
0.706433
0.706463
0.706784
0.706979
0.70728
0.707084
0.347421
0.347082
0.34674
0.346398
0.346054
0.345708
0.34536
0.345012
0.344661
0.344309
0.343956
0.343601
0.343245
0.342887
0.342527
0.342166
0.341804
0.34144
0.341075
0.340708
0.34034
0.339971
0.339601
0.339229
0.338856
0.338482
0.338106
0.33773
0.337352
0.336973
0.336594
0.336213
0.335831
0.335449
0.335065
0.334681
0.334295
0.333909
0.333522
0.333134
0.332746
0.332357
0.331967
0.331576
0.331185
0.330793
0.330401
0.330008
0.329614
0.32922
0.328826
0.328431
0.328035
0.327639
0.327243
0.326846
0.326449
0.326051
0.325653
0.325255
0.324856
0.324458
0.324058
0.323659
0.323259
0.322859
0.322459
0.322059
0.321658
0.321258
0.320857
0.320456
0.320055
0.319654
0.319253
0.318852
0.318451
0.31805
0.317649
0.317248
0.316847
0.316447
0.316047
0.315647
0.315247
0.314848
0.314449
0.31405
0.313653
0.313255
0.312859
0.312463
0.312067
0.311673
0.31128
0.310887
0.310496
0.310106
0.309717
0.30933
0.308944
0.308559
0.308176
0.307795
0.307416
0.30704
0.306665
0.306292
0.305922
0.305555
0.30519
0.304828
0.304469
0.304113
0.303761
0.303412
0.303067
0.302726
0.302388
0.302055
0.301727
0.301403
0.301084
0.300771
0.300462
0.300159
0.299862
0.299571
0.299287
0.299009
0.298737
0.298472
0.298214
0.297964
0.297721
0.297487
0.297261
0.297043
0.296834
0.296628
0.296426
0.296233
0.296048
0.295872
0.295706
0.295535
0.295381
0.295204
0.295051
0.294864
0.294729
0.294534
0.29441
0.294202
0.294213
0.294117
0.294182
0.294279
0.294448
0.29469
0.295013
0.295439
0.295966
0.296623
0.297393
0.298322
0.299357
0.300585
0.301889
0.303426
0.30501
0.306783
0.308706
0.310671
0.312626
0.314548
0.316426
0.318255
0.320035
0.321767
0.323452
0.325096
0.326698
0.328273
0.329817
0.331351
0.332876
0.334397
0.335942
0.337488
0.339087
0.340663
0.342398
0.343989
0.345846
0.347391
0.349082
0.350539
0.352076
0.353891
0.355841
0.357875
0.359967
0.362113
0.364289
0.366521
0.368739
0.371068
0.373256
0.375787
0.377661
0.380963
0.381011
0.383008
0.385817
0.388406
0.39087
0.393258
0.395593
0.397905
0.400196
0.40247
0.404758
0.407073
0.409368
0.411688
0.413953
0.416209
0.418254
0.420275
0.42198
0.423759
0.425228
0.426323
0.427474
0.428409
0.428002
0.426819
0.426493
0.426874
0.428516
0.42882
0.430285
0.431981
0.429986
0.43008
0.430283
0.430993
0.431369
0.434421
0.434427
0.43687
0.436376
0.437521
0.438337
0.441401
0.443529
0.44386
0.443876
0.444519
0.445013
0.447776
0.446832
0.449694
0.45367
0.457431
0.461075
0.464584
0.468025
0.471299
0.474413
0.477445
0.480506
0.483473
0.486449
0.489313
0.491773
0.494033
0.496354
0.498723
0.501211
0.503733
0.506011
0.508032
0.510124
0.512185
0.513975
0.515662
0.517389
0.519154
0.520957
0.522775
0.524599
0.526419
0.528216
0.529997
0.531767
0.533529
0.53528
0.537029
0.538777
0.540536
0.542314
0.544114
0.545964
0.547859
0.549832
0.551874
0.55402
0.556277
0.558658
0.561174
0.563815
0.566595
0.56955
0.572658
0.575923
0.579341
0.582921
0.586663
0.590562
0.594626
0.598851
0.603218
0.607715
0.61232
0.617021
0.621799
0.626638
0.631516
0.636409
0.641287
0.646143
0.650937
0.655633
0.660203
0.664609
0.668806
0.672756
0.676434
0.679789
0.682825
0.685516
0.687847
0.689827
0.691549
0.692966
0.694223
0.695353
0.69616
0.696963
0.697748
0.698384
0.699011
0.699635
0.70014
0.700679
0.701237
0.701761
0.702111
0.3474
0.347064
0.346727
0.346389
0.346049
0.345708
0.345365
0.345021
0.344676
0.344329
0.34398
0.343631
0.343279
0.342927
0.342573
0.342218
0.341862
0.341504
0.341145
0.340785
0.340424
0.340062
0.339698
0.339334
0.338968
0.338601
0.338233
0.337864
0.337494
0.337123
0.336751
0.336378
0.336004
0.33563
0.335254
0.334878
0.334501
0.334123
0.333744
0.333365
0.332985
0.332604
0.332223
0.331841
0.331459
0.331076
0.330693
0.330309
0.329924
0.329539
0.329154
0.328768
0.328382
0.327996
0.327609
0.327222
0.326834
0.326446
0.326058
0.32567
0.325281
0.324892
0.324503
0.324114
0.323725
0.323335
0.322945
0.322555
0.322165
0.321775
0.321385
0.320994
0.320604
0.320214
0.319823
0.319433
0.319042
0.318652
0.318262
0.317872
0.317482
0.317092
0.316702
0.316313
0.315924
0.315535
0.315146
0.314758
0.314371
0.313983
0.313597
0.31321
0.312825
0.31244
0.312056
0.311672
0.31129
0.310908
0.310527
0.310148
0.309769
0.309392
0.309016
0.308641
0.308268
0.307897
0.307527
0.307158
0.306792
0.306428
0.306065
0.305705
0.305347
0.304992
0.304639
0.304289
0.303941
0.303597
0.303255
0.302917
0.302582
0.302251
0.301924
0.3016
0.301281
0.300965
0.300654
0.300348
0.300047
0.29975
0.299459
0.299173
0.298892
0.298617
0.298348
0.298085
0.297828
0.297578
0.297333
0.297095
0.296861
0.296632
0.296408
0.296189
0.295977
0.295762
0.295558
0.295342
0.295139
0.294917
0.294715
0.294492
0.294289
0.294062
0.293852
0.293547
0.293419
0.293303
0.293397
0.293492
0.293655
0.2939
0.294221
0.294644
0.295163
0.295804
0.296547
0.297431
0.298412
0.299546
0.300779
0.302136
0.303621
0.305198
0.306828
0.308478
0.310127
0.311762
0.313376
0.314967
0.316532
0.318077
0.319599
0.321109
0.322605
0.3241
0.325602
0.327106
0.328648
0.330195
0.331795
0.333397
0.335158
0.336728
0.338606
0.34
0.340363
0.34111
0.343214
0.345904
0.348296
0.350573
0.352813
0.35505
0.35729
0.359554
0.361813
0.364127
0.366388
0.36878
0.370979
0.37347
0.375591
0.3777
0.379916
0.382172
0.384439
0.386699
0.388955
0.391209
0.393483
0.395742
0.398054
0.400371
0.402671
0.405013
0.407261
0.409433
0.411239
0.413061
0.414359
0.415751
0.416472
0.415167
0.416957
0.415933
0.416089
0.417264
0.417793
0.420947
0.420774
0.423389
0.422467
0.424438
0.423467
0.425481
0.426398
0.427285
0.426973
0.428658
0.430106
0.432041
0.433043
0.435531
0.436369
0.439025
0.441074
0.440748
0.440439
0.440658
0.440978
0.443595
0.442851
0.445555
0.44938
0.45294
0.45645
0.459726
0.462869
0.465617
0.468223
0.470916
0.473804
0.476552
0.479511
0.482085
0.483751
0.485575
0.48784
0.490201
0.492841
0.495189
0.497011
0.498752
0.501038
0.502895
0.504195
0.505679
0.507459
0.509346
0.511277
0.513219
0.51516
0.517083
0.518981
0.520859
0.522724
0.524577
0.526422
0.528263
0.530106
0.531958
0.533831
0.535728
0.53767
0.539659
0.54172
0.543851
0.546087
0.548416
0.55086
0.553424
0.556117
0.558936
0.561911
0.565031
0.568304
0.571722
0.575296
0.579027
0.58291
0.586946
0.591133
0.59546
0.599917
0.604486
0.609154
0.613902
0.618716
0.623573
0.628451
0.633325
0.638178
0.642981
0.647703
0.652311
0.656773
0.661048
0.665103
0.668914
0.672443
0.675683
0.678623
0.681253
0.683576
0.685635
0.687438
0.689039
0.690494
0.691739
0.69287
0.693948
0.694907
0.695815
0.696704
0.697549
0.698368
0.69924
0.700001
0.700899
0.347351
0.347018
0.346684
0.346349
0.346012
0.345674
0.345335
0.344994
0.344652
0.344309
0.343965
0.343619
0.343272
0.342924
0.342575
0.342225
0.341873
0.34152
0.341166
0.340811
0.340455
0.340097
0.339739
0.33938
0.339019
0.338658
0.338296
0.337933
0.33757
0.337205
0.33684
0.336473
0.336106
0.335738
0.335369
0.335
0.33463
0.334259
0.333888
0.333516
0.333143
0.33277
0.332396
0.332022
0.331647
0.331271
0.330896
0.330519
0.330143
0.329766
0.329388
0.32901
0.328632
0.328254
0.327875
0.327496
0.327117
0.326738
0.326358
0.325978
0.325598
0.325218
0.324838
0.324457
0.324076
0.323696
0.323315
0.322934
0.322553
0.322172
0.321791
0.32141
0.321028
0.320647
0.320266
0.319885
0.319504
0.319124
0.318743
0.318362
0.317982
0.317602
0.317222
0.316842
0.316462
0.316083
0.315704
0.315325
0.314947
0.314569
0.314192
0.313815
0.313439
0.313063
0.312688
0.312313
0.311939
0.311566
0.311194
0.310823
0.310452
0.310083
0.309714
0.309347
0.30898
0.308616
0.308252
0.30789
0.307529
0.30717
0.306812
0.306456
0.306102
0.30575
0.3054
0.305052
0.304706
0.304362
0.304021
0.303682
0.303347
0.303013
0.302683
0.302356
0.302032
0.301711
0.301394
0.30108
0.30077
0.300464
0.300162
0.299864
0.299571
0.299282
0.298997
0.298718
0.298443
0.298174
0.297909
0.29765
0.297395
0.297145
0.296899
0.296657
0.296419
0.29618
0.295947
0.29571
0.295478
0.295237
0.295002
0.294757
0.294519
0.294272
0.29401
0.293743
0.293532
0.29316
0.293132
0.292873
0.292944
0.29306
0.293201
0.293431
0.293743
0.294143
0.294629
0.295219
0.295902
0.296696
0.297591
0.298587
0.299686
0.30088
0.30215
0.303477
0.304841
0.306226
0.307621
0.309019
0.310415
0.311811
0.313202
0.314598
0.315994
0.317404
0.318832
0.320272
0.321763
0.323264
0.324819
0.326417
0.328108
0.329697
0.331397
0.332975
0.334684
0.336335
0.338084
0.339997
0.342004
0.344071
0.34619
0.348345
0.350535
0.352752
0.354992
0.357266
0.359544
0.36186
0.364152
0.366474
0.36876
0.371028
0.373303
0.37557
0.377824
0.380056
0.382294
0.384528
0.386829
0.389088
0.391488
0.393804
0.396062
0.398328
0.400472
0.40211
0.403297
0.40468
0.405035
0.404729
0.405346
0.405876
0.406375
0.408961
0.410605
0.41424
0.413359
0.41565
0.415051
0.417358
0.416994
0.419156
0.419439
0.421892
0.4209
0.421101
0.421466
0.4241
0.426448
0.429062
0.431173
0.43331
0.435391
0.437708
0.436957
0.438714
0.437392
0.437555
0.437771
0.438907
0.43977
0.442531
0.446261
0.449581
0.453056
0.455866
0.458353
0.460056
0.462116
0.464738
0.46769
0.47036
0.473554
0.475422
0.475461
0.477463
0.480252
0.482807
0.48581
0.48681
0.487941
0.490072
0.493241
0.493829
0.494282
0.496135
0.498499
0.500713
0.502862
0.504969
0.507043
0.509085
0.511098
0.51309
0.515068
0.517035
0.518997
0.520962
0.522935
0.524924
0.526938
0.528986
0.531081
0.53323
0.53545
0.537751
0.540154
0.542652
0.545251
0.547966
0.550807
0.553771
0.556877
0.560123
0.563516
0.567049
0.570729
0.574559
0.578534
0.582652
0.58691
0.5913
0.595814
0.600437
0.605156
0.609954
0.614813
0.619717
0.624633
0.62955
0.634447
0.639295
0.644068
0.648735
0.653266
0.657624
0.66178
0.665712
0.66939
0.672804
0.675944
0.678807
0.681394
0.683726
0.685822
0.687712
0.689436
0.690992
0.692411
0.693749
0.694985
0.696164
0.697312
0.698449
0.699548
0.700743
0.701722
0.703225
0.347284
0.346953
0.346621
0.346287
0.345952
0.345616
0.345279
0.344941
0.344602
0.344262
0.34392
0.343577
0.343234
0.342889
0.342543
0.342196
0.341848
0.341498
0.341148
0.340797
0.340445
0.340092
0.339738
0.339383
0.339027
0.33867
0.338312
0.337954
0.337595
0.337235
0.336874
0.336512
0.33615
0.335787
0.335424
0.33506
0.334696
0.334331
0.333965
0.333599
0.333232
0.332865
0.332497
0.332129
0.33176
0.331391
0.331022
0.330652
0.330282
0.329911
0.329541
0.329169
0.328798
0.328426
0.328055
0.327682
0.32731
0.326938
0.326565
0.326192
0.325819
0.325446
0.325073
0.3247
0.324327
0.323953
0.32358
0.323207
0.322833
0.32246
0.322087
0.321713
0.32134
0.320967
0.320594
0.320221
0.319848
0.319475
0.319103
0.31873
0.318358
0.317986
0.317614
0.317243
0.316871
0.3165
0.31613
0.315759
0.31539
0.31502
0.314651
0.314282
0.313914
0.313547
0.31318
0.312813
0.312447
0.312082
0.311718
0.311354
0.310991
0.310629
0.310268
0.309908
0.309548
0.30919
0.308833
0.308477
0.308123
0.307769
0.307417
0.307066
0.306717
0.30637
0.306024
0.305679
0.305337
0.304996
0.304657
0.304321
0.303986
0.303654
0.303324
0.302996
0.302671
0.302349
0.302029
0.301712
0.301399
0.301088
0.300781
0.300477
0.300177
0.29988
0.299587
0.299297
0.299012
0.298731
0.298454
0.298182
0.297913
0.297649
0.297389
0.297132
0.296879
0.296627
0.296379
0.296128
0.29588
0.295627
0.295378
0.295119
0.294866
0.294601
0.294334
0.294059
0.293791
0.293483
0.293227
0.292977
0.292672
0.292627
0.292481
0.292623
0.29279
0.292987
0.293251
0.293583
0.293994
0.294492
0.295074
0.295742
0.296495
0.29733
0.298243
0.299224
0.300262
0.301347
0.302467
0.303617
0.304789
0.305983
0.307195
0.30843
0.309686
0.310971
0.312287
0.313636
0.315033
0.316469
0.317957
0.319496
0.32111
0.322732
0.324404
0.326081
0.327827
0.329623
0.331471
0.333378
0.335346
0.337365
0.339437
0.341549
0.343705
0.345891
0.348113
0.350368
0.352646
0.354947
0.357262
0.359575
0.361885
0.364217
0.366557
0.368868
0.37114
0.37338
0.375638
0.377897
0.380274
0.382535
0.385174
0.387246
0.389092
0.390989
0.392816
0.391625
0.392066
0.393824
0.395958
0.398562
0.401446
0.401576
0.402033
0.40408
0.406771
0.409727
0.408641
0.408735
0.409513
0.410652
0.413455
0.416031
0.417523
0.416702
0.416872
0.418629
0.419923
0.422318
0.424791
0.427335
0.429625
0.431518
0.4341
0.433356
0.433226
0.434971
0.435087
0.435141
0.435546
0.43808
0.439159
0.441493
0.444559
0.447428
0.450864
0.452532
0.454048
0.454063
0.456163
0.459299
0.462581
0.465423
0.468714
0.469416
0.46993
0.472138
0.475053
0.477567
0.480302
0.482556
0.484049
0.485375
0.487818
0.489074
0.488233
0.489702
0.492006
0.494301
0.496552
0.498757
0.500924
0.50306
0.505176
0.50728
0.509381
0.511489
0.51361
0.515749
0.517911
0.520104
0.522335
0.524611
0.526943
0.529339
0.531809
0.534368
0.537029
0.539769
0.542606
0.545553
0.548621
0.551812
0.555136
0.558596
0.562196
0.565935
0.569812
0.573829
0.577983
0.58227
0.586685
0.591221
0.595867
0.600613
0.605444
0.610344
0.615296
0.620283
0.62528
0.630269
0.635228
0.640133
0.644959
0.649679
0.654264
0.658686
0.662917
0.666936
0.670722
0.674262
0.677548
0.680579
0.683358
0.685897
0.688214
0.690329
0.692273
0.694061
0.695714
0.697273
0.698743
0.700154
0.701528
0.702906
0.704242
0.705725
0.706882
0.708959
0.34721
0.346879
0.346548
0.346215
0.345881
0.345547
0.345211
0.344874
0.344536
0.344197
0.343858
0.343517
0.343175
0.342832
0.342488
0.342144
0.341798
0.341452
0.341104
0.340756
0.340406
0.340056
0.339705
0.339354
0.339001
0.338648
0.338294
0.337939
0.337583
0.337227
0.33687
0.336512
0.336154
0.335795
0.335436
0.335076
0.334715
0.334354
0.333993
0.333631
0.333268
0.332905
0.332542
0.332179
0.331815
0.331451
0.331086
0.330722
0.330357
0.329991
0.329626
0.32926
0.328894
0.328528
0.328161
0.327795
0.327428
0.327061
0.326694
0.326327
0.32596
0.325593
0.325226
0.324858
0.324491
0.324124
0.323757
0.323389
0.323022
0.322655
0.322288
0.321921
0.321554
0.321187
0.32082
0.320454
0.320088
0.319721
0.319355
0.31899
0.318624
0.318259
0.317894
0.317529
0.317165
0.316801
0.316437
0.316074
0.315711
0.315348
0.314986
0.314624
0.314263
0.313902
0.313542
0.313183
0.312824
0.312465
0.312108
0.311751
0.311394
0.311039
0.310684
0.31033
0.309977
0.309625
0.309274
0.308924
0.308575
0.308227
0.30788
0.307534
0.30719
0.306847
0.306505
0.306165
0.305826
0.305489
0.305153
0.304819
0.304487
0.304156
0.303828
0.303501
0.303177
0.302854
0.302534
0.302217
0.301901
0.301589
0.301279
0.300971
0.300667
0.300365
0.300067
0.299771
0.299479
0.29919
0.298905
0.298623
0.298346
0.298071
0.297801
0.297534
0.29727
0.297008
0.296749
0.29649
0.296233
0.295973
0.295715
0.29545
0.295189
0.294916
0.294648
0.294362
0.29409
0.293784
0.293503
0.293204
0.29291
0.292727
0.292332
0.292262
0.292184
0.292143
0.292217
0.292303
0.292475
0.292724
0.293028
0.293402
0.293839
0.294346
0.294923
0.295568
0.296274
0.297037
0.297851
0.298713
0.299618
0.300567
0.301555
0.302586
0.303659
0.304779
0.305948
0.30717
0.308448
0.309785
0.311183
0.312642
0.31417
0.315754
0.317395
0.319085
0.32083
0.322631
0.324487
0.326397
0.328362
0.330375
0.33244
0.334545
0.336698
0.338885
0.341112
0.34338
0.345671
0.347997
0.350344
0.352689
0.355056
0.357463
0.359863
0.362208
0.364504
0.366781
0.369098
0.371434
0.373918
0.376155
0.379414
0.378912
0.379182
0.381061
0.381977
0.384598
0.387373
0.389982
0.392358
0.394816
0.397221
0.399336
0.400413
0.401747
0.404039
0.403355
0.403759
0.405096
0.407552
0.409872
0.4124
0.411781
0.41205
0.413286
0.415034
0.417392
0.419593
0.421748
0.423808
0.425963
0.428008
0.429877
0.432104
0.430589
0.430452
0.432971
0.432913
0.433488
0.434671
0.437617
0.439428
0.441521
0.443882
0.446491
0.449009
0.450193
0.450339
0.451126
0.453424
0.456597
0.459609
0.462362
0.464984
0.46771
0.467921
0.469971
0.472363
0.474563
0.476867
0.479088
0.481032
0.48243
0.484792
0.484768
0.484851
0.486411
0.48874
0.491022
0.493269
0.495492
0.497702
0.499912
0.502129
0.504366
0.506605
0.508871
0.511167
0.513502
0.515881
0.518311
0.520796
0.523346
0.525965
0.528662
0.531443
0.53432
0.537299
0.54038
0.543567
0.546864
0.550279
0.553815
0.557477
0.561265
0.565184
0.569232
0.573408
0.577709
0.582133
0.586674
0.591325
0.596078
0.600921
0.605842
0.610827
0.615861
0.620927
0.626008
0.631084
0.636135
0.64114
0.646078
0.650924
0.655656
0.660249
0.664678
0.668922
0.67296
0.676776
0.680358
0.683701
0.686803
0.68967
0.692312
0.694744
0.696981
0.699046
0.700962
0.70275
0.70444
0.706052
0.707612
0.709139
0.710684
0.712191
0.713891
0.715186
0.71776
0.347135
0.346805
0.346473
0.346141
0.345808
0.345473
0.345138
0.344802
0.344465
0.344127
0.343788
0.343449
0.343108
0.342766
0.342424
0.342081
0.341737
0.341392
0.341046
0.3407
0.340352
0.340004
0.339655
0.339306
0.338955
0.338605
0.338253
0.337901
0.337548
0.337194
0.33684
0.336485
0.33613
0.335774
0.335418
0.335061
0.334703
0.334346
0.333987
0.333629
0.33327
0.33291
0.33255
0.33219
0.33183
0.331469
0.331108
0.330747
0.330385
0.330024
0.329662
0.3293
0.328938
0.328576
0.328214
0.327851
0.327489
0.327126
0.326764
0.326401
0.326038
0.325676
0.325313
0.32495
0.324587
0.324225
0.323862
0.3235
0.323137
0.322775
0.322413
0.32205
0.321688
0.321327
0.320965
0.320603
0.320242
0.319881
0.31952
0.31916
0.318799
0.318439
0.31808
0.31772
0.317361
0.317002
0.316644
0.316286
0.315928
0.315571
0.315214
0.314858
0.314502
0.314147
0.313792
0.313438
0.313085
0.312732
0.312379
0.312028
0.311677
0.311326
0.310977
0.310628
0.31028
0.309933
0.309586
0.309241
0.308897
0.308553
0.308211
0.307869
0.307529
0.307189
0.306851
0.306514
0.306178
0.305844
0.305511
0.305179
0.304849
0.30452
0.304193
0.303868
0.303544
0.303222
0.302902
0.302584
0.302268
0.301953
0.301641
0.301331
0.301024
0.300719
0.300416
0.300116
0.299818
0.299523
0.299231
0.298942
0.298657
0.298374
0.298094
0.297817
0.297544
0.297272
0.297004
0.296736
0.29647
0.296204
0.295939
0.29567
0.295402
0.295128
0.294855
0.29457
0.294288
0.29399
0.293694
0.293394
0.293079
0.292805
0.292489
0.292221
0.291991
0.291688
0.291514
0.291215
0.291245
0.291313
0.291356
0.291477
0.291613
0.291827
0.292111
0.292449
0.292845
0.293292
0.293796
0.294359
0.294979
0.295656
0.296389
0.297183
0.298037
0.298957
0.299943
0.300999
0.302127
0.303329
0.304606
0.305957
0.307384
0.308885
0.310457
0.312097
0.313803
0.315573
0.317405
0.319298
0.32125
0.323257
0.325319
0.327429
0.32959
0.331795
0.334042
0.336338
0.338658
0.341028
0.343417
0.345819
0.348262
0.350736
0.353188
0.355595
0.357975
0.360362
0.362788
0.365242
0.367781
0.370154
0.373277
0.373179
0.373812
0.375745
0.378367
0.381133
0.383764
0.386337
0.388773
0.391152
0.393453
0.395546
0.398079
0.397723
0.398222
0.399815
0.402036
0.404271
0.406311
0.408805
0.408615
0.409085
0.410469
0.412582
0.414638
0.416674
0.41859
0.420488
0.422276
0.424114
0.425774
0.427983
0.427419
0.427664
0.428592
0.430722
0.432305
0.434012
0.435739
0.438012
0.439833
0.441691
0.44345
0.446045
0.446499
0.448009
0.449967
0.451593
0.453563
0.455919
0.458354
0.46075
0.463043
0.465432
0.467278
0.46913
0.471118
0.473127
0.475223
0.477327
0.479442
0.481117
0.483361
0.484382
0.484496
0.486136
0.488376
0.490622
0.492873
0.49514
0.497431
0.499757
0.502127
0.504546
0.507018
0.509551
0.512146
0.514809
0.51754
0.520347
0.523228
0.526191
0.529236
0.532366
0.535588
0.538906
0.542327
0.545851
0.549483
0.553226
0.557082
0.561055
0.565144
0.569348
0.573669
0.578103
0.582647
0.587298
0.592048
0.596891
0.601817
0.606815
0.611871
0.616971
0.622102
0.627251
0.632402
0.637537
0.642639
0.647692
0.652674
0.657569
0.662354
0.667008
0.671512
0.675847
0.679994
0.683936
0.687662
0.69116
0.694431
0.697471
0.700292
0.702903
0.705312
0.707534
0.70959
0.711502
0.713295
0.714996
0.716632
0.718226
0.719798
0.72141
0.723
0.72481
0.72623
0.729198
0.347066
0.346735
0.346404
0.346071
0.345738
0.345404
0.345069
0.344733
0.344396
0.344058
0.34372
0.343381
0.343041
0.3427
0.342359
0.342016
0.341673
0.341329
0.340985
0.340639
0.340293
0.339946
0.339599
0.339251
0.338902
0.338553
0.338203
0.337852
0.337501
0.337149
0.336797
0.336444
0.336091
0.335737
0.335383
0.335028
0.334673
0.334318
0.333962
0.333606
0.333249
0.332892
0.332535
0.332177
0.33182
0.331461
0.331103
0.330745
0.330386
0.330027
0.329668
0.329309
0.32895
0.32859
0.328231
0.327871
0.327511
0.327152
0.326792
0.326432
0.326073
0.325713
0.325354
0.324994
0.324635
0.324276
0.323916
0.323557
0.323198
0.322839
0.32248
0.322122
0.321763
0.321405
0.321047
0.320689
0.320332
0.319974
0.319617
0.31926
0.318904
0.318547
0.318192
0.317836
0.317481
0.317126
0.316771
0.316417
0.316064
0.31571
0.315357
0.315005
0.314653
0.314302
0.313951
0.313601
0.313251
0.312902
0.312554
0.312206
0.311858
0.311512
0.311166
0.310821
0.310476
0.310133
0.30979
0.309447
0.309106
0.308766
0.308426
0.308088
0.30775
0.307413
0.307077
0.306742
0.306409
0.306076
0.305745
0.305414
0.305085
0.304757
0.304431
0.304105
0.303781
0.303459
0.303138
0.302818
0.3025
0.302184
0.301869
0.301556
0.301245
0.300936
0.300629
0.300323
0.30002
0.299718
0.29942
0.299123
0.298829
0.298538
0.298249
0.297963
0.297679
0.297398
0.29712
0.296843
0.296569
0.296295
0.296023
0.295749
0.295476
0.2952
0.294923
0.294638
0.294352
0.294055
0.293753
0.293448
0.29313
0.292819
0.292499
0.292174
0.291875
0.291541
0.291254
0.290929
0.290683
0.290431
0.290034
0.289854
0.289679
0.289715
0.289796
0.289862
0.289978
0.290105
0.290316
0.290603
0.290948
0.291353
0.291822
0.29236
0.292972
0.293662
0.294435
0.295291
0.296235
0.297266
0.298387
0.299596
0.300894
0.302277
0.303746
0.305297
0.306928
0.308634
0.310416
0.312268
0.314189
0.316176
0.318226
0.320334
0.3225
0.324717
0.326986
0.329303
0.331661
0.334061
0.336496
0.338958
0.34145
0.343969
0.346501
0.349033
0.351563
0.354093
0.356628
0.359165
0.361709
0.364232
0.366773
0.369228
0.371609
0.373952
0.376263
0.37855
0.380793
0.383001
0.385158
0.387272
0.389336
0.391343
0.393318
0.395183
0.396969
0.398714
0.400441
0.40215
0.403836
0.405527
0.407143
0.408696
0.410221
0.411754
0.413279
0.414826
0.416363
0.417922
0.419471
0.421049
0.422609
0.42426
0.425771
0.427298
0.428755
0.430392
0.432003
0.433671
0.435296
0.437053
0.438842
0.440625
0.442394
0.44433
0.446195
0.447978
0.4499
0.451738
0.453666
0.455693
0.4578
0.459991
0.462181
0.464443
0.466552
0.468606
0.470677
0.472765
0.474908
0.477078
0.479315
0.48138
0.483593
0.48567
0.487431
0.489321
0.491448
0.493728
0.496118
0.498598
0.501152
0.503785
0.506498
0.509289
0.512171
0.515139
0.518191
0.521329
0.524562
0.527889
0.5313
0.5348
0.538392
0.54207
0.545837
0.549697
0.553655
0.557711
0.561872
0.566138
0.57051
0.574986
0.579561
0.584232
0.589001
0.593857
0.598798
0.603814
0.608898
0.614037
0.619219
0.624427
0.629645
0.63486
0.640063
0.645238
0.650373
0.655451
0.66046
0.665388
0.670214
0.674926
0.679502
0.683927
0.688191
0.692273
0.69616
0.699839
0.703305
0.706547
0.709576
0.712385
0.714995
0.717408
0.719627
0.721664
0.723549
0.725297
0.726945
0.728512
0.730033
0.731521
0.733008
0.734564
0.736127
0.737923
0.739389
0.742816
0.347004
0.346673
0.346342
0.346009
0.345675
0.345341
0.345006
0.34467
0.344334
0.343996
0.343658
0.343319
0.34298
0.342639
0.342298
0.341956
0.341614
0.34127
0.340927
0.340582
0.340237
0.339891
0.339544
0.339197
0.338849
0.338501
0.338152
0.337803
0.337453
0.337102
0.336751
0.3364
0.336048
0.335696
0.335343
0.33499
0.334636
0.334282
0.333928
0.333574
0.333219
0.332864
0.332508
0.332152
0.331796
0.33144
0.331084
0.330727
0.330371
0.330014
0.329657
0.329299
0.328942
0.328585
0.328227
0.32787
0.327512
0.327155
0.326797
0.32644
0.326082
0.325724
0.325367
0.32501
0.324652
0.324295
0.323938
0.323581
0.323225
0.322868
0.322511
0.322155
0.321799
0.321443
0.321087
0.320732
0.320377
0.320022
0.319667
0.319313
0.318959
0.318605
0.318251
0.317898
0.317545
0.317193
0.316841
0.316489
0.316138
0.315787
0.315437
0.315087
0.314738
0.314389
0.314041
0.313693
0.313345
0.312999
0.312652
0.312307
0.311962
0.311617
0.311274
0.310931
0.310588
0.310246
0.309905
0.309565
0.309225
0.308886
0.308548
0.308211
0.307874
0.307538
0.307203
0.306869
0.306536
0.306204
0.305872
0.305542
0.305212
0.304884
0.304556
0.30423
0.303904
0.30358
0.303257
0.302935
0.302614
0.302295
0.301977
0.30166
0.301344
0.30103
0.300718
0.300407
0.300098
0.299791
0.299486
0.299183
0.298881
0.298582
0.298285
0.29799
0.297697
0.297407
0.297119
0.296833
0.296548
0.296266
0.295984
0.295702
0.295421
0.29514
0.294856
0.294569
0.294276
0.293978
0.293671
0.293359
0.293036
0.292708
0.292373
0.292026
0.291683
0.291323
0.29097
0.290608
0.290248
0.289898
0.289537
0.289195
0.288842
0.288497
0.288251
0.287913
0.287712
0.287318
0.287356
0.287475
0.287559
0.287715
0.287914
0.288195
0.288554
0.289
0.289536
0.290168
0.290897
0.291727
0.292657
0.293689
0.294822
0.296056
0.297389
0.298817
0.30034
0.301953
0.303654
0.30544
0.307307
0.309251
0.311269
0.313357
0.315511
0.317727
0.320001
0.322329
0.324707
0.327131
0.329595
0.332095
0.334626
0.337183
0.339761
0.342354
0.344954
0.347559
0.350161
0.352757
0.355342
0.357908
0.360453
0.362967
0.365446
0.367884
0.370278
0.372624
0.374919
0.377164
0.379352
0.381488
0.38357
0.385596
0.387568
0.389491
0.391368
0.3932
0.394994
0.396754
0.398484
0.400188
0.401866
0.403522
0.405155
0.406772
0.408378
0.409984
0.411586
0.413196
0.414812
0.416446
0.418091
0.419766
0.421451
0.423172
0.424912
0.426696
0.428508
0.430354
0.432232
0.434161
0.436133
0.438129
0.440164
0.442239
0.444364
0.446509
0.448708
0.450934
0.453127
0.455335
0.45757
0.45985
0.462155
0.464517
0.466873
0.469262
0.471692
0.474163
0.476689
0.479264
0.481909
0.484557
0.487258
0.490004
0.492726
0.495466
0.498275
0.50117
0.50415
0.507221
0.510363
0.513599
0.516921
0.52034
0.523866
0.527483
0.531195
0.534994
0.538897
0.542898
0.546984
0.551148
0.555396
0.559719
0.564124
0.568607
0.573174
0.577823
0.582564
0.587394
0.59231
0.597305
0.602366
0.607495
0.612694
0.617938
0.623227
0.62855
0.63389
0.639234
0.644563
0.649851
0.655084
0.660256
0.665363
0.670385
0.675315
0.680138
0.684852
0.689447
0.693902
0.698221
0.702373
0.70636
0.71017
0.713781
0.717186
0.720381
0.723365
0.726136
0.728725
0.731102
0.733314
0.735339
0.737164
0.738823
0.740359
0.741756
0.743111
0.74438
0.745648
0.746866
0.748114
0.749484
0.750897
0.752554
0.753921
0.75755
0.346952
0.346621
0.346289
0.345956
0.345622
0.345288
0.344953
0.344617
0.344281
0.343943
0.343605
0.343267
0.342927
0.342587
0.342246
0.341905
0.341563
0.34122
0.340876
0.340532
0.340188
0.339842
0.339497
0.33915
0.338803
0.338456
0.338108
0.337759
0.33741
0.33706
0.33671
0.33636
0.336009
0.335658
0.335306
0.334954
0.334601
0.334249
0.333896
0.333542
0.333188
0.332835
0.33248
0.332126
0.331771
0.331416
0.331061
0.330706
0.33035
0.329995
0.329639
0.329283
0.328927
0.328571
0.328215
0.327859
0.327503
0.327147
0.326791
0.326435
0.326079
0.325723
0.325367
0.325011
0.324655
0.324299
0.323944
0.323588
0.323233
0.322878
0.322523
0.322168
0.321813
0.321459
0.321104
0.32075
0.320396
0.320043
0.319689
0.319336
0.318984
0.318631
0.318279
0.317927
0.317576
0.317225
0.316874
0.316524
0.316174
0.315825
0.315475
0.315127
0.314779
0.314431
0.314084
0.313737
0.313391
0.313045
0.3127
0.312355
0.312011
0.311668
0.311324
0.310982
0.31064
0.310299
0.309958
0.309618
0.309278
0.30894
0.308601
0.308264
0.307927
0.307591
0.307255
0.306921
0.306587
0.306253
0.305921
0.305589
0.305258
0.304928
0.304599
0.30427
0.303943
0.303616
0.30329
0.302965
0.302641
0.302318
0.301996
0.301675
0.301355
0.301036
0.300718
0.300401
0.300085
0.299771
0.299458
0.299147
0.298837
0.298529
0.298222
0.297917
0.297613
0.297312
0.297012
0.296715
0.296419
0.296125
0.295832
0.295539
0.295248
0.294956
0.294664
0.29437
0.294072
0.293767
0.293455
0.293136
0.292807
0.29247
0.292124
0.291765
0.291401
0.291022
0.290637
0.290242
0.289837
0.289428
0.289005
0.288585
0.288149
0.287713
0.287304
0.286851
0.286487
0.286045
0.285633
0.285406
0.28488
0.284841
0.284659
0.284712
0.284817
0.285012
0.285311
0.285708
0.286208
0.286816
0.287532
0.288363
0.289305
0.290362
0.291529
0.292808
0.294195
0.295688
0.297283
0.298978
0.300766
0.302646
0.304612
0.306659
0.308782
0.310977
0.313239
0.315563
0.317944
0.320378
0.322857
0.325378
0.327934
0.33052
0.333129
0.335757
0.338396
0.34104
0.343684
0.346321
0.348944
0.351548
0.354127
0.356676
0.359189
0.361661
0.364089
0.366468
0.368797
0.371073
0.373295
0.375463
0.377576
0.379635
0.381642
0.3836
0.385513
0.387383
0.389218
0.39102
0.392796
0.39455
0.396282
0.397999
0.399702
0.401399
0.403099
0.404797
0.406503
0.408224
0.409972
0.41175
0.413544
0.41536
0.417222
0.419136
0.421101
0.423105
0.425182
0.427331
0.429538
0.431792
0.434093
0.436425
0.43884
0.441197
0.443573
0.445976
0.448423
0.45092
0.45344
0.456031
0.458688
0.461414
0.464207
0.467071
0.470002
0.473003
0.476078
0.479228
0.48246
0.485773
0.489175
0.492646
0.496197
0.499826
0.50353
0.50729
0.511107
0.514988
0.518929
0.522941
0.527005
0.531142
0.535351
0.53964
0.544023
0.548481
0.553028
0.557647
0.562343
0.567118
0.571963
0.576866
0.581834
0.586841
0.591908
0.597015
0.602179
0.607393
0.612677
0.618017
0.623399
0.628815
0.634241
0.639704
0.645201
0.650671
0.656138
0.661582
0.666963
0.672291
0.677524
0.682631
0.687612
0.692473
0.69722
0.701811
0.706251
0.710533
0.714673
0.718661
0.722468
0.726141
0.729614
0.732923
0.73603
0.738907
0.741573
0.74404
0.746302
0.748394
0.750361
0.752114
0.753755
0.755188
0.756395
0.757505
0.758536
0.75939
0.760385
0.761174
0.762107
0.762847
0.763703
0.764785
0.765916
0.767325
0.768528
0.772061
0.346909
0.346577
0.346245
0.345912
0.345579
0.345244
0.344909
0.344574
0.344237
0.3439
0.343562
0.343224
0.342885
0.342545
0.342204
0.341863
0.341521
0.341179
0.340836
0.340492
0.340148
0.339804
0.339458
0.339112
0.338766
0.338419
0.338072
0.337724
0.337375
0.337027
0.336677
0.336328
0.335977
0.335627
0.335276
0.334925
0.334573
0.334221
0.333869
0.333517
0.333164
0.332811
0.332458
0.332104
0.33175
0.331396
0.331042
0.330688
0.330334
0.329979
0.329624
0.32927
0.328915
0.32856
0.328205
0.32785
0.327495
0.327139
0.326784
0.326429
0.326074
0.325719
0.325364
0.325009
0.324654
0.324299
0.323944
0.32359
0.323235
0.322881
0.322526
0.322172
0.321818
0.321465
0.321111
0.320758
0.320405
0.320052
0.319699
0.319347
0.318995
0.318643
0.318292
0.317941
0.31759
0.317239
0.316889
0.316539
0.31619
0.315841
0.315492
0.315144
0.314796
0.314448
0.314101
0.313755
0.313409
0.313063
0.312718
0.312373
0.312029
0.311685
0.311342
0.310999
0.310656
0.310315
0.309973
0.309633
0.309293
0.308953
0.308614
0.308275
0.307937
0.3076
0.307263
0.306926
0.306591
0.306255
0.305921
0.305587
0.305253
0.30492
0.304588
0.304256
0.303925
0.303595
0.303265
0.302935
0.302607
0.302279
0.301952
0.301625
0.301299
0.300973
0.300649
0.300325
0.300002
0.29968
0.299359
0.299038
0.298719
0.298401
0.298084
0.297768
0.297454
0.29714
0.296829
0.296518
0.29621
0.295902
0.295597
0.295292
0.294988
0.294684
0.294381
0.294076
0.293769
0.293456
0.293137
0.292811
0.292477
0.292133
0.29178
0.291415
0.29104
0.290651
0.290252
0.289838
0.28941
0.28897
0.288513
0.288044
0.28756
0.287056
0.286554
0.286026
0.285503
0.284985
0.284393
0.283952
0.283343
0.282915
0.282401
0.281791
0.281505
0.281485
0.281635
0.2818
0.282074
0.282453
0.282949
0.283563
0.284301
0.285161
0.286147
0.287255
0.288488
0.28984
0.291311
0.292894
0.294587
0.296383
0.298279
0.300268
0.302345
0.304504
0.30674
0.309047
0.311419
0.31385
0.316334
0.318865
0.321437
0.324043
0.326677
0.329333
0.332002
0.33468
0.337358
0.340031
0.342692
0.345333
0.34795
0.350535
0.353085
0.355593
0.358057
0.360472
0.362836
0.365148
0.367406
0.369611
0.371763
0.373862
0.375914
0.37792
0.379883
0.381806
0.383698
0.38556
0.387409
0.389238
0.391052
0.39286
0.394668
0.396493
0.398328
0.400154
0.402015
0.403915
0.405876
0.407859
0.409925
0.412063
0.41427
0.416525
0.418836
0.421184
0.423634
0.426063
0.428512
0.431001
0.433547
0.436146
0.438832
0.441551
0.444372
0.447289
0.450301
0.453407
0.456607
0.459904
0.4633
0.466801
0.470407
0.474124
0.477953
0.481896
0.485953
0.490128
0.49442
0.498827
0.503349
0.507982
0.512711
0.517532
0.522438
0.527419
0.532461
0.537553
0.542684
0.547847
0.553046
0.558259
0.56352
0.568794
0.57412
0.579501
0.584944
0.590437
0.595981
0.601559
0.607166
0.612786
0.618432
0.624048
0.629697
0.635308
0.640949
0.646576
0.652247
0.657918
0.663542
0.669134
0.674669
0.680234
0.685764
0.691171
0.696521
0.70177
0.70683
0.711805
0.716583
0.721157
0.725543
0.729763
0.733831
0.737646
0.741254
0.744665
0.747921
0.751021
0.753898
0.756703
0.759263
0.761681
0.76382
0.765696
0.767385
0.768912
0.770244
0.771551
0.772795
0.773773
0.774703
0.775325
0.775701
0.776219
0.776626
0.776751
0.777605
0.777582
0.778308
0.778198
0.778552
0.779339
0.780044
0.781187
0.782214
0.78521
0.346874
0.346543
0.346211
0.345878
0.345544
0.34521
0.344875
0.34454
0.344203
0.343866
0.343529
0.343191
0.342852
0.342512
0.342172
0.341831
0.34149
0.341148
0.340805
0.340462
0.340119
0.339774
0.33943
0.339084
0.338739
0.338392
0.338046
0.337698
0.337351
0.337003
0.336654
0.336305
0.335956
0.335606
0.335256
0.334906
0.334555
0.334204
0.333853
0.333501
0.333149
0.332797
0.332444
0.332092
0.331739
0.331386
0.331033
0.330679
0.330325
0.329972
0.329618
0.329264
0.328909
0.328555
0.328201
0.327846
0.327492
0.327137
0.326783
0.326428
0.326074
0.325719
0.325365
0.32501
0.324656
0.324302
0.323947
0.323593
0.323239
0.322885
0.322531
0.322178
0.321824
0.321471
0.321118
0.320765
0.320412
0.320059
0.319707
0.319355
0.319003
0.318651
0.3183
0.317949
0.317598
0.317248
0.316898
0.316548
0.316198
0.315849
0.3155
0.315151
0.314803
0.314455
0.314108
0.313761
0.313414
0.313068
0.312722
0.312377
0.312032
0.311687
0.311343
0.310999
0.310655
0.310312
0.30997
0.309627
0.309286
0.308944
0.308603
0.308263
0.307923
0.307583
0.307244
0.306905
0.306566
0.306228
0.30589
0.305553
0.305216
0.304879
0.304543
0.304207
0.303872
0.303537
0.303202
0.302867
0.302533
0.302199
0.301866
0.301533
0.3012
0.300867
0.300535
0.300204
0.299872
0.299542
0.299211
0.298881
0.298552
0.298224
0.297896
0.297568
0.297242
0.296916
0.296592
0.296268
0.295946
0.295625
0.295305
0.294986
0.294667
0.29435
0.294032
0.293715
0.293396
0.293074
0.292746
0.292413
0.292072
0.291724
0.291365
0.290996
0.290616
0.290223
0.289816
0.289394
0.288955
0.2885
0.288024
0.287527
0.287015
0.28647
0.285914
0.285328
0.284718
0.284106
0.283433
0.282807
0.282123
0.281484
0.280775
0.280146
0.279644
0.278845
0.278699
0.278203
0.278307
0.278464
0.278738
0.279136
0.279663
0.280323
0.281118
0.282048
0.283114
0.284314
0.285646
0.287104
0.288686
0.290386
0.292198
0.294117
0.296136
0.298249
0.300449
0.302731
0.305087
0.30751
0.309995
0.312534
0.315121
0.317747
0.320407
0.323092
0.325795
0.328508
0.331225
0.333937
0.336638
0.33932
0.341977
0.344603
0.347192
0.34974
0.352243
0.354698
0.357103
0.359457
0.361758
0.364007
0.366208
0.368362
0.370478
0.37255
0.374584
0.376588
0.378571
0.380543
0.382518
0.384459
0.3864
0.388366
0.390363
0.392403
0.394458
0.396616
0.398837
0.401103
0.403425
0.405771
0.408209
0.410671
0.413136
0.415631
0.418186
0.420798
0.42352
0.426278
0.429165
0.432179
0.43532
0.438586
0.441982
0.445507
0.449165
0.452961
0.456898
0.460981
0.465213
0.469597
0.474135
0.478831
0.483686
0.488701
0.493873
0.499205
0.504687
0.510321
0.516095
0.522005
0.528037
0.534181
0.540417
0.546734
0.55311
0.559532
0.565974
0.572416
0.57884
0.585234
0.591597
0.597912
0.604226
0.610489
0.616774
0.623066
0.629385
0.635692
0.642013
0.648289
0.654542
0.660746
0.666924
0.672947
0.678992
0.684854
0.690742
0.696494
0.702283
0.707961
0.71344
0.718813
0.724079
0.729423
0.734553
0.739572
0.744378
0.748972
0.753175
0.757357
0.761237
0.764877
0.768253
0.771444
0.774456
0.77708
0.779433
0.781601
0.783625
0.785654
0.787283
0.789082
0.79051
0.79182
0.792642
0.793238
0.79374
0.794152
0.794383
0.79505
0.795476
0.795538
0.795549
0.795029
0.794411
0.794529
0.794077
0.793334
0.793351
0.793053
0.792821
0.792353
0.792243
0.792948
0.792936
0.794044
0.794593
0.797014
0.346848
0.346517
0.346185
0.345852
0.345519
0.345185
0.34485
0.344515
0.344179
0.343842
0.343505
0.343167
0.342829
0.342489
0.34215
0.341809
0.341469
0.341127
0.340785
0.340443
0.3401
0.339756
0.339412
0.339067
0.338722
0.338377
0.338031
0.337684
0.337338
0.33699
0.336642
0.336294
0.335946
0.335597
0.335248
0.334898
0.334548
0.334198
0.333847
0.333496
0.333145
0.332793
0.332441
0.332089
0.331737
0.331385
0.331032
0.330679
0.330326
0.329973
0.32962
0.329266
0.328913
0.328559
0.328205
0.327851
0.327498
0.327144
0.32679
0.326436
0.326082
0.325728
0.325374
0.32502
0.324666
0.324312
0.323958
0.323604
0.32325
0.322897
0.322543
0.32219
0.321836
0.321483
0.32113
0.320777
0.320425
0.320072
0.31972
0.319368
0.319016
0.318664
0.318312
0.317961
0.31761
0.317259
0.316909
0.316558
0.316208
0.315859
0.315509
0.31516
0.314811
0.314462
0.314114
0.313766
0.313418
0.313071
0.312724
0.312378
0.312031
0.311685
0.311339
0.310994
0.310649
0.310304
0.309959
0.309615
0.309271
0.308927
0.308584
0.308241
0.307898
0.307555
0.307213
0.306871
0.306529
0.306187
0.305846
0.305504
0.305163
0.304822
0.304481
0.30414
0.3038
0.303459
0.303119
0.302778
0.302438
0.302098
0.301757
0.301417
0.301077
0.300737
0.300396
0.300056
0.299716
0.299376
0.299036
0.298696
0.298356
0.298016
0.297677
0.297338
0.296999
0.29666
0.296322
0.295984
0.295648
0.295311
0.294976
0.294641
0.294307
0.293974
0.293641
0.293308
0.292975
0.292641
0.292303
0.291961
0.291613
0.291258
0.290894
0.29052
0.290135
0.289738
0.289327
0.2889
0.288456
0.287992
0.287507
0.286995
0.286463
0.285894
0.285304
0.284674
0.284014
0.283323
0.282589
0.281842
0.281041
0.280253
0.279411
0.278646
0.277749
0.276948
0.276322
0.275366
0.275128
0.274706
0.274765
0.274944
0.275262
0.275723
0.276329
0.27708
0.277978
0.279022
0.280211
0.281541
0.283008
0.284608
0.286334
0.288181
0.290141
0.292208
0.294376
0.296636
0.298981
0.301404
0.303897
0.306452
0.309062
0.311718
0.314412
0.317135
0.319879
0.322636
0.325397
0.328155
0.3309
0.333627
0.336326
0.338995
0.341627
0.344217
0.346766
0.349268
0.351722
0.354123
0.356478
0.358789
0.361059
0.363303
0.365513
0.367673
0.369813
0.371954
0.3741
0.376274
0.378435
0.380669
0.382952
0.385286
0.387653
0.390065
0.392491
0.395029
0.397551
0.400069
0.402633
0.405231
0.407946
0.410682
0.413557
0.416575
0.419744
0.423067
0.426552
0.430199
0.434017
0.438012
0.44219
0.446557
0.451119
0.45588
0.460847
0.466022
0.471411
0.477015
0.482837
0.488876
0.495131
0.501601
0.508276
0.515152
0.522216
0.529462
0.536867
0.544426
0.55211
0.559907
0.567787
0.57573
0.583705
0.591692
0.599659
0.607589
0.615438
0.623188
0.630819
0.638321
0.645694
0.652937
0.66013
0.667172
0.674262
0.681283
0.688293
0.695158
0.701996
0.708672
0.715292
0.72181
0.728203
0.734248
0.74037
0.746058
0.751804
0.757311
0.762773
0.767882
0.772715
0.777302
0.781822
0.786458
0.79064
0.794762
0.798357
0.801646
0.804412
0.807551
0.810118
0.812438
0.814276
0.815982
0.817539
0.818401
0.819035
0.819616
0.820086
0.821259
0.821077
0.822028
0.822079
0.82203
0.821035
0.820136
0.819352
0.818559
0.817688
0.816888
0.816099
0.815143
0.814204
0.813037
0.81172
0.810616
0.809452
0.808169
0.807069
0.806033
0.805056
0.804618
0.804234
0.804196
0.804117
0.804966
0.805203
0.807033
0.346831
0.3465
0.346168
0.345836
0.345503
0.345169
0.344835
0.3445
0.344164
0.343828
0.343491
0.343154
0.342816
0.342477
0.342138
0.341799
0.341458
0.341118
0.340776
0.340434
0.340092
0.339749
0.339406
0.339062
0.338717
0.338372
0.338027
0.337681
0.337335
0.336988
0.336641
0.336294
0.335946
0.335598
0.335249
0.3349
0.334551
0.334201
0.333852
0.333501
0.333151
0.3328
0.332449
0.332098
0.331746
0.331395
0.331043
0.330691
0.330338
0.329986
0.329633
0.32928
0.328927
0.328574
0.328221
0.327868
0.327515
0.327161
0.326808
0.326454
0.326101
0.325747
0.325393
0.32504
0.324686
0.324333
0.323979
0.323625
0.323272
0.322919
0.322565
0.322212
0.321859
0.321506
0.321153
0.3208
0.320447
0.320094
0.319742
0.319389
0.319037
0.318685
0.318333
0.317982
0.31763
0.317279
0.316928
0.316577
0.316226
0.315876
0.315525
0.315175
0.314826
0.314476
0.314127
0.313778
0.313429
0.31308
0.312731
0.312383
0.312035
0.311687
0.31134
0.310993
0.310645
0.310298
0.309952
0.309605
0.309258
0.308912
0.308565
0.308219
0.307873
0.307527
0.307181
0.306835
0.306489
0.306144
0.305798
0.305452
0.305106
0.30476
0.304414
0.304068
0.303721
0.303375
0.303028
0.302681
0.302334
0.301986
0.301638
0.30129
0.300942
0.300593
0.300244
0.299895
0.299545
0.299195
0.298844
0.298493
0.298142
0.29779
0.297438
0.297087
0.296734
0.296382
0.296029
0.295677
0.295325
0.294973
0.294621
0.294269
0.293918
0.293567
0.293216
0.292866
0.292516
0.292165
0.291812
0.291458
0.291099
0.290735
0.290362
0.289981
0.289589
0.289185
0.288767
0.288333
0.287882
0.287408
0.286914
0.286389
0.285839
0.285251
0.284627
0.283969
0.283254
0.282517
0.281701
0.280876
0.27997
0.279051
0.278085
0.277086
0.276104
0.275075
0.274205
0.272998
0.272323
0.271347
0.271084
0.270901
0.270968
0.27123
0.271659
0.272246
0.272991
0.273893
0.274953
0.276168
0.277536
0.27905
0.280706
0.282497
0.284416
0.286455
0.288607
0.290864
0.293217
0.295657
0.298177
0.300766
0.303415
0.306115
0.308856
0.311629
0.314424
0.317231
0.320042
0.322847
0.325639
0.32841
0.331155
0.33387
0.336551
0.339194
0.341806
0.344364
0.346873
0.349334
0.351773
0.354189
0.356597
0.358993
0.361377
0.363805
0.366257
0.36874
0.371235
0.37376
0.376284
0.37888
0.381495
0.384092
0.3867
0.38935
0.392042
0.394847
0.397689
0.400674
0.403817
0.407126
0.410617
0.414298
0.418178
0.42227
0.426584
0.43113
0.435919
0.44096
0.446263
0.451834
0.457683
0.463816
0.470238
0.476953
0.483963
0.49127
0.498869
0.506755
0.514922
0.523356
0.532043
0.540971
0.550106
0.55944
0.568932
0.578571
0.588307
0.598136
0.607997
0.617874
0.627717
0.637489
0.647166
0.656707
0.666095
0.675302
0.684277
0.693027
0.701524
0.709766
0.717775
0.725539
0.733219
0.740648
0.748253
0.755598
0.762916
0.769812
0.776681
0.78323
0.789774
0.796143
0.802136
0.807709
0.813404
0.81836
0.823425
0.828039
0.832379
0.836115
0.839634
0.842714
0.845832
0.849222
0.851738
0.854169
0.855583
0.857008
0.857991
0.860713
0.861722
0.862114
0.861832
0.86153
0.861086
0.859301
0.857831
0.856601
0.855479
0.854432
0.852983
0.851761
0.850286
0.848796
0.846945
0.844984
0.843019
0.841056
0.839067
0.837074
0.835114
0.833106
0.831135
0.829102
0.827007
0.824973
0.822982
0.82101
0.819127
0.81736
0.81573
0.814434
0.813379
0.812896
0.813151
0.813535
0.81365
0.815054
0.346823
0.346492
0.34616
0.345828
0.345496
0.345162
0.344829
0.344494
0.344159
0.343823
0.343487
0.34315
0.342813
0.342475
0.342136
0.341797
0.341458
0.341117
0.340777
0.340436
0.340094
0.339752
0.339409
0.339066
0.338722
0.338378
0.338034
0.337689
0.337343
0.336997
0.336651
0.336305
0.335958
0.33561
0.335262
0.334914
0.334566
0.334217
0.333868
0.333519
0.333169
0.332819
0.332469
0.332118
0.331768
0.331417
0.331066
0.330714
0.330363
0.330011
0.329659
0.329307
0.328955
0.328602
0.32825
0.327897
0.327544
0.327191
0.326838
0.326485
0.326132
0.325779
0.325426
0.325073
0.32472
0.324366
0.324013
0.32366
0.323307
0.322953
0.3226
0.322247
0.321894
0.321541
0.321188
0.320835
0.320482
0.320129
0.319777
0.319424
0.319072
0.318719
0.318367
0.318015
0.317663
0.317311
0.316959
0.316608
0.316256
0.315905
0.315554
0.315203
0.314852
0.314501
0.31415
0.3138
0.313449
0.313099
0.312749
0.312399
0.312049
0.311699
0.311349
0.311
0.31065
0.310301
0.309951
0.309602
0.309252
0.308902
0.308553
0.308203
0.307853
0.307503
0.307153
0.306803
0.306452
0.306102
0.305751
0.3054
0.305049
0.304697
0.304345
0.303992
0.303639
0.303286
0.302932
0.302578
0.302223
0.301867
0.301511
0.301154
0.300796
0.300438
0.300079
0.299719
0.299359
0.298997
0.298635
0.298272
0.297908
0.297544
0.297178
0.296812
0.296445
0.296078
0.295709
0.295341
0.294971
0.294602
0.294232
0.293861
0.293491
0.29312
0.292749
0.292379
0.292007
0.291636
0.291264
0.29089
0.290514
0.290134
0.289746
0.28935
0.288944
0.288525
0.288093
0.287643
0.287176
0.286685
0.286171
0.285623
0.285046
0.284427
0.283768
0.283062
0.282297
0.281491
0.280604
0.279685
0.278682
0.277632
0.276533
0.275371
0.274216
0.272971
0.2719
0.270502
0.269561
0.268247
0.26765
0.266534
0.266452
0.26668
0.267023
0.267504
0.268141
0.268944
0.269916
0.271056
0.272362
0.273829
0.275453
0.277226
0.279139
0.281185
0.283355
0.285639
0.288029
0.290514
0.293083
0.295726
0.298432
0.301191
0.303993
0.306822
0.309669
0.312524
0.315383
0.318231
0.321067
0.323887
0.326688
0.329471
0.332228
0.334964
0.337668
0.340357
0.343053
0.345741
0.348441
0.35114
0.35384
0.356549
0.359251
0.362004
0.36476
0.367491
0.370213
0.372962
0.375725
0.378586
0.381455
0.38445
0.387587
0.390886
0.394364
0.39804
0.401928
0.406048
0.410415
0.415048
0.419962
0.425174
0.430701
0.436557
0.442758
0.449317
0.456246
0.463555
0.471253
0.479345
0.487837
0.496724
0.506007
0.515676
0.525718
0.53612
0.546856
0.557903
0.56923
0.5808
0.59258
0.60453
0.616588
0.628742
0.640918
0.653099
0.665217
0.677265
0.689149
0.700849
0.712315
0.723477
0.734362
0.744889
0.755118
0.764978
0.774496
0.783678
0.792451
0.80084
0.808875
0.816688
0.824267
0.831662
0.839134
0.846257
0.853186
0.859385
0.865574
0.871191
0.876903
0.882109
0.886875
0.891233
0.895834
0.899311
0.902784
0.905161
0.907439
0.90887
0.910304
0.911016
0.911671
0.91423
0.914429
0.914364
0.912207
0.912299
0.911569
0.909111
0.909234
0.906447
0.903601
0.901141
0.898832
0.896053
0.893234
0.890421
0.887681
0.884928
0.882012
0.879127
0.876154
0.873204
0.870152
0.867039
0.863918
0.86081
0.857718
0.854643
0.851614
0.848603
0.845651
0.842727
0.839824
0.836979
0.834215
0.831544
0.828984
0.826571
0.824342
0.822416
0.820752
0.819941
0.819698
0.819895
0.819912
0.821103
0.346824
0.346494
0.346163
0.345831
0.345499
0.345166
0.344833
0.344499
0.344165
0.34383
0.343494
0.343158
0.342821
0.342484
0.342146
0.341808
0.341469
0.341129
0.34079
0.340449
0.340108
0.339767
0.339425
0.339083
0.33874
0.338397
0.338053
0.337709
0.337365
0.33702
0.336675
0.336329
0.335983
0.335636
0.335289
0.334942
0.334595
0.334247
0.333899
0.33355
0.333202
0.332853
0.332503
0.332154
0.331804
0.331454
0.331103
0.330753
0.330402
0.330051
0.3297
0.329348
0.328997
0.328645
0.328293
0.327941
0.327589
0.327237
0.326885
0.326532
0.32618
0.325827
0.325474
0.325122
0.324769
0.324416
0.324063
0.32371
0.323357
0.323004
0.322651
0.322298
0.321945
0.321592
0.321239
0.320886
0.320533
0.32018
0.319827
0.319474
0.319121
0.318768
0.318416
0.318063
0.31771
0.317358
0.317005
0.316653
0.3163
0.315948
0.315595
0.315243
0.314891
0.314539
0.314186
0.313834
0.313482
0.31313
0.312777
0.312425
0.312072
0.31172
0.311367
0.311014
0.310662
0.310309
0.309956
0.309602
0.309249
0.308895
0.308541
0.308187
0.307833
0.307478
0.307123
0.306767
0.306411
0.306055
0.305698
0.30534
0.304982
0.304624
0.304264
0.303904
0.303543
0.303181
0.302818
0.302455
0.30209
0.301725
0.301358
0.300991
0.300622
0.300253
0.299881
0.299509
0.299136
0.298761
0.298385
0.298007
0.297628
0.297248
0.296867
0.296484
0.2961
0.295714
0.295327
0.294939
0.29455
0.29416
0.293768
0.293376
0.292983
0.292589
0.292194
0.291798
0.291402
0.291005
0.290606
0.290206
0.289803
0.289396
0.288983
0.28856
0.288126
0.287679
0.287217
0.286736
0.286235
0.285708
0.285154
0.284563
0.283937
0.283263
0.282542
0.281766
0.280922
0.280026
0.279039
0.278004
0.276872
0.275685
0.274422
0.273101
0.27174
0.27035
0.268967
0.267582
0.266223
0.264883
0.263591
0.262356
0.262277
0.262316
0.262546
0.262956
0.263545
0.264316
0.26527
0.266405
0.267719
0.269207
0.270862
0.272673
0.274631
0.276728
0.278957
0.281306
0.283763
0.286319
0.288961
0.291679
0.294462
0.297299
0.300175
0.303077
0.306003
0.308949
0.311898
0.314856
0.317813
0.32077
0.323722
0.326664
0.329596
0.332517
0.335433
0.338344
0.341271
0.344203
0.347112
0.350005
0.352899
0.35581
0.358739
0.361728
0.364759
0.36788
0.371113
0.374481
0.378007
0.381715
0.385628
0.389771
0.394168
0.398847
0.40383
0.409142
0.414806
0.420849
0.427296
0.434168
0.441489
0.449276
0.457553
0.466332
0.475628
0.485449
0.4958
0.50668
0.518084
0.529997
0.542409
0.555282
0.5686
0.582313
0.596382
0.610762
0.625387
0.64021
0.655156
0.670168
0.685191
0.700149
0.714963
0.72965
0.744077
0.758261
0.772127
0.785662
0.798734
0.811341
0.823497
0.834998
0.846058
0.856571
0.866699
0.876275
0.88555
0.894428
0.902668
0.910368
0.917722
0.924973
0.931724
0.938352
0.944731
0.95077
0.956304
0.960636
0.965371
0.968575
0.972307
0.974601
0.977105
0.979411
0.983051
0.983911
0.98444
0.983937
0.983304
0.981879
0.980421
0.97672
0.973293
0.971075
0.968509
0.966018
0.962763
0.959637
0.956675
0.952812
0.949619
0.945718
0.941485
0.937249
0.933086
0.928778
0.924438
0.920078
0.915766
0.911471
0.907126
0.902795
0.89845
0.894151
0.88987
0.885607
0.881379
0.877202
0.873083
0.869022
0.865036
0.861118
0.85729
0.853545
0.849885
0.846321
0.842874
0.839565
0.836414
0.833447
0.830698
0.828256
0.826143
0.824564
0.823787
0.824117
0.824068
0.825247
0.346837
0.346508
0.346177
0.345846
0.345515
0.345183
0.34485
0.344517
0.344183
0.343849
0.343514
0.343179
0.342843
0.342506
0.342169
0.341832
0.341494
0.341156
0.340817
0.340477
0.340137
0.339797
0.339456
0.339115
0.338773
0.338431
0.338088
0.337745
0.337402
0.337058
0.336713
0.336369
0.336024
0.335678
0.335333
0.334987
0.33464
0.334293
0.333946
0.333599
0.333251
0.332903
0.332555
0.332206
0.331857
0.331508
0.331159
0.330809
0.330459
0.330109
0.329759
0.329408
0.329058
0.328707
0.328356
0.328004
0.327653
0.327301
0.32695
0.326598
0.326246
0.325894
0.325541
0.325189
0.324836
0.324484
0.324131
0.323778
0.323426
0.323073
0.322719
0.322366
0.322013
0.32166
0.321307
0.320953
0.3206
0.320247
0.319893
0.319539
0.319186
0.318832
0.318478
0.318124
0.31777
0.317416
0.317062
0.316707
0.316353
0.315998
0.315643
0.315288
0.314933
0.314578
0.314223
0.313867
0.313512
0.313156
0.3128
0.312444
0.312087
0.311731
0.311374
0.311017
0.310659
0.310301
0.309943
0.309584
0.309225
0.308865
0.308505
0.308144
0.307782
0.30742
0.307058
0.306694
0.30633
0.305965
0.305599
0.305232
0.304864
0.304495
0.304125
0.303754
0.303381
0.303008
0.302633
0.302257
0.301879
0.3015
0.301119
0.300737
0.300353
0.299968
0.29958
0.299192
0.2988
0.298408
0.298013
0.297617
0.297218
0.296818
0.296415
0.29601
0.295604
0.295195
0.294784
0.294372
0.293957
0.29354
0.293122
0.292702
0.292279
0.291855
0.291429
0.291002
0.290572
0.290141
0.289706
0.289269
0.288827
0.288379
0.287922
0.287453
0.28697
0.286472
0.285955
0.285416
0.28485
0.284254
0.283623
0.282949
0.282232
0.281456
0.280625
0.279724
0.27875
0.277704
0.276565
0.275359
0.274047
0.272689
0.271217
0.269725
0.268174
0.266592
0.26501
0.263488
0.261941
0.260516
0.259121
0.257866
0.257823
0.257913
0.258203
0.258682
0.259349
0.260208
0.261256
0.262495
0.263915
0.26552
0.267296
0.269245
0.271353
0.273607
0.27599
0.278486
0.281088
0.28378
0.286547
0.289379
0.292266
0.295196
0.298166
0.301164
0.304184
0.307231
0.31028
0.313365
0.316445
0.319512
0.32257
0.325621
0.328671
0.331725
0.334789
0.337883
0.340986
0.344172
0.34743
0.350772
0.354218
0.357787
0.361501
0.365383
0.369458
0.373753
0.378296
0.383115
0.38824
0.393704
0.399537
0.405774
0.412447
0.419594
0.427243
0.435436
0.444201
0.453576
0.463591
0.474265
0.485614
0.497645
0.510373
0.523787
0.537887
0.552645
0.568037
0.584023
0.600557
0.617581
0.635042
0.65284
0.670943
0.689221
0.707629
0.726062
0.744424
0.762651
0.780605
0.798282
0.815573
0.832407
0.84874
0.864667
0.879951
0.894706
0.90884
0.922382
0.935095
0.947118
0.958461
0.969002
0.978853
0.988282
0.9971
1.00533
1.01315
1.02075
1.02722
1.03282
1.03815
1.04362
1.04831
1.05241
1.05842
1.0607
1.06316
1.06371
1.06736
1.06518
1.06733
1.06445
1.06449
1.06096
1.05793
1.05477
1.05188
1.04836
1.04486
1.04078
1.03686
1.03219
1.02721
1.02235
1.01736
1.01237
1.00715
1.00176
0.996472
0.990833
0.985322
0.979648
0.973819
0.967939
0.962094
0.956228
0.950385
0.944567
0.938812
0.933122
0.927466
0.921865
0.916311
0.910835
0.905441
0.900131
0.894911
0.889788
0.884767
0.879849
0.875044
0.870349
0.865779
0.861335
0.857022
0.85285
0.84883
0.844987
0.841339
0.837916
0.834739
0.831883
0.829405
0.827383
0.826153
0.826325
0.826243
0.827122
0.346863
0.346533
0.346204
0.345874
0.345543
0.345212
0.34488
0.344547
0.344214
0.343881
0.343547
0.343213
0.342878
0.342542
0.342206
0.341869
0.341532
0.341195
0.340857
0.340518
0.340179
0.33984
0.3395
0.33916
0.338819
0.338478
0.338136
0.337794
0.337452
0.337109
0.336766
0.336422
0.336078
0.335734
0.335389
0.335044
0.334698
0.334353
0.334006
0.33366
0.333313
0.332966
0.332618
0.332271
0.331922
0.331574
0.331225
0.330877
0.330527
0.330178
0.329828
0.329478
0.329128
0.328777
0.328427
0.328076
0.327724
0.327373
0.327021
0.326669
0.326317
0.325965
0.325613
0.32526
0.324907
0.324554
0.324201
0.323847
0.323493
0.323139
0.322785
0.322431
0.322076
0.321721
0.321366
0.32101
0.320655
0.320299
0.319943
0.319586
0.31923
0.318873
0.318516
0.318159
0.317802
0.317444
0.317086
0.316728
0.316369
0.316011
0.315651
0.315292
0.314932
0.314572
0.314211
0.31385
0.313489
0.313127
0.312765
0.312402
0.312038
0.311675
0.31131
0.310945
0.310579
0.310213
0.309845
0.309478
0.309109
0.308739
0.308369
0.307998
0.307625
0.307252
0.306877
0.306502
0.306125
0.305748
0.305368
0.304988
0.304606
0.304223
0.303838
0.303452
0.303064
0.302674
0.302282
0.30189
0.301494
0.301097
0.300698
0.300297
0.299893
0.299488
0.299079
0.29867
0.298256
0.297842
0.297424
0.297004
0.296581
0.296156
0.295728
0.295298
0.294864
0.294429
0.293989
0.293549
0.293104
0.292657
0.292207
0.291755
0.291299
0.29084
0.290378
0.289913
0.289443
0.28897
0.288491
0.288006
0.287511
0.287006
0.286486
0.285951
0.285397
0.284822
0.28422
0.28359
0.282924
0.282219
0.281468
0.280665
0.279803
0.278874
0.277876
0.276795
0.275637
0.274384
0.273055
0.271625
0.270135
0.268548
0.266935
0.265243
0.263576
0.261876
0.2602
0.258689
0.256891
0.255894
0.254461
0.254164
0.254097
0.25433
0.254783
0.255439
0.256288
0.25734
0.258587
0.260034
0.261669
0.263492
0.265473
0.267611
0.269881
0.272281
0.274794
0.277405
0.280123
0.282918
0.285754
0.288648
0.291593
0.294581
0.29761
0.300672
0.303766
0.306894
0.310037
0.313235
0.316426
0.31966
0.322945
0.326291
0.329708
0.333209
0.33681
0.340527
0.344379
0.348387
0.352576
0.356971
0.3616
0.366494
0.371685
0.377209
0.383099
0.389401
0.396147
0.403386
0.411154
0.419503
0.428466
0.438096
0.448423
0.459494
0.471335
0.483985
0.497454
0.511773
0.526933
0.542944
0.559784
0.577425
0.595849
0.614971
0.634766
0.655118
0.675969
0.697205
0.71874
0.740462
0.762258
0.783995
0.805641
0.82699
0.848066
0.868657
0.888748
0.908212
0.926911
0.945025
0.962256
0.978724
0.994469
1.00967
1.02391
1.03739
1.04991
1.06197
1.0728
1.08287
1.09228
1.10093
1.10864
1.11602
1.12225
1.12779
1.13309
1.13827
1.14124
1.14282
1.1439
1.14897
1.14819
1.15156
1.15229
1.14898
1.14593
1.1428
1.14056
1.13696
1.13419
1.13015
1.12655
1.12181
1.11662
1.11108
1.10555
1.09965
1.09371
1.08745
1.08123
1.07476
1.06807
1.0613
1.05442
1.0475
1.04048
1.03335
1.02625
1.01904
1.01186
1.00466
0.997433
0.990212
0.983044
0.97592
0.968866
0.961887
0.955002
0.948223
0.941539
0.934957
0.928473
0.922103
0.915857
0.909739
0.903754
0.897906
0.892198
0.88663
0.881207
0.875929
0.870801
0.865831
0.861025
0.856393
0.851945
0.847702
0.843682
0.839918
0.836436
0.8333
0.830567
0.828312
0.826761
0.826769
0.826753
0.82723
0.346893
0.346565
0.346236
0.345906
0.345576
0.345246
0.344914
0.344583
0.344251
0.343918
0.343585
0.343251
0.342917
0.342582
0.342247
0.341911
0.341575
0.341238
0.340901
0.340564
0.340226
0.339887
0.339548
0.339209
0.338869
0.338528
0.338187
0.337846
0.337504
0.337162
0.33682
0.336477
0.336134
0.33579
0.335446
0.335101
0.334756
0.334411
0.334065
0.333719
0.333373
0.333026
0.332679
0.332331
0.331983
0.331635
0.331286
0.330937
0.330588
0.330238
0.329888
0.329538
0.329187
0.328836
0.328484
0.328132
0.32778
0.327427
0.327074
0.326721
0.326367
0.326013
0.325658
0.325303
0.324948
0.324593
0.324237
0.323881
0.323524
0.323167
0.32281
0.322453
0.322095
0.321736
0.321378
0.321018
0.320659
0.320299
0.319939
0.319578
0.319216
0.318855
0.318492
0.31813
0.317767
0.317403
0.317039
0.316674
0.316308
0.315943
0.315576
0.315209
0.314841
0.314473
0.314104
0.313734
0.313364
0.312993
0.312621
0.312248
0.311875
0.311501
0.311125
0.310749
0.310372
0.309994
0.309615
0.309235
0.308854
0.308471
0.308088
0.307703
0.307317
0.306929
0.30654
0.30615
0.305758
0.305365
0.304969
0.304573
0.304174
0.303774
0.303371
0.302967
0.302561
0.302152
0.301742
0.301329
0.300914
0.300497
0.300077
0.299654
0.299229
0.298802
0.298371
0.297938
0.297502
0.297063
0.296622
0.296177
0.295729
0.295278
0.294824
0.294366
0.293906
0.293442
0.292975
0.292504
0.29203
0.291552
0.291071
0.290585
0.290095
0.289601
0.289101
0.288596
0.288085
0.287566
0.287036
0.286495
0.28594
0.285369
0.284779
0.284167
0.283529
0.282863
0.282161
0.281422
0.280636
0.279802
0.278908
0.277953
0.276925
0.275823
0.274636
0.273366
0.272008
0.270555
0.269033
0.267408
0.26576
0.263999
0.262306
0.260472
0.258864
0.257038
0.255679
0.253962
0.252932
0.251442
0.251081
0.251008
0.251224
0.251679
0.252349
0.253243
0.254357
0.255678
0.25719
0.258882
0.260733
0.262717
0.264832
0.267081
0.26945
0.271938
0.274534
0.277224
0.280018
0.282882
0.285804
0.288804
0.291875
0.295013
0.298215
0.301481
0.304811
0.30821
0.311682
0.315235
0.31888
0.322626
0.32649
0.330487
0.334639
0.338966
0.343494
0.348248
0.353263
0.358567
0.364199
0.370196
0.3766
0.383454
0.390804
0.398701
0.407187
0.416324
0.426149
0.436729
0.448094
0.46031
0.473398
0.487417
0.502375
0.518313
0.535221
0.553123
0.571977
0.59179
0.612483
0.634039
0.656356
0.679368
0.702995
0.727074
0.751562
0.776237
0.801065
0.825848
0.850512
0.874891
0.898852
0.922301
0.945211
0.967386
0.9889
1.00943
1.02918
1.04777
1.06535
1.08217
1.09767
1.11238
1.12639
1.13983
1.1521
1.16349
1.17337
1.18345
1.19181
1.19932
1.20595
1.21199
1.21731
1.22144
1.22349
1.22459
1.22987
1.2317
1.22907
1.22625
1.22372
1.22212
1.21965
1.21761
1.21511
1.21096
1.2061
1.20079
1.19559
1.18988
1.18429
1.17825
1.1722
1.16569
1.15877
1.1515
1.14409
1.13643
1.12867
1.12074
1.1128
1.10477
1.09663
1.08842
1.08012
1.07178
1.0634
1.05496
1.04656
1.03813
1.02974
1.0214
1.01311
1.00487
0.99672
0.988659
0.980705
0.972865
0.965151
0.957574
0.950133
0.942832
0.935668
0.928649
0.921784
0.915077
0.908534
0.902156
0.895947
0.889907
0.884037
0.87834
0.872822
0.867486
0.862339
0.85739
0.852648
0.848135
0.843864
0.839873
0.83618
0.832858
0.829933
0.82756
0.825747
0.82563
0.825702
0.825916
0.346933
0.346605
0.346277
0.345948
0.345619
0.345289
0.344959
0.344628
0.344297
0.343965
0.343633
0.3433
0.342966
0.342633
0.342298
0.341963
0.341628
0.341292
0.340955
0.340618
0.340281
0.339943
0.339604
0.339265
0.338926
0.338586
0.338246
0.337905
0.337563
0.337221
0.336879
0.336536
0.336193
0.335849
0.335505
0.33516
0.334815
0.334469
0.334123
0.333776
0.333429
0.333081
0.332732
0.332384
0.332034
0.331684
0.331334
0.330983
0.330631
0.330279
0.329927
0.329574
0.32922
0.328866
0.328512
0.328157
0.327801
0.327445
0.327088
0.326731
0.326374
0.326015
0.325656
0.325297
0.324937
0.324576
0.324215
0.323853
0.323491
0.323128
0.322764
0.3224
0.322035
0.321669
0.321303
0.320936
0.320569
0.3202
0.319831
0.319461
0.319091
0.31872
0.318348
0.317975
0.317602
0.317227
0.316852
0.316476
0.316099
0.315722
0.315343
0.314964
0.314583
0.314202
0.31382
0.313436
0.313052
0.312667
0.31228
0.311893
0.311504
0.311114
0.310723
0.310331
0.309937
0.309542
0.309146
0.308749
0.30835
0.307949
0.307547
0.307144
0.306739
0.306331
0.305923
0.305512
0.305101
0.304686
0.30427
0.303852
0.303432
0.303009
0.302585
0.302157
0.301728
0.301296
0.300862
0.300425
0.299986
0.299543
0.299099
0.29865
0.2982
0.297746
0.297289
0.296829
0.296366
0.295899
0.29543
0.294956
0.29448
0.293999
0.293516
0.293029
0.292538
0.292043
0.291545
0.291041
0.290535
0.290022
0.289506
0.288982
0.288455
0.287918
0.287376
0.286822
0.286258
0.28568
0.285089
0.284479
0.28385
0.283196
0.282517
0.281807
0.281061
0.280278
0.279445
0.278569
0.277627
0.276634
0.275557
0.274427
0.273188
0.271905
0.27048
0.269043
0.267428
0.265849
0.264063
0.262395
0.260487
0.25881
0.256871
0.255301
0.253496
0.252084
0.250729
0.249389
0.248097
0.247975
0.24809
0.248473
0.249087
0.249911
0.250933
0.252136
0.253496
0.255026
0.256722
0.258578
0.260583
0.262731
0.265032
0.267474
0.270045
0.272737
0.275542
0.278452
0.281462
0.284568
0.287768
0.29106
0.294445
0.297926
0.301509
0.305199
0.309006
0.31294
0.317019
0.321253
0.325667
0.330279
0.335119
0.340208
0.345585
0.351277
0.357329
0.363774
0.370664
0.378038
0.385955
0.394458
0.403608
0.413456
0.424061
0.435481
0.447762
0.460972
0.475135
0.490326
0.50654
0.523847
0.542217
0.561699
0.582236
0.603846
0.626445
0.650019
0.674446
0.699695
0.725594
0.752111
0.779038
0.806315
0.833773
0.861213
0.8886
0.915625
0.94237
0.96851
0.99408
1.01883
1.04267
1.06563
1.08766
1.10869
1.12863
1.14723
1.1649
1.1809
1.19601
1.21018
1.22291
1.23485
1.24626
1.25696
1.26637
1.27498
1.28159
1.28959
1.29428
1.29792
1.30011
1.30505
1.30729
1.30493
1.30237
1.29988
1.29809
1.29635
1.29288
1.28843
1.28361
1.27875
1.27366
1.26844
1.26305
1.25695
1.25027
1.24315
1.23589
1.22834
1.22073
1.21288
1.20495
1.1968
1.18839
1.17971
1.17087
1.16184
1.15272
1.1435
1.13425
1.12498
1.11567
1.10633
1.09695
1.08754
1.07814
1.06872
1.05934
1.04999
1.04071
1.03152
1.02242
1.01342
1.00454
0.995781
0.987163
0.978689
0.970368
0.96221
0.954217
0.946393
0.938739
0.931257
0.923954
0.916833
0.9099
0.903155
0.896601
0.890238
0.884065
0.878084
0.872298
0.866713
0.861333
0.856169
0.85123
0.846535
0.842097
0.837955
0.834121
0.830691
0.827633
0.825222
0.823207
0.823015
0.823123
0.823241
0.346984
0.346657
0.34633
0.346002
0.345674
0.345344
0.345015
0.344685
0.344354
0.344023
0.343691
0.343359
0.343026
0.342692
0.342358
0.342023
0.341688
0.341352
0.341016
0.340679
0.340341
0.340003
0.339664
0.339325
0.338985
0.338644
0.338303
0.337961
0.337618
0.337275
0.336931
0.336587
0.336241
0.335895
0.335549
0.335201
0.334853
0.334505
0.334156
0.333806
0.333455
0.333104
0.332752
0.332399
0.332046
0.331691
0.331336
0.330981
0.330624
0.330267
0.329909
0.32955
0.329191
0.32883
0.328469
0.328107
0.327744
0.32738
0.327016
0.326651
0.326284
0.325917
0.325549
0.32518
0.324811
0.32444
0.324068
0.323696
0.323323
0.322948
0.322573
0.322197
0.32182
0.321441
0.321062
0.320682
0.320301
0.319919
0.319536
0.319151
0.318766
0.31838
0.317992
0.317604
0.317214
0.316823
0.316431
0.316039
0.315644
0.315249
0.314852
0.314455
0.314055
0.313655
0.313254
0.312851
0.312447
0.312041
0.311634
0.311226
0.310816
0.310405
0.309992
0.309578
0.309162
0.308745
0.308326
0.307906
0.307483
0.307059
0.306633
0.306206
0.305776
0.305345
0.304911
0.304476
0.304038
0.303598
0.303156
0.302712
0.302265
0.301816
0.301364
0.30091
0.300453
0.299994
0.299531
0.299067
0.298598
0.298128
0.297654
0.297177
0.296697
0.296214
0.295727
0.295237
0.294743
0.294247
0.293746
0.293243
0.292735
0.292224
0.291709
0.29119
0.290666
0.290139
0.289606
0.28907
0.288527
0.287978
0.287422
0.286859
0.286285
0.2857
0.285103
0.284492
0.283864
0.283217
0.282548
0.281854
0.28113
0.280376
0.279582
0.27875
0.277867
0.27694
0.275945
0.274903
0.273773
0.272597
0.27131
0.269987
0.268523
0.267056
0.265403
0.263815
0.261993
0.260316
0.258371
0.2567
0.254701
0.253139
0.251215
0.24993
0.248214
0.247359
0.246035
0.245782
0.245732
0.246015
0.246545
0.247268
0.248172
0.249259
0.250527
0.251977
0.253623
0.255456
0.257465
0.25964
0.261971
0.264452
0.267074
0.269833
0.272723
0.275739
0.278879
0.282144
0.285531
0.289044
0.292689
0.29647
0.300398
0.304481
0.308736
0.313176
0.317822
0.322695
0.327821
0.333227
0.338948
0.345012
0.351469
0.358346
0.365705
0.373577
0.382032
0.391106
0.400874
0.411374
0.422686
0.434849
0.447938
0.461993
0.477075
0.493226
0.510479
0.528879
0.548413
0.569135
0.590973
0.613977
0.638028
0.663156
0.689199
0.716154
0.743835
0.772209
0.801058
0.83034
0.859808
0.889442
0.918946
0.948329
0.977306
1.00574
1.03359
1.06058
1.0869
1.11204
1.13631
1.15925
1.18096
1.20159
1.22109
1.23945
1.25624
1.27155
1.28584
1.29835
1.31018
1.32077
1.3304
1.33886
1.34693
1.35389
1.35958
1.36468
1.36789
1.37526
1.37411
1.37254
1.37053
1.36865
1.36671
1.3631
1.35852
1.35358
1.34847
1.34345
1.33783
1.33155
1.32483
1.31781
1.31059
1.30317
1.29559
1.28766
1.27936
1.27075
1.26196
1.25298
1.2439
1.23467
1.22536
1.21593
1.20635
1.19659
1.18671
1.17669
1.16661
1.15646
1.14629
1.13613
1.12598
1.11583
1.10568
1.09553
1.08541
1.07531
1.06526
1.05528
1.04539
1.03562
1.02596
1.01644
1.00706
0.997837
0.988772
0.979875
0.971153
0.962613
0.954261
0.9461
0.93813
0.930352
0.922772
0.915391
0.908214
0.901241
0.894475
0.887912
0.881555
0.875403
0.869461
0.863731
0.85822
0.852936
0.84789
0.843099
0.838572
0.834354
0.830443
0.826971
0.823832
0.821433
0.819309
0.819071
0.819274
0.819346
0.347047
0.346721
0.346394
0.346066
0.345738
0.345409
0.34508
0.34475
0.344419
0.344087
0.343755
0.343422
0.343088
0.342754
0.342419
0.342083
0.341746
0.341409
0.34107
0.340731
0.340391
0.34005
0.339709
0.339366
0.339023
0.338679
0.338334
0.337988
0.337642
0.337294
0.336946
0.336596
0.336246
0.335895
0.335543
0.33519
0.334835
0.33448
0.334124
0.333767
0.333409
0.33305
0.332689
0.332328
0.331966
0.331602
0.331238
0.330872
0.330505
0.330137
0.329768
0.329398
0.329027
0.328654
0.328281
0.327906
0.32753
0.327152
0.326774
0.326394
0.326014
0.325631
0.325248
0.324864
0.324478
0.324091
0.323702
0.323313
0.322922
0.32253
0.322136
0.321742
0.321345
0.320948
0.320549
0.320149
0.319748
0.319345
0.318941
0.318536
0.318129
0.317721
0.317311
0.3169
0.316488
0.316074
0.315659
0.315243
0.314824
0.314405
0.313984
0.313561
0.313137
0.312712
0.312285
0.311856
0.311426
0.310995
0.310561
0.310126
0.30969
0.309252
0.308812
0.30837
0.307926
0.307481
0.307034
0.306585
0.306135
0.305682
0.305227
0.304771
0.304312
0.303851
0.303388
0.302923
0.302456
0.301986
0.301514
0.30104
0.300563
0.300084
0.299601
0.299117
0.29863
0.29814
0.297647
0.297151
0.296652
0.29615
0.295645
0.295138
0.294626
0.294112
0.293594
0.293074
0.292549
0.292021
0.29149
0.290955
0.290416
0.289874
0.289327
0.288777
0.288221
0.287661
0.287095
0.286522
0.285941
0.285352
0.284752
0.284141
0.283516
0.282875
0.282215
0.281535
0.28083
0.280098
0.279335
0.278536
0.277697
0.276816
0.275883
0.274901
0.273856
0.272755
0.271576
0.270343
0.269013
0.267643
0.266144
0.264644
0.262971
0.261368
0.259543
0.25787
0.255962
0.254263
0.252324
0.250776
0.248876
0.247573
0.245983
0.245156
0.24401
0.243828
0.243823
0.244093
0.244563
0.245232
0.246103
0.247178
0.24847
0.24997
0.251669
0.253561
0.255638
0.257893
0.26032
0.262913
0.265667
0.268578
0.271643
0.274862
0.278235
0.281765
0.285455
0.289314
0.293347
0.297569
0.301991
0.30663
0.311504
0.316637
0.322052
0.327777
0.333848
0.340292
0.347158
0.354475
0.362305
0.370678
0.379665
0.389299
0.399661
0.410782
0.422748
0.435589
0.449393
0.46418
0.480036
0.496972
0.515057
0.534291
0.554718
0.576326
0.599116
0.623076
0.648139
0.674311
0.701439
0.729546
0.758412
0.788062
0.81822
0.848901
0.879815
0.910967
0.942035
0.97304
1.00368
1.03397
1.06357
1.09262
1.12066
1.14775
1.17378
1.19867
1.22254
1.24478
1.26604
1.28559
1.30377
1.32092
1.33688
1.35148
1.36414
1.37533
1.38544
1.39447
1.40248
1.40895
1.41465
1.41957
1.42414
1.42677
1.4294
1.43174
1.43152
1.43172
1.42805
1.42298
1.41782
1.41243
1.40707
1.40113
1.39456
1.38759
1.38032
1.37297
1.36536
1.35738
1.34908
1.3405
1.33171
1.32273
1.3136
1.30428
1.29474
1.28499
1.27511
1.2651
1.25501
1.24483
1.23458
1.22426
1.21386
1.20337
1.19279
1.18214
1.17143
1.16069
1.14995
1.13923
1.12854
1.11788
1.10725
1.09664
1.08608
1.07557
1.06513
1.05477
1.04453
1.03441
1.02443
1.0146
1.00494
0.995443
0.986123
0.976986
0.968041
0.95929
0.950742
0.942399
0.934264
0.926336
0.918618
0.911111
0.903819
0.896741
0.889879
0.883229
0.876794
0.870571
0.864569
0.858787
0.853233
0.847911
0.842838
0.838024
0.833477
0.829247
0.825316
0.821856
0.818679
0.816333
0.814174
0.813923
0.814275
0.814328
0.347118
0.346791
0.346463
0.346134
0.345805
0.345474
0.345142
0.34481
0.344476
0.344142
0.343806
0.34347
0.343132
0.342794
0.342454
0.342114
0.341772
0.34143
0.341086
0.340741
0.340395
0.340048
0.3397
0.33935
0.339
0.338648
0.338295
0.33794
0.337584
0.337227
0.336869
0.336509
0.336148
0.335786
0.335422
0.335057
0.334691
0.334323
0.333953
0.333583
0.333211
0.332837
0.332462
0.332085
0.331707
0.331327
0.330946
0.330564
0.330179
0.329794
0.329407
0.329018
0.328627
0.328235
0.327842
0.327447
0.32705
0.326652
0.326252
0.325851
0.325448
0.325043
0.324637
0.324229
0.32382
0.323409
0.322996
0.322582
0.322166
0.321749
0.32133
0.320909
0.320487
0.320063
0.319637
0.31921
0.318781
0.318351
0.317919
0.317485
0.31705
0.316613
0.316175
0.315735
0.315293
0.31485
0.314405
0.313958
0.31351
0.31306
0.312608
0.312155
0.3117
0.311244
0.310786
0.310326
0.309864
0.309401
0.308936
0.308469
0.308001
0.30753
0.307059
0.306585
0.306109
0.305632
0.305153
0.304671
0.304188
0.303703
0.303216
0.302727
0.302236
0.301743
0.301248
0.30075
0.300251
0.299749
0.299245
0.298738
0.29823
0.297718
0.297204
0.296688
0.296169
0.295647
0.295123
0.294596
0.294067
0.293533
0.292998
0.292459
0.291919
0.291373
0.290827
0.290276
0.289723
0.289165
0.288606
0.288042
0.287475
0.286904
0.286329
0.285748
0.285162
0.284569
0.283969
0.283359
0.28274
0.282107
0.281461
0.280797
0.280114
0.279407
0.278675
0.277911
0.277116
0.276279
0.275402
0.274477
0.273499
0.272469
0.271373
0.270221
0.268999
0.267706
0.266349
0.264916
0.263412
0.261865
0.260206
0.258588
0.256789
0.255145
0.253274
0.251662
0.249847
0.248252
0.246589
0.245371
0.243835
0.243254
0.242161
0.242152
0.242344
0.242685
0.24321
0.243945
0.244911
0.246102
0.247512
0.249138
0.250975
0.253018
0.25526
0.257699
0.260328
0.263146
0.266148
0.269338
0.272712
0.276277
0.280034
0.283993
0.288157
0.292545
0.297162
0.302033
0.307168
0.312598
0.318339
0.324426
0.330885
0.337754
0.345069
0.352871
0.361207
0.370118
0.379663
0.389881
0.400845
0.412584
0.425186
0.438669
0.453127
0.468565
0.48508
0.50266
0.521394
0.541253
0.562308
0.584512
0.60791
0.632436
0.658097
0.684812
0.712547
0.741214
0.770707
0.800984
0.831825
0.863242
0.894947
0.926973
0.958968
0.990996
1.0227
1.05416
1.08495
1.11524
1.14465
1.17329
1.20076
1.22739
1.25249
1.27642
1.29894
1.32032
1.3403
1.35843
1.37558
1.39093
1.40478
1.41798
1.4298
1.43999
1.44818
1.45484
1.46027
1.46576
1.47001
1.47246
1.47424
1.47471
1.47673
1.47464
1.47201
1.46961
1.46587
1.46231
1.4572
1.45078
1.44374
1.43624
1.4286
1.42069
1.41243
1.40389
1.39509
1.38616
1.3771
1.36784
1.35838
1.3487
1.33885
1.32884
1.3187
1.30844
1.29806
1.28755
1.27696
1.2663
1.25559
1.24483
1.23403
1.2232
1.21233
1.20142
1.19046
1.17947
1.16844
1.15741
1.14639
1.1354
1.12444
1.11354
1.10267
1.09186
1.0811
1.0704
1.05979
1.04928
1.03888
1.02862
1.01851
1.00856
0.998778
0.989176
0.979764
0.970544
0.961527
0.952714
0.944112
0.935724
0.927553
0.919598
0.911863
0.904343
0.897047
0.889968
0.883112
0.876469
0.870046
0.863839
0.857861
0.852104
0.846583
0.841295
0.836264
0.831488
0.826981
0.822795
0.81889
0.815485
0.812307
0.810048
0.8079
0.807673
0.808206
0.808264
0.347178
0.346846
0.346513
0.346179
0.345844
0.345507
0.34517
0.344831
0.34449
0.344148
0.343805
0.343461
0.343115
0.342767
0.342418
0.342067
0.341715
0.341361
0.341006
0.340649
0.34029
0.33993
0.339568
0.339205
0.338839
0.338472
0.338104
0.337733
0.337361
0.336987
0.336611
0.336233
0.335854
0.335472
0.335089
0.334704
0.334317
0.333928
0.333537
0.333144
0.33275
0.332353
0.331955
0.331554
0.331152
0.330748
0.330342
0.329934
0.329524
0.329111
0.328698
0.328282
0.327864
0.327444
0.327022
0.326598
0.326173
0.325745
0.325316
0.324884
0.324451
0.324015
0.323578
0.323139
0.322698
0.322255
0.32181
0.321364
0.320915
0.320465
0.320013
0.319559
0.319103
0.318645
0.318186
0.317724
0.317261
0.316796
0.31633
0.315861
0.315391
0.314919
0.314445
0.31397
0.313493
0.313014
0.312534
0.312052
0.311568
0.311082
0.310595
0.310106
0.309616
0.309124
0.30863
0.308135
0.307637
0.307139
0.306638
0.306136
0.305632
0.305127
0.30462
0.304112
0.303601
0.303089
0.302575
0.30206
0.301542
0.301024
0.300503
0.29998
0.299456
0.29893
0.298401
0.297871
0.297339
0.296805
0.296269
0.295732
0.295191
0.294649
0.294105
0.293559
0.29301
0.292459
0.291905
0.29135
0.290792
0.290232
0.289669
0.289105
0.288537
0.287968
0.287395
0.286821
0.286243
0.285664
0.28508
0.284494
0.283903
0.283309
0.282709
0.282104
0.281491
0.28087
0.280239
0.279595
0.278937
0.278261
0.277565
0.276845
0.276097
0.275315
0.274499
0.273638
0.272737
0.271779
0.270772
0.269704
0.268572
0.267387
0.266119
0.264804
0.263411
0.261948
0.26045
0.258855
0.257261
0.255615
0.253915
0.252327
0.250516
0.24903
0.247272
0.245996
0.244473
0.243577
0.242411
0.241951
0.240987
0.241204
0.241522
0.242022
0.242747
0.243698
0.244881
0.246294
0.247938
0.249812
0.251913
0.254239
0.256787
0.259556
0.262544
0.265753
0.269182
0.272837
0.27672
0.280841
0.285205
0.289828
0.294718
0.299896
0.305376
0.311185
0.31734
0.323876
0.330814
0.338197
0.34605
0.354422
0.363346
0.372872
0.383042
0.393906
0.405514
0.417909
0.431155
0.445279
0.460357
0.476396
0.493482
0.511594
0.530825
0.551126
0.572584
0.595126
0.618822
0.643576
0.669437
0.696285
0.72414
0.752868
0.782448
0.812743
0.843692
0.875155
0.907015
0.939201
0.971455
1.00381
1.03594
1.06791
1.09931
1.13029
1.16048
1.19
1.21836
1.24594
1.27221
1.29742
1.32115
1.34393
1.36476
1.3844
1.40242
1.41942
1.43479
1.44821
1.46063
1.47177
1.48096
1.49009
1.49757
1.50302
1.50621
1.50848
1.50943
1.51264
1.51286
1.51035
1.50762
1.50433
1.50152
1.49737
1.49227
1.48691
1.48077
1.47454
1.46763
1.45986
1.45149
1.44265
1.43356
1.42429
1.41482
1.40516
1.39532
1.38537
1.37533
1.36519
1.35493
1.34455
1.33404
1.32343
1.31273
1.30195
1.29111
1.28021
1.26926
1.25829
1.2473
1.23629
1.22526
1.21422
1.20317
1.19211
1.18103
1.16995
1.15885
1.14776
1.13668
1.12564
1.11464
1.1037
1.09281
1.08198
1.07122
1.06053
1.04993
1.03944
1.02907
1.01884
1.00877
0.998854
0.989116
0.979557
0.970195
0.961029
0.952071
0.943321
0.934785
0.926467
0.918368
0.910491
0.902836
0.895401
0.888193
0.881202
0.874436
0.867879
0.861545
0.855428
0.849544
0.843878
0.838453
0.83326
0.828329
0.823644
0.819227
0.815132
0.81129
0.807977
0.804829
0.802688
0.800574
0.800401
0.80114
0.801223
0.347182
0.34684
0.346497
0.346151
0.345804
0.345455
0.345104
0.344751
0.344396
0.344039
0.34368
0.343319
0.342956
0.342591
0.342224
0.341854
0.341483
0.341109
0.340734
0.340356
0.339975
0.339593
0.339208
0.338821
0.338432
0.33804
0.337647
0.33725
0.336852
0.336451
0.336048
0.335642
0.335235
0.334824
0.334412
0.333997
0.33358
0.33316
0.332738
0.332314
0.331887
0.331458
0.331026
0.330593
0.330157
0.329718
0.329277
0.328834
0.328389
0.327941
0.327491
0.327039
0.326584
0.326128
0.325669
0.325208
0.324744
0.324279
0.323811
0.323341
0.322869
0.322395
0.321918
0.32144
0.32096
0.320477
0.319993
0.319506
0.319018
0.318528
0.318035
0.317541
0.317045
0.316547
0.316047
0.315546
0.315042
0.314537
0.31403
0.313522
0.313011
0.3125
0.311986
0.311471
0.310954
0.310436
0.309915
0.309394
0.308871
0.308347
0.307821
0.307293
0.306764
0.306234
0.305702
0.305169
0.304635
0.304099
0.303562
0.303024
0.302484
0.301943
0.3014
0.300857
0.300311
0.299765
0.299217
0.298669
0.298118
0.297567
0.297014
0.29646
0.295905
0.295348
0.29479
0.29423
0.293669
0.293107
0.292544
0.291979
0.291412
0.290844
0.290275
0.289704
0.289132
0.288558
0.287983
0.287406
0.286828
0.286248
0.285667
0.285084
0.2845
0.283914
0.283327
0.282738
0.282148
0.281555
0.28096
0.28036
0.279758
0.27915
0.278538
0.277917
0.277288
0.276646
0.275992
0.27532
0.27463
0.273913
0.27317
0.272392
0.271578
0.270717
0.269815
0.26885
0.267842
0.266757
0.265628
0.264421
0.263155
0.261839
0.260435
0.259017
0.257498
0.255961
0.254403
0.252776
0.251241
0.249659
0.248186
0.246807
0.245367
0.244422
0.243199
0.242596
0.241544
0.241356
0.241306
0.241548
0.242031
0.242795
0.243819
0.245097
0.246629
0.248416
0.250455
0.25275
0.255298
0.258102
0.261161
0.264479
0.268057
0.271901
0.276014
0.280406
0.285083
0.290061
0.295347
0.300963
0.306919
0.313244
0.319952
0.327078
0.334636
0.342672
0.351202
0.360277
0.369915
0.380175
0.391077
0.40268
0.41501
0.428122
0.442047
0.456832
0.472512
0.489119
0.506697
0.52525
0.544834
0.565417
0.587066
0.609711
0.633425
0.658099
0.683804
0.710403
0.737952
0.766289
0.795451
0.825263
0.855736
0.886685
0.918079
0.949761
0.981652
1.01359
1.04548
1.07724
1.10859
1.13961
1.16997
1.19974
1.22852
1.25653
1.28344
1.30934
1.33376
1.35723
1.37911
1.39977
1.41885
1.43692
1.45283
1.46768
1.48071
1.49305
1.50374
1.51229
1.51983
1.52641
1.53148
1.53615
1.54015
1.54061
1.53853
1.53635
1.53361
1.53131
1.52841
1.52397
1.51888
1.51316
1.50745
1.50118
1.49422
1.4869
1.479
1.47087
1.46239
1.45342
1.44402
1.43426
1.42427
1.41414
1.40389
1.39354
1.38309
1.37256
1.36199
1.35138
1.34072
1.33
1.31921
1.30836
1.29746
1.28651
1.27553
1.26454
1.25353
1.24251
1.2315
1.2205
1.20949
1.1985
1.18751
1.17654
1.16556
1.15459
1.14363
1.13268
1.12175
1.11085
1.1
1.08921
1.07847
1.0678
1.0572
1.04668
1.03626
1.02593
1.01574
1.00568
0.995776
0.986029
0.976455
0.967059
0.957862
0.948862
0.94007
0.931486
0.923114
0.914959
0.907023
0.89931
0.891818
0.884546
0.877504
0.870676
0.864068
0.857663
0.851483
0.845517
0.839787
0.834267
0.828993
0.823946
0.819164
0.814615
0.810332
0.806363
0.802615
0.799423
0.796333
0.79434
0.792261
0.792166
0.793136
0.793245
0.347053
0.346691
0.346327
0.34596
0.345591
0.345219
0.344844
0.344467
0.344087
0.343704
0.343319
0.342931
0.34254
0.342147
0.34175
0.341351
0.340949
0.340545
0.340137
0.339727
0.339314
0.338897
0.338479
0.338057
0.337632
0.337205
0.336775
0.336341
0.335905
0.335467
0.335025
0.334581
0.334133
0.333683
0.33323
0.332775
0.332316
0.331855
0.331391
0.330924
0.330455
0.329983
0.329508
0.329031
0.328551
0.328068
0.327583
0.327095
0.326605
0.326112
0.325617
0.325119
0.324619
0.324117
0.323612
0.323105
0.322595
0.322083
0.321569
0.321053
0.320535
0.320014
0.319492
0.318967
0.318441
0.317912
0.317382
0.316849
0.316315
0.315779
0.315241
0.314701
0.31416
0.313617
0.313073
0.312526
0.311979
0.31143
0.310879
0.310327
0.309774
0.309219
0.308663
0.308106
0.307547
0.306988
0.306427
0.305865
0.305302
0.304738
0.304173
0.303607
0.303041
0.302473
0.301905
0.301335
0.300766
0.300194
0.299623
0.299051
0.298478
0.297905
0.297331
0.296756
0.296181
0.295605
0.295029
0.294452
0.293875
0.293297
0.292719
0.29214
0.291561
0.290981
0.290401
0.289821
0.28924
0.288659
0.288078
0.287496
0.286914
0.286331
0.285748
0.285165
0.284582
0.283998
0.283414
0.282829
0.282246
0.281661
0.281077
0.280493
0.279909
0.279325
0.278741
0.278156
0.277571
0.276984
0.276397
0.275805
0.275211
0.27461
0.274004
0.273388
0.272763
0.272122
0.271465
0.270784
0.270081
0.269342
0.268567
0.267748
0.266883
0.265963
0.264996
0.263951
0.262872
0.261702
0.260512
0.259229
0.257923
0.256566
0.255162
0.253794
0.252371
0.251024
0.249695
0.248412
0.247217
0.246089
0.245049
0.244147
0.243206
0.242838
0.242648
0.242812
0.243201
0.243875
0.244827
0.246063
0.247582
0.249386
0.251479
0.253861
0.256535
0.259502
0.262767
0.266332
0.270202
0.274382
0.278879
0.283701
0.288856
0.294357
0.300214
0.306445
0.31306
0.320085
0.327531
0.335429
0.343792
0.352656
0.362036
0.371974
0.382484
0.393613
0.405374
0.417819
0.430959
0.444847
0.45949
0.474943
0.491209
0.508334
0.526325
0.545208
0.564997
0.585693
0.607317
0.629837
0.653287
0.677595
0.702806
0.728808
0.755655
0.783195
0.811488
0.840357
0.869848
0.89976
0.930135
0.960765
0.991664
1.02262
1.05361
1.08448
1.11515
1.14544
1.17531
1.20467
1.23322
1.26113
1.28806
1.31408
1.33881
1.36253
1.38505
1.40629
1.42592
1.44442
1.4613
1.47693
1.49101
1.5039
1.51501
1.52504
1.53287
1.54067
1.5459
1.5494
1.5521
1.55415
1.5562
1.55652
1.55464
1.55167
1.54745
1.54256
1.53717
1.53164
1.52585
1.51925
1.51211
1.50447
1.49669
1.48864
1.4802
1.47147
1.46237
1.45304
1.44351
1.43372
1.42368
1.4134
1.40296
1.39243
1.38183
1.37118
1.3605
1.34979
1.33906
1.32833
1.3176
1.30686
1.2961
1.28531
1.2745
1.26366
1.25282
1.24198
1.23115
1.22033
1.20953
1.19875
1.18798
1.17723
1.1665
1.1558
1.1451
1.13442
1.12374
1.11309
1.10246
1.09187
1.08131
1.07081
1.06036
1.04999
1.03968
1.02945
1.01932
1.00929
0.999385
0.989611
0.979982
0.970506
0.961197
0.952062
0.943125
0.934382
0.925844
0.91751
0.909383
0.90147
0.893769
0.886292
0.879032
0.87199
0.86518
0.858573
0.852183
0.845982
0.840012
0.834248
0.828722
0.823394
0.818318
0.813458
0.808868
0.804493
0.800373
0.796563
0.792937
0.78989
0.786882
0.785064
0.783003
0.783
0.784228
0.784349
0.346669
0.346275
0.345877
0.345476
0.345071
0.344663
0.344251
0.343837
0.343418
0.342997
0.342571
0.342143
0.341711
0.341275
0.340836
0.340394
0.339948
0.339499
0.339046
0.33859
0.338131
0.337668
0.337202
0.336732
0.336259
0.335783
0.335304
0.334821
0.334335
0.333845
0.333353
0.332857
0.332358
0.331857
0.331352
0.330843
0.330332
0.329818
0.329301
0.328781
0.328258
0.327733
0.327204
0.326673
0.326139
0.325602
0.325063
0.324521
0.323977
0.32343
0.322881
0.322329
0.321775
0.321219
0.32066
0.3201
0.319537
0.318972
0.318405
0.317837
0.317266
0.316694
0.316119
0.315543
0.314966
0.314387
0.313806
0.313224
0.31264
0.312055
0.311469
0.310881
0.310293
0.309703
0.309112
0.30852
0.307928
0.307334
0.30674
0.306145
0.305549
0.304953
0.304356
0.303759
0.303161
0.302563
0.301965
0.301366
0.300767
0.300169
0.299569
0.29897
0.298371
0.297773
0.297174
0.296575
0.295977
0.295379
0.294782
0.294185
0.293589
0.292993
0.292397
0.291803
0.291208
0.290615
0.290022
0.28943
0.288838
0.288248
0.287658
0.28707
0.286483
0.285896
0.285311
0.284728
0.284145
0.283564
0.282984
0.282405
0.281827
0.281251
0.280676
0.280103
0.279531
0.27896
0.278392
0.277827
0.277264
0.276703
0.276146
0.275591
0.275039
0.27449
0.273943
0.273396
0.272851
0.272306
0.271762
0.271215
0.270667
0.270116
0.269564
0.269001
0.26843
0.26784
0.267234
0.2666
0.26594
0.265247
0.264521
0.263753
0.262947
0.262089
0.261197
0.260239
0.259257
0.25818
0.257103
0.255938
0.254807
0.253618
0.252504
0.251408
0.250375
0.249427
0.248563
0.247802
0.247182
0.24674
0.246715
0.246917
0.247358
0.248094
0.249128
0.250476
0.252137
0.254118
0.256425
0.259062
0.262034
0.265344
0.268998
0.273
0.277356
0.282073
0.287156
0.292615
0.298457
0.304692
0.311332
0.318388
0.325873
0.333803
0.342189
0.351054
0.360407
0.370276
0.380668
0.391616
0.403127
0.415235
0.427946
0.441297
0.455289
0.469964
0.485316
0.501392
0.518176
0.535718
0.553995
0.573052
0.592865
0.613463
0.634826
0.656965
0.679864
0.703508
0.727889
0.75296
0.778727
0.805103
0.832114
0.859626
0.887682
0.916109
0.944967
0.974057
1.00342
1.03284
1.06238
1.09181
1.12115
1.15017
1.17889
1.20716
1.23488
1.26191
1.28824
1.3138
1.33824
1.36185
1.38429
1.4056
1.42547
1.44415
1.46176
1.47786
1.49237
1.50545
1.5174
1.52787
1.53644
1.54368
1.54982
1.55518
1.55783
1.56219
1.56243
1.56201
1.56097
1.55924
1.55694
1.55378
1.54923
1.54365
1.53717
1.53002
1.52243
1.5146
1.50663
1.49827
1.48959
1.4806
1.47147
1.46222
1.45278
1.44317
1.43336
1.42339
1.41331
1.4031
1.39278
1.38234
1.37181
1.36123
1.35063
1.34004
1.32944
1.31885
1.30828
1.29773
1.28721
1.27671
1.26622
1.25574
1.24524
1.23474
1.22425
1.21377
1.2033
1.19286
1.18245
1.17206
1.16169
1.15135
1.14103
1.13074
1.12046
1.11019
1.09994
1.08971
1.07949
1.06931
1.05917
1.04907
1.03902
1.02905
1.01914
1.0093
0.999558
0.989918
0.980397
0.970996
0.961732
0.952611
0.943649
0.934854
0.926256
0.917846
0.909634
0.90162
0.893803
0.886196
0.878791
0.871612
0.864639
0.857885
0.851361
0.845024
0.8389
0.83295
0.827236
0.821718
0.81644
0.811343
0.806504
0.801869
0.797506
0.793334
0.7894
0.785775
0.7823
0.779418
0.776514
0.774888
0.772848
0.772918
0.774415
0.774517
0.345863
0.345419
0.344972
0.344519
0.344063
0.343603
0.343138
0.342669
0.342196
0.341719
0.341238
0.340753
0.340264
0.33977
0.339273
0.338772
0.338267
0.337757
0.337244
0.336727
0.336207
0.335682
0.335154
0.334622
0.334086
0.333547
0.333004
0.332458
0.331908
0.331355
0.330799
0.330239
0.329676
0.32911
0.32854
0.327968
0.327393
0.326814
0.326233
0.325649
0.325062
0.324473
0.323881
0.323286
0.322689
0.32209
0.321488
0.320884
0.320278
0.31967
0.31906
0.318448
0.317834
0.317218
0.3166
0.315981
0.315361
0.314739
0.314116
0.313491
0.312865
0.312239
0.311611
0.310982
0.310353
0.309723
0.309092
0.30846
0.307828
0.307196
0.306563
0.30593
0.305297
0.304664
0.304031
0.303399
0.302766
0.302134
0.301502
0.300871
0.300241
0.299611
0.298982
0.298354
0.297727
0.2971
0.296475
0.295851
0.295228
0.294607
0.293987
0.293369
0.292752
0.292137
0.291525
0.290914
0.290306
0.289699
0.289095
0.288493
0.287894
0.287296
0.286701
0.286108
0.285517
0.284929
0.284344
0.283762
0.283183
0.282607
0.282036
0.281467
0.280903
0.280342
0.279785
0.279232
0.278683
0.278137
0.277594
0.277055
0.276519
0.275987
0.27546
0.274937
0.274419
0.27391
0.273409
0.272914
0.272427
0.271948
0.271477
0.271012
0.270558
0.27011
0.269676
0.26925
0.268838
0.268431
0.268038
0.267648
0.267269
0.266884
0.266497
0.2661
0.265699
0.265282
0.264857
0.264407
0.263945
0.263455
0.262944
0.262407
0.261849
0.261253
0.260666
0.260027
0.259367
0.258657
0.257947
0.257274
0.256669
0.256065
0.25578
0.255531
0.255558
0.255552
0.255687
0.256147
0.25689
0.257937
0.25931
0.261017
0.263064
0.265462
0.268223
0.271352
0.274859
0.278748
0.283027
0.2877
0.292776
0.298258
0.304156
0.310472
0.317217
0.324395
0.332017
0.340088
0.348618
0.357614
0.367088
0.377047
0.387501
0.398462
0.409934
0.421935
0.434466
0.447545
0.461174
0.475371
0.490134
0.505486
0.521418
0.537956
0.555085
0.572836
0.591187
0.610169
0.629756
0.649979
0.670802
0.692258
0.714303
0.736959
0.760186
0.783985
0.808326
0.833182
0.858533
0.884319
0.91054
0.9371
0.964011
0.991134
1.0185
1.04594
1.07352
1.10102
1.12848
1.15569
1.18273
1.20938
1.23563
1.26127
1.28637
1.31079
1.33441
1.3571
1.37892
1.39981
1.4194
1.43807
1.45549
1.47167
1.48635
1.49972
1.51191
1.52239
1.53151
1.53888
1.54566
1.55118
1.55517
1.558
1.5603
1.56231
1.56107
1.56015
1.55742
1.55369
1.54936
1.5444
1.53889
1.53283
1.52596
1.51832
1.51003
1.50122
1.49208
1.48273
1.4733
1.46373
1.45402
1.44418
1.43428
1.42435
1.41437
1.40434
1.39423
1.38405
1.37383
1.36358
1.3533
1.343
1.33267
1.32234
1.31203
1.30175
1.29149
1.28127
1.27109
1.26095
1.25086
1.24081
1.2308
1.22079
1.21079
1.2008
1.19082
1.18085
1.1709
1.16099
1.15109
1.14122
1.13138
1.12157
1.11178
1.10201
1.09225
1.0825
1.07276
1.06305
1.05334
1.04367
1.03402
1.02442
1.01485
1.00536
0.995926
0.986564
0.977295
0.96812
0.959055
0.950098
0.941269
0.932572
0.924023
0.915634
0.907441
0.899425
0.891601
0.883964
0.876513
0.869266
0.862209
0.855379
0.848741
0.842325
0.836134
0.830109
0.824293
0.81863
0.813217
0.807982
0.802988
0.798157
0.793589
0.789214
0.785096
0.781152
0.777425
0.774007
0.770712
0.768012
0.765235
0.763806
0.76179
0.761923
0.763644
0.763693
0.344403
0.34389
0.343372
0.342849
0.342321
0.341788
0.34125
0.340708
0.340161
0.339609
0.339053
0.338492
0.337927
0.337357
0.336783
0.336205
0.335623
0.335036
0.334445
0.33385
0.333252
0.332649
0.332043
0.331433
0.330819
0.330202
0.329581
0.328957
0.32833
0.327699
0.327065
0.326429
0.325789
0.325147
0.324502
0.323854
0.323204
0.322552
0.321897
0.32124
0.320581
0.31992
0.319257
0.318592
0.317926
0.317258
0.316589
0.315918
0.315246
0.314573
0.313899
0.313224
0.312549
0.311873
0.311196
0.310519
0.309842
0.309165
0.308488
0.307811
0.307134
0.306458
0.305782
0.305107
0.304432
0.303758
0.303085
0.302413
0.301742
0.301073
0.300405
0.299739
0.299075
0.298412
0.297752
0.297094
0.296439
0.295786
0.295136
0.294488
0.293843
0.293201
0.292561
0.291924
0.291291
0.29066
0.290033
0.289409
0.28879
0.288175
0.287565
0.286959
0.286358
0.285762
0.285171
0.284585
0.284004
0.283429
0.282857
0.28229
0.281727
0.281169
0.280616
0.280068
0.279527
0.278992
0.278465
0.277948
0.277438
0.276936
0.276443
0.275958
0.27548
0.275011
0.27455
0.274099
0.273655
0.273224
0.272802
0.272394
0.271995
0.271611
0.271236
0.270878
0.270533
0.270197
0.269872
0.26956
0.269262
0.268979
0.268715
0.268467
0.268242
0.268035
0.267855
0.267692
0.26756
0.267447
0.267362
0.267299
0.26726
0.267233
0.267226
0.267249
0.267297
0.267364
0.267441
0.267529
0.267654
0.26778
0.267931
0.268126
0.268352
0.268551
0.269019
0.269302
0.269829
0.269858
0.270143
0.270615
0.271271
0.272113
0.27319
0.274505
0.276086
0.277939
0.280087
0.28256
0.285378
0.288556
0.292109
0.29605
0.300387
0.305131
0.310288
0.315866
0.32187
0.328307
0.335183
0.342499
0.350264
0.358478
0.367146
0.376271
0.385857
0.395905
0.406418
0.417399
0.428848
0.440769
0.453161
0.466028
0.479369
0.493186
0.507475
0.522244
0.537484
0.553205
0.569394
0.586066
0.603205
0.620825
0.638907
0.65747
0.676489
0.695988
0.715935
0.73636
0.757221
0.778551
0.800303
0.822501
0.845096
0.868102
0.891473
0.915205
0.939258
0.963603
0.988205
1.01301
1.03801
1.06311
1.08831
1.11347
1.13861
1.16359
1.18845
1.213
1.23723
1.26099
1.28437
1.30716
1.32929
1.35061
1.37124
1.39108
1.40992
1.42769
1.4445
1.46036
1.47478
1.48782
1.49958
1.51024
1.51949
1.52716
1.53428
1.54029
1.54511
1.54809
1.5508
1.55284
1.55225
1.55089
1.54902
1.54669
1.54266
1.53821
1.53273
1.52641
1.51955
1.51218
1.50437
1.49621
1.48756
1.47843
1.46887
1.45895
1.44882
1.43857
1.42831
1.41804
1.40779
1.39754
1.38732
1.37715
1.36704
1.35697
1.34691
1.33687
1.32684
1.31684
1.30687
1.29695
1.28705
1.27719
1.26738
1.25762
1.24791
1.23824
1.22863
1.21907
1.20958
1.20014
1.19074
1.18136
1.17198
1.16262
1.15327
1.14393
1.13461
1.12533
1.11605
1.1068
1.09758
1.08839
1.07921
1.07005
1.06089
1.05174
1.04259
1.03346
1.02433
1.01524
1.00615
0.997115
0.988104
0.97916
0.970268
0.961446
0.952713
0.944065
0.935516
0.927062
0.918726
0.910509
0.902429
0.894501
0.886771
0.879204
0.871819
0.86461
0.85757
0.850732
0.844068
0.837633
0.831372
0.82534
0.819524
0.813846
0.808374
0.803035
0.797962
0.793044
0.788368
0.783832
0.779563
0.775471
0.77161
0.767925
0.764427
0.761233
0.758143
0.755638
0.753012
0.751773
0.749781
0.749972
0.751782
0.751788
0.341955
0.341347
0.340734
0.340115
0.339491
0.338862
0.338227
0.337588
0.336944
0.336295
0.335641
0.334983
0.33432
0.333653
0.332982
0.332306
0.331627
0.330944
0.330257
0.329566
0.328872
0.328175
0.327474
0.32677
0.326063
0.325353
0.324641
0.323926
0.323208
0.322489
0.321767
0.321044
0.320318
0.319591
0.318863
0.318133
0.317403
0.316671
0.315939
0.315206
0.314472
0.313738
0.313003
0.312268
0.311533
0.310799
0.310064
0.309331
0.308598
0.307866
0.307135
0.306406
0.305678
0.304952
0.304228
0.303506
0.302787
0.30207
0.301356
0.300644
0.299934
0.299228
0.298524
0.297823
0.297125
0.29643
0.29574
0.295054
0.294373
0.293697
0.293025
0.29236
0.291699
0.291045
0.290396
0.289754
0.289117
0.288488
0.287863
0.287242
0.286627
0.286018
0.285414
0.284818
0.284228
0.283646
0.283076
0.282516
0.281966
0.281425
0.280895
0.280375
0.279864
0.279364
0.278875
0.278395
0.277927
0.277468
0.277025
0.276593
0.276176
0.27577
0.275381
0.275006
0.274645
0.274297
0.273958
0.273631
0.273316
0.273014
0.272726
0.272454
0.272196
0.271956
0.271732
0.271527
0.271339
0.271173
0.271024
0.270903
0.270797
0.270726
0.270666
0.27066
0.270664
0.270698
0.270769
0.270877
0.271025
0.271215
0.27145
0.271733
0.272069
0.272456
0.272905
0.273411
0.273985
0.27462
0.275327
0.276103
0.27695
0.277871
0.278862
0.279928
0.281069
0.282285
0.283579
0.284947
0.2864
0.287933
0.289554
0.291269
0.293085
0.295003
0.297056
0.299219
0.301514
0.30393
0.306512
0.30929
0.312287
0.315524
0.319022
0.322802
0.326881
0.331274
0.335999
0.341068
0.346496
0.352295
0.358474
0.365044
0.372012
0.379384
0.387167
0.395364
0.40398
0.413017
0.422477
0.43236
0.442668
0.453397
0.464549
0.476119
0.488107
0.500507
0.513319
0.526534
0.540153
0.554168
0.568577
0.583373
0.59855
0.614104
0.630026
0.646317
0.662963
0.67997
0.697321
0.715024
0.733058
0.751436
0.770135
0.789167
0.808507
0.828176
0.848143
0.868429
0.889
0.909874
0.931005
0.952411
0.974039
0.995901
1.01794
1.04016
1.06251
1.08495
1.10746
1.12997
1.15247
1.17488
1.19716
1.21921
1.24103
1.26252
1.28369
1.30434
1.32449
1.344
1.36302
1.38131
1.39872
1.41521
1.43098
1.44579
1.45914
1.47128
1.48253
1.49289
1.50189
1.5098
1.51692
1.52327
1.52817
1.53143
1.53442
1.53648
1.53683
1.53555
1.53382
1.53152
1.52785
1.52333
1.51822
1.51266
1.50612
1.49909
1.49141
1.48313
1.47443
1.46537
1.45601
1.44643
1.4366
1.4265
1.41616
1.40564
1.39502
1.38436
1.37376
1.36326
1.35287
1.34259
1.33242
1.32237
1.31245
1.30264
1.29292
1.28327
1.27368
1.26417
1.25473
1.24537
1.23609
1.22687
1.21771
1.20862
1.19959
1.19062
1.1817
1.17286
1.16407
1.15536
1.14668
1.13802
1.12936
1.12072
1.11208
1.10346
1.09485
1.08626
1.07768
1.06912
1.0606
1.05209
1.04359
1.0351
1.02659
1.0181
1.0096
1.00112
0.992625
0.984159
0.975699
0.967276
0.958871
0.950536
0.94224
0.934014
0.925872
0.917801
0.909818
0.901918
0.894124
0.886438
0.878875
0.871459
0.864245
0.857174
0.850274
0.843538
0.836954
0.830566
0.824339
0.818342
0.812499
0.806894
0.80149
0.796193
0.791101
0.78612
0.781426
0.776851
0.772517
0.768299
0.76435
0.760566
0.756985
0.753581
0.750335
0.747383
0.744517
0.742215
0.739763
0.738685
0.736725
0.736975
0.73885
0.738655
0.338013
0.337279
0.33654
0.335795
0.335046
0.334292
0.333533
0.332769
0.332001
0.33123
0.330454
0.329675
0.328892
0.328106
0.327317
0.326525
0.32573
0.324933
0.324133
0.323331
0.322526
0.32172
0.320912
0.320103
0.319293
0.318481
0.31767
0.316858
0.316046
0.315234
0.314423
0.313612
0.312803
0.311994
0.311187
0.310382
0.309579
0.308778
0.307978
0.30718
0.306384
0.30559
0.304798
0.30401
0.303224
0.302444
0.301667
0.300896
0.300129
0.299368
0.298613
0.297864
0.29712
0.296384
0.295653
0.29493
0.294214
0.293505
0.2928
0.292101
0.291407
0.29072
0.29004
0.289367
0.288704
0.288053
0.287415
0.286789
0.286176
0.285574
0.284985
0.284407
0.283842
0.283289
0.282749
0.282222
0.281709
0.281208
0.280724
0.280257
0.279808
0.279376
0.278961
0.278562
0.278183
0.277819
0.277468
0.27713
0.276809
0.276503
0.276215
0.275945
0.275694
0.275463
0.275253
0.275062
0.274896
0.274748
0.274629
0.274528
0.274458
0.274402
0.274413
0.274416
0.274459
0.274515
0.274606
0.274729
0.274886
0.275077
0.275302
0.275563
0.275861
0.276196
0.27657
0.276985
0.277443
0.277946
0.278495
0.279095
0.279746
0.280455
0.28122
0.282052
0.282951
0.283922
0.28497
0.286101
0.287322
0.288637
0.290055
0.291581
0.293225
0.294989
0.296884
0.298912
0.301082
0.303396
0.30586
0.308475
0.311245
0.314168
0.317247
0.320478
0.323861
0.327391
0.331067
0.334884
0.338838
0.342926
0.347145
0.351493
0.355969
0.360572
0.365308
0.370176
0.375183
0.380331
0.385634
0.3911
0.396744
0.402579
0.40862
0.414882
0.421379
0.428125
0.435137
0.442428
0.450011
0.457899
0.466103
0.474635
0.483502
0.492712
0.502271
0.512185
0.522455
0.533084
0.544073
0.555419
0.567124
0.579179
0.591585
0.604334
0.617424
0.630846
0.644597
0.658668
0.673052
0.687743
0.702733
0.718012
0.73357
0.749402
0.765493
0.781843
0.798438
0.81528
0.832348
0.849651
0.867165
0.884897
0.902823
0.920955
0.939271
0.957789
0.97648
0.995362
1.0144
1.0336
1.05292
1.07237
1.09189
1.11149
1.13112
1.15077
1.17038
1.18993
1.20937
1.22867
1.24779
1.26666
1.28523
1.30341
1.32121
1.33857
1.35546
1.37167
1.38724
1.40212
1.41616
1.42918
1.44118
1.45226
1.46262
1.47202
1.48059
1.48818
1.49494
1.50095
1.50563
1.50908
1.51157
1.51385
1.51419
1.5132
1.51188
1.50961
1.50641
1.502
1.49706
1.49156
1.48519
1.47817
1.47062
1.46271
1.45422
1.44536
1.4361
1.42645
1.41653
1.4064
1.39611
1.38571
1.37523
1.36464
1.35398
1.34327
1.33256
1.32191
1.31137
1.301
1.2908
1.2808
1.27097
1.26132
1.25184
1.24253
1.23336
1.2243
1.21534
1.20648
1.19773
1.18907
1.18052
1.17205
1.16367
1.15535
1.1471
1.13891
1.13078
1.12272
1.11474
1.10683
1.09894
1.09106
1.08318
1.07532
1.06745
1.05961
1.05175
1.04393
1.03609
1.02829
1.02051
1.01274
1.00496
0.997182
0.989388
0.981596
0.97379
0.965993
0.958183
0.950396
0.942604
0.934844
0.927093
0.919416
0.911763
0.904185
0.896683
0.889235
0.881864
0.874562
0.867358
0.860248
0.85325
0.846394
0.839747
0.833217
0.826847
0.820628
0.814542
0.808649
0.802901
0.797384
0.792002
0.786871
0.781913
0.777025
0.772351
0.767763
0.763466
0.759264
0.755288
0.751424
0.747809
0.744362
0.741085
0.737985
0.735012
0.732316
0.729688
0.727592
0.725336
0.724354
0.722461
0.722766
0.72463
0.724065
0.331777
0.330882
0.329983
0.329081
0.328175
0.327267
0.326357
0.325444
0.32453
0.323614
0.322697
0.32178
0.320862
0.319944
0.319026
0.318107
0.317188
0.316269
0.315351
0.314433
0.313516
0.312603
0.311692
0.310784
0.309881
0.308982
0.308088
0.307199
0.306315
0.305437
0.304565
0.3037
0.302841
0.30199
0.301145
0.30031
0.299479
0.298652
0.29783
0.297014
0.296205
0.295404
0.29461
0.293833
0.293071
0.292323
0.29159
0.290871
0.290166
0.289476
0.2888
0.288139
0.287493
0.286864
0.286249
0.285652
0.28507
0.284508
0.283967
0.283448
0.28295
0.282475
0.282021
0.281591
0.281184
0.280791
0.280417
0.280061
0.279727
0.279413
0.279122
0.278855
0.278613
0.278396
0.278207
0.278044
0.277911
0.277807
0.277731
0.277697
0.277695
0.277722
0.277776
0.27787
0.278
0.278168
0.278376
0.278624
0.278915
0.279247
0.279624
0.280044
0.28051
0.281021
0.281581
0.282188
0.282845
0.283552
0.284312
0.285122
0.285989
0.286909
0.287888
0.288924
0.29002
0.291174
0.292391
0.293671
0.295015
0.296426
0.297905
0.299454
0.301076
0.302772
0.304545
0.306397
0.308333
0.310356
0.31247
0.31468
0.316991
0.319408
0.321939
0.324589
0.327367
0.330281
0.333338
0.336546
0.339915
0.343452
0.347165
0.351061
0.355148
0.359431
0.363913
0.368598
0.373486
0.378576
0.383864
0.389346
0.395013
0.400855
0.406862
0.413018
0.419312
0.425725
0.432243
0.438847
0.445525
0.452258
0.459036
0.465845
0.472679
0.47953
0.486394
0.493273
0.500169
0.507088
0.51404
0.521036
0.528091
0.535222
0.542448
0.549787
0.557262
0.564893
0.572703
0.580709
0.588936
0.597398
0.606114
0.615096
0.62436
0.633911
0.643762
0.653914
0.664376
0.675144
0.686222
0.697604
0.709291
0.721273
0.73355
0.746111
0.758953
0.772064
0.785441
0.799071
0.812948
0.82706
0.841397
0.855939
0.870678
0.8856
0.900695
0.915959
0.931376
0.946947
0.962648
0.978482
0.994427
1.01048
1.02662
1.04287
1.0592
1.07563
1.09214
1.10872
1.12536
1.14204
1.15871
1.17539
1.19202
1.20859
1.22506
1.2414
1.25759
1.27358
1.28934
1.30485
1.32004
1.33486
1.34924
1.36313
1.3764
1.38887
1.40072
1.41183
1.42222
1.43187
1.44086
1.44935
1.45696
1.46366
1.46964
1.47474
1.4788
1.48174
1.48388
1.48566
1.48589
1.48509
1.48349
1.48143
1.47826
1.47396
1.46923
1.46374
1.45759
1.4506
1.44314
1.43525
1.42681
1.41792
1.40864
1.39913
1.38929
1.37924
1.36898
1.35851
1.34792
1.33724
1.32652
1.31581
1.30512
1.29446
1.28385
1.2733
1.26284
1.2525
1.24233
1.23237
1.22264
1.21315
1.20388
1.19483
1.18599
1.17734
1.16887
1.16054
1.15234
1.14425
1.13628
1.12843
1.12069
1.11306
1.10552
1.09804
1.09063
1.08328
1.07599
1.06877
1.06163
1.05457
1.04753
1.04047
1.03341
1.02636
1.01931
1.01227
1.00522
0.998202
0.991133
0.984128
0.977138
0.970144
0.963127
0.9561
0.949051
0.941999
0.934926
0.92786
0.920772
0.913705
0.906624
0.89957
0.892518
0.88555
0.878585
0.871708
0.864891
0.858109
0.851396
0.84474
0.838171
0.831686
0.825302
0.819057
0.813032
0.807088
0.801296
0.795638
0.790094
0.784744
0.77952
0.774533
0.769658
0.765031
0.760543
0.756102
0.751878
0.747717
0.74384
0.740052
0.736465
0.732988
0.729725
0.726637
0.723686
0.720911
0.718225
0.715799
0.713418
0.711524
0.709473
0.708539
0.706699
0.707064
0.70878
0.707601
0.322025
0.320945
0.319866
0.31879
0.317717
0.316647
0.315582
0.314522
0.313467
0.312417
0.311375
0.310339
0.309312
0.308286
0.307261
0.30624
0.305224
0.304214
0.303209
0.302221
0.301251
0.300297
0.29936
0.298438
0.297533
0.296644
0.295772
0.294917
0.29408
0.29326
0.292459
0.291677
0.290915
0.290172
0.289452
0.288751
0.288077
0.287432
0.286815
0.286227
0.285668
0.285139
0.284641
0.284162
0.283705
0.283272
0.282865
0.282486
0.282134
0.281814
0.281523
0.28127
0.281045
0.280863
0.280707
0.280605
0.280521
0.280508
0.280519
0.280569
0.280669
0.280815
0.281009
0.281252
0.281547
0.281896
0.282301
0.282761
0.28328
0.283857
0.284494
0.285192
0.285952
0.286776
0.287666
0.288621
0.289644
0.290736
0.291899
0.293132
0.294439
0.295821
0.297277
0.298809
0.300419
0.302107
0.303875
0.305723
0.307652
0.309663
0.311757
0.313935
0.316198
0.318545
0.320977
0.323495
0.326098
0.328788
0.331563
0.334425
0.337372
0.340406
0.343525
0.34673
0.35002
0.353395
0.356856
0.3604
0.36403
0.367744
0.371543
0.375428
0.379399
0.383458
0.387608
0.391851
0.396189
0.400627
0.405169
0.40982
0.414587
0.419473
0.424488
0.429635
0.434924
0.44036
0.44595
0.4517
0.457614
0.463697
0.469951
0.476376
0.482972
0.489735
0.496659
0.503737
0.510959
0.518313
0.525783
0.533355
0.541009
0.548728
0.556489
0.564276
0.572062
0.579834
0.587566
0.595245
0.60285
0.61037
0.617794
0.625114
0.632326
0.639429
0.646428
0.653327
0.660141
0.666881
0.673566
0.680216
0.686853
0.693503
0.70019
0.706945
0.713791
0.720763
0.727879
0.735174
0.742665
0.750378
0.758326
0.766529
0.774995
0.783737
0.792758
0.802066
0.811657
0.821534
0.831692
0.842124
0.852829
0.863792
0.875015
0.886479
0.898183
0.91011
0.922256
0.934606
0.947152
0.959875
0.972751
0.985757
0.998881
1.01211
1.02544
1.03885
1.05235
1.06591
1.07951
1.09316
1.10682
1.1205
1.13416
1.14786
1.16156
1.17528
1.189
1.2027
1.21634
1.22994
1.2434
1.25676
1.26997
1.28301
1.29582
1.30841
1.32073
1.33278
1.34429
1.35528
1.36583
1.37592
1.38548
1.39441
1.40281
1.41092
1.41851
1.42538
1.43152
1.43691
1.44158
1.44548
1.44848
1.45061
1.45213
1.45291
1.45266
1.45144
1.44953
1.44713
1.44377
1.43952
1.4346
1.42919
1.42305
1.41608
1.4087
1.40077
1.39239
1.38345
1.37416
1.3646
1.35471
1.34457
1.3342
1.32371
1.31309
1.3024
1.29164
1.28084
1.27003
1.25925
1.24852
1.23788
1.22736
1.21696
1.2067
1.19659
1.18663
1.17685
1.16727
1.15794
1.14886
1.14005
1.1315
1.12319
1.11512
1.10726
1.09959
1.09208
1.08472
1.07747
1.07036
1.06336
1.0565
1.04974
1.04308
1.03648
1.02994
1.02346
1.01704
1.01069
1.00443
0.998255
0.992072
0.985861
0.97964
0.973431
0.967218
0.961021
0.954798
0.948609
0.94234
0.936177
0.930007
0.923817
0.917591
0.911351
0.905081
0.898807
0.892507
0.886212
0.879888
0.873585
0.867259
0.860956
0.854655
0.848447
0.842221
0.836103
0.830019
0.823949
0.817944
0.811985
0.806108
0.800302
0.794586
0.789009
0.783673
0.778361
0.773199
0.768154
0.763202
0.758443
0.753785
0.749373
0.745049
0.740955
0.736994
0.733053
0.729313
0.725619
0.72219
0.718853
0.715691
0.712631
0.709741
0.707029
0.70442
0.701984
0.699593
0.697447
0.695309
0.693609
0.691747
0.690838
0.688978
0.689418
0.690744
0.688586
0.307393
0.306191
0.305008
0.303848
0.302707
0.301592
0.300496
0.299428
0.29838
0.297362
0.296367
0.295402
0.294464
0.293562
0.2927
0.291874
0.29109
0.290343
0.289641
0.288964
0.288314
0.287695
0.287108
0.286556
0.286039
0.285561
0.285123
0.284727
0.284376
0.284068
0.283811
0.283598
0.283443
0.283332
0.283287
0.283297
0.283352
0.283475
0.283661
0.283911
0.284227
0.284612
0.285067
0.285598
0.286206
0.286893
0.28766
0.288509
0.289442
0.290461
0.291565
0.292759
0.294043
0.29542
0.296889
0.298455
0.300116
0.301876
0.303736
0.305697
0.30776
0.309926
0.312197
0.314573
0.317055
0.319645
0.322342
0.325148
0.328062
0.331085
0.334217
0.337458
0.340807
0.344264
0.347828
0.351497
0.355272
0.35915
0.36313
0.36721
0.371389
0.375664
0.380032
0.384493
0.389042
0.393677
0.398395
0.403194
0.408069
0.413018
0.418037
0.423124
0.428273
0.433483
0.438749
0.444068
0.449435
0.454848
0.460302
0.465795
0.471323
0.476882
0.482469
0.488082
0.493717
0.499372
0.505043
0.51073
0.516429
0.522141
0.527865
0.533601
0.539352
0.545119
0.550906
0.556716
0.562556
0.568428
0.574342
0.580301
0.586316
0.592389
0.598532
0.604748
0.611047
0.61743
0.623906
0.630478
0.637147
0.643915
0.650782
0.657743
0.664796
0.671932
0.679142
0.686414
0.693734
0.701088
0.708458
0.715829
0.723179
0.730496
0.737753
0.744943
0.752038
0.759031
0.765896
0.772628
0.77921
0.78564
0.79191
0.798024
0.80398
0.809785
0.81545
0.820988
0.82642
0.83176
0.837038
0.84227
0.84749
0.852723
0.858
0.863353
0.868809
0.874403
0.880157
0.886103
0.892256
0.898642
0.90527
0.912156
0.919305
0.926725
0.934416
0.942378
0.95061
0.9591
0.967845
0.976833
0.986063
0.995516
1.00519
1.01507
1.02515
1.0354
1.04583
1.05641
1.06714
1.07798
1.08889
1.09984
1.11082
1.12184
1.13287
1.14394
1.155
1.16604
1.17704
1.188
1.19889
1.20969
1.22039
1.23109
1.24174
1.25236
1.26288
1.27329
1.28355
1.29367
1.30353
1.31303
1.32215
1.33096
1.33942
1.3476
1.35546
1.36295
1.37018
1.37711
1.38364
1.38969
1.39514
1.3999
1.40418
1.40786
1.4109
1.41325
1.41492
1.41591
1.41613
1.41585
1.41465
1.41271
1.41022
1.40707
1.40318
1.3985
1.39325
1.38753
1.38116
1.37412
1.36655
1.3586
1.35017
1.34118
1.33188
1.32221
1.31227
1.30201
1.29154
1.28093
1.27018
1.25934
1.24842
1.23749
1.22658
1.2157
1.20489
1.19415
1.1835
1.17296
1.16255
1.15231
1.14224
1.13236
1.12269
1.11322
1.10395
1.0949
1.08608
1.07752
1.06923
1.06123
1.0535
1.04603
1.03881
1.0318
1.025
1.01837
1.01189
1.00553
0.999309
0.993198
0.987227
0.981359
0.975607
0.9699
0.964238
0.958644
0.953111
0.947645
0.94228
0.937009
0.931701
0.926343
0.920976
0.915627
0.910273
0.904936
0.899565
0.894236
0.888789
0.883519
0.878197
0.872839
0.867437
0.862019
0.85657
0.851117
0.845634
0.840157
0.834647
0.82916
0.823641
0.818145
0.812659
0.807274
0.801846
0.796563
0.791259
0.785957
0.780722
0.775536
0.77042
0.765356
0.760372
0.75552
0.750922
0.746322
0.741859
0.737493
0.733198
0.729088
0.725053
0.721263
0.717544
0.714026
0.71065
0.707267
0.704058
0.700876
0.697928
0.695075
0.692371
0.689759
0.687261
0.684936
0.682674
0.680587
0.678482
0.676618
0.6747
0.673172
0.671447
0.670561
0.668551
0.669028
0.669603
0.665912
0.292031
0.291314
0.290646
0.290051
0.289506
0.289043
0.288628
0.288308
0.288032
0.287863
0.287735
0.287728
0.287772
0.287906
0.288131
0.288448
0.288855
0.289359
0.289958
0.290664
0.291477
0.2924
0.293434
0.294584
0.29585
0.297234
0.29874
0.300369
0.302123
0.304004
0.306015
0.308157
0.310433
0.312843
0.31539
0.318076
0.3209
0.323864
0.326971
0.330219
0.33361
0.337144
0.340822
0.344642
0.348606
0.352712
0.35696
0.361348
0.365874
0.370539
0.375338
0.38027
0.385332
0.390522
0.395835
0.401268
0.406818
0.41248
0.41825
0.424124
0.430095
0.43616
0.442313
0.44855
0.454864
0.46125
0.467703
0.474217
0.480785
0.487403
0.494062
0.500758
0.507484
0.514234
0.521001
0.52778
0.534565
0.541349
0.548127
0.554895
0.561644
0.568373
0.575075
0.581746
0.588381
0.594978
0.60153
0.608038
0.614494
0.620899
0.627248
0.633541
0.639774
0.645947
0.652057
0.658104
0.664086
0.670003
0.675855
0.68164
0.687359
0.693012
0.698599
0.704121
0.709579
0.714974
0.720307
0.725579
0.730794
0.735956
0.741071
0.746141
0.75118
0.756186
0.761176
0.766149
0.771123
0.776098
0.781091
0.786104
0.791153
0.796238
0.801375
0.806565
0.811815
0.817135
0.822519
0.827985
0.833514
0.839125
0.844802
0.850544
0.856349
0.8622
0.868086
0.873997
0.879912
0.885818
0.891696
0.897538
0.903315
0.909032
0.914656
0.920194
0.925603
0.930893
0.93602
0.94101
0.94583
0.950505
0.955014
0.959373
0.963584
0.967657
0.971612
0.975456
0.979221
0.982916
0.986577
0.99021
0.993866
0.997551
1.00131
1.00517
1.00914
1.01328
1.01759
1.02211
1.02684
1.03181
1.03701
1.04246
1.04816
1.0541
1.06029
1.06672
1.07338
1.08026
1.08735
1.09464
1.10212
1.10979
1.11763
1.12562
1.13376
1.14201
1.15039
1.15889
1.16747
1.17606
1.1846
1.19307
1.2015
1.20991
1.21827
1.22661
1.23485
1.24296
1.25095
1.25882
1.26656
1.27409
1.28143
1.28861
1.29566
1.30258
1.30932
1.31584
1.32208
1.32808
1.33382
1.33949
1.34484
1.34981
1.35438
1.35866
1.36264
1.36625
1.36938
1.37199
1.37413
1.3758
1.37682
1.37712
1.37709
1.37662
1.3754
1.37358
1.37118
1.36817
1.36458
1.36044
1.35564
1.35024
1.34437
1.338
1.33108
1.3236
1.31566
1.30738
1.29867
1.28952
1.28
1.27023
1.26017
1.24979
1.23923
1.22847
1.2176
1.20658
1.19549
1.18439
1.1733
1.16223
1.15122
1.14031
1.1295
1.11883
1.10832
1.09796
1.08777
1.07776
1.06793
1.05832
1.04892
1.03976
1.03085
1.02218
1.01374
1.00554
0.997591
0.989905
0.982496
0.975377
0.968539
0.961966
0.955639
0.949534
0.943633
0.937904
0.932329
0.926877
0.921558
0.916347
0.911281
0.906312
0.901481
0.896668
0.891888
0.887182
0.882539
0.877965
0.87351
0.86917
0.864742
0.860241
0.855743
0.851274
0.846802
0.842353
0.837862
0.833426
0.828839
0.824535
0.820081
0.81559
0.811057
0.80651
0.801936
0.79736
0.792758
0.788163
0.783533
0.778931
0.774292
0.769678
0.765081
0.760601
0.756037
0.75166
0.747237
0.742795
0.7384
0.734056
0.729793
0.725567
0.721416
0.717383
0.713589
0.70979
0.706112
0.702513
0.698958
0.695572
0.692236
0.689127
0.686082
0.683196
0.68046
0.677698
0.675073
0.672453
0.670024
0.667683
0.665464
0.663322
0.66123
0.659295
0.657368
0.655622
0.653773
0.652173
0.650418
0.649016
0.647327
0.646438
0.644128
0.644324
0.643881
0.637683
0.314711
0.316968
0.319396
0.322001
0.324779
0.327737
0.33087
0.334188
0.337683
0.341364
0.345225
0.349273
0.353504
0.357921
0.362522
0.367308
0.372278
0.377431
0.382765
0.388279
0.393971
0.399839
0.405879
0.412088
0.418462
0.424997
0.431689
0.438531
0.445519
0.452646
0.459907
0.467293
0.474799
0.482416
0.490138
0.497955
0.505859
0.513842
0.521896
0.530011
0.538179
0.54639
0.554637
0.562908
0.571196
0.579491
0.587785
0.596068
0.604334
0.612572
0.620776
0.628938
0.63705
0.645106
0.653098
0.661021
0.668868
0.676636
0.684317
0.691908
0.699405
0.706806
0.71411
0.721315
0.728418
0.73542
0.742317
0.749107
0.75579
0.762364
0.768827
0.77518
0.781421
0.787551
0.79357
0.799477
0.805277
0.810965
0.816547
0.822023
0.827394
0.832663
0.837829
0.842899
0.847869
0.852747
0.857529
0.862224
0.866826
0.871346
0.875777
0.880133
0.884405
0.888603
0.892721
0.896768
0.90074
0.904646
0.908478
0.912251
0.915944
0.919584
0.923158
0.926682
0.930144
0.933554
0.936908
0.940216
0.94348
0.946711
0.949915
0.953095
0.956271
0.959433
0.962611
0.965788
0.969
0.972222
0.975502
0.978801
0.982178
0.985579
0.989075
0.992608
0.996234
0.999921
1.00368
1.00753
1.01143
1.01543
1.01946
1.02357
1.02773
1.03191
1.03612
1.04034
1.04451
1.04866
1.05276
1.05684
1.06083
1.06481
1.06867
1.0725
1.07612
1.07966
1.08299
1.08626
1.08933
1.09234
1.09516
1.09789
1.10048
1.10299
1.10541
1.10775
1.11006
1.11232
1.11457
1.11681
1.11911
1.12144
1.12387
1.12639
1.12904
1.13185
1.1348
1.13799
1.14133
1.14493
1.14867
1.15266
1.15683
1.16122
1.16577
1.17051
1.17541
1.18047
1.18568
1.19103
1.19652
1.20214
1.20789
1.2137
1.21961
1.22554
1.2316
1.2377
1.24382
1.24978
1.25554
1.26109
1.26655
1.27178
1.27689
1.28191
1.28662
1.29115
1.29543
1.29953
1.30345
1.30736
1.31117
1.31493
1.31855
1.32207
1.32528
1.32818
1.33071
1.33296
1.33482
1.33644
1.33758
1.33825
1.33833
1.33836
1.33826
1.33774
1.33658
1.33496
1.33289
1.33036
1.32728
1.32362
1.31957
1.31507
1.31005
1.30453
1.29855
1.2921
1.2852
1.27786
1.27006
1.26182
1.25324
1.24432
1.23505
1.2254
1.21547
1.20534
1.19497
1.18435
1.17352
1.1626
1.15156
1.14038
1.12914
1.11786
1.1066
1.09535
1.08413
1.07302
1.06202
1.05115
1.04044
1.0299
1.01955
1.0094
0.999468
0.989762
0.980268
0.971001
0.96196
0.953162
0.944608
0.936321
0.928298
0.920542
0.913037
0.905782
0.898777
0.892037
0.885571
0.87939
0.873486
0.867846
0.862446
0.857266
0.852285
0.847474
0.842818
0.838282
0.833875
0.829573
0.825422
0.821354
0.817469
0.813552
0.809653
0.805845
0.802108
0.798447
0.794929
0.791571
0.788016
0.784387
0.780792
0.777241
0.773695
0.770179
0.766621
0.763133
0.759469
0.756171
0.752675
0.749125
0.745535
0.74194
0.738329
0.734723
0.731097
0.727484
0.723839
0.720227
0.71658
0.71296
0.709354
0.705894
0.702319
0.698943
0.695536
0.692087
0.688661
0.685266
0.681969
0.678702
0.675516
0.672436
0.669553
0.666663
0.663879
0.661159
0.658451
0.655886
0.653341
0.650994
0.648702
0.646518
0.644478
0.642397
0.64041
0.638398
0.636522
0.634712
0.632989
0.631319
0.629628
0.628061
0.626429
0.624982
0.623315
0.621924
0.620215
0.618842
0.61701
0.616012
0.613337
0.613056
0.610865
0.600413
0.55621
0.56541
0.574717
0.584113
0.593595
0.603143
0.612757
0.622417
0.632122
0.641853
0.651604
0.661365
0.67112
0.680865
0.690583
0.700269
0.709907
0.719488
0.729005
0.738446
0.747803
0.757064
0.76622
0.775261
0.784181
0.792973
0.80163
0.810146
0.818517
0.826737
0.834804
0.842713
0.850465
0.858052
0.865481
0.872743
0.879846
0.886783
0.893563
0.900179
0.906643
0.912946
0.919102
0.925102
0.93096
0.93667
0.942243
0.947674
0.952975
0.958142
0.963184
0.968102
0.972899
0.977581
0.982148
0.986605
0.990955
0.995202
0.999344
1.00339
1.00734
1.01122
1.01502
1.01875
1.02241
1.02599
1.02949
1.03291
1.03625
1.03952
1.0427
1.04581
1.04883
1.05179
1.05467
1.05748
1.06022
1.06288
1.06549
1.06803
1.07051
1.07293
1.07529
1.0776
1.07984
1.08205
1.08419
1.0863
1.08835
1.09035
1.09233
1.09426
1.09616
1.09799
1.09981
1.10156
1.1033
1.10498
1.10666
1.10827
1.10985
1.11142
1.11297
1.11451
1.11601
1.11749
1.11894
1.12038
1.12181
1.12325
1.1247
1.12617
1.12766
1.12918
1.13074
1.13233
1.13396
1.13566
1.1374
1.13921
1.14107
1.143
1.145
1.14708
1.14921
1.15147
1.15371
1.15615
1.15848
1.16108
1.16352
1.1662
1.16883
1.17144
1.17413
1.17667
1.17909
1.18159
1.18409
1.18662
1.18906
1.19159
1.19398
1.19626
1.19823
1.20011
1.20193
1.20377
1.2054
1.20701
1.20839
1.20978
1.21108
1.21238
1.21353
1.21467
1.21583
1.21694
1.21801
1.2191
1.22026
1.22141
1.22271
1.22396
1.22537
1.22687
1.22849
1.23033
1.23232
1.23438
1.23656
1.23888
1.24136
1.24386
1.24657
1.24927
1.2521
1.25505
1.25802
1.26107
1.26412
1.2672
1.2703
1.27338
1.27646
1.27944
1.2826
1.28572
1.28869
1.29134
1.29377
1.29598
1.29813
1.30002
1.30183
1.30346
1.30456
1.30558
1.30604
1.30632
1.30648
1.30677
1.30647
1.30646
1.30593
1.30575
1.3049
1.3036
1.30189
1.29985
1.2974
1.29469
1.29156
1.28799
1.28399
1.27976
1.27527
1.27047
1.26518
1.25949
1.25341
1.24695
1.24005
1.23273
1.22507
1.21706
1.20869
1.19997
1.19094
1.1816
1.17198
1.16207
1.15188
1.14143
1.1308
1.12
1.10904
1.09789
1.08662
1.0753
1.06391
1.05245
1.04094
1.02946
1.01803
1.0066
0.995242
0.983966
0.972818
0.961788
0.950898
0.940193
0.929687
0.919393
0.909319
0.899484
0.889889
0.880541
0.871455
0.862632
0.854054
0.845732
0.837657
0.829843
0.822287
0.81501
0.808004
0.801274
0.794797
0.788574
0.782595
0.776875
0.771417
0.766234
0.761317
0.756653
0.752221
0.748001
0.743974
0.740112
0.736406
0.732816
0.729348
0.725991
0.722789
0.719658
0.716795
0.713781
0.710799
0.70794
0.705163
0.702474
0.69995
0.697608
0.694999
0.692346
0.689747
0.68721
0.684691
0.682214
0.679702
0.677281
0.67467
0.672462
0.670085
0.667626
0.665132
0.662647
0.660162
0.657695
0.655219
0.652766
0.650287
0.647851
0.645384
0.642952
0.640522
0.638263
0.635881
0.63368
0.631481
0.629221
0.626965
0.624713
0.622559
0.620427
0.618379
0.616426
0.614616
0.612786
0.611038
0.609334
0.607608
0.605984
0.604346
0.602853
0.601396
0.599985
0.598692
0.597333
0.596017
0.594636
0.593325
0.592035
0.590778
0.589534
0.58819
0.586917
0.585481
0.584221
0.582586
0.581264
0.57938
0.577833
0.575538
0.574058
0.570534
0.569003
0.564899
0.547773
1.15906
1.16421
1.16909
1.17371
1.1781
1.18223
1.18617
1.18986
1.19338
1.19667
1.19979
1.20272
1.20547
1.20809
1.21053
1.21285
1.215
1.21705
1.219
1.22085
1.22258
1.22421
1.22574
1.22717
1.22854
1.22983
1.23106
1.23224
1.23336
1.23444
1.23547
1.23646
1.23742
1.23834
1.23923
1.24008
1.24091
1.24172
1.24249
1.24325
1.24398
1.24468
1.24536
1.24602
1.24666
1.24726
1.24786
1.24842
1.24896
1.24948
1.24998
1.25046
1.25091
1.25134
1.25175
1.25214
1.25252
1.25287
1.25319
1.25352
1.25387
1.25428
1.25469
1.25511
1.2555
1.25587
1.2562
1.25651
1.25678
1.25703
1.25725
1.25745
1.25763
1.25779
1.25793
1.25805
1.25817
1.25826
1.25835
1.25843
1.2585
1.25857
1.25862
1.25869
1.25872
1.25879
1.25881
1.25887
1.25889
1.25892
1.25902
1.25911
1.25898
1.25885
1.25903
1.25883
1.25886
1.25867
1.25865
1.25856
1.25865
1.25878
1.25889
1.25898
1.25904
1.2591
1.25915
1.25922
1.25932
1.25945
1.25962
1.25983
1.26006
1.26035
1.26072
1.26108
1.26155
1.26205
1.26263
1.26323
1.26389
1.26462
1.26543
1.26628
1.26718
1.26823
1.26917
1.2704
1.27132
1.27283
1.27368
1.27537
1.27639
1.27779
1.27887
1.27879
1.27956
1.28111
1.2826
1.28413
1.28535
1.2871
1.28808
1.28809
1.28815
1.28887
1.29016
1.29096
1.29121
1.29132
1.29137
1.29215
1.29244
1.29301
1.29276
1.29317
1.29376
1.29369
1.29362
1.29369
1.29366
1.29376
1.29406
1.29377
1.29372
1.29369
1.29403
1.29434
1.29478
1.29453
1.29498
1.29508
1.29512
1.29511
1.29568
1.2955
1.29574
1.29627
1.29604
1.2961
1.29614
1.29633
1.29629
1.2964
1.29581
1.29551
1.29528
1.29467
1.29421
1.29304
1.29151
1.28968
1.28766
1.28537
1.28286
1.28017
1.277
1.27352
1.26969
1.26556
1.26122
1.25673
1.25202
1.24714
1.24203
1.23671
1.231
1.22488
1.21839
1.21157
1.2044
1.19696
1.18918
1.18105
1.17259
1.16391
1.155
1.14586
1.13638
1.12662
1.1166
1.10634
1.09582
1.08505
1.07408
1.06293
1.05161
1.04013
1.02853
1.01681
1.005
0.993101
0.981127
0.969094
0.957064
0.945042
0.933048
0.921064
0.909134
0.897298
0.885569
0.873931
0.862401
0.85103
0.839833
0.828778
0.817899
0.807216
0.796752
0.7865
0.776467
0.766688
0.757168
0.747911
0.738921
0.730207
0.721766
0.713598
0.705715
0.698112
0.690772
0.683698
0.676882
0.670328
0.664036
0.658017
0.652266
0.646783
0.641548
0.636558
0.631803
0.627292
0.623027
0.619016
0.615252
0.611725
0.608415
0.605306
0.602383
0.599621
0.597026
0.594537
0.59217
0.589939
0.587862
0.585861
0.584157
0.582259
0.580447
0.578766
0.577189
0.575709
0.574413
0.573273
0.571919
0.570552
0.569259
0.568046
0.566873
0.565761
0.564637
0.563624
0.56245
0.561648
0.560752
0.559776
0.558776
0.557801
0.556847
0.555925
0.555012
0.554131
0.553241
0.552396
0.551533
0.550709
0.549872
0.549196
0.548417
0.547771
0.547144
0.546456
0.545747
0.545012
0.544341
0.543671
0.543066
0.542531
0.542065
0.541551
0.541074
0.540609
0.540081
0.539586
0.53904
0.53856
0.538069
0.53755
0.537077
0.536505
0.535907
0.535188
0.534455
0.533664
0.532822
0.531921
0.530838
0.529733
0.528343
0.527081
0.525265
0.523732
0.52131
0.519233
0.516132
0.513418
0.508819
0.504275
0.498911
0.474502
1.6552
1.65139
1.64765
1.64398
1.64036
1.6368
1.63329
1.62982
1.6264
1.62304
1.61971
1.61644
1.61321
1.61003
1.60689
1.60379
1.60074
1.59772
1.59475
1.59182
1.58893
1.58608
1.58327
1.5805
1.57777
1.57507
1.57242
1.5698
1.56723
1.56469
1.5622
1.55974
1.55733
1.55496
1.55263
1.55034
1.54809
1.54589
1.54373
1.5416
1.53952
1.53749
1.53549
1.53353
1.53162
1.52974
1.5279
1.5261
1.52434
1.52262
1.52093
1.51929
1.51767
1.51609
1.51455
1.51304
1.51157
1.51013
1.50872
1.50735
1.50601
1.50471
1.50346
1.50225
1.50107
1.49993
1.49882
1.49774
1.49668
1.49566
1.49466
1.49368
1.49273
1.4918
1.4909
1.49002
1.48916
1.48833
1.48752
1.48673
1.48597
1.48523
1.48451
1.48382
1.48314
1.48249
1.48185
1.48125
1.48065
1.48008
1.47954
1.47902
1.47851
1.478
1.47754
1.47706
1.47662
1.47616
1.47574
1.47532
1.47491
1.47454
1.47418
1.47384
1.47351
1.47319
1.47288
1.47257
1.4723
1.47198
1.47188
1.47113
1.47063
1.47039
1.47052
1.46997
1.47002
1.46975
1.47
1.46956
1.46946
1.4694
1.46971
1.4694
1.46939
1.46971
1.46946
1.46946
1.46947
1.46952
1.46956
1.46966
1.47001
1.4698
1.4698
1.46998
1.46945
1.46933
1.4695
1.46904
1.46888
1.46894
1.46888
1.46851
1.46791
1.46721
1.46649
1.46572
1.46477
1.46373
1.4625
1.46123
1.45983
1.45838
1.4567
1.45492
1.45305
1.45103
1.44882
1.4465
1.44402
1.4414
1.43868
1.43572
1.43262
1.42936
1.42597
1.42246
1.41884
1.41495
1.41095
1.40676
1.40242
1.39783
1.39316
1.38821
1.38312
1.37791
1.37242
1.36675
1.36087
1.35482
1.34856
1.34213
1.33543
1.3285
1.32142
1.31409
1.30655
1.2987
1.29052
1.28204
1.27326
1.2642
1.25484
1.24523
1.23529
1.22506
1.21453
1.20369
1.19259
1.18126
1.16971
1.15795
1.146
1.13388
1.1215
1.10886
1.09598
1.08287
1.06956
1.05608
1.04245
1.02867
1.01476
1.00074
0.986672
0.972541
0.958367
0.94417
0.929939
0.915699
0.901476
0.887285
0.873146
0.85907
0.845074
0.831174
0.817398
0.803757
0.790269
0.776937
0.763784
0.750815
0.738057
0.725513
0.713206
0.70113
0.689298
0.677718
0.666412
0.65537
0.644597
0.634099
0.623894
0.613955
0.604293
0.594931
0.585877
0.57712
0.568648
0.560472
0.552594
0.545013
0.53773
0.530746
0.52406
0.517666
0.511571
0.50577
0.500256
0.495022
0.490066
0.48538
0.480967
0.476833
0.472979
0.469405
0.466101
0.46306
0.460277
0.457752
0.455485
0.453482
0.451737
0.450251
0.449012
0.44802
0.447266
0.446736
0.446468
0.446377
0.44645
0.446774
0.447305
0.448034
0.449054
0.450094
0.451303
0.452697
0.454276
0.456017
0.457979
0.460145
0.462326
0.464598
0.467006
0.469552
0.472222
0.475018
0.477903
0.480927
0.483952
0.487191
0.490494
0.493824
0.497192
0.500601
0.504062
0.507568
0.511116
0.514695
0.518291
0.521905
0.525515
0.529122
0.532695
0.536301
0.539825
0.543355
0.546862
0.550291
0.553631
0.556865
0.560023
0.563086
0.566073
0.568992
0.571832
0.574541
0.577135
0.579601
0.581884
0.584021
0.58597
0.58777
0.589394
0.590818
0.592077
0.593116
0.593943
0.594497
0.594838
0.59488
0.594632
0.594099
0.593192
0.591937
0.590188
0.588091
0.585299
0.582047
0.577819
0.572695
0.566565
0.55806
0.549536
0.530865
0.523012
0.454187
0.313621
0.320522
0.333367
0.34439
0.353171
0.360542
0.367041
0.372908
0.37835
0.383551
0.388652
0.39373
0.398863
0.404082
0.409447
0.414971
0.420692
0.426636
0.432797
0.439242
0.445928
0.452931
0.460225
0.467831
0.475806
0.484077
0.492783
0.501824
0.511258
0.5211
0.531392
0.542142
0.553369
0.565144
0.577411
0.590341
0.603742
0.617979
0.632644
0.648397
0.664444
0.682013
0.699671
0.71953
0.738675
0.762353
0.781735
0.813384
0.83078
0.877206
0.448502
0.46126
0.467217
0.471606
0.475261
0.477991
0.480089
0.481904
0.48362
0.485307
0.487013
0.488763
0.490584
0.492455
0.494418
0.496429
0.498517
0.500666
0.502817
0.505083
0.507275
0.509588
0.511811
0.514058
0.516339
0.518423
0.52072
0.522687
0.524649
0.526499
0.528409
0.530229
0.53209
0.53391
0.535654
0.537503
0.539069
0.541081
0.542427
0.544712
0.545675
0.548727
0.54942
0.553126
0.553767
0.559753
0.560671
0.568481
0.569055
0.57654
0.539118
0.551101
0.558221
0.563623
0.568204
0.571759
0.574522
0.576804
0.578795
0.580587
0.582248
0.583822
0.585349
0.586829
0.588302
0.589742
0.591175
0.592586
0.593926
0.595286
0.59649
0.597724
0.598756
0.599744
0.600581
0.60112
0.601883
0.601922
0.601929
0.601672
0.601311
0.600666
0.599887
0.598841
0.597537
0.596063
0.594139
0.592303
0.58958
0.587438
0.583614
0.58145
0.576556
0.574535
0.568365
0.567225
0.561651
0.560619
0.552832
0.549171
0.612626
0.622778
0.629535
0.634941
0.639661
0.643562
0.646747
0.649419
0.651724
0.653746
0.655551
0.657188
0.6587
0.6601
0.661424
0.662661
0.663834
0.664929
0.665915
0.666852
0.667604
0.668313
0.668776
0.669177
0.669263
0.669082
0.668834
0.668127
0.667216
0.665966
0.664519
0.662712
0.660679
0.658279
0.655538
0.652495
0.648938
0.645248
0.640639
0.636295
0.630339
0.625447
0.618003
0.612843
0.60362
0.598604
0.588281
0.58315
0.572121
0.563922
0.675152
0.683999
0.690259
0.695402
0.699948
0.703849
0.707138
0.709946
0.712375
0.71449
0.716347
0.71799
0.71946
0.720774
0.721963
0.723026
0.723981
0.724817
0.725517
0.726109
0.726502
0.726789
0.726801
0.726654
0.726225
0.725496
0.724564
0.723239
0.72165
0.719683
0.717459
0.714841
0.711938
0.708618
0.704913
0.700831
0.696205
0.691296
0.685492
0.67971
0.672465
0.665799
0.656953
0.649621
0.639019
0.631214
0.619385
0.610683
0.598642
0.587489
0.730628
0.738546
0.744394
0.749248
0.753539
0.757275
0.760483
0.763251
0.765651
0.767732
0.769537
0.771104
0.772467
0.773644
0.774661
0.77552
0.776236
0.776801
0.777204
0.777452
0.777489
0.777354
0.776939
0.776297
0.775362
0.774111
0.772582
0.770676
0.768471
0.765866
0.762963
0.759649
0.756005
0.751918
0.74742
0.742491
0.737
0.73112
0.724375
0.717466
0.709236
0.701211
0.691362
0.682342
0.670867
0.660882
0.64842
0.636952
0.624648
0.611076
0.781342
0.788535
0.794036
0.798613
0.802629
0.806128
0.809149
0.811764
0.814026
0.815974
0.817641
0.819057
0.820249
0.821234
0.822033
0.822646
0.82309
0.823356
0.823432
0.823338
0.822986
0.822414
0.82155
0.820418
0.818968
0.817188
0.815083
0.812602
0.809795
0.806576
0.803029
0.799061
0.794732
0.789943
0.784724
0.779035
0.77277
0.766039
0.75847
0.750587
0.741501
0.732339
0.721637
0.711232
0.699031
0.687272
0.674371
0.660741
0.648298
0.63272
0.828657
0.835231
0.840401
0.844702
0.848429
0.851652
0.854424
0.856811
0.858859
0.8606
0.862059
0.863261
0.864225
0.864967
0.865505
0.865828
0.865965
0.865932
0.865652
0.865155
0.864389
0.863363
0.862027
0.86039
0.858411
0.856085
0.853403
0.850343
0.846933
0.843106
0.838928
0.834328
0.829339
0.823885
0.817978
0.811578
0.804587
0.797085
0.788757
0.779989
0.770113
0.759943
0.748452
0.736846
0.723982
0.710732
0.697423
0.682033
0.669449
0.652123
0.873424
0.87942
0.884239
0.888243
0.891665
0.894586
0.897068
0.899176
0.900953
0.902428
0.903625
0.904558
0.905245
0.905699
0.905933
0.905953
0.905771
0.905358
0.904691
0.903771
0.902562
0.90106
0.899229
0.897068
0.894545
0.891656
0.888391
0.884742
0.880723
0.87629
0.871487
0.866264
0.860633
0.854539
0.847963
0.840888
0.833198
0.824974
0.815923
0.806338
0.795712
0.784622
0.772383
0.759698
0.746195
0.731678
0.71793
0.701066
0.688296
0.669465
0.916161
0.921597
0.926028
0.929702
0.932793
0.935387
0.937546
0.939336
0.940801
0.941966
0.942853
0.943475
0.943842
0.943966
0.943893
0.943561
0.943
0.942188
0.941103
0.939737
0.938059
0.936061
0.933712
0.931007
0.927925
0.924459
0.920605
0.916355
0.911723
0.906685
0.90126
0.89542
0.88916
0.882442
0.875219
0.867492
0.859133
0.850211
0.840468
0.830117
0.818777
0.806838
0.793893
0.78024
0.766115
0.75049
0.736291
0.718142
0.705161
0.684994
0.95716
0.962033
0.966045
0.969359
0.972102
0.974344
0.976152
0.977593
0.978712
0.979532
0.980073
0.980348
0.980364
0.980153
0.979697
0.978987
0.978022
0.976786
0.975257
0.973421
0.971251
0.968735
0.965849
0.962585
0.958928
0.954873
0.950422
0.945565
0.940319
0.934675
0.928634
0.922182
0.915305
0.907974
0.900131
0.891771
0.882774
0.873183
0.86278
0.85171
0.839692
0.826966
0.81335
0.798822
0.784092
0.767489
0.752827
0.733551
0.720308
0.698973
0.996615
1.00091
1.00447
1.00739
1.00976
1.01164
1.01307
1.01414
1.01489
1.01533
1.0155
1.01541
1.01504
1.01444
1.01359
1.01247
1.01108
1.0094
1.0074
1.00507
1.00239
0.999339
0.995899
0.992061
0.987817
0.983163
0.978107
0.972643
0.966785
0.960534
0.953886
0.946834
0.939355
0.931426
0.922985
0.914016
0.90441
0.894184
0.883156
0.87141
0.85875
0.845295
0.831043
0.815722
0.800407
0.782934
0.767812
0.747546
0.734005
0.711622
1.03465
1.03835
1.04142
1.04392
1.04589
1.04738
1.04843
1.04911
1.04946
1.0495
1.04928
1.04878
1.04801
1.047
1.04573
1.04418
1.04234
1.04019
1.03771
1.03487
1.03166
1.02805
1.02404
1.01962
1.01478
1.00952
1.00386
0.997789
0.991324
0.984472
0.977229
0.969587
0.961525
0.953017
0.944002
0.934453
0.924268
0.913441
0.901821
0.889445
0.87618
0.862052
0.847198
0.831159
0.815285
0.797037
0.781458
0.760324
0.746452
0.723142
1.07136
1.07443
1.07699
1.07903
1.08057
1.08164
1.08229
1.08256
1.0825
1.08213
1.08148
1.08056
1.07938
1.07794
1.07623
1.07423
1.07192
1.06929
1.0663
1.06293
1.05918
1.05501
1.05042
1.04541
1.03997
1.0341
1.02783
1.02115
1.01409
1.00665
0.998821
0.990607
0.981981
0.972917
0.963354
0.953254
0.942522
0.931132
0.918956
0.905995
0.892165
0.877419
0.862003
0.845313
0.828911
0.809971
0.79395
0.772056
0.757842
0.733698
1.10679
1.10918
1.11121
1.11277
1.11386
1.11449
1.11471
1.11457
1.11408
1.11327
1.11218
1.11083
1.10921
1.10732
1.10516
1.10269
1.09991
1.09677
1.09326
1.08936
1.08504
1.0803
1.07513
1.06952
1.06348
1.05701
1.05013
1.04286
1.0352
1.02718
1.01879
1.01002
1.00086
0.991262
0.981179
0.97056
0.959316
0.947403
0.93471
0.921209
0.906855
0.891545
0.875607
0.85833
0.841433
0.82188
0.805432
0.782874
0.768311
0.743432
1.14094
1.14263
1.14412
1.14518
1.14578
1.14595
1.14574
1.14515
1.14421
1.14295
1.14142
1.13961
1.13755
1.13521
1.13258
1.12964
1.12635
1.1227
1.11866
1.11421
1.10933
1.10401
1.09825
1.09204
1.08539
1.07832
1.07085
1.06299
1.05476
1.04618
1.03724
1.02794
1.01826
1.00816
0.99759
0.986488
0.974766
0.962371
0.949202
0.935209
0.920374
0.904554
0.888138
0.870334
0.852982
0.832882
0.816035
0.792896
0.777996
0.752459
1.17379
1.17481
1.17574
1.17626
1.17635
1.17608
1.17538
1.17432
1.17293
1.17122
1.16922
1.16696
1.16444
1.16163
1.15853
1.15509
1.1513
1.14713
1.14255
1.13754
1.13209
1.12619
1.11984
1.11303
1.10579
1.09813
1.09007
1.08163
1.07285
1.06372
1.05425
1.04445
1.03428
1.02371
1.01268
1.00113
0.988973
0.976137
0.962535
0.948096
0.932827
0.91655
0.8997
0.881427
0.863659
0.843078
0.825858
0.802214
0.78699
0.760879
1.20528
1.20575
1.20607
1.20603
1.20563
1.20483
1.20365
1.20212
1.20025
1.19807
1.19561
1.19288
1.18989
1.18662
1.18303
1.1791
1.17479
1.17009
1.16496
1.15939
1.15337
1.14689
1.13995
1.13255
1.12472
1.11648
1.10785
1.09885
1.08952
1.07987
1.06991
1.05963
1.049
1.03799
1.02654
1.01458
1.00202
0.988786
0.974795
0.959959
0.944302
0.92762
0.910384
0.891697
0.873556
0.852554
0.834993
0.810911
0.795387
0.76877
1.23546
1.2354
1.23511
1.2345
1.23355
1.23223
1.23056
1.22854
1.22619
1.22353
1.2206
1.21739
1.21393
1.21019
1.20611
1.20167
1.19685
1.19161
1.18593
1.1798
1.17321
1.16615
1.15862
1.15064
1.14224
1.13342
1.12423
1.1147
1.10485
1.0947
1.08426
1.07353
1.06248
1.05106
1.03922
1.02689
1.01398
1.00039
0.986055
0.970871
0.954874
0.937839
0.920263
0.901218
0.882746
0.86138
0.84351
0.819053
0.803252
0.7762
1.26436
1.26372
1.26281
1.26163
1.26013
1.25828
1.2561
1.25358
1.25075
1.24761
1.24419
1.24051
1.23656
1.23235
1.22778
1.22284
1.21749
1.21171
1.20549
1.19879
1.19163
1.184
1.1759
1.16735
1.15838
1.14901
1.13928
1.12923
1.11888
1.10826
1.09738
1.08622
1.07477
1.06299
1.0508
1.03814
1.02491
1.01101
0.99638
0.980896
0.964606
0.94727
0.929404
0.910052
0.891295
0.869617
0.851476
0.826699
0.810651
0.783223
1.29195
1.29069
1.28918
1.28742
1.28536
1.28298
1.28028
1.27726
1.27393
1.27031
1.26641
1.26224
1.25782
1.25312
1.24807
1.24261
1.23674
1.23042
1.22365
1.2164
1.20867
1.20047
1.19181
1.1827
1.17318
1.16328
1.15304
1.14249
1.13167
1.1206
1.1093
1.09776
1.08595
1.07382
1.06133
1.04837
1.03487
1.02071
1.00582
0.990089
0.973555
0.955968
0.937859
0.918252
0.899254
0.877316
0.858938
0.833894
0.817627
0.789883
1.31818
1.31631
1.3142
1.31185
1.30923
1.30631
1.30309
1.29957
1.29574
1.29163
1.28725
1.2826
1.2777
1.27252
1.26697
1.26101
1.25461
1.24776
1.24044
1.23264
1.22436
1.21561
1.20639
1.19674
1.18669
1.17627
1.16553
1.15451
1.14325
1.13176
1.12007
1.10817
1.09604
1.08361
1.07084
1.05764
1.0439
1.02953
1.01443
0.998496
0.981766
0.963979
0.945675
0.925863
0.90667
0.884519
0.865945
0.840681
0.824228
0.796217
1.34304
1.34055
1.33784
1.33491
1.33174
1.32828
1.32454
1.3205
1.31618
1.31159
1.30672
1.3016
1.29621
1.29056
1.28451
1.27804
1.27112
1.26374
1.25588
1.24754
1.23872
1.22942
1.21967
1.2095
1.19894
1.18803
1.17681
1.16535
1.15366
1.14179
1.12974
1.11752
1.10509
1.0924
1.0794
1.06598
1.05206
1.03751
1.02225
1.00616
0.98928
0.971341
0.95289
0.932922
0.913577
0.891261
0.872527
0.847088
0.830481
0.802253
1.3665
1.3634
1.3601
1.3566
1.35286
1.34887
1.34461
1.34007
1.33526
1.33018
1.32483
1.31923
1.31337
1.30724
1.3007
1.29372
1.28629
1.27838
1.27
1.26112
1.25177
1.24195
1.23168
1.221
1.20995
1.19857
1.18691
1.17503
1.16295
1.15072
1.13835
1.12583
1.11314
1.10023
1.08702
1.07344
1.05936
1.04468
1.02931
1.01311
0.99613
0.978087
0.959536
0.939459
0.920007
0.897571
0.878717
0.853146
0.836417
0.808015
1.38854
1.38484
1.38096
1.37689
1.37261
1.36808
1.3633
1.35827
1.35296
1.3474
1.34159
1.33552
1.32919
1.32258
1.31555
1.30807
1.30012
1.2917
1.2828
1.27341
1.26354
1.25321
1.24245
1.23129
1.21977
1.20794
1.19586
1.18358
1.17115
1.15859
1.14592
1.13314
1.12023
1.10712
1.09376
1.08004
1.06586
1.05109
1.03565
1.01938
1.00234
0.984245
0.965639
0.945499
0.925982
0.90347
0.884533
0.858869
0.842052
0.813518
1.40914
1.40486
1.4004
1.39578
1.39096
1.38591
1.38062
1.37509
1.36931
1.36327
1.35699
1.35046
1.34367
1.33658
1.32907
1.32109
1.31265
1.30372
1.29431
1.28442
1.27406
1.26324
1.252
1.24037
1.22841
1.21617
1.2037
1.19105
1.17829
1.16543
1.15249
1.13949
1.12638
1.11312
1.09963
1.08582
1.07157
1.05675
1.04128
1.02499
1.00795
0.989835
0.97122
0.951061
0.931524
0.908976
0.889996
0.864279
0.847407
0.818778
1.42828
1.42343
1.41842
1.41325
1.4079
1.40234
1.39656
1.39054
1.38429
1.37779
1.37105
1.36407
1.35682
1.34927
1.34127
1.33281
1.32387
1.31446
1.30456
1.29418
1.28334
1.27205
1.26036
1.2483
1.23592
1.22328
1.21045
1.19747
1.1844
1.17127
1.1581
1.1449
1.13163
1.11825
1.10467
1.0908
1.07652
1.06169
1.04623
1.02997
1.01295
0.994874
0.976294
0.95616
0.936643
0.914102
0.895115
0.869381
0.852487
0.8238
1.44594
1.44055
1.435
1.4293
1.42344
1.41738
1.41111
1.40462
1.39791
1.39096
1.38377
1.37635
1.36866
1.36064
1.35216
1.34323
1.33381
1.32392
1.31356
1.30271
1.29141
1.27968
1.26756
1.25509
1.24232
1.22931
1.21614
1.20285
1.18951
1.17614
1.16277
1.1494
1.13601
1.12254
1.1089
1.095
1.08073
1.06593
1.05052
1.03432
1.01738
0.999376
0.980873
0.960806
0.941352
0.918856
0.899901
0.874187
0.857304
0.828591
1.46212
1.45619
1.45012
1.44392
1.43756
1.43102
1.42428
1.41733
1.41017
1.40278
1.39517
1.38731
1.37919
1.3707
1.36177
1.35236
1.34249
1.33214
1.32132
1.31003
1.2983
1.28615
1.27362
1.26076
1.24763
1.23429
1.22081
1.20724
1.19365
1.18007
1.16653
1.15303
1.13953
1.126
1.11234
1.09845
1.08422
1.06949
1.05416
1.03806
1.02124
1.00335
0.984965
0.965007
0.945654
0.923242
0.904355
0.878696
0.861856
0.833152
1.47678
1.47035
1.46379
1.4571
1.45026
1.44326
1.43606
1.42867
1.42108
1.41327
1.40524
1.39696
1.38841
1.37948
1.37009
1.36024
1.34992
1.33913
1.32788
1.31617
1.30403
1.29148
1.27858
1.26536
1.25189
1.23824
1.22447
1.21066
1.19685
1.18309
1.1694
1.15579
1.14223
1.12867
1.11501
1.10116
1.087
1.07237
1.05717
1.04121
1.02453
1.0068
0.988576
0.968765
0.949553
0.927263
0.908482
0.882912
0.866148
0.837484
1.48993
1.48303
1.47599
1.46883
1.46154
1.45409
1.44646
1.43865
1.43064
1.42242
1.41399
1.40531
1.39634
1.38696
1.37714
1.36686
1.35611
1.34491
1.33325
1.32114
1.30861
1.2957
1.28244
1.26889
1.25511
1.24118
1.22717
1.21313
1.19914
1.18522
1.17142
1.15772
1.14412
1.13055
1.11693
1.10315
1.08909
1.07459
1.05954
1.04376
1.02728
1.00974
0.991706
0.97208
0.953048
0.930917
0.912276
0.886829
0.870173
0.841581
1.50156
1.49419
1.48671
1.47912
1.47139
1.46351
1.45547
1.44725
1.43885
1.43024
1.42142
1.41236
1.40298
1.39317
1.38293
1.37224
1.36109
1.34949
1.33745
1.32497
1.31208
1.29883
1.28525
1.2714
1.25733
1.24315
1.22891
1.21468
1.20052
1.18648
1.17258
1.15884
1.14522
1.13167
1.11811
1.10442
1.0905
1.07616
1.0613
1.04573
1.02946
1.01215
0.994356
0.974953
0.956137
0.934201
0.915738
0.890447
0.873932
0.84544
1.51164
1.50385
1.49595
1.48794
1.47981
1.47153
1.4631
1.4545
1.44572
1.43674
1.42756
1.41811
1.40832
1.39812
1.38748
1.3764
1.36487
1.3529
1.3405
1.32767
1.31445
1.30089
1.28701
1.27289
1.25857
1.24416
1.22974
1.21535
1.20105
1.18691
1.17294
1.15917
1.14556
1.13206
1.11857
1.105
1.09123
1.07708
1.06244
1.04711
1.0311
1.01405
0.996522
0.977377
0.958814
0.937108
0.918856
0.893755
0.877411
0.849054
1.52018
1.512
1.5037
1.4953
1.48679
1.47814
1.46934
1.46038
1.45125
1.44193
1.43239
1.42258
1.4124
1.40181
1.39079
1.37935
1.36746
1.35515
1.34242
1.32927
1.31574
1.30191
1.28777
1.27341
1.25888
1.24428
1.22969
1.21516
1.20076
1.18653
1.17253
1.15874
1.14516
1.13172
1.11835
1.10492
1.09132
1.07738
1.06298
1.0479
1.03218
1.01543
0.998201
0.979349
0.961073
0.939632
0.921627
0.89675
0.880609
0.852415
1.52717
1.51862
1.50996
1.5012
1.49233
1.48334
1.4742
1.4649
1.45544
1.44579
1.43592
1.42576
1.4152
1.40425
1.39289
1.3811
1.36888
1.35627
1.34324
1.32981
1.31602
1.30194
1.28757
1.273
1.25828
1.24351
1.22877
1.21412
1.19963
1.18535
1.17132
1.15755
1.14402
1.13067
1.11742
1.10416
1.09077
1.07706
1.06292
1.04813
1.03271
1.01628
0.999386
0.980859
0.962905
0.941763
0.924038
0.899417
0.883511
0.855513
1.5326
1.52371
1.51472
1.50564
1.49644
1.48713
1.47768
1.46807
1.4583
1.44835
1.43815
1.42764
1.41673
1.40546
1.39378
1.38169
1.36918
1.3563
1.343
1.32932
1.31529
1.30097
1.2864
1.27164
1.25676
1.24184
1.22698
1.21224
1.19769
1.18338
1.16935
1.15561
1.14215
1.12891
1.11581
1.10273
1.08956
1.07611
1.06226
1.04779
1.0327
1.01661
1.00007
0.981902
0.964303
0.943492
0.926083
0.901752
0.88611
0.85834
1.53647
1.52728
1.51798
1.5086
1.49911
1.48951
1.47977
1.46988
1.45982
1.44959
1.4391
1.42826
1.41705
1.40549
1.39352
1.38115
1.36838
1.35523
1.34169
1.32778
1.31354
1.29903
1.28428
1.26936
1.25434
1.23931
1.22436
1.20955
1.19496
1.18064
1.16663
1.15294
1.13957
1.12645
1.11351
1.10064
1.08771
1.07453
1.061
1.04686
1.03214
1.01642
1.00026
0.982469
0.965254
0.944809
0.927746
0.903738
0.888392
0.860885
1.53876
1.52929
1.51973
1.51009
1.50034
1.49048
1.48049
1.47036
1.46005
1.44956
1.43878
1.42765
1.41616
1.40431
1.39208
1.37946
1.36645
1.35307
1.33932
1.32522
1.3108
1.29612
1.28122
1.26618
1.25105
1.23594
1.22091
1.20606
1.19145
1.17714
1.16317
1.14956
1.13628
1.12331
1.11055
1.09789
1.08521
1.07233
1.05912
1.04534
1.03101
1.0157
0.99995
0.982561
0.965752
0.945702
0.92902
0.90537
0.890349
0.863138
1.53949
1.5298
1.52001
1.51015
1.50018
1.49009
1.47987
1.46951
1.45898
1.44823
1.43717
1.42577
1.41403
1.40193
1.38947
1.37663
1.36342
1.34985
1.33592
1.32165
1.30709
1.29227
1.27726
1.26211
1.24691
1.23173
1.21667
1.20179
1.18719
1.17291
1.15899
1.14547
1.13231
1.11949
1.10692
1.09449
1.08208
1.06951
1.05664
1.04324
1.02932
1.01442
0.999119
0.982171
0.965795
0.946162
0.929889
0.906631
0.891965
0.865086
1.53867
1.52879
1.5188
1.50874
1.49857
1.48829
1.47788
1.46732
1.45657
1.44558
1.43428
1.42265
1.41068
1.39838
1.38572
1.37269
1.35931
1.34558
1.3315
1.3171
1.30242
1.2875
1.2724
1.25719
1.24193
1.22672
1.21164
1.19677
1.18218
1.16795
1.15411
1.14068
1.12766
1.11501
1.10264
1.09045
1.07832
1.06606
1.05356
1.04055
1.02705
1.0126
0.99776
0.981279
0.965374
0.946188
0.930346
0.907514
0.893232
0.866723
1.53628
1.52624
1.51609
1.50587
1.49554
1.48509
1.47451
1.46378
1.45284
1.44163
1.43011
1.41828
1.40613
1.39365
1.38083
1.36765
1.35413
1.34027
1.32608
1.31159
1.29682
1.28183
1.26668
1.25142
1.23614
1.22091
1.20584
1.19099
1.17646
1.16229
1.14854
1.13523
1.12235
1.10987
1.09771
1.08577
1.07393
1.06201
1.04987
1.03726
1.0242
1.01022
0.995865
0.979875
0.964469
0.945769
0.930386
0.908006
0.894132
0.868034
1.53231
1.52215
1.51188
1.50153
1.49107
1.48049
1.46978
1.45889
1.44777
1.43637
1.42468
1.41269
1.40039
1.38777
1.37482
1.36153
1.3479
1.33395
1.31968
1.30512
1.29031
1.27528
1.2601
1.24483
1.22955
1.21434
1.1993
1.1845
1.17002
1.15594
1.14229
1.12911
1.11639
1.10409
1.09215
1.08047
1.06892
1.05734
1.04557
1.03339
1.02078
1.00728
0.993427
0.977952
0.963069
0.944887
0.930002
0.908106
0.89466
0.869013
1.52677
1.51653
1.50617
1.49573
1.48517
1.4745
1.46367
1.45265
1.44137
1.42983
1.41801
1.40589
1.39348
1.38075
1.36771
1.35434
1.34065
1.32664
1.31233
1.29774
1.2829
1.26786
1.25269
1.23743
1.22218
1.20702
1.19203
1.1773
1.1629
1.14892
1.13539
1.12234
1.10978
1.09768
1.08597
1.07455
1.0633
1.05206
1.04068
1.02892
1.01677
1.00377
0.990442
0.975502
0.961166
0.943529
0.929171
0.907805
0.894801
0.869647
1.51966
1.50937
1.49897
1.48847
1.47785
1.4671
1.45619
1.44505
1.43366
1.42201
1.41009
1.39789
1.3854
1.37261
1.35951
1.3461
1.33238
1.31835
1.30403
1.28944
1.27462
1.25961
1.24446
1.22926
1.21406
1.19896
1.18405
1.16941
1.15511
1.14124
1.12784
1.11495
1.10256
1.09065
1.07917
1.06802
1.05708
1.04618
1.03519
1.02386
1.01219
0.999693
0.986904
0.972519
0.958752
0.941688
0.927885
0.907088
0.894564
0.869935
1.51099
1.50068
1.49027
1.47975
1.4691
1.45831
1.44732
1.4361
1.42464
1.41293
1.40096
1.38871
1.37619
1.36337
1.35026
1.33684
1.32312
1.30911
1.29481
1.28026
1.26548
1.25053
1.23545
1.22032
1.20521
1.1902
1.17538
1.16085
1.14667
1.13293
1.11967
1.10693
1.09473
1.08303
1.07178
1.0609
1.05026
1.03971
1.02912
1.01822
1.00703
0.99505
0.982811
0.968999
0.955821
0.939358
0.926132
0.905942
0.89392
0.869875
1.50074
1.49047
1.48008
1.46957
1.45893
1.44812
1.43709
1.42583
1.41434
1.40261
1.39062
1.37837
1.36585
1.35305
1.33995
1.32657
1.31289
1.29893
1.2847
1.27022
1.25552
1.24065
1.22567
1.21064
1.19564
1.18074
1.16605
1.15164
1.1376
1.124
1.1109
1.09833
1.08631
1.07481
1.0638
1.05319
1.04286
1.03266
1.02246
1.01201
1.0013
0.98984
0.978162
0.96494
0.952368
0.936532
0.923909
0.904366
0.892856
0.869466
1.48894
1.47873
1.4684
1.45794
1.44733
1.43652
1.42549
1.41425
1.40277
1.39106
1.3791
1.36689
1.35441
1.34166
1.32863
1.31531
1.30172
1.28784
1.27371
1.25933
1.24475
1.23
1.21515
1.20025
1.18538
1.17062
1.15607
1.14181
1.12792
1.11447
1.10154
1.08914
1.07731
1.06603
1.05526
1.04491
1.03489
1.02504
1.01523
1.00522
0.994995
0.984066
0.972959
0.960339
0.948389
0.933205
0.921204
0.902348
0.891356
0.868692
1.47557
1.46547
1.45524
1.44486
1.4343
1.42353
1.41256
1.40137
1.38995
1.3783
1.36642
1.35428
1.34189
1.32923
1.3163
1.3031
1.28962
1.27587
1.26187
1.24763
1.2332
1.2186
1.2039
1.18916
1.17445
1.15986
1.14547
1.13137
1.11765
1.10438
1.09161
1.0794
1.06777
1.0567
1.04617
1.03609
1.02637
1.01686
1.00744
0.997864
0.988131
0.977736
0.967204
0.955198
0.943885
0.929376
0.918017
0.899889
0.889419
0.867552
1.46065
1.4507
1.4406
1.43033
1.41986
1.40919
1.39831
1.38722
1.37591
1.36437
1.3526
1.34058
1.32832
1.31579
1.303
1.28995
1.27662
1.26304
1.2492
1.23514
1.22089
1.20647
1.19196
1.1774
1.16288
1.14848
1.13428
1.12036
1.10682
1.09373
1.08115
1.06913
1.0577
1.04685
1.03655
1.02673
1.01731
1.00814
0.999104
0.989963
0.980716
0.970855
0.960902
0.949521
0.938854
0.925044
0.914342
0.896981
0.88704
0.866031
1.44419
1.43443
1.42449
1.41436
1.40404
1.39351
1.38278
1.37183
1.36067
1.34929
1.33767
1.32582
1.31372
1.30137
1.28876
1.27589
1.26276
1.24937
1.23575
1.22189
1.20785
1.19365
1.17935
1.16501
1.15071
1.13651
1.12252
1.1088
1.09546
1.08256
1.07017
1.05835
1.04712
1.03648
1.02642
1.01686
1.00773
0.998894
0.990241
0.981529
0.972763
0.963436
0.954063
0.943313
0.933302
0.920212
0.910181
0.893627
0.884223
0.864122
1.42621
1.41667
1.40693
1.397
1.38687
1.37653
1.36599
1.35524
1.34427
1.33308
1.32167
1.31002
1.29813
1.28599
1.27361
1.26096
1.24806
1.23491
1.22152
1.20791
1.19411
1.18016
1.16611
1.15201
1.13795
1.12399
1.11021
1.09672
1.08359
1.0709
1.05871
1.04709
1.03607
1.02565
1.01581
1.00651
0.997666
0.989152
0.980869
0.972579
0.964289
0.955491
0.946696
0.936583
0.927232
0.914881
0.90553
0.889822
0.880965
0.861819
1.40672
1.39744
1.38796
1.37827
1.36838
1.35829
1.34798
1.33747
1.32674
1.3158
1.30462
1.29322
1.28158
1.2697
1.25757
1.24519
1.23256
1.21968
1.20657
1.19324
1.17972
1.16604
1.15226
1.13844
1.12464
1.11093
1.09741
1.08415
1.07125
1.05877
1.0468
1.03539
1.02457
1.01436
1.00475
0.995698
0.987133
0.978934
0.971012
0.963134
0.955311
0.947038
0.938817
0.929343
0.920653
0.90906
0.900396
0.885574
0.877271
0.859122
1.38577
1.3768
1.36762
1.35823
1.34863
1.33882
1.3288
1.31857
1.30813
1.29747
1.28658
1.27547
1.26412
1.25253
1.2407
1.22862
1.2163
1.20373
1.19093
1.17791
1.1647
1.15133
1.13786
1.12433
1.11081
1.09739
1.08413
1.07113
1.05847
1.04622
1.03447
1.02326
1.01266
1.00266
0.993272
0.984459
0.976163
0.968268
0.960696
0.95322
0.945852
0.938096
0.93044
0.921606
0.913576
0.902758
0.894781
0.880882
0.873138
0.856029
1.36342
1.35481
1.34597
1.33692
1.32766
1.31819
1.3085
1.2986
1.28848
1.27814
1.26758
1.2568
1.24578
1.23453
1.22304
1.2113
1.19931
1.18709
1.17463
1.16195
1.14909
1.13606
1.12292
1.10972
1.09651
1.08339
1.07042
1.05769
1.04528
1.03328
1.02175
1.01076
1.00036
0.990574
0.981405
0.972824
0.964787
0.957185
0.949949
0.942862
0.935938
0.928689
0.921588
0.91339
0.906015
0.895986
0.888695
0.875758
0.868572
0.852548
1.33733
1.32916
1.32075
1.31213
1.30328
1.29422
1.28494
1.27544
1.26572
1.25579
1.24564
1.23526
1.22464
1.2138
1.20271
1.19139
1.17982
1.16801
1.15596
1.1437
1.13125
1.11863
1.10588
1.09307
1.08024
1.06747
1.05484
1.04243
1.03032
1.01859
1.00733
0.996584
0.98642
0.976865
0.967933
0.959603
0.951841
0.94455
0.937671
0.930997
0.924547
0.917841
0.911335
0.903829
0.897162
0.88801
0.881466
0.869616
0.863047
0.848256
1.3068
1.29914
1.29125
1.28313
1.27479
1.26622
1.25743
1.24842
1.23919
1.22974
1.22006
1.21016
1.20003
1.18967
1.17907
1.16823
1.15715
1.14583
1.13428
1.1225
1.11053
1.09839
1.08612
1.07377
1.06139
1.04905
1.03683
1.02481
1.01307
1.0017
0.990757
0.980324
0.970455
0.961186
0.952539
0.944504
0.937057
0.930112
0.92362
0.917389
0.911437
0.905302
0.899417
0.89264
0.886718
0.87851
0.872756
0.862094
0.8562
0.842743
1.27438
1.26728
1.25993
1.25236
1.24456
1.23652
1.22826
1.21977
1.21107
1.20213
1.19298
1.18359
1.17398
1.16414
1.15406
1.14374
1.13318
1.12238
1.11135
1.1001
1.08865
1.07702
1.06526
1.0534
1.04151
1.02965
1.01788
1.0063
0.994971
0.983984
0.973415
0.963332
0.953795
0.944848
0.936517
0.928802
0.921686
0.915095
0.908992
0.903196
0.897727
0.89214
0.886845
0.880767
0.875557
0.868274
0.863281
0.85379
0.848574
0.836423
1.24031
1.2338
1.22704
1.22004
1.21281
1.20534
1.19764
1.18971
1.18156
1.17318
1.16457
1.15574
1.14668
1.13738
1.12785
1.11808
1.10807
1.09782
1.08734
1.07664
1.06574
1.05466
1.04344
1.03212
1.02075
1.00939
0.99812
0.987009
0.976135
0.96558
0.95542
0.945725
0.936557
0.927964
0.919976
0.912602
0.905834
0.899605
0.89389
0.888521
0.883519
0.878456
0.873718
0.868308
0.863775
0.857395
0.853128
0.844794
0.84025
0.82938
1.20486
1.19896
1.1928
1.18641
1.17978
1.1729
1.16579
1.15845
1.15088
1.14308
1.13505
1.1268
1.11831
1.10959
1.10063
1.09143
1.082
1.07233
1.06243
1.05231
1.04199
1.03148
1.02083
1.01007
0.99925
0.988436
0.97769
0.967087
0.956702
0.946614
0.936898
0.927625
0.918859
0.910647
0.903029
0.896015
0.889609
0.883749
0.878422
0.873472
0.868919
0.864355
0.860139
0.855362
0.85147
0.845965
0.842382
0.835189
0.831299
0.821688
1.1683
1.16303
1.15751
1.15174
1.14572
1.13946
1.13296
1.12623
1.11926
1.11206
1.10464
1.09698
1.08909
1.08096
1.0726
1.06401
1.05517
1.0461
1.0368
1.02728
1.01756
1.00765
0.997588
0.987416
0.977178
0.966933
0.956743
0.946678
0.936812
0.927222
0.917982
0.90916
0.900823
0.893019
0.885792
0.879157
0.873124
0.867638
0.862697
0.858158
0.854036
0.849943
0.846212
0.842031
0.83874
0.834084
0.831134
0.825072
0.82181
0.813428
1.13095
1.12632
1.12144
1.1163
1.11092
1.10529
1.09941
1.0933
1.08695
1.08037
1.07356
1.06652
1.05924
1.05173
1.04398
1.036
1.02778
1.01933
1.01064
1.00174
0.992634
0.983343
0.973897
0.964334
0.954698
0.945045
0.935434
0.925933
0.916612
0.907546
0.898807
0.890463
0.882579
0.875205
0.868387
0.862145
0.856495
0.851386
0.846829
0.842689
0.83898
0.835331
0.832045
0.828418
0.825688
0.821847
0.819484
0.814522
0.811861
0.804673
1.09312
1.08914
1.0849
1.0804
1.07565
1.07066
1.06541
1.05993
1.05421
1.04826
1.04207
1.03565
1.029
1.02211
1.01499
1.00763
1.00004
0.992217
0.984164
0.975892
0.967415
0.958755
0.949937
0.940999
0.931983
0.922939
0.913927
0.90501
0.896255
0.887735
0.879518
0.871671
0.86426
0.857333
0.850939
0.845102
0.839841
0.83511
0.830932
0.827179
0.823863
0.820627
0.817746
0.814626
0.81242
0.809355
0.807537
0.803635
0.801542
0.795509
1.05516
1.05182
1.04822
1.04435
1.04024
1.03587
1.03126
1.02641
1.02132
1.01599
1.01043
1.00464
0.998617
0.992359
0.985867
0.979141
0.972181
0.96499
0.957573
0.94994
0.942102
0.934081
0.925902
0.9176
0.909213
0.900793
0.892392
0.884073
0.875899
0.86794
0.860262
0.852928
0.846004
0.839537
0.833578
0.828152
0.823284
0.818929
0.815122
0.811744
0.8088
0.805945
0.803424
0.800761
0.799043
0.796704
0.795396
0.792498
0.790937
0.786011
1.01742
1.0147
1.01172
1.00849
1.00499
1.00125
0.997261
0.993031
0.988563
0.983859
0.978922
0.973754
0.968353
0.962721
0.956857
0.95076
0.944433
0.937876
0.931096
0.924102
0.916905
0.909527
0.90199
0.894327
0.886577
0.878786
0.871005
0.863292
0.855709
0.84832
0.84119
0.834379
0.827951
0.821952
0.816433
0.811421
0.806946
0.802962
0.799517
0.796498
0.793904
0.791395
0.789187
0.786924
0.785664
0.783995
0.783166
0.781216
0.780145
0.776268
0.98027
0.978149
0.975769
0.973133
0.970243
0.967105
0.963721
0.960098
0.956238
0.952144
0.947818
0.943263
0.938477
0.933462
0.928217
0.922742
0.917039
0.911111
0.904962
0.898602
0.892043
0.885303
0.878406
0.871382
0.864267
0.857105
0.849945
0.842841
0.835851
0.829037
0.822458
0.816174
0.810245
0.804715
0.799638
0.795039
0.790952
0.787331
0.784235
0.781556
0.779288
0.77709
0.775143
0.77322
0.772397
0.771323
0.770957
0.769883
0.769256
0.766359
0.944068
0.942512
0.940702
0.938638
0.936324
0.933763
0.930961
0.927921
0.924648
0.921144
0.917411
0.91345
0.909263
0.904848
0.900207
0.89534
0.890248
0.884935
0.879405
0.873668
0.867736
0.861625
0.855359
0.848966
0.842479
0.835941
0.829395
0.822896
0.816495
0.810252
0.804222
0.798462
0.793029
0.787966
0.783325
0.779133
0.775425
0.772154
0.769391
0.767033
0.765065
0.763139
0.761398
0.759755
0.75936
0.758778
0.758908
0.758603
0.758386
0.756375
0.909185
0.908149
0.906869
0.90534
0.903566
0.901551
0.899299
0.896814
0.8941
0.891159
0.887992
0.884602
0.880989
0.877153
0.873094
0.868813
0.864312
0.859594
0.854665
0.849533
0.844209
0.838712
0.83306
0.827283
0.82141
0.815482
0.80954
0.803634
0.797812
0.79213
0.78664
0.781395
0.776449
0.771843
0.767628
0.76383
0.760486
0.75755
0.7551
0.753039
0.751344
0.749651
0.748056
0.746648
0.746685
0.746647
0.747277
0.74746
0.747671
0.746383
0.875973
0.875398
0.874605
0.87357
0.872297
0.870788
0.86905
0.867084
0.864895
0.862483
0.859852
0.857001
0.853932
0.850644
0.847139
0.843417
0.83948
0.835331
0.830977
0.826425
0.821687
0.816779
0.81172
0.806537
0.801258
0.795921
0.790563
0.785231
0.779971
0.774833
0.769867
0.76512
0.760646
0.75648
0.752674
0.749253
0.746255
0.743633
0.741471
0.739681
0.738229
0.736729
0.735223
0.734117
0.734451
0.734878
0.735961
0.736606
0.73722
0.736467
0.844749
0.844564
0.844228
0.843642
0.84283
0.841785
0.840519
0.839032
0.837328
0.835408
0.833273
0.830925
0.828364
0.82559
0.822603
0.819406
0.815999
0.812387
0.808575
0.804573
0.800389
0.796041
0.791546
0.786929
0.782216
0.777442
0.772642
0.76786
0.763136
0.758519
0.754053
0.749782
0.745757
0.74201
0.738591
0.735523
0.732847
0.730512
0.728612
0.727061
0.725821
0.724476
0.723021
0.72222
0.722767
0.723545
0.725012
0.726079
0.727072
0.726721
0.815741
0.81589
0.816045
0.815854
0.815472
0.814838
0.814002
0.812947
0.811683
0.810211
0.808531
0.806643
0.804548
0.802246
0.799737
0.797024
0.794108
0.790994
0.787687
0.784196
0.78053
0.776706
0.772739
0.768652
0.764471
0.760227
0.755952
0.751687
0.747469
0.743341
0.739345
0.735521
0.731916
0.728557
0.725496
0.722752
0.720368
0.718292
0.716619
0.715274
0.714213
0.712989
0.711512
0.711032
0.711719
0.712746
0.714509
0.715938
0.717283
0.717231
0.789523
0.790039
0.790461
0.790481
0.790532
0.790227
0.789782
0.7891
0.788231
0.787159
0.785885
0.784411
0.782735
0.780858
0.778781
0.776506
0.774035
0.771374
0.768527
0.765503
0.762313
0.75897
0.755489
0.751892
0.748201
0.744446
0.740657
0.73687
0.733118
0.729443
0.72588
0.722465
0.719244
0.716239
0.713502
0.711047
0.708918
0.707065
0.705585
0.704404
0.703488
0.702356
0.700904
0.700582
0.701375
0.70256
0.704527
0.70624
0.707895
0.708055
0.766251
0.767081
0.767767
0.768136
0.768361
0.768191
0.768135
0.767739
0.767225
0.766498
0.76558
0.764467
0.763157
0.761653
0.759956
0.758068
0.755991
0.753732
0.751296
0.748691
0.745927
0.743016
0.739973
0.736818
0.733571
0.730259
0.726909
0.723554
0.720224
0.716956
0.713782
0.710734
0.707856
0.705162
0.702708
0.7005
0.698588
0.696918
0.695588
0.69453
0.69372
0.692657
0.691228
0.69095
0.691788
0.693056
0.695137
0.697051
0.698955
0.699249
0.746422
0.747415
0.74826
0.748856
0.749239
0.749235
0.749309
0.749056
0.748906
0.748456
0.747841
0.747031
0.74603
0.744841
0.743466
0.741907
0.740169
0.738257
0.736176
0.733935
0.731542
0.729011
0.726352
0.723586
0.720729
0.717808
0.714844
0.71187
0.708911
0.705999
0.703165
0.700435
0.69785
0.695421
0.693202
0.691195
0.689454
0.687921
0.686699
0.685714
0.684969
0.683955
0.682534
0.682196
0.683016
0.684289
0.686391
0.688425
0.690476
0.690848
0.729986
0.731101
0.73207
0.732817
0.733355
0.733484
0.733546
0.733504
0.733496
0.733228
0.73287
0.732298
0.731541
0.730603
0.729488
0.728197
0.726736
0.72511
0.723325
0.721388
0.719309
0.717097
0.714765
0.712329
0.709804
0.707215
0.704581
0.70193
0.699284
0.696673
0.694123
0.691655
0.68931
0.687091
0.685056
0.683199
0.681579
0.680133
0.678971
0.678009
0.677281
0.676293
0.674886
0.674371
0.675108
0.676303
0.678335
0.680412
0.682492
0.682892
0.717197
0.718349
0.719358
0.720181
0.720822
0.721058
0.721148
0.721176
0.721219
0.720987
0.720844
0.720436
0.719851
0.719094
0.71817
0.717081
0.715832
0.714428
0.712874
0.711179
0.709349
0.707395
0.705325
0.703156
0.700902
0.698582
0.696214
0.693824
0.69143
0.689058
0.68673
0.684464
0.6823
0.680234
0.678326
0.676561
0.675007
0.673596
0.672442
0.67145
0.670688
0.669692
0.668365
0.667475
0.668114
0.669122
0.670998
0.673043
0.675026
0.675399
0.708185
0.709281
0.710244
0.711058
0.711725
0.712028
0.712141
0.712174
0.712207
0.712004
0.711903
0.711571
0.711079
0.710429
0.709624
0.708667
0.707561
0.706311
0.704922
0.703401
0.701753
0.699989
0.698117
0.696148
0.694096
0.691979
0.689811
0.687615
0.685405
0.683206
0.681036
0.678907
0.67686
0.674884
0.673042
0.671311
0.669765
0.66833
0.667129
0.666053
0.665202
0.664156
0.66284
0.661586
0.662064
0.662752
0.664392
0.666343
0.668105
0.668402
0.703044
0.703965
0.70479
0.70551
0.706112
0.706442
0.706568
0.706525
0.706505
0.706311
0.706122
0.705777
0.705296
0.704676
0.703917
0.703019
0.701984
0.700817
0.699523
0.698106
0.696573
0.69493
0.693184
0.691347
0.689427
0.687443
0.685404
0.683332
0.681238
0.679142
0.67706
0.675001
0.673004
0.671052
0.669211
0.667451
0.665852
0.664335
0.66303
0.661815
0.660817
0.659664
0.65834
0.656702
0.656966
0.657164
0.658516
0.660314
0.661742
0.661911
0.701669
0.702361
0.702983
0.703537
0.703992
0.704219
0.704286
0.704195
0.704082
0.703814
0.703486
0.703055
0.702513
0.701853
0.701068
0.70016
0.699127
0.697975
0.696706
0.695325
0.693835
0.692243
0.690554
0.688776
0.686918
0.684993
0.683012
0.68099
0.678938
0.676871
0.674805
0.672742
0.670724
0.668726
0.666817
0.66496
0.663243
0.661583
0.660117
0.658707
0.657507
0.656185
0.654797
0.65283
0.65279
0.652345
0.653383
0.654952
0.655962
0.65595
0.703829
0.704283
0.704671
0.705014
0.705266
0.705341
0.70529
0.705103
0.704807
0.704401
0.703912
0.703334
0.702659
0.701883
0.701
0.700008
0.698906
0.697696
0.696381
0.694965
0.693448
0.691837
0.690132
0.688343
0.686475
0.684539
0.682543
0.6805
0.678419
0.676311
0.674191
0.672057
0.66995
0.667842
0.665803
0.663789
0.661893
0.660026
0.658337
0.656676
0.655219
0.653665
0.652137
0.649981
0.649461
0.648436
0.649064
0.650228
0.650808
0.650516
0.709388
0.709583
0.709687
0.709776
0.709763
0.709634
0.709368
0.70899
0.708501
0.707905
0.707219
0.706446
0.705587
0.704637
0.703591
0.70245
0.701211
0.699878
0.69845
0.69693
0.695319
0.693618
0.69183
0.68996
0.68801
0.685992
0.683909
0.681773
0.67959
0.677368
0.675123
0.672846
0.670581
0.668294
0.666058
0.663823
0.661691
0.659565
0.657604
0.655643
0.653876
0.652026
0.650286
0.647924
0.646969
0.645394
0.645498
0.646091
0.646318
0.645603
0.718104
0.718037
0.717803
0.717536
0.717222
0.716819
0.716305
0.715682
0.71495
0.714114
0.713184
0.712168
0.71107
0.70989
0.708627
0.707279
0.705846
0.704329
0.702727
0.701043
0.699273
0.69742
0.695483
0.693465
0.691368
0.689199
0.686961
0.684663
0.682309
0.679905
0.677465
0.674978
0.672489
0.669958
0.667464
0.664949
0.662522
0.660079
0.657793
0.655483
0.653371
0.651171
0.649151
0.646535
0.645152
0.643223
0.642531
0.642455
0.642536
0.641141
0.729376
0.729029
0.728444
0.727846
0.727209
0.726497
0.72569
0.724782
0.72377
0.722655
0.721447
0.720153
0.71878
0.717331
0.715806
0.714206
0.71253
0.710779
0.708952
0.707049
0.705066
0.703003
0.700859
0.698633
0.696327
0.693945
0.691488
0.688962
0.686373
0.683722
0.681024
0.678265
0.67549
0.672657
0.669848
0.666998
0.664227
0.661418
0.658763
0.656058
0.653563
0.650963
0.648621
0.645692
0.643878
0.641563
0.640463
0.639658
0.639273
0.637123
0.742709
0.742014
0.741071
0.740142
0.739182
0.738152
0.737033
0.735818
0.734502
0.733086
0.731577
0.729982
0.72831
0.726564
0.724748
0.722863
0.720909
0.718886
0.716793
0.714627
0.712384
0.710063
0.70766
0.705174
0.702603
0.699951
0.697218
0.694407
0.691524
0.688568
0.685555
0.682467
0.679353
0.676167
0.672994
0.669764
0.666607
0.66339
0.660334
0.657198
0.654293
0.65125
0.648549
0.645259
0.643019
0.640262
0.638752
0.637198
0.636396
0.633461
0.757198
0.756192
0.754975
0.753765
0.752513
0.75118
0.749756
0.748232
0.746608
0.744884
0.743067
0.741163
0.739182
0.737128
0.735006
0.732817
0.730563
0.728243
0.725853
0.723392
0.720853
0.718233
0.715529
0.712737
0.709854
0.706883
0.703824
0.700678
0.697451
0.69414
0.690763
0.687299
0.683802
0.68022
0.676646
0.672998
0.669425
0.665772
0.66229
0.658697
0.65537
0.651855
0.648775
0.64508
0.642432
0.639184
0.637287
0.634984
0.633796
0.630083
0.771479
0.770237
0.768846
0.767437
0.765956
0.764372
0.762682
0.760885
0.758979
0.75697
0.754865
0.752672
0.750398
0.748051
0.745635
0.743151
0.7406
0.737981
0.735289
0.732522
0.729672
0.726737
0.723709
0.720588
0.717368
0.714052
0.710639
0.707131
0.703534
0.699842
0.69608
0.692221
0.688324
0.684332
0.680349
0.676278
0.672291
0.668201
0.664304
0.66026
0.656528
0.652547
0.649099
0.644988
0.641975
0.638223
0.635989
0.63298
0.631446
0.626994
0.784483
0.783179
0.781724
0.780199
0.778561
0.776789
0.774891
0.772868
0.770725
0.768472
0.766117
0.763669
0.761137
0.758526
0.755843
0.753086
0.750257
0.747353
0.74437
0.741302
0.738144
0.734892
0.731539
0.728083
0.72452
0.720853
0.717081
0.713206
0.709236
0.705165
0.701019
0.69677
0.692483
0.688094
0.683719
0.679243
0.674866
0.670365
0.666085
0.661619
0.657521
0.653105
0.649324
0.644813
0.64149
0.637257
0.634736
0.631093
0.629261
0.624157
0.796201
0.794899
0.79344
0.79187
0.790143
0.788247
0.786197
0.784
0.781667
0.779211
0.776645
0.773978
0.77122
0.768376
0.765451
0.762443
0.759353
0.756176
0.75291
0.749547
0.746082
0.742511
0.738829
0.735035
0.731125
0.727103
0.72297
0.718727
0.714387
0.709939
0.705417
0.700788
0.696125
0.691354
0.686608
0.681751
0.677013
0.672129
0.667501
0.662646
0.65822
0.653402
0.649327
0.644438
0.640854
0.63617
0.633406
0.629192
0.627097
0.621401
0.806292
0.805102
0.803703
0.802155
0.800407
0.798451
0.796307
0.79399
0.791517
0.788905
0.786169
0.783321
0.780371
0.777324
0.774182
0.770945
0.76761
0.764174
0.760633
0.75698
0.753211
0.749325
0.745316
0.741185
0.736931
0.732558
0.72807
0.723468
0.718768
0.713958
0.709079
0.704089
0.699076
0.69395
0.688865
0.683658
0.678597
0.673367
0.668433
0.663227
0.658521
0.653346
0.649022
0.643789
0.639993
0.634902
0.631939
0.627226
0.624906
0.618707
0.814625
0.813622
0.812331
0.810875
0.809174
0.807222
0.805043
0.802659
0.800094
0.797369
0.794505
0.791513
0.788403
0.785179
0.781844
0.778394
0.774829
0.771143
0.767334
0.763397
0.75933
0.755132
0.750801
0.746339
0.74175
0.737036
0.732207
0.727263
0.722224
0.717076
0.711865
0.706546
0.701215
0.69577
0.690386
0.68487
0.67953
0.673998
0.668808
0.663303
0.658367
0.652884
0.648361
0.642827
0.63887
0.633425
0.630307
0.625168
0.62266
0.61603
0.820999
0.820276
0.819234
0.817953
0.816369
0.814478
0.812317
0.809914
0.807301
0.804506
0.801549
0.798445
0.795201
0.791821
0.788308
0.784658
0.78087
0.776941
0.772869
0.768652
0.76429
0.759786
0.755142
0.750361
0.74545
0.740414
0.735265
0.730003
0.724653
0.719199
0.713692
0.70808
0.702472
0.69675
0.691113
0.685338
0.67977
0.673991
0.668597
0.662844
0.657731
0.651997
0.647325
0.641544
0.637476
0.63174
0.628511
0.623025
0.620371
0.613408
0.825364
0.82512
0.824441
0.823402
0.821991
0.820211
0.818111
0.815731
0.813109
0.810277
0.807257
0.804062
0.800702
0.797179
0.793496
0.789649
0.785641
0.781469
0.777136
0.772642
0.767992
0.763191
0.758245
0.753162
0.747949
0.742614
0.737173
0.731624
0.725999
0.720275
0.714515
0.708656
0.702822
0.696873
0.691036
0.685053
0.679313
0.673339
0.667798
0.661856
0.656622
0.650697
0.64593
0.639961
0.635831
0.629871
0.626578
0.620825
0.618065
0.61085
0.827677
0.82792
0.827901
0.827287
0.826093
0.824461
0.822457
0.820133
0.817532
0.814687
0.811623
0.808351
0.80488
0.801215
0.79736
0.793313
0.789081
0.784664
0.78007
0.775303
0.770372
0.765287
0.760057
0.754691
0.749202
0.7436
0.737902
0.732106
0.726249
0.720303
0.714338
0.708281
0.702272
0.69615
0.690169
0.684034
0.678179
0.672071
0.66644
0.660372
0.655071
0.649022
0.644211
0.638122
0.633978
0.62787
0.624557
0.618626
0.615805
0.608447
0.828514
0.829298
0.829785
0.829592
0.828756
0.827298
0.825416
0.823172
0.820612
0.817768
0.814665
0.811315
0.807729
0.803912
0.799874
0.795617
0.791153
0.786487
0.781633
0.776599
0.771398
0.766046
0.760554
0.754935
0.749204
0.743371
0.737459
0.731461
0.725419
0.719301
0.713184
0.706985
0.700857
0.69462
0.688554
0.682328
0.676418
0.670237
0.664575
0.658446
0.653135
0.647033
0.64223
0.636095
0.631982
0.625809
0.62252
0.616506
0.613667
0.606255
0.827952
0.829358
0.830178
0.830486
0.829983
0.828805
0.827065
0.824917
0.822405
0.819562
0.816411
0.812968
0.809248
0.805261
0.801021
0.79654
0.791835
0.786917
0.781806
0.776516
0.771063
0.765468
0.759743
0.753906
0.747973
0.741955
0.735875
0.729726
0.723553
0.71732
0.711108
0.704825
0.69864
0.692347
0.686258
0.680003
0.674098
0.667911
0.662278
0.656156
0.65089
0.644811
0.640066
0.633966
0.629928
0.623783
0.620563
0.614568
0.611761
0.604413
0.826127
0.828241
0.829461
0.830215
0.829933
0.82905
0.827489
0.825441
0.822969
0.820109
0.816886
0.813322
0.809437
0.805252
0.800792
0.796073
0.791119
0.785951
0.780592
0.775062
0.769381
0.763573
0.757654
0.751641
0.745553
0.7394
0.733207
0.726963
0.720718
0.714428
0.708183
0.701878
0.695697
0.689414
0.683364
0.677145
0.67131
0.665183
0.659639
0.653597
0.648433
0.642456
0.63782
0.631847
0.627926
0.621912
0.618803
0.612939
0.610215
0.603032
0.823083
0.825975
0.827673
0.828907
0.828802
0.828149
0.826796
0.824822
0.822362
0.819449
0.816112
0.812386
0.8083
0.803888
0.79918
0.794207
0.789001
0.783589
0.777999
0.772255
0.76638
0.760401
0.754333
0.748196
0.742008
0.735777
0.72953
0.723252
0.716998
0.710715
0.704501
0.69824
0.692129
0.68592
0.679975
0.67386
0.668158
0.662162
0.656769
0.650883
0.645879
0.640092
0.635614
0.62987
0.626106
0.620338
0.617383
0.611769
0.609192
0.602312
0.81899
0.822691
0.824881
0.826598
0.826652
0.826166
0.825024
0.823099
0.820605
0.817582
0.814074
0.810133
0.805802
0.80113
0.79616
0.790931
0.785483
0.779848
0.774056
0.768136
0.762112
0.756012
0.74985
0.743647
0.737418
0.731173
0.724937
0.718691
0.712494
0.706285
0.700169
0.69402
0.688045
0.68198
0.676207
0.670267
0.664764
0.658975
0.653796
0.648149
0.643365
0.637863
0.633595
0.628189
0.624626
0.619227
0.616481
0.611243
0.608885
0.602433
0.813949
0.818499
0.821199
0.823415
0.823612
0.823193
0.822199
0.82028
0.817682
0.814478
0.810737
0.80653
0.801918
0.796968
0.791729
0.786254
0.780584
0.774757
0.768806
0.762758
0.756639
0.750479
0.744285
0.738081
0.731879
0.72569
0.719534
0.71339
0.707321
0.701257
0.695309
0.689343
0.683576
0.677727
0.672195
0.666506
0.661271
0.655769
0.65087
0.645552
0.641052
0.635935
0.631937
0.626985
0.623677
0.618781
0.616305
0.611582
0.609535
0.603673
0.808033
0.813476
0.816715
0.819411
0.819705
0.819299
0.818367
0.816368
0.813572
0.810103
0.806058
0.801538
0.796618
0.791381
0.785884
0.780186
0.774333
0.768362
0.762305
0.756191
0.750043
0.743891
0.737736
0.731605
0.725504
0.719444
0.713442
0.707475
0.701608
0.695763
0.690059
0.684351
0.678865
0.67331
0.668094
0.662736
0.657842
0.652713
0.648169
0.643273
0.639132
0.634506
0.630851
0.626475
0.623489
0.619237
0.617111
0.613056
0.611427
0.606309
0.801294
0.807684
0.811503
0.814616
0.814933
0.814501
0.813518
0.811307
0.8082
0.804378
0.79997
0.795103
0.789865
0.784353
0.778627
0.772751
0.766769
0.760716
0.754625
0.748517
0.742418
0.736352
0.730316
0.724337
0.718416
0.712566
0.706799
0.701088
0.695502
0.689956
0.684574
0.679206
0.674081
0.668902
0.664081
0.659142
0.654669
0.650007
0.645899
0.641528
0.637831
0.633809
0.630582
0.626912
0.624334
0.620881
0.619201
0.615984
0.61491
0.610717
0.793756
0.801168
0.805619
0.809016
0.809263
0.808763
0.807582
0.80499
0.801457
0.797204
0.792389
0.787165
0.781624
0.775875
0.769975
0.763986
0.75795
0.751895
0.745851
0.739836
0.733873
0.727981
0.722151
0.716413
0.710759
0.705206
0.699758
0.69439
0.68917
0.684011
0.679035
0.674095
0.669416
0.664704
0.660364
0.655941
0.651979
0.647884
0.644306
0.640573
0.637417
0.634116
0.631429
0.628596
0.626538
0.624044
0.622935
0.620742
0.620389
0.617248
0.785426
0.793962
0.799088
0.802529
0.802627
0.801988
0.800403
0.797258
0.793195
0.788457
0.783225
0.777666
0.771872
0.765953
0.759956
0.753944
0.747947
0.741986
0.736089
0.730265
0.724537
0.718917
0.713389
0.707987
0.702695
0.697534
0.692498
0.687567
0.682806
0.678128
0.673653
0.669237
0.6651
0.660955
0.657191
0.65339
0.650039
0.646623
0.643681
0.640704
0.638204
0.635755
0.633739
0.631875
0.630481
0.629109
0.628725
0.62776
0.628331
0.62633
0.776288
0.786089
0.791878
0.79497
0.794927
0.793993
0.791733
0.787907
0.783244
0.77801
0.772393
0.766562
0.760598
0.754607
0.748624
0.7427
0.736853
0.731101
0.725463
0.719942
0.71456
0.70932
0.7042
0.699239
0.694414
0.689751
0.68523
0.680839
0.676638
0.672548
0.668676
0.664891
0.661399
0.657933
0.654852
0.651795
0.649165
0.646547
0.644362
0.642275
0.640561
0.639096
0.63791
0.637141
0.636595
0.636495
0.637048
0.637315
0.639212
0.638435
0.766312
0.777547
0.783849
0.78632
0.786015
0.784494
0.781263
0.77669
0.771417
0.765733
0.759817
0.753824
0.747816
0.741885
0.73605
0.730349
0.724787
0.719373
0.714124
0.709032
0.704118
0.699379
0.694786
0.690387
0.686144
0.682096
0.678205
0.674468
0.670943
0.667556
0.664403
0.66137
0.658638
0.655974
0.653697
0.65151
0.64972
0.648033
0.646741
0.645682
0.644898
0.644557
0.64438
0.644814
0.645346
0.646484
0.648448
0.649815
0.653451
0.65418
0.755449
0.768281
0.774724
0.77626
0.775508
0.773037
0.768671
0.763345
0.757531
0.751514
0.745446
0.739451
0.733563
0.727858
0.722338
0.71702
0.711895
0.706969
0.702255
0.697735
0.693431
0.689329
0.685397
0.681692
0.678163
0.674862
0.671727
0.668772
0.666051
0.663497
0.66119
0.65904
0.657192
0.65546
0.654115
0.652938
0.652114
0.651499
0.651245
0.651352
0.651647
0.652571
0.653474
0.655382
0.657169
0.659652
0.663288
0.665789
0.671402
0.673993
0.743592
0.758109
0.764006
0.764376
0.76288
0.759034
0.753607
0.747605
0.741415
0.735264
0.729257
0.723468
0.717913
0.712633
0.707629
0.702871
0.698362
0.694099
0.69009
0.686306
0.68277
0.679457
0.676338
0.673479
0.670811
0.668403
0.666161
0.664129
0.662353
0.660771
0.659448
0.658314
0.657475
0.656815
0.656538
0.656508
0.656771
0.65737
0.658264
0.659688
0.661168
0.663569
0.66569
0.669152
0.672427
0.676317
0.68189
0.685573
0.693338
0.698121
0.730601
0.746595
0.750876
0.750203
0.747341
0.741928
0.735661
0.729218
0.722929
0.71693
0.711262
0.705945
0.700979
0.696361
0.692107
0.688119
0.684433
0.681037
0.677927
0.675066
0.672475
0.670121
0.667984
0.66614
0.664494
0.663135
0.661927
0.660967
0.660283
0.65981
0.659602
0.659616
0.659905
0.660451
0.661369
0.662572
0.664095
0.666007
0.668163
0.671006
0.673798
0.677757
0.681267
0.686318
0.691285
0.696596
0.704347
0.709226
0.719281
0.726498
0.71621
0.732805
0.734715
0.732717
0.727862
0.721225
0.71445
0.707954
0.701964
0.696499
0.691514
0.68699
0.682922
0.679253
0.676025
0.673048
0.670425
0.668129
0.666137
0.664408
0.662944
0.661733
0.660762
0.66011
0.659648
0.65949
0.659448
0.6597
0.66024
0.660999
0.662021
0.663285
0.664844
0.666657
0.66886
0.67138
0.674237
0.677538
0.681042
0.685356
0.689547
0.69509
0.700112
0.706737
0.713542
0.720237
0.730346
0.736382
0.748849
0.758699
0.699801
0.715041
0.714384
0.710269
0.703579
0.696295
0.689599
0.683614
0.678437
0.673993
0.670111
0.666776
0.663973
0.661589
0.659705
0.657998
0.656711
0.655771
0.655131
0.654748
0.654564
0.654683
0.655061
0.655763
0.656619
0.657778
0.659062
0.660608
0.662427
0.66448
0.666793
0.669355
0.672224
0.675345
0.678866
0.682725
0.686928
0.691625
0.696496
0.702266
0.707881
0.714959
0.721541
0.729669
0.738362
0.746365
0.758905
0.766016
0.780969
0.793632
0.679827
0.691145
0.688076
0.680918
0.673539
0.666492
0.660715
0.655995
0.652279
0.649463
0.647179
0.645495
0.644381
0.643656
0.643446
0.643253
0.643587
0.644251
0.645165
0.646291
0.64766
0.649229
0.651
0.653077
0.655303
0.657809
0.660434
0.663286
0.666382
0.669706
0.673278
0.677094
0.681219
0.685596
0.690374
0.695501
0.700974
0.706978
0.713148
0.720264
0.727241
0.735719
0.74381
0.753307
0.763806
0.773032
0.787877
0.796009
0.813387
0.829166
0.652691
0.65756
0.652003
0.643012
0.636544
0.63106
0.627299
0.624792
0.623339
0.622839
0.622657
0.623115
0.624111
0.625382
0.627083
0.628781
0.630828
0.633149
0.635681
0.638356
0.641241
0.644249
0.647383
0.650764
0.654265
0.657999
0.661827
0.665843
0.670064
0.674494
0.679152
0.684045
0.689245
0.6947
0.700553
0.70676
0.713312
0.720416
0.727703
0.735946
0.744113
0.753751
0.763168
0.77383
0.785858
0.796256
0.812924
0.822241
0.841517
0.861179
0.609798
0.6088
0.601632
0.594511
0.591181
0.589065
0.588625
0.589309
0.59092
0.593295
0.595796
0.59864
0.601817
0.605136
0.608726
0.612235
0.615902
0.619721
0.623659
0.627648
0.631765
0.635929
0.640138
0.644516
0.648969
0.653601
0.658298
0.663147
0.668163
0.673366
0.678779
0.684417
0.690354
0.696552
0.703142
0.710085
0.717379
0.725231
0.733308
0.742314
0.751343
0.761765
0.772141
0.783676
0.796665
0.808292
0.82566
0.837145
0.856206
0.881753
0.530964
0.539489
0.538967
0.539548
0.542018
0.545074
0.549037
0.553508
0.558265
0.563349
0.5683
0.573249
0.578234
0.583173
0.588172
0.592995
0.597794
0.602599
0.607421
0.612213
0.617048
0.621874
0.626699
0.631619
0.636592
0.641697
0.646871
0.652177
0.657642
0.663283
0.669142
0.67523
0.6816
0.68825
0.695302
0.702736
0.71056
0.718943
0.72764
0.737205
0.746948
0.757984
0.769118
0.781567
0.794947
0.808641
0.824919
0.842006
0.856216
0.892791
0.506351
0.608757
0.658067
0.676239
0.692131
0.706604
0.718369
0.728821
0.738658
0.747987
0.756759
0.765108
0.773133
0.780906
0.788556
0.796017
0.803389
0.810713
0.818058
0.825409
0.832853
0.840364
0.847997
0.85578
0.863771
0.871986
0.880472
0.889226
0.898341
0.907807
0.917723
0.92809
0.938961
0.950344
0.962338
0.975009
0.988407
1.00267
1.01765
1.03381
1.05058
1.06915
1.08789
1.10973
1.13008
1.1582
1.17673
1.22225
1.22382
1.31087
)
;

boundaryField
{
    inlet
    {
        type            fixedValue;
        value           uniform 0.375;
    }
    outlet
    {
        type            zeroGradient;
    }
    upperWall
    {
        type            kqRWallFunction;
        value           nonuniform List<scalar> 
446
(
0.588662
1.20703
1.71195
2.04679
2.22404
2.30356
2.30186
2.28019
2.23993
2.18626
2.13293
2.08259
2.03643
1.99481
1.95762
1.92457
1.89523
1.86919
1.84603
1.82539
1.80693
1.79036
1.77542
1.7619
1.74959
1.73834
1.72799
1.71842
1.70954
1.70123
1.69344
1.68608
1.67913
1.67249
1.66617
1.66009
1.6552
1.65139
1.64765
1.64398
1.64036
1.6368
1.63329
1.62982
1.6264
1.62304
1.61971
1.61644
1.61321
1.61003
1.60689
1.60379
1.60074
1.59772
1.59475
1.59182
1.58893
1.58608
1.58327
1.5805
1.57777
1.57507
1.57242
1.5698
1.56723
1.56469
1.5622
1.55974
1.55733
1.55496
1.55263
1.55034
1.54809
1.54589
1.54373
1.5416
1.53952
1.53749
1.53549
1.53353
1.53162
1.52974
1.5279
1.5261
1.52434
1.52262
1.52093
1.51929
1.51767
1.51609
1.51455
1.51304
1.51157
1.51013
1.50872
1.50735
1.50601
1.50471
1.50346
1.50225
1.50107
1.49993
1.49882
1.49774
1.49668
1.49566
1.49466
1.49368
1.49273
1.4918
1.4909
1.49002
1.48916
1.48833
1.48752
1.48673
1.48597
1.48523
1.48451
1.48382
1.48314
1.48249
1.48185
1.48125
1.48065
1.48008
1.47954
1.47902
1.47851
1.478
1.47754
1.47706
1.47662
1.47616
1.47574
1.47532
1.47491
1.47454
1.47418
1.47384
1.47351
1.47319
1.47288
1.47257
1.4723
1.47198
1.47188
1.47113
1.47063
1.47039
1.47052
1.46997
1.47002
1.46975
1.47
1.46956
1.46946
1.4694
1.46971
1.4694
1.46939
1.46971
1.46946
1.46946
1.46947
1.46952
1.46956
1.46966
1.47001
1.4698
1.4698
1.46998
1.46945
1.46933
1.4695
1.46904
1.46888
1.46894
1.46888
1.46851
1.46791
1.46721
1.46649
1.46572
1.46477
1.46373
1.4625
1.46123
1.45983
1.45838
1.4567
1.45492
1.45305
1.45103
1.44882
1.4465
1.44402
1.4414
1.43868
1.43572
1.43262
1.42936
1.42597
1.42246
1.41884
1.41495
1.41095
1.40676
1.40242
1.39783
1.39316
1.38821
1.38312
1.37791
1.37242
1.36675
1.36087
1.35482
1.34856
1.34213
1.33543
1.3285
1.32142
1.31409
1.30655
1.2987
1.29052
1.28204
1.27326
1.2642
1.25484
1.24523
1.23529
1.22506
1.21453
1.20369
1.19259
1.18126
1.16971
1.15795
1.146
1.13388
1.1215
1.10886
1.09598
1.08287
1.06956
1.05608
1.04245
1.02867
1.01476
1.00074
0.986672
0.972541
0.958367
0.94417
0.929939
0.915699
0.901476
0.887285
0.873146
0.85907
0.845074
0.831174
0.817398
0.803757
0.790269
0.776937
0.763784
0.750815
0.738057
0.725513
0.713206
0.70113
0.689298
0.677718
0.666412
0.65537
0.644597
0.634099
0.623894
0.613955
0.604293
0.594931
0.585877
0.57712
0.568648
0.560472
0.552594
0.545013
0.53773
0.530746
0.52406
0.517666
0.511571
0.50577
0.500256
0.495022
0.490066
0.48538
0.480967
0.476833
0.472979
0.469405
0.466101
0.46306
0.460277
0.457752
0.455485
0.453482
0.451737
0.450251
0.449012
0.44802
0.447266
0.446736
0.446468
0.446377
0.44645
0.446774
0.447305
0.448034
0.449054
0.450094
0.451303
0.452697
0.454276
0.456017
0.457979
0.460145
0.462326
0.464598
0.467006
0.469552
0.472222
0.475018
0.477903
0.480927
0.483952
0.487191
0.490494
0.493824
0.497192
0.500601
0.504062
0.507568
0.511116
0.514695
0.518291
0.521905
0.525515
0.529122
0.532695
0.536301
0.539825
0.543355
0.546862
0.550291
0.553631
0.556865
0.560023
0.563086
0.566073
0.568992
0.571832
0.574541
0.577135
0.579601
0.581884
0.584021
0.58597
0.58777
0.589394
0.590818
0.592077
0.593116
0.593943
0.594497
0.594838
0.59488
0.594632
0.594099
0.593192
0.591937
0.590188
0.588091
0.585299
0.582047
0.577819
0.572695
0.566565
0.55806
0.549536
0.530865
0.523012
0.454187
0.506351
0.608757
0.658067
0.676239
0.692131
0.706604
0.718369
0.728821
0.738658
0.747987
0.756759
0.765108
0.773133
0.780906
0.788556
0.796017
0.803389
0.810713
0.818058
0.825409
0.832853
0.840364
0.847997
0.85578
0.863771
0.871986
0.880472
0.889226
0.898341
0.907807
0.917723
0.92809
0.938961
0.950344
0.962338
0.975009
0.988407
1.00267
1.01765
1.03381
1.05058
1.06915
1.08789
1.10973
1.13008
1.1582
1.17673
1.22225
1.22382
1.31087
)
;
    }
    lowerWall
    {
        type            kqRWallFunction;
        value           nonuniform List<scalar> 
500
(
0.810427
2.04883
2.71546
2.94202
2.92388
2.85394
2.72739
2.60769
2.50268
2.4142
2.34036
2.27918
2.22759
2.1842
2.14647
2.11394
2.08459
2.05864
2.03454
2.01269
1.99221
1.97333
1.95542
1.93893
1.92328
1.90893
1.89535
1.88301
1.87138
1.86096
1.85115
1.84276
1.83454
1.82873
1.8219
1.81805
0.00635757
0.0112837
0.0146168
0.0217792
0.0308716
0.0409875
0.0516663
0.0623444
0.0725165
0.0818353
0.0901129
0.0972704
0.103277
0.108204
0.112232
0.115412
0.117808
0.119488
0.120413
0.120702
0.120401
0.119518
0.118107
0.116451
0.11681
0.119245
0.12136
0.122856
0.123713
0.123965
0.123688
0.122768
0.121122
0.119025
0.116605
0.11398
0.111254
0.108519
0.105841
0.103299
0.10095
0.0988318
0.0969923
0.0954781
0.0943405
0.0936316
0.0935249
0.0938892
0.0951116
0.0969781
0.101321
0.103613
0.159269
0.486839
0.00635757
0.00968338
0.0135765
0.0178701
0.0222833
0.0266666
0.0308706
0.0348233
0.0384927
0.0418647
0.044929
0.0476943
0.0501684
0.0523705
0.0543142
0.0560203
0.0575015
0.0587873
0.0598855
0.0608114
0.0615756
0.0621948
0.0626737
0.0630549
0.063374
0.0636345
0.0638617
0.0640997
0.0643966
0.0648137
0.0653996
0.0661996
0.0672457
0.0685599
0.0701468
0.0720001
0.0740965
0.0764073
0.0788935
0.0815181
0.0842383
0.0870223
0.0898329
0.0926497
0.0954444
0.0982114
0.100936
0.103642
0.106377
0.109346
0.112935
0.117371
0.122319
0.127569
0.133016
0.138668
0.144512
0.150581
0.156868
0.163389
0.170135
0.177109
0.184299
0.191699
0.199297
0.207082
0.215035
0.223121
0.231326
0.23962
0.247995
0.256427
0.264909
0.273412
0.281928
0.290432
0.298913
0.307354
0.315749
0.324089
0.332367
0.340581
0.348723
0.356793
0.364788
0.372709
0.380553
0.388321
0.396013
0.40363
0.411173
0.418644
0.426044
0.433376
0.440642
0.447843
0.454982
0.462062
0.469085
0.476054
0.48297
0.489837
0.496656
0.503432
0.510164
0.51686
0.523515
0.530141
0.536731
0.543299
0.549838
0.556362
0.562868
0.569369
0.575865
0.582373
0.588897
0.59546
0.602074
0.608771
0.615579
0.622544
0.629714
0.637001
0.644288
0.651615
0.658977
0.666379
0.673821
0.681311
0.688842
0.696428
0.704057
0.711745
0.719478
0.727275
0.735117
0.743026
0.750983
0.759008
0.767081
0.775224
0.783415
0.791678
0.799985
0.808364
0.816787
0.825281
0.833815
0.842418
0.851056
0.85976
0.868495
0.877292
0.886113
0.894993
0.903889
0.912837
0.921792
0.930793
0.939788
0.948823
0.957845
0.9669
0.975929
0.984984
0.994
1.00303
1.01202
1.021
1.02993
1.03885
1.04771
1.05651
1.06523
1.07389
1.08245
1.09091
1.09927
1.10752
1.11564
1.12362
1.13145
1.13913
1.14663
1.15395
1.16108
1.168
1.1747
1.18118
1.18744
1.19346
1.19925
1.20483
1.21022
1.21545
1.22048
1.22528
1.22986
1.2342
1.2383
1.24214
1.2457
1.24895
1.25185
1.25433
1.25604
1.2583
1.26022
1.26222
1.26291
1.2653
1.26526
1.26535
1.26586
1.26661
1.26531
1.26429
1.26261
1.26062
1.25818
1.25531
1.25199
1.24822
1.24403
1.23946
1.23447
1.22898
1.22306
1.2165
1.20945
1.20188
1.19381
1.18523
1.17614
1.16654
1.15643
1.14581
1.13469
1.12307
1.11096
1.09838
1.08532
1.07182
1.05787
1.0435
1.02869
1.01344
0.997745
0.981716
0.965449
0.948895
0.932104
0.91511
0.897967
0.880394
0.862493
0.844574
0.826623
0.808687
0.790804
0.773005
0.75533
0.737809
0.720497
0.703688
0.68736
0.67576
0.666895
0.658531
0.650307
0.642172
0.634127
0.626185
0.61836
0.610656
0.603098
0.595655
0.58841
0.581264
0.574124
0.566985
0.55997
0.553113
0.546428
0.53994
0.533644
0.527537
0.521601
0.515771
0.510039
0.50442
0.498935
0.493595
0.488403
0.483358
0.478456
0.473696
0.469068
0.464556
0.460154
0.455858
0.451673
0.447598
0.443635
0.439781
0.436038
0.432403
0.428877
0.425452
0.422127
0.418894
0.415753
0.412699
0.409732
0.40685
0.40405
0.401331
0.39869
0.396126
0.393636
0.391218
0.388851
0.386532
0.384267
0.382055
0.379896
0.377793
0.375748
0.373761
0.371831
0.369958
0.368141
0.366379
0.36467
0.363013
0.361407
0.359849
0.358339
0.356874
0.355452
0.35407
0.352726
0.351416
0.350136
0.348877
0.347642
0.346405
0.345186
0.343922
0.34267
0.341308
0.339894
0.338296
0.336563
0.334343
0.332158
0.327693
0.32625
0.3081
0.313621
0.320522
0.333367
0.34439
0.353171
0.360542
0.367041
0.372908
0.37835
0.383551
0.388652
0.39373
0.398863
0.404082
0.409447
0.414971
0.420692
0.426636
0.432797
0.439242
0.445928
0.452931
0.460225
0.467831
0.475806
0.484077
0.492783
0.501824
0.511258
0.5211
0.531392
0.542142
0.553369
0.565144
0.577411
0.590341
0.603742
0.617979
0.632644
0.648397
0.664444
0.682013
0.699671
0.71953
0.738675
0.762353
0.781735
0.813384
0.83078
0.877206
)
;
    }
    frontAndBack
    {
        type            empty;
    }
}


// ************************************************************************* //
