/*--------------------------------*- C++ -*----------------------------------*\
| =========                 |                                                 |
| \\      /  F ield         | OpenFOAM: The Open Source CFD Toolbox           |
|  \\    /   O peration     | Version:  2506                                  |
|   \\  /    A nd           | Website:  www.openfoam.com                      |
|    \\/     M anipulation  |                                                 |
\*---------------------------------------------------------------------------*/
FoamFile
{
    version     2.0;
    format      ascii;
    arch        "LSB;label=32;scalar=64";
    class       volScalarField;
    location    "100";
    object      epsilon;
}
// * * * * * * * * * * * * * * * * * * * * * * * * * * * * * * * * * * * * * //

dimensions      [0 2 -3 0 0 0 0];

internalField   nonuniform List<scalar> 
48900
(
3748.46
14615
22449.4
25291.2
25078.8
24162.3
22582.5
21114.4
19852.9
18808.3
17949.7
17247.9
16662.2
16174
15752.3
15391.1
15066.7
14781.1
14516.6
14277.3
14053.6
13847.4
13652
13471.9
13300.7
13143.4
12993.8
12857
12727.3
12609.5
12497.4
12399.2
12301
12227.5
12138.6
12086.3
409.265
1557.47
2996.98
3848.38
4229.71
4405.64
4447.61
4462.22
4486.81
4524.35
4582.27
4660.06
4733.64
4814.6
4877.57
4939.95
4977.62
5011.61
5023.05
5025.67
5019.56
5004.49
4978.35
4952.61
4918.99
4888.37
4852.35
4820.42
4785.04
4753.64
4720.09
4689.64
4658.36
4626.62
4595.08
4586.9
141.83
217.876
449.69
656.451
795.911
881.944
920.365
942.401
952.274
969.129
990.844
1024.27
1061.98
1115.69
1170.8
1239.76
1306.9
1384.47
1457.82
1537.33
1610.52
1687.75
1755.36
1826.08
1885.12
1947.23
1996.1
2048.95
2087.19
2131.19
2159.19
2195.13
2213.94
2242.23
2252.46
2273.25
74.007
71.3851
107.437
158.2
204.74
244.51
271.657
291.426
302.682
311.119
315.967
322.025
326.454
334.763
342.637
355.571
368.536
387.036
404.833
428.999
451.513
480.953
507.355
541.232
570.473
607.823
638.627
678.457
709.375
750.731
780.248
822.27
848.714
890.744
911.841
953.113
42.7655
38.1131
44.7135
60.0882
76.5879
92.92
106.368
117.938
126.493
133.68
138.46
142.89
145.502
148.612
150.434
153.45
155.462
159.233
161.944
166.954
170.735
177.343
182.334
190.809
196.971
207.425
214.683
227.158
235.388
249.846
258.799
275.065
284.425
302.152
311.355
330.693
26.0471
24.9625
26.9164
32.9756
40.0771
47.5415
54.2509
60.4864
65.6612
70.3766
74.0124
77.3934
79.8009
82.2021
83.767
85.589
86.6762
88.2653
89.1583
90.755
91.6658
93.4536
94.5353
96.6608
97.9809
100.569
102.16
105.281
107.167
110.861
113.046
117.316
119.777
124.565
127.226
132.9
18.9103
19.0838
20.1323
22.9716
26.5491
30.4154
34.0628
37.5895
40.7064
43.6638
46.1489
48.5005
50.3789
52.1942
53.5652
54.9645
55.956
57.0723
57.8078
58.754
59.3323
60.2025
60.7008
61.5712
62.0504
62.9718
63.4837
64.4894
65.0596
66.1788
66.8194
68.072
68.7889
70.1658
70.9767
72.6942
16.2037
16.479
17.1581
18.5666
20.5322
22.7048
24.8281
26.9363
28.8805
30.7681
32.4433
34.0493
35.4243
36.7448
37.8376
38.9058
39.7586
40.6234
41.2864
41.9982
42.5182
43.1222
43.5405
44.0747
44.4264
44.9201
45.2341
45.714
46.0094
46.4948
46.7847
47.288
47.5822
48.1036
48.4258
49.0823
15.2477
15.3817
15.792
16.4582
17.5601
18.8203
20.0982
21.4005
22.6452
23.8759
25.012
26.1134
27.101
28.0505
28.8823
29.6838
30.3709
31.0407
31.6024
32.1617
32.6197
33.09
33.4653
33.8664
34.1781
34.5276
34.7913
35.1054
35.3338
35.6258
35.8277
36.1081
36.2896
36.5636
36.7397
37.0677
14.9312
14.9537
15.1575
15.431
16.0229
16.7436
17.5101
18.3177
19.1181
19.9262
20.6973
21.4544
22.1569
22.8362
23.4546
24.0491
24.5821
25.0947
25.5482
25.9866
26.3696
26.7437
27.0664
27.3863
27.6587
27.9346
28.1652
28.4068
28.6029
28.8192
28.9859
29.1854
29.3252
29.5151
29.6351
29.8534
14.8392
14.8127
14.8589
14.9432
15.2251
15.6122
16.0531
16.5398
17.0435
17.5664
18.0821
18.5972
19.0893
19.5702
20.0207
20.4559
20.8583
21.2447
21.5984
21.9374
22.2451
22.5403
22.8063
23.0626
23.2916
23.5146
23.7113
23.9066
24.0748
24.2484
24.3907
24.549
24.6655
24.8157
24.9089
25.079
14.8192
14.7432
14.7238
14.7304
14.8199
15.0027
15.234
15.5072
15.8071
16.1313
16.4635
16.8037
17.1385
17.4707
17.7901
18.1017
18.3968
18.6819
18.9492
19.2058
19.4446
19.6731
19.8843
20.0864
20.272
20.4504
20.6125
20.7703
20.9108
21.0518
21.1716
21.3005
21.3986
21.5218
21.5974
21.7376
14.8148
14.7276
14.6653
14.6276
14.6337
14.6854
14.785
14.9166
15.0767
15.2609
15.4601
15.672
15.8879
16.1072
16.3238
16.5386
16.7467
16.9499
17.1444
17.3325
17.511
17.6825
17.844
17.9989
18.1437
18.2827
18.4114
18.5361
18.6494
18.7619
18.8599
18.9634
19.0444
19.1446
19.2051
19.3222
14.8134
14.7257
14.6483
14.5848
14.5448
14.5348
14.5499
14.589
14.6568
14.7435
14.8472
14.9653
15.0917
15.2251
15.3615
15.5002
15.6381
15.7751
15.909
16.0403
16.167
16.29
16.4078
16.5214
16.6293
16.7333
16.831
16.9258
17.0133
17.0999
17.1768
17.2572
17.3217
17.4004
17.4481
17.541
14.8125
14.726
14.644
14.5696
14.507
14.4614
14.4321
14.4202
14.4266
14.4457
14.4835
14.5349
14.595
14.6638
14.7385
14.8179
14.8999
14.9838
15.068
15.1523
15.2355
15.3175
15.3974
15.4754
15.5506
15.6238
15.6934
15.7614
15.825
15.888
15.9449
16.0042
16.0527
16.1114
16.1474
16.2177
14.8118
14.7261
14.643
14.5644
14.492
14.4288
14.3758
14.3333
14.3038
14.2838
14.2782
14.2823
14.2942
14.3164
14.345
14.3795
14.4178
14.4596
14.5039
14.5501
14.5973
14.6452
14.693
14.7407
14.7875
14.8338
14.8786
14.9229
14.9648
15.0068
15.0451
15.0852
15.1186
15.1587
15.1841
15.2334
14.8114
14.7257
14.6424
14.5623
14.486
14.4149
14.3502
14.2918
14.2418
14.1988
14.165
14.1395
14.1208
14.1097
14.1052
14.1066
14.1114
14.1212
14.1345
14.1506
14.1688
14.1888
14.2102
14.2325
14.2554
14.2788
14.3021
14.3257
14.3486
14.3719
14.3936
14.4166
14.4359
14.4593
14.4748
14.5041
14.8112
14.7252
14.6418
14.5611
14.4834
14.409
14.3388
14.2727
14.2119
14.1562
14.1063
14.0625
14.0242
13.9916
13.9643
13.9423
13.9243
13.9104
13.9002
13.8932
13.8889
13.887
13.8874
13.8889
13.892
13.8965
13.9018
13.908
13.9145
13.9218
13.9288
13.937
13.9436
13.9525
13.959
13.9705
14.811
14.7248
14.6411
14.5601
14.4818
14.4061
14.3335
14.2639
14.1979
14.1355
14.077
14.0228
13.9728
13.927
13.8853
13.8478
13.814
13.7838
13.7569
13.7331
13.7121
13.6936
13.6776
13.6634
13.651
13.6403
13.6309
13.6228
13.6157
13.6097
13.6041
13.5999
13.5952
13.5925
13.5881
13.5903
14.8109
14.7244
14.6405
14.5592
14.4805
14.4043
14.3306
14.2595
14.1911
14.1254
14.0626
14.0029
13.9463
13.8929
13.8426
13.7956
13.7517
13.7107
13.6727
13.6374
13.6046
13.5743
13.5462
13.5202
13.4961
13.4738
13.453
13.4338
13.4158
13.3992
13.3833
13.369
13.3547
13.3428
13.3283
13.3218
14.8108
14.7241
14.64
14.5585
14.4795
14.4029
14.3288
14.2569
14.1874
14.1201
14.0553
13.9928
13.9328
13.8752
13.8202
13.7677
13.7177
13.6702
13.625
13.5822
13.5417
13.5033
13.467
13.4327
13.4002
13.3694
13.3402
13.3126
13.2864
13.2616
13.2377
13.2155
13.1936
13.174
13.1526
13.1375
14.8107
14.7238
14.6396
14.5578
14.4786
14.4018
14.3273
14.2551
14.185
14.117
14.0511
13.9874
13.9256
13.866
13.8084
13.7529
13.6995
13.6482
13.5988
13.5515
13.5061
13.4626
13.4209
13.381
13.3428
13.3062
13.2712
13.2376
13.2054
13.1747
13.145
13.1168
13.0891
13.0636
13.0372
13.0153
14.8106
14.7236
14.6392
14.5573
14.4779
14.4009
14.3262
14.2537
14.1833
14.115
14.0486
13.9842
13.9217
13.8611
13.8023
13.7454
13.6903
13.637
13.5854
13.5356
13.4876
13.4412
13.3964
13.3532
13.3116
13.2715
13.2328
13.1955
13.1595
13.1248
13.0913
13.0592
13.0277
12.9981
12.9682
12.9416
14.8106
14.7235
14.6389
14.5569
14.4773
14.4002
14.3253
14.2526
14.182
14.1134
14.0468
13.982
13.9191
13.8579
13.7985
13.7408
13.6848
13.6304
13.5777
13.5265
13.4769
13.4288
13.3822
13.337
13.2933
13.2509
13.2099
13.1702
13.1317
13.0945
13.0584
13.0235
12.9895
12.9569
12.9246
12.8948
14.8105
14.7233
14.6387
14.5565
14.4768
14.3995
14.3244
14.2515
14.1808
14.112
14.0452
13.9802
13.917
13.8555
13.7958
13.7376
13.6811
13.6261
13.5727
13.5207
13.4702
13.4211
13.3733
13.327
13.2819
13.2381
13.1956
13.1543
13.1141
13.0752
13.0373
13.0005
12.9647
12.9301
12.896
12.8638
14.8105
14.7232
14.6384
14.5562
14.4763
14.3989
14.3236
14.2506
14.1797
14.1108
14.0437
13.9786
13.9152
13.8536
13.7936
13.7352
13.6784
13.623
13.5692
13.5168
13.4657
13.4161
13.3677
13.3206
13.2748
13.2302
13.1868
13.1445
13.1033
13.0633
13.0243
12.9863
12.9493
12.9134
12.8782
12.8444
14.8105
14.7231
14.6382
14.5558
14.4759
14.3983
14.323
14.2498
14.1787
14.1096
14.0425
13.9772
13.9137
13.8519
13.7917
13.7332
13.6761
13.6206
13.5666
13.5139
13.4626
13.4126
13.3639
13.3165
13.2702
13.2252
13.1812
13.1384
13.0967
13.056
13.0164
12.9777
12.94
12.9034
12.8674
12.8327
14.8104
14.723
14.638
14.5556
14.4755
14.3978
14.3224
14.2491
14.1779
14.1087
14.0414
13.9759
13.9123
13.8504
13.7901
13.7314
13.6743
13.6186
13.5644
13.5116
13.4601
13.41
13.3611
13.3134
13.267
13.2217
13.1775
13.1344
13.0924
13.0514
13.0114
12.9724
12.9344
12.8973
12.861
12.8257
14.8104
14.7229
14.6379
14.5553
14.4752
14.3974
14.3218
14.2484
14.1771
14.1078
14.0404
13.9749
13.9111
13.8491
13.7887
13.7299
13.6727
13.6169
13.5626
13.5097
13.4581
13.4078
13.3588
13.3111
13.2645
13.2191
13.1748
13.1315
13.0894
13.0482
13.0081
12.9689
12.9307
12.8934
12.8569
12.8214
14.8104
14.7228
14.6377
14.5551
14.4749
14.397
14.3214
14.2479
14.1764
14.107
14.0395
13.9739
13.9101
13.8479
13.7875
13.7286
13.6713
13.6154
13.561
13.508
13.4564
13.4061
13.357
13.3091
13.2625
13.217
13.1726
13.1293
13.0871
13.0459
13.0056
12.9664
12.9281
12.8907
12.8542
12.8186
14.8103
14.7227
14.6376
14.5549
14.4746
14.3967
14.321
14.2474
14.1759
14.1064
14.0388
13.9731
13.9092
13.847
13.7864
13.7275
13.6701
13.6142
13.5597
13.5067
13.455
13.4046
13.3554
13.3075
13.2608
13.2153
13.1709
13.1275
13.0853
13.044
13.0038
12.9645
12.9261
12.8887
12.8522
12.8166
14.8103
14.7226
14.6375
14.5548
14.4744
14.3964
14.3206
14.247
14.1754
14.1058
14.0382
13.9724
13.9084
13.8461
13.7855
13.7265
13.6691
13.6131
13.5586
13.5055
13.4538
13.4033
13.3542
13.3062
13.2595
13.2139
13.1695
13.1261
13.0838
13.0426
13.0023
12.963
12.9247
12.8873
12.8507
12.8151
14.8103
14.7226
14.6374
14.5546
14.4743
14.3962
14.3203
14.2466
14.175
14.1054
14.0377
13.9719
13.9078
13.8455
13.7848
13.7258
13.6683
13.6123
13.5577
13.5046
13.4528
13.4024
13.3532
13.3052
13.2585
13.2129
13.1684
13.1251
13.0828
13.0415
13.0012
12.962
12.9236
12.8862
12.8497
12.8141
14.8103
14.7226
14.6373
14.5545
14.4741
14.396
14.3201
14.2464
14.1747
14.105
14.0373
13.9714
13.9073
13.845
13.7843
13.7252
13.6677
13.6116
13.5571
13.5039
13.4521
13.4016
13.3524
13.3045
13.2577
13.2121
13.1677
13.1243
13.082
13.0408
13.0005
12.9612
12.9229
12.8855
12.8491
12.8135
14.8103
14.7225
14.6373
14.5545
14.474
14.3959
14.32
14.2462
14.1745
14.1048
14.037
13.9711
13.907
13.8446
13.7839
13.7248
13.6672
13.6112
13.5566
13.5035
13.4517
13.4012
13.352
13.304
13.2573
13.2117
13.1672
13.1239
13.0816
13.0404
13.0001
12.9609
12.9226
12.8852
12.8488
12.8132
14.8103
14.7225
14.6372
14.5544
14.474
14.3958
14.3199
14.2461
14.1744
14.1046
14.0369
13.9709
13.9068
13.8444
13.7837
13.7246
13.667
13.611
13.5564
13.5032
13.4514
13.401
13.3518
13.3038
13.2571
13.2115
13.1671
13.1238
13.0815
13.0403
13.0001
12.9609
12.9227
12.8853
12.8489
12.8134
14.8103
14.7225
14.6372
14.5544
14.4739
14.3958
14.3198
14.246
14.1743
14.1046
14.0368
13.9709
13.9068
13.8444
13.7837
13.7246
13.6671
13.611
13.5565
13.5033
13.4516
13.4011
13.3519
13.304
13.2573
13.2118
13.1674
13.1241
13.0819
13.0407
13.0006
12.9614
12.9232
12.8859
12.8495
12.814
14.8103
14.7225
14.6372
14.5544
14.474
14.3958
14.3199
14.2461
14.1744
14.1048
14.037
13.9711
13.907
13.8447
13.784
13.7249
13.6674
13.6115
13.5569
13.5038
13.4521
13.4017
13.3526
13.3047
13.258
13.2125
13.1682
13.1249
13.0828
13.0417
13.0015
12.9624
12.9242
12.887
12.8507
12.8152
14.8103
14.7225
14.6373
14.5545
14.4741
14.396
14.3201
14.2463
14.1747
14.1051
14.0374
13.9715
13.9075
13.8452
13.7846
13.7256
13.6681
13.6122
13.5577
13.5047
13.453
13.4027
13.3536
13.3058
13.2592
13.2137
13.1694
13.1263
13.0841
13.0431
13.003
12.9639
12.9258
12.8886
12.8524
12.817
14.8103
14.7226
14.6373
14.5546
14.4742
14.3961
14.3203
14.2466
14.175
14.1055
14.0378
13.9721
13.9081
13.8459
13.7853
13.7264
13.669
13.6131
13.5587
13.5057
13.4541
13.4038
13.3548
13.307
13.2605
13.2151
13.1709
13.1277
13.0857
13.0447
13.0047
12.9656
12.9276
12.8905
12.8542
12.8189
14.8103
14.7226
14.6374
14.5547
14.4744
14.3964
14.3206
14.247
14.1755
14.106
14.0385
13.9728
13.9089
13.8467
13.7863
13.7274
13.6701
13.6143
13.56
13.507
13.4555
13.4053
13.3564
13.3087
13.2622
13.2169
13.1727
13.1297
13.0877
13.0467
13.0068
12.9679
12.9299
12.8928
12.8567
12.8214
14.8103
14.7227
14.6375
14.5549
14.4746
14.3967
14.321
14.2475
14.1761
14.1067
14.0393
13.9737
13.9099
13.8478
13.7875
13.7287
13.6715
13.6158
13.5616
13.5087
13.4573
13.4072
13.3583
13.3108
13.2644
13.2192
13.1752
13.1322
13.0904
13.0496
13.0098
12.971
12.9332
12.8964
12.8604
12.8253
14.8103
14.7227
14.6377
14.5551
14.4749
14.3971
14.3215
14.2481
14.1769
14.1076
14.0403
13.9748
13.9112
13.8492
13.789
13.7303
13.6733
13.6177
13.5636
13.511
13.4597
13.4098
13.3612
13.3138
13.2677
13.2228
13.179
13.1364
13.0949
13.0545
13.0151
12.9768
12.9394
12.903
12.8676
12.833
14.8104
14.7228
14.6379
14.5554
14.4753
14.3976
14.3222
14.249
14.1778
14.1087
14.0415
13.9763
13.9128
13.851
13.791
13.7326
13.6758
13.6205
13.5668
13.5145
13.4637
13.4143
13.3663
13.3195
13.2741
13.23
13.1871
13.1454
13.1049
13.0655
13.0273
12.9901
12.954
12.9188
12.8848
12.8515
14.8104
14.723
14.6381
14.5557
14.4758
14.3983
14.323
14.25
14.179
14.1102
14.0432
13.9782
13.9151
13.8538
13.7942
13.7364
13.6804
13.626
13.5733
13.5223
13.4728
13.425
13.3786
13.3338
13.2904
13.2485
13.2079
13.1687
13.1308
13.0941
13.0587
13.0244
12.9913
12.9591
12.9283
12.8979
14.8105
14.7231
14.6384
14.5562
14.4765
14.3991
14.3241
14.2513
14.1807
14.1122
14.0459
13.9817
13.9195
13.8595
13.8017
13.7459
13.6922
13.6406
13.5911
13.5436
13.4981
13.4544
13.4127
13.3727
13.3344
13.2978
13.2628
13.2293
13.1973
13.1665
13.1371
13.1089
13.082
13.0558
13.0314
13.0067
14.8105
14.7233
14.6388
14.5568
14.4773
14.4002
14.3255
14.2534
14.1837
14.1166
14.0523
13.9907
13.9321
13.8764
13.8236
13.7739
13.7271
13.6832
13.642
13.6034
13.5674
13.5337
13.5023
13.473
13.4456
13.4201
13.3962
13.3738
13.3529
13.3333
13.3149
13.2975
13.2814
13.2657
13.2518
13.2367
14.8106
14.7236
14.6392
14.5575
14.4783
14.4019
14.3285
14.2586
14.1923
14.1304
14.0729
14.0201
13.9719
13.9287
13.8898
13.8557
13.8256
13.7992
13.7765
13.7569
13.7404
13.7264
13.7147
13.7051
13.6974
13.6911
13.6863
13.6826
13.6799
13.678
13.6769
13.6763
13.6763
13.6767
13.6774
13.6766
14.8105
14.724
14.6397
14.5584
14.4805
14.4068
14.3388
14.2776
14.2231
14.1782
14.1411
14.112
14.0906
14.0771
14.0694
14.0696
14.0727
14.08
14.0919
14.1067
14.1241
14.1433
14.1641
14.186
14.2087
14.2318
14.2553
14.2788
14.3022
14.3252
14.3482
14.37
14.3924
14.4122
14.4348
14.4505
14.8101
14.7246
14.6398
14.5613
14.4893
14.4278
14.3804
14.3462
14.328
14.33
14.3407
14.3647
14.4016
14.4475
14.5001
14.5587
14.6215
14.6869
14.7543
14.8227
14.8915
14.96
15.0277
15.0941
15.1592
15.2224
15.2838
15.3429
15.4003
15.4548
15.508
15.5575
15.6072
15.6509
15.6985
15.734
14.8081
14.7247
14.6413
14.5778
14.5307
14.5139
14.5268
14.5638
14.6376
14.7359
14.8523
14.9822
15.1227
15.2702
15.4217
15.5748
15.728
15.8792
16.0278
16.1724
16.3129
16.4482
16.5786
16.7033
16.8228
16.9364
17.0451
17.1475
17.2458
17.3373
17.4261
17.507
17.5878
17.6575
17.7332
17.7892
14.7997
14.7251
14.6634
14.6581
14.6953
14.7846
14.9607
15.181
15.4384
15.7211
16.0201
16.3269
16.6364
16.9432
17.245
17.538
17.8216
18.0933
18.3536
18.6006
18.8358
19.0572
19.2673
19.464
19.6502
19.8234
19.9878
20.1394
20.2842
20.4158
20.5438
20.6568
20.7712
20.8658
20.9714
21.0455
14.7668
14.746
14.7986
14.9061
15.2087
15.6272
16.136
16.6976
17.2899
17.8928
18.4953
19.0854
19.6587
20.2077
20.7324
21.2275
21.6959
22.133
22.5441
22.9246
23.2814
23.6092
23.9166
24.1969
24.4604
24.6986
24.9243
25.1256
25.3195
25.4885
25.6564
25.7966
25.9448
26.0579
26.1938
26.279
14.6644
14.8953
15.2201
15.8008
16.7543
17.839
19.0067
20.2004
21.3909
22.5483
23.6627
24.717
25.7119
26.6357
27.4968
28.285
29.0146
29.6745
30.284
30.8294
31.3343
31.7809
32.1975
32.561
32.9049
33.1995
33.4853
33.7235
33.9641
34.156
34.363
34.5163
34.7008
34.8209
34.9938
35.0824
14.3999
15.5473
16.598
18.6441
21.0023
23.4779
25.9915
28.4375
30.7841
32.9784
35.0209
36.8824
38.581
40.0981
41.466
42.6662
43.7445
44.674
45.5142
46.2248
46.8782
47.4178
47.9306
48.3407
48.7523
49.0672
49.4105
49.6573
49.9589
50.1585
50.4401
50.6082
50.8866
51.034
51.3233
51.4553
13.9352
17.9745
21.6079
27.2768
33.1666
39.0593
44.7951
50.1213
55.013
59.352
63.1953
66.4911
69.3361
71.7116
73.7325
75.3816
76.7887
77.9083
78.8988
79.6628
80.3945
80.939
81.5356
81.9631
82.5165
82.9003
83.477
83.8675
84.5142
84.9459
85.7
86.1892
87.0684
87.6277
88.6422
89.2779
13.8397
27.3248
41.0781
58.4168
75.6121
92.2024
107.373
120.41
131.415
140.207
147.231
152.516
156.584
159.521
161.773
163.415
164.773
165.888
167.033
168.098
169.429
170.761
172.533
174.301
176.652
178.929
181.921
184.724
188.369
191.681
195.983
199.709
204.649
208.75
214.29
218.708
20.4154
75.4133
143.358
213.982
281.197
340.817
387.147
420.371
443.121
457.344
466.277
471.372
475.115
477.989
481.573
485.841
491.475
498.729
507.322
517.447
529.02
541.982
556.259
571.603
588.124
605.301
623.588
642.017
661.626
680.729
701.264
720.527
741.662
760.593
782.091
800.301
108.192
466.312
903.452
1345.58
1701.26
1955.44
2093.84
2172.79
2211.45
2229.6
2239.57
2248.68
2260.49
2276.93
2297.92
2323.65
2352.92
2385.39
2419.8
2455.75
2491.95
2528.23
2563.46
2597.68
2629.97
2660.49
2688.61
2714.48
2737.89
2758.69
2777.44
2793.06
2807.77
2818.21
2830.13
2835.21
1707.91
5017.45
8476.5
11080.6
12550.9
13231
13208.9
13057.1
12674.8
12233
11792.2
11379.4
11004.8
10670.7
10375.3
10115.3
9886.44
9685.03
9507.23
9349.93
9210.09
9085.44
8973.63
8873.06
8781.95
8699.14
8623.31
8553.6
8489.12
8429.14
8373.18
8320.49
8270.98
8223.84
8179.19
8136.36
2.59208
2.75707
5.60077
9.25712
13.1276
16.8403
20.2116
23.1812
25.7369
27.9108
29.7329
31.2462
32.474
33.4497
34.1781
34.6901
35.0364
35.1724
35.2343
35.1551
35.0115
35.0335
35.1427
35.5877
36.4826
37.8294
39.6092
41.742
44.118
46.5996
49.0705
51.4282
53.6592
55.7575
57.742
59.596
61.2906
62.617
63.4127
63.4909
63.1719
62.3113
61.1755
60.0797
59.9437
62.7848
68.3129
75.3837
83.6977
93.3149
104.349
116.939
130.601
144.907
159.687
174.822
190.131
205.489
220.748
235.934
250.945
265.835
280.512
295.059
309.376
323.568
337.528
351.375
364.995
378.518
391.821
405.041
418.05
430.992
443.727
456.409
468.89
481.327
493.572
505.783
517.804
529.795
541.598
553.366
564.939
576.468
587.789
599.053
610.102
621.085
631.848
642.536
653.008
663.41
673.617
683.785
693.808
703.844
713.788
723.797
733.792
744.002
754.283
764.468
774.474
784.447
794.279
803.89
812.992
821.896
831.683
843.029
854.323
863.15
870.692
879.64
889.043
888.982
900.759
905.421
908.671
910.271
911.833
908.873
917.608
915.68
927.434
926.647
921.911
927.446
935.439
935.399
926.718
935.599
933.021
918.284
925.619
921.566
904.553
910.709
905.476
885.172
890.603
884.279
862.559
867.487
859.498
836.584
841.103
832.744
809.07
812.811
802.853
776.483
770.361
758.559
751.345
731.567
730.027
735.3
708.45
715.274
707.078
685.223
688.001
666.267
667.115
643.613
643.301
639.286
615.808
614.817
608.976
583.157
579.739
570.179
562.375
554.142
546.086
538.047
530.07
522.149
514.288
506.49
498.754
491.085
483.48
475.943
468.469
461.059
453.706
446.403
439.139
431.898
424.664
417.439
410.291
403.26
396.346
389.554
382.841
376.214
369.67
363.21
356.832
350.537
344.323
338.191
332.141
326.173
320.287
314.473
308.642
302.677
296.841
291.082
285.408
279.817
274.309
268.881
263.529
258.253
253.059
247.952
242.92
237.936
233.018
228.255
223.62
218.861
214.767
212.942
212.115
211.525
211.016
210.549
210.117
209.717
209.341
208.991
208.662
208.364
208.091
207.83
207.628
207.445
207.283
207.139
207.041
206.967
206.826
206.718
206.603
206.459
206.442
206.348
206.356
206.51
206.535
206.642
206.793
206.856
206.779
206.864
207.12
207.217
207.433
207.677
208.046
208.3
208.541
208.973
209.302
209.713
210.169
210.698
211.207
211.778
212.426
213.104
213.856
214.69
215.513
216.271
217.153
217.947
218.807
219.49
220.276
220.807
221.67
221.76
221.894
221.95
221.899
221.722
221.415
220.976
220.415
219.737
218.965
218.106
217.191
216.224
215.251
214.254
213.302
212.359
211.461
210.63
209.877
209.194
208.602
208.087
207.658
207.309
207.063
206.882
206.817
206.777
206.921
206.911
207.088
207.39
207.515
207.945
208.574
209.221
209.932
210.605
211.227
211.93
212.576
213.313
214.105
214.896
215.538
216.629
216.659
217.497
217.644
218.451
219.591
219.611
219.843
220.138
220.349
220.589
221.217
220.559
220.418
220.701
219.178
219.083
216.711
215.942
212.146
209.782
203.388
192.746
6.80254
7.78509
10.2326
11.7754
12.5535
12.9771
13.1676
13.2281
13.2312
13.2312
13.2462
13.295
13.3963
13.5479
13.7506
14.0362
14.4938
15.0557
15.6908
16.3874
17.1654
18.0859
19.2099
20.6247
22.407
24.6036
27.2332
30.2873
33.7428
37.5707
41.7542
46.2876
51.1658
56.2823
61.6457
67.2692
73.1183
79.1753
85.7648
92.8264
100.222
107.861
115.648
123.474
131.146
138.308
144.377
149.615
154.094
158.018
161.5
164.657
167.552
170.296
172.991
175.743
178.599
180.554
181.663
182.798
183.893
184.999
186.12
187.281
188.481
189.74
191.045
192.417
193.836
195.321
196.849
198.44
200.068
201.753
203.469
205.235
207.028
208.866
210.724
212.622
214.535
216.479
218.431
220.407
222.381
224.37
226.352
228.342
230.321
232.304
234.273
236.247
238.208
240.177
242.142
244.121
246.102
248.101
250.103
252.119
254.135
256.163
258.183
260.193
262.186
264.172
266.131
268.057
269.961
271.921
273.999
276.11
278.046
279.772
281.531
283.407
285.226
286.811
289.128
291.148
293.586
295.801
298.202
300.318
301.213
301.552
301.193
304.161
303.695
305.422
306.847
308.574
307.2
309.768
309.055
305.724
307.902
306.766
302.794
304.555
302.952
297.89
299.637
297.871
292.801
294.26
291.883
286.334
287.568
284.838
278.018
278.535
271.419
268.78
266.03
263.185
261.051
257.995
256.638
255.626
253.875
252.246
252.498
246.498
246.71
239.988
239.038
236.224
234.096
232.27
230.681
226.343
225.392
218.517
217.277
214.719
212.49
210.181
207.898
205.616
203.342
201.076
198.818
196.571
194.333
192.107
189.89
187.685
185.489
183.303
181.124
178.952
176.781
174.61
172.435
170.258
168.092
165.951
163.829
161.717
159.577
157.443
155.333
153.248
151.187
149.149
147.135
145.145
143.177
141.232
139.307
137.398
135.493
133.577
131.689
129.822
127.979
126.158
124.36
122.583
120.828
119.094
117.383
115.695
114.028
112.378
110.748
109.151
107.592
106.045
104.627
103.614
102.865
102.229
101.642
101.083
100.542
100.017
99.5048
99.0054
98.5173
98.0423
97.5783
97.1251
96.687
96.2596
95.8443
95.4371
95.0475
94.6644
94.2509
93.8355
93.4211
93.0048
92.6115
92.2176
91.8367
91.4872
91.1317
90.7833
90.4478
90.1082
89.745
89.3998
89.0509
88.9092
88.5478
88.1983
87.8559
87.7722
87.4439
87.0768
87.0246
86.6882
86.6045
86.4596
86.2047
85.9906
85.8236
85.8367
85.8133
85.7803
85.7595
85.7289
85.6195
85.4728
85.6362
85.4956
85.3957
85.2821
85.1959
85.0266
84.8141
84.5631
84.2732
83.9427
83.5714
83.1602
82.7135
82.2344
81.7313
81.2086
80.6758
80.1411
79.6113
79.1002
78.6015
78.144
77.717
77.3227
76.97
76.6585
76.3961
76.1711
76.0021
75.8444
75.8076
75.7336
75.7039
75.6819
75.7618
75.7115
75.7506
75.8737
76.0371
76.2281
76.4564
76.7061
76.9746
77.2477
77.4882
77.743
77.9919
78.216
78.5139
78.7779
79.0564
79.3721
79.6791
79.9767
80.2314
80.4465
80.7889
81.082
81.3829
81.7144
82.062
82.4945
82.9187
83.3356
83.8949
84.4617
85.0508
85.7652
86.6318
87.7055
88.8043
90.9038
91.9031
100.12
26.9612
19.8827
18.7976
17.9401
17.0052
16.0829
15.2486
14.5417
13.9777
13.5629
13.2995
13.194
13.2313
13.4065
13.7696
14.3282
15.0951
16.0835
17.312
18.8074
20.6085
22.7658
25.3392
28.4055
32.0012
36.1365
40.8068
45.9961
51.6852
57.8554
64.4956
71.6025
79.1762
87.2092
95.5305
103.915
112.053
119.492
125.644
130.11
133.3
135.371
136.47
137.004
137.372
137.738
137.591
136.926
135.488
134.113
132.725
131.392
130.12
128.925
127.795
126.649
125.792
123.527
123.819
123.291
123.861
124.419
125.163
125.994
126.938
127.966
129.069
130.237
131.459
132.729
134.036
135.377
136.744
138.136
139.545
140.971
142.407
143.855
145.309
146.77
148.233
149.699
151.163
152.628
154.088
155.546
156.998
158.448
159.892
161.333
162.77
164.206
165.639
167.074
168.508
169.945
171.383
172.824
174.264
175.706
177.146
178.587
180.027
181.466
182.904
184.343
185.781
187.221
188.669
190.131
191.601
193.059
194.49
195.908
197.335
198.761
200.163
201.54
202.928
204.228
205.486
206.66
207.696
208.732
209.582
210.586
211.636
212.996
214.156
215.338
215.8
215.811
216.729
216.988
216.855
215.889
216.523
216.265
214.946
215.284
214.651
212.901
211.981
211.175
210.109
209.464
208.259
206.933
206.039
204.517
202.737
201.539
199.581
198.148
196.646
195.174
193.846
192.477
191.266
190.077
188.729
187.323
185.915
183.877
182.418
180.295
178.883
177.213
175.633
174.02
172.296
170.258
168.475
166.112
164.574
162.843
161.164
159.476
157.797
156.124
154.459
152.802
151.154
149.515
147.887
146.268
144.66
143.062
141.474
139.895
138.325
136.763
135.207
133.658
132.115
130.58
129.055
127.545
126.047
124.559
123.077
121.605
120.15
118.71
117.286
115.878
114.485
113.107
111.744
110.395
109.058
107.732
106.414
105.102
103.804
102.52
101.249
99.9922
98.7489
97.519
96.3019
95.0977
93.9064
92.728
91.5624
90.4093
89.27
88.1494
87.0521
85.9819
84.9765
84.1027
83.3388
82.6401
81.9781
81.3386
80.7148
80.1036
79.5041
78.9154
78.3366
77.7677
77.208
76.6574
76.1164
75.5843
75.0611
74.5458
74.0399
73.5407
73.0381
72.536
72.0363
71.5395
71.0515
70.569
70.0845
69.6041
69.1261
68.6512
68.1801
67.7091
67.2304
66.7524
66.2714
65.8362
65.3764
64.908
64.4318
64.0096
63.5659
63.0982
62.6912
62.2547
61.8513
61.4613
61.064
60.6764
60.3022
59.9702
59.6473
59.3364
59.0321
58.7383
58.4397
58.1195
57.8484
57.5424
57.2269
56.8979
56.5622
56.2025
55.8186
55.411
54.9799
54.5255
54.0486
53.5505
53.0339
52.5017
51.9582
51.408
50.8556
50.3082
49.7683
49.2466
48.7411
48.2632
47.8153
47.3984
47.0147
46.6672
46.3562
46.0826
45.8471
45.639
45.4814
45.3446
45.249
45.1501
45.0954
45.066
45.0458
45.0585
45.0869
45.1368
45.2073
45.2969
45.4025
45.5222
45.6476
45.7738
45.9099
46.0408
46.1891
46.3292
46.4804
46.6411
46.8056
46.9841
47.1486
47.3072
47.4885
47.6764
47.8669
48.0741
48.2754
48.513
48.754
49.0082
49.322
49.6527
50.0368
50.4755
51.0049
51.7062
52.3952
53.7432
54.393
59.5046
66.0374
36.2228
27.1984
23.2287
20.8829
19.2747
18.0925
17.2074
16.5634
16.1391
15.9314
15.9437
16.1597
16.6416
17.3936
18.4389
19.8254
21.6042
23.8305
26.5616
29.8522
33.7465
38.2693
43.4125
49.1647
55.4909
62.3301
69.5985
77.1928
84.9834
92.8014
100.454
107.668
114.102
119.045
122.598
124.924
126.148
126.447
126.372
125.004
122.596
119.727
116.758
113.791
110.748
108.079
106.103
104.902
104.166
102.633
102.113
101.94
101.341
101.466
101.578
102.008
102.553
103.434
104.357
105.462
106.612
107.822
109.068
110.348
111.652
112.974
114.307
115.648
116.993
118.338
119.683
121.025
122.363
123.695
125.022
126.342
127.656
128.964
130.265
131.559
132.848
134.13
135.407
136.677
137.944
139.207
140.467
141.724
142.98
144.236
145.493
146.751
148.012
149.275
150.542
151.813
153.087
154.365
155.648
156.934
158.225
159.519
160.818
162.121
163.429
164.741
166.057
167.376
168.696
170.014
171.324
172.624
173.914
175.193
176.454
177.69
178.898
180.077
181.211
182.308
183.362
184.375
185.368
186.33
187.298
188.238
189.145
189.935
190.617
191.124
191.548
191.969
192.052
192.15
192.216
192.32
192.356
192.229
192.313
191.971
191.432
190.989
190.482
189.875
189.23
188.434
187.576
186.686
185.64
184.532
183.445
182.235
181.077
179.889
178.695
177.507
176.297
175.081
173.825
172.498
171.116
169.672
168.123
166.628
165.053
163.571
162.04
160.503
158.935
157.319
155.651
154.009
152.322
150.779
149.216
147.662
146.111
144.565
143.027
141.496
139.974
138.461
136.958
135.465
133.983
132.511
131.051
129.601
128.161
126.732
125.313
123.904
122.505
121.115
119.737
118.371
117.017
115.676
114.347
113.028
111.722
110.43
109.151
107.886
106.635
105.397
104.171
102.958
101.757
100.567
99.3878
98.2175
97.0564
95.9063
94.7674
93.6399
92.5234
91.4176
90.3223
89.2373
88.1623
87.0977
86.0435
85.0004
83.9692
82.9513
81.9496
80.9674
80.0106
79.0947
78.2391
77.4397
76.681
75.9497
75.2373
74.539
73.8525
73.1784
72.5152
71.8619
71.2182
70.5835
69.9577
69.3407
68.7324
68.1324
67.5404
66.9562
66.3788
65.8051
65.2352
64.6698
64.1095
63.5561
63.0091
62.4666
61.9292
61.3965
60.868
60.3432
59.8205
59.2889
58.7526
58.215
57.6905
57.1642
56.6323
56.0949
55.5702
55.0455
54.5138
53.9965
53.4783
52.9684
52.4674
51.9709
51.4816
51.0005
50.5357
50.081
49.6364
49.1992
48.7705
48.3465
47.9184
47.5005
47.0779
46.6502
46.2151
45.7726
45.3183
44.8502
44.3675
43.8696
43.3567
42.8292
42.2879
41.7347
41.1714
40.6009
40.0263
39.451
38.8795
38.3147
37.7626
37.225
36.7071
36.2127
35.7442
35.3036
34.8935
34.515
34.1688
33.8572
33.574
33.3288
33.1085
32.9246
32.7577
32.6219
32.5082
32.4139
32.353
32.2985
32.2721
32.264
32.2678
32.2907
32.3272
32.375
32.4291
32.4936
32.5619
32.6397
32.7182
32.8041
32.8969
32.9919
33.0971
33.2021
33.311
33.4267
33.552
33.6807
33.8214
33.9622
34.1201
34.29
34.4754
34.6835
34.9268
35.1838
35.5162
35.8609
36.3852
36.8585
37.8106
38.3453
41.3388
112.98
50.7031
34.0161
27.8429
24.6881
22.7563
21.4653
20.5895
20.0376
19.7791
19.8094
20.1296
20.7906
21.8178
23.2509
25.1358
27.5254
30.4746
34.0358
38.2508
43.1425
48.7045
54.8935
61.6247
68.7744
76.1791
83.6381
90.9168
97.755
103.852
108.674
112.4
114.834
116.403
117.114
117
115.277
112.251
108.508
104.553
100.875
97.8925
95.4369
93.3934
91.8011
90.528
90.0064
89.2721
89.2642
89.2756
89.514
90.0228
90.6753
91.4235
92.3556
93.3764
94.5095
95.7182
97.0009
98.3154
99.6688
101.037
102.415
103.797
105.178
106.555
107.923
109.283
110.631
111.966
113.289
114.598
115.894
117.177
118.448
119.707
120.955
122.192
123.421
124.641
125.853
127.059
128.259
129.455
130.646
131.836
133.024
134.212
135.4
136.59
137.783
138.98
140.181
141.387
142.599
143.817
145.041
146.273
147.512
148.759
150.014
151.276
152.545
153.821
155.104
156.393
157.686
158.984
160.284
161.584
162.881
164.173
165.457
166.731
167.993
169.239
170.466
171.671
172.853
174.008
175.135
176.232
177.3
178.339
179.345
180.316
181.238
182.094
182.871
183.565
184.173
184.712
185.18
185.542
185.865
186.11
186.319
186.416
186.419
186.445
186.501
186.335
186.136
185.828
185.421
184.918
184.316
183.635
182.88
182.039
181.135
180.183
179.171
178.126
177.042
175.923
174.772
173.584
172.358
171.085
169.762
168.39
166.972
165.511
164.036
162.537
161.037
159.515
157.978
156.42
154.843
153.252
151.665
150.082
148.528
146.975
145.426
143.881
142.341
140.808
139.283
137.766
136.259
134.761
133.275
131.799
130.334
128.881
127.44
126.01
124.592
123.185
121.79
120.407
119.036
117.677
116.331
114.998
113.678
112.371
111.076
109.794
108.526
107.271
106.028
104.799
103.582
102.378
101.185
100.004
98.8342
97.6744
96.5247
95.3849
94.2553
93.1361
92.0271
90.9279
89.8384
88.7585
87.6881
86.6276
85.5773
84.5376
83.5091
82.4928
81.4898
80.5021
79.5321
78.5842
77.6652
76.7821
75.9335
75.1131
74.3143
73.5319
72.7621
72.0017
71.2524
70.5145
69.7869
69.0694
68.3613
67.6625
66.9728
66.292
65.62
64.9563
64.3007
63.6525
63.0106
62.3745
61.7445
61.1213
60.5057
59.8976
59.2961
58.7011
58.1121
57.5286
56.9501
56.3755
55.8016
55.2285
54.6567
54.0911
53.5265
52.9536
52.3771
51.8036
51.2295
50.6524
50.0788
49.5057
48.9352
48.3685
47.8059
47.2481
46.6954
46.1507
45.6135
45.0836
44.5603
44.0437
43.5328
43.024
42.5198
42.0165
41.5123
41.0053
40.4944
39.9776
39.4532
38.9203
38.3782
37.8266
37.2656
36.6958
36.1181
35.5338
34.9446
34.3528
33.7607
33.1713
32.5872
32.012
31.4484
30.8995
30.3686
29.8582
29.3706
28.908
28.4722
28.0642
27.6864
27.3363
27.0184
26.7276
26.4683
26.2338
26.0273
25.846
25.6872
25.5551
25.4425
25.3513
25.282
25.2243
25.202
25.187
25.1767
25.1804
25.1943
25.2175
25.2475
25.2816
25.3233
25.373
25.4262
25.4857
25.5493
25.6187
25.6935
25.7758
25.8637
25.9582
26.0581
26.1726
26.2935
26.4363
26.586
26.7731
26.9616
27.2228
27.4676
27.8683
28.2164
28.9173
29.3489
31.3055
154.34
60.732
39.6624
32.4526
28.9597
26.9297
25.6595
24.8883
24.516
24.5172
24.9016
25.6977
26.9454
28.6875
30.9691
33.8329
37.3161
41.4431
46.2188
51.6179
57.577
63.9852
70.6825
77.4592
84.0643
90.2116
95.5855
99.9095
103.283
105.538
106.897
107.712
106.89
104.67
101.457
97.9038
94.3721
91.1986
88.3036
85.8609
83.9347
82.5057
81.5813
81.0355
80.8511
80.8985
81.2155
81.6895
82.3916
83.212
84.1675
85.2405
86.3994
87.6314
88.9324
90.2814
91.6706
93.0865
94.52
95.9603
97.4021
98.8389
100.267
101.682
103.084
104.469
105.838
107.189
108.521
109.837
111.134
112.415
113.68
114.931
116.167
117.391
118.604
119.807
121.001
122.189
123.372
124.551
125.726
126.9
128.073
129.246
130.422
131.6
132.783
133.972
135.166
136.368
137.578
138.797
140.024
141.262
142.51
143.767
145.035
146.319
147.614
148.92
150.237
151.565
152.902
154.247
155.601
156.961
158.326
159.693
161.061
162.426
163.788
165.144
166.49
167.826
169.148
170.455
171.743
173.011
174.256
175.475
176.666
177.823
178.944
180.023
181.052
182.023
182.93
183.772
184.546
185.255
185.894
186.46
186.958
187.383
187.732
187.993
188.17
188.285
188.288
188.3
188.398
188.289
188.064
187.706
187.236
186.673
186.024
185.294
184.489
183.616
182.678
181.683
180.631
179.528
178.374
177.17
175.917
174.615
173.264
171.867
170.429
168.954
167.452
165.925
164.38
162.816
161.234
159.637
158.028
156.411
154.792
153.175
151.564
149.956
148.35
146.747
145.15
143.559
141.976
140.402
138.837
137.283
135.74
134.209
132.689
131.182
129.687
128.206
126.737
125.28
123.837
122.408
120.991
119.588
118.199
116.824
115.462
114.114
112.779
111.458
110.15
108.856
107.575
106.306
105.051
103.807
102.576
101.356
100.148
98.9496
97.7621
96.5847
95.4175
94.2602
93.113
91.9756
90.8482
89.7309
88.6239
87.5276
86.4422
85.3683
84.3064
83.2572
82.2215
81.2008
80.1966
79.2116
78.2491
77.3116
76.3986
75.507
74.6334
73.7748
72.9283
72.0898
71.2673
70.4569
69.6576
68.8689
68.0902
67.3215
66.5625
65.8131
65.073
64.3419
63.6195
62.9054
62.199
61.4996
60.8075
60.12
59.441
58.7708
58.1087
57.4542
56.807
56.1665
55.5324
54.9039
54.2799
53.6597
53.0427
52.4321
51.8262
51.2216
50.6181
50.0169
49.4108
48.8004
48.1901
47.5774
46.9642
46.3511
45.7389
45.1283
44.5204
43.9164
43.3166
42.7217
42.1316
41.5465
40.9668
40.3913
39.8202
39.2521
38.6859
38.1203
37.5542
36.9863
36.4155
35.8407
35.2614
34.6771
34.0876
33.4932
32.8943
32.2918
31.6866
31.0803
30.4744
29.871
29.2722
28.6803
28.0976
27.5266
26.9696
26.4291
25.9071
25.4055
24.9263
24.4707
24.0409
23.6365
23.2598
22.9098
22.588
22.2928
22.0247
21.7827
21.5659
21.3738
21.2065
21.0593
20.939
20.8253
20.7653
20.7148
20.6579
20.6291
20.6043
20.6001
20.5883
20.5824
20.593
20.6126
20.6343
20.6589
20.6891
20.7267
20.7698
20.8209
20.8762
20.9382
21.0062
21.0883
21.174
21.2812
21.3915
21.535
21.6792
21.8838
22.0729
22.3812
22.6524
23.1777
23.5204
24.8847
184.831
67.8413
45.1722
37.604
34.0145
31.9947
30.8059
30.1927
30.0365
30.3315
31.1097
32.4036
34.2501
36.6816
39.7203
43.3715
47.6186
52.4154
57.6804
63.2896
69.0751
74.8247
80.2918
85.1985
89.3472
92.7613
95.3065
96.778
97.6858
96.8142
94.7621
92.1805
89.2315
86.3476
83.5203
80.9696
78.8059
77.0724
75.7417
74.9332
74.5795
74.4169
74.5767
74.9826
75.5942
76.3662
77.285
78.3209
79.4626
80.6848
81.9782
83.3297
84.726
86.158
87.6171
89.0939
90.5812
92.072
93.5606
95.0422
96.5129
97.9697
99.4102
100.833
102.237
103.622
104.988
106.334
107.661
108.97
110.261
111.536
112.795
114.041
115.273
116.495
117.706
118.91
120.106
121.298
122.491
123.685
124.878
126.072
127.269
128.471
129.678
130.892
132.113
133.344
134.585
135.838
137.102
138.379
139.67
140.974
142.292
143.625
144.971
146.335
147.715
149.11
150.521
151.946
153.385
154.838
156.304
157.78
159.266
160.76
162.259
163.763
165.267
166.771
168.272
169.767
171.253
172.727
174.188
175.632
177.056
178.457
179.831
181.172
182.476
183.738
184.951
186.111
187.213
188.254
189.231
190.14
190.978
191.742
192.428
193.031
193.547
193.966
194.282
194.473
194.551
194.647
194.772
194.885
194.91
194.701
194.336
193.858
193.28
192.611
191.855
191.018
190.104
189.117
188.06
186.938
185.754
184.509
183.208
181.851
180.444
178.988
177.49
175.953
174.383
172.784
171.161
169.516
167.853
166.174
164.484
162.785
161.08
159.374
157.669
155.964
154.262
152.563
150.869
149.182
147.502
145.832
144.173
142.524
140.887
139.262
137.65
136.052
134.467
132.896
131.339
129.796
128.268
126.754
125.254
123.77
122.3
120.844
119.404
117.977
116.565
115.168
113.784
112.414
111.057
109.714
108.384
107.067
105.762
104.469
103.188
101.917
100.658
99.4087
98.1704
96.9429
95.7263
94.5207
93.3262
92.143
90.9714
89.8117
88.6641
87.5291
86.407
85.2983
84.2037
83.124
82.0603
81.014
79.9869
78.9799
77.9927
77.0237
76.071
75.1327
74.2073
73.2937
72.3931
71.5047
70.6281
69.7627
68.9084
68.0647
67.2317
66.4091
65.5966
64.7941
64.0013
63.2178
62.4433
61.6771
60.9197
60.1671
59.4272
58.6973
57.9765
57.2645
56.5608
55.8651
55.1769
54.4959
53.8214
53.1524
52.487
51.828
51.1761
50.5295
49.8876
49.2499
48.6142
47.9793
47.3453
46.7028
46.0578
45.4083
44.7561
44.1017
43.4468
42.7923
42.1391
41.4882
40.8405
40.197
39.5582
38.9242
38.2952
37.6704
37.0495
36.4317
35.8163
35.2024
34.5892
33.9759
33.3618
32.7465
32.1297
31.5114
30.8919
30.2713
29.6505
29.0303
28.4117
27.7962
27.1852
26.5804
25.9837
25.3968
24.8216
24.2599
23.7137
23.1845
22.674
22.1837
21.7153
21.2693
20.8476
20.4504
20.0788
19.7327
19.4126
19.1182
18.8496
18.6057
18.3881
18.1906
18.0268
17.8534
17.7937
17.6914
17.576
17.5241
17.4764
17.4316
17.3882
17.3554
17.3692
17.3673
17.3637
17.3508
17.3495
17.3611
17.3768
17.4057
17.4337
17.4655
17.5052
17.5577
17.6153
17.6926
17.7736
17.8804
17.9914
18.1488
18.2973
18.5381
18.7527
19.1487
19.4183
20.4107
204.689
74.2101
51.228
43.5152
39.8933
37.9081
36.8154
36.3472
36.3579
36.8956
37.979
39.6324
41.8721
44.6946
48.0722
51.946
56.2253
60.7834
65.4599
70.0631
74.3712
78.1941
81.52
84.4099
86.3524
87.1139
86.9285
85.6295
83.8174
81.7139
79.3917
77.0909
74.9534
73.1007
71.5684
70.3895
69.6496
69.3328
69.2198
69.4079
69.8427
70.4559
71.2485
72.1869
73.2451
74.4022
75.6431
76.9531
78.3205
79.7342
81.1852
82.665
84.1658
85.6809
87.2042
88.7301
90.2534
91.77
93.2757
94.7712
96.2523
97.7169
99.1635
100.592
102.001
103.392
104.765
106.12
107.457
108.778
110.083
111.374
112.652
113.918
115.174
116.421
117.661
118.895
120.124
121.349
122.58
123.815
125.052
126.295
127.544
128.8
130.066
131.342
132.63
133.932
135.248
136.579
137.926
139.292
140.675
142.078
143.501
144.945
146.409
147.897
149.404
150.932
152.48
154.047
155.633
157.238
158.859
160.497
162.149
163.814
165.491
167.176
168.868
170.564
172.263
173.96
175.654
177.341
179.019
180.683
182.33
183.956
185.555
187.123
188.654
190.143
191.585
192.974
194.305
195.574
196.776
197.906
198.96
199.932
200.819
201.614
202.313
202.909
203.396
203.77
204.033
204.211
204.386
204.536
204.546
204.542
204.27
203.856
203.326
202.69
201.954
201.124
200.203
199.197
198.109
196.943
195.704
194.397
193.024
191.589
190.099
188.556
186.966
185.333
183.663
181.96
180.228
178.473
176.696
174.903
173.096
171.278
169.454
167.626
165.796
163.966
162.139
160.315
158.496
156.685
154.881
153.088
151.306
149.535
147.777
146.033
144.303
142.587
140.885
139.199
137.529
135.873
134.234
132.61
131.002
129.41
127.834
126.274
124.729
123.199
121.685
120.185
118.701
117.231
115.775
114.334
112.906
111.491
110.089
108.699
107.322
105.957
104.603
103.262
101.933
100.616
99.3112
98.019
96.7395
95.4729
94.2194
92.9791
91.7524
90.5394
89.3405
88.1559
86.9861
85.8315
84.6929
83.571
82.4667
81.3804
80.3118
79.2601
78.2241
77.2026
76.1948
75.2001
74.2184
73.2496
72.2932
71.3489
70.4166
69.4961
68.5871
67.6895
66.8032
65.9278
65.0633
64.2092
63.3654
62.5316
61.7078
60.8933
60.0895
59.2963
58.5132
57.7399
56.976
56.2214
55.4756
54.7384
54.0093
53.2873
52.5686
51.8614
51.1631
50.4725
49.789
49.1118
48.4399
47.7722
47.1078
46.4427
45.7769
45.1
44.4169
43.7248
43.0284
42.329
41.6276
40.9258
40.2248
39.5265
38.8322
38.1433
37.4602
36.783
36.1114
35.4449
34.7833
34.1261
33.4724
32.8217
32.1736
31.5276
30.8835
30.241
29.6002
28.9611
28.3241
27.6896
27.0583
26.4311
25.8092
25.1936
24.5857
23.9868
23.3984
22.8218
22.2586
21.7101
21.1778
20.6628
20.1667
19.6904
19.2354
18.8024
18.3924
18.0061
17.6441
17.3067
16.9943
16.7063
16.4443
16.2041
15.9945
15.7921
15.6386
15.5101
15.3613
15.3473
15.2627
15.1692
15.0788
15.0574
15.0407
15.0018
14.977
14.9531
14.9543
14.9582
14.9419
14.9682
14.9736
14.966
14.979
15.0011
15.0352
15.0873
15.1433
15.22
15.3028
15.4185
15.5324
15.7177
15.8873
16.1844
16.3936
17.1381
217.331
81.634
57.9051
49.99
46.3336
44.3735
43.3394
42.9351
43.0085
43.6206
44.7779
46.4815
48.7118
51.4177
54.5157
57.8894
61.3966
64.8741
68.1259
71.1162
73.8591
75.9159
76.9891
77.5196
77.0562
76.0851
74.7449
73.1079
71.388
69.7195
68.1948
66.8995
65.8764
65.2075
64.9155
64.8176
64.9884
65.3968
65.9826
66.7444
67.6522
68.68
69.8126
71.0325
72.3248
73.6768
75.0779
76.5193
77.9933
79.4958
81.0182
82.5542
84.0987
85.6471
87.1953
88.7395
90.2761
91.8016
93.3123
94.8152
96.3041
97.7771
99.2333
100.673
102.095
103.502
104.892
106.267
107.628
108.975
110.309
111.631
112.944
114.248
115.545
116.837
118.125
119.413
120.702
121.997
123.297
124.604
125.918
127.24
128.572
129.916
131.272
132.644
134.031
135.435
136.858
138.301
139.764
141.249
142.756
144.286
145.84
147.419
149.024
150.654
152.31
153.992
155.698
157.431
159.187
160.968
162.772
164.598
166.445
168.312
170.195
172.094
174.006
175.928
177.859
179.794
181.73
183.665
185.594
187.512
189.416
191.3
193.158
194.987
196.778
198.528
200.228
201.875
203.46
204.98
206.427
207.797
209.083
210.279
211.38
212.38
213.273
214.056
214.721
215.267
215.691
216.007
216.278
216.394
216.466
216.55
216.355
215.991
215.491
214.869
214.132
213.286
212.336
211.288
210.146
208.914
207.599
206.205
204.738
203.202
201.603
199.946
198.237
196.481
194.683
192.848
190.981
189.087
187.17
185.234
183.283
181.32
179.348
177.372
175.394
173.415
171.439
169.467
167.501
165.542
163.593
161.655
159.729
157.815
155.916
154.031
152.162
150.308
148.471
146.65
144.846
143.059
141.288
139.536
137.8
136.081
134.38
132.695
131.027
129.376
127.741
126.122
124.518
122.93
121.357
119.799
118.256
116.726
115.21
113.709
112.22
110.746
109.285
107.838
106.405
104.986
103.581
102.19
100.813
99.4516
98.1044
96.7721
95.4547
94.1525
92.8655
91.5939
90.3379
89.0979
87.8742
86.6673
85.4775
84.305
83.1496
82.0109
80.8879
79.7801
78.6867
77.6074
76.542
75.4902
74.4518
73.4266
72.4143
71.4149
70.4282
69.454
68.4921
67.5424
66.6046
65.6786
64.7642
63.8612
62.9695
62.0889
61.2197
60.3619
59.5152
58.6793
57.8541
57.0393
56.2347
55.4399
54.6548
53.8788
53.1109
52.3529
51.6047
50.8657
50.1356
49.4137
48.6994
47.9917
47.2897
46.5911
45.8944
45.1941
44.4861
43.7622
43.0313
42.2931
41.5493
40.8023
40.0535
39.306
38.5589
37.8171
37.0817
36.3531
35.6314
34.9162
34.2089
33.5088
32.8155
32.1279
31.4458
30.7688
30.0968
29.4292
28.7661
28.1075
27.4532
26.8036
26.1589
25.5198
24.8869
24.2612
23.6436
23.0349
22.4362
21.8486
21.2732
20.711
20.1633
19.631
19.1153
18.6173
18.1381
17.6787
17.2402
16.8232
16.4287
16.0572
15.7093
15.3851
15.0857
14.8091
14.5595
14.3279
14.124
13.9529
13.7748
13.7175
13.6132
13.4997
13.3829
13.3091
13.2667
13.2206
13.193
13.1528
13.1452
13.1458
13.1336
13.135
13.1139
13.1246
13.1308
13.113
13.1281
13.1593
13.1905
13.2428
13.3048
13.3818
13.4661
13.6
13.7299
13.9515
14.1071
14.6978
223.878
88.0415
64.3456
56.4518
52.83
50.8876
49.8314
49.383
49.3535
49.792
50.7107
52.0801
53.8475
55.9264
58.2021
60.5404
62.7973
64.9488
66.9211
68.286
68.9163
69.2021
68.9335
68.3014
67.3326
66.1933
64.9986
63.8403
62.8084
61.9572
61.3656
61.0958
60.9942
61.1283
61.4844
62.0117
62.7088
63.5523
64.5184
65.5924
66.7577
67.9999
69.307
70.6683
72.0793
73.5276
75.0051
76.505
78.0201
79.5546
81.1017
82.657
84.2166
85.7771
87.3354
88.8889
90.435
91.9721
93.4995
95.0165
96.5209
98.0121
99.4893
100.953
102.403
103.841
105.267
106.681
108.084
109.477
110.862
112.238
113.609
114.975
116.337
117.699
119.061
120.426
121.795
123.169
124.552
125.945
127.347
128.763
130.192
131.637
133.099
134.579
136.08
137.602
139.147
140.716
142.31
143.93
145.578
147.254
148.959
150.694
152.459
154.255
156.083
157.942
159.832
161.753
163.705
165.688
167.701
169.742
171.81
173.904
176.023
178.163
180.323
182.5
184.691
186.892
189.1
191.31
193.518
195.72
197.909
200.08
202.227
204.345
206.425
208.462
210.449
212.378
214.242
216.035
217.75
219.379
220.915
222.352
223.683
224.902
226.003
226.979
227.827
228.542
229.122
229.567
229.885
230.077
230.195
230.332
230.212
229.89
229.406
228.781
228.025
227.145
226.146
225.035
223.816
222.497
221.083
219.58
217.994
216.332
214.6
212.803
210.949
209.043
207.09
205.098
203.07
201.012
198.929
196.826
194.706
192.574
190.432
188.285
186.137
183.988
181.843
179.702
177.569
175.444
173.33
171.229
169.14
167.066
165.008
162.965
160.94
158.932
156.942
154.97
153.017
151.082
149.166
147.268
145.39
143.529
141.688
139.864
138.058
136.271
134.5
132.747
131.01
129.29
127.587
125.899
124.227
122.571
120.931
119.306
117.697
116.103
114.526
112.964
111.418
109.887
108.373
106.875
105.394
103.928
102.479
101.046
99.6303
98.2307
96.8476
95.4811
94.1314
92.7985
91.4827
90.1841
88.9029
87.6392
86.3929
85.1634
83.9504
82.7533
81.5716
80.4051
79.2535
78.1165
76.9941
75.8859
74.7919
73.7118
72.6457
71.5932
70.5542
69.5286
68.5163
67.5169
66.5304
65.5566
64.5955
63.6468
62.7105
61.7867
60.8751
59.9755
59.0877
58.2116
57.3468
56.4933
55.6509
54.8192
53.9978
53.1872
52.3874
51.5982
50.8192
50.0501
49.2902
48.5389
47.7951
47.0574
46.3239
45.5911
44.8551
44.1082
43.3458
42.5703
41.7847
40.9927
40.1965
39.4003
38.602
37.8113
37.0275
36.2513
35.4827
34.7199
33.9668
33.2234
32.4892
31.7631
31.0453
30.3354
29.6337
28.9398
28.2533
27.5737
26.9009
26.2348
25.5755
24.9234
24.2792
23.6432
23.016
22.3984
21.7909
21.1943
20.6093
20.0369
19.4779
18.933
18.4032
17.8895
17.393
16.9144
16.4547
16.0148
15.5956
15.1977
14.8219
14.4687
14.1388
13.8318
13.5494
13.289
13.0507
12.8445
12.6338
12.531
12.3968
12.2597
12.1266
12.0192
11.9488
11.8725
11.8391
11.7716
11.7634
11.752
11.7081
11.73
11.7227
11.6837
11.6993
11.6814
11.7195
11.7357
11.7346
11.7579
11.8229
11.8523
11.9102
11.998
12.0905
12.2502
12.3637
12.8221
225.887
93.27
70.1154
62.389
58.8345
56.8747
55.6945
55.0192
54.7472
54.785
55.1884
55.9143
56.8977
58.0507
59.2461
60.4721
61.6195
62.3647
62.7033
62.8546
62.6472
62.1916
61.5349
60.7649
59.9548
59.1846
58.5122
58.0094
57.7658
57.6557
57.7425
58.0296
58.4768
59.0856
59.8387
60.7159
61.7039
62.7879
63.9543
65.1915
66.4889
67.8407
69.2347
70.6616
72.1196
73.6051
75.1145
76.6442
78.1919
79.751
81.317
82.8869
84.4582
86.0286
87.5962
89.1597
90.7175
92.2688
93.8124
95.3476
96.8735
98.3897
99.8961
101.393
102.88
104.358
105.828
107.291
108.746
110.196
111.641
113.082
114.521
115.96
117.399
118.841
120.288
121.741
123.201
124.672
126.153
127.648
129.157
130.683
132.226
133.789
135.373
136.98
138.61
140.267
141.951
143.663
145.405
147.179
148.984
150.823
152.696
154.604
156.548
158.528
160.546
162.601
164.694
166.824
168.991
171.196
173.437
175.714
178.026
180.37
182.745
185.15
187.58
190.035
192.509
195
197.503
200.014
202.527
205.037
207.537
210.022
212.485
214.918
217.314
219.666
221.964
224.202
226.371
228.462
230.468
232.379
234.188
235.886
237.467
238.921
240.244
241.427
242.466
243.356
244.094
244.677
245.108
245.4
245.546
245.614
245.622
245.335
244.856
244.214
243.422
242.489
241.421
240.225
238.909
237.478
235.941
234.304
232.575
230.761
228.869
226.906
224.88
222.798
220.665
218.488
216.274
214.028
211.755
209.46
207.149
204.824
202.491
200.153
197.813
195.475
193.141
190.814
188.495
186.187
183.891
181.609
179.343
177.093
174.86
172.645
170.45
168.273
166.117
163.98
161.864
159.768
157.693
155.638
153.604
151.589
149.595
147.62
145.665
143.729
141.811
139.913
138.032
136.17
134.326
132.5
130.692
128.901
127.129
125.374
123.637
121.919
120.217
118.534
116.869
115.221
113.592
111.981
110.388
108.812
107.255
105.716
104.195
102.692
101.207
99.74
98.2908
96.8596
95.4465
94.0514
92.6745
91.3157
89.975
88.6518
87.346
86.0571
84.7848
83.5288
82.2889
81.0648
79.8564
78.6635
77.4859
76.3236
75.1764
74.0441
72.9266
71.8236
70.7352
69.661
68.6011
67.5551
66.5229
65.5046
64.4999
63.5087
62.5309
61.5663
60.6147
59.676
58.75
57.8365
56.9354
56.0464
55.1694
54.3045
53.4514
52.6102
51.7805
50.962
50.1543
49.3566
48.5681
47.7875
47.013
46.2418
45.4704
44.6926
43.9005
43.0885
42.262
41.4259
40.5838
39.7399
38.8963
38.0573
37.2247
36.4001
35.584
34.7735
33.9767
33.1917
32.418
31.6543
30.9014
30.1566
29.4232
28.7006
27.9881
27.2851
26.5913
25.9063
25.2298
24.563
23.9059
23.2587
22.6215
21.9947
21.3786
20.7736
20.1804
19.5995
19.0315
18.4769
17.9364
17.411
16.9015
16.4087
15.9334
15.4763
15.0383
14.6201
14.2226
13.8463
13.492
13.16
12.851
12.5648
12.2997
12.0632
11.8335
11.6585
11.4986
11.3471
11.2027
11.0723
10.9702
10.8757
10.8047
10.7327
10.6727
10.6711
10.627
10.6486
10.6248
10.6041
10.5772
10.5963
10.6092
10.6161
10.6018
10.6121
10.647
10.7205
10.7357
10.7876
10.8471
10.9513
11.0313
11.3573
222.992
96.9129
74.7628
67.3059
63.821
61.7915
60.4205
59.4247
58.7042
58.2217
57.9713
57.924
58.0055
58.2222
58.4685
58.6555
58.6371
58.4829
58.177
57.7546
57.2315
56.6584
56.0833
55.5533
55.1173
54.855
54.7496
54.7988
55.0068
55.3589
55.861
56.5028
57.2684
58.1468
59.1253
60.1915
61.3347
62.5451
63.8136
65.1332
66.4926
67.8907
69.3246
70.7905
72.284
73.7972
75.3259
76.868
78.4223
79.9859
81.5561
83.1309
84.7083
86.2867
87.8647
89.4411
91.0149
92.5852
94.1512
95.7123
97.2681
98.8183
100.363
101.902
103.436
104.966
106.491
108.013
109.533
111.051
112.568
114.087
115.607
117.132
118.661
120.197
121.741
123.296
124.862
126.441
128.036
129.647
131.277
132.927
134.598
136.293
138.013
139.76
141.536
143.341
145.178
147.048
148.952
150.892
152.869
154.885
156.94
159.035
161.172
163.352
165.574
167.84
170.15
172.504
174.902
177.345
179.831
182.36
184.931
187.542
190.192
192.878
195.598
198.349
201.127
203.928
206.748
209.581
212.421
215.263
218.099
220.923
223.727
226.503
229.241
231.935
234.573
237.148
239.648
242.065
244.389
246.609
248.716
250.701
252.554
254.266
255.83
257.238
258.483
259.56
260.464
261.193
261.747
262.123
262.319
262.423
262.47
262.199
261.711
261.038
260.194
259.189
258.032
256.73
255.292
253.725
252.039
250.241
248.341
246.347
244.268
242.112
239.886
237.599
235.258
232.871
230.444
227.984
225.496
222.986
220.46
217.921
215.374
212.823
210.273
207.727
205.186
202.654
200.133
197.625
195.132
192.655
190.195
187.755
185.334
182.934
180.556
178.198
175.863
173.551
171.26
168.992
166.747
164.524
162.323
160.144
157.987
155.851
153.737
151.643
149.57
147.518
145.487
143.476
141.486
139.516
137.566
135.636
133.727
131.838
129.968
128.119
126.29
124.481
122.692
120.923
119.173
117.444
115.735
114.045
112.376
110.726
109.095
107.484
105.893
104.321
102.768
101.234
99.72
98.2248
96.7488
95.2919
93.8539
92.4346
91.0336
89.6508
88.2858
86.9383
85.6082
84.2951
82.9991
81.7198
80.4571
79.211
77.9812
76.7676
75.5701
74.3884
73.2225
72.0722
70.9374
69.8178
68.7133
67.6239
66.5493
65.4895
64.4442
63.4134
62.3968
61.3944
60.4058
59.4311
58.47
57.5224
56.5882
55.6672
54.7594
53.8646
52.9826
52.113
51.2554
50.4092
49.5735
48.7471
47.9284
47.1148
46.3028
45.4871
44.6613
43.8114
42.9433
42.0626
41.1743
40.2831
39.3922
38.5053
37.6247
36.7526
35.89
35.0372
34.1967
33.369
32.5543
31.7515
30.9618
30.1815
29.4165
28.6647
27.9254
27.198
26.4821
25.7768
25.0805
24.3964
23.7243
23.0638
22.4147
21.7772
21.1514
20.5374
19.9357
19.3464
18.77
18.2068
17.657
17.122
16.6022
16.0983
15.6109
15.1406
14.6881
14.2541
13.8395
13.4449
13.071
12.7185
12.3879
12.0796
11.7923
11.5304
11.2832
11.0686
10.8777
10.7035
10.5426
10.3946
10.2671
10.1531
10.0562
9.97031
9.89031
9.83941
9.82565
9.82632
9.77842
9.73526
9.74519
9.74038
9.74246
9.74137
9.72339
9.71907
9.77663
9.80919
9.81337
9.84849
9.92984
9.97203
10.0198
10.2849
217.038
99.0753
78.0847
70.8899
67.4315
65.2772
63.6588
62.3011
61.1115
60.0631
59.1507
58.3711
57.7472
57.1927
56.61
56.0514
55.479
54.8992
54.3225
53.7698
53.2638
52.8295
52.51
52.3554
52.3143
52.4146
52.6593
53.0396
53.552
54.1862
54.9344
55.7862
56.7309
57.7582
58.8588
60.0237
61.2449
62.5189
63.8356
65.1955
66.5944
68.0256
69.4808
70.9594
72.4589
73.9762
75.509
77.0553
78.6133
80.1812
81.757
83.3393
84.9264
86.5172
88.1105
89.7054
91.3011
92.8971
94.4927
96.0876
97.6814
99.2742
100.866
102.457
104.047
105.637
107.228
108.821
110.415
112.012
113.614
115.221
116.834
118.456
120.087
121.728
123.382
125.05
126.734
128.435
130.154
131.895
133.657
135.444
137.256
139.095
140.964
142.863
144.795
146.76
148.762
150.801
152.878
154.997
157.157
159.36
161.608
163.902
166.243
168.632
171.07
173.558
176.096
178.685
181.326
184.018
186.76
189.554
192.397
195.288
198.226
201.208
204.232
207.295
210.393
213.522
216.676
219.85
223.039
226.234
229.429
232.616
235.787
238.931
242.04
245.104
248.111
251.052
253.915
256.689
259.361
261.921
264.357
266.658
268.812
270.81
272.641
274.297
275.768
277.049
278.133
279.016
279.694
280.164
280.433
280.595
280.668
280.403
279.895
279.176
278.264
277.169
275.901
274.469
272.884
271.154
269.291
267.304
265.203
262.999
260.702
258.32
255.865
253.344
250.766
248.139
245.471
242.77
240.041
237.291
234.526
231.749
228.967
226.184
223.403
220.629
217.863
215.11
212.37
209.646
206.941
204.254
201.589
198.945
196.324
193.727
191.153
188.604
186.08
183.581
181.106
178.657
176.232
173.831
171.455
169.104
166.776
164.472
162.192
159.936
157.703
155.493
153.306
151.143
149.003
146.885
144.79
142.718
140.668
138.641
136.636
134.653
132.693
130.755
128.839
126.944
125.072
123.221
121.393
119.585
117.8
116.035
114.292
112.57
110.869
109.188
107.529
105.89
104.271
102.673
101.095
99.5377
98.0003
96.4827
94.9847
93.5061
92.0466
90.6059
89.1839
87.7803
86.395
85.0278
83.6786
82.3472
81.0334
79.7372
78.4583
77.1966
75.9519
74.7242
73.5131
72.3186
71.1405
69.9787
68.8331
67.7033
66.5894
65.4912
64.4084
63.341
62.2887
61.2515
60.2292
59.2217
58.2288
57.2504
56.2863
55.3364
54.4005
53.4782
52.5691
51.6725
50.7876
49.9132
49.0477
48.1885
47.3323
46.4739
45.6068
44.7169
43.8051
42.8786
41.9433
41.0042
40.0654
39.1304
38.202
37.2826
36.3737
35.4764
34.5922
33.7219
32.8661
32.0245
31.1975
30.3844
29.5865
28.8035
28.0351
27.2807
26.54
25.8121
25.0946
24.3922
23.7036
23.0282
22.3658
21.7163
21.0795
20.4556
19.8446
19.2466
18.6618
18.0902
17.5311
16.9871
16.4581
15.9446
15.4469
14.9655
14.501
14.054
13.6253
13.2156
12.8253
12.4557
12.1071
11.7801
11.474
11.1911
10.9266
10.6866
10.4701
10.2735
10.0937
9.92883
9.78148
9.64902
9.53187
9.42899
9.3351
9.25788
9.19838
9.21388
9.15187
9.11554
9.09861
9.07724
9.07185
9.06316
9.06319
9.06258
9.08324
9.10128
9.08883
9.12319
9.15992
9.25198
9.27747
9.44131
216.436
101.09
80.4025
73.1632
69.576
67.2183
65.3226
63.6104
61.9923
60.4672
59.0679
57.7932
56.572
55.4445
54.4256
53.5121
52.6997
51.9902
51.3894
50.9045
50.5573
50.3891
50.3372
50.4269
50.6489
51.0032
51.4831
52.0796
52.784
53.5869
54.4792
55.4519
56.4964
57.6047
58.7694
59.9838
61.2417
62.5471
63.8953
65.2749
66.6845
68.1208
69.5806
71.0618
72.5625
74.0811
75.616
77.1664
78.7313
80.3068
81.8926
83.4878
85.0908
86.7004
88.3155
89.9356
91.5603
93.1891
94.8218
96.4582
98.0982
99.7418
101.389
103.04
104.696
106.357
108.023
109.695
111.374
113.061
114.756
116.462
118.179
119.908
121.651
123.409
125.183
126.976
128.788
130.621
132.476
134.357
136.263
138.196
140.16
142.154
144.181
146.243
148.34
150.476
152.652
154.869
157.129
159.435
161.786
164.186
166.635
169.135
171.688
174.294
176.956
179.673
182.447
185.279
188.169
191.118
194.125
197.191
200.314
203.494
206.73
210.018
213.357
216.744
220.175
223.645
227.149
230.682
234.236
237.805
241.38
244.953
248.514
252.054
255.561
259.024
262.431
265.771
269.029
272.193
275.249
278.184
280.984
283.636
286.127
288.444
290.574
292.508
294.234
295.744
297.029
298.083
298.901
299.477
299.826
300.077
300.167
299.897
299.359
298.584
297.588
296.383
294.983
293.397
291.637
289.716
287.645
285.436
283.102
280.654
278.105
275.465
272.746
269.958
267.11
264.213
261.274
258.302
255.305
252.288
249.258
246.22
243.179
240.141
237.109
234.088
231.079
228.087
225.112
222.158
219.225
216.316
213.431
210.572
207.739
204.933
202.155
199.404
196.681
193.986
191.319
188.68
186.068
183.484
180.927
178.397
175.894
173.419
170.97
168.547
166.151
163.781
161.437
159.119
156.827
154.559
152.317
150.1
147.908
145.741
143.599
141.48
139.387
137.317
135.271
133.25
131.252
129.278
127.327
125.399
123.495
121.614
119.755
117.92
116.106
114.315
112.546
110.8
109.075
107.371
105.69
104.03
102.391
100.773
99.1768
97.6008
96.0452
94.5099
92.9946
91.4991
90.0232
88.5668
87.1297
85.7117
84.3127
82.9325
81.571
80.228
78.9034
77.5969
76.3085
75.0379
73.785
72.5496
71.3316
70.1308
68.9471
67.7802
66.6301
65.4966
64.3795
63.2786
62.1939
61.1252
60.0723
59.0351
58.0135
57.0072
56.016
55.0395
54.0773
53.1287
52.1929
51.2686
50.3541
49.447
48.5436
47.6389
46.726
45.7911
44.8326
43.8583
42.8746
41.8868
40.8994
39.9159
38.9396
37.9728
37.0174
36.075
35.1468
34.2338
33.3366
32.4554
31.5905
30.7419
29.91
29.0946
28.2957
27.5128
26.7455
25.9934
25.2555
24.5328
23.8253
23.1326
22.4545
21.7906
21.1408
20.5051
19.8832
19.2751
18.6808
18.1002
17.5322
16.9796
16.4421
15.9197
15.4128
14.9217
14.4469
13.989
13.5485
13.126
12.7218
12.3374
11.9734
11.6301
11.3075
11.0066
10.7255
10.4662
10.229
10.0123
9.81433
9.63296
9.46851
9.31953
9.1854
9.06606
8.95799
8.86521
8.77373
8.76726
8.69966
8.62509
8.59289
8.55086
8.55828
8.52719
8.54638
8.54424
8.55082
8.55652
8.53318
8.57763
8.60957
8.66369
8.70668
8.79333
238.731
106.23
82.6324
74.4425
70.3896
67.7119
65.5412
63.5724
61.6972
59.8793
58.1034
56.4118
54.8665
53.4845
52.2786
51.2512
50.4008
49.7235
49.2151
48.8951
48.7601
48.7701
48.9163
49.1986
49.6078
50.135
50.7706
51.5051
52.3293
53.2343
54.212
55.2549
56.356
57.5089
58.7079
59.9478
61.2262
62.5439
63.897
65.2812
66.6933
68.1307
69.5911
71.0727
72.574
74.0937
75.631
77.186
78.7599
80.3454
81.9451
83.5594
85.1873
86.8237
88.4685
90.1214
91.7824
93.4515
95.1288
96.8144
98.5083
100.211
101.922
103.642
105.371
107.111
108.861
110.622
112.395
114.18
115.98
117.794
119.623
121.47
123.334
125.218
127.123
129.049
130.999
132.975
134.976
137.006
139.065
141.155
143.279
145.437
147.631
149.863
152.136
154.45
156.807
159.21
161.66
164.159
166.708
169.31
171.966
174.678
177.447
180.276
183.164
186.115
189.129
192.207
195.351
198.56
201.836
205.178
208.586
212.06
215.598
219.199
222.86
226.578
230.35
234.172
238.038
241.942
245.877
249.836
253.81
257.789
261.764
265.724
269.656
273.548
277.387
281.158
284.847
288.438
291.917
295.266
298.471
301.515
304.383
307.059
309.529
311.779
313.796
315.569
317.088
318.343
319.327
320.034
320.485
320.873
320.927
320.649
320.077
319.235
318.141
316.81
315.255
313.489
311.527
309.383
307.071
304.605
302.001
299.273
296.434
293.498
290.478
287.387
284.234
281.031
277.788
274.514
271.217
267.904
264.582
261.256
257.933
254.617
251.313
248.024
244.754
241.504
238.278
235.078
231.904
228.758
225.642
222.556
219.501
216.476
213.483
210.522
207.593
204.695
201.829
198.994
196.191
193.419
190.678
187.968
185.289
182.639
180.02
177.43
174.87
172.338
169.836
167.362
164.916
162.498
160.108
157.745
155.41
153.102
150.82
148.565
146.336
144.134
141.958
139.807
137.682
135.583
133.508
131.459
129.434
127.434
125.459
123.508
121.58
119.677
117.797
115.941
114.108
112.298
110.511
108.747
107.006
105.287
103.59
101.915
100.263
98.6314
97.0215
95.4329
93.8652
92.3184
90.7923
89.2866
87.8013
86.3361
84.8909
83.4655
82.0598
80.6735
79.3066
77.9588
76.63
75.3199
74.0285
72.7556
71.501
70.2645
69.0459
67.8452
66.6621
65.4965
64.3483
63.2172
62.1032
61.0061
59.9256
58.8616
57.8138
56.7819
55.7653
54.7633
53.775
52.7992
51.834
50.8768
49.9239
48.97
48.0078
47.0229
46.0145
44.9903
43.9567
42.9192
41.8825
40.8502
39.8256
38.8113
37.8093
36.8214
35.8488
34.8927
33.9537
33.0322
32.1287
31.2433
30.3761
29.5272
28.6963
27.8834
27.0879
26.3096
25.5478
24.8028
24.0744
23.3623
22.6663
21.986
21.3212
20.6716
20.0371
19.4174
18.8123
18.2217
17.6452
17.0835
16.5369
16.0055
15.4893
14.9888
14.5042
14.036
13.5847
13.1508
12.7343
12.3372
11.9597
11.6024
11.2652
10.9489
10.6527
10.3773
10.1226
9.88835
9.67339
9.47613
9.29598
9.13177
8.98251
8.84802
8.72603
8.61885
8.51475
8.44954
8.38048
8.30603
8.24785
8.19385
8.18938
8.16824
8.16453
8.14741
8.1479
8.14483
8.12037
8.12817
8.17339
8.21479
8.2463
8.29905
262.375
110.975
83.9819
74.6516
70.1184
67.1786
64.8025
62.6022
60.4696
58.396
56.423
54.5905
52.9376
51.4923
50.2689
49.2697
48.4895
47.918
47.5665
47.4209
47.4328
47.5929
47.8916
48.3172
48.8584
49.504
50.244
51.0687
51.9696
52.9389
53.9696
55.0555
56.191
57.3715
58.5927
59.8514
61.1447
62.4714
63.8295
65.2164
66.6301
68.0685
69.53
71.0131
72.5166
74.0397
75.5816
77.1417
78.7195
80.3147
81.9276
83.5591
85.2111
86.8787
88.5624
90.2565
91.9613
93.6781
95.4073
97.1494
98.9048
100.674
102.456
104.253
106.064
107.891
109.733
111.591
113.466
115.359
117.271
119.202
121.153
123.126
125.121
127.14
129.184
131.253
133.35
135.476
137.632
139.819
142.04
144.295
146.587
148.917
151.286
153.696
156.15
158.648
161.194
163.788
166.432
169.129
171.881
174.688
177.555
180.481
183.469
186.522
189.639
192.825
196.079
199.404
202.801
206.271
209.815
213.434
217.127
220.894
224.736
228.65
232.634
236.687
240.805
244.984
249.218
253.502
257.829
262.191
266.578
270.981
275.39
279.792
284.174
288.523
292.823
297.06
301.215
305.273
309.215
313.022
316.676
320.159
323.451
326.533
329.39
332.003
334.357
336.437
338.23
339.726
340.912
341.781
342.332
342.735
342.894
342.631
342.027
341.114
339.912
338.438
336.708
334.738
332.544
330.144
327.555
324.795
321.882
318.832
315.662
312.389
309.027
305.591
302.093
298.546
294.962
291.35
287.719
284.078
280.434
276.793
273.161
269.542
265.943
262.365
258.813
255.289
251.795
248.333
244.904
241.509
238.149
234.824
231.536
228.285
225.07
221.892
218.75
215.645
212.577
209.545
206.548
203.587
200.661
197.769
194.912
192.088
189.298
186.54
183.815
181.122
178.461
175.831
173.232
170.663
168.125
165.616
163.137
160.687
158.266
155.874
153.51
151.174
148.867
146.586
144.333
142.108
139.909
137.736
135.591
133.471
131.378
129.31
127.267
125.25
123.258
121.291
119.349
117.432
115.538
113.669
111.824
110.003
108.205
106.431
104.68
102.952
101.247
99.564
97.9037
96.2655
94.6494
93.0551
91.4825
89.9313
88.4015
86.8928
85.405
83.9381
82.4917
81.0657
79.66
78.2744
76.9087
75.5626
74.2361
72.929
71.641
70.3721
69.1221
67.8907
66.6779
65.4835
64.3073
63.1491
62.0088
60.886
59.7805
58.6919
57.6196
56.563
55.521
54.4923
53.4749
52.466
51.4616
50.4558
49.4415
48.4025
47.3413
46.2651
45.1803
44.0923
43.0055
41.924
40.8508
39.7888
38.7401
37.7064
36.6893
35.6897
34.7085
33.7462
32.8034
31.8801
30.9766
30.093
29.229
28.3845
27.5592
26.7529
25.965
25.1955
24.444
23.7104
22.9943
22.2954
21.6133
20.9478
20.2985
19.6652
19.0475
18.4452
17.8581
17.2863
16.7297
16.1886
15.6628
15.1527
14.6584
14.1802
13.7186
13.274
12.8468
12.438
12.0481
11.6777
11.3271
10.9967
10.6863
10.3962
10.1262
9.87656
9.64633
9.43435
9.23977
9.06155
8.89857
8.75014
8.61491
8.49386
8.37986
8.28637
8.2019
8.12042
8.04738
7.98162
7.93505
7.89155
7.89108
7.84192
7.85588
7.84298
7.83901
7.84173
7.85272
7.87474
7.89303
7.9219
284.223
114.764
84.4454
74.0369
68.9445
65.651
63.0331
60.6854
58.4648
56.3455
54.3542
52.5309
50.9135
49.5284
48.3878
47.4916
46.8307
46.4067
46.2168
46.1941
46.3325
46.6169
47.032
47.5638
48.2
48.9293
49.7416
50.628
51.5807
52.593
53.6589
54.7733
55.9318
57.1308
58.3671
59.6384
60.9424
62.2769
63.6403
65.031
66.4477
67.8893
69.3545
70.8425
72.3527
73.8843
75.437
77.0104
78.604
80.2178
81.8514
83.5047
85.1772
86.8734
88.5965
90.3387
92.0945
93.8657
95.6537
97.4593
99.2831
101.125
102.987
104.868
106.768
108.689
110.631
112.595
114.58
116.588
118.62
120.676
122.757
124.864
126.998
129.16
131.351
133.571
135.823
138.108
140.426
142.779
145.169
147.596
150.063
152.571
155.121
157.715
160.356
163.044
165.782
168.571
171.414
174.313
177.269
180.284
183.362
186.503
189.711
192.986
196.332
199.75
203.243
206.812
210.459
214.186
217.994
221.884
225.858
229.915
234.056
238.28
242.585
246.97
251.432
255.967
260.571
265.238
269.961
274.733
279.543
284.382
289.239
294.102
298.955
303.785
308.576
313.309
317.967
322.529
326.976
331.286
335.438
339.409
343.177
346.721
350.019
353.05
355.794
358.235
360.354
362.138
363.575
364.654
365.363
365.841
366.059
365.817
365.188
364.206
362.891
361.263
359.339
357.141
354.686
351.997
349.095
346
342.735
339.319
335.774
332.117
328.367
324.541
320.654
316.721
312.753
308.764
304.763
300.758
296.759
292.772
288.801
284.854
280.934
277.046
273.191
269.373
265.594
261.854
258.155
254.498
250.883
247.312
243.783
240.298
236.856
233.457
230.101
226.786
223.513
220.282
217.091
213.94
210.828
207.755
204.72
201.722
198.762
195.837
192.948
190.094
187.275
184.49
181.738
179.019
176.333
173.679
171.056
168.465
165.905
163.376
160.876
158.407
155.968
153.558
151.177
148.824
146.501
144.205
141.938
139.698
137.486
135.301
133.143
131.012
128.907
126.829
124.777
122.751
120.751
118.776
116.826
114.902
113.003
111.129
109.279
107.453
105.652
103.875
102.121
100.391
98.684
97.0004
95.3398
93.7019
92.0867
90.4939
88.9234
87.3749
85.8484
84.3435
82.8601
81.3981
79.9572
78.5372
77.138
75.7594
74.4012
73.0633
71.7454
70.4474
69.1691
67.9104
66.6711
65.4509
64.2497
63.0672
61.903
60.7567
59.6278
58.5154
57.4186
56.3358
55.2649
54.2028
53.1453
52.0856
51.0162
49.9202
48.8041
47.6744
46.5372
45.3978
44.2605
43.1294
42.0075
40.8977
39.8021
38.7225
37.6606
36.6173
35.5936
34.5901
33.6074
32.6456
31.7049
30.7855
29.8872
29.01
28.1535
27.3175
26.5016
25.7055
24.9291
24.1719
23.4336
22.7139
22.0124
21.3286
20.6624
20.0133
19.3809
18.765
18.1652
17.5815
17.0137
16.4616
15.9253
15.4049
14.9003
14.4119
13.9398
13.4846
13.0467
12.6266
12.225
11.8423
11.4791
11.1355
10.8118
10.508
10.2242
9.96028
9.71567
9.48954
9.28108
9.08931
8.91316
8.75173
8.60408
8.47022
8.34608
8.23595
8.13685
8.04502
7.96059
7.88348
7.81741
7.75723
7.71992
7.66837
7.66587
7.64989
7.64106
7.63588
7.62976
7.63083
7.63293
7.63685
302.507
117.324
84.005
72.5062
66.9004
63.3536
60.6199
58.2364
56.0347
53.9743
52.0696
50.3531
48.8568
47.6018
46.5963
45.8372
45.3189
45.0451
44.9692
45.0648
45.312
45.6959
46.201
46.813
47.5197
48.3101
49.1749
50.1058
51.096
52.1394
53.231
54.3666
55.5424
56.7556
58.0036
59.2844
60.5962
61.9376
63.3072
64.704
66.127
67.5756
69.049
70.5468
72.0685
73.614
75.1829
76.7754
78.3912
80.0304
81.693
83.3791
85.0884
86.8215
88.58
90.3724
92.183
94.0141
95.8669
97.7423
99.6409
101.563
103.51
105.482
107.479
109.501
111.55
113.625
115.728
117.859
120.018
122.206
124.425
126.673
128.953
131.266
133.611
135.99
138.405
140.855
143.342
145.868
148.433
151.039
153.687
156.379
159.116
161.9
164.731
167.614
170.548
173.535
176.579
179.681
182.843
186.067
189.355
192.711
196.136
199.632
203.202
206.849
210.575
214.382
218.272
222.249
226.313
230.468
234.713
239.051
243.482
248.006
252.623
257.332
262.13
267.016
271.984
277.03
282.148
287.328
292.564
297.844
303.158
308.492
313.832
319.162
324.466
329.723
334.914
340.018
345.01
349.868
354.566
359.079
363.38
367.443
371.243
374.755
377.954
380.818
383.325
385.459
387.202
388.545
389.482
390.064
390.362
390.163
389.528
388.486
387.061
385.273
383.144
380.697
377.956
374.946
371.693
368.222
364.56
360.731
356.76
352.67
348.482
344.216
339.891
335.523
331.128
326.717
322.304
317.897
313.507
309.138
304.798
300.493
296.226
292.002
287.824
283.692
279.61
275.578
271.597
267.667
263.789
259.963
256.188
252.465
248.792
245.169
241.595
238.069
234.591
231.16
227.775
224.434
221.137
217.883
214.671
211.501
208.371
205.28
202.229
199.215
196.239
193.299
190.396
187.528
184.695
181.897
179.132
176.401
173.702
171.036
168.403
165.801
163.23
160.691
158.182
155.704
153.256
150.837
148.448
146.089
143.758
141.456
139.183
136.937
134.72
132.531
130.369
128.234
126.126
124.046
121.992
119.965
117.964
115.989
114.04
112.117
110.219
108.347
106.499
104.677
102.879
101.105
99.3562
97.6312
95.9301
94.2527
92.5989
90.9684
89.3611
87.7767
86.215
84.676
83.1592
81.6647
80.1922
78.7414
77.3123
75.9046
74.5182
73.1529
71.8084
70.4846
69.1814
67.8984
66.6355
65.3924
64.1687
62.9639
61.7775
60.6085
59.4559
58.3181
57.1926
56.0761
54.964
53.8487
52.7204
51.5663
50.394
49.2098
48.0195
46.8281
45.64
44.459
43.2883
42.1306
40.9881
39.8627
38.7559
37.6688
36.6024
35.5575
34.5343
33.5335
32.555
31.5991
30.6656
29.7545
28.8655
27.9984
27.1529
26.3287
25.5254
24.7428
23.9803
23.2378
22.5147
21.8107
21.1253
20.4582
19.809
19.1773
18.5628
17.9652
17.3843
16.8198
16.2716
15.7397
15.2239
14.7245
14.2415
13.7753
13.3262
12.8948
12.4815
12.0869
11.7113
11.3551
11.0184
10.7015
10.4044
10.1269
9.86856
9.62885
9.40698
9.20208
9.01315
8.8393
8.67949
8.53331
8.39838
8.27547
8.16356
8.06061
7.96557
7.87803
7.79908
7.72644
7.66728
7.60814
7.56529
7.52506
7.51993
7.50542
7.4733
7.45368
7.4409
7.4366
316.697
118.569
82.7336
70.3556
64.3532
60.6247
57.8364
55.4824
53.3685
51.4353
49.6822
48.1296
46.7999
45.7085
44.8598
44.2481
43.8786
43.7307
43.7605
43.952
44.288
44.7513
45.3265
46.0002
46.7605
47.5973
48.5018
49.4668
50.4859
51.5538
52.6662
53.8194
55.0104
56.2366
57.4961
58.7872
60.1086
61.459
62.8377
64.2439
65.6771
67.1368
68.6229
70.135
71.6731
73.2373
74.8277
76.4444
78.0876
79.7576
81.4547
83.179
84.9309
86.7107
88.5183
90.3559
92.2278
94.1249
96.0483
97.9992
99.9786
101.987
104.025
106.094
108.193
110.323
112.485
114.679
116.905
119.165
121.458
123.786
126.148
128.545
130.978
133.447
135.954
138.499
141.082
143.704
146.367
149.072
151.819
154.609
157.444
160.325
163.253
166.23
169.258
172.337
175.47
178.659
181.905
185.211
188.579
192.011
195.509
199.076
202.715
206.428
210.217
214.087
218.038
222.075
226.2
230.417
234.727
239.133
243.638
248.243
252.95
257.761
262.675
267.693
272.814
278.036
283.355
288.769
294.27
299.852
305.506
311.224
316.993
322.801
328.634
334.475
340.306
346.107
351.857
357.531
363.105
368.551
373.842
378.948
383.839
388.484
392.853
396.914
400.639
403.999
406.969
409.524
411.645
413.317
414.532
415.286
415.711
415.596
414.986
413.909
412.387
410.444
408.105
405.397
402.348
398.988
395.349
391.461
387.356
383.065
378.617
374.04
369.36
364.6
359.784
354.929
350.054
345.175
340.303
335.451
330.628
325.842
321.099
316.404
311.763
307.18
302.656
298.193
293.792
289.454
285.179
280.967
276.817
272.73
268.703
264.737
260.829
256.98
253.187
249.449
245.765
242.134
238.554
235.024
231.543
228.11
224.723
221.381
218.083
214.829
211.616
208.445
205.313
202.222
199.169
196.154
193.176
190.234
187.329
184.459
181.624
178.823
176.056
173.323
170.623
167.955
165.32
162.716
160.145
157.604
155.095
152.616
150.167
147.749
145.361
143.002
140.672
138.372
136.1
133.858
131.643
129.457
127.299
125.169
123.066
120.991
118.943
116.922
114.928
112.961
111.02
109.104
107.215
105.352
103.514
101.702
99.9149
98.1527
96.4153
94.7025
93.0141
91.3498
89.7095
88.093
86.5001
84.9305
83.3842
81.8608
80.3603
78.8824
77.4268
75.9935
74.5823
73.1929
71.8251
70.4788
69.1535
67.8492
66.5652
65.3012
64.0566
62.8303
61.6212
60.4275
59.2465
58.0747
56.9066
55.7344
54.5447
53.3316
52.1023
50.8629
49.619
48.3754
47.1363
45.9055
44.686
43.4805
42.2912
41.1201
39.9684
38.8376
37.7285
36.6419
35.5782
34.5379
33.5212
32.5281
31.5587
30.6129
29.6904
28.7912
27.9148
27.0609
26.2293
25.4195
24.6312
23.8639
23.1173
22.391
21.6845
20.9974
20.3293
19.6797
19.0483
18.4348
17.8389
17.2601
16.6984
16.1535
15.6253
15.1138
14.6189
14.1409
13.6801
13.2369
12.8116
12.4048
12.0168
11.648
11.2986
10.9687
10.6584
10.3675
10.0958
9.8428
9.60773
9.38985
9.18825
9.00203
8.83017
8.67199
8.52591
8.39149
8.26796
8.15404
8.04867
7.95102
7.86124
7.77799
7.70399
7.63475
7.57369
7.51783
7.47598
7.44079
7.40547
7.37409
7.34889
7.33067
327.524
118.652
80.8019
67.7951
61.5116
57.671
54.8801
52.6005
50.6149
48.8451
47.2742
45.9097
44.7642
43.8458
43.1554
42.6908
42.4575
42.4116
42.5374
42.8124
43.2211
43.7479
44.3783
45.0999
45.9019
46.7747
47.7105
48.7026
49.7454
50.834
51.9648
53.1343
54.3401
55.58
56.8523
58.1557
59.4891
60.8517
62.2429
63.6624
65.1098
66.5851
68.0882
69.6193
71.1786
72.7663
74.3828
76.0286
77.7041
79.4098
81.1461
82.9136
84.7126
86.5435
88.4068
90.3024
92.2383
94.2046
96.203
98.2346
100.3
102.4
104.535
106.705
108.912
111.155
113.436
115.754
118.11
120.504
122.937
125.409
127.921
130.472
133.064
135.697
138.371
141.086
143.844
146.645
149.49
152.378
155.312
158.292
161.319
164.394
167.518
170.693
173.919
177.199
180.534
183.925
187.375
190.885
194.459
198.097
201.803
205.579
209.428
213.352
217.354
221.439
225.608
229.865
234.214
238.657
243.199
247.842
252.59
257.446
262.412
267.49
272.682
277.989
283.411
288.949
294.599
300.36
306.226
312.191
318.248
324.389
330.602
336.876
343.196
349.546
355.908
362.262
368.584
374.849
381.031
387.099
393.023
398.77
404.304
409.591
414.595
419.278
423.606
427.543
431.057
434.118
436.701
438.782
440.351
441.356
441.967
441.998
441.465
440.393
438.804
436.725
434.184
431.212
427.842
424.11
420.054
415.711
411.119
406.317
401.338
396.218
390.988
385.676
380.31
374.912
369.503
364.102
358.723
353.38
348.082
342.839
337.658
332.543
327.501
322.533
317.642
312.828
308.093
303.435
298.854
294.35
289.92
285.564
281.28
277.067
272.922
268.843
264.829
260.878
256.988
253.158
249.384
245.666
242.003
238.391
234.831
231.319
227.856
224.439
221.068
217.741
214.458
211.216
208.016
204.856
201.735
198.653
195.61
192.603
189.634
186.7
183.802
180.939
178.111
175.317
172.557
169.83
167.137
164.476
161.847
159.251
156.686
154.152
151.65
149.179
146.738
144.328
141.948
139.598
137.277
134.987
132.725
130.493
128.289
126.114
123.968
121.85
119.76
117.698
115.663
113.656
111.676
109.723
107.797
105.897
104.024
102.177
100.356
98.561
96.7914
95.0471
93.3281
91.634
89.9647
88.32
86.6996
85.1034
83.5311
81.9826
80.4576
78.9561
77.4776
76.0222
74.5895
73.1792
71.7912
70.4251
69.0805
67.7568
66.4534
65.1693
63.9031
62.6528
61.4158
60.1877
58.9625
57.7319
56.4797
55.2069
53.9202
52.6255
51.3278
50.032
48.742
47.4614
46.1933
44.9403
43.7045
42.4877
41.2915
40.1171
38.9654
37.8372
36.7329
35.653
34.5977
33.5672
32.5614
31.5802
30.6236
29.6912
28.7829
27.8982
27.0369
26.1986
25.3829
24.5894
23.8176
23.0672
22.3377
21.6286
20.9396
20.2702
19.62
18.9885
18.3756
17.7807
17.2037
16.6441
16.1019
15.5769
15.069
14.5782
14.1048
13.649
13.2111
12.7916
12.3909
12.0091
11.6467
11.3037
10.9801
10.6759
10.3908
10.1244
9.87614
9.64521
9.43082
9.23209
9.04805
8.87788
8.72035
8.57463
8.43989
8.31512
8.19935
8.09168
7.99173
7.89857
7.81295
7.73333
7.65998
7.59205
7.53208
7.47886
7.43083
7.38588
7.34852
7.312
334.777
118.14
78.5499
65.0315
58.5554
54.6566
51.8992
49.7196
47.8808
46.2867
44.9055
43.7322
42.7698
42.0206
41.4821
41.1595
41.0371
41.0857
41.29
41.6339
42.1018
42.6792
43.3532
44.1124
44.9469
45.8483
46.8093
47.8238
48.8867
49.9938
51.1415
52.3271
53.5482
54.8029
56.0899
57.4079
58.7563
60.1343
61.5417
62.9783
64.4441
65.9391
67.4637
69.0181
70.6029
72.2186
73.8658
75.5451
77.2572
79.0029
80.7828
82.5976
84.448
86.3347
88.2584
90.2205
92.2226
94.2627
96.3407
98.4571
100.613
102.808
105.044
107.321
109.64
112.001
114.405
116.852
119.342
121.876
124.453
127.075
129.741
132.452
135.208
138.009
140.855
143.747
146.685
149.669
152.7
155.778
158.904
162.079
165.302
168.575
171.899
175.274
178.703
182.186
185.724
189.32
192.974
196.69
200.468
204.312
208.223
212.204
216.259
220.389
224.598
228.89
233.267
237.734
242.294
246.951
251.71
256.574
261.547
266.633
271.836
277.159
282.604
288.175
293.873
299.699
305.652
311.732
317.935
324.256
330.689
337.228
343.861
350.58
357.369
364.214
371.096
377.996
384.89
391.752
398.555
405.265
411.85
418.274
424.497
430.479
436.18
441.555
446.563
451.161
455.309
458.969
462.108
464.694
466.705
468.07
468.916
469.199
468.817
467.809
466.202
464.025
461.306
458.082
454.391
450.275
445.779
440.949
435.831
430.469
424.908
419.188
413.348
407.424
401.448
395.447
389.448
383.47
377.533
371.652
365.837
360.098
354.442
348.875
343.401
338.023
332.742
327.558
322.47
317.477
312.578
307.77
303.051
298.42
293.872
289.407
285.02
280.71
276.474
272.309
268.213
264.183
260.217
256.312
252.467
248.68
244.948
241.27
237.644
234.068
230.541
227.062
223.629
220.24
216.896
213.594
210.334
207.115
203.935
200.795
197.694
194.63
191.604
188.615
185.661
182.743
179.861
177.013
174.2
171.421
168.675
165.963
163.283
160.637
158.023
155.441
152.891
150.372
147.885
145.429
143.004
140.61
138.246
135.913
133.61
131.336
129.093
126.878
124.693
122.537
120.41
118.311
116.241
114.199
112.185
110.199
108.24
106.309
104.405
102.527
100.677
98.8529
97.0553
95.2838
93.5382
91.8183
90.1239
88.4548
86.8107
85.1916
83.5971
82.0271
80.4814
78.9597
77.4618
75.9875
74.5364
73.1083
71.7026
70.3189
68.9564
67.6141
66.2904
64.9832
63.6894
62.4045
61.1212
59.8303
58.5155
57.1831
55.8391
54.489
53.1378
51.7899
50.4493
49.1193
47.8029
46.5026
45.2206
43.9587
42.7183
41.5006
40.3065
39.1368
37.9921
36.8727
35.7788
34.7106
33.6681
32.6513
31.66
30.6939
29.7529
28.8365
27.9445
27.0766
26.2322
25.4111
24.6127
23.8367
23.0825
22.3498
21.6382
20.9471
20.2761
19.6249
18.993
18.3802
17.7859
17.21
16.6522
16.1121
15.5897
15.0849
14.5977
14.1284
13.6771
13.2443
12.8301
12.4349
12.059
11.7024
11.3652
11.0474
10.7486
10.4687
10.2069
9.96262
9.73515
9.52362
9.32708
9.14467
8.97532
8.81808
8.67207
8.53634
8.40999
8.29209
8.18205
8.07907
7.98307
7.89332
7.80946
7.73093
7.65856
7.59164
7.53085
7.47244
7.42345
7.36815
338.956
116.899
76.079
62.1998
55.599
51.6936
48.9961
46.9288
45.2397
43.8184
42.6196
41.6272
40.836
40.2429
39.8456
39.6491
39.6203
39.7494
40.0219
40.423
40.9389
41.5568
42.2653
43.0541
43.9144
44.8385
45.8201
46.8535
47.9341
49.058
50.2222
51.4239
52.6611
53.9321
55.2356
56.5708
57.9369
59.3336
60.7606
62.218
63.7059
65.2246
66.7747
68.3566
69.9711
71.6188
73.3006
75.0174
76.7701
78.5596
80.3869
82.2528
84.1583
86.1044
88.092
90.1226
92.1977
94.3159
96.477
98.6818
100.931
103.226
105.566
107.954
110.388
112.871
115.401
117.98
120.608
123.285
126.011
128.787
131.611
134.486
137.41
140.383
143.406
146.479
149.601
152.772
155.994
159.266
162.588
165.96
169.384
172.859
176.386
179.966
183.599
187.288
191.032
194.834
198.694
202.615
206.598
210.646
214.76
218.945
223.201
227.532
231.941
236.433
241.009
245.675
250.435
255.292
260.252
265.32
270.499
275.795
281.212
286.754
292.426
298.232
304.175
310.258
316.481
322.846
329.35
335.99
342.763
349.663
356.681
363.809
371.035
378.344
385.719
393.142
400.59
408.037
415.454
422.808
430.065
437.185
444.126
450.843
457.291
463.419
469.178
474.518
479.389
483.746
487.542
490.738
493.299
495.178
496.388
496.978
496.828
495.966
494.413
492.195
489.345
485.901
481.906
477.41
472.465
467.126
461.448
455.486
449.294
442.922
436.417
429.822
423.178
416.517
409.87
403.262
396.715
390.245
383.866
377.589
371.42
365.365
359.428
353.612
347.916
342.339
336.879
331.535
326.303
321.179
316.162
311.246
306.429
301.706
297.075
292.531
288.07
283.69
279.388
275.159
271.002
266.912
262.888
258.927
255.027
251.185
247.399
243.668
239.988
236.36
232.781
229.249
225.764
222.324
218.929
215.576
212.265
208.995
205.765
202.575
199.424
196.311
193.236
190.197
187.196
184.23
181.3
178.405
175.546
172.72
169.929
167.172
164.449
161.759
159.101
156.477
153.885
151.326
148.798
146.302
143.838
141.406
139.005
136.634
134.295
131.986
129.707
127.458
125.24
123.051
120.892
118.762
116.661
114.589
112.545
110.53
108.544
106.585
104.654
102.751
100.876
99.027
97.2056
95.4109
93.6428
91.901
90.1855
88.4959
86.832
85.1937
83.5807
81.9928
80.4297
78.8913
77.3772
75.8869
74.4202
72.9763
71.5546
70.1538
68.7724
67.408
66.0571
64.7147
63.3728
62.0189
60.6427
59.2512
57.8503
56.4452
55.0408
53.6412
52.2503
50.8713
49.5071
48.1601
46.8324
45.5258
44.2416
42.9811
41.745
40.5343
39.3494
38.1906
37.0583
35.9526
34.8734
33.8208
32.7945
31.7944
30.8201
29.8715
28.9482
28.0497
27.1758
26.3259
25.4997
24.6968
23.9167
23.1589
22.423
21.7086
21.0153
20.3425
19.69
19.0574
18.4442
17.8502
17.2749
16.7183
16.1799
15.6596
15.1575
14.6734
14.2077
13.7605
13.3321
12.9228
12.5327
12.1619
11.8106
11.4786
11.1658
10.8717
10.596
10.338
10.097
9.87223
9.66273
9.46764
9.28599
9.11681
8.95917
8.81215
8.67484
8.54636
8.42599
8.31297
8.20686
8.10709
8.01321
7.92462
7.84163
7.76333
7.69121
7.62062
7.56139
7.48915
338.949
114.956
73.4637
59.3918
52.7362
48.8608
46.2391
44.2865
42.7408
41.4801
40.4482
39.6198
38.9826
38.5291
38.2592
38.1618
38.2189
38.4188
38.7494
39.1983
39.7535
40.404
41.1398
41.952
42.8329
43.7756
44.7743
45.8241
46.9207
48.0605
49.2407
50.4589
51.7131
53.0019
54.324
55.6786
57.0652
58.4835
59.9334
61.415
62.9287
64.4749
66.0542
67.6674
69.3153
70.9988
72.719
74.4769
76.2736
78.1103
79.9881
81.9082
83.8716
85.8797
87.9337
90.0341
92.1879
94.3882
96.6356
98.9316
101.277
103.673
106.121
108.621
111.173
113.779
116.439
119.153
121.921
124.744
127.621
130.553
133.539
136.579
139.674
142.823
146.026
149.282
152.591
155.954
159.37
162.838
166.36
169.934
173.561
177.241
180.975
184.762
188.603
192.499
196.451
200.46
204.528
208.655
212.843
217.094
221.411
225.796
230.251
234.779
239.384
244.068
248.837
253.693
258.641
263.686
268.834
274.088
279.455
284.94
290.549
296.286
302.158
308.169
314.324
320.628
327.084
333.694
340.458
347.375
354.443
361.659
369.015
376.505
384.12
391.847
399.672
407.576
415.539
423.536
431.54
439.517
447.431
455.243
462.908
470.378
477.602
484.526
491.092
497.242
502.919
508.064
512.621
516.54
519.771
522.279
523.999
525.01
525.206
524.596
523.194
521.022
518.111
514.502
510.244
505.392
500.007
494.155
487.902
481.313
474.455
467.387
460.168
452.851
445.482
438.104
430.752
423.458
416.246
409.136
402.145
395.283
388.559
381.978
375.544
369.258
363.119
357.125
351.273
345.559
339.979
334.527
329.2
323.992
318.898
313.912
309.032
304.25
299.564
294.969
290.46
286.033
281.686
277.413
273.213
269.081
265.016
261.013
257.071
253.188
249.361
245.588
241.867
238.197
234.575
231.002
227.474
223.992
220.554
217.158
213.805
210.493
207.221
203.989
200.796
197.641
194.524
191.444
188.402
185.395
182.425
179.49
176.591
173.727
170.897
168.102
165.341
162.613
159.92
157.259
154.632
152.037
149.476
146.946
144.449
141.984
139.551
137.149
134.779
132.44
130.131
127.854
125.607
123.391
121.204
119.048
116.921
114.824
112.756
110.717
108.707
106.726
104.773
102.848
100.952
99.083
97.2418
95.4281
93.6415
91.8819
90.1491
88.4429
86.763
85.1092
83.4813
81.8789
80.3019
78.7497
77.222
75.7181
74.2371
72.7779
71.3387
69.9169
68.5087
67.1083
65.7073
64.2897
62.8526
61.4026
59.9452
58.4857
57.0285
55.5779
54.1372
52.7098
51.2984
49.9053
48.5326
47.1818
45.8545
44.5516
43.2742
42.0229
40.7983
39.6006
38.4302
37.2871
36.1715
35.0831
34.0218
32.9875
31.9799
30.9987
30.0435
29.114
28.2098
27.3305
26.4756
25.6448
24.8375
24.0535
23.2921
22.553
21.8358
21.14
20.4653
19.8113
19.1775
18.5637
17.9695
17.3945
16.8386
16.3015
15.783
15.283
14.8017
14.3391
13.8955
13.4711
13.066
12.6803
12.3141
11.9673
11.6397
11.3311
11.0408
10.7685
10.5134
10.2747
10.0516
9.84332
9.64878
9.46707
9.29727
9.13843
8.98968
8.85011
8.71897
8.59548
8.47906
8.36913
8.26519
8.16661
8.07348
7.98468
7.90202
7.8201
7.75113
7.66388
336.671
112.735
70.8679
56.7007
50.0331
46.2016
43.6682
41.8283
40.415
39.2986
38.4148
37.7307
37.2286
36.8987
36.7375
36.7265
36.8564
37.1167
37.4966
37.9855
38.5733
39.2504
40.0086
40.8399
41.7378
42.6961
43.7097
44.7742
45.8858
47.0411
48.2375
49.4729
50.7453
52.0533
53.396
54.7724
56.1822
57.6251
59.101
60.6103
62.1533
63.7305
65.3428
66.9909
68.6759
70.3988
72.1608
73.9632
75.8072
77.6942
79.6255
81.6022
83.6255
85.6957
87.8212
89.9992
92.2323
94.5154
96.8504
99.2389
101.682
104.181
106.737
109.351
112.023
114.753
117.543
120.393
123.303
126.272
129.301
132.391
135.539
138.748
142.015
145.341
148.725
152.166
155.665
159.221
162.833
166.5
170.224
174.002
177.835
181.722
185.664
189.661
193.712
197.818
201.98
206.198
210.474
214.808
219.202
223.657
228.176
232.76
237.412
242.135
246.932
251.805
256.759
261.798
266.927
272.15
277.473
282.901
288.44
294.096
299.876
305.785
311.83
318.018
324.354
330.845
337.496
344.311
351.292
358.439
365.752
373.231
380.87
388.667
396.612
404.697
412.91
421.235
429.653
438.144
446.68
455.231
463.761
472.232
480.597
488.807
496.808
504.541
511.944
518.951
525.495
531.506
536.918
541.665
545.686
548.93
551.333
552.888
553.57
553.343
552.217
550.205
547.335
543.649
539.198
534.045
528.26
521.918
515.097
507.875
500.331
492.537
484.565
476.477
468.333
460.182
452.069
444.031
436.098
428.295
420.64
413.146
405.821
398.673
391.705
384.916
378.305
371.869
365.602
359.499
353.553
347.76
342.111
336.6
331.221
325.968
320.834
315.813
310.899
306.087
301.372
296.749
292.213
287.76
283.386
279.087
274.86
270.701
266.607
262.577
258.606
254.693
250.836
247.032
243.279
239.577
235.924
232.318
228.757
225.241
221.769
218.34
214.953
211.606
208.3
205.034
201.806
198.617
195.467
192.353
189.277
186.237
183.234
180.267
177.335
174.438
171.577
168.75
165.958
163.201
160.477
157.787
155.13
152.507
149.918
147.361
144.837
142.345
139.885
137.458
135.063
132.699
130.367
128.066
125.796
123.557
121.349
119.171
117.024
114.906
112.818
110.76
108.732
106.732
104.762
102.82
100.907
99.0218
97.1652
95.3364
93.5355
91.762
90.0158
88.2968
86.6045
84.9388
83.2992
81.6856
80.0972
78.5335
76.9936
75.4762
73.9793
72.5002
71.0346
69.5758
68.1149
66.6339
65.1365
63.6286
62.1156
60.6023
59.0931
57.592
56.1024
54.6273
53.1693
51.7308
50.3137
48.9195
47.5497
46.2053
44.8871
43.5959
42.3321
41.0961
39.8881
38.7081
37.5563
36.4325
35.3365
34.2681
33.2272
32.2133
31.2261
30.2652
29.3304
28.4211
27.5369
26.6774
25.8423
25.031
24.2431
23.4782
22.7359
22.0158
21.3176
20.6407
19.9849
19.3497
18.735
18.1403
17.5653
17.0098
16.4735
15.9562
15.4581
14.979
14.5191
14.0786
13.6576
13.2562
12.8743
12.5118
12.1688
11.8447
11.5392
11.2519
10.9819
10.7287
10.4914
10.2692
10.061
9.86614
9.6835
9.51221
9.35138
9.20012
9.05762
8.92312
8.79595
8.67546
8.56116
8.45236
8.34904
8.24994
8.15702
8.06424
7.98566
7.88471
330.796
109.999
68.278
54.154
47.5241
43.7531
41.3096
39.5754
38.2812
37.2919
36.5368
35.9777
35.5922
35.3694
35.2968
35.3623
35.556
35.8687
36.2911
36.8143
37.4299
38.1299
38.9071
39.755
40.6677
41.6402
42.6677
43.7464
44.8728
46.0439
47.2574
48.511
49.8032
51.1326
52.4981
53.899
55.3349
56.8055
58.311
59.8515
61.4275
63.0395
64.6886
66.3754
68.1013
69.8673
71.6747
73.5249
75.4197
77.3604
79.3483
81.3833
83.473
85.6156
87.8119
90.0658
92.3771
94.7434
97.1667
99.6484
102.19
104.792
107.457
110.184
112.975
115.831
118.751
121.736
124.786
127.902
131.083
134.33
137.641
141.016
144.456
147.958
151.524
155.151
158.839
162.588
166.397
170.264
174.19
178.173
182.213
186.309
190.461
194.668
198.931
203.249
207.622
212.051
216.536
221.079
225.679
230.339
235.06
239.844
244.693
249.61
254.596
259.657
264.794
270.012
275.316
280.71
286.2
291.792
297.491
303.305
309.239
315.301
321.499
327.839
334.328
340.976
347.787
354.768
361.923
369.254
376.763
384.45
392.315
400.354
408.563
416.936
425.463
434.133
442.929
451.834
460.824
469.872
478.946
488.006
497.011
505.911
514.651
523.17
531.402
539.276
546.716
553.644
559.98
565.645
570.563
574.661
577.876
580.158
581.46
581.766
581.07
579.367
576.678
573.04
568.508
563.146
557.033
550.254
542.898
535.058
526.826
518.291
509.538
500.643
491.677
482.704
473.776
464.939
456.23
447.678
439.307
431.131
423.16
415.403
407.861
400.535
393.421
386.514
379.808
373.295
366.967
360.816
354.834
349.011
343.34
337.812
332.42
327.156
322.014
316.985
312.065
307.246
302.524
297.893
293.349
288.887
284.502
280.191
275.951
271.778
267.67
263.622
259.634
255.702
251.825
248.001
244.227
240.502
236.826
233.196
229.611
226.071
222.574
219.119
215.706
212.334
209.001
205.709
202.455
199.24
196.063
192.924
189.821
186.756
183.727
180.734
177.777
174.856
171.97
169.119
166.303
163.522
160.775
158.062
155.383
152.738
150.126
147.548
145.003
142.491
140.011
137.564
135.15
132.767
130.416
128.097
125.81
123.554
121.329
119.134
116.971
114.838
112.735
110.662
108.62
106.606
104.623
102.668
100.743
98.8459
96.9779
95.1383
93.3269
91.5434
89.7876
88.0593
86.3581
84.6836
83.0352
81.4123
79.814
78.2387
76.6845
75.1483
73.6253
72.108
70.5853
69.0424
67.4857
65.9209
64.353
62.7868
61.2265
59.6757
58.1379
56.6159
55.1123
53.6292
52.1685
50.7318
49.3202
47.935
46.5769
45.2465
43.9443
42.6706
41.4256
40.2094
39.0219
37.8631
36.7328
35.6307
34.5567
33.5102
32.4911
31.4989
30.5333
29.5937
28.6799
27.7914
26.9278
26.0886
25.2734
24.4819
23.7136
22.9681
22.2451
21.5442
20.865
20.2073
19.5706
18.9547
18.3592
17.7839
17.2284
16.6926
16.1764
15.6796
15.2023
14.7447
14.3067
13.8885
13.49
13.1111
12.7517
12.4114
12.0899
11.7867
11.5012
11.2327
10.9804
10.7434
10.5209
10.3121
10.1159
9.93138
9.75775
9.59409
9.43957
9.29339
9.15486
9.02329
8.89813
8.77869
8.66487
8.5553
8.45199
8.34853
8.26016
8.14634
320.26
107.716
65.9029
51.8196
45.2416
41.536
39.1775
37.5394
36.3505
35.4715
34.8274
34.3755
34.0908
33.9578
33.9621
34.0936
34.343
34.7017
35.1618
35.7157
36.3563
37.0771
37.8721
38.7357
39.663
40.6495
41.6912
42.7848
43.9271
45.1154
46.3475
47.6216
48.9358
50.2892
51.6805
53.1091
54.5747
56.0769
57.6158
59.1917
60.805
62.4563
64.1465
65.8765
67.6477
69.461
71.3177
73.2176
75.1686
77.1694
79.2202
81.3215
83.4753
85.6859
87.9574
90.2894
92.6801
95.1306
97.6428
100.218
102.858
105.563
108.336
111.176
114.085
117.064
120.113
123.232
126.421
129.682
133.013
136.414
139.885
143.426
147.035
150.713
154.458
158.269
162.145
166.086
170.09
174.156
178.283
182.47
186.717
191.021
195.383
199.801
204.275
208.805
213.39
218.031
222.727
227.479
232.287
237.153
242.078
247.063
252.109
257.22
262.398
267.645
272.964
278.361
283.838
289.401
295.054
300.805
306.658
312.621
318.7
324.903
331.237
337.711
344.334
351.112
358.056
365.171
372.464
379.938
387.597
395.442
403.475
411.695
420.099
428.685
437.446
446.373
455.455
464.678
474.022
483.464
492.977
502.526
512.072
521.569
530.964
540.198
549.203
557.906
566.226
574.077
581.367
588.006
593.901
598.963
603.109
606.264
608.373
609.372
609.281
608.069
605.735
602.309
597.841
592.399
586.065
578.934
571.107
562.691
553.794
544.523
534.977
525.251
515.431
505.593
495.803
486.116
476.578
467.226
458.087
449.18
440.517
432.107
423.952
416.053
408.404
400.999
393.829
386.885
380.157
373.634
367.305
361.161
355.189
349.381
343.727
338.218
332.844
327.599
322.474
317.462
312.556
307.751
303.04
298.419
293.882
289.425
285.044
280.735
276.494
272.319
268.206
264.153
260.158
256.217
252.331
248.495
244.709
240.972
237.281
233.637
230.037
226.481
222.967
219.495
216.065
212.675
209.325
206.015
202.743
199.51
196.315
193.157
190.037
186.953
183.907
180.896
177.921
174.983
172.079
169.212
166.379
163.581
160.817
158.088
155.393
152.733
150.106
147.512
144.952
142.426
139.932
137.471
135.043
132.647
130.283
127.952
125.652
123.384
121.147
118.941
116.767
114.623
112.51
110.427
108.375
106.352
104.36
102.397
100.463
98.5589
96.6836
94.837
93.019
91.2292
89.4673
87.7329
86.0255
84.3442
82.6882
81.0558
79.4448
77.8517
76.2715
74.6957
73.1102
71.5068
69.8919
68.2712
66.6495
65.0314
63.4208
61.8214
60.2363
58.6683
57.1199
55.5931
54.0898
52.6113
51.159
49.7339
48.3366
46.9679
45.6281
44.3175
43.0364
41.7846
40.5622
39.3691
38.205
37.0698
35.963
34.8845
33.8337
32.8103
31.814
30.8443
29.9008
28.983
28.0906
27.2231
26.3802
25.5614
24.7663
23.9947
23.2461
22.5202
21.8166
21.1351
20.4753
19.8369
19.2197
18.6232
18.0473
17.4917
16.956
16.4404
15.9446
15.4687
15.0128
14.5768
14.1607
13.7644
13.3877
13.0303
12.692
12.3721
12.0702
11.7855
11.5173
11.2648
11.0272
10.8036
10.593
10.3945
10.2073
10.0305
9.86316
9.70458
9.55399
9.41069
9.27408
9.14344
9.01861
8.8982
8.78416
8.66988
8.57137
8.44508
305.788
105.044
63.6883
49.7028
43.1925
39.5543
37.2731
35.7236
34.6279
33.845
33.2966
32.9369
32.738
32.6813
32.753
32.9431
33.2423
33.6428
34.1376
34.7204
35.3853
36.1269
36.94
37.8202
38.7632
39.7654
40.8232
41.9338
43.0943
44.3024
45.5561
46.8537
48.1935
49.5745
50.9957
52.4563
53.9561
55.4946
57.072
58.6886
60.3447
62.0407
63.7773
65.5545
67.378
69.2468
71.1613
73.1229
75.1301
77.1873
79.2979
81.4656
83.693
85.9815
88.3309
90.7408
93.2131
95.7494
98.3514
101.021
103.759
106.567
109.446
112.398
115.424
118.524
121.699
124.949
128.275
131.677
135.154
138.707
142.334
146.037
149.812
153.661
157.582
161.573
165.633
169.762
173.958
178.22
182.546
186.934
191.384
195.895
200.465
205.092
209.777
214.518
219.314
224.166
229.073
234.035
239.052
244.125
249.255
254.442
259.689
264.996
270.367
275.803
281.307
286.884
292.536
298.269
304.087
309.997
316.003
322.113
328.333
334.672
341.136
347.735
354.477
361.372
368.429
375.657
383.06
390.646
398.418
406.379
414.531
422.875
431.411
440.138
449.052
458.148
467.418
476.85
486.432
496.146
505.968
515.871
525.822
535.781
545.7
555.524
565.191
574.627
583.751
592.473
600.696
608.317
615.232
621.333
626.518
630.689
633.762
635.671
636.331
635.81
634.029
631.007
626.784
621.424
615.013
607.65
599.45
590.532
581.023
571.045
560.72
550.159
539.467
528.736
518.047
507.468
497.056
486.856
476.901
467.216
457.817
448.712
439.907
431.399
423.184
415.252
407.595
400.199
393.053
386.143
379.456
372.979
366.7
360.606
354.686
348.929
343.324
337.862
332.534
327.33
322.245
317.269
312.396
307.621
302.937
298.34
293.824
289.385
285.02
280.724
276.494
272.327
268.221
264.172
260.18
256.241
252.354
248.517
244.728
240.987
237.292
233.642
230.036
226.472
222.951
219.472
216.033
212.634
209.275
205.955
202.674
199.431
196.226
193.058
189.928
186.834
183.777
180.757
177.772
174.824
171.91
169.033
166.19
163.382
160.609
157.871
155.167
152.497
149.861
147.259
144.691
142.155
139.653
137.184
134.748
132.344
129.973
127.634
125.327
123.052
120.809
118.597
116.416
114.267
112.148
110.06
108.002
105.975
103.978
102.011
100.073
98.1653
96.2866
94.4369
92.6157
90.8228
89.0574
87.3189
85.6062
83.9175
82.2504
80.6011
78.9637
77.3297
75.6816
74.0186
72.3468
70.6713
68.9969
67.328
65.6682
64.0212
62.3899
60.7769
59.1848
57.6153
56.0703
54.5512
53.0591
51.595
50.1596
48.7535
47.3771
46.0305
44.714
43.4276
42.1711
40.9444
39.7473
38.5795
37.4407
36.3306
35.2487
34.1946
33.1679
32.1682
31.1951
30.2482
29.327
28.4311
27.5601
26.7138
25.8916
25.0932
24.3184
23.5667
22.8379
22.1317
21.4478
20.7859
20.1457
19.527
18.9294
18.3527
17.7966
17.2608
16.7454
16.2502
15.7752
15.3205
14.8858
14.4711
14.0762
13.7009
13.3448
13.0074
12.6881
12.3864
12.1016
11.8327
11.5791
11.3398
11.114
10.9007
10.6991
10.5083
10.3274
10.1556
9.99222
9.83645
9.6877
9.54522
9.40878
9.277
9.15172
9.02632
8.91716
8.77848
287.915
101.751
61.5186
47.7669
41.3622
37.802
35.5964
34.1278
33.1156
32.417
31.9518
31.6719
31.5472
31.5579
31.6897
31.9332
32.2784
32.7184
33.247
33.8588
34.5489
35.3128
36.1462
37.0456
38.0073
39.0283
40.1057
41.2369
42.4195
43.6516
44.9312
46.2567
47.6269
49.0407
50.4971
51.9954
53.5351
55.1159
56.7369
58.4016
60.1087
61.8579
63.6495
65.4839
67.3602
69.2821
71.252
73.2726
75.3468
77.477
79.6648
81.9112
84.2168
86.5825
89.0105
91.5022
94.0595
96.6841
99.3778
102.142
104.979
107.89
110.876
113.939
117.08
120.299
123.597
126.975
130.434
133.973
137.593
141.292
145.072
148.93
152.867
156.882
160.972
165.138
169.378
173.69
178.073
182.525
187.044
191.63
196.28
200.993
205.767
210.601
215.493
220.442
225.448
230.51
235.627
240.798
246.024
251.305
256.64
262.032
267.481
272.987
278.554
284.183
289.877
295.638
301.47
307.378
313.366
319.439
325.603
331.865
338.23
344.706
351.302
358.025
364.885
371.892
379.054
386.382
393.883
401.561
409.422
417.469
425.704
434.129
442.745
451.552
460.547
469.728
479.089
488.624
498.322
508.172
518.157
528.258
538.447
548.694
558.961
569.202
579.361
589.373
599.162
608.64
617.71
626.262
634.182
641.347
647.634
652.922
657.102
660.081
661.688
662.029
661.015
658.608
654.836
649.754
643.444
636.008
627.569
618.26
608.224
597.603
586.539
575.165
563.605
551.972
540.363
528.863
517.542
506.455
495.646
485.143
474.967
465.13
455.638
446.49
437.678
429.195
421.026
413.159
405.578
398.267
391.21
384.393
377.799
371.414
365.225
359.218
353.382
347.705
342.175
336.784
331.522
326.38
321.351
316.428
311.603
306.872
302.228
297.667
293.184
288.775
284.436
280.164
275.955
271.808
267.718
263.684
259.704
255.776
251.898
248.069
244.288
240.552
236.862
233.215
229.612
226.051
222.532
219.053
215.615
212.216
208.857
205.536
202.254
199.009
195.803
192.634
189.501
186.406
183.347
180.324
177.337
174.386
171.47
168.59
165.745
162.934
160.159
157.418
154.711
152.039
149.4
146.796
144.225
141.687
139.182
136.711
134.273
131.867
129.493
127.152
124.843
122.567
120.321
118.108
115.926
113.775
111.655
109.566
107.508
105.48
103.483
101.516
99.5784
97.6706
95.7919
93.9421
92.1205
90.3262
88.558
86.8141
85.0919
83.3871
81.6929
80.0002
78.2906
76.5694
74.8418
73.1129
71.3872
69.6686
67.961
66.2676
64.5912
62.9345
61.2997
59.6887
58.1031
56.5444
55.0136
53.5116
52.0391
50.5967
49.1846
47.8031
46.4522
45.132
43.8423
42.583
41.3538
40.1543
38.9842
37.8432
36.7308
35.6465
34.59
33.5609
32.5586
31.5827
30.6329
29.7087
28.8098
27.9357
27.0862
26.2608
25.4593
24.6814
23.9268
23.1953
22.4865
21.8002
21.1362
20.4941
19.8738
19.2749
18.6972
18.1404
17.6042
17.0887
16.5937
16.1191
15.6649
15.2309
14.817
14.4228
14.048
13.6921
13.3547
13.0351
12.7327
12.4466
12.1761
11.9204
11.6785
11.4495
11.2326
11.027
10.8317
10.6459
10.4689
10.2999
10.1383
9.98324
9.83451
9.69075
9.55364
9.41666
9.29626
9.14503
267.399
97.8087
59.3487
45.983
39.7326
36.2671
34.1403
32.7489
31.8136
31.1913
30.8006
30.592
30.5342
30.6051
30.7933
31.0865
31.4759
31.9549
32.518
33.1606
33.8785
34.6679
35.5255
36.448
37.4329
38.4773
39.5793
40.7364
41.9467
43.2082
44.5194
45.8787
47.2845
48.7386
50.2385
51.7829
53.3707
55.0015
56.675
58.3888
60.1457
61.9471
63.7941
65.6891
67.6331
69.6285
71.676
73.7767
75.9319
78.1421
80.4091
82.7351
85.1218
87.5708
90.0841
92.6635
95.3108
98.028
100.817
103.679
106.617
109.632
112.725
115.899
119.153
122.49
125.909
129.413
133.001
136.673
140.431
144.272
148.198
152.207
156.3
160.474
164.728
169.063
173.475
177.964
182.527
187.163
191.871
196.647
201.492
206.401
211.375
216.411
221.507
226.662
231.874
237.144
242.469
247.848
253.283
258.772
264.315
269.913
275.566
281.276
287.043
292.87
298.758
304.711
310.731
316.823
322.989
329.235
335.567
341.989
348.508
355.132
361.868
368.723
375.708
382.831
390.102
397.531
405.126
412.892
420.832
428.951
437.249
445.728
454.388
463.229
472.249
481.445
490.815
500.353
510.053
519.907
529.906
540.035
550.279
560.617
571.024
581.465
591.899
602.274
612.524
622.573
632.327
641.68
650.511
658.686
666.064
672.503
677.864
682.004
684.835
686.164
686.096
684.522
681.424
676.841
670.841
663.526
655.021
645.47
635.03
623.865
612.136
600.001
587.606
575.086
562.559
550.128
537.879
525.88
514.186
502.834
491.85
481.25
471.042
461.225
451.793
442.734
434.035
425.679
417.648
409.924
402.489
395.323
388.409
381.73
375.27
369.013
362.946
357.055
351.327
345.751
340.317
335.015
329.836
324.771
319.813
314.955
310.192
305.517
300.925
296.411
291.972
287.603
283.301
279.063
274.886
270.766
266.703
262.694
258.736
254.829
250.97
247.159
243.394
239.674
235.997
232.364
228.773
225.224
221.715
218.247
214.818
211.429
208.078
204.765
201.491
198.254
195.054
191.892
188.766
185.676
182.623
179.606
176.624
173.678
170.768
167.892
165.052
162.246
159.475
156.738
154.035
151.367
148.732
146.131
143.563
141.029
138.528
136.06
133.624
131.222
128.851
126.514
124.208
121.934
119.692
117.482
115.303
113.156
111.039
108.954
106.899
104.875
102.882
100.918
98.9843
97.0796
95.2036
93.3552
91.5332
89.7356
87.9594
86.1999
84.4496
82.6964
80.9278
79.1501
77.3685
75.5877
73.8121
72.0455
70.2913
68.5528
66.8327
65.1335
63.4573
61.806
60.1811
58.584
57.0156
55.4769
53.9685
52.4908
51.0441
49.6287
48.2446
46.8917
45.5699
44.2789
43.0184
41.7882
40.5877
39.4166
38.2745
37.1609
36.0753
35.0172
33.9863
32.9821
32.004
31.0519
30.1252
29.2235
28.3467
27.4942
26.666
25.8616
25.0808
24.3235
23.5892
22.878
22.1894
21.5232
20.8793
20.2574
19.6571
19.0782
18.5204
17.9835
17.4676
16.9723
16.4976
16.0434
15.6095
15.1955
14.8012
14.4261
14.0697
13.7313
13.4105
13.1063
12.8181
12.545
12.2862
12.0407
11.8078
11.5864
11.3759
11.1753
10.9839
10.8008
10.6255
10.4572
10.2955
10.139
9.98943
9.84031
9.70802
9.54392
245.032
93.2226
57.1452
44.3252
38.2846
34.9362
32.8963
31.5827
30.722
30.172
29.8508
29.7084
29.7131
29.8416
30.0839
30.4258
30.8595
31.3788
31.9788
32.6555
33.4053
34.225
35.1117
36.0628
37.0761
38.1489
39.2823
40.4727
41.7181
43.0169
44.3675
45.7685
47.2191
48.7145
50.2567
51.8459
53.4818
55.1647
56.8958
58.675
60.5036
62.3813
64.3084
66.2857
68.3136
70.392
72.5228
74.7077
76.948
79.2451
81.6007
84.0164
86.4942
89.0358
91.6432
94.3183
97.063
99.8793
102.769
105.735
108.778
111.9
115.102
118.388
121.757
125.211
128.751
132.378
136.093
139.895
143.786
147.765
151.832
155.987
160.228
164.555
168.967
173.463
178.041
182.699
187.435
192.249
197.137
202.098
207.13
212.231
217.398
222.63
227.925
233.282
238.698
244.172
249.703
255.29
260.933
266.63
272.382
278.189
284.051
289.969
295.943
301.975
308.067
314.221
320.439
326.725
333.082
339.515
346.028
352.626
359.315
366.102
372.993
379.996
387.12
394.374
401.767
409.31
417.009
424.87
432.895
441.086
449.443
457.966
466.653
475.503
484.511
493.674
502.988
512.45
522.053
531.794
541.666
551.664
561.78
572.006
582.328
592.728
603.181
613.653
624.099
634.458
644.652
654.584
664.136
673.172
681.539
689.073
695.612
700.99
705.056
707.701
708.662
708.121
705.923
702.072
696.616
689.644
681.28
671.674
660.994
649.421
637.14
624.331
611.166
597.804
584.387
571.038
557.863
544.947
532.355
520.137
508.325
496.941
485.995
475.489
465.416
455.766
446.521
437.663
429.172
421.026
413.205
405.686
398.448
391.473
384.741
378.236
371.94
365.838
359.916
354.161
348.561
343.104
337.781
332.582
327.498
322.523
317.648
312.867
308.176
303.567
299.037
294.582
290.196
285.878
281.623
277.428
273.292
269.212
265.185
261.21
257.284
253.408
249.578
245.795
242.056
238.361
234.708
231.098
227.529
224.001
220.513
217.064
213.654
210.283
206.95
203.654
200.396
197.176
193.992
190.844
187.733
184.658
181.618
178.615
175.646
172.713
169.815
166.951
164.122
161.328
158.567
155.841
153.149
150.491
147.866
145.274
142.716
140.191
137.699
135.24
132.813
130.419
128.057
125.727
123.429
121.164
118.93
116.727
114.556
112.417
110.308
108.23
106.184
104.167
102.18
100.223
98.2953
96.395
94.5211
92.6714
90.8426
89.0294
87.2236
85.4102
83.5844
81.752
79.9182
78.0873
76.2634
74.4503
72.6512
70.8691
69.1068
67.3666
65.6504
63.9602
62.2973
60.663
59.0584
57.4841
55.9409
54.4292
52.9492
51.5011
50.0848
48.7003
47.3474
46.0258
44.7352
43.4752
42.2453
41.0452
39.8743
38.7322
37.6182
36.5321
35.4733
34.4413
33.4356
32.456
31.502
30.5731
29.6692
28.7899
27.9349
27.104
26.297
25.5136
24.7536
24.0169
23.3033
22.6125
21.9443
21.2986
20.6749
20.0731
19.4928
18.9339
18.3961
17.8793
17.3833
16.9081
16.4533
16.0188
15.6041
15.2089
14.8327
14.4748
14.1347
13.8117
13.505
13.2137
12.9371
12.6743
12.4244
12.1866
11.96
11.7437
11.537
11.3392
11.1494
10.967
10.7916
10.6218
10.459
10.2971
10.1523
9.97486
221.797
88.1074
54.9149
42.7887
37.011
33.8028
31.86
30.6284
29.8437
29.3659
29.1136
29.0368
29.1009
29.2883
29.5842
29.9761
30.456
31.0179
31.6567
32.3729
33.161
34.0176
34.9404
35.9274
36.9766
38.087
39.2528
40.4754
41.7544
43.0892
44.479
45.9229
47.4207
48.9715
50.5755
52.2321
53.9406
55.7006
57.5118
59.3736
61.2853
63.2479
65.2619
67.328
69.4467
71.6187
73.8452
76.1272
78.4661
80.8632
83.3202
85.8385
88.4199
91.0662
93.7793
96.5611
99.4136
102.339
105.338
108.415
111.57
114.805
118.123
121.524
125.011
128.585
132.247
135.998
139.839
143.77
147.792
151.906
156.11
160.406
164.791
169.266
173.829
178.479
183.215
188.035
192.938
197.921
202.983
208.121
213.334
218.618
223.973
229.396
234.884
240.437
246.052
251.728
257.463
263.256
269.106
275.013
280.976
286.995
293.069
299.2
305.388
311.634
317.939
324.305
330.734
337.228
343.792
350.428
357.14
363.933
370.812
377.783
384.851
392.024
399.309
406.716
414.253
421.929
429.752
437.726
445.852
454.13
462.557
471.13
479.845
488.696
497.676
506.779
515.999
525.327
534.761
544.294
553.924
563.649
573.469
583.383
593.393
603.497
613.69
623.959
634.285
644.633
654.948
665.156
675.153
684.806
693.954
702.423
710.033
716.601
721.957
725.965
728.156
728.78
727.693
724.806
720.135
713.75
705.762
696.319
685.597
673.793
661.109
647.752
633.918
619.793
605.545
591.321
577.248
563.429
549.947
536.862
524.218
512.042
500.351
489.146
478.424
468.171
458.372
449.005
440.048
431.476
423.265
415.391
407.83
400.56
393.559
386.807
380.286
373.978
367.868
361.939
356.18
350.576
345.117
339.792
334.591
329.506
324.53
319.654
314.872
310.179
305.568
301.036
296.578
292.19
287.869
283.61
279.412
275.271
271.186
267.154
263.174
259.243
255.361
251.525
247.734
243.988
240.286
236.626
233.008
229.43
225.893
222.396
218.937
215.518
212.136
208.792
205.486
202.217
198.984
195.788
192.628
189.504
186.416
183.363
180.345
177.363
174.415
171.502
168.623
165.778
162.968
160.192
157.449
154.74
152.065
149.422
146.813
144.237
141.694
139.184
136.706
134.261
131.848
129.468
127.119
124.803
122.518
120.265
118.043
115.853
113.695
111.567
109.47
107.404
105.368
103.361
101.384
99.4341
97.5105
95.6107
93.7308
91.8649
90.004
88.1318
86.2507
84.3658
82.4817
80.6026
78.7324
76.8747
75.0324
73.2086
71.4057
69.626
67.8714
66.1437
64.4442
62.7743
61.1347
59.5264
57.9497
56.4053
54.8932
53.4135
51.9663
50.5514
49.1686
47.8176
46.4979
45.2093
43.9511
42.7229
41.5243
40.3546
39.2133
38.1
37.0141
35.9551
34.9226
33.9162
32.9354
31.98
31.0495
30.1437
29.2623
28.4051
27.5719
26.7625
25.9767
25.2144
24.4754
23.7596
23.0668
22.3966
21.749
21.1237
20.5202
19.9384
19.3781
18.839
18.3211
17.8241
17.3478
16.892
16.4562
16.0402
15.6434
15.2653
14.9053
14.5626
14.2366
13.9264
13.6312
13.3503
13.0827
12.8276
12.5841
12.3514
12.1287
11.9152
11.7102
11.513
11.3231
11.1392
10.9625
10.7872
10.6291
10.4379
196.714
82.0573
52.4385
41.2322
35.8057
32.7809
30.9613
29.8309
29.1356
28.7399
28.5645
28.5604
28.6902
28.9432
29.3018
29.7528
30.288
30.9018
31.5904
32.3457
33.1693
34.0605
35.0184
36.0416
37.1289
38.2795
39.4924
40.7666
42.1014
43.4968
44.9526
46.4674
48.0401
49.6697
51.355
53.0953
54.8907
56.7409
58.6457
60.6048
62.618
64.6855
66.8076
68.9846
71.217
73.5052
75.8503
78.2529
80.7142
83.2354
85.8177
88.4625
91.1714
93.946
96.7881
99.6995
102.682
105.738
108.868
112.076
115.362
118.73
122.18
125.714
129.335
133.043
136.84
140.728
144.707
148.777
152.941
157.198
161.548
165.991
170.527
175.155
179.875
184.685
189.584
194.571
199.643
204.8
210.04
215.359
220.757
226.231
231.778
237.397
243.086
248.843
254.665
260.551
266.5
272.51
278.581
284.711
290.899
297.146
303.451
309.815
316.237
322.719
329.261
335.865
342.531
349.264
356.064
362.935
369.88
376.903
384.007
391.197
398.479
405.859
413.342
420.938
428.654
436.5
444.481
452.601
460.858
469.25
477.772
486.416
495.173
504.032
512.983
522.013
531.11
540.264
549.464
558.705
567.982
577.293
586.645
596.043
605.501
615.033
624.655
634.382
644.223
654.178
664.229
674.337
684.426
694.375
704.017
713.178
721.676
729.317
735.897
741.177
745.032
746.947
747.159
745.481
741.867
736.343
728.996
719.964
709.425
697.582
684.66
670.885
656.484
641.67
626.64
611.569
596.608
581.884
567.497
553.526
540.023
527.027
514.559
502.626
491.224
480.343
469.963
460.065
450.62
441.604
432.988
424.746
416.85
409.276
401.998
394.995
388.245
381.729
375.429
369.327
363.409
357.66
352.068
346.621
341.308
336.119
331.045
326.08
321.215
316.443
311.76
307.16
302.637
298.187
293.807
289.493
285.242
281.051
276.916
272.837
268.811
264.835
260.909
257.03
253.198
249.411
245.667
241.967
238.308
234.691
231.114
227.577
224.079
220.62
217.199
213.815
210.469
207.159
203.886
200.65
197.449
194.283
191.154
188.059
184.999
181.973
178.983
176.026
173.104
170.215
167.36
164.539
161.752
158.997
156.276
153.588
150.933
148.31
145.721
143.163
140.639
138.146
135.686
133.257
130.861
128.496
126.164
123.862
121.593
119.355
117.148
114.972
112.827
110.713
108.628
106.574
104.548
102.549
100.576
98.6262
96.6947
94.7749
92.8556
90.9252
88.9889
87.0516
85.1175
83.1906
81.2743
79.3721
77.487
75.6215
73.7783
71.9593
70.1665
68.4016
66.6658
64.9603
63.286
61.6436
60.0338
58.4567
56.9126
55.4016
53.9236
52.4785
51.0659
49.6855
48.337
47.0198
45.7334
44.4773
43.251
42.0538
40.8853
39.7448
38.6319
37.546
36.4866
35.4533
34.4457
33.4634
32.5061
31.5735
30.6654
29.7815
28.9216
28.0856
27.2734
26.4848
25.7198
24.9781
24.2596
23.5641
22.8915
22.2415
21.6137
21.0079
20.4239
19.8614
19.3203
18.8004
18.3014
17.8231
17.3652
16.9272
16.5087
16.1092
15.7281
15.3646
15.0182
14.688
14.3732
14.073
13.7865
13.513
13.2515
13.0013
12.7615
12.5313
12.3101
12.097
11.8916
11.6926
11.5011
11.3116
11.1393
10.9335
171.887
75.4676
49.7979
39.7136
34.7391
31.9548
30.294
29.2878
28.7013
28.405
28.3238
28.3992
28.6048
28.9202
29.3292
29.8265
30.4066
31.0653
31.7997
32.6077
33.4871
34.4367
35.4565
36.5446
37.6999
38.9215
40.2084
41.5599
42.9752
44.4533
45.9931
47.5947
49.2578
50.9817
52.7661
54.6104
56.5143
58.4774
60.4994
62.5801
64.7192
66.9167
69.1727
71.4871
73.8602
76.2924
78.7842
81.336
83.9488
86.6233
89.3606
92.1617
95.028
97.9607
100.961
104.032
107.173
110.388
113.677
117.043
120.488
124.013
127.62
131.31
135.087
138.951
142.904
146.946
151.08
155.307
159.627
164.04
168.548
173.15
177.846
182.637
187.521
192.497
197.565
202.724
207.972
213.307
218.727
224.232
229.819
235.485
241.229
247.049
252.943
258.909
264.945
271.05
277.221
283.458
289.76
296.126
302.555
309.047
315.6
322.217
328.896
335.639
342.445
349.316
356.252
363.256
370.329
377.474
384.691
391.986
399.359
406.815
414.357
421.991
429.721
437.554
445.498
453.56
461.745
470.056
478.487
487.034
495.686
504.432
513.256
522.142
531.071
540.025
548.984
557.929
566.844
575.716
584.537
593.304
602.02
610.699
619.36
628.031
636.749
645.553
654.487
663.59
672.893
682.407
692.105
701.88
711.525
720.899
729.843
738.171
745.667
752.087
757.216
760.874
762.342
761.975
759.577
755.112
748.623
740.225
730.086
718.414
705.449
691.437
676.632
661.274
645.592
629.787
614.039
598.497
583.283
568.492
554.192
540.43
527.234
514.618
502.579
491.108
480.186
469.788
459.889
450.459
441.468
432.885
424.682
416.828
409.299
402.068
395.113
388.411
381.942
375.689
369.633
363.76
358.055
352.504
347.098
341.824
336.672
331.636
326.705
321.874
317.136
312.484
307.915
303.421
299.001
294.648
290.361
286.136
281.97
277.86
273.804
269.8
265.847
261.942
258.084
254.271
250.503
246.778
243.095
239.453
235.852
232.29
228.767
225.283
221.837
218.427
215.055
211.719
208.419
205.155
201.926
198.733
195.574
192.449
189.359
186.303
183.281
180.292
177.337
174.415
171.527
168.671
165.848
163.058
160.301
157.576
154.883
152.223
149.595
146.999
144.435
141.902
139.402
136.933
134.496
132.09
129.716
127.373
125.061
122.78
120.531
118.312
116.124
113.966
111.838
109.74
107.669
105.625
103.606
101.608
99.6264
97.653
95.6745
93.6882
91.6993
89.712
87.7303
85.7579
83.7981
81.854
79.9284
78.0239
76.1428
74.287
72.4585
70.6587
68.8889
67.1502
65.4435
63.7694
62.1285
60.521
58.947
57.4067
55.9
54.4265
52.9861
51.5783
50.2026
48.8586
47.5458
46.2635
45.0111
43.7881
42.5938
41.4276
40.2891
39.1776
38.0926
37.0338
36.0005
34.9926
34.0095
33.0511
32.1172
31.2074
30.3216
29.4597
28.6216
27.8072
27.0164
26.2491
25.5051
24.7844
24.0867
23.4119
22.7597
22.1297
21.5217
20.9355
20.3709
19.8276
19.3055
18.8044
18.3237
17.8633
17.4226
17.0011
16.5983
16.2135
15.846
15.495
15.1598
14.8396
14.5336
14.2408
13.9606
13.692
13.4342
13.1866
12.9482
12.7184
12.4967
12.2819
12.0748
11.8701
11.683
11.4619
150.754
69.2499
47.2897
38.378
33.906
31.3982
29.9243
29.0676
28.6024
28.3978
28.3838
28.5141
28.7782
29.1543
29.629
30.195
30.8459
31.5769
32.3845
33.2664
34.2205
35.2452
36.3387
37.5012
38.7324
40.032
41.3995
42.8346
44.3368
45.9056
47.5408
49.2419
51.0087
52.8409
54.7382
56.7
58.7262
60.8162
62.9699
65.1869
67.4668
69.8096
72.215
74.683
77.2135
79.8067
82.4628
85.1819
87.9647
90.8116
93.7233
96.7006
99.7444
102.856
106.036
109.286
112.608
116.002
119.471
123.016
126.639
130.341
134.125
137.991
141.942
145.979
150.104
154.317
158.621
163.017
167.505
172.087
176.763
181.533
186.397
191.356
196.41
201.557
206.797
212.129
217.552
223.066
228.667
234.355
240.128
245.985
251.923
257.941
264.036
270.208
276.455
282.775
289.166
295.629
302.161
308.762
315.432
322.17
328.976
335.85
342.791
349.801
356.88
364.028
371.245
378.534
385.894
393.327
400.834
408.418
416.079
423.82
431.642
439.55
447.546
455.637
463.826
472.121
480.525
489.037
497.651
506.357
515.141
523.985
532.867
541.765
550.651
559.499
568.281
576.969
585.538
593.969
602.244
610.358
618.311
626.117
633.8
641.399
648.966
656.563
664.265
672.15
680.302
688.808
697.637
706.454
715.368
724.362
733.3
741.974
750.152
757.585
763.973
769.08
771.918
772.875
771.781
768.517
763.064
755.506
745.988
734.72
721.943
707.926
692.939
677.253
661.12
644.772
628.413
612.216
596.326
580.853
565.882
551.469
537.652
524.448
511.861
499.88
488.488
477.66
467.369
457.581
448.266
439.391
430.923
422.832
415.089
407.666
400.538
393.681
387.074
380.697
374.531
368.559
362.765
357.135
351.658
346.321
341.113
336.027
331.052
326.181
321.407
316.725
312.127
307.61
303.168
298.796
294.492
290.252
286.072
281.95
277.883
273.869
269.907
265.994
262.128
258.308
254.532
250.8
247.11
243.461
239.853
236.284
232.753
229.261
225.806
222.388
219.006
215.66
212.349
209.073
205.832
202.625
199.452
196.313
193.208
190.135
187.096
184.089
181.116
178.174
175.265
172.388
169.543
166.73
163.949
161.2
158.482
155.796
153.141
150.517
147.925
145.363
142.833
140.334
137.866
135.429
133.022
130.647
128.302
125.988
123.704
121.451
119.228
117.035
114.871
112.735
110.627
108.544
106.484
104.443
102.415
100.391
98.3586
96.3224
94.2866
92.255
90.2312
88.2186
86.2203
84.2392
82.278
80.3391
78.4246
76.5364
74.6764
72.8459
71.0461
69.2782
67.5428
65.8407
64.1723
62.5379
60.9375
59.3712
57.8389
56.3403
54.875
53.4427
52.0429
50.675
49.3385
48.0327
46.7569
45.5106
44.2932
43.1039
41.9422
40.8076
39.6994
38.6173
37.5607
36.5293
35.5227
34.5406
33.5828
32.6491
31.7393
30.8533
29.991
29.1524
28.3373
27.5458
26.7777
26.0329
25.3113
24.6127
23.9368
23.2834
22.6522
22.043
21.4555
20.8895
20.3449
19.8213
19.3184
18.8358
18.3732
17.93
17.5057
17.0996
16.7111
16.3394
15.9839
15.6436
15.3178
15.0057
14.7064
14.4192
14.1432
13.8777
13.6219
13.3751
13.1367
12.9056
12.6826
12.4625
12.26
12.0234
133.625
63.6295
44.9538
37.212
33.2816
31.0859
29.8288
29.1097
28.74
28.6254
28.6972
28.9188
29.2714
29.7331
30.2911
30.9362
31.6636
32.4702
33.3537
34.3122
35.3444
36.4491
37.6257
38.8737
40.193
41.5834
43.0446
44.5767
46.1793
47.8524
49.5959
51.4096
53.2933
55.2469
57.2701
59.3627
61.5245
63.755
66.0541
68.4213
70.8564
73.3592
75.9292
78.5664
81.2705
84.0413
86.879
89.7835
92.7549
95.7936
98.8998
102.074
105.317
108.629
112.011
115.464
118.99
122.588
126.262
130.01
133.837
137.741
141.726
145.793
149.943
154.177
158.498
162.907
167.404
171.991
176.669
181.44
186.303
191.26
196.311
201.456
206.694
212.027
217.453
222.971
228.582
234.283
240.075
245.955
251.922
257.975
264.113
270.334
276.636
283.018
289.479
296.017
302.632
309.323
316.089
322.929
329.844
336.832
343.894
351.029
358.238
365.521
372.878
380.31
387.815
395.395
403.049
410.779
418.583
426.463
434.418
442.449
450.557
458.742
467.005
475.351
483.782
492.302
500.914
509.612
518.388
527.228
536.111
545.014
553.909
562.766
571.55
580.225
588.754
597.103
605.234
613.122
620.742
628.084
635.144
641.934
648.483
654.836
661.058
667.232
673.46
679.853
686.539
693.622
700.795
708.194
716.104
724.424
733.009
741.643
750.084
758.079
765.34
771.498
776.296
778.687
778.977
776.996
772.744
766.217
757.537
746.897
734.542
720.747
705.806
690.006
673.628
656.927
640.134
623.445
607.025
591.004
575.482
560.527
546.185
532.481
519.422
507.002
495.204
484.002
473.368
463.269
453.671
444.54
435.841
427.543
419.614
412.025
404.749
397.76
391.037
384.556
378.298
372.245
366.38
360.689
355.157
349.773
344.525
339.403
334.399
329.504
324.711
320.013
315.403
310.876
306.428
302.052
297.747
293.506
289.328
285.21
281.147
277.14
273.183
269.277
265.419
261.607
257.84
254.116
250.435
246.794
243.194
239.633
236.11
232.625
229.176
225.763
222.387
219.045
215.738
212.465
209.226
206.02
202.847
199.707
196.6
193.525
190.481
187.47
184.49
181.542
178.625
175.739
172.884
170.06
167.267
164.504
161.773
159.071
156.4
153.759
151.149
148.569
146.019
143.499
141.01
138.55
136.121
133.722
131.352
129.013
126.703
124.424
122.173
119.952
117.758
115.592
113.453
111.336
109.241
107.161
105.091
103.017
100.938
98.8583
96.7814
94.7109
92.6502
90.6023
88.5702
86.5566
84.564
82.5946
80.6506
78.7338
76.8457
74.9879
73.1614
71.3673
69.6063
67.879
66.1859
64.5271
62.9029
61.313
59.7575
58.2361
56.7482
55.2937
53.8718
52.482
51.1238
49.7964
48.4993
47.2317
45.9929
44.7823
43.5994
42.4434
41.3138
40.2102
39.132
38.0788
37.0503
36.0462
35.0662
34.1101
33.1778
32.2692
31.3841
30.5226
29.6846
28.87
28.0789
27.311
26.5664
25.8449
25.1462
24.4701
23.8164
23.1847
22.5749
21.9867
21.4199
20.8742
20.3494
19.8451
19.3608
18.8961
18.4504
18.0231
17.6137
17.2213
16.8453
16.4848
16.1391
15.8075
15.489
15.1829
14.8885
14.6049
14.3314
14.0672
13.8118
13.5641
13.3248
13.0889
12.8708
12.6185
120.292
58.724
42.7975
36.1959
32.8405
30.9893
29.9361
29.3761
29.1517
29.1623
29.3337
29.6526
30.0917
30.6361
31.2759
32.0039
32.8156
33.7079
34.6787
35.7263
36.8497
38.048
39.3207
40.6675
42.0883
43.583
45.1516
46.7942
48.5109
50.3017
52.1667
54.106
56.1195
58.2074
60.3696
62.6058
64.9162
67.3003
69.7581
72.2892
74.8934
77.5703
80.3198
83.1414
86.0349
89
92.0366
95.1443
98.3233
101.573
104.895
108.287
111.751
115.287
118.895
122.577
126.331
130.161
134.065
138.046
142.103
146.24
150.456
154.752
159.131
163.594
168.141
172.774
177.494
182.303
187.201
192.189
197.268
202.44
207.704
213.06
218.509
224.051
229.686
235.413
241.232
247.142
253.142
259.231
265.409
271.675
278.026
284.462
290.983
297.586
304.272
311.038
317.885
324.812
331.819
338.904
346.069
353.312
360.635
368.036
375.517
383.076
390.714
398.431
406.225
414.098
422.046
430.071
438.17
446.342
454.586
462.899
471.281
479.73
488.244
496.825
505.473
514.19
522.974
531.818
540.708
549.625
558.544
567.436
576.265
584.994
593.579
601.977
610.142
618.031
625.599
632.812
639.641
646.071
652.095
657.724
662.99
667.946
672.671
677.262
681.853
686.571
691.611
696.479
701.982
707.876
714.436
721.632
729.428
737.624
746.014
754.375
762.692
769.86
775.652
779.877
781.573
781.011
778.088
772.745
765.083
755.278
743.557
730.206
715.525
699.822
683.398
666.533
649.479
632.458
615.654
599.218
583.262
567.87
553.097
538.976
525.52
512.724
500.575
489.049
478.117
467.745
457.899
448.542
439.64
431.158
423.065
415.329
407.922
400.818
393.993
387.424
381.088
374.968
369.044
363.302
357.727
352.307
347.03
341.885
336.863
331.956
327.154
322.452
317.842
313.318
308.875
304.509
300.213
295.986
291.822
287.72
283.675
279.686
275.749
271.863
268.026
264.236
260.49
256.789
253.129
249.511
245.932
242.393
238.891
235.426
231.997
228.604
225.246
221.922
218.632
215.375
212.151
208.959
205.8
202.672
199.575
196.509
193.475
190.471
187.497
184.554
181.641
178.757
175.904
173.08
170.286
167.521
164.785
162.079
159.402
156.755
154.136
151.547
148.987
146.456
143.954
141.481
139.037
136.622
134.237
131.88
129.552
127.253
124.982
122.739
120.523
118.333
116.167
114.023
111.896
109.782
107.671
105.554
103.435
101.318
99.2056
97.1016
95.0089
92.9305
90.8689
88.8269
86.8067
84.8106
82.8405
80.8981
78.9851
77.1028
75.2523
73.4345
71.6503
69.9001
68.1843
66.5033
64.857
63.2455
61.6686
60.1259
58.6172
57.1418
55.6994
54.2892
52.9108
51.5633
50.2461
48.9585
47.6998
46.4693
45.2663
44.0904
42.9407
41.8169
40.7184
39.6448
38.5957
37.5708
36.5699
35.5927
34.6392
33.7091
32.8025
31.9192
31.0593
30.2227
29.4095
28.6195
27.8527
27.109
26.3882
25.6901
25.0143
24.3607
23.729
23.119
22.5304
21.9631
21.4167
20.8908
20.385
19.899
19.4321
18.9838
18.5534
18.1403
17.7438
17.3631
16.9974
16.6461
16.3082
15.9831
15.6699
15.3679
15.0764
14.7946
14.5219
14.2574
14.0015
13.7495
13.5153
13.2472
110.451
54.5954
40.8922
35.3328
32.5514
31.0641
30.2661
29.9034
29.8292
29.951
30.2345
30.6544
31.19
31.8293
32.5639
33.388
34.2977
35.2901
36.363
37.515
38.745
40.0523
41.4365
42.8973
44.4347
46.0487
47.7394
49.5072
51.3522
53.2748
55.2752
57.3538
59.5108
61.7464
64.0609
66.4542
68.9266
71.478
74.1082
76.8172
79.6049
82.4709
85.415
88.4368
91.5362
94.7126
97.9659
101.296
104.701
108.183
111.741
115.374
119.083
122.867
126.726
130.662
134.674
138.762
142.927
147.169
151.49
155.889
160.369
164.929
169.571
174.295
179.104
183.996
188.975
194.04
199.193
204.435
209.766
215.186
220.697
226.299
231.991
237.775
243.65
249.615
255.671
261.817
268.052
274.377
280.789
287.288
293.874
300.546
307.303
314.144
321.069
328.077
335.169
342.343
349.599
356.938
364.36
371.865
379.452
387.123
394.876
402.712
410.631
418.63
426.71
434.868
443.103
451.412
459.793
468.242
476.756
485.331
493.962
502.645
511.377
520.155
528.975
537.839
546.738
555.662
564.592
573.504
582.366
591.145
599.795
608.273
616.529
624.507
632.159
639.428
646.27
652.64
658.513
663.86
668.683
672.99
676.819
680.23
683.328
686.211
689.069
691.983
694.798
697.915
701.637
706.021
711.157
717.102
723.854
731.327
739.341
747.661
756.025
763.931
770.897
777.175
780.33
781.053
779.449
775.438
768.956
760.159
749.256
736.546
722.329
706.921
690.644
673.797
656.654
639.459
622.417
605.695
589.423
573.699
558.587
544.13
530.346
517.237
504.791
492.987
481.796
471.186
461.122
451.565
442.481
433.835
425.595
417.727
410.201
402.994
396.08
389.432
383.029
376.849
370.874
365.089
359.478
354.03
348.731
343.571
338.539
333.627
328.826
324.129
319.528
315.016
310.588
306.24
301.965
297.761
293.622
289.546
285.529
281.569
277.663
273.809
270.004
266.246
262.535
258.867
255.241
251.657
248.112
244.606
241.137
237.705
234.309
230.947
227.62
224.326
221.065
217.836
214.639
211.474
208.339
205.235
202.161
199.117
196.102
193.117
190.161
187.234
184.335
181.466
178.624
175.811
173.026
170.269
167.541
164.84
162.167
159.522
156.905
154.316
151.754
149.221
146.715
144.237
141.787
139.365
136.971
134.604
132.265
129.954
127.67
125.412
123.18
120.972
118.785
116.618
114.464
112.318
110.169
108.017
105.865
103.717
101.575
99.4426
97.3229
95.2183
93.1315
91.065
89.0208
87.0013
85.0082
83.0432
81.1079
79.2035
77.3312
75.4919
73.6864
71.9151
70.1785
68.4768
66.81
65.1782
63.5811
62.0185
60.49
58.995
57.5331
56.1035
54.7058
53.3392
52.0029
50.6963
49.4185
48.1691
46.9471
45.7521
44.5833
43.4403
42.3225
41.2295
40.1608
39.1162
38.0954
37.0981
36.1243
35.1738
34.2465
33.3425
32.4616
31.6039
30.7694
29.9581
29.1698
28.4047
27.6624
26.9427
26.2455
25.5704
24.9173
24.2859
23.676
23.0872
22.5195
21.9723
21.4453
20.938
20.45
19.9807
19.5295
19.0957
18.6787
18.2777
17.892
17.5208
17.1634
16.8191
16.487
16.1665
15.8567
15.557
15.2668
14.9851
14.7123
14.4441
14.1936
13.9096
103.78
51.3963
39.3151
34.6599
32.4572
31.3246
30.7909
30.6248
30.7001
30.9524
31.3603
31.8963
32.5454
33.2976
34.1461
35.0857
36.1129
37.2247
38.4192
39.6949
41.0507
42.4858
43.9999
45.5927
47.2643
49.0148
50.8446
52.7541
54.7438
56.8142
58.9659
61.1995
63.5155
65.9143
68.3965
70.9624
73.6123
76.3465
79.1651
82.0682
85.0558
88.1277
91.2837
94.5237
97.8474
101.254
104.744
108.316
111.971
115.707
119.524
123.422
127.4
131.459
135.597
139.815
144.113
148.49
152.947
157.484
162.101
166.798
171.576
176.435
181.377
186.401
191.508
196.7
201.976
207.337
212.784
218.318
223.94
229.649
235.446
241.332
247.306
253.368
259.519
265.759
272.086
278.502
285.004
291.593
298.268
305.029
311.876
318.807
325.822
332.921
340.103
347.369
354.719
362.152
369.669
377.271
384.956
392.726
400.581
408.52
416.545
424.653
432.845
441.119
449.471
457.901
466.405
474.979
483.618
492.318
501.07
509.87
518.709
527.581
536.479
545.394
554.324
563.261
572.196
581.109
589.981
598.776
607.463
615.993
624.322
632.393
640.148
647.53
654.474
660.93
666.84
672.167
676.875
680.944
684.369
687.177
689.397
691.112
692.48
693.531
694.396
695.027
696.094
697.593
699.712
702.569
706.282
710.939
716.59
723.201
730.642
738.692
747.049
755.317
763.11
769.846
775.323
777.846
777.651
774.879
769.486
761.806
751.88
739.992
726.423
711.492
695.542
678.89
661.823
644.608
627.469
610.592
594.121
578.167
562.808
548.094
534.053
520.691
508
495.962
484.55
473.735
463.479
453.745
444.496
435.703
427.33
419.34
411.704
404.404
397.411
390.693
384.226
377.991
371.968
366.143
360.5
355.027
349.71
344.54
339.504
334.594
329.8
325.115
320.53
316.038
311.632
307.309
303.063
298.889
294.783
290.742
286.762
282.841
278.974
275.16
271.397
267.682
264.014
260.39
256.809
253.269
249.769
246.307
242.882
239.494
236.14
232.821
229.536
226.283
223.062
219.873
216.714
213.585
210.487
207.417
204.377
201.365
198.381
195.426
192.498
189.598
186.725
183.879
181.06
178.267
175.502
172.763
170.051
167.365
164.706
162.073
159.466
156.886
154.332
151.805
149.304
146.829
144.381
141.96
139.564
137.196
134.853
132.537
130.246
127.98
125.737
123.516
121.315
119.128
116.952
114.777
112.597
110.417
108.238
106.065
103.899
101.744
99.6021
97.4759
95.368
93.2806
91.216
89.1761
87.1629
85.1779
83.2227
81.2986
79.4066
77.5476
75.7224
73.9316
72.1755
70.4544
68.7683
67.1172
65.501
63.9194
62.3719
60.8581
59.3774
57.9292
56.5129
55.1278
53.7731
52.4481
51.152
49.8842
48.6439
47.4305
46.2433
45.0818
43.9455
42.8338
41.7463
40.6828
39.6429
38.6264
37.6331
36.663
35.7159
34.7918
33.8908
33.0128
32.1577
31.3258
30.5168
29.7308
28.9675
28.2269
27.5087
26.8127
26.1385
25.4861
24.8551
24.2453
23.6565
23.0882
22.5402
22.0119
21.503
21.0128
20.5408
20.0863
19.6488
19.2275
18.8217
18.4306
18.0536
17.6899
17.3388
16.9995
16.6714
16.3536
16.0457
15.7467
15.4568
15.1721
14.905
14.6052
99.8775
49.145
38.1571
34.2299
32.5089
31.7208
31.4435
31.4763
31.7106
32.1219
32.6755
33.3528
34.1418
35.0341
36.0235
37.1055
38.2765
39.5338
40.8752
42.2991
43.8046
45.3908
47.0575
48.8045
50.632
52.5404
54.5301
56.602
58.7567
60.995
63.3179
65.7263
68.2209
70.8027
73.4723
76.2306
79.0781
82.0153
85.0426
88.1604
91.3688
94.668
98.0578
101.538
105.109
108.77
112.52
116.359
120.287
124.304
128.407
132.597
136.874
141.236
145.683
150.215
154.831
159.53
164.313
169.178
174.126
179.157
184.271
189.468
194.747
200.11
205.556
211.086
216.7
222.399
228.182
234.05
240.004
246.043
252.168
258.378
264.674
271.056
277.522
284.074
290.709
297.429
304.233
311.119
318.088
325.139
332.272
339.487
346.783
354.16
361.618
369.157
376.778
384.482
392.267
400.136
408.087
416.123
424.242
432.446
440.732
449.102
457.553
466.082
474.688
483.365
492.11
500.915
509.776
518.683
527.628
536.6
545.59
554.586
563.576
572.554
581.504
590.422
599.285
608.075
616.759
625.303
633.66
641.782
649.607
657.078
664.127
670.691
676.708
682.115
686.863
690.907
694.217
696.777
698.586
699.696
700.125
699.97
699.429
698.106
697.094
696.15
695.347
695.298
695.939
697.388
699.778
703.238
707.839
713.585
720.376
728.018
736.222
744.632
752.892
760.385
767.238
771.112
772.398
771.077
767.341
760.85
751.814
740.807
728.012
713.704
698.248
681.957
665.123
648.037
630.942
614.035
597.481
581.399
565.882
550.993
536.764
523.209
510.321
498.093
486.497
475.506
465.086
455.194
445.795
436.872
428.379
420.273
412.53
405.153
398.09
391.308
384.782
378.496
372.43
366.568
360.897
355.401
350.07
344.889
339.85
334.941
330.155
325.481
320.912
316.441
312.061
307.767
303.554
299.416
295.349
291.349
287.414
283.54
279.722
275.956
272.242
268.579
264.962
261.391
257.863
254.377
250.929
247.521
244.149
240.814
237.514
234.247
231.013
227.811
224.641
221.501
218.39
215.309
212.256
209.232
206.235
203.266
200.323
197.407
194.518
191.654
188.816
186.004
183.218
180.456
177.72
175.008
172.322
169.66
167.024
164.412
161.825
159.262
156.725
154.212
151.724
149.261
146.823
144.41
142.021
139.658
137.319
135.004
132.713
130.445
128.198
125.971
123.759
121.558
119.363
117.163
114.961
112.759
110.561
108.369
106.185
104.012
101.852
99.7089
97.5838
95.4793
93.3975
91.3404
89.3098
87.3074
85.3346
83.3928
81.4829
79.6059
77.7627
75.9536
74.1793
72.4398
70.7354
69.066
67.4314
65.8314
64.2656
62.7335
61.2346
59.7683
58.3339
56.9307
55.558
54.215
52.9011
51.6154
50.3572
49.1259
47.9208
46.7414
45.587
44.4572
43.3516
42.2697
41.2114
40.1763
39.1643
38.1752
37.2091
36.2657
35.3452
34.4475
33.5727
32.7207
31.8916
31.0853
30.3017
29.5407
28.802
28.0854
27.3907
26.7175
26.0659
25.4353
24.8257
24.2367
23.6678
23.1187
22.589
22.0781
21.5854
21.1104
20.6524
20.2108
19.7849
19.374
18.9773
18.5942
18.2239
17.8658
17.5191
17.1832
16.8574
16.5408
16.2338
15.9324
15.6486
15.333
98.1184
47.8218
37.4657
34.0417
32.6811
32.1905
32.1581
32.3871
32.824
33.4221
34.1566
35.0123
35.9787
37.0484
38.2154
39.4755
40.8249
42.261
43.7817
45.3855
47.0713
48.8386
50.6871
52.617
54.6287
56.7228
58.9002
61.1618
63.5088
65.9424
68.4637
71.0741
73.7748
76.5668
79.4515
82.4298
85.5027
88.671
91.9354
95.2964
98.7546
102.31
105.963
109.714
113.562
117.507
121.549
125.686
129.92
134.248
138.671
143.187
147.795
152.494
157.285
162.165
167.134
172.191
177.335
182.566
187.883
193.286
198.773
204.346
210.002
215.743
221.568
227.476
233.469
239.545
245.704
251.948
258.274
264.684
271.176
277.751
284.408
291.146
297.965
304.865
311.844
318.901
326.038
333.251
340.542
347.909
355.353
362.872
370.467
378.137
385.884
393.707
401.608
409.585
417.641
425.775
433.989
442.282
450.654
459.106
467.637
476.246
484.93
493.687
502.51
511.396
520.338
529.328
538.356
547.413
556.485
565.56
574.621
583.655
592.647
601.582
610.446
619.221
627.883
636.404
644.748
652.869
660.716
668.226
675.335
681.976
688.081
693.581
698.416
702.511
705.832
708.321
709.978
710.787
710.728
709.961
708.344
705.869
702.904
699.909
697.034
694.274
691.882
690.719
690.093
690.332
691.6
694.052
697.778
702.772
708.945
716.125
724.057
732.414
740.827
748.875
755.98
761.991
764.582
764.662
762.205
757.129
749.568
739.596
727.617
713.877
698.985
683.168
666.678
649.858
632.944
616.129
599.607
583.496
567.91
552.926
538.581
524.889
511.853
499.478
487.735
476.599
466.044
456.015
446.48
437.454
428.866
420.671
412.847
405.427
398.309
391.47
384.891
378.555
372.447
366.55
360.848
355.328
349.977
344.784
339.736
334.825
330.04
325.373
320.816
316.36
312.001
307.732
303.547
299.442
295.409
291.447
287.553
283.722
279.951
276.228
272.567
268.961
265.403
261.892
258.426
255.002
251.615
248.268
244.959
241.685
238.446
235.239
232.066
228.924
225.813
222.732
219.679
216.654
213.657
210.687
207.743
204.825
201.933
199.067
196.225
193.407
190.614
187.845
185.1
182.378
179.68
177.006
174.354
171.726
169.121
166.539
163.98
161.444
158.931
156.441
153.975
151.531
149.111
146.714
144.34
141.989
139.661
137.355
135.071
132.807
130.562
128.333
126.116
123.906
121.694
119.478
117.262
115.047
112.835
110.63
108.434
106.248
104.076
101.919
99.7809
97.6629
95.5672
93.496
91.4508
89.4334
87.4452
85.4876
83.5617
81.6684
79.8084
77.9824
76.1909
74.4341
72.7122
71.0252
69.3729
67.7551
66.1714
64.6215
63.1048
61.6206
60.1685
58.7475
57.3571
55.9965
54.6649
53.3616
52.0859
50.8371
49.6145
48.4174
47.2455
46.098
44.9747
43.875
42.7988
41.7457
40.7155
39.7082
38.7235
37.7616
36.8222
35.9055
35.0115
34.1402
33.2915
32.4656
31.6622
30.8812
30.1225
29.3858
28.6709
27.9775
27.3055
26.6546
26.0245
25.415
24.8256
24.2559
23.7056
23.1741
22.661
22.1655
21.6872
21.2254
20.7795
20.3486
19.9323
19.5298
19.1404
18.7634
18.3981
18.0439
17.7002
17.3661
17.0417
16.7236
16.4229
16.0917
97.6256
47.165
37.1263
34.016
32.9201
32.6866
32.8804
33.347
34.0171
34.8454
35.8084
36.8914
38.0842
39.3793
40.7709
42.2546
43.8267
45.4848
47.2268
49.0515
50.958
52.946
55.0158
57.1677
59.4025
61.7212
64.1251
66.6156
69.194
71.862
74.6212
77.4733
80.4198
83.4622
86.6022
89.841
93.18
96.6203
100.163
103.808
107.558
111.411
115.369
119.431
123.598
127.869
132.243
136.721
141.301
145.983
150.765
155.647
160.627
165.704
170.878
176.146
181.508
186.962
192.507
198.142
203.866
209.678
215.577
221.562
227.633
233.789
240.029
246.353
252.76
259.25
265.822
272.475
279.21
286.025
292.919
299.891
306.941
314.067
321.269
328.545
335.895
343.316
350.808
358.371
366.002
373.702
381.47
389.306
397.209
405.179
413.217
421.324
429.499
437.744
446.059
454.446
462.903
471.432
480.033
488.705
497.447
506.257
515.133
524.069
533.061
542.099
551.177
560.284
569.407
578.533
587.646
596.728
605.761
614.725
623.6
632.366
641.004
649.489
657.79
665.871
673.686
681.18
688.292
694.957
701.103
706.659
711.555
715.71
719.09
721.564
723.172
723.81
723.556
722.34
720.175
716.936
712.784
708.368
703.695
698.751
693.883
689.352
685.502
682.744
681.771
681.356
681.741
683.512
686.645
691.095
696.755
703.471
711.042
719.177
727.555
735.842
743.411
750.552
754.504
755.901
754.721
750.994
744.711
736.01
725.164
712.439
698.258
682.973
666.796
650.295
633.642
616.991
600.601
584.549
568.977
553.98
539.587
525.819
512.682
500.214
488.365
477.125
466.48
456.36
446.736
437.662
429.011
420.745
412.853
405.359
398.152
391.231
384.579
378.178
372.013
366.067
360.325
354.772
349.395
344.182
339.122
334.205
329.421
324.76
320.215
315.778
311.442
307.201
303.049
298.98
294.988
291.07
287.223
283.442
279.723
276.057
272.451
268.899
265.397
261.943
258.536
255.172
251.844
248.563
245.321
242.117
238.949
235.81
232.705
229.631
226.587
223.572
220.585
217.625
214.692
211.785
208.903
206.045
203.213
200.404
197.618
194.856
192.116
189.399
186.705
184.032
181.381
178.752
176.144
173.558
170.993
168.45
165.927
163.426
160.947
158.488
156.051
153.635
151.241
148.867
146.516
144.185
141.875
139.585
137.314
135.062
132.824
130.599
128.382
126.166
123.945
121.723
119.499
117.277
115.059
112.847
110.644
108.451
106.27
104.105
101.958
99.83
97.7239
95.6414
93.5844
91.5545
89.5533
87.5819
85.6417
83.7336
81.8584
80.0167
78.2091
76.4359
74.6973
72.9933
71.3239
69.6888
68.0877
66.5204
64.9861
63.4844
62.0147
60.5762
59.1683
57.7902
56.4412
55.1206
53.8275
52.5614
51.3215
50.1072
48.918
47.7533
46.6127
45.4957
44.402
43.3314
42.2836
41.2585
40.2559
39.2759
38.3183
37.3832
36.4706
35.5805
34.713
33.8679
33.0452
32.2449
31.4667
30.7103
29.9757
29.2625
28.5706
27.8997
27.2495
26.6198
26.0101
25.4202
24.8496
24.2979
23.7644
23.2487
22.7503
22.2684
21.8025
21.352
20.9161
20.4942
20.0856
19.6898
19.306
18.9335
18.5718
18.2201
17.8785
17.5436
17.2261
16.8794
97.7288
46.8576
36.9503
34.0182
33.1571
33.1724
33.6127
34.3596
35.3128
36.4277
37.6789
39.05
40.5299
42.1104
43.7856
45.5509
47.403
49.3395
51.3588
53.4599
55.6426
57.9069
60.2536
62.6835
65.1978
67.798
70.4857
73.2626
76.1307
79.0919
82.1481
85.3013
88.5535
91.9065
95.3621
98.9219
102.588
106.36
110.241
114.232
118.332
122.543
126.864
131.297
135.84
140.494
145.258
150.13
155.111
160.199
165.393
170.691
176.093
181.596
187.199
192.9
198.698
204.59
210.576
216.654
222.822
229.079
235.424
241.855
248.372
254.974
261.658
268.426
275.275
282.204
289.214
296.301
303.467
310.708
318.024
325.414
332.875
340.406
348.006
355.672
363.403
371.197
379.053
386.969
394.944
402.977
411.066
419.212
427.414
435.672
443.986
452.357
460.785
469.272
477.817
486.422
495.086
503.811
512.594
521.437
530.335
539.289
548.293
557.341
566.426
575.539
584.667
593.8
602.92
612.011
621.053
630.023
638.899
647.656
656.268
664.711
672.956
680.973
688.72
696.152
703.211
709.836
715.963
721.516
726.426
730.608
734.006
736.493
738.158
738.617
738.253
736.767
734.252
730.534
725.686
720.176
714.229
707.68
700.813
693.862
687.164
681.055
675.846
672.198
670.563
670.314
670.346
671.912
674.836
679.003
684.279
690.536
697.663
705.404
713.519
721.674
729.51
736.502
742.504
745.075
745.108
742.653
737.671
730.252
720.602
708.998
695.794
681.324
665.81
649.768
633.442
616.939
600.707
584.767
569.273
554.319
539.938
526.153
512.986
500.479
488.577
477.321
466.628
456.445
446.757
437.61
428.849
420.479
412.483
404.85
397.541
390.532
383.802
377.333
371.108
365.11
359.323
353.734
348.329
343.095
338.022
333.098
328.313
323.659
319.126
314.707
310.394
306.181
302.062
298.031
294.082
290.211
286.413
282.685
279.021
275.418
271.873
268.384
264.947
261.559
258.219
254.924
251.669
248.455
245.28
242.143
239.042
235.968
232.935
229.935
226.967
224.027
221.112
218.224
215.363
212.526
209.713
206.924
204.159
201.416
198.695
195.996
193.318
190.662
188.026
185.41
182.815
180.24
177.684
175.148
172.632
170.136
167.658
165.201
162.762
160.343
157.944
155.563
153.203
150.861
148.539
146.236
143.952
141.685
139.435
137.199
134.976
132.761
130.549
128.333
126.113
123.891
121.668
119.447
117.229
115.016
112.811
110.615
108.432
106.263
104.11
101.976
99.8632
97.7728
95.7068
93.667
91.6549
89.672
87.7193
85.798
83.909
82.0529
80.2303
78.4416
76.6871
74.9669
73.2809
71.6291
70.0111
68.4265
66.8751
65.3561
63.869
62.4132
60.988
59.5926
58.2263
56.8885
55.5783
54.295
53.0381
51.8068
50.6006
49.419
48.2614
47.1274
46.0167
44.929
43.8641
42.8217
41.8018
40.8043
39.8291
38.8762
37.9456
37.0373
36.1514
35.2878
34.4465
33.6273
32.8301
32.0547
31.3008
30.5683
29.8569
29.1664
28.4966
27.8471
27.2176
26.6078
26.0172
25.4454
24.892
24.3564
23.838
23.3363
22.8507
22.3805
21.9252
21.4841
21.0566
20.642
20.2397
19.8491
19.4695
19.1003
18.7414
18.3898
18.0554
17.6936
98.0825
46.6487
36.804
34.0184
33.3825
33.6533
34.4097
35.4904
36.792
38.264
39.8765
41.6102
43.4525
45.3943
47.4293
49.553
51.7622
54.0548
56.4299
58.8869
61.4262
64.0485
66.7549
69.5468
72.4258
75.3938
78.4526
81.6044
84.8513
88.1956
91.6393
95.1848
98.834
102.589
106.452
110.423
114.506
118.702
123.011
127.434
131.972
136.626
141.396
146.281
151.281
156.396
161.624
166.965
172.417
177.979
183.649
189.425
195.306
201.29
207.373
213.555
219.833
226.205
232.669
239.224
245.866
252.596
259.411
266.309
273.29
280.353
287.495
294.716
302.015
309.391
316.841
324.365
331.961
339.628
347.362
355.163
363.028
370.955
378.941
386.984
395.081
403.23
411.429
419.676
427.969
436.306
444.686
453.108
461.572
470.077
478.623
487.212
495.843
504.517
513.235
521.997
530.804
539.654
548.548
557.483
566.458
575.468
584.509
593.573
602.651
611.73
620.797
629.835
638.826
647.748
656.577
665.287
673.848
682.231
690.404
698.335
705.988
713.322
720.284
726.818
732.862
738.348
743.206
747.352
750.724
753.202
754.817
755.224
754.772
753.09
750.319
746.284
740.931
734.619
727.594
719.908
711.542
702.73
693.753
684.898
676.597
669.22
662.96
659.113
657.817
657.482
657.959
659.886
662.991
667.107
672.065
677.814
684.401
691.535
699.126
706.902
714.638
721.75
728.62
732.362
733.588
732.286
728.567
722.432
714.028
703.607
691.476
677.953
663.335
647.995
632.223
616.159
600.209
584.477
569.123
554.26
539.936
526.183
513.023
500.493
488.565
477.294
466.519
456.244
446.455
437.145
428.265
419.786
411.685
403.943
396.534
389.435
382.624
376.083
369.793
363.739
357.905
352.276
346.839
341.58
336.49
331.555
326.767
322.116
317.593
313.19
308.899
304.713
300.626
296.632
292.725
288.9
285.152
281.477
277.87
274.328
270.846
267.422
264.052
260.734
257.465
254.242
251.063
247.925
244.826
241.766
238.741
235.752
232.794
229.867
226.971
224.104
221.26
218.449
215.665
212.908
210.171
207.458
204.767
202.098
199.449
196.82
194.212
191.624
189.054
186.504
183.972
181.459
178.964
176.487
174.027
171.586
169.162
166.755
164.367
161.995
159.641
157.305
154.986
152.684
150.4
148.132
145.88
143.644
141.421
139.21
137.007
134.808
132.606
130.399
128.188
125.975
123.761
121.547
119.336
117.128
114.927
112.735
110.554
108.385
106.232
104.095
101.979
99.8836
97.8116
95.7646
93.7442
91.7518
89.7887
87.856
85.9547
84.0855
82.2492
80.4461
78.6766
76.9409
75.239
73.5709
71.9364
70.3351
68.7667
67.2307
65.7265
64.2535
62.8111
61.3986
60.0152
58.6603
57.3331
56.033
54.7592
53.5112
52.2883
51.09
49.9157
48.7651
47.6378
46.5335
45.4519
44.3928
43.356
42.3416
41.3493
40.3792
39.4312
38.5054
37.6018
36.7203
35.8608
35.0234
34.2078
33.4139
32.6413
31.89
31.1597
30.4501
29.761
29.0922
28.4433
27.814
27.2039
26.6125
26.0394
25.4842
24.9462
24.425
23.9199
23.4305
22.956
22.4959
22.0496
21.6164
21.1959
20.7872
20.3899
20.0033
19.6273
19.2591
18.9079
18.5313
98.7888
46.4299
36.6366
34.0306
33.6539
34.2377
35.3835
36.8757
38.6099
40.5279
42.5945
44.7874
47.0917
49.4977
51.9985
54.5895
57.2677
60.0315
62.8802
65.8141
68.8337
71.9405
75.1358
78.4214
81.7989
85.2704
88.8379
92.5035
96.2693
100.137
104.11
108.189
112.376
116.673
121.082
125.604
130.24
134.992
139.86
144.845
149.947
155.166
160.502
165.953
171.519
177.199
182.99
188.892
194.903
201.021
207.243
213.567
219.99
226.51
233.125
239.831
246.626
253.508
260.474
267.522
274.651
281.858
289.143
296.504
303.939
311.447
319.027
326.679
334.4
342.191
350.048
357.971
365.958
374.006
382.114
390.279
398.497
406.767
415.085
423.447
431.851
440.294
448.772
457.284
465.826
474.397
482.994
491.616
500.263
508.934
517.629
526.348
535.092
543.861
552.656
561.477
570.323
579.195
588.089
597.005
605.938
614.885
623.838
632.788
641.722
650.628
659.486
668.278
676.98
685.567
694.009
702.275
710.33
718.139
725.662
732.859
739.683
746.08
751.986
757.343
762.081
766.123
769.402
771.801
773.335
773.675
773.115
771.275
768.293
764.024
758.282
751.343
743.555
734.903
725.29
714.986
704.172
693.126
682.181
671.629
662.101
653.931
646.898
644.133
642.618
643.097
644.577
647.185
650.776
655.179
660.224
665.754
671.713
677.944
684.72
691.821
699.061
706.144
712.528
718.134
720.359
720.061
717.526
712.645
705.513
696.326
685.353
672.89
659.238
644.727
629.653
614.256
598.786
583.42
568.337
553.664
539.471
525.803
512.69
500.165
488.208
476.82
465.96
455.6
445.718
436.298
427.309
418.725
410.522
402.68
395.174
387.985
381.092
374.475
368.118
362.004
356.118
350.444
344.97
339.682
334.569
329.62
324.825
320.173
315.656
311.265
306.992
302.831
298.773
294.814
290.947
287.166
283.466
279.844
276.293
272.81
269.392
266.033
262.732
259.485
256.288
253.14
250.037
246.977
243.958
240.978
238.034
235.126
232.251
229.408
226.594
223.81
221.055
218.323
215.617
212.936
210.273
207.639
205.029
202.441
199.871
197.321
194.79
192.276
189.781
187.303
184.842
182.398
179.971
177.56
175.166
172.787
170.424
168.077
165.746
163.43
161.13
158.845
156.576
154.322
152.083
149.858
147.647
145.448
143.26
141.08
138.903
136.726
134.542
132.354
130.162
127.966
125.767
123.568
121.37
119.175
116.984
114.8
112.626
110.462
108.312
106.178
104.062
101.965
99.8906
97.8393
95.8132
93.8137
91.8423
89.9001
87.9882
86.1075
84.2587
82.4423
80.6588
78.9085
77.1915
75.5077
73.8572
72.2396
70.6547
69.1019
67.5809
66.091
64.6316
63.2022
61.8019
60.4301
59.0862
57.7693
56.4789
55.2144
53.975
52.7603
51.5698
50.403
49.2594
48.1389
47.0411
45.9657
44.9127
43.8818
42.873
41.8863
40.9216
39.9789
39.0581
38.1594
37.2825
36.4275
35.5941
34.7822
33.9916
33.222
32.4733
31.7452
31.0375
30.3499
29.6821
29.0337
28.4045
27.794
27.2018
26.6273
26.0702
25.5298
25.0057
24.4972
24.0039
23.5251
23.0603
22.6089
22.1703
21.7438
21.329
20.9253
20.5324
20.1478
19.7799
19.389
99.9639
46.1808
36.4922
34.1332
34.0979
35.098
36.729
38.7429
41.0264
43.5141
46.1661
48.957
51.8704
54.8954
58.0246
61.2532
64.5779
67.9969
71.5097
75.1166
78.8187
82.617
86.5129
90.5076
94.6024
98.7989
103.098
107.502
112.012
116.629
121.354
126.189
131.135
136.191
141.36
146.64
152.033
157.539
163.157
168.888
174.73
180.682
186.743
192.91
199.182
205.557
212.032
218.605
225.273
232.033
238.883
245.819
252.838
259.937
267.112
274.361
281.68
289.068
296.522
304.04
311.621
319.263
326.966
334.728
342.55
350.429
358.367
366.362
374.414
382.523
390.686
398.903
407.173
415.492
423.859
432.271
440.724
449.216
457.743
466.301
474.886
483.494
492.123
500.77
509.43
518.102
526.782
535.47
544.163
552.861
561.565
570.273
578.988
587.708
596.435
605.167
613.903
622.643
631.385
640.124
648.856
657.576
666.275
674.941
683.559
692.111
700.577
708.933
717.15
725.198
733.043
740.648
747.971
754.97
761.596
767.796
773.509
778.685
783.231
787.097
790.205
792.46
793.838
794.066
793.351
791.355
788.175
783.684
777.635
770.177
761.741
752.294
741.682
730.095
717.722
704.842
691.645
678.518
665.902
653.997
643.751
635.047
628.581
626.333
626.296
627.266
629.446
632.679
636.798
641.616
646.951
652.622
658.507
664.475
670.559
676.663
683.166
689.863
696.011
702.442
705.43
706.147
704.654
700.977
695.114
687.194
677.444
666.129
653.535
639.966
625.713
611.032
596.159
581.287
566.594
552.216
538.242
524.731
511.722
499.245
487.299
475.881
464.971
454.548
444.593
435.086
426.005
417.327
409.03
401.093
393.496
386.219
379.243
372.549
366.122
359.944
354.001
348.279
342.763
337.441
332.301
327.332
322.524
317.866
313.35
308.966
304.708
300.566
296.534
292.606
288.775
285.036
281.382
277.809
274.313
270.888
267.531
264.237
261.004
257.827
254.703
251.63
248.604
245.624
242.685
239.787
236.927
234.103
231.313
228.556
225.829
223.131
220.462
217.818
215.199
212.605
210.036
207.485
204.956
202.447
199.954
197.485
195.037
192.607
190.192
187.794
185.412
183.044
180.692
178.355
176.033
173.724
171.43
169.15
166.884
164.632
162.393
160.168
157.957
155.758
153.572
151.398
149.235
147.082
144.936
142.793
140.65
138.502
136.348
134.187
132.021
129.85
127.676
125.498
123.32
121.143
118.968
116.799
114.637
112.483
110.342
108.214
106.102
104.008
101.934
99.8812
97.8522
95.8482
93.8709
91.9213
90.0007
88.1101
86.2503
84.422
82.6257
80.8618
79.1304
77.4319
75.766
74.1326
72.5316
70.9626
69.425
67.9185
66.4425
64.9963
63.5793
62.1909
60.8304
59.4971
58.1904
56.9095
55.6541
54.4233
53.2168
52.0342
50.8748
49.7386
48.625
47.5339
46.4651
45.4184
44.3937
43.391
42.4102
41.4512
40.514
39.5987
38.7051
37.8331
36.9826
36.1535
35.3454
34.5582
33.7917
33.0457
32.32
31.6142
30.9281
30.2613
29.6136
28.9844
28.3735
27.7804
27.2045
26.6455
26.1027
25.5758
25.064
24.5669
24.084
23.6146
23.1583
22.7144
22.2824
21.8618
21.4522
21.0515
20.6673
20.2625
101.908
46.1134
36.5111
34.4801
34.9192
36.5032
38.7718
41.4749
44.489
47.7426
51.1919
54.8092
58.5768
62.4827
66.5184
70.6776
74.9555
79.3493
83.8571
88.4785
93.2135
98.0619
103.023
108.097
113.282
118.578
123.984
129.5
135.125
140.857
146.697
152.642
158.691
164.843
171.094
177.445
183.891
190.434
197.069
203.796
210.612
217.513
224.497
231.559
238.696
245.905
253.182
260.525
267.93
275.393
282.911
290.481
298.097
305.757
313.457
321.195
328.967
336.773
344.61
352.48
360.381
368.314
376.279
384.277
392.308
400.374
408.477
416.617
424.795
433.012
441.268
449.563
457.895
466.264
474.666
483.101
491.565
500.055
508.565
517.094
525.635
534.187
542.744
551.304
559.863
568.418
576.965
585.501
594.026
602.538
611.037
619.524
627.998
636.461
644.91
653.345
661.765
670.166
678.546
686.9
695.222
703.504
711.736
719.902
727.985
735.964
743.812
751.501
758.998
766.268
773.268
779.957
786.287
792.2
797.638
802.538
806.827
810.479
813.309
815.34
816.469
816.531
815.582
813.381
809.971
805.239
798.916
791.021
782.047
771.916
760.404
747.742
734.073
719.491
704.344
689.014
673.758
658.959
645.155
632.239
621.969
612.07
608.855
607.377
607.622
609.248
612.053
615.868
620.515
625.797
631.526
637.511
643.599
649.651
655.606
661.405
667.127
673.031
678.804
685.243
689.051
690.609
690.046
687.499
682.87
676.232
667.751
657.656
646.205
633.68
620.358
606.497
592.331
578.06
563.862
549.879
536.214
522.939
510.102
497.736
485.855
474.46
463.543
453.091
443.089
433.521
424.367
415.61
407.229
399.207
391.524
384.163
377.106
370.336
363.837
357.594
351.591
345.815
340.253
334.892
329.72
324.726
319.899
315.23
310.709
306.328
302.078
297.951
293.94
290.038
286.238
282.536
278.924
275.398
271.952
268.582
265.284
262.053
258.885
255.777
252.725
249.726
246.777
243.875
241.017
238.202
235.426
232.687
229.984
227.314
224.676
222.068
219.488
216.934
214.406
211.902
209.421
206.962
204.523
202.104
199.708
197.325
194.96
192.612
190.276
187.962
185.665
183.382
181.112
178.856
176.613
174.382
172.164
169.959
167.765
165.584
163.415
161.257
159.111
156.976
154.851
152.736
150.629
148.528
146.431
144.334
142.232
140.123
138.007
135.883
133.752
131.614
129.471
127.323
125.172
123.019
120.867
118.718
116.573
114.435
112.307
110.19
108.086
105.999
103.929
101.879
99.8498
97.8443
95.8636
93.909
91.9819
90.0834
88.2143
86.3756
84.5678
82.7915
81.0469
79.3344
77.654
76.0056
74.3891
72.8043
71.2507
69.728
68.2357
66.7731
65.3398
63.9351
62.5583
61.2088
59.886
58.5893
57.318
56.0716
54.8496
53.6514
52.4768
51.3252
50.1964
49.0901
48.0061
46.9442
45.9042
44.8862
43.8899
42.9154
41.9625
41.0313
40.1217
39.2335
38.3666
37.5209
36.6961
35.892
35.1084
34.3452
33.6021
32.8788
32.175
31.4905
30.8248
30.1777
29.5487
28.9375
28.3435
27.7663
27.2055
26.6605
26.1308
25.6159
25.1153
24.6284
24.1548
23.6939
23.2451
22.8079
22.3821
21.9657
21.5654
21.1473
105.126
46.359
36.8375
35.3444
36.4948
38.9114
42.0869
45.7757
49.8474
54.2256
58.864
63.7342
68.8173
74.0993
79.5683
85.2135
91.0253
96.9959
103.12
109.392
115.809
122.365
129.054
135.87
142.805
149.856
157.016
164.277
171.635
179.085
186.619
194.232
201.915
209.662
217.466
225.322
233.226
241.172
249.157
257.177
265.227
273.3
281.391
289.496
297.61
305.728
313.848
321.969
330.085
338.194
346.292
354.375
362.44
370.485
378.507
386.505
394.479
402.429
410.359
418.269
426.164
434.047
441.922
449.792
457.661
465.535
473.417
481.312
489.224
497.156
505.11
513.087
521.089
529.115
537.164
545.237
553.329
561.438
569.56
577.691
585.827
593.963
602.098
610.227
618.348
626.455
634.543
642.607
650.648
658.664
666.655
674.622
682.565
690.481
698.37
706.23
714.057
721.848
729.598
737.299
744.946
752.526
760.026
767.43
774.714
781.853
788.816
795.567
802.069
808.281
814.151
819.634
824.672
829.177
833.102
836.377
838.883
840.721
841.381
841.214
839.919
837.455
833.759
828.734
822.151
813.924
804.379
793.625
781.36
767.769
752.848
736.862
720.078
702.723
685.172
667.862
650.944
634.92
620.377
607.171
596.604
588.11
584.982
585.511
586.603
588.903
592.318
596.697
601.865
607.627
613.794
620.17
626.593
632.911
639.024
644.849
650.396
655.748
660.903
666.154
671.216
673.53
673.824
672.276
668.822
663.454
656.264
647.44
637.207
625.816
613.528
600.592
587.241
573.676
560.077
546.59
533.327
520.371
507.781
495.598
483.843
472.528
461.653
451.213
441.198
431.597
422.396
413.579
405.131
397.035
389.277
381.839
374.705
367.861
361.292
354.981
348.917
343.085
337.473
332.068
326.858
321.834
316.983
312.297
307.766
303.381
299.133
295.014
291.018
287.137
283.364
279.693
276.118
272.633
269.234
265.915
262.671
259.499
256.393
253.351
250.368
247.441
244.567
241.743
238.965
236.231
233.539
230.886
228.269
225.688
223.139
220.621
218.132
215.671
213.235
210.824
208.436
206.07
203.725
201.399
199.093
196.804
194.532
192.276
190.039
187.812
185.6
183.402
181.214
179.044
176.888
174.743
172.608
170.484
168.371
166.268
164.176
162.094
160.02
157.956
155.901
153.852
151.809
149.769
147.729
145.684
143.633
141.573
139.504
137.426
135.338
133.242
131.137
129.025
126.908
124.787
122.664
120.541
118.42
116.303
114.193
112.092
110.001
107.924
105.863
103.819
101.794
99.7896
97.8084
95.8515
93.9203
92.0161
90.1398
88.2924
86.4748
84.6874
82.9309
81.2056
79.5116
77.8491
76.2179
74.618
73.049
71.5106
70.0025
68.5241
67.0748
65.6541
64.2615
62.8963
61.5578
60.2455
58.9588
57.6972
56.46
55.2469
54.0574
52.8911
51.7476
50.6267
49.5281
48.4516
47.3971
46.3644
45.3534
44.364
43.3962
42.4499
41.525
40.6213
39.7388
38.8773
38.0365
37.2163
36.4165
35.6368
34.877
34.1369
33.4162
32.7146
32.0318
31.3674
30.721
30.0924
29.4809
28.8862
28.3079
27.7455
27.1984
26.6663
26.1485
25.6447
25.1543
24.6767
24.2116
23.7584
23.3168
22.885
22.469
22.0382
109.711
47.0357
37.8446
37.2439
39.5394
43.259
47.8782
53.1563
58.9622
65.2158
71.8712
78.8984
86.2767
93.9849
101.999
110.293
118.844
127.626
136.621
145.812
155.182
164.71
174.374
184.151
194.018
203.973
213.987
224.043
234.123
244.225
254.323
264.4
274.439
284.425
294.347
304.195
313.963
323.648
333.243
342.743
352.144
361.438
370.622
379.686
388.638
397.466
406.182
414.784
423.269
431.637
439.886
448.017
456.029
463.923
471.701
479.366
486.925
494.384
501.75
509.036
516.246
523.393
530.485
537.531
544.541
551.526
558.494
565.456
572.418
579.387
586.371
593.373
600.396
607.443
614.515
621.612
628.734
635.876
643.036
650.21
657.394
664.585
671.78
678.979
686.177
693.365
700.532
707.676
714.796
721.892
728.965
736.014
743.036
750.031
756.993
763.92
770.806
777.646
784.43
791.152
797.798
804.358
810.813
817.141
823.316
829.308
835.075
840.575
845.769
850.611
855.029
858.976
862.394
865.129
867.184
868.494
868.786
868.249
866.525
863.701
859.63
854.243
847.345
838.768
828.714
817.251
804.402
789.948
774.014
756.816
738.542
719.499
699.984
680.253
660.746
641.953
623.726
607.076
592.264
579.206
566.88
564.262
561.91
561.956
563.552
566.436
570.431
575.361
581.037
587.271
593.872
600.652
607.448
614.104
620.506
626.548
632.208
637.459
642.435
646.925
652.024
654.956
656.051
655.367
653.003
648.859
642.965
635.445
626.487
616.308
605.145
593.236
580.804
568.051
555.154
542.264
529.501
516.955
504.695
492.77
481.212
470.039
459.261
448.881
438.895
429.297
420.078
411.227
402.732
394.581
386.76
379.255
372.054
365.141
358.504
352.128
346.003
340.113
334.449
328.996
323.746
318.686
313.807
309.098
304.55
300.155
295.903
291.787
287.799
283.932
280.179
276.533
272.989
269.541
266.182
262.908
259.715
256.596
253.549
250.568
247.651
244.792
241.99
239.24
236.539
233.885
231.275
228.706
226.175
223.681
221.222
218.794
216.397
214.028
211.686
209.369
207.075
204.805
202.555
200.325
198.114
195.922
193.745
191.585
189.441
187.31
185.193
183.088
181.001
178.92
176.851
174.793
172.743
170.708
168.684
166.667
164.659
162.659
160.666
158.681
156.702
154.728
152.757
150.785
148.809
146.827
144.836
142.834
140.822
138.798
136.762
134.714
132.656
130.588
128.512
126.43
124.342
122.251
120.16
118.07
115.984
113.904
111.832
109.77
107.721
105.687
103.669
101.671
99.6922
97.736
95.8035
93.896
92.0147
90.1608
88.3352
86.5386
84.7717
83.0349
81.3286
79.6529
78.0081
76.3939
74.8103
73.257
71.7337
70.2399
68.7753
67.3392
65.9312
64.5507
63.1971
61.8697
60.5681
59.2917
58.04
56.8124
55.6086
54.4281
53.2706
52.1357
51.0232
49.9328
48.8644
47.8177
46.7927
45.7893
44.8073
43.8467
42.9074
41.9891
41.0918
40.2153
39.3594
38.5239
37.7085
36.9132
36.1376
35.3816
34.6447
33.9269
33.2276
32.5467
31.8837
31.2383
30.6101
29.9987
29.4036
28.8244
28.2606
27.7118
27.1776
26.6574
26.1507
25.6572
25.1763
24.7075
24.2507
23.804
23.3728
22.9299
115.73
48.4867
40.2213
41.3053
45.6881
51.8066
59.1344
67.4458
76.6135
86.5554
97.2143
108.554
120.543
133.131
146.248
159.824
173.784
188.057
202.582
217.302
232.168
247.111
262.085
277.022
291.86
306.524
320.993
335.269
349.316
363.186
376.765
390.047
402.999
415.605
427.858
439.761
451.317
462.53
473.406
483.947
494.156
504.035
513.589
522.803
531.727
540.318
548.65
556.708
564.492
572.011
579.271
586.279
593.041
599.568
605.87
611.962
617.858
623.576
629.136
634.553
639.85
645.042
650.146
655.179
660.16
665.105
670.03
674.951
679.88
684.831
689.812
694.833
699.899
705.014
710.183
715.407
720.685
726.015
731.395
736.821
742.289
747.796
753.341
758.929
764.554
770.189
775.822
781.451
787.08
792.71
798.339
803.964
809.581
815.185
820.769
826.326
831.849
837.326
842.748
848.101
853.371
858.54
863.586
868.481
873.196
877.695
881.921
885.821
889.358
892.495
895.095
897.141
898.616
899.142
898.938
897.754
895.532
892.235
887.686
881.849
874.547
865.553
854.996
842.993
829.461
814.212
797.428
779.195
759.682
739.143
717.836
696.141
674.345
652.717
631.761
611.984
592.823
576.177
562.153
548.056
537.784
536.618
535.56
536.344
538.602
542.108
546.682
552.14
558.3
564.972
571.972
579.125
586.271
593.266
599.985
606.328
612.224
617.643
622.587
627.075
631.163
634.999
636.791
636.849
635.449
632.458
627.831
621.63
613.986
605.08
595.122
584.331
572.919
561.081
548.991
536.802
524.638
512.598
500.757
489.174
477.888
466.927
456.31
446.045
436.136
426.584
417.385
408.532
400.018
391.834
383.969
376.414
369.156
362.184
355.486
349.05
342.866
336.92
331.203
325.702
320.407
315.309
310.396
305.659
301.09
296.678
292.416
288.296
284.31
280.451
276.711
273.085
269.565
266.145
262.821
259.587
256.437
253.367
250.372
247.448
244.591
241.797
239.061
236.382
233.755
231.177
228.646
226.158
223.711
221.303
218.93
216.592
214.285
212.008
209.759
207.537
205.339
203.164
201.011
198.879
196.766
194.671
192.593
190.531
188.484
186.452
184.433
182.427
180.433
178.451
176.479
174.516
172.568
170.624
168.689
166.76
164.843
162.934
161.03
159.132
157.238
155.346
153.453
151.558
149.656
147.745
145.823
143.889
141.941
139.979
138.003
136.013
134.009
131.993
129.965
127.928
125.883
123.831
121.776
119.719
117.663
115.609
113.56
111.519
109.488
107.468
105.462
103.472
101.501
99.5485
97.6178
95.7099
93.8264
91.9683
90.1369
88.3331
86.5575
84.8109
83.0938
81.4064
79.749
78.1217
76.5245
74.9571
73.4195
71.9112
70.4319
68.9811
67.5583
66.1631
64.7949
63.4531
62.1372
60.8466
59.5809
58.3395
57.122
55.928
54.757
53.6089
52.4831
51.3796
50.298
49.2382
48.2001
47.1834
46.1881
45.214
44.2611
43.3291
42.4179
41.5273
40.6571
39.8071
38.9772
38.1671
37.3766
36.6054
35.8534
35.1201
34.4053
33.7087
33.0299
32.3686
31.7245
31.097
30.4859
29.8907
29.3109
28.7463
28.1962
27.6603
27.1381
26.6292
26.1331
25.6494
25.1778
24.7169
24.271
23.8166
123.369
51.5969
45.8154
50.7059
59.605
70.9778
84.3812
99.6377
116.603
135.143
155.113
176.414
198.946
222.497
246.823
271.694
296.88
322.165
347.372
372.343
396.976
421.098
444.691
467.586
489.674
510.864
531.14
550.661
569.272
586.869
603.393
619.061
633.812
647.683
660.713
672.943
684.417
695.174
705.251
714.677
723.476
731.672
739.295
746.271
752.86
758.798
764.457
769.659
774.433
778.806
782.797
786.422
789.701
792.656
795.31
797.693
799.832
801.76
803.507
805.104
806.577
807.952
809.255
810.51
811.745
812.983
814.247
815.557
816.931
818.39
819.945
821.608
823.384
825.283
827.308
829.46
831.742
834.15
836.68
839.329
842.095
844.973
847.962
851.089
854.333
857.62
860.948
864.327
867.769
871.271
874.825
878.424
882.059
885.721
889.399
893.081
896.752
900.4
904.007
907.556
911.025
914.392
917.627
920.696
923.567
926.205
928.519
930.429
931.93
933.033
933.395
933.128
932.071
930.113
927.21
923.229
918.068
911.651
903.811
894.325
883.239
870.625
856.449
840.527
822.973
803.842
783.291
761.497
738.706
715.214
691.322
667.478
643.925
620.935
599.098
578.763
559.28
543.245
529.189
513.552
510.091
507.804
507.697
509.253
512.182
516.29
521.403
527.345
533.927
540.972
548.305
555.764
563.203
570.49
577.506
584.152
590.345
596.041
601.174
605.826
609.799
613.687
615.964
616.789
616.207
614.271
610.854
605.96
599.645
592.053
583.363
573.773
563.474
552.649
541.469
530.085
518.623
507.188
495.862
484.711
473.781
463.11
452.723
442.638
432.864
423.409
414.274
405.459
396.96
388.772
380.889
373.303
366.006
358.989
352.242
345.754
339.517
333.52
327.751
322.203
316.864
311.724
306.775
302.007
297.411
292.978
288.701
284.571
280.58
276.722
272.988
269.374
265.871
262.474
259.178
255.976
252.863
249.835
246.886
244.012
241.21
238.473
235.8
233.186
230.628
228.122
225.665
223.255
220.888
218.562
216.274
214.022
211.804
209.617
207.46
205.331
203.228
201.149
199.093
197.058
195.043
193.047
191.069
189.107
187.161
185.229
183.311
181.406
179.513
177.631
175.76
173.898
172.048
170.204
168.368
166.544
164.722
162.906
161.093
159.288
157.486
155.686
153.881
152.07
150.25
148.42
146.576
144.717
142.842
140.951
139.042
137.117
135.175
133.218
131.247
129.262
127.266
125.261
123.249
121.231
119.211
117.19
115.17
113.155
111.146
109.146
107.156
105.18
103.219
101.274
99.3488
97.444
95.5611
93.7018
91.8672
90.0584
88.2763
86.5219
84.7957
83.0982
81.4298
79.7907
78.181
76.6007
75.0497
73.5278
72.0347
70.57
69.1333
67.7242
66.3421
64.9865
63.657
62.353
61.0739
59.8194
58.589
57.3821
56.1986
55.0378
53.8997
52.7838
51.6899
50.6178
49.5673
48.5383
47.5305
46.5439
45.5783
44.6335
43.7092
42.8055
41.922
41.0586
40.215
39.3911
38.5866
37.8012
37.0348
36.287
35.5576
34.8462
34.1525
33.4762
32.817
32.1744
31.5481
30.9377
30.3428
29.7629
29.1978
28.6469
28.1099
27.5863
27.0757
26.5777
26.0921
25.6175
25.1577
24.6925
131.803
59.4712
61.6657
77.2931
98.7416
124.877
155.526
190.434
229.042
270.764
314.857
360.83
408.206
456.096
503.725
550.569
596.12
639.897
681.611
720.921
757.973
792.491
825.093
855.248
882.954
908.186
930.983
951.291
969.418
985.565
999.445
1012.09
1023.14
1032.8
1041.18
1048.39
1054.53
1059.7
1063.97
1067.4
1070.05
1071.96
1073.17
1073.4
1073.66
1072.63
1072.04
1070.62
1068.74
1066.44
1063.75
1060.69
1057.28
1053.57
1049.59
1045.38
1040.99
1036.45
1031.81
1027.1
1022.35
1017.6
1012.87
1008.2
1003.61
999.13
994.794
990.62
986.632
982.859
979.314
976.001
972.93
970.108
967.539
965.227
963.167
961.359
959.798
958.481
957.406
956.567
955.961
955.678
955.637
955.64
955.77
956.059
956.538
957.174
957.952
958.858
959.876
960.991
962.186
963.44
964.735
966.047
967.355
968.633
969.852
970.98
971.98
972.811
973.433
973.846
973.86
973.342
972.391
970.915
968.707
965.726
961.857
956.98
950.999
943.802
935.271
925.161
913.408
900.167
885.365
868.791
850.535
830.626
809.177
786.336
762.309
737.326
711.696
685.752
659.832
634.414
609.694
585.904
563.793
543.283
524.122
508.995
493.554
480.478
479.114
478.101
478.903
481.176
484.714
489.353
494.926
501.258
508.173
515.492
523.057
530.728
538.378
545.887
553.145
560.062
566.553
572.563
578.011
582.903
587.138
590.841
593.684
595.212
595.357
594.33
592.038
588.404
583.412
577.152
569.777
561.453
552.349
542.63
532.459
521.982
511.326
500.6
489.888
479.264
468.782
458.485
448.408
438.574
429.001
419.703
410.686
401.955
393.513
385.359
377.489
369.901
362.589
355.546
348.765
342.239
335.96
329.918
324.105
318.513
313.131
307.951
302.964
298.163
293.537
289.079
284.782
280.636
276.635
272.771
269.038
265.428
261.935
258.554
255.278
252.101
249.018
246.024
243.115
240.285
237.529
234.845
232.227
229.672
227.177
224.737
222.349
220.011
217.72
215.472
213.265
211.096
208.963
206.863
204.796
202.757
200.746
198.762
196.801
194.863
192.946
191.049
189.171
187.31
185.466
183.636
181.821
180.019
178.229
176.451
174.684
172.927
171.179
169.44
167.708
165.985
164.267
162.554
160.85
159.144
157.439
155.732
154.019
152.302
150.574
148.831
147.073
145.298
143.504
141.691
139.858
138.006
136.134
134.243
132.336
130.411
128.472
126.521
124.558
122.587
120.609
118.626
116.642
114.658
112.678
110.702
108.734
106.776
104.83
102.898
100.982
99.0834
97.2047
95.3473
93.5124
91.7014
89.9154
88.1554
86.4222
84.7165
83.0388
81.3896
79.769
78.1771
76.6141
75.0797
73.5739
72.0963
70.6466
69.2245
67.8294
66.4609
65.1186
63.8019
62.5104
61.2435
60.0009
58.7821
57.5867
56.4143
55.2645
54.1371
53.0318
51.9483
50.8864
49.8459
48.8267
47.8285
46.8511
45.8945
44.9582
44.0423
43.1465
42.2706
41.4143
40.5776
39.7601
38.9616
38.1818
37.4205
36.6774
35.9521
35.2445
34.5542
33.8808
33.2239
32.5833
31.9586
31.3494
30.7553
30.1759
29.6108
29.0598
28.5223
27.998
27.4864
26.9874
26.4999
26.0267
25.5515
148.899
89.8813
126.276
182.581
249.522
326.388
412.496
505.662
602.426
700.362
796.691
890.143
979.556
1062.96
1139.71
1210.28
1274.37
1331.42
1381.68
1424.76
1462.43
1493.4
1520.13
1541.93
1559.44
1573.15
1583.46
1590.67
1595.17
1597.26
1595.8
1595.05
1592.13
1587.88
1582.5
1576.14
1568.93
1561
1552.42
1543.26
1533.56
1523.36
1512.7
1501.57
1490.18
1478.4
1466.53
1454.38
1441.97
1429.32
1416.46
1403.39
1390.15
1376.77
1363.31
1349.81
1336.3
1322.84
1309.47
1296.21
1283.1
1270.17
1257.43
1244.92
1232.67
1220.71
1209.06
1197.74
1186.79
1176.22
1166.04
1156.26
1146.89
1137.94
1129.41
1121.3
1113.61
1106.34
1099.48
1093.04
1087.01
1081.38
1076.14
1071.35
1066.94
1062.82
1058.98
1055.43
1052.19
1049.22
1046.52
1044.06
1041.83
1039.79
1037.92
1036.19
1034.58
1033.05
1031.58
1030.12
1028.64
1027.09
1025.44
1023.61
1021.57
1019.26
1016.54
1013.32
1009.55
1005.14
999.944
993.864
986.782
978.569
969.093
958.14
945.636
931.69
916.194
898.959
880.041
859.428
837.202
813.47
788.396
762.191
735.116
707.442
679.531
651.729
624.421
598.042
572.796
548.756
526.939
506.564
488.358
473.921
456.474
449.408
448.332
448.209
449.706
452.56
456.593
461.645
467.556
474.153
481.262
488.719
496.388
504.158
511.919
519.564
526.995
534.129
540.888
547.207
553.018
558.259
562.875
566.805
569.985
572.047
572.972
572.7
571.417
568.964
565.25
560.318
554.278
547.269
539.427
530.897
521.826
512.354
502.607
492.692
482.698
472.702
462.763
452.933
443.252
433.75
424.453
415.38
406.543
397.954
389.619
381.543
373.727
366.171
358.874
351.831
345.04
338.494
332.188
326.115
320.267
314.638
309.218
304.002
298.98
294.145
289.489
285.003
280.682
276.517
272.5
268.626
264.886
261.275
257.786
254.412
251.149
247.99
244.929
241.963
239.085
236.29
233.575
230.935
228.366
225.863
223.423
221.043
218.719
216.447
214.225
212.05
209.918
207.827
205.775
203.758
201.776
199.825
197.903
196.01
194.142
192.299
190.479
188.68
186.901
185.14
183.397
181.67
179.958
178.26
176.576
174.904
173.243
171.592
169.952
168.32
166.697
165.08
163.471
161.866
160.267
158.669
157.071
155.468
153.862
152.242
150.608
148.958
147.294
145.611
143.906
142.179
140.429
138.657
136.863
135.047
133.21
131.354
129.479
127.588
125.683
123.764
121.836
119.899
117.957
116.011
114.065
112.12
110.179
108.244
106.318
104.403
102.5
100.613
98.7423
96.8903
95.0586
93.2485
91.4615
89.6986
87.961
86.2494
84.5645
82.907
81.2772
79.6755
78.1019
76.5565
75.0393
73.55
72.0885
70.6544
69.2474
67.867
66.5128
65.1844
63.8813
62.6031
61.3493
60.1194
58.913
57.7298
56.5694
55.4315
54.3157
53.2217
52.1494
51.0985
50.0688
49.06
48.0719
47.1044
46.1573
45.2302
44.3231
43.4358
42.5679
41.7194
40.8899
40.0792
39.2871
38.5133
37.7576
37.0195
36.299
35.5955
34.9089
34.2388
33.5849
32.9468
32.3242
31.7167
31.1239
30.5456
29.9813
29.4307
28.8935
28.3692
27.8577
27.358
26.8722
26.3876
223.914
305.955
518.708
742.579
958.591
1168.72
1371.64
1562.31
1734.44
1889.36
2023.91
2138.83
2235.93
2313.94
2377.25
2425.77
2461.71
2487.05
2503.9
2510.59
2513.75
2506.69
2502.19
2490.65
2475.35
2457.08
2436.41
2413.8
2389.66
2364.25
2337.74
2310.92
2283.97
2256.86
2229.67
2202.5
2175.4
2148.41
2121.57
2094.87
2068.3
2041.87
2015.59
1989.45
1963.5
1937.72
1912.14
1886.73
1861.45
1836.28
1811.22
1786.27
1761.45
1736.79
1712.34
1688.14
1664.21
1640.59
1617.31
1594.4
1571.87
1549.74
1528.02
1506.73
1485.89
1465.52
1445.66
1426.33
1407.54
1389.31
1371.64
1354.54
1338.02
1322.08
1306.73
1291.97
1277.8
1264.23
1251.25
1238.86
1227.06
1215.84
1205.19
1195.12
1185.62
1176.61
1168.08
1160.01
1152.39
1145.2
1138.41
1132.01
1125.96
1120.23
1114.78
1109.58
1104.59
1099.76
1095.06
1090.45
1085.86
1081.24
1076.53
1071.67
1066.59
1061.2
1055.39
1049.06
1042.09
1034.39
1025.81
1016.25
1005.56
993.543
980.09
965.274
948.986
931.035
911.435
890.154
867.233
842.739
816.796
789.574
761.29
732.207
702.634
672.872
643.323
614.32
586.311
559.582
534.448
510.684
489.511
469.763
452.759
438.56
422.726
419.69
417.948
418.431
420.472
423.771
428.154
433.47
439.561
446.251
453.391
460.823
468.451
476.195
483.962
491.648
499.171
506.456
513.436
520.042
526.207
531.851
536.913
541.283
544.909
547.353
548.876
549.515
549.066
547.688
545.161
541.509
536.803
531.134
524.605
517.328
509.436
501.059
492.318
483.316
474.144
464.879
455.586
446.32
437.127
428.046
419.108
410.336
401.751
393.369
385.201
377.257
369.543
362.063
354.818
347.81
341.037
334.497
328.185
322.099
316.231
310.577
305.13
299.884
294.831
289.966
285.281
280.768
276.422
272.235
268.2
264.31
260.559
256.941
253.449
250.077
246.82
243.671
240.625
237.678
234.823
232.057
229.374
226.771
224.242
221.784
219.393
217.065
214.796
212.584
210.425
208.315
206.252
204.234
202.256
200.318
198.415
196.547
194.711
192.905
191.127
189.375
187.648
185.944
184.262
182.6
180.957
179.331
177.723
176.129
174.55
172.985
171.432
169.89
168.359
166.838
165.326
163.821
162.324
160.832
159.346
157.861
156.373
154.879
153.378
151.864
150.335
148.792
147.225
145.636
144.024
142.39
140.733
139.049
137.34
135.607
133.849
132.068
130.265
128.442
126.601
124.743
122.872
120.988
119.094
117.193
115.287
113.379
111.471
109.565
107.665
105.772
103.888
102.016
100.158
98.3159
96.4911
94.6856
92.9009
91.1383
89.3991
87.6842
85.9947
84.3312
82.6944
81.0846
79.5023
77.9476
76.4205
74.9211
73.4491
72.0044
70.5866
69.1955
67.8307
66.4917
65.1781
63.8895
62.6255
61.3856
60.1694
58.9764
57.8064
56.6589
55.5337
54.4303
53.3486
52.2883
51.2491
50.2309
49.2332
48.256
47.2989
46.3619
45.4446
44.5469
43.6686
42.8093
41.969
41.1472
40.3439
39.5587
38.7913
38.0415
37.309
36.5936
35.8948
35.2125
34.5462
33.8957
33.2606
32.6407
32.0355
31.4448
30.8683
30.3055
29.7562
29.22
28.6967
28.1856
27.6881
27.1948
1035.36
2077.96
2797.44
3224.45
3490.67
3667.02
3788.09
3871.62
3927.79
3964.28
3985.41
3985.68
3983.16
3961.56
3939.36
3904.29
3862.52
3815.53
3764.94
3711.12
3655.37
3597.49
3539.49
3481.15
3422.47
3363.76
3305.29
3247.28
3189.99
3133.57
3078.16
3023.99
2971.19
2919.76
2869.67
2820.88
2773.31
2726.9
2681.6
2637.31
2593.95
2551.47
2509.82
2468.95
2428.81
2389.36
2350.56
2312.34
2274.67
2237.48
2200.76
2164.48
2128.66
2093.33
2058.51
2024.22
1990.49
1957.32
1924.74
1892.76
1861.37
1830.58
1800.4
1770.82
1741.86
1713.54
1685.86
1658.85
1632.51
1606.86
1581.9
1557.61
1534.02
1511.11
1488.91
1467.42
1446.66
1426.62
1407.31
1388.73
1370.88
1353.77
1337.38
1321.73
1306.78
1292.52
1278.91
1265.92
1253.54
1241.74
1230.49
1219.77
1209.52
1199.72
1190.33
1181.29
1172.56
1164.09
1155.83
1147.71
1139.68
1131.66
1123.59
1115.36
1106.91
1098.13
1088.91
1079.11
1068.61
1057.31
1045.06
1031.66
1017.01
1001.09
983.842
965.051
944.703
922.735
899.153
873.989
847.321
819.271
790.016
759.776
728.821
697.456
666.024
634.848
604.346
574.821
546.777
520.286
495.833
472.795
452.51
434.167
417.59
405.159
390.749
388.37
387.758
389.014
391.534
395.137
399.703
405.102
411.176
417.76
424.728
431.956
439.397
447
454.667
462.298
469.827
477.192
484.334
491.182
497.671
503.715
509.232
514.159
518.208
521.342
523.256
524.517
525.074
524.688
523.195
520.729
517.316
512.99
507.799
501.819
495.166
487.961
480.314
472.322
464.073
455.641
447.096
438.496
429.892
421.327
412.837
404.453
396.2
388.098
380.166
372.417
364.862
357.509
350.365
343.432
336.714
330.212
323.923
317.847
311.98
306.319
300.859
295.595
290.521
285.633
280.924
276.387
272.017
267.808
263.753
259.846
256.081
252.451
248.951
245.575
242.317
239.172
236.134
233.199
230.36
227.614
224.956
222.381
219.884
217.463
215.112
212.828
210.608
208.447
206.343
204.292
202.291
200.338
198.428
196.561
194.733
192.941
191.185
189.461
187.767
186.103
184.465
182.853
181.264
179.698
178.152
176.626
175.119
173.628
172.154
170.695
169.25
167.818
166.398
164.989
163.591
162.201
160.82
159.446
158.076
156.706
155.332
153.951
152.561
151.157
149.736
148.298
146.837
145.353
143.849
142.313
140.75
139.158
137.542
135.899
134.229
132.531
130.808
129.061
127.292
125.502
123.694
121.87
120.033
118.183
116.325
114.461
112.592
110.722
108.853
106.988
105.128
103.277
101.436
99.6083
97.7949
95.998
94.2194
92.4606
90.7231
89.0082
87.3168
85.65
84.0086
82.3932
80.8043
79.2422
77.7071
76.1992
74.7184
73.2646
71.8376
70.4372
69.063
67.7147
66.3919
65.0942
63.8212
62.5724
61.3474
60.1459
58.9674
57.8115
56.6779
55.5664
54.4764
53.4079
52.3604
51.3337
50.3276
49.3418
48.376
47.4301
46.5038
45.597
44.7092
43.8405
42.9904
42.1587
41.3452
40.5497
39.7719
39.0114
38.2681
37.5417
36.8319
36.1383
35.4607
34.7989
34.1524
33.521
32.9044
32.3023
31.7144
31.1404
30.5799
30.0327
29.4986
28.9769
28.4686
27.9673
9560.64
7244.7
6184.46
5612.76
5309.79
5173.58
5121.81
5103.91
5091.03
5076.45
5049.79
5009.26
4959.02
4899.97
4834.67
4764.96
4690.14
4612.45
4533.91
4454.62
4375.04
4295.07
4215.35
4135.9
4056.93
3978.83
3901.96
3826.1
3751.89
3679.21
3608.39
3539.62
3472.91
3408.21
3345.42
3284.49
3225.22
3167.61
3111.51
3056.82
3003.35
2951.07
2899.87
2849.72
2800.49
2752.24
2704.87
2658.31
2612.49
2567.36
2522.86
2478.97
2435.71
2393.1
2351.17
2309.92
2269.36
2229.51
2190.4
2152.03
2114.38
2077.42
2041.16
2005.58
1970.68
1936.47
1902.94
1870.1
1837.96
1806.54
1775.81
1745.78
1716.44
1687.81
1659.9
1632.71
1606.27
1580.6
1555.7
1531.58
1508.26
1485.73
1464.01
1443.1
1423
1403.69
1385.14
1367.34
1350.26
1333.88
1318.16
1303.07
1288.57
1274.63
1261.18
1248.19
1235.59
1223.33
1211.36
1199.58
1187.93
1176.33
1164.69
1152.91
1140.9
1128.52
1115.67
1102.2
1087.98
1072.85
1056.67
1039.39
1020.89
1001.09
979.85
957.098
932.811
906.984
879.655
850.903
820.851
789.673
757.595
724.883
691.853
658.835
626.203
594.281
563.481
534.069
506.565
480.847
457.486
435.55
416.444
399.9
383.276
373.434
360.083
355.8
357.843
359.963
362.813
366.523
371.06
376.315
382.125
388.348
394.939
401.781
408.907
416.264
423.72
431.186
438.62
445.98
453.206
460.231
466.981
473.369
479.313
484.779
489.292
492.868
495.636
497.25
498.462
499.327
498.826
497.446
495.251
492.254
488.425
483.782
478.43
472.478
466.023
459.152
451.942
444.466
436.792
428.98
421.083
413.149
405.219
397.327
389.505
381.778
374.168
366.694
359.371
352.211
345.226
338.422
331.807
325.384
319.156
313.123
307.284
301.64
296.186
290.92
285.839
280.938
276.212
271.657
267.267
263.037
258.962
255.035
251.252
247.607
244.095
240.709
237.444
234.296
231.259
228.327
225.497
222.763
220.121
217.566
215.094
212.701
210.383
208.136
205.956
203.839
201.783
199.785
197.839
195.945
194.099
192.297
190.539
188.82
187.139
185.494
183.883
182.303
180.753
179.231
177.736
176.265
174.818
173.392
171.988
170.603
169.237
167.888
166.556
165.239
163.936
162.646
161.369
160.104
158.848
157.6
156.354
155.107
153.855
152.596
151.326
150.041
148.74
147.419
146.076
144.708
143.314
141.893
140.441
138.963
137.45
135.907
134.333
132.728
131.098
129.442
127.759
126.051
124.32
122.568
120.799
119.012
117.213
115.402
113.583
111.759
109.93
108.101
106.274
104.452
102.636
100.829
99.0334
97.2511
95.484
93.7341
92.003
90.2921
88.6028
86.9363
85.2935
83.6753
82.0824
80.5154
78.9746
77.4603
75.9725
74.5114
73.0768
71.6685
70.2864
68.9302
67.5994
66.2938
65.013
63.7566
62.5241
61.3151
60.1292
58.9661
57.8254
56.7066
55.6096
54.5338
53.4791
52.4452
51.4317
50.4383
49.4649
48.5111
47.5768
46.6617
45.7655
44.8881
44.0291
43.1883
42.3655
41.5605
40.7729
40.0025
39.249
38.5123
37.7919
37.0877
36.3994
35.7267
35.0692
34.4269
33.7992
33.1861
32.5872
32.0022
31.4309
30.8731
30.3283
29.7965
29.2775
28.7685
4452.02
4296.18
4151.97
4037.41
3958.9
3928.9
3936.29
3961.07
4015.1
4082.08
4154.1
4224.36
4287.69
4340.67
4379.06
4407.06
4411.26
4404.8
4396.51
4374.38
4344.99
4307.2
4263.27
4214.81
4162.25
4107.07
4049.9
3989.46
3929.05
3867.04
3806.03
3746.04
3686.77
3628.23
3570.38
3513.54
3457.31
3402.24
3347.88
3294.37
3241.2
3188.86
3137.03
3085.96
3035.44
2985.95
2937.24
2889.14
2841.6
2794.58
2747.99
2701.79
2656.09
2610.91
2566.36
2522.4
2479.11
2436.47
2394.63
2353.58
2313.22
2273.49
2234.39
2195.9
2158
2120.69
2083.98
2047.84
2012.32
1977.44
1943.17
1909.49
1876.4
1843.89
1811.98
1780.69
1750.07
1720.13
1690.89
1662.37
1634.59
1607.58
1581.34
1555.91
1531.27
1507.44
1484.41
1462.16
1440.68
1419.94
1399.93
1380.6
1361.93
1343.88
1326.38
1309.4
1292.88
1276.75
1260.95
1245.38
1229.98
1214.63
1199.26
1183.74
1167.96
1151.8
1135.1
1117.73
1099.56
1080.51
1060.42
1039.23
1016.75
992.948
967.74
941.093
913.007
883.518
852.705
820.693
787.653
753.808
719.429
684.822
650.337
616.323
583.161
551.168
520.719
492.037
465.606
441.185
419.218
398.827
381.151
366.295
350.707
341.814
330.326
326.858
329.209
331.423
334.249
337.809
342.068
346.909
352.154
357.768
363.804
370.132
376.89
383.933
391.078
398.275
405.529
412.808
420.049
427.175
434.116
440.772
447.071
453.047
457.778
461.774
465.07
467.704
469.31
471.123
471.536
471.225
470.276
468.574
466.061
462.726
458.695
454.041
448.846
443.185
437.12
430.713
424.032
417.134
410.072
402.896
395.652
388.376
381.104
373.864
366.684
359.586
352.59
345.713
338.969
332.37
325.927
319.647
313.536
307.598
301.836
296.249
290.84
285.605
280.545
275.656
270.936
266.381
261.987
257.75
253.665
249.729
245.936
242.281
238.76
235.367
232.097
228.946
225.909
222.98
220.156
217.432
214.803
212.265
209.814
207.445
205.155
202.94
200.797
198.72
196.708
194.757
192.864
191.025
189.237
187.499
185.806
184.157
182.55
180.981
179.449
177.953
176.489
175.056
173.654
172.279
170.93
169.606
168.307
167.03
165.774
164.539
163.323
162.126
160.946
159.782
158.635
157.499
156.373
155.254
154.136
153.018
151.894
150.761
149.618
148.459
147.283
146.087
144.868
143.624
142.352
141.051
139.719
138.356
136.96
135.529
134.065
132.571
131.041
129.48
127.889
126.268
124.624
122.955
121.264
119.551
117.82
116.073
114.313
112.542
110.763
108.978
107.192
105.405
103.622
101.843
100.072
98.3104
96.5612
94.8261
93.1071
91.4057
89.7236
88.0621
86.4226
84.806
83.2134
81.6454
80.1027
78.5856
77.0944
75.6293
74.1902
72.7772
71.3902
70.0288
68.6929
67.3822
66.0962
64.8347
63.5971
62.3832
61.1925
60.0246
58.8791
57.7556
56.6537
55.5732
54.5136
53.4747
52.4561
51.4575
50.4787
49.5193
48.5792
47.6581
46.7558
45.8718
45.0062
44.1584
43.3284
42.5159
41.7206
40.9422
40.1806
39.4355
38.7065
37.9935
37.2962
36.6144
35.9477
35.296
34.659
34.0364
33.428
32.8336
32.2529
31.6856
31.1317
30.5908
30.0626
29.5469
2263.11
2248
2232.78
2219.34
2212.57
2213.79
2228.25
2246.05
2280.91
2329.16
2390.73
2464.57
2549.32
2642.89
2742.3
2845.24
2947.34
3046.25
3139.61
3225.18
3301.06
3366.29
3419.86
3462.76
3494.03
3516.88
3529.9
3527.33
3527.4
3510.98
3503.6
3489.39
3471.05
3448.75
3423.17
3395.72
3365.19
3334.42
3300.56
3265.82
3227.92
3190.67
3151.38
3112.61
3072.85
3034.72
2996.23
2957.17
2917.72
2877.84
2837.36
2796.33
2755.27
2714.15
2673.33
2632.61
2592.36
2552.37
2513.32
2474.87
2436.77
2398.89
2361.33
2324.05
2287.02
2250.32
2213.95
2177.87
2142.21
2107.05
2072.28
2037.83
2003.68
1969.82
1936.28
1903.11
1870.37
1838.1
1806.33
1775.07
1744.35
1714.22
1684.71
1655.85
1627.67
1600.19
1573.41
1547.34
1522
1497.36
1473.41
1450.13
1427.49
1405.47
1384.02
1363.09
1342.64
1322.6
1302.89
1283.43
1264.13
1244.89
1225.6
1206.15
1186.39
1166.2
1145.48
1124.1
1101.94
1078.83
1054.69
1029.42
1002.93
975.166
946.088
915.698
884.035
851.179
817.253
782.431
746.928
711.012
674.995
639.212
604.032
569.803
536.897
505.596
476.223
448.934
424.137
401.525
381.276
362.84
346.911
333.35
319.559
310.666
302.225
301.054
302.037
303.647
306.154
309.282
312.957
317.036
321.384
326.219
331.682
337.503
343.969
350.669
357.406
364.256
371.284
378.445
385.652
392.821
399.878
406.716
413.292
419.727
424.179
428.427
432.295
435.601
438.419
440.76
441.889
442.293
442.661
442.304
441.104
439.047
436.267
432.883
428.946
424.525
419.653
414.384
408.78
402.891
396.768
390.46
384.013
377.468
370.86
364.221
357.58
350.965
344.399
337.902
331.492
325.186
318.997
312.937
307.015
301.238
295.611
290.14
284.825
279.67
274.673
269.835
265.155
260.631
256.261
252.042
247.971
244.044
240.258
236.608
233.09
229.701
226.435
223.289
220.258
217.338
214.524
211.812
209.198
206.678
204.247
201.903
199.64
197.456
195.346
193.308
191.337
189.43
187.585
185.798
184.066
182.386
180.755
179.172
177.634
176.138
174.682
173.264
171.883
170.537
169.223
167.94
166.687
165.463
164.265
163.094
161.947
160.825
159.725
158.648
157.592
156.554
155.531
154.521
153.52
152.526
151.534
150.541
149.542
148.535
147.516
146.482
145.431
144.359
143.264
142.143
140.994
139.814
138.603
137.358
136.078
134.763
133.411
132.024
130.601
129.143
127.651
126.128
124.572
122.987
121.374
119.734
118.076
116.398
114.702
112.992
111.267
109.534
107.793
106.048
104.302
102.557
100.815
99.0799
97.3537
95.6386
93.9365
92.2496
90.5794
88.9277
87.296
85.6854
84.0973
82.5325
80.9919
79.4759
77.985
76.5195
75.0796
73.6653
72.2766
70.9133
69.5753
68.2624
66.9743
65.7105
64.4708
63.2547
62.0619
60.8918
59.7442
58.6185
57.5144
56.4317
55.3698
54.3284
53.3072
52.306
51.3243
50.362
49.4187
48.4942
47.5882
46.7004
45.8305
44.9784
44.1438
43.3263
42.5259
41.7421
40.9749
40.2239
39.4888
38.7696
38.0658
37.3773
36.7038
36.0451
35.401
34.7713
34.1557
33.554
32.966
32.3915
31.8304
31.2825
30.7471
30.2261
962.659
969.469
975.837
982.4
988.828
996.302
1005.43
1016.68
1030.89
1048.98
1071.77
1100.12
1134.84
1176.57
1225.93
1283.4
1349.01
1422.9
1504.39
1593.08
1687.35
1786.11
1887.25
1989.26
2089.86
2187.53
2280.81
2367.13
2447.05
2518.68
2583.11
2640.25
2689.99
2732.91
2768.55
2799.23
2821.48
2843.16
2851.65
2860.75
2853.74
2858.38
2843.79
2841.38
2827.05
2821.82
2809.41
2793.5
2775.27
2754.55
2730.25
2704.1
2677.29
2649.15
2621.03
2591.33
2562.52
2532.33
2504.4
2476.11
2447.14
2417.3
2387.23
2356.59
2325.57
2294.43
2263.27
2231.81
2200.54
2169.71
2138.79
2107.6
2076.18
2044.54
2012.72
1980.87
1949.11
1917.46
1885.93
1854.49
1823.23
1792.2
1761.47
1731.08
1701.08
1671.51
1642.4
1613.79
1585.7
1558.15
1531.14
1504.67
1478.72
1453.29
1428.36
1403.87
1379.81
1356.11
1332.7
1309.48
1286.38
1263.29
1240.11
1216.72
1193
1168.86
1144.13
1118.72
1092.52
1065.39
1037.27
1008.07
977.729
946.232
913.578
879.809
845.006
809.296
772.848
735.882
698.655
661.472
624.671
588.602
553.632
520.087
488.303
458.498
430.932
405.666
383.027
362.613
344.432
328.216
314.134
302.111
290.302
279.89
277.356
275.471
275.626
276.68
278.799
281.088
283.727
286.583
289.778
293.984
299.113
304.583
310.949
317.202
323.391
329.855
336.658
343.686
350.816
357.956
365.05
371.967
378.739
385.546
388.661
393.259
397.604
401.747
405.54
408.768
411.192
411.449
412.599
413.674
413.755
412.906
411.335
409.21
406.52
403.324
399.633
395.513
391.023
386.199
381.085
375.728
370.171
364.454
358.613
352.679
346.685
340.659
334.626
328.61
322.632
316.711
310.866
305.111
299.458
293.917
288.498
283.207
278.049
273.028
268.147
263.408
258.812
254.358
250.048
245.879
241.85
237.958
234.202
230.578
227.082
223.713
220.465
217.336
214.321
211.417
208.62
205.926
203.332
200.833
198.426
196.107
193.872
191.718
189.642
187.64
185.708
183.844
182.044
180.305
178.625
177
175.428
173.907
172.433
171.005
169.621
168.279
166.976
165.711
164.483
163.289
162.129
161
159.902
158.834
157.793
156.783
155.799
154.839
153.9
152.98
152.075
151.184
150.304
149.43
148.56
147.688
146.81
145.924
145.027
144.116
143.188
142.239
141.266
140.268
139.241
138.183
137.092
135.967
134.806
133.607
132.37
131.095
129.781
128.43
127.04
125.615
124.155
122.662
121.136
119.583
118
116.393
114.763
113.114
111.446
109.768
108.079
106.382
104.679
102.974
101.268
99.5649
97.8673
96.1776
94.4979
92.8306
91.1773
89.5402
87.921
86.3209
84.7417
83.1844
81.65
80.1392
78.6525
77.1904
75.7531
74.3409
72.9538
71.5918
70.2549
68.9427
67.6552
66.3921
65.1529
63.9373
62.7449
61.5753
60.428
59.3027
58.1989
57.1163
56.0545
55.0131
53.9918
52.9902
52.0081
51.0452
50.1011
49.1756
48.2683
47.379
46.5075
45.6534
44.8165
43.9965
43.1933
42.4066
41.6361
40.8816
40.1429
39.4197
38.7118
38.0189
37.3409
36.6776
36.0286
35.3939
34.7733
34.1664
33.5733
32.9936
32.4273
31.8743
31.3337
30.8088
336.212
340.604
344.95
349.486
354.031
358.827
363.845
369.316
375.244
381.9
389.418
398.058
408.08
419.78
433.522
449.729
468.789
491.266
517.6
548.372
584.063
625.26
672.308
725.585
785.233
851.371
923.821
1002.26
1086.16
1174.64
1266.73
1361.22
1456.53
1551.45
1643.98
1733.55
1817.71
1897.15
1969.46
2035.69
2093.75
2146.4
2191.68
2231.87
2265.74
2296.21
2321.55
2342.06
2359
2371.56
2369.6
2373.23
2373.63
2370.36
2367.51
2354.29
2352.2
2336.22
2335.32
2326.5
2314.02
2298.57
2282.87
2264.37
2244.76
2224.86
2204.97
2183.04
2161.69
2141.27
2119.39
2096.12
2071.61
2046.46
2020.43
1993.94
1967.17
1940
1912.32
1884.08
1855.43
1826.52
1797.42
1768.15
1738.79
1709.39
1680.05
1650.82
1621.76
1592.91
1564.28
1535.92
1507.84
1480.05
1452.54
1425.32
1398.36
1371.62
1345.03
1318.52
1292.02
1265.44
1238.69
1211.65
1184.24
1156.35
1127.85
1098.66
1068.69
1037.85
1006.07
973.311
939.56
904.824
869.155
832.636
795.395
757.607
719.485
681.288
643.307
605.869
569.321
534.003
500.255
468.352
438.572
411.042
385.95
363.249
343.2
325.211
309.459
295.46
283.286
273.083
262.849
254.107
251.653
249.959
250.178
250.623
252.28
252.72
253.69
254.942
257.287
261.687
267.015
272.343
278.813
284.226
289.706
295.854
302.5
309.389
316.383
323.412
330.445
337.319
344.226
351.181
350.876
356.85
361.64
366.731
371.519
375.747
378.661
379.146
381.038
382.804
384.439
384.576
384.124
383.241
381.775
379.807
377.279
374.308
370.939
367.183
363.1
358.733
354.122
349.302
344.306
339.163
333.904
328.56
323.155
317.716
312.264
306.823
301.411
296.048
290.749
285.525
280.39
275.351
270.418
265.595
260.889
256.304
251.842
247.507
243.299
239.219
235.268
231.445
227.748
224.175
220.726
217.397
214.186
211.09
208.106
205.231
202.462
199.796
197.228
194.757
192.378
190.088
187.884
185.763
183.721
181.755
179.862
178.039
176.283
174.591
172.96
171.387
169.87
168.407
166.995
165.632
164.315
163.044
161.816
160.63
159.482
158.374
157.302
156.266
155.264
154.298
153.362
152.457
151.579
150.727
149.897
149.085
148.291
147.511
146.744
145.985
145.23
144.474
143.712
142.943
142.164
141.372
140.563
139.734
138.882
138.005
137.099
136.162
135.193
134.189
133.147
132.067
130.947
129.786
128.584
127.342
126.059
124.737
123.376
121.979
120.546
119.079
117.581
116.053
114.499
112.921
111.321
109.702
108.068
106.422
104.766
103.104
101.435
99.7689
98.1056
96.447
94.7954
93.1534
91.5225
89.9054
88.3041
86.7193
85.1536
83.6083
82.0845
80.5829
79.1044
77.6494
76.2184
74.8118
73.4297
72.0721
70.7394
69.4309
68.1469
66.8871
65.6512
64.4388
63.2495
62.0827
60.9383
59.8157
58.7145
57.6344
56.575
55.5358
54.5166
53.517
52.5367
51.5755
50.6329
49.7086
48.8023
47.9138
47.0428
46.189
45.3521
44.532
43.7283
42.9408
42.1694
41.4137
40.6735
39.9486
39.2388
38.5438
37.8634
37.1975
36.5459
35.9084
35.2847
34.6748
34.0785
33.4957
32.9262
32.37
31.8261
31.2987
134.213
135.267
136.346
137.513
138.728
140.044
141.435
142.957
144.592
146.388
148.361
150.545
152.989
155.727
158.838
162.39
166.472
171.205
176.696
183.145
190.786
199.776
210.425
222.976
237.816
255.287
275.88
300.016
328.317
361.267
399.496
443.559
493.829
550.705
614.123
683.929
759.446
839.773
923.593
1009.62
1096.22
1182.06
1265.69
1346.2
1422.41
1494.2
1560.91
1622.25
1678.67
1729.93
1774.91
1814.78
1850.5
1881.75
1909.76
1933.34
1955.13
1972
1990.22
2003.49
2013.05
2018.34
2025.96
2020.42
2018.37
2016.67
2018.95
2009.09
2004.64
2004.76
1997.38
1986.89
1973.64
1959.59
1943.16
1926.32
1909.17
1890.72
1870.79
1849.28
1826.7
1803.34
1779.18
1754.16
1728.36
1701.89
1674.92
1647.53
1619.77
1591.74
1563.48
1535.06
1506.51
1477.88
1449.19
1420.48
1391.75
1362.98
1334.13
1305.16
1276.02
1246.65
1216.97
1186.91
1156.38
1125.31
1093.61
1061.21
1028.06
994.103
959.32
923.706
887.287
850.123
812.306
773.974
735.297
696.494
657.813
619.545
581.995
545.491
510.363
476.915
445.427
416.103
389.133
364.548
342.461
322.722
305.51
290.108
276.908
265.114
254.794
246.487
237.586
232.343
226.081
225.437
226.192
225.322
226.167
221.938
221.321
221.547
224.809
231.019
236.847
241.969
248.529
252.13
256.988
263.15
269.735
276.423
283.172
289.975
296.844
303.553
310.556
316.99
315.36
321.877
325.39
331.693
337.451
342.348
344.851
346.652
349.292
351.749
353.878
354.415
354.932
355.318
355.025
354.267
352.835
351.006
348.76
346.07
343.026
339.664
336.02
332.125
328.013
323.711
319.248
314.654
309.954
305.17
300.327
295.447
290.554
285.667
280.802
275.976
271.202
266.491
261.853
257.296
252.829
248.458
244.187
240.022
235.966
232.021
228.19
224.472
220.87
217.382
214.007
210.746
207.595
204.553
201.619
198.79
196.064
193.437
190.908
188.474
186.131
183.877
181.71
179.625
177.621
175.694
173.841
172.06
170.347
168.701
167.118
165.596
164.132
162.724
161.37
160.069
158.817
157.613
156.457
155.345
154.276
153.249
152.265
151.318
150.407
149.532
148.69
147.878
147.097
146.342
145.609
144.897
144.204
143.527
142.864
142.212
141.565
140.918
140.266
139.607
138.941
138.263
137.57
136.858
136.123
135.364
134.577
133.761
132.913
132.03
131.109
130.148
129.146
128.102
127.015
125.885
124.713
123.497
122.241
120.944
119.607
118.234
116.824
115.382
113.908
112.407
110.879
109.329
107.758
106.171
104.571
102.959
101.339
99.715
98.0896
96.4656
94.8456
93.2323
91.6273
90.0337
88.4538
86.887
85.3391
83.8103
82.3015
80.8136
79.3474
77.9035
76.4827
75.0855
73.7118
72.3621
71.0368
69.735
68.4574
67.204
65.9741
64.7675
63.5838
62.4225
61.2833
60.1657
59.0694
57.9941
56.9393
55.9046
54.8895
53.894
52.9177
51.9603
51.0213
50.1004
49.1973
48.3117
47.4434
46.5919
45.7572
44.9389
44.1369
43.3508
42.5805
41.8257
41.0862
40.3618
39.6521
38.9571
38.2765
37.6102
36.9579
36.3196
35.695
35.084
34.4866
33.9025
33.3316
32.7742
32.2289
31.7004
72.9195
73.0769
73.2374
73.4204
73.6183
73.8475
74.1031
74.3986
74.7288
75.1062
75.531
76.009
76.5472
77.1529
77.839
78.6151
79.4979
80.5016
81.6517
82.9673
84.4902
86.2565
88.3435
90.7825
93.6753
97.0807
101.148
105.981
111.798
118.783
127.24
137.483
149.924
165.012
183.281
205.269
231.549
262.64
298.955
340.796
388.23
441.16
499.142
561.658
627.823
696.756
767.496
838.874
910.06
980.184
1048.49
1114.3
1177.29
1237.17
1293.84
1347.09
1397.27
1443.59
1487.49
1528.01
1565.1
1597.98
1628.93
1655.38
1679.05
1700.1
1719.7
1734.73
1749.66
1758.79
1764.69
1769.93
1768.24
1772.2
1766.73
1764.47
1763.92
1758.29
1750.06
1738.5
1725.62
1711.82
1696.46
1679.06
1660.02
1639.44
1617.76
1594.95
1571.09
1546.3
1520.68
1494.31
1467.25
1439.6
1411.42
1382.8
1353.78
1324.37
1294.56
1264.36
1233.72
1202.63
1171.05
1138.94
1106.24
1072.92
1038.94
1004.27
968.888
932.797
896.019
858.6
820.616
782.173
743.417
704.526
665.711
627.226
589.342
552.356
516.566
482.275
449.766
419.274
390.996
365.049
341.525
320.365
301.616
285.031
270.708
257.984
247.145
237.568
229.01
222.34
215.098
210.585
205.005
204.145
204.123
199.486
198.217
197.023
196.636
196.744
201.11
205.519
209.99
214.354
220.575
220.65
226.085
232.877
239.306
245.558
251.887
258.346
264.942
271.381
278.412
283.489
282.058
288.417
292.967
298.594
304.534
309.149
309.697
312.094
316.146
319.859
322.837
324.395
325.483
325.933
326.682
327.105
326.599
325.919
324.793
323.123
321.118
318.769
316.097
313.141
309.932
306.494
302.855
299.046
295.093
291.017
286.841
282.588
278.281
273.941
269.583
265.226
260.885
256.573
252.3
248.077
243.914
239.818
235.797
231.858
228.005
224.245
220.579
217.011
213.543
210.176
206.91
203.746
200.684
197.723
194.862
192.1
189.435
186.865
184.389
182.004
179.709
177.501
175.378
173.337
171.376
169.493
167.684
165.947
164.28
162.681
161.146
159.674
158.262
156.909
155.613
154.371
153.181
152.043
150.956
149.917
148.923
147.973
147.064
146.196
145.365
144.571
143.809
143.081
142.384
141.715
141.069
140.446
139.842
139.257
138.69
138.136
137.589
137.042
136.491
135.935
135.375
134.807
134.224
133.623
133.001
132.357
131.686
130.988
130.26
129.499
128.7
127.86
126.978
126.052
125.082
124.068
123.009
121.904
120.755
119.563
118.328
117.052
115.738
114.385
112.998
111.579
110.129
108.653
107.152
105.63
104.091
102.537
100.971
99.3968
97.8174
96.2356
94.6545
93.0768
91.5046
89.9409
88.3882
86.8463
85.3204
83.8115
82.3208
80.8494
79.3984
77.9686
76.5606
75.1754
73.8125
72.4732
71.1578
69.864
68.5953
67.3508
66.1296
64.9314
63.7558
62.6024
61.4709
60.3608
59.2718
58.2036
57.1555
56.1276
55.1188
54.1295
53.1594
52.2078
51.2745
50.3591
49.4612
48.5805
47.7168
46.8697
46.0391
45.2248
44.4263
43.6436
42.8765
42.1247
41.3878
40.6658
39.9584
39.2653
38.5865
37.9216
37.2707
36.6336
36.01
35.3999
34.8031
34.2197
33.6494
33.0924
32.5478
32.0196
49.0776
49.0554
49.0266
49.003
48.9883
48.9881
48.9977
49.0179
49.0311
49.1014
49.1426
49.2178
49.3031
49.4193
49.56
49.7288
49.9283
50.1591
50.4288
50.7374
51.0981
51.5091
51.9905
52.5427
53.1927
53.948
54.8436
55.8966
57.1597
58.6707
60.5095
62.7476
65.5066
68.9031
73.1131
78.3233
84.7689
92.7268
102.492
114.426
128.862
146.21
166.777
190.932
218.898
250.855
286.89
326.929
370.802
418.224
468.835
522.17
577.716
634.957
693.346
752.314
811.453
870.086
927.933
984.525
1039.59
1092.46
1143.31
1191.53
1237.1
1279.85
1319.94
1356.83
1390.98
1421.66
1448.27
1472
1492.24
1510.37
1524.13
1538.49
1538.97
1542.45
1549.7
1547.67
1547.05
1547.42
1544.66
1537.17
1527.54
1515.13
1501.69
1486.27
1468.89
1449.94
1429.44
1407.5
1384.2
1359.68
1334.04
1307.43
1279.93
1251.58
1222.43
1192.51
1161.84
1130.44
1098.32
1065.49
1031.93
997.667
962.699
927.051
890.76
853.878
816.481
778.666
740.559
702.319
664.128
626.205
588.788
552.145
516.546
482.271
449.582
418.727
389.912
363.285
338.946
316.928
297.222
279.714
264.388
250.915
239.384
229.216
220.483
212.966
206.157
200.558
195.209
190.486
187.425
183.019
182.886
178.893
177.529
176.803
175.989
175.869
178.965
181.628
185.317
189.502
194.367
196.823
200.574
206.438
211.842
217.244
223.024
229.069
235.315
241.409
248.318
250.391
251.373
257.364
260.469
266.852
273.289
275.629
277.565
278.713
283.61
288.292
292.16
293.505
294.87
296.95
298.713
298.632
298.859
299.463
299.448
298.661
297.705
296.356
294.639
292.623
290.32
287.747
284.94
281.934
278.752
275.412
271.937
268.348
264.669
260.921
257.123
253.291
249.443
245.591
241.745
237.917
234.118
230.357
226.642
222.983
219.388
215.861
212.41
209.036
205.745
202.539
199.419
196.388
193.446
190.595
187.834
185.163
182.581
180.089
177.684
175.366
173.133
170.984
168.917
166.93
165.02
163.188
161.429
159.742
158.125
156.575
155.091
153.671
152.313
151.016
149.777
148.594
147.465
146.39
145.366
144.391
143.463
142.579
141.738
140.937
140.175
139.449
138.756
138.098
137.474
136.88
136.309
135.762
135.236
134.732
134.249
133.784
133.327
132.869
132.409
131.946
131.488
131.022
130.543
130.047
129.533
128.999
128.439
127.856
127.248
126.608
125.931
125.213
124.452
123.647
122.797
121.9
120.957
119.967
118.93
117.846
116.718
115.545
114.329
113.073
111.777
110.445
109.08
107.683
106.258
104.808
103.336
101.845
100.339
98.8202
97.2927
95.7592
94.2229
92.6868
91.1532
89.625
88.1051
86.5948
85.0971
83.6139
82.1467
80.697
79.2661
77.8549
76.4642
75.0951
73.7474
72.4222
71.12
69.8388
68.5818
67.3481
66.1373
64.9492
63.7833
62.6393
61.5169
60.4157
59.3353
58.2756
57.2357
56.2158
55.2138
54.2323
53.2701
52.3263
51.4006
50.4925
49.6018
48.728
47.871
47.0302
46.2057
45.3973
44.6044
43.8271
43.065
42.3181
41.5859
40.8682
40.1648
39.4756
38.8004
38.139
37.4913
36.8572
36.2365
35.6291
35.035
34.454
33.8861
33.3315
32.7893
32.263
37.0557
37.0136
36.963
36.912
36.8615
36.814
36.7703
36.7311
36.6963
36.6672
36.6474
36.6268
36.6279
36.6352
36.6404
36.6742
36.6958
36.7357
36.788
36.8559
36.9422
37.0443
37.1676
37.3124
37.4845
37.6855
37.9236
38.2038
38.5399
38.9432
39.4383
40.0465
40.8056
41.7519
42.9384
44.4225
46.2759
48.5865
51.4469
54.9825
59.3091
64.5943
70.9794
78.6683
87.8356
98.7019
111.471
126.367
143.596
163.364
185.855
211.239
239.646
271.18
305.899
343.776
384.765
428.656
475.202
524.008
574.707
626.758
679.691
732.959
786.007
838.343
889.493
939.104
986.686
1032.07
1074.58
1114.23
1150.85
1184.53
1214.51
1242.11
1264.93
1283.83
1301.28
1313.64
1325.99
1326.71
1334.68
1334.22
1336.86
1331.17
1329.81
1323.69
1314.33
1303.34
1289.98
1274.46
1256.87
1237.37
1216.12
1193.34
1169.13
1143.59
1116.79
1088.83
1059.77
1029.68
998.624
966.656
933.829
900.205
865.849
830.842
795.273
759.253
722.908
686.388
649.864
613.529
577.602
542.316
507.915
474.659
442.789
412.539
384.104
357.663
333.321
311.138
291.131
273.253
257.43
243.515
231.431
220.847
211.842
203.959
197.103
191.318
185.945
181.617
177.227
173.546
170.2
166.009
164.478
162.442
161.121
161.571
158.811
158.503
158.758
159.276
163.336
167.879
170.129
171.837
176.305
182.958
186.928
191.497
196.908
202.583
208.416
214.114
220.249
224.831
223.776
229.511
233.693
238.745
244.254
246.971
249.568
248.638
253.305
258.153
262.307
264.842
266.004
268.286
270.536
270.785
271.321
272.17
273.3
272.995
273.22
272.81
271.99
270.906
269.487
267.76
265.77
263.564
261.158
258.568
255.809
252.905
249.881
246.756
243.549
240.28
236.964
233.613
230.238
226.85
223.461
220.082
216.724
213.396
210.106
206.862
203.67
200.536
197.464
194.459
191.525
188.663
185.876
183.166
180.534
177.982
175.51
173.118
170.806
168.574
166.421
164.346
162.349
160.428
158.583
156.811
155.111
153.481
151.921
150.427
148.999
147.634
146.331
145.088
143.904
142.777
141.705
140.686
139.719
138.801
137.93
137.104
136.32
135.576
134.871
134.203
133.566
132.967
132.403
131.872
131.363
130.88
130.419
129.98
129.57
129.183
128.807
128.426
128.044
127.663
127.301
126.93
126.548
126.149
125.736
125.305
124.847
124.377
123.888
123.371
122.817
122.221
121.582
120.899
120.17
119.395
118.571
117.698
116.776
115.806
114.787
113.722
112.611
111.455
110.256
109.018
107.741
106.43
105.086
103.713
102.314
100.893
99.4522
97.9954
96.5257
95.0465
93.5609
92.072
90.5826
89.0956
87.6138
86.1394
84.6748
83.2222
81.7834
80.3601
78.9537
77.5653
76.196
74.8468
73.5181
72.2107
70.9252
69.6611
68.4194
67.2
66.0029
64.8278
63.6744
62.5426
61.432
60.3422
59.273
58.2241
57.1947
56.1851
55.1933
54.2212
53.268
52.3331
51.416
50.5163
49.6337
48.7678
47.9184
47.085
46.2677
45.4664
44.6798
43.9092
43.154
42.4137
41.6879
40.9765
40.2791
39.5956
38.9261
38.27
37.6275
36.9983
36.3824
35.7795
35.1898
34.613
34.0493
33.4989
32.961
32.4382
29.8445
29.8132
29.7755
29.7357
29.695
29.6543
29.6142
29.5752
29.5379
29.5021
29.4697
29.4389
29.4119
29.3898
29.3698
29.3568
29.344
29.343
29.3464
29.349
29.367
29.3791
29.4035
29.4376
29.4816
29.5361
29.603
29.6845
29.7851
29.9097
30.0674
30.2678
30.5261
30.8592
31.2893
31.8397
32.5392
33.4232
34.5285
35.9033
37.5917
39.6555
42.1465
45.1381
48.6931
52.8943
57.819
63.5626
70.2209
77.9101
86.7516
96.8954
108.502
121.766
136.901
154.145
173.755
195.979
221.044
249.12
280.299
314.6
351.893
391.977
434.492
479.022
525.031
572.05
619.461
666.783
713.43
758.894
802.771
844.719
884.34
921.312
955.693
986.508
1014.73
1039.04
1061.15
1077.94
1093.62
1104.38
1114.02
1114.24
1115.96
1118.98
1115.39
1115.08
1109.82
1101.88
1091.19
1077.99
1062.46
1044.86
1025.36
1004.1
981.173
956.722
930.863
903.699
875.357
845.933
815.536
784.282
752.292
719.698
686.644
653.288
619.802
586.372
553.201
520.504
488.503
457.428
427.503
398.951
371.957
346.69
323.264
301.781
282.246
264.657
248.972
235.083
222.9
212.25
203.037
194.996
188.116
182.149
176.906
172.485
168.301
164.904
161.431
158.17
155.202
152.531
151.04
148.119
146.833
147.19
144.548
143.941
143.666
143.735
146.426
149.814
153.685
153.879
157.515
163.521
164.069
168.479
173.989
179.259
184.551
189.7
194.955
200.132
200.225
204.921
207.406
212.59
217.083
218.527
221.601
220.998
225.396
229.964
234.018
236.924
237.855
240.41
242.958
244.962
244.731
245.657
247.172
247.298
248.274
248.602
248.555
248.401
247.8
246.857
245.643
244.218
242.587
240.741
238.696
236.481
234.12
231.63
229.032
226.348
223.591
220.771
217.897
214.982
212.038
209.078
206.112
203.151
200.205
197.281
194.388
191.531
188.716
185.949
183.235
180.576
177.977
175.44
172.968
170.563
168.227
165.961
163.765
161.641
159.588
157.606
155.696
153.857
152.089
150.389
148.758
147.195
145.698
144.265
142.896
141.589
140.342
139.155
138.024
136.95
135.931
134.964
134.048
133.181
132.36
131.582
130.846
130.15
129.492
128.869
128.275
127.722
127.209
126.73
126.269
125.836
125.425
125.03
124.683
124.364
124.058
123.738
123.42
123.104
122.843
122.556
122.262
121.951
121.63
121.294
120.919
120.562
120.194
119.803
119.373
118.899
118.383
117.824
117.219
116.567
115.865
115.112
114.309
113.456
112.552
111.599
110.596
109.546
108.45
107.309
106.127
104.906
103.65
102.36
101.04
99.6936
98.324
96.9345
95.5284
94.1092
92.68
91.244
89.8044
88.364
86.9256
85.492
84.0654
82.6483
81.2427
79.8503
78.4728
77.1115
75.7676
74.4423
73.1362
71.8501
70.5846
69.3398
68.1163
66.9142
65.7334
64.5741
63.4359
62.3186
61.2221
60.1461
59.0902
58.0542
57.0375
56.0402
55.0613
54.101
53.1592
52.2352
51.3287
50.4394
49.567
48.711
47.8713
47.0473
46.2391
45.4467
44.6686
43.9062
43.1588
42.4261
41.7077
41.0034
40.3129
39.6362
38.9734
38.3234
37.6875
37.0649
36.4556
35.8591
35.2757
34.7051
34.1476
33.603
33.0712
32.5536
25.0755
25.0568
25.0334
25.0079
24.9811
24.9536
24.9256
24.8974
24.8693
24.8416
24.8147
24.7886
24.7635
24.7401
24.718
24.6982
24.6798
24.664
24.6512
24.6405
24.6328
24.6287
24.629
24.6317
24.6358
24.6451
24.6589
24.6798
24.7082
24.7465
24.7994
24.8724
24.9725
25.1089
25.2934
25.54
25.8631
26.281
26.8136
27.4858
28.3214
29.3504
30.5998
32.1024
33.8868
35.9867
38.4315
41.2554
44.4899
48.174
52.3471
57.0619
62.3784
68.3777
75.1599
82.854
91.6198
101.653
113.177
126.449
141.723
159.276
179.329
202.074
227.606
255.936
286.941
320.424
356.076
393.494
432.262
471.845
511.799
551.572
590.814
628.874
665.662
700.452
733.302
763.561
791.471
816.227
838.501
857.34
873.782
885.52
895.51
900.174
901.724
905.603
904.388
904.484
900.693
894.043
884.665
872.81
858.735
842.612
824.572
804.768
783.344
760.459
736.246
710.862
684.456
657.185
629.211
600.707
571.855
542.844
513.872
485.14
456.862
429.24
402.487
376.793
352.347
329.306
307.792
287.901
269.675
253.154
238.261
224.977
213.226
202.861
193.838
185.944
179.108
173.167
168.001
163.531
159.571
156.172
152.974
150.308
147.496
145.122
142.431
140.074
138.75
136.632
134.627
134.811
132.255
131.38
131.166
130.806
132.589
134.821
137.55
139.75
142.359
146.617
147.046
150.58
154.94
159.232
163.737
168.114
172.523
176.881
179.991
183.277
186.086
190.099
190.736
192.056
195.256
196.37
200.184
204.015
207.667
210.674
211.037
214.065
216.897
219.565
219.234
220.854
222.775
222.588
223.265
224.25
224.751
225.673
225.686
225.401
224.88
224.216
223.351
222.226
220.877
219.338
217.63
215.767
213.777
211.684
209.498
207.224
204.869
202.447
199.97
197.453
194.907
192.342
189.768
187.195
184.631
182.082
179.556
177.058
174.594
172.169
169.787
167.451
165.167
162.935
160.76
158.643
156.585
154.59
152.656
150.786
148.98
147.237
145.559
143.944
142.393
140.905
139.478
138.113
136.808
135.562
134.373
133.241
132.165
131.143
130.173
129.255
128.386
127.564
126.786
126.05
125.353
124.695
124.074
123.486
122.918
122.402
121.931
121.493
121.066
120.673
120.293
119.906
119.619
119.356
119.111
118.837
118.562
118.283
118.151
117.924
117.713
117.48
117.241
116.981
116.646
116.42
116.18
115.923
115.617
115.262
114.871
114.439
113.961
113.435
112.857
112.228
111.547
110.814
110.029
109.193
108.304
107.364
106.374
105.337
104.254
103.129
101.964
100.763
99.5272
98.2613
96.9683
95.6517
94.3148
92.9611
91.5938
90.2162
88.8317
87.4431
86.0535
84.6656
83.2821
81.9053
80.5374
79.1804
77.8362
76.5062
75.1917
73.894
72.6141
71.3527
70.1105
68.888
67.6856
66.5035
65.342
64.2009
63.0803
61.98
60.8999
59.8397
58.7991
57.778
56.7759
55.7927
54.8278
53.8811
52.9522
52.0409
51.1468
50.2695
49.4088
48.5643
47.7359
46.923
46.1257
45.3437
44.5765
43.8242
43.0866
42.3634
41.6543
40.9592
40.2777
39.6097
38.9554
38.3137
37.6856
37.0707
36.4688
35.8796
35.3035
34.7397
34.1897
33.6529
33.129
32.6186
21.7379
21.7285
21.7154
21.7007
21.6847
21.6678
21.65
21.6317
21.6129
21.5938
21.5746
21.5555
21.5366
21.5182
21.5001
21.4828
21.4662
21.4506
21.436
21.4227
21.4106
21.4001
21.3913
21.3842
21.3788
21.3747
21.3735
21.3748
21.3778
21.3845
21.3989
21.4256
21.4666
21.527
21.6139
21.7358
21.9027
22.1261
22.418
22.794
23.2702
23.8657
24.5989
25.4903
26.5587
27.824
29.3027
31.012
32.9648
35.1754
37.6553
40.4196
43.4843
46.8742
50.6211
54.7727
59.3913
64.5649
70.4001
77.0395
84.6426
93.4046
103.532
115.245
128.757
144.256
161.889
181.733
203.814
228.034
254.271
282.246
311.714
342.254
373.59
405.189
436.8
467.894
498.229
527.348
555.036
580.893
604.862
626.471
645.932
662.499
676.661
687.81
695.957
702.808
703.471
704.267
704.743
704.09
700.208
693.71
684.882
673.935
661.042
646.34
629.993
612.148
592.986
572.664
551.357
529.242
506.501
483.323
459.903
436.436
413.119
390.143
367.7
345.965
325.11
305.272
286.598
269.17
253.055
238.295
224.883
212.814
201.98
192.375
183.895
176.414
169.919
164.191
159.212
154.874
151.047
147.687
144.674
142.016
139.558
137.391
135.247
133.31
131.331
129.053
127.63
125.908
124.363
123.458
121.132
120.418
120.832
119.451
120.608
121.615
123.356
125.549
128.051
131.151
133.848
135.731
138.484
141.762
145.563
149.037
152.575
156.183
159.936
162.327
165.08
168.865
168.876
169.749
171.416
174.646
177.258
180.3
183.554
185.752
187.821
190.361
192.932
195.676
196.131
198.005
199.43
199.106
200.015
201.623
202.628
203.576
203.579
203.748
203.798
203.925
203.823
203.355
202.664
201.771
200.687
199.424
198.021
196.51
194.893
193.163
191.329
189.404
187.403
185.341
183.229
181.077
178.897
176.696
174.483
172.267
170.053
167.848
165.66
163.492
161.352
159.242
157.168
155.133
153.141
151.194
149.296
147.447
145.652
143.909
142.222
140.591
139.016
137.498
136.037
134.632
133.285
131.994
130.758
129.577
128.45
127.376
126.353
125.382
124.461
123.589
122.764
121.982
121.242
120.541
119.875
119.247
118.655
118.093
117.534
117.051
116.613
116.206
115.803
115.437
115.075
114.608
114.414
114.19
114.008
113.77
113.498
113.195
113.292
113.054
112.94
112.778
112.603
112.374
111.97
111.971
111.86
111.755
111.566
111.324
111.062
110.764
110.416
110.019
109.567
109.066
108.51
107.902
107.24
106.524
105.753
104.928
104.049
103.12
102.141
101.117
100.049
98.9401
97.794
96.6136
95.4024
94.1638
92.9013
91.6183
90.3181
89.0042
87.6799
86.3482
85.0124
83.6752
82.3394
81.0076
79.682
78.3649
77.0582
75.7635
74.4823
73.2161
71.9658
70.7324
69.5168
68.3195
67.1411
65.9818
64.842
63.7218
62.6211
61.54
60.4784
59.4361
58.4128
57.4085
56.4227
55.4552
54.5058
53.5741
52.6598
51.7627
50.8825
50.0187
49.1712
48.3397
47.5239
46.7236
45.9384
45.1684
44.413
43.6723
42.946
42.2338
41.5356
40.8512
40.1802
39.5227
38.8785
38.2472
37.6291
37.0238
36.4315
35.8517
35.2848
34.7302
34.1889
33.6606
33.1451
32.6432
19.3235
19.3203
19.3134
19.3052
19.296
19.2858
19.2748
19.263
19.2507
19.2378
19.2246
19.2111
19.1974
19.1836
19.1699
19.1563
19.1429
19.1298
19.117
19.1047
19.0931
19.082
19.0718
19.0623
19.0537
19.046
19.0391
19.0335
19.028
19.0239
19.0234
19.0292
19.0449
19.0719
19.1143
19.1771
19.2674
19.3931
19.5631
19.7876
20.0784
20.449
20.9139
21.4888
22.1887
23.0295
24.0249
25.1879
26.5284
28.0551
29.7728
31.6862
33.7982
36.1137
38.6396
41.3891
44.383
47.6537
51.2465
55.2238
59.6654
64.6707
70.3578
76.8608
84.3293
92.9127
102.769
114.023
126.803
141.163
157.157
174.723
193.82
214.254
235.896
258.44
281.694
305.286
329.004
352.45
375.443
397.546
418.704
438.416
456.771
473.225
487.95
500.495
510.885
519.278
524.993
528.06
528.512
528.711
528.724
526.331
521.787
515.293
507.033
497.142
485.748
473.013
459.082
444.12
428.295
411.776
394.736
377.355
359.813
342.283
324.935
307.926
291.413
275.518
260.377
246.07
232.705
220.297
208.893
198.498
189.088
180.63
173.036
166.303
160.332
155.051
150.421
146.311
142.706
139.518
136.667
134.104
131.773
129.658
127.705
125.932
124.214
122.566
120.981
119.201
117.663
116.364
114.714
113.547
111.63
110.912
111.001
109.511
110.064
109.418
110.928
113.027
115.412
117.8
120.454
120.581
123.189
126.238
129.679
131.998
134.818
137.957
141.729
142.325
145.602
149.487
150.26
150.864
151.38
154.513
155.514
158.75
161.795
162.472
165.506
168.484
171.117
173.813
175.036
176.88
176.773
177.1
178.85
180.565
181.49
182.628
183.387
183.726
183.361
183.775
184.471
184.498
184.419
184.121
183.609
182.878
182.017
181.071
180.008
178.806
177.475
176.035
174.505
172.898
171.223
169.491
167.711
165.894
164.046
162.176
160.29
158.396
156.501
154.61
152.73
150.865
149.02
147.2
145.41
143.652
141.929
140.246
138.604
137.005
135.451
133.944
132.484
131.074
129.713
128.402
127.142
125.931
124.771
123.659
122.597
121.583
120.617
119.698
118.825
117.997
117.213
116.469
115.763
115.09
114.45
113.845
113.275
112.733
112.171
111.724
111.309
110.92
110.534
110.187
109.844
109.507
109.022
108.892
108.811
108.64
108.241
108.198
108.29
107.939
108.021
107.937
107.761
107.438
107.369
107.265
107.249
107.34
107.229
107.085
106.973
106.817
106.599
106.338
106.014
105.646
105.22
104.739
104.206
103.616
102.968
102.261
101.498
100.68
99.8106
98.8911
97.9243
96.9132
95.8609
94.7707
93.646
92.4902
91.3069
90.0994
88.8713
87.6259
86.3666
85.0967
83.8193
82.5374
81.2539
79.9715
78.6927
77.4196
76.1544
74.899
73.6549
72.4236
71.2064
70.0044
68.8184
67.6493
66.4976
65.3638
64.2482
63.1511
62.0727
61.0129
59.9718
58.9492
57.9451
56.9592
55.9913
55.0412
54.1087
53.1934
52.2951
51.4136
50.5486
49.6997
48.8667
48.0494
47.2476
46.461
45.6893
44.9325
44.1902
43.4623
42.7485
42.0488
41.3628
40.6905
40.0315
39.3858
38.7533
38.1337
37.527
36.933
36.3519
35.7833
35.2274
34.6841
34.1537
33.6362
33.1319
32.6399
17.5448
17.5434
17.5395
17.5346
17.5288
17.5222
17.5148
17.5067
17.498
17.4888
17.4791
17.469
17.4587
17.448
17.4372
17.4263
17.4153
17.4043
17.3934
17.3826
17.372
17.3617
17.3517
17.342
17.3328
17.324
17.3155
17.3075
17.2996
17.2924
17.2837
17.2805
17.2827
17.2929
17.3127
17.345
17.394
17.4654
17.5657
17.7028
17.8849
18.1223
18.4263
18.8098
19.2858
19.8681
20.5699
21.4036
22.3798
23.5073
24.7914
26.2359
27.8412
29.6071
31.5326
33.618
35.8673
38.289
40.8993
43.7234
46.7972
50.1686
53.8982
58.0582
62.7334
68.0142
74.0026
80.7901
88.4814
97.1434
106.863
117.647
129.551
142.491
156.476
171.331
187.005
203.248
219.972
236.855
253.827
270.484
286.837
302.405
317.287
331.001
343.616
354.828
364.472
372.533
379.115
382.713
385.41
385.59
385.742
385.827
384.227
381.039
376.405
370.451
363.309
355.062
345.842
335.78
325.024
313.708
301.979
289.991
277.883
265.793
253.846
242.158
230.838
219.973
209.654
199.929
190.866
182.453
174.73
167.685
161.295
155.509
150.293
145.648
141.477
137.775
134.474
131.515
128.865
126.473
124.295
122.296
120.45
118.74
117.14
115.677
114.241
112.879
111.505
110.111
108.665
107.457
106.087
104.392
103.662
102.728
102.345
100.827
101.013
100.183
101.164
102.846
104.854
106.309
107.767
109.11
111.001
113.109
115.971
116.379
119.179
122.33
125.517
127.793
130.273
132.914
135.68
135.305
135.122
135.626
138.551
140.871
142.431
144.205
146.733
149.431
151.833
154.329
154.734
156.914
156.839
156.958
159.057
161.17
161.57
163.242
164.253
164.08
164.312
165.364
165.928
166.005
166.578
166.799
166.765
166.403
166.01
165.621
165.094
164.383
163.523
162.54
161.462
160.299
159.051
157.732
156.351
154.918
153.437
151.918
150.367
148.792
147.2
145.597
143.989
142.382
140.78
139.19
137.615
136.059
134.528
133.023
131.547
130.104
128.696
127.325
125.992
124.7
123.448
122.24
121.073
119.951
118.871
117.835
116.842
115.891
114.983
114.118
113.294
112.51
111.766
111.057
110.381
109.732
109.112
108.527
107.975
107.453
106.914
106.483
106.074
105.687
105.314
104.976
104.617
104.306
103.851
103.77
103.47
103.474
103.156
103.298
103.15
103.005
103.118
103.046
102.735
102.668
102.786
102.628
102.703
102.642
102.595
102.517
102.627
102.62
102.523
102.413
102.216
101.995
101.697
101.349
100.952
100.494
99.9733
99.3893
98.7452
98.0437
97.2868
96.4765
95.6151
94.7057
93.7514
92.7556
91.7216
90.6529
89.5531
88.4256
87.2739
86.1015
84.9117
83.7079
82.4933
81.2711
80.0442
78.8154
77.5872
76.3622
75.1424
73.9298
72.7263
71.5334
70.3525
69.1849
68.0315
66.8932
65.7709
64.665
63.576
62.5043
61.4501
60.4136
59.3948
58.3937
57.4103
56.4444
55.496
54.5647
53.6503
52.7528
51.8718
51.007
50.1584
49.3255
48.5083
47.7064
46.9196
46.1478
45.3908
44.6483
43.9201
43.2062
42.5062
41.8201
41.1477
40.4887
39.843
39.2105
38.591
37.9844
37.3906
36.8095
36.2411
35.6852
35.142
34.6114
34.0937
33.5889
33.0974
32.618
16.2208
16.2195
16.2163
16.2123
16.2076
16.2022
16.1961
16.1894
16.1822
16.1745
16.1663
16.1578
16.1489
16.1398
16.1304
16.1208
16.111
16.1011
16.0912
16.0812
16.0712
16.0613
16.0515
16.0419
16.0324
16.0231
16.014
16.0051
15.9962
15.9874
15.9783
15.9698
15.9619
15.9623
15.9693
15.9844
16.0099
16.0494
16.1077
16.1905
16.3044
16.457
16.6571
16.915
17.242
17.6503
18.1522
18.7604
19.4863
20.34
21.3293
22.4597
23.7335
25.1507
26.7092
28.4055
30.2372
32.2026
34.3045
36.5493
38.9509
41.5299
44.3148
47.343
50.6595
54.3156
58.3709
62.8814
67.9157
73.5199
79.7636
86.6613
94.2792
102.574
111.604
121.258
131.57
142.365
153.651
165.193
176.99
188.748
200.495
211.854
222.927
233.317
243.046
251.903
259.583
266.381
271.621
275.653
277.618
278.54
278.744
278.596
278.705
277.724
275.69
272.647
268.708
263.964
258.476
252.334
245.659
238.546
231.111
223.473
215.727
207.965
200.269
192.723
185.391
178.348
171.645
165.314
159.384
153.858
148.761
144.075
139.786
135.865
132.314
129.113
126.196
123.563
121.174
118.991
116.99
115.148
113.441
111.849
110.356
108.958
107.629
106.413
105.203
104.071
102.871
101.727
100.473
99.3376
98.2933
96.9285
95.947
94.9997
94.6221
93.1586
92.7762
92.4843
93.219
94.5549
95.9304
95.5474
95.9696
97.7594
99.6614
101.498
103.659
105.335
107.37
109.6
111.958
114.154
116.364
118.495
121.141
120.891
121.043
121.158
123.497
125.273
125.375
127.63
130.205
132.782
134.884
136.925
138.538
139.291
140.278
139.641
141.496
143.458
144.684
145.942
146.258
146.465
146.813
148.311
149.027
149.375
149.885
150.337
150.569
150.165
150.198
150.428
150.418
150.131
149.687
149.12
148.475
147.737
146.891
145.965
144.969
143.91
142.788
141.613
140.393
139.137
137.85
136.539
135.209
133.866
132.515
131.162
129.812
128.469
127.138
125.821
124.523
123.246
121.993
120.767
119.57
118.404
117.271
116.172
115.107
114.078
113.086
112.129
111.21
110.326
109.48
108.67
107.896
107.157
106.453
105.778
105.131
104.503
103.902
103.335
102.8
102.298
101.802
101.37
100.957
100.556
100.192
99.8531
99.4221
99.1635
98.953
98.5625
98.4281
98.3005
98.2405
98.3585
98.4466
98.1395
98.2635
98.0938
97.9594
97.9345
97.9666
98.2131
98.3745
98.1287
98.0914
98.0663
98.0924
98.1943
98.1703
98.2717
98.184
98.1439
97.9562
97.749
97.5015
97.1835
96.7964
96.3387
95.8178
95.2369
94.5972
93.9
93.148
92.3442
91.4917
90.5939
89.6544
88.6767
87.6643
86.6207
85.5493
84.4537
83.3373
82.2036
81.0557
79.897
78.7305
77.559
76.3852
75.2117
74.0408
72.8746
71.7149
70.5635
69.4218
68.2914
67.1732
66.0684
64.9777
63.9019
62.8417
61.7973
60.7693
59.7578
58.763
57.785
56.8237
55.8792
54.9514
54.0401
53.1451
52.2664
51.4037
50.5568
49.7256
48.9098
48.1092
47.3237
46.553
45.797
45.0555
44.3284
43.6154
42.9165
42.2314
41.5601
40.9023
40.2578
39.6266
39.0085
38.4034
37.8112
37.2316
36.6648
36.1106
35.569
35.04
34.5237
34.0202
33.5298
33.0527
32.5879
15.2336
15.2312
15.2272
15.2225
15.2172
15.2113
15.2049
15.198
15.1906
15.1829
15.1748
15.1663
15.1575
15.1485
15.1392
15.1297
15.1201
15.1102
15.1003
15.0903
15.0802
15.0701
15.06
15.0499
15.0399
15.03
15.0202
15.0105
15.0008
14.9911
14.9813
14.9712
14.9613
14.9511
14.9493
14.9535
14.9647
14.9848
15.017
15.0653
15.1349
15.2315
15.362
15.5345
15.7584
16.0441
16.4031
16.8472
17.3884
18.038
18.8058
19.6996
20.7247
21.8833
23.175
24.5968
26.1445
27.8131
29.5985
31.4991
33.5157
35.6547
37.9263
40.3477
42.9403
45.7318
48.7549
52.0418
55.6351
59.5625
63.8725
68.5737
73.7231
79.2862
85.3366
91.7779
98.693
105.933
113.568
121.416
129.507
137.68
145.885
153.98
161.91
169.52
176.685
183.243
189.108
194.264
198.066
201.216
201.588
202.051
202.436
203.383
203.167
203.038
203.067
202.087
200.428
198.13
195.292
191.927
188.173
184.099
179.788
175.289
170.664
165.98
161.278
156.629
152.068
147.676
143.462
139.453
135.649
132.072
128.749
125.642
122.778
120.133
117.705
115.472
113.404
111.493
109.72
108.07
106.528
105.084
103.726
102.443
101.225
100.081
98.9835
97.9755
96.9697
96.0229
94.9982
93.998
92.995
92.0432
91.0767
89.9273
88.9708
87.805
87.7499
86.4448
86.101
85.9676
86.623
87.5765
87.3152
87.403
87.4325
88.723
90.0187
91.4709
93.2042
94.9342
96.8021
98.5599
100.353
102.188
104.114
105.952
108.123
109.187
109.667
108.82
110.571
111.028
111.697
113.727
116.151
118.456
120.051
121.691
123.398
124.207
124.924
124.52
126.173
127.732
128.841
129.936
131.066
130.945
131.797
133.144
133.305
133.651
134.55
135.262
135.351
135.417
135.891
135.762
136.292
136.262
136.168
135.961
135.747
135.412
134.921
134.364
133.729
133.024
132.237
131.39
130.49
129.542
128.554
127.531
126.477
125.398
124.299
123.187
122.066
120.94
119.814
118.692
117.576
116.472
115.381
114.307
113.253
112.22
111.211
110.228
109.271
108.343
107.442
106.571
105.728
104.916
104.134
103.382
102.66
101.968
101.305
100.665
100.047
99.4398
98.8582
98.3095
97.7907
97.3041
96.8331
96.4085
95.9976
95.576
95.2121
94.8661
94.2831
94.1021
94.0864
93.7068
93.5632
93.4246
93.5797
93.4015
93.6981
93.401
93.3968
93.5923
93.2917
93.3243
93.3812
93.7499
93.9984
93.8305
93.7426
93.7397
93.7741
94.0786
93.9569
93.9212
93.9241
94.1537
93.9843
93.9493
93.8816
93.7115
93.4652
93.1354
92.7426
92.2881
91.7703
91.1907
90.552
89.8573
89.11
88.3136
87.4719
86.5885
85.6669
84.7106
83.723
82.7077
81.668
80.6076
79.5299
78.438
77.3351
76.2242
75.1081
73.9893
72.8703
71.7533
70.6402
69.533
68.4333
67.3424
66.2618
65.1926
64.1358
63.0921
62.0623
61.0471
60.0468
59.0618
58.0923
57.1386
56.2007
55.2788
54.3726
53.4823
52.6078
51.7488
50.9053
50.0771
49.2642
48.4662
47.6831
46.9148
46.161
45.4217
44.6966
43.9857
43.2888
42.6059
41.9366
41.281
40.6388
40.01
39.3944
38.7919
38.2024
37.6257
37.0618
36.5105
35.972
35.446
34.9328
34.4324
33.9449
33.4703
33.0097
32.5635
14.5025
14.4974
14.4913
14.4847
14.4776
14.4702
14.4623
14.4541
14.4456
14.4367
14.4276
14.4181
14.4084
14.3985
14.3884
14.3781
14.3677
14.3571
14.3464
14.3356
14.3247
14.3138
14.3028
14.2919
14.2809
14.27
14.2592
14.2484
14.2376
14.2269
14.2162
14.2051
14.1948
14.1832
14.1704
14.1654
14.1667
14.1744
14.1901
14.2164
14.2569
14.3161
14.3993
14.5129
14.6645
14.8627
15.1177
15.4402
15.8419
16.3345
16.929
17.6353
18.4612
19.4118
20.4894
21.693
23.0195
24.4633
26.0185
27.6788
29.4393
31.2979
33.2542
35.3136
37.483
39.7755
42.2064
44.7941
47.5612
50.5261
53.717
57.1427
60.8395
64.7896
69.0455
73.546
78.3611
83.3865
88.6931
94.1504
99.8084
105.552
111.341
117.15
122.829
128.414
133.614
138.58
142.736
146.662
148.775
150.165
151.354
152.612
152.406
152.992
153.234
153.44
152.689
152.361
152.458
151.825
150.696
149.138
147.355
145.315
143.056
140.622
138.061
135.407
132.698
129.957
127.219
124.563
121.995
119.529
117.156
114.884
112.736
110.693
108.789
107.006
105.336
103.767
102.287
100.888
99.5619
98.305
97.1106
95.977
94.8965
93.8653
92.8813
91.9579
91.0742
90.2525
89.4386
88.6454
87.8097
86.9743
86.1627
85.3326
84.3999
83.5503
82.4054
81.7882
81.5633
80.5496
80.6236
80.6509
81.0397
80.7674
80.6617
81.2026
80.7077
81.0446
81.517
82.8307
84.4895
86.1178
87.8041
88.9903
90.3601
91.9185
93.6085
95.211
96.9633
98.369
98.1011
98.0049
99.4197
99.9236
100.679
102.434
104.368
106.163
107.156
108.44
109.97
110.274
110.745
111.757
113.006
113.787
114.378
115.667
117.021
117.831
118.634
119.709
119.817
120.026
121.035
121.676
122.279
122.111
122.192
122.505
123.083
122.926
123.12
123.208
123.511
123.541
123.297
123.089
122.783
122.409
121.913
121.373
120.773
120.118
119.416
118.671
117.886
117.064
116.213
115.338
114.445
113.535
112.615
111.688
110.758
109.829
108.904
107.985
107.077
106.182
105.303
104.44
103.597
102.772
101.969
101.186
100.426
99.6882
98.9737
98.2831
97.6162
96.9723
96.3532
95.7493
95.1611
94.5783
94.0193
93.4912
92.9863
92.5111
92.0518
91.6359
91.2254
90.7861
90.4186
90.1033
89.5132
89.3423
89.3688
89.2217
88.9423
88.7574
88.9995
88.9684
89.1024
88.8416
88.8359
89.0871
88.8439
88.9466
88.9895
89.4106
89.6552
89.8194
89.5178
89.5219
89.6095
89.8626
90.0407
89.8292
89.847
90.1266
89.9303
89.9417
90.1286
90.1045
90.009
89.8008
89.5447
89.225
88.8352
88.3779
87.857
87.2753
86.6363
85.9444
85.2035
84.4175
83.5897
82.7236
81.8226
80.8903
79.9302
78.946
77.941
76.9187
75.8822
74.8346
73.7787
72.7173
71.6527
70.5874
69.5233
68.4626
67.4068
66.3577
65.3166
64.2848
63.2634
62.2535
61.2557
60.2709
59.2996
58.3422
57.3992
56.4709
55.5573
54.6587
53.7752
52.9066
52.0531
51.2146
50.391
49.5822
48.7881
48.0087
47.2437
46.4932
45.757
45.035
44.3271
43.6332
42.9531
42.2869
41.6343
40.9953
40.3698
39.7576
39.1586
38.5727
37.9999
37.44
36.8929
36.3586
35.8371
35.3283
34.8324
34.3493
33.8795
33.4245
32.982
32.5546
13.9662
13.9577
13.949
13.94
13.9307
13.9211
13.9112
13.901
13.8906
13.88
13.8691
13.858
13.8468
13.8354
13.8238
13.8121
13.8003
13.7883
13.7763
13.7642
13.752
13.7398
13.7275
13.7152
13.703
13.6908
13.6786
13.6664
13.6543
13.6422
13.6302
13.6181
13.6061
13.5939
13.5817
13.57
13.5576
13.5556
13.5602
13.5721
13.5934
13.6276
13.6786
13.7515
13.8523
13.9881
14.1674
14.3999
14.6961
15.0675
15.5256
16.0815
16.7448
17.5233
18.4219
19.4426
20.5839
21.8422
23.2109
24.6831
26.2507
27.9072
29.6466
31.4666
33.3656
35.3475
37.4163
39.5812
41.8517
44.2398
46.7591
49.4186
52.2375
55.2107
58.3686
61.6814
65.1862
68.8387
72.6627
76.6024
80.6932
84.8216
89.0586
93.2662
97.4989
101.534
105.609
109.207
112.078
114.409
116.27
118.014
117.843
118.087
118.957
118.905
118.997
119.653
119.186
119.089
118.941
118.742
118.889
118.049
117.916
117.222
116.286
115.114
113.888
112.531
111.094
109.531
107.913
106.407
104.961
103.517
102.091
100.68
99.2943
97.976
96.7464
95.5858
94.4774
93.4079
92.3697
91.3657
90.3888
89.447
88.5346
87.6587
86.813
85.9971
85.2235
84.5049
83.8219
83.1751
82.539
81.8976
81.2361
80.5674
79.8771
79.1646
78.4947
77.8427
77.043
76.5507
75.8152
75.3971
75.3486
75.457
75.1069
75.4881
75.1151
75.2223
75.1123
75.294
75.4348
76.3762
77.6669
79.0763
80.3439
80.5499
81.8396
83.344
84.8557
86.2325
87.6737
88.8258
89.3293
88.8568
90.1339
91.3438
92.1825
93.1784
94.1986
95.4775
95.2371
96.6787
98.1012
99.2875
99.4501
100.088
101.262
101.249
101.852
103.414
104.841
105.708
106.592
107.612
108.427
108.049
109.128
109.221
110.129
110.48
110.169
110.887
111.015
111.246
111.764
112.136
112.179
112.366
112.073
112.299
112.264
112.202
111.906
111.663
111.343
110.959
110.529
110.052
109.526
108.949
108.337
107.692
107.02
106.321
105.602
104.867
104.12
103.365
102.605
101.843
101.083
100.328
99.58
98.8413
98.1134
97.3974
96.6941
96.0043
95.3289
94.669
94.0254
93.399
92.7897
92.1969
91.6234
91.0586
90.5028
89.9499
89.4178
88.9133
88.42
87.9529
87.5023
87.0908
86.6658
86.2796
85.8922
85.5831
85.0716
84.8703
84.9002
84.8013
84.5259
84.4189
84.6525
84.4853
84.5171
84.509
84.5098
84.6616
84.6393
84.8919
84.7936
85.2793
85.3942
85.7162
85.4541
85.4834
85.7534
85.7139
86.1087
86.0099
85.9758
86.1417
86.124
86.195
86.3051
86.3958
86.465
86.3402
86.2449
86.0738
85.819
85.4909
85.0934
84.6288
84.1014
83.5169
82.8799
82.1939
81.4626
80.6893
79.8773
79.0304
78.1521
77.2461
76.3161
75.3655
74.3974
73.4152
72.4216
71.4194
70.4112
69.3995
68.3863
67.3737
66.3636
65.3577
64.3575
63.3645
62.3799
61.4047
60.44
59.4866
58.5452
57.6163
56.7005
55.7982
54.9095
54.0349
53.1744
52.3281
51.4962
50.6785
49.8752
49.0862
48.3115
47.551
46.8047
46.0725
45.3544
44.6502
43.96
43.2837
42.6211
41.9723
41.3371
40.7155
40.1074
39.5127
38.9313
38.3631
37.808
37.2661
36.737
36.2208
35.7177
35.2274
34.7506
34.2881
33.8388
33.403
32.9786
32.5734
13.5787
13.5675
13.556
13.5444
13.5325
13.5204
13.5082
13.4957
13.4831
13.4703
13.4574
13.4444
13.4312
13.4179
13.4045
13.391
13.3774
13.3638
13.3501
13.3363
13.3225
13.3087
13.2948
13.281
13.2672
13.2534
13.2396
13.2259
13.2122
13.1986
13.185
13.1715
13.1579
13.1446
13.1312
13.1175
13.1032
13.0876
13.0813
13.0831
13.0917
13.1092
13.1384
13.1832
13.2485
13.34
13.4648
13.6309
13.8481
14.1268
14.4784
14.9143
15.4455
16.0814
16.8295
17.6943
18.6772
19.7761
20.9863
22.3007
23.7109
25.208
26.7832
28.4297
30.1411
31.9147
33.7481
35.6438
37.603
39.6328
41.7363
43.9236
46.1985
48.5691
51.0404
53.6147
56.2933
59.0781
61.957
64.9245
67.9883
71.078
74.2657
77.4293
80.6047
83.8013
86.8114
89.4359
91.4476
93.5015
94.4652
95.2149
95.2002
96.1089
96.1671
96.2349
96.3916
97.0865
96.7793
97.3247
97.0183
96.7805
97.0158
97.0939
96.3896
96.1089
96.1796
95.3821
95.2974
94.8176
94.1914
93.2633
92.2706
91.6328
90.9836
90.1948
89.378
88.4973
87.5429
86.726
86.056
85.4145
84.7664
84.1065
83.4356
82.7587
82.0732
81.3989
80.721
80.0636
79.4179
78.7821
78.2013
77.6736
77.1713
76.6911
76.2287
75.7492
75.2364
74.7171
74.0704
73.5206
73.0526
72.4855
72.0847
71.7075
71.3625
71.0681
70.444
70.3086
70.2192
70.4405
70.6536
70.8404
70.4068
70.8904
70.5687
71.33
72.3015
73.5079
73.7814
74.7429
75.6325
76.6327
77.8053
78.9298
80.0592
81.3383
81.2597
81.4689
82.7815
82.8572
83.1977
84.0695
84.598
86.1075
85.9998
87.1152
88.0877
89.1813
90.2522
91.1773
90.9969
91.2874
91.9519
93.461
94.5087
94.8553
95.8757
96.9618
98.1034
97.8713
98.6177
99.1769
99.7792
99.5673
99.641
100.33
100.818
101.214
101.646
102.112
101.874
101.923
102.04
102.157
102.282
102.533
102.186
102.351
102.272
102.135
101.969
101.756
101.479
101.123
100.742
100.316
99.8557
99.3547
98.8281
98.2787
97.7092
97.1248
96.5263
95.9184
95.3052
94.6897
94.074
93.4604
92.8501
92.2444
91.6437
91.049
90.4613
89.8818
89.3118
88.7521
88.2032
87.6644
87.1393
86.617
86.0973
85.5803
85.0794
84.6016
84.1184
83.6596
83.2241
82.7956
82.4105
82.092
81.5852
81.3075
81.045
80.6712
80.6495
80.53
80.5925
80.3145
80.3846
80.3694
80.3673
80.4013
80.4634
80.7734
80.6259
80.7768
80.9014
81.3875
81.6832
81.8183
81.6247
81.6663
81.8658
81.9893
82.355
82.5472
82.3066
82.6679
82.5063
82.7298
82.541
82.6032
82.8838
82.6972
82.865
82.8571
82.7459
82.5569
82.2907
81.9477
81.5352
81.0617
80.5315
79.9486
79.3165
78.6384
77.9176
77.1578
76.3629
75.5369
74.6833
73.8058
72.9076
71.9921
71.0622
70.1206
69.1701
68.2132
67.2519
66.2887
65.3252
64.3635
63.4052
62.4517
61.5045
60.5649
59.6338
58.7123
57.8012
56.9012
56.013
55.1369
54.2735
53.423
52.5858
51.762
50.9518
50.1552
49.3724
48.6034
47.8483
47.107
46.3796
45.666
44.9662
44.2803
43.6082
42.9499
42.3054
41.6746
41.0575
40.454
39.864
39.2876
38.7247
38.1751
37.6388
37.1158
36.6059
36.109
35.6265
35.1578
34.7026
34.26
33.8303
33.416
33.0118
32.6316
13.3058
13.2916
13.2774
13.263
13.2486
13.234
13.2193
13.2045
13.1896
13.1747
13.1596
13.1444
13.1292
13.1139
13.0985
13.0831
13.0677
13.0522
13.0367
13.0211
13.0056
12.99
12.9744
12.9589
12.9434
12.9279
12.9124
12.897
12.8817
12.8665
12.8513
12.8362
12.821
12.8061
12.7912
12.7762
12.7611
12.746
12.7317
12.7167
12.7147
12.7205
12.735
12.7607
12.8013
12.8615
12.9471
13.065
13.2235
13.4322
13.7016
14.0431
14.4681
14.9872
15.6098
16.3426
17.1894
18.1506
19.2233
20.4018
21.6779
23.0423
24.4849
25.9963
27.5675
29.1915
30.8623
32.5772
34.3327
36.1316
37.971
39.8593
41.792
43.7819
45.8213
47.9261
50.0812
52.3067
54.5827
56.9141
59.3039
61.725
64.176
66.6611
69.1372
71.67
73.9143
75.6056
76.9624
78.4305
78.6864
78.999
79.2634
80.2856
81.302
81.119
81.2613
81.2137
81.2227
81.2711
81.2721
81.3669
81.4168
81.5393
81.886
81.8858
81.8844
81.2133
80.956
81.0207
80.8393
79.9942
79.6309
79.6724
79.4377
79.0494
78.6022
78.0342
76.9686
76.5418
76.5479
76.3446
76.0602
75.7667
75.4278
75.0362
74.6071
74.162
73.6756
73.1936
72.7066
72.1777
71.7593
71.3846
71.0344
70.7492
70.5114
70.1656
69.7573
69.3885
68.8811
68.5624
68.2039
67.8886
67.6746
67.2673
67.0855
66.974
66.4148
66.3493
66.3389
66.3391
66.4467
66.4467
66.4129
66.8459
66.5903
67.2291
67.9907
68.8227
69.5476
70.0854
70.3028
71.0806
72.0554
73.0312
73.9672
74.9695
75.5372
75.926
76.699
76.2205
76.2648
76.4645
76.8138
78.335
78.6334
79.0613
79.3527
80.5622
81.9274
82.6912
82.4765
83.2932
84.1548
85.3667
85.6548
85.9062
86.8757
87.9325
89.054
89.0401
89.23
89.9092
90.3765
90.2318
90.377
91.0717
91.6283
92.1995
92.5682
93.079
92.8906
92.9835
93.3869
93.5589
93.7077
93.4852
93.5583
93.5675
93.592
93.6752
93.8079
93.8733
93.8266
93.6391
93.4958
93.2665
93.0079
92.6801
92.3354
91.9631
91.5632
91.1454
90.7024
90.2443
89.7753
89.297
88.8118
88.3226
87.8305
87.336
86.8392
86.341
85.8424
85.3452
84.851
84.3605
83.8747
83.3929
82.9194
82.4435
81.9654
81.4887
81.022
80.5738
80.1049
79.657
79.2369
78.7225
78.439
78.187
77.6147
77.2527
77.0802
76.8919
76.9873
76.6933
76.7043
76.5756
76.5984
76.5959
76.6333
76.7196
76.7334
76.9421
76.9955
77.1306
77.3195
77.8023
78.0641
77.9388
78.024
78.1429
78.517
78.6606
78.8314
79.0106
78.813
79.214
79.0745
79.1961
79.1691
79.1989
79.3331
79.3147
79.4187
79.6055
79.6317
79.6013
79.4771
79.2594
78.9649
78.607
78.1875
77.7112
77.1817
76.6017
75.9741
75.303
74.5928
73.8477
73.0715
72.268
71.4406
70.5925
69.7269
68.8467
67.9545
67.0528
66.1441
65.2305
64.3142
63.397
62.4807
61.567
60.6574
59.7533
58.8559
57.9663
57.0855
56.2143
55.3534
54.5036
53.6652
52.8388
52.0247
51.2232
50.4346
49.6591
48.8967
48.1477
47.4121
46.6901
45.9816
45.2868
44.6056
43.9382
43.2845
42.6446
42.0185
41.4061
40.8076
40.2228
39.6517
39.0944
38.5507
38.0205
37.5039
37.0015
36.5133
36.0389
35.5777
35.1296
34.6948
34.2743
33.8669
33.476
33.0934
32.7411
13.1179
13.1013
13.0846
13.0679
13.0511
13.0342
13.0173
13.0003
12.9833
12.9662
12.9491
12.932
12.9148
12.8975
12.8803
12.863
12.8457
12.8284
12.8111
12.7938
12.7765
12.7592
12.7419
12.7247
12.7075
12.6903
12.6732
12.6562
12.6392
12.6223
12.6055
12.5888
12.5722
12.5556
12.5391
12.5226
12.5061
12.4896
12.473
12.4558
12.4374
12.4322
12.4364
12.4489
12.4724
12.5107
12.5684
12.6514
12.7669
12.9232
13.13
13.3982
13.739
14.1637
14.6829
15.305
16.036
16.8786
17.8322
18.8925
20.0526
21.3034
22.6347
24.0356
25.4958
27.006
28.5574
30.1442
31.7602
33.4041
35.0706
36.764
38.4782
40.2222
41.9881
43.7886
45.612
47.4707
49.3641
51.2605
53.2405
55.1556
57.1887
59.0945
61.2667
62.9547
64.4595
65.7404
66.8519
67.7678
68.7898
69.4614
69.8403
70.1701
70.1514
70.6718
70.5027
70.4574
70.449
70.448
70.4783
71.1004
70.9775
71.363
71.6086
71.1541
71.0612
71.2711
70.7628
70.6512
70.7894
70.6929
70.5604
69.9873
69.8651
70.0881
70.0247
69.8703
69.318
69.1686
68.5022
68.2849
68.1796
68.3877
68.3724
68.2297
68.0459
67.7944
67.4892
67.0896
66.7184
66.048
65.7126
65.4269
65.2505
65.3973
65.5069
64.9344
64.854
64.6797
64.4224
64.3071
63.7876
63.7738
63.7258
63.5859
63.4828
63.4575
63.0653
63.2859
63.4667
63.2284
63.536
63.2244
63.1746
63.256
63.3277
63.8406
64.357
64.9347
65.5853
66.2205
66.1565
66.8012
67.5148
68.289
68.9458
69.6432
69.5404
69.8398
70.5684
70.4182
70.5749
70.6886
71.4007
72.5491
73.0663
73.432
73.1047
74.0156
75.1331
75.282
75.3886
76.1798
77.1617
78.2936
78.8889
78.6709
79.6009
80.3574
81.2884
81.7449
81.4718
82.0831
82.0387
82.2709
82.463
82.8941
83.3205
84.1133
84.3482
85.0037
85.1001
85.2903
85.6677
85.6311
85.7452
85.8102
86.2032
86.003
86.0325
86.0942
86.1991
86.5544
86.6496
86.4909
86.674
86.5748
86.5163
86.3013
86.1433
85.9422
85.7045
85.4541
85.1544
84.8423
84.5144
84.1689
83.8104
83.4448
83.0706
82.688
82.2957
81.8948
81.4858
81.0721
80.6553
80.2362
79.8162
79.3949
78.9767
78.5519
78.1215
77.6888
77.2588
76.8388
76.4029
75.967
75.5927
75.2018
74.8198
74.6025
74.0337
73.6923
73.5817
73.4225
73.5314
73.2702
73.3865
73.122
73.1881
73.1931
73.384
73.5324
73.3465
73.7377
73.7266
73.8814
74.1913
74.5439
74.5689
74.599
74.7978
74.9938
75.3736
75.3226
75.3947
75.5114
75.5668
75.942
75.9108
76.2111
76.0498
76.0936
76.4106
76.2117
76.2843
76.569
76.4579
76.6517
76.678
76.5858
76.4122
76.1776
75.8729
75.5087
75.0869
74.6086
74.0766
73.4958
72.8714
72.208
71.5098
70.7807
70.0242
69.2438
68.4426
67.6237
66.7897
65.9433
65.0868
64.2227
63.353
62.4799
61.6052
60.7308
59.8583
58.9892
58.1249
57.2666
56.4155
55.5726
54.7386
53.9143
53.1004
52.2975
51.5061
50.7265
49.9591
49.2042
48.4619
47.7326
47.0163
46.3134
45.6238
44.9477
44.2851
43.6363
43.0012
42.38
41.7725
41.1791
40.5996
40.0341
39.4824
38.9447
38.4218
37.9134
37.419
36.9387
36.4713
36.0176
35.5779
35.1524
34.7407
34.3439
33.9603
33.5947
33.2351
32.9137
12.9926
12.974
12.9552
12.9365
12.9177
12.8989
12.8801
12.8612
12.8423
12.8234
12.8045
12.7855
12.7666
12.7476
12.7286
12.7097
12.6907
12.6717
12.6528
12.6339
12.615
12.5961
12.5773
12.5585
12.5397
12.521
12.5024
12.4839
12.4654
12.447
12.4286
12.4104
12.3923
12.3742
12.3562
12.3383
12.3204
12.3024
12.2843
12.2658
12.2465
12.2255
12.2183
12.2217
12.2333
12.2562
12.2942
12.3522
12.4362
12.5537
12.7133
12.925
13.1998
13.549
13.9838
14.514
15.1473
15.8886
16.7391
17.6966
18.7556
19.9079
21.1436
22.4514
23.8203
25.2394
26.6986
28.1901
29.7052
31.2411
32.789
34.3527
35.9223
37.5054
39.0953
40.6953
42.3055
43.9278
45.5582
47.1844
48.8531
50.4541
52.1761
53.5967
55.6515
55.7673
56.8321
57.8469
58.6703
59.5421
60.4223
61.2319
62.0845
61.9729
62.0454
62.269
62.917
62.686
62.6262
62.6218
62.6566
62.7195
63.3214
63.2012
63.2419
63.238
63.2372
63.2905
63.2286
63.1985
63.4067
63.5226
63.221
63.0735
63.337
63.5734
63.1858
63.2475
63.1329
63.1492
62.7398
62.5908
62.7551
62.375
62.2931
62.3176
62.3696
62.4666
62.3792
61.8426
61.6339
61.6832
61.2018
61.0833
61.0524
61.2367
61.343
60.9209
60.7113
60.8445
60.5683
60.439
60.3036
60.2531
60.464
60.368
60.4834
60.5168
60.2474
60.492
60.3238
60.4807
60.7783
60.5564
60.5831
60.5971
60.6431
60.8418
61.0113
61.5467
62.1949
62.7176
63.0188
63.2994
63.719
64.3723
64.3708
64.5475
64.8694
65.5662
65.7854
66.1234
66.3935
66.051
66.662
67.671
67.6965
67.8327
67.9328
68.7784
69.3952
69.8903
69.6549
70.4072
71.3461
72.3919
72.5359
72.7518
73.5697
73.7108
74.623
74.8821
74.9603
75.2621
75.4086
75.9239
75.9705
76.5503
76.886
77.5229
78.0452
78.2474
78.7399
78.9795
78.9552
79.0308
79.1506
79.2458
79.6475
79.5056
79.5475
79.6608
79.7801
80.1149
80.1116
80.3576
80.4434
80.2011
80.4062
80.1128
80.2529
80.2145
80.1339
80.0667
79.8771
79.7197
79.5309
79.3095
79.071
78.831
78.5758
78.3069
78.0202
77.717
77.3974
77.068
76.7299
76.3841
76.0331
75.6761
75.3177
74.9496
74.5734
74.188
73.7979
73.4078
73.0228
72.6012
72.2659
71.9097
71.5436
71.3509
70.8099
70.5281
70.5877
70.2635
70.2053
70.1474
70.1039
70.0224
70.2256
70.1396
70.2295
70.4315
70.2808
70.6946
70.7226
70.8134
71.1339
71.4039
71.6599
71.635
72.0771
72.3667
72.3506
72.4075
72.3875
72.4706
72.5936
72.9575
72.8515
73.2428
73.2011
73.2266
73.5526
73.3339
73.4598
73.562
73.6199
73.7312
73.9317
73.9394
73.8876
73.7916
73.6048
73.3626
73.0577
72.6865
72.2532
71.7646
71.2272
70.6464
70.0267
69.372
68.6863
67.9732
67.236
66.4778
65.7013
64.9092
64.1041
63.2884
62.4644
61.6343
60.8
59.9637
59.127
58.2918
57.4594
56.6313
55.8087
54.9928
54.1846
53.3849
52.5945
51.8142
51.0446
50.2861
49.5391
48.8041
48.0814
47.3712
46.6739
45.9897
45.3187
44.6612
44.0171
43.3868
42.7705
42.168
41.5796
41.0052
40.4456
39.901
39.3708
38.855
38.3536
37.8657
37.3919
36.9325
36.4874
36.0567
35.6405
35.2389
34.8518
34.4804
34.1221
33.7838
33.4483
33.1608
12.9168
12.8966
12.8763
12.8561
12.8358
12.8155
12.7952
12.7749
12.7546
12.7342
12.7139
12.6936
12.6732
12.6529
12.6325
12.6122
12.5919
12.5716
12.5513
12.5311
12.5109
12.4907
12.4706
12.4505
12.4305
12.4105
12.3906
12.3708
12.351
12.3313
12.3117
12.2922
12.2728
12.2535
12.2342
12.2151
12.1959
12.1768
12.1575
12.138
12.1181
12.0973
12.075
12.0676
12.0712
12.0838
12.1084
12.1492
12.2114
12.3014
12.4271
12.5975
12.8231
13.1148
13.4842
13.9417
14.4965
15.1549
15.9202
16.792
17.7663
18.8361
19.992
21.2233
22.5181
23.8654
25.2534
26.6742
28.1156
29.5778
31.0416
32.5254
33.992
35.4833
36.9513
38.4277
39.9099
41.3717
42.8219
44.2437
45.7036
47.0584
48.5094
49.4718
50.3948
51.224
51.3386
51.5417
52.3022
53.2741
54.0231
54.7973
55.5308
56.1635
56.6826
57.0714
57.5966
57.1773
57.0892
57.0625
57.4435
57.2285
57.5494
57.6578
58.014
57.807
58.0662
58.2682
57.9385
57.9116
57.915
58.0078
58.4005
58.2136
58.5022
58.4072
58.3159
58.2546
58.2649
58.5523
58.7827
58.419
58.5936
58.3516
58.2971
58.4671
58.4821
58.464
58.4836
58.1692
57.9687
58.1713
57.8597
58.0038
57.9795
58.0074
57.9158
57.9713
57.6413
57.6482
57.8977
57.7846
57.7245
57.7025
57.9938
57.925
58.1526
58.0398
58.0102
57.9777
58.0417
58.1689
58.3748
58.4261
58.6481
58.5229
58.6036
58.8894
58.7359
59.1326
59.5849
59.6526
59.7371
59.839
60.3639
61.0654
61.0854
61.1168
61.3016
61.9761
62.4783
62.4057
62.4686
62.4354
62.9225
63.779
63.7259
63.7961
63.9179
64.634
64.7164
65.2751
65.187
65.9269
66.7966
67.6449
67.7923
68.0892
68.4872
68.7124
69.4864
69.9937
69.8083
70.3354
70.1737
70.4041
70.6314
71.2467
71.6188
72.2097
72.6816
72.9313
73.3332
73.1878
73.6321
73.6677
73.8068
73.8436
73.9322
74.0758
74.2072
74.4975
74.6396
74.8275
74.8406
75.0221
74.8043
74.7916
74.8419
74.8625
74.869
74.8915
74.947
75.1267
74.9205
74.9943
74.9266
74.8037
74.6702
74.5701
74.4345
74.284
74.1017
73.8943
73.6592
73.4123
73.1508
72.8775
72.5978
72.3083
72.0135
71.7073
71.3881
71.0539
70.7081
70.3658
70.0272
69.6505
69.3335
69.016
68.6728
68.4909
67.99
67.7752
67.8051
67.5009
67.4443
67.428
67.3358
67.3018
67.3381
67.5692
67.6803
67.5661
67.5985
68.0139
68.2562
68.2075
68.3376
68.5414
68.9573
69.2594
69.6333
69.8045
69.8747
69.9863
69.7867
69.9008
70.0193
70.2325
70.2681
70.4657
70.7833
70.6666
70.993
70.7915
71.147
71.0695
71.1367
71.3786
71.3292
71.3318
71.4093
71.4868
71.4082
71.3103
71.1372
70.8797
70.5474
70.1522
69.7027
69.2047
68.663
68.082
67.4659
66.8187
66.1438
65.4444
64.7235
63.9838
63.2279
62.4584
61.6777
60.8881
60.092
59.2914
58.4884
57.6847
56.8821
56.082
55.286
54.4952
53.7108
52.9338
52.1653
51.4061
50.6568
49.918
49.1904
48.4742
47.7699
47.078
46.3989
45.7328
45.0799
44.4404
43.8145
43.2025
42.6055
42.0231
41.4549
40.9013
40.3627
39.8378
39.3273
38.8314
38.3506
37.8844
37.433
36.9965
36.5749
36.1683
35.7767
35.4006
35.0395
34.6951
34.3636
34.0548
33.7444
33.4936
12.8683
12.847
12.8256
12.8042
12.7828
12.7614
12.74
12.7186
12.6971
12.6757
12.6543
12.6328
12.6114
12.59
12.5686
12.5472
12.5258
12.5045
12.4832
12.4619
12.4406
12.4194
12.3982
12.3771
12.356
12.335
12.3141
12.2932
12.2724
12.2517
12.231
12.2105
12.19
12.1696
12.1493
12.1291
12.1089
12.0888
12.0686
12.0482
12.0277
12.0067
11.9848
11.9614
11.9548
11.9595
11.974
12.0017
12.0469
12.1152
12.2136
12.3504
12.535
12.7783
13.0915
13.4857
13.9709
14.555
15.2431
16.0366
16.9332
17.9276
19.0109
20.1733
21.4024
22.6875
24.0151
25.3784
26.7596
28.1678
29.562
30.9998
32.3697
33.833
35.1644
36.6006
37.9867
39.2576
40.5378
41.7126
43.0542
44.22
44.6087
45.311
46.2955
47.0889
47.672
47.453
47.9013
48.7534
49.5787
50.3502
51.105
51.0872
51.2618
51.7554
52.2554
52.1906
52.6519
52.6076
53.0023
52.8442
53.263
53.256
53.6455
53.5275
53.866
53.8241
53.789
54.0442
54.1653
54.5231
54.3986
54.403
54.7417
55.0847
54.7857
54.7346
55.047
54.8826
55.1237
54.9556
55.2476
55.489
55.3067
55.4671
55.2207
55.2056
55.3613
55.3696
55.1233
55.1037
55.0558
55.2806
55.1012
55.1654
55.4082
55.224
55.1895
55.4908
55.7797
55.9813
55.7134
55.6636
55.8919
56.0224
56.194
56.331
56.4018
56.1734
56.3919
56.6397
56.9767
56.7327
56.6944
56.7636
57.0255
56.938
56.9144
57.0327
57.1442
57.5524
57.4269
57.4768
57.8942
58.4026
58.6807
58.4532
58.8116
59.1644
59.4612
59.6816
59.8179
59.6151
59.9344
60.5719
60.6055
60.601
60.6889
60.9428
61.1209
61.3839
61.6905
62.3751
63.1171
63.6155
64.1146
64.672
64.9961
64.7631
65.4008
65.4306
65.5398
66.0428
66.0127
66.1414
66.3995
67.0369
67.1947
67.8354
67.9476
68.1123
68.5691
68.4239
68.9442
69.3236
69.586
69.368
69.3893
69.6928
69.8948
70.0594
70.0972
70.2869
70.1044
70.4099
70.2078
70.2287
70.2937
70.397
70.4043
70.4305
70.7372
70.6025
70.6182
70.6315
70.5613
70.4833
70.4379
70.5587
70.5407
70.5314
70.4532
70.3421
70.1826
70.0166
69.8291
69.6282
69.4288
69.2136
68.9908
68.7519
68.494
68.2197
67.9282
67.6395
67.3385
67.0063
66.7232
66.4081
66.1304
65.9298
65.5019
65.4429
65.2024
65.089
65.1273
65.1592
64.925
64.9189
64.9321
65.2256
65.2097
65.1723
65.2635
65.7178
65.8974
65.8939
66.0652
66.2745
66.7212
67.1446
67.4289
67.3499
67.3948
67.4951
67.5211
67.6874
67.8453
68.1241
67.9962
68.1608
68.497
68.4075
68.7105
68.5867
68.9577
68.916
69.0099
69.177
69.1826
69.1858
69.4048
69.2457
69.2218
69.3385
69.325
69.1887
68.9603
68.6625
68.3045
67.8917
67.4293
66.9224
66.3759
65.794
65.1805
64.5389
63.872
63.1827
62.4739
61.7483
61.0084
60.2569
59.4963
58.7289
57.9568
57.1822
56.4067
55.6323
54.8604
54.0924
53.3297
52.5734
51.8249
51.085
50.3544
49.6339
48.9241
48.2254
47.5385
46.8638
46.2025
45.5547
44.9202
44.2994
43.6924
43.0998
42.5218
41.9577
41.4079
40.8731
40.3536
39.849
39.3595
38.8852
38.4263
37.9827
37.5545
37.1418
36.7447
36.3634
35.9977
35.6485
35.3149
34.9994
34.6961
34.4191
34.1344
33.923
12.8362
12.814
12.7917
12.7695
12.7472
12.725
12.7027
12.6804
12.6581
12.6359
12.6136
12.5913
12.569
12.5468
12.5245
12.5023
12.4801
12.4579
12.4357
12.4136
12.3915
12.3694
12.3474
12.3254
12.3035
12.2816
12.2598
12.2381
12.2164
12.1948
12.1733
12.1518
12.1305
12.1092
12.088
12.0669
12.0459
12.0248
12.0038
11.9826
11.9615
11.9397
11.9176
11.895
11.8709
11.8658
11.8718
11.8887
11.9198
11.9699
12.0451
12.1526
12.3013
12.5011
12.7631
13.0985
13.5183
14.0314
14.6449
15.362
16.1824
17.1027
18.1146
19.21
20.3757
21.6019
22.8733
24.1846
25.5126
26.8748
28.209
29.6192
30.8835
32.3906
33.4703
35.1032
36.1398
37.0749
38.0653
39.1292
40.3252
40.5178
40.7795
41.5455
42.6933
43.4112
43.3132
43.721
44.3806
45.1421
45.8206
46.7038
46.7305
47.0327
47.5905
47.5634
47.677
47.7589
48.31
48.9016
48.9449
49.0648
49.5554
49.7457
50.199
50.1074
50.3701
50.6625
50.4704
50.8346
51.3292
51.2493
51.2693
51.3166
51.45
51.5797
51.6766
51.7324
51.7892
51.7968
51.8544
52.2048
52.6667
52.5493
52.8406
52.7345
52.6854
52.7157
52.7186
52.7758
52.7675
52.9216
52.7883
52.8647
52.8859
53.1155
53.0718
53.1264
53.1795
53.6189
53.6654
53.739
53.7794
53.788
53.8978
54.0223
54.382
54.7108
54.5425
54.5799
54.5425
54.8325
55.1598
54.9983
54.9604
55.2603
55.2582
55.5113
55.4025
55.5975
55.4201
55.6686
55.5214
55.5488
55.924
55.9223
56.0531
56.3288
56.4287
56.7955
57.0213
57.2792
57.2034
57.4421
57.3022
57.7106
58.0772
57.9887
58.1147
58.2584
58.3643
58.4643
59.083
59.5801
59.9729
59.8834
60.4705
61.2289
61.2416
61.3203
61.5949
61.7435
61.8957
62.384
62.6471
62.6894
63.0979
63.4808
63.8105
64.2864
64.172
64.2365
64.6055
64.4921
64.9711
65.3241
65.4949
65.4521
65.4693
65.7842
66.0424
65.9858
66.0866
66.1581
66.1736
66.4488
66.3341
66.3412
66.4513
66.7755
66.5979
66.6046
66.989
66.8565
67.0229
67.1122
66.8138
66.7429
66.7129
66.7012
66.741
66.9544
66.9541
66.9466
66.8327
66.7474
66.6251
66.501
66.4103
66.282
66.1483
65.982
65.7917
65.5917
65.3707
65.1414
64.8837
64.6337
64.3396
64.0382
63.8262
63.4944
63.2846
63.2735
63.1394
63.0607
62.8584
62.9027
62.8467
62.8602
62.855
63.1094
63.2849
63.0787
63.3669
63.8118
63.7314
63.8381
64.2947
64.5297
64.8571
65.2597
65.2857
65.3015
65.3516
65.4585
65.5289
65.858
66.0953
66.0245
66.0684
66.2268
66.3907
66.4388
66.6236
66.7345
67.0417
67.1256
67.3208
67.2675
67.4899
67.341
67.5239
67.3836
67.419
67.4533
67.6321
67.6049
67.4813
67.2891
67.0303
66.7084
66.3291
65.8988
65.4232
64.9074
64.3555
63.7711
63.1573
62.5171
61.8535
61.1695
60.4681
59.752
59.0242
58.2871
57.5433
56.7948
56.0439
55.2923
54.542
53.7944
53.0511
52.3133
51.5831
50.8613
50.1485
49.4454
48.7528
48.0713
47.4015
46.7443
46.1006
45.4693
44.8514
44.2472
43.6572
43.0819
42.5219
41.9766
41.4464
40.9315
40.4322
39.9486
39.4807
39.0286
38.5925
38.1723
37.7683
37.3805
37.0089
36.6541
36.3157
35.9948
35.6902
35.4053
35.1313
34.8888
34.6287
34.459
12.816
12.7932
12.7704
12.7475
12.7247
12.7018
12.6789
12.6561
12.6332
12.6103
12.5874
12.5645
12.5416
12.5187
12.4959
12.473
12.4502
12.4274
12.4046
12.3818
12.3591
12.3364
12.3137
12.2911
12.2685
12.246
12.2235
12.2011
12.1787
12.1565
12.1343
12.1121
12.0901
12.0681
12.0462
12.0244
12.0026
11.9809
11.9592
11.9373
11.9157
11.8927
11.87
11.8473
11.8237
11.7987
11.7968
11.8051
11.825
11.8603
11.9161
11.999
12.1168
12.2787
12.4954
12.7777
13.1375
13.5841
14.127
14.7704
15.5169
16.3646
17.3063
18.3363
19.44
20.6094
21.8284
23.0891
24.373
25.684
26.9905
28.3294
29.5847
30.9728
32.0464
33.5006
34.5694
35.3953
36.1134
36.811
37.511
38.191
38.767
39.5527
39.4735
39.5684
39.6857
40.373
41.1711
41.9727
42.6489
43.2134
43.638
44.1564
44.1516
44.222
44.6729
44.5943
45.0672
45.7008
46.1928
46.5968
46.9715
47.5302
47.3855
47.3633
47.4764
47.6293
47.7759
48.1668
48.2935
48.6662
48.9382
49.1534
49.3745
49.518
49.6083
49.7253
49.5038
49.4468
49.4679
49.8909
49.9457
50.0504
50.4758
50.8637
50.7368
51.0028
50.8397
51.1407
50.9749
50.9917
51.0032
51.3044
51.1868
51.2657
51.3173
51.692
51.7342
52.1656
52.183
52.2554
52.3143
52.4371
52.553
52.6623
52.7903
52.9132
52.9482
53.0285
53.0377
53.1422
53.2424
53.5043
53.3728
53.6468
53.8914
54.062
54.1824
53.9976
53.9234
53.9325
53.9213
53.9262
54.0149
54.081
54.225
54.387
54.5507
54.9894
54.9705
55.0033
55.2527
55.4424
55.2261
55.3647
55.5149
55.9131
56.3589
56.2565
56.2924
56.2951
56.7474
57.1894
57.155
57.1963
57.643
58.3724
58.3551
58.4769
58.9425
58.9577
59.0498
59.4665
59.4632
59.9019
59.9746
60.126
60.5546
61.0301
60.9907
61.0087
61.1071
61.1895
61.6539
61.8272
61.9743
62.3123
62.1756
62.3263
62.4922
62.6831
63.0164
62.8796
62.8887
62.9171
63.1607
63.1007
63.2292
63.5783
63.3972
63.3861
63.7811
63.6476
63.7959
63.8913
63.6388
63.5853
63.5469
63.5455
63.5909
63.7719
63.6272
63.7642
63.5659
63.5593
63.4756
63.4362
63.5432
63.5076
63.4932
63.3827
63.2616
63.1698
63.0318
62.8964
62.6595
62.484
62.0952
61.9072
61.6852
61.5346
61.3761
61.3765
61.1923
61.1224
61.0556
61.2242
61.086
61.2466
61.0989
61.3364
61.5143
61.3342
61.6824
62.1101
62.0307
62.2342
62.7586
62.7959
63.1403
63.5652
63.5811
63.6787
63.7078
63.8375
63.8788
64.0657
64.2411
64.3105
64.4337
64.6205
64.9097
64.8266
65.1361
65.3336
65.5076
65.4032
65.7191
65.7246
65.9646
65.8402
65.8152
65.9491
66.0462
65.9592
66.1385
66.1379
66.1149
66.0469
65.9004
65.6771
65.3857
65.0348
64.632
64.1834
63.6934
63.1657
62.6037
62.0106
61.3896
60.7443
60.0778
59.3941
58.6961
57.9864
57.2678
56.5426
55.8132
55.0818
54.3505
53.6209
52.8948
52.1737
51.46
50.7535
50.0553
49.3667
48.6886
48.0216
47.3665
46.7241
46.0956
45.4804
44.879
44.2919
43.7196
43.1623
42.6204
42.0942
41.5837
41.0891
40.6108
40.1487
39.703
39.2738
38.8613
38.4655
38.0865
37.7246
37.3798
37.0526
36.7427
36.4517
36.1776
35.9248
35.6809
35.4756
35.2363
35.1108
12.8038
12.7806
12.7575
12.7343
12.711
12.6878
12.6646
12.6413
12.618
12.5948
12.5715
12.5482
12.5249
12.5016
12.4784
12.4551
12.4319
12.4086
12.3854
12.3622
12.339
12.3159
12.2928
12.2697
12.2467
12.2237
12.2008
12.1779
12.1551
12.1323
12.1096
12.0869
12.0644
12.0419
12.0195
11.9971
11.9749
11.9526
11.9304
11.9081
11.8859
11.8631
11.84
11.8162
11.7904
11.7593
11.7454
11.7462
11.7569
11.7802
11.8202
11.8826
11.9744
12.1039
12.281
12.5162
12.8216
13.2067
13.6832
14.2558
14.9306
15.7066
16.5782
17.5441
18.5842
19.6983
20.8657
22.0759
23.3166
24.5833
25.8654
27.12
28.3663
29.556
30.6562
31.8447
32.8045
33.6403
34.4331
34.4204
34.5635
35.057
35.3349
36.0732
36.4297
36.9245
37.5421
38.1742
38.788
39.3796
39.9221
40.4321
40.8498
41.4218
41.5664
41.6321
42.1028
42.2451
42.6601
43.2283
43.7889
44.2863
44.881
44.8689
44.9011
44.9312
45.4767
45.9082
46.2497
46.0847
46.0755
46.3775
46.2275
46.5801
47.0226
46.8387
46.8481
47.2777
47.27
47.3628
47.4923
48.0628
48.165
48.332
48.8228
48.8792
48.9167
49.0118
49.0665
49.4729
49.4438
49.6931
49.5767
49.8021
49.9441
50.1438
49.9892
50.313
50.6318
50.9178
51.1455
51.3592
51.4349
51.6265
51.8137
52.0104
51.8651
52.0489
51.866
52.0888
51.89
52.1534
52.1063
52.0625
52.0511
52.151
52.2698
52.3561
52.6624
52.6325
52.6133
52.6263
52.6427
52.6527
52.6918
52.7426
53.0706
53.3512
53.5992
53.4154
53.6407
53.4309
53.708
53.6146
53.5978
53.9432
53.9531
54.3043
54.5789
54.6858
54.8283
54.5273
54.5912
54.7303
55.1213
55.0519
55.4833
56.1493
56.117
56.2119
56.4302
56.8794
56.791
57.132
57.1997
57.5431
57.7763
57.7863
58.0328
58.2303
58.5762
58.4243
58.4413
58.4889
58.9395
59.4081
59.3608
59.6838
59.5409
59.8117
60.0194
60.1543
60.3487
60.2152
60.356
60.184
60.4551
60.7287
60.7247
60.9765
60.792
60.8034
61.1316
60.9656
60.9622
61.0217
61.0475
61.0598
61.0462
61.0512
61.0822
61.0471
61.012
60.9929
60.9827
61.1143
60.9278
60.9402
60.9018
60.8903
61.0544
60.8701
60.8332
60.9475
60.9044
60.8912
60.5635
60.5366
60.3866
60.245
59.951
59.9999
59.7376
59.6769
59.8031
59.6746
59.6046
59.6534
59.6171
59.646
59.6587
59.8186
59.9192
59.9602
60.3309
60.6368
60.8682
61.1361
61.5684
61.6025
61.7334
62.1243
62.3816
62.6002
62.5241
62.7749
62.6216
62.8787
63.101
62.941
63.3056
63.6105
63.6166
63.615
63.8558
64.0602
64.0699
64.1006
64.4179
64.6202
64.7418
64.8169
64.5901
64.6111
64.6662
64.8262
64.7841
64.8361
64.8243
64.9482
64.9333
64.8183
64.6205
64.3527
64.0251
63.6455
63.2195
62.7501
62.24
61.6926
61.1121
60.5023
59.8674
59.2117
58.5379
57.8497
57.1505
56.443
55.73
55.0138
54.2967
53.5808
52.8678
52.1594
51.4583
50.7645
50.0793
49.4038
48.7389
48.0857
47.4447
46.8168
46.2028
45.6029
45.0176
44.4472
43.8922
43.353
42.8298
42.3229
41.8325
41.3587
40.9019
40.462
40.0393
39.6338
39.2457
38.8751
38.5222
38.1872
37.8701
37.5719
37.2916
37.0321
36.7896
36.5702
36.357
36.1913
35.962
35.8872
12.7966
12.7732
12.7498
12.7264
12.703
12.6796
12.6561
12.6327
12.6092
12.5857
12.5622
12.5387
12.5152
12.4917
12.4682
12.4447
12.4212
12.3978
12.3743
12.3509
12.3274
12.304
12.2806
12.2573
12.234
12.2107
12.1875
12.1643
12.1412
12.1181
12.0951
12.0721
12.0492
12.0264
12.0036
11.9809
11.9583
11.9357
11.9131
11.8905
11.8679
11.8451
11.822
11.7983
11.7738
11.7473
11.7171
11.7065
11.7099
11.7231
11.7502
11.7957
11.8658
11.9677
12.1106
12.304
12.5602
12.8884
13.3021
13.8058
14.4102
15.1136
15.9133
16.8143
17.7845
18.8452
19.9554
21.1105
22.3091
23.5405
24.7649
25.9337
27.0578
28.0854
29.0831
29.9898
30.9086
31.8999
31.8896
32.3547
32.872
33.2711
33.4198
33.8292
34.3714
34.925
35.4727
35.9932
36.44
36.8832
37.3591
37.8406
38.3069
38.784
39.2507
39.6983
40.1788
40.6365
41.094
41.5598
42.0366
42.4767
43.0646
42.9784
43.0133
43.021
43.4519
43.8093
43.7538
44.1801
44.092
44.0962
44.1706
44.2867
44.4127
44.4689
44.528
45.079
45.6346
46.1039
46.4808
46.8226
47.0998
47.4637
47.402
47.7027
47.5771
47.8093
47.6634
47.9278
48.145
47.9779
48.2903
48.3077
48.4343
48.8109
48.8451
49.2027
49.7348
50.0616
50.2585
50.5257
50.3589
50.633
50.5417
50.5597
50.8667
50.743
50.71
50.9993
50.8705
50.8625
51.1266
50.9518
50.9688
51.2591
51.5292
51.3567
51.4356
51.7715
51.6328
51.8529
51.7754
51.6778
51.6698
51.6796
51.7189
51.8287
51.9479
51.9703
52.0304
52.044
52.1374
52.441
52.2973
52.587
53.0269
52.8575
52.9375
52.9501
52.9991
52.9874
53.0401
53.1187
53.5073
53.5788
53.9265
54.4271
54.4187
54.511
54.703
55.0831
55.0171
55.3153
55.5479
55.7829
55.9488
55.8274
56.0856
56.1137
56.5024
56.4167
56.429
56.464
56.8848
57.2764
57.2235
57.542
57.3988
57.6322
57.7653
57.8293
57.8896
58.1083
58.0275
57.9963
58.2933
58.5981
58.8362
58.7622
58.7493
58.9704
58.8979
58.8376
58.8597
59.0895
59.2522
59.3293
59.1763
59.2721
59.3351
59.07
59.0008
58.9659
58.9516
58.9317
58.9736
59.1216
58.9512
58.95
58.96
58.9767
58.9737
59.0057
58.9917
59.1258
58.9236
58.9862
58.9271
58.7293
58.6182
58.5512
58.4831
58.4377
58.5187
58.7288
58.5346
58.5107
58.546
58.5576
58.6073
58.9618
58.9699
59.0093
59.3605
59.3734
59.7323
60.1366
60.5943
60.6892
60.797
60.9767
61.1856
61.461
61.6903
61.8711
61.6823
61.9613
62.1555
62.0365
62.4331
62.7566
62.9131
62.7341
62.8276
63.0117
63.2582
63.1952
63.5085
63.776
63.7614
63.9221
63.7224
63.6945
63.7688
63.8146
64.0197
64.1071
63.9661
64.0363
64.1556
64.1509
64.053
63.8755
63.6298
63.3254
62.9647
62.5504
62.0874
61.5802
61.0338
60.4531
59.8431
59.2089
58.5543
57.8831
57.1989
56.5049
55.8042
55.0994
54.393
53.6873
52.9844
52.286
51.5944
50.9106
50.2358
49.5713
48.918
48.2769
47.6487
47.0343
46.4344
45.8495
45.2799
44.7261
44.1885
43.6675
43.1633
42.6762
42.2064
41.754
41.3193
40.9024
40.5034
40.1224
39.7596
39.4152
39.0891
38.7821
38.4937
38.2256
37.976
37.7496
37.5397
37.3543
37.1719
37.0448
36.803
36.8008
12.7921
12.7687
12.7452
12.7218
12.6983
12.6747
12.6512
12.6277
12.6041
12.5805
12.5569
12.5333
12.5097
12.4861
12.4625
12.4389
12.4153
12.3917
12.3681
12.3446
12.321
12.2975
12.274
12.2505
12.227
12.2036
12.1802
12.1569
12.1336
12.1103
12.0871
12.064
12.0409
12.0178
11.9949
11.972
11.9491
11.9263
11.9035
11.8807
11.858
11.835
11.8117
11.7881
11.7642
11.739
11.7128
11.6836
11.6763
11.6819
11.6987
11.7305
11.7825
11.8609
11.9739
12.1302
12.3413
12.6163
12.9692
13.4057
13.9374
14.5665
15.2891
16.1192
17.0126
18.0136
19.0549
20.1521
21.3037
22.4694
23.6092
24.6747
25.696
26.6006
27.5185
28.2666
29.1606
29.6632
29.8439
30.0088
30.372
30.9041
31.4203
31.9264
32.4737
32.9704
33.6005
33.9627
34.1106
34.4977
35.0823
35.6528
36.1916
36.7139
37.2334
37.7553
38.2848
38.8156
39.3443
39.8568
40.3788
40.8307
41.3847
41.2813
41.6884
41.5233
41.7223
41.5966
41.6263
41.676
41.7537
42.2995
42.9434
42.796
43.1302
42.9021
42.9029
43.4933
43.684
44.3136
44.4085
44.5433
44.8297
45.413
46.0249
45.95
46.2845
46.1218
46.3894
46.7614
46.5957
46.5763
46.8952
47.3041
47.6777
48.0762
48.3902
48.6487
49.0845
48.9189
48.8945
48.9696
49.3059
49.2085
49.566
49.4011
49.4116
49.7055
49.5168
49.6292
49.9519
49.7697
49.7572
49.8369
49.9014
50.0284
50.1389
50.5225
50.5681
50.9228
50.7551
50.8044
50.7592
50.7627
50.9378
50.8083
50.8528
51.1596
51.4252
51.2466
51.2619
51.2103
51.2248
51.4421
51.3033
51.5641
51.9617
51.8897
52.1433
51.8845
51.8752
51.8633
51.9328
51.9883
52.4121
52.3331
52.4527
52.814
53.3032
53.3643
53.6907
53.5757
53.7714
54.0292
54.2942
54.5565
54.4301
54.4071
54.7091
54.673
55.0446
55.025
55.0315
55.0672
55.4166
55.3658
55.5192
55.8405
55.7322
55.9568
56.1281
56.1529
56.328
56.4771
56.601
56.3962
56.7068
56.9795
57.2237
57.3551
57.2634
57.4155
57.4607
57.2702
57.4522
57.6039
57.7372
57.6488
57.7971
57.8365
57.8949
57.6261
57.5745
57.5716
57.5332
57.5115
57.5113
57.5609
57.5783
57.5807
57.5972
57.8238
57.7267
57.8756
57.6945
57.7176
57.8212
57.9075
57.7348
57.8609
57.7155
57.6633
57.676
57.6531
57.8758
58.0864
57.8827
57.8747
57.9037
57.9447
58
58.3692
58.574
58.4439
58.749
58.7328
59.1085
59.5484
60.0003
60.418
60.4118
60.5303
60.8266
60.7394
61.0909
61.1181
61.1077
61.4288
61.4921
61.6512
61.9998
62.2832
62.2754
62.2938
62.313
62.6502
62.6924
62.714
63.007
63.2041
63.3117
63.2625
63.2619
63.2161
63.4328
63.3128
63.5542
63.4701
63.4986
63.6684
63.5616
63.6933
63.7038
63.6179
63.4499
63.2216
62.9283
62.5731
62.1585
61.6902
61.1749
60.6191
60.0291
59.4107
58.7689
58.1082
57.4329
56.7465
56.0525
55.354
54.6536
53.9539
53.2572
52.5653
51.8805
51.204
50.5375
49.8819
49.2385
48.6083
47.9919
47.3903
46.8041
46.2338
45.6799
45.1428
44.6228
44.1204
43.6357
43.169
42.7204
42.2902
41.8784
41.4853
41.1108
40.7552
40.4185
40.101
39.8028
39.5246
39.2659
39.0289
38.8109
38.6196
38.4416
38.2902
38.1374
38.0372
37.8282
37.87
12.7893
12.7658
12.7423
12.7188
12.6953
12.6717
12.6482
12.6246
12.601
12.5774
12.5538
12.5302
12.5066
12.4829
12.4593
12.4357
12.412
12.3884
12.3648
12.3412
12.3176
12.294
12.2705
12.2469
12.2234
12.1999
12.1765
12.1531
12.1297
12.1063
12.083
12.0598
12.0366
12.0135
11.9904
11.9673
11.9444
11.9214
11.8986
11.8757
11.8528
11.8298
11.8067
11.7831
11.7597
11.7326
11.7081
11.6825
11.6543
11.6522
11.6604
11.6808
11.7174
11.7755
11.8621
11.9849
12.154
12.3788
12.6715
13.0406
13.4965
14.045
14.6863
15.4265
16.2466
17.1549
18.1285
19.1524
20.2152
21.2946
22.3795
23.3838
24.435
25.1703
26.3579
26.4305
26.924
27.7433
27.7161
28.0451
28.5542
29.0995
29.6646
30.2368
30.8086
31.3704
31.9234
32.4664
32.9769
33.4792
33.9888
34.5011
35.0108
35.519
36.0251
36.5328
37.0358
37.5471
38.0369
38.4632
39.0374
38.922
38.9343
39.0727
39.4854
39.8126
39.7603
39.7432
39.7517
39.8267
40.1392
40.5334
40.592
40.6021
40.6707
41.0688
41.6221
42.2047
42.7047
43.4296
43.35
43.501
43.9163
44.5139
44.366
44.3596
44.4096
44.4324
44.5074
44.7412
45.2511
45.2181
45.5839
46.1275
46.6874
47.1462
47.6179
47.5748
47.9204
47.7433
47.7112
47.769
47.8115
47.9633
48.2491
48.196
48.2147
48.2793
48.3619
48.8403
48.7299
48.7745
48.8119
49.2711
49.2263
49.5543
49.4873
49.7622
49.9744
50.302
50.0517
50.0176
50.0134
50.0096
50.0797
50.1291
50.2174
50.3367
50.662
50.8381
51.0031
50.6837
50.6577
50.556
50.5263
50.6234
50.9515
51.228
51.084
51.0681
51.0872
51.106
51.4061
51.2251
51.3082
51.3996
51.6478
52.0916
52.4589
52.7989
52.6009
52.5749
52.6647
52.8001
53.1956
53.2544
53.5423
53.4068
53.6957
53.8978
54.1301
54.329
54.1613
54.1666
54.251
54.3315
54.6525
54.5756
54.5659
54.6331
54.7742
55.0691
55.2554
55.4191
55.5315
55.4169
55.7244
56.0145
56.3096
56.2222
56.3594
56.429
56.251
56.2449
56.3235
56.3796
56.4312
56.6627
56.8316
56.7423
56.8565
56.68
56.801
56.8667
56.7085
56.6667
56.6938
56.8263
56.9394
56.7987
56.8277
57.0445
57.0033
56.973
56.9535
56.9973
57.0622
57.1396
57.1229
57.1672
57.3297
57.261
57.4459
57.3054
57.5761
57.6022
57.5839
57.6508
57.7157
57.7976
57.8431
58.211
58.201
58.2372
58.556
58.5744
58.958
59.4154
59.8638
60.2956
60.4987
60.6509
60.7971
60.5999
60.8564
61.0709
60.9022
61.2249
61.5179
61.8147
61.8376
61.9825
62.223
62.2535
62.2793
62.5505
62.752
62.6136
62.8977
62.9006
63.0121
63.1878
63.3055
63.1733
63.3568
63.256
63.3117
63.3123
63.4702
63.4259
63.4134
63.4365
63.5721
63.5687
63.4809
63.3533
63.144
62.8523
62.4845
62.0502
61.5593
61.0209
60.4429
59.8327
59.1963
58.539
57.8658
57.1807
56.4877
55.79
55.0908
54.3928
53.6984
53.0098
52.3289
51.6575
50.9971
50.349
49.7142
49.0938
48.4886
47.8993
47.3266
46.7711
46.2331
45.7131
45.2113
44.7281
44.2637
43.8182
43.3918
42.9846
42.5966
42.2281
41.8791
41.5497
41.2399
40.9503
40.6807
40.432
40.2037
39.9989
39.8132
39.6587
39.5098
39.3913
39.2619
39.185
39.0293
39.1198
12.7872
12.7638
12.7403
12.7168
12.6933
12.6698
12.6462
12.6227
12.5991
12.5755
12.5519
12.5283
12.5047
12.481
12.4574
12.4338
12.4102
12.3866
12.363
12.3394
12.3158
12.2922
12.2686
12.2451
12.2216
12.1981
12.1746
12.1512
12.1278
12.1044
12.0811
12.0578
12.0346
12.0114
11.9882
11.9651
11.9421
11.9191
11.8961
11.8732
11.8503
11.8273
11.8042
11.7809
11.7573
11.7329
11.7076
11.6797
11.6459
11.6307
11.6317
11.6422
11.6655
11.7059
11.7688
11.8612
11.9912
12.1679
12.4017
12.7024
13.0795
13.5408
14.0903
14.7305
15.4557
16.2616
17.135
18.0673
19.0309
20.0351
21.0086
22.0316
22.9009
23.9872
24.1679
24.3516
25.0086
25.7609
25.9442
26.3048
26.8148
27.3709
27.9553
28.5526
29.1522
29.7482
30.3358
30.9145
31.4828
32.0414
32.5927
33.1379
33.6775
34.2128
34.7376
35.2744
35.7443
36.3582
36.235
36.2621
36.4203
36.96
36.9106
37.3339
37.8626
38.2056
38.0498
37.9307
38.2966
38.6668
39.0812
38.8281
38.8132
39.2499
39.1616
39.5955
40.168
40.7189
41.3218
41.8646
42.5109
42.3312
42.3507
42.4168
42.5561
42.6436
42.7484
42.8774
43.418
44.1404
44.0635
44.145
44.5929
45.2064
45.9698
45.8486
46.1936
46.4488
46.6507
46.7699
46.8781
47.0502
46.8894
47.2932
47.2067
47.2185
47.2719
47.3231
47.3679
47.5006
47.6936
48.1722
48.2516
48.331
48.4393
48.5773
48.9817
48.9306
48.9903
49.41
49.3205
49.3578
49.4689
49.5421
49.6492
49.7703
50.1776
50.0304
50.0058
50.0487
50.3631
50.0819
50.0139
49.952
49.9719
50.0098
50.1176
50.2065
50.5894
50.5696
50.8656
50.7149
50.7711
50.794
50.9127
51.0276
51.4554
51.416
51.5486
51.7346
51.8887
51.9797
52.3232
52.5307
52.7101
52.7893
52.7759
52.7794
52.8656
52.967
53.1361
53.3122
53.6183
53.7669
53.8887
54.0057
54.0658
53.9451
53.9569
54.0053
54.3634
54.3853
54.5044
54.82
54.7863
55.0487
55.2933
55.5338
55.822
55.6809
55.8343
55.7547
55.7217
55.8762
56.0788
55.9554
55.9915
56.2266
56.1819
56.3463
56.2258
56.2284
56.2527
56.2958
56.4573
56.3243
56.5074
56.3897
56.4589
56.5186
56.6301
56.8428
56.9431
56.783
56.7689
56.9397
57.077
57.2384
57.0546
57.0607
57.1263
57.3299
57.4964
57.3484
57.62
57.824
57.6938
57.9905
58.1337
58.2613
58.1201
58.4804
58.3844
58.4177
58.8454
58.9005
59.3178
59.7919
60.1913
60.4991
60.7549
60.9594
60.8857
60.8428
61.0585
61.2906
61.107
61.438
61.8097
62.1983
62.2291
62.3497
62.5973
62.7941
62.6402
62.9078
63.0701
62.9222
63.1882
63.1184
63.3526
63.4202
63.5758
63.6396
63.6037
63.5408
63.6974
63.5688
63.6385
63.802
63.704
63.7119
63.7087
63.727
63.701
63.7363
63.6248
63.3967
63.0697
62.6608
62.1847
61.6539
61.0788
60.4679
59.8286
59.1672
58.4891
57.7991
57.1013
56.3994
55.6968
54.9964
54.3008
53.6124
52.933
52.2646
51.6086
50.9664
50.3391
49.7277
49.1329
48.5556
47.9962
47.4553
46.9332
46.4303
45.9468
45.4829
45.0387
44.6145
44.2102
43.8259
43.4617
43.1176
42.7936
42.49
42.2067
41.9442
41.7025
41.4827
41.2841
41.1105
40.9564
40.8375
40.7092
40.6195
40.5004
40.4364
40.3685
40.5162
12.7858
12.7624
12.7389
12.7154
12.6919
12.6684
12.6449
12.6214
12.5978
12.5742
12.5507
12.5271
12.5035
12.4799
12.4563
12.4327
12.4091
12.3856
12.362
12.3384
12.3148
12.2913
12.2677
12.2442
12.2207
12.1972
12.1738
12.1503
12.1269
12.1036
12.0802
12.0569
12.0337
12.0104
11.9873
11.9641
11.941
11.918
11.895
11.872
11.8491
11.8261
11.803
11.7798
11.7563
11.7325
11.7082
11.6828
11.6548
11.622
11.6094
11.6115
11.6232
11.6479
11.69
11.7548
11.8491
11.9806
12.1581
12.3906
12.6876
13.0571
13.5053
14.0352
14.646
15.3341
16.0902
16.9069
17.7625
18.6583
19.5428
20.4615
21.3101
22.1456
23.1062
23.1927
23.3546
23.9696
24.7241
25.3474
25.9089
26.4453
26.9798
27.5218
28.075
28.6361
29.2018
29.7666
30.3291
30.8857
31.4374
31.9828
32.5195
33.0634
33.5483
34.1762
34.0766
34.096
34.1326
34.2649
34.8726
34.8366
35.2304
36.0121
35.9496
35.9793
36.0365
36.0648
36.1428
36.2319
36.3815
36.4764
36.6177
37.2184
38.1069
38.1064
38.2109
38.4603
39.1794
39.7294
40.268
40.6251
41.0519
41.4109
41.793
41.5807
41.5452
41.7737
42.3892
42.8295
43.1322
43.4066
43.7825
44.5701
44.4395
44.5506
45.0153
44.9115
45.0276
45.1648
45.3469
45.5051
45.659
46.2548
46.3654
46.4394
46.4941
46.5933
46.6727
46.7643
47.3635
47.4316
47.5862
48.0166
48.3399
48.6097
48.4548
48.4846
48.545
48.8662
48.8661
49.1562
49.5552
49.4442
49.6905
49.895
49.6307
49.7367
49.5654
49.5415
49.8133
49.5311
49.4953
49.5024
49.7674
49.9969
50.2012
50.0357
50.2466
50.3725
50.5114
50.6231
50.8034
50.8303
51.1765
51.0605
51.1064
51.1301
51.5142
51.8652
52.1692
52.0102
52.3701
52.2285
52.2587
52.3342
52.7264
52.5914
52.7015
52.8211
53.1276
53.3699
53.5813
53.7413
53.6003
53.6576
53.6706
53.6819
53.7596
53.8224
54.1885
54.2734
54.3624
54.5078
54.6023
54.8871
54.9651
55.2697
55.5846
55.4654
55.5194
55.7414
55.6121
55.6424
55.8512
55.9674
56.0791
56.0749
56.0892
56.1213
56.1445
56.3811
56.3021
56.3154
56.348
56.3925
56.5858
56.4729
56.6787
56.91
57.0312
57.1963
57.1268
57.06
57.0424
57.2642
57.4618
57.6536
57.462
57.5009
57.5699
57.8363
57.8037
57.8302
58.1139
58.2197
58.3397
58.6458
58.666
58.7682
58.8389
59.0186
59.118
59.1645
59.5477
59.9095
60.2696
60.6652
60.7726
60.8989
61.2233
61.3021
61.5701
61.4294
61.6779
61.8884
61.7359
62.0777
62.4586
62.8701
63.1177
63.2918
63.2686
63.4775
63.3594
63.6384
63.582
63.5723
63.6665
63.7335
63.9823
63.9285
64.1662
64.2917
64.3454
64.1762
64.198
64.1998
64.2573
64.4368
64.4847
64.5108
64.3843
64.4566
64.3041
64.3808
64.3593
64.1848
63.8877
63.4931
63.0215
62.4888
61.9079
61.2887
60.6396
59.9679
59.2793
58.5793
57.8722
57.1623
56.4528
55.7471
55.0477
54.3571
53.6774
53.0103
52.3574
51.72
51.0992
50.4959
49.9109
49.3447
48.798
48.2711
47.7643
47.2778
46.8118
46.3665
45.9418
45.5378
45.1545
44.7919
44.45
44.1287
43.8282
43.5486
43.2898
43.0524
42.8365
42.6431
42.4719
42.3267
42.2022
42.1134
41.9924
41.9255
41.7935
41.7903
41.802
42.0184
12.7848
12.7614
12.738
12.7145
12.691
12.6676
12.6441
12.6206
12.597
12.5735
12.55
12.5264
12.5029
12.4793
12.4558
12.4322
12.4087
12.3851
12.3616
12.338
12.3145
12.2909
12.2674
12.2439
12.2204
12.197
12.1735
12.1501
12.1267
12.1033
12.08
12.0567
12.0334
12.0101
11.9869
11.9638
11.9406
11.9176
11.8945
11.8715
11.8485
11.8255
11.8025
11.7793
11.7559
11.7323
11.7084
11.6839
11.6585
11.6307
11.5978
11.5855
11.5879
11.5995
11.6237
11.6647
11.7276
11.8184
11.9442
12.1128
12.3323
12.6107
12.9547
13.3694
13.8571
14.4181
15.0482
15.7404
16.4817
17.2588
18.0523
18.8513
19.6371
20.4051
21.1501
21.8634
22.534
23.1768
23.8013
24.4086
25.001
25.5817
26.1534
26.7188
27.2791
27.8354
28.3875
28.935
29.4776
30.0151
30.5438
31.0786
31.5591
32.1766
32.1059
32.1255
32.1489
32.2452
32.3597
32.5532
33.2248
33.1858
33.6129
34.3303
34.2567
34.2737
34.3447
34.3615
34.4991
34.6563
35.2241
35.2294
35.7304
36.5633
36.5707
36.6666
36.781
36.9737
37.1838
37.8663
38.724
39.438
39.9384
40.4497
40.2612
40.2047
40.2395
40.6754
41.2956
41.993
42.0196
42.117
42.5103
43.0093
43.2978
43.5564
43.5619
43.8766
44.3725
44.8273
45.1316
45.4644
45.5908
45.9618
46.381
46.1613
46.1416
46.1738
46.2178
46.4406
46.8785
47.2018
47.5563
48.0373
48.0179
48.3188
48.1697
48.4791
48.3222
48.2921
48.3069
48.6974
49.3246
49.1038
49.0667
49.0362
48.998
49.025
49.3216
49.0702
49.0955
49.0854
49.1796
49.2922
49.4867
49.9711
49.8511
49.8197
49.8505
49.8937
50.0393
50.4438
50.8506
51.0817
51.3435
51.1817
51.4176
51.227
51.5382
51.706
51.892
52.2518
52.2288
52.2406
52.2889
52.3714
52.8291
52.83
53.1326
53.3777
53.5808
53.759
53.9264
53.8489
53.8237
54.0184
53.8736
54.0557
54.2251
54.0743
54.4003
54.8271
54.7805
55.0806
55.0109
55.1006
55.3236
55.5298
55.6789
55.6756
55.9343
55.8831
55.923
55.976
56.0933
56.201
56.4148
56.5653
56.7087
56.6539
56.6758
56.7793
56.9016
56.9896
56.931
57.1345
57.0697
57.055
57.2631
57.6066
57.5792
57.8088
57.6872
57.8848
57.778
58.0513
58.1125
58.2116
58.2255
58.4814
58.6478
58.687
58.7586
58.801
59.0874
59.42
59.7089
59.7242
59.8267
60.0963
60.2978
60.4593
60.6124
60.4548
60.746
61.1157
61.4752
61.7839
62.0651
61.9931
62.0428
62.2985
62.5724
62.3899
62.743
62.7748
62.8484
63.1381
63.4727
63.905
64.0108
64.142
64.3771
64.3565
64.3857
64.6779
64.5771
64.5783
64.6552
64.728
64.851
64.909
65.1425
65.2244
65.1851
65.1635
65.1743
65.1848
65.2446
65.4242
65.4973
65.5272
65.5198
65.3237
65.2776
65.2793
65.3622
65.2284
64.9451
64.5508
64.072
63.5278
62.9327
62.2981
61.6332
60.9457
60.2422
59.5281
58.8085
58.0875
57.3688
56.6557
55.9509
55.2568
54.5755
53.9089
53.2584
52.6253
52.0105
51.415
50.8395
50.2843
49.7501
49.2369
48.745
48.2746
47.8256
47.3982
46.9922
46.6076
46.2443
45.9022
45.5813
45.2815
45.0028
44.7454
44.5094
44.2951
44.1028
43.9337
43.7879
43.6683
43.571
43.5025
43.3728
43.3243
43.2452
43.3254
43.3618
43.6663
12.7842
12.7608
12.7374
12.714
12.6906
12.6671
12.6437
12.6202
12.5967
12.5732
12.5497
12.5262
12.5027
12.4792
12.4556
12.4321
12.4086
12.385
12.3615
12.338
12.3145
12.291
12.2675
12.244
12.2205
12.1971
12.1736
12.1502
12.1268
12.1034
12.08
12.0567
12.0334
12.0101
11.9869
11.9637
11.9405
11.9174
11.8943
11.8712
11.8481
11.8251
11.8021
11.779
11.7557
11.7323
11.7086
11.6846
11.6602
11.6345
11.6063
11.5721
11.5571
11.5586
11.569
11.5909
11.628
11.6848
11.7667
11.8801
12.0316
12.2284
12.4775
12.7854
13.157
13.5955
14.1008
14.6697
15.295
15.9663
16.6709
17.3962
18.1296
18.8618
19.585
20.2953
20.9899
21.6685
22.3316
22.9809
23.6172
24.242
24.8559
25.46
26.0545
26.64
27.2165
27.7844
28.3406
28.9002
29.4033
30.0519
29.9939
30.0513
30.5095
30.61
30.9234
30.9023
31.4034
31.3629
31.3922
31.4416
31.9674
32.9771
32.852
32.8874
32.9705
33.4588
34.1833
34.1404
34.5585
35.0574
35.5616
35.4407
35.4611
35.8831
36.3433
36.7073
36.6943
37.119
37.658
38.6075
38.4659
38.5208
38.6047
38.7446
39.2792
40.1436
40.6858
40.8836
41.4257
41.3263
41.7891
41.8574
42.0403
42.5461
42.5261
42.9265
43.7172
43.8177
43.9673
44.5966
44.8125
45.3441
45.249
45.2451
45.7445
45.7307
45.8015
46.2126
46.8681
46.8952
47.0179
47.4316
47.6732
47.7092
47.7429
47.7523
47.7676
47.7819
47.8637
47.8909
48.4072
48.4228
48.7416
48.5865
48.7311
48.6432
48.6352
48.6619
49.0138
49.3387
49.515
49.8572
49.7464
49.785
49.8161
49.8169
49.8474
49.9149
50.3398
50.4472
50.8456
50.7715
50.894
51.1411
51.4165
51.2063
51.5398
52.0561
52.0691
52.1875
52.5685
52.6278
52.6294
52.7138
53.1322
53.5614
53.8678
54.1306
54.4116
54.6547
54.4757
54.6692
54.4396
54.449
54.4455
54.5407
54.615
54.6799
55.0888
55.2102
55.3521
55.6722
55.9533
55.8146
56.0962
56.3226
56.2261
56.547
56.6176
56.734
57.0021
57.1914
57.3598
57.4864
57.5768
57.682
57.7994
57.8544
57.9489
57.7921
57.8226
57.857
58.0224
58.1618
58.2547
58.1486
58.3887
58.7367
59.0081
58.9271
58.9465
59.0307
59.0673
59.347
59.5899
59.8159
59.7214
59.9979
60.3531
60.3088
60.5299
60.4219
60.6583
60.9761
61.2002
61.4445
61.6694
61.8935
62.1774
62.1252
62.1677
62.1713
62.2355
62.6058
62.9708
63.0602
63.2257
63.5312
63.4055
63.6944
63.9409
63.7955
64.1515
64.4797
64.4244
64.4834
64.8098
65.2813
65.5794
65.7082
65.9018
65.7698
65.7893
66.0589
65.9584
65.9738
66.0741
66.1588
66.2684
66.2934
66.4185
66.471
66.5385
66.5155
66.5329
66.5442
66.5953
66.7674
66.805
66.8514
66.8417
66.6195
66.59
66.6032
66.6856
66.5434
66.2454
65.8327
65.3333
64.7674
64.1502
63.4937
62.8076
62.1002
61.3781
60.6472
59.9127
59.1789
58.4495
57.7279
57.0168
56.3186
55.6355
54.9691
54.3209
53.692
53.0834
52.4957
51.9296
51.3854
50.8634
50.3638
49.8865
49.4316
48.999
48.5886
48.2003
47.8339
47.4892
47.1662
46.8645
46.5843
46.3255
46.0882
45.8726
45.6791
45.5079
45.3608
45.2376
45.1399
45.065
45.0067
44.8552
44.8351
44.8396
44.9753
45.0642
45.4517
12.784
12.7606
12.7373
12.7139
12.6905
12.6671
12.6436
12.6202
12.5967
12.5733
12.5498
12.5263
12.5028
12.4793
12.4558
12.4323
12.4088
12.3853
12.3618
12.3383
12.3148
12.2913
12.2679
12.2444
12.2209
12.1975
12.174
12.1506
12.1272
12.1038
12.0804
12.057
12.0337
12.0104
11.9871
11.9638
11.9406
11.9174
11.8942
11.8711
11.8479
11.8248
11.8017
11.7785
11.7553
11.732
11.7085
11.6848
11.6609
11.6361
11.6105
11.5784
11.5561
11.5276
11.5256
11.5331
11.5506
11.5814
11.6293
11.6988
11.7953
11.9246
12.0928
12.3061
12.5702
12.8901
13.269
13.708
14.2059
14.7589
15.3609
16.0042
16.6798
17.3786
18.0917
18.8113
19.5305
20.2441
20.9478
21.6391
22.3158
22.9773
23.6229
24.2529
24.8677
25.4683
26.0536
26.6344
27.1652
27.847
27.8505
27.9387
28.3202
28.5235
29.1242
29.5331
29.76
29.8991
30.0043
30.2088
30.0907
30.4642
31.3198
31.3691
31.4622
31.5474
31.8505
32.4803
33.3431
33.3699
33.4976
34.1135
34.1783
34.2726
34.375
34.9051
35.7485
36.313
36.2491
36.3623
36.5701
37.3268
37.3605
37.4703
38.0499
38.6804
39.1944
39.7693
40.4515
40.4697
40.8911
40.7901
41.0199
41.6141
42.2723
42.2467
42.2736
42.5644
43.2289
43.7666
43.621
44.0411
44.6485
44.6529
44.723
44.7848
45.1935
45.6013
45.6335
46.0334
46.4716
46.8506
47.2589
47.5924
47.9792
47.8402
48.0925
47.8505
47.798
47.7758
47.7921
47.8501
48.0228
48.4775
48.3509
48.3639
48.4037
48.5295
48.5794
48.6396
48.7412
48.8847
49.4488
49.6839
50.1024
50.5149
50.3437
50.3068
50.3498
50.4238
50.8162
51.3186
51.1839
51.1669
51.2233
51.3032
51.461
51.5647
51.7064
52.1922
52.8689
52.9008
52.9945
53.1329
53.3585
53.4528
53.6022
53.9979
54.1956
54.5798
55.119
55.041
55.0983
55.1762
55.2538
55.6401
55.6246
55.9998
55.994
56.2825
56.2256
56.6096
56.8837
57.095
57.2893
57.1511
57.5057
57.4814
57.5459
57.9
58.2591
58.5549
58.802
58.9996
59.1678
59.3202
59.4124
59.485
59.597
59.4459
59.5908
59.4612
59.6269
59.5586
59.6322
59.6742
59.7271
59.9586
60.26
60.6016
60.5927
60.6694
60.8968
61.1262
60.9983
61.2673
61.6098
61.9358
61.9346
62.2144
62.5296
62.4415
62.6521
62.528
62.758
63.0043
62.9566
63.3089
63.5831
63.8498
64.1564
64.5156
64.4297
64.435
64.4586
64.705
64.7703
65.1294
65.3412
65.5423
65.361
65.6794
65.6688
65.7133
66.0644
66.3635
66.5291
66.3875
66.7064
67.1544
67.4896
67.4195
67.4859
67.5465
67.5806
67.8577
67.8004
67.8053
68.0224
68.124
68.2635
68.1071
68.3371
68.2409
68.4283
68.2493
68.2608
68.2948
68.316
68.4582
68.3441
68.4888
68.3382
68.2759
68.2569
68.3507
68.3348
68.1328
67.7902
67.3399
66.8065
66.2091
65.5625
64.8786
64.1672
63.4365
62.6935
61.9442
61.1936
60.4462
59.7058
58.9756
58.2583
57.5564
56.8718
56.2061
55.5607
54.9365
54.3343
53.7548
53.1983
52.6651
52.1553
51.6689
51.2057
50.7656
50.3485
49.954
49.5821
49.2323
48.9045
48.5984
48.314
48.051
47.8096
47.5898
47.3919
47.2164
47.0632
46.9357
46.8308
46.7497
46.6904
46.6508
46.5026
46.5382
46.5874
46.78
46.9147
47.3524
12.7842
12.7609
12.7375
12.7142
12.6908
12.6674
12.644
12.6206
12.5972
12.5737
12.5503
12.5268
12.5034
12.4799
12.4564
12.433
12.4095
12.386
12.3625
12.339
12.3156
12.2921
12.2686
12.2451
12.2217
12.1982
12.1748
12.1513
12.1279
12.1045
12.0811
12.0577
12.0343
12.0109
11.9876
11.9642
11.9409
11.9176
11.8944
11.8711
11.8479
11.8246
11.8014
11.7782
11.7549
11.7315
11.7082
11.6844
11.661
11.6363
11.6111
11.5855
11.5597
11.5321
11.5001
11.4925
11.4953
11.507
11.5302
11.568
11.6241
11.7028
11.8089
11.9475
12.1238
12.3431
12.6097
12.9271
13.2972
13.7204
14.195
14.7178
15.2838
15.8871
16.5206
17.1777
17.8509
18.5342
19.2212
19.9074
20.5882
21.2606
21.9216
22.5699
23.2036
23.8228
24.4263
25.0156
25.589
26.1496
26.7015
27.1984
27.8523
27.8037
27.8562
28.184
28.5479
28.8448
28.8509
29.2691
29.4393
29.853
30.523
31.0945
31.6593
31.6172
31.8834
32.3438
33.0934
33.1391
33.2316
33.4104
34.123
34.3215
34.663
35.3848
35.3795
35.471
36.0238
36.6827
37.1249
37.5942
37.5122
37.5382
37.8852
38.5823
39.0593
39.594
39.6099
39.7268
40.2031
40.2669
40.7183
41.5173
41.9332
42.2352
42.1157
42.5242
42.6109
42.7627
43.1969
43.6694
44.308
44.6682
44.9564
44.8752
45.3825
45.615
45.6758
46.0711
46.6842
46.5932
46.6609
46.7894
47.2041
47.5373
47.8361
47.7593
48.0479
48.3506
48.2304
48.6255
48.6025
48.6616
48.7039
48.805
48.9086
49.225
49.5969
49.5373
49.8521
50.3901
50.2925
50.6334
51.2213
51.1249
51.1591
51.2086
51.5869
51.5858
51.6892
51.8653
51.9488
52.0435
52.1631
52.3192
52.8645
52.8892
53.012
53.4363
53.9045
54.3744
54.3954
54.5104
54.8441
55.1203
55.3005
55.3294
55.664
56.078
56.5247
56.5628
56.652
56.9728
56.9798
57.4585
57.4376
57.7955
58.227
58.222
58.2484
58.3044
58.7291
59.0633
59.0781
59.1522
59.5409
59.577
59.6857
60.0688
60.5265
60.8616
61.0983
61.3232
61.4975
61.6938
61.5672
61.5757
61.5949
61.5978
61.6663
61.7626
62.0259
62.2213
62.4274
62.281
62.2983
62.5267
62.8999
62.9921
63.0759
63.3612
63.6927
63.6366
63.6626
63.9296
64.3051
64.6358
64.876
65.1233
65.1002
65.1079
65.1557
65.1802
65.2961
65.438
65.5473
65.9735
66.0176
66.3207
66.7177
67.1362
67.4159
67.2912
67.2857
67.2893
67.3763
67.7298
67.8256
67.8948
67.9151
68.0434
68.1375
68.1918
68.5653
68.7022
68.7764
68.8233
69.1338
69.5829
69.6119
69.6562
69.7467
69.9736
69.8434
69.9382
70.1547
70.0419
70.2867
70.2308
70.4211
70.2829
70.4876
70.3735
70.5477
70.3691
70.3845
70.5651
70.4232
70.4034
70.3848
70.4427
70.3477
70.3327
70.3372
70.4065
70.2757
69.9902
69.5827
69.079
68.5001
67.8627
67.1805
66.4647
65.725
64.9692
64.2042
63.4359
62.6693
61.9088
61.158
60.4201
59.6977
58.9931
58.3081
57.6441
57.0024
56.3837
55.7887
55.2178
54.6713
54.1491
53.6513
53.1776
52.7277
52.3015
51.8985
51.5184
51.1609
50.8257
50.5124
50.2209
49.9509
49.7024
49.4753
49.2699
49.0864
48.9255
48.7866
48.6764
48.5825
48.5114
48.4629
48.4287
48.3049
48.369
48.4803
48.7263
48.9078
49.4113
12.7849
12.7616
12.7382
12.7149
12.6916
12.6682
12.6448
12.6215
12.5981
12.5747
12.5512
12.5278
12.5044
12.481
12.4575
12.4341
12.4106
12.3871
12.3637
12.3402
12.3167
12.2933
12.2698
12.2463
12.2228
12.1994
12.1759
12.1525
12.129
12.1055
12.0821
12.0587
12.0352
12.0118
11.9884
11.965
11.9416
11.9182
11.8948
11.8715
11.8481
11.8247
11.8014
11.778
11.7546
11.7311
11.7076
11.684
11.6602
11.636
11.6115
11.5867
11.5612
11.5352
11.5027
11.4827
11.4542
11.4531
11.4614
11.4788
11.508
11.5524
11.6152
11.7008
11.8131
11.9567
12.1357
12.3543
12.6156
12.9219
13.274
13.6717
14.113
14.5948
15.1126
15.6615
16.2357
16.8299
17.438
18.0553
18.6765
19.298
19.9157
20.5276
21.1308
21.7246
22.3074
22.8795
23.4401
23.9905
24.5306
25.0619
25.5858
26.103
26.6077
27.1183
27.6126
28.1333
28.6244
29.1759
29.6788
30.2406
30.8044
31.4091
31.9641
32.4261
32.6497
33.2109
33.6447
33.5433
33.9361
34.2715
34.4634
34.688
35.0022
35.2392
35.4909
35.3973
35.897
36.4373
37.0763
37.7643
37.7176
37.7575
38.0644
38.941
38.9258
39.0466
39.6113
39.8336
40.2203
40.8995
41.447
42.0352
41.9384
41.9673
42.3604
42.7155
42.9481
43.1792
43.2866
43.6536
44.3923
44.5155
44.7021
45.2881
45.7711
46.0383
46.255
46.4434
46.707
46.9418
47.0348
47.3908
47.8529
48.1754
48.6071
48.4752
48.5289
48.6203
49.0633
49.588
49.9588
50.3509
50.3156
50.6354
50.5737
50.8713
50.7909
51.0646
51.4865
51.7977
52.1392
52.4629
52.8771
52.8211
53.0784
52.9771
53.2175
53.5653
53.99
53.9296
53.971
54.2796
54.1727
54.4756
55.1237
55.0856
55.4011
55.3443
55.7021
56.2068
56.8095
57.1216
57.3028
57.5398
57.435
57.6985
58.153
58.6098
59.1121
59.4715
59.4852
59.7785
60.2438
60.2106
60.4813
60.779
60.9536
61.2644
61.2055
61.2379
61.5507
62.0456
62.0817
62.2124
62.6518
62.7682
62.926
63.3092
63.7604
63.7407
63.8202
64.1633
64.266
64.3966
64.6442
64.9369
64.8391
64.8691
65.1032
65.4672
65.4661
65.5225
65.7447
65.6812
65.9042
66.2115
66.5685
66.8006
66.7873
67.0924
67.1359
67.1846
67.2337
67.534
67.9519
68.1005
68.3224
68.4423
68.7616
68.7134
68.7339
68.7701
69.0519
69.3674
69.5487
69.7064
69.5847
69.8728
70.2002
70.5776
70.6275
70.8252
70.9608
70.8002
70.9698
71.2321
71.4607
71.3482
71.3189
71.4861
71.622
71.4898
71.7516
72.0766
71.9361
71.9436
72.1904
72.5534
72.5064
72.5237
72.6022
72.6183
72.6089
72.658
72.7349
72.7364
72.808
72.8645
72.9099
72.9049
72.9209
72.9126
72.9386
72.94
73.0809
72.9946
72.9863
72.9112
72.8831
72.8685
72.8709
72.8775
72.9101
72.7817
72.5145
72.1266
71.6386
71.0694
70.4357
69.7515
69.029
68.2784
67.5085
66.7269
65.9401
65.1536
64.3722
63.6
62.8406
62.0968
61.3711
60.6655
59.9817
59.3209
58.6841
58.072
57.485
56.9232
56.3868
55.8755
55.389
54.9272
54.4894
54.0754
53.6846
53.3166
52.9711
52.6476
52.3458
52.0655
51.8065
51.5687
51.3522
51.1572
50.984
50.8337
50.7047
50.6081
50.5152
50.4466
50.41
50.3583
50.2801
50.3748
50.5315
50.8297
51.0572
51.6507
12.7861
12.7629
12.7396
12.7163
12.693
12.6697
12.6463
12.623
12.5996
12.5762
12.5529
12.5295
12.5061
12.4827
12.4592
12.4358
12.4124
12.3889
12.3655
12.342
12.3186
12.2951
12.2716
12.2482
12.2247
12.2012
12.1777
12.1543
12.1308
12.1073
12.0838
12.0603
12.0369
12.0134
11.9899
11.9664
11.9429
11.9195
11.896
11.8725
11.849
11.8255
11.802
11.7785
11.755
11.7314
11.7077
11.684
11.6601
11.6361
11.6116
11.5875
11.5621
11.5355
11.5125
11.4804
11.4574
11.4258
11.4198
11.4253
11.4386
11.4622
11.4985
11.5507
11.6218
11.7154
11.8349
11.9841
12.1658
12.3832
12.6382
12.9321
13.2648
13.6356
14.0422
14.482
14.951
15.4453
15.9605
16.4925
17.037
17.5909
18.1507
18.7143
19.28
19.8468
20.4136
20.9805
21.5471
22.1146
22.6833
23.255
23.8308
24.4124
25.0019
25.6004
26.21
26.8293
27.4592
28.0957
28.7661
29.3936
30.1886
30.6674
31.7896
31.8306
32.293
33.0688
33.7399
34.3085
34.7241
35.3047
35.7449
36.1208
36.1669
36.4367
36.3737
36.3918
36.6293
37.3874
37.7916
38.0891
38.0954
38.4494
39.2704
39.6754
39.9655
39.9119
39.9416
40.0296
40.4258
41.4936
41.5595
42.0954
42.0682
42.165
42.6299
43.1769
43.6459
44.156
44.6707
45.11
45.5627
46.0273
46.6337
46.6082
46.6682
46.7459
47.2199
47.8612
48.5013
48.3889
48.4143
48.5473
48.6562
48.7741
49.4438
49.9787
50.3521
50.4035
50.8224
51.3955
51.8975
52.4277
52.3099
52.3035
52.3369
52.415
52.8155
53.4251
53.6121
53.9711
54.3858
54.8
55.3216
55.3378
55.6469
55.5513
55.8017
56.1657
56.6901
56.9466
56.9376
56.9498
57.0031
57.3554
57.9228
58.4889
58.4936
58.5605
58.9164
59.4067
60.1128
60.1748
60.3301
60.7695
60.7953
61.2049
61.7471
62.279
62.7589
63.4069
63.403
63.7268
64.0263
64.4238
64.7958
65.2555
65.1124
65.1486
65.4436
65.377
65.6999
66.1722
66.6117
67.0175
67.4142
67.7468
68.0906
67.9944
68.034
68.1989
68.301
68.6714
68.9516
69.1468
69.2448
69.4999
69.4306
69.6656
69.9579
70.3143
70.5285
70.4777
70.5129
70.5614
70.7971
71.1732
71.491
71.6985
71.8691
72.1705
72.1842
72.2177
72.3097
72.3763
72.7107
72.9668
73.092
73.2933
73.5693
73.5356
73.5587
73.572
73.8237
74.1829
74.1832
74.2103
74.2413
74.5299
74.5807
74.828
75.0445
75.0236
75.0744
75.0702
75.3011
75.5745
75.5418
75.7154
75.5213
75.5169
75.5344
75.5144
75.6895
75.9002
75.7654
75.7574
75.8725
76.0741
76.1687
76.0991
76.3055
76.1023
76.0558
76.0847
76.3022
76.121
76.1388
76.3249
76.1972
76.2125
76.144
76.1167
76.1051
76.0655
76.0494
76.1846
76.2177
75.9869
75.97
75.9481
76.0568
75.9695
75.7806
75.4803
75.0745
74.5756
73.9975
73.3542
72.6588
71.9229
71.1569
70.3696
69.5691
68.7622
67.9546
67.1516
66.3574
65.5759
64.8102
64.0628
63.336
62.6315
61.9507
61.2947
60.6641
60.0594
59.4808
58.9283
58.4016
57.9003
57.4241
56.9723
56.5445
56.1401
55.7585
55.3994
55.0621
54.7464
54.4518
54.1783
53.9255
53.6937
53.4827
53.2931
53.125
52.9798
52.8559
52.765
52.6761
52.6215
52.5898
52.4836
52.4685
52.5971
52.7826
53.1272
53.3924
54.1263
12.7879
12.7647
12.7414
12.7182
12.6949
12.6716
12.6483
12.625
12.6017
12.5783
12.555
12.5316
12.5082
12.4849
12.4615
12.4381
12.4147
12.3913
12.3678
12.3444
12.321
12.2975
12.2741
12.2506
12.2271
12.2037
12.1802
12.1567
12.1332
12.1098
12.0863
12.0628
12.0393
12.0158
11.9922
11.9687
11.9452
11.9217
11.8982
11.8746
11.8511
11.8275
11.8039
11.7803
11.7567
11.733
11.7092
11.6855
11.6614
11.6374
11.613
11.5883
11.5631
11.5375
11.5117
11.4841
11.4553
11.42
11.4046
11.4059
11.4143
11.4308
11.4577
11.4975
11.5529
11.6271
11.7229
11.8437
11.9924
12.172
12.3848
12.6327
12.9163
13.2363
13.5915
13.9806
14.401
14.8504
15.3254
15.8231
16.34
16.8739
17.4217
17.9813
18.5493
19.1257
19.7089
20.2992
20.8961
21.501
22.1139
22.7369
23.3712
24.0172
24.6803
25.3538
26.0551
26.7565
27.5107
28.2489
29.064
29.8489
30.6802
31.5589
32.4015
33.0852
33.7612
34.3861
35.2116
35.2415
35.3519
35.8471
36.3557
36.3578
36.7566
37.3481
38.0719
37.9835
38.0329
38.5086
38.3708
38.4413
38.9668
39.8415
39.8627
39.9407
40.0308
40.7331
40.7604
41.2596
41.9233
42.743
42.693
42.7435
42.8157
43.4104
44.1233
44.7265
45.3558
45.9357
46.5479
46.4488
46.5031
46.9436
47.5888
48.2084
48.7543
49.1566
49.7105
49.6813
49.7408
49.8294
50.3334
51.2144
51.186
51.4375
51.9412
52.6727
52.6759
52.7884
53.2643
53.6324
53.9437
53.9684
54.4932
54.6172
54.7362
55.156
55.7226
56.2753
56.9177
57.353
57.6803
57.993
58.4264
58.8731
58.7727
58.7855
59.0975
59.5445
60.161
60.2567
60.4188
60.8981
60.8646
61.309
61.8439
62.5059
62.919
62.9642
63.3416
63.7963
64.5724
64.6188
65.1386
65.6147
65.9915
66.375
66.7943
67.2386
67.693
68.2125
68.6464
69.0477
69.4063
69.877
69.8984
69.9704
70.0147
70.2184
70.7364
70.77
71.0846
71.5506
71.9979
72.4688
72.8782
73.1871
73.4879
73.4677
73.5627
73.8921
74.2454
74.6252
74.7612
75.034
75.0531
75.11
75.1548
75.4386
75.7722
76.1613
76.2469
76.3424
76.5652
76.558
76.7678
77.1525
77.2514
77.3463
77.5812
77.9176
78.2163
78.1577
78.3232
78.257
78.4985
78.5986
78.6767
78.8611
79.0475
79.1422
79.2499
79.1442
79.3419
79.5175
79.596
79.5228
79.5176
79.5861
79.659
79.8465
79.8467
79.9937
80.1497
79.9945
80.0066
80.058
80.1917
80.3096
80.0925
80.0608
80.1814
79.9849
79.9806
80.019
80.0194
80.0039
80.1596
80.013
79.9864
80.0075
80.1471
79.9218
79.8548
79.8548
80.0211
79.8403
79.7643
79.7941
79.9021
79.9924
79.698
79.6325
79.729
79.5094
79.4431
79.4412
79.4163
79.3965
79.465
79.4498
79.3217
79.0743
78.7259
78.2838
77.7576
77.1579
76.4961
75.7835
75.0308
74.2477
73.4429
72.6244
71.7988
70.9722
70.1498
69.3362
68.535
67.7497
66.983
66.237
65.5138
64.8146
64.1407
63.4929
62.8715
62.2768
61.7087
61.167
60.6512
60.1608
59.695
59.2533
58.835
58.4394
58.0661
57.7144
57.3839
57.0743
56.7852
56.5166
56.2683
56.0405
55.8332
55.6471
55.4823
55.3405
55.2202
55.1311
55.0565
55.0028
54.9731
54.867
54.8857
55.0409
55.2492
55.6416
55.9434
56.8377
12.7899
12.7667
12.7435
12.7203
12.697
12.6738
12.6505
12.6273
12.604
12.5807
12.5574
12.5341
12.5107
12.4874
12.4641
12.4407
12.4173
12.394
12.3706
12.3472
12.3238
12.3004
12.277
12.2536
12.2302
12.2068
12.1834
12.16
12.1365
12.1131
12.0897
12.0662
12.0428
12.0193
11.9959
11.9724
11.949
11.9255
11.902
11.8785
11.855
11.8315
11.808
11.7844
11.7608
11.7372
11.7135
11.6897
11.6658
11.6417
11.6174
11.5929
11.5679
11.5424
11.5176
11.4871
11.466
11.429
11.4128
11.4131
11.4194
11.4344
11.4597
11.4977
11.5508
11.6217
11.7137
11.8296
11.9727
12.1456
12.351
12.5909
12.8665
13.1783
13.5262
13.9089
14.3251
14.7721
15.2481
15.7495
16.2749
16.8206
17.3856
17.9666
18.5633
19.1751
19.8024
20.4446
21.103
21.7777
22.4703
23.1817
23.912
24.6606
25.4308
26.217
27.0312
27.8604
28.7227
29.5973
30.4938
31.3824
32.2995
33.1239
33.9924
34.738
35.5144
36.2664
36.2639
36.3408
36.4531
36.5714
36.6844
36.7918
37.4279
38.4038
38.4531
38.5279
38.5823
38.7106
38.8607
39.4072
40.4093
40.6579
40.7596
40.8711
41.0924
41.7184
42.2782
42.8358
43.2067
43.3947
43.44
43.7758
44.3208
44.917
45.542
46.1739
46.9031
47.0537
47.2062
47.4136
47.6594
48.2779
49.1963
49.962
50.4459
50.8959
51.5411
51.6294
51.7576
52.212
52.404
52.9242
53.5926
54.2044
54.9692
55.0713
55.1901
55.44
56.1512
56.1719
56.5789
56.7923
57.287
58.0073
58.1258
58.5206
59.0604
59.6353
60.2026
60.8795
60.9923
61.1725
61.5974
62.3237
62.3049
62.3703
62.7772
63.3308
63.9143
64.5011
64.9382
65.5487
65.4679
65.8734
66.3818
66.9615
67.4881
67.8408
68.2287
68.7159
69.2974
69.8754
70.4337
70.8371
71.1915
71.5624
71.9707
72.4137
72.8759
73.3771
73.8666
74.3451
74.7649
75.2546
75.6602
75.6396
75.6907
76.0218
76.4884
76.7814
77.0869
77.4631
77.8738
78.3047
78.7701
78.8883
79.0576
79.4088
79.7832
80.1245
80.4232
80.8179
80.8357
81.0971
81.4138
81.4159
81.4596
81.675
81.9721
82.3047
82.576
82.7806
82.8813
82.9196
83.0826
83.3729
83.5445
83.5271
83.6954
83.9588
84.1562
84.2366
84.2425
84.2539
84.3996
84.5964
84.5491
84.5722
84.6276
84.6715
84.8014
84.7526
84.8835
84.8673
84.8522
84.8237
84.8085
84.8457
84.954
84.8675
84.938
84.8213
84.9139
84.8043
84.8428
84.71
84.7636
84.8011
84.5933
84.5116
84.5969
84.3528
84.2925
84.3625
84.3249
84.2829
84.2632
84.0169
83.937
83.9816
83.834
83.7154
83.6165
83.5914
83.555
83.6146
83.3811
83.447
83.3732
83.5296
83.2266
83.1356
83.0827
83.0061
82.8764
82.8574
82.8117
82.8988
82.8915
82.7282
82.4531
82.0741
81.6033
81.0528
80.4329
79.754
79.0261
78.2589
77.4616
76.6426
75.8094
74.9689
74.1269
73.2887
72.4589
71.6414
70.8396
70.0563
69.2939
68.5542
67.839
67.1493
66.486
65.8497
65.2407
64.6588
64.1039
63.5753
63.0724
62.5945
62.1409
61.7106
61.303
60.9174
60.5534
60.2102
59.8876
59.5853
59.3029
59.0405
58.7981
58.5759
58.374
58.1934
58.0339
57.8977
57.7833
57.7005
57.6344
57.5845
57.5652
57.4837
57.5318
57.7186
57.9545
58.4028
58.7516
59.8221
12.7925
12.7694
12.7462
12.7231
12.6999
12.6768
12.6536
12.6304
12.6072
12.584
12.5608
12.5376
12.5144
12.4912
12.4679
12.4447
12.4215
12.3982
12.375
12.3517
12.3285
12.3053
12.282
12.2588
12.2356
12.2123
12.1891
12.1658
12.1426
12.1194
12.0962
12.073
12.0498
12.0265
12.0034
11.9801
11.9569
11.9337
11.9106
11.8873
11.8642
11.8409
11.8177
11.7944
11.7712
11.7479
11.7245
11.701
11.6775
11.6537
11.6299
11.6057
11.5803
11.5568
11.5291
11.5042
11.4783
11.4487
11.4443
11.4477
11.4588
11.4792
11.5113
11.5572
11.6199
11.7023
11.8076
11.939
12.0998
12.2927
12.5207
12.7854
13.0888
13.4305
13.8117
14.2298
14.6859
15.1743
15.6981
16.248
16.8307
17.4334
18.0667
18.7164
19.3935
20.0884
20.8061
21.5465
22.3073
23.0932
23.9002
24.7254
25.5577
26.3992
27.2433
28.0997
28.9688
29.8584
30.7321
31.6842
32.4949
33.4173
34.332
34.3489
34.9266
35.6207
36.2786
36.8753
37.4594
38.3479
38.2075
38.2368
38.2765
38.6672
39.2794
40.0752
40.0261
40.0665
40.1101
40.2494
40.4414
41.1391
41.9565
42.454
42.818
43.121
42.9624
42.9452
43.3819
43.9362
44.5374
44.5889
45.0554
45.6297
46.1718
46.7507
47.3707
48.0542
48.6311
49.624
49.6602
50.2951
50.9404
51.4555
52.0373
52.6894
53.3415
53.9467
54.5968
54.5655
54.6061
54.6779
55.3358
56.1229
56.841
57.468
58.2388
58.7115
58.8082
59.1864
59.6934
60.1351
60.6423
61.0908
61.6554
62.2797
62.4097
62.7993
63.3206
63.8744
64.4522
65.0427
65.6491
66.1825
66.949
66.8515
66.8598
66.8972
67.3605
67.9915
68.5936
69.2229
69.8401
70.4436
70.9408
71.4213
71.9198
72.4507
73.01
73.5545
74.089
74.6418
75.177
75.8256
76.2477
76.5122
76.9178
77.4252
77.9544
78.4897
79.0208
79.5556
80.081
80.6054
81.0874
81.6076
82.0543
82.5499
82.5387
82.8627
83.3426
83.7566
84.1338
84.5077
84.8952
85.2993
85.7057
86.0889
86.4106
86.7412
87.0494
87.3405
87.6143
87.9268
88.1567
88.4187
88.6445
88.8019
88.8115
88.9706
89.1971
89.4532
89.6948
89.8984
90.0596
90.173
90.274
90.4451
90.4566
90.4752
90.5867
90.7441
90.8932
90.8895
90.964
90.9178
90.9498
91.0345
90.9832
90.9645
90.9701
90.9347
90.9774
90.947
90.9107
90.8762
90.7327
90.6515
90.6254
90.5777
90.4322
90.3499
90.3401
90.1445
90.1124
90.0078
89.9158
89.795
89.6975
89.6159
89.5011
89.281
89.2809
88.9887
88.8698
88.8829
88.8011
88.6884
88.4852
88.3663
88.1775
87.9964
88.0011
87.7101
87.6081
87.6633
87.4538
87.3513
87.2396
87.4045
87.1794
87.3299
87.0313
86.8947
86.8888
86.8297
86.5443
86.5213
86.5866
86.5824
86.4178
86.1237
85.7251
85.2325
84.6602
84.02
83.3227
82.5781
81.7954
80.9832
80.1497
79.3021
78.4469
77.5901
76.7369
75.8918
75.0587
74.241
73.4418
72.6634
71.9077
71.1765
70.471
69.7923
69.1408
68.5171
67.921
67.3524
66.8106
66.295
65.8046
65.3387
64.8961
64.4762
64.0781
63.7012
63.345
63.009
62.6928
62.3963
62.1193
61.8618
61.624
61.4065
61.2091
61.0331
60.8782
60.7474
60.6383
60.565
60.4841
60.4546
60.4347
60.4081
60.4846
60.7048
60.9692
61.4791
61.8825
63.1606
12.7966
12.7736
12.7506
12.7277
12.7047
12.6818
12.6588
12.6358
12.6129
12.5899
12.567
12.544
12.5211
12.4982
12.4752
12.4523
12.4294
12.4066
12.3837
12.3609
12.338
12.3152
12.2924
12.2696
12.2468
12.2241
12.2014
12.1787
12.156
12.1334
12.1107
12.0881
12.0655
12.0429
12.0204
11.9979
11.9754
11.9529
11.9304
11.908
11.8855
11.8631
11.8407
11.8183
11.7959
11.7735
11.7509
11.7284
11.7057
11.6829
11.66
11.6367
11.6136
11.587
11.5634
11.5404
11.5152
11.5134
11.5186
11.5319
11.555
11.5903
11.6404
11.7085
11.7975
11.9112
12.0529
12.2265
12.435
12.6817
12.969
13.2987
13.6721
14.0884
14.5493
15.0494
15.5938
16.1698
16.7906
17.4319
18.1215
18.8185
19.5695
20.3172
21.1219
21.9231
22.7699
23.6332
24.5155
25.424
26.329
27.213
28.0455
28.866
29.6504
30.448
31.2522
32.0215
32.8741
33.705
34.4282
35.08
35.7774
36.3224
37.1395
37.7341
38.1748
38.4863
38.8354
39.4516
39.4298
39.8571
39.6906
39.8346
40.4824
41.1906
41.7129
42.042
42.407
42.9195
43.4531
44.1936
44.0541
44.0683
44.1641
44.3008
44.8867
44.8528
45.3375
46.0157
46.7071
47.3538
47.9926
48.6091
49.2068
49.8045
50.4041
51.0387
51.6513
52.3707
52.9781
53.715
54.4381
54.9037
55.3673
55.9193
56.6871
56.8664
57.0674
57.8213
57.8214
58.3687
59.1461
59.9087
60.6788
61.3455
62.1555
62.7776
63.2703
63.5134
63.9086
64.4459
65.0302
65.6176
66.2253
66.849
67.4279
67.9915
68.5594
69.1407
69.7268
70.3381
70.9446
71.5423
72.352
72.3099
72.3825
72.4814
73.0639
73.7743
74.4363
75.0948
75.762
76.4303
77.0822
77.7161
78.3411
78.961
79.5824
80.2005
80.8127
81.4243
82.025
82.6434
83.2433
83.7986
84.3383
84.8787
85.4231
85.971
86.5191
87.0682
87.6145
88.1627
88.6955
89.2375
89.7546
90.2846
90.7188
91.1358
91.5727
91.9988
92.4118
92.8071
93.2003
93.5954
93.9774
94.3607
94.7017
95.0692
95.3573
95.6327
95.9102
96.1967
96.4536
96.7114
96.9372
97.1415
97.2293
97.3486
97.5011
97.6642
97.8193
97.9755
98.0781
98.1622
98.2248
98.2803
98.3088
98.2799
98.2783
98.31
98.3389
98.3093
98.3142
98.2661
98.2001
98.1558
98.0815
97.9903
97.8959
97.7839
97.6695
97.5391
97.3884
97.25
97.0898
96.9316
96.7669
96.6056
96.429
96.246
96.0755
95.8561
95.6655
95.4779
95.2921
95.1038
94.9217
94.7529
94.5847
94.3909
94.2337
93.9566
93.7591
93.6056
93.4318
93.2172
92.9987
92.8596
92.5351
92.4392
92.1754
91.9846
91.892
91.8591
91.7723
91.4463
91.3586
91.5072
91.2533
91.3377
91.2341
90.9234
90.7698
90.6471
90.537
90.5816
90.5918
90.4319
90.1377
89.7308
89.2257
88.6379
87.981
87.2669
86.5062
85.7081
84.8811
84.0331
83.1712
82.3017
81.4305
80.5626
79.7026
78.8544
78.0214
77.2064
76.4122
75.6406
74.8934
74.1719
73.4772
72.8101
72.1711
71.5601
70.9772
70.4216
69.8928
69.3895
68.9109
68.4558
68.0234
67.6124
67.2225
66.8528
66.5031
66.1727
65.8615
65.5695
65.2966
65.043
64.809
64.5954
64.4019
64.2302
64.0798
63.9544
63.8513
63.7878
63.7047
63.6891
63.6667
63.7097
63.82
64.0712
64.3652
64.9437
65.4095
66.9431
12.8047
12.7822
12.7597
12.7372
12.7148
12.6924
12.67
12.6476
12.6252
12.6029
12.5807
12.5584
12.5362
12.514
12.4919
12.4698
12.4478
12.4258
12.4038
12.3819
12.3601
12.3382
12.3165
12.2948
12.2731
12.2515
12.2299
12.2084
12.187
12.1656
12.1442
12.1229
12.1017
12.0805
12.0594
12.0383
12.0173
11.9963
11.9754
11.9545
11.9336
11.9128
11.8921
11.8713
11.8506
11.8299
11.8091
11.7883
11.7674
11.7466
11.7258
11.705
11.6841
11.6627
11.6388
11.6332
11.637
11.6483
11.6691
11.7017
11.7489
11.8137
11.8997
12.0105
12.1502
12.3229
12.5325
12.7828
13.0773
13.4183
13.8084
14.2473
14.7371
15.2735
15.8606
16.4872
17.1639
17.8698
18.6252
19.3996
20.2213
21.0566
21.9327
22.8265
23.747
24.6909
25.6648
26.6152
27.5584
28.4871
29.3846
30.2393
31.0458
31.8359
32.5778
33.2778
33.95
34.5635
35.2118
35.8894
36.5467
37.1579
37.7871
38.3869
39.0105
39.8825
39.8632
39.9125
40.0203
40.179
40.867
40.8952
40.9795
41.4756
42.1763
43.1871
43.6332
43.8041
44.2615
44.6489
45.476
45.5272
45.8806
46.0786
46.5778
47.0796
47.8184
47.7558
48.1006
48.6551
49.2749
49.9583
50.6811
51.42
52.159
52.8918
53.6123
54.3255
55.0282
55.7419
56.4479
57.1724
57.9136
58.635
59.3879
60.0578
60.8962
61.6897
61.6651
62.3469
62.5781
63.0961
63.8276
64.6239
65.4273
66.194
66.9895
67.7624
68.4891
69.1372
69.7308
70.3006
70.8651
71.4412
72.0444
72.6788
73.3349
74.0047
74.6799
75.3607
76.0335
76.7218
77.3708
78.0833
78.7917
79.0653
79.5798
80.111
80.6424
81.2298
81.8559
82.5106
83.19
83.8888
84.5997
85.3151
86.031
86.7431
87.4501
88.151
88.8445
89.533
90.2143
90.8941
91.572
92.2428
92.9056
93.5604
94.2086
94.8492
95.4821
96.107
96.7235
97.3346
97.9337
98.5288
99.1091
99.6833
100.233
100.754
101.257
101.733
102.189
102.62
103.031
103.431
103.804
104.17
104.503
104.838
105.136
105.411
105.662
105.898
106.113
106.312
106.513
106.677
106.785
106.861
106.933
107.001
107.057
107.11
107.15
107.148
107.123
107.081
107.022
106.939
106.837
106.733
106.625
106.496
106.36
106.202
106.029
105.853
105.664
105.461
105.251
105.027
104.79
104.543
104.28
104.021
103.76
103.491
103.218
102.939
102.66
102.369
102.083
101.781
101.482
101.2
100.915
100.638
100.373
100.119
99.8689
99.6159
99.3747
99.0825
98.8155
98.5762
98.2904
98.0541
97.7793
97.5941
97.2914
97.1122
96.8827
96.5626
96.5058
96.3587
96.2741
95.9294
95.8244
95.7881
95.659
95.7167
95.6259
95.4248
95.0451
94.9288
94.8765
94.9623
94.8411
94.5626
94.1626
93.6573
93.0625
92.3951
91.6685
90.8943
90.0824
89.2417
88.3799
87.5042
86.6208
85.7355
84.8533
83.9787
83.1155
82.2672
81.4367
80.6265
79.8388
79.0752
78.3373
77.6261
76.9426
76.2874
75.6607
75.0625
74.4923
73.9493
73.4327
72.9409
72.473
72.0276
71.6038
71.2004
70.8172
70.4532
70.1085
69.7824
69.4749
69.1863
68.9165
68.666
68.4352
68.2254
68.0357
67.8684
67.7229
67.6039
67.5088
67.4555
67.3892
67.3697
67.3873
67.4721
67.6164
67.9045
68.2335
68.8898
69.4275
71.2811
12.8246
12.8032
12.7818
12.7606
12.7394
12.7182
12.6972
12.6762
12.6553
12.6345
12.6138
12.5931
12.5726
12.5521
12.5317
12.5114
12.4912
12.4711
12.451
12.4311
12.4113
12.3915
12.3718
12.3523
12.3328
12.3134
12.2941
12.2749
12.2558
12.2368
12.2179
12.199
12.1803
12.1616
12.143
12.1245
12.1061
12.0877
12.0695
12.0512
12.0332
12.015
11.9971
11.9792
11.9614
11.9435
11.9257
11.908
11.8904
11.8731
11.8568
11.8406
11.8225
11.8208
11.8262
11.8392
11.8622
11.8974
11.948
12.017
12.1086
12.2267
12.376
12.5608
12.7862
13.0562
13.3755
13.7466
14.1731
14.6551
15.1947
15.7887
16.4388
17.1371
17.888
18.6767
19.5145
20.3789
21.2853
22.214
23.1705
24.1511
25.1557
26.1729
27.1862
28.2836
29.191
29.9221
30.6074
31.3062
31.9555
32.6457
33.2937
33.9312
34.5861
35.2295
35.8917
36.5356
37.1932
37.907
38.5973
39.3862
40.0225
40.8386
41.4593
42.2007
42.0886
42.0792
42.1242
42.6433
43.19
43.7576
43.8043
44.1756
44.9032
45.6388
46.6356
46.5604
46.6549
46.9344
47.6536
48.2749
48.9894
49.5776
50.1
50.5866
51.1729
51.6628
52.0763
52.543
53.094
53.7378
54.4467
55.1994
55.9757
56.7628
57.5525
58.3402
59.1217
59.9015
60.6745
61.4568
62.2341
63.0317
63.8346
64.6368
65.4715
66.3342
67.0937
67.8568
68.5479
69.2484
69.9523
70.7172
71.4969
72.2808
73.1183
73.959
74.7392
75.469
76.1788
76.8899
77.6116
78.3468
79.0964
79.8591
80.6319
81.4112
82.192
82.9721
83.7473
84.5185
85.2844
86.0434
86.8269
87.533
88.2567
88.9793
89.6788
90.3663
91.0561
91.7604
92.4869
93.2372
94.0086
94.7953
95.591
96.3908
97.1895
97.9856
98.7764
99.5631
100.345
101.123
101.899
102.673
103.445
104.214
104.978
105.733
106.478
107.209
107.926
108.627
109.306
109.972
110.613
111.237
111.84
112.412
112.958
113.46
113.937
114.381
114.788
115.172
115.511
115.846
116.139
116.413
116.673
116.912
117.089
117.23
117.353
117.448
117.625
117.675
117.686
117.663
117.628
117.579
117.514
117.431
117.329
117.203
117.053
116.882
116.688
116.475
116.24
115.99
115.724
115.444
115.153
114.849
114.531
114.204
113.869
113.524
113.171
112.81
112.437
112.056
111.667
111.275
110.884
110.487
110.089
109.685
109.282
108.876
108.472
108.065
107.657
107.271
106.89
106.518
106.159
105.813
105.48
105.153
104.836
104.513
104.193
103.88
103.543
103.249
102.949
102.699
102.44
102.171
101.87
101.643
101.465
101.205
101.098
100.901
100.758
100.774
100.52
100.499
100.381
100.183
99.7991
99.6954
99.7629
99.7118
99.4802
99.1068
98.6186
98.0306
97.3622
96.6299
95.8471
95.0249
94.1728
93.299
92.4107
91.5144
90.6157
89.7197
88.8307
87.9528
87.0892
86.2431
85.4167
84.6124
83.8321
83.077
82.3486
81.6476
80.9752
80.3315
79.7169
79.1308
78.5729
78.0416
77.5362
77.0548
76.5964
76.1592
75.7427
75.3454
74.9674
74.6076
74.2667
73.9436
73.6388
73.3528
73.0853
72.8375
72.6101
72.4044
72.2186
72.0566
71.9171
71.807
71.7234
71.683
71.6432
71.6481
71.6961
71.8159
71.9851
72.3154
72.6894
73.4359
74.0577
76.3166
12.8739
12.855
12.8362
12.8176
12.799
12.7807
12.7624
12.7443
12.7264
12.7086
12.6909
12.6734
12.656
12.6387
12.6216
12.6047
12.5878
12.5711
12.5546
12.5382
12.5219
12.5058
12.4897
12.4739
12.4581
12.4425
12.4269
12.4116
12.3963
12.3811
12.3661
12.3511
12.3363
12.3216
12.3069
12.2924
12.2779
12.2636
12.2493
12.2352
12.2211
12.2071
12.1932
12.1796
12.1659
12.1523
12.1393
12.1269
12.1144
12.1004
12.099
12.1028
12.1122
12.13
12.1584
12.2003
12.2588
12.3378
12.4414
12.5744
12.7417
12.9488
13.201
13.5034
13.861
14.2772
14.7558
15.2975
15.9039
16.5724
17.3023
18.088
18.9278
19.8137
20.7443
21.7077
22.7109
23.7257
24.777
25.8338
26.8862
28.0275
29.0199
30.2215
31.1415
31.7766
32.2478
32.7387
32.8136
33.1899
33.7044
34.8489
34.8776
35.322
36.0421
36.7506
37.4994
38.2375
39.0453
39.8488
40.6777
41.558
42.4178
43.2942
43.9654
44.7971
44.7094
44.7572
44.9175
45.647
46.118
46.7294
47.6026
48.42
49.4473
49.3661
49.4688
49.8371
50.5308
51.2276
51.9288
52.6486
53.3515
53.9941
54.5918
55.1876
55.8027
56.4434
57.0771
57.7246
58.3827
59.0574
59.761
60.4937
61.2538
62.0373
62.8398
63.6563
64.4816
65.3134
66.1474
66.9874
67.8289
68.6804
69.5408
70.4115
71.296
72.204
73.1145
74.0347
74.9428
75.8662
76.7809
77.7074
78.6365
79.5763
80.5256
81.4903
82.4318
83.3532
84.2637
85.1693
86.075
86.9835
87.896
88.8123
89.7317
90.6529
91.574
92.4933
93.41
94.3215
95.2321
96.1347
97.0446
97.9422
98.8411
99.7429
100.637
101.52
102.392
103.261
104.134
105.015
105.906
106.806
107.711
108.621
109.531
110.441
111.348
112.254
113.156
114.057
114.955
115.851
116.744
117.634
118.519
119.392
120.251
121.089
121.907
122.693
123.44
124.17
124.849
125.507
126.129
126.704
127.239
127.706
128.167
128.561
128.926
129.238
129.478
129.768
129.954
130.105
130.371
130.494
130.452
130.418
130.385
130.342
130.3
130.22
130.104
129.957
129.778
129.573
129.344
129.088
128.808
128.503
128.175
127.826
127.452
127.058
126.644
126.211
125.759
125.295
124.82
124.336
123.844
123.343
122.838
122.325
121.807
121.284
120.755
120.221
119.686
119.148
118.608
118.07
117.531
116.99
116.454
115.921
115.392
114.866
114.347
113.847
113.361
112.89
112.431
111.989
111.573
111.162
110.773
110.395
110.023
109.66
109.295
108.933
108.602
108.285
108.001
107.677
107.334
107.175
106.871
106.808
106.67
106.476
106.258
106.184
106.031
105.839
105.677
105.335
105.145
105.047
105.129
104.984
104.667
104.221
103.659
103.005
102.278
101.494
100.667
99.8082
98.9257
98.0275
97.1201
96.2095
95.3007
94.3983
93.5061
92.6277
91.7659
90.9234
90.1024
89.3046
88.532
87.7854
87.0662
86.3753
85.7134
85.0808
84.4776
83.903
83.3564
82.836
82.3409
81.8686
81.4183
80.9881
80.5772
80.1847
79.8106
79.4537
79.1156
78.7942
78.4912
78.2076
77.9419
77.6973
77.474
77.2735
77.0922
76.9378
76.8057
76.7106
76.6438
76.621
76.6149
76.6509
76.7238
76.8794
77.0747
77.4521
77.8821
78.7348
79.4562
82.2325
12.9883
12.974
12.96
12.9461
12.9325
12.919
12.9058
12.8927
12.8798
12.8672
12.8547
12.8424
12.8303
12.8184
12.8066
12.795
12.7836
12.7723
12.7612
12.7502
12.7394
12.7288
12.7182
12.7078
12.6976
12.6874
12.6774
12.6675
12.6577
12.648
12.6384
12.6289
12.6195
12.6101
12.6009
12.5917
12.5826
12.5736
12.5646
12.5557
12.547
12.5383
12.5304
12.5225
12.514
12.5036
12.4995
12.5008
12.5053
12.5144
12.5307
12.556
12.5932
12.6452
12.7159
12.8095
12.9306
13.0848
13.2776
13.5149
13.8031
14.1478
14.555
15.0279
15.5717
16.1853
16.8729
17.629
18.4517
19.3352
20.2734
21.2636
22.2943
23.3656
24.4537
25.5816
26.689
27.8395
28.9513
30.1294
31.1447
32.4421
33.4134
33.7851
34.3184
34.9168
35.206
35.4886
35.4215
35.8871
36.505
37.1427
37.4065
37.7917
38.4299
39.182
40.0068
40.8572
41.7547
42.6346
43.5808
44.4378
45.4775
46.4551
46.6941
47.2458
48.0432
48.8037
49.5299
50.3196
51.1199
51.9553
52.7557
53.8026
53.7933
53.921
54.3792
55.1366
55.9398
56.7135
57.4631
58.2029
58.933
59.6738
60.4061
61.1509
61.8989
62.6601
63.4205
64.1939
64.9706
65.7519
66.5421
67.3423
68.1549
68.9825
69.8269
70.6888
71.5664
72.4577
73.3594
74.2707
75.1898
76.1182
77.0585
78.0123
78.9837
79.9809
81.0024
82.0468
83.1039
84.187
85.2761
86.3938
87.5205
88.6713
89.8221
90.9763
92.1279
93.2789
94.4313
95.5814
96.7294
97.877
99.0255
100.176
101.327
102.479
103.629
104.776
105.918
107.053
108.184
109.306
110.423
111.534
112.638
113.739
114.833
115.919
116.994
118.059
119.116
120.169
121.219
122.267
123.314
124.359
125.402
126.446
127.483
128.525
129.561
130.597
131.627
132.654
133.673
134.688
135.692
136.669
137.623
138.546
139.441
140.262
141.041
141.803
142.459
143.108
143.711
144.202
144.631
144.987
145.405
145.598
146.017
146.048
146.09
146.396
146.256
146.121
146.027
145.943
145.806
145.632
145.431
145.203
144.95
144.667
144.35
144
143.615
143.198
142.75
142.273
141.769
141.236
140.68
140.101
139.498
138.876
138.238
137.581
136.911
136.23
135.54
134.847
134.15
133.451
132.75
132.048
131.345
130.641
129.937
129.233
128.531
127.83
127.13
126.434
125.742
125.053
124.371
123.698
123.034
122.381
121.741
121.119
120.521
119.939
119.378
118.838
118.332
117.832
117.366
116.923
116.493
116.078
115.673
115.262
114.903
114.534
114.214
113.863
113.565
113.366
113.138
112.966
112.78
112.564
112.393
112.218
112.088
111.737
111.602
111.336
111.187
111.201
111.198
110.977
110.6
110.094
109.476
108.77
107.997
107.175
106.316
105.43
104.526
103.611
102.691
101.772
100.858
99.9535
99.0611
98.1847
97.3264
96.4889
95.6737
94.883
94.1181
93.3798
92.6696
91.9882
91.3364
90.7143
90.1219
89.5582
89.0223
88.5119
88.026
87.5618
87.1184
86.6937
86.2874
85.8982
85.5269
85.1718
84.8359
84.5149
84.2138
83.9328
83.6689
83.4295
83.2119
83.0186
82.8429
82.7006
82.5778
82.5108
82.4664
82.4662
82.4959
82.5646
82.6586
82.8537
83.0768
83.507
84.0044
84.9858
85.8243
89.2646
13.2275
13.2207
13.2143
13.208
13.202
13.1961
13.1906
13.1852
13.18
13.175
13.1701
13.1655
13.161
13.1567
13.1525
13.1485
13.1446
13.1408
13.1372
13.1336
13.1302
13.1269
13.1236
13.1205
13.1174
13.1144
13.1114
13.1085
13.1056
13.1028
13.1
13.0972
13.0945
13.0918
13.0891
13.0864
13.0838
13.081
13.0788
13.0756
13.0736
13.0709
13.0714
13.073
13.0765
13.0825
13.0932
13.1096
13.1343
13.1688
13.2173
13.2817
13.3685
13.4799
13.6239
13.8045
14.0288
14.3041
14.6357
15.0311
15.4969
16.0377
16.6572
17.3557
18.1399
18.9995
19.9357
20.9322
21.9851
23.0852
24.2161
25.3817
26.5586
27.7523
28.9312
30.1425
31.2709
32.4906
33.5642
34.7355
35.756
36.9173
36.8318
36.858
36.9231
37.6205
38.3388
39.042
39.0442
39.5556
39.9072
40.5041
41.1415
41.7185
42.3769
43.13
43.9523
44.8158
45.7088
46.6243
47.5574
48.5164
49.4864
50.4934
51.4415
52.3765
53.3104
54.2503
55.1521
56.0766
56.9688
57.8823
58.7844
59.6699
60.5301
61.3523
62.1427
62.9024
63.645
64.3718
65.1039
65.8512
66.6037
67.3963
68.2028
69.0204
69.8598
70.7217
71.5779
72.4576
73.3518
74.2576
75.1722
76.094
77.0234
77.9626
78.9147
79.8823
80.867
81.8685
82.8865
83.9191
84.9671
86.0302
87.1104
88.2111
89.3343
90.4842
91.6644
92.8778
94.1249
95.401
96.7134
98.0606
99.4332
100.836
102.248
103.678
105.123
106.576
108.034
109.492
110.95
112.411
113.877
115.348
116.821
118.295
119.766
121.229
122.682
124.122
125.546
126.953
128.341
129.712
131.063
132.396
133.709
135.005
136.28
137.537
138.776
140.001
141.211
142.411
143.602
144.784
145.959
147.135
148.298
149.475
150.63
151.796
152.942
154.082
155.21
156.331
157.417
158.454
159.452
160.422
161.315
162.071
162.881
163.577
164.155
164.663
165.348
165.423
165.623
165.696
166.133
165.911
165.697
165.523
165.332
165.191
164.956
164.669
164.353
164.018
163.649
163.241
162.799
162.318
161.806
161.257
160.67
160.048
159.392
158.7
157.975
157.22
156.437
155.627
154.793
153.937
153.063
152.17
151.264
150.347
149.422
148.493
147.56
146.63
145.703
144.781
143.864
142.952
142.045
141.142
140.244
139.352
138.466
137.586
136.711
135.841
134.981
134.13
133.29
132.464
131.653
130.86
130.085
129.334
128.614
127.915
127.242
126.597
125.993
125.409
124.858
124.336
123.844
123.368
122.913
122.46
122.06
121.672
121.312
120.963
120.658
120.391
120.163
119.905
119.673
119.38
119.297
119.098
118.961
118.717
118.632
118.241
118.149
118.234
118.193
117.927
117.512
116.962
116.303
115.56
114.756
113.907
113.026
112.124
111.207
110.284
109.359
108.437
107.522
106.619
105.73
104.858
104.005
103.173
102.365
101.582
100.825
100.095
99.3938
98.7219
98.0799
97.4683
96.8864
96.3332
95.8075
95.3066
94.8293
94.3723
93.9348
93.5147
93.1118
92.7252
92.3557
92.0017
91.6679
91.3462
91.0485
90.7708
90.5095
90.2802
90.0707
89.8882
89.7196
89.598
89.485
89.4774
89.4426
89.4748
89.5409
89.6384
89.7529
90.0024
90.2438
90.7319
91.309
92.4495
93.4325
97.7158
13.6805
13.6845
13.6886
13.6929
13.6974
13.702
13.7067
13.7116
13.7166
13.7217
13.7269
13.7322
13.7376
13.743
13.7484
13.7539
13.7594
13.765
13.7705
13.776
13.7815
13.787
13.7925
13.7979
13.8033
13.8086
13.8139
13.8191
13.8242
13.8293
13.8342
13.8391
13.8438
13.8485
13.8531
13.8577
13.8623
13.867
13.872
13.8775
13.8839
13.8919
13.9022
13.916
13.9345
13.9595
13.9934
14.0387
14.0997
14.1791
14.2842
14.4168
14.588
14.7985
15.0629
15.3812
15.7659
16.2228
16.7556
17.3748
18.0814
18.8772
19.7639
20.7388
21.8001
22.9316
24.1187
25.3465
26.595
27.8655
29.1264
30.3951
31.6355
32.8832
34.0807
35.2387
36.3601
37.3956
38.71
38.7201
38.875
39.7424
40.3345
40.6134
41.2071
42.2855
43.0008
43.4778
44.5745
44.4618
44.6159
45.2462
46.2346
47.1875
48.0872
48.9486
49.7837
50.6229
51.4734
52.3581
53.2781
54.2451
55.2414
56.2659
57.3054
58.3556
59.4156
60.489
61.5574
62.6374
63.7056
64.7745
65.8308
66.8709
67.8947
68.8981
69.88
70.8478
71.8041
72.7547
73.6984
74.6478
75.6132
76.5888
77.5907
78.6081
79.6402
80.6834
81.7453
82.8173
83.9205
85.0435
86.1778
87.3209
88.4723
89.6338
90.8081
91.9981
93.2064
94.4343
95.6821
96.9508
98.2397
99.5511
100.886
102.248
103.639
105.063
106.522
108.019
109.556
111.131
112.747
114.399
116.092
117.812
119.571
121.364
123.191
125.038
126.891
128.75
130.617
132.491
134.372
136.257
138.143
140.024
141.895
143.749
145.579
147.38
149.148
150.879
152.569
154.221
155.828
157.396
158.922
160.411
161.861
163.28
164.664
166.024
167.355
168.672
169.965
171.246
172.514
173.782
175.028
176.304
177.526
178.785
179.978
181.182
182.365
183.534
184.594
185.616
186.574
187.532
188.201
188.903
189.888
190.259
190.587
190.764
190.392
190.116
189.924
189.68
189.496
189.171
188.767
188.329
187.854
187.362
186.827
186.249
185.632
184.981
184.293
183.566
182.801
181.995
181.151
180.269
179.349
178.39
177.397
176.37
175.311
174.225
173.112
171.976
170.82
169.646
168.458
167.258
166.05
164.839
163.627
162.419
161.216
160.024
158.843
157.676
156.521
155.379
154.248
153.128
152.018
150.92
149.833
148.755
147.688
146.63
145.587
144.558
143.544
142.551
141.577
140.63
139.709
138.817
137.964
137.135
136.342
135.586
134.873
134.2
133.559
132.951
132.384
131.848
131.333
130.827
130.389
129.974
129.572
129.215
128.881
128.546
128.287
127.928
127.702
127.539
127.244
127.163
127.045
126.82
126.754
126.395
126.329
126.461
126.41
126.131
125.699
125.126
124.442
123.678
122.856
121.993
121.102
120.194
119.274
118.35
117.427
116.508
115.599
114.702
113.819
112.955
112.11
111.287
110.487
109.713
108.965
108.244
107.552
106.891
106.259
105.658
105.087
104.545
104.03
103.539
103.07
102.619
102.187
101.771
101.371
100.987
100.619
100.266
99.9349
99.6111
99.3217
99.0479
98.7931
98.5839
98.3837
98.2195
98.0599
97.9734
97.8683
97.932
97.8956
97.9852
98.101
98.2004
98.3353
98.688
98.906
99.4593
100.13
101.469
102.643
107.974
14.4714
14.489
14.5065
14.5241
14.5417
14.5592
14.5767
14.5941
14.6114
14.6286
14.6458
14.6628
14.6797
14.6964
14.713
14.7294
14.7457
14.7618
14.7777
14.7934
14.8089
14.8241
14.8392
14.854
14.8687
14.883
14.8972
14.9111
14.9247
14.9382
14.9513
14.9642
14.9769
14.9894
15.0017
15.0141
15.0265
15.0394
15.0531
15.0683
15.0858
15.1069
15.1331
15.1667
15.2101
15.2669
15.341
15.4371
15.5615
15.7193
15.919
16.1657
16.472
16.8406
17.2842
17.808
18.4214
19.1299
19.9346
20.8407
21.8497
22.9509
24.1499
25.4307
26.7852
28.1896
29.6225
31.0629
32.4846
33.8847
35.2349
36.5694
37.7453
39.2759
39.3571
39.5385
40.1794
41.1642
42.1008
43.6194
43.9684
44.7513
45.6964
46.4944
47.3398
48.2864
49.1772
50.0449
50.9391
51.8228
52.6791
53.5246
54.3678
55.2201
56.0719
56.9313
57.7923
58.6627
59.5523
60.48
61.4456
62.4552
63.5102
64.5978
65.7256
66.8804
68.0555
69.2487
70.4553
71.6785
72.9119
74.1518
75.3914
76.628
77.8567
79.0822
80.3002
81.5155
82.7269
83.9435
85.1638
86.3949
87.6379
88.8942
90.1665
91.4615
92.7769
94.1179
95.4926
96.8907
98.3089
99.7524
101.22
102.708
104.214
105.736
107.276
108.836
110.417
112.022
113.651
115.306
116.989
118.7
120.442
122.218
124.031
125.882
127.774
129.708
131.683
133.701
135.76
137.858
139.995
142.167
144.374
146.613
148.883
151.188
153.518
155.87
158.235
160.608
162.985
165.358
167.723
170.067
172.387
174.666
176.898
179.073
181.185
183.227
185.194
187.09
188.905
190.654
192.327
193.941
195.488
196.989
198.432
199.843
201.206
202.551
203.851
205.138
206.4
207.664
208.911
210.186
211.382
212.651
213.737
214.926
216.063
217.137
217.944
218.901
219.815
220.587
220.375
221.173
221.45
220.899
220.414
220.049
219.577
219.05
218.485
217.855
217.198
216.484
215.712
214.894
214.033
213.136
212.201
211.229
210.217
209.169
208.083
206.958
205.794
204.59
203.347
202.066
200.747
199.394
198.007
196.591
195.148
193.682
192.194
190.689
189.17
187.64
186.102
184.561
183.019
181.483
179.955
178.441
176.944
175.466
174.011
172.578
171.167
169.776
168.403
167.047
165.707
164.384
163.079
161.786
160.51
159.246
158.002
156.778
155.574
154.396
153.244
152.126
151.043
149.997
148.998
148.029
147.104
146.228
145.396
144.621
143.878
143.179
142.528
141.915
141.341
140.774
140.296
139.831
139.386
139.007
138.645
138.248
137.976
137.466
137.265
137.117
136.871
136.811
136.734
136.403
136.322
136.159
136.122
136.264
136.239
135.985
135.559
134.982
134.293
133.523
132.698
131.835
130.947
130.044
129.132
128.217
127.304
126.397
125.499
124.615
123.744
122.893
122.06
121.249
120.461
119.698
118.962
118.253
117.572
116.923
116.303
115.715
115.157
114.627
114.124
113.643
113.183
112.74
112.314
111.902
111.505
111.124
110.757
110.406
110.08
109.754
109.484
109.212
108.976
108.805
108.609
108.483
108.331
108.3
108.186
108.311
108.265
108.483
108.604
108.684
108.84
109.353
109.515
110.137
110.917
112.512
113.913
120.561
15.7749
15.8084
15.8417
15.8746
15.9072
15.9395
15.9714
16.0029
16.034
16.0647
16.095
16.1249
16.1544
16.1834
16.212
16.2402
16.2679
16.2952
16.322
16.3484
16.3744
16.3998
16.4249
16.4495
16.4737
16.4975
16.5208
16.5437
16.5662
16.5882
16.6098
16.631
16.652
16.6726
16.6933
16.7141
16.7356
16.7583
16.7833
16.812
16.8459
16.8881
16.941
17.0091
17.0969
17.2104
17.3556
17.5405
17.7716
18.0589
18.4101
18.8349
19.3467
19.948
20.6479
21.4577
22.3751
23.4052
24.5447
25.7921
27.1458
28.589
30.1194
31.7059
33.3313
34.9639
36.5743
38.1462
39.6471
41.1077
42.4538
43.8655
44.8701
46.7115
46.5096
46.8599
47.5282
48.52
49.519
50.6294
51.6585
52.6581
53.6545
54.6345
55.6093
56.6152
57.6098
58.6256
59.6369
60.667
61.7089
62.7591
63.8137
64.8848
65.962
67.0503
68.1512
69.2793
70.4315
71.6083
72.8169
74.0497
75.3194
76.6258
77.9632
79.3281
80.7139
82.1198
83.5459
84.9927
86.4604
87.9487
89.4557
90.9805
92.5183
94.0679
95.6259
97.1917
98.7639
100.347
101.941
103.551
105.18
106.831
108.509
110.216
111.958
113.734
115.547
117.397
119.282
121.201
123.154
125.141
127.161
129.212
131.293
133.402
135.54
137.708
139.904
142.133
144.393
146.689
149.021
151.393
153.804
156.257
158.751
161.287
163.86
166.472
169.117
171.799
174.508
177.249
180.014
182.806
185.615
188.45
191.299
194.168
197.042
199.921
202.79
205.643
208.472
211.251
213.984
216.637
219.209
221.679
224.05
226.296
228.428
230.447
232.336
234.129
235.806
237.406
238.904
240.345
241.699
243.009
244.255
245.465
246.598
247.72
248.796
249.914
251.021
252.085
253.214
254.293
255.026
256.045
257.183
257.633
257.928
258.919
258.557
258.263
257.821
257.4
256.98
256.336
255.566
254.723
253.797
252.798
251.733
250.603
249.423
248.198
246.927
245.617
244.268
242.884
241.467
240.015
238.529
237.008
235.452
233.86
232.231
230.565
228.862
227.125
225.355
223.554
221.726
219.875
218.004
216.116
214.214
212.304
210.386
208.467
206.548
204.635
202.732
200.845
198.978
197.137
195.324
193.543
191.794
190.08
188.395
186.738
185.105
183.496
181.908
180.342
178.799
177.274
175.77
174.282
172.82
171.381
169.968
168.589
167.239
165.935
164.672
163.457
162.295
161.176
160.104
159.094
158.13
157.241
156.39
155.583
154.833
154.128
153.488
152.858
152.328
151.799
151.298
150.881
150.494
150.029
149.722
149.214
149.004
148.944
148.557
148.51
148.509
148.178
148.126
148.031
148.077
148.177
148.225
148.029
147.634
147.076
146.4
145.643
144.831
143.984
143.113
142.23
141.337
140.445
139.553
138.669
137.792
136.929
136.079
135.247
134.433
133.641
132.87
132.124
131.404
130.711
130.046
129.413
128.809
128.24
127.697
127.184
126.695
126.227
125.779
125.345
124.926
124.52
124.126
123.751
123.384
123.039
122.725
122.398
122.168
121.889
121.712
121.6
121.385
121.362
121.186
121.236
121.06
121.223
121.159
121.483
121.626
121.697
121.863
122.554
122.678
123.375
124.283
126.217
127.852
136.144
17.8523
17.9035
17.9539
18.0035
18.0524
18.1004
18.1477
18.1941
18.2398
18.2846
18.3287
18.372
18.4145
18.4562
18.4972
18.5374
18.5769
18.6157
18.6538
18.6913
18.728
18.7641
18.7996
18.8345
18.8688
18.9025
18.9356
18.9683
19.0004
19.032
19.0632
19.0939
19.1245
19.155
19.186
19.2179
19.2522
19.2897
19.3328
19.3844
19.4477
19.5288
19.6309
19.7635
19.932
20.1468
20.4139
20.7469
21.1496
21.6413
22.2228
22.9132
23.7165
24.6416
25.6952
26.8779
28.1759
29.5947
31.1323
32.7761
34.5175
36.3368
38.211
40.1039
41.982
43.8174
45.5765
47.2628
48.848
50.3632
51.7812
53.161
54.455
55.7425
56.9402
58.0898
59.1941
60.2986
61.3763
62.4756
63.5649
64.6569
65.7528
66.8471
67.9593
69.0897
70.2387
71.4189
72.6241
73.8727
75.1434
76.4317
77.7517
79.106
80.4971
81.9239
83.3888
84.8882
86.4263
87.9961
89.5998
91.2344
92.8998
94.597
96.3263
98.0891
99.8847
101.713
103.572
105.463
107.384
109.336
111.316
113.325
115.361
117.422
119.506
121.611
123.736
125.881
128.047
130.236
132.452
134.696
136.975
139.291
141.649
144.051
146.498
148.992
151.53
154.113
156.739
159.407
162.118
164.871
167.664
170.497
173.367
176.275
179.219
182.198
185.215
188.269
191.359
194.486
197.648
200.845
204.071
207.327
210.604
213.904
217.217
220.548
223.883
227.233
230.58
233.938
237.282
240.634
243.962
247.293
250.587
253.871
257.109
260.304
263.448
266.488
269.469
272.296
275.024
277.577
280.013
282.223
284.309
286.236
287.958
289.569
291.039
292.383
293.646
294.82
295.87
296.819
297.783
298.529
299.268
299.933
300.564
301.404
302.046
302.609
303.999
304.471
304.263
305.157
304.688
304.246
303.782
303.477
302.865
302.097
301.187
300.141
299.017
297.767
296.408
294.947
293.402
291.78
290.096
288.355
286.568
284.742
282.882
280.992
279.074
277.129
275.159
273.161
271.135
269.081
266.996
264.88
262.733
260.554
258.344
256.105
253.839
251.551
249.244
246.921
244.587
242.246
239.899
237.553
235.211
232.877
230.553
228.247
225.962
223.705
221.48
219.295
217.15
215.051
212.995
210.985
209.012
207.075
205.167
203.287
201.434
199.608
197.811
196.035
194.287
192.556
190.857
189.184
187.544
185.944
184.379
182.871
181.408
180.009
178.665
177.38
176.145
174.987
173.875
172.857
171.883
170.949
170.085
169.273
168.557
167.85
167.261
166.66
166.082
165.6
165.185
164.655
164.291
163.926
163.646
163.554
163.13
163.215
163.02
162.863
162.862
162.808
163.015
162.998
163.117
163.017
162.687
162.175
161.536
160.813
160.033
159.221
158.385
157.538
156.683
155.828
154.973
154.126
153.284
152.456
151.638
150.838
150.054
149.291
148.547
147.828
147.132
146.464
145.822
145.215
144.634
144.09
143.569
143.079
142.61
142.161
141.728
141.306
140.898
140.5
140.113
139.747
139.379
139.052
138.766
138.445
138.287
137.978
137.976
137.917
137.635
137.629
137.475
137.534
137.314
137.516
137.432
137.849
138.016
138.063
138.253
139.113
139.234
140.027
141.084
143.455
145.281
155.595
21.1318
21.2014
21.2696
21.3365
21.4021
21.4664
21.5294
21.5911
21.6517
21.7111
21.7694
21.8266
21.8828
21.938
21.9922
22.0455
22.098
22.1496
22.2006
22.2508
22.3004
22.3493
22.3978
22.4457
22.4933
22.5404
22.5873
22.6337
22.6801
22.7261
22.7722
22.8182
22.865
22.9122
22.9622
23.0147
23.0738
23.1405
23.2207
23.3194
23.4432
23.602
23.801
24.0558
24.3699
24.7622
25.2322
25.8098
26.4835
27.2931
28.2178
29.2962
30.5096
31.8794
33.4098
35.0741
36.8699
38.8041
40.856
43.0053
45.2399
47.5568
49.9158
52.2784
54.5879
56.8144
58.9254
60.9187
62.7985
64.5611
66.2378
67.8251
69.355
70.836
72.2888
73.6944
75.0975
76.4691
77.847
79.2104
80.5789
81.9612
83.3562
84.7843
86.2477
87.7602
89.3162
90.9059
92.5386
94.2071
95.9276
97.6997
99.5268
101.412
103.361
105.375
107.452
109.586
111.773
114.008
116.287
118.61
120.975
123.382
125.832
128.329
130.875
133.469
136.112
138.801
141.533
144.304
147.111
149.949
152.815
155.703
158.613
161.541
164.486
167.448
170.429
173.431
176.459
179.517
182.609
185.74
188.915
192.136
195.405
198.723
202.091
205.506
208.967
212.472
216.02
219.61
223.242
226.914
230.625
234.374
238.158
241.977
245.826
249.706
253.609
257.535
261.474
265.424
269.374
273.325
277.261
281.188
285.087
288.972
292.818
296.648
300.426
304.187
307.879
311.556
315.142
318.712
322.164
325.591
328.903
332.137
335.283
338.233
341.158
343.802
346.388
348.657
350.865
352.63
354.475
356.007
357.201
358.325
359.316
359.87
361.188
361.447
361.829
361.894
362.756
362.12
362.698
362.27
361.907
362.54
362.012
361.284
360.915
360.47
359.873
359.436
358.686
357.775
356.716
355.576
354.271
352.807
351.194
349.425
347.536
345.533
343.425
341.225
338.95
336.607
334.211
331.773
329.303
326.808
324.295
321.765
319.221
316.663
314.089
311.498
308.886
306.254
303.599
300.92
298.217
295.489
292.737
289.965
287.174
284.371
281.558
278.74
275.921
273.104
270.294
267.495
264.709
261.945
259.201
256.488
253.806
251.168
248.573
246.034
243.547
241.121
238.75
236.434
234.162
231.933
229.736
227.574
225.439
223.339
221.271
219.23
217.221
215.231
213.278
211.354
209.466
207.629
205.829
204.101
202.421
200.82
199.277
197.809
196.394
195.073
193.793
192.627
191.511
190.43
189.437
188.505
187.694
186.901
186.242
185.536
184.883
184.312
183.855
183.284
182.852
182.539
182.223
182.099
181.687
181.817
181.616
181.499
181.68
181.622
181.73
181.915
182.008
182.069
181.848
181.416
180.841
180.177
179.453
178.698
177.919
177.132
176.335
175.541
174.744
173.954
173.168
172.394
171.627
170.876
170.139
169.422
168.721
168.043
167.387
166.759
166.153
165.586
165.04
164.534
164.044
163.589
163.148
162.726
162.315
161.912
161.52
161.134
160.76
160.41
160.033
159.773
159.547
159.241
159.189
158.824
158.902
158.878
158.586
158.541
158.54
158.42
158.221
158.42
158.326
158.814
158.998
159.023
159.24
160.252
160.401
161.324
162.516
165.404
167.363
180.084
26.3892
26.4779
26.5648
26.65
26.7336
26.8158
26.8966
26.9761
27.0544
27.1317
27.208
27.2835
27.3584
27.4326
27.5064
27.5797
27.653
27.726
27.7991
27.8722
27.9459
28.0196
28.0943
28.1693
28.2454
28.322
28.4001
28.4786
28.559
28.64
28.7233
28.808
28.8959
28.9877
29.0862
29.1937
29.3159
29.4573
29.6294
29.8409
30.1033
30.4285
30.8291
31.3195
31.9093
32.6204
33.4562
34.4466
35.5849
36.9016
38.3901
40.0614
41.9294
43.9724
46.2185
48.6297
51.2171
53.9699
56.8525
59.8582
62.9436
66.119
69.3436
72.5704
75.7622
78.889
81.9116
84.7996
87.5374
90.1199
92.5519
94.8475
97.0205
99.0974
101.094
103.035
104.927
106.796
108.64
110.482
112.322
114.177
116.058
117.978
119.948
121.981
124.091
126.28
128.556
130.912
133.353
135.878
138.487
141.18
143.964
146.839
149.81
152.876
156.033
159.279
162.608
166.016
169.496
173.044
176.657
180.333
184.071
187.867
191.718
195.618
199.562
203.54
207.544
211.564
215.591
219.617
223.636
227.644
231.64
235.624
239.601
243.575
247.553
251.542
255.551
259.585
263.651
267.753
271.895
276.078
280.302
284.565
288.866
293.202
297.569
301.966
306.392
310.846
315.325
319.829
324.352
328.892
333.443
337.999
342.547
347.084
351.591
356.067
360.49
364.867
369.171
373.414
377.574
381.671
385.673
389.611
393.431
397.196
400.818
404.401
407.802
411.171
414.31
417.442
420.373
423.167
425.839
428.217
430.694
432.686
434.79
436.276
437.755
438.587
440.475
441.156
441.575
441.647
441.553
440.393
439.355
438.387
437.231
436.076
435.053
433.931
432.897
431.927
430.867
430.037
429.055
427.878
426.681
425.445
424.113
422.739
421.22
419.547
417.71
415.717
413.557
411.233
408.761
406.145
403.404
400.553
397.611
394.589
391.509
388.379
385.215
382.029
378.831
375.627
372.424
369.221
366.019
362.816
359.608
356.394
353.169
349.934
346.684
343.42
340.138
336.842
333.53
330.209
326.879
323.548
320.218
316.894
313.58
310.28
306.997
303.737
300.501
297.3
294.13
291.005
287.921
284.897
281.927
279.031
276.198
273.443
270.752
268.126
265.55
263.022
260.526
258.07
255.644
253.258
250.909
248.592
246.312
244.047
241.829
239.635
237.486
235.395
233.346
231.386
229.472
227.657
225.895
224.229
222.616
221.119
219.652
218.316
217.043
215.797
214.658
213.591
212.669
211.766
211.022
210.192
209.44
208.775
208.25
207.665
207.14
206.824
206.415
206.254
205.968
206.113
205.98
205.852
206.228
206.247
206.372
206.778
206.758
206.929
206.866
206.555
206.079
205.506
204.866
204.197
203.503
202.807
202.098
201.394
200.683
199.982
199.28
198.588
197.898
197.225
196.561
195.915
195.282
194.67
194.076
193.509
192.962
192.457
191.963
191.517
191.074
190.671
190.271
189.89
189.509
189.135
188.766
188.401
188.049
187.724
187.321
187.305
187.176
186.862
186.634
186.283
186.425
186.43
186.261
185.954
186.121
185.82
185.812
185.769
185.729
186.219
186.392
186.548
186.686
187.868
187.97
189.121
190.33
193.781
195.777
211.249
35.2261
35.3427
35.4587
35.5742
35.6895
35.8049
35.9206
36.0369
36.1541
36.2725
36.3923
36.5137
36.6372
36.7629
36.8913
37.0222
37.1567
37.2942
37.4359
37.5811
37.7313
37.8853
38.0452
38.2092
38.3796
38.5547
38.7367
38.9236
39.1181
39.3183
39.5267
39.7435
39.9701
40.2118
40.4715
40.7586
41.0806
41.4512
41.8884
42.4059
43.0243
43.7549
44.624
45.6423
46.8385
48.226
49.8256
51.6528
53.7217
56.043
58.6249
61.4703
64.5816
67.9628
71.5913
75.5035
79.6579
84.0292
88.6091
93.3731
98.293
103.311
108.396
113.517
118.613
123.628
128.502
133.195
137.666
141.897
145.876
149.612
153.117
156.419
159.54
162.518
165.371
168.137
170.83
173.481
176.11
178.734
181.377
184.057
186.791
189.593
192.483
195.473
198.573
201.791
205.131
208.597
212.192
215.92
219.783
223.785
227.929
232.217
236.647
241.216
245.917
250.741
255.676
260.709
265.827
271.017
276.266
281.563
286.895
292.249
297.613
302.972
308.311
313.617
318.877
324.079
329.216
334.282
339.279
344.207
349.075
353.89
358.665
363.409
368.138
372.86
377.588
382.327
387.087
391.867
396.671
401.497
406.341
411.201
416.072
420.952
425.836
430.723
435.608
440.492
445.362
450.219
455.047
459.84
464.572
469.239
473.81
478.293
482.64
486.892
490.984
494.964
498.8
502.535
506.1
509.528
512.768
515.905
518.832
521.694
524.284
526.795
529.059
531.419
533.394
535.072
536.606
538.272
539.571
540.39
542.152
541.604
540.938
539.946
539.143
537.913
536.462
534.637
532.802
530.722
528.575
526.425
524.153
521.879
519.635
517.465
515.335
513.293
511.243
509.263
507.287
505.253
503.165
501.027
498.802
496.481
494.02
491.403
488.621
485.668
482.551
479.274
475.856
472.306
468.647
464.89
461.063
457.174
453.252
449.3
445.341
441.382
437.438
433.508
429.6
425.71
421.836
417.976
414.122
410.276
406.427
402.58
398.727
394.87
391.005
387.135
383.259
379.386
375.515
371.656
367.807
363.978
360.169
356.386
352.629
348.91
345.225
341.588
337.993
334.457
330.972
327.566
324.222
320.974
317.796
314.716
311.706
308.773
305.889
303.059
300.258
297.505
294.78
292.103
289.468
286.872
284.315
281.769
279.278
276.804
274.385
272.031
269.725
267.528
265.369
263.334
261.34
259.467
257.642
255.961
254.291
252.766
251.327
249.902
248.609
247.383
246.339
245.293
244.445
243.484
242.597
241.845
241.233
240.642
240.01
239.678
239.2
238.902
238.887
238.948
239.095
238.795
239.299
239.652
239.868
240.295
240.297
240.465
240.604
240.477
240.142
239.703
239.179
238.634
238.062
237.493
236.912
236.34
235.755
235.185
234.604
234.034
233.461
232.906
232.355
231.819
231.29
230.778
230.283
229.81
229.354
228.947
228.533
228.177
227.802
227.479
227.139
226.816
226.477
226.145
225.806
225.475
225.163
224.864
224.452
224.537
224.465
224.312
223.881
223.491
223.646
223.656
223.456
223.115
223.287
222.878
222.751
222.836
222.697
222.936
223.039
223.354
223.534
224.681
224.723
226.171
227.228
231.193
233.11
251.436
51.7163
51.9348
52.1604
52.3938
52.6353
52.8862
53.146
53.4167
53.6975
53.9905
54.295
54.6128
54.944
55.2893
55.6499
56.0257
56.4191
56.8285
57.2577
57.7042
58.1722
58.6586
59.1684
59.6976
60.2519
60.8271
61.4285
62.0529
62.7047
63.3826
64.0908
64.832
65.6112
66.4384
67.3249
68.2909
69.3519
70.538
71.8693
73.3734
75.086
77.032
79.2525
81.7721
84.6239
87.8357
91.4278
95.4227
99.831
104.666
109.925
115.613
121.713
128.225
135.125
142.401
150.028
157.974
166.202
174.671
183.335
192.131
200.989
209.831
218.571
227.115
235.367
243.24
250.664
257.589
263.994
269.878
275.262
280.193
284.708
288.863
292.716
296.311
299.708
302.962
306.118
309.227
312.325
315.443
318.606
321.842
325.172
328.625
332.22
335.977
339.91
344.037
348.368
352.911
357.668
362.642
367.831
373.234
378.844
384.655
390.651
396.816
403.126
409.556
416.076
422.657
429.269
435.885
442.48
449.03
455.515
461.916
468.212
474.391
480.436
486.34
492.095
497.703
503.166
508.488
513.683
518.762
523.743
528.643
533.48
538.272
543.035
547.784
552.528
557.276
562.025
566.779
571.53
576.276
581.008
585.721
590.41
595.074
599.693
604.286
608.811
613.293
617.7
622.008
626.18
630.21
634.063
637.754
641.218
644.546
647.619
650.61
653.37
656.094
658.437
660.499
662.329
664.028
665.515
666.88
667.981
668.674
670.466
671.582
671.262
670.901
670.497
669.814
669.19
668.107
666.965
665.158
662.926
660.232
657.283
654.029
650.533
646.791
642.953
639.066
635.21
631.443
627.741
624.137
620.613
617.193
613.84
610.574
607.34
604.163
600.998
597.843
594.655
591.44
588.142
584.754
581.222
577.536
573.692
569.684
565.526
561.223
556.8
552.264
547.643
542.946
538.208
533.429
528.654
523.866
519.109
514.368
509.677
505.015
500.403
495.819
491.273
486.749
482.245
477.762
473.286
468.822
464.362
459.911
455.459
451.016
446.576
442.152
437.741
433.355
428.991
424.659
420.356
416.091
411.864
407.687
403.555
399.487
395.467
391.525
387.641
383.857
380.143
376.549
373.029
369.631
366.305
363.068
359.877
356.745
353.637
350.586
347.561
344.597
341.677
338.808
335.979
333.149
330.389
327.63
324.943
322.331
319.769
317.344
314.938
312.692
310.461
308.386
306.349
304.488
302.608
300.886
299.287
297.678
296.232
294.832
293.654
292.455
291.473
290.384
289.346
288.5
287.798
287.192
286.457
286.096
285.474
285.206
285.363
285.267
285.591
285.485
286.059
286.559
286.869
287.474
287.776
287.987
288.133
288.258
288.119
287.878
287.502
287.131
286.728
286.334
285.934
285.546
285.141
284.763
284.347
283.955
283.554
283.174
282.791
282.419
282.047
281.687
281.341
281.008
280.701
280.441
280.142
279.919
279.638
279.438
279.178
278.93
278.646
278.377
278.07
277.805
277.554
277.263
276.856
276.875
276.781
276.658
276.187
275.683
275.798
275.798
275.345
275.216
275.2
274.686
274.545
274.224
274.343
274.092
274.366
274.285
274.745
275.31
275.267
276.935
277.615
281.84
283.644
304.126
90.2471
91.0653
91.93
92.8372
93.7922
94.7937
95.8448
96.9467
98.1008
99.3094
100.574
101.896
103.279
104.72
106.229
107.798
109.44
111.145
112.927
114.776
116.706
118.706
120.792
122.953
125.2
127.531
129.946
132.453
135.047
137.743
140.536
143.451
146.488
149.685
153.051
156.637
160.47
164.604
169.082
173.958
179.286
185.114
191.487
198.453
206.031
214.26
223.135
232.672
242.844
253.64
265.017
276.937
289.345
302.188
315.399
328.925
342.69
356.64
370.69
384.789
398.833
412.743
426.402
439.681
452.449
464.585
475.924
486.364
495.816
504.268
511.72
518.25
523.866
528.839
532.946
536.525
539.501
541.936
544.103
546.034
547.801
549.615
551.464
553.339
555.334
557.453
559.719
562.198
564.923
567.918
571.227
574.929
579.025
583.517
588.387
593.626
599.207
605.117
611.331
617.819
624.555
631.509
638.628
645.862
653.162
660.467
667.731
674.91
681.974
688.888
695.627
702.175
708.508
714.622
720.504
726.157
731.581
736.783
741.771
746.553
751.146
755.561
759.82
763.94
767.954
771.881
775.755
779.589
783.408
787.208
790.999
794.775
798.527
802.254
805.94
809.576
813.157
816.686
820.099
823.488
826.711
829.967
833.053
835.898
838.48
840.829
842.938
844.792
846.422
847.659
849.522
850.464
851.18
852.831
852.452
851.851
851.237
850.625
849.856
848.951
847.711
846.275
844.555
842.877
840.777
838.371
835.734
832.798
829.657
826.193
822.483
818.385
813.908
809.027
803.808
798.289
792.548
786.656
780.727
774.851
769.103
763.541
758.162
752.966
747.919
743.012
738.198
733.496
728.84
724.277
719.746
715.271
710.782
706.297
701.745
697.128
692.386
687.511
682.507
677.362
672.092
666.705
661.225
655.66
650.041
644.371
638.694
632.998
627.352
621.702
616.129
610.585
605.13
599.713
594.378
589.075
583.834
578.623
573.443
568.302
563.174
558.072
552.984
547.917
542.861
537.825
532.803
527.812
522.847
517.919
513.024
508.172
503.361
498.6
493.888
489.239
484.648
480.135
475.68
471.32
467.029
462.86
458.767
454.825
450.957
447.241
443.593
440.05
436.545
433.108
429.683
426.337
423.011
419.767
416.569
413.443
410.349
407.24
404.225
401.186
398.247
395.394
392.595
389.973
387.332
384.907
382.45
380.207
377.979
375.967
373.893
371.993
370.265
368.491
366.923
365.352
364.056
362.722
361.603
360.396
359.214
358.306
357.545
356.846
356.059
355.703
354.845
354.58
354.904
354.533
355.111
355.304
356.087
356.751
357.202
358.112
358.69
359.373
359.513
359.728
359.832
359.911
359.671
359.564
359.386
359.22
359.08
358.933
358.78
358.671
358.449
358.318
358.17
358.042
357.906
357.769
357.624
357.485
357.357
357.226
357.159
357.103
356.959
356.923
356.769
356.747
356.574
356.408
356.197
356.005
355.724
355.6
355.409
355.045
354.632
354.279
354.028
353.814
353.437
352.897
352.647
352.648
352.066
351.52
351.411
350.775
350.127
349.608
349.53
348.983
348.808
348.615
348.438
348.412
347.992
349.391
349.386
353.184
354.64
375.527
223.838
228.082
232.511
237.077
241.825
246.713
251.785
257
262.399
267.945
273.675
279.552
285.617
291.826
298.225
304.765
311.494
318.362
325.413
332.605
339.965
347.471
355.125
362.933
370.862
378.955
387.145
395.507
403.956
412.593
421.327
430.279
439.371
448.733
458.308
468.23
478.476
489.159
500.299
511.976
524.228
537.101
550.609
564.777
579.569
594.997
610.973
627.487
644.423
661.731
679.305
697.044
714.876
732.682
750.382
767.902
785.14
802.058
818.558
834.679
850.183
865.103
879.202
892.309
904.323
915.114
924.406
932.163
938.448
943.441
947.231
950.06
951.917
954.108
953.658
954.545
952.842
950.365
948.575
945.894
943.63
942.378
941.118
939.332
939.28
938.429
937.793
937.643
938.011
938.478
939.447
941.663
944.611
948.325
952.62
957.518
962.859
968.69
974.873
981.39
988.185
995.237
1002.37
1009.58
1016.73
1023.74
1030.56
1037.16
1043.55
1049.64
1055.43
1060.91
1066.07
1070.91
1075.44
1079.69
1083.65
1087.35
1090.75
1093.91
1096.83
1099.52
1101.93
1104.15
1106.19
1108.11
1109.93
1111.7
1113.43
1115.12
1116.78
1118.4
1119.96
1121.48
1122.91
1124.25
1125.49
1126.67
1127.58
1128.53
1129.45
1130.7
1131.25
1130.99
1130.33
1129.54
1128.52
1127.27
1125.71
1124.02
1121.94
1119.89
1117.47
1114.92
1111.92
1108.56
1105.02
1101.39
1097.57
1093.55
1089.17
1084.56
1079.61
1074.52
1069.24
1063.76
1058.13
1052.29
1046.18
1039.8
1033.14
1026.18
1018.9
1011.28
1003.35
995.163
986.832
978.446
970.139
962.014
954.143
946.562
939.257
932.2
925.336
918.642
912.056
905.623
899.219
893.015
886.819
880.799
874.734
868.795
862.743
856.75
850.584
844.391
838.077
831.655
825.145
818.554
811.905
805.202
798.48
791.735
785.019
778.307
771.701
765.061
758.61
752.133
745.847
739.545
733.417
727.266
721.26
715.233
709.301
703.403
697.525
691.692
685.884
680.114
674.365
668.652
662.964
657.326
651.723
646.174
640.667
635.217
629.821
624.487
619.216
614.024
608.901
603.877
598.919
594.081
589.321
584.714
580.189
575.855
571.591
567.526
563.516
559.633
555.776
552.004
548.234
544.579
540.935
537.41
533.933
530.562
527.203
523.814
520.564
517.24
514.092
511.012
508.026
505.248
502.409
499.87
497.217
494.893
492.525
490.436
488.227
486.219
484.454
482.583
480.989
479.295
477.967
476.574
475.368
474.129
472.893
471.972
471.224
470.501
469.681
469.398
468.211
467.999
468.52
468.021
468.919
469.347
470.526
471.595
472.254
473.669
474.582
475.835
476.289
476.855
477.206
477.482
477.352
477.551
477.646
477.825
477.964
478.16
478.291
478.542
478.473
478.733
478.959
479.189
479.374
479.561
479.727
479.892
480.062
480.217
480.388
480.568
480.674
480.798
480.871
480.958
480.922
480.905
480.795
480.664
480.418
480.149
479.971
479.53
479.089
478.42
477.991
477.381
476.908
476.051
475.474
474.836
474
473.039
472.111
471.186
469.887
468.87
467.8
466.678
465.341
464.352
462.888
462.223
460.43
460.212
458.889
460.394
460.294
477.49
818.528
833.156
847.934
862.703
877.58
892.413
907.316
922.147
937.01
951.777
966.537
981.176
995.773
1010.21
1024.58
1038.76
1052.84
1066.7
1080.43
1093.9
1107.19
1120.24
1133.06
1145.65
1157.92
1170.01
1181.72
1193.29
1204.46
1215.55
1226.25
1236.94
1247.27
1257.67
1267.76
1278.02
1288.12
1298.42
1308.77
1319.5
1330.44
1341.85
1353.59
1365.85
1378.42
1391.58
1404.98
1418.91
1432.98
1447.36
1461.83
1476.3
1490.8
1505.1
1519.15
1533
1546.35
1559.35
1571.82
1584.14
1595.35
1606.14
1615.51
1623.39
1629.7
1634.55
1637
1637
1637.31
1635.5
1635.11
1633.34
1630.75
1627.35
1622.48
1616.93
1610.57
1603.68
1596.89
1590.01
1583.5
1577.45
1572.04
1567.13
1562.94
1559.38
1556.4
1554.1
1552.54
1551.9
1552.07
1553.47
1555.62
1558.64
1562.31
1566.57
1571.31
1576.5
1582.05
1587.68
1593.81
1599.93
1605.93
1611.82
1617.33
1622.42
1627.15
1631.67
1635.91
1639.67
1642.91
1645.83
1648.27
1650.33
1652.1
1653.52
1654.73
1655.43
1655.74
1655.88
1655.83
1655.42
1654.35
1652.92
1651.25
1649.36
1647.34
1645.17
1642.91
1640.53
1638.09
1635.53
1632.87
1630.1
1627.17
1624.1
1620.86
1617.47
1613.82
1610.15
1606.22
1602.24
1597.74
1592.82
1587.42
1581.71
1575.75
1569.44
1562.88
1556.27
1549.33
1542.28
1534.88
1527.25
1519.35
1511.17
1502.95
1494.67
1486.27
1477.65
1468.77
1459.6
1450.18
1440.57
1430.84
1421.04
1411.19
1401.25
1391.13
1380.83
1370.32
1359.6
1348.63
1337.39
1325.93
1314.28
1302.61
1291.02
1279.65
1268.62
1257.99
1247.77
1237.93
1228.39
1219.1
1210
1201.06
1192.29
1183.6
1175.2
1166.86
1158.78
1150.72
1142.86
1134.92
1127.12
1119.17
1111.28
1103.31
1095.25
1087.15
1079.01
1070.85
1062.66
1054.49
1046.33
1038.23
1030.17
1022.23
1014.28
1006.59
998.855
991.376
983.872
976.6
969.285
962.171
955.016
948.015
941.05
934.103
927.234
920.409
913.638
906.903
900.221
893.58
887.007
880.483
874.029
867.631
861.306
855.052
848.876
842.784
836.788
830.882
825.099
819.397
813.851
808.404
803.151
797.996
793.091
788.258
783.697
779.17
774.808
770.46
766.236
762.009
757.959
753.909
750.047
746.228
742.58
738.895
735.175
731.69
728.009
724.732
721.345
718.31
715.326
712.414
709.823
707.022
704.821
702.36
700.349
698.151
696.203
694.606
692.815
691.421
689.76
688.638
687.391
686.298
685.309
684.227
683.532
682.826
682.544
681.727
681.726
680.554
680.522
681.438
681.263
682.561
683.19
685.202
687.007
688.073
690.374
691.877
693.973
695.44
696.342
696.94
697.405
697.706
698.074
698.399
698.871
699.279
699.819
700.267
700.866
701.327
701.888
702.448
703.073
703.634
704.208
704.747
705.282
705.811
706.3
706.766
707.218
707.542
707.954
708.153
708.284
708.247
708.276
708.077
707.864
707.505
706.991
706.565
705.486
704.989
703.55
702.885
701.3
700.503
698.559
697.487
695.388
693.83
691.789
689.34
687.403
684.442
682.165
679.191
676.285
672.788
669.59
665.37
661.974
656.62
652.753
646.367
641.807
635.119
636.495
2845.06
2852.27
2858.82
2864.4
2869.41
2873.55
2877.22
2880.07
2882.51
2884.25
2885.59
2886.38
2886.72
2886.52
2886.03
2885.2
2884.34
2882.58
2881.48
2878.49
2877.11
2874.18
2872.39
2869.64
2867.21
2864.43
2861.37
2858.51
2855.4
2852.62
2849.64
2847.22
2843.73
2841.84
2838.55
2837.18
2836.07
2832.87
2832.94
2833.11
2833.56
2834.94
2837.03
2839.63
2843.13
2847.87
2853.28
2859.73
2866.48
2874.05
2881.99
2890.17
2898.99
2907.68
2916.48
2925.78
2934.34
2943.19
2951.94
2961.35
2969.25
2976.62
2980.9
2983.35
2983.11
2982.32
2980.97
2979.02
2977.53
2975.37
2975.64
2971.68
2971.45
2968.02
2962.38
2955.08
2947.14
2938.41
2929.91
2921.15
2913.17
2905.11
2898.15
2891.29
2885.38
2879.91
2874.44
2869.66
2865.17
2862.6
2861.09
2861.11
2861.09
2862.11
2863.22
2864.89
2866.68
2868.89
2871.24
2873.04
2876.36
2878.31
2879.18
2880
2879.99
2880.3
2879.3
2879.25
2878.55
2877.61
2874.32
2871.96
2868.53
2864.27
2860.3
2855.62
2850.83
2844.92
2838.94
2833.05
2826.25
2818.41
2809.68
2800.17
2790.1
2779.56
2768.68
2757.46
2746.08
2734.48
2722.73
2710.73
2698.51
2686.06
2673.35
2660.39
2647.18
2633.73
2619.99
2606.04
2591.91
2577.56
2562.71
2547.53
2531.93
2516.02
2499.81
2483.39
2466.8
2450.22
2433.44
2416.76
2399.84
2382.82
2365.76
2348.6
2331.59
2314.71
2297.93
2281.1
2264.16
2247.08
2229.9
2212.69
2195.54
2178.52
2161.64
2144.84
2128.01
2111.17
2094.24
2077.24
2060.09
2042.77
2025.33
2007.83
1990.47
1973.35
1956.66
1940.52
1924.99
1910.06
1895.68
1881.76
1868.22
1854.99
1842.03
1829.34
1816.85
1804.83
1792.96
1781.52
1770.18
1759.18
1748.16
1737.39
1726.48
1715.79
1704.98
1694.09
1683.24
1672.38
1661.51
1650.64
1639.79
1628.98
1618.25
1607.6
1597.08
1586.57
1576.44
1566.22
1556.37
1546.46
1536.9
1527.25
1517.91
1508.48
1499.34
1490.19
1481.05
1472.08
1463.17
1454.34
1445.55
1436.84
1428.18
1419.61
1411.11
1402.71
1394.39
1386.16
1378.04
1370.02
1362.13
1354.36
1346.73
1339.26
1331.92
1324.81
1317.84
1311.16
1304.63
1298.47
1292.42
1286.79
1281.16
1275.78
1270.43
1265.3
1260.19
1255.36
1250.52
1246
1241.51
1237.33
1233.01
1228.64
1224.81
1220.32
1217.13
1212.71
1210.27
1206.26
1204.04
1201.01
1198.25
1196.67
1193.85
1192.34
1190.57
1189.04
1188.02
1186.82
1186.14
1185.08
1184.7
1184.22
1183.89
1183.8
1183.66
1184
1184.51
1184.98
1185.28
1186.87
1185.58
1187.13
1188.45
1189.67
1192.01
1193.65
1197.91
1201.43
1204
1207.99
1211.16
1215.08
1217.93
1219.63
1220.73
1221.45
1221.99
1222.51
1222.97
1223.59
1224.11
1224.85
1225.49
1226.36
1227.14
1228.04
1228.93
1229.94
1230.86
1231.81
1232.71
1233.61
1234.46
1235.22
1235.94
1236.55
1236.9
1237.51
1237.57
1237.71
1237.25
1236.93
1236.02
1235.12
1233.83
1232.35
1230.65
1228.31
1226.74
1222.99
1221.35
1217.11
1215.23
1210.14
1207.79
1201.96
1198.62
1193.15
1186.98
1182.31
1174.57
1168.69
1160.78
1152.85
1143.61
1134.14
1122.55
1110.96
1095.77
1080.1
1060.79
1033.41
1013.03
941.755
8103.76
8080.91
8058.74
8037.09
8016
7995.31
7975.11
7955.25
7935.88
7916.84
7898.26
7880.01
7862.19
7844.67
7827.59
7810.79
7794.41
7778.3
7762.58
7747.12
7732.05
7717.29
7702.86
7688.78
7674.94
7661.49
7648.27
7635.6
7623.12
7611.37
7599.82
7589.12
7578.59
7569.04
7559.75
7551.37
7543.55
7536.55
7530.5
7525.38
7521.14
7517.87
7516.27
7509.83
7510.98
7517.73
7524.45
7531.92
7540.04
7549.47
7559.95
7571.46
7584.25
7597.74
7612.14
7627.36
7643.1
7659.05
7675.98
7693.04
7709.34
7727.33
7733.45
7747.11
7752.03
7762.01
7763.34
7767.63
7776.02
7774.17
7776.34
7781.1
7784.64
7782.22
7776.18
7767.09
7755.9
7742.61
7728.14
7712.11
7695.5
7677.68
7659.75
7641.04
7622.29
7603.25
7583.44
7563.76
7543.87
7525.48
7507.43
7490.5
7473.47
7457.31
7441.16
7425.47
7409.78
7394.44
7379.02
7363.16
7348.17
7332.27
7315.88
7298.94
7279.91
7259.34
7238.18
7216.97
7194.61
7170.26
7144.55
7117.84
7089.76
7060.86
7031.53
7001.08
6969.89
6937.2
6903.98
6870.18
6834.82
6797.77
6759.21
6719.28
6678.24
6636.27
6593.57
6550.25
6506.59
6462.63
6418.52
6374.27
6329.94
6285.58
6241.18
6196.8
6152.52
6108.36
6064.31
6020.5
5977.02
5933.82
5890.51
5847.24
5803.9
5760.68
5717.64
5674.89
5632.59
5590.9
5549.67
5509.21
5469.23
5429.82
5390.98
5352.64
5315.11
5278.35
5242.28
5206.66
5171.37
5136.33
5101.56
5067.16
5033.18
4999.67
4966.61
4933.91
4901.49
4869.18
4836.91
4804.59
4772.13
4739.53
4706.79
4674.12
4641.77
4610.04
4579.28
4549.71
4521.46
4494.49
4468.7
4443.91
4419.95
4396.67
4373.99
4351.85
4330.39
4309.52
4289.3
4269.58
4250.34
4231.34
4212.61
4193.89
4175.2
4156.4
4137.39
4118.29
4099.09
4079.75
4060.27
4040.7
4021.09
4001.5
3981.98
3962.59
3943.34
3924.45
3905.74
3887.36
3869.22
3851.42
3833.78
3816.42
3799.21
3782.24
3765.4
3748.64
3732.08
3715.73
3699.45
3683.2
3667.03
3650.95
3635.03
3619.24
3603.6
3588.1
3572.78
3557.62
3542.73
3528.04
3513.66
3499.51
3485.74
3472.3
3459.28
3446.74
3434.7
3423.24
3412.35
3402.18
3392.48
3383.45
3374.56
3366.39
3358.38
3350.88
3343.44
3336.62
3329.85
3323.84
3317.94
3312.76
3307.08
3301.93
3297.18
3292.52
3288.67
3285.62
3282.54
3281.15
3278.51
3278.23
3276.82
3277.42
3277.8
3279.5
3280.44
3282.55
3285.79
3288.62
3292.68
3295.44
3299.82
3303.89
3307.8
3313.31
3318.74
3325.12
3331.2
3336.87
3343.04
3350.07
3352.46
3359.64
3367.91
3375.67
3384.84
3394.11
3406.67
3419.64
3430.02
3442.13
3451.44
3459.88
3466.1
3470.32
3473.69
3476.41
3479.08
3481.75
3484.48
3487.55
3490.68
3494.28
3497.93
3501.95
3506
3510.16
3514.43
3518.79
3523.02
3527.07
3530.98
3534.61
3537.98
3541.12
3543.79
3546.18
3547.85
3549.42
3549.66
3550.07
3548.62
3547.38
3544.32
3541.19
3536.82
3531.79
3525.94
3519.27
3511.24
3502.65
3493.19
3483.28
3472.41
3460.52
3447.37
3433.32
3417.11
3399.73
3380.94
3359.73
3336.04
3311.36
3283.31
3252.64
3217.36
3178.55
3132.66
3080.77
3018.78
2941.21
2860.64
2704.39
2628.57
2124.67
193.714
202.163
218.219
236.849
254.124
270.362
286.257
301.434
316.156
330.312
344.396
358.644
372.736
387.214
401.974
417.225
432.775
448.864
465.365
482.591
500.38
519.065
538.531
559.079
580.717
603.514
627.561
653.02
679.894
708.42
738.577
770.696
804.726
841.103
879.75
921.187
965.334
1012.8
1063.67
1118.67
1177.67
1241.75
1310.65
1386.38
1466.86
1559.27
1650.85
1774.02
1868.78
2058.47
95.8573
94.1837
92.7547
92.4148
93.2621
95.0374
96.9596
98.8268
100.902
102.882
105.02
107.421
109.704
112.316
115.076
118.093
121.125
124.355
127.613
131.147
134.757
138.721
142.88
147.437
152.34
157.552
163.084
169.006
175.26
181.982
189.046
196.723
204.791
213.648
222.933
233.171
243.882
255.771
268.255
282.194
296.851
313.21
330.528
349.783
370.392
393.159
417.794
444.854
475.087
514.172
57.9672
57.4144
56.5757
56.1447
55.4828
55.4461
55.5424
55.878
56.2657
56.5951
56.9463
57.3671
57.8531
58.4737
59.1069
59.848
60.5846
61.4082
62.213
63.1695
64.0883
65.2002
66.3578
67.7568
69.2955
70.9645
72.7669
74.7278
76.7912
79.0388
81.3769
83.9726
86.6751
89.7266
92.8799
96.4689
100.155
104.4
108.768
113.822
119.035
125.008
131.314
138.265
146.107
153.925
163.977
172.427
184.785
196.537
40.7018
40.4726
40.1169
39.8111
39.5797
39.4445
39.2924
39.1609
39.0608
39.0146
38.8711
38.862
39.0197
39.2205
39.4094
39.5772
39.7529
39.9215
40.0953
40.3471
40.589
40.9008
41.2541
41.7192
42.2538
42.8492
43.4981
44.2217
44.9827
45.8316
46.7063
47.7019
48.7344
49.9187
51.131
52.5525
54.0105
55.7289
57.4934
59.5542
61.7041
64.1339
66.8193
69.5805
73.0849
76.0204
80.7273
83.6814
89.4758
93.6525
30.813
30.7779
30.6722
30.509
30.3762
30.2301
30.1127
30.0053
29.8484
29.7538
29.6899
29.5165
29.6154
29.6257
29.7162
29.6313
29.6931
29.6248
29.6601
29.7137
29.7483
29.8147
29.9112
30.0573
30.2411
30.4581
30.6976
30.9752
31.2667
31.6052
31.951
32.3599
32.7828
33.2823
33.7942
34.4038
35.0402
35.7887
36.5881
37.4851
38.4969
39.5456
40.8479
42.0166
43.757
44.9562
47.3084
48.5083
51.3733
52.9747
24.5927
24.5839
24.5162
24.4299
24.3299
24.2318
24.1408
24.0622
23.9677
23.8489
23.7874
23.7116
23.774
23.6854
23.7456
23.7337
23.7036
23.6451
23.5913
23.5349
23.481
23.4853
23.5014
23.526
23.5785
23.6524
23.7361
23.8403
23.9495
24.0854
24.2228
24.3954
24.5738
24.7944
25.0247
25.3008
25.6008
25.9442
26.3404
26.7537
27.2774
27.7577
28.4527
28.9848
29.9161
30.4702
31.6968
32.2832
33.7769
34.442
20.25
20.2333
20.1847
20.1219
20.0629
19.9982
19.9333
19.8702
19.824
19.7261
19.6823
19.6407
19.6717
19.6034
19.6314
19.6167
19.5825
19.5331
19.4836
19.4393
19.3937
19.3484
19.3203
19.2765
19.2889
19.3089
19.328
19.362
19.399
19.4515
19.5038
19.5762
19.6512
19.7495
19.8567
19.9854
20.1355
20.2992
20.5101
20.7109
21.0019
21.2366
21.6329
21.8959
22.4244
22.7209
23.3971
23.7211
24.5756
24.8664
17.0582
17.037
16.9953
16.9417
16.8968
16.851
16.8053
16.7601
16.7282
16.6836
16.6563
16.626
16.6359
16.6013
16.597
16.5751
16.5465
16.5087
16.4713
16.4373
16.4032
16.3624
16.3334
16.2976
16.2823
16.2704
16.2526
16.2622
16.2735
16.2917
16.3096
16.3391
16.3692
16.4131
16.4634
16.5242
16.6029
16.6838
16.8029
16.9061
17.0778
17.2014
17.4388
17.5832
17.8986
18.0735
18.4796
18.6745
19.2036
19.3459
14.6637
14.627
14.582
14.533
14.495
14.4597
14.4262
14.3971
14.3781
14.3514
14.343
14.3396
14.329
14.3025
14.2799
14.2573
14.2338
14.2024
14.1762
14.1514
14.1245
14.0943
14.0733
14.0462
14.0332
14.0193
14.0046
13.998
13.9976
13.9999
14.0046
14.0153
14.0252
14.046
14.0683
14.0979
14.1404
14.1823
14.254
14.3119
14.4194
14.4914
14.6398
14.73
14.9263
15.0398
15.3044
15.4307
15.7872
15.8648
12.8118
12.7756
12.729
12.6848
12.6597
12.6354
12.6133
12.6126
12.6051
12.5798
12.5854
12.5823
12.5543
12.5189
12.4931
12.4729
12.45
12.4207
12.4045
12.3853
12.3611
12.3406
12.3314
12.3115
12.3119
12.2993
12.287
12.2781
12.2803
12.2806
12.2814
12.2784
12.2783
12.2933
12.2983
12.3171
12.3378
12.3606
12.4071
12.445
12.5174
12.5656
12.6619
12.7235
12.8551
12.9333
13.1201
13.2071
13.4658
13.5205
11.3784
11.3423
11.2951
11.2649
11.262
11.2599
11.2532
11.2382
11.2339
11.2262
11.2236
11.2151
11.1708
11.134
11.1126
11.0938
11.0673
11.0397
11.0273
11.0135
10.9921
10.9888
10.9891
10.9775
10.9751
10.971
10.9552
10.9434
10.951
10.9503
10.9515
10.9438
10.941
10.9664
10.9542
10.9823
10.9781
10.9895
11.0223
11.0539
11.1088
11.1463
11.2093
11.2535
11.3487
11.4055
11.5473
11.6103
11.8123
11.8591
10.2777
10.2302
10.1929
10.1912
10.1681
10.1843
10.1829
10.1467
10.1608
10.1592
10.157
10.1351
10.0804
10.0456
10.0289
10.0096
9.98896
9.95495
9.96159
9.95814
9.94549
9.92046
9.93408
9.91434
9.92255
9.92211
9.90292
9.90613
9.90807
9.90203
9.90846
9.91013
9.90141
9.92762
9.91729
9.94558
9.93072
9.93514
9.961
9.99466
10.0473
10.0798
10.1151
10.1466
10.2195
10.2641
10.3772
10.426
10.5914
10.6398
9.40896
9.36034
9.35658
9.35015
9.34778
9.34773
9.34726
9.33515
9.33379
9.32579
9.32145
9.28547
9.2251
9.19118
9.17179
9.15693
9.14913
9.11295
9.12349
9.12205
9.11022
9.08792
9.10324
9.09325
9.0925
9.09253
9.08819
9.08222
9.0842
9.0616
9.08652
9.09223
9.08428
9.10529
9.11577
9.13095
9.1119
9.11319
9.13622
9.17678
9.24605
9.27317
9.27662
9.29797
9.35544
9.39283
9.48758
9.52936
9.668
9.72062
8.75046
8.70739
8.68936
8.67438
8.69652
8.69339
8.6935
8.68738
8.68476
8.67069
8.66705
8.62876
8.56521
8.52443
8.50181
8.49427
8.49189
8.45678
8.46665
8.46151
8.44142
8.44478
8.44965
8.43412
8.43305
8.43525
8.44081
8.42098
8.43442
8.41017
8.44005
8.44802
8.44256
8.44612
8.4803
8.49027
8.46845
8.4689
8.49111
8.5362
8.61051
8.63542
8.62604
8.63945
8.68703
8.71972
8.80228
8.8397
8.95857
9.01683
8.24855
8.20403
8.18834
8.19082
8.19349
8.18346
8.18501
8.17621
8.17755
8.14853
8.1589
8.1219
8.05698
8.01671
7.99662
8.00698
7.98055
7.96112
7.95153
7.93605
7.93433
7.93305
7.94035
7.93668
7.93408
7.91544
7.93527
7.92657
7.9239
7.90751
7.93499
7.94359
7.93895
7.93635
7.9763
7.98546
7.96373
7.96506
7.98616
8.03311
8.10759
8.13094
8.11651
8.12498
8.16752
8.19667
8.27064
8.30452
8.40977
8.4719
7.86846
7.82509
7.8011
7.81679
7.81132
7.78027
7.79575
7.77018
7.79095
7.77847
7.77359
7.73651
7.67081
7.63991
7.62791
7.62967
7.59803
7.56258
7.53955
7.54838
7.53362
7.53091
7.54839
7.55056
7.54614
7.5277
7.54457
7.53076
7.53968
7.5194
7.54596
7.55216
7.54697
7.54213
7.58138
7.59045
7.56944
7.57323
7.59331
7.6397
7.71188
7.73345
7.71761
7.7245
7.76371
7.79043
7.85782
7.8887
7.98393
8.04899
7.58217
7.56585
7.55068
7.54311
7.52076
7.49055
7.50949
7.48498
7.50686
7.49221
7.4862
7.44934
7.38748
7.35639
7.33551
7.34624
7.31344
7.27366
7.24629
7.25448
7.24296
7.23226
7.25555
7.25617
7.25063
7.24566
7.2481
7.24535
7.24399
7.22452
7.24681
7.25137
7.24755
7.24265
7.27703
7.2861
7.2673
7.27243
7.29164
7.33549
7.40378
7.4233
7.40774
7.41558
7.45189
7.47684
7.53899
7.56721
7.65493
7.72095
7.39236
7.3702
7.35208
7.35095
7.33527
7.30387
7.31744
7.29551
7.31084
7.27479
7.28035
7.24484
7.19047
7.15655
7.13638
7.14059
7.10964
7.06928
7.04353
7.03797
7.04448
7.02817
7.04521
7.03735
7.03017
7.02979
7.02871
7.02802
7.02442
7.00557
7.02102
7.02368
7.02976
7.02699
7.04758
7.05743
7.04244
7.04714
7.06538
7.10466
7.16798
7.18551
7.17098
7.18066
7.21443
7.23784
7.29563
7.32145
7.40318
7.46907
7.2978
7.27286
7.24882
7.25341
7.24279
7.20691
7.2059
7.19263
7.19045
7.14773
7.14643
7.11254
7.06787
7.02932
7.01391
7.00399
6.97444
6.93829
6.9093
6.91155
6.91019
6.90241
6.9037
6.88507
6.8686
6.87446
6.87307
6.87117
6.86739
6.85013
6.85388
6.85154
6.8688
6.85911
6.88565
6.89291
6.88423
6.88483
6.90217
6.93471
6.99221
7.00786
6.99479
7.00603
7.03749
7.05923
7.11354
7.13729
7.21437
7.27841
7.28174
7.25557
7.22979
7.21264
7.19807
7.17187
7.15243
7.13163
7.12944
7.09341
7.07325
7.04638
7.01188
6.97551
6.94872
6.92933
6.90327
6.87231
6.84268
6.83948
6.83105
6.82425
6.81977
6.79487
6.77445
6.77013
6.7688
6.76472
6.7623
6.74636
6.7509
6.74309
6.75918
6.75049
6.77433
6.78055
6.77846
6.7747
6.79154
6.81566
6.8665
6.88032
6.86904
6.88082
6.91019
6.93024
6.98165
7.00408
7.07675
7.13822
7.33634
7.30822
7.28016
7.25423
7.2315
7.2048
7.1787
7.15149
7.13273
7.10224
7.07528
7.04681
7.01466
6.9798
6.94742
6.92047
6.89251
6.86205
6.83246
6.81215
6.79351
6.79026
6.78243
6.75682
6.73271
6.7198
6.70938
6.70032
6.70338
6.68898
6.68636
6.68742
6.69477
6.6877
6.70581
6.71105
6.71148
6.70682
6.72395
6.73916
6.78246
6.79452
6.78553
6.79652
6.82388
6.84242
6.89116
6.91285
6.98152
7.03928
7.45295
7.42149
7.38995
7.35865
7.32902
7.29808
7.26681
7.23431
7.20531
7.17227
7.13964
7.10669
7.07224
7.03607
7
6.96681
6.93457
6.90153
6.86966
6.84148
6.81591
6.79577
6.78093
6.75919
6.73591
6.71789
6.7022
6.68917
6.68239
6.67225
6.66845
6.66049
6.66956
6.66351
6.67281
6.67773
6.6758
6.67352
6.69061
6.69832
6.73316
6.74385
6.73806
6.74674
6.77189
6.78937
6.83502
6.85614
6.92132
6.97478
7.62233
7.58655
7.55058
7.51436
7.4787
7.44241
7.40569
7.3679
7.33127
7.29315
7.25475
7.21622
7.17716
7.13731
7.09716
7.05837
7.02093
6.98361
6.94766
6.91371
6.88227
6.85323
6.82944
6.80468
6.77924
6.75658
6.73617
6.71827
6.70472
6.6912
6.68201
6.67102
6.67389
6.67278
6.66638
6.67455
6.66853
6.66949
6.68339
6.68629
6.7118
6.72177
6.72187
6.72625
6.74873
6.76531
6.80773
6.82813
6.89047
6.9388
7.83724
7.79641
7.7553
7.71378
7.67224
7.63016
7.58756
7.54404
7.50065
7.4565
7.41197
7.36727
7.32241
7.27731
7.2321
7.18758
7.14433
7.10169
7.06049
7.02083
6.98347
6.94779
6.91604
6.88571
6.85606
6.82842
6.80305
6.77993
6.76037
6.74199
6.72706
6.71282
6.70316
6.70316
6.69248
6.69663
6.68937
6.69285
6.69751
6.6978
6.71145
6.72204
6.7323
6.73027
6.74913
6.76463
6.80386
6.8233
6.8832
6.9264
8.09239
8.04588
7.99898
7.9516
7.9039
7.85559
7.80667
7.75691
7.70678
7.65608
7.60495
7.5536
7.5022
7.4508
7.39953
7.34876
7.29912
7.25034
7.20302
7.15718
7.1135
7.07147
7.03248
6.99567
6.96053
6.92735
6.89653
6.86792
6.84243
6.81875
6.79803
6.77926
6.76292
6.75308
6.74062
6.73908
6.73306
6.73111
6.73053
6.72918
6.73595
6.75076
6.75746
6.75472
6.76908
6.78347
6.81947
6.83765
6.89536
6.93298
8.38407
8.33123
8.27791
8.22405
8.16969
8.11466
8.05892
8.00233
7.94516
7.88739
7.82916
7.77064
7.71208
7.65359
7.5954
7.53768
7.48101
7.42533
7.37116
7.31849
7.26793
7.21918
7.17305
7.12932
7.08783
7.04852
7.01171
6.97723
6.94568
6.91635
6.88982
6.86572
6.84399
6.82646
6.81004
6.79843
6.78837
6.78264
6.77709
6.77929
6.77906
6.79236
6.79724
6.79443
6.80526
6.81831
6.85098
6.86768
6.92328
6.95551
8.70979
8.64995
8.58957
8.52857
8.46697
8.40463
8.34149
8.27748
8.21275
8.14736
8.08146
8.0152
7.94886
7.8826
7.81669
7.7513
7.68691
7.62359
7.56181
7.50161
7.44353
7.38743
7.33385
7.28276
7.23425
7.18818
7.14481
7.10399
7.06608
7.03071
6.9982
6.96833
6.94118
6.91719
6.89581
6.87743
6.86214
6.85084
6.84075
6.83992
6.83664
6.84549
6.84905
6.84608
6.85448
6.8661
6.89531
6.91039
6.96395
6.99082
9.06798
9.00047
8.93234
8.86353
8.79405
8.72376
8.6526
8.58053
8.50765
8.43403
8.35984
8.28523
8.21046
8.13574
8.06138
7.98755
7.91471
7.84298
7.77284
7.70436
7.63804
7.57386
7.51226
7.45325
7.39707
7.34361
7.29305
7.24532
7.20064
7.15878
7.11997
7.08398
7.05108
7.02105
6.99426
6.9701
6.94953
6.93252
6.91815
6.90938
6.90624
6.90791
6.91071
6.90758
6.91408
6.92432
6.94988
6.9633
7.01473
7.03671
9.45783
9.38195
9.30538
9.22807
9.15003
9.07114
8.99131
8.91052
8.82883
8.74634
8.6632
8.57956
8.4957
8.41182
8.32826
8.24523
8.16316
8.08224
8.00294
7.92537
7.85005
7.77699
7.70665
7.63905
7.57449
7.51292
7.45452
7.39925
7.34724
7.29837
7.2528
7.21033
7.17124
7.13515
7.10265
7.07289
7.04704
7.02448
7.00565
6.99088
6.9816
6.97746
6.98037
6.9777
6.98172
6.9909
7.01255
7.02434
7.07363
7.09099
9.87901
9.79406
9.70836
9.62187
9.53459
9.44641
9.35724
9.26704
9.17589
9.08384
8.99107
8.89771
8.80406
8.71029
8.6168
8.52379
8.43171
8.34078
8.25149
8.16401
8.07884
7.99608
7.91618
7.83921
7.76551
7.69507
7.62808
7.56454
7.50458
7.44809
7.39523
7.34578
7.30006
7.25761
7.21909
7.18358
7.15234
7.12431
7.10079
7.08077
7.06634
7.05643
7.05573
7.05467
7.05585
7.06435
7.08166
7.09193
7.13896
7.15232
10.3316
10.2369
10.1414
10.045
9.9478
9.84964
9.75045
9.65017
9.54887
9.44659
9.34349
9.23972
9.13554
9.03117
8.92698
8.82321
8.72032
8.61856
8.51844
8.42017
8.32429
8.23095
8.14063
8.05343
7.96973
7.88959
7.81322
7.74064
7.672
7.60721
7.54642
7.48944
7.43655
7.38733
7.34238
7.30084
7.26394
7.23038
7.20192
7.17688
7.15768
7.14274
7.13486
7.13623
7.13541
7.14328
7.15593
7.16485
7.20959
7.21933
10.816
10.7108
10.6047
10.4978
10.39
10.2812
10.1713
10.0602
9.9481
9.8349
9.72078
9.60589
9.49048
9.37477
9.25914
9.14383
9.02933
8.91591
8.80412
8.6942
8.58672
8.48189
8.38024
8.2819
8.18733
8.0966
8.00998
7.92753
7.8494
7.77555
7.70614
7.64098
7.58033
7.5238
7.47197
7.42398
7.38106
7.34177
7.3081
7.278
7.25413
7.23445
7.22086
7.22058
7.21948
7.22584
7.23451
7.24225
7.28472
7.29139
11.3324
11.2161
11.0989
10.9807
10.8616
10.7415
10.6202
10.4977
10.3741
10.2493
10.1234
9.99674
9.8694
9.74163
9.61381
9.48621
9.35932
9.23343
9.10911
8.98667
8.86671
8.74948
8.63558
8.52519
8.41879
8.31656
8.21878
8.12557
8.03711
7.95339
7.87458
7.80052
7.73145
7.66702
7.60775
7.55284
7.50346
7.45812
7.4189
7.38354
7.35495
7.33051
7.31204
7.30829
7.30827
7.31065
7.31681
7.3236
7.36405
7.36784
11.8815
11.7533
11.6242
11.4941
11.3631
11.231
11.0977
10.9631
10.8272
10.6902
10.552
10.4128
10.2728
10.1323
9.9916
9.85097
9.71092
9.57178
9.43413
9.29833
9.16501
9.0345
8.90742
8.78404
8.6649
8.55022
8.44035
8.33546
8.23578
8.14133
8.0523
7.96857
7.89036
7.81736
7.75004
7.68766
7.63132
7.57953
7.53437
7.49345
7.45992
7.43052
7.40772
7.39919
7.39821
7.3984
7.40248
7.40861
7.44773
7.44862
12.4634
12.3228
12.1812
12.0385
11.8949
11.7501
11.6041
11.4567
11.308
11.1581
11.0068
10.8545
10.7013
10.5473
10.393
10.2387
10.0848
9.93163
9.77988
9.62991
9.4824
9.33773
9.19659
9.05931
8.9265
8.79844
8.67555
8.55806
8.44624
8.34018
8.24007
8.14586
8.05774
7.97546
7.89943
7.82898
7.76511
7.70641
7.65484
7.60801
7.56924
7.53454
7.50774
7.49269
7.48995
7.48859
7.49165
7.49734
7.53657
7.53353
13.0784
12.9247
12.7699
12.614
12.4571
12.2989
12.1396
11.9788
11.8167
11.6531
11.4883
11.3222
11.155
10.987
10.8185
10.6498
10.4813
10.3135
10.1469
9.98206
9.81959
9.65995
9.5039
9.35185
9.20447
9.06213
8.9253
8.79429
8.66943
8.55086
8.43883
8.3333
8.23449
8.14218
8.05675
7.97758
7.90559
7.83944
7.78096
7.72779
7.68339
7.643
7.61236
7.58764
7.58611
7.58054
7.58518
7.59022
7.62784
7.62261
13.7265
13.559
13.3902
13.2204
13.0495
12.8775
12.7041
12.5293
12.353
12.1753
11.9962
11.8158
11.6342
11.4516
11.2683
11.0846
10.9009
10.7178
10.5357
10.3553
10.1771
10.0018
9.83002
9.66239
9.4996
9.34211
9.19047
9.04506
8.90628
8.77433
8.64951
8.53183
8.42154
8.31843
8.22289
8.13432
8.05358
7.97942
7.9135
7.85353
7.80305
7.75656
7.72175
7.68941
7.68557
7.67879
7.68399
7.68764
7.72262
7.71574
14.4071
14.225
14.0418
13.8574
13.6719
13.4852
13.2972
13.1077
12.9168
12.7244
12.5305
12.3351
12.1385
11.9407
11.7421
11.5429
11.3436
11.1445
10.9464
10.7497
10.5553
10.3635
10.1754
9.99147
9.81251
9.63908
9.47181
9.31117
9.15763
9.01147
8.87304
8.74241
8.61984
8.50518
8.39881
8.30017
8.21004
8.12726
8.05335
7.98608
7.92903
7.87606
7.83658
7.79729
7.78894
7.78405
7.78997
7.78926
7.82176
7.81343
15.1193
14.9221
14.7236
14.524
14.3232
14.1213
13.9181
13.7134
13.5072
13.2995
13.0903
12.8795
12.6674
12.4539
12.2395
12.0243
11.8089
11.5935
11.3788
11.1654
10.9541
10.7454
10.5403
10.3394
10.1436
9.95351
9.76988
9.59325
9.42418
9.26304
9.11021
8.96586
8.83027
8.70333
8.58542
8.47603
8.37588
8.28389
8.20142
8.12633
8.06219
8.00237
7.95749
7.91187
7.89529
7.8912
7.89847
7.89563
7.92597
7.91599
15.8619
15.6488
15.4344
15.2189
15.0023
14.7846
14.5655
14.3451
14.1231
13.8996
13.6746
13.448
13.2199
12.9904
12.7598
12.5283
12.2963
12.0641
11.8325
11.602
11.3733
11.1472
10.9246
10.7062
10.493
10.2857
10.085
9.89174
9.70645
9.52961
9.36169
9.20289
9.05358
8.91368
8.78356
8.66278
8.552
8.4502
8.35861
8.27517
8.20342
8.1364
8.08531
8.03356
8.01305
8.00166
8.01178
8.00705
8.03559
8.02401
16.6329
16.4034
16.1724
15.9404
15.7074
15.4733
15.2379
15.0012
14.763
14.5233
14.282
14.0392
13.7948
13.5489
13.3018
13.0536
12.8047
12.5555
12.3067
12.0587
11.8124
11.5685
11.328
11.0917
10.8606
10.6355
10.4173
10.2068
10.0047
9.81156
9.62791
9.45405
9.29037
9.13687
8.99394
8.86115
8.73915
8.62697
8.52573
8.43344
8.35353
8.27897
8.22085
8.16352
8.13377
8.12215
8.12978
8.12396
8.15105
8.13782
17.43
17.1833
16.9353
16.6863
16.4363
16.1853
15.9331
15.6796
15.4248
15.1685
14.9107
14.6512
14.3903
14.1277
13.8639
13.5988
13.3328
13.0664
12.8001
12.5345
12.2703
12.0084
11.7498
11.4952
11.2459
11.0027
10.7665
10.5384
10.319
10.109
9.90912
9.71965
9.54105
9.3734
9.2171
9.07176
8.93801
8.81493
8.70353
8.60189
8.51332
8.43088
8.365
8.30252
8.25706
8.24947
8.25376
8.24695
8.27278
8.25799
18.2502
17.9858
17.7202
17.4537
17.1863
16.9179
16.6485
16.3779
16.1061
15.8329
15.5583
15.282
15.0043
14.7249
14.4442
14.1621
13.879
13.5953
13.3114
13.028
12.7459
12.4659
12.1889
11.916
11.6482
11.3866
11.1323
10.8861
10.6491
10.4219
10.2053
9.99981
9.80584
9.62357
9.45341
9.29505
9.14907
9.01461
8.8926
8.78117
8.68345
8.59281
8.51856
8.45067
8.39294
8.38192
8.38447
8.37651
8.40124
8.38482
19.0899
18.8074
18.5238
18.2393
17.9541
17.6681
17.3812
17.0932
16.8042
16.5138
16.2222
15.929
15.6344
15.3382
15.0405
14.7414
14.4412
14.1401
13.8388
13.5377
13.2377
12.9395
12.6443
12.3529
12.0666
11.7865
11.5138
11.2495
10.9946
10.7499
10.5164
10.2945
10.0848
9.88749
9.70309
9.53132
9.3727
9.22646
9.09343
8.9718
8.86451
8.76535
8.68223
8.60852
8.54016
8.52007
8.52187
8.51293
8.53676
8.51885
19.9452
19.6443
19.3423
19.0395
18.7363
18.4323
18.1276
17.8221
17.5157
17.2082
16.8994
16.5893
16.2778
15.9647
15.6502
15.3342
15.017
14.6988
14.3802
14.0615
13.7438
13.4276
13.1142
12.8045
12.4998
12.2013
11.9102
11.6276
11.3547
11.0925
10.8418
10.6033
10.3776
10.1651
9.96617
9.78067
9.6091
9.45075
9.30637
9.1742
9.05696
8.94898
8.85662
8.7764
8.69909
8.66246
8.6661
8.65641
8.6797
8.66036
20.8116
20.4919
20.1713
19.8502
19.5287
19.2067
18.8842
18.5611
18.2372
17.9125
17.5867
17.2597
16.9315
16.6017
16.2705
15.9379
15.604
15.2689
14.9333
14.5974
14.2622
13.9284
13.5971
13.2693
12.9465
12.6297
12.3203
12.0196
11.7288
11.4489
11.181
10.9259
10.6841
10.4562
10.2425
10.0431
9.85836
9.68765
9.53164
9.38868
9.26119
9.14413
9.04227
8.95478
8.86957
8.81854
8.81619
8.80724
8.83039
8.8099
21.6842
21.3457
21.0064
20.6667
20.3269
19.9869
19.6466
19.306
18.9648
18.623
18.2804
17.9368
17.5921
17.246
16.8985
16.5495
16.1993
15.8478
15.4955
15.1429
14.7908
14.4397
14.091
13.7456
13.4049
13.0701
12.7428
12.4242
12.1157
11.8184
11.5334
11.2616
11.0038
10.7604
10.532
10.3185
10.1204
9.93719
9.76938
9.61542
9.47745
9.35109
9.23958
9.14416
9.05182
8.98619
8.97444
8.96622
8.9894
8.96786
22.5576
22.2003
21.8424
21.4844
21.1264
20.7685
20.4106
20.0526
19.6945
19.3359
18.9768
18.6169
18.2561
17.8941
17.5307
17.166
16.8
16.4326
16.0644
15.6956
15.3271
14.9594
14.5938
14.2313
13.8733
13.5212
13.1763
12.8403
12.5143
12.1999
11.898
11.6098
11.336
11.0773
10.8341
10.6066
10.3952
10.1993
10.0196
9.85457
9.70597
9.57014
9.44888
9.34506
9.24588
9.16715
9.13979
9.1342
9.1575
9.13499
23.4264
23.0504
22.6741
22.298
21.9222
21.5467
21.1716
20.7967
20.4219
20.047
19.6719
19.2963
18.9199
18.5425
18.164
17.7842
17.403
17.0205
16.6371
16.2529
15.8687
15.4852
15.1035
14.7246
14.35
13.9811
13.6194
13.2663
12.9235
12.5923
12.274
11.9696
11.6801
11.4063
11.1485
10.9071
10.6823
10.474
10.2824
10.1062
9.94688
9.80151
9.67047
9.55795
9.45192
9.36152
9.3188
9.31263
9.33561
9.31191
24.2847
23.8905
23.4962
23.1024
22.7092
22.3167
21.9248
21.5336
21.1427
20.7522
20.3617
19.971
19.5798
19.1878
18.7949
18.4007
18.0053
17.6086
17.2107
16.8121
16.4132
16.0148
15.6178
15.2235
14.8331
14.4482
14.0703
13.701
13.342
12.9946
12.6603
12.3403
12.0355
11.7468
11.4747
11.2196
10.9818
10.761
10.5576
10.3703
10.2003
10.0454
9.90463
9.78323
9.67033
9.56932
9.51173
9.50263
9.52466
9.49952
25.1267
24.7148
24.3032
23.8923
23.4824
23.0735
22.6657
22.2587
21.8526
21.4472
21.0421
20.6372
20.232
19.8264
19.4199
19.0124
18.6038
18.1938
17.7826
17.3705
16.958
16.5457
16.1346
15.7258
15.3207
14.9208
14.5277
14.143
13.7685
13.4057
13.0561
12.721
12.4014
12.0984
11.8123
11.5439
11.2932
11.0603
10.8452
10.647
10.4665
10.302
10.1516
10.0213
9.90149
9.7907
9.71874
9.70509
9.72551
9.69853
25.9465
25.5177
25.0896
24.6625
24.2367
23.8123
23.3893
22.9677
22.5472
22.1278
21.7092
21.291
20.8729
20.4546
20.0358
19.6161
19.1953
18.7732
18.35
17.9256
17.5007
17.0758
16.6518
16.2297
15.811
15.3972
14.9899
14.5909
14.2018
13.8245
13.4604
13.1109
12.7772
12.4604
12.1609
11.8796
11.6164
11.3716
11.1451
10.9363
10.7454
10.5716
10.4119
10.2725
10.1459
10.0261
9.94013
9.92086
9.93899
9.90998
26.7384
26.2937
25.85
25.4078
24.9672
24.5283
24.0913
23.656
23.2223
22.79
22.359
21.9287
21.4989
21.0692
20.6392
20.2085
19.7769
19.3441
18.9101
18.4749
18.0389
17.6027
17.1671
16.7331
16.3022
15.8757
15.4555
15.0432
14.6408
14.2499
13.8722
13.5093
13.1622
12.8322
12.52
12.2263
11.9512
11.6949
11.4575
11.2383
11.0373
10.8543
10.6856
10.5372
10.4039
10.2761
10.1765
10.1508
10.1659
10.1347
27.4967
27.0373
26.5793
26.1231
25.6689
25.2169
24.767
24.3194
23.8737
23.4299
22.9877
22.5467
22.1065
21.6667
21.227
20.7867
20.3457
19.9036
19.4603
19.0157
18.5703
18.1243
17.6787
17.2343
16.7925
16.3549
15.9231
15.4989
15.0842
14.6809
14.2907
13.9152
13.5557
13.2135
12.8892
12.5837
12.2973
12.0301
11.7822
11.553
11.3424
11.1505
10.9733
10.8161
10.676
10.5413
10.4285
10.3959
10.407
10.374
28.2839
27.8101
27.338
26.8681
26.4006
25.9357
25.4734
25.0137
24.5565
24.1016
23.6487
23.1975
22.7475
22.2984
21.8495
21.4004
20.9508
20.5002
20.0485
19.5954
19.1413
18.6864
18.2315
17.7774
17.3256
16.8774
16.4345
15.9989
15.5724
15.157
14.7545
14.3665
13.9945
13.64
13.3035
12.9861
12.6881
12.4097
12.151
11.9116
11.691
11.4898
11.3039
11.1374
10.9903
10.8491
10.7228
10.682
10.6882
10.6532
29.0498
28.5631
28.0785
27.5965
27.1173
26.6411
26.1679
25.6977
25.2305
24.766
24.3039
23.844
23.3857
22.9285
22.472
22.0156
21.5589
21.1013
20.6426
20.1826
19.7214
19.2593
18.7967
18.3347
17.8744
17.4173
16.9652
16.5197
16.0831
15.6571
15.2439
14.845
14.4621
14.0965
13.7492
13.4213
13.1128
12.8244
12.5559
12.3072
12.0777
11.8678
11.6743
11.499
11.3454
11.1986
11.0611
11.0102
11.0115
10.9739
29.7195
29.223
28.7289
28.2378
27.7498
27.265
26.7837
26.3057
25.8311
25.3595
24.8908
24.4246
23.9603
23.4976
23.0358
22.5744
22.1129
21.6507
21.1874
20.7229
20.257
19.79
19.3225
18.855
18.389
17.9257
17.467
17.0146
16.5706
16.137
15.7157
15.3088
14.9176
14.5438
14.1882
13.8521
13.5356
13.2394
12.9634
12.7073
12.4708
12.254
12.0546
11.8722
11.7135
11.5621
11.4175
11.3542
11.3522
11.3116
30.2955
29.7923
29.2918
28.7944
28.3004
27.8099
27.3231
26.84
26.3606
25.8845
25.4117
24.9416
24.4738
24.0078
23.5431
23.0791
22.6151
22.1506
21.6852
21.2186
20.7506
20.2813
19.8112
19.3411
18.872
18.4053
17.9427
17.4861
17.0376
16.5991
16.1727
15.7604
15.3636
14.9841
14.6229
14.281
13.9589
13.6571
13.3756
13.1141
12.8727
12.6506
12.4472
12.2592
12.0969
11.9418
11.7941
11.7145
11.7123
11.6688
30.7816
30.2746
29.7704
29.2696
28.7724
28.2789
27.7893
27.3037
26.8219
26.3439
25.8693
25.3978
24.9289
24.4621
23.9968
23.5324
23.0684
22.604
22.1389
21.6726
21.2049
20.7358
20.2659
19.7956
19.3262
18.8588
18.3952
17.9372
17.4869
17.0463
16.6175
16.2025
15.8028
15.4203
15.0558
14.7105
14.3851
14.0798
13.7951
13.5301
13.2857
13.0599
12.8543
12.6624
12.498
12.3401
12.193
12.0895
12.0945
12.0478
31.1821
30.6741
30.1692
29.6677
29.1698
28.6759
28.1861
27.7004
27.2189
26.7412
26.2673
25.7967
25.329
24.8637
24.4002
23.9379
23.4761
23.0142
22.5517
22.0881
21.6232
21.1569
20.6896
20.2219
19.7547
19.2893
18.8274
18.3707
17.9214
17.4815
17.053
16.6379
16.238
15.8548
15.4896
15.1433
14.8168
14.5102
14.2242
13.9578
13.7122
13.4846
13.2785
13.0843
12.9195
12.7595
12.6154
12.5002
12.5013
12.4515
31.5026
30.9964
30.4932
29.9935
29.4977
29.0058
28.5182
28.0349
27.5558
27.0809
26.61
26.1426
25.6783
25.2168
24.7573
24.2993
23.842
23.3849
22.9273
22.4688
22.0091
21.5481
21.086
20.6232
20.1609
19.7002
19.2426
18.79
18.3444
17.9077
17.4822
17.0697
16.672
16.2907
15.9271
15.5821
15.2567
14.9509
14.6658
14.3997
14.155
13.9271
13.7223
13.5273
13.3639
13.2026
13.0636
12.9476
12.9358
12.8822
31.7497
31.2476
30.7486
30.2532
29.7616
29.2742
28.791
28.3123
27.838
27.368
26.9022
26.4402
25.9816
25.526
25.0727
24.6211
24.1706
23.7205
23.2701
22.819
22.3668
21.9133
21.4588
21.0036
20.5486
20.095
19.6444
19.1984
18.7591
18.3283
17.9083
17.5009
17.1079
16.7308
16.3712
16.0297
15.7077
15.4047
15.1225
14.8586
14.6165
14.3902
14.1883
13.9941
13.8338
13.6719
13.5412
13.4147
13.3992
13.3417
31.9309
31.4351
30.9426
30.4536
29.9684
29.4875
29.0109
28.5388
28.0714
27.6084
27.1498
26.6952
26.2443
25.7966
25.3516
24.9085
24.4669
24.0258
23.5848
23.1433
22.7008
22.2571
21.8124
21.367
20.9218
20.4778
20.0366
19.5996
19.1691
18.7467
18.3347
17.9348
17.5489
17.1784
16.825
16.4892
16.1726
15.8744
15.5971
15.3371
15.0996
14.8764
14.6791
14.4873
14.3318
14.1702
14.0503
13.9044
13.8932
13.8321
32.0543
31.567
31.0828
30.6022
30.1255
29.6529
29.1848
28.7214
28.2626
27.8085
27.359
26.9137
26.4724
26.0345
25.5997
25.1671
24.7363
24.3063
23.8767
23.4467
23.0159
22.5841
22.1514
21.7181
21.2848
20.8527
20.4231
19.9976
19.5782
19.1665
18.7649
18.3748
17.9983
17.6367
17.2916
16.9636
16.6545
16.363
16.0923
15.8381
15.6068
15.3883
15.1973
15.0092
14.8602
14.7001
14.5916
14.4375
14.4231
14.3557
32.1292
31.6521
31.1781
30.7076
30.2409
29.7784
29.3205
28.8673
28.419
27.9755
27.5367
27.1025
26.6725
26.2463
25.8234
25.4031
24.9848
24.5678
24.1513
23.7347
23.3176
22.8997
22.4809
22.0615
21.6423
21.2241
20.8084
20.3965
19.9904
19.5917
19.2026
18.8245
18.4596
18.1088
17.7742
17.4559
17.1562
16.8733
16.611
16.3642
16.1408
15.9286
15.7453
15.5624
15.4214
15.2642
15.1668
15.0111
14.9909
14.9148
32.1655
31.7001
31.2377
30.7787
30.3235
29.8726
29.4263
28.9849
28.5484
28.117
27.6906
27.2689
26.8519
26.4389
26.0295
25.6232
25.2191
24.8166
24.4149
24.0135
23.6117
23.2092
22.8061
22.4025
21.9992
21.5968
21.1968
20.8005
20.4098
20.0261
19.6516
19.2876
18.9361
18.5983
18.276
17.9693
17.6807
17.408
17.1559
16.9181
16.704
16.4996
16.3253
16.1491
16.0174
15.8647
15.7777
15.6249
15.599
15.5119
32.174
31.7212
31.2714
30.8251
30.3826
29.9445
29.5111
29.0826
28.6594
28.2414
27.8286
27.4209
27.0181
26.6198
26.2255
25.8344
25.446
25.0595
24.6741
24.2891
23.904
23.5186
23.1327
22.7465
22.3606
21.9757
21.5931
21.2142
20.8406
20.4738
20.1157
19.7676
19.4315
19.1083
18.8002
18.5067
18.2309
17.97
17.7294
17.5021
17.2988
17.1036
16.9395
16.7714
16.65
16.5033
16.4259
16.2787
16.2485
16.1491
32.1653
31.7259
31.2896
30.8569
30.4281
30.0037
29.5841
29.1697
28.7607
28.3572
27.9592
27.5667
27.1794
26.797
26.4189
26.0444
25.6729
25.3035
24.9355
24.5683
24.2012
23.8339
23.4664
23.0988
22.7317
22.3657
22.0021
21.642
21.2872
20.9388
20.5988
20.2682
19.9491
19.6422
19.3497
19.0711
18.8095
18.5619
18.3341
18.1186
17.9272
17.7425
17.5896
17.4309
17.3209
17.1814
17.1124
16.973
16.9396
16.8278
32.1501
31.7249
31.3029
30.8844
30.47
30.0601
29.6552
29.2556
28.8617
28.4736
28.0914
27.715
27.3443
26.9788
26.6179
26.261
25.9074
25.5561
25.2065
24.8578
24.5096
24.1614
23.8133
23.4654
23.118
22.772
22.4285
22.0885
21.7538
21.4252
21.1047
20.793
20.4924
20.2031
19.9276
19.6652
19.4189
19.1857
18.9719
18.7695
18.5908
18.418
18.2769
18.1293
18.0311
17.8999
17.8378
17.7078
17.6718
17.5487
32.1403
31.7295
31.322
30.9183
30.5187
30.1238
29.7341
29.35
28.9719
28.5999
28.2343
27.8749
27.5215
27.1737
26.8309
26.4924
26.1573
25.8249
25.4943
25.1648
24.836
24.5076
24.1796
23.8519
23.5251
23.1997
22.8771
22.5582
22.2447
21.9371
21.6371
21.3455
21.0643
20.7937
20.5364
20.2913
20.0613
19.8436
19.6445
19.4562
19.2911
19.1313
19.0026
18.8675
18.7814
18.659
18.6021
18.4832
18.445
18.3122
32.1468
31.7508
31.3582
30.9694
30.5849
30.2053
29.8312
29.463
29.1011
28.7458
28.3973
28.0555
27.7201
27.3906
27.0665
26.7468
26.4308
26.1176
25.8063
25.4964
25.1874
24.879
24.5713
24.2642
23.9582
23.6541
23.3529
23.0558
22.7641
22.4781
22.1995
21.9287
21.6677
21.4167
21.1785
20.9515
20.7383
20.5369
20.3532
20.1801
20.0289
19.8832
19.7672
19.6462
19.572
19.4581
19.4053
19.2986
19.2591
19.1195
32.1814
31.8001
31.4224
31.0486
30.6793
30.3151
29.9567
29.6046
29.2593
28.9211
28.5902
28.2664
27.9494
27.6386
27.3334
27.0328
26.736
26.4421
26.1502
25.8597
25.5705
25.2822
24.9948
24.7082
24.423
24.1401
23.8605
23.5855
23.316
23.0521
22.7951
22.5456
22.3051
22.074
21.8557
21.6471
21.4509
21.2665
21.0987
20.9415
20.8045
20.6741
20.5709
20.4651
20.4025
20.2964
20.2462
20.1541
20.1138
19.9718
32.2556
31.889
31.5259
31.1668
30.8125
30.4637
30.121
29.7852
29.4567
29.1358
28.8226
28.5171
28.2187
27.9267
27.6405
27.3589
27.0812
26.8062
26.5334
26.2622
25.9923
25.7237
25.4562
25.1897
24.9249
24.6628
24.4046
24.1518
23.9045
23.6625
23.4269
23.1986
22.9784
22.7673
22.5692
22.3791
22.1996
22.0329
21.8809
21.7404
21.6178
21.5039
21.4135
21.3232
21.2718
21.1719
21.1227
21.0491
21.0105
20.8711
32.3811
32.0286
31.6797
31.335
30.9954
30.6617
30.3347
30.0151
29.7034
29.3998
29.1046
28.8173
28.5374
28.2641
27.9966
27.7336
27.4744
27.2179
26.9635
26.7108
26.4597
26.2101
25.9617
25.7145
25.4693
25.2274
24.9899
24.7589
24.5332
24.3125
24.0977
23.8899
23.6889
23.4973
23.3195
23.1472
22.9839
22.8355
22.6993
22.5762
22.468
22.3724
22.2939
22.2177
22.1783
22.0814
22.0323
21.9822
21.9533
21.8196
32.5693
32.2302
31.8948
31.5641
31.2388
30.9199
30.6083
30.3048
30.0098
29.7235
29.446
29.1767
28.915
28.6599
28.4103
28.1653
27.9237
27.6848
27.4479
27.2128
26.9795
26.748
26.5176
26.2886
26.0617
25.8391
25.6212
25.4113
25.206
25.0054
24.8098
24.6213
24.4371
24.2642
24.1063
23.9504
23.8025
23.6732
23.5523
23.4478
23.3546
23.2797
23.2097
23.1428
23.1198
23.0193
22.9713
22.9496
22.9467
22.8219
32.8314
32.5049
32.1823
31.8647
31.5532
31.2488
30.9524
30.6647
30.3863
30.117
29.8569
29.6051
29.3609
29.1231
28.8904
28.662
28.4369
28.2145
27.9938
27.7752
27.5585
27.3439
27.1303
26.918
26.708
26.5033
26.3037
26.1138
25.9268
25.7444
25.5659
25.3943
25.2228
25.0673
24.9279
24.7864
24.6534
24.5437
24.4384
24.3545
24.2779
24.227
24.1543
24.0864
24.0974
23.9749
23.9931
23.9944
23.9893
23.8861
33.1785
32.8634
32.5527
32.2477
31.9495
31.6592
31.3778
31.1058
30.8435
30.5907
30.3473
30.1121
29.8842
29.6623
29.4451
29.2319
29.0217
28.8143
28.6085
28.4051
28.2036
28.0045
27.8062
27.6091
27.4143
27.2261
27.043
26.8714
26.7001
26.5335
26.3688
26.2109
26.0452
25.905
25.7817
25.6526
25.5345
25.4428
25.3576
25.2975
25.2414
25.2174
25.1109
25.0743
25.1165
25.0038
25.0813
25.074
25.1157
25.0129
33.6211
33.3165
33.017
32.724
32.4387
32.1623
31.8955
31.6387
31.3921
31.1549
30.9271
30.7071
30.494
30.2861
30.0823
29.8825
29.6854
29.4914
29.299
29.1093
28.9216
28.7366
28.5521
28.3687
28.1876
28.0144
27.8458
27.6902
27.5314
27.378
27.2225
27.074
26.9037
26.7746
26.6655
26.5463
26.4425
26.3616
26.3177
26.2851
26.2563
26.2549
26.1583
26.1315
26.1912
26.1078
26.226
26.2463
26.3405
26.2107
34.1696
33.8747
33.5858
33.3046
33.0321
32.7693
32.5169
32.2749
32.0429
31.8201
31.6063
31.3995
31.199
31.0027
30.81
30.6213
30.4355
30.2531
30.0725
29.895
29.7192
29.547
29.3751
29.2043
29.0357
28.8762
28.72
28.5773
28.4279
28.2849
28.133
27.9898
27.7991
27.6721
27.586
27.4659
27.3698
27.3553
27.3435
27.3454
27.3506
27.3641
27.3085
27.2671
27.3264
27.298
27.446
27.5093
27.6532
27.4921
34.8338
34.5487
34.2706
34.0013
33.7417
33.4924
33.2539
33.0258
32.8072
32.5968
32.3948
32.1988
32.0081
31.8204
31.6359
31.4561
31.2792
31.1068
30.9363
30.7689
30.6029
30.4422
30.2825
30.1238
29.9675
29.8205
29.6747
29.5415
29.3994
29.264
29.1094
28.97
28.7375
28.6088
28.5705
28.4057
28.4406
28.4932
28.5345
28.5756
28.6141
28.5364
28.5826
28.4935
28.6159
28.5812
28.7603
28.8722
29.0419
28.8723
35.6246
35.3504
35.0839
34.827
34.5805
34.3444
34.1195
33.904
33.6967
33.496
33.3032
33.1146
32.9303
32.7477
32.5682
32.3949
32.2246
32.0603
31.8982
31.738
31.5786
31.4284
31.2816
31.1355
30.9928
30.8575
30.721
30.5938
30.4582
30.3271
30.1655
30.0312
29.7439
29.6284
29.6311
29.4851
29.5874
29.7091
29.8165
29.8989
29.9473
29.8428
29.911
29.8312
29.9933
29.9812
30.1834
30.3543
30.5145
30.3672
36.5556
36.2942
36.0404
35.7965
35.5632
35.34
35.1279
34.923
34.7241
34.5298
34.3429
34.1578
33.976
33.7944
33.6164
33.4472
33.2812
33.1233
32.9672
32.8091
32.6503
32.5098
32.3794
32.2472
32.1216
31.9982
31.871
31.7472
31.618
31.4872
31.32
31.1828
30.9211
30.7817
30.7726
30.7111
30.8538
31.0389
31.2117
31.326
31.3342
31.276
31.3059
31.2966
31.4733
31.5086
31.7311
31.988
32.0926
31.9934
37.6455
37.3985
37.1581
36.9275
36.7072
36.4959
36.2954
36.0983
35.9042
35.7125
35.528
35.3418
35.1578
34.9732
34.7923
34.6247
34.4611
34.3082
34.1548
33.9888
33.8181
33.6874
33.582
33.4651
33.3633
33.2527
33.1384
33.017
32.893
32.7573
32.5974
32.4406
32.167
32.1296
32.1354
32.0931
32.2722
32.5102
32.7405
32.8426
32.9337
32.8516
32.8935
32.9101
33.1946
33.2014
33.435
33.829
33.8549
33.7723
38.9177
38.6856
38.4588
38.2412
38.033
37.832
37.6414
37.4482
37.2552
37.0621
36.8766
36.6841
36.4936
36.3018
36.1114
35.9422
35.7819
35.6332
35.4774
35.2854
35.0731
34.9545
34.896
34.7915
34.7258
34.628
34.5374
34.42
34.2996
34.1509
34.0147
33.8028
33.6109
33.6729
33.7378
33.6622
33.8767
34.1521
34.4163
34.6249
34.6248
34.6246
34.6789
34.7071
35.0527
35.0906
35.3278
35.8184
35.8137
35.7349
40.3393
40.122
39.9075
39.7013
39.5029
39.3094
39.1256
38.9322
38.7374
38.5399
38.3502
38.1464
37.947
37.7444
37.5332
37.3575
37.2099
37.0643
36.9001
36.6574
36.3313
36.2335
36.2773
36.1623
36.1562
36.0612
36.0181
35.9106
35.7929
35.6208
35.5145
35.2257
35.2201
35.3296
35.3844
35.3874
35.6254
35.9161
36.1987
36.4529
36.508
36.5589
36.61
36.6367
37.0209
37.1021
37.3558
37.9053
37.9087
37.8349
41.8661
41.6607
41.4559
41.2582
41.0665
40.8772
40.6962
40.5
40.3026
40.0988
39.9024
39.6856
39.4789
39.2628
39.018
38.82
38.7118
38.5661
38.3889
38.0976
37.7374
37.6495
37.7083
37.5028
37.606
37.4652
37.5244
37.4414
37.3259
37.1234
37.0505
36.7551
36.8418
37.0016
37.1822
37.2082
37.4527
37.7351
38.0269
38.2977
38.5072
38.6213
38.6161
38.6336
39.0462
39.1654
39.4547
40.0342
40.077
40.0122
43.5274
43.3283
43.1299
42.9376
42.7498
42.5615
42.3784
42.1776
41.9782
41.768
41.5625
41.3373
41.1234
40.8961
40.6355
40.4355
40.3205
40.1684
39.9732
39.6267
39.2886
39.2126
39.2618
39.009
39.1254
39.0371
39.0879
39.0398
38.9225
38.7194
38.6714
38.3912
38.5311
38.7364
38.9835
39.1181
39.3564
39.6288
39.9293
40.2126
40.5091
40.6985
40.729
40.7318
41.1681
41.3363
41.6744
42.257
42.3694
42.319
45.3207
45.1242
44.9301
44.7409
44.5544
44.3638
44.173
43.9651
43.7647
43.5502
43.3353
43.1073
42.8866
42.6513
42.3953
42.1993
42.0416
41.8746
41.6487
41.22
40.993
40.9329
40.9346
40.6475
40.6739
40.7782
40.7158
40.7
40.5758
40.4082
40.3797
40.1291
40.3053
40.549
40.8351
41.0481
41.3123
41.5915
41.9084
42.2065
42.5617
42.8143
42.979
42.9351
43.3977
43.6327
44.0332
44.5936
44.8071
44.7724
47.2471
47.0526
46.8613
46.6742
46.486
46.2896
46.0848
45.8647
45.665
45.4499
45.2276
44.9981
44.7727
44.5322
44.2795
44.0624
43.8759
43.6822
43.4011
43.0152
42.7968
42.6497
42.6985
42.4064
42.4014
42.5349
42.3939
42.4081
42.282
42.1781
42.1681
41.9718
42.1756
42.4518
42.7639
43.0313
43.332
43.63
43.9734
44.2915
44.6938
45.0262
45.2486
45.2696
45.7552
46.0619
46.5433
47.0666
47.4179
47.399
49.3165
49.1249
48.9349
48.7495
48.5565
48.3504
48.1248
47.8837
47.6882
47.4756
47.2484
47.0149
46.7862
46.5374
46.2767
46.0371
45.8238
45.5933
45.243
44.8711
44.5921
44.5344
44.5633
44.2885
44.2658
44.3876
44.2446
44.218
44.0488
44.0935
44.0148
43.933
44.1541
44.4573
44.7907
45.0954
45.4356
45.7606
46.1409
46.4861
46.939
47.3291
47.7509
47.7446
48.2743
48.637
49.22
49.7055
50.2268
50.2289
51.5545
51.3629
51.171
50.984
50.7848
50.5648
50.314
50.0411
49.8525
49.6423
49.4091
49.1678
48.9335
48.6718
48.3956
48.1351
47.896
47.6225
47.2239
46.7609
46.5808
46.5991
46.5193
46.3124
46.2658
46.3648
46.2594
46.1698
45.9827
46.0942
46.0648
46.0147
46.2565
46.5833
46.9356
47.2689
47.6499
48.0086
48.4359
48.8169
49.3317
49.7658
50.3459
50.4038
50.9881
51.387
52.0881
52.5454
53.2864
53.3065
53.9884
53.7975
53.5995
53.4045
53.1957
52.9579
52.6851
52.3907
52.185
51.9726
51.7266
51.4725
51.2269
50.9475
50.6523
50.372
50.104
49.7898
49.3552
48.847
48.7034
48.7471
48.5387
48.5222
48.4143
48.4919
48.319
48.2252
48.0839
48.1964
48.3239
48.2463
48.5079
48.8539
49.225
49.5841
50.0084
50.4083
50.8929
51.3193
51.9105
52.3859
53.1067
53.2778
53.9343
54.3601
55.1886
55.6386
56.6834
56.6824
56.6284
56.4685
56.2581
56.0485
55.8231
55.5631
55.2711
54.973
54.7344
54.4904
54.2245
53.9514
53.6866
53.3849
53.0685
52.7676
52.4687
52.1183
51.6572
51.1234
50.9941
51.0436
50.7961
50.7387
50.7688
50.7776
50.47
50.4282
50.3773
50.545
50.6922
50.6726
50.943
51.3025
51.6934
52.0806
52.5537
53.0046
53.5572
54.0396
54.7235
55.2485
56.0963
56.4094
57.1649
57.6179
58.5819
59.0669
60.3423
60.4313
59.5764
59.4212
59.1929
58.9614
58.7109
58.4234
58.1096
57.7942
57.5141
57.2312
56.9346
56.6343
56.3409
56.0117
55.6721
55.3479
55.0176
54.6362
54.1574
53.6104
53.4881
53.5356
53.3039
53.1863
53.2329
53.2036
52.8709
52.8876
52.8971
53.1803
53.3843
53.3295
53.6067
53.973
54.3851
54.8092
55.3406
55.855
56.4883
57.0388
57.8336
58.4238
59.392
59.8507
60.7419
61.2372
62.3539
62.9137
64.4062
64.6395
62.9003
62.722
62.4645
62.2002
61.9139
61.5912
61.2448
60.8953
60.5661
60.2356
59.8972
59.5595
59.227
58.8644
58.4977
58.1464
57.7854
57.3798
56.8936
56.3473
56.2261
56.27
56.1242
55.8726
55.8724
55.8458
55.5444
55.6421
55.705
56.0369
56.2996
56.2921
56.5577
56.9245
57.3615
57.8353
58.4402
59.0335
59.7631
60.3974
61.3239
61.9971
63.0895
63.6824
64.7457
65.3154
66.6173
67.2862
69.0124
69.4325
66.6704
66.452
66.1495
65.8382
65.502
65.1319
64.737
64.3361
63.9464
63.556
63.1627
62.7751
62.3919
61.9886
61.5891
61.2072
60.8172
60.3962
59.9159
59.3902
59.2577
59.303
59.1674
58.8852
58.7924
58.7732
58.5485
58.7786
58.8804
59.225
59.5378
59.6173
59.8679
60.2356
60.7083
61.2473
61.9459
62.6367
63.4814
64.2234
65.3025
66.0746
67.3113
68.0323
69.2996
69.9801
71.5147
72.3243
74.319
74.9689
70.9863
70.7123
70.345
69.9684
69.5647
69.1298
68.6667
68.194
67.7265
67.2591
66.7942
66.3414
65.8951
65.4428
65.0036
64.5884
64.1721
63.7464
63.2895
62.8146
62.6538
62.6657
62.53
62.1276
62.0646
62.0629
61.9742
62.2643
62.4933
62.8332
63.2009
63.3863
63.6304
64.0097
64.5381
65.165
65.9801
66.7908
67.7752
68.6526
69.9082
70.798
72.2154
73.0655
74.575
75.4012
77.2296
78.211
80.5303
81.4663
75.9816
75.6322
75.1746
74.7089
74.2174
73.6937
73.1372
72.5658
71.9953
71.4277
70.8702
70.3342
69.812
69.3024
68.8173
68.3682
67.9289
67.5095
67.0931
66.7347
66.5105
66.4422
66.2845
65.875
65.8871
65.954
65.9349
66.2617
66.5964
66.9643
67.3964
67.6935
67.9648
68.3854
69.0013
69.7455
70.7031
71.6634
72.8211
73.8627
75.327
76.3623
78.0026
78.9955
80.8019
81.8096
84.0027
85.1974
87.9153
89.2096
81.8302
81.3756
80.7956
80.2119
79.6072
78.9632
78.2775
77.5707
76.8629
76.1652
75.4901
74.8517
74.2416
73.668
73.1336
72.6528
72.1955
71.7906
71.4093
71.117
70.9248
70.7556
70.5922
70.2429
70.286
70.4599
70.5782
70.9366
71.3636
71.7885
72.2993
72.7176
73.0511
73.5527
74.2968
75.1946
76.3276
77.4792
78.8531
80.098
81.8125
83.0304
84.9421
86.1171
88.2876
89.52
92.1642
93.6275
96.8447
98.5963
88.754
88.1502
87.4084
86.6711
85.9173
85.1102
84.2465
83.3551
82.4658
81.602
80.7816
80.0228
79.3159
78.6759
78.0939
77.5892
77.123
76.7419
76.3933
76.1548
75.9914
75.7877
75.648
75.4208
75.4904
75.7801
76.0528
76.4856
77.0233
77.5377
78.1531
78.7096
79.1445
79.7737
80.6914
81.7864
83.146
84.5419
86.1865
87.6876
89.7089
91.166
93.4115
94.8327
97.4496
98.9651
102.178
103.979
107.84
110.167
97.0374
96.223
95.2704
94.3341
93.3797
92.3484
91.2399
90.1001
88.976
87.9069
86.9147
86.0225
85.2163
84.5154
83.8958
83.3831
82.925
82.583
82.2762
82.0994
81.9867
81.7884
81.7382
81.6771
81.8003
82.2125
82.6509
83.2075
83.8921
84.5354
85.2943
86.0187
86.6058
87.4147
88.5571
89.9053
91.5639
93.2692
95.2625
97.092
99.4944
101.274
103.946
105.692
108.868
110.75
114.694
116.925
121.628
124.693
107.042
105.942
104.716
103.515
102.287
100.943
99.5001
98.0341
96.6169
95.3053
94.1223
93.0948
92.1988
91.4551
90.8202
90.3275
89.9064
89.6297
89.3884
89.3006
89.2733
89.2008
89.2691
89.3919
89.6159
90.1686
90.8012
91.5358
92.4175
93.2427
94.1976
95.1375
95.9447
96.999
98.4301
100.11
102.154
104.259
106.706
108.965
111.851
114.066
117.294
119.481
123.363
125.739
130.639
133.425
139.241
143.262
119.234
117.786
116.188
114.621
113.006
111.224
109.335
107.456
105.691
104.112
102.736
101.591
100.634
99.8852
99.275
98.8481
98.5096
98.3404
98.2066
98.2627
98.3731
98.514
98.7262
99.0782
99.4855
100.241
101.121
102.1
103.241
104.327
105.55
106.779
107.895
109.285
111.098
113.216
115.752
118.385
121.419
124.252
127.768
130.581
134.535
137.333
142.125
145.186
151.353
154.872
162.184
167.469
134.241
132.364
130.258
128.17
126.001
123.614
121.15
118.777
116.63
114.785
113.244
112.033
111.074
110.387
109.868
109.578
109.393
109.394
109.466
109.725
110.05
110.474
110.913
111.561
112.25
113.305
114.519
115.836
117.319
118.777
120.371
122
123.549
125.399
127.728
130.434
133.607
136.943
140.738
144.34
148.723
152.355
157.258
160.921
166.928
170.936
178.812
183.322
192.684
199.638
152.913
150.5
147.671
144.823
141.86
138.673
135.515
132.597
130.082
128.025
126.402
125.224
124.369
123.853
123.531
123.49
123.554
123.827
124.212
124.808
125.455
126.267
127.057
128.102
129.207
130.691
132.372
134.162
136.123
138.104
140.218
142.407
144.563
147.053
150.087
153.597
157.628
161.908
166.713
171.341
176.927
181.694
187.857
192.75
200.417
205.747
215.968
221.839
234.067
243.241
176.424
173.301
169.399
165.435
161.378
157.209
153.296
149.862
147.085
144.953
143.415
142.45
141.876
141.704
141.744
142.037
142.553
143.31
144.16
145.259
146.4
147.76
149.081
150.686
152.396
154.481
156.828
159.293
161.945
164.664
167.522
170.505
173.514
176.902
180.918
185.543
190.756
196.329
202.506
208.539
215.749
222.123
230.018
236.638
246.611
253.822
267.288
275.052
291.343
303.473
206.412
202.257
196.732
191.172
185.737
180.51
175.93
172.165
169.393
167.456
166.316
165.86
165.86
166.124
166.829
167.832
169.033
170.525
172.098
173.954
175.847
178.002
180.122
182.535
185.118
188.064
191.347
194.786
198.455
202.224
206.171
210.289
214.499
219.165
224.568
230.759
237.627
245.002
253.081
261.075
270.485
279.127
289.448
298.528
311.721
321.654
339.625
350.051
372.144
388.265
245.24
239.406
231.495
223.838
216.967
210.888
206.029
202.39
200.159
198.884
198.713
198.934
199.927
201.324
203.08
205.194
207.487
210.103
212.792
215.791
218.819
222.147
225.459
229.058
232.884
237.076
241.705
246.55
251.712
256.989
262.519
268.294
274.201
280.708
288.088
296.502
305.717
315.642
326.399
337.176
349.663
361.481
375.227
387.864
405.568
419.485
443.709
457.955
488.341
510.002
296.423
287.762
276.698
266.834
259.108
252.95
248.744
246.147
245.445
245.541
246.757
248.818
251.518
254.712
258.185
262.039
266.039
270.374
274.76
279.482
284.21
289.287
294.339
299.677
305.268
311.289
317.876
324.763
332.093
339.563
347.374
355.559
363.911
373.075
383.306
394.911
407.498
421.089
435.688
450.488
467.396
483.752
502.387
520.233
544.301
564.151
597.03
617.04
659.171
689.137
365.575
352.742
338.679
327.912
321.268
316.837
315.17
315.322
316.952
320.117
324.333
329.354
334.921
340.959
347.145
353.683
360.288
367.218
374.133
381.424
388.647
396.307
403.863
411.719
419.867
428.565
438.025
447.899
458.384
469.059
480.203
491.904
503.844
516.879
531.303
547.586
565.144
584.152
604.446
625.251
648.741
671.829
697.664
723.334
756.568
785.569
830.48
860.207
918.384
962.728
463.373
447.629
434.512
427.602
426.61
427.479
430.655
436.544
443.779
452.016
461.272
471.079
481.182
491.58
501.888
512.437
522.888
533.643
544.242
555.277
566.124
577.537
588.739
600.322
612.25
624.941
638.711
653.071
668.289
683.794
699.991
717.009
734.459
753.43
774.342
797.86
823.187
850.69
879.991
910.346
944.266
978.052
1015.19
1053.33
1100.49
1144.65
1206.88
1255.2
1334.51
1408.43
619.173
616.8
620.421
629.467
641.689
654.776
668.558
684.399
700.814
717.224
734.244
751.294
768.142
784.932
801.258
817.666
833.772
850.159
866.266
882.909
899.282
916.426
933.385
950.908
969.062
988.34
1009.23
1031.03
1054.13
1077.75
1102.46
1128.45
1155.42
1184.82
1217.23
1253.53
1292.72
1335.39
1380.94
1428.56
1481.21
1534.37
1591.64
1652.28
1723.33
1796.32
1885.98
1975.71
2081.23
2228.47
957.704
1051.85
1135.18
1184.07
1222.92
1257.6
1288.56
1319.66
1349.83
1378.7
1407.47
1435.73
1463.37
1490.73
1517.38
1544.18
1570.63
1597.61
1624.41
1652.19
1679.85
1708.89
1738.3
1768.97
1801.23
1835.41
1872.29
1910.87
1951.83
1994.06
2038.28
2084.95
2134.35
2188.56
2248.26
2314.67
2386.71
2465.26
2549.56
2638.36
2735.28
2834.98
2939.8
3054.52
3180.28
3326.11
3473.12
3681.24
3818.54
4193.01
2488.99
3294.91
3745.75
3907.67
4029.32
4138.9
4225.97
4305.28
4381.55
4455.55
4529.46
4603.22
4676.74
4750.6
4824.12
4899.18
4974.97
5053.2
5132.41
5215.01
5299.35
5388.82
5482.08
5580.26
5683.87
5793.24
5910.24
6033.5
6164.28
6300.87
6444.07
6596.4
6760.16
6940.2
7137.63
7355.27
7591.59
7848.84
8125.01
8418.55
8734.36
9068.24
9410.34
9803.22
10195.9
10728
11131.5
11983.7
12188.9
13807.9
)
;

boundaryField
{
    inlet
    {
        type            fixedValue;
        value           uniform 14.855;
    }
    outlet
    {
        type            zeroGradient;
    }
    upperWall
    {
        type            epsilonWallFunction;
        blending        stepwise;
        value           nonuniform List<scalar> 
446
(
1707.91
5017.45
8476.5
11080.6
12550.9
13231
13208.9
13057.1
12674.8
12233
11792.2
11379.4
11004.8
10670.7
10375.3
10115.3
9886.44
9685.03
9507.23
9349.93
9210.09
9085.44
8973.63
8873.06
8781.95
8699.14
8623.31
8553.6
8489.12
8429.14
8373.18
8320.49
8270.98
8223.84
8179.19
8136.36
8103.76
8080.91
8058.74
8037.09
8016
7995.31
7975.11
7955.25
7935.88
7916.84
7898.26
7880.01
7862.19
7844.67
7827.59
7810.79
7794.41
7778.3
7762.58
7747.12
7732.05
7717.29
7702.86
7688.78
7674.94
7661.49
7648.27
7635.6
7623.12
7611.37
7599.82
7589.12
7578.59
7569.04
7559.75
7551.37
7543.55
7536.55
7530.5
7525.38
7521.14
7517.87
7516.27
7509.83
7510.98
7517.73
7524.45
7531.92
7540.04
7549.47
7559.95
7571.46
7584.25
7597.74
7612.14
7627.36
7643.1
7659.05
7675.98
7693.04
7709.34
7727.33
7733.45
7747.11
7752.03
7762.01
7763.34
7767.63
7776.02
7774.17
7776.34
7781.1
7784.64
7782.22
7776.18
7767.09
7755.9
7742.61
7728.14
7712.11
7695.5
7677.68
7659.75
7641.04
7622.29
7603.25
7583.44
7563.76
7543.87
7525.48
7507.43
7490.5
7473.47
7457.31
7441.16
7425.47
7409.78
7394.44
7379.02
7363.16
7348.17
7332.27
7315.88
7298.94
7279.91
7259.34
7238.18
7216.97
7194.61
7170.26
7144.55
7117.84
7089.76
7060.86
7031.53
7001.08
6969.89
6937.2
6903.98
6870.18
6834.82
6797.77
6759.21
6719.28
6678.24
6636.27
6593.57
6550.25
6506.59
6462.63
6418.52
6374.27
6329.94
6285.58
6241.18
6196.8
6152.52
6108.36
6064.31
6020.5
5977.02
5933.82
5890.51
5847.24
5803.9
5760.68
5717.64
5674.89
5632.59
5590.9
5549.67
5509.21
5469.23
5429.82
5390.98
5352.64
5315.11
5278.35
5242.28
5206.66
5171.37
5136.33
5101.56
5067.16
5033.18
4999.67
4966.61
4933.91
4901.49
4869.18
4836.91
4804.59
4772.13
4739.53
4706.79
4674.12
4641.77
4610.04
4579.28
4549.71
4521.46
4494.49
4468.7
4443.91
4419.95
4396.67
4373.99
4351.85
4330.39
4309.52
4289.3
4269.58
4250.34
4231.34
4212.61
4193.89
4175.2
4156.4
4137.39
4118.29
4099.09
4079.75
4060.27
4040.7
4021.09
4001.5
3981.98
3962.59
3943.34
3924.45
3905.74
3887.36
3869.22
3851.42
3833.78
3816.42
3799.21
3782.24
3765.4
3748.64
3732.08
3715.73
3699.45
3683.2
3667.03
3650.95
3635.03
3619.24
3603.6
3588.1
3572.78
3557.62
3542.73
3528.04
3513.66
3499.51
3485.74
3472.3
3459.28
3446.74
3434.7
3423.24
3412.35
3402.18
3392.48
3383.45
3374.56
3366.39
3358.38
3350.88
3343.44
3336.62
3329.85
3323.84
3317.94
3312.76
3307.08
3301.93
3297.18
3292.52
3288.67
3285.62
3282.54
3281.15
3278.51
3278.23
3276.82
3277.42
3277.8
3279.5
3280.44
3282.55
3285.79
3288.62
3292.68
3295.44
3299.82
3303.89
3307.8
3313.31
3318.74
3325.12
3331.2
3336.87
3343.04
3350.07
3352.46
3359.64
3367.91
3375.67
3384.84
3394.11
3406.67
3419.64
3430.02
3442.13
3451.44
3459.88
3466.1
3470.32
3473.69
3476.41
3479.08
3481.75
3484.48
3487.55
3490.68
3494.28
3497.93
3501.95
3506
3510.16
3514.43
3518.79
3523.02
3527.07
3530.98
3534.61
3537.98
3541.12
3543.79
3546.18
3547.85
3549.42
3549.66
3550.07
3548.62
3547.38
3544.32
3541.19
3536.82
3531.79
3525.94
3519.27
3511.24
3502.65
3493.19
3483.28
3472.41
3460.52
3447.37
3433.32
3417.11
3399.73
3380.94
3359.73
3336.04
3311.36
3283.31
3252.64
3217.36
3178.55
3132.66
3080.77
3018.78
2941.21
2860.64
2704.39
2628.57
2124.67
2488.99
3294.91
3745.75
3907.67
4029.32
4138.9
4225.97
4305.28
4381.55
4455.55
4529.46
4603.22
4676.74
4750.6
4824.12
4899.18
4974.97
5053.2
5132.41
5215.01
5299.35
5388.82
5482.08
5580.26
5683.87
5793.24
5910.24
6033.5
6164.28
6300.87
6444.07
6596.4
6760.16
6940.2
7137.63
7355.27
7591.59
7848.84
8125.01
8418.55
8734.36
9068.24
9410.34
9803.22
10195.9
10728
11131.5
11983.7
12188.9
13807.9
)
;
    }
    lowerWall
    {
        type            epsilonWallFunction;
        blending        stepwise;
        value           nonuniform List<scalar> 
500
(
3748.46
14615
22449.4
25291.2
25078.8
24162.3
22582.5
21114.4
19852.9
18808.3
17949.7
17247.9
16662.2
16174
15752.3
15391.1
15066.7
14781.1
14516.6
14277.3
14053.6
13847.4
13652
13471.9
13300.7
13143.4
12993.8
12857
12727.3
12609.5
12497.4
12399.2
12301
12227.5
12138.6
12086.3
2.59208
6.80254
26.9612
66.0374
112.98
154.34
184.831
204.689
217.331
223.878
225.887
222.992
217.038
216.436
238.731
262.375
284.223
302.507
316.697
327.524
334.777
338.956
338.949
336.671
330.796
320.26
305.788
287.915
267.399
245.032
221.797
196.714
171.887
150.754
133.625
120.292
110.451
103.78
99.8775
98.1184
97.6256
97.7288
98.0825
98.7888
99.9639
101.908
105.126
109.711
115.73
123.369
131.803
148.899
223.914
1035.36
2.59208
2.75707
5.60077
9.25712
13.1276
16.8403
20.2116
23.1812
25.7369
27.9108
29.7329
31.2462
32.474
33.4497
34.1781
34.6901
35.0364
35.1724
35.2343
35.1551
35.0115
35.0335
35.1427
35.5877
36.4826
37.8294
39.6092
41.742
44.118
46.5996
49.0705
51.4282
53.6592
55.7575
57.742
59.596
61.2906
62.617
63.4127
63.4909
63.1719
62.3113
61.1755
60.0797
59.9437
62.7848
68.3129
75.3837
83.6977
93.3149
104.349
116.939
130.601
144.907
159.687
174.822
190.131
205.489
220.748
235.934
250.945
265.835
280.512
295.059
309.376
323.568
337.528
351.375
364.995
378.518
391.821
405.041
418.05
430.992
443.727
456.409
468.89
481.327
493.572
505.783
517.804
529.795
541.598
553.366
564.939
576.468
587.789
599.053
610.102
621.085
631.848
642.536
653.008
663.41
673.617
683.785
693.808
703.844
713.788
723.797
733.792
744.002
754.283
764.468
774.474
784.447
794.279
803.89
812.992
821.896
831.683
843.029
854.323
863.15
870.692
879.64
889.043
888.982
900.759
905.421
908.671
910.271
911.833
908.873
917.608
915.68
927.434
926.647
921.911
927.446
935.439
935.399
926.718
935.599
933.021
918.284
925.619
921.566
904.553
910.709
905.476
885.172
890.603
884.279
862.559
867.487
859.498
836.584
841.103
832.744
809.07
812.811
802.853
776.483
770.361
758.559
751.345
731.567
730.027
735.3
708.45
715.274
707.078
685.223
688.001
666.267
667.115
643.613
643.301
639.286
615.808
614.817
608.976
583.157
579.739
570.179
562.375
554.142
546.086
538.047
530.07
522.149
514.288
506.49
498.754
491.085
483.48
475.943
468.469
461.059
453.706
446.403
439.139
431.898
424.664
417.439
410.291
403.26
396.346
389.554
382.841
376.214
369.67
363.21
356.832
350.537
344.323
338.191
332.141
326.173
320.287
314.473
308.642
302.677
296.841
291.082
285.408
279.817
274.309
268.881
263.529
258.253
253.059
247.952
242.92
237.936
233.018
228.255
223.62
218.861
214.767
212.942
212.115
211.525
211.016
210.549
210.117
209.717
209.341
208.991
208.662
208.364
208.091
207.83
207.628
207.445
207.283
207.139
207.041
206.967
206.826
206.718
206.603
206.459
206.442
206.348
206.356
206.51
206.535
206.642
206.793
206.856
206.779
206.864
207.12
207.217
207.433
207.677
208.046
208.3
208.541
208.973
209.302
209.713
210.169
210.698
211.207
211.778
212.426
213.104
213.856
214.69
215.513
216.271
217.153
217.947
218.807
219.49
220.276
220.807
221.67
221.76
221.894
221.95
221.899
221.722
221.415
220.976
220.415
219.737
218.965
218.106
217.191
216.224
215.251
214.254
213.302
212.359
211.461
210.63
209.877
209.194
208.602
208.087
207.658
207.309
207.063
206.882
206.817
206.777
206.921
206.911
207.088
207.39
207.515
207.945
208.574
209.221
209.932
210.605
211.227
211.93
212.576
213.313
214.105
214.896
215.538
216.629
216.659
217.497
217.644
218.451
219.591
219.611
219.843
220.138
220.349
220.589
221.217
220.559
220.418
220.701
219.178
219.083
216.711
215.942
212.146
209.782
203.388
192.746
193.714
202.163
218.219
236.849
254.124
270.362
286.257
301.434
316.156
330.312
344.396
358.644
372.736
387.214
401.974
417.225
432.775
448.864
465.365
482.591
500.38
519.065
538.531
559.079
580.717
603.514
627.561
653.02
679.894
708.42
738.577
770.696
804.726
841.103
879.75
921.187
965.334
1012.8
1063.67
1118.67
1177.67
1241.75
1310.65
1386.38
1466.86
1559.27
1650.85
1774.02
1868.78
2058.47
)
;
    }
    frontAndBack
    {
        type            empty;
    }
}


// ************************************************************************* //
