/*--------------------------------*- C++ -*----------------------------------*\
| =========                 |                                                 |
| \\      /  F ield         | OpenFOAM: The Open Source CFD Toolbox           |
|  \\    /   O peration     | Version:  2506                                  |
|   \\  /    A nd           | Website:  www.openfoam.com                      |
|    \\/     M anipulation  |                                                 |
\*---------------------------------------------------------------------------*/
FoamFile
{
    version     2.0;
    format      ascii;
    arch        "LSB;label=32;scalar=64";
    class       volScalarField;
    location    "100";
    object      p;
}
// * * * * * * * * * * * * * * * * * * * * * * * * * * * * * * * * * * * * * //

dimensions      [0 2 -2 0 0 0 0];

internalField   nonuniform List<scalar> 
48900
(
7.21827
2.29674
0.141553
-0.474162
-0.816562
-1.14024
-1.38444
-1.54665
-1.66519
-1.76395
-1.84913
-1.92313
-1.98898
-2.04909
-2.10502
-2.15744
-2.20678
-2.25325
-2.2973
-2.33919
-2.37888
-2.41685
-2.45311
-2.48763
-2.52055
-2.55207
-2.58243
-2.61184
-2.64057
-2.66895
-2.69744
-2.72661
-2.75769
-2.79025
-2.83332
-2.84851
0.30679
-0.714463
-1.1706
-1.07877
-1.09245
-1.25639
-1.42857
-1.55949
-1.66425
-1.75696
-1.83972
-1.91298
-1.97886
-2.03935
-2.09583
-2.14889
-2.19884
-2.24592
-2.29051
-2.33282
-2.37299
-2.41127
-2.44775
-2.48243
-2.51548
-2.54707
-2.57748
-2.60691
-2.63565
-2.66398
-2.69239
-2.72142
-2.75195
-2.78545
-2.82307
-2.89065
-0.579813
-0.0731816
-0.416419
-0.636167
-0.855279
-1.12243
-1.35259
-1.51709
-1.63996
-1.74189
-1.82942
-1.90494
-1.97148
-2.03191
-2.08796
-2.14049
-2.18989
-2.23652
-2.28075
-2.32281
-2.36298
-2.40128
-2.43782
-2.47264
-2.50588
-2.5377
-2.56833
-2.59797
-2.62687
-2.65527
-2.68361
-2.71238
-2.74229
-2.77471
-2.81064
-2.85708
-0.122049
0.171688
-0.379284
-0.745792
-0.971098
-1.19783
-1.3961
-1.54171
-1.65315
-1.74821
-1.83194
-1.90548
-1.97102
-2.031
-2.08677
-2.13904
-2.18811
-2.23435
-2.27803
-2.31951
-2.35899
-2.39659
-2.43237
-2.46649
-2.49903
-2.53021
-2.56021
-2.58927
-2.61753
-2.6453
-2.67278
-2.70049
-2.72872
-2.75849
-2.78727
-2.81574
0.058517
0.0110747
-0.508395
-0.825067
-1.00388
-1.19743
-1.38177
-1.5251
-1.63802
-1.73507
-1.82059
-1.89567
-1.96253
-2.02357
-2.08012
-2.13292
-2.18242
-2.22903
-2.27305
-2.31486
-2.3546
-2.39242
-2.42837
-2.46262
-2.49519
-2.52635
-2.55619
-2.58496
-2.61273
-2.63979
-2.66621
-2.69239
-2.71821
-2.74395
-2.76562
-2.78287
-0.00559556
-0.147484
-0.564933
-0.838181
-1.0097
-1.19699
-1.37719
-1.52014
-1.63374
-1.73104
-1.81652
-1.89163
-1.95864
-2.01977
-2.0763
-2.12899
-2.17838
-2.22489
-2.26885
-2.31057
-2.35021
-2.38788
-2.42369
-2.45778
-2.49021
-2.5212
-2.55084
-2.5793
-2.60666
-2.63306
-2.65855
-2.68326
-2.7068
-2.72875
-2.74519
-2.75409
-0.124679
-0.2537
-0.596375
-0.853005
-1.02783
-1.20876
-1.38084
-1.51985
-1.63199
-1.72838
-1.81328
-1.88826
-1.95538
-2.01661
-2.07319
-2.12587
-2.17525
-2.22173
-2.26567
-2.30729
-2.3468
-2.38429
-2.41993
-2.4538
-2.48605
-2.51678
-2.54612
-2.57414
-2.60093
-2.62653
-2.65093
-2.67403
-2.69527
-2.71378
-2.72615
-2.72958
-0.236259
-0.342393
-0.634824
-0.877535
-1.05057
-1.22241
-1.38538
-1.52002
-1.63053
-1.72605
-1.81047
-1.88535
-1.95256
-2.01388
-2.07051
-2.12323
-2.17263
-2.21913
-2.26303
-2.30457
-2.34395
-2.38132
-2.4168
-2.45051
-2.48257
-2.51305
-2.54206
-2.56963
-2.59582
-2.6206
-2.6439
-2.66546
-2.68461
-2.70026
-2.70964
-2.71015
-0.338844
-0.42834
-0.679724
-0.905025
-1.07277
-1.23578
-1.39056
-1.52107
-1.62987
-1.72444
-1.80829
-1.88295
-1.95012
-2.01146
-2.06811
-2.12086
-2.17027
-2.21675
-2.26059
-2.30205
-2.34134
-2.37859
-2.41395
-2.44751
-2.47937
-2.5096
-2.53827
-2.5654
-2.59101
-2.61502
-2.63729
-2.65745
-2.67482
-2.68824
-2.69554
-2.69454
-0.435099
-0.511472
-0.726799
-0.933458
-1.09473
-1.2496
-1.39682
-1.52316
-1.63002
-1.72347
-1.8066
-1.8809
-1.94794
-2.00923
-2.06588
-2.11862
-2.16802
-2.21445
-2.25824
-2.29963
-2.33883
-2.37598
-2.41122
-2.44463
-2.4763
-2.50628
-2.53462
-2.56133
-2.58639
-2.60969
-2.63102
-2.64997
-2.66585
-2.6776
-2.68355
-2.68192
-0.525403
-0.59067
-0.774903
-0.963287
-1.11729
-1.26425
-1.40417
-1.52622
-1.6309
-1.72303
-1.8053
-1.87912
-1.94595
-2.00714
-2.06374
-2.11645
-2.1658
-2.21219
-2.25591
-2.29724
-2.33637
-2.37343
-2.40855
-2.44182
-2.47329
-2.50304
-2.53107
-2.5574
-2.58195
-2.6046
-2.6251
-2.64303
-2.65774
-2.66832
-2.67349
-2.67184
-0.609929
-0.665892
-0.823838
-0.994758
-1.14073
-1.27982
-1.41261
-1.53025
-1.63251
-1.72312
-1.80439
-1.87763
-1.94415
-2.00519
-2.06168
-2.11432
-2.16361
-2.20994
-2.25361
-2.29488
-2.33393
-2.37091
-2.40591
-2.43904
-2.47034
-2.49986
-2.52763
-2.5536
-2.5777
-2.59978
-2.61958
-2.6367
-2.65055
-2.66037
-2.66523
-2.66404
-0.689147
-0.737412
-0.87326
-1.02772
-1.16513
-1.2964
-1.42223
-1.53534
-1.63494
-1.72383
-1.80396
-1.87649
-1.9426
-2.0034
-2.05973
-2.11225
-2.16145
-2.20771
-2.25133
-2.29253
-2.33151
-2.3684
-2.4033
-2.4363
-2.46745
-2.49678
-2.5243
-2.54996
-2.57367
-2.59527
-2.61452
-2.63103
-2.64431
-2.65374
-2.65867
-2.65824
-0.763594
-0.805469
-0.922729
-1.0619
-1.19049
-1.31407
-1.43309
-1.54157
-1.63829
-1.72526
-1.80408
-1.87578
-1.94137
-2.00182
-2.05793
-2.11029
-2.15938
-2.20555
-2.24909
-2.29022
-2.32913
-2.36593
-2.40074
-2.43363
-2.46464
-2.4938
-2.52111
-2.54651
-2.56991
-2.59114
-2.60997
-2.62608
-2.63906
-2.64841
-2.6537
-2.65428
-0.833736
-0.870263
-0.971867
-1.09701
-1.21675
-1.3328
-1.44521
-1.54898
-1.64262
-1.7275
-1.80485
-1.87556
-1.94051
-2.00054
-2.05635
-2.10851
-2.15744
-2.2035
-2.24694
-2.28799
-2.32681
-2.36354
-2.39826
-2.43105
-2.46195
-2.49098
-2.51811
-2.54331
-2.56647
-2.58744
-2.60601
-2.62191
-2.63481
-2.64434
-2.65023
-2.65196
-0.899974
-0.931988
-1.02038
-1.13278
-1.24382
-1.35256
-1.45854
-1.55757
-1.64799
-1.7306
-1.80634
-1.87593
-1.94012
-1.99963
-2.05507
-2.10695
-2.15569
-2.2016
-2.24493
-2.28588
-2.32462
-2.36127
-2.39591
-2.42862
-2.45942
-2.48834
-2.51535
-2.5404
-2.5634
-2.58422
-2.60267
-2.61854
-2.63157
-2.64149
-2.64817
-2.65118
-0.962644
-0.990815
-1.06803
-1.16893
-1.27156
-1.37322
-1.47301
-1.56732
-1.6544
-1.73461
-1.8086
-1.87695
-1.94026
-1.99914
-2.05414
-2.10569
-2.1542
-2.19992
-2.24311
-2.28395
-2.3226
-2.35916
-2.39374
-2.42637
-2.4571
-2.48594
-2.51287
-2.53784
-2.56077
-2.58154
-2.60001
-2.61601
-2.62934
-2.63982
-2.64743
-2.6518
-1.02204
-1.04692
-1.11465
-1.20523
-1.29983
-1.39469
-1.48853
-1.57817
-1.66183
-1.73953
-1.81166
-1.87864
-1.94097
-1.99915
-2.05362
-2.10479
-2.153
-2.19851
-2.24153
-2.28224
-2.32079
-2.35728
-2.39178
-2.42436
-2.45505
-2.48384
-2.51074
-2.53569
-2.55862
-2.57945
-2.59806
-2.61432
-2.6281
-2.63929
-2.64793
-2.65371
-1.07839
-1.10044
-1.16008
-1.24146
-1.32846
-1.41683
-1.50497
-1.59003
-1.67024
-1.74535
-1.81552
-1.88105
-1.9423
-1.99968
-2.05356
-2.10429
-2.15216
-2.19742
-2.24025
-2.28082
-2.31925
-2.35565
-2.3901
-2.42264
-2.4533
-2.48209
-2.50899
-2.53399
-2.55701
-2.57799
-2.59685
-2.61349
-2.62785
-2.63985
-2.64959
-2.65682
-1.13192
-1.15152
-1.20425
-1.27742
-1.35733
-1.43953
-1.52222
-1.60282
-1.67958
-1.75204
-1.82018
-1.88417
-1.94426
-2.00078
-2.054
-2.10422
-2.15172
-2.19669
-2.2393
-2.27971
-2.31802
-2.35434
-2.38874
-2.42125
-2.45191
-2.48073
-2.50769
-2.53279
-2.55598
-2.5772
-2.5964
-2.61353
-2.62855
-2.64146
-2.65235
-2.66103
-1.18279
-1.20026
-1.24706
-1.31294
-1.38625
-1.46265
-1.54016
-1.61644
-1.68978
-1.75956
-1.82562
-1.888
-1.94686
-2.00244
-2.05495
-2.10462
-2.1517
-2.19635
-2.23873
-2.27896
-2.31715
-2.35338
-2.38774
-2.42024
-2.45093
-2.4798
-2.50688
-2.53213
-2.55555
-2.57708
-2.59671
-2.61441
-2.63019
-2.64405
-2.65614
-2.66626
-1.23118
-1.24677
-1.28847
-1.34789
-1.41511
-1.48605
-1.55868
-1.63077
-1.70075
-1.76786
-1.8318
-1.89252
-1.9501
-2.00469
-2.05642
-2.10551
-2.15213
-2.19644
-2.23856
-2.2786
-2.31666
-2.35282
-2.38714
-2.41965
-2.45039
-2.47936
-2.50659
-2.53206
-2.55576
-2.57768
-2.59781
-2.61616
-2.63274
-2.64761
-2.6609
-2.67245
-1.27447
-1.2885
-1.32604
-1.3801
-1.44205
-1.50819
-1.57648
-1.64481
-1.71169
-1.77632
-1.83826
-1.89738
-1.95371
-2.00733
-2.05831
-2.1068
-2.15296
-2.19693
-2.2388
-2.27865
-2.31659
-2.35268
-2.38698
-2.41952
-2.45034
-2.47944
-2.50685
-2.53256
-2.55659
-2.57893
-2.59959
-2.61859
-2.63598
-2.65181
-2.66623
-2.6791
-1.3145
-1.3273
-1.36126
-1.41063
-1.46791
-1.52969
-1.59399
-1.65884
-1.7228
-1.78504
-1.84504
-1.90261
-1.95771
-2.01035
-2.06057
-2.10846
-2.15416
-2.19778
-2.23939
-2.27907
-2.31689
-2.35292
-2.38721
-2.4198
-2.45071
-2.47996
-2.50758
-2.53357
-2.55796
-2.58074
-2.60196
-2.62163
-2.63982
-2.65659
-2.67211
-2.68623
-1.35506
-1.36672
-1.39734
-1.44225
-1.49501
-1.55248
-1.6128
-1.67412
-1.73509
-1.79484
-1.8528
-1.90871
-1.96248
-2.01407
-2.06345
-2.11069
-2.15588
-2.19911
-2.24044
-2.27992
-2.31762
-2.35359
-2.38788
-2.42053
-2.45157
-2.48102
-2.50889
-2.53521
-2.56002
-2.58332
-2.60516
-2.62558
-2.64464
-2.66242
-2.67909
-2.69451
-1.39592
-1.40653
-1.43405
-1.47477
-1.52322
-1.57648
-1.63285
-1.69065
-1.74858
-1.80576
-1.8616
-1.91577
-1.96812
-2.01856
-2.06705
-2.11357
-2.15821
-2.20101
-2.24204
-2.28131
-2.31888
-2.35479
-2.3891
-2.42185
-2.45305
-2.48272
-2.5109
-2.53761
-2.5629
-2.58678
-2.60931
-2.63055
-2.65055
-2.66941
-2.68726
-2.70403
-1.43682
-1.44643
-1.47112
-1.50797
-1.55232
-1.60153
-1.65404
-1.70836
-1.76324
-1.8178
-1.87145
-1.92381
-1.97467
-2.02391
-2.07143
-2.11719
-2.16123
-2.20358
-2.24428
-2.28333
-2.32077
-2.35664
-2.391
-2.42386
-2.45526
-2.4852
-2.51374
-2.5409
-2.56674
-2.59127
-2.61457
-2.63667
-2.65768
-2.67766
-2.69675
-2.71489
-1.47743
-1.48613
-1.50827
-1.54157
-1.58207
-1.62743
-1.67622
-1.72714
-1.779
-1.83094
-1.88236
-1.93286
-1.98219
-2.03016
-2.07666
-2.12162
-2.16503
-2.20691
-2.24726
-2.28609
-2.32342
-2.35926
-2.39367
-2.42669
-2.45832
-2.4886
-2.51756
-2.54523
-2.57166
-2.59691
-2.62103
-2.64408
-2.66614
-2.68727
-2.70763
-2.72715
-1.51739
-1.52526
-1.54512
-1.57521
-1.61216
-1.6539
-1.69918
-1.74682
-1.79574
-1.8451
-1.89429
-1.94291
-1.99067
-2.03736
-2.08281
-2.12693
-2.16969
-2.21109
-2.25109
-2.28971
-2.32692
-2.36276
-2.39726
-2.43047
-2.46239
-2.49305
-2.52247
-2.55071
-2.57781
-2.60383
-2.62882
-2.65287
-2.67601
-2.69834
-2.71997
-2.74088
-1.55628
-1.5634
-1.58126
-1.60847
-1.64219
-1.68061
-1.72261
-1.76714
-1.81325
-1.86012
-1.90713
-1.95389
-2.00009
-2.0455
-2.0899
-2.13317
-2.17527
-2.21618
-2.25586
-2.29427
-2.33139
-2.36725
-2.40188
-2.43531
-2.46757
-2.49866
-2.52862
-2.55747
-2.5853
-2.61213
-2.63806
-2.66311
-2.68738
-2.71092
-2.73384
-2.75613
-1.59358
-1.60005
-1.61616
-1.64085
-1.6717
-1.70712
-1.74612
-1.78778
-1.83126
-1.87578
-1.92072
-1.96567
-2.01036
-2.05453
-2.09791
-2.14035
-2.18181
-2.22225
-2.26162
-2.29986
-2.33693
-2.37285
-2.40764
-2.44135
-2.47398
-2.50556
-2.53609
-2.56563
-2.59422
-2.62192
-2.64879
-2.6749
-2.7003
-2.72506
-2.74926
-2.7729
-1.62869
-1.63459
-1.64923
-1.67175
-1.70009
-1.73288
-1.76921
-1.80829
-1.84939
-1.89175
-1.93478
-1.97805
-2.02133
-2.06434
-2.10677
-2.14844
-2.1893
-2.22931
-2.26841
-2.30654
-2.34361
-2.37963
-2.41463
-2.44866
-2.48172
-2.51383
-2.545
-2.57526
-2.60465
-2.63325
-2.6611
-2.68827
-2.7148
-2.74076
-2.76622
-2.7912
-1.66086
-1.66629
-1.6797
-1.70043
-1.72667
-1.75721
-1.79127
-1.82813
-1.86714
-1.90762
-1.94896
-1.99075
-2.03275
-2.07472
-2.11633
-2.15734
-2.19768
-2.23733
-2.27624
-2.31431
-2.35145
-2.38765
-2.42292
-2.45731
-2.49085
-2.52354
-2.55539
-2.58642
-2.61666
-2.64616
-2.675
-2.70323
-2.73089
-2.75802
-2.78471
-2.81096
-1.68915
-1.69421
-1.70667
-1.72597
-1.75054
-1.77929
-1.81151
-1.84657
-1.88387
-1.92279
-1.96276
-2.00334
-2.04429
-2.08541
-2.12635
-2.16686
-2.20683
-2.24623
-2.28504
-2.32314
-2.36044
-2.39689
-2.43251
-2.46734
-2.5014
-2.53472
-2.56729
-2.59912
-2.63022
-2.66065
-2.69047
-2.71974
-2.7485
-2.77678
-2.80464
-2.83209
-1.71239
-1.71718
-1.72895
-1.74724
-1.77061
-1.79806
-1.82896
-1.86271
-1.89876
-1.93656
-1.97554
-2.01526
-2.05548
-2.096
-2.13652
-2.17674
-2.21653
-2.25585
-2.29468
-2.33294
-2.37051
-2.40732
-2.44337
-2.47871
-2.51335
-2.54733
-2.58066
-2.61332
-2.6453
-2.67665
-2.70744
-2.73773
-2.76754
-2.79691
-2.82588
-2.85447
-1.72902
-1.73366
-1.74504
-1.76277
-1.78547
-1.81221
-1.84238
-1.87542
-1.91081
-1.94802
-1.9865
-2.02581
-2.06571
-2.10599
-2.14638
-2.1866
-2.22645
-2.26591
-2.30496
-2.34353
-2.3815
-2.41879
-2.45538
-2.49131
-2.52662
-2.56132
-2.59542
-2.62891
-2.66179
-2.69407
-2.72581
-2.75708
-2.78791
-2.8183
-2.8483
-2.87795
-1.73695
-1.74159
-1.75295
-1.77065
-1.79333
-1.82006
-1.85024
-1.88331
-1.91876
-1.95605
-1.99465
-2.03414
-2.07424
-2.11476
-2.15544
-2.19599
-2.23623
-2.27612
-2.31563
-2.35471
-2.39325
-2.43115
-2.46839
-2.50502
-2.54106
-2.57654
-2.61145
-2.64578
-2.67954
-2.71273
-2.7454
-2.7776
-2.80937
-2.84072
-2.87167
-2.90226
-1.73329
-1.73812
-1.74992
-1.76827
-1.79176
-1.81938
-1.8505
-1.88456
-1.92099
-1.95923
-1.99877
-2.03917
-2.08015
-2.12152
-2.163
-2.20434
-2.24537
-2.28604
-2.32632
-2.36617
-2.40547
-2.44415
-2.48219
-2.51963
-2.5565
-2.59282
-2.62857
-2.66377
-2.69839
-2.73247
-2.76603
-2.79912
-2.83178
-2.86402
-2.89585
-2.9273
-1.71736
-1.72255
-1.73525
-1.75497
-1.78009
-1.80949
-1.84248
-1.87842
-1.91669
-1.95669
-1.99787
-2.03981
-2.08223
-2.12493
-2.16761
-2.21006
-2.25212
-2.29377
-2.33499
-2.3757
-2.41582
-2.45528
-2.49409
-2.5323
-2.56992
-2.60698
-2.64345
-2.67935
-2.71467
-2.74944
-2.78369
-2.81747
-2.85079
-2.88369
-2.91614
-2.94821
-1.6961
-1.70171
-1.71552
-1.7369
-1.764
-1.79556
-1.83077
-1.86894
-1.90936
-1.95138
-1.99442
-2.03808
-2.08208
-2.12619
-2.17014
-2.21372
-2.25683
-2.29944
-2.34153
-2.38304
-2.42388
-2.46403
-2.5035
-2.54234
-2.58057
-2.61821
-2.65525
-2.69168
-2.72752
-2.76281
-2.79758
-2.83186
-2.86567
-2.89902
-2.93192
-2.96441
-1.66839
-1.67458
-1.68985
-1.71339
-1.74305
-1.77736
-1.81537
-1.85629
-1.89934
-1.94379
-1.98906
-2.03473
-2.08055
-2.12626
-2.17163
-2.21645
-2.26069
-2.3043
-2.34731
-2.38961
-2.43118
-2.47198
-2.51208
-2.55151
-2.59031
-2.62846
-2.66599
-2.70287
-2.73917
-2.77489
-2.81009
-2.84477
-2.87898
-2.9127
-2.94597
-2.97878
-1.6349
-1.64182
-1.65892
-1.68515
-1.71798
-1.75563
-1.797
-1.84118
-1.8873
-1.93456
-1.98236
-2.03029
-2.0781
-2.12556
-2.17243
-2.21858
-2.26397
-2.30863
-2.35252
-2.39561
-2.43786
-2.47931
-2.51999
-2.55996
-2.59925
-2.63786
-2.6758
-2.71309
-2.74976
-2.78587
-2.82141
-2.85645
-2.89096
-2.925
-2.95853
-2.99165
-1.59614
-1.60395
-1.6233
-1.65284
-1.68948
-1.73109
-1.77638
-1.82431
-1.87389
-1.92429
-1.97487
-2.02525
-2.07518
-2.12447
-2.1729
-2.22039
-2.26695
-2.31262
-2.35738
-2.40121
-2.44411
-2.48614
-2.52735
-2.56781
-2.60752
-2.64652
-2.68482
-2.72245
-2.75944
-2.79585
-2.83169
-2.86699
-2.90177
-2.93604
-2.96982
-3.00315
-1.55251
-1.5614
-1.58347
-1.61699
-1.65817
-1.70439
-1.75414
-1.80628
-1.85972
-1.91352
-1.96708
-2.02003
-2.07217
-2.12331
-2.17331
-2.22214
-2.26984
-2.31647
-2.36204
-2.40654
-2.45005
-2.49259
-2.53428
-2.57514
-2.61524
-2.65455
-2.69316
-2.73105
-2.76833
-2.80496
-2.84106
-2.87656
-2.91156
-2.94601
-2.97998
-3.01346
-1.50432
-1.51448
-1.53984
-1.57814
-1.62464
-1.67612
-1.73088
-1.78767
-1.84529
-1.90273
-1.95939
-2.015
-2.06937
-2.12236
-2.1739
-2.22401
-2.27279
-2.32031
-2.3666
-2.41173
-2.45576
-2.49877
-2.54085
-2.58207
-2.62245
-2.66204
-2.70087
-2.73901
-2.77647
-2.81333
-2.84958
-2.88528
-2.9204
-2.95503
-2.98912
-3.02277
-1.45182
-1.46347
-1.49274
-1.53676
-1.58945
-1.64685
-1.70713
-1.76899
-1.83107
-1.89231
-1.95217
-2.01045
-2.06703
-2.12182
-2.17482
-2.22615
-2.27592
-2.32424
-2.37118
-2.41684
-2.46132
-2.50472
-2.54713
-2.58862
-2.62923
-2.66903
-2.70805
-2.74635
-2.78397
-2.82097
-2.85736
-2.89317
-2.92842
-2.96315
-2.99735
-3.03108
-1.39522
-1.40854
-1.44248
-1.49333
-1.55315
-1.61708
-1.68336
-1.75069
-1.81748
-1.88262
-1.9457
-2.00663
-2.06534
-2.12184
-2.17621
-2.22864
-2.27929
-2.3283
-2.37579
-2.4219
-2.46675
-2.51045
-2.55311
-2.59481
-2.6356
-2.67554
-2.7147
-2.75311
-2.79085
-2.82793
-2.86442
-2.90029
-2.93563
-2.97041
-3.00471
-3.03849
-1.33473
-1.34982
-1.38929
-1.44836
-1.5163
-1.5873
-1.66003
-1.73318
-1.80486
-1.87394
-1.9402
-2.00369
-2.06443
-2.1225
-2.17811
-2.23151
-2.28291
-2.3325
-2.38044
-2.4269
-2.47202
-2.51595
-2.55879
-2.60062
-2.64153
-2.68156
-2.72079
-2.75928
-2.79706
-2.83421
-2.87072
-2.90666
-2.94202
-2.97687
-3.01118
-3.04503
-1.27055
-1.28733
-1.33341
-1.40241
-1.47943
-1.5579
-1.6375
-1.71682
-1.79348
-1.86644
-1.93579
-2.00172
-2.06433
-2.12382
-2.18052
-2.23474
-2.28676
-2.33679
-2.38507
-2.43177
-2.47709
-2.52116
-2.5641
-2.606
-2.64696
-2.68703
-2.72629
-2.7648
-2.8026
-2.83975
-2.87628
-2.91221
-2.9476
-2.98245
-3.0168
-3.05066
-1.20299
-1.22091
-1.27507
-1.35616
-1.44302
-1.52919
-1.61611
-1.70189
-1.78352
-1.86023
-1.93251
-2.0007
-2.06499
-2.12572
-2.18332
-2.23821
-2.29069
-2.34106
-2.38956
-2.43642
-2.48184
-2.52596
-2.56893
-2.61086
-2.65182
-2.6919
-2.73115
-2.76963
-2.80741
-2.84453
-2.88104
-2.91696
-2.95234
-2.98719
-3.02154
-3.0554
-1.13253
-1.15012
-1.21447
-1.31042
-1.40756
-1.50141
-1.59605
-1.68852
-1.77501
-1.85525
-1.93025
-2.00049
-2.06627
-2.12804
-2.18637
-2.24175
-2.29456
-2.34514
-2.39378
-2.44072
-2.48616
-2.53028
-2.57323
-2.61513
-2.65606
-2.69611
-2.73532
-2.77377
-2.81151
-2.84858
-2.88504
-2.92093
-2.95627
-2.9911
-3.02545
-3.05932
-1.06009
-1.07421
-1.15162
-1.26577
-1.37331
-1.47474
-1.57749
-1.6767
-1.76777
-1.85127
-1.92876
-2.00085
-2.0679
-2.13054
-2.18944
-2.24518
-2.29822
-2.34892
-2.39762
-2.44458
-2.49001
-2.53409
-2.57698
-2.61882
-2.65969
-2.69968
-2.73884
-2.77724
-2.81493
-2.85196
-2.88837
-2.9242
-2.95949
-2.99429
-3.02862
-3.06251
-0.987018
-0.993064
-1.08727
-1.22218
-1.33932
-1.44863
-1.5603
-1.66629
-1.76162
-1.84809
-1.92786
-2.00157
-2.0697
-2.13305
-2.1924
-2.24841
-2.30158
-2.35234
-2.40105
-2.44798
-2.49337
-2.53741
-2.58025
-2.62202
-2.66282
-2.70273
-2.74183
-2.78017
-2.81781
-2.8548
-2.89116
-2.92694
-2.96217
-2.99693
-3.03124
-3.06514
-0.912465
-0.906504
-1.02601
-1.1815
-1.30395
-1.42092
-1.54291
-1.65632
-1.75598
-1.84546
-1.9275
-2.00276
-2.07184
-2.13575
-2.19543
-2.25161
-2.30483
-2.35558
-2.40423
-2.45108
-2.49638
-2.54036
-2.58316
-2.62488
-2.66562
-2.70545
-2.74446
-2.78273
-2.82032
-2.85727
-2.89359
-2.92933
-2.96451
-2.9992
-3.03348
-3.0674
-0.829375
-0.800036
-0.97104
-1.15211
-1.2722
-1.3928
-1.52428
-1.64495
-1.74903
-1.84182
-1.92653
-2.00369
-2.07396
-2.13858
-2.19868
-2.25509
-2.30841
-2.35917
-2.40775
-2.45447
-2.49963
-2.54351
-2.58625
-2.62793
-2.66862
-2.70838
-2.7473
-2.78548
-2.823
-2.85989
-2.89618
-2.93188
-2.96701
-3.00164
-3.0359
-3.06987
-0.750217
-0.626344
-0.887594
-1.1271
-1.2557
-1.38012
-1.51685
-1.64008
-1.74505
-1.83877
-1.92464
-2.00283
-2.07389
-2.13911
-2.19969
-2.25651
-2.31019
-2.36123
-2.41002
-2.45685
-2.50206
-2.54598
-2.58878
-2.63056
-2.67133
-2.71112
-2.75002
-2.78818
-2.82565
-2.86251
-2.89877
-2.93443
-2.96951
-3.00405
-3.03826
-3.07219
-0.813397
-0.420055
-0.70938
-1.01936
-1.20356
-1.36949
-1.52925
-1.66124
-1.76836
-1.86174
-1.94608
-2.0222
-2.09102
-2.1541
-2.21275
-2.26799
-2.3204
-2.37045
-2.41844
-2.46458
-2.50924
-2.5527
-2.59518
-2.63674
-2.67737
-2.71703
-2.75578
-2.79381
-2.83116
-2.86786
-2.90398
-2.93948
-2.97435
-3.00861
-3.04254
-3.07584
-1.16562
-0.616168
-0.683052
-0.829494
-0.99217
-1.20176
-1.40614
-1.57123
-1.7038
-1.81697
-1.91603
-2.00267
-2.07891
-2.14711
-2.20924
-2.26683
-2.32083
-2.3719
-2.42048
-2.4669
-2.51163
-2.55503
-2.59738
-2.6388
-2.67927
-2.71875
-2.75734
-2.79521
-2.83243
-2.86901
-2.90503
-2.94045
-2.97526
-3.00936
-3.04317
-3.0758
-0.645127
-1.44318
-1.68435
-1.51191
-1.42453
-1.49207
-1.60412
-1.70445
-1.79371
-1.87882
-1.95945
-2.0337
-2.10149
-2.1639
-2.22206
-2.27697
-2.32927
-2.37923
-2.4271
-2.47316
-2.51777
-2.56122
-2.60373
-2.64537
-2.6861
-2.72587
-2.76475
-2.80288
-2.84033
-2.87713
-2.91332
-2.94886
-2.98371
-3.01776
-3.05134
-3.08402
5.51886
1.85568
-0.0764777
-0.647769
-0.935954
-1.2222
-1.45837
-1.62733
-1.75488
-1.86197
-1.95536
-2.03698
-2.10897
-2.17371
-2.23314
-2.28868
-2.34123
-2.39119
-2.43886
-2.48462
-2.52885
-2.5719
-2.61399
-2.65518
-2.69544
-2.73474
-2.77315
-2.81081
-2.84781
-2.8842
-2.91998
-2.95511
-2.98956
-3.02317
-3.05612
-3.08752
-3.63366
-3.6301
-3.62483
-3.62173
-3.62396
-3.6329
-3.64832
-3.66904
-3.69334
-3.71952
-3.746
-3.77158
-3.7953
-3.81659
-3.83513
-3.85109
-3.86492
-3.87704
-3.88774
-3.89738
-3.90633
-3.91501
-3.92379
-3.93303
-3.94301
-3.95398
-3.9661
-3.9795
-3.99426
-4.01042
-4.02801
-4.04705
-4.06759
-4.08967
-4.11337
-4.13874
-4.16586
-4.19474
-4.22543
-4.25793
-4.29229
-4.32856
-4.36679
-4.4071
-4.44965
-4.49477
-4.54289
-4.59457
-4.6503
-4.71066
-4.7761
-4.84719
-4.92418
-5.00747
-5.09709
-5.19325
-5.2957
-5.40434
-5.51853
-5.6379
-5.76167
-5.88947
-6.02048
-6.15439
-6.29044
-6.42841
-6.56759
-6.70786
-6.84857
-6.98972
-7.13072
-7.2716
-7.41182
-7.5515
-7.69013
-7.82785
-7.96418
-8.09925
-8.23257
-8.3643
-8.49393
-8.62162
-8.74686
-8.8698
-8.98994
-9.10741
-9.22169
-9.33286
-9.44043
-9.54449
-9.64455
-9.74064
-9.83225
-9.91938
-10.0015
-10.0785
-10.1499
-10.2155
-10.2748
-10.3277
-10.3735
-10.4122
-10.4432
-10.4665
-10.4816
-10.4885
-10.487
-10.477
-10.4581
-10.4304
-10.3934
-10.3472
-10.2911
-10.2251
-10.1487
-10.0615
-9.96316
-9.8534
-9.73191
-9.59884
-9.45391
-9.29743
-9.12926
-8.94974
-8.75881
-8.5568
-8.3436
-8.11955
-7.88455
-7.63907
-7.38322
-7.11743
-6.84184
-6.55713
-6.26377
-5.96233
-5.65317
-5.33683
-5.01353
-4.68387
-4.34832
-4.00733
-3.6616
-3.31182
-2.95844
-2.60211
-2.24352
-1.88303
-1.5213
-1.15888
-0.796123
-0.433438
-0.0715709
0.289115
0.648022
1.00491
1.35934
1.71096
2.05911
2.40365
2.7443
3.08093
3.41309
3.741
4.06416
4.38257
4.69588
5.00428
5.30743
5.6054
5.89805
6.18537
6.46744
6.74428
7.01574
7.28176
7.5424
7.79772
8.04778
8.29265
8.53239
8.76708
8.99679
9.22161
9.44163
9.65692
9.8676
10.0737
10.2754
10.4728
10.6659
10.8549
11.0398
11.2207
11.3978
11.571
11.7405
11.9063
12.0687
12.2275
12.383
12.5352
12.6842
12.83
12.9727
13.1124
13.2491
13.3829
13.5139
13.6421
13.7676
13.8905
14.0107
14.1285
14.2437
14.3565
14.4668
14.5749
14.6806
14.784
14.8852
14.9843
15.0812
15.176
15.2688
15.3596
15.4485
15.5355
15.6206
15.7039
15.7853
15.865
15.9428
16.0188
16.093
16.1654
16.2361
16.3051
16.3725
16.4382
16.5023
16.5648
16.6257
16.6851
16.743
16.7995
16.8544
16.9079
16.96
17.0106
17.0599
17.1078
17.1543
17.1995
17.2434
17.2859
17.3272
17.3672
17.406
17.4435
17.4797
17.5148
17.5486
17.5812
17.6126
17.6429
17.6719
17.6998
17.7266
17.7522
17.7766
17.8
17.8223
17.8435
17.8637
17.883
17.9013
17.9188
17.9353
17.9511
17.9662
17.9805
17.9942
18.0073
18.0197
18.0317
18.0431
18.0541
18.0646
18.0747
18.0843
18.0935
18.1024
18.1109
18.119
18.1268
18.1342
18.1414
18.1482
18.1547
18.1609
18.1667
18.1723
18.1775
18.1824
18.187
18.1913
18.1953
18.1989
18.2022
18.2052
18.2078
18.2102
18.2121
18.2138
18.2153
18.2164
18.2172
18.2176
18.2178
18.2176
18.2172
18.2164
18.2154
18.2142
18.2126
18.2108
18.2088
18.2065
18.204
18.2013
18.1982
18.195
18.1915
18.1881
18.1845
18.181
18.1776
18.1743
18.1711
18.1682
18.1657
18.1636
18.1619
18.1608
18.1605
18.1611
18.1632
18.1668
18.1724
18.1805
18.1914
18.2059
18.2249
18.2496
18.2812
18.3228
18.3747
18.4508
18.5231
-3.64495
-3.64059
-3.63754
-3.6396
-3.64832
-3.66325
-3.68287
-3.70554
-3.72971
-3.75413
-3.77774
-3.79982
-3.81986
-3.83764
-3.85299
-3.8658
-3.87605
-3.88411
-3.89057
-3.89609
-3.90128
-3.90673
-3.91286
-3.92005
-3.92851
-3.93835
-3.94963
-3.96233
-3.97641
-3.99182
-4.00851
-4.02646
-4.04565
-4.0661
-4.08783
-4.11085
-4.13522
-4.16107
-4.1886
-4.21807
-4.24973
-4.2838
-4.32035
-4.35942
-4.40097
-4.44517
-4.49265
-4.54428
-4.60074
-4.66267
-4.73052
-4.80472
-4.88549
-4.97301
-5.06716
-5.16782
-5.27455
-5.38698
-5.50447
-5.62661
-5.7527
-5.8823
-6.01472
-6.14957
-6.28628
-6.42454
-6.56381
-6.7039
-6.84434
-6.98501
-7.12551
-7.26577
-7.40542
-7.54446
-7.68254
-7.81967
-7.95552
-8.09011
-8.22308
-8.35445
-8.4839
-8.6114
-8.73662
-8.85953
-8.97981
-9.0974
-9.21195
-9.3234
-9.43141
-9.5359
-9.63652
-9.73318
-9.82552
-9.91343
-9.99649
-10.0745
-10.1472
-10.2142
-10.2751
-10.3296
-10.3774
-10.4182
-10.4514
-10.477
-10.4945
-10.5037
-10.5044
-10.4963
-10.479
-10.4524
-10.4162
-10.3702
-10.3141
-10.2477
-10.1707
-10.083
-9.98436
-9.8748
-9.75416
-9.62252
-9.47962
-9.32533
-9.1595
-8.98237
-8.79388
-8.59415
-8.38326
-8.1615
-7.92901
-7.6859
-7.43226
-7.16851
-6.89513
-6.6125
-6.32112
-6.02178
-5.71465
-5.40009
-5.07877
-4.75091
-4.41683
-4.07732
-3.73291
-3.38416
-3.03189
-2.67653
-2.31859
-1.95884
-1.59769
-1.23555
-0.8731
-0.510624
-0.14871
0.211828
0.570648
0.927628
1.28224
1.63403
1.98259
2.32782
2.66914
3.00641
3.33949
3.66807
3.99195
4.31106
4.62513
4.93424
5.23819
5.53703
5.83047
6.11864
6.40162
6.67925
6.9515
7.21844
7.48002
7.73628
7.98729
8.2331
8.47378
8.7094
8.94004
9.16577
9.38669
9.60288
9.81444
10.0214
10.224
10.4222
10.6162
10.806
10.9917
11.1734
11.3512
11.5252
11.6954
11.8621
12.0251
12.1847
12.3409
12.4938
12.6435
12.7899
12.9333
13.0737
13.211
13.3455
13.4772
13.606
13.7321
13.8556
13.9765
14.0948
14.2106
14.324
14.435
14.5436
14.6499
14.7539
14.8557
14.9553
15.0527
15.1481
15.2415
15.3328
15.4222
15.5097
15.5953
15.6789
15.7607
15.8405
15.9185
15.9948
16.0692
16.1419
16.2129
16.2822
16.3499
16.4159
16.4803
16.5431
16.6044
16.6641
16.7224
16.7791
16.8344
16.8882
16.9406
16.9915
17.0411
17.0893
17.1362
17.1817
17.2258
17.2687
17.3103
17.3506
17.3897
17.4274
17.464
17.4993
17.5334
17.5663
17.598
17.6285
17.6579
17.686
17.713
17.7389
17.7637
17.7873
17.8099
17.8314
17.8519
17.8715
17.8901
17.9078
17.9246
17.9407
17.956
17.9706
17.9846
17.9979
18.0107
18.0229
18.0345
18.0458
18.0565
18.0668
18.0766
18.0861
18.0951
18.1039
18.1122
18.1202
18.1279
18.1353
18.1423
18.1491
18.1555
18.1615
18.1673
18.1728
18.178
18.1828
18.1874
18.1916
18.1955
18.199
18.2022
18.2051
18.2076
18.2098
18.2117
18.2133
18.2146
18.2155
18.2161
18.2164
18.2164
18.216
18.2154
18.2145
18.2133
18.2118
18.21
18.208
18.2058
18.2033
18.2005
18.1975
18.1943
18.1909
18.1874
18.1839
18.1804
18.177
18.1737
18.1705
18.1676
18.165
18.1628
18.1611
18.1599
18.1596
18.1603
18.1623
18.166
18.1716
18.1796
18.1904
18.2047
18.2234
18.2477
18.2786
18.3188
18.368
18.4384
18.4976
-3.65936
-3.65598
-3.65762
-3.66571
-3.68002
-3.69897
-3.72059
-3.7433
-3.76594
-3.78764
-3.80774
-3.82584
-3.84168
-3.85518
-3.86633
-3.87527
-3.88215
-3.88733
-3.89127
-3.89448
-3.89747
-3.90074
-3.9047
-3.90966
-3.91583
-3.92333
-3.93217
-3.94235
-3.95379
-3.96649
-3.98043
-3.99564
-4.01215
-4.02996
-4.04909
-4.06956
-4.0915
-4.11517
-4.14104
-4.16975
-4.20194
-4.23809
-4.27852
-4.32334
-4.37243
-4.42571
-4.48316
-4.54502
-4.61158
-4.68324
-4.76024
-4.84278
-4.93081
-5.02431
-5.12301
-5.22669
-5.33495
-5.44754
-5.56406
-5.68426
-5.80765
-5.93395
-6.06266
-6.19354
-6.32611
-6.46015
-6.59523
-6.73118
-6.86762
-7.00444
-7.1413
-7.27811
-7.41455
-7.55059
-7.68591
-7.82049
-7.95404
-8.0865
-8.2176
-8.34728
-8.47524
-8.60144
-8.72556
-8.84753
-8.96705
-9.08401
-9.19809
-9.30917
-9.41695
-9.5213
-9.62188
-9.71855
-9.811
-9.89905
-9.98236
-10.0607
-10.1338
-10.2014
-10.2631
-10.3187
-10.3678
-10.41
-10.4451
-10.4728
-10.4927
-10.5046
-10.5081
-10.503
-10.4888
-10.4654
-10.4323
-10.3894
-10.3363
-10.2728
-10.1987
-10.1137
-10.0178
-9.91102
-9.79315
-9.66414
-9.52382
-9.37216
-9.20916
-9.03486
-8.84923
-8.65238
-8.44439
-8.22537
-7.99547
-7.75485
-7.50371
-7.24246
-6.97151
-6.69134
-6.40242
-6.10514
-5.79997
-5.48746
-5.16803
-4.84197
-4.50971
-4.17182
-3.82886
-3.48142
-3.13014
-2.77563
-2.41846
-2.0592
-1.69839
-1.33649
-0.974048
-0.61166
-0.249903
0.110783
0.470083
0.827573
1.18268
1.53501
1.88432
2.23031
2.57255
2.91086
3.24497
3.57462
3.8996
4.21978
4.53502
4.84526
5.15038
5.45032
5.74488
6.03412
6.31814
6.59682
6.87017
7.13819
7.40087
7.65824
7.91034
8.15725
8.39901
8.6357
8.8674
9.09418
9.31613
9.53333
9.74588
9.95387
10.1574
10.3565
10.5514
10.7421
10.9287
11.1113
11.2899
11.4647
11.6358
11.8032
11.9671
12.1275
12.2844
12.438
12.5884
12.7356
12.8796
13.0207
13.1587
13.2938
13.4261
13.5556
13.6823
13.8064
13.9278
14.0467
14.163
14.2769
14.3884
14.4975
14.6043
14.7088
14.8111
14.9112
15.0092
15.1051
15.199
15.2909
15.3808
15.4688
15.5549
15.6392
15.7216
15.8021
15.8809
15.9578
16.033
16.1064
16.1781
16.2481
16.3164
16.3831
16.4481
16.5116
16.5735
16.6338
16.6926
16.7499
16.8057
16.8601
16.913
16.9644
17.0145
17.0632
17.1105
17.1565
17.2011
17.2444
17.2865
17.3272
17.3666
17.4048
17.4418
17.4775
17.512
17.5452
17.5773
17.6081
17.6378
17.6664
17.6937
17.7199
17.745
17.769
17.7919
17.8138
17.8346
17.8545
17.8735
17.8915
17.9087
17.9251
17.9408
17.9557
17.97
17.9836
17.9967
18.0092
18.0211
18.0326
18.0436
18.0542
18.0643
18.074
18.0833
18.0923
18.1009
18.1092
18.1172
18.1248
18.1321
18.1391
18.1458
18.1522
18.1584
18.1642
18.1697
18.1749
18.1798
18.1844
18.1886
18.1926
18.1962
18.1994
18.2023
18.2049
18.2072
18.2091
18.2107
18.2119
18.2128
18.2133
18.2136
18.2135
18.213
18.2123
18.2113
18.21
18.2083
18.2064
18.2042
18.2018
18.1991
18.1961
18.1929
18.1896
18.1861
18.1826
18.1792
18.1757
18.1724
18.1692
18.1662
18.1636
18.1613
18.1595
18.1584
18.158
18.1587
18.1607
18.1642
18.1696
18.1774
18.1879
18.2019
18.22
18.2433
18.2726
18.31
18.3543
18.4137
18.453
-3.67645
-3.67687
-3.68381
-3.69581
-3.71231
-3.73189
-3.75287
-3.77406
-3.79459
-3.8138
-3.83118
-3.8464
-3.85929
-3.86983
-3.8781
-3.88429
-3.88865
-3.89152
-3.89331
-3.89445
-3.89539
-3.89655
-3.89829
-3.9009
-3.90458
-3.90947
-3.9156
-3.923
-3.93168
-3.94174
-3.95333
-3.96664
-3.98192
-3.99936
-4.01912
-4.04138
-4.0663
-4.09413
-4.12526
-4.16015
-4.19923
-4.24283
-4.29111
-4.34405
-4.40136
-4.46277
-4.528
-4.59704
-4.67
-4.74709
-4.82838
-4.91399
-5.00386
-5.09798
-5.19618
-5.29841
-5.40443
-5.51413
-5.62724
-5.74359
-5.86282
-5.98474
-6.10899
-6.23538
-6.36353
-6.49325
-6.62419
-6.7562
-6.88894
-7.02231
-7.15599
-7.28988
-7.42368
-7.55733
-7.69054
-7.82325
-7.95517
-8.08624
-8.21617
-8.3449
-8.47213
-8.59779
-8.72159
-8.84343
-8.963
-9.08018
-9.19467
-9.30632
-9.41482
-9.52001
-9.62157
-9.71932
-9.81293
-9.9022
-9.9868
-10.0665
-10.141
-10.21
-10.2731
-10.3302
-10.3808
-10.4247
-10.4616
-10.4911
-10.5129
-10.5269
-10.5325
-10.5296
-10.5178
-10.4968
-10.4663
-10.4261
-10.3757
-10.3149
-10.2436
-10.1616
-10.0686
-9.96463
-9.84949
-9.72306
-9.58534
-9.43627
-9.27581
-9.10403
-8.92088
-8.72648
-8.52087
-8.30414
-8.07636
-7.83776
-7.58864
-7.32937
-7.06021
-6.78163
-6.49411
-6.19802
-5.89388
-5.58221
-5.26343
-4.93807
-4.60659
-4.2695
-3.92724
-3.5803
-3.22929
-2.87488
-2.51769
-2.15826
-1.79717
-1.43493
-1.07208
-0.709236
-0.346957
0.0143639
0.374364
0.732574
1.08846
1.44164
1.79184
2.13875
2.48202
2.82141
3.15665
3.48747
3.81365
4.13505
4.45153
4.763
5.06935
5.37047
5.66619
5.95659
6.24167
6.52142
6.79582
7.06487
7.32856
7.58695
7.84007
8.08798
8.33073
8.5684
8.80106
9.0288
9.25169
9.46982
9.68328
9.89217
10.0966
10.2966
10.4923
10.6838
10.8712
11.0546
11.234
11.4096
11.5815
11.7496
11.9142
12.0753
12.233
12.3873
12.5384
12.6863
12.831
12.9727
13.1113
13.2471
13.3799
13.51
13.6373
13.7619
13.8839
14.0033
14.1202
14.2346
14.3466
14.4562
14.5634
14.6684
14.7712
14.8718
14.9703
15.0667
15.1611
15.2535
15.3439
15.4324
15.519
15.6037
15.6865
15.7676
15.8468
15.9243
16
16.0739
16.1461
16.2166
16.2854
16.3526
16.4181
16.4821
16.5444
16.6052
16.6645
16.7222
16.7785
16.8333
16.8866
16.9385
16.9889
17.038
17.0857
17.1321
17.1771
17.2208
17.2631
17.3042
17.3439
17.3825
17.4197
17.4557
17.4905
17.5241
17.5564
17.5875
17.6175
17.6463
17.6739
17.7003
17.7257
17.7499
17.7731
17.7952
17.8163
17.8365
17.8557
17.874
17.8915
17.9081
17.924
17.9392
17.9537
17.9676
17.9809
17.9937
18.0059
18.0176
18.0288
18.0395
18.0499
18.0598
18.0693
18.0785
18.0873
18.0958
18.1039
18.1118
18.1193
18.1265
18.1335
18.1402
18.1466
18.1527
18.1585
18.1641
18.1693
18.1743
18.179
18.1833
18.1873
18.191
18.1944
18.1975
18.2002
18.2025
18.2045
18.2062
18.2075
18.2085
18.209
18.2093
18.2092
18.2088
18.208
18.2069
18.2055
18.2038
18.2018
18.1995
18.1969
18.194
18.1909
18.1876
18.1842
18.1808
18.1774
18.1739
18.1706
18.1673
18.1643
18.1616
18.1593
18.1575
18.1562
18.1557
18.1562
18.158
18.1613
18.1664
18.1737
18.1837
18.197
18.2141
18.2357
18.2626
18.2961
18.3341
18.3817
18.4045
-3.68674
-3.69145
-3.7019
-3.71568
-3.73261
-3.75154
-3.77117
-3.7906
-3.80916
-3.82633
-3.84167
-3.85493
-3.86596
-3.87476
-3.88142
-3.88614
-3.88918
-3.89086
-3.89156
-3.8917
-3.89165
-3.89179
-3.89243
-3.89383
-3.8962
-3.89973
-3.90452
-3.91073
-3.91853
-3.92816
-3.93998
-3.95439
-3.97181
-3.9926
-4.017
-4.04515
-4.07699
-4.11245
-4.15153
-4.19424
-4.24066
-4.29092
-4.34507
-4.40308
-4.46481
-4.53016
-4.59902
-4.67139
-4.74727
-4.82672
-4.90973
-4.99637
-5.08658
-5.18038
-5.27764
-5.37837
-5.48239
-5.58963
-5.69989
-5.81306
-5.92885
-6.04716
-6.16768
-6.29029
-6.41467
-6.5407
-6.66805
-6.79663
-6.92611
-7.05641
-7.18722
-7.31846
-7.44984
-7.58128
-7.71251
-7.84344
-7.97379
-8.1035
-8.23227
-8.36002
-8.48647
-8.61152
-8.73489
-8.85647
-8.97595
-9.09321
-9.20795
-9.32
-9.42907
-9.53497
-9.6374
-9.73614
-9.83088
-9.9214
-10.0074
-10.0885
-10.1645
-10.2352
-10.3
-10.3588
-10.4113
-10.4571
-10.4958
-10.5273
-10.5511
-10.5671
-10.5748
-10.574
-10.5643
-10.5455
-10.5172
-10.4792
-10.4312
-10.3728
-10.3039
-10.2243
-10.1337
-10.0321
-9.91922
-9.79502
-9.65944
-9.51242
-9.35391
-9.18396
-9.00255
-8.80975
-8.60561
-8.39024
-8.16375
-7.92639
-7.67845
-7.42023
-7.15204
-6.87426
-6.58729
-6.29158
-5.98759
-5.67581
-5.3567
-5.03086
-4.69887
-4.36126
-4.01851
-3.67108
-3.3195
-2.96437
-2.60633
-2.24597
-1.88388
-1.52062
-1.15675
-0.792842
-0.429443
-0.0669854
0.294113
0.653381
1.01035
1.36464
1.71594
2.06394
2.40831
2.74879
3.08512
3.41703
3.74431
4.0668
4.38436
4.69688
5.00424
5.30632
5.60302
5.89432
6.18032
6.46094
6.73616
7.00599
7.27045
7.52959
7.78345
8.03208
8.27555
8.51392
8.74727
8.97569
9.19924
9.41803
9.63215
9.84167
10.0467
10.2473
10.4437
10.6358
10.8238
11.0078
11.1878
11.364
11.5364
11.7051
11.8703
12.032
12.1902
12.3451
12.4967
12.645
12.7903
12.9325
13.0716
13.2079
13.3412
13.4718
13.5996
13.7247
13.8471
13.967
14.0843
14.1992
14.3116
14.4217
14.5294
14.6349
14.7382
14.8393
14.9382
15.0351
15.1299
15.2227
15.3135
15.4023
15.4893
15.5743
15.6575
15.7388
15.8184
15.8962
15.9722
16.0465
16.1191
16.1899
16.2591
16.3266
16.3925
16.4568
16.5195
16.5806
16.6402
16.6983
16.7549
16.81
16.8636
16.9158
16.9666
17.016
17.064
17.1106
17.1559
17.1999
17.2425
17.2839
17.3239
17.3627
17.4002
17.4364
17.4715
17.5052
17.5378
17.5691
17.5993
17.6283
17.6561
17.6828
17.7083
17.7327
17.7561
17.7784
17.7997
17.8199
17.8393
17.8578
17.8754
17.8922
17.9083
17.9237
17.9384
17.9524
17.9659
17.9788
17.9911
18.0029
18.0143
18.0252
18.0356
18.0457
18.0553
18.0646
18.0735
18.0821
18.0903
18.0982
18.1059
18.1132
18.1203
18.1271
18.1337
18.14
18.146
18.1518
18.1573
18.1626
18.1675
18.1722
18.1767
18.1808
18.1846
18.1881
18.1912
18.1941
18.1966
18.1987
18.2005
18.2019
18.203
18.2036
18.2039
18.2039
18.2035
18.2028
18.2017
18.2002
18.1984
18.1963
18.1939
18.1912
18.1882
18.185
18.1817
18.1784
18.175
18.1716
18.1682
18.165
18.1619
18.1592
18.1568
18.1548
18.1534
18.1528
18.153
18.1545
18.1575
18.1621
18.1689
18.1781
18.1903
18.2059
18.2254
18.2494
18.2784
18.3095
18.3463
18.3563
-3.67686
-3.68466
-3.69778
-3.71305
-3.7303
-3.74887
-3.76775
-3.78619
-3.80366
-3.81973
-3.83406
-3.84644
-3.85678
-3.8651
-3.87148
-3.8761
-3.87921
-3.8811
-3.88211
-3.88258
-3.88289
-3.88337
-3.88435
-3.88611
-3.88892
-3.89304
-3.89878
-3.90646
-3.91649
-3.9293
-3.9453
-3.96481
-3.98808
-4.01517
-4.04607
-4.08066
-4.11877
-4.16027
-4.2051
-4.25324
-4.30469
-4.35949
-4.41762
-4.47905
-4.54369
-4.61152
-4.68245
-4.75653
-4.83373
-4.91412
-4.99765
-5.08438
-5.17423
-5.26724
-5.36329
-5.46242
-5.56446
-5.66942
-5.77711
-5.88748
-6.0003
-6.11551
-6.23286
-6.35227
-6.47347
-6.59636
-6.72068
-6.84634
-6.97305
-7.10073
-7.22911
-7.35811
-7.48743
-7.61702
-7.74659
-7.87606
-8.00515
-8.13378
-8.26165
-8.3887
-8.51461
-8.63929
-8.76245
-8.88398
-9.00357
-9.12109
-9.23623
-9.34883
-9.45859
-9.56531
-9.66868
-9.7685
-9.86443
-9.95626
-10.0436
-10.1263
-10.204
-10.2763
-10.343
-10.4037
-10.4581
-10.5059
-10.5467
-10.5803
-10.6063
-10.6244
-10.6342
-10.6355
-10.628
-10.6113
-10.5852
-10.5493
-10.5034
-10.4472
-10.3804
-10.3029
-10.2143
-10.1147
-10.0037
-9.8813
-9.74739
-9.60193
-9.44485
-9.27616
-9.09587
-8.90403
-8.70069
-8.48599
-8.26007
-8.02317
-7.77557
-7.51756
-7.24946
-6.97164
-6.68448
-6.38842
-6.08388
-5.77133
-5.45125
-5.12421
-4.79084
-4.45179
-4.10759
-3.75872
-3.40571
-3.04911
-2.68952
-2.32756
-1.96383
-1.59892
-1.23341
-0.867855
-0.502798
-0.138707
0.223961
0.584744
0.943205
1.29896
1.65168
2.00103
2.34671
2.68845
3.02597
3.35903
3.68743
4.01099
4.32958
4.64306
4.95133
5.25426
5.55175
5.84387
6.13062
6.41195
6.68782
6.95826
7.2233
7.48299
7.73738
7.98652
8.23048
8.46933
8.70315
8.93201
9.15601
9.37523
9.58977
9.79972
10.0052
10.2062
10.4029
10.5955
10.7839
10.9682
11.1486
11.3252
11.498
11.6672
11.8327
11.9948
12.1534
12.3086
12.4606
12.6093
12.7549
12.8975
13.037
13.1736
13.3073
13.4382
13.5664
13.6918
13.8147
13.9349
14.0527
14.1679
14.2808
14.3913
14.4994
14.6053
14.709
14.8105
14.9099
15.0071
15.1023
15.1955
15.2867
15.3759
15.4631
15.5485
15.6319
15.7136
15.7934
15.8715
15.9478
16.0223
16.0952
16.1663
16.2358
16.3036
16.3697
16.4343
16.4973
16.5587
16.6186
16.6769
16.7338
16.7891
16.8431
16.8955
16.9466
16.9962
17.0445
17.0914
17.1369
17.1811
17.224
17.2656
17.3059
17.3449
17.3827
17.4191
17.4544
17.4884
17.5212
17.5528
17.5832
17.6124
17.6404
17.6672
17.6929
17.7175
17.741
17.7635
17.7849
17.8053
17.8248
17.8434
17.8611
17.878
17.8942
17.9097
17.9245
17.9387
17.9522
17.9652
17.9777
17.9896
18.001
18.012
18.0225
18.0326
18.0423
18.0516
18.0605
18.0691
18.0774
18.0853
18.093
18.1004
18.1075
18.1143
18.1209
18.1272
18.1334
18.1392
18.1449
18.1503
18.1554
18.1603
18.165
18.1694
18.1735
18.1774
18.1809
18.1842
18.1871
18.1897
18.192
18.1939
18.1954
18.1966
18.1974
18.1977
18.1978
18.1974
18.1967
18.1956
18.1941
18.1923
18.1902
18.1877
18.1848
18.1818
18.1786
18.1754
18.172
18.1687
18.1654
18.1621
18.159
18.1562
18.1537
18.1516
18.1501
18.1492
18.1492
18.1503
18.1528
18.1569
18.1629
18.1711
18.182
18.1958
18.213
18.2335
18.2577
18.2821
18.3091
18.309
-3.63703
-3.64721
-3.66452
-3.68278
-3.70153
-3.72077
-3.73982
-3.75814
-3.77536
-3.79117
-3.8054
-3.8179
-3.82864
-3.83766
-3.84506
-3.85099
-3.85566
-3.85932
-3.86226
-3.86479
-3.86724
-3.86995
-3.87327
-3.87757
-3.88326
-3.8908
-3.90065
-3.91325
-3.92891
-3.94785
-3.97019
-3.99601
-4.02535
-4.05821
-4.09454
-4.13424
-4.17715
-4.22315
-4.27212
-4.32407
-4.37896
-4.43681
-4.49757
-4.56124
-4.62774
-4.69708
-4.76921
-4.84417
-4.92192
-5.00254
-5.08598
-5.17231
-5.26145
-5.35345
-5.44822
-5.5458
-5.64606
-5.74902
-5.85452
-5.96255
-6.07291
-6.18559
-6.30035
-6.41716
-6.53578
-6.65614
-6.77801
-6.9013
-7.02577
-7.15135
-7.27777
-7.40497
-7.53267
-7.66081
-7.7891
-7.91747
-8.04564
-8.17353
-8.30084
-8.42749
-8.55318
-8.67781
-8.80107
-8.92284
-9.04283
-9.16089
-9.2767
-9.39011
-9.5008
-9.60858
-9.71313
-9.81424
-9.91157
-10.0049
-10.0939
-10.1782
-10.2577
-10.3319
-10.4005
-10.4632
-10.5197
-10.5696
-10.6127
-10.6485
-10.6767
-10.697
-10.7091
-10.7126
-10.7073
-10.6928
-10.6688
-10.6351
-10.5913
-10.5371
-10.4723
-10.3967
-10.3099
-10.212
-10.1026
-9.9817
-9.84913
-9.70485
-9.54878
-9.38093
-9.20128
-9.00991
-8.80687
-8.59229
-8.36634
-8.12925
-7.88128
-7.62274
-7.35395
-7.07528
-6.78714
-6.48994
-6.1841
-5.87009
-5.54842
-5.21963
-4.88433
-4.54318
-4.19677
-3.84569
-3.49049
-3.1317
-2.76991
-2.40573
-2.03979
-1.67268
-1.30499
-0.93729
-0.570113
-0.203959
0.160697
0.523394
0.883704
1.24124
1.59565
1.94661
2.2938
2.63695
2.9758
3.31012
3.63969
3.96434
4.28393
4.59834
4.90746
5.21118
5.50942
5.80221
6.08961
6.37153
6.64793
6.91885
7.18432
7.44442
7.69917
7.94867
8.19295
8.43211
8.66621
8.89536
9.11962
9.33911
9.55389
9.76409
9.96978
10.1711
10.368
10.5608
10.7494
10.934
11.1147
11.2915
11.4646
11.6339
11.7997
11.962
12.1208
12.2763
12.4285
12.5775
12.7234
12.8661
13.0059
13.1428
13.2767
13.4079
13.5364
13.6621
13.7853
13.9059
14.0239
14.1396
14.2528
14.3636
14.4721
14.5784
14.6824
14.7843
14.884
14.9816
15.0771
15.1706
15.2621
15.3516
15.4391
15.5247
15.6085
15.6904
15.7705
15.8488
15.9253
16.0001
16.0732
16.1446
16.2143
16.2824
16.3488
16.4136
16.4768
16.5385
16.5986
16.6572
16.7143
16.7699
16.8241
16.8768
16.9281
16.978
17.0265
17.0736
17.1194
17.1638
17.2069
17.2488
17.2893
17.3285
17.3665
17.4032
17.4387
17.4729
17.506
17.5378
17.5684
17.5978
17.626
17.6531
17.679
17.7038
17.7275
17.7501
17.7717
17.7922
17.8118
17.8305
17.8483
17.8654
17.8816
17.8972
17.9121
17.9263
17.94
17.9531
17.9656
17.9776
17.9891
18.0001
18.0107
18.0208
18.0305
18.0399
18.0488
18.0574
18.0656
18.0736
18.0812
18.0885
18.0956
18.1023
18.1089
18.1152
18.1213
18.1271
18.1327
18.1382
18.1434
18.1484
18.1531
18.1577
18.162
18.1661
18.17
18.1735
18.1768
18.1798
18.1825
18.1848
18.1868
18.1884
18.1896
18.1904
18.1909
18.1909
18.1906
18.1899
18.1888
18.1874
18.1856
18.1833
18.1807
18.1778
18.1748
18.1717
18.1685
18.1652
18.1619
18.1587
18.1556
18.1527
18.1501
18.1479
18.1461
18.145
18.1447
18.1455
18.1475
18.1509
18.1559
18.163
18.1723
18.1841
18.1986
18.2156
18.2348
18.2528
18.271
18.2626
-3.56516
-3.57888
-3.60274
-3.6258
-3.64731
-3.66812
-3.68809
-3.70692
-3.7245
-3.74071
-3.75555
-3.76899
-3.78111
-3.79194
-3.80161
-3.81023
-3.81799
-3.82505
-3.83169
-3.83816
-3.8448
-3.85198
-3.86014
-3.86977
-3.88131
-3.89512
-3.91153
-3.93077
-3.95296
-3.97823
-4.00663
-4.03821
-4.07295
-4.11083
-4.15172
-4.19554
-4.24217
-4.29154
-4.3436
-4.39833
-4.45567
-4.51566
-4.57822
-4.64339
-4.71111
-4.78141
-4.85425
-4.92967
-5.00765
-5.08827
-5.17146
-5.25731
-5.34576
-5.43686
-5.53054
-5.62684
-5.72565
-5.82701
-5.93078
-6.03698
-6.14543
-6.25613
-6.3689
-6.48369
-6.60032
-6.71873
-6.8387
-6.96019
-7.08295
-7.20693
-7.33188
-7.45774
-7.58425
-7.71134
-7.83875
-7.96639
-8.09399
-8.22147
-8.34853
-8.4751
-8.60085
-8.7257
-8.84934
-8.97164
-9.0923
-9.21117
-9.32793
-9.44241
-9.55429
-9.66339
-9.76936
-9.872
-9.97096
-10.066
-10.1568
-10.2431
-10.3245
-10.4007
-10.4715
-10.5364
-10.5951
-10.6473
-10.6927
-10.7308
-10.7613
-10.784
-10.7984
-10.8043
-10.8012
-10.789
-10.7672
-10.7356
-10.6938
-10.6416
-10.5787
-10.5049
-10.4198
-10.3234
-10.2154
-10.0957
-9.96423
-9.82082
-9.66545
-9.49808
-9.31873
-9.12744
-8.92428
-8.70938
-8.48291
-8.2451
-7.9962
-7.73653
-7.46641
-7.18623
-6.89639
-6.59733
-6.28947
-5.97332
-5.64939
-5.31825
-4.98045
-4.63664
-4.28745
-3.93354
-3.57549
-3.21388
-2.84929
-2.48232
-2.11362
-1.7438
-1.37344
-1.00313
-0.633413
-0.264803
0.102211
0.467168
0.82964
1.18923
1.54558
1.89835
2.24724
2.59196
2.93226
3.26791
3.59871
3.92449
4.24511
4.56044
4.8704
5.17486
5.47377
5.7672
6.05514
6.33755
6.61438
6.88566
7.15147
7.41184
7.66685
7.91656
8.16104
8.40037
8.63464
8.86392
9.08832
9.30793
9.52284
9.73315
9.93895
10.1403
10.3374
10.5303
10.719
10.9038
11.0845
11.2615
11.4347
11.6042
11.7701
11.9325
12.0914
12.2471
12.3994
12.5485
12.6945
12.8375
12.9775
13.1145
13.2487
13.3801
13.5088
13.6349
13.7583
13.8792
13.9975
14.1134
14.2269
14.338
14.4469
14.5534
14.6577
14.7599
14.8598
14.9577
15.0535
15.1473
15.2391
15.3288
15.4166
15.5025
15.5865
15.6687
15.749
15.8276
15.9044
15.9794
16.0527
16.1243
16.1943
16.2625
16.3292
16.3942
16.4577
16.5196
16.5799
16.6388
16.6961
16.7519
16.8063
16.8592
16.9107
16.9608
17.0096
17.0569
17.1029
17.1475
17.1909
17.2329
17.2736
17.3131
17.3513
17.3882
17.4239
17.4584
17.4916
17.5237
17.5545
17.5842
17.6126
17.64
17.6661
17.6911
17.715
17.7379
17.7596
17.7803
17.8001
17.8189
17.8368
17.854
17.8703
17.886
17.901
17.9153
17.929
17.9422
17.9548
17.9669
17.9784
17.9895
18.0001
18.0103
18.02
18.0293
18.0383
18.0469
18.0551
18.063
18.0705
18.0778
18.0848
18.0915
18.0979
18.1042
18.1101
18.1159
18.1215
18.1268
18.132
18.1369
18.1417
18.1463
18.1507
18.1549
18.1589
18.1626
18.1661
18.1694
18.1723
18.175
18.1773
18.1793
18.181
18.1822
18.1831
18.1836
18.1836
18.1833
18.1825
18.1815
18.18
18.1781
18.1758
18.1731
18.1703
18.1674
18.1643
18.1612
18.1579
18.1547
18.1515
18.1486
18.1459
18.1436
18.1417
18.1404
18.1397
18.14
18.1414
18.144
18.148
18.1537
18.1614
18.1711
18.1828
18.1961
18.2104
18.2223
18.2327
18.2177
-3.46672
-3.486
-3.51824
-3.54738
-3.57246
-3.59544
-3.61682
-3.63664
-3.65506
-3.67221
-3.68825
-3.70334
-3.71766
-3.7313
-3.74438
-3.75699
-3.76926
-3.7813
-3.79336
-3.80567
-3.81862
-3.83254
-3.84781
-3.86471
-3.88356
-3.9046
-3.92804
-3.95402
-3.98263
-4.01393
-4.04796
-4.08471
-4.12414
-4.16622
-4.2109
-4.25812
-4.30779
-4.35992
-4.41441
-4.47128
-4.53049
-4.59206
-4.65595
-4.72222
-4.7908
-4.86177
-4.93507
-5.0108
-5.08889
-5.16945
-5.25242
-5.33788
-5.42578
-5.5162
-5.60904
-5.70438
-5.80211
-5.90229
-6.00479
-6.10963
-6.21668
-6.32594
-6.43724
-6.55057
-6.66575
-6.78276
-6.90138
-7.02158
-7.14314
-7.26602
-7.38997
-7.51495
-7.64071
-7.76717
-7.89409
-8.02139
-8.14879
-8.27622
-8.40337
-8.53018
-8.65632
-8.7817
-8.90601
-9.02913
-9.15073
-9.27067
-9.38864
-9.50444
-9.61778
-9.72843
-9.83607
-9.94048
-10.0413
-10.1383
-10.2312
-10.3196
-10.4032
-10.4817
-10.5547
-10.622
-10.6831
-10.7378
-10.7856
-10.8262
-10.8592
-10.8843
-10.9012
-10.9095
-10.9088
-10.8988
-10.8793
-10.8498
-10.8101
-10.7599
-10.6989
-10.6267
-10.5433
-10.4483
-10.3416
-10.2229
-10.0923
-9.94956
-9.79463
-9.62749
-9.44812
-9.25659
-9.05296
-8.83736
-8.60996
-8.37099
-8.1207
-7.8594
-7.58743
-7.30518
-7.01308
-6.71154
-6.40107
-6.08216
-5.75534
-5.42117
-5.08026
-4.73323
-4.38074
-4.02344
-3.66199
-3.29699
-2.92903
-2.55874
-2.18676
-1.81372
-1.44024
-1.06689
-0.69424
-0.322806
0.046911
0.414442
0.779351
1.14124
1.49975
1.85452
2.20527
2.5517
2.89356
3.23064
3.56274
3.88969
4.21135
4.52761
4.83838
5.14357
5.44313
5.73709
6.02554
6.30835
6.58553
6.85709
7.12313
7.38368
7.63885
7.88866
8.13324
8.37263
8.60695
8.83627
9.0607
9.28031
9.49524
9.70554
9.91136
10.1128
10.3098
10.5027
10.6915
10.8762
11.057
11.234
11.4072
11.5767
11.7426
11.9051
12.0641
12.2198
12.3722
12.5215
12.6676
12.8107
12.9509
13.0881
13.2225
13.3542
13.4831
13.6093
13.733
13.8541
13.9727
14.0888
14.2026
14.314
14.423
14.5298
14.6344
14.7368
14.837
14.9351
15.0312
15.1252
15.2172
15.3072
15.3953
15.4814
15.5657
15.648
15.7286
15.8074
15.8844
15.9596
16.0332
16.105
16.1752
16.2437
16.3105
16.3758
16.4395
16.5016
16.5622
16.6212
16.6787
16.7348
16.7894
16.8425
16.8942
16.9445
16.9935
17.041
17.0872
17.132
17.1756
17.2178
17.2587
17.2984
17.3368
17.3739
17.4098
17.4445
17.478
17.5102
17.5413
17.5712
17.5999
17.6274
17.6538
17.6791
17.7033
17.7263
17.7483
17.7692
17.7891
17.8081
17.8262
17.8435
17.86
17.8758
17.8909
17.9053
17.9192
17.9324
17.9451
17.9572
17.9688
17.98
17.9906
18.0008
18.0106
18.0199
18.0289
18.0375
18.0457
18.0535
18.061
18.0682
18.0751
18.0818
18.0881
18.0942
18.1001
18.1058
18.1112
18.1165
18.1215
18.1264
18.1311
18.1356
18.1399
18.1441
18.1481
18.1519
18.1555
18.1589
18.1621
18.165
18.1676
18.1699
18.1718
18.1735
18.1747
18.1755
18.1759
18.1759
18.1755
18.1748
18.1737
18.1721
18.1701
18.1678
18.1652
18.1625
18.1595
18.1565
18.1533
18.1501
18.147
18.144
18.1412
18.1388
18.1366
18.1351
18.1341
18.1339
18.1346
18.1364
18.1393
18.1436
18.1495
18.157
18.1658
18.1754
18.185
18.1912
18.1949
18.1742
-3.35296
-3.37866
-3.41987
-3.45565
-3.48468
-3.51017
-3.53333
-3.55454
-3.57424
-3.59282
-3.61064
-3.62805
-3.64535
-3.6627
-3.6802
-3.6979
-3.71588
-3.73424
-3.75316
-3.77279
-3.79333
-3.81499
-3.83802
-3.86261
-3.88895
-3.91718
-3.94744
-3.97982
-4.01437
-4.05113
-4.09012
-4.13136
-4.17484
-4.22057
-4.26849
-4.31861
-4.37085
-4.42523
-4.4817
-4.5403
-4.60099
-4.66383
-4.72878
-4.79591
-4.86518
-4.93668
-5.01038
-5.08635
-5.16457
-5.24513
-5.32797
-5.4132
-5.50075
-5.59072
-5.68301
-5.77771
-5.87472
-5.9741
-6.07574
-6.17968
-6.28579
-6.39408
-6.50441
-6.61678
-6.73102
-6.84712
-6.96489
-7.08429
-7.20514
-7.32738
-7.4508
-7.57534
-7.70077
-7.82703
-7.95386
-8.0812
-8.20877
-8.33649
-8.46409
-8.59146
-8.71831
-8.84452
-8.96979
-9.094
-9.21682
-9.3381
-9.45752
-9.57491
-9.68994
-9.80239
-9.91194
-10.0184
-10.1213
-10.2205
-10.3156
-10.4063
-10.4923
-10.5733
-10.6489
-10.7187
-10.7824
-10.8397
-10.8901
-10.9334
-10.9691
-10.9968
-11.0163
-11.0271
-11.0289
-11.0214
-11.0041
-10.9769
-10.9394
-10.8912
-10.832
-10.7616
-10.6797
-10.5861
-10.4805
-10.3629
-10.233
-10.0907
-9.93603
-9.7689
-9.58929
-9.39726
-9.19286
-8.97624
-8.74756
-8.50704
-8.25495
-7.99158
-7.71731
-7.43251
-7.13762
-6.83311
-6.51948
-6.19724
-5.86695
-5.52918
-5.18458
-4.83378
-4.47745
-4.11625
-3.75087
-3.38193
-3.01008
-2.63594
-2.2602
-1.8835
-1.50646
-1.12966
-0.753693
-0.379086
-0.0063485
0.364046
0.731656
1.09608
1.45694
1.8139
2.16664
2.51491
2.85844
3.19702
3.53047
3.85863
4.18136
4.49855
4.81013
5.11602
5.41616
5.71066
5.99952
6.28268
6.56012
6.83189
7.09807
7.35874
7.61395
7.86381
8.10837
8.34775
8.58201
8.81128
9.03563
9.25517
9.47
9.68023
9.88595
10.0873
10.2843
10.4771
10.6657
10.8504
11.0311
11.208
11.3812
11.5507
11.7166
11.8791
12.0381
12.1939
12.3464
12.4957
12.642
12.7853
12.9255
13.063
13.1975
13.3293
13.4584
13.5849
13.7087
13.83
13.9488
14.0652
14.1792
14.2908
14.4
14.5071
14.6119
14.7145
14.8149
14.9133
15.0096
15.1038
15.196
15.2863
15.3746
15.4609
15.5454
15.628
15.7088
15.7878
15.865
15.9405
16.0142
16.0863
16.1567
16.2254
16.2925
16.3579
16.4218
16.4842
16.5449
16.6042
16.6619
16.7182
16.773
16.8263
16.8783
16.9288
16.9779
17.0256
17.072
17.1171
17.1608
17.2032
17.2444
17.2842
17.3228
17.3601
17.3962
17.4311
17.4648
17.4972
17.5285
17.5586
17.5876
17.6153
17.642
17.6675
17.6919
17.7152
17.7374
17.7586
17.7787
17.7979
17.8162
17.8337
17.8504
17.8663
17.8816
17.8962
17.9101
17.9235
17.9363
17.9485
17.9602
17.9714
17.9821
17.9924
18.0022
18.0115
18.0205
18.0291
18.0373
18.0451
18.0526
18.0597
18.0666
18.0731
18.0794
18.0854
18.0912
18.0967
18.102
18.1071
18.1121
18.1168
18.1214
18.1258
18.13
18.1341
18.1381
18.1418
18.1455
18.1489
18.1521
18.1551
18.1579
18.1603
18.1625
18.1644
18.1659
18.1671
18.1678
18.1681
18.168
18.1675
18.1667
18.1654
18.1638
18.1618
18.1595
18.1569
18.1541
18.1511
18.1481
18.1449
18.1418
18.1388
18.136
18.1333
18.131
18.1292
18.1279
18.1272
18.1272
18.1281
18.1299
18.1328
18.1368
18.142
18.148
18.154
18.1591
18.1601
18.1577
18.1325
-3.23679
-3.26839
-3.31797
-3.36022
-3.39325
-3.42138
-3.44658
-3.46958
-3.49104
-3.51157
-3.53179
-3.55218
-3.57315
-3.59491
-3.61754
-3.64106
-3.66549
-3.69079
-3.71699
-3.74414
-3.77233
-3.80163
-3.83215
-3.86399
-3.89726
-3.93203
-3.9684
-4.00642
-4.04615
-4.08767
-4.13098
-4.17613
-4.22312
-4.27197
-4.32265
-4.3752
-4.42958
-4.48585
-4.54396
-4.60398
-4.66591
-4.72979
-4.79564
-4.86352
-4.93342
-5.00542
-5.07951
-5.15577
-5.23418
-5.31485
-5.39771
-5.48288
-5.57029
-5.66004
-5.75206
-5.84642
-5.94304
-6.04199
-6.14315
-6.24659
-6.35217
-6.45993
-6.56974
-6.68159
-6.79535
-6.91099
-7.02836
-7.14742
-7.26798
-7.39002
-7.51332
-7.63783
-7.76333
-7.88976
-8.01687
-8.1446
-8.27268
-8.40104
-8.52938
-8.65762
-8.78546
-8.91279
-9.0393
-9.16487
-9.28917
-9.41206
-9.53321
-9.65243
-9.7694
-9.8839
-9.9956
-10.1043
-10.2095
-10.3111
-10.4088
-10.5021
-10.5907
-10.6744
-10.7527
-10.8253
-10.8918
-10.952
-11.0052
-11.0513
-11.0898
-11.1204
-11.1426
-11.1561
-11.1606
-11.1556
-11.1409
-11.116
-11.0807
-11.0346
-10.9774
-10.9087
-10.8284
-10.7361
-10.6317
-10.5149
-10.3857
-10.2439
-10.0893
-9.92203
-9.74199
-9.54923
-9.34383
-9.12591
-8.89564
-8.65324
-8.39897
-8.13317
-7.85617
-7.56839
-7.27027
-6.9623
-6.645
-6.31891
-5.9846
-5.6427
-5.29386
-4.93875
-4.57806
-4.21246
-3.84264
-3.46926
-3.09299
-2.71454
-2.33458
-1.95377
-1.57275
-1.19213
-0.812488
-0.43438
-0.0583218
0.315204
0.685751
1.05291
1.41631
1.77561
2.1305
2.4807
2.82599
3.16614
3.50099
3.83038
4.15419
4.47232
4.78469
5.09125
5.39196
5.68691
5.97614
6.25959
6.53722
6.80914
7.07539
7.33608
7.59128
7.84108
8.08555
8.32482
8.55895
8.78807
9.01226
9.23165
9.4463
9.65636
9.86189
10.063
10.2599
10.4525
10.641
10.8256
11.0062
11.183
11.356
11.5255
11.6914
11.8539
12.013
12.1688
12.3214
12.4708
12.6172
12.7605
12.9009
13.0385
13.1732
13.3051
13.4344
13.561
13.685
13.8065
13.9255
14.042
14.1562
14.268
14.3775
14.4847
14.5897
14.6925
14.7932
14.8918
14.9883
15.0827
15.1752
15.2656
15.3541
15.4407
15.5254
15.6082
15.6892
15.7685
15.8459
15.9216
15.9956
16.0678
16.1384
16.2074
16.2747
16.3404
16.4045
16.467
16.528
16.5875
16.6454
16.7019
16.7569
16.8105
16.8626
16.9133
16.9626
17.0106
17.0572
17.1024
17.1464
17.189
17.2303
17.2704
17.3091
17.3467
17.383
17.4181
17.4519
17.4846
17.5161
17.5464
17.5755
17.6036
17.6304
17.6562
17.6808
17.7043
17.7268
17.7482
17.7686
17.7881
17.8066
17.8243
17.8412
17.8573
17.8728
17.8875
17.9017
17.9152
17.9281
17.9404
17.9523
17.9636
17.9744
17.9847
17.9945
18.004
18.013
18.0215
18.0297
18.0376
18.045
18.0521
18.0589
18.0654
18.0716
18.0776
18.0832
18.0886
18.0938
18.0988
18.1036
18.1082
18.1126
18.1169
18.121
18.125
18.1288
18.1325
18.1361
18.1394
18.1426
18.1457
18.1485
18.1511
18.1534
18.1554
18.1571
18.1585
18.1594
18.16
18.1602
18.1599
18.1593
18.1583
18.157
18.1553
18.1532
18.1507
18.1481
18.1453
18.1423
18.1392
18.1361
18.133
18.1301
18.1273
18.1247
18.1226
18.121
18.1198
18.1191
18.1191
18.1198
18.1213
18.1235
18.1264
18.1295
18.1321
18.133
18.1293
18.1216
18.0924
-3.13
-3.16621
-3.22258
-3.27053
-3.30732
-3.33804
-3.36542
-3.39057
-3.41431
-3.43739
-3.46055
-3.48443
-3.50949
-3.53598
-3.56397
-3.59336
-3.62406
-3.65595
-3.68894
-3.72297
-3.75803
-3.79407
-3.83113
-3.86922
-3.9084
-3.94872
-3.99027
-4.03309
-4.07724
-4.12277
-4.16971
-4.21812
-4.26802
-4.31945
-4.37241
-4.42698
-4.48313
-4.54095
-4.60043
-4.66166
-4.72463
-4.78944
-4.85609
-4.92466
-4.99516
-5.06768
-5.14219
-5.21882
-5.29752
-5.3784
-5.46143
-5.54671
-5.63418
-5.72396
-5.81595
-5.91025
-6.00678
-6.1056
-6.20663
-6.30992
-6.41535
-6.52297
-6.63263
-6.74437
-6.85803
-6.97362
-7.09098
-7.21008
-7.33074
-7.45295
-7.57649
-7.70133
-7.82725
-7.95419
-8.08192
-8.21037
-8.33928
-8.46857
-8.59797
-8.72738
-8.85651
-8.98525
-9.11328
-9.24049
-9.36656
-9.49132
-9.61445
-9.73576
-9.85493
-9.97174
-10.0858
-10.197
-10.3048
-10.4091
-10.5095
-10.6056
-10.6971
-10.7837
-10.865
-10.9406
-11.0102
-11.0734
-11.1297
-11.1788
-11.2204
-11.2539
-11.2791
-11.2955
-11.3028
-11.3006
-11.2885
-11.2662
-11.2332
-11.1893
-11.1341
-11.0673
-10.9886
-10.8977
-10.7945
-10.6786
-10.55
-10.4085
-10.254
-10.0865
-9.9059
-9.71226
-9.50564
-9.28619
-9.05405
-8.80948
-8.55272
-8.28411
-8.00401
-7.71285
-7.41107
-7.09919
-6.77775
-6.44731
-6.10849
-5.76195
-5.40835
-5.0484
-4.68281
-4.31229
-3.93754
-3.55923
-3.1781
-2.79486
-2.41023
-2.0249
-1.6395
-1.25468
-0.871033
-0.489116
-0.10946
0.267447
0.641153
1.01124
1.37734
1.73912
2.09626
2.4485
2.79561
3.13739
3.47367
3.80431
4.12919
4.44824
4.7614
5.06859
5.36982
5.66518
5.95473
6.23838
6.51616
6.78812
7.05439
7.31502
7.57013
7.81978
8.0641
8.30316
8.53709
8.76597
8.98992
9.20905
9.42346
9.63325
9.83855
10.0394
10.2361
10.4285
10.6168
10.8012
10.9817
11.1584
11.3314
11.5008
11.6667
11.8292
11.9883
12.1441
12.2967
12.4462
12.5926
12.7361
12.8766
13.0142
13.1491
13.2811
13.4105
13.5373
13.6615
13.7831
13.9023
14.019
14.1333
14.2453
14.355
14.4624
14.5676
14.6706
14.7715
14.8703
14.967
15.0616
15.1543
15.245
15.3337
15.4205
15.5054
15.5885
15.6697
15.7491
15.8268
15.9027
15.9769
16.0494
16.1202
16.1894
16.2569
16.3228
16.3871
16.4499
16.5111
16.5708
16.629
16.6856
16.7409
16.7946
16.847
16.8979
16.9475
16.9956
17.0424
17.0879
17.132
17.1748
17.2164
17.2566
17.2956
17.3334
17.3699
17.4051
17.4392
17.4721
17.5038
17.5343
17.5637
17.5919
17.619
17.645
17.6698
17.6936
17.7163
17.738
17.7586
17.7783
17.7971
17.8151
17.8322
17.8486
17.8642
17.8792
17.8935
17.9072
17.9203
17.9328
17.9448
17.9562
17.9671
17.9776
17.9875
17.997
18.0061
18.0147
18.0229
18.0308
18.0382
18.0454
18.0521
18.0586
18.0647
18.0706
18.0762
18.0815
18.0866
18.0914
18.0961
18.1006
18.1049
18.109
18.1129
18.1168
18.1205
18.124
18.1274
18.1307
18.1339
18.1368
18.1396
18.1422
18.1446
18.1467
18.1485
18.15
18.1511
18.1519
18.1523
18.1522
18.1518
18.151
18.1499
18.1484
18.1465
18.1443
18.1417
18.139
18.136
18.133
18.1298
18.1267
18.1236
18.1207
18.1178
18.1153
18.1133
18.1116
18.1103
18.1094
18.109
18.1091
18.1095
18.1102
18.1107
18.1099
18.107
18.099
18.0865
18.054
-3.04172
-3.0809
-3.14185
-3.19426
-3.23435
-3.26756
-3.29719
-3.32471
-3.35109
-3.37712
-3.40358
-3.43116
-3.46036
-3.49141
-3.52431
-3.55892
-3.59508
-3.63259
-3.67128
-3.71099
-3.75164
-3.79313
-3.83546
-3.87859
-3.92255
-3.96736
-4.01306
-4.05972
-4.10736
-4.15608
-4.20589
-4.25688
-4.30908
-4.36256
-4.41735
-4.47353
-4.53113
-4.59024
-4.65086
-4.71311
-4.777
-4.84263
-4.91001
-4.97924
-5.05032
-5.12337
-5.19836
-5.27541
-5.35449
-5.43571
-5.51904
-5.6046
-5.69231
-5.7823
-5.87449
-5.96897
-6.06566
-6.16466
-6.26584
-6.36929
-6.47489
-6.58268
-6.69254
-6.80449
-6.9184
-7.03427
-7.15195
-7.27143
-7.39253
-7.51525
-7.63937
-7.76487
-7.89154
-8.01932
-8.14798
-8.27747
-8.40751
-8.53805
-8.6688
-8.79967
-8.93036
-9.06079
-9.19062
-9.31974
-9.44782
-9.57472
-9.70009
-9.82375
-9.94537
-10.0647
-10.1815
-10.2954
-10.406
-10.5132
-10.6166
-10.7157
-10.8104
-10.9001
-10.9846
-11.0635
-11.1364
-11.2028
-11.2624
-11.3149
-11.3597
-11.3965
-11.4248
-11.4444
-11.4547
-11.4554
-11.4462
-11.4265
-11.3961
-11.3546
-11.3015
-11.2367
-11.1597
-11.0704
-10.9683
-10.8534
-10.7255
-10.5843
-10.4298
-10.262
-10.0807
-9.88602
-9.67803
-9.45684
-9.22262
-8.97559
-8.71604
-8.44431
-8.16075
-7.86582
-7.55998
-7.24376
-6.91772
-6.58248
-6.23867
-5.88697
-5.52809
-5.16278
-4.79178
-4.41582
-4.03564
-3.65193
-3.26545
-2.87698
-2.48726
-2.09699
-1.70685
-1.31748
-0.929499
-0.543483
-0.159967
0.22055
0.597611
0.970806
1.33975
1.70412
2.06361
2.41796
2.76695
3.11038
3.44811
3.77999
4.10595
4.4259
4.73979
5.04758
5.34928
5.64498
5.93476
6.21857
6.4964
6.76835
7.03453
7.29503
7.54995
7.79939
8.04345
8.28223
8.51585
8.74442
8.96805
9.18686
9.40095
9.61044
9.81545
10.0161
10.2124
10.4047
10.5928
10.777
10.9574
11.134
11.3069
11.4763
11.6421
11.8046
11.9637
12.1195
12.2721
12.4216
12.5681
12.7116
12.8522
12.9899
13.1248
13.257
13.3865
13.5134
13.6377
13.7595
13.8788
13.9957
14.1102
14.2224
14.3322
14.4399
14.5453
14.6485
14.7496
14.8485
14.9454
15.0403
15.1332
15.2241
15.313
15.4
15.4852
15.5685
15.6499
15.7296
15.8075
15.8836
15.958
16.0307
16.1018
16.1712
16.2389
16.3051
16.3696
16.4326
16.494
16.554
16.6124
16.6693
16.7247
16.7787
16.8313
16.8824
16.9322
16.9806
17.0276
17.0733
17.1176
17.1607
17.2024
17.2429
17.2821
17.32
17.3568
17.3922
17.4265
17.4596
17.4915
17.5223
17.5519
17.5803
17.6076
17.6338
17.6589
17.6829
17.7059
17.7278
17.7487
17.7687
17.7877
17.8059
17.8233
17.84
17.8559
17.8711
17.8856
17.8995
17.9128
17.9255
17.9376
17.9492
17.9603
17.9708
17.9809
17.9905
17.9996
18.0084
18.0166
18.0245
18.032
18.0392
18.046
18.0524
18.0585
18.0643
18.0698
18.0751
18.0801
18.0849
18.0894
18.0937
18.0979
18.1019
18.1057
18.1094
18.1129
18.1163
18.1196
18.1228
18.1258
18.1287
18.1314
18.1339
18.1363
18.1384
18.1402
18.1418
18.143
18.1439
18.1444
18.1446
18.1443
18.1436
18.1427
18.1414
18.1397
18.1375
18.1351
18.1324
18.1295
18.1265
18.1233
18.12
18.1168
18.1136
18.1105
18.1076
18.105
18.1028
18.1007
18.099
18.0975
18.0963
18.095
18.0936
18.0914
18.0876
18.0812
18.0694
18.0527
18.0173
-2.97747
-3.01834
-3.08123
-3.1366
-3.17941
-3.21493
-3.24678
-3.27671
-3.30579
-3.33481
-3.36454
-3.39564
-3.42857
-3.46353
-3.50049
-3.5393
-3.57974
-3.62158
-3.6646
-3.7086
-3.75346
-3.79905
-3.8453
-3.89217
-3.93966
-3.98776
-4.03652
-4.086
-4.13623
-4.1873
-4.23924
-4.29216
-4.34609
-4.40113
-4.45733
-4.51478
-4.57352
-4.63366
-4.69523
-4.75835
-4.82302
-4.88938
-4.95742
-5.02727
-5.09893
-5.17252
-5.24802
-5.32556
-5.40511
-5.48678
-5.57054
-5.6565
-5.74461
-5.83499
-5.92756
-6.02244
-6.11953
-6.21891
-6.3205
-6.42437
-6.53039
-6.63863
-6.74896
-6.86141
-6.97585
-7.09231
-7.21062
-7.33079
-7.45264
-7.57617
-7.70119
-7.82766
-7.95537
-8.08429
-8.21418
-8.34498
-8.47644
-8.6085
-8.74086
-8.87346
-9.006
-9.13836
-9.27025
-9.40153
-9.53189
-9.66116
-9.78902
-9.91528
-10.0396
-10.1617
-10.2814
-10.3983
-10.512
-10.6223
-10.7289
-10.8314
-10.9294
-11.0226
-11.1105
-11.1929
-11.2693
-11.3393
-11.4025
-11.4584
-11.5068
-11.547
-11.5788
-11.6017
-11.6153
-11.6192
-11.613
-11.5962
-11.5685
-11.5296
-11.4789
-11.4162
-11.3411
-11.2533
-11.1526
-11.0387
-10.9115
-10.7707
-10.6162
-10.448
-10.266
-10.0702
-9.86068
-9.6376
-9.40108
-9.15138
-8.88877
-8.61359
-8.32623
-8.02716
-7.71685
-7.39587
-7.06481
-6.72429
-6.375
-6.01766
-5.65301
-5.28182
-4.90489
-4.52298
-4.13686
-3.74726
-3.35499
-2.96084
-2.5656
-2.17
-1.77474
-1.38049
-0.987871
-0.59748
-0.209864
0.174475
0.555077
0.931522
1.30344
1.6705
2.03241
2.38892
2.73982
3.08492
3.42409
3.75721
4.0842
4.40501
4.71959
5.02791
5.33
5.62598
5.91592
6.19978
6.47758
6.74942
7.01543
7.2757
7.53034
7.77946
8.02317
8.2616
8.49484
8.72304
8.94629
9.16474
9.37849
9.58767
9.79238
9.99276
10.1889
10.3809
10.5689
10.7529
10.9331
11.1096
11.2824
11.4517
11.6174
11.7798
11.9389
12.0947
12.2473
12.3968
12.5433
12.6868
12.8275
12.9652
13.1003
13.2325
13.3622
13.4892
13.6136
13.7355
13.855
13.972
14.0867
14.199
14.3091
14.4169
14.5225
14.6259
14.7272
14.8263
14.9235
15.0185
15.1116
15.2027
15.2919
15.3791
15.4645
15.548
15.6297
15.7096
15.7877
15.8641
15.9388
16.0117
16.083
16.1526
16.2206
16.287
16.3518
16.415
16.4767
16.5369
16.5955
16.6526
16.7083
16.7625
16.8153
16.8667
16.9167
16.9653
17.0126
17.0585
17.1031
17.1463
17.1883
17.229
17.2684
17.3066
17.3435
17.3792
17.4137
17.4471
17.4792
17.5102
17.54
17.5686
17.5962
17.6226
17.6479
17.6722
17.6954
17.7176
17.7387
17.759
17.7783
17.7968
17.8145
17.8313
17.8475
17.8629
17.8777
17.8918
17.9053
17.9182
17.9306
17.9423
17.9535
17.9643
17.9745
17.9842
17.9935
18.0023
18.0107
18.0187
18.0262
18.0334
18.0402
18.0467
18.0528
18.0586
18.0641
18.0693
18.0743
18.0789
18.0834
18.0876
18.0917
18.0955
18.0992
18.1028
18.1062
18.1094
18.1125
18.1156
18.1184
18.1212
18.1238
18.1262
18.1285
18.1305
18.1324
18.1339
18.1352
18.1362
18.1368
18.137
18.1368
18.1363
18.1355
18.1343
18.1327
18.1307
18.1283
18.1257
18.1228
18.1197
18.1164
18.1131
18.1096
18.1061
18.1028
18.0995
18.0963
18.0934
18.0905
18.0879
18.0853
18.0828
18.08
18.0765
18.0719
18.0653
18.0557
18.0405
18.0201
17.9824
-2.94
-2.98123
-3.04344
-3.10008
-3.14483
-3.18227
-3.21606
-3.24814
-3.27967
-3.3114
-3.344
-3.37806
-3.414
-3.45199
-3.49198
-3.53382
-3.57727
-3.6221
-3.66808
-3.71499
-3.76267
-3.81098
-3.85983
-3.90918
-3.959
-4.0093
-4.06011
-4.11148
-4.16345
-4.21612
-4.26954
-4.3238
-4.37895
-4.43512
-4.49234
-4.55073
-4.61035
-4.67131
-4.73364
-4.79746
-4.86281
-4.9298
-4.99845
-5.06888
-5.14111
-5.21525
-5.2913
-5.36937
-5.44945
-5.53166
-5.61595
-5.70244
-5.79109
-5.88199
-5.97511
-6.07054
-6.1682
-6.26818
-6.37038
-6.47486
-6.58153
-6.69045
-6.80149
-6.9147
-7.02995
-7.14724
-7.26646
-7.38758
-7.51045
-7.63507
-7.76124
-7.88894
-8.01797
-8.14828
-8.27965
-8.41203
-8.54517
-8.67899
-8.81323
-8.9478
-9.08242
-9.21697
-9.35115
-9.48484
-9.6177
-9.7496
-9.88019
-10.0093
-10.1365
-10.2617
-10.3845
-10.5046
-10.6216
-10.7354
-10.8454
-10.9514
-11.0531
-11.1499
-11.2416
-11.3277
-11.4079
-11.4817
-11.5487
-11.6085
-11.6606
-11.7046
-11.7401
-11.7666
-11.7837
-11.791
-11.788
-11.7744
-11.7497
-11.7135
-11.6654
-11.605
-11.5319
-11.4459
-11.3467
-11.234
-11.1075
-10.9671
-10.8127
-10.6441
-10.4613
-10.2644
-10.0533
-9.82814
-9.58916
-9.33656
-9.07063
-8.79173
-8.50025
-8.19668
-7.88153
-7.55537
-7.21883
-6.87258
-6.51733
-6.15385
-5.78291
-5.40534
-5.02195
-4.63357
-4.241
-3.84502
-3.44648
-3.04623
-2.64506
-2.24374
-1.84301
-1.44354
-1.04599
-0.650961
-0.259014
0.129341
0.513642
0.893476
1.26847
1.6383
2.00268
2.36138
2.7142
3.06096
3.40155
3.73586
4.06383
4.38542
4.70061
5.00938
5.31177
5.60792
5.89791
6.18173
6.45939
6.73102
6.99675
7.2567
7.51097
7.7597
8.00301
8.24102
8.47386
8.70165
8.92453
9.14262
9.35604
9.56491
9.76934
9.96943
10.1653
10.3571
10.5448
10.7287
10.9087
11.085
11.2576
11.4268
11.5924
11.7547
11.9136
12.0694
12.222
12.3715
12.518
12.6615
12.8022
12.94
13.0751
13.2075
13.3372
13.4643
13.5889
13.7109
13.8305
13.9477
14.0625
14.1751
14.2853
14.3933
14.499
14.6027
14.7042
14.8035
14.9009
14.9962
15.0895
15.1808
15.2702
15.3577
15.4433
15.5271
15.609
15.6892
15.7675
15.8441
15.919
15.9922
16.0638
16.1336
16.2019
16.2685
16.3336
16.397
16.459
16.5193
16.5782
16.6356
16.6915
16.746
16.7991
16.8507
16.9009
16.9498
16.9973
17.0434
17.0882
17.1317
17.1739
17.2148
17.2545
17.2929
17.3301
17.366
17.4008
17.4343
17.4667
17.4979
17.5279
17.5568
17.5846
17.6113
17.6368
17.6613
17.6848
17.7072
17.7287
17.7492
17.7688
17.7876
17.8055
17.8227
17.8391
17.8548
17.8698
17.8842
17.8979
17.911
17.9235
17.9355
17.9469
17.9578
17.9682
17.9781
17.9875
17.9964
18.0049
18.013
18.0206
18.0279
18.0348
18.0413
18.0475
18.0533
18.0588
18.064
18.0689
18.0735
18.0779
18.0821
18.086
18.0898
18.0934
18.0968
18.1
18.1031
18.1061
18.109
18.1117
18.1143
18.1168
18.1191
18.1213
18.1233
18.125
18.1265
18.1278
18.1287
18.1294
18.1297
18.1296
18.1291
18.1284
18.1272
18.1257
18.1238
18.1215
18.1189
18.116
18.1128
18.1095
18.1059
18.1022
18.0985
18.0948
18.091
18.0873
18.0836
18.08
18.0763
18.0726
18.0687
18.0643
18.059
18.0522
18.043
18.0305
18.0123
17.9888
17.9491
-2.92926
-2.96901
-3.02848
-3.08467
-3.1303
-3.169
-3.20425
-3.23795
-3.27131
-3.30515
-3.34
-3.37634
-3.41446
-3.45454
-3.49652
-3.54025
-3.58551
-3.63209
-3.67976
-3.7283
-3.77755
-3.82737
-3.87767
-3.92841
-3.97954
-4.03109
-4.08307
-4.13555
-4.18857
-4.24221
-4.29652
-4.35162
-4.40757
-4.46447
-4.52239
-4.58146
-4.64171
-4.70327
-4.76619
-4.83058
-4.89649
-4.96403
-5.03323
-5.10421
-5.17699
-5.25168
-5.32829
-5.40693
-5.4876
-5.5704
-5.6553
-5.74242
-5.83171
-5.92328
-6.01707
-6.11319
-6.21157
-6.31228
-6.41525
-6.52054
-6.62805
-6.73785
-6.84982
-6.96399
-7.08025
-7.19861
-7.31894
-7.44125
-7.56537
-7.69129
-7.81885
-7.94801
-8.07858
-8.21052
-8.34361
-8.4778
-8.61283
-8.74866
-8.885
-9.02177
-9.15869
-9.29566
-9.43236
-9.56868
-9.70429
-9.83903
-9.97257
-10.1047
-10.2351
-10.3636
-10.4897
-10.6133
-10.7339
-10.8513
-10.9651
-11.0749
-11.1804
-11.2811
-11.3768
-11.467
-11.5512
-11.6291
-11.7001
-11.764
-11.8201
-11.8682
-11.9076
-11.938
-11.9589
-11.9699
-11.9706
-11.9603
-11.9388
-11.9056
-11.8603
-11.8024
-11.7316
-11.6476
-11.55
-11.4385
-11.313
-11.1731
-11.0188
-10.8499
-10.6663
-10.4682
-10.2554
-10.0281
-9.78652
-9.53084
-9.26136
-8.97846
-8.68256
-8.37415
-8.05376
-7.72203
-7.37957
-7.02712
-6.66543
-6.29531
-5.91758
-5.53309
-5.14272
-4.74734
-4.34779
-3.94494
-3.53968
-3.13286
-2.72535
-2.31792
-1.91135
-1.50634
-1.10357
-0.703657
-0.307165
0.0853879
0.473538
0.85687
1.23502
1.60768
1.97456
2.33545
2.69016
3.03854
3.38049
3.71592
4.04479
4.36706
4.68275
4.99185
5.29443
5.59062
5.88056
6.16421
6.44164
6.71296
6.97833
7.23789
7.49175
7.74005
7.98294
8.22053
8.45297
8.68037
8.90286
9.12058
9.33363
9.54213
9.74621
9.94598
10.1415
10.333
10.5205
10.7041
10.8838
11.0599
11.2324
11.4014
11.5669
11.729
11.8879
12.0435
12.1961
12.3456
12.492
12.6356
12.7763
12.9142
13.0493
13.1817
13.3115
13.4387
13.5634
13.6856
13.8053
13.9227
14.0377
14.1504
14.2608
14.3689
14.4749
14.5787
14.6804
14.7801
14.8776
14.9731
15.0667
15.1582
15.2479
15.3356
15.4215
15.5055
15.5877
15.6681
15.7467
15.8236
15.8987
15.9722
16.044
16.1141
16.1826
16.2495
16.3148
16.3785
16.4407
16.5014
16.5605
16.6182
16.6743
16.7291
16.7824
16.8342
16.8847
16.9338
16.9816
17.028
17.073
17.1168
17.1592
17.2004
17.2403
17.2789
17.3164
17.3526
17.3875
17.4213
17.4539
17.4854
17.5157
17.5448
17.5728
17.5998
17.6256
17.6503
17.674
17.6967
17.7184
17.7392
17.7591
17.7782
17.7964
17.8139
17.8306
17.8466
17.8618
17.8765
17.8904
17.9038
17.9165
17.9287
17.9403
17.9513
17.9619
17.9719
17.9815
17.9906
17.9992
18.0074
18.0152
18.0225
18.0295
18.0361
18.0423
18.0482
18.0537
18.0589
18.0638
18.0685
18.0728
18.077
18.0808
18.0845
18.088
18.0913
18.0944
18.0974
18.1002
18.103
18.1056
18.108
18.1104
18.1125
18.1146
18.1164
18.1181
18.1196
18.1208
18.1217
18.1223
18.1226
18.1225
18.1221
18.1214
18.1203
18.1188
18.1169
18.1146
18.112
18.1091
18.1059
18.1024
18.0987
18.0948
18.0907
18.0866
18.0824
18.0781
18.0736
18.0691
18.0645
18.0596
18.0543
18.0483
18.0412
18.0322
18.0207
18.0056
17.9848
17.9586
17.9173
-2.94173
-2.9787
-3.03397
-3.0882
-3.13359
-3.17276
-3.20881
-3.24354
-3.27804
-3.31316
-3.34943
-3.38722
-3.42671
-3.46798
-3.51099
-3.5556
-3.60164
-3.6489
-3.69719
-3.74631
-3.7961
-3.84645
-3.89726
-3.9485
-4.00013
-4.05217
-4.10463
-4.15758
-4.21106
-4.26515
-4.3199
-4.37544
-4.43181
-4.48914
-4.54749
-4.60697
-4.66764
-4.72964
-4.79299
-4.85783
-4.9242
-4.99221
-5.0619
-5.13339
-5.2067
-5.28194
-5.35911
-5.43835
-5.51963
-5.60307
-5.68864
-5.77646
-5.86648
-5.9588
-6.05337
-6.15029
-6.24949
-6.35108
-6.45496
-6.5612
-6.66971
-6.78054
-6.89359
-7.0089
-7.12635
-7.24596
-7.36759
-7.49126
-7.61682
-7.74426
-7.87339
-8.00422
-8.13653
-8.2703
-8.40531
-8.54151
-8.67865
-8.81668
-8.95532
-9.09451
-9.23394
-9.37353
-9.51297
-9.65213
-9.79068
-9.92849
-10.0652
-10.2006
-10.3344
-10.4664
-10.5961
-10.7234
-10.8478
-10.9691
-11.0868
-11.2007
-11.3102
-11.4152
-11.5151
-11.6096
-11.6981
-11.7804
-11.8558
-11.924
-11.9845
-12.0368
-12.0805
-12.1151
-12.1401
-12.1551
-12.1596
-12.1531
-12.1351
-12.1051
-12.0628
-12.0078
-11.9395
-11.8576
-11.7618
-11.6518
-11.5273
-11.3881
-11.234
-11.0648
-10.8805
-10.6811
-10.4666
-10.2371
-9.9928
-9.73387
-9.46064
-9.17349
-8.87286
-8.55928
-8.2333
-7.89556
-7.54676
-7.18766
-6.81904
-6.44176
-6.05671
-5.66478
-5.26689
-4.86397
-4.45693
-4.0467
-3.63422
-3.22039
-2.8061
-2.39216
-1.97939
-1.56853
-1.16025
-0.755205
-0.353963
0.0429511
0.435073
0.821995
1.20336
1.57886
1.94823
2.31128
2.66783
3.01775
3.36096
3.69739
4.02703
4.34987
4.66592
4.97523
5.27787
5.57401
5.86379
6.1472
6.42432
6.69529
6.96027
7.21942
7.47287
7.72075
7.96319
8.20033
8.43231
8.65926
8.8813
9.09856
9.31117
9.51925
9.72292
9.92229
10.1175
10.3086
10.4957
10.679
10.8585
11.0344
11.2066
11.3754
11.5407
11.7027
11.8614
12.017
12.1695
12.3189
12.4653
12.6089
12.7496
12.8875
13.0227
13.1552
13.2851
13.4124
13.5372
13.6595
13.7794
13.8969
14.012
14.1249
14.2355
14.3438
14.45
14.554
14.6559
14.7558
14.8536
14.9493
15.0431
15.1349
15.2248
15.3128
15.3989
15.4832
15.5656
15.6463
15.7252
15.8023
15.8778
15.9515
16.0235
16.094
16.1627
16.2299
16.2955
16.3595
16.4219
16.4828
16.5423
16.6002
16.6566
16.7116
16.7652
16.8173
16.8681
16.9175
16.9655
17.0121
17.0574
17.1015
17.1442
17.1856
17.2257
17.2647
17.3023
17.3388
17.374
17.4081
17.4409
17.4726
17.5032
17.5326
17.5608
17.588
17.6141
17.6391
17.6631
17.686
17.708
17.7291
17.7493
17.7687
17.7872
17.805
17.8219
17.8382
17.8538
17.8686
17.8828
17.8964
17.9094
17.9218
17.9336
17.9448
17.9556
17.9658
17.9755
17.9847
17.9935
18.0018
18.0097
18.0172
18.0243
18.031
18.0373
18.0432
18.0488
18.0541
18.059
18.0636
18.068
18.0721
18.076
18.0796
18.083
18.0862
18.0892
18.0921
18.0948
18.0974
18.0999
18.1022
18.1044
18.1064
18.1083
18.1101
18.1116
18.113
18.1141
18.115
18.1155
18.1158
18.1157
18.1153
18.1145
18.1134
18.1119
18.11
18.1078
18.1051
18.1021
18.0988
18.0952
18.0914
18.0872
18.0828
18.0783
18.0736
18.0687
18.0636
18.0582
18.0525
18.0464
18.0397
18.0321
18.0231
18.0121
17.9984
17.9809
17.9579
17.9294
17.8868
-2.97283
-3.00616
-3.05628
-3.10734
-3.15143
-3.19022
-3.22636
-3.26148
-3.29653
-3.33223
-3.36905
-3.40736
-3.44731
-3.48892
-3.5321
-3.57675
-3.6227
-3.66981
-3.71787
-3.76675
-3.8163
-3.86642
-3.91703
-3.9681
-4.0196
-4.07155
-4.12395
-4.17689
-4.23037
-4.28451
-4.33935
-4.395
-4.45151
-4.50901
-4.56755
-4.62726
-4.68819
-4.75047
-4.81413
-4.87932
-4.94606
-5.01448
-5.0846
-5.15656
-5.23036
-5.30614
-5.38388
-5.46371
-5.54563
-5.62973
-5.71601
-5.80457
-5.89537
-5.98851
-6.08393
-6.18174
-6.28188
-6.38443
-6.48932
-6.59663
-6.70625
-6.81824
-6.93251
-7.04909
-7.16787
-7.28886
-7.41196
-7.53716
-7.66431
-7.79341
-7.9243
-8.05695
-8.19117
-8.32695
-8.46404
-8.60243
-8.74185
-8.88227
-9.0234
-9.16518
-9.30732
-9.44972
-9.59208
-9.73427
-9.87598
-10.017
-10.1571
-10.2961
-10.4334
-10.5691
-10.7027
-10.8338
-10.9623
-11.0876
-11.2096
-11.3278
-11.4417
-11.5511
-11.6555
-11.7546
-11.8477
-11.9346
-12.0146
-12.0875
-12.1526
-12.2096
-12.2578
-12.2969
-12.3263
-12.3456
-12.3542
-12.3517
-12.3374
-12.3111
-12.2721
-12.2201
-12.1546
-12.0751
-11.9814
-11.873
-11.7498
-11.6114
-11.4576
-11.2883
-11.1034
-10.9028
-10.6865
-10.4547
-10.2076
-9.94523
-9.66806
-9.37644
-9.07082
-8.75174
-8.41979
-8.07567
-7.72009
-7.35386
-6.97782
-6.59288
-6.19997
-5.80005
-5.39409
-4.98309
-4.56803
-4.1499
-3.72971
-3.30838
-2.88686
-2.46602
-2.04669
-1.62964
-1.21559
-0.805183
-0.39901
0.0024043
0.398596
0.789159
1.17375
1.55207
1.92389
2.28902
2.64731
2.99865
3.343
3.68032
4.0106
4.33388
4.6502
4.95962
5.26224
5.55826
5.84784
6.13099
6.40778
6.67838
6.94295
7.20164
7.4546
7.70196
7.94387
8.18046
8.41189
8.63829
8.85978
9.07651
9.28861
9.49619
9.69938
9.8983
10.0931
10.2838
10.4705
10.6535
10.8327
11.0082
11.1802
11.3487
11.5138
11.6757
11.8343
11.9897
12.1421
12.2914
12.4378
12.5814
12.7221
12.86
12.9952
13.1278
13.2577
13.3852
13.5101
13.6325
13.7525
13.8702
13.9855
14.0985
14.2093
14.3179
14.4242
14.5285
14.6306
14.7307
14.8287
14.9247
15.0187
15.1108
15.2009
15.2892
15.3756
15.4601
15.5428
15.6238
15.703
15.7804
15.8561
15.9301
16.0025
16.0731
16.1422
16.2097
16.2755
16.3398
16.4025
16.4638
16.5235
16.5817
16.6384
16.6937
16.7475
16.8
16.851
16.9006
16.9489
16.9958
17.0414
17.0857
17.1287
17.1704
17.2108
17.25
17.2879
17.3246
17.3601
17.3945
17.4276
17.4595
17.4904
17.52
17.5486
17.576
17.6023
17.6276
17.6519
17.6751
17.6974
17.7188
17.7393
17.759
17.7778
17.7959
17.8131
17.8297
17.8455
17.8606
17.8751
17.8889
17.9021
17.9147
17.9268
17.9382
17.9491
17.9595
17.9694
17.9788
17.9878
17.9962
18.0043
18.0119
18.019
18.0258
18.0322
18.0383
18.0439
18.0493
18.0542
18.0589
18.0633
18.0674
18.0713
18.0749
18.0783
18.0814
18.0844
18.0872
18.0898
18.0922
18.0946
18.0968
18.0988
18.1007
18.1025
18.1041
18.1055
18.1068
18.1078
18.1085
18.109
18.1092
18.1091
18.1087
18.1079
18.1067
18.1052
18.1033
18.1009
18.0983
18.0952
18.0918
18.088
18.0839
18.0795
18.0749
18.0699
18.0648
18.0592
18.0534
18.0472
18.0405
18.0332
18.0251
18.0159
18.0051
17.9921
17.9763
17.9567
17.9316
17.9011
17.8576
-3.0175
-3.04673
-3.09119
-3.1382
-3.18011
-3.21773
-3.25322
-3.28801
-3.32292
-3.35854
-3.39524
-3.43333
-3.47293
-3.51411
-3.55674
-3.60075
-3.64596
-3.69226
-3.73949
-3.78753
-3.83627
-3.88562
-3.93552
-3.98594
-4.03685
-4.08829
-4.14025
-4.1928
-4.24597
-4.29986
-4.35451
-4.41003
-4.46646
-4.52394
-4.58251
-4.64229
-4.70334
-4.76579
-4.82967
-4.89511
-4.96215
-5.03092
-5.10143
-5.17382
-5.2481
-5.32438
-5.40268
-5.48311
-5.56567
-5.65045
-5.73746
-5.82678
-5.91839
-6.01238
-6.10871
-6.20747
-6.3086
-6.4122
-6.51818
-6.62663
-6.73745
-6.8507
-6.96628
-7.08423
-7.20445
-7.32695
-7.45162
-7.57846
-7.70733
-7.83824
-7.971
-8.10562
-8.2419
-8.37982
-8.51915
-8.65988
-8.80174
-8.9447
-9.08848
-9.23302
-9.37802
-9.5234
-9.66886
-9.81426
-9.95929
-10.1038
-10.2475
-10.3901
-10.5312
-10.6708
-10.8084
-10.9437
-11.0764
-11.2061
-11.3325
-11.4552
-11.5737
-11.6878
-11.797
-11.9008
-11.9989
-12.0906
-12.1756
-12.2534
-12.3235
-12.3853
-12.4385
-12.4823
-12.5165
-12.5403
-12.5534
-12.5552
-12.5451
-12.5226
-12.4873
-12.4386
-12.3761
-12.2993
-12.2079
-12.1015
-11.9797
-11.8423
-11.689
-11.5196
-11.3341
-11.1324
-10.9145
-10.6804
-10.4303
-10.1645
-9.88318
-9.58687
-9.276
-8.95112
-8.61288
-8.26197
-7.89918
-7.52535
-7.1414
-6.74827
-6.34696
-5.93849
-5.52391
-5.10428
-4.68066
-4.2541
-3.82566
-3.39636
-2.96717
-2.53902
-2.11277
-1.68924
-1.26915
-0.853184
-0.441925
-0.0359072
0.36441
0.758634
1.14643
1.52753
1.90172
2.26884
2.62877
2.98145
3.32683
3.66494
3.99579
4.31945
4.63598
4.94548
5.24805
5.54393
5.83325
6.11606
6.39243
6.66254
6.92656
7.18467
7.43701
7.68373
7.92498
8.16093
8.3917
8.61744
8.8383
9.05441
9.26591
9.47291
9.67555
9.87395
10.0682
10.2585
10.4448
10.6274
10.8062
10.9814
11.1531
11.3213
11.4862
11.6479
11.8063
11.9616
12.1139
12.2631
12.4095
12.553
12.6937
12.8316
12.9669
13.0995
13.2295
13.357
13.482
13.6046
13.7248
13.8426
13.9581
14.0713
14.1823
14.291
14.3976
14.5021
14.6044
14.7047
14.803
14.8993
14.9935
15.0859
15.1763
15.2648
15.3515
15.4363
15.5193
15.6005
15.68
15.7577
15.8337
15.9081
15.9807
16.0517
16.121
16.1888
16.2549
16.3195
16.3826
16.4441
16.5041
16.5626
16.6196
16.6752
16.7294
16.7821
16.8334
16.8833
16.9319
16.9791
17.025
17.0696
17.1128
17.1548
17.1955
17.235
17.2732
17.3102
17.346
17.3805
17.4139
17.4462
17.4773
17.5072
17.536
17.5637
17.5904
17.6159
17.6405
17.664
17.6866
17.7083
17.7291
17.7491
17.7682
17.7866
17.8042
17.821
17.8371
17.8525
17.8672
17.8813
17.8948
17.9076
17.9198
17.9315
17.9426
17.9532
17.9633
17.9728
17.9819
17.9906
17.9987
18.0065
18.0138
18.0207
18.0272
18.0333
18.039
18.0445
18.0495
18.0543
18.0587
18.0628
18.0667
18.0703
18.0737
18.0768
18.0797
18.0824
18.085
18.0873
18.0896
18.0916
18.0936
18.0953
18.097
18.0985
18.0998
18.1009
18.1018
18.1024
18.1028
18.1029
18.1027
18.1022
18.1014
18.1001
18.0985
18.0966
18.0942
18.0914
18.0882
18.0847
18.0808
18.0765
18.0718
18.0668
18.0615
18.0558
18.0497
18.0431
18.0361
18.0284
18.02
18.0105
17.9998
17.9873
17.9725
17.9546
17.9329
17.9059
17.8738
17.8294
-3.07058
-3.09556
-3.13422
-3.17661
-3.21565
-3.25144
-3.28564
-3.31947
-3.35359
-3.3885
-3.4245
-3.46181
-3.5005
-3.54065
-3.58217
-3.62501
-3.66899
-3.71404
-3.76001
-3.80681
-3.85435
-3.90258
-3.95141
-4.00086
-4.05088
-4.10151
-4.15276
-4.20469
-4.25733
-4.31077
-4.36504
-4.42025
-4.47646
-4.53378
-4.59225
-4.65201
-4.71308
-4.77561
-4.83963
-4.90526
-4.97255
-5.04161
-5.11247
-5.18525
-5.25998
-5.33675
-5.41559
-5.49661
-5.5798
-5.66527
-5.753
-5.84309
-5.93553
-6.0304
-6.12765
-6.22739
-6.32956
-6.43424
-6.54137
-6.65102
-6.7631
-6.87767
-6.99463
-7.11403
-7.23576
-7.35985
-7.48618
-7.61476
-7.74545
-7.87825
-8.01301
-8.1497
-8.28814
-8.42833
-8.57003
-8.71321
-8.85764
-9.00327
-9.14983
-9.29726
-9.44528
-9.59379
-9.74249
-9.89126
-10.0398
-10.1879
-10.3353
-10.4817
-10.6269
-10.7706
-10.9124
-11.052
-11.1891
-11.3234
-11.4544
-11.5819
-11.7053
-11.8243
-11.9385
-12.0474
-12.1505
-12.2475
-12.3377
-12.4207
-12.496
-12.5631
-12.6213
-12.6703
-12.7095
-12.7383
-12.7561
-12.7625
-12.7569
-12.7386
-12.7072
-12.6622
-12.603
-12.5293
-12.4404
-12.3362
-12.2161
-12.0799
-11.9273
-11.7581
-11.5721
-11.3694
-11.1498
-10.9134
-10.6603
-10.3909
-10.1054
-9.80425
-9.4879
-9.15695
-8.81206
-8.454
-8.08358
-7.7017
-7.30933
-6.90748
-6.49722
-6.07964
-5.65588
-5.22706
-4.79432
-4.3588
-3.92161
-3.48385
-3.04656
-2.61071
-2.17722
-1.74692
-1.32057
-0.898863
-0.482392
-0.0716878
0.332803
0.7307
1.1217
1.50555
1.88207
2.25114
2.61268
2.96664
3.31304
3.65191
3.98331
4.30731
4.62399
4.93347
5.23588
5.53144
5.82035
6.10265
6.37843
6.64788
6.91121
7.16857
7.42015
7.66609
7.90657
8.14173
8.37174
8.59673
8.81685
9.03225
9.24306
9.44941
9.65144
9.84925
10.043
10.2327
10.4186
10.6007
10.7791
10.9539
11.1253
11.2933
11.4579
11.6193
11.7776
11.9327
12.0848
12.234
12.3803
12.5237
12.6644
12.8024
12.9376
13.0703
13.2004
13.328
13.4531
13.5758
13.6961
13.8141
13.9298
14.0432
14.1543
14.2633
14.3701
14.4748
14.5774
14.678
14.7765
14.873
14.9675
15.0601
15.1508
15.2397
15.3266
15.4117
15.495
15.5766
15.6563
15.7344
15.8107
15.8853
15.9582
16.0296
16.0992
16.1673
16.2338
16.2987
16.362
16.4238
16.4841
16.543
16.6003
16.6562
16.7107
16.7637
16.8153
16.8656
16.9144
16.962
17.0081
17.053
17.0966
17.1388
17.1798
17.2196
17.2581
17.2954
17.3314
17.3663
17.4
17.4325
17.4639
17.4941
17.5232
17.5512
17.5781
17.604
17.6288
17.6527
17.6756
17.6976
17.7187
17.739
17.7585
17.7771
17.795
17.8121
17.8285
17.8442
17.8592
17.8735
17.8872
17.9003
17.9127
17.9246
17.936
17.9467
17.957
17.9667
17.976
17.9848
17.9931
18.001
18.0084
18.0154
18.022
18.0283
18.0341
18.0396
18.0448
18.0496
18.0541
18.0583
18.0622
18.0658
18.0692
18.0723
18.0752
18.0779
18.0804
18.0826
18.0848
18.0867
18.0885
18.0902
18.0917
18.0931
18.0943
18.0952
18.096
18.0966
18.0968
18.0969
18.0966
18.096
18.095
18.0937
18.092
18.09
18.0875
18.0846
18.0813
18.0776
18.0735
18.069
18.064
18.0587
18.0529
18.0467
18.04
18.0328
18.0249
18.0163
18.0067
17.9961
17.9839
17.9698
17.9532
17.9335
17.9099
17.8811
17.8473
17.8022
-3.12733
-3.14816
-3.18111
-3.21861
-3.2543
-3.28775
-3.32015
-3.3525
-3.38532
-3.41902
-3.45381
-3.48988
-3.52726
-3.566
-3.60603
-3.64733
-3.68977
-3.73327
-3.77771
-3.82303
-3.86914
-3.91601
-3.96359
-4.01186
-4.06081
-4.11047
-4.16085
-4.21201
-4.26397
-4.31683
-4.37061
-4.42542
-4.4813
-4.53837
-4.59667
-4.65632
-4.71736
-4.77991
-4.84401
-4.90979
-4.97729
-5.0466
-5.11778
-5.19093
-5.26607
-5.34331
-5.42268
-5.50426
-5.58807
-5.67421
-5.76266
-5.85353
-5.94679
-6.04253
-6.14073
-6.24146
-6.34468
-6.45047
-6.55877
-6.66964
-6.78301
-6.89894
-7.01732
-7.13822
-7.26152
-7.38725
-7.5153
-7.64568
-7.77825
-7.91303
-8.04984
-8.18869
-8.32939
-8.47192
-8.61607
-8.76181
-8.90891
-9.05732
-9.20678
-9.35722
-9.50837
-9.66013
-9.81221
-9.96448
-10.1166
-10.2685
-10.4198
-10.5702
-10.7195
-10.8675
-11.0136
-11.1578
-11.2995
-11.4386
-11.5744
-11.7069
-11.8353
-11.9595
-12.0789
-12.1932
-12.3017
-12.4041
-12.4997
-12.5883
-12.669
-12.7416
-12.8053
-12.8598
-12.9043
-12.9383
-12.9613
-12.9726
-12.9717
-12.958
-12.9309
-12.8898
-12.8343
-12.7638
-12.6779
-12.5761
-12.458
-12.3232
-12.1715
-12.0027
-11.8165
-11.6128
-11.3916
-11.1529
-10.897
-10.6239
-10.3341
-10.0279
-9.70589
-9.36861
-9.0168
-8.65121
-8.27275
-7.88238
-7.48109
-7.07001
-6.65025
-6.22301
-5.7895
-5.35093
-4.90854
-4.46353
-4.01711
-3.57045
-3.12464
-2.68073
-2.23968
-1.80235
-1.36952
-0.941882
-0.52005
-0.10454
0.304218
0.705871
1.10013
1.48679
1.86569
2.23676
2.59993
2.95518
3.30255
3.64209
3.97389
4.29805
4.61469
4.92394
5.22595
5.52102
5.80931
6.09089
6.36589
6.63451
6.89695
7.15342
7.40407
7.6491
7.88866
8.12292
8.35203
8.57616
8.79545
9.01004
9.22008
9.4257
9.62703
9.82419
10.0173
10.2065
10.3918
10.5734
10.7514
10.9258
11.0968
11.2645
11.4288
11.59
11.748
11.903
12.055
12.204
12.3502
12.4936
12.6343
12.7722
12.9075
13.0402
13.1704
13.2981
13.4233
13.5462
13.6666
13.7847
13.9006
14.0142
14.1255
14.2347
14.3418
14.4467
14.5495
14.6503
14.7491
14.8459
14.9407
15.0336
15.1246
15.2137
15.301
15.3864
15.47
15.5518
15.6319
15.7103
15.7869
15.8619
15.9351
16.0068
16.0768
16.1452
16.212
16.2772
16.3409
16.403
16.4637
16.5228
16.5805
16.6367
16.6915
16.7448
16.7968
16.8473
16.8965
16.9444
16.9908
17.036
17.0799
17.1225
17.1638
17.2038
17.2426
17.2802
17.3166
17.3517
17.3857
17.4185
17.4502
17.4807
17.5101
17.5384
17.5656
17.5918
17.617
17.6411
17.6644
17.6867
17.7082
17.7288
17.7485
17.7675
17.7857
17.8031
17.8198
17.8358
17.851
17.8656
17.8795
17.8928
17.9055
17.9176
17.9292
17.9401
17.9506
17.9605
17.9699
17.9789
17.9873
17.9954
18.0029
18.0101
18.0168
18.0231
18.0291
18.0347
18.0399
18.0448
18.0494
18.0536
18.0576
18.0613
18.0647
18.0678
18.0707
18.0734
18.0758
18.0781
18.0801
18.082
18.0837
18.0853
18.0867
18.0879
18.089
18.0898
18.0905
18.0909
18.0911
18.091
18.0906
18.0899
18.0888
18.0874
18.0856
18.0834
18.0808
18.0778
18.0744
18.0705
18.0662
18.0614
18.0562
18.0505
18.0443
18.0376
18.0303
18.0224
18.0137
18.0042
17.9935
17.9817
17.9681
17.9525
17.9343
17.9129
17.8876
17.8572
17.8218
17.776
-3.18367
-3.20065
-3.2282
-3.26072
-3.29278
-3.32354
-3.35378
-3.38427
-3.41541
-3.44752
-3.48074
-3.51523
-3.55099
-3.58808
-3.62641
-3.66597
-3.70666
-3.74844
-3.79121
-3.83491
-3.87948
-3.92489
-3.97109
-4.0181
-4.0659
-4.1145
-4.16394
-4.21426
-4.26548
-4.3177
-4.37093
-4.42528
-4.48079
-4.53757
-4.59565
-4.65516
-4.71613
-4.77867
-4.84283
-4.90873
-4.97639
-5.04594
-5.11741
-5.19089
-5.26643
-5.34412
-5.42398
-5.50611
-5.59052
-5.67731
-5.76647
-5.85809
-5.95217
-6.04879
-6.14791
-6.24963
-6.3539
-6.46079
-6.57026
-6.68237
-6.79704
-6.91433
-7.03415
-7.15656
-7.28145
-7.40885
-7.53865
-7.67087
-7.80536
-7.94215
-8.08108
-8.22214
-8.36514
-8.51009
-8.65676
-8.80513
-8.95497
-9.10625
-9.25868
-9.41223
-9.5666
-9.72172
-9.87728
-10.0332
-10.1891
-10.3448
-10.5001
-10.6547
-10.8083
-10.9606
-11.1113
-11.2602
-11.4067
-11.5506
-11.6915
-11.8291
-11.9629
-12.0924
-12.2173
-12.337
-12.4511
-12.5592
-12.6606
-12.7549
-12.8414
-12.9197
-12.9892
-13.0493
-13.0995
-13.1391
-13.1675
-13.1841
-13.1883
-13.1794
-13.1569
-13.1202
-13.0686
-13.0018
-12.919
-12.82
-12.7041
-12.5711
-12.4206
-12.2523
-12.066
-11.8615
-11.6389
-11.3981
-11.1392
-10.8626
-10.5683
-10.257
-9.92917
-9.58535
-9.22631
-8.8529
-8.46603
-8.06671
-7.65607
-7.23525
-6.80548
-6.36805
-5.92426
-5.47542
-5.02286
-4.56788
-4.11177
-3.65576
-3.20104
-2.74871
-2.29976
-1.85508
-1.41548
-0.981661
-0.554228
-0.133694
0.27953
0.685117
1.0828
1.47236
1.85369
2.22671
2.5914
2.94779
3.29593
3.63592
3.9679
4.29198
4.60833
4.91711
5.21851
5.51281
5.80026
6.08092
6.35492
6.6225
6.88389
7.13927
7.38885
7.6328
7.8713
8.10451
8.33262
8.55577
8.77411
8.9878
9.19698
9.40179
9.60235
9.79878
9.99121
10.1798
10.3645
10.5456
10.7231
10.8971
11.0677
11.235
11.399
11.5599
11.7177
11.8725
12.0243
12.1732
12.3193
12.4626
12.6033
12.7412
12.8765
13.0093
13.1395
13.2673
13.3927
13.5156
13.6362
13.7545
13.8705
13.9843
14.0959
14.2053
14.3125
14.4177
14.5208
14.6219
14.7209
14.818
14.9131
15.0063
15.0976
15.187
15.2746
15.3603
15.4443
15.5264
15.6068
15.6855
15.7625
15.8378
15.9114
15.9834
16.0537
16.1224
16.1896
16.2551
16.3191
16.3816
16.4426
16.5021
16.5601
16.6167
16.6718
16.7255
16.7778
16.8286
16.8782
16.9263
16.9732
17.0187
17.0628
17.1057
17.1474
17.1877
17.2268
17.2647
17.3014
17.3369
17.3712
17.4043
17.4363
17.4671
17.4968
17.5254
17.5529
17.5794
17.6049
17.6294
17.653
17.6756
17.6974
17.7183
17.7384
17.7577
17.7762
17.7939
17.8109
17.8271
17.8427
17.8575
17.8717
17.8852
17.8982
17.9105
17.9222
17.9334
17.944
17.9541
17.9637
17.9728
17.9815
17.9896
17.9973
18.0046
18.0115
18.0179
18.024
18.0297
18.035
18.04
18.0446
18.049
18.053
18.0567
18.0601
18.0633
18.0662
18.0689
18.0713
18.0735
18.0756
18.0774
18.079
18.0805
18.0818
18.0829
18.0838
18.0846
18.0851
18.0854
18.0854
18.0852
18.0847
18.0839
18.0827
18.0812
18.0793
18.077
18.0743
18.0711
18.0675
18.0634
18.0589
18.0539
18.0483
18.0423
18.0357
18.0285
18.0206
18.012
18.0025
17.992
17.9804
17.9674
17.9525
17.9355
17.9158
17.8928
17.8659
17.834
17.7972
17.7506
-3.23626
-3.24981
-3.27242
-3.30011
-3.3284
-3.35627
-3.38411
-3.41247
-3.44167
-3.47193
-3.50335
-3.53604
-3.57
-3.60527
-3.64177
-3.6795
-3.71838
-3.75838
-3.79941
-3.84146
-3.88446
-3.92838
-3.97321
-4.01893
-4.06555
-4.1131
-4.16158
-4.21105
-4.26152
-4.31308
-4.36576
-4.41965
-4.47478
-4.53125
-4.58911
-4.64846
-4.70935
-4.77187
-4.83608
-4.90207
-4.9699
-5.03966
-5.1114
-5.1852
-5.26111
-5.33922
-5.41956
-5.50221
-5.5872
-5.67461
-5.76446
-5.85682
-5.95169
-6.04914
-6.14918
-6.25186
-6.35716
-6.46515
-6.57577
-6.68908
-6.80504
-6.92368
-7.04494
-7.16886
-7.29533
-7.42441
-7.55597
-7.69003
-7.82647
-7.9653
-8.10635
-8.24964
-8.39499
-8.54238
-8.69161
-8.84267
-8.9953
-9.14949
-9.30497
-9.46169
-9.61935
-9.7779
-9.93702
-10.0966
-10.2563
-10.4161
-10.5755
-10.7343
-10.8923
-11.0492
-11.2045
-11.3582
-11.5096
-11.6586
-11.8047
-11.9476
-12.0868
-12.2219
-12.3524
-12.4779
-12.5978
-12.7117
-12.819
-12.9193
-13.0118
-13.0962
-13.1717
-13.2378
-13.2938
-13.3393
-13.3734
-13.3956
-13.4052
-13.4015
-13.3839
-13.3518
-13.3046
-13.2417
-13.1625
-13.0664
-12.9532
-12.8222
-12.6731
-12.5056
-12.3194
-12.1144
-11.8905
-11.6476
-11.386
-11.1057
-10.8071
-10.4906
-10.1568
-9.80621
-9.43973
-9.05818
-8.66255
-8.25394
-7.8335
-7.4025
-6.96226
-6.51415
-6.05959
-5.59999
-5.13678
-4.67135
-4.20508
-3.73929
-3.27522
-2.81402
-2.35674
-1.90431
-1.45756
-1.01719
-0.583814
-0.157964
0.259939
0.669569
1.07068
1.4631
1.84673
2.22155
2.58757
2.94486
3.29354
3.63373
3.9656
4.28934
4.60513
4.91317
5.21367
5.50699
5.79334
6.07284
6.34563
6.61197
6.87209
7.12621
7.37453
7.61724
7.85453
8.08657
8.31354
8.53559
8.75288
8.96557
9.1738
9.3777
9.57741
9.77306
9.96475
10.1526
10.3367
10.5172
10.6942
10.8677
11.0379
11.2048
11.3685
11.529
11.6866
11.8411
11.9928
12.1416
12.2876
12.4308
12.5714
12.7093
12.8447
12.9775
13.1078
13.2357
13.3611
13.4842
13.605
13.7234
13.8396
13.9536
14.0654
14.175
14.2825
14.3879
14.4913
14.5926
14.692
14.7893
14.8848
14.9782
15.0698
15.1596
15.2475
15.3335
15.4178
15.5003
15.5811
15.6601
15.7374
15.813
15.887
15.9593
16.03
16.0991
16.1666
16.2325
16.2969
16.3597
16.4211
16.4809
16.5393
16.5962
16.6516
16.7057
16.7583
16.8095
16.8594
16.9079
16.9551
17.0009
17.0454
17.0887
17.1306
17.1713
17.2108
17.249
17.286
17.3218
17.3564
17.3898
17.4221
17.4532
17.4833
17.5122
17.54
17.5669
17.5927
17.6175
17.6414
17.6644
17.6865
17.7078
17.7282
17.7478
17.7666
17.7846
17.8019
17.8184
17.8342
17.8493
17.8637
17.8775
17.8907
17.9032
17.9152
17.9265
17.9374
17.9477
17.9574
17.9667
17.9755
17.9838
17.9916
17.999
18.006
18.0126
18.0188
18.0246
18.03
18.0351
18.0398
18.0442
18.0483
18.052
18.0555
18.0587
18.0617
18.0644
18.0668
18.069
18.071
18.0728
18.0744
18.0758
18.0769
18.078
18.0788
18.0794
18.0798
18.08
18.08
18.0796
18.079
18.078
18.0768
18.0751
18.0731
18.0706
18.0678
18.0645
18.0607
18.0564
18.0516
18.0463
18.0405
18.034
18.027
18.0193
18.0108
18.0015
17.9913
17.98
17.9674
17.9532
17.9371
17.9188
17.8977
17.8733
17.8449
17.8116
17.7735
17.7262
-3.28251
-3.29321
-3.31141
-3.33457
-3.35913
-3.384
-3.40929
-3.43538
-3.46247
-3.49072
-3.52019
-3.55096
-3.58302
-3.61639
-3.65102
-3.6869
-3.72396
-3.76219
-3.80152
-3.84193
-3.88339
-3.92587
-3.96935
-4.01384
-4.05934
-4.10586
-4.15342
-4.20207
-4.25183
-4.30277
-4.35492
-4.40836
-4.46314
-4.51933
-4.57698
-4.63619
-4.697
-4.7595
-4.82376
-4.88986
-4.95784
-5.02781
-5.0998
-5.17391
-5.25018
-5.32869
-5.40948
-5.49263
-5.57817
-5.66618
-5.75668
-5.84974
-5.94537
-6.04365
-6.14456
-6.24817
-6.35446
-6.46349
-6.57523
-6.68973
-6.80694
-6.92691
-7.04958
-7.17498
-7.30302
-7.43375
-7.56704
-7.70294
-7.84131
-7.98216
-8.12535
-8.27088
-8.41857
-8.56843
-8.72024
-8.87398
-9.02944
-9.18657
-9.34512
-9.50504
-9.66605
-9.82808
-9.99081
-10.1542
-10.3178
-10.4816
-10.6451
-10.8083
-10.9708
-11.1323
-11.2924
-11.4509
-11.6074
-11.7616
-11.913
-12.0614
-12.2061
-12.3469
-12.4831
-12.6145
-12.7404
-12.8604
-12.9739
-13.0803
-13.1791
-13.2696
-13.3514
-13.4237
-13.4859
-13.5374
-13.5775
-13.6056
-13.6209
-13.6227
-13.6103
-13.5832
-13.5406
-13.4819
-13.4065
-13.3139
-13.2034
-13.0748
-12.9274
-12.7609
-12.5752
-12.3698
-12.1448
-11.9001
-11.6357
-11.3519
-11.049
-10.7273
-10.3874
-10.03
-9.65585
-9.26595
-8.86129
-8.44304
-8.01245
-7.57088
-7.11975
-6.66053
-6.19474
-5.72391
-5.24957
-4.7732
-4.29627
-3.82017
-3.34623
-2.87566
-2.40954
-1.94888
-1.49454
-1.04728
-0.607743
-0.176446
0.246191
0.659856
1.06433
1.45948
1.84525
2.22166
2.58878
2.94672
3.29565
3.63575
3.96724
4.29033
4.60527
4.91228
5.21164
5.50367
5.78868
6.06677
6.33811
6.60299
6.86164
7.1143
7.36119
7.6025
7.83842
8.06914
8.29483
8.51566
8.73179
8.94337
9.15056
9.35348
9.55226
9.74704
9.93792
10.125
10.3085
10.4883
10.6647
10.8377
11.0074
11.1739
11.3372
11.4975
11.6548
11.8091
11.9605
12.1092
12.2551
12.3982
12.5388
12.6767
12.812
12.9449
13.0753
13.2032
13.3288
13.452
13.5729
13.6915
13.8079
13.9221
14.0341
14.144
14.2517
14.3574
14.461
14.5626
14.6623
14.7599
14.8557
14.9495
15.0414
15.1315
15.2197
15.3061
15.3907
15.4736
15.5547
15.6341
15.7117
15.7877
15.862
15.9347
16.0058
16.0752
16.1431
16.2094
16.2741
16.3373
16.399
16.4592
16.518
16.5752
16.6311
16.6855
16.7385
16.7901
16.8403
16.8891
16.9366
16.9828
17.0277
17.0713
17.1136
17.1546
17.1944
17.2329
17.2703
17.3064
17.3413
17.3751
17.4077
17.4392
17.4695
17.4988
17.527
17.5541
17.5803
17.6054
17.6297
17.653
17.6755
17.6971
17.7178
17.7378
17.7569
17.7752
17.7927
17.8095
17.8256
17.841
17.8556
17.8697
17.883
17.8958
17.908
17.9196
17.9306
17.941
17.951
17.9604
17.9693
17.9778
17.9858
17.9933
18.0005
18.0072
18.0134
18.0193
18.0249
18.03
18.0348
18.0393
18.0435
18.0473
18.0509
18.0541
18.0571
18.0598
18.0623
18.0645
18.0665
18.0682
18.0698
18.0711
18.0722
18.0731
18.0739
18.0744
18.0747
18.0748
18.0746
18.0741
18.0734
18.0723
18.0709
18.0691
18.0669
18.0644
18.0613
18.0578
18.0539
18.0494
18.0444
18.0388
18.0326
18.0258
18.0183
18.0101
18.0011
17.9911
17.9802
17.968
17.9544
17.9392
17.922
17.9024
17.88
17.8542
17.8244
17.7899
17.7506
17.7026
-3.32081
-3.32917
-3.34353
-3.36253
-3.38348
-3.40533
-3.42802
-3.45175
-3.47664
-3.5028
-3.53026
-3.55905
-3.58917
-3.62063
-3.6534
-3.68745
-3.72274
-3.75926
-3.79696
-3.83583
-3.87583
-3.91695
-3.95917
-4.0025
-4.04695
-4.09252
-4.13924
-4.18714
-4.23625
-4.28663
-4.33831
-4.39135
-4.44581
-4.50176
-4.55923
-4.61833
-4.67909
-4.74161
-4.80592
-4.87213
-4.94027
-5.01045
-5.08269
-5.1571
-5.23371
-5.31261
-5.39383
-5.47746
-5.56352
-5.6521
-5.74322
-5.83696
-5.93331
-6.03236
-6.1341
-6.23859
-6.34582
-6.45586
-6.56867
-6.68431
-6.80273
-6.92398
-7.048
-7.17484
-7.30441
-7.43675
-7.57175
-7.70945
-7.84971
-7.99257
-8.13785
-8.2856
-8.43562
-8.58792
-8.74229
-8.89873
-9.057
-9.21708
-9.3787
-9.54184
-9.7062
-9.87172
-10.0381
-10.2052
-10.3728
-10.5406
-10.7084
-10.876
-11.043
-11.2092
-11.3741
-11.5376
-11.6992
-11.8587
-12.0155
-12.1694
-12.3198
-12.4663
-12.6085
-12.7459
-12.8779
-13.0041
-13.1238
-13.2366
-13.3417
-13.4387
-13.5268
-13.6056
-13.6742
-13.732
-13.7783
-13.8125
-13.8337
-13.8412
-13.8344
-13.8125
-13.7748
-13.7207
-13.6494
-13.5605
-13.4532
-13.3271
-13.1818
-13.0167
-12.8315
-12.6261
-12.4002
-12.1538
-11.8868
-11.5996
-11.2923
-10.9654
-10.6194
-10.255
-9.87315
-9.4747
-9.0608
-8.63268
-8.19166
-7.73921
-7.27683
-6.80612
-6.32869
-5.84618
-5.36022
-4.8724
-4.38427
-3.8973
-3.41293
-2.93245
-2.45706
-1.9878
-1.5256
-1.07125
-0.625406
-0.188597
0.238771
0.65641
1.06414
1.46186
1.84957
2.22734
2.59529
2.9536
3.30249
3.6422
3.97299
4.29514
4.60892
4.91461
5.21248
5.50299
5.78637
6.06279
6.33245
6.59563
6.8526
7.1036
7.34887
7.58859
7.82299
8.05224
8.27653
8.49601
8.71087
8.92124
9.12728
9.32913
9.52691
9.72075
9.91077
10.0971
10.2798
10.459
10.6347
10.8072
10.9764
11.1424
11.3053
11.4653
11.6222
11.7763
11.9276
12.076
12.2218
12.3649
12.5053
12.6432
12.7786
12.9115
13.0419
13.1699
13.2956
13.419
13.54
13.6588
13.7754
13.8898
14.002
14.1121
14.2202
14.3261
14.43
14.5319
14.6318
14.7298
14.8259
14.92
15.0123
15.1027
15.1912
15.278
15.363
15.4462
15.5277
15.6074
15.6855
15.7618
15.8365
15.9096
15.981
16.0508
16.1191
16.1858
16.2509
16.3145
16.3766
16.4371
16.4963
16.5539
16.6101
16.6649
16.7182
16.7702
16.8208
16.87
16.9179
16.9644
17.0097
17.0536
17.0963
17.1376
17.1778
17.2167
17.2543
17.2908
17.3261
17.3602
17.3931
17.4249
17.4556
17.4852
17.5137
17.5412
17.5677
17.5933
17.6179
17.6416
17.6644
17.6863
17.7074
17.7276
17.747
17.7656
17.7835
17.8005
17.8169
17.8325
17.8474
17.8617
17.8753
17.8883
17.9007
17.9124
17.9237
17.9343
17.9444
17.954
17.9631
17.9717
17.9799
17.9875
17.9948
18.0016
18.008
18.014
18.0196
18.0249
18.0298
18.0344
18.0386
18.0425
18.0461
18.0494
18.0524
18.0552
18.0577
18.0599
18.0619
18.0636
18.0651
18.0664
18.0675
18.0683
18.069
18.0694
18.0696
18.0696
18.0693
18.0687
18.0678
18.0666
18.0651
18.0632
18.0609
18.0581
18.0549
18.0513
18.0471
18.0424
18.0371
18.0313
18.0248
18.0176
18.0097
18.001
17.9914
17.9808
17.9691
17.9561
17.9416
17.9253
17.907
17.8863
17.8626
17.8356
17.8046
17.7689
17.7285
17.6799
-3.35051
-3.35673
-3.36768
-3.38288
-3.40041
-3.41932
-3.43941
-3.46076
-3.48343
-3.50747
-3.53289
-3.55971
-3.58791
-3.61749
-3.64844
-3.68073
-3.71433
-3.74924
-3.78541
-3.82283
-3.86148
-3.90135
-3.94242
-3.98471
-4.0282
-4.07292
-4.11889
-4.16613
-4.21467
-4.26456
-4.31583
-4.36854
-4.42274
-4.47849
-4.53584
-4.59486
-4.6556
-4.71814
-4.78254
-4.84887
-4.91718
-4.98757
-5.06007
-5.13477
-5.21171
-5.29098
-5.37261
-5.45669
-5.54326
-5.63238
-5.72409
-5.81846
-5.9155
-6.01529
-6.11781
-6.22314
-6.33128
-6.44227
-6.55609
-6.67282
-6.7924
-6.91489
-7.04022
-7.16845
-7.29949
-7.43339
-7.57004
-7.70949
-7.8516
-7.9964
-8.14375
-8.29366
-8.44596
-8.60067
-8.75757
-8.91665
-9.07771
-9.2407
-9.40539
-9.57172
-9.73942
-9.90843
-10.0784
-10.2493
-10.4208
-10.5928
-10.7648
-10.9368
-11.1083
-11.2791
-11.449
-11.6175
-11.7842
-11.949
-12.1113
-12.2707
-12.4268
-12.5792
-12.7274
-12.8709
-13.0091
-13.1415
-13.2676
-13.3868
-13.4984
-13.602
-13.6966
-13.7819
-13.857
-13.9214
-13.9741
-14.0145
-14.0419
-14.0554
-14.0543
-14.0379
-14.0054
-13.9561
-13.8892
-13.8042
-13.7004
-13.5772
-13.4341
-13.2706
-13.0863
-12.8809
-12.6543
-12.4063
-12.1369
-11.8464
-11.5348
-11.2027
-10.8506
-10.4793
-10.0896
-9.6826
-9.25937
-8.82124
-8.36965
-7.9061
-7.43224
-6.94973
-6.4603
-5.96568
-5.4676
-4.9678
-4.46794
-3.96962
-3.47436
-2.98358
-2.49856
-2.02042
-1.55015
-1.08856
-0.636341
-0.194008
0.238047
0.65956
1.07039
1.47049
1.85991
2.23878
2.60729
2.96568
3.31422
3.65321
3.98298
4.30385
4.61616
4.92021
5.21634
5.50497
5.78647
6.06097
6.32869
6.58994
6.84501
7.09415
7.33761
7.57558
7.80828
8.03591
8.25865
8.47667
8.69013
8.89919
9.104
9.30469
9.50139
9.69422
9.8833
10.0687
10.2506
10.4291
10.6042
10.7761
10.9447
11.1103
11.2728
11.4324
11.589
11.7428
11.8939
12.0422
12.1878
12.3308
12.4712
12.609
12.7444
12.8773
13.0078
13.1359
13.2617
13.3852
13.5064
13.6254
13.7422
13.8568
13.9692
14.0796
14.1879
14.2941
14.3983
14.5005
14.6007
14.699
14.7954
14.8899
14.9825
15.0732
15.1622
15.2493
15.3347
15.4182
15.5001
15.5802
15.6586
15.7354
15.8105
15.8839
15.9557
16.026
16.0946
16.1617
16.2272
16.2912
16.3537
16.4146
16.4741
16.5322
16.5888
16.6439
16.6977
16.75
16.801
16.8506
16.8988
16.9458
16.9914
17.0357
17.0787
17.1204
17.1609
17.2002
17.2382
17.275
17.3106
17.3451
17.3784
17.4105
17.4415
17.4715
17.5004
17.5282
17.5551
17.581
17.6059
17.63
17.6531
17.6754
17.6968
17.7173
17.7371
17.756
17.7741
17.7915
17.8081
17.824
17.8391
17.8536
17.8675
17.8807
17.8933
17.9052
17.9166
17.9275
17.9378
17.9475
17.9568
17.9655
17.9738
17.9816
17.989
17.9959
18.0024
18.0086
18.0143
18.0196
18.0246
18.0293
18.0336
18.0376
18.0413
18.0446
18.0477
18.0505
18.053
18.0553
18.0573
18.059
18.0605
18.0617
18.0628
18.0636
18.0641
18.0645
18.0646
18.0644
18.064
18.0634
18.0624
18.0611
18.0594
18.0573
18.0549
18.052
18.0486
18.0448
18.0404
18.0354
18.0299
18.0238
18.0169
18.0094
18.0011
17.9919
17.9817
17.9705
17.9581
17.9443
17.9289
17.9117
17.8923
17.8705
17.8457
17.8175
17.7853
17.7486
17.7072
17.6579
-3.37131
-3.37547
-3.3833
-3.395
-3.40932
-3.42539
-3.44293
-3.46192
-3.48237
-3.50431
-3.52771
-3.55257
-3.57889
-3.60666
-3.63586
-3.66648
-3.6985
-3.73189
-3.76665
-3.80275
-3.84017
-3.87891
-3.91895
-3.9603
-4.00295
-4.04693
-4.09224
-4.13891
-4.18696
-4.23644
-4.28738
-4.33982
-4.39382
-4.44942
-4.50668
-4.56566
-4.62641
-4.68901
-4.7535
-4.81996
-4.88845
-4.95905
-5.03179
-5.10677
-5.18403
-5.26366
-5.34569
-5.4302
-5.51724
-5.60688
-5.69914
-5.79411
-5.8918
-5.99226
-6.09553
-6.20165
-6.31062
-6.42252
-6.53732
-6.65507
-6.77575
-6.89941
-7.026
-7.15556
-7.28803
-7.42344
-7.56169
-7.70283
-7.84674
-7.99345
-8.1428
-8.29484
-8.44939
-8.60645
-8.76583
-8.92754
-9.09133
-9.25721
-9.42491
-9.59441
-9.76541
-9.93786
-10.1115
-10.2861
-10.4615
-10.6375
-10.8137
-10.9901
-11.1661
-11.3417
-11.5163
-11.6898
-11.8617
-12.0318
-12.1995
-12.3646
-12.5264
-12.6847
-12.8388
-12.9884
-13.1328
-13.2716
-13.4041
-13.5297
-13.6479
-13.758
-13.8593
-13.9512
-14.033
-14.1039
-14.1631
-14.21
-14.2437
-14.2633
-14.2681
-14.2573
-14.2301
-14.1858
-14.1235
-14.0426
-13.9424
-13.8223
-13.6815
-13.5198
-13.3365
-13.1315
-12.9043
-12.6549
-12.3833
-12.0895
-11.7738
-11.4367
-11.0788
-10.7006
-10.3033
-9.88783
-9.45538
-9.00733
-8.54513
-8.0704
-7.58484
-7.09023
-6.58842
-6.08126
-5.57063
-5.05839
-4.54635
-4.03625
-3.52974
-3.02833
-2.5334
-2.04618
-1.56768
-1.09878
-0.640153
-0.192332
0.244316
0.669562
1.08331
1.48557
1.87645
2.25614
2.62491
2.98305
3.33091
3.66885
3.99727
4.31654
4.62704
4.92914
5.22318
5.50971
5.789
6.06132
6.32684
6.58594
6.83889
7.08598
7.32741
7.56346
7.79431
8.02018
8.24122
8.45765
8.6696
8.87725
9.08073
9.28017
9.47571
9.66746
9.85554
10.0401
10.2211
10.3988
10.5732
10.7445
10.9126
11.0776
11.2397
11.3989
11.5552
11.7087
11.8595
12.0076
12.1531
12.296
12.4363
12.5741
12.7095
12.8424
12.973
13.1012
13.2271
13.3507
13.4721
13.5913
13.7082
13.8231
13.9358
14.0464
14.1549
14.2614
14.3659
14.4685
14.569
14.6676
14.7643
14.8592
14.9521
15.0432
15.1325
15.22
15.3058
15.3897
15.472
15.5525
15.6313
15.7085
15.7839
15.8578
15.93
16.0006
16.0697
16.1372
16.2031
16.2675
16.3304
16.3917
16.4517
16.5101
16.5671
16.6226
16.6768
16.7295
16.7809
16.8309
16.8795
16.9268
16.9728
17.0175
17.0609
17.103
17.1439
17.1835
17.2219
17.259
17.295
17.3298
17.3635
17.396
17.4274
17.4577
17.4869
17.5151
17.5423
17.5686
17.5939
17.6183
17.6418
17.6644
17.6862
17.707
17.7271
17.7463
17.7647
17.7823
17.7992
17.8153
17.8308
17.8455
17.8596
17.873
17.8858
17.898
17.9095
17.9205
17.931
17.9409
17.9503
17.9592
17.9676
17.9756
17.9831
17.9901
17.9968
18.003
18.0088
18.0143
18.0194
18.0241
18.0285
18.0326
18.0363
18.0397
18.0429
18.0457
18.0483
18.0506
18.0526
18.0543
18.0558
18.0571
18.058
18.0588
18.0593
18.0596
18.0596
18.0594
18.0589
18.0581
18.057
18.0555
18.0537
18.0515
18.0489
18.0459
18.0423
18.0383
18.0337
18.0286
18.0228
18.0163
18.0092
18.0013
17.9925
17.9828
17.9721
17.9603
17.9472
17.9326
17.9164
17.8983
17.8779
17.855
17.8292
17.7999
17.7667
17.729
17.6866
17.6367
-3.38303
-3.38532
-3.39028
-3.39873
-3.40999
-3.42332
-3.43835
-3.45502
-3.47329
-3.49314
-3.51455
-3.53751
-3.56202
-3.58804
-3.61559
-3.64464
-3.67518
-3.70719
-3.74067
-3.77557
-3.8119
-3.84962
-3.88876
-3.92929
-3.97122
-4.01455
-4.05931
-4.10551
-4.15316
-4.20231
-4.25298
-4.30522
-4.35907
-4.41458
-4.47179
-4.53076
-4.59155
-4.65422
-4.71882
-4.78543
-4.85409
-4.9249
-4.99789
-5.07314
-5.15071
-5.23067
-5.31308
-5.398
-5.48548
-5.57559
-5.66837
-5.76388
-5.86215
-5.96324
-6.06718
-6.17402
-6.28378
-6.39651
-6.5122
-6.63092
-6.75263
-6.8774
-7.00517
-7.13599
-7.2698
-7.40665
-7.54644
-7.68922
-7.83486
-7.98341
-8.13473
-8.28884
-8.44556
-8.60494
-8.76677
-8.93104
-9.09754
-9.26626
-9.43694
-9.60955
-9.78383
-9.9597
-10.1369
-10.3152
-10.4945
-10.6745
-10.8549
-11.0356
-11.2162
-11.3964
-11.5758
-11.7543
-11.9313
-12.1066
-12.2797
-12.4503
-12.6179
-12.7819
-12.942
-13.0977
-13.2482
-13.3933
-13.5321
-13.6642
-13.7889
-13.9055
-14.0134
-14.112
-14.2003
-14.2778
-14.3436
-14.3969
-14.4368
-14.4626
-14.4733
-14.4682
-14.4464
-14.4071
-14.3495
-14.2728
-14.1764
-14.0594
-13.9213
-13.7615
-13.5795
-13.3749
-13.1475
-12.897
-12.6234
-12.3268
-12.0075
-11.6658
-11.3023
-10.9178
-10.5131
-10.0894
-9.64789
-9.18992
-8.71705
-8.23096
-7.73344
-7.22642
-6.71185
-6.19175
-5.66816
-5.14308
-4.61849
-4.09627
-3.5782
-3.06593
-2.56092
-2.06446
-1.57767
-1.10143
-0.636448
-0.183243
0.257846
0.686627
1.10306
1.50721
1.89925
2.27946
2.64816
3.00572
3.35256
3.68912
4.01585
4.33318
4.64155
4.94135
5.23306
5.51711
5.79398
6.06382
6.32692
6.58362
6.83424
7.07905
7.3183
7.55223
7.78107
8.00501
8.22425
8.43894
8.64928
8.85541
9.05747
9.25559
9.44988
9.64048
9.8275
10.0111
10.1912
10.3681
10.5418
10.7123
10.8798
11.0444
11.206
11.3648
11.5207
11.674
11.8245
11.9724
12.1177
12.2605
12.4007
12.5385
12.6739
12.8069
12.9375
13.0658
13.1918
13.3156
13.4371
13.5565
13.6737
13.7887
13.9017
14.0125
14.1213
14.2281
14.3329
14.4358
14.5367
14.6356
14.7327
14.8279
14.9212
15.0127
15.1023
15.1902
15.2764
15.3607
15.4434
15.5243
15.6035
15.6811
15.757
15.8312
15.9039
15.9749
16.0444
16.1123
16.1786
16.2434
16.3067
16.3685
16.4288
16.4877
16.5451
16.6011
16.6556
16.7088
16.7606
16.8109
16.86
16.9077
16.9541
16.9991
17.0429
17.0854
17.1266
17.1666
17.2054
17.2429
17.2793
17.3144
17.3485
17.3813
17.4131
17.4437
17.4734
17.5019
17.5295
17.5562
17.5819
17.6066
17.6305
17.6534
17.6755
17.6967
17.717
17.7365
17.7552
17.7731
17.7903
17.8067
17.8223
17.8373
17.8516
17.8652
17.8782
17.8906
17.9024
17.9135
17.9242
17.9342
17.9438
17.9528
17.9614
17.9695
17.9771
17.9843
17.991
17.9973
18.0033
18.0088
18.014
18.0188
18.0233
18.0274
18.0313
18.0348
18.038
18.0409
18.0435
18.0458
18.0478
18.0496
18.0511
18.0523
18.0533
18.054
18.0545
18.0547
18.0546
18.0543
18.0537
18.0528
18.0516
18.0501
18.0481
18.0458
18.0431
18.0398
18.0361
18.0319
18.0271
18.0217
18.0157
18.009
18.0015
17.9932
17.984
17.9739
17.9626
17.9502
17.9364
17.9212
17.9041
17.8851
17.8639
17.84
17.8131
17.7828
17.7486
17.71
17.6668
17.6163
-3.38591
-3.38655
-3.38886
-3.39425
-3.40258
-3.41322
-3.42579
-3.44015
-3.45626
-3.47406
-3.49353
-3.51465
-3.5374
-3.56178
-3.58778
-3.61538
-3.64457
-3.67532
-3.70764
-3.74147
-3.77683
-3.81368
-3.85203
-3.89186
-3.93318
-3.97598
-4.02028
-4.06609
-4.11343
-4.16232
-4.2128
-4.26489
-4.31864
-4.37409
-4.43129
-4.49029
-4.55114
-4.61391
-4.67864
-4.74541
-4.81427
-4.88529
-4.95854
-5.03407
-5.11195
-5.19224
-5.275
-5.3603
-5.44819
-5.53873
-5.63198
-5.72798
-5.82679
-5.92845
-6.03301
-6.14051
-6.25098
-6.36447
-6.481
-6.6006
-6.72326
-6.84905
-6.97791
-7.10992
-7.24499
-7.38319
-7.52442
-7.66874
-7.81603
-7.96634
-8.11952
-8.27561
-8.43446
-8.59606
-8.76025
-8.92702
-9.09616
-9.26765
-9.44125
-9.61693
-9.79442
-9.97366
-10.1544
-10.3364
-10.5195
-10.7035
-10.8881
-11.0731
-11.2581
-11.4429
-11.6271
-11.8105
-11.9926
-12.1731
-12.3516
-12.5277
-12.7008
-12.8706
-13.0365
-13.1982
-13.3548
-13.506
-13.6511
-13.7896
-13.9207
-14.0438
-14.1582
-14.2633
-14.3582
-14.4422
-14.5144
-14.5741
-14.6203
-14.6522
-14.6688
-14.6694
-14.653
-14.6189
-14.5661
-14.4939
-14.4014
-14.2879
-14.1526
-13.9951
-13.8147
-13.6109
-13.3836
-13.1324
-12.8572
-12.5582
-12.2355
-11.8896
-11.5209
-11.1302
-10.7183
-10.2864
-9.8357
-9.36765
-8.88387
-8.38614
-7.87637
-7.3566
-6.82894
-6.29558
-5.75869
-5.22047
-4.68303
-4.14844
-3.61863
-3.09533
-2.58015
-2.07445
-1.57939
-1.09591
-0.624719
-0.166322
0.278962
0.711007
1.12981
1.53553
1.9284
2.30878
2.67705
3.03368
3.37915
3.71397
4.03866
4.35372
4.65963
4.95686
5.24586
5.52723
5.80134
6.06846
6.32889
6.58297
6.83105
7.07338
7.31026
7.5419
7.76857
7.99043
8.20771
8.42056
8.62917
8.83368
9.03423
9.23094
9.42393
9.61331
9.79921
9.98173
10.161
10.337
10.5099
10.6797
10.8466
11.0106
11.1717
11.3301
11.4857
11.6386
11.7889
11.9366
12.0817
12.2244
12.3646
12.5023
12.6377
12.7707
12.9014
13.0297
13.1559
13.2798
13.4015
13.521
13.6384
13.7537
13.8669
13.9781
14.0872
14.1943
14.2994
14.4025
14.5037
14.603
14.7005
14.796
14.8897
14.9816
15.0717
15.1599
15.2465
15.3312
15.4143
15.4956
15.5753
15.6532
15.7296
15.8043
15.8773
15.9488
16.0187
16.087
16.1538
16.219
16.2828
16.345
16.4057
16.465
16.5229
16.5792
16.6342
16.6878
16.74
16.7908
16.8402
16.8883
16.9351
16.9806
17.0248
17.0677
17.1093
17.1497
17.1888
17.2267
17.2634
17.299
17.3334
17.3666
17.3987
17.4298
17.4598
17.4887
17.5167
17.5437
17.5698
17.5949
17.6191
17.6423
17.6647
17.6862
17.7069
17.7267
17.7457
17.7639
17.7813
17.7979
17.8139
17.8291
17.8436
17.8574
17.8706
17.8832
17.8951
17.9065
17.9173
17.9275
17.9372
17.9464
17.9551
17.9633
17.971
17.9783
17.9852
17.9916
17.9976
18.0033
18.0086
18.0135
18.018
18.0223
18.0261
18.0297
18.033
18.0359
18.0386
18.0409
18.043
18.0448
18.0463
18.0476
18.0485
18.0492
18.0496
18.0498
18.0497
18.0493
18.0486
18.0476
18.0463
18.0446
18.0426
18.0401
18.0372
18.0339
18.03
18.0256
18.0206
18.015
18.0087
18.0017
17.9939
17.9852
17.9756
17.965
17.9533
17.9403
17.9259
17.9099
17.8921
17.8723
17.8501
17.8253
17.7974
17.7662
17.7311
17.6916
17.6476
17.5966
-3.38057
-3.37977
-3.37959
-3.38208
-3.38758
-3.39557
-3.40569
-3.41776
-3.43171
-3.44749
-3.46506
-3.48439
-3.50547
-3.52829
-3.55285
-3.5791
-3.60706
-3.63666
-3.66794
-3.70082
-3.73532
-3.77141
-3.80908
-3.84831
-3.88912
-3.93148
-3.97541
-4.0209
-4.06799
-4.11668
-4.16701
-4.219
-4.2727
-4.32813
-4.38536
-4.44442
-4.50536
-4.56825
-4.63313
-4.70008
-4.76915
-4.84039
-4.91389
-4.98968
-5.06785
-5.14845
-5.23155
-5.31719
-5.40546
-5.4964
-5.59007
-5.68653
-5.78583
-5.88802
-5.99313
-6.10124
-6.21237
-6.32656
-6.44384
-6.56426
-6.6878
-6.81452
-6.9444
-7.07749
-7.21374
-7.3532
-7.49578
-7.64155
-7.7904
-7.94236
-8.09732
-8.25531
-8.41616
-8.57991
-8.74638
-8.91556
-9.08725
-9.26144
-9.43789
-9.61656
-9.79721
-9.97976
-10.1639
-10.3496
-10.5365
-10.7244
-10.9131
-11.1024
-11.2918
-11.4812
-11.6702
-11.8585
-12.0456
-12.2313
-12.4151
-12.5967
-12.7754
-12.951
-13.1228
-13.2904
-13.4531
-13.6105
-13.7619
-13.9067
-14.0442
-14.1738
-14.2947
-14.4063
-14.5077
-14.5982
-14.6769
-14.7429
-14.7954
-14.8335
-14.8561
-14.8625
-14.8517
-14.8228
-14.7749
-14.7072
-14.6188
-14.5089
-14.3766
-14.2215
-14.0429
-13.8402
-13.6131
-13.3613
-13.0847
-12.7834
-12.4574
-12.1071
-11.7331
-11.3361
-10.9168
-10.4765
-10.0165
-9.53811
-9.04318
-8.53356
-8.01126
-7.47847
-6.93746
-6.39058
-5.84017
-5.2886
-4.73817
-4.19108
-3.64944
-3.11513
-2.58987
-2.07506
-1.57196
-1.08148
-0.604388
-0.141131
0.307979
0.742903
1.16368
1.57057
1.96387
2.34401
2.71146
3.06679
3.41051
3.74325
4.06555
4.37801
4.68115
4.97549
5.26153
5.53987
5.811
6.07513
6.33266
6.58389
6.82922
7.06887
7.3032
7.53238
7.75672
7.97637
8.19157
8.40244
8.60923
8.81201
9.01098
9.20621
9.39782
9.58592
9.77065
9.95209
10.1303
10.3055
10.4776
10.6467
10.8129
10.9763
11.1369
11.2948
11.4501
11.6027
11.7527
11.9001
12.0451
12.1876
12.3277
12.4655
12.6008
12.7338
12.8646
12.9931
13.1193
13.2434
13.3653
13.485
13.6026
13.7181
13.8316
13.943
14.0524
14.1598
14.2653
14.3687
14.4703
14.57
14.6677
14.7637
14.8578
14.95
15.0405
15.1292
15.2161
15.3013
15.3848
15.4665
15.5466
15.625
15.7018
15.7769
15.8504
15.9223
15.9927
16.0614
16.1287
16.1943
16.2585
16.3212
16.3824
16.4421
16.5004
16.5572
16.6126
16.6666
16.7192
16.7704
16.8203
16.8688
16.916
16.9619
17.0065
17.0498
17.0918
17.1326
17.1721
17.2104
17.2475
17.2835
17.3182
17.3518
17.3843
17.4158
17.4461
17.4755
17.5038
17.5312
17.5576
17.5831
17.6077
17.6313
17.654
17.6758
17.6968
17.7169
17.7362
17.7546
17.7723
17.7892
17.8053
17.8208
17.8355
17.8496
17.8629
17.8757
17.8878
17.8993
17.9103
17.9207
17.9305
17.9399
17.9487
17.957
17.9649
17.9723
17.9792
17.9858
17.9919
17.9977
18.003
18.008
18.0127
18.017
18.0209
18.0246
18.0279
18.0309
18.0336
18.036
18.0381
18.04
18.0415
18.0427
18.0437
18.0444
18.0448
18.0449
18.0447
18.0443
18.0435
18.0424
18.041
18.0393
18.0371
18.0345
18.0315
18.028
18.0239
18.0193
18.0142
18.0083
18.0018
17.9945
17.9864
17.9774
17.9674
17.9563
17.9441
17.9305
17.9155
17.8988
17.8803
17.8597
17.8367
17.811
17.7823
17.7501
17.7142
17.6739
17.6292
17.5776
-3.3679
-3.36581
-3.3632
-3.36286
-3.36554
-3.37088
-3.37851
-3.38826
-3.40005
-3.41381
-3.42951
-3.44709
-3.46657
-3.48791
-3.51111
-3.53611
-3.56293
-3.59149
-3.62183
-3.65386
-3.68762
-3.72304
-3.76013
-3.79885
-3.83921
-3.88119
-3.92481
-3.97005
-4.01694
-4.06547
-4.1157
-4.16763
-4.22131
-4.27676
-4.33403
-4.39316
-4.45422
-4.51724
-4.58228
-4.64941
-4.71867
-4.79014
-4.86387
-4.93992
-5.01836
-5.09925
-5.18266
-5.26864
-5.35726
-5.44857
-5.54265
-5.63953
-5.73929
-5.84196
-5.94761
-6.05629
-6.16802
-6.28287
-6.40085
-6.52202
-6.64638
-6.77399
-6.90482
-7.03893
-7.17629
-7.31693
-7.4608
-7.60793
-7.75826
-7.91181
-8.06846
-8.22825
-8.39105
-8.55685
-8.72551
-8.89702
-9.07119
-9.24799
-9.42721
-9.6088
-9.79252
-9.97829
-10.1659
-10.3551
-10.5457
-10.7376
-10.9303
-11.1238
-11.3176
-11.5115
-11.7052
-11.8983
-12.0905
-12.2814
-12.4705
-12.6575
-12.8419
-13.0231
-13.2008
-13.3743
-13.5431
-13.7066
-13.8642
-14.0153
-14.1592
-14.2951
-14.4225
-14.5405
-14.6484
-14.7452
-14.8303
-14.9026
-14.9613
-15.0054
-15.0339
-15.0459
-15.0405
-15.0167
-14.9737
-14.9103
-14.8258
-14.7193
-14.59
-14.4371
-14.2601
-14.0584
-13.8314
-13.579
-13.3009
-12.9971
-12.6678
-12.3131
-11.9338
-11.5303
-11.1036
-10.6549
-10.1855
-9.69682
-9.19078
-8.66931
-8.13455
-7.58884
-7.0346
-6.47432
-5.91055
-5.34583
-4.7826
-4.2233
-3.6701
-3.12515
-2.59016
-2.06673
-1.55601
-1.0591
-0.576598
-0.109054
0.343406
0.780668
1.20298
1.61055
2.00387
2.38336
2.74966
3.10329
3.44499
3.77532
4.09499
4.40457
4.70472
4.99592
5.27877
5.55398
5.8218
6.08287
6.3372
6.58553
6.82785
7.0648
7.29635
7.52309
7.74489
7.96233
8.17525
8.38418
8.58897
8.79005
8.98734
9.18104
9.37123
9.55803
9.74154
9.92188
10.0991
10.2733
10.4446
10.613
10.7786
10.9414
11.1015
11.2589
11.4138
11.566
11.7158
11.8631
12.0079
12.1503
12.2903
12.428
12.5633
12.6964
12.8272
12.9558
13.0822
13.2064
13.3284
13.4484
13.5662
13.682
13.7957
13.9074
14.0171
14.1248
14.2306
14.3344
14.4364
14.5364
14.6345
14.7309
14.8253
14.918
15.0089
15.098
15.1854
15.271
15.3549
15.4371
15.5176
15.5965
15.6737
15.7492
15.8232
15.8956
15.9663
16.0356
16.1032
16.1694
16.234
16.2971
16.3588
16.4189
16.4777
16.5349
16.5908
16.6452
16.6983
16.7499
16.8002
16.8492
16.8968
16.9431
16.9881
17.0318
17.0742
17.1154
17.1553
17.194
17.2315
17.2679
17.303
17.337
17.3699
17.4017
17.4325
17.4622
17.4909
17.5187
17.5455
17.5713
17.5962
17.6202
17.6432
17.6654
17.6866
17.707
17.7266
17.7453
17.7633
17.7804
17.7968
17.8125
17.8274
17.8417
17.8552
17.8682
17.8805
17.8922
17.9033
17.9138
17.9238
17.9333
17.9422
17.9507
17.9586
17.9662
17.9732
17.9799
17.9861
17.992
17.9974
18.0025
18.0072
18.0116
18.0156
18.0193
18.0227
18.0258
18.0285
18.031
18.0332
18.035
18.0366
18.0379
18.0388
18.0395
18.0399
18.04
18.0398
18.0392
18.0384
18.0373
18.0358
18.0339
18.0317
18.029
18.0258
18.0221
18.0179
18.0132
18.0078
18.0017
17.9949
17.9874
17.979
17.9696
17.9592
17.9478
17.935
17.921
17.9054
17.8881
17.8688
17.8475
17.8237
17.7972
17.7676
17.7346
17.6979
17.6568
17.6115
17.5593
-3.34754
-3.3443
-3.33922
-3.33597
-3.33572
-3.33823
-3.34318
-3.35041
-3.35988
-3.37149
-3.38522
-3.401
-3.41885
-3.43869
-3.46053
-3.4843
-3.51001
-3.53758
-3.56703
-3.59828
-3.63135
-3.66615
-3.70272
-3.74098
-3.78098
-3.82263
-3.866
-3.91103
-3.95778
-4.00622
-4.0564
-4.10832
-4.16203
-4.21754
-4.27491
-4.33418
-4.39539
-4.45859
-4.52384
-4.5912
-4.66071
-4.73245
-4.80647
-4.88282
-4.96159
-5.04282
-5.12659
-5.21293
-5.30196
-5.39368
-5.4882
-5.58553
-5.68578
-5.78897
-5.89517
-6.00442
-6.11678
-6.23229
-6.35098
-6.47291
-6.59808
-6.72656
-6.85833
-6.99345
-7.13187
-7.27368
-7.41879
-7.56728
-7.71902
-7.87411
-8.0324
-8.19398
-8.35862
-8.52647
-8.69724
-8.87105
-9.04761
-9.22699
-9.4089
-9.59338
-9.7801
-9.96909
-10.16
-10.3527
-10.547
-10.7427
-10.9394
-11.1371
-11.3352
-11.5336
-11.7319
-11.9299
-12.127
-12.323
-12.5173
-12.7097
-12.8995
-13.0865
-13.2698
-13.4492
-13.6239
-13.7936
-13.9572
-14.1146
-14.2646
-14.4069
-14.5406
-14.6649
-14.779
-14.8822
-14.9735
-15.052
-15.1167
-15.1667
-15.2009
-15.2185
-15.2182
-15.1994
-15.1608
-15.1017
-15.0209
-14.9177
-14.7911
-14.6404
-14.4649
-14.2639
-14.0371
-13.7839
-13.5042
-13.198
-12.8653
-12.5063
-12.1217
-11.7119
-11.278
-10.8211
-10.3425
-9.84379
-9.32691
-8.79387
-8.24697
-7.68866
-7.12151
-6.54818
-5.97139
-5.39384
-4.81821
-4.24704
-3.68276
-3.12755
-2.58336
-2.05178
-1.53409
-1.03128
-0.54402
-0.0727369
0.38243
0.821529
1.2448
1.65263
2.04549
2.42397
2.7887
3.14037
3.47969
3.80739
4.12415
4.43066
4.72758
5.01549
5.29505
5.56677
5.83134
6.08892
6.34015
6.5852
6.82463
7.05851
7.28747
7.51135
7.73085
7.9457
8.15657
8.36322
8.56619
8.76532
8.96097
9.1531
9.34184
9.5273
9.7096
9.88883
10.0651
10.2384
10.4088
10.5765
10.7414
10.9036
11.0633
11.2203
11.3748
11.5267
11.6762
11.8233
11.968
12.1103
12.2503
12.3879
12.5233
12.6565
12.7874
12.9161
13.0427
13.1671
13.2893
13.4095
13.5276
13.6437
13.7577
13.8697
13.9798
14.0878
14.194
14.2982
14.4005
14.5009
14.5995
14.6962
14.7912
14.8843
14.9756
15.0652
15.153
15.2391
15.3234
15.4061
15.4871
15.5664
15.6441
15.7202
15.7946
15.8675
15.9387
16.0084
16.0766
16.1432
16.2083
16.2719
16.3341
16.3947
16.4539
16.5117
16.568
16.6229
16.6764
16.7285
16.7793
16.8287
16.8768
16.9235
16.969
17.0131
17.056
17.0975
17.1379
17.177
17.2149
17.2517
17.2872
17.3216
17.3549
17.3871
17.4183
17.4484
17.4776
17.5057
17.5329
17.5591
17.5844
17.6087
17.6321
17.6545
17.6761
17.6968
17.7167
17.7357
17.7539
17.7713
17.7879
17.8038
17.8189
17.8334
17.8472
17.8603
17.8728
17.8846
17.8959
17.9066
17.9167
17.9263
17.9354
17.944
17.9521
17.9597
17.9669
17.9737
17.98
17.9859
17.9915
17.9966
18.0014
18.0059
18.01
18.0138
18.0173
18.0204
18.0232
18.0257
18.028
18.0299
18.0315
18.0328
18.0338
18.0344
18.0348
18.0349
18.0347
18.0341
18.0333
18.032
18.0305
18.0285
18.0262
18.0234
18.0201
18.0163
18.012
18.007
18.0015
17.9952
17.9882
17.9803
17.9716
17.962
17.9512
17.9393
17.9262
17.9116
17.8954
17.8775
17.8576
17.8355
17.811
17.7838
17.7534
17.7197
17.6821
17.6404
17.5945
17.5418
-3.31989
-3.31548
-3.30791
-3.30171
-3.29841
-3.29786
-3.29989
-3.30441
-3.31141
-3.32078
-3.33249
-3.34643
-3.36262
-3.38098
-3.40151
-3.42411
-3.44879
-3.47545
-3.5041
-3.53464
-3.5671
-3.60136
-3.63748
-3.67534
-3.71501
-3.75638
-3.79954
-3.8444
-3.89103
-3.93939
-3.98954
-4.04146
-4.09521
-4.1508
-4.20829
-4.26769
-4.32907
-4.39247
-4.45794
-4.52553
-4.59531
-4.66731
-4.74164
-4.8183
-4.89741
-4.97897
-5.06311
-5.14983
-5.23926
-5.33139
-5.42634
-5.52413
-5.62486
-5.72855
-5.83529
-5.9451
-6.05805
-6.1742
-6.29357
-6.41621
-6.54215
-6.67145
-6.8041
-6.94017
-7.07961
-7.22251
-7.36878
-7.51852
-7.67162
-7.82817
-7.988
-8.15124
-8.31767
-8.48741
-8.6602
-8.83617
-9.01502
-9.19684
-9.38132
-9.56854
-9.75813
-9.95015
-10.1442
-10.3403
-10.5381
-10.7375
-10.9381
-11.1397
-11.342
-11.5447
-11.7475
-11.9501
-12.1519
-12.3529
-12.5522
-12.7498
-12.9449
-13.1373
-13.3262
-13.5113
-13.6917
-13.8671
-14.0367
-14.2
-14.356
-14.5043
-14.644
-14.7744
-14.8945
-15.0037
-15.1009
-15.1852
-15.2556
-15.3112
-15.3508
-15.3735
-15.3782
-15.364
-15.3298
-15.2745
-15.1973
-15.0971
-14.973
-14.8243
-14.6501
-14.4498
-14.2229
-13.969
-13.6878
-13.3792
-13.0432
-12.6801
-12.2903
-11.8746
-11.4337
-10.9689
-10.4814
-9.9731
-9.44574
-8.90153
-8.34288
-7.77233
-7.19264
-6.60659
-6.0171
-5.42703
-4.83928
-4.2566
-3.68166
-3.11672
-2.56388
-2.02478
-1.50083
-0.992934
-0.501774
-0.0276523
0.429347
0.869423
1.29286
1.70019
2.09187
2.46868
2.83123
3.1804
3.51686
3.84148
4.15495
4.45804
4.7515
5.03577
5.31177
5.57985
5.8408
6.09483
6.34263
6.58435
6.82057
7.05145
7.27736
7.49865
7.71534
7.92789
8.13627
8.34087
8.54166
8.73901
8.93285
9.12337
9.31063
9.49474
9.6758
9.8539
10.0291
10.2015
10.3711
10.5381
10.7024
10.864
11.0232
11.1798
11.3339
11.4856
11.6349
11.7818
11.9264
12.0686
12.2085
12.3462
12.4817
12.6149
12.7459
12.8748
13.0016
13.1262
13.2487
13.3691
13.4875
13.6039
13.7183
13.8306
13.941
14.0495
14.156
14.2606
14.3634
14.4642
14.5632
14.6604
14.7558
14.8494
14.9412
15.0312
15.1195
15.2061
15.291
15.3741
15.4556
15.5354
15.6136
15.6902
15.7652
15.8385
15.9103
15.9805
16.0492
16.1163
16.1819
16.2461
16.3087
16.3698
16.4295
16.4878
16.5446
16.6
16.654
16.7066
16.7578
16.8077
16.8563
16.9035
16.9494
16.994
17.0373
17.0793
17.1201
17.1597
17.198
17.2351
17.2711
17.3059
17.3397
17.3723
17.4039
17.4344
17.464
17.4926
17.5201
17.5467
17.5723
17.597
17.6207
17.6435
17.6654
17.6864
17.7065
17.7258
17.7443
17.7619
17.7788
17.7949
17.8103
17.8249
17.8389
17.8522
17.8649
17.8769
17.8883
17.8992
17.9094
17.9192
17.9284
17.9371
17.9453
17.953
17.9603
17.9672
17.9736
17.9797
17.9853
17.9906
17.9955
18
18.0042
18.0081
18.0116
18.0148
18.0177
18.0203
18.0226
18.0245
18.0262
18.0275
18.0286
18.0293
18.0297
18.0298
18.0295
18.029
18.0281
18.0268
18.0252
18.0232
18.0207
18.0178
18.0144
18.0105
18.006
18.001
17.9952
17.9887
17.9815
17.9734
17.9644
17.9544
17.9434
17.9311
17.9175
17.9024
17.8857
17.8672
17.8467
17.824
17.7988
17.7708
17.7397
17.7052
17.667
17.6246
17.5781
17.5249
-3.28917
-3.28373
-3.27369
-3.26453
-3.25811
-3.25446
-3.25357
-3.25543
-3.26003
-3.26723
-3.27697
-3.28917
-3.30383
-3.32083
-3.34016
-3.36169
-3.38542
-3.41123
-3.43913
-3.46898
-3.50083
-3.53454
-3.57016
-3.60758
-3.64685
-3.68789
-3.73074
-3.77535
-3.82177
-3.86996
-3.91998
-3.9718
-4.0255
-4.08106
-4.13856
-4.19799
-4.25944
-4.32292
-4.38852
-4.45624
-4.52618
-4.59837
-4.67289
-4.74977
-4.82911
-4.91092
-4.99533
-5.08233
-5.17206
-5.26451
-5.3598
-5.45795
-5.55906
-5.66315
-5.77032
-5.88059
-5.99404
-6.11071
-6.23065
-6.35391
-6.48051
-6.61052
-6.74394
-6.88084
-7.02118
-7.16505
-7.31238
-7.46326
-7.61758
-7.77544
-7.9367
-8.10146
-8.26954
-8.44103
-8.61572
-8.79368
-8.97468
-9.15878
-9.34569
-9.53546
-9.72779
-9.92268
-10.1198
-10.3191
-10.5202
-10.7231
-10.9273
-11.1327
-11.339
-11.5458
-11.7528
-11.9598
-12.1662
-12.3718
-12.576
-12.7785
-12.9787
-13.1762
-13.3703
-13.5607
-13.7466
-13.9275
-14.1026
-14.2715
-14.4331
-14.5871
-14.7324
-14.8685
-14.9942
-15.109
-15.2116
-15.3014
-15.3771
-15.4378
-15.4823
-15.5097
-15.5189
-15.5089
-15.4784
-15.4267
-15.3525
-15.255
-15.133
-14.9859
-14.8128
-14.613
-14.3859
-14.1311
-13.8482
-13.5372
-13.198
-12.8309
-12.4362
-12.0147
-11.5671
-11.0948
-10.599
-10.0814
-9.5441
-8.98924
-8.41932
-7.83705
-7.24527
-6.64692
-6.04507
-5.44281
-4.8433
-4.24953
-3.66433
-3.09011
-2.52911
-1.98304
-1.45345
-0.941185
-0.44694
0.0292029
0.487172
0.927334
1.35025
1.7562
2.14616
2.5205
2.88042
3.2264
3.55964
3.88065
4.19052
4.48983
4.77938
5.05997
5.33196
5.59633
5.85333
6.10379
6.34787
6.58624
6.819
7.04677
7.26963
7.48797
7.702
7.91192
8.11795
8.32024
8.51901
8.7143
8.90638
9.09522
9.28095
9.46365
9.64343
9.82037
9.99452
10.166
10.3348
10.5009
10.6645
10.8256
10.9843
11.1404
11.2942
11.4456
11.5946
11.7414
11.8858
12.0279
12.1678
12.3055
12.441
12.5743
12.7055
12.8345
12.9614
13.0862
13.2089
13.3296
13.4483
13.565
13.6796
13.7923
13.9031
14.0119
14.1188
14.2238
14.327
14.4283
14.5277
14.6253
14.7212
14.8152
14.9075
14.998
15.0867
15.1738
15.2591
15.3428
15.4248
15.5051
15.5838
15.6609
15.7363
15.8102
15.8825
15.9532
16.0224
16.09
16.1561
16.2207
16.2839
16.3455
16.4057
16.4644
16.5217
16.5776
16.6321
16.6852
16.7369
16.7873
16.8363
16.8839
16.9303
16.9753
17.0191
17.0616
17.1028
17.1428
17.1815
17.2191
17.2555
17.2907
17.3249
17.3579
17.3899
17.4209
17.4509
17.4798
17.5077
17.5347
17.5606
17.5856
17.6097
17.6328
17.655
17.6763
17.6967
17.7162
17.7349
17.7528
17.7699
17.7863
17.8019
17.8167
17.8309
17.8444
17.8572
17.8694
17.8809
17.8919
17.9023
17.9122
17.9215
17.9303
17.9387
17.9465
17.9539
17.9609
17.9674
17.9735
17.9792
17.9846
17.9896
17.9942
17.9985
18.0024
18.006
18.0093
18.0123
18.0149
18.0173
18.0193
18.021
18.0224
18.0235
18.0242
18.0246
18.0247
18.0245
18.0239
18.023
18.0217
18.02
18.0179
18.0154
18.0124
18.0089
18.0049
18.0003
17.995
17.9891
17.9825
17.975
17.9667
17.9574
17.9471
17.9357
17.9231
17.909
17.8935
17.8763
17.8573
17.8362
17.8129
17.787
17.7583
17.7266
17.6914
17.6525
17.6096
17.5625
17.5088
-3.25743
-3.25117
-3.23892
-3.22692
-3.21746
-3.21081
-3.20712
-3.20641
-3.20869
-3.21381
-3.22171
-3.23228
-3.24549
-3.2612
-3.27937
-3.29985
-3.32263
-3.34756
-3.37465
-3.40376
-3.43491
-3.46799
-3.50301
-3.53988
-3.57864
-3.61921
-3.66164
-3.70586
-3.75194
-3.79982
-3.84958
-3.90118
-3.95469
-4.0101
-4.06748
-4.12683
-4.18823
-4.25169
-4.31728
-4.38504
-4.45503
-4.52729
-4.60191
-4.6789
-4.75837
-4.84034
-4.92491
-5.0121
-5.10202
-5.19469
-5.29022
-5.38862
-5.49001
-5.59439
-5.70189
-5.81251
-5.92635
-6.04343
-6.16383
-6.28758
-6.41472
-6.54532
-6.67939
-6.81699
-6.9581
-7.1028
-7.25105
-7.40291
-7.55832
-7.71735
-7.87988
-8.046
-8.21557
-8.38865
-8.56506
-8.74486
-8.92784
-9.11403
-9.3032
-9.49535
-9.69021
-9.88776
-10.0877
-10.29
-10.4942
-10.7004
-10.908
-11.117
-11.327
-11.5377
-11.7488
-11.9599
-12.1706
-12.3806
-12.5893
-12.7965
-13.0014
-13.2038
-13.4029
-13.5983
-13.7892
-13.9753
-14.1556
-14.3297
-14.4966
-14.6558
-14.8064
-14.9476
-15.0786
-15.1984
-15.3061
-15.4008
-15.4813
-15.5466
-15.5956
-15.6272
-15.6404
-15.634
-15.607
-15.5583
-15.4868
-15.3914
-15.2713
-15.1254
-14.953
-14.7534
-14.5259
-14.27
-13.9855
-13.672
-13.3297
-12.9587
-12.5594
-12.1324
-11.6786
-11.1992
-10.6956
-10.1694
-9.62273
-9.05789
-8.47738
-7.88399
-7.28064
-6.67043
-6.05667
-5.44272
-4.83201
-4.22766
-3.63251
-3.0495
-2.48064
-1.9282
-1.39328
-0.877311
-0.380391
0.0969486
0.555284
0.994864
1.41626
1.82041
2.20764
2.57919
2.93561
3.27819
3.60749
3.92471
4.2304
4.52573
4.81118
5.08756
5.35556
5.6158
5.86892
6.11544
6.35587
6.59056
6.81999
7.04432
7.2641
7.47947
7.69068
7.89797
8.10151
8.3015
8.49804
8.69143
8.88158
9.0687
9.25284
9.43409
9.61255
9.78828
9.96134
10.1318
10.2997
10.4651
10.628
10.7885
10.9466
11.1023
11.2557
11.4067
11.5555
11.702
11.8463
11.9883
12.1281
12.2658
12.4013
12.5347
12.6659
12.7951
12.9221
13.0471
13.1701
13.291
13.4099
13.5269
13.6418
13.7549
13.8659
13.9751
14.0824
14.1878
14.2913
14.393
14.4929
14.5909
14.6872
14.7817
14.8744
14.9654
15.0546
15.1421
15.228
15.3121
15.3946
15.4754
15.5546
15.6321
15.7081
15.7824
15.8552
15.9264
15.9961
16.0642
16.1309
16.196
16.2596
16.3217
16.3824
16.4416
16.4994
16.5558
16.6108
16.6643
16.7165
16.7673
16.8168
16.8649
16.9117
16.9572
17.0014
17.0443
17.086
17.1264
17.1656
17.2035
17.2404
17.276
17.3106
17.344
17.3765
17.4078
17.4382
17.4675
17.4958
17.5231
17.5494
17.5747
17.5991
17.6225
17.6449
17.6665
17.6872
17.707
17.7259
17.7441
17.7614
17.7779
17.7937
17.8088
17.8231
17.8367
17.8497
17.862
17.8737
17.8849
17.8954
17.9054
17.9148
17.9237
17.9322
17.9401
17.9476
17.9546
17.9613
17.9675
17.9733
17.9787
17.9838
17.9885
17.9928
17.9969
18.0005
18.0039
18.0069
18.0096
18.012
18.0141
18.0159
18.0173
18.0184
18.0192
18.0196
18.0198
18.0195
18.0189
18.018
18.0166
18.0149
18.0128
18.0102
18.0071
18.0035
17.9994
17.9946
17.9893
17.9832
17.9764
17.9687
17.9602
17.9507
17.9401
17.9283
17.9153
17.9009
17.885
17.8673
17.8477
17.8261
17.8022
17.7757
17.7464
17.714
17.6782
17.6387
17.5952
17.5476
17.4934
-3.22611
-3.21918
-3.20494
-3.19028
-3.17796
-3.16851
-3.16215
-3.15903
-3.15911
-3.16227
-3.1684
-3.1774
-3.1892
-3.20362
-3.22059
-3.23997
-3.2617
-3.28566
-3.31181
-3.34003
-3.37033
-3.40259
-3.43684
-3.47298
-3.51105
-3.55098
-3.5928
-3.63647
-3.68203
-3.72945
-3.77878
-3.83
-3.88318
-3.9383
-3.99543
-4.05457
-4.1158
-4.17911
-4.2446
-4.31227
-4.38221
-4.45444
-4.52905
-4.60606
-4.68557
-4.76759
-4.85223
-4.9395
-5.02953
-5.12232
-5.21799
-5.31655
-5.41812
-5.52271
-5.63043
-5.7413
-5.85542
-5.97281
-6.09356
-6.2177
-6.34528
-6.47635
-6.61095
-6.74913
-6.8909
-7.03632
-7.18536
-7.33809
-7.49444
-7.6545
-7.81818
-7.98553
-8.15643
-8.33096
-8.50894
-8.69041
-8.87521
-9.06333
-9.25458
-9.44892
-9.64614
-9.84618
-10.0488
-10.2538
-10.461
-10.6702
-10.8811
-11.0934
-11.3069
-11.5213
-11.7361
-11.9511
-12.1659
-12.38
-12.593
-12.8045
-13.0139
-13.2208
-13.4245
-13.6245
-13.8202
-14.011
-14.1961
-14.375
-14.5468
-14.7108
-14.8662
-15.0122
-15.1478
-15.2723
-15.3845
-15.4836
-15.5683
-15.6377
-15.6906
-15.7259
-15.7425
-15.7393
-15.7151
-15.6689
-15.5995
-15.506
-15.3871
-15.2421
-15.0701
-14.8704
-14.6422
-14.3851
-14.0988
-13.7829
-13.4376
-13.0629
-12.6592
-12.2271
-11.7676
-11.2816
-10.7708
-10.2368
-9.68156
-9.10754
-8.51723
-7.91344
-7.29922
-6.67797
-6.05307
-5.4283
-4.80707
-4.19261
-3.58832
-2.99676
-2.42083
-1.86213
-1.32266
-0.803031
-0.304225
0.174162
0.632107
1.07049
1.48991
1.8912
2.2753
2.64316
2.99584
3.33428
3.65948
3.97234
4.27384
4.56466
4.84585
5.11795
5.38168
5.63775
5.88678
6.12935
6.36594
6.59699
6.8228
7.04391
7.26042
7.47275
7.68111
7.88569
8.08671
8.28432
8.47874
8.66996
8.85827
9.04363
9.22614
9.40591
9.58301
9.7575
9.92944
10.0989
10.2659
10.4304
10.5926
10.7525
10.91
11.0652
11.2182
11.3689
11.5174
11.6637
11.8078
11.9497
12.0894
12.2271
12.3626
12.496
12.6273
12.7565
12.8837
13.0089
13.132
13.2532
13.3724
13.4896
13.6048
13.7182
13.8296
13.9391
14.0467
14.1525
14.2564
14.3585
14.4588
14.5572
14.6539
14.7489
14.842
14.9334
15.0231
15.1111
15.1974
15.282
15.365
15.4463
15.5259
15.604
15.6804
15.7553
15.8286
15.9003
15.9704
16.0391
16.1062
16.1718
16.2359
16.2985
16.3597
16.4194
16.4776
16.5345
16.5899
16.644
16.6966
16.7479
16.7978
16.8464
16.8936
16.9396
16.9842
17.0275
17.0696
17.1105
17.1501
17.1885
17.2257
17.2618
17.2967
17.3306
17.3634
17.3952
17.4259
17.4556
17.4843
17.5119
17.5385
17.5642
17.5888
17.6125
17.6353
17.6571
17.678
17.698
17.7172
17.7356
17.7531
17.7698
17.7858
17.801
17.8155
17.8293
17.8424
17.8549
17.8667
17.878
17.8886
17.8987
17.9083
17.9173
17.9258
17.9338
17.9414
17.9485
17.9553
17.9615
17.9674
17.973
17.9781
17.9829
17.9873
17.9914
17.9951
17.9986
18.0017
18.0044
18.0069
18.009
18.0108
18.0123
18.0135
18.0143
18.0147
18.0149
18.0146
18.014
18.0131
18.0117
18.0099
18.0077
18.0051
18.0019
17.9983
17.994
17.9892
17.9837
17.9774
17.9704
17.9626
17.9538
17.9441
17.9332
17.9212
17.9079
17.8931
17.8767
17.8586
17.8386
17.8164
17.7919
17.7649
17.735
17.702
17.6656
17.6256
17.5815
17.5335
17.4787
-3.19606
-3.18856
-3.17259
-3.15558
-3.14074
-3.12877
-3.12004
-3.11473
-3.1128
-3.11411
-3.11856
-3.12602
-3.13637
-3.14942
-3.16508
-3.1832
-3.20371
-3.22649
-3.25148
-3.27859
-3.3078
-3.33902
-3.37225
-3.40743
-3.44458
-3.48363
-3.52464
-3.56754
-3.6124
-3.65916
-3.7079
-3.75858
-3.81126
-3.86594
-3.92268
-3.98148
-4.0424
-4.10545
-4.17071
-4.23819
-4.30797
-4.38007
-4.45457
-4.53149
-4.61093
-4.69291
-4.77752
-4.86479
-4.95483
-5.04765
-5.14336
-5.24199
-5.34364
-5.44833
-5.55618
-5.6672
-5.7815
-5.89911
-6.0201
-6.14452
-6.27243
-6.40387
-6.5389
-6.67756
-6.81986
-6.96588
-7.1156
-7.26907
-7.42626
-7.58723
-7.75191
-7.92036
-8.09249
-8.26831
-8.44772
-8.63074
-8.8172
-9.0071
-9.20027
-9.39667
-9.59608
-9.79843
-10.0035
-10.2111
-10.4211
-10.6332
-10.8471
-11.0626
-11.2794
-11.4972
-11.7155
-11.9342
-12.1527
-12.3707
-12.5877
-12.8033
-13.0169
-13.228
-13.4359
-13.6403
-13.8404
-14.0356
-14.2252
-14.4085
-14.5846
-14.7531
-14.9128
-15.063
-15.2029
-15.3314
-15.4477
-15.5506
-15.639
-15.712
-15.7681
-15.8066
-15.826
-15.8254
-15.8034
-15.7592
-15.6914
-15.5991
-15.481
-15.3365
-15.1644
-14.9641
-14.735
-14.4764
-14.1882
-13.8699
-13.5216
-13.1434
-12.7356
-12.2988
-11.834
-11.3421
-10.8248
-10.2836
-9.72068
-9.13822
-8.53889
-7.92558
-7.30163
-6.67035
-6.03551
-5.40072
-4.76975
-4.1461
-3.53307
-2.93389
-2.35114
-1.78702
-1.24312
-0.720516
-0.219777
0.258989
0.716356
1.15294
1.56976
1.96772
2.34796
2.7117
3.06003
3.394
3.71465
4.02293
4.31973
4.60619
4.88277
5.15042
5.40979
5.66158
5.90645
6.14498
6.37769
6.60499
6.82733
7.04489
7.25826
7.46753
7.673
7.87487
8.07333
8.26856
8.46069
8.64995
8.83627
9.01983
9.20071
9.37897
9.55469
9.72793
9.89873
10.0671
10.2332
10.3969
10.5584
10.7176
10.8745
11.0293
11.1818
11.3322
11.4803
11.6264
11.7703
11.912
12.0517
12.1893
12.3247
12.4582
12.5895
12.7189
12.8462
12.9715
13.0949
13.2162
13.3356
13.4531
13.5686
13.6822
13.794
13.9038
14.0118
14.1179
14.2222
14.3247
14.4254
14.5242
14.6213
14.7167
14.8103
14.9022
14.9923
15.0807
15.1675
15.2526
15.336
15.4178
15.4979
15.5764
15.6534
15.7287
15.8024
15.8746
15.9453
16.0144
16.082
16.1481
16.2127
16.2758
16.3374
16.3976
16.4564
16.5137
16.5696
16.6241
16.6772
16.729
16.7793
16.8284
16.876
16.9224
16.9675
17.0113
17.0538
17.095
17.135
17.1739
17.2115
17.248
17.2834
17.3177
17.3509
17.383
17.4141
17.4442
17.4731
17.5011
17.528
17.554
17.5789
17.6029
17.6259
17.648
17.6691
17.6894
17.7088
17.7274
17.7451
17.762
17.7781
17.7935
17.8082
17.8221
17.8354
17.8479
17.8599
17.8713
17.882
17.8922
17.9018
17.911
17.9196
17.9277
17.9353
17.9426
17.9493
17.9557
17.9617
17.9673
17.9725
17.9773
17.9818
17.986
17.9898
17.9933
17.9964
17.9993
18.0018
18.004
18.0058
18.0074
18.0086
18.0094
18.0099
18.0101
18.0098
18.0092
18.0082
18.0069
18.0051
18.0028
18.0001
17.9969
17.9931
17.9888
17.9839
17.9782
17.9719
17.9647
17.9567
17.9477
17.9377
17.9267
17.9143
17.9007
17.8855
17.8688
17.8503
17.8298
17.8072
17.7822
17.7546
17.7241
17.6906
17.6537
17.6131
17.5685
17.52
17.4648
-3.16781
-3.15982
-3.14244
-3.12352
-3.10664
-3.09262
-3.0819
-3.07468
-3.07093
-3.07051
-3.07331
-3.07917
-3.08796
-3.09948
-3.11363
-3.13025
-3.14928
-3.17059
-3.19414
-3.21984
-3.24767
-3.27754
-3.30949
-3.34343
-3.3794
-3.41734
-3.4573
-3.49922
-3.54316
-3.58909
-3.63705
-3.68702
-3.73906
-3.79316
-3.84937
-3.90769
-3.96819
-4.03086
-4.09578
-4.16296
-4.23248
-4.30434
-4.37864
-4.45538
-4.53466
-4.6165
-4.70099
-4.78816
-4.87811
-4.97087
-5.06653
-5.16512
-5.26676
-5.37146
-5.47933
-5.59041
-5.70479
-5.82251
-5.94364
-6.06825
-6.19638
-6.32809
-6.46343
-6.60246
-6.7452
-6.8917
-7.04198
-7.19609
-7.35399
-7.51576
-7.68133
-7.85076
-8.02395
-8.20096
-8.38167
-8.56609
-8.75408
-8.94563
-9.14058
-9.33888
-9.54033
-9.74485
-9.95222
-10.1623
-10.3748
-10.5896
-10.8064
-11.0249
-11.2448
-11.4658
-11.6875
-11.9096
-12.1317
-12.3534
-12.5741
-12.7935
-13.0109
-13.226
-13.4379
-13.6463
-13.8505
-14.0497
-14.2433
-14.4307
-14.6109
-14.7832
-14.9468
-15.1009
-15.2445
-15.3767
-15.4963
-15.6026
-15.6942
-15.77
-15.8291
-15.8699
-15.8918
-15.893
-15.8729
-15.8299
-15.7633
-15.6715
-15.5539
-15.4091
-15.2366
-15.0353
-14.8049
-14.5448
-14.2544
-13.9337
-13.5824
-13.2008
-12.789
-12.348
-11.8783
-11.3812
-10.8579
-10.3104
-9.74029
-9.1502
-8.54282
-7.92123
-7.28871
-6.64875
-6.00503
-5.36136
-4.72158
-4.08948
-3.4687
-2.86249
-2.27365
-1.7045
-1.1567
-0.631291
-0.129039
0.350001
0.806291
1.24088
1.65463
2.04882
2.42477
2.78392
3.12752
3.45663
3.77237
4.07575
4.36786
4.64934
4.92139
5.18448
5.43939
5.68683
5.92748
6.16194
6.39072
6.61428
6.83296
7.04728
7.25732
7.46353
7.66611
7.86525
8.06115
8.25397
8.44391
8.63098
8.81542
8.9972
9.17642
9.35317
9.5275
9.69948
9.86912
10.0365
10.2016
10.3645
10.5252
10.6838
10.8401
10.9944
11.1464
11.2964
11.4443
11.59
11.7337
11.8753
12.0149
12.1524
12.2878
12.4213
12.5527
12.6821
12.8096
12.935
13.0585
13.1801
13.2997
13.4174
13.5332
13.6471
13.7591
13.8693
13.9776
14.0841
14.1887
14.2916
14.3926
14.4919
14.5894
14.6852
14.7792
14.8715
14.9621
15.051
15.1382
15.2237
15.3076
15.3898
15.4705
15.5495
15.6269
15.7027
15.7769
15.8496
15.9207
15.9903
16.0584
16.125
16.19
16.2536
16.3157
16.3764
16.4356
16.4934
16.5498
16.6047
16.6583
16.7105
16.7613
16.8108
16.8589
16.9057
16.9512
16.9954
17.0384
17.08
17.1205
17.1597
17.1978
17.2347
17.2705
17.3052
17.3388
17.3713
17.4027
17.4331
17.4624
17.4907
17.5179
17.5442
17.5694
17.5936
17.6169
17.6392
17.6606
17.6811
17.7007
17.7194
17.7373
17.7544
17.7707
17.7862
17.801
17.8151
17.8285
17.8412
17.8532
17.8647
17.8755
17.8858
17.8956
17.9048
17.9134
17.9217
17.9294
17.9367
17.9435
17.95
17.956
17.9617
17.9669
17.9719
17.9764
17.9806
17.9845
17.9881
17.9913
17.9942
17.9967
17.999
18.0009
18.0025
18.0037
18.0046
18.0051
18.0053
18.0051
18.0045
18.0035
18.0021
18.0003
17.998
17.9952
17.992
17.9881
17.9837
17.9787
17.9729
17.9664
17.9591
17.951
17.9418
17.9316
17.9203
17.9077
17.8938
17.8783
17.8612
17.8423
17.8214
17.7983
17.7729
17.7448
17.7138
17.6798
17.6423
17.6012
17.5562
17.5073
17.4516
-3.14157
-3.13315
-3.11475
-3.09452
-3.07621
-3.06067
-3.04838
-3.03954
-3.03414
-3.03206
-3.03319
-3.03735
-3.04439
-3.05414
-3.06649
-3.08131
-3.09852
-3.11802
-3.13978
-3.16372
-3.18984
-3.21806
-3.24841
-3.28083
-3.31536
-3.35194
-3.39062
-3.43136
-3.47419
-3.5191
-3.56612
-3.61524
-3.6665
-3.71988
-3.77544
-3.83318
-3.89314
-3.95534
-4.01983
-4.08662
-4.15577
-4.22731
-4.30131
-4.37779
-4.45682
-4.53843
-4.62272
-4.7097
-4.79947
-4.89207
-4.98758
-5.08606
-5.18758
-5.2922
-5.4
-5.51104
-5.6254
-5.74313
-5.86431
-5.989
-6.11725
-6.24913
-6.38468
-6.52397
-6.66704
-6.81393
-6.96466
-7.11928
-7.2778
-7.44024
-7.60658
-7.77686
-7.95103
-8.12909
-8.31098
-8.49667
-8.68607
-8.87913
-9.07572
-9.27578
-9.47913
-9.68568
-9.8952
-10.1076
-10.3225
-10.5399
-10.7593
-10.9806
-11.2034
-11.4275
-11.6524
-11.8777
-12.1032
-12.3283
-12.5525
-12.7754
-12.9965
-13.2152
-13.4308
-13.643
-13.8508
-14.0537
-14.2512
-14.4421
-14.6261
-14.8018
-14.9691
-15.1264
-15.2734
-15.4085
-15.5314
-15.6403
-15.7346
-15.8129
-15.874
-15.9171
-15.9404
-15.9434
-15.9242
-15.8822
-15.8158
-15.7243
-15.6063
-15.461
-15.2873
-15.085
-14.853
-14.5909
-14.2984
-13.975
-13.6207
-13.2358
-12.8204
-12.3753
-11.9013
-11.3993
-10.8708
-10.3173
-9.74105
-9.14442
-8.53022
-7.90157
-7.26176
-6.61433
-5.96305
-5.31166
-4.66417
-4.02468
-3.39692
-2.78439
-2.19004
-1.61635
-1.06499
-0.537222
-0.0337224
0.445362
0.900519
1.33265
1.74324
2.13347
2.50486
2.85908
3.19757
3.52152
3.83208
4.13037
4.41733
4.69412
4.96123
5.21965
5.47003
5.71308
5.94948
6.17984
6.40468
6.62448
6.83967
7.05044
7.25736
7.46053
7.66022
7.85665
8.04999
8.24041
8.42806
8.61315
8.79558
8.97557
9.15314
9.32838
9.50132
9.67202
9.84052
10.0069
10.171
10.3331
10.4931
10.6509
10.8067
10.9604
11.112
11.2616
11.4092
11.5547
11.6981
11.8396
11.979
12.1164
12.2518
12.3853
12.5167
12.6462
12.7737
12.8993
13.023
13.1447
13.2645
13.3825
13.4985
13.6127
13.725
13.8355
13.9441
14.0509
14.1559
14.2591
14.3606
14.4602
14.5582
14.6543
14.7488
14.8415
14.9325
15.0218
15.1095
15.1955
15.2798
15.3625
15.4436
15.5231
15.6009
15.6772
15.7519
15.8251
15.8967
15.9668
16.0353
16.1023
16.1679
16.232
16.2945
16.3557
16.4154
16.4736
16.5304
16.5859
16.6399
16.6925
16.7438
16.7937
16.8423
16.8895
16.9355
16.9801
17.0235
17.0655
17.1064
17.1461
17.1845
17.2219
17.2581
17.2931
17.3271
17.36
17.3918
17.4225
17.4521
17.4807
17.5082
17.5347
17.5602
17.5847
17.6082
17.6307
17.6523
17.673
17.6928
17.7117
17.7298
17.7471
17.7635
17.7792
17.7941
17.8083
17.8218
17.8346
17.8468
17.8583
17.8692
17.8796
17.8894
17.8987
17.9075
17.9157
17.9235
17.9309
17.9378
17.9443
17.9504
17.9561
17.9615
17.9665
17.9711
17.9754
17.9793
17.9829
17.9862
17.9891
17.9918
17.9941
17.996
17.9976
17.9989
17.9999
18.0004
18.0006
18.0004
17.9998
17.9988
17.9974
17.9956
17.9933
17.9905
17.9871
17.9833
17.9788
17.9736
17.9678
17.9612
17.9538
17.9454
17.9361
17.9257
17.9142
17.9014
17.8871
17.8714
17.854
17.8347
17.8134
17.7899
17.764
17.7355
17.704
17.6695
17.6316
17.59
17.5445
17.4953
17.4392
-3.11737
-3.10863
-3.08966
-3.06874
-3.04961
-3.03309
-3.01962
-3.00944
-3.00254
-2.99884
-2.9982
-3.00048
-3.00552
-3.01319
-3.02339
-3.03603
-3.05104
-3.06835
-3.08795
-3.10978
-3.13384
-3.16009
-3.18856
-3.21919
-3.25203
-3.28703
-3.32423
-3.3636
-3.40517
-3.44891
-3.49486
-3.54299
-3.59335
-3.64592
-3.70074
-3.7578
-3.81714
-3.87878
-3.94275
-4.00906
-4.07778
-4.14892
-4.22255
-4.29868
-4.37738
-4.45869
-4.54268
-4.62939
-4.7189
-4.81125
-4.90654
-5.0048
-5.10613
-5.21057
-5.31821
-5.42912
-5.54337
-5.66102
-5.78215
-5.90682
-6.03509
-6.16704
-6.30271
-6.44217
-6.58546
-6.73263
-6.88371
-7.03876
-7.19776
-7.36078
-7.52779
-7.69882
-7.87383
-8.05283
-8.23578
-8.42262
-8.61328
-8.80773
-9.00583
-9.20752
-9.41263
-9.62107
-9.83261
-10.0471
-10.2643
-10.4841
-10.7061
-10.9299
-11.1556
-11.3824
-11.6103
-11.8387
-12.0673
-12.2955
-12.5232
-12.7494
-12.9739
-13.1959
-13.4152
-13.6306
-13.8418
-14.0484
-14.249
-14.4436
-14.6306
-14.8098
-14.9798
-15.1405
-15.29
-15.4282
-15.5532
-15.6648
-15.761
-15.8412
-15.9042
-15.9486
-15.9732
-15.9769
-15.9584
-15.9166
-15.8502
-15.7581
-15.6394
-15.493
-15.3182
-15.1141
-14.8804
-14.6162
-14.3212
-13.9951
-13.6378
-13.2497
-12.8309
-12.382
-11.9039
-11.3976
-10.8642
-10.3058
-9.72429
-9.12226
-8.5024
-7.86789
-7.222
-6.56843
-5.91088
-5.25308
-4.59916
-3.95328
-3.31944
-2.7013
-2.10208
-1.52428
-0.969767
-0.439946
0.0645225
0.543445
0.997245
1.42714
1.83436
2.22052
2.58726
2.93635
3.26945
3.58799
3.8932
4.1862
4.46808
4.7396
5.00194
5.25563
5.50142
5.74003
5.97215
6.1984
6.41933
6.6354
6.84696
7.05451
7.25813
7.45827
7.65511
7.84884
8.03963
8.22766
8.41312
8.59602
8.77661
8.95482
9.13076
9.30448
9.47604
9.64549
9.81285
9.97816
10.1414
10.3027
10.4619
10.619
10.7742
10.9274
11.0786
11.2278
11.375
11.5202
11.6634
11.8047
11.944
12.0813
12.2167
12.3501
12.4816
12.6111
12.7387
12.8644
12.9882
13.1101
13.2302
13.3483
13.4646
13.579
13.6916
13.8024
13.9113
14.0185
14.1238
14.2274
14.3292
14.4292
14.5275
14.6241
14.719
14.8121
14.9035
14.9933
15.0814
15.1678
15.2526
15.3358
15.4173
15.4972
15.5756
15.6523
15.7275
15.8011
15.8732
15.9437
16.0127
16.0803
16.1463
16.2108
16.2739
16.3355
16.3956
16.4543
16.5116
16.5675
16.622
16.6751
16.7268
16.7771
16.8261
16.8738
16.9202
16.9652
17.009
17.0515
17.0928
17.1329
17.1717
17.2095
17.2461
17.2815
17.3159
17.3491
17.3812
17.4122
17.4422
17.4711
17.4989
17.5256
17.5514
17.5761
17.5998
17.6226
17.6444
17.6653
17.6852
17.7043
17.7226
17.74
17.7565
17.7723
17.7874
17.8017
17.8153
17.8282
17.8404
17.8521
17.8631
17.8735
17.8834
17.8927
17.9016
17.9099
17.9178
17.9252
17.9322
17.9387
17.9449
17.9507
17.9561
17.9611
17.9658
17.9701
17.9741
17.9778
17.9811
17.9841
17.9868
17.9892
17.9912
17.9929
17.9942
17.9952
17.9958
17.996
17.9958
17.9952
17.9943
17.9928
17.991
17.9886
17.9858
17.9824
17.9785
17.974
17.9687
17.9628
17.9561
17.9486
17.9401
17.9306
17.9201
17.9083
17.8953
17.8808
17.8648
17.8471
17.8275
17.8058
17.7819
17.7556
17.7267
17.6948
17.6598
17.6214
17.5795
17.5336
17.484
17.4274
-3.0952
-3.08629
-3.06721
-3.0462
-3.02681
-3.00974
-2.99544
-2.98412
-2.97581
-2.97042
-2.96785
-2.96797
-2.97069
-2.9759
-2.98356
-2.99361
-3.00601
-3.02075
-3.03782
-3.05719
-3.07888
-3.10288
-3.1292
-3.15781
-3.18876
-3.222
-3.25756
-3.29542
-3.33559
-3.37806
-3.42284
-3.46991
-3.51929
-3.57097
-3.62498
-3.6813
-3.73996
-3.80097
-3.86437
-3.93016
-3.99838
-4.06905
-4.14224
-4.21795
-4.29626
-4.37719
-4.46082
-4.54718
-4.63636
-4.72839
-4.82336
-4.92133
-5.02238
-5.12655
-5.23396
-5.34464
-5.45869
-5.57617
-5.69716
-5.82173
-5.94995
-6.08186
-6.21756
-6.35709
-6.50051
-6.64787
-6.79921
-6.95457
-7.11397
-7.27745
-7.44501
-7.61668
-7.79242
-7.97226
-8.15612
-8.34397
-8.53583
-8.73148
-8.93101
-9.13414
-9.34094
-9.55106
-9.76455
-9.981
-10.2004
-10.4224
-10.6467
-10.8732
-11.1013
-11.3309
-11.5615
-11.7929
-12.0244
-12.2558
-12.4863
-12.7158
-12.9434
-13.1688
-13.391
-13.6098
-13.8242
-14.0338
-14.2378
-14.4353
-14.6254
-14.8073
-14.9802
-15.1432
-15.2954
-15.4357
-15.5631
-15.6763
-15.7744
-15.856
-15.9202
-15.9655
-15.9908
-15.9948
-15.9764
-15.9342
-15.8672
-15.7742
-15.6544
-15.5067
-15.3303
-15.1245
-14.8885
-14.6219
-14.3243
-13.9953
-13.6351
-13.2437
-12.8216
-12.3692
-11.8874
-11.3771
-10.8398
-10.2772
-9.69149
-9.08504
-8.46062
-7.82137
-7.17071
-6.51231
-5.84979
-5.18695
-4.52783
-3.8767
-3.23777
-2.61486
-2.0114
-1.42995
-0.872682
-0.341084
0.164063
0.642668
1.09527
1.52271
1.92671
2.3088
2.67088
3.01481
3.34244
3.65543
3.95517
4.24279
4.51928
4.78588
5.0431
5.29199
5.53316
5.76731
5.99516
6.21733
6.43438
6.64673
6.85483
7.05889
7.25945
7.45659
7.65058
7.84163
8.02989
8.21555
8.39875
8.5797
8.75832
8.9348
9.10913
9.28138
9.45159
9.61981
9.78605
9.95035
10.1127
10.2731
10.4315
10.5881
10.7427
10.8953
11.046
11.1948
11.3417
11.4866
11.6296
11.7707
11.9098
12.0471
12.1824
12.3158
12.4473
12.5769
12.7046
12.8304
12.9543
13.0764
13.1966
13.3149
13.4314
13.5461
13.6589
13.77
13.8792
13.9867
14.0924
14.1963
14.2985
14.3989
14.4976
14.5945
14.6898
14.7833
14.8752
14.9654
15.0539
15.1408
15.226
15.3096
15.3916
15.472
15.5508
15.628
15.7036
15.7777
15.8502
15.9212
15.9907
16.0587
16.1252
16.1902
16.2537
16.3157
16.3764
16.4355
16.4933
16.5496
16.6045
16.6581
16.7102
16.761
16.8105
16.8586
16.9053
16.9508
16.995
17.0379
17.0796
17.1201
17.1594
17.1975
17.2345
17.2704
17.305
17.3386
17.3711
17.4024
17.4326
17.4618
17.4899
17.5169
17.5429
17.5678
17.5918
17.6147
17.6367
17.6578
17.6779
17.6972
17.7156
17.7331
17.7498
17.7657
17.7809
17.7953
17.8089
17.8219
17.8343
17.846
17.8571
17.8676
17.8775
17.8869
17.8958
17.9042
17.9121
17.9196
17.9266
17.9332
17.9395
17.9453
17.9507
17.9558
17.9606
17.965
17.969
17.9727
17.9761
17.9792
17.9819
17.9843
17.9864
17.9881
17.9895
17.9905
17.9911
17.9914
17.9913
17.9907
17.9897
17.9883
17.9865
17.9841
17.9813
17.9779
17.9739
17.9693
17.964
17.958
17.9512
17.9435
17.9349
17.9253
17.9146
17.9027
17.8895
17.8748
17.8585
17.8405
17.8206
17.7986
17.7744
17.7477
17.7184
17.6861
17.6507
17.6119
17.5696
17.5233
17.4734
17.4165
-3.075
-3.06616
-3.04747
-3.0269
-3.00767
-2.99039
-2.97546
-2.96308
-2.95329
-2.94601
-2.9412
-2.93881
-2.93879
-2.94112
-2.94581
-2.95284
-2.96225
-2.97404
-2.98824
-3.00486
-3.02392
-3.04543
-3.0694
-3.09584
-3.12474
-3.1561
-3.18992
-3.22619
-3.2649
-3.30603
-3.34959
-3.39555
-3.44392
-3.49468
-3.54785
-3.6034
-3.66135
-3.72171
-3.7845
-3.84971
-3.9174
-3.98757
-4.06027
-4.13553
-4.21339
-4.29389
-4.3771
-4.46305
-4.55183
-4.64347
-4.73807
-4.83566
-4.93636
-5.04019
-5.14728
-5.25765
-5.37143
-5.48865
-5.60943
-5.73383
-5.86187
-5.99369
-6.1293
-6.26882
-6.41227
-6.55972
-6.71121
-6.86678
-7.02648
-7.19031
-7.35834
-7.53051
-7.7069
-7.88742
-8.07209
-8.26093
-8.45373
-8.65061
-8.8513
-9.05591
-9.2641
-9.47596
-9.69108
-9.90952
-10.1308
-10.355
-10.5815
-10.8103
-11.041
-11.2732
-11.5064
-11.7405
-11.9748
-12.209
-12.4426
-12.6749
-12.9056
-13.1338
-13.3592
-13.5809
-13.7983
-14.0109
-14.2177
-14.4179
-14.6105
-14.795
-14.9703
-15.1356
-15.2899
-15.4321
-15.5612
-15.676
-15.7753
-15.858
-15.9229
-15.9687
-15.9941
-15.998
-15.979
-15.9361
-15.8681
-15.774
-15.6527
-15.5033
-15.325
-15.1169
-14.8786
-14.6094
-14.3089
-13.9771
-13.6138
-13.2193
-12.794
-12.3384
-11.8533
-11.3397
-10.7991
-10.2332
-9.64396
-9.03397
-8.4061
-7.76333
-7.10919
-6.44722
-5.78099
-5.11439
-4.45131
-3.79618
-3.15318
-2.52643
-1.91936
-1.33487
-0.775284
-0.242213
0.263442
0.741666
1.19291
1.61833
2.019
2.39711
2.75459
3.09346
3.4157
3.72315
4.01735
4.29952
4.57078
4.83197
5.08435
5.32842
5.56495
5.79467
6.01827
6.23641
6.4496
6.6583
6.86285
7.06374
7.26103
7.45518
7.64634
7.83472
8.0205
8.20385
8.38493
8.56379
8.74066
8.91546
9.08824
9.25905
9.42795
9.59496
9.76011
9.92339
10.0848
10.2444
10.4021
10.558
10.712
10.8641
11.0144
11.1627
11.3093
11.4539
11.5967
11.7375
11.8765
12.0137
12.1489
12.2823
12.4138
12.5434
12.6712
12.7971
12.9211
13.0433
13.1637
13.2823
13.399
13.5139
13.627
13.7383
13.8479
13.9556
14.0616
14.1659
14.2684
14.3692
14.4682
14.5656
14.6612
14.7552
14.8475
14.9381
15.027
15.1143
15.2
15.284
15.3664
15.4473
15.5265
15.6042
15.6803
15.7548
15.8278
15.8993
15.9692
16.0376
16.1046
16.17
16.234
16.2965
16.3576
16.4172
16.4754
16.5322
16.5875
16.6415
16.6941
16.7454
16.7952
16.8438
16.891
16.9369
16.9815
17.0248
17.0669
17.1078
17.1475
17.186
17.2234
17.2596
17.2946
17.3285
17.3613
17.3929
17.4235
17.4529
17.4812
17.5085
17.5347
17.5599
17.584
17.6072
17.6294
17.6506
17.6709
17.6903
17.7088
17.7265
17.7433
17.7593
17.7746
17.789
17.8028
17.8159
17.8283
17.8401
17.8512
17.8618
17.8717
17.8812
17.8901
17.8986
17.9065
17.9141
17.9211
17.9278
17.9341
17.94
17.9455
17.9506
17.9554
17.9598
17.9639
17.9677
17.9712
17.9743
17.9771
17.9795
17.9816
17.9834
17.9848
17.9859
17.9866
17.9869
17.9868
17.9863
17.9853
17.9839
17.982
17.9797
17.9768
17.9734
17.9694
17.9647
17.9594
17.9533
17.9464
17.9387
17.93
17.9203
17.9094
17.8974
17.8839
17.869
17.8525
17.8343
17.8141
17.7919
17.7673
17.7403
17.7106
17.678
17.6422
17.6031
17.5603
17.5137
17.4635
17.4062
-3.05672
-3.04829
-3.03057
-3.01088
-2.99208
-2.97472
-2.95915
-2.94557
-2.934
-2.92446
-2.91699
-2.91161
-2.90839
-2.90737
-2.90864
-2.91226
-2.9183
-2.92682
-2.93789
-2.95152
-2.96777
-2.98664
-3.00815
-3.0323
-3.05911
-3.08854
-3.12059
-3.15525
-3.1925
-3.2323
-3.27466
-3.31952
-3.3669
-3.41675
-3.46909
-3.52387
-3.58113
-3.64083
-3.70301
-3.76765
-3.8348
-3.90444
-3.97666
-4.05146
-4.12881
-4.20887
-4.29158
-4.37711
-4.4654
-4.55663
-4.65075
-4.74795
-4.84818
-4.95165
-5.05829
-5.16834
-5.28171
-5.39865
-5.51912
-5.64322
-5.77105
-5.90262
-6.03809
-6.17748
-6.32088
-6.46833
-6.61987
-6.77558
-6.93545
-7.09957
-7.2679
-7.44054
-7.61739
-7.79855
-7.98395
-8.17353
-8.36734
-8.56519
-8.76706
-8.97287
-9.1825
-9.39579
-9.6126
-9.83272
-10.056
-10.2821
-10.5107
-10.7418
-10.9748
-11.2093
-11.4451
-11.6817
-11.9187
-12.1556
-12.3919
-12.6271
-12.8605
-13.0916
-13.3197
-13.5442
-13.7644
-13.9795
-14.189
-14.3916
-14.5867
-14.7734
-14.9508
-15.118
-15.2741
-15.4179
-15.5484
-15.6644
-15.7646
-15.8479
-15.9131
-15.9589
-15.984
-15.9873
-15.9675
-15.9235
-15.8542
-15.7585
-15.6354
-15.484
-15.3034
-15.0929
-14.8518
-14.5798
-14.2765
-13.9417
-13.5755
-13.1781
-12.7499
-12.2914
-11.8034
-11.2871
-10.7438
-10.175
-9.58313
-8.97052
-8.34018
-7.69509
-7.03868
-6.37432
-5.70557
-5.03629
-4.37051
-3.71249
-3.06662
-2.43701
-1.82718
-1.24037
-0.678988
-0.144816
0.361221
0.838988
1.28905
1.71221
2.11008
2.4844
2.83747
3.17144
3.48844
3.79046
4.07913
4.35587
4.62175
4.87799
5.12523
5.36449
5.59642
5.82174
6.04116
6.2553
6.46468
6.66973
6.87087
7.06831
7.26259
7.45378
7.64217
7.82796
8.01136
8.19251
8.3715
8.54854
8.72357
8.89673
9.068
9.23742
9.40503
9.57087
9.73493
9.89723
10.0578
10.2165
10.3735
10.5287
10.6821
10.8337
10.9835
11.1315
11.2777
11.422
11.5645
11.7052
11.8441
11.9811
12.1162
12.2496
12.3811
12.5107
12.6385
12.7645
12.8887
13.0111
13.1316
13.2503
13.3673
13.4824
13.5958
13.7074
13.8172
13.9252
14.0316
14.1362
14.239
14.3401
14.4396
14.5373
14.6333
14.7276
14.8203
14.9113
15.0007
15.0884
15.1745
15.259
15.3418
15.4231
15.5028
15.5809
15.6574
15.7324
15.8059
15.8778
15.9482
16.0171
16.0845
16.1504
16.2148
16.2778
16.3393
16.3994
16.458
16.5152
16.5711
16.6255
16.6785
16.7302
16.7805
16.8294
16.877
16.9234
16.9684
17.0122
17.0547
17.096
17.1361
17.175
17.2127
17.2492
17.2846
17.3188
17.3519
17.3838
17.4147
17.4443
17.4729
17.5004
17.5269
17.5523
17.5766
17.6
17.6223
17.6437
17.6642
17.6837
17.7023
17.7201
17.737
17.7531
17.7684
17.783
17.7968
17.81
17.8224
17.8343
17.8455
17.8561
17.8661
17.8756
17.8846
17.8931
17.9011
17.9086
17.9157
17.9225
17.9288
17.9347
17.9402
17.9454
17.9503
17.9548
17.9589
17.9627
17.9662
17.9694
17.9723
17.9748
17.9769
17.9788
17.9802
17.9813
17.9821
17.9824
17.9823
17.9819
17.9809
17.9795
17.9777
17.9753
17.9725
17.969
17.965
17.9603
17.9549
17.9488
17.9419
17.934
17.9253
17.9154
17.9045
17.8923
17.8787
17.8636
17.8469
17.8284
17.808
17.7855
17.7607
17.7334
17.7033
17.6704
17.6343
17.5948
17.5517
17.5048
17.4543
17.3968
-3.04036
-3.03279
-3.01671
-2.99822
-2.97989
-2.96231
-2.94581
-2.93058
-2.91673
-2.90437
-2.89365
-2.88473
-2.87778
-2.87293
-2.87037
-2.87022
-2.87261
-2.87763
-2.88538
-2.8959
-2.90924
-2.92541
-2.94445
-2.96632
-2.99105
-3.01859
-3.04895
-3.08209
-3.11793
-3.1565
-3.19771
-3.24157
-3.288
-3.33704
-3.38859
-3.4427
-3.49928
-3.5584
-3.61998
-3.68411
-3.7507
-3.81988
-3.8916
-3.96585
-4.04277
-4.12228
-4.20455
-4.28953
-4.37739
-4.46807
-4.56177
-4.65842
-4.75824
-4.86117
-4.96742
-5.07695
-5.18996
-5.30643
-5.42653
-5.55029
-5.67775
-5.80905
-5.94427
-6.08347
-6.22672
-6.37407
-6.52558
-6.6813
-6.84127
-7.00553
-7.17411
-7.34703
-7.52431
-7.70595
-7.8919
-8.08224
-8.27679
-8.47553
-8.67842
-8.88536
-9.09623
-9.3109
-9.52919
-9.75094
-9.97591
-10.2039
-10.4346
-10.6676
-10.9028
-11.1396
-11.3778
-11.6168
-11.8563
-12.0957
-12.3346
-12.5724
-12.8085
-13.0422
-13.2729
-13.5
-13.7227
-13.9404
-14.1521
-14.357
-14.5542
-14.7429
-14.9222
-15.0911
-15.2487
-15.3938
-15.5253
-15.6421
-15.7429
-15.8264
-15.8915
-15.937
-15.9615
-15.9639
-15.9429
-15.8975
-15.8266
-15.729
-15.6037
-15.4499
-15.2668
-15.0535
-14.8097
-14.5348
-14.2287
-13.8911
-13.522
-13.1219
-12.691
-12.23
-11.7395
-11.2208
-10.6752
-10.1044
-9.51055
-8.8962
-8.2643
-7.61785
-6.96013
-6.29439
-5.62415
-4.95327
-4.28594
-3.62636
-2.97871
-2.34734
-1.73585
-1.14755
-0.585011
-0.050134
0.456093
0.933369
1.38217
1.80358
2.19868
2.56956
2.91853
3.24787
3.55986
3.85661
4.13988
4.41121
4.67191
4.92287
5.16534
5.39987
5.62726
5.84825
6.06355
6.27374
6.47933
6.68075
6.8784
7.07274
7.26386
7.4522
7.63795
7.82129
8.00241
8.18144
8.35849
8.5336
8.70699
8.87857
9.04837
9.21643
9.38279
9.54747
9.71048
9.87181
10.0315
10.1894
10.3457
10.5002
10.653
10.8041
10.9535
11.101
11.2469
11.3909
11.5332
11.6737
11.8123
11.9492
12.0843
12.2176
12.3491
12.4788
12.6066
12.7327
12.857
12.9795
13.1002
13.2191
13.3362
13.4516
13.5652
13.6771
13.7872
13.8955
14.0021
14.107
14.2102
14.3117
14.4115
14.5096
14.606
14.7007
14.7937
14.8852
14.9749
15.0631
15.1496
15.2345
15.3178
15.3995
15.4796
15.5582
15.6351
15.7106
15.7845
15.8569
15.9277
15.997
16.0649
16.1312
16.1961
16.2595
16.3215
16.382
16.4411
16.4988
16.555
16.6099
16.6633
16.7154
16.7661
16.8155
16.8636
16.9103
16.9557
16.9999
17.0429
17.0846
17.125
17.1643
17.2024
17.2393
17.275
17.3095
17.3429
17.3751
17.4062
17.4362
17.465
17.4927
17.5194
17.545
17.5695
17.593
17.6155
17.6371
17.6577
17.6773
17.6961
17.7139
17.7309
17.7471
17.7625
17.7772
17.7911
17.8043
17.8168
17.8286
17.8399
17.8505
17.8606
17.8701
17.8791
17.8876
17.8957
17.9033
17.9104
17.9172
17.9235
17.9295
17.9351
17.9403
17.9452
17.9497
17.9539
17.9578
17.9614
17.9646
17.9675
17.97
17.9723
17.9741
17.9757
17.9768
17.9776
17.978
17.978
17.9775
17.9766
17.9753
17.9734
17.9711
17.9682
17.9648
17.9607
17.956
17.9506
17.9444
17.9375
17.9296
17.9207
17.9108
17.8998
17.8874
17.8737
17.8585
17.8416
17.823
17.8023
17.7796
17.7545
17.7269
17.6966
17.6633
17.6269
17.5871
17.5438
17.4965
17.4458
17.388
-3.02604
-3.01991
-3.00617
-2.98898
-2.97084
-2.95256
-2.93451
-2.9169
-2.9
-2.88408
-2.86944
-2.85637
-2.84515
-2.83604
-2.82929
-2.8251
-2.82363
-2.82504
-2.82941
-2.83682
-2.84728
-2.86084
-2.87747
-2.89721
-2.91998
-2.94581
-2.97463
-3.00634
-3.04099
-3.07843
-3.11868
-3.16164
-3.20732
-3.25562
-3.30656
-3.36004
-3.41611
-3.47467
-3.5358
-3.59941
-3.66559
-3.73426
-3.80549
-3.87934
-3.9557
-4.03475
-4.1165
-4.20102
-4.28834
-4.37854
-4.47168
-4.56785
-4.66711
-4.76956
-4.87525
-4.9843
-5.09678
-5.21279
-5.33242
-5.4557
-5.58279
-5.71371
-5.84859
-5.9875
-6.13049
-6.27764
-6.429
-6.58462
-6.74455
-6.90884
-7.07752
-7.25062
-7.42815
-7.61012
-7.79656
-7.98737
-8.18258
-8.38208
-8.58583
-8.79374
-9.00572
-9.2216
-9.44125
-9.66446
-9.89104
-10.1207
-10.3532
-10.5883
-10.8254
-11.0644
-11.3047
-11.5461
-11.7879
-12.0298
-12.2711
-12.5113
-12.7499
-12.9861
-13.2192
-13.4487
-13.6738
-13.8937
-14.1077
-14.3146
-14.5137
-14.7041
-14.8851
-15.0554
-15.2143
-15.3604
-15.4927
-15.6099
-15.7109
-15.7944
-15.8591
-15.9039
-15.9275
-15.9287
-15.9063
-15.8592
-15.7862
-15.6864
-15.5587
-15.4023
-15.2164
-15.0004
-14.7537
-14.476
-14.167
-13.8268
-13.4551
-13.0523
-12.6192
-12.1558
-11.6632
-11.1426
-10.5953
-10.0228
-9.4275
-8.8121
-8.17935
-7.53231
-6.87399
-6.20766
-5.53683
-4.86548
-4.19791
-3.53795
-2.89009
-2.25833
-1.64644
-1.05759
-0.494572
0.0406119
0.546777
1.02351
1.47126
1.89078
2.28377
2.65173
2.99698
3.32204
3.62934
3.92107
4.19911
4.46513
4.7206
4.96676
5.20424
5.43412
5.65704
5.87377
6.085
6.29128
6.49313
6.69103
6.88541
7.07651
7.26483
7.45048
7.6337
7.81469
7.99361
8.17059
8.34571
8.51913
8.69078
8.86082
9.0292
9.19595
9.3611
9.52466
9.68664
9.84703
10.0058
10.163
10.3185
10.4724
10.6247
10.7753
10.9241
11.0713
11.2168
11.3606
11.5026
11.6429
11.7814
11.9182
12.0532
12.1864
12.3179
12.4476
12.5755
12.7016
12.826
12.9486
13.0695
13.1885
13.3059
13.4215
13.5353
13.6474
13.7578
13.8664
13.9733
14.0786
14.1821
14.2839
14.384
14.4824
14.5792
14.6743
14.7678
14.8596
14.9498
15.0383
15.1252
15.2106
15.2943
15.3764
15.457
15.536
15.6134
15.6893
15.7636
15.8364
15.9077
15.9775
16.0458
16.1126
16.1779
16.2418
16.3042
16.3651
16.4247
16.4828
16.5394
16.5947
16.6486
16.7011
16.7523
16.8021
16.8505
16.8977
16.9436
16.9882
17.0315
17.0736
17.1144
17.1541
17.1925
17.2297
17.2658
17.3006
17.3343
17.3668
17.3981
17.4283
17.4574
17.4853
17.5122
17.538
17.5627
17.5864
17.609
17.6307
17.6514
17.6712
17.69
17.708
17.7251
17.7414
17.7568
17.7715
17.7855
17.7987
17.8112
17.8231
17.8344
17.8451
17.8552
17.8647
17.8738
17.8823
17.8904
17.898
17.9052
17.9119
17.9183
17.9243
17.9299
17.9352
17.9401
17.9447
17.949
17.9529
17.9565
17.9598
17.9627
17.9653
17.9676
17.9696
17.9711
17.9723
17.9732
17.9736
17.9736
17.9732
17.9724
17.9711
17.9692
17.9669
17.9641
17.9606
17.9566
17.9519
17.9464
17.9403
17.9332
17.9253
17.9164
17.9064
17.8953
17.8829
17.869
17.8537
17.8367
17.8178
17.797
17.7741
17.7488
17.7209
17.6904
17.6568
17.6202
17.5801
17.5365
17.489
17.438
17.38
-3.0142
-3.01011
-2.99923
-2.98308
-2.96447
-2.94462
-2.924
-2.903
-2.88209
-2.86174
-2.84245
-2.82461
-2.80865
-2.79492
-2.78374
-2.77535
-2.77
-2.76781
-2.76891
-2.77333
-2.78113
-2.79227
-2.80679
-2.82461
-2.84574
-2.87009
-2.8976
-2.92826
-2.96188
-2.99849
-3.038
-3.08034
-3.12543
-3.17324
-3.2237
-3.27678
-3.33244
-3.39065
-3.45138
-3.51464
-3.58042
-3.64872
-3.71958
-3.79292
-3.86891
-3.94751
-4.02879
-4.11281
-4.19963
-4.2893
-4.3819
-4.47751
-4.5762
-4.67807
-4.78319
-4.89166
-5.00357
-5.119
-5.23804
-5.36084
-5.48738
-5.61782
-5.75224
-5.89072
-6.03333
-6.18014
-6.3312
-6.48657
-6.64631
-6.81046
-6.97908
-7.15218
-7.32981
-7.51196
-7.69862
-7.88984
-8.0855
-8.28557
-8.49
-8.69872
-8.91162
-9.12855
-9.34937
-9.57389
-9.80189
-10.0331
-10.2673
-10.5041
-10.7432
-10.9841
-11.2265
-11.4699
-11.714
-11.9581
-12.2017
-12.4443
-12.6851
-12.9236
-13.1591
-13.3908
-13.618
-13.8401
-14.056
-14.2648
-14.4656
-14.6577
-14.84
-15.0116
-15.1714
-15.3183
-15.4511
-15.5685
-15.6694
-15.7525
-15.8166
-15.8605
-15.8829
-15.8826
-15.8585
-15.8093
-15.7341
-15.6319
-15.5016
-15.3424
-15.1538
-14.9349
-14.6854
-14.4048
-14.0932
-13.7505
-13.3763
-12.9712
-12.536
-12.0707
-11.5762
-11.054
-10.5051
-9.93113
-9.33477
-8.71883
-8.08572
-7.43852
-6.78021
-6.11399
-5.44354
-4.77303
-4.10654
-3.44803
-2.80136
-2.17077
-1.55981
-0.971492
-0.408734
0.126287
0.632194
1.10841
1.55512
1.97346
2.36445
2.72992
3.07194
3.39317
3.69616
3.9832
4.25627
4.51718
4.76764
5.0087
5.24162
5.46694
5.68548
5.89802
6.10524
6.30773
6.50599
6.70052
6.8917
7.07996
7.26539
7.44843
7.62923
7.80796
7.98476
8.15976
8.33307
8.50471
8.67485
8.8434
9.01041
9.1759
9.33988
9.50236
9.66335
9.82283
9.98078
10.1372
10.2921
10.4453
10.597
10.7471
10.8956
11.0424
11.1875
11.331
11.4727
11.6128
11.7512
11.8878
12.0227
12.1559
12.2873
12.417
12.545
12.6712
12.7957
12.9184
13.0394
13.1587
13.2762
13.392
13.506
13.6184
13.729
13.8379
13.9451
14.0507
14.1545
14.2566
14.3571
14.4559
14.553
14.6485
14.7424
14.8346
14.9251
15.0141
15.1014
15.1872
15.2713
15.3539
15.4348
15.5143
15.5921
15.6684
15.7432
15.8165
15.8882
15.9584
16.0271
16.0944
16.1601
16.2244
16.2873
16.3487
16.4087
16.4672
16.5243
16.58
16.6343
16.6873
16.7388
16.7891
16.8379
16.8855
16.9318
16.9768
17.0205
17.063
17.1042
17.1442
17.183
17.2206
17.2569
17.292
17.326
17.3588
17.3904
17.4208
17.4501
17.4783
17.5053
17.5313
17.5562
17.58
17.6028
17.6246
17.6454
17.6653
17.6842
17.7023
17.7195
17.7358
17.7513
17.766
17.78
17.7933
17.8059
17.8178
17.8291
17.8397
17.8499
17.8594
17.8685
17.877
17.8851
17.8928
17.9
17.9068
17.9132
17.9192
17.9249
17.9302
17.9351
17.9398
17.9441
17.948
17.9517
17.955
17.958
17.9607
17.963
17.965
17.9666
17.9679
17.9688
17.9693
17.9694
17.969
17.9682
17.9669
17.9652
17.9629
17.96
17.9566
17.9526
17.9478
17.9424
17.9362
17.9292
17.9212
17.9123
17.9023
17.8911
17.8786
17.8646
17.8492
17.8321
17.8131
17.7921
17.769
17.7435
17.7155
17.6847
17.6509
17.614
17.5737
17.5299
17.4821
17.4309
17.3728
-3.0058
-3.00421
-2.99619
-2.98022
-2.95994
-2.93717
-2.91265
-2.88703
-2.86102
-2.8354
-2.81072
-2.78761
-2.76657
-2.74803
-2.73235
-2.71985
-2.71075
-2.70524
-2.70338
-2.70522
-2.71074
-2.71991
-2.73272
-2.7491
-2.769
-2.79232
-2.81901
-2.84888
-2.88198
-2.91813
-2.95724
-2.99924
-3.04406
-3.09162
-3.14187
-3.19474
-3.2502
-3.3082
-3.36872
-3.43174
-3.49726
-3.56528
-3.63577
-3.70885
-3.7844
-3.86259
-3.94342
-4.02695
-4.11324
-4.20236
-4.29439
-4.38939
-4.48747
-4.58869
-4.69316
-4.80096
-4.91219
-5.02694
-5.14534
-5.2674
-5.39334
-5.52315
-5.65696
-5.79486
-5.93691
-6.08319
-6.23376
-6.38869
-6.54803
-6.71185
-6.88018
-7.05308
-7.23057
-7.41267
-7.5994
-7.79073
-7.98663
-8.18704
-8.39194
-8.60124
-8.81484
-9.0326
-9.25438
-9.48
-9.70923
-9.94182
-10.1774
-10.4159
-10.6566
-10.8993
-11.1436
-11.389
-11.6351
-11.8813
-12.127
-12.3717
-12.6148
-12.8554
-13.093
-13.3268
-13.5561
-13.78
-13.9978
-14.2083
-14.4106
-14.604
-14.7875
-14.9602
-15.1208
-15.2682
-15.4012
-15.5186
-15.6192
-15.7017
-15.7649
-15.8076
-15.8286
-15.8266
-15.8005
-15.7491
-15.6715
-15.5667
-15.4337
-15.2717
-15.0801
-14.8586
-14.6062
-14.323
-14.0089
-13.6638
-13.2873
-12.8802
-12.4432
-11.9759
-11.4797
-10.956
-10.4055
-9.83015
-9.23279
-8.61649
-7.98331
-7.33625
-6.67844
-6.01317
-5.34437
-4.67616
-4.01239
-3.35669
-2.71313
-2.08532
-1.47667
-0.890113
-0.3285
0.205839
0.711311
1.18706
1.63314
2.05027
2.44
2.80346
3.1428
3.46072
3.75987
4.04257
4.31098
4.56706
4.81254
5.04897
5.27709
5.49794
5.71221
5.92067
6.12403
6.32288
6.51773
6.70904
6.89723
7.08252
7.26541
7.44596
7.62442
7.80097
7.97575
8.14886
8.32039
8.49046
8.65901
8.82616
8.99186
9.15614
9.319
9.48046
9.6405
9.79911
9.95627
10.112
10.2662
10.4188
10.57
10.7196
10.8676
11.014
11.1588
11.302
11.4435
11.5834
11.7216
11.8581
11.993
12.1261
12.2575
12.3872
12.5152
12.6415
12.7661
12.8889
13.01
13.1294
13.2471
13.3631
13.4774
13.59
13.7009
13.8101
13.9176
14.0234
14.1275
14.23
14.3308
14.4299
14.5274
14.6233
14.7175
14.8101
14.9011
14.9904
15.0781
15.1643
15.2488
15.3318
15.4132
15.4931
15.5714
15.6481
15.7233
15.797
15.8692
15.9398
16.009
16.0767
16.1429
16.2076
16.2709
16.3327
16.3931
16.4521
16.5096
16.5658
16.6205
16.6739
16.7259
16.7765
16.8258
16.8738
16.9205
16.9658
17.01
17.0528
17.0944
17.1348
17.1739
17.2118
17.2484
17.2838
17.3181
17.3511
17.383
17.4136
17.4431
17.4715
17.4988
17.5249
17.5499
17.5739
17.5969
17.6188
17.6397
17.6597
17.6787
17.6968
17.714
17.7304
17.746
17.7607
17.7747
17.788
17.8006
17.8126
17.8239
17.8345
17.8447
17.8543
17.8633
17.8719
17.88
17.8876
17.8949
17.9017
17.9081
17.9142
17.9198
17.9252
17.9302
17.9349
17.9392
17.9432
17.9469
17.9503
17.9533
17.9561
17.9585
17.9605
17.9622
17.9635
17.9645
17.965
17.9652
17.9649
17.9641
17.9629
17.9612
17.9589
17.9561
17.9527
17.9487
17.944
17.9386
17.9324
17.9253
17.9174
17.9084
17.8984
17.8871
17.8745
17.8606
17.845
17.8278
17.8087
17.7876
17.7643
17.7387
17.7105
17.6795
17.6456
17.6085
17.568
17.5239
17.4759
17.4245
17.3664
-3.00232
-3.00339
-2.99733
-2.97979
-2.95595
-2.92847
-2.89843
-2.86683
-2.83471
-2.80295
-2.77243
-2.74381
-2.71766
-2.69445
-2.67458
-2.65838
-2.64609
-2.63785
-2.63372
-2.63366
-2.63761
-2.64549
-2.65727
-2.67285
-2.69215
-2.71504
-2.74138
-2.77115
-2.80411
-2.84022
-2.87932
-2.92133
-2.96616
-3.01375
-3.06402
-3.1169
-3.17235
-3.2303
-3.29073
-3.35362
-3.41896
-3.48676
-3.55703
-3.6297
-3.70495
-3.78272
-3.86308
-3.9461
-4.03184
-4.12036
-4.21175
-4.30609
-4.40346
-4.50395
-4.60766
-4.71468
-4.82511
-4.93905
-5.05658
-5.1779
-5.30295
-5.43193
-5.56493
-5.70204
-5.84332
-5.98885
-6.13869
-6.29293
-6.45162
-6.61483
-6.78261
-6.95503
-7.13211
-7.31388
-7.50035
-7.69153
-7.8874
-8.08787
-8.29294
-8.50255
-8.71658
-8.9349
-9.15737
-9.38382
-9.61403
-9.84773
-10.0846
-10.3243
-10.5666
-10.8108
-11.0568
-11.304
-11.5519
-11.8
-12.0477
-12.2944
-12.5394
-12.7821
-13.0216
-13.2573
-13.4884
-13.7141
-13.9335
-14.1455
-14.3492
-14.5438
-14.7284
-14.9019
-15.063
-15.2107
-15.3438
-15.4609
-15.5609
-15.6427
-15.7048
-15.7461
-15.7654
-15.7615
-15.7333
-15.6795
-15.5993
-15.4919
-15.3561
-15.1913
-14.997
-14.7728
-14.5177
-14.2319
-13.9156
-13.5684
-13.1898
-12.7807
-12.3417
-11.8724
-11.3744
-10.849
-10.2966
-9.71961
-9.12176
-8.50517
-7.87214
-7.22579
-6.56923
-5.906
-5.24021
-4.57573
-3.91611
-3.26502
-2.62577
-2.00217
-1.39722
-0.813675
-0.254171
0.278893
0.783646
1.25898
1.70459
2.12125
2.50972
2.87167
3.20888
3.52402
3.81979
4.09857
4.36272
4.61429
4.85513
5.08673
5.3105
5.52702
5.73715
5.94169
6.14134
6.3367
6.52826
6.71648
6.90173
7.0844
7.26462
7.44278
7.61903
7.79351
7.96636
8.13767
8.30755
8.47601
8.64319
8.809
8.97347
9.1366
9.2984
9.45888
9.61802
9.7758
9.9322
10.0872
10.2408
10.3929
10.5435
10.6926
10.8403
10.9863
11.1308
11.2737
11.415
11.5547
11.6927
11.8291
11.9639
12.0969
12.2283
12.3581
12.4861
12.6124
12.7371
12.86
12.9813
13.1008
13.2187
13.3349
13.4494
13.5622
13.6733
13.7828
13.8906
13.9967
14.1011
14.2039
14.305
14.4045
14.5024
14.5986
14.6932
14.7861
14.8775
14.9672
15.0554
15.1419
15.2269
15.3103
15.3921
15.4724
15.5511
15.6283
15.7039
15.778
15.8506
15.9217
15.9913
16.0594
16.126
16.1912
16.2549
16.3172
16.378
16.4374
16.4954
16.5519
16.6071
16.6609
16.7133
16.7643
16.814
16.8624
16.9095
16.9553
16.9998
17.043
17.085
17.1257
17.1651
17.2033
17.2403
17.276
17.3105
17.3438
17.3759
17.4068
17.4365
17.4651
17.4925
17.5188
17.544
17.5681
17.5912
17.6132
17.6342
17.6543
17.6734
17.6915
17.7088
17.7252
17.7408
17.7556
17.7696
17.7829
17.7955
17.8075
17.8188
17.8295
17.8396
17.8492
17.8582
17.8668
17.8749
17.8826
17.8898
17.8966
17.9031
17.9092
17.9149
17.9202
17.9253
17.93
17.9344
17.9384
17.9422
17.9456
17.9487
17.9515
17.9539
17.956
17.9578
17.9592
17.9602
17.9608
17.961
17.9608
17.9601
17.9589
17.9572
17.955
17.9523
17.9489
17.9449
17.9402
17.9349
17.9287
17.9217
17.9137
17.9047
17.8947
17.8834
17.8708
17.8568
17.8412
17.8239
17.8047
17.7835
17.7602
17.7344
17.706
17.6749
17.6408
17.6035
17.5628
17.5186
17.4704
17.4188
17.3607
-3.006
-3.00919
-3.00268
-2.9806
-2.95063
-2.91631
-2.8791
-2.84039
-2.80141
-2.76332
-2.72702
-2.6933
-2.66269
-2.63562
-2.61246
-2.59354
-2.57909
-2.56917
-2.56379
-2.56282
-2.56609
-2.57352
-2.58502
-2.6005
-2.61981
-2.64282
-2.66941
-2.69938
-2.73268
-2.76909
-2.80846
-2.8507
-2.89574
-2.94352
-2.99394
-3.04694
-3.10244
-3.1604
-3.22079
-3.28358
-3.34877
-3.41636
-3.48631
-3.55872
-3.63352
-3.71082
-3.79067
-3.87312
-3.95823
-4.04608
-4.13674
-4.23032
-4.32688
-4.42653
-4.52935
-4.63545
-4.74493
-4.85788
-4.97444
-5.09465
-5.21873
-5.34668
-5.47864
-5.6147
-5.75495
-5.89945
-6.04829
-6.20153
-6.35926
-6.52154
-6.68846
-6.86006
-7.03639
-7.21749
-7.40336
-7.59405
-7.78949
-7.98967
-8.19457
-8.40414
-8.61827
-8.83681
-9.05966
-9.28662
-9.5175
-9.752
-9.98981
-10.2306
-10.474
-10.7196
-10.967
-11.2157
-11.4652
-11.7149
-11.9644
-12.2129
-12.4597
-12.7042
-12.9455
-13.1829
-13.4157
-13.643
-13.8639
-14.0772
-14.2821
-14.4777
-14.6631
-14.8372
-14.9988
-15.1466
-15.2794
-15.3962
-15.4955
-15.5762
-15.6371
-15.6768
-15.6943
-15.6883
-15.6578
-15.6016
-15.5188
-15.4087
-15.2702
-15.1026
-14.9059
-14.679
-14.4215
-14.1333
-13.8149
-13.4655
-13.0847
-12.6736
-12.2322
-11.7607
-11.2608
-10.7331
-10.1786
-9.6006
-9.00201
-8.38511
-7.75277
-7.10797
-6.4537
-5.79378
-5.13227
-4.47279
-3.81868
-3.17311
-2.53974
-1.92154
-1.32144
-0.741994
-0.185586
0.345416
0.848986
1.32377
1.76917
2.18531
2.57334
2.93423
3.26983
3.58271
3.87554
4.1509
4.41121
4.65863
4.89507
5.12236
5.34158
5.55393
5.76008
5.96084
6.15691
6.34891
6.53732
6.72257
6.90505
7.08503
7.26292
7.43882
7.61296
7.78547
7.95649
8.12611
8.2944
8.46146
8.62722
8.79177
8.95508
9.11713
9.27794
9.4375
9.5958
9.7528
9.90848
10.0628
10.2158
10.3674
10.5175
10.6662
10.8134
10.9592
11.1033
11.246
11.3871
11.5266
11.6645
11.8007
11.9354
12.0684
12.1998
12.3295
12.4576
12.584
12.7087
12.8317
12.9531
13.0729
13.1909
13.3073
13.422
13.535
13.6464
13.7561
13.8641
13.9705
14.0753
14.1784
14.2798
14.3797
14.4779
14.5744
14.6694
14.7627
14.8545
14.9446
15.0331
15.1201
15.2055
15.2893
15.3715
15.4522
15.5313
15.6089
15.6849
15.7595
15.8325
15.904
15.974
16.0426
16.1096
16.1752
16.2394
16.3021
16.3633
16.4231
16.4815
16.5385
16.5941
16.6483
16.7011
16.7526
16.8027
16.8515
16.899
16.9451
16.99
17.0336
17.0759
17.117
17.1567
17.1952
17.2325
17.2685
17.3033
17.3368
17.3691
17.4003
17.4302
17.4589
17.4865
17.513
17.5384
17.5626
17.5858
17.6079
17.629
17.6491
17.6683
17.6865
17.7038
17.7202
17.7359
17.7507
17.7647
17.778
17.7906
17.8025
17.8138
17.8245
17.8346
17.8442
17.8532
17.8618
17.8699
17.8776
17.8848
17.8916
17.8981
17.9042
17.9099
17.9153
17.9204
17.9251
17.9296
17.9337
17.9375
17.941
17.9441
17.947
17.9495
17.9516
17.9534
17.9549
17.956
17.9567
17.9569
17.9568
17.9561
17.955
17.9534
17.9513
17.9485
17.9452
17.9413
17.9367
17.9313
17.9252
17.9182
17.9102
17.9013
17.8912
17.88
17.8674
17.8533
17.8377
17.8204
17.8011
17.7799
17.7564
17.7306
17.7021
17.6709
17.6366
17.5992
17.5584
17.514
17.4657
17.4138
17.3557
-3.02013
-3.0231
-3.01121
-2.9802
-2.94136
-2.89852
-2.85334
-2.80744
-2.76219
-2.71865
-2.67784
-2.64047
-2.60692
-2.57749
-2.55247
-2.53219
-2.51679
-2.5063
-2.50063
-2.49958
-2.5029
-2.51047
-2.52219
-2.53798
-2.55765
-2.58104
-2.60799
-2.63841
-2.67205
-2.70879
-2.74845
-2.79094
-2.83619
-2.88414
-2.93469
-2.98775
-3.04326
-3.10118
-3.16146
-3.2241
-3.28907
-3.35638
-3.42603
-3.49797
-3.57235
-3.64913
-3.72839
-3.81018
-3.89459
-3.98168
-4.07154
-4.16426
-4.25993
-4.35863
-4.46046
-4.56551
-4.6739
-4.78571
-4.90107
-5.02015
-5.14293
-5.26962
-5.4003
-5.53507
-5.67402
-5.81721
-5.96474
-6.11667
-6.2731
-6.43412
-6.5998
-6.77022
-6.94542
-7.12546
-7.31035
-7.5001
-7.69478
-7.89426
-8.09859
-8.30772
-8.52154
-8.73993
-8.96276
-9.18986
-9.42101
-9.65594
-9.89434
-10.1359
-10.3801
-10.6267
-10.8752
-11.1251
-11.376
-11.6271
-11.8781
-12.1281
-12.3765
-12.6226
-12.8655
-13.1045
-13.3387
-13.5674
-13.7895
-14.004
-14.2099
-14.4064
-14.5925
-14.7669
-14.9286
-15.0764
-15.2089
-15.3251
-15.4235
-15.503
-15.5625
-15.6006
-15.6161
-15.608
-15.5752
-15.5165
-15.4311
-15.3185
-15.1773
-15.0072
-14.8081
-14.5788
-14.3188
-14.0286
-13.7079
-13.3558
-12.9726
-12.5591
-12.1149
-11.6408
-11.1386
-10.6083
-10.0522
-9.4735
-8.87444
-8.25767
-7.62687
-6.98445
-6.33364
-5.67833
-5.02227
-4.36885
-3.72114
-3.08237
-2.45527
-1.84326
-1.24883
-0.674313
-0.121887
0.4062
0.907948
1.3818
1.82682
2.24298
2.63051
2.99074
3.32522
3.63628
3.92666
4.19906
4.45597
4.69965
4.93213
5.15512
5.37032
5.57865
5.78096
5.97806
6.1707
6.35945
6.54482
6.72723
6.90703
7.08461
7.26009
7.43385
7.60599
7.77665
7.94595
8.11398
8.28081
8.44645
8.611
8.77439
8.93661
9.09766
9.25754
9.41625
9.57375
9.73002
9.88504
10.0388
10.1912
10.3423
10.492
10.6402
10.7871
10.9325
11.0764
11.2188
11.3597
11.499
11.6368
11.7729
11.9075
12.0405
12.1718
12.3016
12.4296
12.5561
12.6809
12.8041
12.9256
13.0454
13.1637
13.2802
13.3951
13.5084
13.62
13.7299
13.8383
13.9449
14.05
14.1534
14.2552
14.3553
14.4539
14.5508
14.6461
14.7398
14.8319
14.9224
15.0114
15.0987
15.1845
15.2687
15.3513
15.4324
15.512
15.59
15.6664
15.7414
15.8148
15.8868
15.9572
16.0262
16.0937
16.1597
16.2242
16.2874
16.349
16.4093
16.4681
16.5255
16.5815
16.6361
16.6893
16.7412
16.7917
16.8409
16.8888
16.9353
16.9806
17.0245
17.0672
17.1086
17.1487
17.1875
17.225
17.2613
17.2964
17.3301
17.3627
17.394
17.4242
17.4531
17.4809
17.5075
17.533
17.5574
17.5806
17.6029
17.624
17.6442
17.6634
17.6817
17.699
17.7155
17.7311
17.7459
17.7599
17.7732
17.7858
17.7977
17.809
17.8197
17.8297
17.8393
17.8483
17.8569
17.865
17.8726
17.8799
17.8867
17.8932
17.8993
17.905
17.9105
17.9156
17.9203
17.9248
17.929
17.9328
17.9363
17.9395
17.9424
17.945
17.9473
17.9491
17.9507
17.9518
17.9526
17.9529
17.9528
17.9523
17.9512
17.9497
17.9476
17.9449
17.9417
17.9378
17.9332
17.9279
17.9218
17.9149
17.907
17.8981
17.8881
17.8768
17.8642
17.8502
17.8346
17.8172
17.798
17.7767
17.7532
17.7272
17.6987
17.6674
17.633
17.5955
17.5546
17.51
17.4616
17.4096
17.3516
-3.04936
-3.04604
-3.01971
-2.97486
-2.92617
-2.87535
-2.82354
-2.7723
-2.72279
-2.6759
-2.63246
-2.59313
-2.55813
-2.52761
-2.50184
-2.48109
-2.46546
-2.45487
-2.44921
-2.44826
-2.4518
-2.45967
-2.47174
-2.48788
-2.50791
-2.53163
-2.55891
-2.58956
-2.62347
-2.6604
-2.70023
-2.74286
-2.78824
-2.83627
-2.88685
-2.93989
-2.99533
-3.05312
-3.11324
-3.17566
-3.24037
-3.30736
-3.37661
-3.4482
-3.52205
-3.59826
-3.67689
-3.758
-3.84167
-3.92797
-4.01701
-4.10886
-4.20359
-4.3013
-4.40208
-4.50603
-4.61324
-4.72383
-4.83792
-4.95559
-5.07708
-5.20235
-5.33157
-5.46485
-5.60227
-5.74391
-5.88985
-6.04019
-6.19502
-6.35444
-6.51855
-6.68743
-6.86114
-7.03972
-7.2232
-7.41168
-7.60506
-7.80342
-8.00675
-8.21501
-8.42809
-8.64589
-8.86827
-9.09507
-9.32607
-9.56099
-9.79956
-10.0414
-10.2862
-10.5334
-10.7826
-11.0334
-11.2853
-11.5376
-11.7897
-12.041
-12.2908
-12.5382
-12.7824
-13.0226
-13.2581
-13.488
-13.7112
-13.9267
-14.1333
-14.3304
-14.5169
-14.6916
-14.8533
-15.0008
-15.1328
-15.2483
-15.3457
-15.4239
-15.4819
-15.5182
-15.5317
-15.5215
-15.4864
-15.4253
-15.3375
-15.2225
-15.0787
-14.9062
-14.7049
-14.473
-14.2108
-13.9185
-13.5952
-13.24
-12.8538
-12.4375
-11.9901
-11.5131
-11.0084
-10.4759
-9.9185
-9.33956
-8.74026
-8.12468
-7.49615
-6.85704
-6.21085
-5.56117
-4.91145
-4.26485
-3.62432
-2.99252
-2.37269
-1.76738
-1.17915
-0.610147
-0.0623831
0.462072
0.961281
1.43362
1.87799
2.29375
2.68137
3.04123
3.3749
3.68455
3.97294
4.24283
4.4968
4.73717
4.96602
5.18532
5.39645
5.6009
5.79951
5.9931
6.18243
6.36808
6.55054
6.73023
6.90752
7.08266
7.25605
7.42777
7.59803
7.76695
7.93465
8.10119
8.26663
8.43104
8.59437
8.75667
8.91789
9.07802
9.23705
9.39496
9.55174
9.70735
9.86175
10.0149
10.1668
10.3174
10.4667
10.6146
10.7612
10.9063
11.0499
11.1921
11.3328
11.4719
11.6096
11.7456
11.8801
12.0131
12.1444
12.2741
12.4023
12.5288
12.6537
12.7769
12.8986
13.0186
13.137
13.2537
13.3688
13.4823
13.5941
13.7043
13.8129
13.9199
14.0252
14.1289
14.231
14.3315
14.4304
14.5276
14.6233
14.7174
14.8099
14.9008
14.9901
15.0778
15.164
15.2486
15.3316
15.4131
15.4931
15.5715
15.6484
15.7238
15.7976
15.87
15.9408
16.0102
16.0781
16.1446
16.2095
16.2731
16.3352
16.3958
16.455
16.5129
16.5693
16.6243
16.6779
16.7302
16.7811
16.8307
16.879
16.9259
16.9715
17.0158
17.0589
17.1006
17.141
17.1801
17.2179
17.2545
17.2898
17.3238
17.3566
17.3882
17.4185
17.4476
17.4755
17.5023
17.5279
17.5524
17.5758
17.5981
17.6193
17.6395
17.6588
17.6771
17.6944
17.7109
17.7265
17.7413
17.7553
17.7686
17.7811
17.793
17.8043
17.8149
17.825
17.8345
17.8435
17.8521
17.8601
17.8678
17.875
17.8818
17.8883
17.8944
17.9002
17.9056
17.9108
17.9156
17.9201
17.9243
17.9282
17.9317
17.935
17.938
17.9406
17.9429
17.9449
17.9465
17.9477
17.9485
17.949
17.949
17.9485
17.9475
17.946
17.944
17.9414
17.9383
17.9345
17.93
17.9247
17.9187
17.9118
17.904
17.8951
17.8851
17.8739
17.8614
17.8474
17.8318
17.8144
17.7952
17.7739
17.7503
17.7244
17.6958
17.6644
17.63
17.5924
17.5514
17.5068
17.4583
17.4061
17.3483
-3.09956
-3.07473
-3.02283
-2.96365
-2.90687
-2.85028
-2.79416
-2.7395
-2.68737
-2.6384
-2.59332
-2.55255
-2.51632
-2.485
-2.45891
-2.43818
-2.42266
-2.41219
-2.40667
-2.4059
-2.40969
-2.41788
-2.43033
-2.44687
-2.46728
-2.49136
-2.51895
-2.54991
-2.58402
-2.62117
-2.66122
-2.70405
-2.74956
-2.79766
-2.84825
-2.90126
-2.95663
-3.01432
-3.07431
-3.13656
-3.20106
-3.26777
-3.33672
-3.40788
-3.48133
-3.55704
-3.63509
-3.71558
-3.79859
-3.8842
-3.9725
-4.06355
-4.15743
-4.25422
-4.35401
-4.45689
-4.56295
-4.67232
-4.78511
-4.90153
-5.02153
-5.14533
-5.27303
-5.40472
-5.54048
-5.68041
-5.8246
-5.97314
-6.12615
-6.28374
-6.44601
-6.61305
-6.78493
-6.96171
-7.14345
-7.33016
-7.522
-7.71882
-7.92071
-8.12765
-8.33954
-8.5563
-8.77778
-9.00381
-9.23418
-9.46864
-9.70691
-9.94868
-10.1934
-10.4408
-10.6904
-10.9417
-11.1942
-11.4472
-11.7002
-11.9524
-12.2032
-12.4516
-12.6969
-12.9382
-13.1746
-13.4054
-13.6296
-13.8457
-14.0529
-14.2504
-14.4371
-14.6119
-14.7734
-14.9205
-15.0519
-15.1665
-15.2627
-15.3396
-15.3961
-15.4306
-15.4421
-15.4299
-15.3927
-15.3293
-15.2392
-15.1218
-14.9758
-14.8011
-14.5973
-14.3629
-14.0982
-13.8031
-13.4768
-13.1181
-12.7286
-12.3089
-11.8584
-11.3785
-10.871
-10.3368
-9.77861
-9.1994
-8.6014
-7.98809
-7.36255
-6.72773
-6.08702
-5.44372
-4.80098
-4.1617
-3.52864
-2.90455
-2.29169
-1.69329
-1.11155
-0.548455
-0.00584684
0.514378
1.01034
1.48045
1.92347
2.33879
2.72591
3.08545
3.41851
3.72709
4.01388
4.28172
4.53321
4.77072
4.9964
5.21213
5.4198
5.62061
5.81566
6.00588
6.19203
6.37471
6.55439
6.73148
6.90634
7.07932
7.25055
7.42036
7.58886
7.75616
7.92235
8.08752
8.2517
8.41491
8.57722
8.73853
8.89884
9.05812
9.21637
9.37357
9.52969
9.68469
9.83854
9.99121
10.1427
10.2928
10.4417
10.5893
10.7355
10.8804
11.0238
11.1658
11.3063
11.4453
11.5828
11.7188
11.8533
11.9862
12.1175
12.2472
12.3754
12.502
12.627
12.7503
12.8721
12.9923
13.1108
13.2277
13.343
13.4567
13.5688
13.6792
13.7881
13.8953
14.0009
14.1049
14.2074
14.3082
14.4074
14.505
14.601
14.6954
14.7883
14.8796
14.9693
15.0574
15.1439
15.2289
15.3124
15.3943
15.4746
15.5535
15.6308
15.7065
15.7808
15.8536
15.9249
15.9947
16.063
16.1298
16.1952
16.2592
16.3217
16.3827
16.4424
16.5006
16.5574
16.6129
16.6669
16.7196
16.7709
16.8209
16.8695
16.9168
16.9628
17.0075
17.0509
17.0929
17.1336
17.1731
17.2112
17.248
17.2836
17.3178
17.3508
17.3826
17.4131
17.4424
17.4705
17.4974
17.5231
17.5477
17.5712
17.5935
17.6148
17.6351
17.6544
17.6727
17.69
17.7065
17.7221
17.7369
17.7509
17.7641
17.7766
17.7885
17.7997
17.8103
17.8203
17.8298
17.8388
17.8473
17.8553
17.863
17.8702
17.877
17.8835
17.8896
17.8954
17.9008
17.906
17.9108
17.9154
17.9196
17.9236
17.9272
17.9305
17.9335
17.9363
17.9386
17.9407
17.9423
17.9437
17.9446
17.9451
17.9451
17.9448
17.9439
17.9425
17.9406
17.9381
17.935
17.9312
17.9268
17.9217
17.9157
17.9089
17.9011
17.8924
17.8824
17.8713
17.8588
17.8449
17.8293
17.812
17.7928
17.7715
17.748
17.7221
17.6935
17.6621
17.6277
17.59
17.5489
17.5042
17.4556
17.4033
17.3457
-3.18174
-3.09575
-3.01144
-2.94437
-2.87967
-2.81615
-2.75553
-2.6979
-2.6439
-2.59401
-2.54842
-2.50734
-2.47094
-2.43978
-2.41425
-2.39438
-2.37974
-2.37012
-2.36533
-2.36527
-2.36985
-2.37894
-2.39225
-2.40952
-2.43059
-2.45528
-2.48345
-2.51491
-2.54949
-2.58706
-2.62748
-2.67064
-2.7164
-2.76466
-2.81538
-2.86848
-2.92391
-2.98163
-3.04162
-3.10386
-3.16828
-3.23485
-3.30357
-3.37449
-3.44754
-3.52285
-3.60047
-3.6805
-3.76303
-3.84812
-3.93586
-4.0263
-4.11949
-4.21551
-4.31445
-4.41639
-4.52144
-4.62972
-4.74138
-4.85649
-4.97531
-5.09775
-5.224
-5.35416
-5.48831
-5.62654
-5.76894
-5.91563
-6.06672
-6.22236
-6.38264
-6.54767
-6.71751
-6.89224
-7.07193
-7.25672
-7.44649
-7.64139
-7.84146
-8.04667
-8.25694
-8.4722
-8.69231
-8.91712
-9.14641
-9.37992
-9.61742
-9.85853
-10.1029
-10.3501
-10.5995
-10.8509
-11.1035
-11.3569
-11.6103
-11.8632
-12.1146
-12.3637
-12.6098
-12.8518
-13.0889
-13.3205
-13.5451
-13.7617
-13.9693
-14.1671
-14.3538
-14.5284
-14.6897
-14.8363
-14.967
-15.0806
-15.1758
-15.2513
-15.3062
-15.339
-15.3487
-15.3345
-15.2953
-15.2298
-15.1375
-15.0179
-14.8697
-14.6928
-14.4861
-14.249
-13.9816
-13.6831
-13.3532
-12.9911
-12.5979
-12.1742
-11.7205
-11.238
-10.7277
-10.1923
-9.63395
-9.05528
-8.45895
-7.84861
-7.22691
-6.59717
-5.96255
-5.32612
-4.69075
-4.05913
-3.43386
-2.81717
-2.21203
-1.62065
-1.04559
-0.488709
0.0483298
0.563784
1.05584
1.52294
1.96389
2.37776
2.76437
3.12341
3.45587
3.76355
4.04908
4.3153
4.5648
4.79991
5.0228
5.23557
5.43985
5.63732
5.82905
6.01608
6.19922
6.37908
6.55612
6.73076
6.90337
7.07419
7.24356
7.41159
7.57844
7.74424
7.90906
8.07296
8.23598
8.39817
8.55946
8.71989
8.87937
9.0379
9.19546
9.35202
9.50755
9.66202
9.81538
9.9676
10.1186
10.2685
10.417
10.5643
10.7103
10.8549
10.9981
11.1399
11.2802
11.4191
11.5566
11.6925
11.8269
11.9598
12.0911
12.2209
12.3491
12.4758
12.6008
12.7243
12.8462
12.9665
13.0852
13.2023
13.3178
13.4317
13.544
13.6547
13.7638
13.8713
13.9772
14.0815
14.1843
14.2854
14.3849
14.4829
14.5792
14.674
14.7673
14.8589
14.949
15.0375
15.1244
15.2098
15.2937
15.376
15.4567
15.536
15.6137
15.6898
15.7645
15.8377
15.9094
15.9796
16.0483
16.1156
16.1814
16.2457
16.3087
16.3701
16.4302
16.4888
16.546
16.6019
16.6563
16.7094
16.7611
16.8115
16.8605
16.9082
16.9545
16.9996
17.0433
17.0856
17.1267
17.1664
17.2048
17.2419
17.2777
17.3122
17.3454
17.3773
17.408
17.4375
17.4657
17.4927
17.5186
17.5432
17.5668
17.5892
17.6106
17.6309
17.6501
17.6684
17.6858
17.7023
17.7178
17.7326
17.7465
17.7597
17.7722
17.784
17.7952
17.8057
17.8157
17.8252
17.8341
17.8426
17.8506
17.8582
17.8654
17.8722
17.8787
17.8848
17.8906
17.8961
17.9012
17.9061
17.9107
17.915
17.919
17.9227
17.9261
17.9291
17.9319
17.9344
17.9365
17.9383
17.9396
17.9407
17.9412
17.9414
17.9411
17.9403
17.939
17.9372
17.9348
17.9318
17.9282
17.9238
17.9188
17.9129
17.9062
17.8986
17.8899
17.88
17.869
17.8566
17.8427
17.8272
17.81
17.7909
17.7696
17.7462
17.7203
17.6917
17.6603
17.6259
17.5883
17.5472
17.5024
17.4538
17.4013
17.344
-3.32168
-3.01376
-2.91046
-2.87448
-2.81709
-2.75116
-2.69024
-2.63438
-2.58158
-2.53228
-2.4877
-2.44843
-2.41437
-2.3855
-2.36205
-2.34418
-2.33166
-2.32403
-2.32079
-2.32203
-2.32807
-2.33878
-2.35365
-2.37229
-2.39451
-2.42021
-2.44933
-2.48167
-2.51696
-2.55509
-2.59595
-2.6395
-2.68561
-2.7342
-2.7852
-2.83855
-2.8942
-2.95212
-3.01231
-3.07471
-3.1392
-3.20574
-3.27436
-3.34504
-3.41788
-3.49291
-3.57026
-3.65002
-3.73227
-3.81706
-3.90445
-3.99447
-4.08715
-4.18258
-4.28083
-4.382
-4.48619
-4.59354
-4.70421
-4.8184
-4.93605
-5.05735
-5.18235
-5.31116
-5.44384
-5.58051
-5.72124
-5.86615
-6.01541
-6.16914
-6.32747
-6.49048
-6.65825
-6.83086
-7.00842
-7.19094
-7.37869
-7.57145
-7.76942
-7.9726
-8.1809
-8.3943
-8.61267
-8.83584
-9.06363
-9.2958
-9.53207
-9.77221
-10.0156
-10.262
-10.511
-10.7619
-11.0143
-11.2677
-11.5212
-11.7743
-12.0261
-12.2756
-12.5221
-12.7646
-13.0022
-13.2341
-13.4592
-13.6761
-13.8839
-14.0817
-14.2682
-14.4427
-14.6036
-14.7495
-14.8795
-14.9921
-15.0861
-15.1604
-15.2138
-15.2449
-15.253
-15.2368
-15.1954
-15.128
-15.0335
-14.9115
-14.7609
-14.5813
-14.3715
-14.1313
-13.8606
-13.5581
-13.224
-12.8583
-12.461
-12.033
-11.5763
-11.0912
-10.5786
-10.0429
-9.48494
-8.90688
-8.31353
-7.70682
-7.0898
-6.46582
-5.83784
-5.20871
-4.58107
-3.95742
-3.34009
-2.73149
-2.13345
-1.54926
-0.981141
-0.430887
0.100104
0.610228
1.0977
1.561
1.99896
2.41087
2.79585
3.154
3.48575
3.79264
4.07721
4.34233
4.59041
4.82371
5.0444
5.25452
5.45611
5.65064
5.83944
6.02359
6.20397
6.38123
6.55582
6.7282
6.8987
7.06764
7.23516
7.40154
7.5669
7.73132
7.89489
8.05765
8.21964
8.38085
8.54132
8.70095
8.8597
9.01756
9.1745
9.3305
9.48551
9.63949
9.79242
9.94424
10.0949
10.2444
10.3927
10.5397
10.6854
10.8298
10.9728
11.1145
11.2547
11.3935
11.5309
11.6667
11.8011
11.934
12.0653
12.1951
12.3234
12.4501
12.5752
12.6988
12.8209
12.9413
13.0602
13.1774
13.2931
13.4073
13.5198
13.6307
13.7401
13.8478
13.954
14.0586
14.1616
14.2631
14.3629
14.4612
14.5579
14.6531
14.7466
14.8386
14.9291
15.018
15.1053
15.1911
15.2753
15.358
15.4391
15.5188
15.5968
15.6734
15.7485
15.8221
15.8942
15.9648
16.0339
16.1016
16.1678
16.2325
16.2958
16.3577
16.4181
16.4772
16.5348
16.591
16.6458
16.6993
16.7514
16.8022
16.8516
16.8996
16.9463
16.9917
17.0357
17.0784
17.1197
17.1597
17.1984
17.2358
17.2718
17.3065
17.3399
17.3721
17.403
17.4326
17.4609
17.4881
17.514
17.5388
17.5624
17.5849
17.6063
17.6266
17.6459
17.6642
17.6816
17.698
17.7136
17.7283
17.7422
17.7554
17.7678
17.7796
17.7907
17.8012
17.8111
17.8205
17.8294
17.8379
17.8459
17.8535
17.8606
17.8675
17.8739
17.8801
17.8859
17.8914
17.8966
17.9015
17.9061
17.9104
17.9145
17.9182
17.9217
17.9248
17.9277
17.9302
17.9324
17.9343
17.9358
17.9369
17.9376
17.9378
17.9376
17.9369
17.9357
17.934
17.9317
17.9288
17.9253
17.9211
17.9162
17.9104
17.9038
17.8963
17.8877
17.878
17.867
17.8547
17.841
17.8256
17.8085
17.7894
17.7683
17.7449
17.7191
17.6906
17.6593
17.6249
17.5873
17.5462
17.5014
17.4528
17.4002
17.3433
-2.90907
-2.71645
-2.70287
-2.7198
-2.68516
-2.62676
-2.57488
-2.53176
-2.48888
-2.44603
-2.40788
-2.37598
-2.34854
-2.32441
-2.30457
-2.29012
-2.28125
-2.27689
-2.27608
-2.27912
-2.28681
-2.29921
-2.31581
-2.33608
-2.35974
-2.38669
-2.41696
-2.4503
-2.48639
-2.52512
-2.56644
-2.61038
-2.65688
-2.70587
-2.75727
-2.81099
-2.86698
-2.92524
-2.98577
-3.04845
-3.11307
-3.17962
-3.24815
-3.31872
-3.39132
-3.46618
-3.54341
-3.62309
-3.70525
-3.78992
-3.87713
-3.96687
-4.05915
-4.15409
-4.25177
-4.35228
-4.45574
-4.56231
-4.67222
-4.78553
-4.90244
-5.02281
-5.14678
-5.27444
-5.40587
-5.54117
-5.68042
-5.82375
-5.97136
-6.1234
-6.27998
-6.44117
-6.60703
-6.77765
-6.95311
-7.13363
-7.31907
-7.50968
-7.7055
-7.90652
-8.11272
-8.32406
-8.54045
-8.76175
-8.98775
-9.21824
-9.45299
-9.69161
-9.93394
-10.1792
-10.4272
-10.6774
-10.9292
-11.1821
-11.4354
-11.6883
-11.9401
-12.1896
-12.4362
-12.6787
-12.9164
-13.1485
-13.3735
-13.5903
-13.7979
-13.9954
-14.1815
-14.3555
-14.5157
-14.6607
-14.7897
-14.9011
-14.9937
-15.0665
-15.1181
-15.1473
-15.1535
-15.135
-15.0913
-15.0216
-14.9246
-14.7997
-14.6462
-14.4633
-14.2499
-14.0058
-13.7313
-13.4246
-13.0859
-12.7159
-12.3145
-11.8829
-11.4229
-10.9354
-10.4217
-9.886
-9.32918
-8.75368
-8.16323
-7.56107
-6.94979
-6.33248
-5.71195
-5.09087
-4.47166
-3.85663
-3.24791
-2.64732
-2.0575
-1.48092
-0.920243
-0.37725
0.147093
0.651305
1.13355
1.59235
2.02668
2.43561
2.8188
3.17562
3.50652
3.81274
4.09678
4.36147
4.60889
4.84115
5.06037
5.26867
5.46794
5.6601
5.84652
6.02828
6.20629
6.38123
6.55364
6.72397
6.89257
7.05969
7.22563
7.3905
7.55446
7.71761
7.88001
8.0417
8.20271
8.36305
8.52267
8.68154
8.83961
8.99682
9.15316
9.3086
9.4631
9.61661
9.76911
9.92053
10.0708
10.22
10.368
10.5147
10.6602
10.8043
10.9472
11.0886
11.2287
11.3674
11.5046
11.6404
11.7747
11.9075
12.0389
12.1687
12.297
12.4237
12.549
12.6727
12.7948
12.9153
13.0343
13.1518
13.2676
13.3819
13.4947
13.6058
13.7154
13.8234
13.9299
14.0347
14.1381
14.2398
14.34
14.4386
14.5356
14.6311
14.725
14.8174
14.9082
14.9974
15.0851
15.1713
15.2559
15.3389
15.4205
15.5005
15.579
15.6559
15.7314
15.8054
15.8778
15.9488
16.0183
16.0864
16.153
16.2181
16.2818
16.3441
16.4049
16.4644
16.5224
16.579
16.6342
16.6881
16.7406
16.7917
16.8415
16.8899
16.937
16.9827
17.027
17.07
17.1117
17.152
17.191
17.2286
17.2649
17.2998
17.3335
17.3659
17.3969
17.4267
17.4553
17.4826
17.5086
17.5335
17.5572
17.5798
17.6013
17.6217
17.641
17.6594
17.6767
17.6932
17.7087
17.7235
17.7374
17.7505
17.763
17.7747
17.7858
17.7963
17.8062
17.8156
17.8245
17.8329
17.8409
17.8485
17.8557
17.8625
17.869
17.8752
17.881
17.8865
17.8918
17.8967
17.9014
17.9058
17.9099
17.9137
17.9173
17.9205
17.9234
17.9261
17.9284
17.9303
17.9319
17.9331
17.9339
17.9343
17.9342
17.9336
17.9325
17.9309
17.9288
17.926
17.9226
17.9185
17.9137
17.9081
17.9017
17.8942
17.8858
17.8762
17.8654
17.8533
17.8396
17.8244
17.8074
17.7885
17.7675
17.7442
17.7185
17.6901
17.6588
17.6245
17.587
17.5459
17.5012
17.4526
17.3998
17.3433
-2.91832
-2.81991
-2.7519
-2.71001
-2.64598
-2.56882
-2.50693
-2.4613
-2.41725
-2.37297
-2.33668
-2.31014
-2.2882
-2.26766
-2.25042
-2.23908
-2.23383
-2.23297
-2.23535
-2.24105
-2.25067
-2.26452
-2.2824
-2.30391
-2.32874
-2.35675
-2.38797
-2.42205
-2.45859
-2.49768
-2.53935
-2.58365
-2.63053
-2.67991
-2.73169
-2.78575
-2.84205
-2.90061
-2.96146
-3.02431
-3.08894
-3.15541
-3.22384
-3.29422
-3.36671
-3.44151
-3.51877
-3.5985
-3.68068
-3.76531
-3.8524
-3.94187
-4.03377
-4.12823
-4.22536
-4.32526
-4.42804
-4.53394
-4.6432
-4.75599
-4.87209
-4.99164
-5.11469
-5.2413
-5.37159
-5.50567
-5.64357
-5.78547
-5.9316
-6.08216
-6.2372
-6.39676
-6.5609
-6.7297
-6.90326
-7.08166
-7.26524
-7.45379
-7.64749
-7.84638
-8.05044
-8.25963
-8.4739
-8.69312
-8.91709
-9.14563
-9.37849
-9.61545
-9.85593
-10.0997
-10.3463
-10.5952
-10.8458
-11.0977
-11.3501
-11.6023
-11.8534
-12.1024
-12.3483
-12.5903
-12.8275
-13.0588
-13.2833
-13.4995
-13.7063
-13.9028
-14.088
-14.2609
-14.4197
-14.5634
-14.6908
-14.8005
-14.8912
-14.962
-15.0115
-15.0385
-15.0422
-15.0212
-14.9748
-14.9022
-14.8021
-14.6741
-14.5171
-14.3304
-14.1129
-13.8648
-13.5856
-13.2745
-12.9312
-12.5568
-12.1516
-11.7171
-11.2544
-10.7654
-10.2522
-9.7171
-9.16277
-8.59119
-8.00592
-7.40975
-6.80562
-6.19631
-5.58447
-4.97261
-4.36293
-3.7575
-3.15819
-2.56686
-1.98511
-1.41681
-0.86442
-0.329561
0.187444
0.685162
1.16156
1.61524
2.04526
2.45098
2.83149
3.18668
3.51663
3.82229
4.10627
4.37133
4.61894
4.85108
5.06974
5.27688
5.47469
5.66518
5.84991
6.02993
6.2061
6.37915
6.54968
6.71819
6.88509
7.05066
7.21505
7.37853
7.54121
7.70316
7.86446
8.02514
8.18523
8.34469
8.50354
8.66167
8.81905
8.97562
9.13136
9.28623
9.44021
9.59324
9.74527
9.89628
10.0462
10.195
10.3426
10.4891
10.6342
10.7782
10.9208
11.062
11.2019
11.3404
11.4775
11.6132
11.7474
11.8802
12.0115
12.1413
12.2696
12.3964
12.5216
12.6454
12.7676
12.8882
13.0074
13.1249
13.241
13.3554
13.4683
13.5797
13.6895
13.7978
13.9044
14.0096
14.1132
14.2152
14.3157
14.4146
14.5119
14.6077
14.702
14.7947
14.8859
14.9755
15.0635
15.15
15.235
15.3185
15.4004
15.4807
15.5596
15.637
15.7128
15.7872
15.86
15.9314
16.0013
16.0697
16.1367
16.2023
16.2664
16.329
16.3902
16.4501
16.5085
16.5655
16.6211
16.6754
16.7283
16.7798
16.83
16.8787
16.9262
16.9723
17.017
17.0603
17.1023
17.1429
17.1822
17.2201
17.2567
17.2919
17.3258
17.3584
17.3897
17.4197
17.4485
17.476
17.5022
17.5272
17.5511
17.5738
17.5954
17.6159
17.6353
17.6537
17.6712
17.6877
17.7033
17.718
17.732
17.7452
17.7576
17.7694
17.7805
17.791
17.8009
17.8104
17.8193
17.8277
17.8357
17.8433
17.8506
17.8574
17.8639
17.8701
17.876
17.8816
17.8869
17.8919
17.8966
17.9011
17.9053
17.9092
17.9128
17.9162
17.9192
17.9219
17.9243
17.9264
17.9281
17.9294
17.9303
17.9308
17.9309
17.9304
17.9295
17.928
17.926
17.9234
17.9202
17.9162
17.9116
17.9061
17.8998
17.8926
17.8843
17.8749
17.8643
17.8523
17.8388
17.8238
17.807
17.7882
17.7674
17.7443
17.7187
17.6905
17.6594
17.6252
17.5877
17.5467
17.502
17.4534
17.4006
17.3445
-2.83759
-2.77436
-2.70373
-2.65715
-2.60555
-2.54502
-2.49405
-2.45169
-2.4053
-2.35626
-2.316
-2.28728
-2.26324
-2.23933
-2.21821
-2.20422
-2.19814
-2.19793
-2.20187
-2.2092
-2.22001
-2.23473
-2.2535
-2.27603
-2.30188
-2.33061
-2.362
-2.396
-2.43272
-2.47223
-2.51447
-2.55933
-2.60665
-2.65631
-2.70819
-2.76229
-2.81858
-2.87713
-2.93799
-3.0007
-3.0651
-3.13141
-3.19978
-3.2702
-3.3427
-3.41762
-3.49505
-3.57489
-3.65704
-3.74157
-3.82845
-3.91755
-4.00896
-4.1029
-4.19945
-4.29874
-4.4009
-4.50621
-4.615
-4.72717
-4.84273
-4.96148
-5.08357
-5.20912
-5.3383
-5.4712
-5.60783
-5.74838
-5.89317
-6.0424
-6.19606
-6.35412
-6.51666
-6.68375
-6.85546
-7.03212
-7.21359
-7.40016
-7.59181
-7.78858
-7.99047
-8.19744
-8.40948
-8.62645
-8.84816
-9.07447
-9.30515
-9.53977
-9.77832
-10.0201
-10.2646
-10.5116
-10.7605
-11.0106
-11.2615
-11.5121
-11.7617
-12.0092
-12.2537
-12.4943
-12.7301
-12.9601
-13.1829
-13.3976
-13.6027
-13.7976
-13.9812
-14.1521
-14.309
-14.4507
-14.5759
-14.6831
-14.7716
-14.8399
-14.8866
-14.911
-14.9119
-14.8879
-14.8384
-14.7626
-14.659
-14.5273
-14.3666
-14.1756
-13.954
-13.7013
-13.4179
-13.1026
-12.7551
-12.3768
-11.9687
-11.5322
-11.068
-10.5791
-10.0676
-9.53479
-8.98468
-8.41933
-7.84042
-7.25198
-6.65646
-6.05654
-5.45471
-4.85333
-4.25429
-3.65947
-3.07049
-2.48849
-1.9163
-1.35711
-0.814016
-0.288244
0.220839
0.711565
1.18154
1.62955
2.05482
2.45657
2.83441
3.1877
3.51653
3.82163
4.1059
4.37189
4.62035
4.85322
5.07208
5.27886
5.47576
5.6654
5.84925
6.02823
6.20316
6.37481
6.54384
6.71086
6.8763
7.04045
7.20357
7.3658
7.52731
7.68817
7.84846
8.00821
8.16743
8.32611
8.48419
8.64163
8.79834
8.95429
9.10945
9.26377
9.41724
9.56979
9.72138
9.87196
10.0215
10.1699
10.3172
10.4634
10.6083
10.7519
10.8943
11.0353
11.175
11.3134
11.4504
11.5859
11.72
11.8527
11.984
12.1137
12.242
12.3688
12.4941
12.6179
12.7402
12.861
12.9802
13.0979
13.2141
13.3287
13.4418
13.5534
13.6634
13.7719
13.8788
13.9842
14.088
14.1904
14.2911
14.3903
14.488
14.5842
14.6787
14.7718
14.8633
14.9533
15.0417
15.1286
15.2139
15.2977
15.38
15.4607
15.54
15.6177
15.6939
15.7687
15.8419
15.9137
15.9839
16.0528
16.1201
16.1861
16.2505
16.3136
16.3752
16.4355
16.4943
16.5517
16.6077
16.6624
16.7157
16.7676
16.8181
16.8673
16.9151
16.9615
17.0066
17.0503
17.0926
17.1335
17.1731
17.2113
17.2482
17.2837
17.3179
17.3507
17.3823
17.4125
17.4415
17.4691
17.4956
17.5208
17.5448
17.5676
17.5893
17.6099
17.6294
17.6479
17.6655
17.682
17.6977
17.7125
17.7265
17.7397
17.7522
17.764
17.7751
17.7857
17.7956
17.8051
17.814
17.8225
17.8305
17.8382
17.8454
17.8523
17.8589
17.8651
17.8711
17.8767
17.8821
17.8871
17.892
17.8965
17.9008
17.9048
17.9085
17.9119
17.915
17.9179
17.9204
17.9226
17.9244
17.9258
17.9269
17.9275
17.9277
17.9274
17.9266
17.9253
17.9235
17.921
17.918
17.9142
17.9098
17.9045
17.8984
17.8913
17.8833
17.8741
17.8636
17.8519
17.8386
17.8238
17.8072
17.7887
17.7681
17.7452
17.7198
17.6918
17.6609
17.6269
17.5895
17.5487
17.5041
17.4556
17.4026
17.347
-2.78995
-2.75374
-2.70321
-2.65711
-2.60766
-2.55479
-2.507
-2.46166
-2.41234
-2.36342
-2.32475
-2.29728
-2.27336
-2.24802
-2.22395
-2.20649
-2.19748
-2.19498
-2.19642
-2.20069
-2.20821
-2.22
-2.23665
-2.25796
-2.28324
-2.3117
-2.34269
-2.37635
-2.41307
-2.45281
-2.49544
-2.54057
-2.588
-2.6375
-2.68902
-2.74263
-2.79838
-2.85627
-2.9163
-2.97848
-3.04278
-3.10923
-3.17785
-3.24862
-3.32157
-3.39661
-3.47392
-3.55349
-3.63526
-3.71934
-3.80572
-3.89424
-3.98508
-4.07851
-4.17454
-4.27336
-4.37504
-4.47993
-4.5883
-4.70004
-4.81472
-4.9325
-5.05349
-5.1779
-5.30596
-5.43773
-5.57313
-5.71242
-5.85601
-6.00405
-6.1564
-6.31302
-6.47402
-6.63946
-6.80946
-6.98416
-7.164
-7.34869
-7.53836
-7.73304
-7.93274
-8.13749
-8.34724
-8.56185
-8.78116
-9.00503
-9.23319
-9.4655
-9.70133
-9.94054
-10.1826
-10.4272
-10.6736
-10.9214
-11.1699
-11.4182
-11.6655
-11.9107
-12.1528
-12.3911
-12.6246
-12.8521
-13.0728
-13.285
-13.4877
-13.6801
-13.8611
-14.0293
-14.1835
-14.3225
-14.4447
-14.5489
-14.6345
-14.6996
-14.7431
-14.7642
-14.7619
-14.7345
-14.6814
-14.6019
-14.4944
-14.3585
-14.1937
-13.9984
-13.7725
-13.5157
-13.2272
-12.9077
-12.5569
-12.1758
-11.7659
-11.3284
-10.8642
-10.3769
-9.8681
-9.33965
-8.79573
-8.23748
-7.66765
-7.08841
-6.50278
-5.91344
-5.32276
-4.73291
-4.14534
-3.56182
-2.98354
-2.41215
-1.84963
-1.30071
-0.768021
-0.25224
0.248527
0.731766
1.19468
1.63639
2.05637
2.45404
2.82849
3.17966
3.50724
3.81177
4.09658
4.36362
4.61324
4.84741
5.06708
5.27401
5.47082
5.6604
5.8442
6.02288
6.19717
6.3679
6.53585
6.70178
6.86606
7.02909
7.19102
7.35216
7.51263
7.67252
7.8319
7.99079
8.14922
8.30714
8.46454
8.62132
8.7774
8.93276
9.08734
9.24114
9.3941
9.54618
9.69734
9.84752
9.99667
10.1447
10.2917
10.4375
10.5821
10.7255
10.8677
11.0085
11.148
11.2862
11.423
11.5585
11.6925
11.8251
11.9563
12.086
12.2143
12.3411
12.4665
12.5903
12.7127
12.8335
12.9529
13.0707
13.187
13.3018
13.4151
13.5268
13.6371
13.7458
13.8529
13.9586
14.0627
14.1653
14.2664
14.3659
14.4639
14.5603
14.6553
14.7487
14.8405
14.9308
15.0196
15.1068
15.1926
15.2767
15.3594
15.4405
15.5201
15.5982
15.6748
15.7499
15.8235
15.8957
15.9663
16.0355
16.1033
16.1696
16.2345
16.298
16.36
16.4206
16.4799
16.5377
16.5941
16.6492
16.7029
16.7552
16.8061
16.8556
16.9038
16.9506
16.996
17.0401
17.0827
17.124
17.1639
17.2024
17.2396
17.2754
17.3098
17.343
17.3747
17.4052
17.4344
17.4622
17.4888
17.5142
17.5384
17.5613
17.5832
17.6039
17.6235
17.6421
17.6597
17.6764
17.6921
17.7069
17.721
17.7342
17.7467
17.7586
17.7697
17.7803
17.7903
17.7998
17.8087
17.8172
17.8253
17.833
17.8403
17.8472
17.8538
17.8601
17.8661
17.8718
17.8772
17.8824
17.8873
17.8919
17.8963
17.9004
17.9042
17.9077
17.911
17.9139
17.9165
17.9188
17.9208
17.9224
17.9236
17.9244
17.9247
17.9246
17.924
17.9228
17.9212
17.9189
17.916
17.9125
17.9082
17.9032
17.8973
17.8904
17.8826
17.8736
17.8635
17.852
17.839
17.8244
17.8081
17.7899
17.7695
17.7469
17.7218
17.6941
17.6634
17.6296
17.5925
17.5518
17.5074
17.459
17.406
17.3509
-2.75875
-2.73161
-2.69071
-2.64558
-2.6005
-2.55592
-2.51223
-2.46794
-2.42275
-2.38094
-2.3477
-2.32242
-2.2993
-2.27481
-2.25153
-2.23439
-2.22535
-2.22256
-2.22311
-2.22555
-2.23033
-2.23877
-2.25176
-2.26933
-2.29089
-2.31571
-2.34331
-2.37374
-2.40739
-2.44439
-2.48475
-2.5282
-2.57446
-2.62325
-2.67437
-2.72769
-2.78313
-2.84053
-2.8998
-2.96135
-3.0254
-3.09178
-3.16038
-3.23127
-3.30431
-3.37923
-3.45601
-3.53483
-3.61582
-3.69908
-3.78471
-3.87269
-3.96324
-4.05636
-4.1521
-4.25069
-4.35206
-4.45641
-4.56398
-4.67455
-4.78814
-4.90466
-5.0244
-5.14762
-5.27459
-5.40531
-5.53961
-5.67783
-5.82037
-5.96723
-6.11822
-6.27334
-6.43279
-6.5966
-6.76486
-6.93805
-7.11596
-7.29884
-7.48656
-7.67912
-7.87662
-8.07911
-8.28651
-8.49868
-8.71546
-8.93669
-9.16218
-9.39153
-9.62474
-9.86103
-10.1002
-10.3418
-10.5853
-10.8301
-11.0755
-11.3208
-11.5649
-11.8069
-12.0459
-12.2811
-12.5113
-12.7359
-12.9531
-13.1621
-13.3614
-13.5505
-13.7281
-13.8928
-14.0436
-14.1791
-14.2976
-14.3982
-14.48
-14.5414
-14.581
-14.5984
-14.5921
-14.5608
-14.5036
-14.4199
-14.3083
-14.1678
-13.9983
-13.7986
-13.5683
-13.3066
-13.0142
-12.6912
-12.3378
-11.9551
-11.5451
-11.1076
-10.645
-10.1608
-9.65589
-9.13349
-8.59716
-8.04833
-7.48818
-6.91922
-6.34449
-5.76665
-5.18803
-4.61044
-4.0347
-3.46266
-2.89553
-2.33519
-1.78485
-1.24743
-0.726025
-0.220633
0.271596
0.746736
1.20181
1.63666
2.05106
2.44399
2.81514
3.16395
3.4902
3.79439
4.07972
4.34739
4.59818
4.83378
5.05461
5.26234
5.4597
5.64996
5.83451
6.01358
6.18778
6.35804
6.52542
6.69069
6.85422
7.01635
7.17737
7.33757
7.49714
7.65616
7.81473
7.97286
8.13056
8.28781
8.44455
8.6007
8.75619
8.91097
9.06501
9.21828
9.37076
9.52238
9.67311
9.82288
9.97165
10.1194
10.266
10.4115
10.5559
10.699
10.8409
10.9815
11.1208
11.2588
11.3955
11.5308
11.6648
11.7973
11.9284
12.0581
12.1864
12.3132
12.4386
12.5625
12.6849
12.8058
12.9253
13.0433
13.1597
13.2747
13.3881
13.5001
13.6105
13.7194
13.8269
13.9328
14.0371
14.14
14.2414
14.3412
14.4395
14.5363
14.6316
14.7253
14.8175
14.9081
14.9973
15.0849
15.171
15.2555
15.3385
15.42
15.5
15.5784
15.6554
15.7309
15.8049
15.8774
15.9484
16.018
16.0862
16.1529
16.2182
16.2821
16.3445
16.4056
16.4652
16.5235
16.5803
16.6358
16.6899
16.7426
16.7939
16.8438
16.8924
16.9396
16.9853
17.0297
17.0727
17.1144
17.1546
17.1934
17.2309
17.267
17.3017
17.3351
17.3671
17.3978
17.4272
17.4553
17.4821
17.5076
17.5319
17.5551
17.577
17.5978
17.6176
17.6363
17.6539
17.6707
17.6865
17.7014
17.7155
17.7287
17.7413
17.7532
17.7644
17.775
17.785
17.7945
17.8035
17.812
17.8201
17.8278
17.8352
17.8421
17.8488
17.8551
17.8612
17.867
17.8725
17.8777
17.8827
17.8874
17.8918
17.896
17.8999
17.9036
17.9069
17.91
17.9128
17.9152
17.9173
17.919
17.9204
17.9213
17.9218
17.9218
17.9214
17.9205
17.919
17.917
17.9143
17.911
17.9069
17.9021
17.8965
17.8899
17.8823
17.8736
17.8638
17.8525
17.8399
17.8256
17.8096
17.7917
17.7717
17.7495
17.7247
17.6973
17.6669
17.6334
17.5966
17.5561
17.5119
17.4637
17.4107
17.3561
-2.73294
-2.70964
-2.67689
-2.6393
-2.60155
-2.56264
-2.52182
-2.48104
-2.44246
-2.4076
-2.37779
-2.35253
-2.32925
-2.30644
-2.28598
-2.27124
-2.2636
-2.26152
-2.2625
-2.26531
-2.27033
-2.27877
-2.29146
-2.30843
-2.32902
-2.35243
-2.37814
-2.4061
-2.43658
-2.46985
-2.50603
-2.5451
-2.58695
-2.63147
-2.67863
-2.72839
-2.78075
-2.83564
-2.89299
-2.95297
-3.01574
-3.08117
-3.14908
-3.21936
-3.29194
-3.3665
-3.4428
-3.52095
-3.60119
-3.68359
-3.76833
-3.85568
-3.94571
-4.0383
-4.13357
-4.2316
-4.3324
-4.4358
-4.54184
-4.65094
-4.763
-4.87836
-4.99707
-5.11922
-5.2451
-5.37475
-5.50813
-5.64549
-5.78682
-5.93209
-6.08133
-6.23477
-6.39265
-6.55484
-6.72151
-6.8929
-7.06934
-7.25036
-7.43602
-7.62636
-7.8216
-8.02177
-8.22669
-8.43629
-8.6504
-8.86877
-9.09125
-9.31779
-9.54756
-9.7806
-10.0165
-10.2547
-10.4946
-10.7358
-10.9775
-11.2189
-11.4592
-11.6973
-11.9324
-12.1636
-12.3899
-12.6102
-12.8237
-13.0286
-13.2238
-13.4086
-13.5821
-13.7426
-13.889
-14.0201
-14.1344
-14.2306
-14.3081
-14.365
-14.4002
-14.4131
-14.4023
-14.3666
-14.3047
-14.2163
-14.1003
-13.9548
-13.7805
-13.5765
-13.3416
-13.0761
-12.7802
-12.4547
-12.0995
-11.7164
-11.3077
-10.8716
-10.4118
-9.93219
-9.43298
-8.91778
-8.39059
-7.85176
-7.30305
-6.74509
-6.18193
-5.61621
-5.05027
-4.4852
-3.92143
-3.36105
-2.80588
-2.25953
-1.72246
-1.19699
-0.686809
-0.191453
0.291627
0.757644
1.20398
1.63159
2.04007
2.42833
2.7955
3.14171
3.4667
3.77071
4.05621
4.32427
4.57594
4.81266
5.03493
5.24396
5.44259
5.63424
5.82013
6.00007
6.17463
6.34494
6.51225
6.67735
6.84052
7.00213
7.16248
7.32197
7.48079
7.63909
7.79694
7.9544
8.11148
8.2681
8.42423
8.5798
8.73471
8.88893
9.04243
9.19521
9.34721
9.49838
9.64868
9.79806
9.94645
10.0938
10.2401
10.3853
10.5294
10.6722
10.8139
10.9543
11.0934
11.2313
11.3678
11.503
11.6368
11.7692
11.9003
12.03
12.1582
12.2851
12.4104
12.5344
12.6569
12.7779
12.8975
13.0155
13.1321
13.2473
13.3609
13.473
13.5837
13.6928
13.8005
13.9066
14.0113
14.1144
14.2161
14.3162
14.4148
14.5119
14.6075
14.7016
14.7941
14.8851
14.9746
15.0626
15.149
15.2339
15.3173
15.3991
15.4795
15.5583
15.6356
15.7115
15.7858
15.8587
15.9302
16.0002
16.0687
16.1359
16.2016
16.2659
16.3288
16.3902
16.4503
16.509
16.5662
16.6221
16.6766
16.7297
16.7814
16.8317
16.8807
16.9283
16.9744
17.0192
17.0625
17.1045
17.145
17.1842
17.222
17.2584
17.2934
17.327
17.3593
17.3903
17.4199
17.4482
17.4752
17.5009
17.5254
17.5487
17.5708
17.5917
17.6116
17.6304
17.6481
17.6649
17.6808
17.6958
17.7099
17.7232
17.7358
17.7477
17.759
17.7696
17.7796
17.7892
17.7982
17.8068
17.8149
17.8227
17.83
17.8371
17.8438
17.8502
17.8563
17.8621
17.8677
17.873
17.8781
17.8829
17.8874
17.8917
17.8957
17.8995
17.903
17.9062
17.9091
17.9116
17.9139
17.9157
17.9173
17.9184
17.919
17.9193
17.9191
17.9183
17.9171
17.9152
17.9128
17.9097
17.9059
17.9014
17.896
17.8897
17.8825
17.8741
17.8645
17.8536
17.8413
17.8274
17.8118
17.7943
17.7747
17.7528
17.7285
17.7014
17.6714
17.6383
17.6018
17.5617
17.5176
17.4697
17.4168
17.3627
-2.71258
-2.69229
-2.66551
-2.63411
-2.60081
-2.56545
-2.52892
-2.49392
-2.4616
-2.4314
-2.40348
-2.37863
-2.35665
-2.33701
-2.32044
-2.30862
-2.30227
-2.30041
-2.30142
-2.30452
-2.31015
-2.31927
-2.33252
-2.34981
-2.37057
-2.3941
-2.41995
-2.44803
-2.47852
-2.51161
-2.54736
-2.58566
-2.62634
-2.66924
-2.71424
-2.76132
-2.81052
-2.86189
-2.91555
-2.97169
-3.03054
-3.09216
-3.1565
-3.2236
-3.2933
-3.36546
-3.43987
-3.5165
-3.59542
-3.67663
-3.76021
-3.84645
-3.93527
-4.02671
-4.12087
-4.21764
-4.31719
-4.4193
-4.52385
-4.63119
-4.74187
-4.85589
-4.97344
-5.09444
-5.21888
-5.34698
-5.47909
-5.61524
-5.75509
-5.89859
-6.04604
-6.19792
-6.35427
-6.51489
-6.67994
-6.84989
-7.02425
-7.2031
-7.38644
-7.57447
-7.76733
-7.965
-8.16728
-8.37408
-8.58523
-8.8005
-9.01981
-9.24271
-9.4692
-9.69863
-9.93077
-10.165
-10.401
-10.6379
-10.8752
-11.1121
-11.3478
-11.5813
-11.8118
-12.0382
-12.2598
-12.4755
-12.6839
-12.8839
-13.0741
-13.254
-13.4225
-13.578
-13.7193
-13.8454
-13.9547
-14.0459
-14.1182
-14.1702
-14.2003
-14.208
-14.1921
-14.1513
-14.084
-13.9906
-13.8697
-13.7193
-13.5402
-13.3319
-13.0933
-12.825
-12.5272
-12.2
-11.8442
-11.4616
-11.0547
-10.6221
-10.1671
-9.69333
-9.20146
-8.69473
-8.17727
-7.65007
-7.11243
-6.56599
-6.01486
-5.46149
-4.90838
-4.35595
-3.80479
-3.2572
-2.71662
-2.18487
-1.66177
-1.14821
-0.648662
-0.163607
0.308727
0.764619
1.20176
1.62212
2.02469
2.40774
2.77093
3.11429
3.43796
3.7416
4.02694
4.29527
4.5475
4.78507
5.0088
5.21968
5.42019
5.61359
5.80095
5.98203
6.15744
6.32836
6.49613
6.66151
6.82474
6.98617
7.14619
7.30519
7.46349
7.62126
7.77854
7.93544
8.09196
8.24802
8.4036
8.55861
8.71297
8.86665
9.01965
9.17193
9.32347
9.4742
9.62408
9.77306
9.92107
10.0681
10.2141
10.3589
10.5027
10.6453
10.7867
10.9269
11.0658
11.2035
11.3398
11.4749
11.6086
11.741
11.872
12.0016
12.1298
12.2567
12.3821
12.5061
12.6286
12.7497
12.8694
12.9876
13.1043
13.2196
13.3334
13.4457
13.5565
13.6659
13.7738
13.8802
13.9851
14.0886
14.1905
14.2909
14.3898
14.4873
14.5832
14.6776
14.7705
14.8618
14.9516
15.0399
15.1267
15.212
15.2957
15.3779
15.4586
15.5378
15.6155
15.6917
15.7665
15.8398
15.9116
15.982
16.051
16.1186
16.1847
16.2494
16.3127
16.3746
16.4351
16.4942
16.5519
16.6082
16.6631
16.7166
16.7687
16.8194
16.8688
16.9167
16.9633
17.0084
17.0521
17.0944
17.1353
17.1748
17.2129
17.2496
17.2849
17.3188
17.3514
17.3826
17.4124
17.441
17.4682
17.4941
17.5188
17.5422
17.5644
17.5855
17.6055
17.6244
17.6423
17.6591
17.6751
17.6901
17.7043
17.7177
17.7304
17.7423
17.7536
17.7642
17.7743
17.7839
17.7929
17.8015
17.8097
17.8175
17.8249
17.832
17.8388
17.8453
17.8514
17.8573
17.863
17.8684
17.8735
17.8784
17.8831
17.8875
17.8916
17.8955
17.8991
17.9024
17.9055
17.9082
17.9106
17.9126
17.9143
17.9156
17.9164
17.9169
17.9169
17.9164
17.9153
17.9137
17.9116
17.9087
17.9052
17.901
17.8959
17.8899
17.883
17.875
17.8658
17.8553
17.8434
17.8299
17.8147
17.7976
17.7784
17.757
17.7331
17.7065
17.677
17.6443
17.6082
17.5684
17.5247
17.477
17.4242
17.3706
-2.69657
-2.67849
-2.65555
-2.62886
-2.59995
-2.56951
-2.53864
-2.50889
-2.48056
-2.45323
-2.42758
-2.40494
-2.38576
-2.36957
-2.35629
-2.34661
-2.34105
-2.33927
-2.34045
-2.34418
-2.35075
-2.36075
-2.37456
-2.39203
-2.41268
-2.43596
-2.46155
-2.48942
-2.51973
-2.55265
-2.5882
-2.62632
-2.66686
-2.70961
-2.75446
-2.80135
-2.85027
-2.90121
-2.95424
-3.00943
-3.06689
-3.12667
-3.18877
-3.25317
-3.3199
-3.38886
-3.46004
-3.53348
-3.60928
-3.68751
-3.76829
-3.85181
-3.93808
-4.02714
-4.11903
-4.21366
-4.31112
-4.4113
-4.51408
-4.61977
-4.72847
-4.84054
-4.95616
-5.07532
-5.19782
-5.32391
-5.45404
-5.58809
-5.72595
-5.86768
-6.01349
-6.16359
-6.318
-6.47689
-6.64031
-6.808
-6.98042
-7.15695
-7.33799
-7.52379
-7.71412
-7.90896
-8.10824
-8.3119
-8.51975
-8.73162
-8.94727
-9.16662
-9.38893
-9.61427
-9.84212
-10.072
-10.3033
-10.5355
-10.7678
-10.9995
-11.2299
-11.4581
-11.6831
-11.9042
-12.1203
-12.3302
-12.5332
-12.7275
-12.9121
-13.0862
-13.2489
-13.3986
-13.5342
-13.6544
-13.758
-13.8435
-13.9099
-13.9561
-13.9808
-13.9828
-13.9611
-13.9146
-13.8418
-13.7431
-13.6172
-13.462
-13.2785
-13.0664
-12.8248
-12.5552
-12.2556
-11.9278
-11.5732
-11.1929
-10.7886
-10.3611
-9.9127
-9.44605
-8.96282
-8.46597
-7.95881
-7.44243
-6.91719
-6.3831
-5.84446
-5.30343
-4.76273
-4.22285
-3.68522
-3.15259
-2.6288
-2.11204
-1.60105
-1.09987
-0.611665
-0.137167
0.32421
0.769156
1.1968
1.60997
2.00634
2.38409
2.74257
3.08268
3.4046
3.70774
3.99283
4.26116
4.51378
4.7521
4.97737
5.19045
5.39333
5.58839
5.77697
5.95936
6.13618
6.30835
6.47699
6.64295
6.80663
6.96832
7.1283
7.28707
7.44513
7.60254
7.75943
7.91594
8.072
8.22758
8.38264
8.53712
8.69096
8.84414
8.99665
9.14847
9.29955
9.44985
9.59932
9.74789
9.89553
10.0422
10.1878
10.3324
10.4759
10.6182
10.7593
10.8993
11.038
11.1755
11.3117
11.4466
11.5802
11.7124
11.8434
11.973
12.1012
12.228
12.3534
12.4775
12.6001
12.7213
12.841
12.9593
13.0762
13.1916
13.3056
13.4181
13.5291
13.6387
13.7468
13.8535
13.9586
14.0623
14.1646
14.2653
14.3645
14.4622
14.5585
14.6532
14.7464
14.8381
14.9283
15.0169
15.104
15.1896
15.2737
15.3563
15.4373
15.5169
15.595
15.6716
15.7467
15.8204
15.8927
15.9635
16.0329
16.1009
16.1675
16.2326
16.2964
16.3587
16.4196
16.4791
16.5372
16.594
16.6493
16.7032
16.7557
16.8068
16.8565
16.9049
16.9518
16.9973
17.0414
17.084
17.1253
17.1651
17.2035
17.2405
17.2762
17.3104
17.3432
17.3747
17.4048
17.4335
17.461
17.4871
17.512
17.5356
17.558
17.5792
17.5993
17.6183
17.6363
17.6533
17.6693
17.6844
17.6987
17.7121
17.7248
17.7368
17.7481
17.7588
17.769
17.7786
17.7877
17.7963
17.8045
17.8124
17.8198
17.827
17.8338
17.8403
17.8466
17.8526
17.8583
17.8638
17.869
17.874
17.8788
17.8833
17.8875
17.8915
17.8953
17.8988
17.9019
17.9048
17.9074
17.9096
17.9114
17.9129
17.914
17.9146
17.9148
17.9146
17.9138
17.9125
17.9106
17.908
17.9048
17.9009
17.8961
17.8905
17.8839
17.8763
17.8675
17.8574
17.8459
17.8329
17.8182
17.8016
17.783
17.7621
17.7387
17.7127
17.6836
17.6514
17.6158
17.5764
17.5331
17.4857
17.4331
17.3801
-2.68324
-2.66735
-2.64784
-2.62556
-2.60118
-2.57538
-2.54898
-2.52292
-2.4977
-2.47361
-2.4514
-2.43205
-2.41584
-2.40234
-2.39133
-2.38325
-2.37862
-2.37746
-2.37942
-2.38422
-2.39196
-2.40292
-2.41728
-2.43489
-2.45541
-2.4785
-2.50396
-2.53177
-2.56205
-2.59488
-2.63027
-2.66814
-2.70834
-2.75071
-2.79516
-2.84165
-2.89017
-2.94074
-2.99341
-3.04824
-3.10528
-3.16456
-3.22606
-3.28978
-3.35561
-3.42356
-3.49357
-3.56566
-3.63986
-3.71625
-3.79495
-3.87609
-3.95973
-4.04596
-4.13485
-4.22643
-4.32078
-4.41794
-4.51792
-4.62072
-4.72684
-4.83627
-4.94915
-5.06561
-5.18559
-5.30925
-5.4368
-5.56816
-5.70338
-5.84269
-5.98619
-6.13378
-6.28558
-6.44199
-6.60292
-6.7682
-6.93763
-7.1117
-7.2904
-7.47367
-7.66127
-7.85313
-8.04925
-8.2495
-8.45376
-8.66186
-8.87351
-9.08829
-9.30645
-9.52714
-9.75017
-9.97509
-10.2012
-10.4279
-10.6546
-10.8804
-11.1049
-11.327
-11.546
-11.7608
-11.9707
-12.1746
-12.3709
-12.5587
-12.7369
-12.9045
-13.0606
-13.2039
-13.3329
-13.4465
-13.5437
-13.6228
-13.6828
-13.7227
-13.7411
-13.7369
-13.7092
-13.6569
-13.5788
-13.4747
-13.3436
-13.1841
-12.9967
-12.7817
-12.5383
-12.267
-11.9676
-11.6411
-11.2893
-10.913
-10.513
-10.0917
-9.65114
-9.19313
-8.71983
-8.23372
-7.73706
-7.23237
-6.71941
-6.19941
-5.67375
-5.14496
-4.61569
-4.08866
-3.56638
-3.04955
-2.54128
-2.03861
-1.54192
-1.05379
-0.57666
-0.111968
0.338275
0.772014
1.19068
1.59632
1.98584
2.35759
2.71155
3.04797
3.3676
3.66997
3.95472
4.22288
4.47599
4.71521
4.94194
5.15729
5.36248
5.55905
5.74867
5.93251
6.1112
6.28504
6.45487
6.62172
6.78621
6.94842
7.10861
7.2675
7.42554
7.58278
7.73948
7.89576
8.0515
8.20669
8.36131
8.51531
8.66868
8.8214
8.97346
9.12484
9.27548
9.42535
9.5744
9.72257
9.86983
10.0161
10.1614
10.3057
10.4488
10.5909
10.7318
10.8715
11.01
11.1473
11.2833
11.418
11.5515
11.6837
11.8146
11.9441
12.0723
12.1991
12.3245
12.4486
12.5713
12.6925
12.8124
12.9308
13.0478
13.1634
13.2775
13.3902
13.5014
13.6112
13.7195
13.8264
13.9319
14.0358
14.1383
14.2393
14.3388
14.4369
14.5334
14.6285
14.722
14.814
14.9045
14.9935
15.081
15.1669
15.2514
15.3343
15.4157
15.4957
15.5741
15.6512
15.7267
15.8008
15.8735
15.9447
16.0145
16.083
16.15
16.2155
16.2797
16.3424
16.4038
16.4637
16.5223
16.5795
16.6352
16.6895
16.7424
16.7939
16.844
16.8928
16.9401
16.986
17.0304
17.0734
17.115
17.1552
17.1939
17.2313
17.2672
17.3017
17.3348
17.3666
17.3969
17.4259
17.4536
17.4799
17.505
17.5288
17.5513
17.5727
17.593
17.6121
17.6302
17.6473
17.6634
17.6786
17.6929
17.7065
17.7192
17.7313
17.7426
17.7534
17.7636
17.7732
17.7824
17.7911
17.7993
17.8072
17.8148
17.822
17.8289
17.8355
17.8418
17.8478
17.8537
17.8592
17.8646
17.8697
17.8745
17.8792
17.8835
17.8877
17.8916
17.8952
17.8985
17.9015
17.9043
17.9067
17.9087
17.9104
17.9117
17.9126
17.913
17.913
17.9125
17.9114
17.9098
17.9076
17.9047
17.9011
17.8967
17.8914
17.8853
17.878
17.8697
17.8601
17.8491
17.8366
17.8224
17.8064
17.7884
17.7681
17.7453
17.7198
17.6914
17.6597
17.6246
17.5858
17.5429
17.4959
17.4435
17.391
-2.67245
-2.65897
-2.64266
-2.62412
-2.60357
-2.58162
-2.55901
-2.53654
-2.51488
-2.49447
-2.47585
-2.45953
-2.44573
-2.43431
-2.42523
-2.41885
-2.41561
-2.41563
-2.41872
-2.42466
-2.43342
-2.44516
-2.45993
-2.47766
-2.49815
-2.52119
-2.54665
-2.57453
-2.60486
-2.63767
-2.67296
-2.71063
-2.75054
-2.79258
-2.8367
-2.88285
-2.93102
-2.98125
-3.03355
-3.08795
-3.1445
-3.20322
-3.26409
-3.32708
-3.3922
-3.4594
-3.52868
-3.60006
-3.67355
-3.7492
-3.82708
-3.90727
-3.9898
-4.07472
-4.16206
-4.25185
-4.34415
-4.43901
-4.53646
-4.63676
-4.73993
-4.84633
-4.95601
-5.06917
-5.18592
-5.30633
-5.43056
-5.55864
-5.69064
-5.82673
-5.96701
-6.11143
-6.26007
-6.41316
-6.57075
-6.73246
-6.89866
-7.06939
-7.2448
-7.42463
-7.60882
-7.79726
-7.98978
-8.18619
-8.38656
-8.5906
-8.79779
-9.00825
-9.22126
-9.43678
-9.65438
-9.87367
-10.0939
-10.3145
-10.5349
-10.7543
-10.9721
-11.1875
-11.3996
-11.6075
-11.8105
-12.0071
-12.1965
-12.3772
-12.5481
-12.7085
-12.8573
-12.9934
-13.1151
-13.2215
-13.3115
-13.3837
-13.4368
-13.4695
-13.4813
-13.4708
-13.4369
-13.379
-13.2958
-13.1863
-13.0506
-12.8875
-12.6974
-12.4805
-12.2359
-11.9649
-11.6664
-11.3429
-10.9952
-10.6244
-10.2305
-9.81646
-9.38485
-8.93682
-8.47485
-8.00028
-7.51532
-7.02231
-6.52311
-6.01724
-5.50493
-4.98877
-4.47155
-3.95843
-3.4519
-2.95016
-2.45507
-1.96701
-1.48495
-1.01033
-0.543032
-0.0880277
0.350238
0.774097
1.1847
1.58126
1.96309
2.32921
2.67838
3.011
3.32824
3.62958
3.91362
4.18147
4.43506
4.67512
4.90335
5.12075
5.32806
5.52615
5.71689
5.90228
6.08293
6.25865
6.43009
6.59806
6.76347
6.92637
7.0871
7.24641
7.40455
7.56177
7.71853
7.87476
8.03032
8.18524
8.3395
8.49313
8.6461
8.79843
8.95009
9.10104
9.25124
9.40069
9.54933
9.69711
9.84399
9.98992
10.1349
10.2788
10.4216
10.5634
10.704
10.8435
10.9818
11.1188
11.2547
11.3893
11.5226
11.6547
11.7855
11.915
12.0431
12.1699
12.2954
12.4195
12.5422
12.6635
12.7835
12.902
13.0191
13.1348
13.2491
13.3619
13.4734
13.5834
13.6919
13.799
13.9047
14.0089
14.1117
14.213
14.3128
14.4111
14.508
14.6033
14.6972
14.7895
14.8804
14.9697
15.0575
15.1438
15.2286
15.3119
15.3938
15.4741
15.553
15.6304
15.7063
15.7808
15.8539
15.9256
15.9958
16.0647
16.1321
16.1981
16.2627
16.3259
16.3877
16.4481
16.5071
16.5647
16.6208
16.6755
16.7288
16.7807
16.8312
16.8804
16.9281
16.9743
17.0191
17.0625
17.1044
17.1449
17.184
17.2217
17.2579
17.2927
17.3262
17.3582
17.3888
17.4181
17.4459
17.4725
17.4978
17.5217
17.5445
17.566
17.5864
17.6057
17.6239
17.6411
17.6574
17.6727
17.6871
17.7007
17.7135
17.7256
17.7371
17.7479
17.7581
17.7678
17.777
17.7858
17.7941
17.8021
17.8097
17.8169
17.8239
17.8306
17.837
17.8431
17.849
17.8547
17.8602
17.8654
17.8703
17.8751
17.8796
17.8839
17.8879
17.8917
17.8952
17.8984
17.9013
17.9039
17.9062
17.9081
17.9096
17.9107
17.9114
17.9116
17.9114
17.9106
17.9093
17.9074
17.9049
17.9016
17.8976
17.8928
17.887
17.8803
17.8724
17.8633
17.8529
17.841
17.8274
17.812
17.7946
17.7749
17.7528
17.728
17.7002
17.6693
17.6348
17.5965
17.5541
17.5076
17.4555
17.4034
-2.66415
-2.65297
-2.63944
-2.62404
-2.60689
-2.58851
-2.56956
-2.55072
-2.53258
-2.51555
-2.49999
-2.48632
-2.47477
-2.46545
-2.45842
-2.45395
-2.45236
-2.45373
-2.45796
-2.46491
-2.47454
-2.48693
-2.50212
-2.52008
-2.5407
-2.56385
-2.58943
-2.61741
-2.6478
-2.68059
-2.71575
-2.75319
-2.79282
-2.83456
-2.87836
-2.92421
-2.97209
-3.02201
-3.07399
-3.12802
-3.18416
-3.24239
-3.3027
-3.3651
-3.42953
-3.49602
-3.56459
-3.63524
-3.70799
-3.78289
-3.85999
-3.93936
-4.02104
-4.10505
-4.19143
-4.28021
-4.3714
-4.46504
-4.56121
-4.65988
-4.76142
-4.86579
-4.97319
-5.08378
-5.1977
-5.31506
-5.43599
-5.56064
-5.6891
-5.82151
-5.95801
-6.09863
-6.24345
-6.39257
-6.54599
-6.70396
-6.86597
-7.03251
-7.20359
-7.37908
-7.55883
-7.74273
-7.93067
-8.12247
-8.3181
-8.51735
-8.71983
-8.92496
-9.13294
-9.34286
-9.55447
-9.76741
-9.98111
-10.195
-10.4084
-10.6207
-10.8311
-11.0391
-11.2436
-11.444
-11.6391
-11.8282
-12.0096
-12.1823
-12.3454
-12.4979
-12.6387
-12.767
-12.8808
-12.9794
-13.0618
-13.1265
-13.1721
-13.1979
-13.2029
-13.186
-13.1459
-13.0825
-12.9945
-12.8802
-12.7405
-12.5751
-12.3835
-12.1656
-11.9212
-11.6509
-11.356
-11.0367
-10.6944
-10.3303
-9.94401
-9.53865
-9.11656
-8.67969
-8.23015
-7.76763
-7.29478
-6.81519
-6.32853
-5.83614
-5.3377
-4.83498
-4.33186
-3.83344
-3.34077
-2.85305
-2.37145
-1.89659
-1.42939
-0.968039
-0.511414
-0.0669058
0.360811
0.776255
1.17827
1.56483
1.93913
2.29952
2.64423
2.97304
3.28783
3.5878
3.8706
4.13784
4.39167
4.6325
4.86225
5.08154
5.29079
5.49055
5.68264
5.86955
6.05186
6.22968
6.40302
6.57211
6.73844
6.90222
7.06379
7.22368
7.38199
7.53944
7.69651
7.85281
8.00828
8.16306
8.31711
8.47049
8.62318
8.77523
8.92654
9.07708
9.22686
9.37589
9.52413
9.67153
9.81802
9.96357
10.1082
10.2517
10.3943
10.5357
10.6761
10.8153
10.9534
11.0902
11.2259
11.3603
11.4936
11.6255
11.7562
11.8856
12.0137
12.1405
12.266
12.3901
12.5129
12.6343
12.7543
12.8729
12.9901
13.1059
13.2204
13.3334
13.445
13.5552
13.6639
13.7713
13.8772
13.9817
14.0847
14.1862
14.2863
14.385
14.4821
14.5778
14.672
14.7647
14.8559
14.9456
15.0338
15.1204
15.2056
15.2893
15.3715
15.4522
15.5315
15.6093
15.6857
15.7606
15.8341
15.9062
15.9769
16.0462
16.114
16.1805
16.2456
16.3092
16.3714
16.4322
16.4917
16.5496
16.6061
16.6612
16.7149
16.7672
16.8182
16.8677
16.9157
16.9624
17.0075
17.0512
17.0935
17.1344
17.1738
17.2118
17.2483
17.2834
17.3172
17.3495
17.3804
17.4099
17.438
17.4648
17.4903
17.5145
17.5374
17.5591
17.5797
17.5991
17.6175
17.6348
17.6512
17.6666
17.6811
17.6948
17.7077
17.7199
17.7314
17.7423
17.7526
17.7624
17.7717
17.7805
17.7889
17.7969
17.8046
17.8119
17.819
17.8257
17.8322
17.8385
17.8445
17.8503
17.8558
17.8611
17.8662
17.8711
17.8758
17.8802
17.8844
17.8883
17.892
17.8954
17.8985
17.9013
17.9037
17.9059
17.9076
17.909
17.9099
17.9105
17.9105
17.9101
17.9091
17.9075
17.9053
17.9025
17.8989
17.8945
17.8892
17.8829
17.8756
17.8671
17.8572
17.8459
17.833
17.8183
17.8016
17.7827
17.7613
17.7373
17.7102
17.68
17.6462
17.6086
17.5668
17.5207
17.469
17.4174
-2.65806
-2.64899
-2.63795
-2.6254
-2.6114
-2.59635
-2.58079
-2.56529
-2.55034
-2.53633
-2.5236
-2.51251
-2.50332
-2.49619
-2.49125
-2.48869
-2.4887
-2.4914
-2.49674
-2.50464
-2.5151
-2.52815
-2.54385
-2.56217
-2.58305
-2.6064
-2.63213
-2.66022
-2.69064
-2.72338
-2.75839
-2.79561
-2.83497
-2.87643
-2.91994
-2.96549
-3.01307
-3.06266
-3.11428
-3.16794
-3.22365
-3.2814
-3.34118
-3.40297
-3.46682
-3.53269
-3.60061
-3.67059
-3.74265
-3.81683
-3.89318
-3.97175
-4.05259
-4.13572
-4.22116
-4.30896
-4.39913
-4.4917
-4.58671
-4.68438
-4.78455
-4.88752
-4.99337
-5.1022
-5.21414
-5.32929
-5.44778
-5.56969
-5.69518
-5.82433
-5.95731
-6.09421
-6.2351
-6.38008
-6.52929
-6.68253
-6.84019
-7.00199
-7.16811
-7.33853
-7.51308
-7.69159
-7.87408
-8.0604
-8.2503
-8.44365
-8.64015
-8.83967
-9.04129
-9.24499
-9.4501
-9.65618
-9.86278
-10.0692
-10.2751
-10.4796
-10.6821
-10.8819
-11.0782
-11.2702
-11.457
-11.6373
-11.8104
-11.9746
-12.1292
-12.2731
-12.4055
-12.5252
-12.6309
-12.7214
-12.7957
-12.8527
-12.8909
-12.9096
-12.9081
-12.8849
-12.839
-12.7704
-12.678
-12.5601
-12.4176
-12.2507
-12.0586
-11.8408
-11.5977
-11.3306
-11.0402
-10.7264
-10.3902
-10.0334
-9.65601
-9.26048
-8.84876
-8.42377
-7.98665
-7.53655
-7.0764
-6.60854
-6.13512
-5.65709
-5.1729
-4.68419
-4.19584
-3.71147
-3.23206
-2.758
-2.28907
-1.82751
-1.37325
-0.924374
-0.479721
-0.0464256
0.371566
0.777691
1.17044
1.54918
1.91656
2.27115
2.61059
2.93545
3.24738
3.54519
3.82644
4.09297
4.34689
4.58857
4.81956
5.04044
5.25143
5.45303
5.64691
5.83519
6.01866
6.19851
6.37364
6.54392
6.71116
6.87593
7.03866
7.19932
7.35799
7.51601
7.67353
7.82992
7.98538
8.1401
8.29406
8.44728
8.5998
8.75168
8.90272
9.05289
9.2023
9.35095
9.49882
9.64582
9.79192
9.9371
10.0813
10.2246
10.3668
10.508
10.648
10.787
10.9248
11.0615
11.1969
11.3312
11.4643
11.5961
11.7267
11.8561
11.9841
12.1109
12.2364
12.3605
12.4833
12.6047
12.7248
12.8435
12.9608
13.0768
13.1913
13.3045
13.4163
13.5267
13.6357
13.7432
13.8494
13.9541
14.0573
14.1592
14.2596
14.3585
14.456
14.552
14.6465
14.7395
14.831
14.9211
15.0097
15.0967
15.1822
15.2663
15.349
15.4301
15.5098
15.588
15.6648
15.7402
15.8141
15.8867
15.9577
16.0274
16.0957
16.1626
16.2282
16.2923
16.3549
16.4161
16.476
16.5344
16.5912
16.6467
16.7007
16.7535
16.8048
16.8547
16.9031
16.9501
16.9956
17.0397
17.0823
17.1234
17.1632
17.2015
17.2383
17.2738
17.3078
17.3404
17.3716
17.4013
17.4297
17.4567
17.4824
17.5068
17.53
17.5519
17.5727
17.5923
17.6108
17.6282
17.6447
17.6603
17.6749
17.6887
17.7017
17.714
17.7256
17.7366
17.747
17.7568
17.7662
17.7751
17.7836
17.7917
17.7995
17.8069
17.814
17.8209
17.8275
17.8338
17.8399
17.8458
17.8515
17.857
17.8622
17.8672
17.872
17.8766
17.8809
17.8851
17.8889
17.8925
17.8958
17.8988
17.9015
17.9038
17.9058
17.9075
17.9087
17.9095
17.9098
17.9097
17.9091
17.9079
17.9061
17.9037
17.9005
17.8966
17.8918
17.8861
17.8793
17.8714
17.8622
17.8516
17.8394
17.8254
17.8095
17.7913
17.7708
17.7476
17.7214
17.692
17.659
17.6221
17.581
17.5355
17.4842
17.4331
-2.65394
-2.64683
-2.63812
-2.62819
-2.61707
-2.60504
-2.59255
-2.5801
-2.56811
-2.55696
-2.54695
-2.5384
-2.53156
-2.52659
-2.52364
-2.52287
-2.52444
-2.52845
-2.5349
-2.54378
-2.55509
-2.56886
-2.58514
-2.6039
-2.6251
-2.64868
-2.67458
-2.70276
-2.73321
-2.76589
-2.80076
-2.83778
-2.87692
-2.91812
-2.96135
-3.0066
-3.05385
-3.1031
-3.15434
-3.20758
-3.26282
-3.32006
-3.37929
-3.44054
-3.50375
-3.56899
-3.63626
-3.70556
-3.77692
-3.85039
-3.92599
-4.00378
-4.0838
-4.16606
-4.2506
-4.33744
-4.42662
-4.51816
-4.61216
-4.70853
-4.80759
-4.90923
-5.01363
-5.1209
-5.23112
-5.34441
-5.46085
-5.58052
-5.70354
-5.83001
-5.96004
-6.09373
-6.23114
-6.37236
-6.51743
-6.66663
-6.81952
-6.97651
-7.13755
-7.30262
-7.47162
-7.64437
-7.82084
-8.00095
-8.18447
-8.37119
-8.56102
-8.75324
-8.94794
-9.14437
-9.34212
-9.54073
-9.73963
-9.93816
-10.1358
-10.3319
-10.5259
-10.7169
-10.9044
-11.0874
-11.265
-11.4365
-11.6003
-11.7555
-11.901
-12.036
-12.1595
-12.2703
-12.3674
-12.4497
-12.5159
-12.5651
-12.596
-12.608
-12.6
-12.5709
-12.5199
-12.4466
-12.3505
-12.2302
-12.0861
-11.9184
-11.7264
-11.5102
-11.27
-11.0064
-10.7216
-10.414
-10.085
-9.73619
-9.36848
-8.98359
-8.58336
-8.17043
-7.74536
-7.30815
-6.86083
-6.40576
-5.94481
-5.48026
-5.01026
-4.53651
-4.06292
-3.59198
-3.12551
-2.6642
-2.20767
-1.75782
-1.31567
-0.878517
-0.446741
-0.025254
0.382524
0.778382
1.16298
1.53586
1.89619
2.24406
2.57851
2.89946
3.20766
3.50238
3.78226
4.04827
4.30184
4.54384
4.77569
4.99794
5.2105
5.41401
5.61006
5.79953
5.98421
6.16558
6.34195
6.51347
6.68164
6.84763
7.01168
7.17345
7.33303
7.49166
7.64948
7.80604
7.96161
8.11637
8.27032
8.42343
8.57592
8.72776
8.87858
9.02843
9.17753
9.32587
9.47337
9.61998
9.76568
9.91049
10.0544
10.1973
10.3392
10.4801
10.6199
10.7586
10.8962
11.0326
11.1679
11.302
11.4349
11.5666
11.6971
11.8263
11.9543
12.0811
12.2065
12.3307
12.4535
12.575
12.6951
12.8139
12.9313
13.0474
13.1621
13.2754
13.3873
13.4979
13.6071
13.7149
13.8212
13.9262
14.0297
14.1319
14.2325
14.3318
14.4295
14.5259
14.6207
14.7141
14.8059
14.8964
14.9853
15.0727
15.1586
15.2431
15.3263
15.4078
15.4879
15.5666
15.6438
15.7195
15.794
15.8669
15.9384
16.0085
16.0773
16.1446
16.2106
16.2752
16.3382
16.3999
16.4601
16.5188
16.5761
16.6319
16.6864
16.7395
16.7911
16.8413
16.8901
16.9375
16.9833
17.0277
17.0706
17.1121
17.1522
17.1908
17.228
17.2637
17.2981
17.3309
17.3624
17.3924
17.421
17.4483
17.4742
17.4989
17.5222
17.5444
17.5653
17.5851
17.6038
17.6214
17.638
17.6537
17.6685
17.6824
17.6956
17.708
17.7197
17.7308
17.7413
17.7512
17.7607
17.7697
17.7783
17.7865
17.7943
17.8019
17.8091
17.8161
17.8228
17.8292
17.8354
17.8415
17.8473
17.8528
17.8582
17.8634
17.8684
17.8731
17.8776
17.8819
17.8859
17.8897
17.8932
17.8964
17.8994
17.902
17.9042
17.9061
17.9076
17.9087
17.9094
17.9096
17.9094
17.9086
17.9072
17.9052
17.9025
17.899
17.8948
17.8896
17.8835
17.8762
17.8677
17.8578
17.8464
17.8333
17.8182
17.801
17.7813
17.7591
17.7338
17.7053
17.6731
17.6371
17.5967
17.5519
17.5011
17.4504
-2.65164
-2.64639
-2.63983
-2.63231
-2.62378
-2.6145
-2.60484
-2.59522
-2.58603
-2.57757
-2.57016
-2.56403
-2.55943
-2.55653
-2.55548
-2.55643
-2.55954
-2.56486
-2.57246
-2.58234
-2.59453
-2.60905
-2.62593
-2.64517
-2.66672
-2.69056
-2.71663
-2.74493
-2.77539
-2.80802
-2.84278
-2.87964
-2.91856
-2.95952
-3.00248
-3.04743
-3.09435
-3.14323
-3.19406
-3.24686
-3.30162
-3.35833
-3.41703
-3.47765
-3.54027
-3.60485
-3.67143
-3.74002
-3.81066
-3.88337
-3.95819
-4.03516
-4.11432
-4.19569
-4.27929
-4.36516
-4.45334
-4.54386
-4.6367
-4.7321
-4.82984
-4.93018
-5.03319
-5.13893
-5.24751
-5.359
-5.47349
-5.59104
-5.71176
-5.83573
-5.96303
-6.09377
-6.22799
-6.36578
-6.50724
-6.65215
-6.80097
-6.95337
-7.10951
-7.26935
-7.43283
-7.59978
-7.77012
-7.94382
-8.12066
-8.30042
-8.48284
-8.66785
-8.85452
-9.04294
-9.23254
-9.42288
-9.61343
-9.80343
-9.99229
-10.1795
-10.3644
-10.5462
-10.7243
-10.8978
-11.066
-11.2277
-11.3821
-11.5278
-11.6639
-11.7896
-11.9038
-12.0056
-12.0941
-12.1679
-12.2261
-12.2678
-12.2917
-12.2968
-12.2829
-12.2486
-12.193
-12.1159
-12.0168
-11.8948
-11.7499
-11.5823
-11.3914
-11.1776
-10.9409
-10.6824
-10.4024
-10.1015
-9.78072
-9.44112
-9.08368
-8.70982
-8.32142
-7.92031
-7.50743
-7.08317
-6.64897
-6.2063
-5.75866
-5.30658
-4.85057
-4.39226
-3.93322
-3.47557
-3.02139
-2.57165
-2.12713
-1.68945
-1.25778
-0.832118
-0.413397
-0.00381688
0.393852
0.780357
1.15778
1.52426
1.87724
2.21882
2.54855
2.86548
3.16887
3.45988
3.7384
4.00381
4.2567
4.49869
4.73117
4.95464
5.16871
5.374
5.57198
5.76283
5.94876
6.13087
6.30828
6.48105
6.65029
6.81769
6.98319
7.14619
7.30707
7.46631
7.62425
7.78109
7.93695
8.09192
8.24593
8.39908
8.55168
8.70345
8.85405
9.00366
9.15251
9.30053
9.44767
9.59389
9.73923
9.88372
10.0273
10.1699
10.3115
10.4521
10.5916
10.7301
10.8674
11.0036
11.1387
11.2726
11.4054
11.5369
11.6673
11.7965
11.9244
12.0511
12.1765
12.3007
12.4235
12.545
12.6652
12.7841
12.9016
13.0177
13.1326
13.246
13.3581
13.4689
13.5783
13.6863
13.7928
13.8981
14.0019
14.1043
14.2052
14.3048
14.4029
14.4995
14.5947
14.6884
14.7806
14.8714
14.9608
15.0485
15.1348
15.2198
15.3034
15.3854
15.4659
15.545
15.6226
15.6988
15.7736
15.8471
15.919
15.9896
16.0588
16.1266
16.1929
16.2579
16.3213
16.3834
16.4441
16.5031
16.5607
16.6169
16.6717
16.7251
16.7771
16.8276
16.8768
16.9245
16.9707
17.0154
17.0586
17.1004
17.1408
17.1797
17.2171
17.2532
17.2878
17.321
17.3527
17.383
17.4119
17.4394
17.4656
17.4905
17.5141
17.5364
17.5576
17.5776
17.5964
17.6143
17.631
17.6469
17.6618
17.6759
17.6892
17.7017
17.7135
17.7247
17.7354
17.7454
17.755
17.7641
17.7728
17.7811
17.7891
17.7968
17.8041
17.8112
17.818
17.8246
17.831
17.8371
17.8431
17.8488
17.8543
17.8596
17.8648
17.8697
17.8744
17.8789
17.8831
17.8871
17.8908
17.8942
17.8974
17.9002
17.9028
17.905
17.9068
17.9082
17.9092
17.9098
17.9099
17.9095
17.9085
17.907
17.9048
17.9019
17.8982
17.8937
17.8882
17.8816
17.8738
17.8648
17.8542
17.8419
17.8278
17.8115
17.7929
17.7716
17.7474
17.7199
17.6887
17.6536
17.614
17.57
17.5198
17.4694
-2.65098
-2.64749
-2.64294
-2.63762
-2.63149
-2.62474
-2.6177
-2.61072
-2.60412
-2.59821
-2.59321
-2.58938
-2.58691
-2.586
-2.58678
-2.58941
-2.59401
-2.60066
-2.60941
-2.6203
-2.63338
-2.64866
-2.66616
-2.68588
-2.70781
-2.73192
-2.7582
-2.7866
-2.81711
-2.84971
-2.88438
-2.9211
-2.95984
-3.00056
-3.04325
-3.08789
-3.13446
-3.18296
-3.23337
-3.28571
-3.33997
-3.39616
-3.45427
-3.51433
-3.57629
-3.6402
-3.70608
-3.77394
-3.84382
-3.91573
-3.98973
-4.06583
-4.14408
-4.2245
-4.30712
-4.39198
-4.4791
-4.56852
-4.66032
-4.75436
-4.85095
-4.94996
-5.05153
-5.15576
-5.26271
-5.37244
-5.48502
-5.60051
-5.719
-5.84055
-5.96522
-6.0931
-6.22424
-6.3587
-6.49645
-6.63783
-6.78235
-6.93034
-7.08177
-7.23661
-7.39475
-7.55605
-7.72042
-7.88778
-8.05796
-8.23073
-8.40594
-8.5829
-8.76181
-8.94194
-9.12302
-9.30468
-9.48636
-9.66736
-9.84708
-10.025
-10.2004
-10.3726
-10.5409
-10.7045
-10.8627
-11.0147
-11.1591
-11.295
-11.4215
-11.5377
-11.6426
-11.7354
-11.8152
-11.8807
-11.931
-11.9652
-11.9822
-11.9814
-11.9617
-11.9224
-11.8629
-11.7827
-11.6813
-11.5581
-11.4131
-11.246
-11.0569
-10.846
-10.6136
-10.3597
-10.086
-9.79262
-9.48045
-9.15054
-8.8035
-8.44062
-8.06368
-7.6742
-7.27344
-6.86181
-6.44032
-6.01135
-5.57631
-5.13719
-4.69529
-4.25167
-3.80636
-3.36142
-2.91908
-2.481
-2.04873
-1.62218
-1.20178
-0.787352
-0.380588
0.0179063
0.406508
0.7853
1.15499
1.51352
1.85975
2.19535
2.52054
2.83291
3.13161
3.41897
3.69542
3.95969
4.212
4.45393
4.68688
4.91132
5.12669
5.3335
5.53302
5.72537
5.91216
6.09456
6.27299
6.44719
6.6178
6.7866
6.95343
7.11781
7.27999
7.43986
7.598
7.75517
7.91142
8.06675
8.22105
8.3744
8.52705
8.67868
8.82913
8.97855
9.12712
9.2748
9.42158
9.56745
9.71252
9.85678
10.0001
10.1424
10.2838
10.4241
10.5634
10.7016
10.8387
10.9747
11.1095
11.2432
11.3758
11.5072
11.6375
11.7666
11.8944
12.0211
12.1465
12.2706
12.3935
12.515
12.6352
12.7541
12.8717
12.988
13.103
13.2166
13.3288
13.4397
13.5493
13.6575
13.7643
13.8698
13.9739
14.0765
14.1778
14.2776
14.376
14.473
14.5686
14.6626
14.7552
14.8464
14.9361
15.0243
15.111
15.1964
15.2804
15.3628
15.4438
15.5234
15.6014
15.678
15.7532
15.8271
15.8995
15.9705
16.0403
16.1084
16.1751
16.2404
16.3042
16.3667
16.4278
16.4872
16.5451
16.6017
16.6568
16.7106
16.7628
16.8137
16.8631
16.9112
16.9577
17.0027
17.0461
17.0882
17.1289
17.1681
17.2059
17.2422
17.2772
17.3106
17.3426
17.3731
17.4023
17.4301
17.4565
17.4817
17.5055
17.5281
17.5494
17.5696
17.5887
17.6067
17.6237
17.6397
17.6548
17.6691
17.6825
17.6952
17.7072
17.7185
17.7293
17.7395
17.7492
17.7585
17.7673
17.7758
17.7839
17.7916
17.7991
17.8064
17.8133
17.82
17.8265
17.8328
17.8389
17.8448
17.8505
17.856
17.8613
17.8664
17.8713
17.8759
17.8804
17.8846
17.8885
17.8922
17.8956
17.8987
17.9015
17.904
17.9061
17.9079
17.9092
17.9102
17.9107
17.9107
17.9102
17.9091
17.9075
17.9051
17.902
17.8981
17.8933
17.8875
17.8806
17.8723
17.8626
17.8513
17.8382
17.823
17.8055
17.7853
17.7622
17.7358
17.7057
17.6716
17.633
17.5897
17.5403
17.4903
-2.65182
-2.65
-2.64734
-2.64405
-2.64014
-2.63573
-2.63112
-2.62657
-2.62241
-2.61884
-2.61611
-2.61445
-2.61403
-2.61502
-2.61757
-2.62182
-2.62787
-2.63582
-2.64572
-2.65764
-2.67159
-2.68763
-2.70575
-2.72598
-2.7483
-2.77272
-2.7992
-2.82775
-2.85832
-2.89091
-2.92551
-2.9621
-3.00065
-3.04114
-3.08356
-3.12789
-3.17411
-3.22221
-3.27219
-3.32407
-3.37782
-3.43347
-3.49102
-3.55042
-3.61175
-3.67498
-3.74014
-3.80725
-3.87634
-3.94742
-4.02055
-4.09575
-4.17304
-4.25247
-4.33405
-4.41784
-4.50384
-4.59211
-4.68261
-4.77559
-4.87075
-4.96836
-5.06845
-5.17111
-5.2764
-5.38436
-5.49504
-5.60847
-5.72473
-5.84387
-5.96596
-6.09105
-6.21918
-6.35038
-6.48478
-6.62211
-6.76278
-6.90646
-7.05328
-7.20324
-7.35618
-7.51196
-7.67047
-7.83165
-7.99532
-8.16124
-8.32904
-8.49879
-8.66961
-8.84156
-9.01422
-9.18717
-9.35987
-9.53169
-9.70207
-9.87045
-10.0362
-10.1985
-10.3568
-10.5104
-10.6586
-10.8004
-10.9349
-11.0609
-11.1777
-11.2843
-11.38
-11.4638
-11.5349
-11.5922
-11.6348
-11.6618
-11.6722
-11.6653
-11.6405
-11.5968
-11.5337
-11.4506
-11.3473
-11.2235
-11.0785
-10.9126
-10.7259
-10.5184
-10.2903
-10.0424
-9.77492
-9.48916
-9.18555
-8.86505
-8.52819
-8.17601
-7.81011
-7.43217
-7.04337
-6.64421
-6.23583
-5.81966
-5.39826
-4.97235
-4.54405
-4.11391
-3.68166
-3.24918
-2.81872
-2.39255
-1.97203
-1.55755
-1.14777
-0.744091
-0.348197
0.0404361
0.421225
0.792994
1.15444
1.50446
1.84402
2.17437
2.49407
2.80159
3.09638
3.3804
3.65421
3.91681
4.16838
4.41024
4.64355
4.86862
5.08489
5.29286
5.49351
5.68706
5.87453
6.05731
6.23672
6.41252
6.58478
6.75471
6.9226
7.08841
7.25187
7.41244
7.57096
7.72849
7.88523
8.04109
8.19565
8.34914
8.50168
8.65321
8.80366
8.95293
9.10122
9.24864
9.39515
9.54077
9.68562
9.82974
9.97288
10.115
10.2561
10.3962
10.5352
10.6732
10.81
10.9457
11.0804
11.2139
11.3463
11.4776
11.6077
11.7367
11.8645
11.9911
12.1165
12.2406
12.3634
12.485
12.6052
12.7242
12.8418
12.9582
13.0733
13.187
13.2994
13.4105
13.5203
13.6287
13.7358
13.8415
13.9458
14.0487
14.1502
14.2504
14.3491
14.4465
14.5423
14.6367
14.7297
14.8213
14.9114
15
15.0872
15.173
15.2574
15.3402
15.4216
15.5016
15.5802
15.6572
15.7328
15.8071
15.8799
15.9515
16.0216
16.0901
16.1571
16.2227
16.2869
16.3498
16.4112
16.471
16.5293
16.5861
16.6416
16.6957
16.7483
16.7995
16.8492
16.8976
16.9444
16.9896
17.0333
17.0757
17.1166
17.1561
17.1942
17.2308
17.266
17.2997
17.332
17.3627
17.3921
17.4202
17.4469
17.4723
17.4964
17.5192
17.5408
17.5613
17.5806
17.5988
17.616
17.6322
17.6475
17.6619
17.6755
17.6884
17.7006
17.7121
17.723
17.7334
17.7432
17.7527
17.7616
17.7703
17.7785
17.7865
17.7941
17.8015
17.8086
17.8155
17.8221
17.8286
17.8348
17.8409
17.8467
17.8524
17.8579
17.8632
17.8682
17.8731
17.8778
17.8822
17.8864
17.8903
17.894
17.8973
17.9004
17.9032
17.9056
17.9077
17.9094
17.9108
17.9117
17.9122
17.9121
17.9116
17.9105
17.9087
17.9063
17.9031
17.899
17.894
17.8879
17.8805
17.8718
17.8616
17.8495
17.8355
17.8191
17.8002
17.7783
17.7531
17.7242
17.6912
17.6537
17.6113
17.5627
17.513
-2.65403
-2.65382
-2.6529
-2.65154
-2.64967
-2.64744
-2.64505
-2.64278
-2.64085
-2.63948
-2.6389
-2.63928
-2.6408
-2.64361
-2.64785
-2.65365
-2.66113
-2.67034
-2.68139
-2.69429
-2.70913
-2.72591
-2.74468
-2.76542
-2.78817
-2.81289
-2.83963
-2.86831
-2.89895
-2.93155
-2.96609
-3.00256
-3.04093
-3.0812
-3.12334
-3.16736
-3.21321
-3.26092
-3.31046
-3.36186
-3.41511
-3.4702
-3.52712
-3.58595
-3.64659
-3.70911
-3.77353
-3.83987
-3.90814
-3.97837
-4.0506
-4.12486
-4.20116
-4.27955
-4.36005
-4.4427
-4.52754
-4.61457
-4.70391
-4.79535
-4.88922
-4.98536
-5.08388
-5.18489
-5.28844
-5.39455
-5.50326
-5.61459
-5.72859
-5.84531
-5.96482
-6.08715
-6.2123
-6.3403
-6.4711
-6.60502
-6.74154
-6.881
-7.02334
-7.16849
-7.3163
-7.46666
-7.61944
-7.77461
-7.93194
-8.09116
-8.25209
-8.41414
-8.57753
-8.74159
-8.90607
-9.0705
-9.23436
-9.39709
-9.55814
-9.71699
-9.87302
-10.0256
-10.1739
-10.3175
-10.4556
-10.5875
-10.7119
-10.8281
-10.9352
-11.0324
-11.1189
-11.1939
-11.2565
-11.3057
-11.3408
-11.3607
-11.3648
-11.3524
-11.3224
-11.2745
-11.2082
-11.1227
-11.0179
-10.8935
-10.7489
-10.5846
-10.4005
-10.1967
-9.97338
-9.73054
-9.46995
-9.19161
-8.89626
-8.58485
-8.25789
-7.91619
-7.56128
-7.1947
-6.81761
-6.43083
-6.03498
-5.63222
-5.22353
-4.81066
-4.3952
-3.97759
-3.55803
-3.13802
-2.71964
-2.30543
-1.89686
-1.49371
-1.09542
-0.701952
-0.315409
0.064599
0.437816
0.801975
1.15528
1.49773
1.83106
2.15527
2.46946
2.77215
3.06315
3.34417
3.61529
3.87597
4.12654
4.36808
4.60157
4.82696
5.04364
5.25213
5.45327
5.6478
5.83613
6.01962
6.20017
6.37762
6.55153
6.72244
6.89116
7.05819
7.2227
7.3841
7.54328
7.70136
7.85859
8.01467
8.16938
8.32294
8.47552
8.62708
8.77759
8.92678
9.07492
9.22223
9.36859
9.51405
9.6587
9.80269
9.9457
10.0876
10.2285
10.3684
10.5071
10.6448
10.7813
10.9168
11.0513
11.1846
11.3169
11.448
11.578
11.7069
11.8346
11.9612
12.0865
12.2106
12.3335
12.455
12.5753
12.6943
12.812
12.9285
13.0437
13.1575
13.2701
13.3814
13.4913
13.6
13.7073
13.8132
13.9178
14.021
14.1228
14.2233
14.3223
14.4199
14.5162
14.6109
14.7043
14.7963
14.8868
14.9758
15.0634
15.1497
15.2344
15.3176
15.3994
15.4799
15.5589
15.6363
15.7123
15.787
15.8603
15.9322
16.0027
16.0716
16.139
16.2048
16.2694
16.3326
16.3944
16.4545
16.5131
16.5703
16.6262
16.6807
16.7336
16.785
16.8351
16.8837
16.9307
16.9762
17.0203
17.0629
17.1041
17.1438
17.1821
17.2189
17.2543
17.2883
17.3208
17.3518
17.3815
17.4098
17.4368
17.4625
17.4868
17.5099
17.5317
17.5524
17.572
17.5904
17.6078
17.6242
17.6398
17.6544
17.6682
17.6813
17.6936
17.7054
17.7165
17.727
17.7371
17.7467
17.7559
17.7646
17.7731
17.7812
17.789
17.7965
17.8038
17.8109
17.8177
17.8243
17.8307
17.837
17.843
17.8489
17.8546
17.86
17.8653
17.8704
17.8753
17.8799
17.8843
17.8885
17.8925
17.8961
17.8995
17.9026
17.9053
17.9078
17.9099
17.9116
17.913
17.9139
17.9144
17.9143
17.9138
17.9127
17.9109
17.9084
17.9051
17.9009
17.8957
17.8894
17.8817
17.8725
17.8617
17.8488
17.8338
17.8161
17.7956
17.7718
17.7442
17.7125
17.6761
17.6347
17.5871
17.5376
-2.65751
-2.65881
-2.65956
-2.65998
-2.66002
-2.65979
-2.65948
-2.6593
-2.65946
-2.66016
-2.66157
-2.66389
-2.66724
-2.67178
-2.67763
-2.68494
-2.69377
-2.70423
-2.71637
-2.73028
-2.74597
-2.76351
-2.7829
-2.80418
-2.82734
-2.85242
-2.87938
-2.90822
-2.93896
-2.97157
-3.00607
-3.04242
-3.08063
-3.12066
-3.16254
-3.20622
-3.25173
-3.29902
-3.34813
-3.39905
-3.45176
-3.50627
-3.56263
-3.62075
-3.68073
-3.74254
-3.80619
-3.87172
-3.93915
-4.0085
-4.0798
-4.15308
-4.22837
-4.30567
-4.38504
-4.46652
-4.55014
-4.6359
-4.72377
-4.814
-4.90631
-5.0009
-5.09782
-5.19709
-5.2988
-5.40297
-5.50962
-5.61877
-5.73045
-5.84471
-5.96158
-6.08108
-6.20322
-6.32799
-6.45552
-6.58545
-6.71825
-6.85354
-6.99138
-7.13175
-7.27452
-7.41957
-7.56676
-7.71601
-7.86712
-8.01985
-8.17377
-8.32905
-8.48493
-8.64142
-8.79802
-8.9542
-9.10947
-9.26335
-9.41533
-9.5649
-9.71143
-9.85431
-9.99294
-10.1267
-10.255
-10.3768
-10.4915
-10.5982
-10.6958
-10.7838
-10.8613
-10.9277
-10.982
-11.0234
-11.051
-11.0642
-11.0623
-11.0441
-11.0095
-10.9577
-10.8883
-10.8007
-10.6948
-10.5699
-10.426
-10.2634
-10.0819
-9.88175
-9.66271
-9.42578
-9.17124
-8.90012
-8.61295
-8.31037
-7.99298
-7.66159
-7.31752
-6.96202
-6.59642
-6.22158
-5.8382
-5.44747
-5.05158
-4.65111
-4.24779
-3.84233
-3.43524
-3.02779
-2.62192
-2.21968
-1.82231
-1.4308
-1.04311
-0.659293
-0.281192
0.0907476
0.455832
0.811863
1.1576
1.49335
1.8202
2.1381
2.44638
2.7444
3.03225
3.31034
3.57832
3.83702
4.08657
4.3276
4.56072
4.78582
5.00261
5.21113
5.41238
5.60777
5.7973
5.98207
6.16411
6.34314
6.51836
6.69001
6.85953
7.02738
7.19266
7.35487
7.51492
7.67384
7.83143
7.9875
8.14222
8.29593
8.44867
8.60035
8.75097
8.90019
9.04831
9.19564
9.34196
9.48731
9.63181
9.77563
9.91847
10.0602
10.2008
10.3405
10.479
10.6164
10.7528
10.8881
11.0223
11.1555
11.2877
11.4187
11.5485
11.6773
11.805
11.9315
12.0568
12.1809
12.3037
12.4253
12.5456
12.6646
12.7823
12.8989
13.0142
13.1282
13.2409
13.3524
13.4625
13.5713
13.6789
13.7851
13.8899
13.9933
14.0955
14.1962
14.2955
14.3935
14.4901
14.5852
14.679
14.7713
14.8623
14.9517
15.0397
15.1263
15.2115
15.295
15.3772
15.4581
15.5375
15.6154
15.6918
15.7669
15.8406
15.9128
15.9837
16.0529
16.1206
16.1868
16.2517
16.3151
16.3772
16.4377
16.4967
16.5542
16.6105
16.6654
16.7186
16.7703
16.8206
16.8694
16.9167
16.9625
17.0069
17.0498
17.0912
17.1312
17.1696
17.2066
17.2422
17.2764
17.3091
17.3404
17.3703
17.3989
17.4262
17.4521
17.4767
17.5
17.5221
17.543
17.5628
17.5815
17.5992
17.6158
17.6316
17.6465
17.6605
17.6738
17.6864
17.6983
17.7096
17.7204
17.7307
17.7405
17.7499
17.7589
17.7675
17.7758
17.7838
17.7916
17.799
17.8063
17.8133
17.8201
17.8267
17.8331
17.8394
17.8454
17.8513
17.857
17.8625
17.8678
17.8729
17.8778
17.8825
17.8869
17.8911
17.8951
17.8987
17.9021
17.9053
17.9081
17.9106
17.9127
17.9145
17.9159
17.9169
17.9174
17.9175
17.917
17.9159
17.9142
17.9117
17.9084
17.9042
17.8988
17.8923
17.8843
17.8747
17.8632
17.8495
17.8333
17.8142
17.7918
17.7657
17.7354
17.7003
17.66
17.6134
17.5641
-2.66213
-2.66488
-2.6672
-2.6693
-2.67112
-2.67275
-2.67436
-2.67613
-2.67825
-2.68087
-2.68416
-2.68828
-2.69337
-2.69955
-2.70694
-2.71567
-2.72582
-2.73748
-2.75071
-2.76557
-2.78213
-2.8004
-2.82043
-2.84223
-2.86584
-2.89124
-2.91845
-2.94748
-2.9783
-3.01095
-3.04539
-3.08165
-3.11967
-3.1595
-3.20109
-3.24447
-3.28959
-3.33649
-3.38516
-3.43556
-3.48773
-3.54166
-3.59734
-3.65485
-3.71411
-3.77517
-3.83804
-3.90274
-3.96931
-4.03774
-4.10809
-4.18038
-4.25458
-4.33077
-4.40897
-4.48923
-4.57155
-4.65596
-4.74255
-4.83113
-4.92199
-5.01499
-5.11021
-5.20767
-5.30745
-5.40959
-5.5141
-5.62098
-5.73026
-5.84197
-5.95613
-6.07274
-6.19182
-6.31335
-6.43722
-6.56378
-6.6925
-6.82364
-6.95704
-7.09265
-7.23044
-7.37029
-7.51198
-7.65533
-7.80027
-7.94661
-8.09418
-8.24231
-8.39125
-8.54036
-8.68929
-8.83751
-8.98452
-9.12983
-9.27303
-9.41368
-9.55108
-9.68462
-9.81384
-9.9381
-10.0568
-10.1693
-10.2745
-10.3718
-10.4603
-10.5394
-10.6081
-10.6661
-10.7124
-10.7462
-10.7668
-10.7735
-10.7655
-10.7423
-10.7031
-10.6475
-10.5752
-10.4856
-10.3785
-10.2534
-10.1103
-9.94935
-9.77047
-9.5737
-9.35925
-9.1273
-8.87922
-8.61511
-8.33585
-8.04181
-7.73364
-7.41228
-7.07869
-6.73408
-6.37976
-6.01643
-5.64466
-5.26637
-4.88235
-4.49418
-4.10286
-3.70937
-3.31441
-2.91949
-2.5262
-2.13557
-1.74899
-1.36725
-0.989695
-0.615383
-0.245914
0.117751
0.474406
0.822352
1.16083
1.48998
1.81033
2.12173
2.42465
2.71853
3.00335
3.27794
3.54286
3.79961
4.04814
4.28837
4.52045
4.74487
4.96152
5.17004
5.37154
5.56781
5.75881
5.94533
6.12891
6.30923
6.48537
6.65771
6.82774
6.99599
7.16183
7.3248
7.48584
7.64565
7.80363
7.95977
8.11459
8.26839
8.42116
8.57293
8.72374
8.87316
9.0214
9.16881
9.31515
9.46049
9.60491
9.74852
9.89114
10.0327
10.1731
10.3125
10.4509
10.5881
10.7243
10.8595
10.9936
11.1266
11.2586
11.3895
11.5192
11.6479
11.7756
11.9021
12.0273
12.1514
12.2742
12.3957
12.516
12.6351
12.753
12.8696
12.985
13.0992
13.2121
13.3237
13.434
13.543
13.6507
13.7572
13.8622
13.966
14.0684
14.1694
14.269
14.3673
14.4642
14.5597
14.6539
14.7465
14.8379
14.9277
15.0162
15.1031
15.1886
15.2726
15.3551
15.4363
15.5162
15.5944
15.6713
15.7467
15.8207
15.8933
15.9645
16.0341
16.1021
16.1686
16.2337
16.2974
16.3598
16.4207
16.48
16.538
16.5946
16.6498
16.7033
16.7553
16.8058
16.8548
16.9024
16.9486
16.9933
17.0364
17.0781
17.1182
17.1568
17.1939
17.2297
17.2641
17.2971
17.3286
17.3587
17.3876
17.415
17.4412
17.4661
17.4896
17.512
17.5332
17.5532
17.5721
17.59
17.607
17.623
17.6381
17.6524
17.6659
17.6788
17.6909
17.7025
17.7135
17.724
17.7341
17.7437
17.7529
17.7618
17.7703
17.7786
17.7865
17.7942
17.8016
17.8089
17.8159
17.8227
17.8293
17.8358
17.842
17.8481
17.854
17.8598
17.8653
17.8706
17.8758
17.8807
17.8854
17.8899
17.8942
17.8982
17.9019
17.9054
17.9085
17.9114
17.914
17.9162
17.9181
17.9196
17.9208
17.9214
17.9216
17.9213
17.9204
17.9187
17.9164
17.9131
17.9089
17.9035
17.8968
17.8885
17.8784
17.8662
17.8516
17.8341
17.8133
17.7888
17.7599
17.7263
17.6872
17.6419
17.5927
-2.66781
-2.67194
-2.67575
-2.67941
-2.6829
-2.68627
-2.68966
-2.69325
-2.69718
-2.70159
-2.70664
-2.71247
-2.71919
-2.72692
-2.73578
-2.74587
-2.75729
-2.7701
-2.78438
-2.80018
-2.81756
-2.83657
-2.85723
-2.87956
-2.9036
-2.92934
-2.95682
-2.98601
-3.01695
-3.04963
-3.08404
-3.12018
-3.15806
-3.19766
-3.23899
-3.28203
-3.32679
-3.37327
-3.42146
-3.47136
-3.52296
-3.57627
-3.63136
-3.68815
-3.74669
-3.80699
-3.86904
-3.93289
-3.99855
-4.06605
-4.13543
-4.20663
-4.27975
-4.35477
-4.43176
-4.51076
-4.59176
-4.67478
-4.75978
-4.847
-4.9362
-5.02759
-5.121
-5.21658
-5.31436
-5.4144
-5.51668
-5.62122
-5.72802
-5.8371
-5.94847
-6.06212
-6.17805
-6.29623
-6.41678
-6.53929
-6.66419
-6.79111
-6.92008
-7.05104
-7.18393
-7.31856
-7.45473
-7.59231
-7.73124
-7.8714
-8.01245
-8.15426
-8.29608
-8.43793
-8.57935
-8.71984
-8.85887
-8.99592
-9.13072
-9.26282
-9.39148
-9.51613
-9.63632
-9.75148
-9.86113
-9.96444
-10.0608
-10.1491
-10.2289
-10.2993
-10.3598
-10.4096
-10.4482
-10.4748
-10.4886
-10.489
-10.4754
-10.4471
-10.4037
-10.3445
-10.2694
-10.1778
-10.0695
-9.94422
-9.80192
-9.64258
-9.46623
-9.27283
-9.06248
-8.83622
-8.59399
-8.33673
-8.06495
-7.77914
-7.47998
-7.1683
-6.84485
-6.51088
-6.16755
-5.81548
-5.45551
-5.08862
-4.71685
-4.3407
-3.96124
-3.5796
-3.1967
-2.81409
-2.43266
-2.05295
-1.67638
-1.30449
-0.936079
-0.571458
-0.210894
0.144301
0.492676
0.832817
1.16416
1.48672
1.80072
2.10647
2.4041
2.69399
2.97532
3.24672
3.50922
3.76384
4.01084
4.24976
4.48073
4.70438
4.92085
5.12967
5.33189
5.52915
5.72153
5.9096
6.09429
6.27535
6.45221
6.62526
6.79569
6.96419
7.13057
7.29437
7.45619
7.61652
7.77496
7.93157
8.0867
8.24056
8.39324
8.54502
8.69604
8.84574
8.99429
9.14181
9.28819
9.43359
9.57796
9.72134
9.86376
10.0051
10.1453
10.2846
10.4228
10.56
10.6961
10.8312
10.9651
11.098
11.2299
11.3607
11.4903
11.6189
11.7465
11.873
11.9982
12.1222
12.245
12.3665
12.4869
12.606
12.724
12.8407
12.9562
13.0705
13.1836
13.2954
13.4059
13.515
13.623
13.7296
13.8349
13.9389
14.0416
14.1429
14.2428
14.3413
14.4386
14.5345
14.629
14.722
14.8137
14.9039
14.9927
15.08
15.1659
15.2503
15.3331
15.4147
15.4949
15.5735
15.6507
15.7264
15.8008
15.8737
15.9452
16.0152
16.0834
16.1502
16.2155
16.2795
16.3422
16.4034
16.4632
16.5215
16.5784
16.6339
16.6877
16.74
16.7907
16.8399
16.8878
16.9343
16.9793
17.0227
17.0645
17.1048
17.1435
17.1808
17.2168
17.2515
17.2846
17.3163
17.3467
17.3757
17.4034
17.4298
17.4549
17.4787
17.5013
17.5227
17.543
17.5622
17.5804
17.5976
17.6138
17.6292
17.6438
17.6576
17.6707
17.6832
17.695
17.7063
17.7171
17.7274
17.7373
17.7468
17.7559
17.7647
17.7732
17.7814
17.7893
17.7969
17.8044
17.8116
17.8187
17.8255
17.8322
17.8387
17.845
17.8511
17.8571
17.8629
17.8685
17.8739
17.8791
17.8841
17.8889
17.8934
17.8977
17.9018
17.9056
17.9092
17.9125
17.9155
17.9182
17.9206
17.9227
17.9244
17.9257
17.9266
17.927
17.9269
17.9262
17.9248
17.9227
17.9196
17.9154
17.91
17.9032
17.8946
17.884
17.871
17.8552
17.8362
17.8134
17.7862
17.7541
17.7165
17.6724
17.6235
-2.67445
-2.6799
-2.68512
-2.69026
-2.69529
-2.70028
-2.70534
-2.71062
-2.71624
-2.72233
-2.72902
-2.73644
-2.7447
-2.7539
-2.76415
-2.77554
-2.78816
-2.80209
-2.81738
-2.83409
-2.85229
-2.872
-2.89328
-2.91614
-2.94061
-2.9667
-2.99444
-3.02383
-3.05488
-3.0876
-3.12197
-3.15802
-3.19574
-3.23513
-3.27618
-3.3189
-3.36328
-3.40934
-3.45705
-3.50643
-3.55746
-3.61019
-3.66459
-3.7207
-3.77849
-3.83799
-3.8992
-3.96217
-4.02689
-4.09342
-4.16172
-4.23186
-4.30381
-4.37764
-4.4534
-4.53108
-4.61069
-4.69224
-4.77585
-4.86138
-4.94905
-5.03858
-5.13023
-5.22386
-5.31958
-5.41744
-5.51743
-5.61955
-5.72379
-5.83016
-5.93866
-6.04928
-6.16201
-6.27682
-6.39359
-6.51259
-6.63334
-6.75604
-6.88057
-7.00689
-7.13489
-7.26432
-7.39506
-7.52703
-7.66007
-7.79408
-7.92894
-8.06391
-8.19917
-8.33399
-8.46797
-8.60084
-8.73213
-8.86133
-8.98807
-9.11181
-9.23201
-9.34814
-9.45969
-9.56623
-9.66712
-9.76193
-9.84967
-9.9297
-10.0012
-10.0635
-10.1161
-10.1584
-10.1896
-10.2094
-10.2168
-10.2114
-10.1923
-10.1595
-10.112
-10.0495
-9.97175
-9.87839
-9.76905
-9.64353
-9.50183
-9.34402
-9.17012
-8.98004
-8.77414
-8.55263
-8.31654
-8.06588
-7.80131
-7.52351
-7.23309
-6.93072
-6.61712
-6.29345
-5.96087
-5.61981
-5.27092
-4.91608
-4.55575
-4.19114
-3.8233
-3.45343
-3.08254
-2.7116
-2.34108
-1.97184
-1.60553
-1.24262
-0.883725
-0.528398
-0.176726
0.169983
0.510269
0.842847
1.16725
1.4835
1.79177
2.09202
2.3851
2.67092
2.94858
3.21735
3.47742
3.72963
3.97474
4.21231
4.44239
4.66542
4.88164
5.09103
5.29422
5.49231
5.68557
5.87457
6.05984
6.24138
6.41886
6.59265
6.76354
6.9324
7.09931
7.26389
7.4262
7.58671
7.74559
7.90286
8.05857
8.2126
8.36526
8.51716
8.66835
8.81826
8.967
9.11467
9.26133
9.40678
9.55097
9.69415
9.83648
9.97768
10.1177
10.2567
10.3949
10.532
10.6682
10.8032
10.937
11.0697
11.2015
11.3322
11.4618
11.5904
11.7179
11.8443
11.9694
12.0934
12.2161
12.3377
12.4581
12.5774
12.6954
12.8122
12.9279
13.0423
13.1555
13.2674
13.3781
13.4874
13.5955
13.7024
13.808
13.9122
14.0151
14.1166
14.2168
14.3157
14.4133
14.5095
14.6043
14.6976
14.7897
14.8803
14.9694
15.0569
15.1432
15.228
15.3112
15.393
15.4736
15.5526
15.63
15.706
15.7807
15.8539
15.9257
15.996
16.0645
16.1316
16.1972
16.2614
16.3244
16.386
16.4461
16.5046
16.5618
16.6176
16.6717
16.7242
16.7751
16.8247
16.8729
16.9197
16.9649
17.0085
17.0505
17.091
17.13
17.1675
17.2037
17.2384
17.2718
17.3038
17.3344
17.3636
17.3914
17.418
17.4433
17.4673
17.4902
17.5118
17.5324
17.5518
17.5703
17.5877
17.6043
17.6199
17.6348
17.6489
17.6623
17.6751
17.6872
17.6988
17.7099
17.7205
17.7307
17.7405
17.7499
17.7589
17.7677
17.7761
17.7843
17.7922
17.7999
17.8074
17.8147
17.8217
17.8287
17.8354
17.842
17.8483
17.8546
17.8606
17.8665
17.8721
17.8776
17.8829
17.888
17.8928
17.8975
17.9019
17.9061
17.9101
17.9138
17.9172
17.9204
17.9234
17.926
17.9283
17.9303
17.9319
17.9331
17.9339
17.9341
17.9337
17.9327
17.9308
17.9279
17.924
17.9186
17.9117
17.9028
17.8916
17.8776
17.8605
17.8396
17.8142
17.7839
17.7477
17.7052
17.6564
-2.68199
-2.6887
-2.69526
-2.70179
-2.70828
-2.71478
-2.72139
-2.72825
-2.73544
-2.74309
-2.75132
-2.76024
-2.76995
-2.78053
-2.79209
-2.80472
-2.81849
-2.83348
-2.84975
-2.86734
-2.88633
-2.90674
-2.92862
-2.952
-2.9769
-3.00334
-3.03134
-3.06092
-3.0921
-3.12484
-3.1592
-3.19514
-3.23272
-3.27188
-3.31267
-3.35505
-3.39906
-3.44467
-3.49191
-3.54075
-3.59123
-3.64332
-3.69705
-3.75242
-3.80944
-3.86811
-3.92846
-3.9905
-4.05426
-4.11973
-4.18697
-4.25594
-4.32671
-4.39932
-4.47378
-4.55009
-4.62828
-4.70836
-4.79036
-4.87434
-4.96017
-5.04804
-5.1377
-5.22933
-5.32295
-5.41856
-5.51618
-5.61579
-5.71739
-5.82097
-5.92653
-6.03404
-6.14347
-6.2548
-6.36808
-6.48297
-6.59976
-6.71816
-6.83822
-6.95986
-7.08298
-7.20722
-7.33262
-7.4591
-7.5865
-7.71445
-7.84271
-7.97139
-8.09999
-8.22796
-8.3548
-8.48027
-8.60401
-8.72556
-8.8444
-8.96004
-9.0721
-9.18003
-9.28343
-9.38182
-9.47458
-9.56107
-9.6408
-9.71294
-9.77667
-9.83136
-9.87663
-9.91188
-9.93652
-9.94998
-9.95156
-9.9407
-9.91699
-9.8797
-9.82869
-9.76333
-9.68335
-9.58848
-9.47848
-9.35296
-9.21206
-9.05592
-8.88443
-8.6976
-8.49562
-8.27946
-8.04889
-7.8046
-7.54716
-7.27714
-6.99513
-6.70168
-6.3975
-6.08365
-5.76132
-5.43078
-5.09307
-4.749
-4.39999
-4.04665
-3.6901
-3.33153
-2.97187
-2.6117
-2.25152
-1.89256
-1.53597
-1.18259
-0.832452
-0.485809
-0.14287
0.195418
0.527699
0.853048
1.17093
1.48137
1.78431
2.07993
2.36856
2.65027
2.92423
3.19001
3.44756
3.69772
3.94113
4.17747
4.40662
4.6289
4.84486
5.05464
5.25858
5.45713
5.6508
5.84017
6.02564
6.20757
6.38573
6.56021
6.73169
6.90096
7.06827
7.23336
7.39599
7.5567
7.71594
7.87386
8.0301
8.18444
8.33727
8.48937
8.64066
8.79073
8.93949
9.08735
9.23437
9.37977
9.52374
9.66676
9.80903
9.95022
10.09
10.2288
10.3668
10.504
10.6404
10.7753
10.9091
11.0417
11.1733
11.304
11.4336
11.5622
11.6896
11.8157
11.9408
12.0647
12.1876
12.3092
12.4298
12.5491
12.6672
12.7842
12.8999
13.0145
13.1278
13.2398
13.3507
13.4602
13.5685
13.6755
13.7814
13.8858
13.9889
14.0906
14.1911
14.2903
14.3882
14.4848
14.5798
14.6735
14.7658
14.8568
14.9462
15.034
15.1206
15.2059
15.2893
15.3714
15.4523
15.5316
15.6093
15.6856
15.7606
15.8339
15.906
15.9765
16.0454
16.1129
16.1789
16.2434
16.3065
16.3684
16.4288
16.4876
16.545
16.601
16.6554
16.7082
16.7594
16.8093
16.8578
16.9048
16.9502
16.994
17.0362
17.077
17.1162
17.154
17.1904
17.2253
17.2589
17.291
17.3218
17.3512
17.3792
17.4059
17.4314
17.4557
17.4787
17.5006
17.5214
17.5411
17.5598
17.5775
17.5943
17.6103
17.6254
17.6398
17.6535
17.6666
17.6791
17.691
17.7024
17.7133
17.7238
17.7339
17.7436
17.753
17.762
17.7707
17.7792
17.7874
17.7953
17.8031
17.8106
17.818
17.8251
17.8321
17.8389
17.8456
17.8521
17.8584
17.8645
17.8704
17.8762
17.8818
17.8872
17.8924
17.8974
17.9022
17.9067
17.9111
17.9153
17.9192
17.9229
17.9263
17.9296
17.9325
17.9352
17.9375
17.9396
17.9412
17.9424
17.9431
17.9432
17.9426
17.9411
17.9386
17.9348
17.9296
17.9225
17.9132
17.9013
17.8862
17.8673
17.844
17.8156
17.7811
17.7402
17.6916
-2.68987
-2.6977
-2.70544
-2.71321
-2.72099
-2.72881
-2.73679
-2.74502
-2.7536
-2.76263
-2.77221
-2.78245
-2.79344
-2.80525
-2.81797
-2.83171
-2.84651
-2.86246
-2.8796
-2.898
-2.9177
-2.93875
-2.96119
-2.98504
-3.01034
-3.0371
-3.06535
-3.09512
-3.12639
-3.15918
-3.1935
-3.22936
-3.26679
-3.30576
-3.34629
-3.38837
-3.43201
-3.47721
-3.52399
-3.57233
-3.62225
-3.67374
-3.72682
-3.78148
-3.83775
-3.89562
-3.95513
-4.01628
-4.07909
-4.14358
-4.20975
-4.27764
-4.34727
-4.41868
-4.49186
-4.56685
-4.64363
-4.72227
-4.80275
-4.88511
-4.96935
-5.05533
-5.14322
-5.23294
-5.32451
-5.41795
-5.51328
-5.61047
-5.70953
-5.81042
-5.91316
-6.01767
-6.12398
-6.23201
-6.34165
-6.45306
-6.56581
-6.68016
-6.79594
-6.91333
-7.03184
-7.15141
-7.2718
-7.3933
-7.51527
-7.63761
-7.76006
-7.88273
-8.0052
-8.12672
-8.247
-8.36558
-8.48227
-8.59664
-8.70826
-8.81652
-8.9212
-9.02175
-9.11793
-9.20898
-9.29431
-9.37341
-9.44582
-9.51072
-9.56733
-9.6152
-9.65392
-9.68284
-9.70155
-9.70945
-9.70579
-9.69014
-9.66207
-9.62128
-9.56702
-9.49912
-9.41724
-9.32118
-9.21062
-9.08523
-8.94519
-8.79061
-8.62133
-8.4374
-8.23931
-8.02718
-7.80185
-7.56328
-7.31227
-7.04924
-6.77476
-6.48935
-6.19363
-5.88861
-5.57546
-5.2545
-4.92666
-4.59291
-4.25384
-3.91075
-3.56439
-3.21584
-2.86607
-2.51564
-2.16525
-1.81584
-1.46843
-1.12346
-0.781829
-0.44322
-0.108369
0.22202
0.546792
0.865465
1.17742
1.4826
1.78078
2.07183
2.35631
2.6338
2.90411
3.16703
3.42232
3.67049
3.91207
4.14691
4.37494
4.59651
4.8119
5.02157
5.22568
5.42436
5.61818
5.8076
5.99308
6.17525
6.35399
6.52912
6.70103
6.87055
7.03813
7.20352
7.36641
7.52724
7.68676
7.84501
8.00175
8.15654
8.30969
8.46191
8.61319
8.76339
8.9122
9.06022
9.20727
9.35257
9.49646
9.63931
9.78153
9.92272
10.0625
10.2012
10.3392
10.4765
10.6128
10.7477
10.8815
11.0141
11.1457
11.2764
11.406
11.5344
11.6617
11.7878
11.9128
12.0368
12.1598
12.2816
12.4023
12.5217
12.6399
12.7569
12.8728
12.9875
13.1009
13.2132
13.3241
13.4339
13.5423
13.6496
13.7556
13.8602
13.9635
14.0655
14.1663
14.2658
14.364
14.4608
14.5562
14.6502
14.7428
14.8341
14.9238
15.012
15.0989
15.1844
15.2683
15.3506
15.4317
15.5113
15.5893
15.6659
15.7411
15.8146
15.8868
15.9576
16.027
16.0948
16.1612
16.2259
16.2892
16.3514
16.412
16.4711
16.5287
16.5848
16.6395
16.6926
16.7442
16.7944
16.8431
16.8903
16.9358
16.9798
17.0223
17.0634
17.1029
17.1409
17.1774
17.2124
17.2462
17.2786
17.3095
17.339
17.3672
17.3941
17.4197
17.4441
17.4673
17.4893
17.5103
17.5302
17.5491
17.5671
17.5841
17.6003
17.6157
17.6304
17.6445
17.6578
17.6706
17.6829
17.6946
17.7059
17.7167
17.7271
17.7371
17.7468
17.7561
17.7652
17.7739
17.7824
17.7906
17.7986
17.8065
17.8141
17.8215
17.8288
17.8359
17.8428
17.8496
17.8561
17.8626
17.8688
17.8749
17.8808
17.8865
17.892
17.8974
17.9025
17.9075
17.9123
17.9169
17.9213
17.9255
17.9295
17.9333
17.9369
17.9403
17.9434
17.9463
17.9488
17.951
17.9528
17.9541
17.9548
17.9547
17.9538
17.9517
17.9483
17.9431
17.9359
17.9262
17.9133
17.8966
17.8755
17.8492
17.8165
17.7775
17.729
-2.69813
-2.70702
-2.71585
-2.72476
-2.73371
-2.74276
-2.75197
-2.76146
-2.77131
-2.78159
-2.7924
-2.80385
-2.81601
-2.82894
-2.84274
-2.85749
-2.87326
-2.89009
-2.90805
-2.92719
-2.94756
-2.96921
-2.99217
-3.01647
-3.04215
-3.06922
-3.09771
-3.12763
-3.159
-3.19183
-3.22613
-3.26192
-3.2992
-3.33799
-3.37825
-3.42004
-3.46332
-3.50813
-3.55444
-3.60229
-3.65165
-3.70255
-3.75497
-3.80895
-3.86448
-3.92157
-3.98024
-4.04051
-4.10238
-4.16588
-4.23102
-4.29781
-4.3663
-4.4365
-4.50843
-4.58207
-4.65748
-4.73465
-4.81363
-4.89439
-4.97687
-5.0612
-5.14723
-5.23505
-5.32455
-5.41587
-5.50891
-5.60374
-5.70025
-5.79854
-5.89845
-6.00009
-6.10327
-6.20806
-6.31439
-6.42209
-6.53119
-6.64162
-6.75348
-6.86657
-6.98082
-7.09582
-7.21162
-7.32802
-7.44489
-7.56174
-7.67871
-7.79573
-7.91191
-8.02725
-8.14112
-8.25336
-8.36331
-8.47106
-8.57578
-8.6773
-8.77493
-8.8688
-8.95809
-9.04238
-9.1207
-9.19292
-9.25857
-9.31667
-9.36668
-9.4082
-9.4408
-9.46374
-9.47689
-9.47956
-9.47114
-9.45117
-9.41947
-9.37521
-9.31819
-9.24797
-9.16443
-9.0674
-8.95642
-8.83123
-8.69211
-8.53908
-8.37191
-8.19082
-7.99609
-7.78831
-7.56751
-7.33432
-7.08932
-6.83279
-6.56531
-6.28744
-5.99967
-5.70292
-5.39825
-5.08626
-4.76772
-4.44296
-4.1135
-3.77976
-3.44277
-3.10365
-2.76329
-2.42225
-2.0812
-1.74071
-1.40167
-1.06528
-0.731487
-0.400661
-0.0734182
0.249541
0.567376
0.879687
1.18594
1.48599
1.77935
2.0661
2.34619
2.61969
2.88663
3.1469
3.39993
3.64588
3.88533
4.11849
4.34544
4.56618
4.78091
4.99009
5.19396
5.39255
5.58647
5.77584
5.96132
6.14372
6.3229
6.49843
6.67069
6.84044
7.00824
7.17387
7.33692
7.49792
7.65772
7.81628
7.97335
8.12862
8.28217
8.43446
8.58574
8.73602
8.88492
9.03297
9.17984
9.32513
9.46902
9.61184
9.75401
9.8952
10.0352
10.174
10.312
10.4492
10.5855
10.7204
10.8543
10.9869
11.1185
11.2492
11.3787
11.507
11.6343
11.7605
11.8856
12.0096
12.1327
12.2548
12.3756
12.4951
12.6134
12.7305
12.8465
12.9613
13.0749
13.1873
13.2985
13.4084
13.5171
13.6245
13.7307
13.8356
13.9391
14.0414
14.1424
14.2421
14.3405
14.4376
14.5334
14.6276
14.7205
14.8121
14.9021
14.9906
15.0778
15.1635
15.2478
15.3304
15.4116
15.4915
15.5698
15.6466
15.722
15.7957
15.8681
15.9392
16.0089
16.0771
16.1437
16.2087
16.2722
16.3345
16.3954
16.4548
16.5125
16.5688
16.6237
16.6772
16.7292
16.7796
16.8285
16.8758
16.9216
16.9658
17.0086
17.0498
17.0895
17.1277
17.1644
17.1996
17.2336
17.2661
17.2972
17.3269
17.3553
17.3822
17.4079
17.4324
17.4557
17.4779
17.499
17.5191
17.5382
17.5563
17.5736
17.5901
17.6057
17.6207
17.635
17.6487
17.6618
17.6744
17.6865
17.6981
17.7092
17.72
17.7304
17.7404
17.7501
17.7594
17.7685
17.7773
17.7858
17.7941
17.8022
17.8102
17.8179
17.8254
17.8328
17.8401
17.8471
17.854
17.8607
17.8673
17.8737
17.8799
17.8859
17.8918
17.8975
17.9031
17.9084
17.9136
17.9187
17.9236
17.9283
17.9329
17.9373
17.9415
17.9456
17.9495
17.9533
17.9568
17.96
17.9629
17.9654
17.9675
17.9689
17.9696
17.9693
17.9678
17.9647
17.9596
17.9522
17.9417
17.9275
17.9088
17.8848
17.8542
17.8172
17.769
-2.70755
-2.71751
-2.72746
-2.7375
-2.74763
-2.75788
-2.76833
-2.77908
-2.79018
-2.80171
-2.81374
-2.82639
-2.83973
-2.85379
-2.86866
-2.88443
-2.90115
-2.91888
-2.93767
-2.95756
-2.97862
-3.00087
-3.02437
-3.04913
-3.07519
-3.10257
-3.1313
-3.1614
-3.19287
-3.22574
-3.26002
-3.29572
-3.33285
-3.37142
-3.41142
-3.45287
-3.49578
-3.54015
-3.58598
-3.63328
-3.68205
-3.7323
-3.78402
-3.83725
-3.89197
-3.94821
-4.00597
-4.06528
-4.12613
-4.18855
-4.25256
-4.31817
-4.3854
-4.45428
-4.52481
-4.59702
-4.67091
-4.74649
-4.82379
-4.90278
-4.98349
-5.06584
-5.1499
-5.23557
-5.32293
-5.41188
-5.50252
-5.59473
-5.68859
-5.78397
-5.88096
-5.9794
-6.07936
-6.1807
-6.28346
-6.38751
-6.49276
-6.59917
-6.70671
-6.81531
-6.92491
-7.03534
-7.14613
-7.25712
-7.3684
-7.47972
-7.59096
-7.70164
-7.81153
-7.92026
-8.02774
-8.13327
-8.23668
-8.33748
-8.43545
-8.52989
-8.62071
-8.70745
-8.7899
-8.86701
-8.9384
-9.00371
-9.06237
-9.11383
-9.15722
-9.1925
-9.21889
-9.23607
-9.24361
-9.24121
-9.22814
-9.20432
-9.16903
-9.12193
-9.06228
-8.99008
-8.9053
-8.80759
-8.69642
-8.57169
-8.43375
-8.28247
-8.11767
-7.93971
-7.74903
-7.54552
-7.32976
-7.10225
-6.86347
-6.61374
-6.3535
-6.08339
-5.80377
-5.51548
-5.21957
-4.91665
-4.60714
-4.29201
-3.97196
-3.64781
-3.32044
-2.99097
-2.66021
-2.32866
-1.99685
-1.66533
-1.33508
-1.00684
-0.681149
-0.358156
-0.0385238
0.277069
0.588094
0.893956
1.19428
1.48893
1.77739
2.05942
2.33536
2.60503
2.86872
3.12616
3.37669
3.62033
3.8577
4.08919
4.31498
4.53484
4.74875
4.95733
5.16083
5.35936
5.55336
5.74275
5.92835
6.11097
6.29046
6.46639
6.63901
6.8091
6.97717
7.14295
7.30627
7.46775
7.62797
7.78671
7.94408
8.09981
8.25382
8.40631
8.5577
8.70802
8.85697
9.00495
9.15177
9.29726
9.44125
9.58416
9.72623
9.86751
10.0078
10.1468
10.2848
10.4219
10.558
10.693
10.8269
10.9597
11.0914
11.2219
11.3514
11.4797
11.6071
11.7335
11.8587
11.9828
12.106
12.2281
12.349
12.4687
12.5872
12.7044
12.8205
12.9355
13.0492
13.1618
13.2732
13.3833
13.4922
13.5998
13.7062
13.8113
13.9151
14.0176
14.1188
14.2187
14.3173
14.4147
14.5107
14.6052
14.6983
14.79
14.8803
14.9691
15.0565
15.1425
15.2271
15.31
15.3913
15.4714
15.5499
15.6269
15.7024
15.7763
15.8489
15.9203
15.9903
16.0587
16.1256
16.1908
16.2546
16.3171
16.3782
16.4378
16.4956
16.5521
16.6072
16.661
16.7133
16.764
16.8131
16.8607
16.9067
16.9511
16.9941
17.0355
17.0754
17.1138
17.1507
17.1861
17.2203
17.253
17.2842
17.3141
17.3425
17.3697
17.3955
17.4201
17.4435
17.4659
17.4871
17.5074
17.5267
17.545
17.5625
17.5792
17.5951
17.6104
17.625
17.639
17.6525
17.6654
17.6779
17.6899
17.7014
17.7126
17.7234
17.7338
17.7438
17.7535
17.7629
17.7721
17.7809
17.7896
17.798
17.8063
17.8143
17.8222
17.8299
17.8374
17.8448
17.852
17.8591
17.8659
17.8727
17.8792
17.8856
17.8918
17.8979
17.9038
17.9096
17.9152
17.9207
17.9261
17.9314
17.9365
17.9415
17.9465
17.9513
17.956
17.9606
17.965
17.9693
17.9734
17.9772
17.9806
17.9836
17.986
17.9875
17.988
17.9871
17.9844
17.9794
17.9715
17.9599
17.9438
17.9224
17.894
17.8593
17.8113
-2.71823
-2.72926
-2.74033
-2.7515
-2.76279
-2.77424
-2.78592
-2.79789
-2.81023
-2.82298
-2.83624
-2.85008
-2.86456
-2.87974
-2.89568
-2.91246
-2.93013
-2.94875
-2.96837
-2.98902
-3.01076
-3.03362
-3.05765
-3.08288
-3.10933
-3.13703
-3.166
-3.19627
-3.22784
-3.26075
-3.295
-3.33059
-3.36756
-3.40589
-3.44561
-3.48671
-3.52921
-3.57311
-3.61842
-3.66513
-3.71326
-3.76281
-3.81379
-3.86621
-3.92006
-3.97538
-4.03216
-4.09042
-4.15017
-4.21143
-4.27421
-4.33853
-4.4044
-4.47184
-4.54088
-4.61151
-4.68375
-4.75761
-4.8331
-4.9102
-4.9889
-5.0692
-5.15109
-5.23452
-5.31949
-5.40598
-5.49398
-5.58344
-5.67436
-5.76673
-5.86054
-5.95574
-6.05224
-6.15002
-6.249
-6.34914
-6.45036
-6.55246
-6.65545
-6.75933
-6.86412
-6.96953
-7.07508
-7.18056
-7.28619
-7.39177
-7.49677
-7.60092
-7.70422
-7.80658
-7.90748
-8.00633
-8.10279
-8.19663
-8.2875
-8.37495
-8.45857
-8.53815
-8.61325
-8.6832
-8.74753
-8.80568
-8.85739
-8.90199
-8.9391
-8.96802
-8.98843
-8.9999
-9.00214
-8.99458
-8.97715
-8.94937
-8.91089
-8.86085
-8.79884
-8.72502
-8.63921
-8.54102
-8.42974
-8.30566
-8.16896
-8.01961
-7.85744
-7.68295
-7.49623
-7.29755
-7.08706
-6.86542
-6.63316
-6.39053
-6.13777
-5.87562
-5.60431
-5.32468
-5.03758
-4.74389
-4.44402
-4.13853
-3.82824
-3.51382
-3.19638
-2.8767
-2.55566
-2.23362
-1.91123
-1.58889
-1.26741
-0.947764
-0.630189
-0.315143
-0.00325592
0.30488
0.608931
0.908142
1.20231
1.49128
1.77441
2.0519
2.32367
2.58962
2.84991
3.10427
3.35215
3.59346
3.82875
4.05852
4.2829
4.50164
4.71485
4.92282
5.12595
5.32429
5.51824
5.70778
5.8936
6.07641
6.25617
6.43247
6.60554
6.77605
6.94438
7.11043
7.27436
7.43651
7.59712
7.75615
7.9138
8.06994
8.22444
8.37727
8.52889
8.67931
8.82838
8.97635
9.12329
9.26908
9.41335
9.55638
9.69849
9.83992
9.9804
10.1196
10.2577
10.3946
10.5306
10.6658
10.7998
10.9327
11.0644
11.1949
11.3244
11.4528
11.5804
11.7069
11.8322
11.9564
12.0797
12.2019
12.3229
12.4428
12.5614
12.6788
12.795
12.9101
13.0241
13.1369
13.2485
13.3588
13.4679
13.5757
13.6822
13.7876
13.8916
13.9943
14.0956
14.1957
14.2945
14.392
14.4882
14.5829
14.6762
14.7681
14.8586
14.9476
15.0351
15.1214
15.2062
15.2892
15.3707
15.4509
15.5296
15.6067
15.6824
15.7565
15.8294
15.901
15.9712
16.0398
16.1069
16.1724
16.2364
16.2992
16.3604
16.42
16.478
16.5347
16.59
16.6441
16.6966
16.7475
16.7969
16.8446
16.8909
16.9355
16.9786
17.0203
17.0603
17.0989
17.136
17.1716
17.206
17.2389
17.2703
17.3003
17.3289
17.3562
17.3822
17.4069
17.4305
17.453
17.4744
17.4949
17.5144
17.533
17.5507
17.5676
17.5838
17.5994
17.6143
17.6287
17.6426
17.6559
17.6688
17.6812
17.6932
17.7048
17.716
17.7268
17.7373
17.7474
17.7572
17.7668
17.776
17.785
17.7938
17.8024
17.8108
17.819
17.8271
17.835
17.8427
17.8502
17.8576
17.8648
17.8719
17.8788
17.8855
17.8921
17.8986
17.9049
17.9111
17.9171
17.9231
17.9289
17.9347
17.9404
17.9461
17.9517
17.9572
17.9628
17.9682
17.9737
17.979
17.9843
17.9894
17.9942
17.9988
18.0029
18.0064
18.0089
18.0103
18.0101
18.0077
18.0026
17.9939
17.9807
17.962
17.9361
17.9039
17.8563
-2.73024
-2.74234
-2.75453
-2.76682
-2.77926
-2.79189
-2.80476
-2.81795
-2.8315
-2.84546
-2.8599
-2.8749
-2.89051
-2.90678
-2.92378
-2.94156
-2.96017
-2.97967
-3.00011
-3.02151
-3.04392
-3.06739
-3.09196
-3.11764
-3.14448
-3.1725
-3.20171
-3.23213
-3.26381
-3.29673
-3.33093
-3.36642
-3.4032
-3.44128
-3.48069
-3.52141
-3.56346
-3.60686
-3.6516
-3.69768
-3.74512
-3.79392
-3.84409
-3.89564
-3.94856
-4.00287
-4.05859
-4.11573
-4.17428
-4.23428
-4.29573
-4.35864
-4.42303
-4.48893
-4.55633
-4.62525
-4.6957
-4.76769
-4.84122
-4.91627
-4.99283
-5.0709
-5.15044
-5.23144
-5.31386
-5.39769
-5.48291
-5.56945
-5.65727
-5.74644
-5.83693
-5.92866
-6.02156
-6.11553
-6.2105
-6.30646
-6.40332
-6.50092
-6.59924
-6.69831
-6.79803
-6.89806
-6.99813
-7.09808
-7.19791
-7.29738
-7.39602
-7.49365
-7.59035
-7.68592
-7.77996
-7.87186
-7.96127
-8.04796
-8.1317
-8.21202
-8.28841
-8.36057
-8.42806
-8.49053
-8.54758
-8.5987
-8.64342
-8.68142
-8.71218
-8.73505
-8.74962
-8.75572
-8.75289
-8.74072
-8.71909
-8.68751
-8.64554
-8.5926
-8.52848
-8.45305
-8.36634
-8.26765
-8.15663
-8.0334
-7.89818
-7.75082
-7.59154
-7.42054
-7.23803
-7.0442
-6.83925
-6.62374
-6.39817
-6.16266
-5.91751
-5.66349
-5.4008
-5.12993
-4.85192
-4.56755
-4.27733
-3.98181
-3.68135
-3.377
-3.06956
-2.75991
-2.44864
-2.13634
-1.82342
-1.51047
-1.19816
-0.887145
-0.578029
-0.271123
0.0328409
0.333458
0.630274
0.922636
1.21038
1.49348
1.77141
2.04411
2.31165
2.57378
2.83042
3.08141
3.32649
3.56543
3.79868
4.02659
4.24922
4.4668
4.67912
4.88656
5.08919
5.28726
5.48109
5.67082
5.85686
6.03988
6.21988
6.39656
6.57013
6.74119
6.90997
7.07659
7.24129
7.40412
7.56522
7.72459
7.88254
8.03907
8.19403
8.34733
8.49929
8.64989
8.79916
8.94726
9.09446
9.2405
9.38503
9.5283
9.67069
9.81229
9.95287
10.0922
10.2303
10.3672
10.5033
10.6386
10.7728
10.9058
11.0375
11.1682
11.2978
11.4264
11.554
11.6807
11.8062
11.9305
12.0538
12.1761
12.2973
12.4173
12.5361
12.6537
12.7701
12.8853
12.9995
13.1125
13.2243
13.3348
13.444
13.5519
13.6587
13.7643
13.8685
13.9713
14.0728
14.173
14.272
14.3696
14.4659
14.5607
14.6541
14.7462
14.8369
14.926
15.0136
15.1001
15.185
15.2682
15.3499
15.4302
15.509
15.5863
15.6621
15.7364
15.8094
15.8813
15.9516
16.0204
16.0877
16.1534
16.2177
16.2807
16.3421
16.4018
16.4599
16.5167
16.5723
16.6265
16.6792
16.7303
16.7799
16.8279
16.8743
16.9191
16.9624
17.0041
17.0444
17.0831
17.1204
17.1562
17.1907
17.2238
17.2554
17.2856
17.3143
17.3418
17.3679
17.3928
17.4165
17.4392
17.4609
17.4815
17.5013
17.5201
17.5381
17.5553
17.5718
17.5877
17.603
17.6178
17.632
17.6458
17.6591
17.672
17.6845
17.6966
17.7083
17.7196
17.7305
17.7411
17.7514
17.7613
17.771
17.7804
17.7896
17.7986
17.8074
17.816
17.8244
17.8327
17.8408
17.8487
17.8564
17.864
17.8714
17.8786
17.8857
17.8927
17.8995
17.9062
17.9128
17.9193
17.9257
17.9321
17.9384
17.9447
17.9509
17.9572
17.9635
17.9698
17.9762
17.9826
17.989
17.9955
18.0019
18.0082
18.0144
18.0203
18.0258
18.0305
18.0343
18.0366
18.0371
18.0349
18.0293
18.0192
18.0036
17.9805
17.9511
17.904
-2.74366
-2.75682
-2.77011
-2.7835
-2.79707
-2.81086
-2.8249
-2.83925
-2.85398
-2.86912
-2.88472
-2.90084
-2.91756
-2.9349
-2.95292
-2.97167
-2.99121
-3.01157
-3.0328
-3.05493
-3.07802
-3.10208
-3.12718
-3.15331
-3.18053
-3.20884
-3.23828
-3.26886
-3.30062
-3.33356
-3.36769
-3.40304
-3.43962
-3.47743
-3.51649
-3.5568
-3.59838
-3.64122
-3.68535
-3.73077
-3.77747
-3.82546
-3.87475
-3.92536
-3.97727
-4.03051
-4.08509
-4.141
-4.19827
-4.2569
-4.31691
-4.3783
-4.4411
-4.50531
-4.57094
-4.63802
-4.70653
-4.77649
-4.84789
-4.92073
-4.99497
-5.07063
-5.14767
-5.22607
-5.30577
-5.38677
-5.46905
-5.55253
-5.63713
-5.7229
-5.80984
-5.89787
-5.98691
-6.07689
-6.16768
-6.25923
-6.35151
-6.44444
-6.53785
-6.63176
-6.72611
-6.82065
-6.91517
-7.00941
-7.10312
-7.19614
-7.28833
-7.37945
-7.46944
-7.55797
-7.6447
-7.72943
-7.81174
-7.89126
-7.96771
-8.04065
-8.10968
-8.17432
-8.2342
-8.28918
-8.33893
-8.38296
-8.42085
-8.45228
-8.47675
-8.49373
-8.50281
-8.50374
-8.49615
-8.47969
-8.45403
-8.41874
-8.37338
-8.31762
-8.25138
-8.1746
-8.08687
-7.98773
-7.87703
-7.755
-7.62147
-7.47641
-7.32007
-7.15272
-6.97452
-6.7858
-6.5866
-6.37735
-6.15845
-5.93006
-5.69271
-5.44704
-5.19305
-4.93117
-4.66242
-4.38762
-4.10723
-3.82157
-3.5312
-3.23704
-2.93985
-2.64031
-2.33898
-2.03643
-1.73316
-1.42974
-1.12668
-0.824668
-0.524207
-0.225705
0.0702281
0.36314
0.652674
0.938146
1.21943
1.4965
1.76911
2.03697
2.2999
2.55788
2.81052
3.05797
3.29996
3.53647
3.76748
3.99337
4.21427
4.43045
4.64176
4.84848
5.05068
5.24849
5.4422
5.63206
5.81827
6.00146
6.18176
6.359
6.53319
6.70498
6.87438
7.04178
7.20707
7.37056
7.53212
7.69206
7.8503
8.00726
8.16268
8.31651
8.46888
8.61981
8.76932
8.91773
9.06526
9.21155
9.35632
9.4999
9.64261
9.78439
9.92508
10.0645
10.2028
10.3399
10.4761
10.6115
10.7458
10.8789
11.0108
11.1416
11.2714
11.4
11.5278
11.6547
11.7803
11.9047
12.0281
12.1505
12.2719
12.3921
12.5111
12.6289
12.7454
12.8609
12.9752
13.0884
13.2003
13.311
13.4204
13.5284
13.6353
13.7411
13.8455
13.9485
14.0501
14.1504
14.2494
14.3471
14.4435
14.5385
14.6321
14.7243
14.8151
14.9043
14.992
15.0785
15.1636
15.247
15.3288
15.4092
15.4881
15.5655
15.6414
15.7159
15.7891
15.8611
15.9317
16.0007
16.0681
16.1341
16.1986
16.2616
16.3232
16.383
16.4414
16.4983
16.554
16.6082
16.6611
16.7124
16.7622
16.8103
16.8569
16.9019
16.9453
16.9872
17.0275
17.0663
17.1037
17.1398
17.1744
17.2076
17.2394
17.2698
17.2987
17.3262
17.3525
17.3776
17.4015
17.4244
17.4463
17.4673
17.4873
17.5064
17.5247
17.5422
17.559
17.5753
17.5909
17.6061
17.6208
17.635
17.6488
17.6622
17.6752
17.6879
17.7001
17.712
17.7235
17.7345
17.7453
17.7557
17.7659
17.7758
17.7854
17.7949
17.8041
17.8131
17.822
17.8306
17.8391
17.8473
17.8555
17.8634
17.8712
17.8788
17.8863
17.8936
17.9008
17.9079
17.9149
17.9218
17.9287
17.9355
17.9424
17.9492
17.9561
17.963
17.9701
17.9772
17.9844
17.9918
17.9993
18.007
18.0148
18.0226
18.0304
18.0382
18.0456
18.0527
18.0589
18.064
18.0674
18.0684
18.0662
18.0595
18.0473
18.0272
18.0009
17.9544
-2.75854
-2.77273
-2.78711
-2.80158
-2.81624
-2.83115
-2.84632
-2.86181
-2.87768
-2.89395
-2.91067
-2.92788
-2.94565
-2.96402
-2.98303
-3.00272
-3.02315
-3.04434
-3.06635
-3.08919
-3.11292
-3.13756
-3.16316
-3.18973
-3.21731
-3.24591
-3.27556
-3.30628
-3.3381
-3.37102
-3.40508
-3.44027
-3.47662
-3.51412
-3.55281
-3.59267
-3.63373
-3.67599
-3.71946
-3.76415
-3.81005
-3.85717
-3.90553
-3.95513
-4.00596
-4.05804
-4.11139
-4.16599
-4.22188
-4.27904
-4.3375
-4.39725
-4.45832
-4.52071
-4.58445
-4.64952
-4.71595
-4.78372
-4.85285
-4.92329
-4.99508
-5.06813
-5.14249
-5.21809
-5.29495
-5.37292
-5.45205
-5.53222
-5.61343
-5.69555
-5.77873
-5.86284
-5.94789
-6.03367
-6.12015
-6.207
-6.29436
-6.38218
-6.47055
-6.55922
-6.64819
-6.73709
-6.82587
-6.91399
-7.00142
-7.08785
-7.17356
-7.25802
-7.34116
-7.42242
-7.50191
-7.57919
-7.65421
-7.72621
-7.7952
-7.86052
-7.92216
-7.97929
-8.03197
-8.07962
-8.1223
-8.15924
-8.19049
-8.21536
-8.23374
-8.24482
-8.24866
-8.24455
-8.23237
-8.21149
-8.18187
-8.14288
-8.09446
-8.03616
-7.9682
-7.89008
-7.80142
-7.70179
-7.59153
-7.47056
-7.33887
-7.1963
-7.04324
-6.87983
-6.70635
-6.52284
-6.32949
-6.12657
-5.91445
-5.69328
-5.46376
-5.2264
-4.98117
-4.72844
-4.46909
-4.20395
-3.93336
-3.65775
-3.37756
-3.09378
-2.80689
-2.51757
-2.22619
-1.93356
-1.64
-1.34628
-1.0526
-0.759801
-0.468201
-0.178279
0.109565
0.394701
0.676892
0.955521
1.23037
1.50126
1.76826
2.03076
2.28888
2.54218
2.79074
3.0343
3.27305
3.5067
3.73554
3.95932
4.17853
4.39311
4.60338
4.80929
5.01107
5.20857
5.4022
5.59218
5.77865
5.96197
6.14266
6.32046
6.49554
6.6679
6.8381
7.00596
7.1719
7.33574
7.49794
7.65828
7.81707
7.97447
8.13045
8.28478
8.43765
8.589
8.73897
8.88774
9.03557
9.1821
9.32727
9.4712
9.61414
9.7561
9.89692
10.0365
10.175
10.3125
10.4489
10.5844
10.7188
10.8519
10.984
11.115
11.2449
11.3738
11.5017
11.6287
11.7545
11.8791
12.0026
12.1252
12.2468
12.3672
12.4864
12.6043
12.7211
12.8367
12.9511
13.0644
13.1765
13.2873
13.3969
13.5051
13.6121
13.7179
13.8225
13.9256
14.0273
14.1276
14.2267
14.3245
14.421
14.5161
14.6098
14.7021
14.7929
14.8823
14.97
15.0565
15.1417
15.2254
15.3074
15.3878
15.4667
15.5443
15.6204
15.695
15.7683
15.8406
15.9113
15.9805
16.0481
16.1143
16.1789
16.2421
16.3037
16.3637
16.4222
16.4793
16.535
16.5893
16.6423
16.6938
16.7437
16.792
16.8387
16.8838
16.9273
16.9693
17.0097
17.0486
17.0861
17.1223
17.1571
17.1905
17.2224
17.2529
17.2819
17.3096
17.3361
17.3614
17.3856
17.4087
17.4308
17.452
17.4724
17.4919
17.5105
17.5284
17.5456
17.5622
17.5783
17.5939
17.609
17.6237
17.638
17.652
17.6656
17.6788
17.6917
17.7041
17.7162
17.7278
17.7391
17.7501
17.7607
17.7712
17.7813
17.7913
17.801
17.8105
17.8197
17.8288
17.8377
17.8464
17.8549
17.8632
17.8713
17.8793
17.8872
17.8949
17.9025
17.9099
17.9174
17.9247
17.932
17.9394
17.9467
17.9541
17.9616
17.9692
17.9769
17.9848
17.993
18.0013
18.0099
18.0188
18.0279
18.0372
18.0467
18.0563
18.0659
18.0752
18.0841
18.0921
18.0986
18.103
18.1043
18.1013
18.0928
18.0761
18.0533
18.0076
-2.77491
-2.79011
-2.80554
-2.82106
-2.83677
-2.85275
-2.86903
-2.88561
-2.90255
-2.9199
-2.93769
-2.95594
-2.97473
-2.99408
-3.01404
-3.03462
-3.05589
-3.07788
-3.10063
-3.12415
-3.14849
-3.17367
-3.19975
-3.22673
-3.25465
-3.2835
-3.31335
-3.34418
-3.37604
-3.40892
-3.44287
-3.47787
-3.51396
-3.55112
-3.5894
-3.62877
-3.66927
-3.7109
-3.75366
-3.79756
-3.8426
-3.8888
-3.93615
-3.98467
-4.03433
-4.08518
-4.13719
-4.19041
-4.24478
-4.3004
-4.35717
-4.41521
-4.4744
-4.53489
-4.59652
-4.65951
-4.72364
-4.78914
-4.85574
-4.92371
-4.99278
-5.06318
-5.13456
-5.20723
-5.28086
-5.35572
-5.43138
-5.50814
-5.58561
-5.66409
-5.7432
-5.82334
-5.90401
-5.98552
-6.06728
-6.14957
-6.23181
-6.31458
-6.39741
-6.48082
-6.56398
-6.64715
-6.72945
-6.81141
-6.89217
-6.97232
-7.05104
-7.12887
-7.20475
-7.27916
-7.35116
-7.42124
-7.48841
-7.55319
-7.61443
-7.67259
-7.72652
-7.77666
-7.82188
-7.86266
-7.898
-7.92838
-7.95292
-7.97182
-7.98396
-7.98965
-7.98801
-7.97912
-7.96213
-7.93717
-7.90343
-7.86112
-7.80971
-7.74937
-7.67945
-7.59999
-7.51024
-7.41048
-7.3006
-7.18094
-7.05121
-6.91163
-6.76214
-6.60303
-6.4343
-6.25615
-6.06872
-5.87225
-5.66696
-5.45312
-5.23145
-5.00233
-4.76583
-4.52215
-4.27226
-4.01671
-3.75605
-3.49042
-3.22058
-2.94706
-2.67057
-2.39132
-2.11014
-1.82738
-1.54382
-1.25976
-0.975737
-0.692093
-0.409525
-0.1282
0.151378
0.428799
0.703447
0.975056
1.2432
1.50793
1.7688
2.02577
2.27855
2.52712
2.77121
3.01105
3.24631
3.47716
3.7034
3.92531
4.1427
4.35585
4.56478
4.7699
4.97112
5.16834
5.36172
5.5518
5.73856
5.92228
6.10324
6.28159
6.45715
6.63023
6.80087
6.96936
7.13567
7.30007
7.46268
7.62365
7.783
7.94092
8.09735
8.25225
8.40561
8.5575
8.70799
8.85724
9.00526
9.15207
9.29769
9.44199
9.58521
9.72738
9.86844
10.0083
10.1472
10.2849
10.4216
10.5572
10.6916
10.8249
10.9572
11.0884
11.2186
11.3477
11.4758
11.6029
11.7289
11.8536
11.9773
12.1001
12.2218
12.3424
12.4618
12.5799
12.6968
12.8125
12.9271
13.0405
13.1527
13.2636
13.3733
13.4816
13.5887
13.6946
13.7992
13.9024
14.0042
14.1046
14.2038
14.3016
14.3982
14.4934
14.5872
14.6795
14.7705
14.8599
14.9477
15.0342
15.1195
15.2033
15.2855
15.366
15.4451
15.5228
15.599
15.6737
15.7472
15.8195
15.8905
15.9598
16.0276
16.0938
16.1586
16.2219
16.2837
16.3438
16.4024
16.4596
16.5154
16.5698
16.6228
16.6744
16.7245
16.7729
16.8197
16.8649
16.9086
16.9506
16.9911
17.03
17.0676
17.1039
17.1388
17.1723
17.2044
17.2351
17.2642
17.2921
17.3188
17.3444
17.3688
17.3921
17.4145
17.4361
17.4568
17.4766
17.4957
17.514
17.5316
17.5487
17.5653
17.5814
17.5969
17.6121
17.627
17.6415
17.6556
17.6695
17.683
17.6961
17.7087
17.721
17.7328
17.7444
17.7556
17.7666
17.7773
17.7878
17.798
17.808
17.8178
17.8273
17.8366
17.8457
17.8546
17.8633
17.8719
17.8802
17.8884
17.8965
17.9045
17.9123
17.9201
17.9279
17.9357
17.9435
17.9513
17.9592
17.9673
17.9755
17.984
17.9927
18.0017
18.011
18.0207
18.0307
18.0411
18.052
18.0632
18.0746
18.0864
18.0981
18.1096
18.1206
18.1304
18.1385
18.1436
18.1446
18.1402
18.1273
18.1085
18.0637
-2.79279
-2.80897
-2.82537
-2.84191
-2.85865
-2.87566
-2.89294
-2.91056
-2.92854
-2.94692
-2.9657
-2.98493
-3.00467
-3.02495
-3.04578
-3.06721
-3.08927
-3.11201
-3.13545
-3.15961
-3.1845
-3.21019
-3.2367
-3.26406
-3.29227
-3.32136
-3.35135
-3.38226
-3.41411
-3.44693
-3.48072
-3.51551
-3.55128
-3.58808
-3.62589
-3.66474
-3.70462
-3.74556
-3.78755
-3.83061
-3.87474
-3.91994
-3.96621
-4.01356
-4.062
-4.11152
-4.16214
-4.21384
-4.26665
-4.32056
-4.37559
-4.43172
-4.48899
-4.54738
-4.60692
-4.66757
-4.72937
-4.7923
-4.85638
-4.92155
-4.98785
-5.05522
-5.12363
-5.19304
-5.26345
-5.33477
-5.40695
-5.47993
-5.55368
-5.62816
-5.70333
-5.77908
-5.8554
-5.93222
-6.0094
-6.08674
-6.16416
-6.24158
-6.31899
-6.39635
-6.47354
-6.55028
-6.62638
-6.70176
-6.77628
-6.84975
-6.92191
-6.99258
-7.06158
-7.12872
-7.19374
-7.25645
-7.31659
-7.37389
-7.42799
-7.47861
-7.52539
-7.56808
-7.60636
-7.64007
-7.66887
-7.6927
-7.71118
-7.72399
-7.73059
-7.73074
-7.72388
-7.70994
-7.68854
-7.65939
-7.62195
-7.57634
-7.52239
-7.45985
-7.3881
-7.30696
-7.21629
-7.11639
-7.00737
-6.88931
-6.76198
-6.62534
-6.47944
-6.32454
-6.16069
-5.98802
-5.80678
-5.617
-5.41864
-5.21209
-4.9981
-4.77719
-4.54934
-4.3147
-4.07403
-3.828
-3.57709
-3.3215
-3.06173
-2.79835
-2.53195
-2.26286
-1.99172
-1.71898
-1.44523
-1.17089
-0.896406
-0.622044
-0.348422
-0.0757311
0.195562
0.465011
0.732061
0.996397
1.25766
1.51584
1.77057
2.0218
2.26928
2.51301
2.75284
2.98884
3.22078
3.44874
3.67251
3.89224
4.10776
4.31932
4.52693
4.73108
4.9317
5.12863
5.3218
5.5118
5.69865
5.8827
6.0639
6.24253
6.41847
6.59205
6.76319
6.93224
7.09909
7.26407
7.4272
7.58881
7.74868
7.90711
8.06397
8.21942
8.37323
8.52566
8.67659
8.8263
8.9746
9.12184
9.26778
9.41253
9.55608
9.69861
9.83997
9.98022
10.1194
10.2575
10.3943
10.5301
10.6647
10.7984
10.9308
11.0623
11.1927
11.3221
11.4503
11.5776
11.7038
11.8287
11.9526
12.0755
12.1974
12.3181
12.4376
12.5559
12.673
12.7888
12.9034
13.0169
13.1292
13.2402
13.35
13.4584
13.5655
13.6715
13.7762
13.8795
13.9813
14.0819
14.181
14.2789
14.3756
14.4709
14.5648
14.6572
14.7482
14.8376
14.9255
15.0121
15.0975
15.1815
15.2638
15.3445
15.4237
15.5016
15.5779
15.6527
15.7262
15.7986
15.8697
15.9391
16.007
16.0734
16.1383
16.2018
16.2637
16.324
16.3826
16.4399
16.4958
16.5504
16.6035
16.6553
16.7054
16.754
16.8009
16.8462
16.8899
16.9321
16.9727
17.0117
17.0493
17.0856
17.1207
17.1543
17.1865
17.2173
17.2466
17.2747
17.3016
17.3274
17.3521
17.3757
17.3984
17.4203
17.4413
17.4615
17.481
17.4997
17.5178
17.5353
17.5524
17.569
17.5851
17.6008
17.6161
17.6311
17.6458
17.6602
17.6743
17.688
17.7012
17.714
17.7265
17.7386
17.7504
17.762
17.7733
17.7843
17.795
17.8055
17.8158
17.8258
17.8355
17.845
17.8544
17.8635
17.8724
17.8811
17.8897
17.8981
17.9065
17.9147
17.9229
17.9311
17.9392
17.9475
17.9558
17.9642
17.9729
17.9817
17.9908
18.0003
18.0101
18.0203
18.031
18.0422
18.0539
18.0661
18.0789
18.0923
18.1061
18.1202
18.1343
18.1483
18.1615
18.1731
18.1823
18.1874
18.1875
18.1786
18.1643
18.1202
-2.81215
-2.82925
-2.8466
-2.8641
-2.88178
-2.89976
-2.91802
-2.93661
-2.95555
-2.97487
-2.99458
-3.01473
-3.03536
-3.05649
-3.07813
-3.10033
-3.12313
-3.14656
-3.17062
-3.19534
-3.22075
-3.24689
-3.27379
-3.30147
-3.32993
-3.3592
-3.38929
-3.42024
-3.45205
-3.48475
-3.51835
-3.55286
-3.58828
-3.62465
-3.66196
-3.70022
-3.73944
-3.77963
-3.82081
-3.86295
-3.9061
-3.95022
-3.99536
-4.04145
-4.08859
-4.13668
-4.18582
-4.23591
-4.28708
-4.33919
-4.39239
-4.4465
-4.50172
-4.55788
-4.61519
-4.6734
-4.73274
-4.79297
-4.85438
-4.91663
-4.98001
-5.04417
-5.10945
-5.17546
-5.24251
-5.31014
-5.37869
-5.44769
-5.51754
-5.58779
-5.65879
-5.73001
-5.80185
-5.87379
-5.94622
-6.01842
-6.09079
-6.16264
-6.23447
-6.30563
-6.37676
-6.44711
-6.51721
-6.58615
-6.65443
-6.72108
-6.78669
-6.85034
-6.91265
-6.97261
-7.03082
-7.08623
-7.1394
-7.18923
-7.23629
-7.27946
-7.31935
-7.35488
-7.38669
-7.41367
-7.43641
-7.45391
-7.46662
-7.47336
-7.47452
-7.46901
-7.4572
-7.43842
-7.41284
-7.37939
-7.33851
-7.28987
-7.23365
-7.16879
-7.09539
-7.01298
-6.92216
-6.82266
-6.71489
-6.59845
-6.47341
-6.33953
-6.19719
-6.04637
-5.88725
-5.71998
-5.54484
-5.36149
-5.16988
-4.97067
-4.76458
-4.55196
-4.3326
-4.10684
-3.87526
-3.6387
-3.39738
-3.15166
-2.90165
-2.64822
-2.3917
-2.13274
-1.87154
-1.60876
-1.34465
-1.08005
-0.815011
-0.549993
-0.285276
-0.0213754
0.241609
0.502961
0.762331
1.01919
1.27357
1.52504
1.77364
2.01913
2.26156
2.50044
2.73608
2.96821
3.19692
3.4218
3.64309
3.86046
4.07414
4.28398
4.49037
4.69345
4.89345
5.08978
5.28268
5.47235
5.6593
5.84336
6.02478
6.20348
6.37983
6.55374
6.72552
6.89504
7.06261
7.22807
7.39187
7.55389
7.71432
7.87308
8.03046
8.1863
8.34069
8.4935
8.64498
8.79503
8.94384
9.0914
9.23784
9.383
9.52701
9.66991
9.8117
9.9523
10.0918
10.2302
10.3673
10.5034
10.6383
10.7722
10.905
11.0367
11.1673
11.2969
11.4255
11.553
11.6793
11.8045
11.9286
12.0516
12.1736
12.2945
12.4141
12.5325
12.6497
12.7656
12.8803
12.9939
13.1062
13.2173
13.3271
13.4356
13.5429
13.6488
13.7536
13.857
13.959
14.0595
14.1587
14.2567
14.3534
14.4488
14.5428
14.6352
14.7263
14.8158
14.9037
14.9904
15.0759
15.16
15.2425
15.3234
15.4028
15.4807
15.5572
15.632
15.7056
15.7781
15.8491
15.9186
15.9866
16.0531
16.1182
16.1819
16.244
16.3045
16.3633
16.4207
16.4767
16.5314
16.5847
16.6366
16.6868
16.7355
16.7825
16.8279
16.8717
16.9141
16.9549
16.994
17.0316
17.068
17.1032
17.1369
17.1692
17.2001
17.2296
17.2579
17.285
17.3111
17.3361
17.36
17.383
17.4051
17.4264
17.4469
17.4668
17.4859
17.5044
17.5224
17.54
17.557
17.5736
17.5898
17.6056
17.6211
17.6363
17.6512
17.6658
17.6799
17.6937
17.707
17.72
17.7328
17.7452
17.7573
17.7691
17.7807
17.7919
17.8029
17.8137
17.8241
17.8343
17.8443
17.854
17.8635
17.8728
17.8819
17.8908
17.8996
17.9083
17.9169
17.9254
17.934
17.9425
17.9512
17.96
17.9689
17.978
17.9874
17.9972
18.0073
18.0179
18.0289
18.0405
18.0528
18.0657
18.0793
18.0936
18.1087
18.1244
18.1408
18.1575
18.1743
18.1908
18.206
18.2192
18.2285
18.2332
18.2285
18.219
18.1758
-2.83293
-2.8509
-2.86915
-2.88752
-2.9061
-2.92499
-2.94415
-2.96362
-2.98345
-3.00364
-3.02421
-3.0452
-3.06664
-3.08854
-3.11092
-3.13382
-3.15728
-3.18132
-3.20595
-3.23118
-3.25704
-3.28357
-3.31079
-3.33873
-3.36739
-3.39678
-3.42693
-3.45785
-3.48957
-3.5221
-3.55545
-3.58964
-3.62467
-3.66055
-3.6973
-3.73492
-3.77342
-3.81281
-3.85309
-3.89427
-3.93635
-3.97935
-4.02324
-4.06805
-4.11376
-4.1604
-4.20792
-4.25636
-4.3057
-4.35599
-4.40716
-4.45928
-4.51225
-4.56618
-4.621
-4.67678
-4.73341
-4.79099
-4.8494
-4.90874
-4.96888
-5.02991
-5.09169
-5.15431
-5.21759
-5.28157
-5.34608
-5.41121
-5.47678
-5.54286
-5.60923
-5.67597
-5.74284
-5.80993
-5.87698
-5.94404
-6.01078
-6.07727
-6.14321
-6.20877
-6.27375
-6.33828
-6.40192
-6.46468
-6.52616
-6.58645
-6.64514
-6.70232
-6.75755
-6.81088
-6.86186
-6.9105
-6.95632
-6.99933
-7.03908
-7.07559
-7.10845
-7.13769
-7.16284
-7.18382
-7.20022
-7.212
-7.21861
-7.21983
-7.21515
-7.20455
-7.18782
-7.16474
-7.13457
-7.09727
-7.05295
-7.0016
-6.94258
-6.87562
-6.80087
-6.71834
-6.62786
-6.52945
-6.42307
-6.30868
-6.18607
-6.05523
-5.91623
-5.76935
-5.61479
-5.45284
-5.28333
-5.10585
-4.92069
-4.72865
-4.53022
-4.32555
-4.11467
-3.89771
-3.6753
-3.44803
-3.21631
-2.98027
-2.74015
-2.49651
-2.25
-2.00097
-1.74981
-1.49683
-1.24255
-0.987449
-0.731842
-0.475946
-0.220226
0.0350739
0.289669
0.542987
0.794537
1.04411
1.29153
1.53658
1.77903
2.01893
2.25616
2.49044
2.72172
2.94997
3.17508
3.3969
3.61543
3.83055
4.04213
4.25025
4.45517
4.65717
4.85613
5.05179
5.24414
5.43356
5.62028
5.80436
5.98578
6.16468
6.34124
6.5156
6.6878
6.85792
7.02596
7.19199
7.35623
7.51877
7.67961
7.83882
7.99653
8.15288
8.30775
8.46115
8.61313
8.76375
8.91301
9.06103
9.20786
9.35347
9.49791
9.64124
9.78343
9.92443
10.0643
10.203
10.3405
10.4769
10.6122
10.7464
10.8795
11.0114
11.1422
11.2721
11.401
11.5287
11.6553
11.7806
11.9049
12.0282
12.1502
12.2711
12.3908
12.5094
12.6266
12.7426
12.8574
12.9711
13.0834
13.1947
13.3045
13.4132
13.5204
13.6265
13.7313
13.8348
13.9368
14.0374
14.1366
14.2345
14.3313
14.4268
14.5208
14.6134
14.7045
14.794
14.882
14.9687
15.0543
15.1386
15.2213
15.3023
15.3818
15.4598
15.5364
15.6113
15.685
15.7575
15.8285
15.898
15.9661
16.0326
16.0978
16.1617
16.224
16.2847
16.3438
16.4013
16.4576
16.5124
16.5659
16.6178
16.6682
16.717
16.7642
16.8096
16.8535
16.896
16.937
16.9763
17.014
17.0505
17.0857
17.1195
17.1518
17.1829
17.2127
17.2412
17.2686
17.2951
17.3203
17.3445
17.3678
17.3901
17.4117
17.4326
17.4528
17.4723
17.4912
17.5097
17.5277
17.5452
17.5623
17.579
17.5953
17.6113
17.627
17.6423
17.6573
17.6719
17.6862
17.7001
17.7137
17.727
17.74
17.7527
17.7651
17.7772
17.789
17.8005
17.8117
17.8226
17.8332
17.8436
17.8537
17.8636
17.8732
17.8827
17.8919
17.9011
17.9101
17.919
17.9279
17.9368
17.9458
17.9548
17.9639
17.9733
17.9829
17.9929
18.0032
18.0139
18.0252
18.037
18.0495
18.0627
18.0768
18.0917
18.1074
18.1241
18.1417
18.1602
18.1794
18.1991
18.2187
18.2376
18.2547
18.2685
18.278
18.2777
18.2735
18.2314
-2.85505
-2.87383
-2.89289
-2.9121
-2.93151
-2.95121
-2.97119
-2.99148
-3.01213
-3.03312
-3.05445
-3.07618
-3.09834
-3.12094
-3.14398
-3.1675
-3.19154
-3.21612
-3.24123
-3.26689
-3.29313
-3.31998
-3.34745
-3.37559
-3.40437
-3.43383
-3.46396
-3.49481
-3.52637
-3.55867
-3.59172
-3.62552
-3.66009
-3.69543
-3.73155
-3.76847
-3.80618
-3.8447
-3.88402
-3.92417
-3.96512
-4.0069
-4.04949
-4.09292
-4.13713
-4.18219
-4.22803
-4.27473
-4.3222
-4.37052
-4.4196
-4.46954
-4.52023
-4.57177
-4.62405
-4.67721
-4.73109
-4.78579
-4.84118
-4.89737
-4.95421
-5.01183
-5.07004
-5.12897
-5.18841
-5.24848
-5.30895
-5.36994
-5.43117
-5.49276
-5.55448
-5.61643
-5.67834
-5.74033
-5.80211
-5.86378
-5.92501
-5.98594
-6.04626
-6.10614
-6.16524
-6.22368
-6.28102
-6.3374
-6.39241
-6.44618
-6.49827
-6.54879
-6.59727
-6.64382
-6.68797
-6.72978
-6.76877
-6.80502
-6.83806
-6.86799
-6.89433
-6.91716
-6.93602
-6.95088
-6.96127
-6.96713
-6.96786
-6.9634
-6.95335
-6.9379
-6.91666
-6.88912
-6.85481
-6.81405
-6.76673
-6.71264
-6.65128
-6.5828
-6.50728
-6.42466
-6.3346
-6.23714
-6.13216
-6.0197
-5.89959
-5.77177
-5.63631
-5.49365
-5.34399
-5.18728
-5.02306
-4.85112
-4.6722
-4.48702
-4.296
-4.09928
-3.89669
-3.68832
-3.47486
-3.25691
-3.03483
-2.80847
-2.57798
-2.34405
-2.10741
-1.86825
-1.62688
-1.38364
-1.13906
-0.893384
-0.646853
-0.399849
-0.152903
0.0938245
0.340192
0.585696
0.829685
1.07192
1.31248
1.5512
1.7877
2.02194
2.25386
2.48333
2.71023
2.93448
3.15598
3.37458
3.59023
3.80283
4.01221
4.21842
4.42176
4.62235
4.82011
5.01485
5.20659
5.3956
5.58205
5.76597
5.94735
6.12631
6.30304
6.47766
6.65021
6.82071
6.98916
7.15565
7.32032
7.4833
7.64463
7.80434
7.96252
8.11935
8.27478
8.42877
8.58133
8.73247
8.88223
9.03071
9.17795
9.32397
9.46887
9.61265
9.75526
9.89665
10.0369
10.1759
10.3138
10.4505
10.5862
10.7207
10.8541
10.9862
11.1173
11.2474
11.3766
11.5046
11.6313
11.7569
11.8814
12.0047
12.1269
12.2478
12.3677
12.4863
12.6036
12.7197
12.8347
12.9484
13.0609
13.1721
13.2821
13.3908
13.4982
13.6043
13.7092
13.8127
13.9147
14.0153
14.1145
14.2124
14.3092
14.4048
14.499
14.5916
14.6828
14.7724
14.8604
14.9471
15.0328
15.1171
15.1999
15.281
15.3606
15.4387
15.5154
15.5905
15.6643
15.7369
15.8081
15.8777
15.9458
16.0123
16.0775
16.1414
16.2039
16.2648
16.324
16.3817
16.4381
16.4931
16.5467
16.5988
16.6494
16.6984
16.7457
16.7912
16.8352
16.8778
16.919
16.9585
16.9964
17.033
17.0682
17.102
17.1344
17.1656
17.1956
17.2244
17.2522
17.2789
17.3045
17.329
17.3526
17.3752
17.397
17.4182
17.4387
17.4587
17.4781
17.497
17.5155
17.5335
17.551
17.5683
17.5851
17.6016
17.6178
17.6336
17.649
17.664
17.6788
17.6933
17.7074
17.7213
17.7349
17.7482
17.7612
17.7739
17.7862
17.7983
17.8099
17.8213
17.8324
17.8432
17.8536
17.8639
17.8739
17.8836
17.8932
17.9027
17.912
17.9212
17.9304
17.9397
17.9489
17.9583
17.9678
17.9776
17.9877
17.9981
18.0089
18.0202
18.0321
18.0447
18.058
18.0721
18.0872
18.1032
18.1203
18.1386
18.158
18.1786
18.2001
18.2226
18.2453
18.2677
18.289
18.3073
18.3218
18.3262
18.3276
18.2869
-2.87832
-2.89785
-2.91766
-2.93763
-2.95779
-2.97823
-2.99894
-3.01997
-3.04133
-3.06302
-3.08503
-3.10743
-3.13022
-3.15342
-3.17702
-3.20108
-3.2256
-3.25062
-3.27613
-3.30214
-3.32867
-3.35576
-3.38341
-3.41166
-3.4405
-3.46995
-3.5
-3.5307
-3.56203
-3.59404
-3.62671
-3.66007
-3.6941
-3.72884
-3.76427
-3.80042
-3.83727
-3.87486
-3.91315
-3.95219
-3.99193
-4.03243
-4.07363
-4.11559
-4.15823
-4.20164
-4.24572
-4.29057
-4.33607
-4.38234
-4.42926
-4.47693
-4.52522
-4.57429
-4.62394
-4.67435
-4.72534
-4.77706
-4.8293
-4.88226
-4.93571
-4.9898
-5.04432
-5.09946
-5.15496
-5.21099
-5.26725
-5.32388
-5.3806
-5.43758
-5.49454
-5.55165
-5.60859
-5.6655
-5.72206
-5.77841
-5.8342
-5.88961
-5.94426
-5.9983
-6.05139
-6.1037
-6.15484
-6.20495
-6.25361
-6.30094
-6.34651
-6.39047
-6.43237
-6.47235
-6.50993
-6.54522
-6.57773
-6.60758
-6.63427
-6.65788
-6.67793
-6.6945
-6.7071
-6.71582
-6.72014
-6.72004
-6.715
-6.70518
-6.69027
-6.67034
-6.64462
-6.61287
-6.575
-6.53128
-6.48133
-6.42507
-6.36218
-6.29294
-6.2171
-6.13436
-6.04442
-5.94754
-5.84371
-5.73297
-5.61525
-5.49036
-5.35841
-5.21994
-5.07497
-4.92311
-4.76407
-4.59809
-4.4258
-4.2477
-4.06413
-3.87518
-3.68063
-3.48056
-3.27577
-3.06691
-2.85416
-2.63719
-2.41617
-2.19174
-1.96463
-1.73507
-1.50329
-1.26955
-1.03431
-0.79771
-0.560075
-0.32187
-0.083462
0.15495
0.393037
0.630522
0.867058
1.10224
1.33592
1.56818
1.79875
2.02745
2.25418
2.47891
2.70146
2.92172
3.13951
3.35473
3.56732
3.77719
3.98408
4.18814
4.38979
4.58905
4.78555
4.97919
5.17017
5.3587
5.54473
5.72831
5.90946
6.08835
6.2651
6.43979
6.61249
6.78327
6.95208
7.11899
7.28414
7.44763
7.60952
7.76977
7.92845
8.08573
8.24169
8.3963
8.54948
8.70118
8.85147
9.00043
9.14812
9.29456
9.43987
9.5841
9.72716
9.86895
10.0096
10.1489
10.2871
10.4242
10.5601
10.695
10.8286
10.961
11.0924
11.2227
11.3521
11.4803
11.6073
11.733
11.8577
11.9812
12.1035
12.2246
12.3445
12.4632
12.5807
12.6969
12.8119
12.9257
13.0383
13.1497
13.2597
13.3685
13.4759
13.5821
13.687
13.7906
13.8927
13.9933
14.0925
14.1904
14.2873
14.383
14.4771
14.5698
14.661
14.7508
14.8388
14.9255
15.0111
15.0955
15.1783
15.2596
15.3392
15.4175
15.4941
15.5693
15.6433
15.7161
15.7875
15.8573
15.9255
15.9921
16.0574
16.1214
16.1837
16.2446
16.304
16.3618
16.4182
16.4732
16.5268
16.5792
16.6302
16.6794
16.7269
16.7726
16.8166
16.8592
16.9005
16.9403
16.9785
17.0152
17.0504
17.0843
17.1167
17.1481
17.1783
17.2075
17.2355
17.2625
17.2884
17.3133
17.3372
17.3601
17.3822
17.4036
17.4245
17.4449
17.4647
17.4842
17.5031
17.5216
17.5397
17.5574
17.5748
17.5918
17.6084
17.6247
17.6406
17.6562
17.6715
17.6865
17.7014
17.7159
17.7302
17.7441
17.7577
17.771
17.7839
17.7964
17.8086
17.8204
17.8319
17.8431
17.8539
17.8645
17.8748
17.8849
17.8948
17.9045
17.9141
17.9236
17.9331
17.9426
17.9521
17.9618
17.9717
17.9818
17.9922
18.003
18.0143
18.0262
18.0387
18.0519
18.0659
18.0809
18.0969
18.114
18.1324
18.1521
18.1732
18.1957
18.2196
18.2446
18.2705
18.2964
18.3218
18.3447
18.3644
18.3738
18.3812
18.3424
-2.90264
-2.92285
-2.94334
-2.96398
-2.98481
-3.00591
-3.02728
-3.04896
-3.07094
-3.09323
-3.11583
-3.13881
-3.16213
-3.18584
-3.2099
-3.2344
-3.25932
-3.2847
-3.31051
-3.33679
-3.36352
-3.39077
-3.41851
-3.44681
-3.47561
-3.50497
-3.53486
-3.56535
-3.59638
-3.62803
-3.66024
-3.69309
-3.72652
-3.7606
-3.79526
-3.83059
-3.8665
-3.90309
-3.94028
-3.97815
-4.01661
-4.05576
-4.0955
-4.13592
-4.17691
-4.2186
-4.26083
-4.30376
-4.34722
-4.39137
-4.43602
-4.48136
-4.52717
-4.57366
-4.6206
-4.66819
-4.71621
-4.76485
-4.81388
-4.8635
-4.91346
-4.96396
-5.01473
-5.06599
-5.11745
-5.16929
-5.22121
-5.2734
-5.32556
-5.3779
-5.4301
-5.48232
-5.53424
-5.58601
-5.63729
-5.68825
-5.73853
-5.78832
-5.83725
-5.88552
-5.93273
-5.97908
-6.02414
-6.06808
-6.11048
-6.15151
-6.19073
-6.22832
-6.26383
-6.29742
-6.32862
-6.3576
-6.38385
-6.40751
-6.42805
-6.4456
-6.45965
-6.47029
-6.47704
-6.47998
-6.47862
-6.47303
-6.46273
-6.44793
-6.42829
-6.40377
-6.37369
-6.33819
-6.29715
-6.25072
-6.19847
-6.14042
-6.07639
-6.00647
-5.93009
-5.84698
-5.75729
-5.66145
-5.55928
-5.45067
-5.33537
-5.21329
-5.08494
-4.95067
-4.81004
-4.66278
-4.50897
-4.34887
-4.18303
-4.01193
-3.83573
-3.65427
-3.46745
-3.27558
-3.07944
-2.87946
-2.6756
-2.46757
-2.2556
-2.04029
-1.82237
-1.60206
-1.37949
-1.15497
-0.928943
-0.701455
-0.47265
-0.243007
-0.0129962
0.21719
0.447231
0.67699
0.906169
1.13437
1.36136
1.58731
1.81206
2.03543
2.25713
2.47711
2.69519
2.91131
3.12533
3.33703
3.54631
3.75327
3.95764
4.15955
4.35939
4.55716
4.75236
4.94484
5.1348
5.32248
5.5079
5.69103
5.87183
6.05045
6.22711
6.40192
6.57481
6.74583
6.91499
7.08232
7.24788
7.41183
7.57424
7.73506
7.89426
8.05198
8.20839
8.36349
8.51723
8.66951
8.82035
8.96981
9.11793
9.26481
9.41057
9.55523
9.69869
9.84089
9.98187
10.1216
10.2601
10.3975
10.5338
10.669
10.8029
10.9357
11.0674
11.1979
11.3274
11.4558
11.583
11.709
11.8339
11.9576
12.0801
12.2013
12.3214
12.4402
12.5578
12.6741
12.7892
12.9031
13.0158
13.1272
13.2372
13.346
13.4535
13.5598
13.6648
13.7684
13.8705
13.9711
14.0702
14.1683
14.2654
14.361
14.4553
14.548
14.6393
14.729
14.8172
14.904
14.9896
15.0739
15.1568
15.238
15.3177
15.3959
15.4726
15.5478
15.6218
15.6946
15.7662
15.8363
15.9047
15.9716
16.0371
16.101
16.1633
16.2241
16.2836
16.3416
16.3979
16.4527
16.5063
16.5589
16.6103
16.6599
16.7076
16.7534
16.7977
16.8403
16.8816
16.9217
16.9602
16.9971
17.0324
17.0663
17.0988
17.1303
17.1608
17.1902
17.2185
17.2457
17.2719
17.2971
17.3213
17.3446
17.367
17.3888
17.4099
17.4307
17.451
17.4709
17.4904
17.5094
17.5281
17.5463
17.5642
17.5818
17.5989
17.6157
17.6321
17.6483
17.6643
17.6801
17.6956
17.7109
17.7258
17.7405
17.7547
17.7686
17.782
17.7951
17.8078
17.8201
17.832
17.8435
17.8547
17.8656
17.8762
17.8865
17.8967
17.9066
17.9164
17.9262
17.9359
17.9456
17.9554
17.9653
17.9755
17.9859
17.9966
18.0078
18.0195
18.0318
18.0448
18.0586
18.0733
18.089
18.1059
18.124
18.1436
18.1646
18.1873
18.2116
18.2377
18.2653
18.2941
18.3235
18.353
18.3807
18.4058
18.4204
18.4343
18.3977
-2.9277
-2.94853
-2.9696
-2.99082
-3.01226
-3.03395
-3.05585
-3.07806
-3.10059
-3.12342
-3.14651
-3.16993
-3.19368
-3.21781
-3.24226
-3.2671
-3.29231
-3.31795
-3.34396
-3.37042
-3.39726
-3.42458
-3.45233
-3.48058
-3.50926
-3.53847
-3.56812
-3.5983
-3.62896
-3.66017
-3.69187
-3.72414
-3.75689
-3.79024
-3.82407
-3.85849
-3.89341
-3.92894
-3.96496
-4.0016
-4.03871
-4.07645
-4.11465
-4.15348
-4.19275
-4.23264
-4.27297
-4.31391
-4.35525
-4.39721
-4.43954
-4.48247
-4.52574
-4.56959
-4.61375
-4.65847
-4.70347
-4.749
-4.79476
-4.84101
-4.88743
-4.93429
-4.98127
-5.02861
-5.07599
-5.12366
-5.17127
-5.21906
-5.2667
-5.31441
-5.36182
-5.40915
-5.45602
-5.50267
-5.54871
-5.59435
-5.6392
-5.6835
-5.72683
-5.76942
-5.81084
-5.85131
-5.89041
-5.92833
-5.96465
-5.99957
-6.03265
-6.06406
-6.09336
-6.12073
-6.14571
-6.16847
-6.18853
-6.20606
-6.22059
-6.23224
-6.24051
-6.24553
-6.24677
-6.24435
-6.23776
-6.22712
-6.21208
-6.19283
-6.16888
-6.14016
-6.10626
-6.06746
-6.0237
-5.97503
-5.9209
-5.86122
-5.79587
-5.72492
-5.64792
-5.5648
-5.47575
-5.38103
-5.28045
-5.17385
-5.06095
-4.94194
-4.81731
-4.68713
-4.55082
-4.408
-4.2589
-4.10437
-3.94516
-3.78117
-3.61197
-3.4374
-3.25793
-3.07409
-2.88632
-2.69468
-2.49897
-2.29934
-2.09623
-1.8899
-1.68095
-1.46973
-1.25631
-1.0409
-0.823764
-0.604872
-0.3846
-0.163436
0.0583389
0.280567
0.502844
0.725042
0.947014
1.16856
1.38935
1.6093
1.82832
2.04636
2.26298
2.47808
2.69159
2.90349
3.11361
3.32169
3.52759
3.73146
3.93312
4.13273
4.33058
4.52667
4.72036
4.9114
5.10013
5.28687
5.47155
5.65411
5.83449
6.01284
6.18939
6.36426
6.53729
6.70852
6.87796
7.04558
7.21142
7.37576
7.53863
7.69992
7.85952
8.0176
8.17443
8.33006
8.48432
8.63713
8.78847
8.93837
9.08689
9.23423
9.38045
9.52556
9.66946
9.81211
9.95346
10.0936
10.2325
10.3704
10.5071
10.6427
10.777
10.9101
11.042
11.1728
11.3025
11.4311
11.5586
11.6848
11.8098
11.9338
12.0564
12.1778
12.2981
12.4171
12.5348
12.6512
12.7665
12.8805
12.9933
13.1047
13.2147
13.3234
13.431
13.5374
13.6425
13.7461
13.8482
13.9486
14.0479
14.1462
14.2433
14.3389
14.433
14.5257
14.6171
14.707
14.7954
14.8823
14.9679
15.0522
15.135
15.2162
15.2959
15.374
15.4506
15.5258
15.5998
15.6725
15.7441
15.8143
15.8829
15.9501
16.0159
16.0799
16.1422
16.203
16.2626
16.3207
16.3769
16.4316
16.4852
16.538
16.5897
16.6396
16.6874
16.7335
16.778
16.8209
16.8623
16.9024
16.9411
16.9784
17.014
17.048
17.0806
17.1122
17.1428
17.1724
17.201
17.2283
17.2546
17.2802
17.3048
17.3284
17.3512
17.3734
17.395
17.4161
17.4369
17.4573
17.4773
17.4969
17.5162
17.535
17.5535
17.5716
17.5893
17.6067
17.6238
17.6407
17.6575
17.674
17.6904
17.7064
17.7222
17.7375
17.7524
17.7669
17.7809
17.7945
17.8077
17.8204
17.8327
17.8446
17.8561
17.8672
17.8781
17.8886
17.899
17.9091
17.9191
17.929
17.9389
17.9488
17.9587
17.9689
17.9792
17.9899
18.0009
18.0124
18.0244
18.0371
18.0505
18.0648
18.0801
18.0966
18.1142
18.1332
18.1538
18.1761
18.2003
18.2263
18.2545
18.2845
18.3162
18.3491
18.3827
18.415
18.4458
18.4658
18.4868
18.4527
-2.95342
-2.97478
-2.99636
-3.01809
-3.04002
-3.06219
-3.08458
-3.10726
-3.13021
-3.15345
-3.17694
-3.20074
-3.22483
-3.24927
-3.27399
-3.29909
-3.32449
-3.3503
-3.37643
-3.40297
-3.42985
-3.45715
-3.48481
-3.51293
-3.54143
-3.57039
-3.59973
-3.62955
-3.65976
-3.69047
-3.72158
-3.75321
-3.78523
-3.81778
-3.85072
-3.88419
-3.91806
-3.95248
-3.98727
-4.02262
-4.05834
-4.09461
-4.13124
-4.16841
-4.20592
-4.24397
-4.28234
-4.32124
-4.36043
-4.40014
-4.44011
-4.48058
-4.52127
-4.56244
-4.60379
-4.6456
-4.68755
-4.72992
-4.77239
-4.81523
-4.85813
-4.90134
-4.94454
-4.988
-5.03136
-5.0749
-5.11825
-5.16166
-5.20479
-5.24786
-5.29052
-5.33299
-5.37492
-5.41651
-5.45741
-5.49782
-5.53737
-5.57626
-5.61411
-5.65112
-5.68692
-5.72167
-5.75502
-5.78712
-5.81759
-5.8466
-5.87376
-5.89921
-5.92258
-5.94397
-5.96302
-5.97983
-5.99401
-6.00567
-6.0144
-6.02029
-6.02294
-6.02243
-6.01836
-6.01082
-5.99943
-5.9843
-5.96502
-5.94157
-5.91367
-5.88146
-5.84466
-5.80342
-5.75748
-5.70658
-5.65033
-5.58893
-5.5224
-5.45082
-5.37378
-5.29109
-5.20295
-5.10952
-5.01035
-4.9053
-4.7947
-4.67891
-4.55789
-4.43121
-4.29855
-4.16005
-4.01614
-3.86749
-3.71455
-3.557
-3.39427
-3.22651
-3.05437
-2.87821
-2.6982
-2.51427
-2.32642
-2.1351
-1.94061
-1.74318
-1.54319
-1.34067
-1.13574
-0.92873
-0.719899
-0.509345
-0.297452
-0.0845184
0.129402
0.344274
0.55949
0.774586
0.98956
1.20455
1.41921
1.63331
1.84675
2.05941
2.27097
2.48124
2.69008
2.89764
3.1039
3.30849
3.51109
3.71183
3.91068
4.10781
4.3034
4.49743
4.68946
4.87917
5.06666
5.2523
5.4361
5.61799
5.7979
5.97587
6.1522
6.32701
6.50009
6.67135
6.84089
7.00864
7.17469
7.33926
7.50254
7.66429
7.82439
7.98289
8.14013
8.29619
8.45096
8.60424
8.75611
8.90643
9.0554
9.20322
9.35003
9.49562
9.64001
9.78307
9.92489
10.0654
10.2049
10.3431
10.4803
10.6163
10.751
10.8844
11.0166
11.1476
11.2775
11.4064
11.534
11.6605
11.7858
11.9098
12.0326
12.1543
12.2746
12.3937
12.5115
12.6282
12.7434
12.8576
12.9704
13.0819
13.1919
13.3005
13.4081
13.5146
13.6196
13.7233
13.8253
13.926
14.0254
14.1238
14.2208
14.3163
14.4101
14.5029
14.5943
14.6842
14.7726
14.8597
14.9453
15.0294
15.1122
15.1934
15.273
15.351
15.4275
15.5028
15.5769
15.6497
15.7211
15.7912
15.8598
15.9271
15.9931
16.0574
16.1199
16.1808
16.2404
16.2985
16.3548
16.4096
16.4634
16.5163
16.568
16.6181
16.6662
16.7125
16.7572
16.8003
16.842
16.8823
16.9213
16.959
16.9951
17.0294
17.0622
17.0939
17.1247
17.1545
17.1831
17.2106
17.237
17.2629
17.2879
17.3119
17.3351
17.3578
17.3799
17.4015
17.4228
17.4437
17.4642
17.4845
17.5044
17.5238
17.5429
17.5616
17.58
17.5981
17.616
17.6338
17.6514
17.6689
17.686
17.7029
17.7194
17.7354
17.751
17.7661
17.7807
17.7948
17.8083
17.8214
17.8341
17.8462
17.858
17.8694
17.8804
17.8911
17.9016
17.9119
17.922
17.932
17.942
17.952
17.9621
17.9723
17.9829
17.9937
18.0049
18.0166
18.029
18.042
18.0558
18.0706
18.0864
18.1034
18.1218
18.1416
18.1632
18.1867
18.2122
18.2398
18.2699
18.3022
18.3367
18.373
18.4107
18.4478
18.4843
18.51
18.5385
18.5073
-2.97479
-2.99654
-3.01848
-3.04057
-3.06283
-3.08536
-3.10807
-3.13106
-3.15428
-3.17781
-3.20155
-3.2256
-3.24988
-3.27452
-3.2994
-3.32464
-3.35014
-3.37602
-3.40217
-3.42873
-3.45555
-3.48279
-3.51032
-3.5383
-3.56656
-3.59529
-3.6243
-3.65378
-3.68356
-3.71383
-3.7444
-3.77547
-3.80683
-3.8387
-3.87085
-3.90354
-3.93648
-3.96996
-4.0037
-4.03798
-4.0725
-4.10756
-4.14282
-4.17864
-4.21464
-4.25118
-4.28788
-4.32511
-4.36246
-4.40033
-4.43829
-4.47675
-4.51525
-4.55424
-4.59322
-4.63267
-4.67205
-4.71188
-4.7516
-4.79173
-4.83168
-4.87198
-4.91205
-4.95239
-4.99242
-5.03265
-5.07247
-5.11239
-5.1518
-5.19119
-5.22995
-5.26858
-5.30645
-5.34404
-5.38074
-5.41698
-5.45219
-5.48678
-5.52018
-5.55278
-5.58402
-5.61426
-5.64296
-5.67048
-5.69626
-5.72062
-5.74305
-5.76383
-5.78246
-5.7992
-5.81355
-5.82576
-5.83532
-5.84246
-5.84669
-5.84821
-5.84654
-5.84186
-5.83371
-5.82229
-5.80713
-5.78836
-5.76555
-5.73898
-5.70837
-5.67371
-5.63455
-5.59109
-5.543
-5.4902
-5.43247
-5.37004
-5.30296
-5.23132
-5.15454
-5.07233
-4.98483
-4.89205
-4.79373
-4.69015
-4.58181
-4.46847
-4.34982
-4.22566
-4.09608
-3.96124
-3.82156
-3.67755
-3.5294
-3.37656
-3.21887
-3.0567
-2.89043
-2.7203
-2.54643
-2.36869
-2.18709
-2.00217
-1.81434
-1.62365
-1.43024
-1.23445
-1.03647
-0.836354
-0.634228
-0.430389
-0.225034
-0.0183367
0.189614
0.398502
0.60766
0.816868
1.02634
1.23613
1.44583
1.65503
1.86358
2.07162
2.27889
2.48526
2.69047
2.89463
3.09766
3.29937
3.4993
3.69753
3.89395
4.08898
4.28262
4.4749
4.66535
4.85388
5.04029
5.22503
5.40795
5.58921
5.76848
5.94598
6.12181
6.29634
6.46919
6.64046
6.80988
6.97771
7.14375
7.30855
7.47197
7.63407
7.79442
7.9533
8.11075
8.26723
8.42231
8.57605
8.72815
8.8789
9.02821
9.17657
9.32368
9.46975
9.61439
9.75793
9.90001
10.041
10.1807
10.3194
10.4568
10.5931
10.7279
10.8616
10.9941
11.1253
11.2554
11.3845
11.5124
11.6391
11.7644
11.8886
12.0115
12.1332
12.2536
12.3727
12.4906
12.6072
12.7226
12.8368
12.9498
13.0613
13.1713
13.28
13.3876
13.494
13.5989
13.7024
13.8045
13.9053
14.005
14.1034
14.2003
14.2955
14.3894
14.4822
14.5735
14.6633
14.7517
14.8388
14.9245
15.0086
15.0912
15.1723
15.2518
15.3297
15.4063
15.4818
15.556
15.6288
15.7
15.7699
15.8385
15.9059
15.972
16.0365
16.0993
16.1604
16.2202
16.2783
16.3346
16.3898
16.4439
16.4968
16.5485
16.5988
16.6471
16.6936
16.7383
16.7815
16.8236
16.8643
16.9036
16.9418
16.9785
17.0132
17.0464
17.0783
17.1093
17.1393
17.1679
17.1955
17.2222
17.2482
17.2735
17.2979
17.3215
17.3445
17.367
17.3892
17.4109
17.4322
17.4532
17.4739
17.4942
17.5141
17.5337
17.5529
17.5719
17.5907
17.6094
17.628
17.6464
17.6646
17.6825
17.7001
17.7172
17.7339
17.75
17.7656
17.7806
17.7951
17.8091
17.8225
17.8354
17.8478
17.8598
17.8713
17.8825
17.8933
17.9039
17.9143
17.9245
17.9346
17.9446
17.9547
17.9649
17.9753
17.986
17.9969
18.0083
18.0203
18.0328
18.0461
18.0603
18.0755
18.0917
18.1093
18.1283
18.1489
18.1714
18.1958
18.2226
18.2517
18.2836
18.3181
18.3553
18.3948
18.4366
18.4784
18.5209
18.5523
18.5891
18.561
-2.99135
-3.01334
-3.03555
-3.05787
-3.0804
-3.10312
-3.12607
-3.14924
-3.17269
-3.19636
-3.22029
-3.24445
-3.26892
-3.29363
-3.31864
-3.34391
-3.3695
-3.39537
-3.42157
-3.44805
-3.47487
-3.50198
-3.52946
-3.55723
-3.58537
-3.61382
-3.64265
-3.67177
-3.7013
-3.73113
-3.76137
-3.7919
-3.82285
-3.85409
-3.88574
-3.91769
-3.95005
-3.98269
-4.01574
-4.04907
-4.08279
-4.11678
-4.15115
-4.18577
-4.22077
-4.25599
-4.29157
-4.32735
-4.36347
-4.39975
-4.43636
-4.47309
-4.51012
-4.54724
-4.58461
-4.62205
-4.6597
-4.69738
-4.73523
-4.77305
-4.811
-4.84885
-4.88676
-4.92452
-4.96225
-4.99975
-5.03712
-5.07417
-5.111
-5.1474
-5.18344
-5.21895
-5.25398
-5.28833
-5.32206
-5.35498
-5.38712
-5.41829
-5.44853
-5.47764
-5.50564
-5.53235
-5.55776
-5.5817
-5.60414
-5.62493
-5.644
-5.6612
-5.67648
-5.68967
-5.70069
-5.70938
-5.71565
-5.71932
-5.72034
-5.71857
-5.71384
-5.70599
-5.69498
-5.68068
-5.66294
-5.64154
-5.61638
-5.58745
-5.55468
-5.51788
-5.47705
-5.43205
-5.38264
-5.32868
-5.27018
-5.20714
-5.13966
-5.06763
-4.99056
-4.90824
-4.8209
-4.72853
-4.63107
-4.52894
-4.42236
-4.31075
-4.19377
-4.07148
-3.94412
-3.81213
-3.67588
-3.53542
-3.39055
-3.24105
-3.08713
-2.92908
-2.76704
-2.60102
-2.43121
-2.2578
-2.08111
-1.90135
-1.71855
-1.53279
-1.34431
-1.15355
-0.960606
-0.765375
-0.567978
-0.368895
-0.168278
0.0337489
0.237092
0.441459
0.646311
0.851286
1.05646
1.26198
1.46765
1.67302
1.87793
2.08248
2.28654
2.48987
2.69232
2.89381
3.09419
3.29336
3.49107
3.68728
3.8819
4.07521
4.26728
4.45803
4.64718
4.8346
5.02018
5.20405
5.38619
5.56674
5.7455
5.92249
6.09792
6.27209
6.4447
6.61577
6.78511
6.95286
7.11893
7.28375
7.44724
7.60939
7.7699
7.92891
8.08661
8.24323
8.39852
8.55244
8.70487
8.85594
9.00566
9.15426
9.30175
9.44796
9.59294
9.73656
9.87899
10.0202
10.1603
10.2991
10.4367
10.573
10.7081
10.8419
10.9746
11.106
11.2364
11.3657
11.4937
11.6204
11.7458
11.8701
11.9931
12.1149
12.2353
12.3544
12.4723
12.5889
12.7044
12.8187
12.9317
13.0432
13.1533
13.2622
13.3698
13.4762
13.581
13.6844
13.7865
13.8874
13.9872
14.0856
14.1823
14.2775
14.3716
14.4644
14.5557
14.6454
14.7338
14.8209
14.9066
14.9908
15.0733
15.1544
15.2338
15.3119
15.3886
15.4642
15.5384
15.6112
15.6824
15.7522
15.8208
15.8881
15.9539
16.0185
16.0818
16.1433
16.2031
16.2611
16.3177
16.3733
16.4278
16.4806
16.5323
16.5828
16.6313
16.6778
16.7227
16.7662
16.8086
16.8497
16.8894
16.9279
16.9649
17.0001
17.0337
17.066
17.0973
17.1275
17.1562
17.1839
17.2108
17.2371
17.2626
17.2873
17.3112
17.3343
17.3571
17.3796
17.4017
17.4234
17.4447
17.4656
17.4862
17.5064
17.5263
17.546
17.5655
17.5849
17.6043
17.6235
17.6426
17.6614
17.6799
17.6979
17.7156
17.7327
17.7492
17.7652
17.7806
17.7954
17.8097
17.8233
17.8364
17.849
17.8611
17.8728
17.8841
17.8951
17.9057
17.9162
17.9264
17.9366
17.9467
17.9569
17.9672
17.9777
17.9884
17.9995
18.0111
18.0232
18.036
18.0495
18.064
18.0795
18.0962
18.1142
18.1337
18.155
18.1783
18.2037
18.2315
18.262
18.2956
18.3321
18.3718
18.4144
18.4602
18.5066
18.5553
18.5927
18.6385
18.6139
-3.00599
-3.02819
-3.05059
-3.07308
-3.09581
-3.1187
-3.14182
-3.16513
-3.18874
-3.21252
-3.23658
-3.26083
-3.28541
-3.31018
-3.33527
-3.36055
-3.38619
-3.41204
-3.43824
-3.46465
-3.49143
-3.51842
-3.54581
-3.57341
-3.60141
-3.62962
-3.65825
-3.68708
-3.71635
-3.74581
-3.77571
-3.8058
-3.83635
-3.86706
-3.89824
-3.92957
-3.96137
-3.9933
-4.02571
-4.05823
-4.09122
-4.12431
-4.15785
-4.19146
-4.22553
-4.25964
-4.29419
-4.32874
-4.36372
-4.39866
-4.43402
-4.46929
-4.50497
-4.54051
-4.57642
-4.61216
-4.64824
-4.6841
-4.72027
-4.75614
-4.79228
-4.82806
-4.86406
-4.89962
-4.93531
-4.97048
-5.00571
-5.04032
-5.07487
-5.10872
-5.14238
-5.17523
-5.20777
-5.23938
-5.27053
-5.30061
-5.3301
-5.35838
-5.38589
-5.41206
-5.43728
-5.461
-5.48359
-5.50452
-5.52412
-5.54188
-5.55807
-5.57224
-5.58467
-5.59487
-5.60311
-5.60891
-5.61243
-5.61331
-5.61172
-5.60719
-5.59985
-5.58941
-5.57605
-5.55942
-5.53958
-5.51612
-5.48913
-5.45828
-5.4237
-5.38522
-5.34292
-5.29653
-5.24594
-5.19103
-5.13184
-5.06826
-5.00034
-4.92779
-4.85033
-4.76806
-4.68109
-4.5894
-4.49288
-4.39197
-4.28665
-4.17641
-4.06088
-3.94036
-3.8151
-3.68572
-3.55229
-3.41475
-3.27274
-3.12628
-2.97568
-2.82115
-2.66254
-2.49999
-2.33382
-2.16428
-1.99163
-1.81592
-1.63719
-1.45555
-1.27129
-1.08454
-0.895536
-0.704269
-0.511036
-0.315959
-0.119248
0.0789404
0.278283
0.478564
0.67939
0.880541
1.08198
1.28383
1.48596
1.68798
1.88976
2.09142
2.29286
2.49361
2.69351
2.89248
3.09057
3.28746
3.48317
3.67748
3.87051
4.0623
4.25307
4.44245
4.63043
4.81671
5.00152
5.18462
5.36624
5.54615
5.72455
5.90111
6.07632
6.2501
6.42258
6.59334
6.76261
6.93014
7.09633
7.2611
7.42472
7.58685
7.74751
7.90667
8.06461
8.2213
8.37676
8.53079
8.6835
8.8348
8.9849
9.13378
9.28153
9.42802
9.57315
9.71695
9.85952
10.0009
10.1411
10.2801
10.4178
10.5542
10.6894
10.8235
10.9563
11.0879
11.2184
11.3479
11.4761
11.6028
11.7283
11.8525
11.9756
12.0974
12.2179
12.3371
12.455
12.5716
12.687
12.8014
12.9143
13.0258
13.136
13.2451
13.3528
13.4591
13.5638
13.6672
13.7693
13.8702
13.97
14.0682
14.1648
14.2602
14.3545
14.4473
14.5385
14.6282
14.7166
14.8036
14.8893
14.9735
15.0562
15.1372
15.2168
15.2952
15.3722
15.4477
15.5218
15.5946
15.666
15.7358
15.8044
15.8716
15.9373
16.0017
16.0653
16.1271
16.1869
16.2451
16.302
16.358
16.4128
16.4657
16.5173
16.5678
16.6164
16.6632
16.7084
16.7523
16.795
16.8365
16.8765
16.9152
16.9524
16.9881
17.0222
17.0548
17.0865
17.1171
17.1461
17.1739
17.2011
17.2276
17.2533
17.2783
17.3025
17.3259
17.3489
17.3717
17.3941
17.4161
17.4377
17.4588
17.4796
17.5001
17.5204
17.5405
17.5605
17.5806
17.6005
17.6203
17.6399
17.6591
17.6781
17.6966
17.7146
17.7321
17.749
17.7652
17.7809
17.7959
17.8104
17.8242
17.8375
17.8502
17.8624
17.8742
17.8855
17.8966
17.9073
17.9178
17.9281
17.9383
17.9485
17.9587
17.9691
17.9796
17.9905
18.0017
18.0133
18.0256
18.0386
18.0523
18.067
18.0829
18.0999
18.1183
18.1384
18.1603
18.1842
18.2104
18.2393
18.2711
18.3061
18.3445
18.3866
18.4322
18.4818
18.5328
18.5876
18.6312
18.6866
18.6657
-3.01904
-3.04144
-3.06396
-3.08663
-3.10947
-3.13254
-3.15573
-3.17921
-3.20288
-3.22682
-3.25091
-3.27529
-3.29987
-3.32476
-3.34982
-3.37519
-3.40076
-3.42668
-3.45277
-3.47921
-3.50584
-3.53283
-3.56002
-3.58758
-3.61533
-3.64345
-3.67176
-3.70047
-3.72936
-3.75864
-3.78809
-3.81796
-3.84798
-3.87841
-3.90898
-3.93996
-3.97107
-4.0026
-4.03422
-4.06626
-4.09838
-4.13091
-4.16348
-4.19646
-4.22946
-4.26284
-4.29621
-4.32996
-4.36366
-4.39771
-4.43168
-4.46598
-4.50015
-4.53462
-4.56892
-4.60351
-4.63788
-4.67249
-4.70682
-4.74135
-4.77555
-4.80989
-4.84383
-4.87785
-4.91139
-4.94491
-4.97788
-5.01074
-5.04295
-5.07494
-5.10617
-5.13708
-5.16712
-5.1967
-5.22529
-5.25329
-5.28019
-5.30632
-5.3312
-5.35516
-5.37773
-5.3992
-5.41913
-5.43777
-5.45469
-5.4701
-5.48365
-5.49555
-5.50544
-5.51343
-5.51912
-5.52264
-5.5237
-5.52243
-5.51844
-5.51176
-5.50218
-5.48979
-5.47437
-5.456
-5.43438
-5.40935
-5.38058
-5.34806
-5.31182
-5.272
-5.22845
-5.18096
-5.12928
-5.07349
-5.01367
-4.94967
-4.88128
-4.80832
-4.73082
-4.64873
-4.56212
-4.47087
-4.37512
-4.27513
-4.17092
-4.06178
-3.94761
-3.82861
-3.70538
-3.57827
-3.44725
-3.31212
-3.17274
-3.029
-2.88124
-2.72961
-2.57393
-2.41431
-2.25117
-2.08487
-1.91549
-1.74309
-1.56767
-1.38934
-1.20827
-1.02481
-0.839131
-0.651365
-0.461629
-0.27017
-0.0770316
0.117457
0.313022
0.509428
0.706575
0.904231
1.10222
1.30071
1.49978
1.69894
1.89796
2.09713
2.29629
2.49486
2.69251
2.88939
3.08547
3.28059
3.47462
3.66754
3.85924
4.04989
4.2394
4.4277
4.61458
4.80007
4.98405
5.16661
5.3476
5.52715
5.70511
5.88145
6.05631
6.22991
6.40207
6.57271
6.74173
6.90928
7.0754
7.24029
7.40389
7.5661
7.72689
7.88626
8.04433
8.20116
8.35666
8.5108
8.66363
8.81515
8.96542
9.11455
9.26251
9.40914
9.55445
9.69846
9.8412
9.98271
10.123
10.2621
10.3999
10.5365
10.6718
10.806
10.939
11.0707
11.2014
11.3309
11.4591
11.586
11.7115
11.8358
11.9589
12.0808
12.2012
12.3205
12.4385
12.5552
12.6707
12.7849
12.8977
13.0092
13.1195
13.2287
13.3364
13.4427
13.5474
13.6509
13.753
13.8539
13.9534
14.0515
14.1482
14.2436
14.3379
14.4307
14.5219
14.6117
14.7
14.787
14.8727
14.957
15.0396
15.1209
15.2007
15.2794
15.3567
15.4322
15.5063
15.5793
15.6508
15.7206
15.7891
15.8565
15.9222
15.9864
16.0496
16.1116
16.1718
16.2303
16.2877
16.3439
16.3988
16.452
16.5036
16.5539
16.6025
16.6496
16.6953
16.7398
16.7827
16.8244
16.8648
16.9035
16.9409
16.9769
17.0115
17.0446
17.0766
17.1076
17.137
17.1651
17.1926
17.2193
17.2453
17.2705
17.2949
17.3186
17.342
17.365
17.3877
17.4101
17.4318
17.4531
17.4741
17.4949
17.5156
17.5362
17.5568
17.5774
17.5978
17.6181
17.6381
17.6578
17.6771
17.696
17.7143
17.732
17.7492
17.7657
17.7815
17.7967
17.8113
17.8253
17.8386
17.8514
17.8637
17.8755
17.8869
17.898
17.9087
17.9192
17.9296
17.9398
17.95
17.9603
17.9706
17.9812
17.9921
18.0034
18.0152
18.0276
18.0407
18.0547
18.0696
18.0856
18.103
18.1218
18.1422
18.1647
18.1892
18.2162
18.246
18.2789
18.3153
18.3554
18.3997
18.4482
18.5014
18.5568
18.6178
18.6677
18.7333
18.7166
-3.03072
-3.05323
-3.0759
-3.09865
-3.12162
-3.14477
-3.1681
-3.19162
-3.2154
-3.23938
-3.26358
-3.28798
-3.31264
-3.33751
-3.36264
-3.38798
-3.41359
-3.43943
-3.46555
-3.49189
-3.5185
-3.54535
-3.57249
-3.59987
-3.62753
-3.65543
-3.68362
-3.71205
-3.74077
-3.76972
-3.79897
-3.82843
-3.85819
-3.88816
-3.91842
-3.94888
-3.97962
-4.01054
-4.04173
-4.0731
-4.10471
-4.13648
-4.16848
-4.20062
-4.23296
-4.26542
-4.29806
-4.33079
-4.36367
-4.39661
-4.42968
-4.46279
-4.49597
-4.52916
-4.5624
-4.59561
-4.62882
-4.66196
-4.69506
-4.72803
-4.7609
-4.79359
-4.82611
-4.85839
-4.89041
-4.92212
-4.95348
-4.98445
-5.01498
-5.045
-5.07448
-5.10336
-5.13159
-5.15909
-5.18581
-5.21171
-5.2367
-5.26072
-5.28366
-5.30549
-5.32607
-5.34536
-5.36327
-5.37976
-5.39468
-5.40797
-5.41953
-5.42935
-5.43727
-5.44316
-5.44687
-5.44839
-5.44765
-5.44449
-5.43865
-5.4301
-5.41878
-5.40466
-5.38766
-5.36763
-5.34426
-5.31741
-5.28702
-5.25312
-5.21581
-5.1751
-5.13067
-5.08222
-5.02971
-4.97322
-4.91274
-4.84816
-4.77931
-4.70613
-4.62861
-4.54672
-4.46043
-4.36962
-4.27442
-4.17514
-4.07168
-3.96355
-3.85067
-3.73318
-3.61161
-3.48628
-3.35714
-3.22402
-3.08674
-2.94513
-2.79953
-2.65015
-2.49695
-2.33999
-2.17962
-2.01602
-1.84929
-1.67951
-1.50676
-1.33118
-1.15296
-0.972417
-0.789725
-0.605039
-0.418503
-0.230342
-0.0406022
0.150522
0.342806
0.535987
0.730019
0.92469
1.11984
1.3156
1.51211
1.70883
1.90547
2.10232
2.29938
2.49598
2.69173
2.88677
3.08115
3.2747
3.4673
3.65888
3.84937
4.03883
4.22726
4.41449
4.60043
4.78504
4.96832
5.15019
5.33062
5.50962
5.68714
5.86316
6.03776
6.2111
6.38305
6.55351
6.72246
6.88997
7.05612
7.22102
7.38462
7.54687
7.70773
7.86723
8.02543
8.18235
8.33793
8.49214
8.64509
8.79675
8.94718
9.09644
9.24445
9.39117
9.5366
9.68078
9.82369
9.96535
10.1058
10.245
10.3829
10.5196
10.655
10.7893
10.9224
11.0542
11.185
11.3145
11.4427
11.5697
11.6954
11.8198
11.9429
12.0647
12.1852
12.3046
12.4226
12.5394
12.6549
12.769
12.8818
12.9934
13.1037
13.2129
13.3206
13.4268
13.5317
13.6352
13.7374
13.8382
13.9377
14.0358
14.1325
14.228
14.3222
14.4149
14.5061
14.596
14.6844
14.7714
14.8572
14.9414
15.0241
15.1055
15.1856
15.2644
15.3419
15.4176
15.4918
15.565
15.6368
15.7067
15.7751
15.8426
15.9086
15.9726
16.0354
16.0974
16.1581
16.217
16.2747
16.3312
16.3861
16.4395
16.491
16.5411
16.5899
16.6373
16.6834
16.7283
16.7716
16.8134
16.8541
16.8929
16.9304
16.9668
17.0018
17.0353
17.0678
17.099
17.1288
17.1573
17.185
17.2119
17.2381
17.2636
17.2883
17.3124
17.336
17.3593
17.3823
17.4049
17.4269
17.4484
17.4697
17.4908
17.5119
17.533
17.5541
17.5752
17.5961
17.6168
17.6372
17.6573
17.6769
17.696
17.7146
17.7325
17.7498
17.7665
17.7824
17.7977
17.8124
17.8264
17.8398
17.8527
17.865
17.8768
17.8882
17.8993
17.91
17.9205
17.9308
17.9411
17.9513
17.9616
17.9719
17.9826
17.9935
18.0049
18.0167
18.0292
18.0424
18.0565
18.0716
18.0879
18.1055
18.1246
18.1454
18.1683
18.1935
18.2211
18.2517
18.2856
18.3233
18.365
18.4113
18.4624
18.5191
18.5787
18.6459
18.702
18.7785
18.7662
-3.0412
-3.06379
-3.08657
-3.1094
-3.13247
-3.15567
-3.1791
-3.20267
-3.22654
-3.25054
-3.27481
-3.29922
-3.32394
-3.34881
-3.37398
-3.39929
-3.42492
-3.4507
-3.47682
-3.50307
-3.52966
-3.55639
-3.58348
-3.6107
-3.63828
-3.66598
-3.69406
-3.72225
-3.75082
-3.77949
-3.80854
-3.83768
-3.8672
-3.89678
-3.92676
-3.95677
-3.98717
-4.01759
-4.04839
-4.07918
-4.11033
-4.14146
-4.17294
-4.20435
-4.23611
-4.26776
-4.29974
-4.33158
-4.36374
-4.39571
-4.42798
-4.46002
-4.49234
-4.52439
-4.55669
-4.58867
-4.62087
-4.6527
-4.68471
-4.71628
-4.74799
-4.7792
-4.81049
-4.8412
-4.87192
-4.902
-4.932
-4.96127
-4.99037
-5.01865
-5.04665
-5.07375
-5.10045
-5.12614
-5.15132
-5.17539
-5.1988
-5.22098
-5.24234
-5.2623
-5.28125
-5.29867
-5.31493
-5.32956
-5.34284
-5.35429
-5.36422
-5.3722
-5.37849
-5.38262
-5.38483
-5.38475
-5.38248
-5.37756
-5.37013
-5.35996
-5.34721
-5.33158
-5.31314
-5.29155
-5.26677
-5.23854
-5.20694
-5.17193
-5.13369
-5.09199
-5.0466
-4.99737
-4.94426
-4.88719
-4.82614
-4.76111
-4.69191
-4.61853
-4.5409
-4.45915
-4.37305
-4.28267
-4.18803
-4.08946
-3.98657
-3.8793
-3.76745
-3.65127
-3.53112
-3.40742
-3.27984
-3.14841
-3.01282
-2.87301
-2.72907
-2.58141
-2.43009
-2.27526
-2.11708
-1.95572
-1.7913
-1.6239
-1.45364
-1.28061
-1.10505
-0.92713
-0.74715
-0.565205
-0.381473
-0.196067
-0.00916528
0.179214
0.368836
0.559559
0.751211
0.943628
1.13649
1.32998
1.52429
1.71887
1.9134
2.10823
2.30336
2.49815
2.69215
2.88546
3.07819
3.27021
3.4614
3.65168
3.84098
4.02932
4.21665
4.40287
4.58787
4.77163
4.95413
5.13529
5.31506
5.49348
5.67049
5.84607
6.02038
6.19346
6.36517
6.53545
6.70433
6.87185
7.03803
7.20291
7.36648
7.52869
7.68959
7.84915
8.00743
8.16441
8.32007
8.47439
8.62742
8.7792
8.92976
9.07912
9.22721
9.37397
9.51948
9.66374
9.80677
9.94857
10.0891
10.2284
10.3664
10.5033
10.6388
10.7732
10.9064
11.0383
11.1691
11.2986
11.4269
11.5539
11.6797
11.8042
11.9274
12.0493
12.1698
12.2891
12.4072
12.524
12.6396
12.7537
12.8666
12.9782
13.0885
13.1976
13.3053
13.4116
13.5166
13.6202
13.7224
13.8233
13.9228
14.021
14.1179
14.2134
14.3075
14.4001
14.4913
14.5812
14.6697
14.7568
14.8427
14.927
15.0098
15.0913
15.1716
15.2505
15.328
15.404
15.4785
15.5518
15.6237
15.6937
15.7624
15.8299
15.8958
15.96
16.0226
16.0848
16.1458
16.2049
16.2629
16.3196
16.3745
16.4279
16.4795
16.5297
16.5787
16.6263
16.6727
16.7179
16.7614
16.8035
16.8443
16.8832
16.9208
16.9576
16.993
17.027
17.0597
17.0913
17.1214
17.1503
17.1782
17.2053
17.2318
17.2575
17.2825
17.3069
17.3309
17.3544
17.3777
17.4005
17.4227
17.4445
17.4661
17.4876
17.5092
17.5308
17.5524
17.5739
17.5952
17.6163
17.6371
17.6574
17.6772
17.6966
17.7153
17.7334
17.7508
17.7675
17.7836
17.7989
17.8137
17.8277
17.8411
17.854
17.8662
17.8781
17.8894
17.9005
17.9112
17.9217
17.932
17.9422
17.9524
17.9626
17.973
17.9837
17.9946
18.006
18.0179
18.0305
18.0438
18.058
18.0732
18.0897
18.1075
18.1269
18.1481
18.1713
18.1969
18.2252
18.2565
18.2914
18.3302
18.3732
18.4215
18.4749
18.5349
18.5986
18.6717
18.7341
18.822
18.8145
-3.05057
-3.07329
-3.09608
-3.11903
-3.14212
-3.16543
-3.18885
-3.21254
-3.2364
-3.26051
-3.28474
-3.30925
-3.33392
-3.35888
-3.38397
-3.40935
-3.43488
-3.46072
-3.48671
-3.51301
-3.53944
-3.5662
-3.5931
-3.62032
-3.64768
-3.67537
-3.70319
-3.73134
-3.7596
-3.7882
-3.8169
-3.84594
-3.87506
-3.90452
-3.93404
-3.96388
-3.99377
-4.02398
-4.0542
-4.08473
-4.11524
-4.14605
-4.17682
-4.20787
-4.23883
-4.27006
-4.30117
-4.33253
-4.36373
-4.39516
-4.42639
-4.45783
-4.48903
-4.52041
-4.55152
-4.58277
-4.6137
-4.64473
-4.6754
-4.70611
-4.7364
-4.76668
-4.79648
-4.82621
-4.85539
-4.88442
-4.91284
-4.94103
-4.96852
-4.99566
-5.02201
-5.04792
-5.07296
-5.09744
-5.12095
-5.1438
-5.16557
-5.18652
-5.20624
-5.22495
-5.24224
-5.25836
-5.27296
-5.28627
-5.29795
-5.30815
-5.31655
-5.32328
-5.32803
-5.33085
-5.33149
-5.33005
-5.3262
-5.31996
-5.31114
-5.29978
-5.28565
-5.26876
-5.24895
-5.22617
-5.20015
-5.17084
-5.13825
-5.10242
-5.06327
-5.02065
-4.97441
-4.92452
-4.87087
-4.81333
-4.75189
-4.68652
-4.61709
-4.54343
-4.46567
-4.38385
-4.29799
-4.20796
-4.11392
-4.01579
-3.91352
-3.80696
-3.69618
-3.58117
-3.46239
-3.33999
-3.21382
-3.08372
-2.94962
-2.8112
-2.66866
-2.52241
-2.3728
-2.21978
-2.06346
-1.90398
-1.7415
-1.57619
-1.40809
-1.23736
-1.06411
-0.888562
-0.710934
-0.531263
-0.349736
-0.166584
0.0181019
0.204323
0.391958
0.580757
0.770508
0.961003
1.15197
1.34363
1.5359
1.72841
1.92099
2.11395
2.30731
2.50043
2.6928
2.88454
3.07578
3.26642
3.45632
3.64538
3.83355
4.02081
4.20711
4.39233
4.57643
4.75937
4.9411
5.12158
5.30075
5.4786
5.65507
5.83023
6.00419
6.17693
6.34837
6.51843
6.68717
6.85461
7.02073
7.18556
7.34907
7.51127
7.67214
7.83173
7.99005
8.14707
8.30278
8.45721
8.61032
8.76218
8.91283
9.06228
9.21039
9.35724
9.50282
9.64716
9.79027
9.93214
10.0728
10.2122
10.3504
10.4873
10.623
10.7575
10.8907
11.0227
11.1535
11.2831
11.4115
11.5385
11.6644
11.7889
11.9122
12.0342
12.1548
12.2742
12.3923
12.5091
12.6247
12.7389
12.8518
12.9635
13.0739
13.1829
13.2906
13.397
13.502
13.6057
13.708
13.809
13.9086
14.0069
14.1039
14.1996
14.2937
14.3862
14.4775
14.5675
14.656
14.7433
14.8292
14.9137
14.9965
15.0782
15.1587
15.2376
15.3151
15.3914
15.4662
15.5395
15.6115
15.6818
15.7507
15.8182
15.8841
15.9485
16.0114
16.0736
16.1346
16.194
16.2522
16.3091
16.364
16.4173
16.469
16.5194
16.5689
16.6167
16.6631
16.7084
16.7522
16.7945
16.8354
16.8746
16.9124
16.9493
16.985
17.0194
17.0524
17.0842
17.1148
17.1439
17.1721
17.1994
17.226
17.2521
17.2774
17.3023
17.3266
17.3504
17.3739
17.3969
17.4194
17.4415
17.4634
17.4854
17.5074
17.5295
17.5515
17.5734
17.5951
17.6165
17.6375
17.658
17.6781
17.6976
17.7164
17.7346
17.7521
17.7689
17.785
17.8003
17.815
17.8291
17.8425
17.8553
17.8675
17.8793
17.8906
17.9016
17.9122
17.9227
17.9329
17.9431
17.9533
17.9635
17.9739
17.9845
17.9955
18.0069
18.0188
18.0314
18.0448
18.0591
18.0745
18.0911
18.1091
18.1287
18.1501
18.1738
18.1998
18.2285
18.2605
18.2961
18.3359
18.3803
18.4303
18.4859
18.5489
18.6163
18.6954
18.764
18.8637
18.8613
-3.059
-3.08174
-3.10461
-3.12759
-3.15075
-3.17408
-3.19757
-3.22127
-3.24519
-3.26929
-3.29358
-3.31807
-3.34279
-3.36772
-3.39285
-3.41817
-3.44372
-3.46949
-3.49549
-3.5217
-3.54812
-3.57476
-3.60163
-3.62872
-3.65603
-3.68356
-3.7113
-3.73925
-3.76742
-3.7958
-3.82437
-3.85315
-3.88211
-3.91126
-3.94059
-3.97009
-3.99974
-4.02955
-4.0595
-4.08958
-4.11977
-4.15007
-4.18046
-4.21094
-4.24146
-4.27206
-4.30267
-4.33333
-4.36397
-4.39462
-4.42523
-4.45583
-4.48634
-4.51681
-4.54716
-4.57744
-4.60755
-4.63756
-4.66735
-4.69698
-4.72633
-4.75546
-4.78425
-4.81278
-4.84091
-4.86871
-4.89604
-4.92297
-4.94931
-4.97517
-5.00037
-5.025
-5.04888
-5.07207
-5.09441
-5.11599
-5.13659
-5.15628
-5.17481
-5.19224
-5.20834
-5.2232
-5.23664
-5.24876
-5.25934
-5.26836
-5.2756
-5.28112
-5.28466
-5.28622
-5.28563
-5.28297
-5.27798
-5.27064
-5.26073
-5.24821
-5.23289
-5.21484
-5.19396
-5.17014
-5.14313
-5.11299
-5.07961
-5.04298
-5.00298
-4.95956
-4.9126
-4.86206
-4.80786
-4.74988
-4.68807
-4.62238
-4.55271
-4.47893
-4.4011
-4.3193
-4.23364
-4.14396
-4.05031
-3.95258
-3.85077
-3.74486
-3.63489
-3.52088
-3.40316
-3.28183
-3.15675
-3.0278
-2.89483
-2.75763
-2.61642
-2.4716
-2.32355
-2.17223
-2.01763
-1.85989
-1.69923
-1.53577
-1.3696
-1.20081
-1.02955
-0.855994
-0.680233
-0.502477
-0.322824
-0.141451
0.0415542
0.22616
0.41213
0.599274
0.78738
0.976235
1.16572
1.35588
1.54658
1.73738
1.92825
2.11947
2.31108
2.50255
2.69338
2.88366
3.07356
3.26293
3.45162
3.63954
3.82663
4.01288
4.19818
4.38245
4.56569
4.74784
4.92884
5.10865
5.28724
5.46456
5.64061
5.81536
5.98893
6.16129
6.33241
6.50224
6.67078
6.83805
7.00404
7.16877
7.33222
7.49434
7.65519
7.81478
7.97314
8.13018
8.28591
8.44039
8.59356
8.7455
8.89624
9.04573
9.19389
9.34078
9.48647
9.63091
9.77408
9.91598
10.0567
10.1963
10.3345
10.4716
10.6074
10.742
10.8753
11.0074
11.1383
11.2679
11.3964
11.5235
11.6494
11.7741
11.8974
12.0195
12.1402
12.2596
12.3778
12.4947
12.6104
12.7247
12.8376
12.9494
13.0598
13.1688
13.2766
13.383
13.4881
13.5919
13.6943
13.7953
13.8951
13.9935
14.0905
14.1862
14.2804
14.3731
14.4644
14.5545
14.6432
14.7305
14.8166
14.9012
14.9842
15.066
15.1466
15.2256
15.3032
15.3797
15.4547
15.5282
15.6001
15.6707
15.7398
15.8075
15.8735
15.9382
16.0015
16.0636
16.1245
16.1841
16.2425
16.2995
16.3544
16.4078
16.4597
16.5104
16.56
16.608
16.6547
16.7
16.7439
16.7863
16.8274
16.8668
16.9049
16.942
16.9779
17.0126
17.0458
17.0778
17.1087
17.1382
17.1666
17.1941
17.2209
17.2473
17.273
17.2982
17.3229
17.347
17.3707
17.3939
17.4167
17.4391
17.4615
17.4839
17.5064
17.5289
17.5513
17.5736
17.5956
17.6172
17.6384
17.6591
17.6794
17.6989
17.7179
17.7361
17.7536
17.7704
17.7865
17.8018
17.8165
17.8306
17.8439
17.8566
17.8688
17.8805
17.8918
17.9027
17.9132
17.9236
17.9338
17.9439
17.954
17.9642
17.9746
17.9852
17.9961
18.0075
18.0195
18.0321
18.0455
18.06
18.0754
18.0922
18.1103
18.1301
18.1517
18.1756
18.202
18.2312
18.2638
18.3001
18.3408
18.3863
18.4378
18.4953
18.5611
18.6322
18.7168
18.7916
18.9035
18.9065
-3.06649
-3.08925
-3.11218
-3.13516
-3.15838
-3.18171
-3.20526
-3.22896
-3.25293
-3.27702
-3.30135
-3.32582
-3.35058
-3.37547
-3.40063
-3.42589
-3.45147
-3.47716
-3.50318
-3.52929
-3.55572
-3.58224
-3.6091
-3.63605
-3.66334
-3.6907
-3.7184
-3.74617
-3.77428
-3.80244
-3.83093
-3.85946
-3.88832
-3.91718
-3.94638
-3.97555
-4.00505
-4.03448
-4.06424
-4.09389
-4.12385
-4.15367
-4.18377
-4.21371
-4.2439
-4.27389
-4.30412
-4.3341
-4.36431
-4.39422
-4.42433
-4.45411
-4.48408
-4.51367
-4.54342
-4.57275
-4.6022
-4.63119
-4.66026
-4.68884
-4.71744
-4.74546
-4.77345
-4.80081
-4.8281
-4.85472
-4.88118
-4.90686
-4.93232
-4.95694
-4.98126
-5.00468
-5.02769
-5.04969
-5.07117
-5.09155
-5.11127
-5.12973
-5.14734
-5.16358
-5.17884
-5.19259
-5.20522
-5.21626
-5.22604
-5.23398
-5.24038
-5.24477
-5.24743
-5.24789
-5.24643
-5.24269
-5.2368
-5.22836
-5.2175
-5.20389
-5.18769
-5.16868
-5.14696
-5.12222
-5.09446
-5.06354
-5.02946
-4.99208
-4.95142
-4.90734
-4.85974
-4.80857
-4.7538
-4.69535
-4.63307
-4.56696
-4.49692
-4.42303
-4.34524
-4.26366
-4.17815
-4.08875
-3.99531
-3.89792
-3.79649
-3.69111
-3.58174
-3.46847
-3.35147
-3.23091
-3.10665
-2.97865
-2.84666
-2.7106
-2.57061
-2.42724
-2.28073
-2.131
-1.978
-1.8219
-1.66291
-1.50113
-1.33665
-1.16959
-1.00007
-0.82821
-0.654215
-0.478116
-0.300095
-0.120307
0.0611878
0.244265
0.428719
0.61431
0.800862
0.988242
1.17643
1.36544
1.55492
1.74458
1.93433
2.12427
2.31432
2.50414
2.69345
2.88237
3.07099
3.25917
3.44676
3.63365
3.81976
4.00504
4.18942
4.37283
4.55527
4.73668
4.917
5.09618
5.27419
5.45102
5.62661
5.80099
5.97418
6.14619
6.31701
6.48661
6.65494
6.822
6.98782
7.15242
7.31579
7.47787
7.63865
7.79821
7.95659
8.11365
8.26939
8.4239
8.57711
8.72909
8.87993
9.02947
9.17764
9.32459
9.47038
9.61492
9.75817
9.90016
10.041
10.1806
10.319
10.4561
10.5921
10.7268
10.8603
10.9925
11.1235
11.2532
11.3817
11.5089
11.635
11.7597
11.8831
12.0053
12.1261
12.2456
12.3639
12.4809
12.5966
12.711
12.8241
12.9359
13.0463
13.1554
13.2632
13.3696
13.4748
13.5787
13.6811
13.7823
13.8821
13.9806
14.0777
14.1735
14.2678
14.3606
14.452
14.5422
14.6311
14.7186
14.8047
14.8894
14.9727
15.0545
15.1352
15.2146
15.2923
15.3688
15.444
15.5176
15.5897
15.6605
15.7297
15.7975
15.8639
15.9289
15.9924
16.0546
16.1155
16.1752
16.2337
16.2907
16.3458
16.3994
16.4516
16.5023
16.552
16.6003
16.6471
16.6925
16.7365
16.7791
16.8202
16.86
16.8982
16.9354
16.9715
17.0064
17.0397
17.072
17.1033
17.1331
17.1617
17.1893
17.2164
17.2431
17.2692
17.2948
17.3199
17.3443
17.3681
17.3915
17.4146
17.4374
17.4602
17.4831
17.5061
17.529
17.5517
17.5743
17.5965
17.6183
17.6398
17.6606
17.6809
17.7006
17.7196
17.7378
17.7553
17.7721
17.7881
17.8034
17.8181
17.832
17.8453
17.8579
17.87
17.8817
17.8928
17.9037
17.9142
17.9245
17.9346
17.9446
17.9547
17.9648
17.9751
17.9857
17.9966
18.008
18.0199
18.0326
18.0461
18.0605
18.076
18.0929
18.1111
18.1311
18.1529
18.1771
18.2038
18.2333
18.2663
18.3033
18.3447
18.3913
18.4441
18.5034
18.5717
18.646
18.736
18.8168
18.9411
18.9499
-3.07304
-3.09586
-3.11875
-3.14181
-3.16501
-3.18841
-3.21193
-3.2357
-3.25963
-3.28379
-3.30806
-3.3326
-3.3573
-3.38225
-3.40732
-3.43264
-3.45812
-3.48387
-3.50976
-3.53592
-3.56221
-3.58879
-3.61548
-3.64247
-3.66957
-3.69697
-3.72446
-3.75225
-3.78013
-3.8083
-3.83653
-3.86505
-3.89362
-3.92247
-3.95134
-3.98047
-4.0096
-4.03897
-4.06831
-4.09786
-4.12736
-4.15704
-4.18663
-4.21638
-4.246
-4.27576
-4.30536
-4.33506
-4.36456
-4.39414
-4.42348
-4.45287
-4.48199
-4.51114
-4.53999
-4.56883
-4.59732
-4.62577
-4.65384
-4.68181
-4.70934
-4.73673
-4.76363
-4.79035
-4.81655
-4.8425
-4.86784
-4.89284
-4.91716
-4.9411
-4.96432
-4.98705
-5.00897
-5.03029
-5.05071
-5.07039
-5.08902
-5.10676
-5.12334
-5.13891
-5.15317
-5.16629
-5.17797
-5.18839
-5.19723
-5.20454
-5.20998
-5.21366
-5.21534
-5.2151
-5.21275
-5.20834
-5.20152
-5.1923
-5.18048
-5.16613
-5.14904
-5.12929
-5.10669
-5.08122
-5.05274
-5.0212
-4.98641
-4.94834
-4.90701
-4.86236
-4.81426
-4.76263
-4.70741
-4.64852
-4.58587
-4.51937
-4.44905
-4.37497
-4.29721
-4.2157
-4.13035
-4.04099
-3.94771
-3.85052
-3.74947
-3.64451
-3.53565
-3.42292
-3.30653
-3.18655
-3.06289
-2.93546
-2.80424
-2.66918
-2.53057
-2.3886
-2.2435
-2.09515
-1.94355
-1.78889
-1.63139
-1.47113
-1.3082
-1.14271
-0.974787
-0.804558
-0.632071
-0.457576
-0.281113
-0.102859
0.0771099
0.258651
0.441599
0.625688
0.810785
0.996842
1.18384
1.37159
1.55994
1.74867
1.93767
2.12678
2.31571
2.50417
2.69223
2.88004
3.06755
3.25466
3.44126
3.62723
3.81247
3.9969
4.18046
4.36312
4.54484
4.7256
4.90531
5.08393
5.26142
5.43776
5.61297
5.78697
5.95979
6.13147
6.30203
6.47143
6.63953
6.80638
6.972
7.13647
7.29977
7.46178
7.6225
7.78203
7.94043
8.0975
8.25325
8.40781
8.56104
8.71307
8.86396
9.01354
9.16177
9.30877
9.4546
9.59922
9.74259
9.88476
10.0257
10.1653
10.3038
10.4411
10.5771
10.712
10.8456
10.978
11.1091
11.239
11.3675
11.4949
11.6211
11.7459
11.8695
11.9917
12.1126
12.2322
12.3506
12.4677
12.5834
12.6979
12.8111
12.923
13.0334
13.1426
13.2504
13.3569
13.4622
13.5662
13.6687
13.7699
13.8698
13.9684
14.0656
14.1614
14.2559
14.3488
14.4403
14.5306
14.6196
14.7073
14.7936
14.8784
14.9619
15.0439
15.1247
15.2043
15.2822
15.3587
15.4341
15.5079
15.5802
15.6512
15.7205
15.7884
15.8552
15.9205
15.9842
16.0465
16.1074
16.1673
16.2257
16.2828
16.3381
16.3919
16.4444
16.4952
16.5449
16.5934
16.6404
16.6858
16.7299
16.7727
16.8139
16.8539
16.8924
16.9297
16.9658
17.0009
17.0342
17.0666
17.0984
17.1285
17.1574
17.1851
17.2124
17.2394
17.2659
17.2918
17.3172
17.3419
17.366
17.3897
17.4131
17.4363
17.4596
17.4829
17.5063
17.5295
17.5526
17.5754
17.5979
17.6199
17.6414
17.6624
17.6828
17.7024
17.7214
17.7397
17.7572
17.7739
17.7899
17.8051
17.8197
17.8336
17.8467
17.8593
17.8713
17.8828
17.8939
17.9046
17.915
17.9253
17.9353
17.9453
17.9552
17.9653
17.9755
17.9861
17.997
18.0084
18.0203
18.0329
18.0464
18.0609
18.0764
18.0934
18.1117
18.1318
18.1538
18.1781
18.2051
18.2349
18.2683
18.3058
18.3479
18.3953
18.4493
18.5101
18.5807
18.6581
18.7531
18.8398
18.9765
18.9915
-3.07871
-3.10151
-3.12444
-3.14749
-3.17072
-3.19411
-3.21767
-3.24143
-3.2654
-3.28954
-3.31385
-3.33836
-3.36307
-3.38799
-3.41308
-3.43836
-3.46384
-3.48954
-3.51543
-3.54153
-3.56781
-3.5943
-3.62098
-3.64788
-3.67496
-3.70225
-3.72972
-3.75739
-3.78522
-3.81325
-3.84142
-3.8698
-3.89829
-3.92696
-3.95573
-3.98467
-4.01367
-4.04282
-4.072
-4.1013
-4.13059
-4.15998
-4.18933
-4.21874
-4.24806
-4.27743
-4.30668
-4.33593
-4.36502
-4.39409
-4.42296
-4.45179
-4.48037
-4.50891
-4.53719
-4.56537
-4.59323
-4.62097
-4.64835
-4.67557
-4.70238
-4.72896
-4.75513
-4.78105
-4.80648
-4.83162
-4.85619
-4.88039
-4.90395
-4.92713
-4.94962
-4.9716
-4.99277
-5.01334
-5.03301
-5.05192
-5.06978
-5.08679
-5.10272
-5.11758
-5.1312
-5.14361
-5.15465
-5.16437
-5.17257
-5.17916
-5.18391
-5.18681
-5.18773
-5.18674
-5.18378
-5.17872
-5.17132
-5.16138
-5.14893
-5.13388
-5.11615
-5.09564
-5.0723
-5.04607
-5.01698
-4.98485
-4.94948
-4.91081
-4.86893
-4.8238
-4.77526
-4.72324
-4.66764
-4.60842
-4.54552
-4.47891
-4.40853
-4.33437
-4.2565
-4.17495
-4.08957
-4.00029
-3.90706
-3.81004
-3.70927
-3.60473
-3.49636
-3.38422
-3.26841
-3.14895
-3.02575
-2.89878
-2.76808
-2.63387
-2.49632
-2.35569
-2.21185
-2.06469
-1.91429
-1.76091
-1.60472
-1.44582
-1.28427
-1.1202
-0.953709
-0.78488
-0.613898
-0.44078
-0.265751
-0.0889159
0.0896199
0.269727
0.451232
0.633952
0.817769
1.00262
1.18838
1.37494
1.56205
1.74967
1.9377
2.12592
2.31395
2.50151
2.68882
2.8759
3.0626
3.24886
3.43465
3.61986
3.80438
3.9881
4.171
4.35304
4.53417
4.71437
4.89358
5.07173
5.24879
5.42476
5.5996
5.77328
5.94577
6.11715
6.28748
6.45671
6.62465
6.79129
6.95673
7.12105
7.28424
7.44617
7.60682
7.76633
7.92474
8.08182
8.23763
8.39222
8.5455
8.69756
8.84843
8.998
9.14635
9.29344
9.43926
9.5839
9.7274
9.86976
10.0108
10.1505
10.2891
10.4266
10.5628
10.6979
10.8317
10.9642
11.0955
11.2254
11.3541
11.4816
11.6079
11.7328
11.8565
11.9788
12.0998
12.2195
12.338
12.4552
12.571
12.6855
12.7988
12.9107
13.0213
13.1305
13.2385
13.3451
13.4504
13.5544
13.6571
13.7583
13.8583
13.957
14.0543
14.1501
14.2447
14.3378
14.4295
14.5199
14.609
14.6968
14.7832
14.8683
14.9519
15.0341
15.115
15.1947
15.2729
15.3496
15.4251
15.499
15.5715
15.6427
15.7122
15.7802
15.8473
15.9129
15.9767
16.0391
16.1002
16.1602
16.2186
16.2757
16.3313
16.3853
16.4379
16.4888
16.5386
16.5874
16.6344
16.68
16.7242
16.7672
16.8084
16.8486
16.8872
16.9246
16.9608
16.9959
17.0294
17.0618
17.0939
17.1244
17.1535
17.1815
17.209
17.2362
17.263
17.2893
17.315
17.3399
17.3643
17.3883
17.412
17.4357
17.4594
17.4832
17.5069
17.5304
17.5538
17.5768
17.5995
17.6216
17.6433
17.6643
17.6847
17.7044
17.7234
17.7416
17.7591
17.7757
17.7917
17.8068
17.8213
17.8351
17.8481
17.8606
17.8725
17.884
17.8949
17.9056
17.9159
17.926
17.9359
17.9458
17.9557
17.9657
17.9759
17.9864
17.9972
18.0086
18.0204
18.0331
18.0466
18.0611
18.0767
18.0936
18.1121
18.1322
18.1543
18.1789
18.206
18.2361
18.2698
18.3077
18.3504
18.3985
18.4535
18.5157
18.5882
18.6684
18.7679
18.8603
19.0094
19.031
-3.08349
-3.10627
-3.12922
-3.15225
-3.17551
-3.1989
-3.22249
-3.24624
-3.27025
-3.29438
-3.31872
-3.3432
-3.36794
-3.39282
-3.41794
-3.44317
-3.46866
-3.49429
-3.52021
-3.54624
-3.57254
-3.59894
-3.62563
-3.65244
-3.67952
-3.70672
-3.73418
-3.76174
-3.78957
-3.81747
-3.84563
-3.87385
-3.90232
-3.93083
-3.95957
-3.98832
-4.01727
-4.0462
-4.07531
-4.10435
-4.13354
-4.16263
-4.19185
-4.22091
-4.25006
-4.27903
-4.30805
-4.33683
-4.36565
-4.39419
-4.42274
-4.45098
-4.47919
-4.5071
-4.53494
-4.56242
-4.58981
-4.61682
-4.6437
-4.67015
-4.69642
-4.72222
-4.74784
-4.77296
-4.79786
-4.82214
-4.84617
-4.86949
-4.8925
-4.91485
-4.93685
-4.95804
-4.97873
-4.99853
-5.01773
-5.03587
-5.05322
-5.06953
-5.08496
-5.09923
-5.11236
-5.12417
-5.13471
-5.14379
-5.15142
-5.15735
-5.16151
-5.16373
-5.16407
-5.16244
-5.15893
-5.15335
-5.14544
-5.135
-5.12201
-5.10645
-5.08817
-5.06708
-5.0431
-5.01624
-4.98657
-4.95391
-4.91806
-4.879
-4.83674
-4.7912
-4.74228
-4.6899
-4.63398
-4.57447
-4.51134
-4.44463
-4.37428
-4.30017
-4.22229
-4.14069
-4.05534
-3.96613
-3.87315
-3.77638
-3.67585
-3.57166
-3.46377
-3.35219
-3.23691
-3.11792
-2.99522
-2.86888
-2.73889
-2.60539
-2.46875
-2.32901
-2.18608
-2.03987
-1.89053
-1.73827
-1.58323
-1.42548
-1.26511
-1.10223
-0.936961
-0.769399
-0.599602
-0.427782
-0.254019
-0.0784432
0.0988217
0.277671
0.457909
0.639406
0.822059
1.00577
1.19039
1.37577
1.5618
1.74833
1.93529
2.12248
2.30959
2.49641
2.68311
2.86965
3.05579
3.24146
3.42665
3.6113
3.79528
3.97849
4.1609
4.34248
4.52318
4.70296
4.88176
5.05953
5.23627
5.41195
5.58653
5.75994
5.93218
6.10333
6.27343
6.44252
6.61037
6.77689
6.94218
7.10633
7.26935
7.43115
7.59178
7.75128
7.90965
8.06673
8.22258
8.37718
8.53052
8.68262
8.83342
8.983
9.13146
9.27865
9.42453
9.56926
9.71287
9.85541
9.99668
10.1366
10.2754
10.413
10.5494
10.6846
10.8186
10.9512
11.0826
11.2127
11.3416
11.4692
11.5955
11.7206
11.8444
11.9668
12.0879
12.2077
12.3262
12.4435
12.5594
12.674
12.7874
12.8994
13.01
13.1194
13.2274
13.3341
13.4395
13.5435
13.6463
13.7477
13.8478
13.9464
14.0438
14.1398
14.2345
14.3277
14.4195
14.5101
14.5994
14.6872
14.7738
14.859
14.9429
15.0252
15.1062
15.186
15.2644
15.3413
15.4169
15.491
15.5637
15.6351
15.7048
15.773
15.8401
15.9059
15.97
16.0326
16.0938
16.1539
16.2124
16.2695
16.3253
16.3796
16.4323
16.4832
16.533
16.582
16.6292
16.6749
16.7192
16.7623
16.8036
16.8439
16.8828
16.9202
16.9564
16.9916
17.0252
17.0576
17.0897
17.1206
17.1501
17.1785
17.2061
17.2335
17.2606
17.2871
17.3131
17.3382
17.3629
17.3872
17.4114
17.4354
17.4596
17.4838
17.5078
17.5317
17.5553
17.5785
17.6013
17.6235
17.6453
17.6663
17.6868
17.7065
17.7255
17.7436
17.7611
17.7776
17.7935
17.8085
17.8229
17.8366
17.8496
17.8619
17.8737
17.8851
17.8959
17.9064
17.9166
17.9267
17.9365
17.9463
17.9561
17.9661
17.9762
17.9866
17.9974
18.0087
18.0205
18.0332
18.0466
18.0612
18.0767
18.0937
18.1122
18.1324
18.1546
18.1793
18.2066
18.2369
18.2709
18.3091
18.3523
18.401
18.4568
18.5202
18.5944
18.677
18.7807
18.8784
19.0395
19.0684
-3.0874
-3.11021
-3.13313
-3.15619
-3.17945
-3.20288
-3.22645
-3.25025
-3.27425
-3.29842
-3.32273
-3.34725
-3.37198
-3.3969
-3.42197
-3.44722
-3.47266
-3.49831
-3.52417
-3.55023
-3.57646
-3.60288
-3.62949
-3.65631
-3.68332
-3.71053
-3.73791
-3.76548
-3.79322
-3.82113
-3.84919
-3.8774
-3.90575
-3.93426
-3.96288
-3.99161
-4.02042
-4.04932
-4.07826
-4.10723
-4.1362
-4.16519
-4.19415
-4.22309
-4.25195
-4.28074
-4.3094
-4.33794
-4.36634
-4.39459
-4.42269
-4.45058
-4.47833
-4.50582
-4.53315
-4.56017
-4.58697
-4.61344
-4.63968
-4.66555
-4.69115
-4.71638
-4.74134
-4.76597
-4.7902
-4.81407
-4.83738
-4.86022
-4.8825
-4.90436
-4.92564
-4.94636
-4.96636
-4.98573
-5.0043
-5.02205
-5.03883
-5.05473
-5.06966
-5.08353
-5.09617
-5.10754
-5.11756
-5.12616
-5.13321
-5.13864
-5.14231
-5.14416
-5.14411
-5.14214
-5.13815
-5.13204
-5.1236
-5.11271
-5.09931
-5.08331
-5.06463
-5.04317
-5.01881
-4.99156
-4.96142
-4.92828
-4.89201
-4.85262
-4.81001
-4.76413
-4.71491
-4.66225
-4.6061
-4.54642
-4.48314
-4.41631
-4.34589
-4.27179
-4.19396
-4.1124
-4.02711
-3.93813
-3.84539
-3.74894
-3.64877
-3.54493
-3.43744
-3.32629
-3.21145
-3.09292
-2.97075
-2.84502
-2.71584
-2.5833
-2.44741
-2.30837
-2.1661
-2.02068
-1.87227
-1.72099
-1.56693
-1.41014
-1.25073
-1.08885
-0.924603
-0.758067
-0.58937
-0.41858
-0.245879
-0.0713871
0.104796
0.282548
0.461704
0.642147
0.823773
1.00646
1.19005
1.37444
1.55947
1.74504
1.93104
2.11732
2.30361
2.48974
2.67578
2.86176
3.04743
3.23266
3.41743
3.60169
3.7853
3.96814
4.15025
4.33153
4.51197
4.69149
4.86999
5.04747
5.22396
5.39945
5.57384
5.74706
5.91911
6.09009
6.26002
6.42897
6.59675
6.76319
6.9284
7.09241
7.25524
7.41694
7.57758
7.73704
7.89527
8.05232
8.20816
8.36271
8.5161
8.66826
8.81911
8.96878
9.11733
9.26468
9.41072
9.55561
9.69939
9.84207
9.98353
10.1237
10.2627
10.4005
10.537
10.6724
10.8065
10.9393
11.0708
11.2011
11.33
11.4577
11.5841
11.7093
11.8332
11.9557
12.0769
12.1968
12.3154
12.4328
12.5488
12.6635
12.7769
12.889
12.9998
13.1092
13.2173
13.3241
13.4296
13.5337
13.6365
13.738
13.8382
13.937
14.0344
14.1305
14.2252
14.3186
14.4106
14.5013
14.5907
14.6786
14.7653
14.8508
14.9347
15.0173
15.0984
15.1783
15.2568
15.334
15.4097
15.4839
15.5568
15.6283
15.6982
15.7667
15.8338
15.8998
15.9641
16.0268
16.0881
16.1484
16.207
16.2642
16.3201
16.3746
16.4273
16.4784
16.5282
16.5774
16.6247
16.6705
16.7148
16.758
16.7995
16.84
16.8789
16.9163
16.9527
16.9879
17.0217
17.054
17.086
17.1173
17.1471
17.1758
17.2037
17.2312
17.2586
17.2852
17.3114
17.3369
17.3618
17.3865
17.411
17.4355
17.4601
17.4846
17.509
17.5331
17.5569
17.5802
17.6032
17.6255
17.6474
17.6684
17.6889
17.7086
17.7276
17.7457
17.7631
17.7795
17.7953
17.8102
17.8246
17.8381
17.851
17.8632
17.8749
17.8861
17.8969
17.9073
17.9174
17.9273
17.9371
17.9468
17.9565
17.9664
17.9764
17.9868
17.9975
18.0087
18.0205
18.0331
18.0466
18.0612
18.0767
18.0937
18.1122
18.1325
18.1547
18.1795
18.2069
18.2374
18.2716
18.3101
18.3536
18.4028
18.4593
18.5237
18.5994
18.6841
18.7915
18.8941
19.0667
19.1034
-3.09061
-3.1134
-3.13632
-3.15939
-3.18268
-3.20613
-3.22974
-3.25356
-3.27758
-3.30177
-3.32609
-3.35061
-3.37535
-3.40029
-3.42537
-3.45061
-3.47603
-3.50168
-3.52754
-3.55358
-3.5798
-3.6062
-3.63278
-3.65959
-3.68658
-3.71378
-3.74114
-3.7687
-3.79641
-3.8243
-3.85233
-3.88052
-3.90884
-3.9373
-3.96587
-3.99456
-4.02335
-4.05217
-4.08106
-4.10993
-4.13882
-4.16764
-4.19647
-4.22521
-4.25391
-4.28247
-4.31093
-4.33918
-4.36727
-4.39516
-4.42285
-4.45042
-4.47772
-4.50486
-4.53172
-4.55837
-4.58463
-4.61065
-4.63631
-4.66168
-4.68662
-4.71133
-4.73569
-4.75976
-4.78347
-4.80679
-4.82968
-4.85209
-4.87396
-4.8953
-4.9161
-4.93629
-4.95582
-4.97468
-4.99281
-5.01014
-5.02661
-5.04216
-5.05675
-5.07023
-5.08246
-5.0934
-5.10297
-5.11113
-5.11777
-5.1228
-5.12616
-5.12776
-5.12757
-5.12542
-5.12116
-5.11457
-5.10565
-5.09439
-5.08065
-5.06428
-5.04527
-5.02355
-4.99899
-4.97154
-4.94112
-4.90762
-4.87104
-4.83135
-4.78845
-4.74227
-4.69277
-4.63988
-4.58358
-4.52379
-4.46045
-4.39352
-4.32303
-4.24894
-4.17121
-4.08978
-4.00465
-3.91581
-3.82334
-3.72716
-3.6273
-3.5238
-3.41667
-3.30589
-3.19149
-3.07346
-2.95186
-2.82671
-2.69821
-2.56641
-2.43133
-2.29291
-2.15131
-2.00665
-1.85907
-1.70863
-1.5554
-1.39943
-1.24084
-1.0798
-0.916425
-0.750782
-0.58293
-0.413069
-0.241259
-0.0676555
0.107633
0.284471
0.462724
0.642271
0.823023
1.00484
1.18759
1.37113
1.55534
1.7401
1.92532
2.11086
2.29646
2.48196
2.66741
2.85288
3.03811
3.22296
3.4074
3.59136
3.77471
3.95737
4.13932
4.32044
4.50076
4.68021
4.85858
5.03587
5.2122
5.3876
5.56188
5.73495
5.90686
6.07769
6.24751
6.41622
6.58379
6.75019
6.91538
7.07929
7.242
7.40366
7.56432
7.72369
7.88173
8.0387
8.19454
8.3491
8.50255
8.65481
8.8058
8.95562
9.10431
9.25182
9.39806
9.54317
9.68714
9.82999
9.97161
10.112
10.2511
10.3891
10.5258
10.6613
10.7955
10.9285
11.0601
11.1905
11.3195
11.4474
11.5739
11.6991
11.8231
11.9458
12.0671
12.187
12.3057
12.4231
12.5392
12.654
12.7676
12.8797
12.9906
13.1001
13.2084
13.3152
13.4208
13.525
13.6279
13.7295
13.8297
13.9286
14.0262
14.1223
14.2171
14.3106
14.4028
14.4935
14.583
14.671
14.7578
14.8435
14.9276
15.0103
15.0915
15.1715
15.2502
15.3276
15.4033
15.4778
15.5508
15.6224
15.6926
15.7612
15.8285
15.8945
15.9589
16.0218
16.0833
16.1436
16.2023
16.2596
16.3157
16.3703
16.4231
16.4743
16.5242
16.5734
16.6209
16.6669
16.7112
16.7544
16.7961
16.8366
16.8756
16.9131
16.9495
16.9848
17.0187
17.051
17.0829
17.1144
17.1445
17.1735
17.2016
17.2293
17.2568
17.2836
17.31
17.3357
17.361
17.386
17.4109
17.4358
17.4608
17.4856
17.5103
17.5346
17.5586
17.582
17.6051
17.6275
17.6494
17.6705
17.691
17.7106
17.7296
17.7477
17.765
17.7814
17.7971
17.8119
17.8261
17.8396
17.8523
17.8645
17.876
17.8871
17.8978
17.9081
17.9181
17.9279
17.9376
17.9472
17.9568
17.9666
17.9766
17.9869
17.9975
18.0087
18.0205
18.0331
18.0465
18.0611
18.0766
18.0936
18.1121
18.1324
18.1547
18.1795
18.207
18.2376
18.2719
18.3106
18.3544
18.4041
18.4611
18.5263
18.6032
18.6898
18.8003
18.9074
19.0908
19.1358
-3.09329
-3.11608
-3.13897
-3.16206
-3.1854
-3.20891
-3.23255
-3.25641
-3.28048
-3.30469
-3.32902
-3.35354
-3.37829
-3.40325
-3.42834
-3.45356
-3.47897
-3.50462
-3.53049
-3.55653
-3.58275
-3.60912
-3.6357
-3.66246
-3.68946
-3.71663
-3.74402
-3.77156
-3.79929
-3.82715
-3.8552
-3.88336
-3.9117
-3.94013
-3.9687
-3.99738
-4.02611
-4.05494
-4.08374
-4.1126
-4.1414
-4.17016
-4.19881
-4.22744
-4.25594
-4.28437
-4.3126
-4.34067
-4.36847
-4.39606
-4.42342
-4.45057
-4.47747
-4.50413
-4.53055
-4.55666
-4.58247
-4.60805
-4.63333
-4.65818
-4.68265
-4.70684
-4.73078
-4.7544
-4.77767
-4.80054
-4.823
-4.84507
-4.86664
-4.88763
-4.90801
-4.92779
-4.94693
-4.96543
-4.98321
-5.00025
-5.01646
-5.03177
-5.04605
-5.05921
-5.07116
-5.08182
-5.09113
-5.09904
-5.1055
-5.11036
-5.11349
-5.11485
-5.11444
-5.1121
-5.1076
-5.1008
-5.09169
-5.08022
-5.06619
-5.04951
-5.03018
-5.0082
-4.9835
-4.95592
-4.92528
-4.89152
-4.8547
-4.81479
-4.77169
-4.72531
-4.67561
-4.62256
-4.56612
-4.50624
-4.44284
-4.37586
-4.30534
-4.2313
-4.15368
-4.07238
-3.9874
-3.89878
-3.80648
-3.71053
-3.61094
-3.50775
-3.40096
-3.29056
-3.17658
-3.05905
-2.93799
-2.81343
-2.68549
-2.55429
-2.41977
-2.28204
-2.14114
-1.99721
-1.85036
-1.70063
-1.5481
-1.39284
-1.23499
-1.07468
-0.912041
-0.747128
-0.580063
-0.410934
-0.239876
-0.0669889
0.107578
0.283688
0.461207
0.640022
0.820047
1.00116
1.18323
1.36613
1.54966
1.73376
1.91834
2.10328
2.28834
2.47338
2.65836
2.84338
3.02827
3.21283
3.39701
3.58073
3.76394
3.94649
4.12836
4.30943
4.48972
4.66921
4.84763
5.02493
5.20117
5.37644
5.55063
5.7237
5.89566
6.06647
6.23607
6.40439
6.57167
6.73803
6.90324
7.06711
7.22979
7.39146
7.55207
7.71137
7.86933
8.02623
8.18209
8.33671
8.49024
8.6426
8.79376
8.94376
9.09262
9.24029
9.38673
9.53206
9.67623
9.81924
9.96103
10.1016
10.2409
10.379
10.5159
10.6515
10.7858
10.9189
11.0507
11.1811
11.3103
11.4382
11.5648
11.6902
11.8142
11.937
12.0584
12.1783
12.2971
12.4146
12.5309
12.6458
12.7594
12.8716
12.9826
13.0922
13.2006
13.3075
13.4132
13.5175
13.6205
13.722
13.8224
13.9214
14.019
14.1152
14.2101
14.3036
14.396
14.4869
14.5764
14.6645
14.7514
14.8372
14.9214
15.0043
15.0856
15.1657
15.2446
15.3221
15.398
15.4726
15.5457
15.6175
15.6878
15.7566
15.8239
15.8901
15.9546
16.0177
16.0792
16.1396
16.1984
16.2558
16.3119
16.3667
16.4196
16.4709
16.5209
16.57
16.6176
16.6639
16.7082
16.7514
16.7932
16.8338
16.8728
16.9105
16.947
16.9823
17.0161
17.0486
17.0803
17.1118
17.1422
17.1715
17.1999
17.2278
17.2554
17.2823
17.3088
17.3348
17.3604
17.3857
17.411
17.4363
17.4616
17.4867
17.5115
17.536
17.5602
17.5838
17.607
17.6294
17.6514
17.6725
17.693
17.7126
17.7315
17.7495
17.7668
17.7831
17.7988
17.8135
17.8276
17.841
17.8536
17.8656
17.8771
17.8881
17.8986
17.9089
17.9187
17.9285
17.938
17.9476
17.9571
17.9668
17.9767
17.987
17.9975
18.0087
18.0204
18.033
18.0464
18.0609
18.0765
18.0934
18.1119
18.1321
18.1545
18.1793
18.2068
18.2375
18.272
18.3109
18.3548
18.4048
18.4623
18.5281
18.606
18.6941
18.8073
18.9184
19.1115
19.1655
-3.09561
-3.11834
-3.14117
-3.16428
-3.1877
-3.21128
-3.23498
-3.25889
-3.28302
-3.30725
-3.33161
-3.35614
-3.38094
-3.40592
-3.43104
-3.45625
-3.48167
-3.50731
-3.53321
-3.55929
-3.58553
-3.61195
-3.63851
-3.66528
-3.69224
-3.71944
-3.74683
-3.77444
-3.80216
-3.83007
-3.85809
-3.88629
-3.91461
-3.94308
-3.97165
-4.00033
-4.02908
-4.05785
-4.08664
-4.11543
-4.14419
-4.17288
-4.20147
-4.22995
-4.25832
-4.28655
-4.31461
-4.34245
-4.37006
-4.39746
-4.42462
-4.45144
-4.47794
-4.50416
-4.53006
-4.55565
-4.58101
-4.60613
-4.63092
-4.65528
-4.67928
-4.70302
-4.72652
-4.74981
-4.77274
-4.79524
-4.81726
-4.83887
-4.8601
-4.88081
-4.90091
-4.92039
-4.93928
-4.95755
-4.97512
-4.99196
-5.00801
-5.02317
-5.03729
-5.05029
-5.06214
-5.07273
-5.08201
-5.08994
-5.0964
-5.10125
-5.10437
-5.10567
-5.10508
-5.10251
-5.09782
-5.09092
-5.08172
-5.07013
-5.05596
-5.03915
-5.01965
-4.99748
-4.97259
-4.94483
-4.91401
-4.88007
-4.84306
-4.80297
-4.75969
-4.71315
-4.6633
-4.61012
-4.55357
-4.49359
-4.43011
-4.36311
-4.29259
-4.21859
-4.14102
-4.05983
-3.97499
-3.88649
-3.79439
-3.69864
-3.59928
-3.49639
-3.38991
-3.27986
-3.16627
-3.04919
-2.92861
-2.80457
-2.67713
-2.54642
-2.41248
-2.27532
-2.13507
-1.99179
-1.84556
-1.69644
-1.54449
-1.38985
-1.23264
-1.07298
-0.910953
-0.746656
-0.580206
-0.411745
-0.241309
-0.0690099
0.104977
0.280502
0.457452
0.635694
0.815137
0.995693
1.17728
1.35965
1.54271
1.72632
1.9104
2.09483
2.27949
2.46421
2.64887
2.83353
3.01818
3.2026
3.38663
3.57016
3.75321
3.93573
4.11756
4.29861
4.47886
4.65835
4.83685
5.01427
5.19055
5.36578
5.53992
5.71303
5.88511
6.05599
6.22552
6.39368
6.56084
6.72708
6.89222
7.05609
7.21877
7.3804
7.54097
7.70022
7.85825
8.01514
8.17102
8.3257
8.47932
8.63175
8.78309
8.93323
9.08229
9.23016
9.37678
9.52231
9.66668
9.80986
9.9518
10.0925
10.232
10.3703
10.5073
10.643
10.7774
10.9106
11.0425
11.173
11.3022
11.4303
11.5569
11.6824
11.8065
11.9294
12.0509
12.1709
12.2898
12.4074
12.5237
12.6387
12.7524
12.8647
12.9758
13.0855
13.1939
13.3009
13.4067
13.5111
13.6142
13.7158
13.8162
13.9153
14.013
14.1093
14.2043
14.2978
14.3903
14.4812
14.5709
14.6591
14.7461
14.832
14.9163
14.9993
15.0807
15.161
15.2399
15.3175
15.3935
15.4683
15.5415
15.6134
15.6839
15.7529
15.8202
15.8864
15.9511
16.0143
16.0759
16.1363
16.1953
16.2528
16.3089
16.3638
16.4167
16.4683
16.5183
16.5673
16.615
16.6614
16.7058
16.7491
16.791
16.8316
16.8706
16.9085
16.945
16.9802
17.014
17.0467
17.0784
17.1097
17.1403
17.1698
17.1986
17.2265
17.2542
17.2812
17.3078
17.3341
17.3599
17.3856
17.4113
17.4368
17.4624
17.4877
17.5128
17.5375
17.5617
17.5854
17.6087
17.6312
17.6532
17.6743
17.6948
17.7144
17.7333
17.7513
17.7685
17.7848
17.8003
17.8149
17.829
17.8423
17.8548
17.8667
17.8781
17.889
17.8994
17.9095
17.9193
17.929
17.9384
17.9479
17.9574
17.967
17.9768
17.987
17.9975
18.0086
18.0203
18.0329
18.0463
18.0607
18.0762
18.0932
18.1115
18.1318
18.1541
18.1789
18.2065
18.2372
18.2718
18.3108
18.3549
18.4051
18.4629
18.5292
18.6079
18.6972
18.8124
18.927
19.1287
19.1922
-3.09836
-3.12093
-3.14361
-3.16679
-3.19036
-3.21403
-3.2378
-3.26181
-3.286
-3.31027
-3.33458
-3.35911
-3.38392
-3.40895
-3.43406
-3.45925
-3.4846
-3.51022
-3.53608
-3.56217
-3.58844
-3.61486
-3.64144
-3.66818
-3.69513
-3.72231
-3.74972
-3.77735
-3.80513
-3.83306
-3.86114
-3.88934
-3.91768
-3.94618
-3.9748
-4.00351
-4.03227
-4.06108
-4.0899
-4.11868
-4.1474
-4.17607
-4.20466
-4.23309
-4.26139
-4.28952
-4.31745
-4.34514
-4.37262
-4.3999
-4.42688
-4.45351
-4.47978
-4.50574
-4.53132
-4.55659
-4.5816
-4.60625
-4.63049
-4.65436
-4.67793
-4.70119
-4.72417
-4.74687
-4.76924
-4.79123
-4.81281
-4.83398
-4.85479
-4.87517
-4.89503
-4.91431
-4.93304
-4.95113
-4.96857
-4.98528
-5.00124
-5.01633
-5.03043
-5.04343
-5.05531
-5.066
-5.07541
-5.08344
-5.08998
-5.09488
-5.09809
-5.09949
-5.09893
-5.09636
-5.09167
-5.08478
-5.07556
-5.06392
-5.04973
-5.03292
-5.0134
-4.99113
-4.96607
-4.93812
-4.90715
-4.8731
-4.83596
-4.7957
-4.75228
-4.70559
-4.65562
-4.60233
-4.54568
-4.4856
-4.42205
-4.355
-4.28448
-4.21047
-4.13293
-4.05179
-3.96703
-3.87865
-3.78665
-3.69108
-3.59193
-3.48927
-3.38306
-3.27332
-3.16006
-3.04338
-2.92321
-2.79962
-2.67264
-2.54239
-2.4089
-2.27228
-2.13256
-1.98983
-1.84413
-1.69554
-1.54411
-1.38998
-1.23333
-1.07422
-0.91269
-0.748882
-0.582972
-0.415011
-0.245064
-0.0732525
0.100273
0.275341
0.451869
0.629684
0.808686
0.988818
1.17005
1.35203
1.53468
1.71799
1.90173
2.08579
2.27015
2.45466
2.63915
2.82361
3.00811
3.19243
3.37632
3.55972
3.74265
3.92515
4.10702
4.28815
4.46843
4.64787
4.8264
5.00393
5.18034
5.35568
5.52987
5.70301
5.87508
6.04597
6.2156
6.38394
6.55117
6.71732
6.88235
7.04619
7.20888
7.3705
7.53102
7.69026
7.84841
8.00533
8.16128
8.31602
8.46977
8.62229
8.7738
8.92407
9.07335
9.22142
9.36823
9.51393
9.65847
9.80183
9.94391
10.0848
10.2244
10.3628
10.4999
10.6358
10.7702
10.9036
11.0354
11.1661
11.2954
11.4236
11.5502
11.6758
11.7999
11.9229
12.0446
12.1647
12.2836
12.4013
12.5177
12.6328
12.7466
12.8589
12.9701
13.0799
13.1884
13.2955
13.4014
13.5058
13.6089
13.7107
13.8112
13.9103
14.0081
14.1044
14.1995
14.2931
14.3856
14.4766
14.5663
14.6546
14.7419
14.8278
14.9121
14.9952
15.0768
15.1571
15.2361
15.3138
15.39
15.4649
15.5382
15.6102
15.6808
15.7499
15.8173
15.8836
15.9484
16.0117
16.0733
16.1338
16.1928
16.2505
16.3066
16.3616
16.4146
16.4663
16.5164
16.5653
16.613
16.6594
16.704
16.7473
16.7893
16.8299
16.8689
16.9069
16.9435
16.9787
17.0124
17.0452
17.077
17.1081
17.1387
17.1685
17.1975
17.2255
17.2533
17.2804
17.3071
17.3335
17.3596
17.3856
17.4115
17.4374
17.4632
17.4887
17.514
17.5387
17.5631
17.5869
17.6102
17.6328
17.6548
17.676
17.6965
17.716
17.7349
17.7528
17.77
17.7862
17.8017
17.8163
17.8302
17.8434
17.8558
17.8677
17.8789
17.8898
17.9001
17.9101
17.9199
17.9294
17.9388
17.9482
17.9576
17.9671
17.9769
17.987
17.9974
18.0085
18.0202
18.0327
18.046
18.0604
18.0759
18.0928
18.1112
18.1314
18.1537
18.1785
18.206
18.2368
18.2715
18.3105
18.3547
18.405
18.463
18.5297
18.6089
18.6991
18.8159
18.9334
19.1422
19.2155
-3.10113
-3.12333
-3.1458
-3.16918
-3.19297
-3.21676
-3.24061
-3.26474
-3.28911
-3.31351
-3.33789
-3.36245
-3.38734
-3.41248
-3.43771
-3.46299
-3.48839
-3.51403
-3.53992
-3.56604
-3.59237
-3.61886
-3.64549
-3.67225
-3.6992
-3.72636
-3.75377
-3.78138
-3.80917
-3.83711
-3.86518
-3.89335
-3.92166
-3.95014
-3.97875
-4.00744
-4.03618
-4.06499
-4.09383
-4.12261
-4.15134
-4.18004
-4.2087
-4.23722
-4.26559
-4.29379
-4.32179
-4.34958
-4.37716
-4.40443
-4.43142
-4.45807
-4.48438
-4.51035
-4.5359
-4.56105
-4.58583
-4.61016
-4.63403
-4.65754
-4.6807
-4.70346
-4.72584
-4.74791
-4.76962
-4.79101
-4.81205
-4.83269
-4.85293
-4.87274
-4.8921
-4.91102
-4.92943
-4.9472
-4.96437
-4.98087
-4.99666
-5.0117
-5.02577
-5.03881
-5.05077
-5.06158
-5.0711
-5.07924
-5.08588
-5.09093
-5.09427
-5.0958
-5.09538
-5.09294
-5.08839
-5.08158
-5.07244
-5.06088
-5.04678
-5.03003
-5.01054
-4.98824
-4.96311
-4.93508
-4.90405
-4.86993
-4.83271
-4.79236
-4.74883
-4.70204
-4.65198
-4.59861
-4.54187
-4.48172
-4.41811
-4.35102
-4.28045
-4.2064
-4.12885
-4.04775
-3.96304
-3.8747
-3.78283
-3.6874
-3.5884
-3.48593
-3.37994
-3.27046
-3.1575
-3.04113
-2.92132
-2.79811
-2.67156
-2.54171
-2.40865
-2.27244
-2.13315
-1.99085
-1.84561
-1.69748
-1.54649
-1.3928
-1.23658
-1.07788
-0.916754
-0.753363
-0.587867
-0.420318
-0.250747
-0.0793164
0.0938509
0.268588
0.444816
0.622342
0.801105
0.980958
1.16187
1.34352
1.52585
1.70893
1.89251
2.0764
2.26059
2.44495
2.62939
2.81381
2.99821
3.18243
3.36624
3.54962
3.73253
3.91501
4.09696
4.27826
4.45866
4.63813
4.8167
4.99434
5.17088
5.34633
5.52061
5.69386
5.8659
6.03675
6.20645
6.37496
6.5423
6.70846
6.87346
7.03733
7.20007
7.36171
7.52223
7.68151
7.83979
7.99677
8.15283
8.30766
8.46156
8.61419
8.76588
8.91628
9.06579
9.21404
9.36102
9.50688
9.65159
9.79509
9.93731
10.0783
10.218
10.3565
10.4938
10.6297
10.7642
10.8977
11.0296
11.1604
11.2897
11.418
11.5447
11.6704
11.7945
11.9177
12.0394
12.1595
12.2786
12.3963
12.5129
12.628
12.7418
12.8543
12.9655
13.0754
13.184
13.2911
13.3971
13.5015
13.6048
13.7066
13.8072
13.9063
14.0042
14.1005
14.1957
14.2894
14.382
14.473
14.5627
14.6512
14.7386
14.8245
14.9089
14.992
15.0737
15.1542
15.2333
15.311
15.3873
15.4623
15.5357
15.6078
15.6785
15.7477
15.8152
15.8815
15.9464
16.0098
16.0715
16.132
16.1911
16.2488
16.305
16.3599
16.4131
16.4649
16.515
16.5639
16.6116
16.658
16.7026
16.746
16.7881
16.8288
16.8678
16.9059
16.9424
16.9776
17.0113
17.0442
17.0759
17.107
17.1376
17.1675
17.1966
17.2248
17.2525
17.2797
17.3065
17.3331
17.3594
17.3856
17.4118
17.4379
17.4639
17.4896
17.515
17.5398
17.5643
17.5882
17.6115
17.6342
17.6562
17.6773
17.6978
17.7174
17.7363
17.7542
17.7713
17.7874
17.8029
17.8174
17.8312
17.8444
17.8567
17.8685
17.8797
17.8904
17.9007
17.9106
17.9203
17.9297
17.939
17.9484
17.9577
17.9672
17.9769
17.9869
17.9973
18.0083
18.0199
18.0324
18.0457
18.0601
18.0756
18.0924
18.1107
18.131
18.1532
18.1779
18.2054
18.2363
18.2709
18.3099
18.3542
18.4046
18.4627
18.5296
18.6091
18.7
18.8177
18.9375
19.1517
19.2348
-3.10592
-3.12756
-3.14983
-3.17347
-3.1975
-3.22129
-3.24501
-3.26899
-3.29323
-3.3175
-3.34173
-3.36607
-3.39075
-3.4157
-3.44079
-3.46594
-3.49122
-3.51669
-3.54243
-3.56843
-3.59467
-3.62109
-3.64767
-3.6744
-3.70132
-3.72848
-3.75589
-3.78352
-3.81138
-3.83943
-3.86763
-3.89597
-3.92446
-3.95317
-3.98208
-4.0111
-4.04023
-4.06942
-4.09873
-4.128
-4.15728
-4.18647
-4.21568
-4.24474
-4.27365
-4.30232
-4.33082
-4.35899
-4.38693
-4.41446
-4.44171
-4.46856
-4.49498
-4.52094
-4.54643
-4.57141
-4.59591
-4.61986
-4.64332
-4.66633
-4.68888
-4.71094
-4.73258
-4.7538
-4.77468
-4.79518
-4.81543
-4.83517
-4.85456
-4.87343
-4.89201
-4.91015
-4.92802
-4.94533
-4.9622
-4.97837
-4.99398
-5.00878
-5.02284
-5.03593
-5.04793
-5.05876
-5.06835
-5.07659
-5.08337
-5.08861
-5.09218
-5.09396
-5.09381
-5.09162
-5.08727
-5.08065
-5.07161
-5.06022
-5.04622
-5.0296
-5.01018
-4.98796
-4.96286
-4.93485
-4.9038
-4.86968
-4.83245
-4.79209
-4.74853
-4.70169
-4.65158
-4.59816
-4.54137
-4.48116
-4.41751
-4.35039
-4.2798
-4.20572
-4.12815
-4.04706
-3.96239
-3.87414
-3.78232
-3.68706
-3.58813
-3.48585
-3.38
-3.27082
-3.15809
-3.04202
-2.92247
-2.79961
-2.67339
-2.54394
-2.41121
-2.27537
-2.13642
-1.99447
-1.8496
-1.70182
-1.55118
-1.39785
-1.24194
-1.08352
-0.92269
-0.75963
-0.594457
-0.42719
-0.257873
-0.086727
0.0861996
0.260668
0.436719
0.614017
0.792696
0.972357
1.1531
1.33455
1.51668
1.69955
1.88302
2.06686
2.25101
2.43533
2.61976
2.80421
2.98858
3.17274
3.35659
3.54008
3.7231
3.90564
4.08764
4.26906
4.44961
4.62925
4.80791
4.98572
5.16236
5.33795
5.51226
5.68564
5.8577
6.02856
6.19831
6.3669
6.53432
6.70054
6.8656
7.02954
7.19236
7.35406
7.51467
7.67392
7.83245
7.98944
8.14571
8.30054
8.45472
8.60737
8.75935
8.90976
9.05953
9.20796
9.35508
9.5011
9.64595
9.78957
9.93191
10.073
10.2128
10.3514
10.4887
10.6248
10.7593
10.893
11.0248
11.1558
11.285
11.4135
11.5402
11.6661
11.7901
11.9135
12.0352
12.1554
12.2745
12.3924
12.509
12.6242
12.7381
12.8507
12.962
13.0719
13.1805
13.2878
13.3938
13.4983
13.6015
13.7034
13.8041
13.9033
14.0012
14.0976
14.1928
14.2866
14.3792
14.4702
14.5601
14.6486
14.736
14.8221
14.9065
14.9897
15.0715
15.1521
15.2312
15.309
15.3854
15.4605
15.534
15.6061
15.6768
15.7461
15.8138
15.8801
15.945
16.0085
16.0703
16.1308
16.1899
16.2477
16.3039
16.3589
16.4121
16.464
16.5142
16.5631
16.6107
16.657
16.7018
16.7452
16.7872
16.8281
16.8672
16.9052
16.9416
16.9768
17.0106
17.0435
17.0753
17.1062
17.1369
17.1668
17.196
17.2242
17.2519
17.2793
17.3062
17.3328
17.3593
17.3857
17.4121
17.4383
17.4645
17.4903
17.5158
17.5407
17.5652
17.5892
17.6126
17.6352
17.6572
17.6784
17.6989
17.7185
17.7374
17.7552
17.7723
17.7884
17.8038
17.8183
17.8321
17.8451
17.8574
17.8691
17.8802
17.8909
17.9011
17.911
17.9206
17.93
17.9392
17.9485
17.9577
17.9672
17.9769
17.9868
17.9971
18.008
18.0196
18.0321
18.0454
18.0597
18.0751
18.0919
18.1102
18.1304
18.1526
18.1772
18.2047
18.2356
18.2702
18.3092
18.3534
18.4039
18.462
18.529
18.6086
18.6998
18.818
18.9395
19.1572
19.2496
-3.10562
-3.12725
-3.14983
-3.17397
-3.19851
-3.22279
-3.24693
-3.27129
-3.29584
-3.32047
-3.34503
-3.36971
-3.3946
-3.4198
-3.44511
-3.47057
-3.49608
-3.52182
-3.54774
-3.57397
-3.60041
-3.62703
-3.65379
-3.68072
-3.70785
-3.73521
-3.7628
-3.79062
-3.81867
-3.84692
-3.87535
-3.90392
-3.93267
-3.96163
-3.99081
-4.02016
-4.04955
-4.07912
-4.10868
-4.13837
-4.16791
-4.19749
-4.22689
-4.25627
-4.28533
-4.31428
-4.34283
-4.37118
-4.39904
-4.42661
-4.45375
-4.48049
-4.50672
-4.53244
-4.55763
-4.58227
-4.60634
-4.62986
-4.65282
-4.67525
-4.69713
-4.71852
-4.73947
-4.75996
-4.77989
-4.79959
-4.81882
-4.83776
-4.85623
-4.8745
-4.89234
-4.90999
-4.92727
-4.94433
-4.9608
-4.97681
-4.99213
-5.00681
-5.02083
-5.03401
-5.04607
-5.05697
-5.06668
-5.07509
-5.08209
-5.08758
-5.09143
-5.09352
-5.09369
-5.09183
-5.08778
-5.08135
-5.07258
-5.06135
-5.04758
-5.03109
-5.01184
-4.98973
-4.96477
-4.93683
-4.90584
-4.87174
-4.83453
-4.79421
-4.75065
-4.70379
-4.65365
-4.60021
-4.5434
-4.48316
-4.41949
-4.35238
-4.2818
-4.20774
-4.13018
-4.04912
-3.96451
-3.87632
-3.78466
-3.68945
-3.59071
-3.4885
-3.38287
-3.27386
-3.16141
-3.04553
-2.92625
-2.80363
-2.67771
-2.54852
-2.4161
-2.28053
-2.14187
-2.00018
-1.85557
-1.70806
-1.55771
-1.40464
-1.24894
-1.09071
-0.930075
-0.767221
-0.602232
-0.435129
-0.265989
-0.0949972
0.0777264
0.252046
0.427907
0.605123
0.783666
0.963311
1.14397
1.32539
1.50749
1.69029
1.87369
2.05756
2.24175
2.42614
2.61064
2.79514
2.97954
3.16374
3.34766
3.53128
3.7145
3.89722
4.07935
4.26084
4.44155
4.62138
4.80025
4.97818
5.15496
5.33061
5.505
5.67841
5.85055
6.02148
6.19129
6.35994
6.52742
6.69373
6.85889
7.02293
7.18585
7.34766
7.50832
7.66771
7.82632
7.9835
8.13985
8.29485
8.44911
8.60197
8.75404
8.90464
9.05453
9.20312
9.35038
9.49651
9.64148
9.7852
9.92763
10.0688
10.2087
10.3474
10.4848
10.6209
10.7555
10.8892
11.0211
11.1521
11.2815
11.41
11.5368
11.6627
11.7868
11.9102
12.032
12.1523
12.2715
12.3894
12.5061
12.6213
12.7353
12.8479
12.9593
13.0692
13.1779
13.2853
13.3913
13.4959
13.5992
13.7011
13.8018
13.901
13.999
14.0954
14.1907
14.2845
14.3772
14.4683
14.5582
14.6468
14.7343
14.8204
14.9049
14.9881
15.07
15.1506
15.2298
15.3077
15.3842
15.4593
15.5329
15.6051
15.6758
15.7452
15.8129
15.8793
15.9442
16.0077
16.0696
16.1301
16.1892
16.2471
16.3034
16.3583
16.4116
16.4635
16.5138
16.5627
16.6102
16.6565
16.7013
16.7448
16.7868
16.8277
16.8669
16.9048
16.9412
16.9765
17.0102
17.0431
17.075
17.1058
17.1365
17.1665
17.1957
17.2239
17.2516
17.279
17.306
17.3327
17.3593
17.3858
17.4123
17.4387
17.4649
17.4908
17.5163
17.5413
17.5659
17.5898
17.6133
17.636
17.658
17.6792
17.6997
17.7193
17.7381
17.7559
17.773
17.7891
17.8044
17.8189
17.8326
17.8456
17.8579
17.8695
17.8806
17.8912
17.9014
17.9112
17.9207
17.9301
17.9392
17.9484
17.9577
17.9671
17.9767
17.9866
17.9968
18.0077
18.0193
18.0317
18.0449
18.0592
18.0746
18.0914
18.1096
18.1298
18.152
18.1765
18.2039
18.2348
18.2694
18.3083
18.3525
18.4029
18.461
18.528
18.6075
18.6988
18.817
18.9395
19.1585
19.2597
-3.11488
-3.13718
-3.16003
-3.18399
-3.20818
-3.23218
-3.25615
-3.28027
-3.30459
-3.32898
-3.35342
-3.37792
-3.40267
-3.42763
-3.45278
-3.47802
-3.5034
-3.52895
-3.55476
-3.58081
-3.60708
-3.63352
-3.6601
-3.68687
-3.71387
-3.74113
-3.76863
-3.79638
-3.82435
-3.85254
-3.88092
-3.90948
-3.93825
-3.96725
-3.99649
-4.02587
-4.05541
-4.08505
-4.11483
-4.14463
-4.17444
-4.20417
-4.23384
-4.26335
-4.29266
-4.32167
-4.35041
-4.37879
-4.40678
-4.43434
-4.46148
-4.48812
-4.51423
-4.5398
-4.56481
-4.58926
-4.61308
-4.63627
-4.65882
-4.68076
-4.70213
-4.72295
-4.74324
-4.76301
-4.78238
-4.8014
-4.82011
-4.83851
-4.85663
-4.87451
-4.89213
-4.90946
-4.92648
-4.94318
-4.95948
-4.97532
-4.99062
-5.00533
-5.01942
-5.03269
-5.04494
-5.05607
-5.06603
-5.0747
-5.08199
-5.08778
-5.09195
-5.09437
-5.09488
-5.09336
-5.0896
-5.08347
-5.07495
-5.06394
-5.05034
-5.03404
-5.01495
-4.99298
-4.96808
-4.94021
-4.9093
-4.87526
-4.83802
-4.79759
-4.75397
-4.7072
-4.65716
-4.60373
-4.54687
-4.48662
-4.42298
-4.35594
-4.28546
-4.21151
-4.13405
-4.05305
-3.96849
-3.88042
-3.78886
-3.69375
-3.5951
-3.49301
-3.38751
-3.27864
-3.16637
-3.05068
-2.9316
-2.8092
-2.68348
-2.55449
-2.42227
-2.28691
-2.14843
-2.00693
-1.86246
-1.71511
-1.56494
-1.41203
-1.25644
-1.0983
-0.937763
-0.774969
-0.610018
-0.442961
-0.273886
-0.102971
0.0696724
0.243931
0.419722
0.596909
0.775432
0.955102
1.13577
1.31719
1.49937
1.68224
1.86568
2.04961
2.2339
2.41843
2.60306
2.78766
2.97215
3.15645
3.3405
3.52423
3.70758
3.89047
4.07275
4.25433
4.43517
4.61517
4.79423
4.97228
5.14917
5.32487
5.49936
5.67278
5.84501
6.01603
6.1859
6.35462
6.52218
6.68859
6.85387
7.01802
7.18105
7.34296
7.5037
7.66323
7.82188
7.97924
8.13565
8.29083
8.44514
8.59817
8.7503
8.90108
9.05102
9.19973
9.34709
9.49331
9.63836
9.78215
9.92465
10.0659
10.2059
10.3446
10.4821
10.6182
10.7528
10.8865
11.0186
11.1496
11.2791
11.4076
11.5345
11.6604
11.7846
11.908
12.0299
12.1503
12.2695
12.3875
12.5042
12.6195
12.7335
12.8462
12.9576
13.0676
13.1763
13.2837
13.3898
13.4944
13.5977
13.6997
13.8004
13.8997
13.9977
14.0942
14.1895
14.2834
14.376
14.4672
14.5571
14.6458
14.7333
14.8195
14.904
14.9873
15.0692
15.1499
15.2292
15.3071
15.3836
15.4588
15.5324
15.6047
15.6754
15.7448
15.8126
15.879
15.9439
16.0074
16.0693
16.13
16.189
16.2468
16.3032
16.3581
16.4114
16.4634
16.5137
16.5627
16.6102
16.6564
16.7012
16.7447
16.7867
16.8276
16.8669
16.9048
16.9412
16.9764
17.0101
17.0431
17.0749
17.1057
17.1364
17.1664
17.1956
17.2238
17.2515
17.279
17.306
17.3327
17.3594
17.3859
17.4125
17.4389
17.4652
17.4911
17.5166
17.5417
17.5663
17.5902
17.6137
17.6364
17.6584
17.6796
17.7001
17.7197
17.7385
17.7564
17.7734
17.7895
17.8048
17.8192
17.8329
17.8459
17.8581
17.8697
17.8808
17.8913
17.9015
17.9113
17.9208
17.9301
17.9392
17.9484
17.9576
17.9669
17.9766
17.9864
17.9966
18.0074
18.019
18.0314
18.0446
18.0588
18.0742
18.091
18.1092
18.1293
18.1515
18.176
18.2033
18.2341
18.2687
18.3075
18.3516
18.402
18.46
18.5269
18.6062
18.6975
18.8153
18.9383
19.1565
19.2655
-3.1154
-3.13819
-3.16246
-3.18723
-3.21173
-3.2359
-3.25998
-3.28414
-3.30841
-3.33274
-3.35711
-3.38159
-3.40627
-3.43117
-3.45624
-3.48142
-3.50674
-3.53227
-3.55806
-3.58409
-3.61031
-3.63668
-3.66322
-3.68997
-3.71696
-3.74422
-3.77174
-3.79949
-3.82748
-3.85565
-3.88403
-3.91261
-3.94141
-3.97043
-3.99966
-4.02906
-4.05861
-4.0883
-4.11809
-4.14792
-4.17776
-4.20755
-4.23722
-4.26673
-4.29605
-4.32508
-4.35378
-4.38212
-4.41006
-4.43755
-4.46456
-4.49106
-4.51701
-4.54244
-4.56733
-4.59165
-4.61534
-4.63831
-4.66059
-4.68228
-4.70343
-4.72394
-4.74379
-4.76325
-4.78242
-4.80131
-4.81996
-4.83837
-4.85648
-4.87431
-4.89193
-4.90922
-4.92619
-4.94283
-4.95912
-4.975
-4.99039
-5.00522
-5.01942
-5.03283
-5.04524
-5.05658
-5.06674
-5.07562
-5.0831
-5.08907
-5.09346
-5.09608
-5.0968
-5.09544
-5.09185
-5.08588
-5.0775
-5.06658
-5.05307
-5.03688
-5.01788
-4.99597
-4.97109
-4.94326
-4.91242
-4.87844
-4.84119
-4.80063
-4.75698
-4.71034
-4.66045
-4.60707
-4.5502
-4.48996
-4.42639
-4.35944
-4.28909
-4.21527
-4.13792
-4.05699
-3.97252
-3.88455
-3.79307
-3.69803
-3.59946
-3.49744
-3.39202
-3.28323
-3.17106
-3.05548
-2.93652
-2.81423
-2.68863
-2.55975
-2.42764
-2.29237
-2.15397
-2.01252
-1.8681
-1.72081
-1.57071
-1.41784
-1.26228
-1.10417
-0.94365
-0.780839
-0.615845
-0.448755
-0.279674
-0.108751
0.0639026
0.238177
0.413981
0.591207
0.769766
0.949482
1.13018
1.31167
1.49393
1.67687
1.86036
2.04436
2.22875
2.41339
2.59811
2.78279
2.96735
3.15175
3.33591
3.51975
3.70321
3.88621
4.06857
4.25021
4.43116
4.61128
4.79047
4.96861
5.14557
5.32134
5.49592
5.66939
5.8417
6.0128
6.18273
6.35151
6.51914
6.68563
6.851
7.01522
7.17832
7.34029
7.5011
7.66073
7.8194
7.97686
8.13332
8.2886
8.44292
8.59606
8.74822
8.89914
9.04908
9.19784
9.34529
9.49156
9.63664
9.78047
9.92301
10.0643
10.2043
10.3431
10.4805
10.6167
10.7514
10.8851
11.0172
11.1482
11.2778
11.4063
11.5332
11.6591
11.7835
11.9068
12.0288
12.1492
12.2684
12.3864
12.5031
12.6185
12.7325
12.8452
12.9566
13.0667
13.1755
13.2829
13.3889
13.4936
13.5969
13.699
13.7997
13.899
13.9969
14.0935
14.1888
14.2827
14.3754
14.4666
14.5566
14.6453
14.7328
14.819
14.9036
14.9869
15.0688
15.1495
15.2288
15.3068
15.3833
15.4585
15.5322
15.6045
15.6752
15.7446
15.8124
15.8788
15.9438
16.0073
16.0693
16.1299
16.189
16.2468
16.3032
16.3582
16.4115
16.4634
16.5138
16.5628
16.6103
16.6564
16.7013
16.7448
16.7867
16.8277
16.867
16.9049
16.9412
16.9764
17.0102
17.0431
17.0749
17.1056
17.1364
17.1664
17.1955
17.2238
17.2514
17.2789
17.3059
17.3327
17.3593
17.3858
17.4124
17.4389
17.4652
17.4911
17.5167
17.5417
17.5663
17.5903
17.6138
17.6365
17.6586
17.6798
17.7003
17.7199
17.7387
17.7565
17.7736
17.7896
17.805
17.8194
17.8331
17.8461
17.8583
17.8699
17.8809
17.8914
17.9016
17.9114
17.9208
17.9301
17.9392
17.9484
17.9575
17.9669
17.9765
17.9863
17.9965
18.0073
18.0189
18.0313
18.0444
18.0587
18.074
18.0908
18.1089
18.1291
18.1512
18.1757
18.203
18.2337
18.2683
18.3071
18.3512
18.4015
18.4594
18.5262
18.6054
18.6966
18.8142
18.9372
19.1544
19.2674
18.7046
18.4693
18.219
18.0908
17.9872
17.8512
17.6998
17.5523
17.4072
17.2577
17.1022
16.9419
16.7769
16.6066
16.4304
16.2477
16.0583
15.8613
15.6563
15.4428
15.2205
14.9886
14.7469
14.4944
14.2309
13.9555
13.6672
13.3656
13.0502
12.7196
12.3732
12.01
11.629
11.229
10.8088
10.3671
9.90259
9.41354
8.89808
8.35449
7.7803
7.17349
6.53015
5.84919
5.12182
4.35362
3.5076
2.65434
1.57426
0.801374
18.6325
18.4219
18.1919
18.068
17.9645
17.8297
17.6802
17.5344
17.3903
17.2416
17.0869
16.9272
16.7627
16.5927
16.4168
16.2343
16.045
15.848
15.6431
15.4296
15.2074
14.9756
14.7339
14.4813
14.2178
13.9423
13.6539
13.3522
13.0366
12.7059
12.3594
11.996
11.6149
11.2147
10.7943
10.3524
9.8877
9.39842
8.88274
8.33888
7.76441
7.15731
6.51364
5.83231
5.10455
4.33591
3.48932
2.63544
1.55372
0.786415
18.5462
18.3759
18.1734
18.0499
17.9432
17.8092
17.6621
17.5178
17.3744
17.2262
17.0721
16.913
16.749
16.5795
16.404
16.2218
16.0327
15.8359
15.6312
15.4178
15.1957
14.964
14.7224
14.4699
14.2064
13.931
13.6427
13.3409
13.0253
12.6946
12.348
11.9845
11.6033
11.203
10.7826
10.3406
9.87578
9.38634
8.87056
8.32651
7.75188
7.14458
6.50072
5.81916
5.09106
4.3224
3.47492
2.62224
1.5361
0.78417
18.4695
18.3288
18.1497
18.0269
17.9181
17.7868
17.6429
17.5001
17.3573
17.2096
17.0561
16.8976
16.7341
16.5649
16.3896
16.2077
16.0187
15.8221
15.6175
15.4044
15.1824
14.9509
14.7094
14.4569
14.1935
13.9182
13.6298
13.3281
13.0124
12.6817
12.3351
11.9715
11.5903
11.19
10.7695
10.3275
9.86264
9.37312
8.85726
8.31311
7.73841
7.131
6.48702
5.80539
5.07704
4.30865
3.46021
2.60997
1.51807
0.787188
18.4005
18.2783
18.1197
18.0006
17.8915
17.7632
17.6228
17.4818
17.3397
17.1928
17.0401
16.8822
16.7192
16.5503
16.3752
16.1934
16.0046
15.8081
15.6037
15.3906
15.1688
14.9373
14.6958
14.4434
14.1801
13.9047
13.6164
13.3146
12.9989
12.6681
12.3214
11.9578
11.5765
11.1761
10.7556
10.3135
9.84855
9.35896
8.84296
8.29872
7.72391
7.11641
6.47229
5.79063
5.06198
4.29404
3.44444
2.59759
1.49864
0.793154
18.3372
18.2277
18.0867
17.9725
17.8637
17.7382
17.6013
17.4624
17.3214
17.1754
17.0237
16.8665
16.704
16.5355
16.3607
16.1792
15.9906
15.7943
15.59
15.377
15.1552
14.9238
14.6823
14.4299
14.1666
13.8912
13.6029
13.3011
12.9853
12.6544
12.3076
11.9439
11.5625
11.162
10.7413
10.2991
9.83407
9.34434
8.82817
8.2838
7.70886
7.10122
6.45694
5.77524
5.04626
4.27886
3.42793
2.58525
1.4784
0.800785
18.2787
18.1784
18.0517
17.9426
17.8347
17.7119
17.5785
17.4419
17.3023
17.1574
17.0067
16.8504
16.6884
16.5204
16.346
16.1649
15.9765
15.7805
15.5763
15.3636
15.1418
14.9104
14.6689
14.4166
14.1532
13.8778
13.5894
13.2876
12.9717
12.6407
12.2938
11.93
11.5485
11.1478
10.727
10.2847
9.81949
9.3296
8.81324
8.2687
7.69359
7.0858
6.44131
5.7596
5.0302
4.2635
3.411
2.57315
1.45753
0.810013
18.2243
18.1308
18.0154
17.9112
17.8047
17.6846
17.5546
17.4203
17.2822
17.1386
16.989
16.8336
16.6723
16.5048
16.331
16.1502
15.9622
15.7665
15.5626
15.35
15.1284
14.8971
14.6556
14.4033
14.1399
13.8645
13.576
13.2741
12.9581
12.627
12.2801
11.9162
11.5345
11.1337
10.7128
10.2703
9.80493
9.31485
8.79831
8.25358
7.67827
7.0703
6.42559
5.74388
5.01403
4.24813
3.39393
2.56145
1.43675
0.81998
18.1732
18.0849
17.9785
17.8788
17.7741
17.6567
17.5297
17.3978
17.2612
17.119
16.9706
16.8161
16.6556
16.4888
16.3155
16.1353
15.9476
15.7522
15.5486
15.3363
15.1148
14.8837
14.6423
14.3901
14.1267
13.8512
13.5627
13.2608
12.9447
12.6135
12.2664
11.9024
11.5206
11.1197
10.6986
10.256
9.79043
9.30017
8.78343
8.23851
7.66299
7.05487
6.4099
5.72822
4.99789
4.23293
3.37691
2.55026
1.4161
0.830903
18.1251
18.0408
17.9416
17.8459
17.7431
17.6283
17.5043
17.3746
17.2396
17.0989
16.9517
16.7981
16.6384
16.4725
16.2998
16.1201
15.9329
15.7378
15.5345
15.3224
15.1012
14.8702
14.6289
14.3768
14.1134
13.8379
13.5495
13.2475
12.9313
12.6
12.2528
11.8888
11.5068
11.1058
10.6845
10.2417
9.776
9.28556
8.76863
8.22352
7.64779
7.0395
6.3943
5.71266
4.98185
4.21792
3.3601
2.53964
1.39613
0.842024
18.0796
17.9987
17.9052
17.813
17.7122
17.5998
17.4786
17.351
17.2177
17.0783
16.9323
16.7798
16.621
16.4559
16.2839
16.1048
15.918
15.7233
15.5203
15.3085
15.0875
14.8567
14.6155
14.3635
14.1001
13.8247
13.5363
13.2342
12.918
12.5867
12.2394
11.8752
11.4932
11.092
10.6705
10.2276
9.76166
9.27106
8.75396
8.20869
7.63273
7.0243
6.37885
5.6973
4.96603
4.20326
3.34363
2.52964
1.37671
0.853689
18.0367
17.9586
17.8697
17.7803
17.6815
17.5715
17.4528
17.3273
17.1956
17.0576
16.9127
16.7613
16.6035
16.4392
16.2679
16.0894
15.903
15.7088
15.5061
15.2946
15.0738
14.8432
14.6021
14.3503
14.0869
13.8116
13.5231
13.2211
12.9048
12.5734
12.226
11.8617
11.4796
11.0783
10.6567
10.2135
9.74743
9.2567
8.73944
8.19402
7.61784
7.00929
6.36362
5.68219
4.95052
4.18896
3.32763
2.52028
1.35831
0.865184
17.9961
17.9204
17.8351
17.7481
17.6512
17.5434
17.427
17.3035
17.1734
17.0368
16.8931
16.7428
16.5859
16.4225
16.2519
16.0739
15.8881
15.6943
15.4919
15.2808
15.0602
14.8298
14.5888
14.3371
14.0738
13.7985
13.5101
13.208
12.8917
12.5602
12.2127
11.8483
11.4661
11.0647
10.643
10.1996
9.73339
9.24254
8.72514
8.1796
7.60324
6.99458
6.34873
5.66746
4.93543
4.17519
3.31217
2.51157
1.3407
0.876957
17.9577
17.884
17.8017
17.7166
17.6215
17.5158
17.4015
17.2799
17.1514
17.016
16.8736
16.7243
16.5685
16.4058
16.2359
16.0585
15.8732
15.6799
15.4779
15.2671
15.0466
14.8165
14.5757
14.324
14.0608
13.7856
13.4972
13.1951
12.8788
12.5472
12.1996
11.8351
11.4527
11.0513
10.6294
10.186
9.71958
9.22859
8.71109
8.16544
7.58897
6.98022
6.33423
5.65316
4.92081
4.16193
3.29734
2.50351
1.32427
0.888346
17.9213
17.8493
17.7694
17.6859
17.5924
17.4886
17.3763
17.2564
17.1294
16.9954
16.8542
16.7061
16.5511
16.3893
16.2201
16.0432
15.8584
15.6656
15.4639
15.2534
15.0333
14.8033
14.5626
14.3112
14.048
13.7728
13.4845
13.1824
12.8661
12.5345
12.1868
11.8222
11.4397
11.0381
10.6162
10.1727
9.70611
9.21497
8.69738
8.15166
7.57511
6.96633
6.32023
5.63938
4.90672
4.14929
3.28314
2.49609
1.30874
0.899848
17.8867
17.8162
17.7381
17.6561
17.5641
17.462
17.3515
17.2333
17.1078
16.975
16.835
16.688
16.534
16.373
16.2044
16.0282
15.8439
15.6514
15.4502
15.24
15.02
14.7903
14.5498
14.2985
14.0354
13.7603
13.472
13.17
12.8536
12.522
12.1742
11.8095
11.4269
11.0253
10.6033
10.1597
9.693
9.20174
8.68405
8.13828
7.56167
6.95289
6.3067
5.6261
4.89318
4.1372
3.26965
2.48927
1.29442
0.91083
17.8537
17.7844
17.708
17.6271
17.5365
17.436
17.3272
17.2106
17.0865
16.9549
16.8161
16.6702
16.5171
16.3569
16.189
16.0133
15.8295
15.6375
15.4366
15.2267
15.007
14.7775
14.5372
14.286
14.023
13.748
13.4598
13.1578
12.8414
12.5097
12.162
11.7972
11.4145
11.0128
10.5908
10.1471
9.6803
9.18896
8.67117
8.12536
7.5487
6.93995
6.29369
5.61336
4.88021
4.12574
3.25684
2.48304
1.28103
0.92181
17.8222
17.754
17.6789
17.599
17.5098
17.4107
17.3033
17.1883
17.0655
16.9352
16.7975
16.6526
16.5005
16.3409
16.1737
15.9987
15.8154
15.6238
15.4233
15.2137
14.9943
14.765
14.5248
14.2738
14.0108
13.7359
13.4477
13.1458
12.8294
12.4978
12.1501
11.7853
11.4025
11.0007
10.5787
10.1349
9.66803
9.1766
8.65874
8.11287
7.53618
6.92747
6.28118
5.60116
4.86783
4.11485
3.24476
2.47738
1.26881
0.932186
17.792
17.7248
17.6507
17.5718
17.4838
17.3861
17.28
17.1663
17.0449
16.9157
16.7791
16.6353
16.484
16.3252
16.1586
15.9842
15.8015
15.6103
15.4101
15.2008
14.9817
14.7526
14.5127
14.2618
13.9989
13.7241
13.436
13.1341
12.8178
12.4862
12.1385
11.7737
11.3909
10.989
10.5669
10.1232
9.65618
9.16467
8.64675
8.10084
7.52412
6.91546
6.26919
5.58953
4.85605
4.10459
3.23338
2.47224
1.25743
0.942462
17.7631
17.6968
17.6236
17.5455
17.4585
17.3622
17.2573
17.1448
17.0246
16.8966
16.7611
16.6182
16.4678
16.3098
16.1438
15.9699
15.7877
15.5971
15.3973
15.1883
14.9694
14.7405
14.5007
14.25
13.9873
13.7125
13.4245
13.1226
12.8063
12.4748
12.1272
11.7625
11.3797
10.9777
10.5555
10.1117
9.64473
9.15316
8.63519
8.08922
7.51249
6.90388
6.25767
5.57839
4.84484
4.09487
3.22271
2.46759
1.24707
0.952065
17.7352
17.6698
17.5974
17.5199
17.4339
17.3388
17.2351
17.1237
17.0046
16.8778
16.7433
16.6014
16.4518
16.2946
16.1293
15.956
15.7743
15.584
15.3846
15.1759
14.9573
14.7287
14.4891
14.2385
13.9759
13.7011
13.4132
13.1114
12.7952
12.4637
12.1162
11.7515
11.3687
10.9668
10.5445
10.1007
9.63367
9.14206
8.62404
8.07804
7.5013
6.89277
6.24662
5.56775
4.83418
4.08573
3.21267
2.46337
1.23743
0.961498
17.7084
17.6438
17.5721
17.4952
17.41
17.3159
17.2134
17.1031
16.985
16.8593
16.7258
16.5848
16.4361
16.2796
16.1149
15.9422
15.761
15.5712
15.3722
15.1639
14.9455
14.717
14.4776
14.2272
13.9647
13.6901
13.4022
13.1004
12.7843
12.4529
12.1053
11.7407
11.358
10.9561
10.5339
10.09
9.62295
9.13131
8.61325
8.06724
7.4905
6.88207
6.23599
5.55753
4.82398
4.07704
3.20324
2.45953
1.22867
0.970236
17.6827
17.6186
17.5475
17.4711
17.3867
17.2935
17.1921
17.0828
16.9658
16.8411
16.7085
16.5684
16.4205
16.2647
16.1008
15.9286
15.7479
15.5586
15.3599
15.1519
14.9339
14.7056
14.4664
14.2161
13.9538
13.6792
13.3914
13.0898
12.7736
12.4422
12.0947
11.7302
11.3475
10.9457
10.5234
10.0796
9.61253
9.12088
8.6028
8.05682
7.4801
6.87179
6.22578
5.54775
4.81426
4.06884
3.19434
2.45603
1.22053
0.978766
17.6579
17.5942
17.5237
17.4477
17.364
17.2717
17.1712
17.0629
16.9469
16.8231
16.6915
16.5522
16.4051
16.25
16.0867
15.9152
15.735
15.5461
15.3478
15.1402
14.9224
14.6944
14.4554
14.2053
13.943
13.6686
13.3809
13.0793
12.7632
12.4318
12.0844
11.7198
11.3372
10.9354
10.5132
10.0694
9.60236
9.11071
8.59264
8.0467
7.47004
6.86185
6.21595
5.53834
4.80494
4.06098
3.18594
2.45279
1.21312
0.986592
17.6341
17.5708
17.5006
17.4251
17.3419
17.2504
17.1508
17.0434
16.9283
16.8054
16.6747
16.5362
16.3898
16.2354
16.0728
15.9018
15.7221
15.5337
15.3358
15.1285
14.911
14.6833
14.4445
14.1945
13.9325
13.6582
13.3705
13.069
12.753
12.4216
12.0742
11.7097
11.3271
10.9253
10.5031
10.0593
9.5924
9.10081
8.58277
8.03689
7.46029
6.85225
6.20646
5.52931
4.79602
4.05352
3.17798
2.44979
1.2062
0.994185
17.6112
17.5481
17.4782
17.4031
17.3205
17.2296
17.1308
17.0243
16.91
16.7879
16.658
16.5203
16.3747
16.221
16.0589
15.8885
15.7094
15.5213
15.3239
15.1169
14.8997
14.6723
14.4337
14.1839
13.922
13.6478
13.3603
13.0588
12.7429
12.4116
12.0642
11.6997
11.3171
10.9154
10.4932
10.0494
9.58258
9.0911
8.57314
8.02731
7.45078
6.84291
6.19727
5.52059
4.78742
4.04634
3.17043
2.44699
1.19989
1.00109
17.5892
17.5262
17.4566
17.3817
17.2996
17.2094
17.1113
17.0055
16.892
16.7707
16.6416
16.5046
16.3596
16.2066
16.0452
15.8753
15.6966
15.509
15.312
15.1053
14.8884
14.6613
14.4229
14.1733
13.9116
13.6375
13.3501
13.0488
12.7329
12.4017
12.0543
11.6899
11.3073
10.9056
10.4835
10.0397
9.57294
9.08155
8.56372
8.01797
7.44151
6.83384
6.18836
5.51215
4.77914
4.03947
3.16324
2.44433
1.19397
1.00775
17.5681
17.5051
17.4357
17.361
17.2793
17.1897
17.0922
16.9871
16.8743
16.7538
16.6254
16.4891
16.3448
16.1923
16.0315
15.8621
15.6839
15.4968
15.3001
15.0938
14.8772
14.6503
14.4121
14.1628
13.9012
13.6273
13.34
13.0387
12.723
12.3918
12.0445
11.6801
11.2976
10.8959
10.4739
10.0302
9.56343
9.07213
8.55443
8.0088
7.43244
6.82494
6.17966
5.50393
4.77111
4.0328
3.15638
2.44179
1.18852
1.01374
17.5478
17.4847
17.4154
17.341
17.2597
17.1705
17.0736
16.9691
16.857
16.7371
16.6094
16.4738
16.33
16.1782
16.0179
15.849
15.6713
15.4845
15.2882
15.0823
14.866
14.6393
14.4014
14.1522
13.8908
13.6171
13.3299
13.0288
12.7131
12.382
12.0348
11.6704
11.288
10.8864
10.4644
10.0207
9.55405
9.06284
8.54528
7.99981
7.42358
6.81626
6.17117
5.49593
4.76333
4.02639
3.1498
2.43934
1.18338
1.01948
17.5283
17.4651
17.3959
17.3217
17.2406
17.1518
17.0554
16.9516
16.84
16.7208
16.5937
16.4586
16.3155
16.1642
16.0044
15.836
15.6587
15.4723
15.2764
15.0707
14.8547
14.6283
14.3907
14.1417
13.8805
13.6068
13.3198
13.0188
12.7032
12.3723
12.0251
11.6608
11.2784
10.8769
10.4549
10.0114
9.54477
9.05366
8.53621
7.99092
7.41488
6.80775
6.16285
5.48809
4.75576
4.02014
3.14349
2.43695
1.17862
1.02458
17.5096
17.4462
17.3771
17.303
17.2222
17.1338
17.0378
16.9344
16.8235
16.7048
16.5782
16.4438
16.3012
16.1503
15.991
15.8231
15.6462
15.4602
15.2646
15.0593
14.8435
14.6174
14.3799
14.1312
13.8701
13.5966
13.3097
13.0088
12.6934
12.3625
12.0154
11.6512
11.2689
10.8674
10.4456
10.0021
9.53559
9.04459
8.52726
7.98215
7.40632
6.79942
6.1547
5.48043
4.7484
4.0141
3.13738
2.43458
1.17409
1.02944
17.4917
17.4281
17.359
17.285
17.2044
17.1163
17.0207
16.9178
16.8073
16.6892
16.5631
16.4291
16.287
16.1367
15.9778
15.8103
15.6338
15.4482
15.2528
15.0478
14.8324
14.6064
14.3692
14.1206
13.8597
13.5864
13.2997
12.9989
12.6835
12.3528
12.0058
11.6417
11.2594
10.858
10.4363
9.99289
9.52647
9.03558
8.51839
7.97345
7.39785
6.79121
6.1467
5.47291
4.7412
4.00814
3.13148
2.43224
1.16987
1.03369
17.4745
17.4107
17.3416
17.2677
17.1873
17.0994
17.0042
16.9017
16.7916
16.6739
16.5483
16.4148
16.2732
16.1233
15.9648
15.7977
15.6215
15.4362
15.2412
15.0364
14.8212
14.5955
14.3585
14.1101
13.8494
13.5762
13.2896
12.9889
12.6737
12.343
11.9962
11.6321
11.25
10.8487
10.427
9.98374
9.51744
9.02667
8.50962
7.96485
7.38948
6.78313
6.13886
5.46555
4.73417
4.00234
3.12574
2.42988
1.16584
1.03771
17.4582
17.3941
17.3249
17.2511
17.1708
17.0831
16.9882
16.8861
16.7764
16.6591
16.5339
16.4009
16.2596
16.1101
15.952
15.7852
15.6094
15.4244
15.2296
15.0251
14.8102
14.5847
14.3478
14.0996
13.839
13.566
13.2795
12.979
12.6639
12.3333
11.9865
11.6226
11.2406
10.8394
10.4178
9.97462
9.50844
9.01781
8.50091
7.95632
7.38116
6.77513
6.13113
5.45828
4.72725
3.9966
3.12018
2.42752
1.16209
1.04115
17.4426
17.3782
17.3089
17.2353
17.155
17.0675
16.9729
16.871
16.7617
16.6447
16.52
16.3873
16.2464
16.0972
15.9394
15.773
15.5974
15.4127
15.2182
15.0139
14.7992
14.5739
14.3372
14.0891
13.8287
13.5558
13.2694
12.9691
12.654
12.3236
11.9769
11.6131
11.2312
10.8301
10.4086
9.96557
9.49952
9.00903
8.49229
7.94789
7.37294
6.76722
6.12353
5.45114
4.72047
3.991
3.11476
2.42513
1.1585
1.04436
17.4278
17.363
17.2937
17.2201
17.1399
17.0526
16.9581
16.8565
16.7475
16.6309
16.5064
16.374
16.2335
16.0846
15.9272
15.761
15.5857
15.4012
15.2069
15.0028
14.7883
14.5631
14.3266
14.0787
13.8184
13.5457
13.2594
12.9591
12.6442
12.3139
11.9673
11.6036
11.2218
10.8208
10.3995
9.95655
9.49063
9.00029
8.48373
7.93952
7.36479
6.75939
6.11602
5.44409
4.71377
3.98545
3.1095
2.42273
1.15516
1.04703
17.4137
17.3486
17.2793
17.2057
17.1255
17.0383
16.944
16.8427
16.7339
16.6175
16.4933
16.3613
16.221
16.0724
15.9152
15.7493
15.5742
15.3899
15.1958
14.9919
14.7775
14.5525
14.3162
14.0684
13.8082
13.5356
13.2494
12.9493
12.6345
12.3043
11.9578
11.5942
11.2125
10.8116
10.3904
9.94759
9.48182
8.99164
8.47526
7.93125
7.35675
6.75166
6.10863
5.43717
4.70721
3.98002
3.10437
2.4203
1.15198
1.04947
17.4004
17.3349
17.2656
17.192
17.1118
17.0247
16.9306
16.8294
16.7208
16.6047
16.4808
16.3489
16.2089
16.0605
15.9035
15.7378
15.5629
15.3788
15.1849
14.9812
14.7669
14.542
14.3058
14.0581
13.7981
13.5255
13.2395
12.9394
12.6247
12.2946
11.9483
11.5848
11.2032
10.8024
10.3813
9.93867
9.47305
8.98304
8.46684
7.92304
7.34879
6.74401
6.10132
5.43035
4.70076
3.97463
3.0994
2.41787
1.14904
1.05139
17.3877
17.322
17.2526
17.179
17.0988
17.0117
16.9178
16.8167
16.7084
16.5924
16.4687
16.3371
16.1972
16.0491
15.8923
15.7267
15.552
15.368
15.1742
14.9706
14.7565
14.5317
14.2956
14.048
13.788
13.5156
13.2296
12.9297
12.6151
12.2851
11.9388
11.5754
11.1939
10.7933
10.3723
9.92983
9.46436
8.97452
8.45852
7.91494
7.34094
6.73646
6.09412
5.42367
4.69445
3.96937
3.09456
2.41538
1.14627
1.05308
17.3759
17.3098
17.2404
17.1667
17.0866
16.9995
16.9056
16.8047
16.6965
16.5807
16.4572
16.3257
16.186
16.038
15.8814
15.716
15.5414
15.3575
15.1638
14.9603
14.7462
14.5215
14.2855
14.038
13.7781
13.5057
13.2198
12.92
12.6055
12.2756
11.9294
11.5661
11.1847
10.7842
10.3634
9.92103
9.45573
8.96606
8.45026
7.9069
7.33315
6.729
6.08703
5.41708
4.68827
3.96417
3.08989
2.41288
1.14374
1.05426
17.3647
17.2984
17.2289
17.1552
17.075
16.988
16.8942
16.7934
16.6852
16.5696
16.4462
16.3148
16.1753
16.0274
15.8709
15.7056
15.5311
15.3473
15.1537
14.9502
14.7362
14.5116
14.2756
14.0281
13.7683
13.496
13.2102
12.9104
12.5959
12.2661
11.9201
11.5569
11.1756
10.7752
10.3545
9.91232
9.44719
8.9577
8.4421
7.89898
7.32549
6.72167
6.08008
5.41064
4.68228
3.95912
3.08536
2.41032
1.14137
1.0552
17.3542
17.2877
17.2182
17.1445
17.0642
16.9772
16.8834
16.7827
16.6746
16.559
16.4357
16.3045
16.1651
16.0173
15.8608
15.6956
15.5211
15.3374
15.1438
14.9404
14.7264
14.5018
14.2659
14.0184
13.7586
13.4863
13.2006
12.9009
12.5865
12.2568
11.9108
11.5477
11.1666
10.7663
10.3457
9.90368
9.43871
8.94941
8.43402
7.89114
7.31791
6.71443
6.07325
5.40432
4.67641
3.95412
3.081
2.40773
1.13924
1.05562
17.3445
17.2778
17.2082
17.1344
17.0541
16.967
16.8733
16.7726
16.6646
16.5491
16.4259
16.2947
16.1553
16.0076
15.8512
15.686
15.5115
15.3278
15.1343
14.9309
14.7169
14.4923
14.2564
14.0089
13.7492
13.4769
13.1912
12.8915
12.5772
12.2475
11.9017
11.5387
11.1576
10.7575
10.3371
9.89515
9.43034
8.94123
8.42605
7.88341
7.31046
6.70732
6.06654
5.39814
4.67072
3.94925
3.07679
2.40506
1.13728
1.05577
17.3354
17.2686
17.199
17.1251
17.0447
16.9576
16.8639
16.7632
16.6552
16.5398
16.4166
16.2854
16.1461
15.9984
15.842
15.6768
15.5024
15.3186
15.1251
14.9216
14.7076
14.483
14.2471
13.9996
13.7399
13.4676
13.1819
12.8823
12.568
12.2384
11.8926
11.5297
11.1488
10.7487
10.3285
9.8867
9.42206
8.93314
8.41817
7.87578
7.3031
6.7003
6.05992
5.39207
4.66515
3.94443
3.07273
2.40234
1.13558
1.05539
17.327
17.2602
17.1905
17.1166
17.0361
16.949
16.8552
16.7545
16.6465
16.5311
16.4079
16.2767
16.1374
15.9897
15.8333
15.668
15.4936
15.3098
15.1162
14.9127
14.6987
14.474
14.238
13.9906
13.7308
13.4585
13.1728
12.8732
12.559
12.2294
11.8837
11.5209
11.14
10.7401
10.32
9.87836
9.4139
8.92517
8.41042
7.86828
7.29587
6.69342
6.05344
5.38613
4.65975
3.93971
3.06877
2.39951
1.13405
1.05472
17.3194
17.2525
17.1828
17.1087
17.0281
16.941
16.8472
16.7465
16.6384
16.523
16.3997
16.2686
16.1292
15.9815
15.825
15.6597
15.4852
15.3014
15.1077
14.9041
14.69
14.4653
14.2292
13.9817
13.7219
13.4495
13.1639
12.8643
12.5501
12.2206
11.8749
11.5122
11.1314
10.7316
10.3116
9.87013
9.40584
8.9173
8.40277
7.86088
7.28876
6.68663
6.04707
5.38027
4.65446
3.93504
3.06496
2.39665
1.13281
1.05349
17.3124
17.2455
17.1759
17.1017
17.021
16.9337
16.8399
16.7391
16.631
16.5155
16.3922
16.261
16.1216
15.9738
15.8172
15.6519
15.4772
15.2933
15.0995
14.8958
14.6816
14.4568
14.2207
13.9731
13.7132
13.4408
13.1551
12.8555
12.5413
12.2119
11.8662
11.5036
11.1229
10.7232
10.3033
9.86204
9.39792
8.90957
8.39526
7.85362
7.28178
6.67999
6.04085
5.37454
4.64934
3.9305
3.06131
2.39371
1.13183
1.05194
17.3061
17.2394
17.1697
17.0953
17.0145
16.9272
16.8333
16.7324
16.6243
16.5087
16.3853
16.2541
16.1145
15.9666
15.8099
15.6445
15.4697
15.2856
15.0917
14.8879
14.6736
14.4487
14.2124
13.9647
13.7047
13.4323
13.1465
12.8469
12.5327
12.2033
11.8577
11.4952
11.1146
10.715
10.2952
9.85407
9.39011
8.90196
8.38787
7.84648
7.27493
6.67347
6.03474
5.36893
4.64435
3.92603
3.05789
2.39076
1.13124
1.04981
17.3005
17.234
17.1642
17.0898
17.0088
16.9214
16.8274
16.7264
16.6182
16.5025
16.379
16.2476
16.108
15.9599
15.8031
15.6375
15.4626
15.2784
15.0843
14.8804
14.6659
14.4408
14.2044
13.9566
13.6965
13.424
13.1382
12.8385
12.5243
12.1949
11.8494
11.4869
11.1064
10.7069
10.2873
9.84624
9.38246
8.8945
8.38063
7.83948
7.26824
6.6671
6.02877
5.36345
4.63955
3.92171
3.05467
2.38772
1.131
1.04733
17.2956
17.2293
17.1596
17.0849
17.0039
16.9164
16.8223
16.7212
16.6128
16.497
16.3734
16.2418
16.102
15.9538
15.7969
15.6311
15.456
15.2716
15.0773
14.8732
14.6585
14.4333
14.1967
13.9488
13.6886
13.416
13.1301
12.8304
12.5161
12.1867
11.8412
11.4788
11.0983
10.6989
10.2794
9.83855
9.37494
8.88718
8.37352
7.83263
7.26168
6.66086
6.02293
5.35806
4.63485
3.91747
3.05169
2.38466
1.1312
1.04423
17.2914
17.2255
17.1557
17.0809
16.9997
16.9121
16.8178
16.7166
16.6081
16.4921
16.3684
16.2366
16.0966
15.9482
15.7911
15.6251
15.4498
15.2652
15.0707
14.8663
14.6515
14.426
14.1893
13.9412
13.6809
13.4082
13.1222
12.8224
12.5081
12.1787
11.8332
11.4708
11.0905
10.6912
10.2718
9.83103
9.36758
8.88001
8.36658
7.82593
7.25528
6.65478
6.01726
5.35281
4.63032
3.91336
3.0489
2.3815
1.13177
1.04077
17.2879
17.2224
17.1527
17.0776
16.9963
16.9086
16.8141
16.7127
16.6041
16.4879
16.364
16.232
16.0918
15.9432
15.7859
15.6196
15.4441
15.2592
15.0645
14.8599
14.6448
14.4192
14.1823
13.934
13.6735
13.4006
13.1145
12.8147
12.5004
12.1709
11.8254
11.4631
11.0828
10.6836
10.2643
9.82368
9.3604
8.87302
8.3598
7.8194
7.24904
6.64886
6.01175
5.34767
4.62591
3.90932
3.04634
2.37835
1.13276
1.03668
17.2852
17.2201
17.1504
17.0752
16.9937
16.9058
16.8112
16.7096
16.6008
16.4844
16.3602
16.2281
16.0877
15.9388
15.7812
15.6146
15.4389
15.2537
15.0588
14.8539
14.6386
14.4127
14.1756
13.927
13.6664
13.3934
13.1071
12.8072
12.4928
12.1634
11.8178
11.4555
11.0753
10.6762
10.257
9.81653
9.3534
8.86621
8.35321
7.81306
7.24298
6.64312
6.00642
5.34269
4.62168
3.90539
3.04401
2.37503
1.13428
1.03204
17.2833
17.2188
17.149
17.0736
16.9919
16.9039
16.8091
16.7073
16.5982
16.4816
16.3572
16.2248
16.0841
15.9349
15.777
15.6102
15.4342
15.2487
15.0535
14.8483
14.6327
14.4065
14.1692
13.9204
13.6596
13.3864
13.1
12.8
12.4855
12.156
11.8104
11.4481
11.0679
10.6689
10.2498
9.80947
9.3465
8.85949
8.3467
7.80679
7.237
6.63743
6.00116
5.33774
4.61752
3.9013
3.04201
2.37112
1.13698
1.02536
17.2822
17.2181
17.1484
17.0726
16.9908
16.9025
16.8075
16.7054
16.5961
16.4791
16.3544
16.2216
16.0806
15.9311
15.7728
15.6056
15.4292
15.2434
15.0478
14.8423
14.6264
14.3999
14.1622
13.9132
13.6521
13.3787
13.0921
12.792
12.4774
12.1478
11.8022
11.44
11.0598
10.6608
10.2418
9.80164
9.33884
8.85203
8.33948
7.79982
7.23036
6.6311
5.9953
5.33213
4.61291
3.89644
3.03998
2.36559
1.14127
1.01525
17.282
17.2186
17.1488
17.0727
16.9906
16.9021
16.8067
16.7043
16.5946
16.4772
16.3521
16.2189
16.0774
15.9274
15.7687
15.6011
15.4242
15.238
15.042
14.836
14.6197
14.3928
14.1549
13.9055
13.6442
13.3705
13.0837
12.7834
12.4687
12.1391
11.7934
11.4311
11.051
10.6521
10.2332
9.79317
9.33054
8.84394
8.33163
7.79225
7.22313
6.62421
5.98888
5.32603
4.60768
3.89122
3.03707
2.36044
1.14372
1.00667
17.2833
17.2204
17.1506
17.0742
16.9918
16.9029
16.8072
16.7044
16.5942
16.4764
16.3508
16.2172
16.0752
15.9247
15.7655
15.5974
15.42
15.2333
15.0368
14.8305
14.6137
14.3865
14.1481
13.8984
13.6368
13.3628
13.0759
12.7754
12.4605
12.1308
11.7851
11.4228
11.0427
10.6438
10.225
9.78507
9.32261
8.83619
8.32413
7.78501
7.2162
6.61763
5.98273
5.32022
4.6026
3.8863
3.03397
2.35595
1.14496
0.999885
17.2859
17.2236
17.1538
17.077
16.9942
16.905
16.8089
16.7057
16.5951
16.4768
16.3507
16.2164
16.0739
15.9229
15.7632
15.5945
15.4167
15.2294
15.0325
14.8256
14.6085
14.3808
14.142
13.892
13.63
13.3558
13.0686
12.7679
12.4529
12.123
11.7773
11.4149
11.0348
10.636
10.2173
9.77746
9.31514
8.8289
8.31706
7.7782
7.20969
6.61144
5.97695
5.31477
4.5978
3.88167
3.03099
2.35185
1.14594
0.993784
17.2899
17.2281
17.1583
17.0811
16.998
16.9085
16.8119
16.7082
16.597
16.4782
16.3515
16.2167
16.0736
15.922
15.7617
15.5925
15.414
15.2263
15.0288
14.8214
14.6038
14.3757
14.1366
13.8862
13.6239
13.3494
13.0619
12.761
12.4458
12.1158
11.77
11.4076
11.0275
10.6287
10.21
9.77031
9.30813
8.82207
8.31043
7.77182
7.20361
6.60567
5.97157
5.30971
4.59333
3.87738
3.02814
2.348
1.1467
0.988153
17.2953
17.234
17.1642
17.0866
17.0031
16.9132
16.8162
16.7119
16.6002
16.4808
16.3535
16.218
16.0743
15.922
15.7611
15.5912
15.4122
15.2238
15.0258
14.8179
14.5998
14.3712
14.1317
13.8809
13.6183
13.3435
13.0557
12.7546
12.4393
12.1092
11.7632
11.4008
11.0206
10.6218
10.2033
9.76363
9.30157
8.81568
8.30424
7.76587
7.19793
6.60029
5.96656
5.305
4.58915
3.87339
3.02543
2.34448
1.14733
0.98295
17.3023
17.2414
17.1715
17.0935
17.0096
16.9192
16.8217
16.7169
16.6045
16.4845
16.3564
16.2203
16.0759
15.9229
15.7613
15.5907
15.4111
15.2221
15.0235
14.8151
14.5965
14.3674
14.1274
13.8762
13.6132
13.3381
13.0501
12.7488
12.4333
12.103
11.7569
11.3944
11.0143
10.6155
10.197
9.75741
9.29547
8.80973
8.29849
7.76034
7.19267
6.59533
5.96195
5.30069
4.5853
3.86974
3.02289
2.34122
1.14772
0.978117
17.3109
17.2503
17.1803
17.1019
17.0176
16.9267
16.8286
16.7231
16.6101
16.4893
16.3605
16.2236
16.0784
15.9247
15.7623
15.5911
15.4107
15.2211
15.0219
14.8129
14.5937
14.3642
14.1237
13.8721
13.6088
13.3333
13.045
12.7435
12.4278
12.0974
11.7512
11.3886
11.0084
10.6096
10.1911
9.75167
9.28983
8.80423
8.29317
7.75524
7.18783
6.59076
5.95771
5.29674
4.58177
3.8664
3.02052
2.33825
1.14802
0.973665
17.321
17.2608
17.1906
17.1118
17.027
16.9356
16.8368
16.7306
16.6169
16.4953
16.3657
16.228
16.082
15.9274
15.7642
15.5922
15.4111
15.2208
15.0209
14.8113
14.5916
14.3615
14.1206
13.8686
13.6049
13.3291
13.0405
12.7387
12.4228
12.0922
11.746
11.3833
11.0031
10.6043
10.1858
9.74639
9.28465
8.79919
8.28829
7.75057
7.1834
6.58661
5.95386
5.29319
4.57859
3.8634
3.01832
2.33553
1.14814
0.969469
17.3329
17.2728
17.2025
17.1232
17.0379
16.9459
16.8465
16.7395
16.6249
16.5025
16.372
16.2334
16.0865
15.9311
15.767
15.5942
15.4123
15.2212
15.0207
14.8104
14.5901
14.3595
14.1181
13.8656
13.6015
13.3254
13.0365
12.7345
12.4184
12.0876
11.7412
11.3785
10.9982
10.5994
10.1809
9.74158
9.27994
8.79459
8.28386
7.74634
7.17941
6.58287
5.95041
5.29001
4.57573
3.86073
3.0163
2.3331
1.14821
0.965604
17.3466
17.2866
17.2159
17.1362
17.0504
16.9577
16.8575
16.7497
16.6342
16.5109
16.3794
16.2398
16.0919
15.9356
15.7706
15.5969
15.4142
15.2224
15.0211
14.8102
14.5892
14.358
14.1161
13.8632
13.5987
13.3222
13.0331
12.7308
12.4145
12.0836
11.737
11.3742
10.9939
10.595
10.1766
9.73725
9.27568
8.79045
8.27988
7.74254
7.17584
6.57955
5.94736
5.28723
4.57323
3.85841
3.01446
2.33089
1.14811
0.961908
17.3621
17.302
17.2311
17.1509
17.0644
16.971
16.87
16.7613
16.6449
16.5205
16.388
16.2474
16.0984
15.9411
15.7751
15.6005
15.4169
15.2242
15.0222
14.8105
14.589
14.3572
14.1148
13.8614
13.5965
13.3197
13.0302
12.7276
12.4111
12.08
11.7334
11.3704
10.99
10.5911
10.1727
9.73339
9.2719
8.78677
8.27634
7.73919
7.17269
6.57665
5.94471
5.28483
4.57107
3.85642
3.01283
2.32897
1.14798
0.958522
17.3795
17.3191
17.2479
17.1672
17.0801
16.9859
16.884
16.7743
16.6568
16.5313
16.3977
16.2559
16.1059
15.9474
15.7804
15.6048
15.4203
15.2268
15.0239
14.8115
14.5893
14.3569
14.114
13.8601
13.5948
13.3176
13.0278
12.725
12.4083
12.077
11.7302
11.3671
10.9866
10.5877
10.1692
9.73001
9.26857
8.78355
8.27325
7.73628
7.16998
6.57418
5.94247
5.28283
4.56927
3.8548
3.01141
2.32727
1.14768
0.955241
17.3988
17.3382
17.2665
17.1853
17.0975
17.0024
16.8995
16.7888
16.6701
16.5434
16.4086
16.2656
16.1143
15.9547
15.7866
15.6099
15.4245
15.23
15.0263
14.8132
14.5903
14.3573
14.1138
13.8594
13.5937
13.3161
13.026
12.7229
12.4059
12.0745
11.7275
11.3644
10.9838
10.5848
10.1663
9.7271
9.26571
8.78078
8.27061
7.7338
7.1677
6.57213
5.94063
5.28124
4.56782
3.85353
3.01021
2.32585
1.14735
0.952261
17.4203
17.3591
17.2869
17.2052
17.1166
17.0205
16.9166
16.8047
16.6847
16.5567
16.4206
16.2763
16.1238
15.9629
15.7937
15.6159
15.4294
15.234
15.0294
14.8155
14.5918
14.3582
14.1141
13.8593
13.5931
13.3151
13.0247
12.7213
12.4041
12.0725
11.7254
11.3621
10.9814
10.5823
10.1639
9.72466
9.26332
8.77846
8.26842
7.73177
7.16586
6.57051
5.93922
5.28007
4.56675
3.85263
3.00923
2.32467
1.14686
0.949341
17.4438
17.3819
17.3092
17.2269
17.1374
17.0404
16.9353
16.8221
16.7008
16.5714
16.4338
16.2881
16.1342
15.9721
15.8016
15.6226
15.435
15.2386
15.0331
14.8184
14.594
14.3597
14.1151
13.8597
13.593
13.3147
13.024
12.7203
12.4029
12.071
11.7237
11.3603
10.9795
10.5804
10.1619
9.72269
9.26138
8.7766
8.26667
7.73019
7.16446
6.56933
5.93822
5.27931
4.56605
3.85209
3.00848
2.32377
1.14636
0.946743
17.4696
17.4068
17.3335
17.2505
17.1601
17.0619
16.9555
16.8409
16.7181
16.5872
16.4482
16.301
16.1456
15.9821
15.8103
15.6301
15.4414
15.2439
15.0375
14.8219
14.5968
14.3618
14.1165
13.8606
13.5935
13.3148
13.0237
12.7198
12.4021
12.07
11.7226
11.359
10.9781
10.5789
10.1604
9.72118
9.2599
8.77518
8.26537
7.72905
7.16349
6.56859
5.93766
5.279
4.56574
3.85195
3.00798
2.32316
1.14573
0.944186
17.4977
17.4338
17.3597
17.2761
17.1847
17.0852
16.9774
16.8613
16.7369
16.6044
16.4637
16.3149
16.158
15.993
15.8198
15.6384
15.4485
15.25
15.0426
14.8261
14.6001
14.3645
14.1186
13.8621
13.5946
13.3154
13.024
12.7198
12.4018
12.0696
11.722
11.3583
10.9772
10.5779
10.1593
9.72015
9.25888
8.77423
8.26452
7.72836
7.16298
6.5683
5.93755
5.27914
4.56582
3.85219
3.00774
2.32289
1.14514
0.941989
17.5281
17.4629
17.388
17.3037
17.2111
17.1103
17.0009
16.8832
16.7571
16.6228
16.4804
16.3299
16.1714
16.0049
15.8302
15.6474
15.4563
15.2566
15.0482
14.8308
14.6041
14.3677
14.1212
13.8642
13.5961
13.3166
13.0248
12.7203
12.4021
12.0696
11.7218
11.358
10.9768
10.5774
10.1587
9.71957
9.25831
8.77372
8.26413
7.72813
7.16293
6.56848
5.93789
5.27973
4.5663
3.85284
3.0078
2.32297
1.1445
0.93984
17.5609
17.4943
17.4183
17.3333
17.2395
17.1371
17.0262
16.9066
16.7787
16.6425
16.4983
16.346
16.1857
16.0176
15.8414
15.6572
15.4648
15.264
15.0545
14.8362
14.6086
14.3715
14.1243
13.8667
13.5982
13.3182
13.0261
12.7213
12.4028
12.0701
11.7221
11.3581
10.9768
10.5773
10.1586
9.71945
9.2582
8.77367
8.26419
7.72837
7.16334
6.56913
5.93871
5.2808
4.5672
3.85394
3.00818
2.32347
1.14396
0.93813
17.5963
17.5279
17.4509
17.365
17.2699
17.1658
17.0531
16.9316
16.8017
16.6635
16.5172
16.3631
16.201
16.0311
15.8534
15.6677
15.474
15.272
15.0614
14.8421
14.6137
14.3758
14.1279
13.8698
13.6008
13.3204
13.0279
12.7227
12.404
12.0711
11.723
11.3588
10.9773
10.5776
10.159
9.71978
9.25853
8.77408
8.2647
7.72906
7.16422
6.57026
5.94
5.28235
4.56856
3.85554
3.00896
2.32444
1.14344
0.936504
17.6342
17.564
17.4857
17.3989
17.3023
17.1964
17.0817
16.9581
16.826
16.6857
16.5374
16.3811
16.2172
16.0455
15.8661
15.679
15.4838
15.2806
15.069
14.8487
14.6193
14.3806
14.1321
13.8734
13.6038
13.323
13.0302
12.7247
12.4058
12.0726
11.7242
11.3599
10.9782
10.5784
10.1598
9.72057
9.25932
8.77494
8.26568
7.73023
7.16558
6.57189
5.94181
5.28442
4.5704
3.85769
3.01019
2.32595
1.14308
0.935404
17.6748
17.6025
17.5227
17.435
17.3368
17.2288
17.1119
16.9861
16.8517
16.7091
16.5585
16.4002
16.2342
16.0607
15.8796
15.6909
15.4943
15.2898
15.077
14.8557
14.6255
14.386
14.1368
13.8775
13.6074
13.3262
13.0329
12.7272
12.408
12.0745
11.726
11.3615
10.9796
10.5797
10.161
9.72178
9.26055
8.77626
8.26713
7.73189
7.16747
6.57406
5.94417
5.28705
4.57279
3.86048
3.01192
2.32809
1.14278
0.934446
17.7182
17.6435
17.5621
17.4733
17.3733
17.2632
17.1439
17.0157
16.8788
16.7337
16.5808
16.4202
16.2522
16.0767
15.8938
15.7035
15.5055
15.2997
15.0857
14.8634
14.6322
14.3919
14.142
13.882
13.6115
13.3298
13.0362
12.7301
12.4106
12.0769
11.7282
11.3635
10.9814
10.5814
10.1626
9.72344
9.26225
8.77808
8.26912
7.73413
7.16997
6.57686
5.94717
5.29033
4.57582
3.86398
3.01421
2.33088
1.14267
0.934153
17.7644
17.6872
17.6039
17.5139
17.4119
17.2994
17.1775
17.0467
16.9071
16.7595
16.604
16.4411
16.2709
16.0934
15.9087
15.7167
15.5172
15.31
15.0949
14.8715
14.6394
14.3983
14.1476
13.8871
13.616
13.3339
13.0399
12.7335
12.4137
12.0798
11.7309
11.3659
10.9836
10.5835
10.1648
9.72557
9.26452
8.78051
8.27177
7.73709
7.17322
6.58041
5.95093
5.29437
4.57958
3.86827
3.01712
2.33441
1.14264
0.934101
17.8136
17.7336
17.6482
17.5568
17.4527
17.3375
17.2128
17.0791
16.9367
16.7863
16.6283
16.4629
16.2904
16.1108
15.9242
15.7305
15.5294
15.3209
15.1046
14.8801
14.6471
14.4051
14.1538
13.8926
13.621
13.3384
13.044
12.7374
12.4173
12.0831
11.734
11.3689
10.9863
10.5861
10.1674
9.72832
9.2675
8.78371
8.27525
7.74089
7.17732
6.5848
5.95553
5.29926
4.58417
3.87339
3.02068
2.33872
1.14282
0.934898
17.8658
17.7827
17.6951
17.6021
17.4956
17.3774
17.2498
17.113
16.9675
16.8142
16.6534
16.4855
16.3106
16.1289
15.9403
15.7448
15.5422
15.3323
15.1148
14.8892
14.6552
14.4124
14.1603
13.8985
13.6264
13.3434
13.0487
12.7417
12.4214
12.087
11.7377
11.3723
10.9896
10.5893
10.1708
9.73183
9.27131
8.78778
8.27957
7.74557
7.18227
6.59002
5.96099
5.30503
4.58958
3.87939
3.02493
2.34391
1.14308
0.936071
17.9213
17.8349
17.7446
17.6498
17.5407
17.4192
17.2883
17.1482
16.9995
16.843
16.6793
16.5087
16.3314
16.1475
15.9569
15.7597
15.5555
15.3442
15.1255
14.8988
14.6638
14.4201
14.1674
13.905
13.6324
13.3489
13.0538
12.7466
12.4261
12.0913
11.7419
11.3764
10.9935
10.5933
10.1748
9.73617
9.27601
8.79273
8.28477
7.75113
7.18801
6.5961
5.96731
5.31168
4.59584
3.88628
3.02986
2.35001
1.14354
0.938343
17.98
17.89
17.7969
17.7
17.5879
17.4629
17.3283
17.1847
17.0325
16.8727
16.706
16.5326
16.3528
16.1666
15.974
15.775
15.5692
15.3565
15.1366
14.9088
14.6728
14.4283
14.1749
13.9119
13.6388
13.3549
13.0595
12.7521
12.4313
12.0963
11.7468
11.3811
10.9982
10.5981
10.1797
9.74138
9.2816
8.79852
8.29081
7.7575
7.1945
6.60303
5.97442
5.31916
4.60288
3.89405
3.03548
2.35717
1.144
0.941238
18.0423
17.9483
17.852
17.7528
17.6373
17.5083
17.3698
17.2223
17.0664
16.9032
16.7333
16.5571
16.3747
16.1862
15.9916
15.7907
15.5833
15.3692
15.148
14.9191
14.6822
14.437
14.1829
13.9193
13.6457
13.3615
13.0658
12.7581
12.437
12.1019
11.7523
11.3865
11.0037
10.6038
10.1855
9.74749
9.28805
8.80516
8.29767
7.76462
7.20176
6.61081
5.98225
5.32745
4.61063
3.90278
3.0417
2.36564
1.14421
0.946201
18.1058
18.007
17.9076
17.8059
17.6866
17.5534
17.4108
17.2593
17.0996
16.933
16.76
16.581
16.3961
16.2054
16.0087
15.8061
15.5972
15.3818
15.1594
14.9294
14.6917
14.4457
14.191
13.9269
13.6528
13.3683
13.0723
12.7645
12.4432
12.1078
11.7582
11.3924
11.0097
10.6099
10.1918
9.75422
9.29508
8.81238
8.30508
7.77223
7.20957
6.6191
5.99046
5.33626
4.61879
3.91222
3.0482
2.3755
1.14366
0.952993
18.1684
18.0647
17.9622
17.8576
17.7344
17.5969
17.4501
17.2946
17.1313
16.9613
16.7852
16.6036
16.4164
16.2235
16.025
15.8207
15.6104
15.3938
15.1703
14.9394
14.7009
14.4543
14.199
13.9344
13.66
13.3752
13.079
12.7709
12.4495
12.114
11.7644
11.3986
11.0161
10.6165
10.1986
9.7613
9.30239
8.81991
8.31278
7.78013
7.2177
6.62758
5.99885
5.34531
4.62723
3.92194
3.05512
2.38565
1.14381
0.9604
18.2311
18.1224
18.0165
17.9088
17.7814
17.6395
17.4884
17.3289
17.1619
16.9886
16.8095
16.6253
16.4358
16.241
16.0407
15.8349
15.6233
15.4054
15.1809
14.9491
14.71
14.4629
14.2071
13.942
13.6672
13.3822
13.0857
12.7775
12.4559
12.1204
11.7707
11.4051
11.0228
10.6233
10.2057
9.76867
9.30997
8.82772
8.32079
7.78837
7.22615
6.6363
6.00749
5.35467
4.63602
3.93203
3.06255
2.39617
1.14468
0.967327
18.294
18.1801
18.0704
17.9594
17.8275
17.681
17.5256
17.362
17.1914
17.0147
16.8329
16.6462
16.4545
16.2577
16.0558
15.8486
15.6357
15.4167
15.1912
14.9587
14.719
14.4713
14.2151
13.9496
13.6745
13.3892
13.0926
12.7841
12.4624
12.1269
11.7773
11.4117
11.0297
10.6305
10.2131
9.77623
9.3177
8.83571
8.32904
7.79687
7.23484
6.64522
6.01637
5.36425
4.64512
3.94239
3.07038
2.40691
1.1463
0.974599
18.357
18.2376
18.1239
18.0092
17.8725
17.7213
17.5615
17.3938
17.2196
17.0398
16.8552
16.6661
16.4723
16.2737
16.0703
15.8617
15.6476
15.4277
15.2012
14.9681
14.7278
14.4797
14.223
13.9571
13.6817
13.3963
13.0994
12.7908
12.469
12.1336
11.7839
11.4185
11.0367
10.6378
10.2206
9.7839
9.32555
8.84386
8.33747
7.80555
7.24373
6.65432
6.02544
5.37398
4.65445
3.95293
3.07855
2.41786
1.14851
0.981307
18.4202
18.2949
18.1767
18.058
17.9164
17.7603
17.596
17.4244
17.2466
17.0637
16.8765
16.685
16.4892
16.289
16.0841
15.8743
15.6591
15.4382
15.2109
14.9772
14.7365
14.4879
14.2308
13.9646
13.6889
13.4034
13.1063
12.7975
12.4757
12.1403
11.7907
11.4254
11.0439
10.6453
10.2283
9.79165
9.33347
8.85213
8.34604
7.81438
7.25278
6.66355
6.03464
5.38381
4.66393
3.96358
3.08701
2.42884
1.15147
0.988178
18.4835
18.3519
18.2287
18.1058
17.9591
17.7979
17.6291
17.4536
17.2723
17.0865
16.8968
16.703
16.5053
16.3035
16.0973
15.8863
15.6701
15.4483
15.2204
14.9861
14.745
14.4959
14.2384
13.972
13.696
13.4103
13.1132
12.8043
12.4825
12.1472
11.7975
11.4323
11.0512
10.6528
10.236
9.79945
9.34148
8.8605
8.3547
7.82332
7.26193
6.67287
6.04392
5.39369
4.67353
3.97431
3.0957
2.43987
1.15506
0.99435
18.5471
18.4086
18.2799
18.1525
18.0004
17.834
17.6608
17.4814
17.2968
17.1082
16.9159
16.7201
16.5206
16.3173
16.1099
15.8978
15.6807
15.458
15.2296
14.9948
14.7532
14.5038
14.246
13.9793
13.7031
13.4172
13.12
12.811
12.4893
12.154
11.8043
11.4393
11.0585
10.6604
10.2437
9.80731
9.34956
8.86893
8.36343
7.8323
7.27112
6.68223
6.05327
5.4036
4.68321
3.98506
3.10458
2.45084
1.15936
1.00057
18.611
18.465
18.3301
18.198
18.0404
17.8687
17.6911
17.5079
17.3201
17.1287
16.9341
16.7362
16.5351
16.3304
16.1218
15.9088
15.6908
15.4674
15.2384
15.0032
14.7612
14.5114
14.2533
13.9864
13.71
13.4241
13.1268
12.8178
12.4961
12.1609
11.8112
11.4463
11.0658
10.668
10.2515
9.81522
9.35771
8.87738
8.37218
7.8413
7.28031
6.69162
6.06264
5.41351
4.69296
3.99577
3.11363
2.46177
1.16423
1.00608
18.6755
18.521
18.3792
18.2422
18.079
17.9019
17.7199
17.5331
17.3421
17.148
16.9512
16.7515
16.5488
16.3428
16.1332
15.9192
15.7004
15.4765
15.247
15.0113
14.7689
14.5188
14.2605
13.9934
13.7168
13.4308
13.1335
12.8246
12.5029
12.1678
11.8181
11.4534
11.0731
10.6756
10.2592
9.82316
9.36587
8.88582
8.38093
7.85028
7.28947
6.70098
6.07203
5.42337
4.70271
4.00641
3.12279
2.47255
1.1697
1.01159
18.7407
18.5765
18.427
18.285
18.1161
17.9336
17.7472
17.5568
17.3628
17.1662
16.9673
16.7659
16.5618
16.3546
16.144
15.9292
15.7097
15.4852
15.2553
15.0192
14.7764
14.526
14.2675
14.0003
13.7236
13.4375
13.1402
12.8313
12.5097
12.1747
11.825
11.4604
11.0805
10.6832
10.267
9.83112
9.37404
8.89425
8.38965
7.85923
7.29858
6.7103
6.08141
5.43316
4.71245
4.01692
3.13205
2.4832
1.17566
1.01645
18.8067
18.6315
18.4734
18.3264
18.1517
17.9637
17.773
17.5792
17.3823
17.1834
16.9826
16.7795
16.5741
16.3659
16.1542
15.9387
15.7187
15.4937
15.2634
15.0269
14.7837
14.533
14.2743
14.0071
13.7303
13.4441
13.1469
12.838
12.5164
12.1815
11.8318
11.4674
11.0878
10.6908
10.2748
9.83904
9.38216
8.90263
8.39831
7.86809
7.30758
6.71954
6.09075
5.44284
4.72214
4.02727
3.14132
2.49361
1.18211
1.02132
18.8736
18.6859
18.5182
18.3662
18.1857
17.9923
17.7974
17.6002
17.4007
17.1996
16.9969
16.7924
16.5858
16.3765
16.164
15.9478
15.7273
15.5019
15.2711
15.0343
14.7908
14.5398
14.281
14.0138
13.737
13.4507
13.1535
12.8446
12.5231
12.1882
11.8387
11.4744
11.095
10.6983
10.2825
9.84689
9.39022
8.91093
8.40686
7.87683
7.31647
6.72871
6.10003
5.45242
4.73174
4.03741
3.15059
2.5038
1.18896
1.02564
18.9415
18.7395
18.5613
18.4044
18.2181
18.0194
17.8204
17.6201
17.418
17.2148
17.0104
16.8046
16.5968
16.3867
16.1734
15.9566
15.7355
15.5097
15.2786
15.0415
14.7977
14.5465
14.2876
14.0203
13.7436
13.4573
13.16
12.8512
12.5296
12.1948
11.8454
11.4814
11.1021
10.7057
10.29
9.85462
9.39813
8.9191
8.41526
7.8854
7.32522
6.73775
6.10918
5.46184
4.74119
4.04729
3.15979
2.51371
1.1962
1.02999
19.0105
18.7922
18.6026
18.4409
18.2489
18.0448
17.842
17.6387
17.4342
17.229
17.0232
16.8161
16.6073
16.3963
16.1824
15.965
15.7435
15.5173
15.2859
15.0485
14.8044
14.5531
14.2941
14.0269
13.7502
13.4637
13.1664
12.8575
12.536
12.2013
11.8521
11.4883
11.1092
10.7129
10.2974
9.8622
9.4059
8.92713
8.42347
7.8938
7.33381
6.74665
6.11818
5.47108
4.75046
4.05691
3.16893
2.52337
1.20373
1.03389
19.0807
18.8439
18.6419
18.4757
18.278
18.0688
17.8623
17.6562
17.4494
17.2425
17.0352
16.827
16.6173
16.4055
16.1909
15.9731
15.7512
15.5247
15.2929
15.0553
14.811
14.5596
14.3005
14.0333
13.7566
13.4701
13.1727
12.8638
12.5422
12.2077
11.8587
11.4951
11.1161
10.72
10.3046
9.86959
9.41349
8.93495
8.43147
7.90199
7.3422
6.75532
6.12697
5.48006
4.75948
4.06622
3.17792
2.53269
1.21151
1.03782
19.1519
18.8945
18.6791
18.5086
18.3055
18.0912
17.8812
17.6725
17.4637
17.2551
17.0466
16.8374
16.6268
16.4143
16.1992
15.9809
15.7586
15.5318
15.2998
15.062
14.8175
14.566
14.3069
14.0396
13.7629
13.4763
13.1788
12.8699
12.5483
12.214
11.8651
11.5018
11.1229
10.7268
10.3116
9.87677
9.42087
8.94258
8.43924
7.90996
7.35038
6.76376
6.1355
5.48875
4.76822
4.07522
3.18674
2.5417
1.21942
1.04141
19.2241
18.9438
18.7141
18.5397
18.3314
18.1122
17.8989
17.6878
17.4771
17.267
17.0573
16.8472
16.6359
16.4228
16.2072
15.9884
15.7658
15.5387
15.3065
15.0685
14.8239
14.5724
14.3131
14.0458
13.769
13.4823
13.1847
12.8758
12.5543
12.2201
11.8714
11.5083
11.1295
10.7335
10.3184
9.88372
9.42801
8.94994
8.44675
7.91766
7.35829
6.7719
6.14372
5.4971
4.77665
4.08385
3.1953
2.55032
1.2274
1.045
19.2972
18.9916
18.7469
18.5688
18.3556
18.1318
17.9154
17.7022
17.4897
17.2783
17.0676
16.8566
16.6446
16.431
16.2149
15.9957
15.7728
15.5455
15.313
15.0749
14.8302
14.5786
14.3193
14.0519
13.775
13.4882
13.1905
12.8816
12.5602
12.226
11.8775
11.5147
11.1359
10.7399
10.3249
9.89041
9.43488
8.95703
8.45398
7.92508
7.36591
6.7797
6.1516
5.50508
4.78472
4.09211
3.20357
2.55856
1.23535
1.04834
19.3707
19.0377
18.7773
18.5959
18.3782
18.15
17.9308
17.7157
17.5016
17.2891
17.0774
16.8657
16.6531
16.4389
16.2224
16.0029
15.7796
15.552
15.3194
15.0811
14.8363
14.5847
14.3253
14.0578
13.7808
13.4939
13.1961
12.8871
12.5658
12.2318
11.8834
11.5208
11.142
10.746
10.3311
9.89678
9.44142
8.96377
8.46088
7.93217
7.3732
6.78711
6.15908
5.51266
4.79239
4.09994
3.21146
2.56636
1.24316
1.05165
19.4442
19.0819
18.8054
18.6211
18.3992
18.1669
17.9452
17.7284
17.513
17.2993
17.0868
16.8744
16.6612
16.4466
16.2296
16.0098
15.7862
15.5584
15.3255
15.0871
14.8422
14.5905
14.3311
14.0635
13.7864
13.4993
13.2015
12.8925
12.5713
12.2373
11.8891
11.5266
11.1478
10.7519
10.337
9.90282
9.44761
8.97015
8.46742
7.9389
7.3801
6.79411
6.16614
5.51982
4.79964
4.10733
3.21894
2.57373
1.25074
1.05478
19.5172
19.1239
18.8312
18.6442
18.4189
18.1828
17.9589
17.7405
17.5238
17.3091
17.0958
16.8828
16.6691
16.454
16.2366
16.0164
15.7926
15.5646
15.3315
15.0929
14.8479
14.5962
14.3366
14.0689
13.7917
13.5045
13.2067
12.8976
12.5765
12.2426
11.8944
11.5321
11.1533
10.7574
10.3426
9.90848
9.4534
8.97611
8.47354
7.9452
7.38658
6.80067
6.17275
5.52651
4.80641
4.11424
3.22595
2.58063
1.25798
1.05787
19.5889
19.1635
18.8547
18.6655
18.4372
18.1978
17.9718
17.752
17.5342
17.3185
17.1045
16.8908
16.6766
16.461
16.2433
16.0228
15.7987
15.5704
15.3371
15.0984
14.8533
14.6015
14.3418
14.074
13.7966
13.5094
13.2115
12.9025
12.5814
12.2476
11.8995
11.5372
11.1584
10.7625
10.3477
9.91374
9.45878
8.98165
8.47922
7.95104
7.3926
6.80678
6.17889
5.53273
4.81271
4.12066
3.23248
2.58709
1.26483
1.06088
19.6582
19.2007
18.8761
18.6851
18.4545
18.2121
17.9841
17.763
17.5441
17.3275
17.1127
16.8985
16.6837
16.4677
16.2496
16.0288
15.8044
15.5759
15.3424
15.1036
14.8583
14.6065
14.3467
14.0787
13.8013
13.5139
13.216
12.907
12.586
12.2522
11.9041
11.5419
11.1632
10.7673
10.3525
9.91858
9.46373
8.98673
8.48445
7.9564
7.39813
6.81242
6.18456
5.53846
4.81852
4.1266
3.23852
2.5931
1.27122
1.06392
19.724
19.2355
18.8959
18.7034
18.4709
18.2257
17.9959
17.7735
17.5535
17.336
17.1205
16.9056
16.6903
16.4739
16.2555
16.0343
15.8097
15.581
15.3473
15.1083
14.8629
14.611
14.3511
14.083
13.8055
13.5181
13.2202
12.9112
12.5902
12.2564
11.9084
11.5462
11.1675
10.7716
10.3569
9.92302
9.46826
8.99138
8.48923
7.9613
7.40319
6.81759
6.18977
5.54373
4.82387
4.13206
3.24408
2.59872
1.27718
1.06707
19.7849
19.2683
18.9146
18.7209
18.4868
18.2388
18.007
17.7833
17.5622
17.3438
17.1275
16.9121
16.6963
16.4795
16.2607
16.0393
15.8144
15.5855
15.3516
15.1125
14.867
14.615
14.3551
14.0869
13.8093
13.5219
13.2239
12.915
12.594
12.2603
11.9123
11.5501
11.1714
10.7755
10.3608
9.92705
9.47237
8.9956
8.49359
7.96576
7.40779
6.8223
6.19454
5.54854
4.82877
4.13706
3.2492
2.60396
1.2827
1.07041
19.8397
19.3003
18.9332
18.7376
18.5018
18.2508
18.017
17.792
17.5699
17.3506
17.1337
16.9177
16.7015
16.4843
16.2652
16.0436
15.8185
15.5894
15.3554
15.1162
14.8706
14.6185
14.3585
14.0904
13.8127
13.5252
13.2273
12.9184
12.5974
12.2637
11.9158
11.5536
11.175
10.7791
10.3644
9.93072
9.47612
8.99945
8.49755
7.96981
7.41196
6.82659
6.19889
5.55293
4.83328
4.14166
3.25395
2.60886
1.28783
1.07412
19.8877
19.3328
18.9517
18.7527
18.5148
18.2611
18.0254
17.7992
17.5762
17.3562
17.1387
16.9223
16.7057
16.4883
16.269
16.0472
15.8219
15.5927
15.3587
15.1194
14.8737
14.6216
14.3616
14.0934
13.8157
13.5283
13.2303
12.9215
12.6005
12.2669
11.919
11.5569
11.1783
10.7824
10.3678
9.93416
9.47964
9.00305
8.50126
7.97361
7.41587
6.8306
6.20298
5.55707
4.83755
4.14601
3.25849
2.61361
1.29269
1.07846
19.9258
19.3628
18.968
18.7643
18.5247
18.269
18.0318
17.8048
17.5811
17.3607
17.1428
16.9261
16.7094
16.4918
16.2723
16.0504
15.825
15.5958
15.3617
15.1224
14.8767
14.6246
14.3646
14.0964
13.8188
13.5313
13.2334
12.9245
12.6036
12.2701
11.9222
11.5601
11.1816
10.7858
10.3712
9.93764
9.4832
9.00669
8.50499
7.97742
7.41978
6.83461
6.20707
5.56124
4.84183
4.15045
3.26303
2.61858
1.29738
1.08376
19.9471
19.3818
18.9785
18.7712
18.5308
18.2741
18.0362
17.8088
17.5848
17.3641
17.146
16.9292
16.7123
16.4947
16.2751
16.0532
15.8278
15.5986
15.3644
15.1251
14.8794
14.6273
14.3673
14.0991
13.8215
13.534
13.2361
12.9273
12.6064
12.2729
11.9251
11.5631
11.1845
10.7888
10.3743
9.94076
9.48638
9.00994
8.50831
7.98081
7.42324
6.83816
6.21068
5.56496
4.84559
4.15446
3.26692
2.6232
1.30117
1.08913
)
;

boundaryField
{
    inlet
    {
        type            zeroGradient;
    }
    outlet
    {
        type            fixedValue;
        value           uniform 0;
    }
    upperWall
    {
        type            zeroGradient;
    }
    lowerWall
    {
        type            zeroGradient;
    }
    frontAndBack
    {
        type            empty;
    }
}


// ************************************************************************* //
